20261004일 1100011국6 0 6  5 0 3강 3351           1 1와일드캐비어                            한암 2       1    010:35 24750국6토니  최상일   1 0 1 1 1 0 1 0 0 0  0이동하   53.091평무보85 99 9993  .072.058.0325415295815202620 02619252419      ↗↘선14.236.837.413.19999                                14.20   13.40        NN동       10 0         1.0     0 0일반주행전개최상70기 0 1                            14.2    13.4        .0                       2 2 2 2  1                                            12.24284 3 8 8 3▲ 1.637.40 -.25     62.3226.4045.3958.00375570 9.8219.4728.92 1
20261004일 1100011국6 0 6  5 0 3강 3351           1 2클로버삭스                              한암 2       1    010:35 24750국6강성오김창식   1 0 1 1 1 0 1 0 0 0  0이혁     53.080평무보68 71 7156  .046.020.92258 82554112224271627 8282118      ↗↘선14.537.238.313.58710                                14.50   13.80        NN동       10 0         2.0     0 0일반주행보통주행57기 0 2                            14.5    13.8        .0                       710 8 8  1                                            12.11637-1 4 5-1▽ -.438.30  .14     63.04 5.2811.8920.92 41121 9.8219.4728.92 2
20261004일 1100011국6 0 6  5 0 3강 3351           1 3엑설런트파워                            한암 2       1    010:35 24750국6함완식박준배   1 0 1 1 1 0 1 0 0 0  0김태훈   53.072평무보55 71 7148  .036.011.61856 721521015 012142011122521      ↗→입14.337.437.812.67149                                14.30   12.90        NN동       10 0         5.0     0 0일반주행보통주행 1   0 3                            14.3    12.9        .0                       8 6 7 9  1                                            12.11521-2 2 3-2▽-1.037.80  .55     62.87 1.72 5.3211.60 1 4 8 9.8219.4728.92 3
20261004일 1100011국6 0 6  5 0 3강 3351           1 4금빛올하트      레볼루셔빛의여왕 2327.00한암 2 0 0   1    010:35 24750국6김동균정영광  -3 0 2 1 2 1 1 0 0 1  0안드레   53.077하무보50 27 27 8 8.031.0 5.12339 51751 620 0 0 019 83528 4      →↘선14.338.538.213.2 210                    0  0  0 0   14.30   13.50 8 -3  1HN동       1010-1.010.0 9.0 6 610 0배당마주배당마주28관 0 4                            14.3    13.5        .0                      11 81011  1                                              .02313-4 1 5-4▼-1.738.20 -.02     63.70  .50 2.20 5.08 1 3 6 1.79 5.3110.8411
20260808토 1100010국641 5 45 1 1강 1151맑음건조 2 1 4금빛올하트      레볼루셔빛의여왕 2327.00한암 2     1 1  153      24750국6김동균정영광  -3 1 1 1 1 1 1 0 0 0  0송재철45152.576평무보41 25 2520  .028.0 5.71745 81751 620 016 019 8192520      →→입14.537.538.313.064 439.539.9 65.3 66.2              14.50   13.30 4  0  0LN동       10 0         7.0     0 0숨은복병배당마주37기 0 710    101010⑨1:05.33    3.514.339.413.5 -1 14  .00 910  0 5.298979498 7 7 7 9 90 1 2.03 1.08 2.3 3.2  3.1    9.7   16.2   16.8  .02014-3 1 3-3▼-1.738.30  .42-9.5963.20  .50 2.41 5.70 2 510 7.5316.2434.57 7
20261004일 1100011국6 0 6  5 0 3강 3351           1 5벨로체                                  한암 2       1    010:35 24750국6서인석이중연  -2 0 1 1 1 0 1 0 0 0  0서승운   53.087평무보65 95 9575  .052.023.42336121951 91817 0 01911282616      ↗→선14.637.237.412.68799                                14.60   12.90        LN동       10 0         6.0     0 0일반주행보통주행47트 0 5                            14.6    12.9        .0                       6 4 3 5  1                                            11.21539-2 5 3-2▽ -.137.40  .54     62.54 5.1713.8223.43 61526 9.8219.4728.92 4
20261004일 1100011국6 0 6  5 0 3강 3351           1 6연바라기                                한암 2       1    010:35 24750국6백종수강승국   0 0 1 1 1 0 1 0 0 0  0정우주   53.061평무보29 19 1926  .028.0 7.71256 732711738 0 0 05633163013      ↗→입14.337.538.314.264 1                                14.30   14.50        LN동       10 0         9.0     0 0숨은복병부진마필66기 0 6                            14.3    14.5        .0                       9111110  1                                            11.22012-2 1 2-2▽-1.538.30  .36     63.20  .82 3.32 7.67 0 2 4 9.8219.4728.92 5
20261004일 1100011국6 0 6  5 0 3강 3351           1 7메멘토                                  한암 2       1    010:35 24750국6문병기(주)나스-1 0 1 1 1 0 1 0 0 0  0이용호   53.066평무보85 80 8062  .053.024.31652 62551 9263732362726191820      →↘자14.437.138.313.58710                                14.40   13.80        LN동       10 0         1.0     0 0일반주행마방연대58기 0 7                            14.4    13.8        .0                       5 9 5 4  1                                            11.22257 0 5 6 0―  .138.30  .10     62.98 5.6714.0624.31102236 9.8219.4728.92 6
20261004일 1100011국6 0 6  5 0 3강 3351           1 8라온더스카이                            한암 2       1    010:35 24750국6이강서손천수   1 0 1 1 1 0 1 0 0 0  0최범현   53.093평무보61 88 8890  .068.048.63160144981293650 0514429183217      →→입14.637.137.413.19399                                14.60   13.40        LN동       10 0         3.0     0 0일반주행마방연대70기 0 8                            14.6    13.4        .0                       4 3 4 3  1                                            11.82984 2 7 7 2△ 1.337.40 -.15     62.4915.9234.6748.63142946 9.8219.4728.92 7
20261004일 1100011국6 0 6  5 0 3강 3351           1 9지비퀸                                  한암 2       1    010:35 24750국6리카디손병석  -3 0 1 1 1 0 1 0 0 0  0김효정   53.070평무보85 99 9997  .070.058.41749 7355313364044333725202217      ↗→선13.836.637.412.79999                                13.80   13.00        LN동       10 0         1.0     0 0숨은복병전개최상72기 0 9                            13.8    13.0        .0                       1 1 1 1  1                                            12.24294 4 9 9 4☆ 1.737.40 -.15     62.2127.9045.3258.41184054 9.8219.4728.92 8
20261004일 1100011국6 0 6  5 0 3강 3351           110아디삭스                                한암 2       1    010:35 24750국6이관호김창식   1 0 1 1 1 0 1 0 0 0  0장추열   53.093평무보60 75 7557  .045.021.0304912224111201223172321202722      ↘↗입15.138.037.412.94197                                15.10   13.20        LN동       10 0         4.0     0 0일반주행보통주행74기 010                            15.1    13.2        .0                      10 5 6 7  1                                            12.11542 0 3 4 0― -.437.40  .19     62.98 5.3011.9920.96 41118 9.8219.4728.92 9
20261004일 1100011국6 0 6  5 0 3강 3351           111원더하트                                한암 2       1    010:35 24750국6김동철김길리   0 0 1 1 1 0 1 0 0 0  0김용근   53.086평무보49 65 6565  .045.021.026511423521117 024 01714312714      →↘선14.336.938.213.79915                                14.30   14.00        NN동       10 0         5.0     0 0일반주행보통주행50기 011                            14.3    14.0        .0                       3 7 9 6  1                                            11.21540 0 4 4 0― -.438.20  .35     62.82 5.3212.0321.00 1 510 9.8219.4728.9210
20261004일 2130011국4 4 4  6 0 3강 3353           2 1골든디바        COLLECTE골든오브 7222.00한암 3 0 0   1    011:00 33000혼4토니  이민정  99 010 1 7 9 1 1 3 9  0김효정   52.568강추보50 72 729378.063.043.51749 72958152036 3 02619202217333333↗→선13.536.938.913.47983                   67 67 1733   14.40   13.50 4 -4 -4UU동54.74511413-1.2 3.2 2.0818113 0전개최상전개최상41관 0 1                            14.4    13.5        .0                       4 2 1 2  1                                            12.24290 3 9 9 3★ 1.238.90  .23     82.5219.8933.3743.5318405418.2831.5345.65 1
20260906일 6130010국542 8 96 1혼전 4451맑음양호 6 2 1골든디바        COLLECTE골든오브 7222.00한암 3 0 0 1 1   47      24750국5토니  이민정  99 1 9 4 6 9 5 1 2 8  0코지  45956.087우자하48 48 489158.069.056.83359192958152036435026192331195050 0↗↘입13.536.839.013.4847338.237.5 81.2 81.4 60 60 2020   13.70   15.2011  0  0NLDN54.04471413-1.8 4.4 2.6727213-1탐색주행전개최상70기 0 5 7     7 6 2②1:21.2½    .014.437.513.5 -1  9  .00 2 3  0  .1 376 41284 2 4 6 13 7 2.03 6.05 2.1 4.0  4.5    9.1   18.5   49.2  .04588 3 8 9 3▲ 1.639.90 -.13 5.5582.5226.8944.9056.8337607214.4929.7342.50 3
20260621일 5140010국531 8 86 2 1강 1151맑음포화17 2 1골든디바        COLLECTE골든오브 7222.00한암 3 0 0 2 1  197      24750국5토니  이민정  99 2 8 3 1 9 4 1 2 7  0코지  45056.087우자보81 82 827075.063.034.83359192958152036435026192331195050 0↗↘입13.536.839.313.3586136.641.6 89.6 90.0 60 80 2020   14.00   13.90 4 -6 -1NNUP54.04471413-1.0 4.0 3.0696913 1전개최상신뢰마주26관 0 5 2     2 2 8⑩1:29.610   2.313.741.115.2  7 -4  .0110 3  0 2.37724928721 5 4 5 31 6 7.09 3.06 2.5 3.9 26.5  428.6  886.9 1549.7  .03462 0 7 8 0▲  .739.30 -.0713.8888.6610.3022.8734.7914294612.1426.4238.40 4
20260523토 4130011국550 6106 3혼전 4451맑음다습13 2 1골든디바        COLLECTE골든오브 7222.00한암 3 0 1 2 1   77      24750국5토니  이민정  99 3 7 2 5 9 3 1 2 6  1코지  45456.587우자보85 86 869479.071.049.13359192958152036435026192331195050 0↗↘입13.636.839.013.4837637.938.8 82.3 83.1 40 80 4020   13.20   13.60 6  6  3VB동54.04471313-1.0 4.0 3.0696913 0승부최상전개최상42관 111 8     8 7 5⑥1:22.31½   .414.039.013.9  3  8  .09 6 3 -3  .54464334270 2 3 3 10 5 9.02 4.06 2.5 5.1 40.6   57.0  260.0   45.410.64291 3 9 9 3★ 1.640.30  .09 7.2982.5222.5438.7249.1237557017.0930.6443.45 1
20260411토 4130011국551 6106 4혼전 4451흐림다습14 2 1골든디바        COLLECTE골든오브 7222.00한암 3 0 0 2 1  120      24750국5토니  이민정  99 4 6 1 4 9 2 0 2 5  0코지  44653.587우추보89 92 928480.068.044.333591929581520364350261923311999 0 0↗↘입13.637.039.213.4766136.439.5 80.4 82.5 50 75 25 0   13.70   13.90 4  3 -1NU동54.54481313-1.0 4.0 3.0696913 0전개최상승부최상74조 1 5 1     3 3 2①1:20.4목    .013.239.013.6 -5 -2  .00 1 6  4  .023 4591975 4 6 2 22 4 6.01 5.11 3.3 9.9  9.3   16.8   37.8   36.110.54591 3 9 9 3★ 1.539.90 -.02 6.2582.7817.7732.8344.2519375419.8134.1244.86 2
20260314토 2130011국611 9 16 5 2강 2251맑음양호 7 2 1골든디바        COLLECTE골든오브 7222.00한암 3 0 0 2 1   83      16500국6토니  이민정  99 5 5 5 3 9 1 0 1 4  0코지  44854.587우추하92 98 989894.071.072.7335919295815203643502619233119      ↗↘입13.637.339.013.3588036.939.0 82.8 81.9 33 67  0 0   13.90   14.20 4  0  1HN동       1312-1.3 4.7 3.3646413 0전개최상전개최상63기 1 2 2     2 2 1②1:22.8½    .013.739.513.9  0  4  .00 2 2  1  .1 917431988 3 1 1 11 3 1.02 1.02 1.7 3.3  1.7    3.3    5.0    7.0  .06299 4 9 9 4☆ 1.939.50 -.87 5.6082.8432.6255.7472.7419375442.3469.9082.76 1
20260214토 3130011국630 9 86 6 1강 1151맑음건조 3 2 1골든디바        COLLECTE골든오브 7222.00한암 3 0 0 2 1   71      16500국6토니  이민정  99 6 4 4 2 9 1 0 1 3  0푸르칸44454.078평추보92 99 999594.073.065.5245715295815203611 02619142421      ↗→추13.637.338.913.1598936.939.6 84.0 82.6 33 33  033   14.00   13.40 6 -3 -1HHUP       1312-2.5 6.5 4.0535313 1전개최상전개최상49기 0 2 2     3 3 4④1:24.01     .213.940.214.2  3  8  .09 4 1  0  .72918613775 3 1 1 12 1 3.04 6.07 1.9 3.3  4.9   23.6   29.1  287.4  .04285 3 9 9 3★ 1.839.70 -.60 6.4082.7834.4054.0165.4737607243.1267.9281.36 1
20260103토 11200 9국620 8 26 7 1강 1159맑음다습13 2 1골든디바        COLLECTE골든오브 3655.00한암 3 0 0 1 1  126      24750국6토니  이민정  99 7 3 3 2 9 2 0 0 2  0코지  43654.588우추보94 97 979195.070.099.0335919295815203643502619233119      ↗↘입13.637.438.312.9379637.438.4 76.2 75.7  0 50  050   13.60   13.70 3 -1  1NNDN       1312-2.5 6.5 4.0535313-1승부최상전개최상50기 0 5 7     7 8 2②1:16.213    .014.038.813.4  1  2  .00 2 1 -3 2.33763344290 4 2 2 13 2 2.01 6.05 1.6 1.5  2.6    1.5    3.6    4.1  .04891 3 9 9 3★ 1.738.10-1.84 -.0275.8951.8583.8399.0037607237.6161.7541.49 1
20251213토 2130010국620 8 26 8혼전 4451비  포화16 2 1골든디바        COLLECTE골든오브 7222.00한암 2 0 0 2 1   65      24750국6토니  이민정  99 8 2 2 1 9 1 0 0 1  0코지  43454.087하추상43 40 408564.076.065.6335919295815203643502619233119      ↗↘입14.338.338.912.9 49837.438.6 81.0 81.8  0  0  0**   14.30   13.10 3 -1  0NHUP       1312-4.0 9.0 5.0393912 1마방연대승부최상94기 0 6 2     2 2 3③1:21.03     .513.638.413.7 -1  1  .00 3 4 -5 1.1 738292063 7 3 5 11 1 2.0110.04     2.0  2.5    2.0    4.5    4.010.65998 4 9 9 4☆ 2.238.50-1.24 4.6183.4228.1647.2865.6134536511.8825.4040.36 4
20251122토 1120012국611 7 16 9 1강 1151맑음건조 3 2 1골든디바        COLLECTE골든오브 3655.00한암 2     2 1  110      24750국6토니  이민정  99 9 1 1 1 9 1 0 0 0  0루이스43354.068평무보11 25 2533  .042.018.62143102958152036 0 02619192617      ↗↘입15.038.539.512.7 11538.637.4 76.3 76.2              15.00   13.00 4  0  0LL동       12 0         6.0     0 0일반주행마방연대45관 0 711    1110 6⑤1:16.3목   1.414.338.013.1 -4-23  .00 5 9  0 2.95195 8473811 910 63 1 1.02 4.03 1.5 2.8  1.5    2.8    4.5    5.3  .02244-1 4 5-1▽ -.637.10 -.83-1.8477.17 4.4910.3418.64 41121 7.1914.9733.64 6
20261004일 2130011국4 4 4  3 0 3강 3353           2 2베스트선        테이크차아이월이 1736.00한거 6 0 0   1    011:00 33000혼4박천서베스트샤-1 016 7 325 2 4 024  0조성환   53.553평선상50 42 422722.045.023.0 718 61057 5 629 0 013 5 917206733 0↘→추13.736.939.213.68249                   23 32 32 5   13.70   13.90 7 -9  0HNDN54.44771814 -.6 7.2 6.6434310-1숨은복병거리속성68관 0 2                            13.7    13.9        .0                       5 610 6  2                                              .02230 1 4 4 1― -.139.20  .63     82.71 5.8214.3123.02 1 4 8 6.4510.8418.6310
20260815토 9140010국454 6103 1혼전 4451흐림건조 3 2 2베스트선        테이크차아이월이 1736.00한거 6 0 0 2 1  125      33000국4박천서베스트샤-1 115 6 925 1 4 023  0조성환48753.553평선하21 14 1419 9.036.0 9.9 718 61057 5 629 0 013 5 917206040 0↘→추13.736.739.513.6703036.839.5 88.3 88.3 24 29 33 5   14.00   14.30 7  3  1BN동54.64751812 -.8 7.4 6.6444410 0일반주행마번불리 5   011 2     2 2 3③1:28.32½   .513.739.813.9 -5 -9  .00 3 8  0  .92330523768 6 711101 1 2.07 3.07 2.7 6.0  4.3   64.4  111.7  399.5  .01520-1 2 3-1▽-1.039.10  .5212.0888.73 1.51 4.66 9.93 1 4 8 1.87 4.3510.3211
20260627토10140011국452 2103 2혼전 4451맑음건조 4 2 2베스트선        테이크차아이월이 1736.00한거 6 0 0 9 1  111      41250국4박천서베스트샤-1 214 5 825 1 4 022  0송재철49652.576기선적20 19 195314.042.018.21745 81057 5 629262813 51925206040 0→→입13.736.639.513.6783437.839.6 87.9 89.8 25 35 4010   13.90   13.20 5 -2  0LHUP54.64751812 -.6 6.8 6.2515110 2전개최상기복전력36관 1 8 9     9 9 8⑨1:27.91½  2.114.039.114.3  1 11  .00 9 8 -2 2.17182557421 211 8 9015 1.06 9.02 3.4 6.9  3.4   21.5   32.1   44.1  .03438-1 3 4-1▽ -.739.50  .3813.6788.66 5.3211.2718.17 2 510 3.45 7.2915.20 9
20260523토10120010국444 3 43 3 3강 3351맑음다습13 2 2베스트선        테이크차아이월이 1528.00한거 6 0 0 2 1   71      41250국4박천서베스트샤-1 313 4 725 5 4 021  0조한별48552.562평선보64 67 679843.057.029.21427101057 5 629 3 013 51221186040 0↗↘입13.736.638.513.6915738.438.7 75.6 77.1 26 37 47 5   13.50   13.90 4  9  0VH동54.64751812 -.8 6.6 5.8575710 0전개유리전개최상47기 010 7     91010⑧1:15.66    2.013.937.913.2 -2 -5  .00 810  6 2.47892487724 1 8 4 40 5 4.02 6.02 2.3 3.4  7.7   13.5   31.8   22.512.24266 1 6 5 1―  .639.30  .50 1.9875.56 9.8118.0629.21 61526 7.2615.9724.51 6
20260425토11120011국453 4103 4 1강 1157맑음건조 3 2 2베스트선        테이크차아이월이 1528.00한거 6 0 0 9 1   71      41250국4박천서베스트샤-1 412 3 625 4 4 020  0조한별49052.562기도적34 34 3484 8.039.018.71427101057 5 629 3 013 51221186040 0↗↘입13.736.738.713.7864536.639.4 75.1 76.0 28 33 56 6   13.60   14.70 6 -4  0UH동54.64751814 -.8 7.6 6.8464610 0일반주행기복전력79관 1 1 1     2 3 2⑤1:15.11¼   .513.538.713.9  1  8  .00 5 4 -1 1.14916674466 3 8 8101 4 1.02 6.04 3.2 6.5  3.2    6.5   10.1   31.9  .01536 0 3 2 0― -.538.90  .62  .6475.72 3.60 9.9718.74 0 3 7 2.56 7.1413.95 8
20260315일10120011국454 3 53 5혼전 4451맑음양호 6 2 2베스트선        테이크차아이월이 1528.00한거 6 0 0 2 1  106      41250국4박천서베스트샤-1 511 2 525 3 4 019  0조한별48252.562기도적61 48 485917.044.018.21427101057 5 629 3 013 51221186040 0↗↘입13.736.738.713.7864536.640.3 75.9 77.2 28 33 44 6   14.10   14.50 4 -3  0NHDN54.64751814-1.8 7.6 5.8545410-6일반주행기복전력46관 0 5 4     3 4 7⑨1:15.91½  1.413.639.814.7  4  2  .09 9 5 -1 2.38119867438 3 8 6 90 3 1.02 2.09 2.7 4.7  2.7    4.7    7.8    6.9  .01527-1 4 5-1▽ -.439.20  .65 1.8275.72 4.8410.5918.23 2 714 3.66 9.1415.8310
20260214토 9180011국321 5 73 6혼전 4454맑음건조 3 2 2베스트선        테이크차아이월이 4432.00한거 6 0 0 2 1   65      41250국3박천서베스트샤-1 610 1 325 2 4 018  0조한별48052.559평선상64 47 471047.055.039.21427101057 5 629 3 013 51221186040 0↗↘입13.739.540.913.7771738.841.3119.0118.9 29 35 41 6   13.30   13.70 9  5 -1LHUP54.64751814-1.8 7.6 5.8545410 4거리늘어거리속성31기 0 8 1 1 1 1 2 5⑧1:59.01½  1.514.141.414.5  2-12  .00 8 6 -3 1.745 5733438 110 3 21 2 3.07 7.02 2.1 4.9  9.7   52.4  132.9   75.0  .03242 0 7 8 0―  .441.40 -.2838.47118.714.7528.8239.1619375413.3325.3339.69 3
20251213토10140011국434 4 83 7혼전 4451비  불량20 2 2베스트선        테이크차아이월이 1736.00한거 5 0 0 2 1  183      41250국4박천서베스트샤-1 7 910 725 1 4 017  0조한별49253.560평선하25 28 284011.037.012.01427101057 5 629 3 013 51221186040 0↗↘입13.736.639.613.6782736.139.8 85.4 87.6 31 31 3113   13.60   14.20 6  0  2HNUP54.64751814  .2 7.0 7.2414110 2일반주행보통주행43기 0 3 1     1 3 2③1:25.41½   .213.338.713.7 -6  4  .00 3 9  4 1.3 8 6622674 411 9111 1 1.10 4.08 2.0 3.8  2.0   46.9   78.2  462.0  .01525-2 2 3-2▽-1.139.00  .4711.4088.73 2.26 5.6211.96 0 2 4 3.66 9.0915.2510
20251101토10120011국414 2 63 8혼전 4451맑음건조 5 2 2베스트선        테이크차아이월이 1528.00한거 5 0 0 1 1  167      41250혼3박천서베스트샤-1 8 8 9 425 2 4 016  0송재철48852.076기선적73 54 546221.048.018.41745 81057 5 629262813 51925206040 0→→입13.736.838.513.5775736.939.0 75.4 76.4 33 40 4013   13.30   13.10 5 -1 -1HHDN54.64751814 -.8 7.8 7.0434310-2숨은탄력기복전력68기 0 3 3     4 5 5⑦1:15.41¾   .913.639.314.2  2  3  .00 7 5 -4 1.15932554352 6 9 5 6214 1.02 9.11 2.3 6.9  2.3    8.5   13.5   15.3  .01745 0 4 4 0― -.238.90  .71 1.1075.67 3.7910.2218.37 51323 2.40 5.9111.9710
20250928일10140011국452 1103 9혼전 4451흐림포화18 2 2베스트선        테이크차아이월이 1736.00한거 5     9 2  244      41250혼3박천서베스트샤-1 9 7 8 625 1 4 0 0  0송재철48552.577기도하42 43 433626.042.013.01928141199 0 629262813 51925206040 0→→입13.736.639.413.5753436.738.8 85.6 87.8 36 36 4314   14.20   13.0023 -3  2HNUP54.64751814  .0 6.8 6.8464610 2일반주행휴양불리44기 1 4 4     6 8 7⑥1:25.6¾    .813.337.713.1 -3 -7  .00 6 9  0 1.11026291455 4 810 9013 1.06 5.06 3.0 6.9  3.0   16.9   26.1   21.1  .01532 0 4 4 0― -.639.10  .5711.8088.59 2.87 6.8512.96 1 4 8 4.3511.3418.25 9
20250420일11120011국344 1 9310 1강 1151맑음양호 8 2 2베스트선        테이크차아이월이 1528.00한거 5 0 0 2 4  69918:00 41250국3구자흥베스트샤-110 6 7 325 2 4 014  0김성현49251.068평도상44 65 656643.049.020.11440 4 967 013 0 6 015 61623196040 0→→입13.736.838.513.5795736.841.3 77.0 78.6 38 38 4615   13.50   14.10 5 -2 -1NU동54.64751814 -.6 6.4 5.8565610 0부중유리급신장세 1관 2 7 1     3 4 9⑩1:17.07    3.013.540.815.0  1 -3  .0010 9  3 3.29425959110 4 9 6 60 2 2.01 3.04     5.7  3.6    5.7   10.1    8.2  .03146 0 5 4 0― -.239.50  .65 3.2775.67 4.2211.6120.08 51323 5.7713.0621.22 6
20250315토 8120011국333 4 8311혼전 4451맑음양호 6 2 2베스트선        테이크차아이월이 1528.00한거 5 0 0 2 5  81717:00 41250국3구자흥베스트샤-111 5 6 225 1 4 013  0김성현49552.066기도적18 24 245310.037.011.71644101867 613 0 6 015 61623196040 0↘→입13.736.738.413.5816136.839.1 75.4 76.2 33 42 5017   13.30   15.6013  3 -1BUDN54.64751814 -.6 6.0 5.4606010-2일반주행마번불리 1기 0 9 2     2 2 2③1:15.4½    .113.538.814.1 -3  7  .00 3 6  0 2.05126604476 3 810111 1 3.11 7.06     6.3  4.9  130.3  193.0  623.1  .01532-1 3 2-1▽ -.838.90  .99 1.0675.56 2.65 6.0911.66 0 2 5 3.33 8.0412.8311
20241215일11140011국352 2 5312혼전 4451맑음양호 8 2 2베스트선        테이크차아이월이 1736.00한거 4 0 0 2 6 106618:00 41250국3구자흥베스트샤-112 4 5 52510 4 012  0송재철48852.579평도상56 68 687239.055.025.91333 41250 613 0282815 61925206040 0→↗입13.736.639.213.5764935.742.8 91.1 91.6 36 45 4518   14.00   13.30 6 -4  1NNUP54.64751814-1.8 5.4 3.6777710 2선입실패보통주행 1관 0 6 1     1 1 9⑩1:31.1머리 3.013.343.015.6  4  7  .0010 6 -3 4.395 1979111 3 7 4 5112 3.01 9.03     4.5  7.2    4.5   12.8   14.8  .02941 0 5 5 0―  .439.90  .3515.8388.45 6.9416.3825.90 61224 7.6915.2522.73 6
20241102토10120010국354 110313혼전 4451맑음양호 7 2 2베스트선        테이크차아이월이 1528.00한거 4     1 7 120717:30 41250국3구자흥베스트샤-113 3 4 125 9 4 0 0  0송재철48152.081우선하40 43 437423.044.016.5234215 767 313 0282815 61925206040 0→→입13.736.838.213.4807337.638.3 73.9 76.1 40 50 5020   14.20   15.2038  0 -1VUDN54.64751814-1.4 4.8 3.4757510-6숨은복병보통주행 1관 010 7     5 6 6⑥1:13.91¾   .714.037.213.3 -3 20  .00 6 9  5 1.14968324457 4 6 810211 2.06 8.03     6.5  4.8   29.2   50.8   22.4  .02043 0 5 5 0― -.538.80  .90 1.1075.50 2.85 8.4616.54 2 714 4.8511.0121.17 9
20240204일10180012국352 910314혼전 4451맑음양호 6 2 2베스트선        테이크차아이월이 4432.00한거 4 0 0 110 196417:30 41250국3이희영베스트샤-114 2 3 225 8 4 010  0송재철46153.079우선보53 67 674746.053.024.32172 42329 81827232813 01925206040 0→→입13.739.540.513.4803439.542.2121.7120.4 40 50 5020   14.10   13.70 9  3  1BN동54.64751814-1.8 5.2 3.4737310 0마방선전거리속성 1관 010 3 3 4 81011⑪2:01.75    3.214.242.915.2  7-15  .0911 4  0 3.47923857515 1 9 5 5010 6.02 1.02    10.1  8.9   14.3   30.4   24.7  .02554 0 6 6 0―  .141.60  .1740.43118.5 6.3714.4624.29 8172910.2317.8026.58 6
20231202토 9180011국354 410315 1강 1152맑음양호 6 2 2베스트선        테이크차아이월이 4432.00한거 3 0 0 111 217417:00 41250국3이희영베스트샤-115 1 2 125 7 4 0 9  0송재철47652.578우선보63 68 686280.063.041.92045112883201827232813 01925206040 0→→입13.639.540.513.3834139.740.5119.0119.4 44 56 5622   13.30   13.90 5  3  0LUUP54.64751814-1.6 4.2 2.6787810 4편성만만마방선전 1관 1 7 2 2 3 4 5 5⑤1:59.01½   .314.140.413.7  1-17  .00 5 4 -3  .95428523471 4 5 3 22 9 2.01 3.02     9.0  4.9    9.0   17.1   15.412.03377 2 8 9 2▲ 1.041.50 -.2439.35118.515.5929.2141.8619375418.2632.8844.17 2
20261004일 2130011외4 4 4  2 0 3강 3353           2 3마이슈퍼맨      MOHAYMENSUPERQUI        미수 3 0 0   1    011:00 33000혼4박병일권경자   2 01212 211 3 0 010  0김용근   52.585평무보50 45 452023.048.018.22651141333 6221133312314312714      →↘선14.037.539.413.94541                    0  0  014   13.90   13.60 4 -7  0HHUP       1312 -.4 6.4 6.0494912 1일반주행거리속성57관 0 3                            13.9    13.6        .0                       8 7 7 9  3                                            11.21524-1 4 4-1▽ -.339.40  .28     83.23 4.5310.3318.23 41118 5.3811.8220.50 9
20260905토10120011외423 2 22 1혼전 4451맑음양호 7 2 3마이슈퍼맨      MOHAYMENSUPERQUI        미수 3 0 0 1 1   53      33000혼4박병일권경자   2 11111 811 2 0 0 9  0김용근46752.586평무하41 29 294723.055.028.22651141333 6221133312314312714      →↘선14.037.538.913.9263737.338.6 75.2 76.2  0  0  017   13.90   13.30 4  5  0BH동       1312 -.4 7.6 7.2404012 0교체실패보통주행76기 110 8     7 6 6⑥1:15.2코   1.013.938.513.6  2 -3  .00 6 4  0 1.25556434648 7 7 9 50 2 5.01 6.07 1.8 2.1 19.3   10.2   41.0   48.5  .02446 1 5 5 1―  .638.10 -.19 -.2476.28 8.3617.0328.21 61224 5.6813.1922.22 5
20260808토 8120011외413 3 62 2혼전 4451맑음건조 2 2 3마이슈퍼맨      MOHAYMENSUPERQUI        미수 3 0 0 1 1   84      33000혼4박병일권경자   2 21010 711 1 0 0 8  0김용근47052.586하무보42 35 353313.046.014.02651141333 6221133312314312714      →↘선14.037.539.114.0282537.139.1 75.4 76.5  0  0  0 0   14.70   13.60 5 -1 -1NH동       1312 -.8 8.6 7.8313112 0최빈거리부진저하40기 0 5 6     6 6 8⑧1:15.43    1.413.938.513.3  4 -2  .05 8 4 -1 1.56444605537 811 9 92 1 9.01 7.09 1.5 5.0 30.6   16.5   51.9   67.8  .01239 0 3 4 0― -.338.20  .10 -.1376.39 2.71 7.1514.01 2 510 2.02 6.5111.8210
20260704토 61200 8외443 5 92 3혼전 4451흐림건조 4 2 3마이슈퍼맨      MOHAYMENSUPERQUI        미수 3 0 0 1 1   75      33000혼4박병일권경자   2 3 9 9 611 3 0 0 7  0루이스47253.068하입보54 45 453313.043.014.82143101333 62211 0222314192617      ↗↘입14.137.539.114.0292237.738.3 75.5 76.2  0  0  0 0   15.00   12.90 3  5  0NH동       1312 -.8 8.6 7.8313112 0일반주행부진저하44기 0 6 8     8 7 7⑤1:15.52     .814.737.913.6  0 -7  .00 5 5    1.25173345057 9 8 7 80 3 2.07 2.08 2.7 5.6  3.4   61.7   98.8   79.2  .01716-2 3 2-2▽ -.738.10  .07 -.4476.39 3.28 8.0614.77 2 714 1.89 6.7612.83 9
20260614일101200 8외442 7 42 4 1강 1159흐림건조 3 2 3마이슈퍼맨      MOHAYMENSUPERQUI        미수 3 0 0 2 1   41      33000혼4박병일권경자   2 4 8 8 511 2 0 0 7  0루이스47353.068하무보50 39 394233.050.036.32143101333 62211 0222314192617      ↗↘입14.137.539.114.02725                    0  0  0 0   14.10   13.70 5  0  1HN동       1312-1.0 9.8 8.8303012 0최빈거리작전마주49기 0 1                    경제    14.1    13.7    -6  .07                      6 6 2 30 2 2.01 7.02 1.7 3.2  5.0    3.2    8.4   17.6  .02039 0 5 3 0― -.139.10 -.53     76.39 9.6223.5036.30122640 8.7020.0019.94 6
20260510일10120010외452 6 52 5혼전 4454맑음건조 5 2 3마이슈퍼맨      MOHAYMENSUPERQUI        미수 3 0 0 2 1   81      33000혼4박병일권경자   2 5 7 7 511 1 0 0 6  0루이스47952.568하입보25 14 143112.048.030.92143101333 62211 0222314192617      ↗↘입14.137.539.114.0282237.238.6 75.9 75.6  0  0  0 0   13.70   13.80 4 -5  0HHDN       1312-1.0 9.8 8.8303012-1숨은복병부진저하65기 0 1 7     7 8 6⑤1:15.91¾   .714.138.813.7  3 13  .09 5 2 -2  .73548434060 8 7 7 53 1 5.03 6.04 2.6 4.9  6.6   16.1   38.4   87.7  .02043 0 4 4 0― -.137.90 -.39 -.9676.39 8.6820.2530.94 51323 3.28 8.6316.36 7
20260411토 9130011외430 2 82 6혼전 4451맑음다습13 2 3마이슈퍼맨      MOHAYMENSUPERQUI        미수 3 0 0 2 1   75      33000혼4박병일권경자   2 6 6 6 111 5 0 0 5  0해리카46652.567하입보48 26 26 5 8.037.013.31444111333 6221117 92314172612      →→입14.137.639.613.8413037.640.1 81.8 84.0  0  0  0 0   14.10   13.80 6  1 -2NHUP       1312-1.0 9.8 8.8303012 1일반주행거리속성37기 0 6 5     7 6 7⑨1:21.81    1.613.739.613.8  5 -1  .01 9 4  0 1.8735074733210 9 7 80 5 1.07 4.10 2.6 3.3  2.6   12.8   20.4  127.8  .01516-1 2 2-1▽ -.739.70  .23 6.8083.42 3.12 7.3713.29 1 4 9 1.94 5.91 8.65 8
20260302월 8120010외421 8 22 7 2강 2259비  다습11 2 3마이슈퍼맨      MOHAYMENSUPERQUI        미수 3 0 0 1 1  108      33000혼4박병일권경자   2 7 5 5 411 4 0 0 4  0해리카46754.069하무상52 38 382356.052.031.41444111333 6221117 92314172612      →→입13.837.739.412.6202537.139.0 76.1 76.0  0  0  0 0   14.20   13.30 4  0  2NN동       1212-1.0 9.8 8.8303012 0최빈거리거리난점69기 0 5 6     5 3 3④1:16.11    1.514.138.913.8  0  3  .00 4 4 -5 1.84742575138 3 5 3 42 4 2.01 3.06 1.5 2.0  3.9    2.0    5.8   20.8  .02018 0 6 5 0―  .237.80 -.67-1.1076.67 7.8419.0631.40 92235 6.1418.2728.13 5
20260131토 6120011외452 6102 8혼전 4431맑음건조 2 2 3마이슈퍼맨      MOHAYMENSUPERQUI        미수 3 0 0 9 1   58      33000혼4박병일권경자   2 8 4 4 311 3 0 0 3  0해리카46452.569하무상33 19 19 9 6.032.0 7.31444111333 6221117 92314172612      →→입13.837.639.412.6161337.737.9 75.4 75.5  0  0  0 0   13.80   12.90 6 -1  1NN동       1212 -.710.0 9.3222212 0최빈거리거리난점 5기 1 5 7     7 7 8⑦1:15.4½    .814.238.013.3 -2  0  .00 7 9 -1 1.53173193456 91010100 3 1.05 3.04 2.4 5.7  2.4   17.5   24.8   29.1  .0 9 6-2 1 1-2▽-1.437.80  .08-1.5076.62 1.47 3.06 7.31 1 4 8 1.96 3.65 9.0410
20251220토 9120011외412 3 62 9 1강 1156흐림포화16 2 3마이슈퍼맨      MOHAYMENSUPERQUI        미수 2 0 0 2 1  12017:00 33000혼4박병일권경자   2 9 3 3 211 2 0 0 2  0해리카46452.069하무보 5  1  1 1 3.026.0 4.71444111333 6221117 92314172612      →→입14.037.939.513.2 6 737.038.9 73.8 76.0  0  0  0 0   14.00   14.80 4 -2 -4NH동       1210  .010.010.0 8 810 0능력한계부진마필52기 1 6 8     6 7 7⑧1:13.82½  1.113.837.812.9 -2  5  .00 810  0 1.449405446461010 9100 2 1.05 4.09     4.0  1.3    5.8    7.3    9.4  .0 6 1-4 1 1-4▼-2.037.70 -.09-1.4076.84  .40 2.43 4.70 0 2 4  .12 1.83 3.32 9
20251122토 3120012외420 5 7210 1강 1159맑음건조 3 2 3마이슈퍼맨      MOHAYMENSUPERQUI        미수 2 0 0 2 1  108      41250혼4박병일권경자   210 2 2 111 1 0 0 1  0해리카45956.069하무보 9  1  1 4 8.027.0 7.41444111333 6221117 92314172612      →→입14.037.939.713.2101338.040.5 78.2 78.8  0  0  0 0   14.00   13.50 8  6  1BNUP       1210-2.010.0 8.0141410 2숨은복병부진마필66기 0 8 5     5 711⑫1:18.27    4.214.040.914.8  2 12  .001210  0 4.695828994 3 8 7 3110 1 4.01 2.04 2.4 2.7  8.9    7.6   22.3   17.5  .020 3-4 3 1-4▼-1.638.50 -.26 1.1976.95 1.25 2.39 7.37 1 3 6 1.53 4.58 4.0011
20250927토 2100010외410 1 1211 1강 1155맑음다습12 2 3마이슈퍼맨      MOHAYMENSUPERQUI        미수 2     9 2  262      41250혼4박병일권경자   211 1 1 111 1 0 0 0  0김정준44755.581평무보   35 3540  .050.024.82364 81933 5221122 02314132026      ↘↗추14.237.137.813.4    38.038.8 63.2 64.6              14.20   13.70 4  0  0NL동       10 0                 0 0일반주행작전마주38기 0 2 7     7 7 7⑧1:03.21¼  2.614.038.213.5 -2 19  .00 810  0 3.18972768012 2 2 3 60 1 5.01 6.04 1.1 2.9 20.4    6.5   33.1    7.6  .02073 0 5 5 0―  .038.30  .34-10.362.71 5.7014.7224.77 5132310.1920.0932.28 1
20261004일 2130011외4 4 4  3 0 3강 3353           2 4픽처            THOUSAND잉글리시 9630.00미거 4 0 0   1    011:00 33000혼4강성오박희상   2 01616 215 1 1 215  0이혁     55.578평선보50 53 538226.051.023.92258 8255411221727 027 8282118502525↗↘선13.636.739.613.99537                   25 25 58 8   14.20   14.40 3 -5  0HLDN54.84861812-1.0 5.4 4.4626213-5일반주행부중편성59기 0 4                            14.2    14.4        .0                       211 5 4  4                                              .01764 0 5 4 0―  .139.60  .48     82.84 6.3714.5423.85 41121 5.3813.7921.43 6
20260912토 7180011외453 6 53 1혼전 4441맑음건조 3 2 4픽처            THOUSAND잉글리시 96     미거 4 0 0 2 1   36      33000혼4강성오박희상   2 11515 115 1 1 214  0정도윤48355.589평선보79 71 712752.056.025.618 0132554112217 0 027 8112425502525↗↗추13.639.641.013.9792239.141.9120.0119.4 27 27 55 9   13.50   13.30 8 -2 -1LNUP54.84861812-2.2 5.4 3.2727213 6숨은복병거리속성66관 1 9 2 2 2 2 2 6⑧2:00.02½  1.514.241.614.4  1 -1  .00 8 7  2 1.66011825637 3 8 3 61 1 1.04 7.10 2.5 5.0  2.5   13.4   18.8  116.9  .02064 0 6 6 0―  .241.40 -.0538.78118.8 8.2717.2225.59 8172911.6919.7730.42 5
20260718토 7120010외452 6103 2 1강 1151흐림불량20 2 4픽처            THOUSAND잉글리시 96     미거 4 0 0 2 1  145      33000혼4강성오박희상   2 21414 915 1 1 213  0이혁  48456.080평도하34 31 318924.053.021.92258 8255411221727 027 828211867 033↗↘선13.536.538.914.1903737.138.5 74.1 75.0 30 30 6010   13.30   15.80 6  5 -1BNDN54.34861612-1.8 5.4 3.6686813-2일반주행도주호기 5   011 3     3 3 4⑤1:14.1코    .513.537.713.3  0  0  .00 5 5  1  .91747393565 1 5 9 72 3 7.10 8.01 3.4 8.4 10.5  233.0  367.3  355.7  .01562 0 5 5 0―  .438.80  .54 -.3775.72 5.0913.1721.86 3 816 3.17 9.9213.4810
20260606토 71400 8외423 6 23 3 3강 3352맑음양호 6 2 4픽처            THOUSAND잉글리시 9630.00미거 4 0 0 1 1  114      33000혼4강성오박희상   2 31313 315 1 1 212  0루이스48457.065평도상55 63 638760.061.055.92143102554112217 0 027 819261767 033↗↘입13.636.339.913.9941935.642.9 90.8 91.0 30 30 5020   13.60   14.40 7  2  1NBDN54.34861612-1.6 6.4 4.8636313-2승부최상작전마주68기 0 6 1     3 3 6⑧1:30.85    2.513.343.015.8  4 -1  .05 8 4  3 3.090 1979018 1 7 2 30 3 5.01 3.05 1.7 1.8 15.1   11.4   51.6    6.6  .03469 1 7 7 1―  .840.10 -.6814.7988.7320.1038.7355.8918405419.3041.7460.33 2
20260418토 8160010외451 8103 4혼전 4451맑음건조 4 2 4픽처            THOUSAND잉글리시 9630.00미거 4 0 0 2 1  135      33000혼4강성오박희상   2 41212 115 1 1 211  0이혁  48556.078평도상82 83 831574.071.049.52258 8255411221727 027 828211867 033↗↘선13.635.840.613.9951735.740.9103.3103.0 30 30 6010   13.50   13.60 4  0  2HBUP54.34861612-1.6 6.4 4.8636313 3적정체중승부최상37기 0 4 1   1 1 1 1④1:43.3½    .313.640.814.4  3  1  .01 4 1 -4  .64711776573 110 1 21 2 3.02 2.08 4.1 9.8  5.1   13.4   27.0   48.310.64892 3 9 9 3★ 1.740.60 -.5326.59103.320.4735.9249.5419375418.1830.1542.72 2
20260321토 8130011외452 5103 5혼전 4457맑음건조 5 2 4픽처            THOUSAND잉글리시 9630.00미거 4 0 0 2 1   77      33000혼4강성오박희상   2 51111 115 2 0 210  0루이스48454.565평도보29 31 318938.061.041.72143102554112217 0 027 819261750 050↗↘입13.536.639.714.1972236.938.6 81.2 82.0 22 11 67 0   13.50   14.80 5 -4  1HNUP54.34881412-1.6 6.4 4.8636312 1전개최상부중편성60기 1 4 1     1 1 1①1:21.2½    .013.538.313.6 -4-10  .00 1 5 -3  .01118291083 1 9 7 21 2 5.04 4.02 2.0 5.9  9.7   21.9   54.6  435.5  .03572 3 7 8 3▲ 1.040.20 -.02 5.6882.8417.2429.8441.69142946 8.9617.5024.90 6
20260215일 8120011외454 5103 6혼전 4451맑음건조 3 2 4픽처            THOUSAND잉글리시 96     미거 4 0 0 2 1   76      33000혼4강성오박희상   2 61010 815 1 0 2 9  0루이스49453.567평도하40 41 419644.065.030.92143102554112217 0 027 819261750 050↗↘입13.536.439.214.1972236.340.3 75.9 76.6 25 13 63 0   13.50   14.5013  2 -1NH동54.34881412-2.2 6.4 4.2666612 0전개최상전개최상79기 1 8 4     4 2 3⑥1:15.91½  1.413.539.914.8 -2 12  .00 6 8  7 1.666 9856638 1 9 8 60 1 4.07 5.04 3.710.7  6.1   26.9   54.1   79.812.74289 2 7 8 2▲ 1.239.30  .17  .9875.8411.2121.3730.93 51323 6.6112.6121.55 9
20251115토 9120011외434 7 33 7혼전 4454맑음건조 3 2 4픽처            THOUSAND잉글리시 96     미거 3 0 0 2 2  272      33000혼4강성오박희상   2 7 9 9 715 5 0 2 8  0송재철48254.577평도상79 84 849261.064.036.91928142340142217232027 819252050 050→→입13.536.439.214.0952237.139.9 76.9 77.0 25 25 63 0   13.50   13.40 4  2 -2NN동54.34881412-2.8 7.8 5.0595912 0전개최상전개최상 6기 0 6 2     2 4 8⑩1:16.91½  1.713.540.214.5  9 -6  .0910 1 -1 1.77646807633 210 1 20 5 3.0211.01 1.8 2.9  6.5   18.6   42.3  293.7  .04270 0 7 6 0―  .839.40 -.01 1.3875.8412.4224.4136.9119375411.1126.0939.92 2
20251018토 6120011외414 5 63 8혼전 4451흐림포화19 2 4픽처            THOUSAND잉글리시 96     미거 3 0 0 2 2  215      33000혼4강성오박희상   2 8 8 8 615 4 0 1 7  0송재철48856.077평도상72 70 709870.070.044.31928142340142217232027 8192520 0 099→→입13.636.539.313.9952236.838.1 74.3 75.2 14 14 5714   13.50   13.20 5 -4  4HB동52.54871412-1.4 8.0 6.6494912 0부중유리전개최상64관 1 4 1     2 2 2②1:14.35     .013.538.313.4  0  1  .00 2 2 -5  .91726241286 1 9 3 21 4 1.02 9.04 1.5 3.6  1.5    3.6    4.9    8.912.74281 2 8 8 2▲ 1.538.80 -.32 -.6575.9517.4532.3844.3334536514.8127.1837.15 3
20250913토 8120011외424 1 73 9혼전 4451맑음포화17 2 4픽처            THOUSAND잉글리시 96     미거 3 0 0 2 2  298      33000혼4강성오박희상   2 9 7 7 515 3 0 0 6  0송재철48752.577하도보41 36 368037.065.042.01928142340142217232027 8192520      →→입13.636.539.714.493 836.737.8 72.8 75.0  0  0 67 0   13.60   14.70 4  2 -2NH동       1412-1.6 8.4 6.8474712 0일반주행부중영향32관 1 8 5     5 6 5②1:12.8머리  .013.537.113.2 -5 10  .00 2 7  2  .1132017 680 210 7 33 3 2.07 2.08 2.2 2.6  3.2   32.7   53.5  102.812.73178 2 6 8 2▲ 1.338.70 -.48-1.2076.1713.3629.5041.97183854 5.3216.0827.72 6
20250817일 7120011외452 410310 1강 1151맑음양호 7 2 4픽처            THOUSAND잉글리시 96     미거 3 0 0 2 2  37315:15 33000혼4강성오박희상   210 6 6 415 2 0 0 5  0송재철47754.077하선상36 36 368549.063.046.11928142340142217232027 8192520      →→입13.636.539.714.491 936.539.7 76.0 76.3  0  0 60 0   13.30   15.50 5  4  2NNDN       1412-1.3 8.0 6.8444412-2숨은탄력보통주행78기 0 6 2     2 2 3⑦1:16.01    1.113.640.114.7  2 -1  .00 7 5 -5 2.35511755147 211 7 31 2 1.0210.07     5.1  2.1    5.1    7.9   23.4  .03677 3 6 7 3△ 1.439.10 -.60  .0676.1716.8432.8546.05142944 9.0119.4424.81 5
20250712토 7140011외454 610311 1강 1151맑음건조 5 2 4픽처            THOUSAND잉글리시 9630.00미거 3 0 0 2 3  46816:30 33000혼4강성오박희상   211 5 5 215 1 0 0 4  0송재철47852.076하입상28 25 253318.048.023.11850 81755 82217232027 8192520      →→입13.736.540.414.486 535.741.6 89.7 89.3  0  0 50 0   13.60   14.4016 -1  0HH동       1412  .0 8.0 8.0424212 0일반주행휴양불리40관 0 2 1     1 1 2⑦1:29.7머리  .813.342.015.5 -3-13  .00 710  2 1.259 1937357 410 7 61 1 5.04 6.01     5.7 10.6   34.7   66.1  478.1  .01756 0 4 5 0― -.139.50 -.2512.4189.21 5.1113.5823.08 51323 3.03 9.2015.97 7
20250323일10140011외433 3 8312 2강 2251맑음건조 4 2 4픽처            THOUSAND잉글리시 9630.00미거 3 0 0 2 4  78417:30 33000혼4강성오박희상   212 4 4 115 1 0 0 3  0김동수49152.067하선상33 26 266963.061.032.51433 92558152217 0 027 8102127      ↗→추13.836.740.713.868 935.940.7 89.2 89.6  0  0 33 0   13.70   14.30 4 -4  0HHUP       1412 1.5 7.5 9.0363612 2일반주행부중영향 1관 0 3 2     3 3 5③1:29.25     .913.640.714.4 -5 -4  .00 3 8 -1 2.269 2835250 211 8 52 1 1.04 2.04     4.3  2.2    7.9   10.9   63.3  .03580 3 6 7 3△  .939.40 -.8212.2489.5510.4021.2532.51 81729 8.2620.4927.73 4
20250223일 7120011외421 2 7313 1강 1151맑음건조 3 2 4픽처            THOUSAND잉글리시        미거 3 0 0 9 5  87115:15 33000혼4강성오박희상   213 3 3 315 1 0 0 2  0김철호49552.065하무보30 20 203613.042.016.7 6 0 01463 02217202527 8142025      ↘↗추14.037.139.713.8682236.639.4 76.2 76.3  0  0  0 0   14.00   14.10 8 -4 -3NH동       1212 1.0 7.0 8.0373712 0부중효과부중영향 1기 1 7 2     2 2 2⑥1:16.21     .913.739.814.3 -3 -5  .00 6 9  1 1.45715704750 410 5 71 2 1.07 1.06     3.2  2.4   41.7   61.7   20.9  .02744 0 3 3 0― -.538.60 -.10 -.4776.51 2.95 8.7416.67 41118 1.90 6.60 8.30 7
20241228토 2120012외430 3 8314혼전 4455맑음건조 5 2 4픽처            THOUSAND잉글리시        미수 2 0 0 9 6 104211:00 41250혼4강성오박희상   214 2 2 215 1 0 0 1  0이혁  50055.088하무보38 35 3548  .049.018.42345 41346 3221727 027 8282118      →↗선14.237.139.914.1702237.139.6 77.3 77.0  0  0  0 0   14.20   14.40 5  2  0NH동       1212         8.0    12 0최빈거리부중효과 1기 111 7     7 8 9⑩1:17.3코   1.514.040.114.1  2  6  .0010 8  1 2.97444757034 91012 80 1 3.02 5.07     3.8  6.6   12.1   23.7  173.7  .01966 0 4 5 0― -.138.70 -.24 -.0376.62 3.8910.7118.35 1 510 8.0915.9428.1610
20241124일 2120010외411 3 1315 1강 1155맑음건조 4 2 4픽처            THOUSAND잉글리시        미거 2     2 6 114011:00 41250혼4강성오박희상   215 1 1 115 1 0 0 0  0김철호49455.061평무보   35 3540  .034.014.71350 61346 32217202527 8142025      ↗↘추14.236.738.514.0    36.939.3 76.7 76.5              14.20   14.30        LN동       12 0                 0 0일반주행보통주행 1기 0 9 6     3 4 4⑧1:16.71    1.414.239.714.4  1 -9  .00 8 7  0 2.86231675537 5 5 5 90 1 1.04 7.08     1.8  1.1    5.6    7.2   47.3  .01522-1 3 3-1▽ -.939.00  .85 1.2875.61 3.27 7.4314.73 1 4 910.0020.0030.00 9
20261004일 2130011국4 4 4  6 0 3강 3353           2 5스톰트루퍼      카우보이레디포코 5732.00한거 3 0 0   1    011:00 33000혼4정호익에릭코   3 015 2 414 1 2 214  0정우주   51.059평입보50 43 432812.039.015.71256 72133 8242812 023131630136733 0↗→입13.837.139.513.77241                   40 40 3010   13.80   13.70 4 -6 -2NUDN55.54791412  .0 6.6 6.6444413-1일반주행최적거리50기 1 5                            13.8    13.7        .0                       7 9 911  2                                            11.21844 0 3 3 0― -.639.50  .51     83.03 4.15 8.8815.72 0 2 4 2.15 5.9111.1811
20260906일 7140011국453 3 56 1 2강 2251맑음양호 6 2 5스톰트루퍼      카우보이레디포코 5732.00한거 3 0 0 1 1   46      33000국4정호익에릭코   3 114 1 314 1 2 213  0정정희48053.080평입하39 28 2830 8.036.0 9.51943102133 82428 0 023132025156733 0→↗입13.736.839.913.7622537.139.6 88.7 89.4 44 44 3311   13.60   13.60 4  0  2VNUP55.54791412  .4 5.2 5.6484813 2숨은복병보통주행67기 111 6     6 6 8⑨1:28.7½   1.413.839.313.7  0  3  .00 9 9  1 2.16349555337 81011112 1 6.02 2.07 2.4 4.5 12.4   18.5   59.8   14.6  .02016-3 2 3-3▼-1.239.20  .2412.7389.07 1.28 5.18 9.48 0 2 4 1.50 4.40 9.5210
20260808토 8120011국513 3 66 2혼전 4451맑음건조 2 2 5스톰트루퍼      카우보이레디포코 6426.00한거 3 0 0 1 1   84      33000국5정호익에릭코   3 213 9 714 1 2 212  0우인철47751.575평입상83 83 836655.058.023.02048102133 82428 0 023131128236733 0↗↘입13.737.038.813.7594936.639.6 75.4 76.5 50 63 2525   13.40   13.50 5  7 -4VUDN55.54791412  .4 3.8 4.2585813-1교체성공탄력호전38기 011 5     4 4 5⑨1:15.4목   1.413.639.013.6  1  4  .00 9 8  3 1.56419735537 6 9 4 70 1 9.01 7.09 1.5 5.0 30.6   16.5   51.9   67.8  .03070 0 5 5 0―  .538.70  .29  .6775.95 5.4313.7222.98 4111811.1119.5330.91 6
20260704토 5130011국553 5106 3혼전 4451흐림건조 4 2 5스톰트루퍼      카우보이레디포코 5732.00한거 3 0 0 1 1   76      24750국5정호익에릭코   3 312 8 314 1 1 211  0정우주47355.559평선하36 35 352722.040.017.51256 72133 8242812 0231316301399 0 0↗→입13.837.039.613.7753737.138.9 81.6 82.1 43 43 2929   13.90   14.20 6  0  1HNDN55.54821412 1.2 3.0 4.2585812-1숨은복병거리속성66기 1 4 1     2 4 1①1:21.6머리  .013.438.713.5 -4 -1  .00 1 5  0  .01228351982 6 9 7 82 1 5.06 4.02 2.1 6.9  9.9   57.6  142.2  195.1  .02026-2 3 4-2▽ -.939.80  .46 5.4783.03 5.35 9.8817.53 2 714 8.4513.8423.53 8
20260523토 5140011국514 8 66 4혼전 4451맑음다습13 2 5스톰트루퍼      카우보이레디포코 5732.00한거 3 0 0 2 1  116      24750국5정호익에릭코   3 411 7 214 1 1 210  0장추열47455.093우선하45 46 466937.048.023.43049122133 8242828 0231320272299 0 0↘↗입13.836.739.713.7723437.240.2 89.4 89.5 50 50 3333   13.80   14.1011 -4  0HHUP55.54821412  .4 3.0 3.4696914 1교체실패최적거리38기 0 4 4     4 4 5⑥1:29.42½  1.613.940.214.2  1 -9  .00 6 5  1 1.85952727234 4 8 6 52 2 3.01 1.02 1.6 4.2  6.2    4.2   12.1    6.8  .02071 0 5 4 0― -.239.30  .0513.0888.86 5.8814.3823.37 81729 6.4918.8229.37 5
20260308일 5130011국512 6 66 5혼전 4451맑음다습13 2 5스톰트루퍼      카우보이레디포코 5732.00한수 3 0 0 2 2  213      24750국5정호익에릭코   3 510 6 214 1 1 2 9  0푸르칸48355.081우선하36 44 448643.053.032.32478142448 62428 0 0231314242199 0 0↘↗추13.836.839.313.7925337.240.2 83.5 84.0 33 50 3333   14.10   13.80 4  0 -1NHUP55.54821412  .0 2.6 2.6767614 1숨은복병작전마주80기 2 8 4     3 4 9⑨1:23.52    1.813.840.314.1  5 -5  .05 9 4 -2 1.87429776530 2 6 6 40 1 1.0311.07 1.7 3.5  1.7    7.2    9.6    9.1  .02476 1 6 6 1―  .340.50  .37 7.9182.7110.8522.2532.31 9223511.1122.3526.93 4
20260207토 4120011국554 8106 6혼전 4451맑음건조 2 2 5스톰트루퍼      카우보이레디포코 6426.00한수 3 0 0 2 1   70      24750국5정호익에릭코   3 6 9 5 614 1 1 2 8  0씨씨웡48856.093우선하78 82 828567.059.024.73456112133 8242821 0231321252299 0 0→↘선13.736.838.413.4818037.439.2 77.0 76.3 60 60 4020   13.70   14.00 4  4 -1LN동55.54821412  .0 2.6 2.6767614 0전개최상작전마주40기 0 8 6     6 6 8⑧1:17.04    1.814.139.713.8  2  7  .00 8 6  5 1.95859636630 5 2 3 62 1 7.08 1.06 3.2 8.8 10.7   52.4  142.9  166.0  .03473 0 7 6 0―  .538.90  .56 1.1275.61 6.8315.5624.71 5132311.1120.1633.61 5
20260111일 5120011국534 8 86 7 1강 1151맑음양호 6 2 5스톰트루퍼      카우보이레디포코 6426.00한수 3 0 0 2 1   69      24750국5정호익에릭코   3 7 8 4 514 1 1 2 7  0장추열48156.593강선하84 85 859989.070.064.13049122133 8242828 0231320272299 0 0↘↗입13.736.738.513.3868036.939.1 76.7 75.8 60 80 4040   13.60   13.20 3  1  1HN동55.54821412 -.5 2.8 2.3808012 0전개최상전개최상58기 1 4 5     5 5 5⑤1:16.7목    .513.739.514.0  4 -4  .09 5 1 -1  .74235605066 3 1 1 12 110.05 8.06 1.8 4.8 57.2  283.3  716.3  310.3  .05597 4 9 9 4☆ 2.038.80 -.56  .6175.6133.6654.2664.0537597131.6348.5461.68 1
20251221일 5120011국524 2 76 8 3강 3351맑음다습14 2 5스톰트루퍼      카우보이레디포코 6426.00한수 2 0 1 2 1   5013:35 24750국5정호익에릭코   3 8 7 3 414 1 1 2 6  1마이아48556.093강도하83 87 879885.072.054.83453132133 8242841 023133533 799 0 0↘↗선13.736.738.913.1896137.438.0 74.2 75.7 75 75 5050   13.60   13.80 4  2  1UN동55.54821412 -.5 2.8 2.3808012 0전개최상전개최상73기 0 3 6     5 6 5④1:14.21     .713.637.813.2  2 -6  .00 4 2  1  .73456242657 4 7 3 22 5 6.01 8.06     2.6 25.0    8.0   48.7   15.412.24299 4 9 9 4☆ 1.838.80 -.52  .0975.8425.8943.1154.7734536523.5839.1150.59 2
20251123일 6120010국524 3 76 9혼전 4451맑음건조 3 2 5스톰트루퍼      카우보이레디포코 6426.00한수 2 0 1 2 1   94      24750국5정호익에릭코   3 9 6 2 314 1 1 2 5  1해리카49155.569우도보91 96 969979.063.053.71444112133 8242813 0231317261299 0 0→→입13.736.639.313.1924537.038.5 75.4 75.7 75 75 5050   13.80   13.40 4 -6  1UN동55.54821412-1.0 3.3 2.3787812 0전개최상전개최상46기 1 1 2     4 3 4⑤1:15.4½    .413.638.913.8  4  8  .09 5 1  0  .73537393066 1 8 1 12 1 3.10 5.08 1.7 3.3  9.8  316.6  614.6 1014.410.54294 3 9 8 3▲ 1.138.90 -.66 -.1876.0022.0739.2253.6919375429.4148.3263.67 1
20251026일 5120011국512 7 6610혼전 4453흐림양호 6 2 5스톰트루퍼      카우보이레디포코 6426.00한수 2 0 1 9 1  183      24750국5정호익에릭코   310 5 1 214 1 1 1 4  1유승완48354.572우도보83 89 899978.063.055.51961 92133 8242815 0231315272299 0 0→↘입13.636.638.813.1905737.137.9 75.7 74.9 67 67 6733   13.50   13.40 4  3 -1NUDN55.54821410-1.5 4.5 3.0747412-2전개최상전개최상74기 2 7 2     2 1 2②1:15.74     .013.838.213.4  1 -4  .00 2 1  0  .71038191487 1 5 1 11 1 8.0111.07 1.5 5.3 23.5   13.8   52.6   37.510.54297 3 9 8 3▲ 1.238.60 -.41 -.5575.7227.2445.0755.4937557026.5644.4462.03 1
20250928일 2140011국624 7 7611 1강 1151비  불량20 2 5스톰트루퍼      카우보이레디포코 5732.00한수 2 0 0 9 2  25211:00 16500국6정호익에릭코   311 4 4 114 4 0 1 3  0마이아48755.593기도적80 95 959896.075.067.14063102448 6242841 023133533 799 0 0→↘선13.736.540.413.3871036.039.8 86.9 88.3 50 50 5050   13.40   14.10 4 -1  0UUUP55.54761410  .0 4.0 4.0636312 1전개최상전개최상46기 1 4 2     1 1 1①1:26.9½    .013.539.213.4  0  6  .00 1 1  0  .023 3642287 1 9 1 11 4 1.08 4.05     4.7  1.9   14.3   19.3   30.6  .04897 3 9 9 3★ 2.039.30-1.4011.3989.2136.0356.2067.0937607238.7662.4557.89 1
20250831일 2130011국611 5 1612 1강 1159맑음다습13 2 5스톰트루퍼      카우보이레디포코 5732.00한수 2 0 1 9 2  33611:00 16500국6정호익에릭코   312 3 3 114 3 0 1 2  1마이아48155.593기도보85 35 3595  .076.083.64063102448 6242841 023133533 799 0 0→↘선13.737.039.113.3819736.539.6 81.7 82.1 50 50 5050   13.60   13.60 4 -5  0NUUP55.54761310         2.0    12 1도주강력전개최상68기 1 5 3     1 1 2③1:21.71     .213.439.614.1  2  5  .01 3 1 -4  .412 6632473 3 111 11 3 3.1011.08     2.7 10.0  303.6  511.1   88.3  .04285 3 9 8 3▲ 2.239.80-1.06 5.9982.7143.9466.9883.5937597119.6431.8883.87 3
20250803일 1120012국651 710613혼전 4455흐림건조 3 2 5스톰트루퍼      카우보이레디포코 6426.00한수 2 0 0 1 3  40210:35 24750국6정호익에릭코   313 2 2 114 2 0 0 1  0마이아47655.593평도보52 35 3585  .073.053.0335031225610242841 023133533 7      →→선13.836.740.013.893 936.937.6 75.7 74.8  0  0100 0   13.80   14.10 4  6  0BHUP       1210         4.0    10 2마방기습도주강력45기 110 2     2 1 1②1:15.7목    .013.638.613.6 -3  8  .00 2 5  1  .0103212 789 410 6 21 2 8.0512.10     5.6 38.2  131.9  387.7  118.010.63171 0 7 7 0― 1.338.50-1.08-1.8776.4519.7840.0453.01375570 7.9715.9429.8910
20250705토 1100010국640 7 9614혼전 4455맑음건조 3 2 5스톰트루퍼      카우보이레디포코 6426.00한수 2     1 3  49410:35 24750국6정호익에릭코   314 1 1 114 1 0 0 0  0마이아46855.593평무보42 35 3548  .067.051.5335031225610242841 023133533 7      →→선14.137.838.113.3412536.539.0 63.4 63.1              14.10   13.60        NN동       10 0         4.0     0 0일반주행마방기습50기 1 4 2     2 3 3④1:03.41¾   .613.839.114.1  0  8  .00 4 4  0 2.15213804862 8 7 8 11 1 1.06 1.05     5.3  3.2   42.0   62.6   36.5  .02560 0 6 8 0▲ 1.137.30 -.96-12.863.2621.0836.5751.5234536510.0020.0030.00 4
20261004일 2130011국5 4 4  2 0 3강 3353           2 6울트라삭스      올드패션그레이스 7130.00한암 6 0 0   1    011:00 33000혼4강성오김창식   1 016 6 641 1 2 440  0안드레   52.576기선보50 50 504732.046.023.02339 52554112224 0 027 83528 48813 0→↘선13.736.739.614.28817                   25 25 44 9   13.80   14.50 5  2  2NNDN53.14561812-2.8 8.8 6.0494910-3일반주행기복전력58관 0 6                            13.8    14.5        .0                       110 6 7  1                                              .02041 0 5 5 0― -.139.60  .50     82.84 5.7914.2922.97 1 510 4.3012.8119.57 8
20260829토 71600 9국454 7 52 1혼전 4451맑음다습12 2 6울트라삭스      올드패션그레이스 7130.00한암 6 0 0 9 1   76      33000국4강성오김창식   1 115 5 141 1 2 439  0우인철45351.074기도적41 41 411522.047.021.52048102554112224 62427 81128238813 0↗↘입13.635.940.314.287 636.941.4103.4104.6 26 26 4510   13.20   14.70 5 -5  0VUUP53.14561812-3.6 9.0 5.4535310 2숨은탄력기복전력21관 0 4 3   3 5 6 8⑨1:43.42½  2.813.840.714.5  1 -8  .00 9 8 -2 3.48577849115 2 6 8 72 2 7.03 2.01 2.2 3.0 20.5   61.6  173.0   47.2  .01732-1 5 6-1▽ -.340.30  .2528.35103.2 5.5912.7521.49 2 714 6.3811.4620.55 8
20260726일 6140011국452 5102 2혼전 4441맑음양호 9 2 6울트라삭스      올드패션그레이스 7130.00한암 6 0 0 9 1   76      33000국4강성오김창식   1 214 41041 1 2 438  0권중석46151.066기선적39 40 405737.053.024.31341 62554112224443327 81918188813 0↘→선13.636.439.814.187 835.641.6 88.3 89.1 23 30 40 7   13.90   14.30 3  2 -1BU동53.14561812-2.4 8.2 5.8484810 0일반주행기복전력45기 0 9 1     3 3 4⑥1:28.3¾   1.013.241.414.7 -4 -7  .00 610  2 1.552 1926850 1 9 7 52 1 1.0611.08 2.8 6.6  2.8   12.2   17.0   42.5  .01861 0 6 8 0―  .339.60  .1512.9088.73 6.4214.9724.32 61224 5.1515.4625.85 5
20260705일 71400 9국451 4102 3 3강 3351흐림건조 4 2 6울트라삭스      올드패션그레이스 7130.00한암 6 0 0 1 1   44      33000국4강성오김창식   1 313 3 941 1 2 437  0우인철46851.574기선적31 33 335317.046.017.72048102554112224 62427 81128238813 0↗↘입13.636.539.814.0821037.039.7 87.9 89.0 24 31 34 7   13.90   14.00 6  3 -4NU동53.14561812-1.2 8.2 7.0444410 0일반주행기복전력72기 0 7 4     3 3 4⑤1:27.91½   .913.939.414.3 -3  0  .00 5 8 -2 2.74941605452 3 9 8 82 1 1.03 5.02 3.1 6.2  3.1    7.6   13.3   11.2  .01549 0 5 5 0― -.339.40  .2512.6988.80 3.55 9.2317.74 1 510 2.07 6.6715.04 8
20260523토 6140011국423 9 72 4혼전 4451맑음다습13 2 6울트라삭스      올드패션그레이스 7130.00한암 6 0 0 2 1  115      33000국4강성오김창식   1 412 2 841 1 2 436  0장추열46855.593기선적34 34 347956.067.045.13049122554112224381727 82027228813 0↘↗입13.636.439.814.1841037.040.1 89.6 89.4 25 32 3611   13.90   14.30 4 -3  3VV동53.14561812-1.0 7.6 6.6424210 0승군불리기복전력19관 0 4 6     6 710⑧1:29.62    1.213.940.214.0 -2  6  .00 810  5 1.35636686050 210 8 20 2 2.01 7.02 1.7 2.7  3.8    2.7    7.9    7.0  .03586 3 8 9 3▲ 1.339.60 -.4013.1988.7315.9032.7345.08184054 7.6919.7932.04 4
20260426일 6140011국411 9 62 5 1강 1153맑음건조 3 2 6울트라삭스      올드패션그레이스 7130.00한암 6 0 0 9 1   65      33000국4강성오김창식   1 511 1 741 1 2 435  0이혁  46253.078기도적58 50 508178.060.038.62258 82554112224271627 82821188813 0↗↘선13.636.439.814.0841036.740.1 90.6 89.0 25 32 46 7   13.60   14.30 5 -3 -1NH동53.14561812  .4 6.8 7.2343410 0전개최상기복전력88기 0 7 1     1 1 5⑩1:30.6목   1.013.940.914.3  5 -2  .0510 5 -3 1.15029705855 1 9 4 21 811.10 5.10 1.9 7.7 64.6  647.2  901.5 1566.0  .03480 0 7 8 0▲  .939.50 -.2412.7688.7312.9526.0238.6018385418.0933.3351.58 2
20260322일 6140010국512 9 62 6 2강 2259맑음건조 5 2 6울트라삭스      올드패션그레이스 7130.00한암 6 0 0 2 1   89      41250국5강성오김창식   1 610 4 641 1 2 334  0장추열46453.593기도적23 22 229393.071.064.63049122554112224381727 82027228614 0↘↗입13.636.439.814.188 836.839.0 89.5 88.1 22 33 44 7   14.10   14.60 5  8  1VNDN53.14551812  .4 6.8 7.2343410-3전개유리전개최상40관 110 2     2 2 2②1:29.51¼   .013.639.814.3 -6  2  .00 2 8 -1  .21829372392 1 9 7 11 1 6.08 6.10 1.6 4.6 18.4  194.4  373.5  372.3  .04894 3 9 9 3★ 1.839.30 -.9311.9088.7333.4252.4964.5737607230.9755.0270.03 1
20260215일 9170011국541 5 92 7혼전 4451맑음건조 3 2 6울트라삭스      올드패션그레이스 7130.00한암 6 0 0 2 1   75      33000국5강성오김창식   1 7 9 3 141 1 2 333  0김용근46252.585기선적15 17 177048.058.028.2265114255411222424 627 83127148614 0→↘선13.639.041.614.0951238.742.8113.0114.2 23 35 4212   14.10   14.30 4 -2  0HHDN53.14551812 -.4 7.0 6.6424210-1교체실패기복전력64관 1 2 1 1 1 1 1 4⑥1:53.03    1.614.142.314.6 -3 -2  .00 6 9  3 2.368 5886835 1 8 9 61 2 1.02 7.01 2.6 4.7  2.6    4.7    8.1    8.812.73170 2 7 7 2△  .742.20  .1333.55113.5 7.4817.4128.19 5132312.6118.8023.60 5
20260117토 7180011국551 6102 8 1강 1151맑음건조 5 2 6울트라삭스      올드패션그레이스 2439.00한암 6 0 0 2 1   78      33000국5강성오김창식   1 8 8 2 141 1 2 332  0조재로46452.588기선적17 17 176649.058.036.1345314255411222430 627 81926228614 0→↘입13.639.540.914.0761239.342.2119.9120.5 28 32 40 8   13.50   14.30 4  1 -2VHUP53.14551812 -.8 7.2 6.4494910 4승군불리기복전력 5관 0 4 3 3 4 7 8 8⑧1:59.9동착 1.914.142.114.3  2  7  .00 8 6 -2 2.48314877127 1 8 7 40 1 2.01 6.01 2.9 5.2  3.1    5.2    9.3    9.5  .02866 1 7 7 1―  .641.60 -.2240.12118.712.2222.9036.11 92235 8.7719.9131.89 4
20251220토 8140011국412 4 62 9혼전 4451비  포화16 2 6울트라삭스      올드패션그레이스 7130.00한암 5 0 0 2 1   7916:05 33000국4강성오김창식   1 9 7 1 541 1 2 331  0빅투아45754.091기선보40 24 247836.054.023.43052132554112224182427 82228178614 0→→선13.636.539.714.0811236.640.7 87.8 89.8 25 33 33 8   13.70   14.60 7  1 -1VNUP53.14551412-1.8 7.2 5.4464610 1거리늘어기복전력30관 0 3 1     2 2 9⑪1:27.8½   1.613.539.814.3  3  2  .0011 8  1 2.27527837533 1 911 71 7 3.07 4.07     6.1 10.4   40.3   96.0   22.9  .03275 0 6 7 0―  .539.60  .1813.5888.73 6.0114.4123.37 71728 5.6613.3320.18 8
20251101토 7130011국552 410210혼전 4443맑음건조 5 2 6울트라삭스      올드패션그레이스 7130.00한암 5 0 0 1 1  170      33000혼4강성오김창식   110 620 541 1 2 330  0이동하45555.090기선하38 35 357443.061.041.53254152554112224172127 82524198614 0↗↘선13.636.839.614.0872537.040.2 83.4 83.6 26 35 39 9   13.70   13.50 6 -3  3HLUP53.14551412-1.0 7.0 6.0414110 1일반주행기복전력56관 0 2 2     2 4 4⑥1:23.42    1.513.740.314.6 -1 -3  .00 6 7  3 1.66119765734 2 6 4 32 2 2.0310.03 2.1 5.4  5.2   13.6   28.5   61.312.72979 2 7 8 2▲  .940.40 -.06 7.1682.9015.3929.6041.4912264016.0725.3335.08 4
20250920토 7120011국434 2 8211혼전 4451맑음포화16 2 6울트라삭스      올드패션그레이스 7319.00한암 5 0 0 2 2  278      33000국4강성오김창식   111 5191141 1 2 329  0빅투아45852.590기도적50 57 576846.059.034.82840172340142224182427 82228178614 0→→선13.636.739.014.0792237.138.5 73.8 76.0 27 36 41 9   13.60   13.30 4  0  1NNDN53.14551412-2.2 8.0 5.8434310-2부중유리기복전력 5관 0 5 5     5 5 5⑤1:13.81½  1.213.737.713.5  1  2  .00 5 4 -6 1.34641403243 310 7 32 6 1.02 1.11 2.4 3.2  2.4    3.2    5.5   16.9  .03179 1 6 7 1△  .838.80  .00  .3075.8910.1522.2634.75152944 8.5716.3526.50 5
20250823토 7140011국434 3 8212혼전 4451맑음건조 4 2 6울트라삭스      올드패션그레이스 7130.00한암 5 0 0 2 2  36216:05 33000국4강성오김창식   112 418 441 1 2 328  0씨씨웡45652.090기도보38 33 336548.063.034.5265211234014222420 027 821252299 0 0↘→선13.636.539.814.179 936.739.5 87.2 88.8 29 38 4310   13.50   13.60 5  2 -1NUUP53.34541412-1.6 7.6 6.0424210 2숨은탄력기복전력15관 0 5 4     5 5 5③1:27.21½   .213.638.513.3 -7 -1  .00 310  3  .34324553672 310 8 42 1 6.03 8.10     5.8 11.2   16.5   40.9  233.112.73170 2 6 9 2▲ 1.039.40 -.2012.5488.8011.9022.7734.51 9223513.5119.8228.44 5
20250719토 5120011국454 210213혼전 4451흐림포화19 2 6울트라삭스      올드패션그레이스 7319.00한암 5 0 0 2 3  45014:40 33000국4강성오김창식   113 3171041 1 2 327  0빅투아45752.590기도적16 11 116623.046.016.02956151755 82224182427 822281799 0 0↘→선13.636.739.214.1771536.838.4 74.0 75.9 30 40 4510   13.40   15.00 4 -4 -1VHDN53.34541412-1.0 7.8 6.8313110-2일반주행기복전력40기 0 3 2     2 3 4⑦1:14.0목    .813.538.213.6  0 -4  .00 7 7 -1 1.84325341956 4 7 7 81 5 6.04 8.04     7.1 10.7   47.5   93.6  214.5  .01563 0 5 5 0― -.338.80  .43  .0276.00 3.38 8.5916.01 2 714 5.3212.3715.13 7
20250621토 51400 8국434 5 3214혼전 4451흐림포화19 2 6울트라삭스      올드패션그레이스 7130.00한암 5 0 0 2 3  53014:40 33000국4강성오김창식   114 216 341 1 2 326  0이혁  46153.581기도적 8  2  230 9.039.011.62132101755 82224271627 828211899 0 0↗↘선13.636.639.814.167 835.842.2 88.4 90.5 32 42 4211   13.70   14.70 4 -3  0NHUP53.34541412 -.4 8.0 7.6292910 2숨은복병기복전력64기 0 7 2     2 3 5⑥1:28.46    2.113.441.115.0 -2  2  .00 6 8  2 2.486 1968623 4 6 8 81 7 5.03 8.05     3.1 13.5   24.1   65.8   15.0  .02028-3 3 3-3▽-1.039.70  .3514.1088.86 1.56 4.9911.55 2 714 1.94 4.8512.24 8
20250525일 6120011국424 2 7215혼전 4451맑음양호 8 2 6울트라삭스      올드패션그레이스 7319.00한암 5 0 0 2 3  59914:25 33000국4강성오김창식   115 115 941 4 2 325  0빅투아45953.590기도적55 40 404834.055.023.72956151755 82224182427 822281799 0 0↘→선13.636.939.013.8612537.240.7 76.8 78.2 33 44 4411   13.60   13.60 3 -1 -1LH동53.34541412 -.8 8.0 7.2333310 0마방선전기복전력40기 010 6     5 6 7⑨1:16.86    3.313.740.214.7  3  1  .00 9 6 -3 3.692459189 8 9 8 6 72 4 3.04 5.02     3.9  7.9   23.7   52.4  307.1  .02542 0 5 7 0―  .339.30  .20 2.2676.00 6.9315.0523.73 51323 4.2112.3220.06 8
20261004일 2130011국4 4 4  5 0 3강 3353           2 7운주타임        카우보이임패션드 5732.00한암 4 0 0   1    011:00 33000혼4김동철부수선  -5 015 1 814 2 1 314  0오수철   52.561우입상50 57 575629.042.018.2 733 52352111733 0 01714112215 03367↘↗입14.037.539.013.84176                   38 62  815   13.70   13.50 4  2  0NUUP54.34381413-2.4 6.0 3.6656512 1마주성향마방기습56기 0 7                            13.7    13.5        .0                       9 5 410  2                                            10.92570 0 5 5 0― -.339.00  .51     82.97 4.5010.3018.15 1 3 6 4.3013.7921.43 7
20260905토10120011국523 2 25 1혼전 4451맑음양호 7 2 7운주타임        카우보이임패션드 6426.00한암 4 0 0 1 1   53      33000혼4김동철부수선  -5 114 8 614 1 1 313  0오수철45352.562평추상83 84 846163.061.037.0 733 52352111733 0 01714112215 02080↘↗입14.037.538.413.8227637.138.1 74.5 75.5 42 58  817   13.70   13.50 9  3 -2NUDN54.74341413-2.2 6.2 4.0626212-1배당마주마주성향32기 0 5 6     6 5 4③1:14.51½   .313.738.013.5 -4 14  .00 3 7  1  .53045252270 8 5 2 32 1 5.01 6.07 1.8 2.1 19.3   10.2   41.0   48.5  .03684 3 7 5 3△ 1.137.90 -.17 -.4476.0011.8524.2037.0015294411.3627.4738.38 4
20260704토 5130011국553 5105 2혼전 4441흐림건조 4 2 7운주타임        카우보이임패션드 5732.00한암 4 0 0 1 1  167      24750국5김동균부수선  -5 213 7 714 1 1 212  0송재철43954.576평입상49 53 536130.056.040.01745 81751 6203616 019 8192520 02575→→입14.037.439.213.8476537.838.1 81.6 82.0 36 45  9 9   13.90   13.80 3 -2 -1HN동54.84331413-1.8 6.4 4.6595912 0배당마주배당마주38기 0 2 6     9 8 3②1:21.6머리  .013.737.913.5 -4 -1  .00 2 6  0  .01363131882 9 2 6 33 1 5.06 4.02 2.1 6.9  9.9   57.6  142.2  195.1  .02363 1 5 6 1―  .539.40 -.15 5.4283.0314.8929.0240.04 92235 7.0417.6125.88 5
20260614일 5130011국551 3105 3혼전 4451흐림건조 3 2 7운주타임        카우보이임패션드 5732.00한암 4 0 0 2 1   46      24750국5김동균부수선  -5 312 6 614 1 1 211  0조재로44055.088평입하23 24 245028.057.037.83453141751 62036 82719 8192622 03367→↘입14.037.439.313.8525737.738.8 82.6 82.9 40 30 1010   15.10   14.20 7 -2  1HN동54.74311412-1.4 6.6 5.2535312 0마주성향배당마주60기 0 4 6     6 6 4③1:22.64     .713.938.813.8 -3  3  .00 3 6 -1  .93655293159 7 7 8 4310 7.04 2.07 4.414.3 10.3   29.0   56.9   65.012.73167 2 5 7 2―  .639.60 -.16 6.2283.1014.7225.7537.83 92235 8.3320.1330.92 5
20260425토 6130011국550 2 55 4혼전 4451맑음건조 3 2 7운주타임        카우보이임패션드 5732.00한암 4 0 0 9 1  136      24750국5김동균부수선  -5 411 5 514 1 1 210  0유승완43754.069우입보62 74 747351.053.024.21961 91751 6203619 019 8152722 03367→↘입14.037.339.213.8596539.139.5 83.5 84.3 44 56 1111   14.10   13.30 7 -5 -1NH동54.74311412-1.6 5.4 3.8686813 0교체성공마주성향38기 0 610     9 9 8⑧1:23.52½  2.115.139.314.2  1  1  .00 8 7  3 2.58096558721 9 6 3 60 1 4.0110.03 2.1 4.9  8.5    8.1   21.5   20.5  .03068 0 6 5 0―  .340.10  .35 7.8382.97 6.6315.2024.21 51120 9.7823.0432.78 3
20260307토 5130011국532 6 85 5혼전 4451맑음포화15 2 7운주타임        카우보이임패션드 5732.00한암 4 0 0 2 1  143      24750국5김동철부수선  -5 510 4 414 1 1 1 9  0조재로43654.588우입상65 65 656565.062.039.6345314235211173322271714192622 05050→↘입14.037.639.213.8366937.639.1 81.1 82.9 38 63 1313   14.60   13.60 5  3  1VN동54.84291412-2.0 5.8 3.8686813 0마주성향마주성향64기 11110     9 8 3②1:21.1½    .014.138.313.3 -2 -2  .00 2 4 -4  .1395245458011 5 3 33 9 2.04 7.11 3.0 4.8  3.1   17.8   23.7   51.212.72988 2 7 8 2▲  .939.40 -.28 6.1083.1615.6328.5939.5912264012.9931.1141.34 2
20260201일 3130011국533 7 85 6혼전 4441맑음건조 2 2 7운주타임        카우보이임패션드 5732.00한암 4 0 0 1 1   81      24750국5김동철부수선  -5 6 9 3 314 1 1 1 8  0정정희43854.080우입상83 80 806562.056.026.7194310235211173317 01714202515 05050→↗입14.037.439.213.9506537.939.2 82.7 82.6 43 43 1414   14.10   13.60 5  0  2NNUP54.84291412-1.2 4.8 3.6696913 1편성만만마주성향 5기 1 811    11 9 6⑤1:22.7머리  .814.638.913.6 -3 -2  .00 5 8  1 1.3296450585910 6 2 63 1 5.03 4.01 1.9 5.7 14.9   35.0   88.4  230.2  .02972 0 7 6 0―  .439.60  .21 5.9783.03 8.1117.3626.70 51323 9.3821.7832.38 4
20251227토 3120011국521 6 75 7혼전 4441흐림다습14 2 7운주타임        카우보이임패션드 6426.00한암 3 0 0 9 1  10411:25 24750국5김동철부수선  -5 7 8 2 514 8 1 1 7  0조재로44052.588우입보63 59 595444.054.028.0345314235211173322271714192622 05050→↘입13.937.238.714.0526137.338.3 75.3 75.3 50 67 1717   14.10   14.3010  7  0NUDN54.84291412 -.8 4.0 3.2707013-2마주성향배당마주39기 0 8 9     5 5 5⑤1:15.3¾    .414.138.313.6 -2  8  .00 5 7  0 1.42556313469 7 4 7 62 8 1.02 1.05     4.9  2.0    4.9    7.6   14.4  .02546 0 6 6 0―  .338.10  .09 -.5776.00 8.6418.2127.99 51323 8.5116.3026.62 6
20251018토 5140011국521 8 75 8혼전 4451흐림포화19 2 7운주타임        카우보이임패션드 5732.00한암 3 0 0 2 2  21613:35 24750국5김동철부수선  -5 8 7 1 114 7 1 1 6  0조재로43252.587우입보94 94 947880.065.036.62443 7267512173322271714192622 05050→→입13.937.039.213.8477337.039.8 89.2 89.2 60 60 2020   14.20   13.20 8 -5 -3UUUP54.84291412 -.2 3.0 2.8757513 1마주성향마주성향45기 1 1 7     4 4 4⑥1:29.21¼  1.614.139.414.3 -1  3  .00 6 7  6 1.85442655934 6 3 1 32 7 4.03 3.09     5.3  9.1   23.0   46.6   18.710.53677 3 8 9 3▲ 1.239.00 -.1912.9588.7314.3226.4136.5812264017.8032.8842.11 1
20250824일 2130010국612 4 65 9 2강 2251흐림건조 4 2 7운주타임        카우보이임패션드 5732.00한암 3 0 0 2 2  357      16500국6김동철부수선  -5 9 6 6 214 6 0 1 5  0조재로42955.087우입상67 95 958390.070.065.72443 7267512173322271714192622 099 0→→입13.937.139.714.1745337.937.2 81.1 81.2 50 50 25 0   13.70   14.30 5 -5  0NVUP54.54281312 -.3 3.5 3.3707012 1마주성향마주성향72기 1 6 7     7 6 2①1:21.11¾  -.314.237.213.2  0 -5  .00 1 1 -5  .0 166 1 491 2 5 1 23 6 1.04 6.03 1.9 5.1  1.9    7.5   11.8   90.3  .04184 3 9 8 3▲ 1.739.50 -.99 4.4183.1629.1150.3165.6820435837.2169.4681.82 1
20250719토 1120010국641 6 9510 2강 2254비  불량20 2 7운주타임        카우보이임패션드 6426.00한암 3 0 0 2 3  454      16500국6김동철부수선  -510 5 5 414 5 0 0 4  0조재로43455.087평입하77 93 939092.073.076.52744162643 9173322271714192622 099 0↘→입13.937.338.913.9517336.739.1 75.3 75.6 33 33  0 0   14.20   14.5012  5  0NVDN54.54281312 1.0 2.7 3.7656512-1주행고전마주성향36기 011 3     3 2 2②1:15.316    .013.739.314.3 -4 16  .00 2 6  3 2.92919593678 7 1 1 12 5 1.06 4.11 2.7 6.2  2.7   17.5   24.8   18.9  .04184 3 9 8 3▲ 1.838.10-1.49 -.6476.1735.1960.1676.5434536534.2658.3735.47 1
20250426토 2130011국651 910511혼전 4452맑음양호 9 2 7운주타임        카우보이임패션드 5732.00한암 3 0 0 9 4  69711:25 16500국6김동철부수선  -511 4 4 114 4 0 0 3  0조재로41855.083평입보42 70 707275.069.052.72963111767 0173322271714192622 099 0↗↘입13.937.339.513.9637337.139.6 84.2 82.7 33 33  0 0   14.10   14.40 6 -5  1NVUP54.54281312 1.0 2.5 3.5676712 1마주성향마주성향 1기 0 6 9     8 9 6⑦1:24.2½    .414.240.214.5  4-14  .01 7 3  0  .53128614470 3 3 2 20 4 6.0511.03     6.1 10.6   54.3  133.8 1086.713.23158 2 8 8 2▲ 1.639.70 -.64 5.9083.1621.8339.5452.6518385420.2437.0438.10 2
20250315토 2120011국653 610512혼전 4451맑음양호 7 2 7운주타임        카우보이임패션드 6426.00한암 3 0 0 2 5  82311:25 16500국6김동철부수선  -512 3 3 314 3 0 0 2  0조재로43254.584우입보88 99 998385.068.042.31741 91944 7173322271714192622 099 0↘↗입13.937.438.813.9438037.139.3 77.0 76.2 50 50  0 0   14.10   14.20 9  1  0VN동54.54281212 2.0 2.0 4.0575712 0배당마주마주성향 1기 011 9     9 6 5④1:17.02½   .714.139.814.4  1  4  .00 4 3  0 2.15342655958 9 3 1 30 3 2.07 2.10     8.4  4.3   19.6   29.8   58.510.54072 2 8 8 2▲ 1.338.20 -.48  .0176.1712.8728.9642.2712264025.0037.6140.62 1
20250112일 1120011국640 7 9513 3강 3359맑음건조 4 2 7운주타임        카우보이임패션드 6426.00한암 3 0 0 2 5  98710:35 16500국6김동철부수선  -513 2 2 214 2 0 0 1  0조재로42854.584평무보82 35 3550  .061.048.71741 91944 7173322271714192622      ↘↗입14.237.539.013.7387337.038.4 76.9 75.2  0  0  0 0   14.20   14.00 4  2  1NN동       1212         4.0    12 0마방기습배당마주 1기 010 6     6 5 2③1:16.9½    .114.139.414.2  0-11  .00 3 3  1  .61937362776 7 610 32 2 1.02 1.03     7.8  3.4    7.8   13.1   12.2  .03146 0 6 7 0―  .737.80 -.85-1.2676.3416.7634.2348.7014294612.3623.4055.67 6
20241214토 1120011국550 7 5514 1강 1155맑음양호 8 2 7운주타임        카우보이임패션드 6426.00한암 2     2 6 108710:35 24750국5김동철부수선  -514 1 1 114 1 0 0 0  0조재로43954.087평무보   35 3540  .055.042.83141221321 5173322271714192622      ↘↘입14.036.738.513.5    37.338.6 77.1 75.6              14.00   13.80        LN동       12 0                 0 0숨은복병마방기습 1기 0 8 8     7 4 3④1:17.12     .814.239.214.0  2  2  .00 4 2  0 1.13050424057 4 4 7 20 1 3.08 2.10     4.8  4.8  137.8  216.7  238.7  .02563 0 5 6 0―  .638.70  .05  .3975.6114.9028.2242.8414294411.5822.2235.74 6
20261004일 2130011국4 4 4  5 0 3강 3353           2 8최강스피드      미스터크파이어리 1630.00한수 4 0 0   1    011:00 33000혼4전승규김길리   0 016 1 719 1 2 219  0이동하   51.090평추보50 41 416159.060.036.03254151743 5222433441918252419 02244↗↘선14.137.638.913.63880                   25 38 2525   15.70   14.40 4  7 -2LUDN53.94811713 -.4 7.4 7.0454513-4숨은복병최적거리68관 0 8                            15.7    14.4        .0                      10 311 3  3                                            10.93177 2 7 8 2▲  .838.90  .02     82.9712.0623.7735.9714294615.0527.5936.34 3
20260906일10170011국510 3 65 1혼전 4451맑음양호 6 2 8최강스피드      미스터크파이어리 1630.00한수 4 0 0 1 1   43      33000혼4전승규김길리   0 115 2 319 1 2 218  0이혁  48052.578평추하18 21 2139 7.041.017.92258 81743 5222414 01918282118 02244↗↘선14.139.840.913.6516940.841.7112.4113.8 27 40 2727   15.00   15.30 4 -2  0UUUP53.94811713-1.4 7.6 6.2515113 1일반주행거리속성51관 0 1111111 8 8 9⑨1:52.4코   1.715.741.414.4  1 -3  .00 9 8  2 1.85987678530 9 910100 1 5.07 8.07 2.0 5.2  9.6   61.5  116.3  745.4  .01541-1 2 4-1▽ -.441.30  .3133.07113.6 4.5610.2117.93 0 3 7 1.12 4.04 9.5810
20260808토 71600 9국430 9 85 2 1강 1151맑음건조 2 2 8최강스피드      미스터크파이어리 1630.00한수 4 0 0 1 1   85      33000국4전승규김길리   0 214 1 419 2 2 217  0임다빈48352.575평추상70 62 621525.046.017.81329 71743 52224 6 01918142424 02244→↗추14.137.139.413.6206535.242.7105.1105.0 29 50 2129   14.60   14.00 5 -4  0HUUP53.94811713-2.0 7.0 5.0636313 2일반주행보통주행 5트 1 3 9   9 5 4 8⑨1:45.11½  2.515.042.015.3  3  7  .00 9 6 -2 3.790 3958921 7 3 6 80 2 2.03 6.02 3.1 5.5  3.2    6.8   13.6   55.8  .01523 0 4 5 0― -.339.40  .1828.50103.3 3.86 9.5117.76 1 510 4.1311.1617.24 8
20260704토 9140010국553 5105 3혼전 4451흐림건조 4 2 8최강스피드      미스터크파이어리 1630.00한수 4 0 0 1 1   72      33000국5전승규김길리   0 313 2 219 1 2 216  0임다빈47652.575우추상76 77 778138.048.020.41329 71743 52224 6 01918142424 02550→↗추14.137.438.913.5238337.838.8 87.7 88.7 23 62  831   15.10   13.10 4  6 -1NUUP54.14821713-1.4 5.6 4.2696913 2승부최상보통주행52기 1 7 9     8 6 5⑤1:27.73     .814.638.714.0 -3-10  .00 5 8  0  .83581285057 9 1 5 70 1 1.02 5.02 2.9 6.1  2.9    6.1   12.5    6.3  .03479 0 5 5 0― -.138.40  .2012.3588.80 4.4111.8020.43 2 714 6.0613.5920.00 7
20260606토 6120011국454 3105 4혼전 4451맑음양호 7 2 8최강스피드      미스터크파이어리 8316.00한수 4 0 0 1 1   75      33000국4전승규김길리   0 412 1 419 1 2 215  0씨씨웡48653.093우추보52 66 667260.060.030.23456111743 5222435361918212522 02943→↘선14.137.438.213.6418938.237.1 75.4 75.4 33 58  025   15.70   14.00 5 -8 -2UHDN54.24811713 -.4 4.2 3.8686813-4일반주행승부최상76기 0 111    1110 9⑤1:15.4½    .415.137.313.1 -3  6  .00 5 8  1  .42187 31967 8 3 4 43 4 4.10 5.09 2.610.6  8.0   42.1   83.4  175.712.74593 2 7 8 2▲  .838.00  .20 -.2175.84 9.3319.5230.20 8172910.3820.5127.41 2
20260502토 7160010국554 9105 5 2강 2251흐림건조 3 2 8최강스피드      미스터크파이어리 1630.00한수 4 0 0 1 1   94      33000국5전승규김길리   0 511 5 319 2 2 214  0임기원48054.589우추상46 59 591527.048.024.41838 81743 52224 0 01918233316 03350↘↗입14.137.139.313.7206535.839.2103.9103.3 36 64  027   15.70   13.90 5  0  1LN동54.24811713 -.6 3.4 2.8747413 0일반주행조교부실35관 0 910  1010 9 7⑦1:43.9¾    .815.739.514.0  0  0  .00 7 7 -2  .8581335146010 1 5 70 2 4.02 4.08 2.3 5.2  8.6   18.4   50.8   10.9  .02236 1 5 5 1―  .039.30  .0826.91103.3 6.1814.7924.36 41118 4.3512.4422.80 7
20260329일 7160010국451 8 55 6혼전 4451맑음건조 3 2 8최강스피드      미스터크파이어리 1630.00한수 4 0 0 9 1   88      33000국4전승규김길리   0 610 4 219 1 2 213  0임기원48053.589우추하46 42 421516.036.013.11838 81743 52224 0 01918233316 04040↘↗입14.037.239.313.6156936.439.4103.2103.9 40 70 2030   15.10   14.70 4  2  1LN동54.34821713  .0 2.4 2.4747413 0교체실패조교부실37관 0 910  101010 8⑤1:43.22     .715.739.313.9 -4 -2  .00 5 9  5  .8704440366210 3 9103 1 3.01 2.03 2.8 3.4  6.1    6.6   15.4    4.8  .02025-2 3 2-2▽ -.939.30  .3027.35103.3 3.04 6.5213.10 1 3 8 4.4012.4420.00 8
20260301일 6160010국412 8 65 7 2강 2251맑음건조 3 2 8최강스피드      미스터크파이어리 1630.00한수 4 0 0 1 1   78      33000국4전승규김길리   0 7 9 3 119 1 2 212  0송재철48253.076우추보79 79 791538.050.028.51745 81743 5222422 01918192520 04040→→입14.137.139.313.6226936.440.0104.7104.4 40 60 2030   16.40   13.90 4  2 -1NHDN54.34821713  .4 2.2 2.6696913-1연대우수보통주행63트 0 710  10 7 7 8⑨1:44.71    2.415.140.214.7  5 -3  .01 9 4  2 3.18339595620 9 1 4 30 1 3.02 4.03 1.4 3.5  7.4   22.4   50.7  108.0  .03258 1 5 6 1―  .339.30 -.0128.03103.3 8.0418.0228.48152944 5.2612.9620.59 7
20260131토 8170011국430 8 85 8혼전 4451맑음건조 2 2 8최강스피드      미스터크파이어리 1630.00한수 4 0 0 9 1   56      33000국4전승규김길리   0 8 8 2 219 2 2 211  0이동하48553.590우추보83 83 838181.067.038.83254151743 5222433441918252419 04040↗↘선14.139.940.813.6427341.040.6112.7113.2 40 50 2030   15.20   13.40 6 -1  1NN동54.34821713  .4 2.2 2.6696913 0승부최상연대우수 5트 0 51111111110 5⑧1:52.7코    .416.440.013.9  6  8  .09 8 2 -1  .5429338717010 5 3 20 2 8.03 7.04 1.7 3.3 43.9  177.0  620.8   58.312.73780 2 9 9 2▲ 1.341.10 -.1732.47113.613.0727.9138.7720435820.5637.7247.93 1
20251221일 8170011국413 4 65 9혼전 4451맑음다습13 2 8최강스피드      미스터크파이어리 1630.00한수 3 0 0 2 1  11016:05 33000국4전승규김길리   0 9 7 1 119 1 2 210  0이동하47752.590강추보96 92 928084.066.055.53254151743 5222433441918252419 05025↗↘선14.139.641.113.6656140.440.6110.5113.0 44 67 1133   14.80   13.50 4 -2 -1NUUP54.84831713  .4 2.2 2.6696913 4부중유리승부최상44트 0 611111110 6 5③1:50.51     .215.239.413.4  0 -3  .00 3 3  2  .43875395473 8 5 1 23 1 4.01 2.05     4.7  6.6    4.7   13.1    8.010.54596 3 9 9 3★ 1.341.40 -.5432.30113.620.5842.1055.4619375425.0046.9160.00 2
20251122토 6130010국543 4 9510혼전 4451맑음건조 3 2 8최강스피드      미스터크파이어리 1630.00한수 3 0 0 2 1  105      24750국5전승규김길리   010 6 7 619 1 1 2 9  0우인철48053.074우자적75 73 738165.054.037.42048101743 5222427 01918112823 067 0↗↘입14.137.238.913.5688538.337.9 81.7 82.0 38 63  025   14.60   13.80 4 -2 -4LU동55.34841413  .4 2.4 2.8696913 0연대우수보통주행73기 1 810     9 6 2①1:21.7코    .014.837.813.5  0 -3  .00 1 1  0  .01180 82480 5 2 2 33 1 1.03 8.04 3.0 6.1  3.0    6.5   11.3    7.5  .03289 0 7 5 0―  .339.60  .24 5.9182.7113.7226.3337.4312264017.8639.4450.43 1
20251025토 5130011국553 210511혼전 4451맑음건조 5 2 8최강스피드      미스터크파이어리 1630.00한수 3 0 0 9 1  194      24750국5전승규김길리   011 5 6 519 4 1 2 8  0문세영48356.573강입상89 89 898479.062.034.23845 01743 5222439331918293615 067 0↗↘입14.137.238.913.4748538.138.6 82.0 82.8 43 71  029   14.10   13.20 4  7  1BN동55.34841413 -.6 3.0 2.4757513 0전개최상연대우수42기 01011    10 7 4③1:22.03     .614.638.413.8  2  2  .00 3 1 -2  .83675264360 8 2 1 43 4 2.10 4.06 2.1 6.6  5.0   92.7  163.2   59.610.53772 0 8 6 0▲  .839.80  .32 6.7482.7110.6521.9434.2412264018.5231.0344.32 2
20250927토 5130011국542 3 9512 1강 1151맑음다습11 2 8최강스피드      미스터크파이어리 1630.00한수 3 0 0 9 2  25916:35 24750국5전승규김길리   012 4 5 419 3 1 1 7  0문세영48155.573우자상91 79 799291.067.045.72735 0255710222439331918293615 050 0↗↗입14.137.139.013.5748037.538.5 81.2 82.1 33 67  033   14.50   13.10 4  0  1UN동55.34851412  .2 3.6 3.8606013 0부중유리전개최상63트 1 3 7     3 2 2②1:21.2½    .014.138.213.2 -1 -4  .00 2 3 -1  .11443231882 3 2 3 32 3 2.03 1.03     4.6  4.3    9.1   18.1   41.812.04287 2 9 8 2▲ 1.239.80 -.01 6.0482.7117.7633.3445.6819375426.4046.9161.24 2
20250831일 4130011국512 1 6513혼전 4451맑음다습13 2 8최강스피드      미스터크파이어리 1630.00한수 3 0 0 9 2  33412:45 24750국5전승규김길리   013 3 4 319 2 1 1 6  0문세영48555.073기무적60 46 466224.052.022.12735 0255710222439331918293615 050 0↗↗입14.137.139.413.6746938.438.0 80.4 82.1 40 60  020   14.70   14.20 4  2 -1UH동55.34851412  .2 4.0 4.2555513 0일반주행기복전력32관 1 311    10 8 5③1:20.43     .614.537.413.1 -1  7  .00 3 4  1 1.41383113358 5 9 7 63 2 5.02 4.05     7.0 10.0   32.1   73.6   61.5  .01542 0 5 4 0―  .139.70  .41 5.6282.97 5.2212.9022.14 2 716 4.4913.6820.41 8
20250803일 4130010국550 510514 3강 3351흐림건조 3 2 8최강스피드      미스터크파이어리 1630.00한수 3 0 0 1 2  39912:15 24750국5전승규김길리   014 2 3 219 1 1 1 5  0문세영47855.573기무보76 67 676450.057.023.82735 0255710222439331918293615 050 0↗↗입14.137.239.313.6697638.639.5 84.1 84.1 40 60  020   14.30   14.90 4 -7  0UHDN55.34851412 -.3 4.5 4.3565613-1연대우수기복전력48기 1 1 8     7 8 8⑧1:24.13    2.414.739.514.2  5-13  .09 8 3  1 2.77788588218 4 7 6 70 1 7.01 9.10     6.2 15.2   22.1   58.5   31.212.13252 0 6 6 0―  .340.10  .35 7.6482.97 6.4114.4523.82 41118 7.5617.8026.01 6
20250705토 4140010국550 810515 3강 3351맑음건조 3 2 8최강스피드      미스터크파이어리 1630.00한수 3 0 1 1 3  49113:45 24750국5전승규김길리   015 1 2 119 3 1 1 4  1씨씨웡49155.591기입보71 69 695482.071.051.42745 6273610222435361918212522 050 0↗↘선14.137.239.613.6366936.740.3 89.3 88.4 50 50  025   14.70   13.70 4  1  2LNUP55.34851412 -.3 5.3 5.0464613 1연대우수연대우수75기 1 810     2 1 1④1:29.33    1.014.340.614.9  2  9  .00 4 2  0 1.12724766352 7 4 4 11 3 1.03 5.02     5.1  2.8    8.0   13.7   19.410.93770 2 8 8 2▲ 1.538.60 -.9311.6089.1421.5539.0851.3637557021.2141.0052.94 3
20261004일 2130011국4 4 4  8 0 3강 3353           2 9이클립스탱고    섀클포드탱고스텝 6526.00한수 4 0 0   1    011:00 33000혼4서홍수조한수   0 015 1 314 1 2 014  0권중석   51.566우선보50 65 658367.051.022.21341 61951 824291043261719181899 0 0↘→선13.936.839.513.89741                   50 50 6010   13.80   14.70 7  5 -3LHDN53.74971714  .6 3.2 3.8717114-1전개유리연대우수 1   0 9                            13.8    14.7        .0                       3 8 2 8  4                                            13.23758 0 7 6 0―  .039.50  .53     82.84 6.0313.8622.1510223613.9824.6338.20 4
20260816일 51400 8국542 8 98 1 1강 1159흐림다습13 2 9이클립스탱고    섀클포드탱고스텝 6526.00한수 4 0 0 2 1  119      33000혼4서홍수조한수   0 114 3 714 1 2 013  0안드레50054.076우도하37 35 358951.054.045.02339 51951 82429 0 026173528 499 0 0→↘선13.936.539.813.8912536.240.7 89.4 88.9 56 56 5611   13.30   15.20 8 -2  0HH동53.74971714  .6 2.6 3.2777714 0인기탐색최적거리 5   0 4 2     2 2 3⑥1:29.42½  1.013.840.914.7  2 -1  .00 6 4  1 1.344 7825752 3 4 4 41 1 1.05 8.05 2.8 5.0  2.8   15.2   24.4   24.212.03177 2 7 6 2△  .739.40 -.4612.5888.8013.2229.3644.9810203315.5236.6753.80 2
20260620토 6140011국544 2 98 2 1강 1161비  불량20 2 9이클립스탱고    섀클포드탱고스텝 6526.00한수 4 0 0 2 1  135      33000국5서홍수조한수   0 213 2 614 2 2 012  0마이아50154.093우도하36 43 438450.055.025.63453131951 82429333326173533 799 0 0↘↗선13.836.539.913.9931536.842.5 89.8 92.0 56 56 6711   13.40   15.70 5  4 -1NHDN53.74971714 1.2 2.6 3.8747414-2휴양탐색거리내려 5   0 6 3     5 711⑪1:29.812   5.113.341.815.2  8-11  .0911 3  1 5.396329695 2 31010 50 2 8.01 5.01 2.4 5.1 23.7   23.3  103.8   63.0  .02467 0 6 6 0―  .340.10 -.0215.6088.86 7.1916.1625.55 61526 5.5913.9519.48 7
20260517일 6160010국432 9 88 3 3강 3351맑음건조 3 2 9이클립스탱고    섀클포드탱고스텝 6526.00한수 4 0 0 2 1   85      33000국4서홍수조한수   0 312 1 114 1 2 011  0마이아51255.093우도보50 85 851586.066.046.53453131951 82429333326173533 799 0 0↘↗선13.835.840.613.9941336.442.0105.1105.0 56 56 6711   14.50   12.9017 -4  4HNUP53.74971714 1.2 2.6 3.8747414 2강단마필도주호기 5   0 2 1   1 1 1 4⑦1:45.16    1.913.442.615.7  5 10  .01 7 2  0 3.39039929231 110 3 11 1 1.06 3.09 2.2 3.4  2.2   11.0   15.2   14.4  .03581 3 8 8 3▲ 1.240.60 -.4428.62103.320.3235.2846.4537557022.2242.3654.89 2
20260118일 4140011국551 7108 4 1강 1151흐림건조 5 2 9이클립스탱고    섀클포드탱고스텝 6526.00한수 4 0 0 2 2  330      24750국5서홍수조한수   0 411 2 514 3 1 010  0권중석50251.057우도하55 57 577953.045.026.81575 01125 524291043261719181899 0 0→↘선13.936.540.313.8931936.237.8 86.6 86.2 38 50 63 0   13.80   14.50 4  0  0NUDN55.04941714 1.2 2.6 3.8747414-3연대우수연대우수 5   0 6 1     1 1 1①1:26.612  -2.213.738.113.2 -1  2  .00 1 2 -4  .0 1 9 4 098 311 4 51 3 2.01 6.01 3.8 8.8  3.8    8.8   15.2   29.2  .03765 0 6 4 0― -.438.80 -.30 9.4389.14 8.0916.7226.75 81729 8.6519.4233.33 5
20251220토 6170011국552 4108 5혼전 4451흐림포화16 2 9이클립스탱고    섀클포드탱고스텝 6526.00한수 3 0 0 2 1   8114:25 24750국5서홍수조한수   0 510 1 314 2 1 0 9  0권중석50051.066우선상96 97 976973.053.021.01341 61951 824291043261719181899 0 0↘→선13.839.041.813.9952738.542.8111.5114.0 57 43 57 0   13.60   13.80 4 -2 -2NUUP55.04941714  .2 2.8 3.0808014 3연대우수연대우수 5   0 6 1 1 1 1 1 4⑧1:51.52    1.513.841.714.5  2  6  .00 8 6  3 2.166 3876535 210 2 71 2 9.10 5.04     9.7 17.6   88.0  164.5  311.510.53768 0 8 6 0―  .242.20  .1933.16113.6 6.0413.2420.96 1 4 812.9626.5635.73 2
20251122토 4140011국642 6 48 6혼전 4451맑음건조 3 2 9이클립스탱고    섀클포드탱고스텝 6526.00한수 3 0 0 2 1  107      16500국6서홍수조한수   0 6 9 9 414 1 0 0 8  0권중석49453.066우도하40 55 558958.060.039.21341 61951 824291043261719181899 0 0↘→선13.936.540.313.9881735.939.3 87.4 87.3 50 50 50 0   14.00   15.60 3  5 -4NUDN57.04941713 1.2 3.0 4.2656514-3연대우수연대우수 5   0 8 1     1 1 1①1:27.42    -.313.639.313.8 -2  4  .00 1 3  2  .0 4 247 692 1 6 3 41 1 3.01 8.03 2.0 3.4  4.4    4.4   11.3    4.8  .03781 1 7 7 1△  .739.10 -.6110.5289.1410.0324.2639.22 9223512.8227.8540.64 3
20251102일 3170011국642 9 98 7혼전 4453맑음양호 7 2 9이클립스탱고    섀클포드탱고스텝 6526.00한수 3 0 0 1 1  163      16500국6서홍수조한수   0 7 8 8 214 4 0 0 7  0문세영49057.073평선하34 44 448354.068.046.63845 01951 824294641261729361599 0 0↗↘입13.939.141.913.9892538.443.3117.1115.0 50 50 50 0   14.30   14.30 5  0  0HNUP57.04941713 -.2 4.6 4.4585814 3연대우수연대우수 5   0 3 1 1 1 1 1 5⑦1:57.16    1.814.044.015.6  6 -2  .09 7 1 -1 2.383 2927432 1 7 5 21 4 5.0611.02 2.5 5.5 16.1   99.5  194.9  141.0  .03775 1 8 8 1▲ 1.242.20 -.5133.97113.821.6035.9246.6234536511.2728.0340.75 2
20250928일 2140011국624 7 78 8 1강 1151비  불량20 2 9이클립스탱고    섀클포드탱고스텝 6526.00한수 3 0 0 9 2  25211:00 16500국6서홍수조한수   0 8 7 7 314 3 0 0 6  0문세영49257.073평도보75 86 868888.071.048.52735 01125 524294641261729361599 0 0↗↗입13.936.640.313.9791737.140.8 88.9 90.3 50 50 50 0   13.80   14.00 5 -4  0HN동57.04941713 -.8 5.5 4.8545414 0전개최상연대우수 5   0 311     7 5 4⑥1:28.95    1.914.340.214.3  4  1  .09 6 2  1 2.08349858527 3 8 3 20 3 1.08 4.05     4.7  1.9   14.3   19.3   30.6  .03774 0 8 6 0▲ 1.339.60 -.9413.3989.2116.5634.4448.5220435823.2644.7349.62 2
20250824일 3140011국611 8 68 9 1강 1151맑음건조 4 2 9이클립스탱고    섀클포드탱고스텝 6526.00한수 3 0 0 2 2  35611:25 16500국6서홍수조한수   0 9 6 6 214 2 0 0 5  0문세영49157.073평선보66 76 769292.072.067.42735 01125 524294641261729361599 0 0↗↗입13.936.740.313.9721736.339.7 88.7 88.1 40 40 40 0   13.60   14.40 6  0  0NN동57.04941713-1.7 6.7 5.0434317 0연대우수전개최상 5   0 7 1     1 1 2③1:28.7½    .113.839.514.0  2 -7  .00 3 1  0  .41810613076 110 3 11 2 4.02 1.02     5.1  9.0   16.1   39.5    8.2  .04289 1 9 7 1▲ 1.539.00-1.4711.1189.2828.4952.3867.3734536538.9563.8779.41 1
20250712토 3140011국630 9 8810혼전 4451맑음건조 5 2 9이클립스탱고    섀클포드탱고스텝 6526.00한수 3 0 0 2 3  47212:50 16500국6서홍수조한수   010 5 5 114 1 0 0 4  0문세영49857.073평입보67 74 746978.069.044.13745 024471324294641261729361599 0 0↘↗입14.136.940.213.9591936.939.1 90.4 88.4 25 25 50 0   14.60   14.50 4  6  0NNDN57.04941713-1.0 6.5 5.5333317-3연대우수연대우수 5   0 7 1     1 1 2③1:30.4¾    .113.640.114.4  2  4  .00 3 1 -1 1.42737402978 310 2 31 1 2.07 8.01     4.3  3.0   35.6   70.9   29.2  .03772 0 8 7 0▲ 1.138.90 -.9311.3089.3416.5830.0144.0719375421.7936.3652.50 3
20250614토 31700 9국630 8 3811 2강 2251맑음건조 3 2 9이클립스탱고    섀클포드탱고스텝 6526.00한수 3 0 0 2 3  55212:50 16500국6서홍수조한수   011 4 4 114 2 0 0 3  0이동하49457.092평입상57 66 667391.072.061.933442124471324293537261725241999 0 0↘↘선14.039.741.513.9564539.041.4114.0112.6  0  0 33 0   13.80   14.50 6-10  0UNUP57.04941713-5.0 9.0 4.0434313 4뒷심부족연대우수 5   0 1 1 1 1 1 1 2④1:54.0½    .014.641.414.5  2  0  .00 4 2 -5 1.12210623387 3 3 2 11 2 1.08 3.06     2.6  1.6   21.3   25.8   97.4  .03782 3 9 9 3★ 1.741.30 -.9631.43113.927.0547.1161.8637607234.0261.2977.53 1
20250504일 1130011국630 9 3812 1강 1149맑음포화15 2 9이클립스탱고    섀클포드탱고스텝 6526.00한수 3 0 0 1 4  66710:35 16500국6서홍수조한수   012 3 3 214 1 0 0 2  0이동하49457.085하입보29 35 3550  .059.040.4296211304616242935372617252419      ↗↘선14.137.040.013.9811936.740.3 82.6 83.0  0  0  0 0   13.70   14.30 4  2  0NN동       1312         7.0    12 0일반주행거리속성 1   011 2     2 1 2④1:22.62     .613.839.914.5 -3 -1  .00 4 7  3  .74311785465 1 610 31 1 5.0110.01     2.8 13.7    6.3   24.2   39.6  .01563 0 6 6 0―  .740.10 -.40 6.0183.29 9.8425.1640.3514294410.0020.8575.17 4
20250406일 2130011국630 7 8813 1강 1159맑음불량20 2 9이클립스탱고    섀클포드탱고스텝 6526.00한수 3 0 0 1 4  75011:00 16500국6서홍수조한수   013 2 2 114 2 0 0 1  0푸르칸49557.070평입상40 35 3521  .042.022.6152910304616242919 02617142421      ↗→추14.338.139.113.4168537.140.5 83.0 83.7  0  0  0 0   14.40   13.70 5  7  1BNUP       1312         4.0    12 1일반주행거리속성 1   0 9 4     5 5 6⑦1:23.0¾   2.113.740.414.3  3 13  .00 7 4 -5 2.36427827224 9 411 72 2 3.02 6.10     4.1  5.0    8.2   18.2   29.2  .01522-2 4 3-2▽ -.739.10 -.05 6.4583.42 6.6314.0422.61 4111815.7128.0399.00 4
20250301토 1120010국630 6 3814 1강 1155흐림건조 3 2 9이클립스탱고    섀클포드탱고스텝 6222.00한수 3     1 5  86610:35 24750국6서홍수조한수   014 1 1 114 1 0 0 0  0푸르칸48256.071평무보   35 3540  .035.017.9155011305811242919 02617142421      ↘↗추14.336.738.513.1    37.838.3 77.5 76.2              14.30   13.40        NN동       12 0                 0 0일반주행우수혈통 1   0 2 4     5 4 5④1:17.53    1.214.439.313.7 -5 -3  .00 4 9  0 1.55475314844 3 3 5 62 1 1.03 8.06     3.1  1.9    8.4   13.2    6.2  .01514-3 3 4-3▽-1.038.90  .76 1.0275.61 3.01 8.9117.87 4112110.6821.0535.35 2
20261004일 2130011외4 4 4  5 0 3강 3353           210브리도피닉스    TWIRLINGJULIA'S  5724.00미수 3 0 0   1    011:00 33000혼4송문길조수영   2 0 3 2 1 2 1 0 0 2  0임기원   52.589우추보50 60 608969.068.052.71838 81839 928 031 02628233316      ↘↗입13.737.038.712.87887                   50 50 5050   13.60   14.00 6  4  0BHDN       1412-1.0 6.5 5.5676712-1숨은복병작전마주67기 010                            13.6    14.0        .0                       6 1 3 1  1                                            12.24190 3 8 9 3▲ 1.538.70  .04     82.4524.5641.9152.6937557018.2830.5442.86 2
20260822토 91400 8외442 7 95 1 1강 1151흐림불량20 210브리도피닉스    TWIRLINGJULIA'S  5724.00미수 3 0 0 2 1   94      33000혼4송문길조수영   2 1 2 2 1 2 2 0 0 1  0송재철48452.576우추보88 77 777976.061.046.41745 81839 928 025 02628192520      →→입14.337.838.512.8 39336.540.0 87.5 88.8  0100  0**   14.30   12.50 5  2  0NHUP       1412-3.0 9.0 6.0606012 2숨은탄력작전마주63기 0 6 3     1 1 2⑤1:27.5½    .213.639.514.0  1  2  .00 5 4 -5  .94017674575 8 1 2 31 2 2.07 5.03 3.1 5.7  3.8   58.4   85.0  126.0  .03686 3 7 7 3△ 1.038.10 -.4912.4788.8015.6831.0846.42 9223517.3134.7451.58 3
20260718토 7120010외452 6105 2 1강 1151흐림불량20 210브리도피닉스    TWIRLINGJULIA'S  9517.00미수 3     2 1   85      33000혼4송문길조수영   2 2 1 2 1 2 1 0 0 0  0송재철48252.576평무보39 25 2526  .034.010.41745 81839 928 025 02628192520      →→입14.738.239.412.8 62538.137.7 74.3 75.6              14.70   13.10 4  0  0NN동       12 0         4.0     0 0일반주행우수혈통 5   0 4 9    10 9 9⑥1:14.31     .714.336.912.5 -3 -3  .00 6 9  0 1.13287134059111111113 1 7.10 8.01 3.4 8.4 10.5  233.0  367.3  355.7  .01520-2 2 2-2▽ -.937.20 -.35-2.0376.95 2.01 4.9510.38 1 3 6 8.7316.7943.82 5
20261004일 2130011국4 4 4  5 0 3강 3353           211마이티러브      레이스데마이티젬 8731.00한암 4 0 0   1    011:00 33000혼4서홍수조병태   1 016 1 317 3 2 217  0김태희   51.060평추보50 44 444835.051.023.81146 71951 8242819202617152416 03350↘→입14.037.738.913.43389                   33 33  047   14.80   13.40 6  3  0VUDN53.54011412  .0 6.6 6.6484812-1숨은복병부중영향68기 011                            14.8    13.4        .0                      11 4 8 5 16                                            13.22255 0 5 7 0―  .138.90  .29     83.03 6.3114.4923.75 61526 6.4516.7524.22 5
20260822토 71400 9국542 3 95 1 3강 3351흐림불량20 211마이티러브      레이스데마이티젬 8731.00한암 4 0 0 2 1   96      33000혼4서홍수조병태   1 115 9 417 2 2 216  0김태희40451.060평추하40 39 394228.052.031.91146 71951 8242819202617152416 03350↘→입14.037.339.113.4307338.438.3 87.1 89.3 36 36  043   15.40   13.40 8  5 -1NUUP53.54011412 -.4 6.0 5.6555512 2일반주행부중영향40기 0 8 9     9 8 8⑧1:27.12    1.414.837.313.4  2 -9  .00 8 6 -1 1.55995135238 7 3 6 5015 4.02 6.03 3.7 5.5  4.2    7.7   16.8   44.7  .02252 0 5 6 0―  .138.70 -.1812.9088.86 8.6919.6431.92 81729 8.1120.0030.95 5
20260627토 6120011국454 2105 2혼전 4451맑음건조 4 211마이티러브      레이스데마이티젬 5426.00한암 4 0 0 9 1  146      33000국4서홍수조병태   1 214 81117 1 2 215  0김태희41351.562평추상77 79 795941.057.026.61146 71951 8242819202617152416 03350↘→입14.037.338.313.4458938.637.8 75.1 76.7 38 38  031   14.40   14.10 5 -3 -4HUDN53.54011412-2.4 6.6 4.2656512-2일반주행부중영향72기 1 311    111110⑨1:15.1½   1.515.437.113.4  2  9  .00 9 7  1 1.56996166334 9 5 6 6014 5.02 1.04 2.3 5.4 11.6   22.4   55.0  105.1  .02479 1 5 6 1―  .638.50  .28 1.0675.84 8.6416.2526.63 41118 8.0015.2022.22 7
20260523토 6140011국423 9 75 3혼전 4441맑음다습13 211마이티러브      레이스데마이티젬 8731.00한암 4 0 0 2 1   75      33000국4서홍수조병태   1 313 7 317 1 2 214  0루이스40455.565평추보68 65 654824.048.019.72143101951 82428 0 02617192617 04060↗↘입14.037.139.113.3427336.939.3 88.8 88.5 42 42  033   14.30   13.90 4  2  2NB동53.14001412-2.0 6.6 4.6606012 0일반주행부중잇점44기 0 6 8     7 6 3④1:28.8½    .414.439.414.1 -2 -6  .00 4 6  0  .53039423373 8 4 4 80 2 2.01 7.02 1.7 2.7  3.8    2.7    7.9    7.0  .01544 0 4 4 0― -.238.70  .2612.3288.73 4.4511.4319.72 41118 4.4013.5419.42 8
20260426일 6140011국411 9 65 4 1강 1153맑음건조 3 211마이티러브      레이스데마이티젬 8731.00한암 4 0 0 9 1   65      33000국4서홍수조병태   1 412 6 217 1 2 213  0김태희41053.560우추보53 51 515445.046.022.81146 71951 8242819202617152416 04060↘→입14.037.039.213.3466937.339.1 90.3 88.7 45 36  036   14.10   74.00 4 -7  1HN동53.14001412-3.6 7.0 3.4686812 0숨은복병작전마주88기 0 4 6     6 6 6⑦1:30.31¼   .714.339.913.9  1 10  .00 7 6 -2  .83962384464 5 3 3 421311.10 5.10 1.9 7.7 64.6  647.2  901.5 1566.0  .02045 0 6 6 0―  .038.80  .1812.4788.73 5.4513.6922.83 7172810.6417.7127.37 4
20260328토 7140011국452 7105 5 3강 3351맑음건조 3 211마이티러브      레이스데마이티젬 8731.00한암 4 0 0 9 1   78      33000국4서홍수조병태   1 511 5 117 1 2 212  0루이스40053.065우추하45 62 625131.049.022.72143101951 82428 0 02617192617 04060↗↘입14.037.339.013.3288037.139.6 89.4 89.1 50 40  040   14.30   13.50 4  9  1VNUP53.14001412-2.4 6.6 4.2717112 2편성탐색부중잇점44기 011 8     7 7 5⑤1:29.4½   1.414.139.774.0 -3 -1  .00 5 8  4 1.8505055544111 5 6 70 1 1.03 5.02 3.2 6.3  3.2    9.3   16.1   17.4  .02964 0 5 6 0― -.138.60  .1212.7588.80 5.3913.9722.69 41121 3.36 8.9816.57 8
20260228토11120011국454 5 55 6 3강 3351맑음건조 3 211마이티러브      레이스데마이티젬 5426.00한암 4 0 0 9 1   84      33000국4서홍수조병태   1 610 4101712 2 211  0김태희40152.562평추상74 79 795434.056.026.81146 71951 8242819202617152416 04060↘→입14.037.638.213.4189437.838.5 75.7 76.4 50 30  040   14.30   13.60 5 -5  0HH동53.14001312-2.0 7.0 5.0626212 0최빈거리부중영향57기 0 2 9     9 7 7⑨1:15.7머리  .614.338.213.5  5  3  .09 9 4  1 2.5597739576211 4 6 5012 1.06 1.05 2.1 4.8  2.1   18.5   25.8   27.510.92271 0 5 6 0―  .438.10  .17  .5575.95 7.2116.8926.75 81729 3.6011.9319.47 8
20260124토10120011국423 5 25 7 1강 1151맑음건조 3 211마이티러브      레이스데마이티젬 5426.00한암 4 0 0 2 1   75      33000국4서홍수조병태   1 7 9 3 91711 2 210  0김태희39852.562평추상82 88 885353.053.025.71146 71951 8242819202617152416 04060↘→입13.937.638.213.3169537.537.9 74.6 75.4 56 44  044   13.70   13.00 4  0  1NN동53.14001312-2.0 7.0 5.0626212 0부중유리부중잇점 5기 0 7 9     8 7 5③1:14.62     .414.337.813.6  0  0  .00 3 3 -7 1.1266518267011 3 3 6311 1.05 3.02 1.7 2.2  1.7    8.8   12.3   20.4  .03160 0 6 4 0―  .237.70  .20 -.4375.95 7.0116.0125.71 61224 7.2016.4630.36 5
20251227토 4120011국454 4105 8혼전 4451흐림다습14 211마이티러브      레이스데마이티젬 5426.00한암 3 0 0 9 1   8212:45 33000국4서홍수조병태   1 8 8 2 81710 2 1 9  0김태희39852.062평추보57 55 554829.051.025.81146 71951 8242819202617152416 02575↘→입13.837.838.213.3109637.038.2 73.8 75.2 50 38  050   14.00   13.60 5 -1 -1NU동53.44011312 -.6 6.2 5.6585812 0최빈거리부중영향72기 0 7 4     3 3 3②1:13.85     .013.737.713.0 -8 -7  .00 210  4  .9223927208111 110 5210 4.10 1.07    10.0  6.7   94.3  173.1  264.8  .02272 1 5 6 1―  .337.50  .09 -.7876.06 7.7116.5925.75 61224 3.6011.9719.77 8
20251123일 7120011국434 3 85 9혼전 4451맑음건조 3 211마이티러브      레이스데마이티젬 5426.00한암 3 0 0 2 1   9315:15 33000국4서홍수조병태   1 9 7 1 717 9 2 1 8  0김태희40552.562우추상89 94 946661.053.026.51146 71951 8242819202617152416 02575↘→입13.937.838.213.2 99737.438.2 74.4 76.3 57 43  057   14.00   13.00 4 -3 -1NU동53.44011312  .0 5.2 5.2666612 0종반뒷심부중영향48기 0 810    10 9 5⑥1:14.41¼  1.114.038.013.6  0  4  .00 6 6 -2 1.4555828314511 3 5 43 9 2.03 5.06     4.5  3.4    6.3   12.0   43.010.53487 1 6 6 1―  .437.80  .09  .2876.06 7.1516.8826.46102236 6.9618.8330.26 4
20251026일 5120011국512 7 6510혼전 4453흐림양호 6 211마이티러브      레이스데마이티젬 5426.00한암 3 0 0 9 1  183      24750국5서홍수조병태   110 6 8 617 8 1 1 7  0김태희40153.062평추하52 56 565759.063.049.71146 71951 8242819202617152416 0 099↘→입14.137.938.213.2 49637.337.0 75.0 74.2 50 33  050   14.20   13.60 7  9  1VN동53.54011312  .2 5.2 5.4636312 0숨은탄력작전마주68기 111 7     6 4 1①1:15.04    -.714.037.313.0 -7 -1  .00 1 8  2  .0 250 3 39711 1 2 22 8 8.0111.07 1.5 5.3 23.5   13.8   52.6   37.512.73169 2 7 8 2▲ 1.037.10 -.66-1.9576.1220.6736.8549.6918405421.8838.8949.37 2
20250907일 6120011국553 510511 1강 1151맑음다습14 211마이티러브      레이스데마이티젬 5426.00한암 3 0 0 1 2  310      24750국5서홍수조병태   111 5 7 517 7 1 1 6  0김태희40252.560우추하54 53 535632.047.023.41160 31125 5242819202617152416 0 099↗↘입14.138.038.213.2 59737.738.4 74.9 76.3 60 40  060   14.80   13.80 5 -4 -1HUDN53.54011312-1.2 5.0 3.8727212-1일반주행부중영향35기 0 2 9     910 9⑨1:14.9머리  .914.238.013.6  3  5  .00 9 6  1 1.7557336515211 1 5 60 7 2.07 6.07 2.2 5.3  4.2   24.6   41.7  275.9  .02266 0 4 6 0―  .037.60  .06  .0876.17 6.1714.4523.44 71728 4.8215.8523.77 5
20250803일 4130010국550 510512 3강 3351흐림건조 3 211마이티러브      레이스데마이티젬 8731.00한암 3 0 0 1 2  39912:15 24750국5서홍수조병태   112 4 6 217 6 1 1 5  0김태희39753.058강추상62 75 757545.052.021.11160 31125 5242819202617152416 0 099↗↘입14.138.138.813.2149738.638.9 83.5 83.5 75 50  075   15.00   13.60 4 -4 -1NHUP53.54011312-2.0 5.0 3.0838312 1숨은복병부중잇점82기 1 6 9     8 9 7⑦1:23.55    1.814.838.913.8  2 -3  .00 7 5 -1 2.1618837682910 4 5 80 6 7.01 9.10     6.2 15.2   22.1   58.5   31.212.12463 1 6 5 1―  .239.10  .19 6.6483.23 5.4912.5421.05 2 714 8.4014.4122.54 8
20250705토 3120011국510 5 6513혼전 4451맑음건조 3 211마이티러브      레이스데마이티젬 5426.00한암 3 0 1 1 3  49212:50 24750국5서홍수조병태   113 3 5 417 5 1 1 4  1김태희40054.064강추하63 68 685728.051.024.7 733 2244713242819202617152416 0 099→↗입14.138.038.213.2109838.537.1 75.9 75.7100 67  067   15.60   13.50 9  0 -1LHDN53.34021312-2.3 4.7 2.3888812-1탐색주행부중잇점50기 01011    1010 9⑤1:15.91½   .515.037.713.6 -1 13  .00 5 6  2  .53494 3316511 4 4 73 5 9.04 9.05     6.9 43.8   94.9  288.5  218.2  .03166 0 5 5 0―  .337.50  .00 -.5076.17 7.1915.7824.66 3 816 7.0616.7526.21 8
20250503토 3130011국532 6 8514 1강 1151흐림포화18 211마이티러브      레이스데마이티젬 8731.00한암 3 0 1 1 4  67512:45 24750국5서홍수조병태   114 2 4 117 4 1 1 3  1김태희38754.572강추상54 74 748567.065.041.71643 5304616242819202617152416 0 099↘→입14.138.038.813.2209739.039.0 82.1 83.7100 67  067   15.10   14.10 6  1 -1BNUP53.34021312-5.0 6.5 1.5909012 1마방선전마방선전 1기 01010    1010 8⑧1:22.1코   1.415.638.113.5  4 -7  .01 8 4  3 1.5669541803911 2 2 30 4 6.07 7.03     5.0 20.2  120.0  323.3   89.5  .03684 3 8 9 3▲ 1.239.20 -.33 6.9383.1617.4530.9641.7412264012.6225.3840.33 3
20250322토 5120011국554 810515혼전 4451맑음건조 4 211마이티러브      레이스데마이티젬 5426.00한암 3 1 1 2 4  79914:25 24750국5서홍수조병태   115 1 3 317 3 1 1 2  1김태희39455.572강추상97 99 997464.062.032.71643 5304616242819202617152416 0 099↘→입14.137.838.212.9209937.738.4 77.4 75.9100100  0**   14.60   13.00 6  4  3BB동53.34021212-4.0 5.0 1.0959512 0승부최상마방선전 1기 0 911    1111 6④1:17.4목    .015.139.414.1  3 -2  .00 4 1 -7  .5417435507911 2 1 43 3 3.11 3.02     7.2  5.0  156.2  254.3  694.210.53482 0 8 8 0▲  .837.70 -.11 -.1276.0611.0021.0832.71 9223512.1224.0027.89 4
20261004일 3170010국6 0 9  5 0 1강 1153           3 1지산포에버      크리솔라브라운걸 4932.00한수 3 0 0   1    011:25 16500국6안병기홍승오  99 0 3 2 1 2 3 0 0 2  0유승완   56.069하무보50 30 30 618.042.016.91961 92256 9183322411710152722      →↘입14.240.342.314.319 3                    0  0  0 0   14.20   14.90 7 -5  0HHUP       1713  .010.510.5 6 614 4마방기습거리속성85기 0 1                            14.2    14.9        .0                       91010 8  3                                              .03125 0 3 4 0― -.342.30 -.67     114.8 3.44 9.0716.85 1 511 4.2612.3117.42 7
20260816일 2130011국652 8105 1혼전 4451흐림다습13 3 1지산포에버      크리솔라브라운걸 4932.00한수 3 0 0 2 1  122      16500국6안병기홍승오  99 1 2 2 1 2 2 0 0 1  0유승완45156.069하무보 8  7  7 8 5.029.0 9.61961 92256 9183322411710152722      →↘입14.738.340.414.3 9 537.642.1 86.1 85.8  0  0  0 0   14.70   14.60 7 -4 -1NHDN       1414 1.010.011.0 5 514-1마방기습마방기습 5   0 6 8     7 710⑩1:26.16    3.614.242.014.9 -1  9  .001011  1 4.395509696 8111111110 2 2.0510.09 3.3 7.0  3.7   12.5   22.6   34.513.43111-3 1 1-3▼-1.539.40 -.61 7.1384.38 1.29 4.66 9.58 0 2 4 1.61 5.7110.5311
20260627토 3140011국650 7105 2 3강 3352맑음건조 4 3 1지산포에버      크리솔라브라운걸 4932.00한수 3     9 1  118      16500국6안병기홍승오  99 2 1 2 1 2 1 0 0 0  0유승완44257.069평무보27 25 2551  .044.021.81961 92256 9183322411710152722      →↘입15.138.139.012.7 19137.941.2 92.1 91.5              15.10   13.00 4  0  0LL동       14 0         6.0     0 0일반주행마방기습42기 01011     9 911⑪1:32.18    3.714.741.514.6  1 -2  .001110  0 3.894858894 811 111 70 1 3.0611.03 3.610.3  5.5   20.9   40.0   30.1  .02549 0 3 4 0― -.338.40 -.3514.3889.34 5.8813.1421.76 4111818.3330.7777.24 3
20261004일 3170010국6 0 9  8 0 1강 1153           3 2신천하트        오버애널파티레이 3639.00한암 4 0 0   1    011:25 16500국6문세영문종원   3 01515 414 4 0 114  0조상범   54.057평입보50 64 646664.063.038.2 928 622271427 0 0 0503313211699 0 0↗→입13.839.241.614.38125                    8  8 17 8   14.00   13.60 4 -7  0HU동54.04401712  .0 5.0 5.0535317 0기습선행작전마주74기 0 2                            14.0    13.6        .0                       1 3 2 4  4                                              .03867 1 7 5 1― 1.141.60 -.20     113.611.7724.8338.1510203312.7724.6235.81 4
20260906일 3170011국650 6108 1 1강 1159맑음양호 6 3 2신천하트        오버애널파티레이 3639.00한암 4 0 0 1 1   50      16500국6문세영문종원   3 11414 314 3 0 013  0조상범44054.057평입보40 53 535031.046.035.1 928 622271427 0 0 05033132116      ↗→입13.839.241.914.3871539.739.7114.3112.8  0  0 18 0   14.20   14.00 4  5  0BH동       1712-1.0 6.4 5.4434317 0일반주행보통주행36기 0 9 2 2 2 2 2 1②1:54.31¼   .014.040.013.6 -1 -3  .00 2 3  0  .2304613 988 1 8 3 41 3 2.03 2.09 3.1 6.6  4.5   10.9   23.7    8.4  .01542 0 4 2 0―  .041.80 -.3031.74113.8 9.3422.1435.1410203312.5024.4438.96 3
20260809일 3170010국610 8 68 2 1강 1156흐림건조 2 3 2신천하트        오버애널파티레이 3639.00한암 4 0 0 1 1   79      16500국6문세영문종원   3 21313 214 2 0 012  0조상범44354.057하입상39 48 485057.059.046.1 928 622271427 0 0 05033132116      ↗→입13.839.142.014.4891039.341.4114.4113.7  0  0 20 0   13.70   13.80 7  0 -1HH동       1712-1.0 7.4 6.4323217 0뒷심부족탄력호전62기 0 4 1 1 3 3 3 2④1:54.42½   .714.240.914.0  1 12  .00 4 3 -3 1.15623594260 1 9 3 32 2 4.0810.09 1.9 5.9  7.0   35.8   71.2   79.6  .02459 0 6 5 0―  .942.00 -.5432.55113.816.0031.5046.1214294410.9924.1040.09 4
20260621일 2170011국650 6108 3 3강 3357맑음포화19 3 2신천하트        오버애널파티레이 3639.00한암 4 0 0 2 1  109      16500국6홍대유문종원   3 31212 114 1 0 011  0조상범43155.057하입보19 18 18 6 4.030.0 9.8 928 6194312151315 02014132116      ↗→입13.839.342.014.380 939.141.5111.4113.3  0  0 11 0   13.70   14.70 4  1  0HHUP       1712-1.4 8.0 6.6262614 3일반주행거리속성 5기 0 4 1 1 1 1 1 3④1:51.41     .413.740.613.8 -2 -4  .00 4 6 -1 1.04016623968 2 8 9 91 1 1.03 9.05 3.8 8.0  3.8    9.4   21.2   11.8  .015 9-4 1 1-4▼-1.641.80  .1831.99114.0 1.84 3.33 9.78 1 4 8 2.13 5.3611.54 9
20260524일 3140011국650 9108 4 2강 2259맑음다습11 3 2신천하트        오버애널파티레이 3639.00한암 4 0 0 2 1   68      16500국6홍대유문종원   3 41111 414 2 0 010  0김옥성43555.058하입보18 21 2140 5.032.012.4 6 0 61943121513 6 02014141618      →→추13.836.840.314.267 836.741.2 91.3 90.0  0 13 13 0   13.90   14.40 3 -8  0HH동       1412-1.8 8.4 6.6303014 0일반주행급신장세57기 0 3 3     4 5 8⑧1:31.36    2.113.741.414.7  1  2  .00 8 7  1 2.47526888226 110 6 92 2 5.10 7.11 3.6 9.6  6.6  159.3  236.7 1192.3  .01520-3 2 1-3▼-1.239.30 -.0812.8889.34 1.99 7.0912.36 1 3 6 1.27 4.85 8.08 8
20260503일 2140011국651 9 58 5 2강 2259비  다습10 3 2신천하트        오버애널파티레이 3639.00한암 4 0 0 1 1   49      24750국6홍대유문종원   3 51010 314 1 0 0 9  0김옥성43355.058하입보20 19 1910 2.029.0 7.5 6 0 61943121513 6 02014141618      →→추13.936.940.314.359 936.741.0 90.9 89.8  0  0 14 0   13.80   14.80 2  4  0NHUP       1412-2.2 8.6 6.4303014 1일반주행거리탄력29기 011 3     3 3 6⑦1:30.9½   1.713.941.214.4  1 -7  .00 7 6  3 2.37531888233 3 6 6 90 1 2.01 1.03 2.5 4.6  3.9    4.6    9.4   13.6  .015 5-4 1 2-4▼-1.739.20 -.0212.6389.41  .65 3.42 7.48 2 714  .12 1.69 6.5911
20260419일 21300 9국622 8 78 6 1강 1139맑음건조 4 3 2신천하트        오버애널파티레이 3639.00한암 4 0 0 2 1   30      16500국6홍대유문종원   3 6 9 9 314 1 0 0 8  0이혁  44055.078하입하28 27 271012.041.018.12258 8194312151331252014282118      ↗↘선13.837.140.014.3721537.340.9 85.0 84.3  0  0 14 0   14.00   14.60 4  6  0NHDN       1412-1.2 8.2 7.0282814-1능력한계거리속성45기 0 7 4     5 6 7⑥1:25.01½  2.013.841.314.8  3  7  .09 6 3 -7 3.37934888225 3 7 5 52 1 4.02 4.03 1.9 2.5 14.1   11.2   32.7   37.5  .01227-2 3 2-2▽ -.840.20  .15 7.1683.35 4.21 9.8418.10 81729 2.99 8.8213.58 5
20260321토 3140011국641 9 98 7 1강 1156맑음건조 5 3 2신천하트        오버애널파티레이 3639.00한암 4 0 0 2 1   82      16500국6홍대유문종원   3 7 8 8 214 1 0 0 7  0유승완43355.069하입하 6  7  7 7 4.031.010.61961 9194312151313 02014152722      →↘입13.837.140.314.339 836.540.5 90.5 89.1  0  0  0 0   13.90   14.9011 -4  0HH동       1412-1.2 8.2 7.0282812 0교체실패휴양불리65기 0 1 5     4 4 5④1:30.52    1.514.041.214.6 -6 23  .00 410  4 1.55017796439 4 811102 1 1.04 9.04 2.7 5.5  2.7    7.9   14.8   33.6  .02011-4 1 1-4▼-1.438.80 -.2411.6689.55 2.36 4.7610.57 0 3 7 1.45 4.03 8.8610
20260103토 4140011국611 9 18 8 2강 2256맑음다습13 3 2신천하트        오버애널파티레이 3639.00한암 4 0 0 1 2  217      16500국6홍대유문종원   3 8 7 7 114 1 0 0 6  0문정균41055.077하입상 8  9  9 2 2.029.0 6.52467 01838 4151317 02014131923      →↘추13.837.140.314.343 737.542.2 92.2 92.2  0  0  0 0   13.60   14.8011 -5  0NHUP       1412-1.2 8.2 7.0282813 1일반주행휴양불리 5기 0 5 5     6 810⑩1:32.25    3.913.942.314.9  4 -9  .0110 6 -2 4.097679597 9 6 7 8 90 1 2.0110.01 1.3 2.4  7.0    2.4   11.4    4.6  .015 5-4 1 1-4▼-1.739.50 -.1114.8189.55  .51 2.68 6.47 1 3 6  .12 1.20 5.02 8
20251019일 2130011국632 6 88 9혼전 4451맑음포화17 3 2신천하트        오버애널파티레이 3639.00한암 3 0 0 2 2  23011:00 16500국6홍대유문종원   3 9 6 6 214 2 0 0 5  0정우주41955.067하입상53 38 3815 9.034.0 6.41150 51838 41513 6 02014163013      →↗입13.937.539.914.0472537.241.7 84.7 85.9  0  0  0 0   13.80   13.80 4  2  0BH동       1312-1.2 8.2 7.0282813 0숨은복병보통주행60기 010 5     5 6 8⑨1:24.71¼  3.613.641.214.8  1-14  .00 9 8 -1 3.695289591 7 6 7 8 92 2 1.03 9.11     3.6  1.7    3.6    4.6    4.6  .02010-3 2 1-3▼-1.440.20  .29 8.4683.55 1.01 2.39 6.39 2 714 2.04 5.1311.39 9
20250921일 3130010국652 410810 1강 1141맑음다습14 3 2신천하트        오버애널파티레이 3639.00한암 3 0 0 2 2  272      16500국6홍대유문종원   310 5 5 114 1 0 0 4  0정우주43355.067하입보24 24 24 1 4.030.0 4.21150 51838 41513 6 02014163013      →↗입14.037.740.114.1321737.639.2 82.9 83.1  0  0  0 0   14.10   13.70 9  5  0BHUP       1312 -.5 8.0 7.5262612 1신저혈통거리속성 5기 1 8 5     4 3 5⑤1:22.92½  1.513.839.213.8 -4 -2  .00 5 9  0 1.54751494834 511 9112 1 5.04 7.06 3.2 6.8  7.0   17.8   39.8   23.1  .028 7-4 1 2-4▼-1.939.40  .11 5.3483.80  .28 1.40 4.21 1 4 8  .80 2.45 4.9211
20250719토 1120010국641 6 9811 2강 2254비  불량20 3 2신천하트        오버애널파티레이 6544.00한암 3 0 0 2 3  454      16500국6홍대유문종원   311 4 4 414 4 0 0 3  0박태종43555.061하입상39 27 2721 6.033.0 9.1 550 31854101513 8 02014192421      ↗→입14.037.639.914.1291538.139.0 76.6 76.9  0  0  0 0   14.00   14.30 4  2  0HH동       1212 -.3 7.7 7.3212112 0일반주행신저혈통77기 1 3 8     9 9 9⑧1:16.62½  1.314.139.213.7 -1 -3  .00 8 9  2 4.27285557640 9 8 4 70 4 1.06 4.11 2.7 6.2  2.7   17.5   24.8   18.9  .025 7-4 2 1-4▼-1.538.20 -.26 -.6476.90  .81 3.69 9.07 41118 1.85 3.83 4.93 9
20250621토 2120011국650 8 5812 1강 1159흐림포화19 3 2신천하트        오버애널파티레이 6544.00한암 3 0 0 2 3  53311:30 16500국6홍대유문종원   312 3 3 314 3 0 0 2  0박태종43855.061하입보20 17 17 9 6.029.012.7 550 31854101513 8 02014192421      ↗→입13.737.640.014.229 837.439.1 76.9 76.1  0  0  0 0   14.00   14.40 4 -4  0HH동       1212  .0 8.0 8.0151512 0일반주행부진마필46기 0 1 6     6 6 6⑥1:16.9½   1.614.040.014.3 -1 10  .00 6 7 -1 2.05056616232 810 7 62 3 4.03 7.02     4.2  9.4   22.9   62.6   16.1  .015 3-4 1 1-4▼-1.438.00 -.43-1.4776.95 2.93 5.7812.65 1 511 2.25 4.35 5.80 9
20250524토 1120011국631 9 3813 3강 3359흐림다습13 3 2신천하트        오버애널파티레이 6544.00한암 3 0 0 2 4  61410:35 16500국6홍대유문종원   313 2 2 214 2 0 0 1  0박태종42855.063하무보12  9  9 7 5.026.0 1.7 899 51438 51513 8 02014192421      ↘↗입13.937.440.414.938 537.539.8 78.5 77.0  0  0  0 0   13.90   15.20 4 -2  0NH동       1212 1.0 8.0 9.0 7 712 0최빈거리거리난점48기 1 5 3     4 6 7⑦1:18.5½   2.014.040.314.4 -1  3  .00 7 8  0 3.37460798027 610 6102 2 1.0211.02     2.8  1.5    4.5    6.7    3.8  .0 9 2-4 1 2-4▼-2.138.40 -.23 -.8577.06  .12  .60 1.71 1 4 8 1.02 3.90 3.8210
20250426토 1120011국611 6 1814 1강 1157맑음양호 9 3 2신천하트        오버애널파티레이 6544.00한암 3     9 4  69810:35 16500국6홍대유문종원   314 1 1 114 1 0 0 0  0박태종42555.063평무보12 35 35 6  .026.0 3.9 899 51438 51513 8 02014192421      ↘↗입14.638.140.113.710 137.340.6 79.0 77.5              14.60   14.00        LN동       12 0         5.0     0 0일반주행우수혈통 1기 1 7 4     4 4 6⑨1:19.03    3.313.941.715.2  1  8  .00 9 8  0 3.885509089 911 711110 1 4.0111.03     2.2 14.8    8.6   28.9    6.9  .015 2-4 1 4-4▼-2.037.90 -.51 -.6877.29  .29 1.87 3.92 1 3 612.2224.5856.03 6
20261004일 3170010국6 0 9  9 0 1강 1153           3 3에버러블리      콩코드포텔미허니 7626.00한암 3 0 0   1    011:25 16500국6이관호김정철   1 0 9 9 1 8 1 0 1 8  0김정준   54.075기입적50 62 623455.050.021.71434 9224111203015182321132026      ↗↗추13.939.841.713.64834                   17 33 17 0   14.10   14.1010 -1 -1HHUP       1713-1.4 6.8 5.4515112 4마방연대기복전력82기 0 3                            14.1    14.1        .0                       7 6 3 6  1                                              .03043 0 5 4 0―  .141.70 -.20     114.1 4.6912.4821.74 4112111.7021.5432.90 5
20260725토 2130011국611 8 69 1혼전 4451맑음다습11 3 3에버러블리      콩코드포텔미허니 7626.00한암 3 0 0 9 1  172      16500국6이관호김정철   1 1 8 8 4 8 1 0 1 7  0조재로44355.088기입상38 36 366632.061.047.9345314224111203021382321192622      →↘입13.937.639.513.6374937.440.5 83.3 83.8 20 40 20 0   14.20   13.30 5 -6  0HN동       1313-1.8 7.8 6.0444412 0숨은복병마방연대85기 0 4 9     9 8 8⑧1:23.31    1.414.140.214.1  2-10  .00 8 6 -1 2.06944837940 6 2 8 20 1 1.02 8.05 1.6 5.4  1.6    5.4    8.5   10.9  .02280 1 5 7 1△  .939.60 -.68 6.6983.3520.7134.9447.91204358 8.7021.4929.30 5
20260621일 1130010국650 6109 2 1강 1152맑음포화19 3 3에버러블리      콩코드포텔미허니 7626.00한암 3 0 0 2 1   90      16500국6최봉주김정철   1 2 7 7 3 8 1 0 1 6  0김태훈45355.071기입적38 35 3530 3.035.018.21856 71350 6141319 017 4122521      ↗→입13.937.639.913.8402238.239.2 82.5 83.4 25 25  0 0   15.00   14.30 2 -1  0NN동       1312-2.0 8.0 6.0474712 0일반주행기복전력 5관 01010     9 8 8⑥1:22.5½   1.514.238.713.3 -1 -9  .00 6 7 -4 2.15977466436 8 4 5 70 2 6.04 9.05 2.3 5.5 14.3   49.1  134.4   70.4  .01525-1 2 2-1▽-1.039.60 -.10 5.9483.61 3.36 9.3818.16 41118  .12 3.60 7.6911
20260606토 3130011국613 7 69 3 2강 2257맑음양호 7 3 3에버러블리      콩코드포텔미허니 7626.00한암 3 0 0 1 1   38      16500국6최봉주김정철   1 3 6 6 2 8 1 0 1 5  0송재철46255.076기입적12 21 2130 3.034.0 8.81745 81350 61413103117 4192520      →→입13.837.340.013.8591738.639.4 84.9 83.6 33 33  0 0   13.80   15.60 4  7  0NNUP       1312-1.7 7.0 5.3555512 1교체실패기복전력45기 01110    1010 9⑧1:24.9½   2.015.040.214.3 -3  5  .00 811  6 2.26187557826 8 4 9100 1 7.02 8.05 1.6 4.3 20.4   43.3  139.6  109.3  .02020-4 2 1-4▼-1.439.90  .28 6.2883.48 1.75 3.73 8.81 1 4 8  .12 1.63 4.3211
20260509토 2120011국614 9 19 4 2강 2251맑음건조 5 3 3에버러블리      콩코드포텔미허니 7522.00한암 3 0 0 2 1   79      16500국6최봉주김정철   1 4 5 5 4 8 1 0 1 4  0김태훈45755.072기입적36 35 3515 2.031.0 8.11856 71350 6141319 017 4122521      ↗→입13.837.339.513.8441336.341.5 79.0 77.3 33 33  0 0   13.70   14.80 6 -2  1NN동       1312-3.510.0 6.5454512 0선행무리기복전력53기 1 4 3     3 3 5⑨1:19.01¼  2.913.842.215.6  4 -2  .05 9 5  1 3.382 996891411 4 7100 1 1.02 1.03 1.5 2.9  1.5    3.8    4.7    3.9  .012 7-4 1 1-4▼-1.538.60  .16  .4576.51  .76 3.43 8.10 1 3 6  .12  .93 2.8411
20260329일 1120010국640 9 99 5 2강 2251맑음건조 3 3 3에버러블리      콩코드포텔미허니 7522.00한암 3 0 0 9 1  114      16500국6최봉주김정철   1 5 4 4 3 8 4 0 1 3  0푸르칸45954.580기입적51 69 694361.060.038.92457151350 61413 5 017 4142421      ↗→추13.837.439.513.7391736.939.9 78.3 76.3 33 33  0 0   13.90   14.20 4  1  1LN동       1312-3.510.0 6.5454512 0부중유리기복전력75기 0 6 2     2 2 5⑨1:18.32½  2.113.740.614.8  5  4  .06 9 4  3 2.26031807125 7 4 3 51 4 5.0210.05 3.1 5.4  9.4   12.9   32.6   18.5  .03140 0 6 4 0―  .638.30 -.79 -.5876.5611.6323.5838.88 82134 6.3516.7316.38 9
20260302월 1120010국641 9 99 6 1강 1151비  건조 3 3 3에버러블리      콩코드포텔미허니 7522.00한암 3 0 1 1 1   73      16500국6최봉주김정철   1 6 3 3 2 8 3 0 1 2  1푸르칸45554.080기입적68 99 996480.066.058.82457151350 61413 5 017 4142421      ↗→추13.937.439.413.4392736.839.5 77.1 75.8 50 50  0 0   14.00   13.50 4  2 -1LH동       1312-3.510.0 6.5454512 0일반주행작전마주46관 0 5 5     5 5 3③1:17.11¾   .313.939.914.2  2  2  .00 3 1 -8 2.23929705873 3 3 1 32 3 2.04 2.06 2.2 4.1  4.1    7.0   13.4    5.0  .02047 0 7 6 0― 1.038.10-1.31-1.0176.5119.6838.5958.7619375418.4231.5822.86 2
20260201일 1120011국651 9109 7 3강 3352맑음건조 2 3 3에버러블리      콩코드포텔미허니 7522.00한암 3 0 0 1 1   52      16500국6최봉주김정철   1 7 2 2 1 8 2 0 0 1  0푸르칸45354.580하무보 5  5  5 2 4.028.0 1.72457151350 61413 5 017 4142421      ↗→추13.937.739.814.019 337.138.4 76.2 75.0  0  0  0 0   13.90   14.30 6  2  1NNDN       1313  .011.011.0 5 513-1걸음없음부진마필 5기 0 3 4     4 4 3②1:16.27     .014.039.113.5 -7 -7  .00 2 9 -2 1.31746363290 8 6 6112 2 1.09 4.03 2.7 5.2  2.7   73.1   93.5  155.1  .0 5 1-4 1 5-4▼-2.137.60 -.06-2.4676.90  .12  .53 1.67 2 510 1.20 3.39 3.9411
20251221일 3130012국651 6109 8혼전 4451맑음포화16 3 3에버러블리      콩코드포텔미허니 7626.00한암 2     2 1  11511:25 24750국6최봉주김정철   1 8 1 1 1 8 1 0 0 0  0푸르칸46054.078평무보40 25 2531  .036.012.42457151350 61413 5 017 4142421      ↗→추14.136.840.513.599 137.841.8 84.6 85.8              14.10   13.80        NN동       13 0         5.0     0 0일반주행거리속성50조 0 1 6     91011⑪1:24.6½   3.713.941.014.3  0 -5  .001111  0 3.896639596 7 21111 80 1 1.03 6.05     8.9  3.4    8.9   13.6   28.7  .01526-2 3 4-2▽-1.040.90  .19 8.5483.48 2.12 6.0912.44 1 51010.0920.1849.25 3
20261004일 3170010국6 0 9  9 0 1강 1153           3 4라이징윈드      레볼루셔금아선더 5535.00한암 3 0 0   1    011:25 16500국6배휴준하늬바람 2 01212 111 2 0 111  0푸르칸   54.078기무보50 55 552713.041.015.3245715 940 7 9 5 0291111142421 099 0↗→추13.739.342.013.87819                   11 22  011   13.80   14.50 4 -6  0VHUP55.04641713-1.6 7.4 5.8434313 4일반주행탐색우려56관 0 4                            13.8    14.5        .0                       2 8 7 9  2                                              .01512-2 3 2-2▽ -.542.00  .06     114.0 2.42 7.7215.34 1 4 9 2.13 7.1812.58 8
20260905토 8130011국652 5109 1 1강 1151맑음양호 7 3 4라이징윈드      레볼루셔금아선더 5535.00한암 3 0 0 1 1   55      24750국6배휴준하늬바람 2 11111 511 1 0 110  0푸르칸47154.078기무적34 28 286510.046.022.9245715 940 7 9 5 0291111142421 099 0↗→추13.737.039.813.6784137.139.6 83.2 83.0 13 25  013   13.90   14.80 3  0  0LH동55.04641412 -.6 7.2 6.6373713 0일반주행작전마주50관 010 6     6 5 5⑥1:23.21¾  1.013.840.314.5 -1  5  .00 6 7  5 1.04328614449 4 1 9 72 1 2.11 9.02 2.4 6.2  4.4  178.5  303.4  419.913.22052 0 3 4 0―  .040.10  .20 6.1783.16 5.5514.1322.91 3 816 3.09 7.6211.65 8
20260815토 3130011국652 7109 2 1강 1152흐림건조 3 3 4라이징윈드      레볼루셔금아선더 5535.00한암 3 0 0 2 1   69      16500국6배휴준하늬바람 2 21010 411 4 0 1 9  0김정준46654.075평자상50 63 636155.052.038.21434 9 940 7 9 5 5221111132026 099 0↗↗추13.737.139.713.6684536.840.4 84.4 83.5 13 13  013   13.60   13.90 6  7 -1VH동55.04641412 -.8 7.6 6.8333313 0일반주행작전마주 5   010 4     3 2 4⑥1:24.42    1.813.940.914.8  4  2  .09 6 2 -5 2.26116806128 5 3 3 40 8 4.03 1.02 3.3 6.5  5.7   13.0   26.8   11.7  .02028-1 5 3-1▽  .240.10 -.22 6.7083.1613.5225.8038.1610203317.1932.3147.89 3
20260705일 2130010국651 7109 3 1강 1159흐림건조 4 3 4라이징윈드      레볼루셔금아선더 5535.00한암 3 0 0 1 1   89      16500국6배휴준하늬바람 2 3 9 9 311 3 0 0 8  0김정준46455.075하무상19 17 1726 5.035.019.41434 9 940 7 9 5 5221111132026      ↗↗추13.737.339.813.4644137.039.3 82.8 82.6  0  0  0 0   13.90   15.00 3  2  0HN동       1412 -.8 7.6 6.8333313 0탄력저조작전마주51관 0 3 3     4 3 2②1:22.81     .013.639.413.9 -5 -4  .00 2 7 -3  .22723512987 4 3 5 62 7 3.07 5.03 3.8 8.2  4.9   72.3  109.4   95.8  .020 9-2 1 1-2▽-1.239.70  .12 5.5383.35 3.7812.0619.35 51323 2.17 7.7713.87 6
20260613토 2130011국622 8 79 4 1강 1151맑음건조 3 3 4라이징윈드      레볼루셔금아선더 5535.00한암 3 0 0 2 1   59      16500국6배휴준하늬바람 2 4 8 8 211 2 0 0 7  0김정준46855.075하무하 5 15 1536 4.032.011.01434 9 940 7 9 5 5221111132026      ↗↗추13.737.339.713.4614537.340.7 84.9 83.8  0  0  0 0   14.50   14.90 2 -3  0HNDN       1412 -.4 7.4 7.0373713-1교체실패조교부실29관 0 1 4     6 5 6⑨1:24.94    2.113.941.415.0 -1 -2  .00 910  4 2.36636847823 4 411110 6 2.07 7.05 1.9 5.4  4.7   16.4   30.5   67.8  .020 4-4 1 1-4▼-1.439.90  .41 6.7783.29 2.44 4.9110.96 1 511 1.49 4.29 9.5510
20260531일 3140011국610 9 19 5 2강 2258맑음양호 7 3 4라이징윈드      레볼루셔금아선더 5535.00한암 3 0 0 9 1   28      16500국6배휴준하늬바람 2 5 7 7 311 1 0 0 6  0김정준47055.075하무보 5 14 1426 3.037.022.41434 9 940 7 9 5 5221111132026      ↗↗추13.737.340.113.4283037.840.2 93.0 91.0  0 17  0 0   13.90   15.40 3  1  4NN동       1412 -.8 8.8 8.0333313 0선행무리거리탄력52관 0 4 8     8 9 9⑪1:33.0½   1.914.541.314.9  5  0  .0511 6  1 1.99082718529 3 7 8 50 5 3.02 3.11 1.4 2.6  9.3   23.3   60.4  154.8  .01521 0 2 2 0― -.639.10 -.5313.6089.55 5.4312.4222.37 61224  .12 3.10 6.25 7
20260510일 2140010국610 9 19 6 2강 2259맑음건조 5 3 4라이징윈드      레볼루셔금아선더 5535.00한암 3 0 0 2 1   49      16500국6배휴준하늬바람 2 6 6 6 211 1 0 0 5  0조성환47051.053하무상12 20 20 9 2.029.010.0 718 6 940 7 9 5 0 01111 91720      ↘→추14.037.640.213.5192236.942.3 93.2 91.9  0  0  0 0   14.10   14.40 2 -5 -4HHUP       1412 -.8 8.8 8.0333313 1일반주행조교부실17관 0 3 1     2 3 4⑥1:33.28    1.913.943.215.4  1  4  .00 6 5 -3 2.29534969529 6 7 4101 1 1.06 4.06 1.6 3.2  1.6   15.1   20.5   16.3  .015 4-4 1 2-4▼-1.938.90 -.4714.0589.83 1.10 4.00 9.99 2 714  .12 2.20 5.74 9
20260426일 11300 8국631 7 39 7 3강 3352맑음건조 3 3 4라이징윈드      레볼루셔금아선더 5535.00한암 3 0 0 9 1   30      16500국6배휴준하늬바람 2 7 5 5 111 1 0 0 4  0김옥성46655.058하무하 9 14 14 7 2.027.0 5.2 6 0 6 940 7 9 5 0 01111141618      →→추14.037.739.713.4364538.739.4 84.8 84.0  0  0  0 0   14.00   15.00 8  7  1NNDN       1412 -.5 9.0 8.5323212-1일반주행탐색우려42기 0 8 8     8 8 7⑥1:24.84    1.614.140.014.4 -2 19  .00 6 8  2 1.77291538135 8 5 8 80 1 2.01 2.07 1.6 2.8  4.1    2.8    7.5    9.611.215 1-4 1 1-4▼-1.839.60  .32 6.5683.55  .22 1.42 5.15 2 510  .12 1.23 3.9710
20260301일 3140011국650 9 59 8 2강 2251맑음건조 3 3 4라이징윈드      레볼루셔금아선더 5535.00한암 3 0 0 1 1  165      16500국6이신우하늬바람 2 8 4 4 111 4 0 0 3  0김정준44754.075하추적44 52 522312.044.017.01434 92060 8192221221914132026      ↗↗추14.337.739.913.4 44136.941.9 92.9 91.2  0  0  0 0   14.40   13.50 5  0 -1HHUP       1412-2.010.0 8.0363612 2일반주행거리부담55기 0 1 3     4 810⑩1:32.9½   2.114.042.715.0  4-10  .0010 6 -3 2.19237949325 9 4 5 70 4 1.0711.09 2.3 4.7  2.3   22.2   28.6   54.6  .01524-1 3 3-1▽ -.538.70 -.5213.6489.69 2.74 8.5117.01 41118 1.46 4.8610.68 8
20260125일 1120011국613 9 69 9 2강 2251맑음건조 3 3 4라이징윈드      레볼루셔금아선더 2327.00한암 3 0 0 2 1   73      16500국6이신우하늬바람 2 9 3 3 311 3 0 0 2  0김정준45754.574하무보 9 19 19 4 2.030.0 7.21434 92060 8192221221914132026      ↗↗추14.338.139.813.4 11037.937.8 76.6 75.3  0  0  0 0   14.60   13.70 5 -2  1HN동       1212  .010.510.5212112 0최빈거리거리탄력 5트 1 1 8     8 8 6③1:16.62½   .514.438.613.5 -6  1  .00 3 9  0 1.0228215376811 7 6103 3 6.01 2.09 1.4 3.7 37.3   15.5   82.3  189.3  .014 5-4 1 2-4▼-1.637.20 -.43-2.6577.12 1.03 2.11 7.21 1 3 8  .12  .84 2.7010
20251220토 1120012국610 9 1910 1강 1159흐림포화16 3 4라이징윈드      레볼루셔금아선더 2327.00한암 2 0 0 2 1  10710:35 24750국6이신우하늬바람 210 2 2 211 2 0 0 1  0김정준45654.074하무보 5  5  5 3 3.026.0 9.71434 92060 8192221221914132026      ↗↗추14.338.240.114.2 1 638.339.3 77.2 77.4  0  0  0 0   14.30   14.50 3 -3  0HH동       1212-1.012.011.0 4 412 0최빈거리부진마필56트 0 311    101010⑩1:17.21¾  1.414.639.213.7  1-12  .0010 9 -3 3.084926586401010 4120 2 1.08 5.12     3.4  1.1   32.1   40.1  107.6  .0 9 1-4 1 1-4▼-2.237.80 -.74 -.9177.34  .47 4.33 9.70 0 2 4  .12 1.95 1.7912
20251129토 1120012국610 6 6911 2강 2255맑음다습10 3 4라이징윈드      레볼루셔금아선더 2327.00한암 2     9 1   88      24750국6이신우하늬바람 211 1 1 111 1 0 0 0  0김정준46854.074평무보 5 35 35 5  .025.0 5.61434 92060 8192221221914132026      ↗↗추15.538.640.113.8 1 138.740.1 78.7 79.0              15.50   14.10 4  0  0LL동       12 0         9.0     0 0일반주행보통주행 5   0 6 8    101111⑪1:18.73    4.014.340.614.5 -1 -3  .001112  0 4.496968495 6121112110 1 1.03 1.02 1.6 4.4  1.6    5.3    7.5   69.6  .015 5-4 1 2-4▼-2.037.90 -.84  .2877.57  .56 2.99 5.56 0 2 5 8.3316.6725.00 6
20261004일 3170010국6 0 9  7 0 1강 1153           3 5강한프린세스    미스치비퀸오피서 2028.00한암 3 0 0   1    011:25 16500국6성상현강수덕  -1 01010 2 9 1 0 0 8  0최범현   54.093하자보50 44 443647.061.032.23160141668 214 044 02715183217      →→입13.539.841.113.84241                    0  0 2914   15.60   13.90 2 -3  0NH동       1714 -.2 7.6 7.4262612 0일반주행거리속성57관 1 5                            15.6    13.9        .0                       6 2 8 5  1                                              .01571-1 6 4-1▽  .741.10 -.12     113.7 8.4620.5632.15 71728 8.5119.4932.90 6
20260920일 4170010국650 9107 1 1강 1159맑음건조 2 3 5강한프린세스    미스치비퀸오피서 2028.00한암 3 0 0 2 1    8      16500국6성상현강수덕  -1 1 9 9 1 9 1 0 0 8  0빅투아44054.091하자보11 13 13 9 5.035.014.23052131668 214 0 0 02715222817      →→선13.539.541.513.8651940.940.2114.7113.7  0  0 3317   14.10   13.60 4  0  0NHUP       1714 -.2 8.0 7.8303012 3탄력저조거리속성27관 1 8101010 9 9 7⑥1:54.76    1.415.640.113.9  0 12  .00 6 6  0 1.95691245539 3 4 9 73 1 1.02 5.01 2.2 6.0  2.2    6.1    9.4   31.0  .01225-3 2 2-3▽-1.041.60  .2432.65113.8 2.14 6.8214.15 3 816 2.08 7.2113.26 7
20260823일 3140010국640 9 97 2 1강 1139맑음포화16 3 5강한프린세스    미스치비퀸오피서 2028.00한암 3 0 0 2 1   69      16500국6성상현강수덕  -1 2 8 8 3 9 2 0 0 7  0조상범42854.057하자적 9 27 275013.044.026.0 928 61668 214 0 0 02715132116      ↗→입13.536.839.713.8561937.040.4 89.6 89.8  0  0 4020   14.60   13.10 2  1  0NH동       1413 -.2 8.6 8.4303012 0착차만회거리탄력64기 1 8 7     7 8 8⑥1:29.62    2.214.139.913.6  0 -3  .00 6 6 -2 2.87244757323 2 2 7 70 2 1.0811.06 2.4 4.3  2.4   37.4   49.4   36.5  .02548 0 3 3 0― -.139.30 -.0813.2888.93 6.3116.0126.03 1 511 3.4510.5315.00 9
20260808토 3140011국652 9107 3혼전 4459맑음건조 2 3 5강한프린세스    미스치비퀸오피서 2028.00한암 3 0 0 1 1   49      16500국6성상현강수덕  -1 3 7 7 2 9 1 0 0 6  0조상범43154.057하입하 5  6  620 5.028.010.1 928 61668 214 0 0 02715132116      ↗→입13.536.540.114.780 138.039.1 90.9 89.9  0  0 50 0   13.70   15.0012  1 -1NHUP       1413  .5 8.8 9.3222212 1능력한계휴양불리39기 0 7 8     8 8 6⑤1:30.9머리  .714.639.013.1 -3 -9  .00 5 8  0 1.37688376662 2 2 9 93 1 3.05 1.06 2.6 5.7  5.1   19.4   39.0  170.7  .0 7 6-4 1 1-4▼-1.539.60  .2813.3389.00 1.16 4.6210.13 1 4 9 2.38 7.4113.11 8
20260516토 3130011국642 9 97 4 1강 1152맑음건조 3 3 5강한프린세스    미스치비퀸오피서 2028.00한암 3 0 0 2 2  218      16500국6홍대유강수덕  -1 4 6 6 2 9 1 0 0 5  0김태희44055.058하선하 7  7  731 5.034.017.61160 31838 4151310 02014152416      ↗↘입13.436.840.213.784 536.642.2 86.7 85.4  0  0 33 0   14.00   14.60 4 -2  0NN동       1410  .3 9.0 9.3252512 0숨은복병거리속성64관 0 6 2     2 610⑨1:26.77    2.713.743.115.0  1 -3  .00 9 8  3 2.992 7969017 2 910 62 2 4.01 2.10 2.6 5.3  6.9   10.5   24.5   57.4  .02029-1 2 1-1▽ -.940.80  .21 8.3683.29 3.77 8.7517.57 3 816 1.47 4.97 8.33 8
20260418토 2130011국632 9 87 5 1강 1151맑음건조 5 3 5강한프린세스    미스치비퀸오피서 2028.00한암 3 0 0 2 1   81      16500국6홍대유강수덕  -1 5 5 5 1 9 1 0 0 4  0이동하44355.090하선보86 87 876189.074.070.6325415194312151324 02014252419      ↗↘선13.436.840.913.786 638.240.9 86.8 85.8  0  0 33 0   14.00   12.9010 -2  1NNDN       1410  .0 8.5 8.5373712-1일반주행거리속성30관 0 8 6     91010⑩1:26.83    3.414.041.514.6  5 13  .0110 5 -5 3.595778793 9 211 1 10 1 3.01 6.03 1.7 4.0  5.5    4.4   14.5   11.912.03174 2 7 7 2△ 1.640.90-1.68 8.0583.7432.8157.8170.5534536526.5046.9554.25 1
20260208일 3140011국611 9 67 6 1강 1159맑음건조 2 3 5강한프린세스    미스치비퀸오피서 2028.00한암 3 0 0 2 1  186      16500국6홍대유강수덕  -1 6 4 4 1 9 1 0 0 3  0김태희43054.060하도보43 45 456231.051.032.11146 7194312151310 02014152416      ↘→입13.436.340.713.793 337.046.1 95.8 95.9  0  0 50 0   13.40   14.90 5  9 -1BHUP       1410  .0 8.5 8.5373712 2숨은탄력거리부담38기 010 6     5 911⑪1:35.8대차 7.514.045.615.5  1 -1  .001110  2 8.299449999 4 1 9 4 40 1 1.03 4.01 1.8 6.1  1.8    6.9   11.8   23.9  .01863 0 4 5 0―  .341.10 -.5518.8589.28 9.2621.0432.11102033 7.8419.3030.15 4
20260104일 1120011국621 9 27 7 1강 1154흐림다습12 3 5강한프린세스    미스치비퀸오피서 6721.00한암 3 0 0 1 1   94      16500국6홍대유강수덕  -1 7 3 3 1 9 1 0 0 2  0문정균43154.574하무보11  9  933 4.028.0 6.51118 6194312151317 02014131923      ↘↗추13.937.139.913.766 836.339.8 76.8 75.7  0  0  0 0   14.00   14.1010 -2  1HNUP       1210  .0 9.0 9.0202010 2일반주행부진마필38기 1 1 1     1 1 3⑧1:16.8½    .913.440.614.9  0 10  .00 8 8  2 1.037 8775154 3 7 8 81 1 2.0110.06 1.5 2.2  3.2    2.2    6.1   15.0  .015 5-4 1 1-4▼-1.838.30  .08-1.3476.62  .44 1.96 6.54 2 510  .92 2.88 4.2910
20251025토 1100012국620 7 27 8 1강 1155흐림건조 5 3 5강한프린세스    미스치비퀸오피서 6721.00한암 2 0 0 9 2  22010:35 24750국6홍대유강수덕  -1 8 2 2 2 9 2 0 0 1  0김옥성42154.057평무보11 25 2530  .026.0 7.9 7 0 71838 41513 6 92014141618      ↗→추13.937.138.113.7721937.439.4 64.2 64.5  0  0  0 0   13.90   14.00 5 -7  1HN동       1010         9.0    10 0최빈거리거리난점70기 2 3 7     7 6 6⑨1:04.24    2.714.039.314.1  3 -9  .05 9 6 -3 3.48750898112 9 7 8110 2 2.0512.02     2.3  4.0   35.3   63.4   12.7  .0 9 9-3 1 1-3▼-1.638.30  .66-10.762.87 1.38 2.61 7.87 1 3 6 8.3316.6725.00 3
20250920토 1100011국621 6 77 9혼전 4455흐림불량20 3 5강한프린세스    미스치비퀸오피서 6721.00한암 2     2 2  284      24750국6홍대유강수덕  -1 9 1 1 1 9 1 0 0 0  0김옥성43053.557평무보   25 2540  .035.016.4 7 0 71838 41513 6 92014141618      ↗→추14.137.137.813.9    37.039.2 62.9 64.4              14.10   14.20 4  0  0LN동       10 0                 0 0일반주행우수혈통 5기 210 7     7 6 9⑨1:02.96    2.213.938.614.0  0  9  .00 9 9  0 3.18633856818 1 1 2 90 1 1.04 2.01 1.5 2.7  1.5   13.0   14.7   34.0  .01544 0 3 3 0― -.838.30  .59-10.562.71 4.32 9.3016.40 1 3 8 8.8017.6726.8710
20261004일 3170010국6 0 9  5 0 1강 1153           3 6벌교시그니처    머스킷맨루브로드 7532.00한수 3 0 0   1    011:25 16500국6홍윤화유성훈   1 0 3 2 1 2 2 0 0 2  0임다빈   56.075평입하50 68 685478.065.039.61329 724551023 0 0 03927142424      →↗추13.839.741.613.95341                    0 50  0 0   13.80   13.70 5  5  0BHUP       1713  .5 4.5 5.0555513 4편성탐색작전마주86기 1 6                            13.8    13.7        .0                       4 4 1 2  2                                              .02963 0 7 6 0― 1.241.60 -.51     114.014.6028.5739.5518385418.0932.8247.42 2
20260830일 2130011국650 5105 1혼전 4451맑음다습11 3 6벌교시그니처    머스킷맨루브로드 7532.00한수 3 0 0 9 1   71      16500국6홍윤화유성훈   1 1 2 2 2 2 1 0 0 1  0임다빈50556.075하추상34 59 595023.052.033.11329 724551023 0 0 03927142424      →↗추13.937.639.913.9412737.538.9 81.9 82.6  0  0  0 0   13.90   13.90 6 -3 -1HH동       1313-4.0 8.0 4.0555513 0착차만회최적거리60기 0 1 3     3 3 5⑥1:21.91     .813.838.313.7  5 10  .00 6 1 -7 1.42845353054 6 8 6 32 1 2.0310.09 2.2 7.0  5.3   12.5   27.3   54.6  .02560 0 4 4 0―  .039.40 -.50 5.0583.6111.6823.8333.08122640 8.6216.5526.61 6
20260719일 2130011국651 9105 2 1강 1156흐림포화16 3 6벌교시그니처    머스킷맨루브로드 7532.00한수 3     2 1  100      16500국6홍윤화유성훈   1 2 1 2 1 2 1 0 0 0  0정정희49557.080평무보52 25 2548  .042.021.619431024551023 0 5 03927202515      →↗입14.637.439.713.0714937.539.7 83.1 83.4              14.60   13.30 4  0  0NL동       13 0         3.0     0 0일반주행작전마주 5   0 4 5     7 7 6④1:23.13     .913.939.813.9 -4 11  .00 4 8  0 1.75749636057 4 511 73 1 4.05 7.05 2.8 6.0  9.1   42.1   92.4   30.1  .02030-2 4 4-2▽ -.839.70  .04 6.2683.35 7.2813.6221.58 4111816.1832.1275.00 3
20261004일 3170010국6 0 9  7 0 1강 1153           3 7카타리나라      인디언킹플라이톱 3541.00한암 3 0 0   1    011:25 16500국6박윤규오종환   2 0 4 4 1 3 3 0 0 3  0장추열   54.093평입보50 56 563469.064.039.33049121448 71713 0 017 9202722 0 099↘↗입13.939.441.913.97827                    0 33  0 0   14.30   13.70 4 -1  0NUUP54.05121713 1.7 3.3 5.0454513 4일반주행거리속성74관 0 7                            14.3    13.7        .0                       3 7 6 3  3                                              .02053 0 6 6 0― 1.241.90 -.49     114.014.5228.4039.2914294418.0931.7944.52 3
20260905토 8130011국652 5107 1 1강 1151맑음양호 7 3 7카타리나라      인디언킹플라이톱 3541.00한암 3 0 0 1 1   55      24750국6박윤규오종환   2 1 3 3 2 3 2 0 0 2  0장추열51254.093하입보38 43 433462.061.040.43049121448 71713 0 017 9202722      ↘↗입13.937.040.014.2861537.438.7 82.6 82.4  0  0  0 0   14.00   13.70 4  6  0BHUP       1312 3.5 2.5 6.0323212 1교체실패거리속성34관 1 8 9     7 7 7③1:22.62     .414.339.413.7 -2  0  .00 3 5  2  .42243312469 5 5 6 23 2 2.11 9.02 2.4 6.2  4.4  178.5  303.4  419.913.22254 1 5 5 1― 1.039.90 -.40 5.3783.2913.9927.9340.42183854 9.2820.9533.01 3
20260808토 2120010국642 6 97 2 1강 1151맑음건조 2 3 7카타리나라      인디언킹플라이톱 35     한암 3 0 0 1 1   90      16500국6박윤규오종환   2 2 2 2 1 3 1 0 0 1  0장추열51254.093하입하31 18 185436.045.028.13049121448 71713 0 017 9202722      ↘↗입13.936.940.014.583 837.139.1 76.2 76.2  0  0  0 0   14.00   14.60 4 -5 -1HHDN       1313 4.0 2.0 6.0111113-1교체실패부진마필83기 2 2 6     6 5 7⑥1:16.2½    .914.039.013.7  3 -9  .00 6 3  1  .95647605652 6 9 7 62 1 7.08 3.10 3.2 6.2 18.9  164.5  301.2  285.7  .02044 0 3 3 0― -.138.70 -.47 -.6976.56 7.3217.6128.09 3 816 6.5914.7419.08 7
20260711토 21300 9국643 9 47 3 1강 1151맑음포화15 3 7카타리나라      인디언킹플라이톱 3541.00한암 3     2 1   59      16500국6박윤규오종환   2 3 1 1 1 3 1 0 0 0  0마이아52155.093평무보64 25 2574  .062.056.13453131448 71713391817 93533 7      ↘↗선14.838.038.712.3329937.140.6 84.1 83.8              14.80   12.50 4  0  0LL동       13 0         2.0     0 0일반주행작전마주48기 0 7 7     5 4 4⑥1:24.1½   2.914.040.614.6  4  0  .00 6 2  0 3.06825837115 8 1 8 22 1 4.01 5.08 2.1 2.9  6.2    5.1   14.0   42.5  .02064 0 6 5 0― 1.039.30 -.66 7.1283.1018.4837.3356.0518385412.0924.8662.01 5
20261004일 3170010국6 0 9  5 0 1강 1153           3 8플라잉드림      레이스데드림딜라 8731.00한수 2 0 0   1    011:25 16500국6이준철김형순  -1 0 3 2 1 2 1 0 0 2  0김용근   55.085하무보50 58 586284.075.066.6265114304614303640323123312714      →↘선14.139.741.712.954 7                    0  0  0 0   14.10   14.50 5  1  2LNUP       1710-2.0 9.0 7.0414110 3일반주행연대우수70기 0 8                            14.1    14.5        .0                       5 5 5 1  2                                              .04877 3 8 9 3▲ 2.241.70-1.19     114.034.6652.6966.6137597120.2138.9752.26 1
20260830일 1140010국642 9 45 1혼전 4451맑음다습11 3 8플라잉드림      레이스데드림딜라 8731.00한수 2 0 0 9 1   72      24750국6이준철김형순  -1 1 2 2 1 2 1 0 0 1  0우인철42853.574하도보22 34 344225.057.026.2204810304614303638253123112823      ↗↘입14.137.340.312.931 637.140.8 89.9 90.1  0  0  0 0   14.10   13.20 5  4 -2VHUP       1410-2.0 9.0 7.0414110 4마방연대거리부담38기 0 7 8     8 8 8⑦1:29.9½   1.314.140.714.5 -2 -4  .00 7 9  0 1.78045848242 9 8 6 60 1 2.05 3.05 2.1 3.9  3.8   15.8   23.5   24.6  .03039 0 5 6 0―  .438.90 -.7712.5289.69 6.8616.0226.18 51323 6.3314.2121.13 8
20260726일 1100011국630 6 35 2혼전 4455맑음다습10 3 8플라잉드림      레이스데드림딜라 5426.00한수 2     9 1   81      24750국6이준철김형순  -1 2 1 2 1 2 1 0 0 0  0김용근43255.586평무보14 25 2577  .063.034.1265114304614303640323123312714      →↘선14.237.038.313.995 137.439.2 63.5 64.0              14.20   14.20 4  0  0NL동       10 0         7.0     0 0숨은복병마방연대62기 1 3 7     7 8 9⑦1:03.5¾   1.314.138.413.2 -2  8  .00 7 9  0 3.27654827641 2 8 5 50 1 2.0410.05 2.4 2.6  2.6   18.5   27.5   85.4  .02269 0 6 7 0―  .838.30 -.13-11.362.93 9.9121.0334.07 81729 8.6617.1929.15 4
20261004일 3170010국6 0 9  9 0 1강 1153           3 9피엔에스워크    프로스펙파워앤스  930.00한암 4 0 0   1    011:25 16500국6박윤규피엔에스 2 01515 214 3 0 014  0김효정   54.068하추보50 59 594321.048.021.61749 71448 717 8 81417 9202217 0 099↗→선14.040.440.613.71376                    0 15  031   15.40   13.80 4  1  0LH동52.54721714-1.0 7.2 6.2474714 0일반주행거리속성 1   0 9                            15.4    13.8        .0                      10 1 4 7  7                                              .01528 0 3 3 0―  .140.60  .06     113.8 4.6512.4321.64 3 816 3.19 7.1816.45 9
20260906일 3170011국650 6109 1 1강 1159맑음양호 6 3 9피엔에스워크    프로스펙파워앤스  930.00한암 4 0 0 1 1   50      16500국6박윤규피엔에스 2 11414 114 2 0 013  0김효정46454.068평추보24 54 544829.048.035.61749 71448 717 8 81417 9202217 0 099↗→선14.040.241.013.7245741.139.9115.8114.3  0 17  025   14.90   13.10 4 -3  0NHUP52.54721714-1.4 7.2 5.8535314 3일반주행작전마주 5   0 81010101010 9⑧1:55.81¼  1.515.440.213.8  0 -9  .00 8 8  2 1.77395175437 9 2 2 30 6 2.03 2.09 3.1 6.6  4.5   10.9   23.7    8.4  .02029 0 4 3 0―  .041.00 -.3633.14113.9 9.5122.4535.6014294412.5031.1144.81 2
20260808토 3140011국652 9109 2혼전 4469맑음건조 2 3 9피엔에스워크    프로스펙파워앤스  930.00한암 4 0 0 1 1   89      16500국6박윤규피엔에스 2 213131114 1 0 012  0김효정47354.068평추하25 28 2837 6.036.022.21749 71448 717 8 81417 9202217 0 099↗→선14.037.539.613.8183738.238.8 90.9 89.8  0  9  018   14.20   14.40 3  0 -1VH동52.54721414-1.4 7.2 5.8464614 0최빈거리최적거리 5   01110    1010 7⑥1:30.9½    .714.938.813.1  0  4  .00 6 6  0 1.3729425636211 1 5 63 5 3.05 1.06 2.6 5.7  5.1   19.4   39.0  170.7  .01330 0 1 1 0― -.738.60 -.3512.6589.34 6.3913.8522.21 41121 4.76 7.4116.3910
20260718토 3140011국620 9 79 3 1강 1151흐림불량20 3 9피엔에스워크    프로스펙파워앤스  930.00한암 4 0 0 2 1   38      16500국6박윤규피엔에스 2 312121014 1 0 011  0서승운46955.087평추상67 76 764756.062.035.22336121448 717 8 0 017 9282616 0 099↗→선14.037.539.513.7144537.140.1 90.6 89.8  0 10  020   14.40   13.60 3  5  2VN동52.54721414-2.0 8.0 6.0505014 0최빈거리최적거리 5   011 9     6 6 7⑧1:30.64    2.314.240.714.4  2  0  .00 8 6 -2 2.7725172712210 4 3 42 1 1.02 3.04 2.3 4.4  2.3    4.4    7.1   17.9  .02072 0 6 4 0― 1.038.60 -.6312.8089.2811.9123.5935.20142944 9.5922.3535.61 4
20260628일 3140011국652 8109 4 1강 1151맑음건조 3 3 9피엔에스워크    프로스펙파워앤스  930.00한암 4 0 0 9 1   48      16500국6박윤규피엔에스 2 41111 914 3 0 010  0권중석46953.066하추상36 53 533321.051.021.51341 61448 717 8 71117 9191818 0 099↘→선14.037.539.813.8193038.138.4 89.3 88.4  0  0  011   14.90   13.20 3  0  1NV동52.04751414-1.6 8.0 6.4404014 0최빈거리최적거리 5   0 610    1111 7⑤1:29.3머리  .614.438.913.6 -3 -6  .00 5 8  0  .8228814406410 4 7 63 3 2.05 8.10 2.8 6.6  3.6   16.1   25.7   25.2  .02247 1 4 3 1―  .438.30 -.4711.0689.48 4.6312.1121.50 3 816 2.19 5.6014.33 9
20260606토 2140011국650 9 59 5 1강 1154맑음양호 7 3 9피엔에스워크    프로스펙파워앤스  930.00한암 4 0 0 1 1   39      16500국6박윤규피엔에스 2 51010 814 2 0 0 9  0권중석47552.066하입상39 50 502431.047.029.61341 61448 717 8 71117 9191818      ↘→선14.037.440.014.0252238.537.8 91.4 89.4  0  0  0 0   14.50   14.50 3 -1  0NH동       1414-1.6 7.8 6.2383814 0일반주행보통주행 5   0 610    1010 7④1:31.43     .714.938.913.2 -4  0  .00 4 8  0  .86096 43762 7 7 3 73 2 2.01 9.04 2.0 4.0  4.7    4.0   10.3   14.1  .01526 0 4 3 0― -.138.60 -.7512.0089.55 8.0118.8029.61 41121 6.4516.3027.65 5
20260516토 11400 9국641 9 49 6 2강 2259맑음건조 3 3 9피엔에스워크    프로스펙파워앤스  930.00한암 4 0 0 2 1   60      16500국6박윤규피엔에스 2 6 9 9 714 1 0 0 8  0권중석47552.066하입보29 24 2423 4.033.014.21341 61448 717 8 71117 9191818      ↘→선14.037.540.014.0181937.240.1 91.1 89.2  0  0  0 0   14.20   14.90 3  6 -3NH동       1414-1.2 8.2 7.0282814 0최빈거리보통주행 5   0 7 8     8 7 6⑥1:31.11¾   .714.540.914.5 -2  1  .00 6 8  2 3.05455686963 6 3 8 70 1 2.05 9.03 2.1 2.9  3.8   38.6   57.9   16.9  .01316-1 1 1-1▽-1.038.50 -.3911.7189.62 2.26 6.5914.19 2 716 1.28 4.00 9.38 8
20260425토 21400 8국641 9 49 7 2강 2259맑음건조 3 3 9피엔에스워크    프로스펙파워앤스  930.00한암 4 0 0 9 1   60      16500국6박윤규피엔에스 2 7 8 8 614 1 0 0 7  0정정희47455.080하추상19 24 2420 3.034.014.81943101448 717 811 017 9202515      →↗입13.937.640.013.8112237.040.0 91.2 89.2  0  0  0 0   14.40   13.90 6  0  0HH동       1414-1.6 8.6 7.0292914 0최빈거리최적거리25   0 1 5     5 4 4⑥1:31.23    1.914.241.014.9  0 -4  .00 6 6 -4 2.05748686729 6 7 5 72 1 2.03 2.08 2.3 3.6  3.6    6.3   13.0   10.7  .01327-1 1 1-1▽-1.038.40 -.4811.6089.69 2.18 6.6914.83 41118  .12 2.63 4.45 7
20260315일 2140011국650 8109 8 3강 3357흐림양호 6 3 9피엔에스워크    프로스펙파워앤스  930.00한암 4 0 0 2 1  114      16500국6박윤규피엔에스 2 8 7 7 514 4 0 0 6  0김효정47855.068하추상10 10 10 6 3.031.0 4.91749 71448 717 8 81417 9202217      ↗→선13.937.640.113.8131538.139.3 91.2 89.6  0  0  0 0   14.20   14.90 2 -3  0HH동       1414-1.4 8.8 7.4212114 0최빈거리최적거리 5   0 110    111110⑨1:31.21¼  1.414.439.913.9 -1 -3  .00 910  2 1.6679047753911 710110 4 8.01 6.04 3.1 8.7 22.6   22.6   72.7   54.1  .013 5-4 1 2-4▼-1.838.40 -.2711.8889.76  .36 1.57 4.93 0 2 4  .12 3.13 6.8511
20260302월 3140011국640 9 99 9 1강 1131비  양호 6 3 9피엔에스워크    프로스펙파워앤스  930.00한암 4 0 0 1 1   29      16500국6박윤규피엔에스 2 9 6 6 414 3 0 0 5  0김효정48155.068하추적13 19 19 9 3.032.0 7.51749 71448 717 8 81417 9202217      ↗→선14.237.640.013.4 93437.340.4 92.0 90.0  0 25  0 0   14.00   14.70 6  2  0HH동       1412-1.5 9.0 7.5222214 0일반주행최적거리 5   0 4 4     5 5 7⑦1:32.02½  2.314.241.314.9 -1  6  .00 7 8  5 3.1786177812210 810102 3 1.02 1.02 3.4 5.9  3.4    5.9    9.9   15.1  .015 6-4 1 1-4▼-1.538.50 -.2612.4089.69  .78 3.22 7.45 1 3 6  .12 1.89 4.7510
20260118일 31400 8국620 9 2910 2강 2244흐림건조 5 3 9피엔에스워크    프로스펙파워앤스  930.00한암 4 0 0 2 1   92      16500국6박윤규피엔에스 210 5 5 314 2 0 0 4  0김효정47555.068하추보32 26 26 5 4.032.015.31749 71448 717 8 81417 9202217      ↗→선14.237.640.113.4 52736.840.8 90.9 89.5  0 25  0 0   14.20   13.50 4 -3  0HH동       1412 -.7 9.7 9.0141414 0능력한계최적거리 5   0 2 4     3 3 6⑥1:30.96    1.314.041.314.7  3  4  .05 6 3 -4 1.86732857942 7 6 5 72 2 2.05 8.04 1.7 2.1  3.0   17.9   26.7   35.8  .013 7-3 1 1-3▼-1.538.40 -.5311.7989.76 2.24 7.3215.33 41118 1.54 4.5511.29 7
20251220토 3140011국610 9 1911 1강 1157흐림포화16 3 9피엔에스워크    프로스펙파워앤스  930.00한암 3 0 0 2 1   8411:25 16500국6박윤규피엔에스 211 4 4 214 1 0 0 3  0김효정47155.068하추보 5  5  5 2 3.030.0 7.71749 71448 717 8 81417 9202217      ↗→선14.237.740.313.1 51737.038.8 88.4 88.4  0  0  0 0   14.20   14.70 3 -1  0NH동       1412 -.7 9.7 9.0141414 0발길대로최적거리 5   0 510     6 6 4③1:28.46    1.114.238.713.5 -4 -7  .00 3 7 -3 1.53252282749 9 810113 1 1.02 1.10     2.3  1.2    2.3    2.6   36.3  .013 8-4 1 3-4▼-1.938.10 -.5410.4489.96  .57 2.76 7.65 41118  .12 2.94 5.64 9
20251129토 3140011국620 8 2912 2강 2259맑음다습10 3 9피엔에스워크    프로스펙파워앤스  930.00한암 3 0 0 9 1   86      16500국6박윤규피엔에스 212 3 3 114 2 0 0 2  0김태희47855.060하추보 8 12 12 2 3.026.0 6.71146 71448 717 810 317 9152416      ↘→입14.537.940.213.1 22237.441.0 91.6 90.6  0  0  0 0   15.10   13.50 4 -1  0NHUP       1412-1.0 9.5 8.5161612 2능력한계거리부담 5   0 610     9 910⑩1:31.66    2.914.241.414.7  0 -5  .001010  2 4.5876487901311 7 7100 2 1.02 5.02 1.4 2.1  1.4    2.1    2.6    4.3  .012 1-4 1 1-4▼-1.838.40 -.5712.4790.03  .32 1.98 6.70 0 2 5  .12 2.60 5.08 9
20251101토 2120010국641 9 4913혼전 4459맑음건조 5 3 9피엔에스워크    프로스펙파워앤스        한암 3     1 1  175      16500국6박윤규피엔에스 213 2 2 214 1 0 0 0  0김태희48355.062하무보 5  5  5 1 4.025.0 6.01146 71448 717 810 317 9152416      ↘→입14.538.340.915.5 3 238.738.7 79.1 77.1  0  0  0 0   15.40   13.6011 -4  0NH동       1212  .011.011.0 1 112 0최빈거리거리난점 5   0 7 9     9 9 8⑥1:19.12½  1.715.139.813.5 -2  8  .00 6 8 -3 2.7779647833411 9 5 93 1 1.02 2.08 2.4 3.0  2.4    3.0    5.9   10.2  .0 9 3-4 1 3-4▼-2.237.60-1.12-2.1077.84  .10 2.32 6.01 1 4 8 1.14 3.26 3.4811
20250816토 3120011국611 8 6914 3강 3351맑음다습12 3 9피엔에스워크    프로스펙파워앤스        한암 3     2 2  38612:50 16500국6박윤규피엔에스 214 1 1 114 1 0 0 0  0정우주47555.067평무보   35 3540  .026.0 5.81150 51038 417 8 0 017 9163013      →↗입14.436.738.515.4    38.143.1 81.6 81.0              14.40   15.70        NN동       12 0                 0 0일반주행보통주행 5   01110     9 911⑪1:21.65    6.014.543.315.8  0  2  .001111  0 6.499869999 4 3 311110 1 1.05 3.06     7.7  2.3    9.0   13.2   20.711.215 6-4 2 2-4▼-1.840.40 1.11 5.8075.61  .34 1.95 5.84 0 2 413.4123.7861.52 4
20261004일 3170010국6 0 9  9 0 1강 1153           310태광프린스      지롤라모두만강   3434.00한수 3 0 0   1    011:25 16500국6배휴준문창완   0 0 7 7 2 6 3 0 0 5  0권중석   54.066하무보50 44 44 2 5.032.0 8.71341 6 940 7 9 0 0 01111191818      ↘→선14.040.242.313.52313                    0  0  0 0   14.50   14.10 2  2  0NHUP       1712 -.8 9.2 8.4272712 4일반주행거리속성32관 010                            14.5    14.1        .0                       8 9 910  3                                              .015 2-4 1 1-4▼-1.342.30 -.43     114.8  .79 3.22 8.65 0 3 7 1.06 4.10 7.7410
20260920일 31300 8국631 9 89 1 1강 1139맑음건조 2 310태광프린스      지롤라모두만강   3434.00한수 3 0 0 2 1    9      13750국6배휴준문창완   0 1 6 6 2 6 2 0 0 5  0권중석51354.066하무상 5  8  8 1 3.028.014.51341 6 940 7 9 0 0 01111191818      ↘→선14.038.139.913.5221538.539.4 84.6 83.6  0  0  0 0   14.80   14.50 2  2  0NHDN       1712-1.2 9.8 8.6212112-4탄력저조거리속성51관 0 8 7     7 7 7⑦1:24.6½    .514.539.714.1  1 -7  .00 7 6 -5 1.36585537668 7 3 6 70 2 3.07 6.05 2.3 3.7  5.1   77.2  126.8  184.3  .012 1-4 1 2-4▼-1.939.10 -.29 5.6283.93 1.83 6.7014.48 41118  .12 6.6714.15 8
20260906일 3170011국650 6109 2 1강 1159맑음양호 6 310태광프린스      지롤라모두만강   3434.00한수 3 0 0 1 1   29      16500국6배휴준문창완   0 2 5 5 1 6 1 0 0 4  0권중석52054.066하무보 5  5  5 1 3.028.0 2.31341 6 940 7 9 0 0 01111191818      ↘→선14.040.141.913.529 740.641.3116.3114.8  0  0  0 0   14.40   14.50 2  5 -2NHUP       1712-1.0 9.5 8.5202012 3탄력저조탐색우려28관 0 6 5 5 8 5 5 7⑨1:56.32½  2.014.841.614.5 -2  4  .00 911  1 2.28184567625 8 9 9110 1 2.03 2.09 3.1 6.6  4.5   10.9   23.7    8.4  .0 5 1-4 1 2-4▼-2.141.20 -.0132.81114.4  .21  .95 2.27 1 3 6  .12 4.44 9.7411
20260823일 3140010국640 8 99 3 1강 1159맑음포화16 310태광프린스      지롤라모두만강   3434.00한수 3 0 0 2 1   28      16500국6배휴준문창완   0 3 4 4 1 6 4 0 0 3  0김옥성51656.058하무보 6  7  7 1 2.027.0 4.3 6 0 6 940 7 9 0 0 01111141618      →→추14.037.240.013.539 537.541.4 90.9 90.9  0  0  0 0   14.00   15.10 4 -8 -1HHUP       1412-1.0 9.3 8.3252512 1발길대로탐색우려50조 1 1 9     91010⑨1:30.92½  3.514.441.014.5 -1 11  .00 910 -1 4.191709093 9 6 6 8100 4 1.0811.06 2.4 4.3  2.4   37.4   49.4   36.5  .0 6 1-4 1 2-4▼-1.939.10  .0613.7489.41  .42 1.55 4.28 1 3 6  .12 1.50 4.6211
20260725토 2130011국611 8 69 4혼전 4451맑음다습11 310태광프린스      지롤라모두만강   3434.00한수 3 0 0 9 1   70      16500국6배휴준문창완   0 4 3 3 1 6 3 0 0 2  0김옥성50557.058하무보36 33 33 5 5.027.0 6.3 6 0 6 940 7 9 0 0 01111141618      →→추14.638.040.113.5211937.242.2 85.0 85.4  0  0  0 0   14.60   14.20 4 -1  0NHUP       1312-1.0 8.5 7.5333312 1숨은복병탐색우려87기 0 9 8     7 9 9⑩1:25.0머리 3.114.042.015.1 -1 -4  .001011  3 3.7933096941111 9 9110 3 1.02 8.05 1.6 5.4  1.6    5.4    8.5   10.9  .020 1-4 1 1-4▼-1.739.60 -.13 7.2984.00  .72 2.96 6.25 0 2 5 2.17 6.6111.1611
20260628일 2120011국612 9 19 5 1강 1154맑음건조 3 310태광프린스      지롤라모두만강   4720.00한수 3 0 0 9 1   69      16500국6배휴준문창완   0 5 2 2 2 6 2 0 0 1  0김옥성50957.058하무보39 39 39 7 4.027.010.6 6 0 6 940 7 9 0 0 01111141618      →→추14.838.239.413.5 23737.339.5 77.8 76.4  0  0  0 0   14.80   13.80 5  2  0NH동       1212-1.0 9.0 8.0383812 0최빈거리보통주행40기 010 9     9 9 8⑦1:17.81½  1.814.639.914.2 -1  4  .00 7 8 -1 2.3595271703110 4 3 70 2 1.04 5.11 1.3 2.5  1.3    5.7    6.4    6.1  .013 8-2 1 1-2▽-1.737.50 -.37-1.2376.95 1.06 4.8710.63 41118  .75 2.33 3.3911
20260523토 1120011국611 9 69 6 3강 3359흐림다습13 310태광프린스      지롤라모두만강   4720.00한수 3     2 1   80      16500국6배휴준문창완   0 6 1 1 1 6 1 0 0 0  0김옥성50557.058평무보33 25 25 5  .023.0 2.5 6 0 6 940 7 9 0 0 01111141618      →→추14.837.440.013.571 438.239.0 77.7 76.4              14.80   13.80 4  0  0LL동       12 0         6.0     0 0일반주행탐색우려44기 0 810    10 9 9⑧1:17.74    1.414.839.313.8 -1 18  .00 8 9  0 1.66188587940 6 911110 1 2.04 3.02 1.4 3.8  7.5   15.7   39.6    7.0  .015 1-4 1 1-4▼-2.338.30  .00-1.0376.84  .34  .51 2.49 0 2 414.4726.3548.39 4
20261004일 4120011국6 4 7  5 0 1강 1151           4 1군주민수        피스룰즈북새명가 6323.00한거 3 0 0   1    012:05 16500국6성상현이관형   1 0 2 1 2 1 1 0 0 1  0코지     56.088하무보50 33 333022.040.014.13359191668 21445 0182715233119      ↗↘입14.137.839.913.917 5                    0  0  0 0   14.10   14.20 8 -6  0HH동       1212 1.0 9.010.0141412 0마방연대마방연대71관 0 1                            14.1    14.2        .0                       9 911 9  1                                              .03057-2 3 3-2▽ -.639.90 -.52     77.01 2.90 7.4414.13 1 511 5.36 9.7317.80 8
20260808토 2120010국642 6 95 1 1강 1151맑음건조 2 4 1군주민수        피스룰즈북새명가 6323.00한거 3     1 1  152      16500국6성상현이관형   1 1 1 1 1 1 1 0 0 0  0유승완49156.072평무보 5 25 2536  .033.013.61961 91668 21445 0412715152722      →↘입14.237.540.014.051 137.540.4 77.9 77.8              14.20   14.30 4  0  0LL동       12 0         4.0     0 0일반주행마방연대38기 0 7 8     7 9 9⑩1:17.9코   2.614.140.214.2  1 -8  .0010 9  0 2.69065878915 91010 90 1 7.08 3.10 3.2 6.2 18.9  164.5  301.2  285.7  .02236-2 2 1-2▽-1.038.60 -.40  .3076.90 2.32 6.6013.62 0 3 712.0923.1651.16 3
20261004일 4120011국6 4 7  8 0 1강 1151           4 2프라임스타      카우보이이스트걸 6426.00한암 3 0 0   1    012:05 16500국6임채덕양순희   2 0 5 5 4 4 1 0 0 4  0이혁     54.080기선적50 57 578539.058.031.32258 8 856 31010 0 0 7 028211899 0 0↗↘선13.637.038.713.06365                    0 33 67 0   13.60   13.40 5 -6  0UUDN54.04581312-3.0 8.7 5.7474713-1숨은복병작전마주62기 0 2                            13.6    13.4        .0                       6 2 5 3  1                                              .02082 0 5 5 0―  .738.70  .11     75.89 7.8219.6631.31142944 7.1415.0422.26 6
20260829토 3130010국631 6 88 1혼전 4451흐림다습12 4 2프라임스타      카우보이이스트걸 5732.00한암 3 0 0 9 1   80      16500국6임채덕양순희   2 1 4 4 1 4 1 0 0 3  0송재철45854.076하도보11 13 1324 5.031.0 9.31745 8 856 3101010 0 7 0192520      →→입13.637.439.713.0494536.938.9 81.5 82.0  0  0 50 0   14.30   13.30 3  2  0BHUP       1312-2.5 9.5 7.0373712 1일반주행탐색우려31기 0 8 1     1 1 1③1:21.52½   .513.638.413.4 -4 -1  .00 3 7 -3  .61220351566 5 710101 1 3.01 5.01 1.9 3.3  4.7    4.9   12.2   27.7  .015 8-4 1 1-4▼-1.539.40  .40 4.8983.35 1.06 4.23 9.30 1 3 8 1.89 6.3010.67 9
20260808토 2120010국642 6 98 2 1강 1151맑음건조 2 4 2프라임스타      카우보이이스트걸 6426.00한암 3 0 0 1 1   70      16500국6임채덕양순희   2 2 3 3 3 4 3 0 0 2  0김태현45954.053평선상74 88 887064.056.034.41050 4 856 31010 0 0 7 0201319      →↘선13.636.739.813.8891939.538.4 77.9 77.7  0  0100 0   13.70   14.10 5  4 -1BH동       1212-4.0 9.0 5.0606012 0일반주행작전마주35기 0 6 9    101010⑨1:17.98    2.614.338.313.3 -1  5  .00 910  1 2.68999348915 5 7 2 30 3 7.08 3.10 3.2 6.2 18.9  164.5  301.2  285.7  .02048-1 6 4-1▽  .439.40 -.42 1.2476.3410.7322.7634.3618385413.1925.2632.08 2
20260704토 2120010국611 8 18 3 1강 1154흐림건조 5 4 2프라임스타      카우보이이스트걸 6426.00한암 3 0 0 1 1   79      16500국6임채덕양순희   2 3 2 2 2 4 2 0 0 1  0김태현45455.053평무보13  9  9 2  .024.0  .51050 4 856 31010 0 0 7 0201319      →↘선14.337.639.913.341 636.539.4 76.8 75.7              14.30   13.60 6 -2  0NL동       12 0        10.0     0 0능력한계부진마필38기 0 2 4     2 2 3⑤1:16.8머리  .713.739.914.1 -4 -8  .00 5 9  1 1.83415704759 8 6 7111 2 1.03 1.05 1.1 2.1  1.1    4.7    5.8    3.7  .0 6 1-4 1 1-4▼-2.437.90 -.03-1.8176.90  .26  .40  .50 0 2 410.0919.6440.80 4
20260523토 1120011국611 9 68 4 3강 3359흐림다습13 4 2프라임스타      카우보이이스트걸 6426.00한암 3     2 1  120      16500국6구자흥양순희   2 4 1 1 1 4 1 0 0 0  0김태현46255.053평무보   25 2540  .028.015.01050 415301013 0 0 015 6201319      →↘선15.236.738.512.6    40.841.8 83.0 81.9              15.20   12.90 4  0  0NL동       12 0                 0 0일반주행작전마주38기 1 411    111111⑪1:23.0대차 6.715.342.013.0  3 12  .0111 8  0 6.999999699 5 1 1 7 60 1 2.04 3.02 1.4 3.8  7.5   15.7   39.6    7.0  .02028-2 2 1-2▽-1.640.70  .85 6.6975.61 3.65 5.8415.04 2 71414.4726.3548.39 2
20261004일 4120011국6 4 7  5 0 1강 1151           4 3만금스피드      나이트러최대풍속  819.00한수 2 0 0   1    012:05 16500국6심승태전영애   1 0 3 2 2 2 3 0 0 2  0김정준   55.074하추상50 44 441512.038.014.61434 91350 7111913141113132026      ↗↗추14.638.139.113.8 334                    0  0  0 0   14.60   13.80 4 -5  1HN동       1210-2.510.5 8.0242412 0발길대로최적거리57관 0 3                            14.6    13.8        .0                      10 3 8 8  3                                              .01327-1 2 2-1▽ -.739.10 -.27     76.73 3.23 8.2814.61 1 4 9 1.79 5.3110.68 9
20260906일 2120011국640 5 45 1 2강 2251맑음양호 6 4 3만금스피드      나이트러최대풍속  819.00한수 2 0 0 1 1   51      24750국6심승태전영애   1 1 2 2 1 2 2 0 0 1  0김정준48054.574하무보10 12 12 7 3.028.0 9.71434 91350 7111913141113132026      ↗↗추14.938.239.512.9 4 938.038.9 76.8 76.9  0  0  0 0   14.90   13.20 6  1 -1NHUP       1210-1.010.0 9.0222210 2발길대로보통주행40기 0 811    111110⑦1:16.83    1.914.638.913.8 -4 -1  .00 711  1 2.7768655762611 6 5103 2 1.03 9.01 1.8 2.4  1.8    6.1    9.3    5.2  .013 8-3 1 1-3▼-1.437.60 -.40 -.7877.01 1.85 4.21 9.70 1 3 8  .12 1.56 3.6211
20260726일 1100011국630 7 35 2혼전 4455맑음다습10 4 3만금스피드      나이트러최대풍속  819.00한수 2     9 1  101      24750국6심승태전영애   1 2 1 2 1 2 1 0 0 0  0김정준48155.574평무보20 25 2520  .038.012.51434 91350 7111913141113132026      ↗↗추14.938.638.312.9 2 638.339.4 64.3 64.8              14.90   13.20 4  0  0LL동       10 0         9.0     0 0일반주행보통주행53기 0 710    101111⑨1:04.34    2.114.938.513.2 -1 -4  .00 910  0 4.09082859124111111 90 1 2.0410.05 2.4 2.6  2.6   18.5   27.5   85.4  .01524-1 3 3-1▽ -.936.90 -.36-12.163.81 2.74 6.1212.53 2 510 8.6617.1929.15 7
20261004일 4120011국6 4 7  5 0 1강 1151           4 4라온더리펀      머스킷맨플래터미 8525.00한수 2 0 0   1    012:05 16500국6이강서라온랜드 1 0 3 2 3 2 1 0 0 2  0이동하   55.091하선하50 50 508693.075.071.9325415498129364786384429252419      ↗↘선13.837.040.114.269 8                    0  0 50 0   13.80   14.50 3  0  1HN동       1212 3.0 4.5 7.5313112 0마방연대승부최상44기 0 4                            13.8    14.5        .0                       511 7 1  1                                              .05198 4 9 9 4☆ 2.440.10-1.85     76.6743.9564.4171.9037597131.2555.7565.88 1
20260913일 2120011국653 7 55 1혼전 4451맑음건조 3 4 4라온더리펀      머스킷맨플래터미 8525.00한수 2 0 0 2 1   31      16500국6이강서라온랜드 1 1 2 2 2 2 1 0 0 1  0서승운48254.587하무보13  9  94849.059.030.0233612498129364738 04429282616      ↗→선14.337.640.114.235 536.539.7 76.6 76.1  0  0  0 0   14.30   14.50 4 -4  0HH동       1212 2.0 4.0 6.0 7 712 0전개최상마방연대65기 0 4 2     2 3 7⑨1:16.6½    .913.840.014.5  4 -1  .00 9 5  1 1.15416765554 911 9 61 1 2.10 6.07 2.3 4.1  3.5  370.3  421.7  860.6  .03468 0 6 6 0―  .438.00 -.98-1.5977.01 9.0119.9130.02102236 9.7119.6329.09 5
20260817월 2120010국640 8 95 2혼전 4451흐림다습13 4 4라온더리펀      머스킷맨플래터미 8525.00한수 2     2 1   70      16500국6이강서손천수   1 2 1 2 1 2 1 0 0 0  0정정희48354.580평무보93 25 2593  .067.052.31943104981293650 0 04429202515      →↗입13.336.538.612.7997337.240.4 77.9 77.4              13.30   13.00 4  0  0LL동       12 0         2.0     0 0일반주행전개최상 5   0 8 8     8 7 5⑥1:17.91½  3.314.340.414.5  2 -4  .00 6 4  0 3.384538887 9 1 3 9 10 1 1.03 2.01 2.0 4.0  2.0    4.5    7.0    5.212.74280 2 7 8 2▲ 1.239.50 -.16 2.2675.5625.2141.7352.3334536511.2221.2641.28 6
20261004일 4120011국6 4 7  5 0 1강 1151           4 5큐피드드리머                            한암 2       1    012:05 16500국6강환민서순배  -1 0 1 1 1 0 1 0 0 0  0조한별   53.062평무보66 79 7977  .048.020.7142710195411233311 71919122118      ↗↘입14.537.538.312.75997                                14.50   13.00        LN동       12 0         3.0     0 0일반주행마방연대40기 0 5                            14.5    13.0        .0                       8 1 2 7  1                                              .02244-2 5 4-2▽ -.138.30  .34     75.95 4.0511.9820.71 3 816 9.8219.4729.38 3
20261004일 4120011국6 4 7  9 0 1강 1151           4 6뜻대로          컬러즈플다림이   1925.00한수 3 0 0   1    012:05 16500국6서인석강균호   2 0 5 5 4 4 1 0 0 4  0조상범   56.058하자보50 44 441512.034.011.7 928 61951 91818 0141911132116      ↗→입13.937.240.014.548 9                    0  0 33 0   13.90   14.7010  0 -1NH동       1312 1.0 5.7 6.7272712 0숨은복병보통주행83기 0 6                            13.9    14.7        .0                       710 910  1                                              .02017-2 1 1-2▽ -.940.00 -.18     76.73 2.26 5.6611.73 0 3 7 1.79 5.3110.6810
20260726일 2120011국633 8 39 1 1강 1151맑음다습10 4 6뜻대로          컬러즈플다림이   1925.00한수 3 0 0 9 1  162      16500국6서인석강균호   2 1 4 4 3 4 2 0 0 3  0루이스45657.068하추보17 18 1843 6.037.020.32143101951 9181815 01911192617      ↗↘입13.737.139.914.4531237.140.3 77.3 77.0  0  0 50 0   14.10   14.50 6 -4  0NNDN       1312  .0 6.5 6.5272712-1일반주행최적거리46관 0 6 7     6 6 5⑦1:17.35    1.813.940.514.7  3 11  .00 7 4 -5 1.97744878429 8 3 6 42 2 2.01 8.05 1.9 3.0  3.6    3.0    6.4    4.0  .01525-3 1 1-3▼ -.938.70 -.30 -.0276.62 5.2911.3820.33102033 1.69 3.54 7.13 9
20260614일 2130011국651 7 59 2 2강 2257흐림건조 3 4 6뜻대로          컬러즈플다림이   4934.00한수 3 0 0 2 1  109      16500국6서인석강균호   2 2 3 3 1 4 1 0 0 2  0루이스44557.065하선보25 29 296416.039.015.52143101951 9181815 01911192617      ↗↘입13.636.741.015.099 437.940.0 84.7 84.2  0  0100 0   13.90   14.30 8  1  0BNUP       1312 3.0 4.0 7.0282812 1일반주행거리속성34기 010 9     8 9 7⑥1:24.73    1.914.140.414.5 -3  2  .00 6 9  2 2.48064717727 111 8 83 1 2.03 9.08 2.7 3.7  3.4    9.3   13.8   27.113.41557-2 3 2-2▽ -.840.60 -.13 6.5483.74 4.02 8.5115.48 2 716 4.0413.3322.64 5
20260418토 1120010국634 8 39 3 1강 1151맑음건조 5 4 6뜻대로          컬러즈플다림이   1925.00한수 3 0 0 2 1  162      16500국6서인석강균호   2 3 2 2 2 4 2 0 0 1  0김태희44357.062평선보15 25 2564  .031.015.41146 71951 9181814 01911152416      ↘→입13.636.640.315.097 337.639.5 77.9 76.7  0  0100 0   13.70   15.30 7  7  1BN동       1212         7.0    12 0일반주행마번불리74기 1 9 5     6 7 8⑨1:17.9코   1.513.940.114.3  2 -5  .09 9 7  3 2.47068717736 21010 70 2 3.08 6.10 1.5 3.1  5.0   92.4  159.8  509.9  .01530-3 2 1-3▼-1.239.20 -.10 -.1776.56 1.74 8.0715.35 1 51112.5025.0071.31 5
20260228토 1120011국640 9 99 4 1강 1155맑음건조 3 4 6뜻대로          컬러즈플다림이   1925.00한수 3     9 1  157      24750국6서인석강균호   2 4 1 1 1 4 1 0 0 0  0김태희44856.062평무보68 25 2543  .027.013.31146 71951 9181814 01911152416      ↘→입14.137.039.612.8871036.241.2 78.2 77.2              14.10   13.10 4  0  0NL동       12 0         2.0     0 0일반주행보통주행44기 0 2 1     1 2 5⑦1:18.21½  1.813.741.615.3  3  4  .00 7 4  0 2.481 5948231 3 7 7 81 1 1.02 4.10 2.7 6.5  2.7    7.6   15.8   38.4  .01514-3 2 2-3▼-1.538.90  .13  .6476.39 1.80 6.5813.32 1 4 9 9.3218.0328.72 1
20261004일 4120011국6 4 7  6 0 1강 1151           4 7선더런          에어포스티즈엠프 2121.00한거 3 0 0   1    012:05 16500국6토니  죠셉달라 0 01111 510 1 0 0 9  0조성환   52.054평선하50 62 629649.054.028.3 718 629581520 0 0 02619 9172099 0 0↘→추13.636.539.314.09417                    0 14 71 0   13.90   14.50 2  0 -4NUDN53.84751413  .2 4.6 4.8535310-1숨은복병전개최상72기 0 7                            13.9    14.5        .0                       1 4 4 4  1                                              .04272 1 5 5 1―  .639.30  .14     75.95 7.6616.7028.29 41121 8.9318.5828.49 4
20260919토 3130011국652 6106 1 2강 2251맑음건조 2 4 7선더런          에어포스티즈엠프 1822.00한거 3     2 1   19      16500국6토니  죠셉달라 0 11010 410 2 0 0 0  0김효정47956.068하도보76 90 908685.071.071.41749 729581520 0 3 0261920221799 0 0↗→선13.636.739.814.0961736.940.3 83.6 83.2  0 14 71 0   14.00   12.3021 -2 -1NNUP53.84751413  .0 5.4 5.4444410 1일반주행보통주행45관 1 7 4     2 2 3⑧1:23.61    1.213.940.314.5  6 15  .03 8 2 -4 2.45119786045 3 3 2 11 3 3.05 2.09 2.6 8.2  6.4   22.2   44.9  115.513.23159 2 7 6 2― 1.440.40 -.94 6.7082.9732.1258.0571.3737557032.9551.1664.77 1
20260419일 1120011국612 6 16 2혼전 4451맑음건조 4 4 7선더런          에어포스티즈엠프 2121.00한거 3 0 0 2 3  423      16500국6토니  죠셉달라 0 2 9 9 410 1 0 0 8  0김효정46457.074하도보46 61 618262.067.063.22444162871 720 0 3 0261920221799 0 0↘↘선13.736.639.313.9881737.443.8 81.9 81.0  0 14 71 0   13.70   14.5012  5  1BB동53.84751413  .0 5.4 5.4444410 0전개최상도주강력86기 1 9 6     8 911⑪1:21.916   7.014.044.216.7  5 -9  .0311 6  4 7.399659999 3 3 6 3 20 2 4.01 2.06 1.4 3.4 11.5    8.1   29.0    9.4  .03463 0 7 7 0― 1.140.50 -.92 5.1476.0025.4445.9863.1619375411.5425.2923.18 4
20260125일 1120011국613 8 66 3 2강 2251맑음건조 3 4 7선더런          에어포스티즈엠프 2121.00한수 3 0 0 2 2  230      16500국6토니  죠셉달라 0 3 8 8 310 1 0 0 7  0코지  47356.585하도보56 71 719694.077.084.92160101546 820 043 0261923311999 0 0↗↗입13.736.639.313.9901736.439.7 76.7 75.9  0  0 71 0   13.70   14.60 3 -7  2HBDN53.84751413  .0 5.4 5.4444410-1전개최상전개최상 5관 0 4 3     3 3 2④1:16.7½    .613.740.014.5  2 -2  .05 4 2 -2 1.14411765262 2 2 2 12 2 6.01 2.09 1.4 3.7 37.3   15.5   82.3  189.3  .05598 4 9 9 4☆ 2.338.90-1.55  .0376.0040.2271.0784.9037607235.6160.7654.05 1
20260103토 3130011국641 7 46 4 3강 3351맑음다습13 4 7선더런          에어포스티즈엠프 1822.00한수 3 0 0 1 1   6111:25 16500국6토니  죠셉달라 0 4 7 7 310 2 0 0 6  0이상규47554.555평도보50 55 559278.067.060.812991129581520 015 0261913231499 0 0↘↘입13.636.739.813.9962236.240.5 82.6 82.6  0  0 67 0   13.50   14.40 3  8  1VN동53.04751412  .0 5.4 5.4444410 0일반주행전개최상43기 011 5     1 1 1④1:22.6½    .413.740.514.6  0  2  .00 4 4 -1  .431 2834570 1 5 3 21 4 1.05 3.04     2.8  1.7    8.1   10.6    7.212.24287 3 8 8 3▲ 1.340.30 -.67 6.0782.9721.4544.2460.8037557022.6741.0357.20 2
20251214일 2130011국654 4106 5 1강 1159맑음불량20 4 7선더런          에어포스티즈엠프 1822.00한수 2 0 0 2 1   54      16500국6토니  죠셉달라 0 5 6 6 210 1 0 0 5  0이상규47354.055하도하14 14 145923.051.041.212991129581520 015 0261913231499 0 0↘↘입13.636.739.813.8962236.440.6 82.2 83.0  0  0 60 0   13.40   15.70 3 -1 -2VH동53.04751412 1.2 5.2 6.4363610 0일반주행거리속성91기 1 3 1     1 1 2⑤1:22.22½   .713.540.514.4  0  1  .00 5 5  0 1.042 3855457 2 6 9 41 3 1.0710.05     5.8  1.9   14.7   17.9  209.912.02965 2 5 5 2―  .340.40 -.11 6.5082.9713.9728.3041.17 61526 7.6917.1430.40 5
20251123일 4130011국612 8 66 6 1강 1144맑음건조 3 4 7선더런          에어포스티즈엠프 1822.00한수 2 0 0 2 1   96      16500국6토니  죠셉달라 0 6 5 5 110 1 0 0 4  0김태훈47256.071하입보32 53 534759.062.055.11856 729581520 026 0261912252199 0 0↗→입13.736.739.813.8952535.942.6 84.5 84.4  0  0 50 0   13.50   14.60 5  3  3VLDN53.04751412 1.3 5.3 6.5434310-1뒷심부족거리속성52기 0 4 1     1 1 4⑥1:24.52    3.013.442.915.7  1 -3  .00 6 5 -2 3.482 1988812 2 8 4 21 1 1.03 5.01 1.3 3.5  1.3    3.5    4.1    5.012.03176 2 6 7 2△ 1.240.70 -.50 7.9182.9723.0641.0055.0518385416.6732.3735.45 3
20251018토 3140011국631 9 86 7혼전 4451흐림불량20 4 7선더런          에어포스티즈엠프 1822.00한수 2 0 0 2 2  218      16500국6토니  죠셉달라 0 7 4 4 110 2 0 0 3  0이상규47553.055하입보45 42 422231.048.022.4 4 0 41546 820 015 02619132314      →↘입13.836.740.013.8721536.140.8 89.9 89.4  0  0 33 0   13.70   13.00 5 -8  1HNUP       1412 2.3 4.7 7.0343410 4거리적응거리부담56기 1 1 1     1 1 3⑤1:29.9¾    .413.540.814.6 -2  6  .00 5 7  5  .762 4856170 6 5 7 71 2 2.04 4.02 1.9 5.5  5.1   44.9   73.8  129.8  .02032 0 4 6 0―  .039.30 -.1012.7189.07 5.8013.7422.41 51120 5.4113.5023.08 5
20250913토 1100010국650 2106 8 1강 1155맑음포화19 4 7선더런          에어포스티즈엠프 2121.00한수 2 0 0 2 2  30513:15 24750국6토니  죠셉달라 0 8 3 3 110 1 0 0 2  0이상규46952.555하입보18 18 185424.046.038.3 4 0 41546 820 015 02619132314      →↘입13.837.038.114.5742536.937.7 61.5 62.4  0  0 50 0   13.60   14.60 3  3 -3BHDN       1212 2.5 6.0 8.5252512-2도주강력보통주행67기 0 9 4     4 5 6④1:01.5½    .913.737.313.0  2  3  .00 4 2 -6 1.53228362351 4 6 1 32 1 1.06 2.08     6.8  3.1   13.1   21.6   56.5  .02139 0 4 3 0― -.337.90 -.14-12.762.8213.1926.6338.31122640 3.8812.32 6.2810
20250824일 1120012국622 4 26 9 3강 3351흐림건조 4 4 7선더런          에어포스티즈엠프 2121.00한수 2 0 0 2 2  35810:35 24750국6토니  죠셉달라 0 9 2 2 210 1 0 0 1  0김효정46655.575하도하13 12 128423.042.018.81642 51546 820 0 3 02619202217      ↘↗선13.836.640.314.893 337.239.7 76.5 77.0  0  0100 0   13.60   15.10 5  3  0LH동       1212 6.0 4.010.0222212 0마방연대도주강력44기 0 6 4     5 5 5⑦1:16.52½  1.813.640.014.6 -1  7  .00 7 8  4 2.17649767327 212 4 62 1 3.02 2.05     2.3  9.4    9.3   27.0    4.3  .03059 0 4 4 0― -.539.30 -.21  .1476.56 3.21 9.7418.82 41121 3.85 9.02 8.4811
20250720일 1120012국630 6 8610혼전 4455맑음포화17 4 7선더런          에어포스티즈엠프 2121.00한수 2     2 3  44510:35 24750국6토니  죠셉달라 010 1 1 110 1 0 0 0  0코지  45955.592평무보   35 3540  .066.048.22641 52871 720 043 02619233119      ↘↗입13.836.738.514.7    36.540.9 77.0 77.5              13.80   15.00        NN동       12 0                 0 0일반주행마방연대52기 1 3 1     1 3 4⑩1:17.0목   2.113.641.215.1  6  8  .0010 4  0 2.38413928323 2 2 2 11 112.02 9.05     8.3 60.2  129.8  392.1  147.1  .02288 0 7 7 0― 1.239.30 -.10 2.2875.6124.6939.1548.23375971 8.3316.6725.00 3
20261004일 4120011국6 4 7  5 0 1강 1151           4 8퀸플라자        레볼루셔선플라자 2327.00한암 3 0 0   1    012:05 16500국6김동균박정재   2 0 2 1 2 1 1 0 0 1  0서승운   54.087하무보50 34 34 712.030.0 8.42336121751 620 718 019 8282616      ↗→선14.338.139.313.3 137                    0  0  0 0   14.30   13.60 6  3  1LN동       1212 2.0 7.0 9.0151512 0최빈거리탐색우려64기 0 8                            14.3    13.6        .0                      11 51011  1                                              .0 911-3 1 1-3▼-1.339.30 -.18     76.84  .74 3.09 8.44 1 3 6 1.79 5.3110.6811
20260822토 2120010국623 8 75 1 1강 1153비  불량20 4 8퀸플라자        레볼루셔선플라자 2327.00한암 3     2 1  101      16500국6김동균박정재   2 1 1 1 1 1 1 0 0 0  0우인철45153.075평무보27 25 25 6  .026.0 7.62048101751 620 716 019 8112823      ↗↘입13.837.939.512.412 138.339.0 76.5 76.5              13.80   12.70 4  0  0LN동       12 0         7.0     0 0일반주행탐색우려29관 0 5 8     8 9 9⑨1:16.5목   2.514.338.613.6  2 23  .00 9 7  0 3.76593588316 8 310 70 1 3.0110.07 1.7 2.7  8.1    4.3   14.3    3.2  .015 4-3 1 1-3▼-1.737.80 -.18 -.9476.84  .81 3.45 7.55 1 3 6 9.4819.6441.51 5
20261004일 4120011국6 4 7  9 0 1강 1151           4 9뉴발삭스        콩코드포뮈직     7522.00한수 2 0 0   1    012:05 16500국6이관호김창식   1 0 4 4 2 3 1 0 0 3  0빅투아   55.091하선보50 57 578647.057.028.3305213224111201217242321222817      →→선13.536.639.513.695 5                    0  0100 0   13.80   15.00 5 -1  1NNDN       1410 -.5 6.5 6.0464610-2숨은복병신저혈통67기 0 9                            13.8    15.0        .0                       2 7 6 5  1                                              .02574 0 5 5 0―  .639.50 -.03     76.12 7.6416.6828.26102033 7.1416.8130.27 5
20260830일 1140010국642 9 49 1혼전 4451맑음다습11 4 9뉴발삭스        콩코드포뮈직     7626.00한수 2 0 0 9 1   72      24750국6이관호김창식   1 1 3 3 1 3 3 0 0 2  0임기원45754.589평도하20 33 337453.069.049.11838 8224111201232 02321233316      ↘↗입13.536.440.213.694 636.341.8 90.2 90.4  0  0100 0   14.40   14.60 6  2 -1NHUP       1410-1.0 5.0 4.0606010 2거리불리거리부담65기 010 5     4 4 7⑧1:30.21½  1.613.841.715.0  0  4  .00 8 8  1 2.085 9938535 1 6 7 20 3 2.05 3.05 2.1 3.9  3.8   15.8   23.5   24.6  .03674 3 7 8 3▲ 1.539.80 -.7513.8289.0019.6636.2049.1012264011.3921.8635.92 4
20260719일 1120011국611 8 19 2 3강 3355흐림포화16 4 9뉴발삭스        콩코드포뮈직     7522.00한수 2 0 0 2 1  101      24750국6이관호김창식   1 2 2 2 1 3 2 0 0 1  0임기원45355.588평선보38 25 2581  .054.027.11838 8224111201232 02321233316      ↘↗입13.536.639.913.6961337.641.3 77.7 78.8  0  0100 0   13.60   13.90 5  4  1BNUP       1210         4.0    10 2일반주행우수혈통 5   0 811    101010⑪1:17.71¼  2.914.440.714.6  4-12  .0111 7  2 4.59670959613 311 6 60 2 1.10 1.06 1.3 3.3  1.3   48.4   58.9  188.2  .01545-1 5 4-1▽  .139.80 -.22 2.2676.34 7.9917.0827.13 61526 9.0918.1827.27 8
20260613토 11000 9국610 7 69 3혼전 4455맑음건조 3 4 9뉴발삭스        콩코드포뮈직     7522.00한수 2     2 1  100      24750국6이관호김창식   1 3 1 1 1 3 1 0 0 0  0임기원46555.088평무보33 25 2568  .049.037.11838 8224111201232 02321233316      ↘↗입14.236.838.314.099 136.438.8 63.2 63.4              14.20   14.30 4  0  0NL동       10 0         5.0     0 0일반주행작전마주44트 0 4 1     1 1 2④1:03.21½   .713.638.813.9 -1  9  .00 4 5  0 1.062 8764160 2 6 2 41 1 2.01 3.02 1.6 4.1  5.8    4.1   10.6   47.1  .02041-2 5 3-2▽ -.338.30 -.11-11.862.8212.4024.5937.0612264010.0020.0030.00 4
20261004일 4120011국6 4 7  5 0 1강 1151           410이클립스이글    섀클포드골든스쿠 6222.00한수 2 0 0   1    012:05 16500국6이준철조한수   0 0 4 4 3 3 1 0 1 3  0김태훈   55.072기입적50 64 644552.057.028.31856 7304614302520 0312312252199 0 0↗→입13.636.939.414.27019                   33 33 33 0   13.50   13.90 4  9  3BN동54.54741212-2.7 8.7 6.0565612 0전개최상기복전력 1   010                            13.5    13.9        .0                       4 6 3 6  1                                              .03438 0 6 6 0―  .639.40 -.14     76.23 7.6416.6728.25 71728 8.0415.0425.82 7
20260905토 11200 8국614 1 15 1 3강 3351맑음양호 9 410이클립스이글    섀클포드골든스쿠 6222.00한수 2 0 1 1 1   62      82500혼O이준철조한수   0 1 3 3 2 3 2 0 1 2  1송재철48452.076우도적83 99 999168.065.034.31745 830461430252420312319252099 0 0→→입13.436.739.213.1803736.939.6 74.6 76.8 50 50 50 0   13.60   13.60 4 -4 -3UU동54.54741210-3.0 9.0 6.0686812 0교체성공전개최상 5   0 1 2     4 4 6⑥1:14.64    1.613.538.613.9 -2 10  .00 6 8  0 2.57437756731 6 6 2 62 2 1.05 7.06 1.2 2.4  1.2    7.8    8.5   16.710.94279 0 7 6 0―  .939.10 -.09  .9076.00 9.4320.9334.32 92235 8.4315.6527.34 6
20260809일 21200 9국640 8 95 2혼전 4451흐림건조 2 410이클립스이글    섀클포드골든스쿠 6222.00한수 2 0 0 1 1   80      24750국6이준철조한수   0 2 2 2 1 3 1 0 0 1  0송재철47454.576하무보31 48 482413.045.018.91745 8304614302524203123192520      →→입14.137.939.413.1103436.139.0 75.8 75.0  0  0  0 0   14.10   13.40 5 -3 -1NHUP       1210  .010.010.0505010 2일반주행보통주행 5   0 5 1     2 2 1②1:15.81¼   .013.639.213.6 -6  4  .00 2 8 -2  .215 5561984 8 5 5 81 1 2.08 2.05 2.6 5.9  3.7   54.2   90.9  145.5  .01732-1 4 4-1▽ -.537.30 -.44-2.3476.78 3.6310.2718.91 2 714 2.33 7.8710.26 9
20260704토 1100011국610 7 15 3 2강 2255흐림건조 5 410이클립스이글    섀클포드골든스쿠 6222.00한수 2     1 1   80      24750국6이준철조한수   0 3 1 1 1 3 1 0 0 0  0이동하47055.591평무보21 25 2540  .055.031.7325415304614302535373123252419      ↗↘선14.738.438.313.1101037.938.3 63.6 63.7              14.70   13.40 4  0  0LL동       10 0         7.0     0 0일반주행우수혈통 5   0 810    101011⑩1:03.6¾   1.014.138.313.4  0 -5  .001010  0 1.16970576650111111 40 1 8.11 5.03 1.8 3.3 29.5  616.0 1167.1  964.5  .01536 0 5 7 0―  .336.80 -.80-13.163.70 9.3620.5831.65 8213410.6820.4733.44 5
20261004일 4120011국6 4 7  5 0 1강 1151           411마이티챔프      지롤라모마이티참 4720.00한수 3 0 0   1    012:05 16500국6조현수조병태   1 0 3 2 3 2 3 0 0 2  0김태희   56.062우선하50 82 829484.063.042.41146 71244 7 9 0 020 9 3152416      ↘→입13.736.639.613.79527                   50 50100 0   14.30   14.60 3  8  0NH동       1212 3.0 1.5 4.5747412 0전개최상전개최상72기 011                            14.3    14.6        .0                       3 8 1 2  3                                            12.04281 2 7 6 2△ 1.339.60 -.48     76.1712.1129.4442.3718385416.9633.6348.07 2
20260913일 2120011국653 6 55 1혼전 4451맑음건조 3 411마이티챔프      지롤라모마이티참 4720.00한수 3 0 0 2 1   31      16500국6조현수조병태   1 1 2 2 2 2 2 0 0 1  0김태희52256.062우도보92 99 999777.065.044.71146 71244 7 9 0 020 9 3152416      ↘→입13.736.639.713.7972736.539.2 76.1 75.6100100100 0   13.80   14.00 5 -6  0HH동       1212 1.0 2.0 3.0777712 0편성만만전개최상43기 0 3 7     3 2 1⑥1:16.1½    .414.339.514.6  5  7  .00 6 1 -1  .63616633869 2 6 2 20 2 2.10 6.07 2.3 4.1  3.5  370.3  421.7  860.610.54289 2 8 6 2▲ 1.138.80 -.63 -.6976.2316.7531.0344.6614294617.4830.8441.82 3
20260808토 2120010국642 5 95 2 1강 1151맑음건조 2 411마이티챔프      지롤라모마이티참 4720.00한수 3     1 1  110      16500국6조현수조병태   1 2 1 2 1 2 1 0 0 0  0김태희51556.062평무보89 25 2557  .035.015.71146 71244 7 9 0 020 9 3152416      ↘→입14.036.739.313.4994936.338.8 75.4 75.0              14.00   13.70 4  0  0LL동       12 0         1.0     0 0일반주행우수혈통50기 0 9 3     2 2 2③1:15.4목    .113.839.014.0  1 -1  .00 3 2  0  .115 9491875 4 4 9 81 1 7.08 3.10 3.2 6.2 18.9  164.5  301.2  285.7  .01522-1 3 2-1▽ -.838.50  .37-1.0476.06 4.02 8.6615.74 1 51112.0923.1651.16 4
20261004일 5120011국5 2 5  5 0혼전 4454           5 1하이라이트      콩코드포스티클러 7522.00한수 2 1 1   1    013:10 24750국5강성오이강운   1 0 2 1 2 1 2 1 0 1  1김효정   54.070강선상50 69 699963.065.058.01749 72554112226105927 820221799 0 0↗→선13.536.538.112.39898                  100100100**   13.50   12.60 6 -3 -1UUUP54.54891210-6.0 7.0 1.0959510 2전개선전전개최상75기 0 1                            13.5    12.6        .0                       1 2 1 1  2                                              .04897 3 9 9 3★ 1.538.10 -.05     75.2827.2947.1258.0037607216.1333.3344.53 1
20260822토 11000 9국630 6 35 1 2강 2259흐림불량20 5 1하이라이트      콩코드포스티클러 7522.00한수 2     2 1  102      24750국6강성오이강운   1 1 1 1 1 1 1 0 0 0  0김효정48954.570평무보 5 25 25 7  .030.012.71749 72554112226105927 8202217      ↗→선14.438.138.213.524 136.036.9 60.0 60.6              14.40   13.80 4  0  0NL동       10 0         6.0     0 0일반주행탐색우려45기 0 4 1     1 1 1①1:00.01¾  -.313.536.012.6 -6 -3  .00 1 7  0  .0 1 310 192 7 5 8 91 1 7.03 4.08 1.6 2.8 30.4  110.4  341.4   41.6  .015 6-3 2 2-3▼-1.436.40 -.05-15.763.48 3.11 5.9812.70 1 3 6 9.8219.6434.95 4
20261004일 5120011국5 2 5  5 0혼전 4454           5 2영원한스타      올드패션매직텐   7319.00한암 3 0 0   1    013:10 24750국5이동국조병해   0 010 5 7 9 1 1 2 9  0서승운   54.087우입보50 61 618061.056.035.32336121363 61011 0 018112826165050 0↗→선13.736.838.613.87773                   43 57 5714   13.70   14.50 5 -9 -1UN동53.34761312  .4 2.8 3.2767613 0전개최상보통주행69관 1 2                            13.7    14.5        .0                       4 7 2 3  1                                              .03479 1 7 6 1△  .638.60  .16     75.7212.6123.0335.2815294412.9028.0039.84 3
20260829토 5120011국514 4 65 1 3강 3351맑음다습12 5 2영원한스타      올드패션매직텐   7319.00한암 3 0 0 9 1   78      24750국5이동국조병해   0 1 9 4 6 9 1 1 2 8  0송재철48955.076우도하82 86 869675.061.040.91745 81363 6101117 018111925205050 0→→입13.636.738.513.5808336.939.4 75.2 76.5 50 67 6717   14.60   13.20 9  6  0VN동53.34761312 -.6 3.4 2.8787812 0탐색주행전개최상45기 011 8     6 5 5⑦1:15.23     .913.739.314.5  3 -3  .00 7 4  3 1.06534685951 3 7 3 32 3 2.03 2.03 1.9 6.7  7.5   27.2   61.4   14.112.24288 2 8 7 2▲  .839.00  .10 1.2875.6115.5428.7640.9212264019.3235.9048.48 2
20260628일 6120011국544 5 95 2혼전 4451맑음건조 3 5 2영원한스타      올드패션매직텐   7319.00한암 3 0 0 9 1  156      24750국5이동국조병해   0 2 8 3 5 9 1 1 2 7  0유승완49255.072우선보79 79 798751.051.020.91961 91363 61011 0 018111527225050 0→↘입13.736.638.713.5916937.838.0 75.5 75.7 50 50 5017   14.50   13.30 7  2  1NN동53.34761312  .0 3.6 3.6696912 0전개최상보통주행46조 0 511    11 9 6④1:15.51¼   .214.637.713.2  3  6  .09 4 1 -3  .93678213973 5 6 3103 1 4.0210.09 3.5 7.3  6.0   13.4   29.0   43.2  .03466 0 6 5 0―  .038.80  .62  .3575.67 5.6313.0220.94 2 510 8.9121.2631.13 4
20260509토 5120011국553 5 55 3 3강 3351맑음건조 5 5 2영원한스타      올드패션매직텐   7319.00한암 3 0 1 2 1  116      24750국5이동국조병해   0 3 7 2 4 9 2 1 2 6  1송재철48654.076우선상88 92 929878.065.038.51745 81363 6101117 018111925205050 0→→입13.636.639.013.7915338.037.7 75.6 75.7 60 60 80 0   14.00   13.80 7 -7  2UN동53.34761312  .0 3.6 3.6696912 0전개최상전개최상46관 0 3 9    10 7 5④1:15.63     .714.537.713.3  0  0  .00 4 4  0 1.03584133660 2 8 2 33 2 5.02 2.04 2.3 4.5  8.7   19.0   48.4   12.712.24289 2 8 8 2▲ 1.138.80 -.06  .0675.8414.2626.0538.5414294614.5326.5640.83 3
20260321토 4120010국554 7105 4 1강 1151맑음건조 5 5 2영원한스타      올드패션매직텐   7319.00한암 3 0 0 2 1  143      24750국5이동국조병해   0 4 6 1 3 9 1 0 2 5  0송재철48652.576평도하73 81 819374.059.035.91745 81363 6101117 0181119252099 0 0→→입13.636.539.213.6944136.738.4 75.3 75.0 50 25100 0   13.60   14.50 5  2 -2NUDN54.04661312  .8 3.5 4.3626212-1전개최상전개최상60관 010 7     5 3 1①1:15.31½  -.214.038.613.8 -3  5  .00 1 4  3  .01524361993 2 8 3 42 1 4.0310.06 3.1 6.3  6.4   14.9   33.1   47.5  .04278 0 7 6 0―  .838.70 -.03 -.7275.8910.8822.9435.9110203312.4123.6238.48 3
20260215일 2130011국652 5105 5 3강 3351맑음건조 3 5 2영원한스타      올드패션매직텐   7130.00한암 3 0 0 2 1   82      16500국6이동국조병해   0 5 5 5 1 9 1 0 1 4  0빅투아48154.091기도보87 97 979690.073.055.33052131363 6101129 0181122281799 0 0→→선13.636.639.713.7974136.939.3 83.2 82.7 33 67 67 0   13.60   13.50 9  4  0NNUP54.04661312  .7 4.3 5.0555512 1전개최상전개최상30관 0 8 2     2 1 1②1:23.2½    .013.640.114.5  1  7  .00 2 1  0  .13318532878 1 4 1 11 1 2.0111.08 2.2 7.5  4.6    7.5   15.2   13.512.24291 3 8 7 3▲ 1.740.40 -.38 6.4482.8424.2641.7755.2718405433.6858.5969.23 1
20251213토 3120010국652 9105 6 1강 1152비  포화16 5 2영원한스타      올드패션매직텐   7319.00한암 2 0 0 2 1  190      16500국6이동국조병해   0 6 4 4 2 9 2 0 0 3  0장추열47454.093하도적70 68 689993.078.092.13049121363 61011 9 0181120272299 0 0↘↗입13.536.540.114.1951336.538.5 74.4 74.6  0 50100 0   13.80   14.40 5 -7  0UN동54.04661210  .5 6.0 6.5393912 0일반주행전개최상44관 0 4 5     5 3 1②1:14.4½    .013.638.213.5  1  8  .00 2 1 -6  .1 717371691 110 2 12 2 2.01 8.04 2.3 5.2  3.7    5.5    9.6   28.1  .04295 3 9 9 3★ 2.338.60-2.00-2.0176.3947.4478.9392.1137597138.4667.3881.32 1
20251109일 2120011국612 5 65 7 1강 1151맑음건조 3 5 2영원한스타      올드패션매직텐   7319.00한암 2 0 0 2 1  142      16500국6이동국조병해   0 7 3 3 1 9 1 0 0 2  0장추열46654.093하도하33 29 298050.057.032.63049121363 61011 9 01811202722      ↘↗입13.236.440.815.095 236.638.9 76.2 75.5  0  0100 0   13.50   13.60 7  6  1NNUP       1210 3.0 5.0 8.0161610 2교체실패부진마필67관 011 3     1 1 1⑤1:16.2½    .613.839.714.4 -2 -5  .00 5 7  4  .82918543060 411 5 41 1 1.02 2.09 1.4 4.3  1.4    4.3    5.3    6.3  .02066 0 5 5 0―  .539.00 -.78-1.6676.73 9.5921.4132.59152944 9.1820.7915.60 7
20250920토 1100011국621 1 75 8혼전 4455흐림불량20 5 2영원한스타      올드패션매직텐   7319.00한암 2 0 0 2 2  284      24750국6이동국조병해   0 8 2 2 2 9 1 0 0 1  0해리카47153.573평도보25 25 2565  .034.013.01657 6 725 01011 0 01811172612      →→입13.236.438.315.099 936.538.5 61.8 63.3  0  0100 0   13.40   15.30 7 -1  0NH동       1010         8.0    10 0일반주행조교부실 5관 0 5 3     3 3 4⑧1:01.81¼  1.113.537.913.6  5  1  .09 8 3 -2 2.05913663644 510 6110 1 1.04 2.01 1.5 2.7  1.5   13.0   14.7   34.0  .01538-3 3 1-3▼-1.138.70  .79-11.462.60 2.43 6.1113.01 0 2 5 8.8017.6726.87 5
20250802토 1100011국640 7 95 9혼전 4455맑음건조 3 5 2영원한스타      올드패션매직텐   7319.00한암 2     1 3  41110:35 24750국6이동국조병해   0 9 1 1 1 9 1 0 0 0  0오수철47053.558평무보52 25 2545  .029.011.5 3 0 312 0121011 5 71811112215      →↗입14.336.938.313.598 135.440.3 64.4 63.7              14.30   13.80        LN동       10 0         3.0     0 0일반주행우수혈통47관 1 6 1     1 1 2⑧1:04.43    2.413.440.515.3  3 23  .00 8 5  0 2.472 0975519 5 7 5 91 1 3.04 2.11     6.0  5.2   18.2   38.7   71.8  .01515-3 2 3-3▼-1.438.30  .55-11.562.87 2.92 5.5111.53 1 3 6 9.0918.1827.27 6
20261004일 5120011국5 2 5  5 0혼전 4454           5 3마이러너        지롤라모록코모도 4720.00한암 3       1    013:10 24750국5이관호황은호   1 0 3 1 1 0 1 1 1 0  0김아현   52.559강추보35 58 586815.035.014.3 967 022411120191414232115201399 0 0→→입13.536.938.413.06797                  100100 5050   14.80   13.6057  1 -1VU동53.55091210-3.0 4.5 1.5909012 0일반주행최적거리54기 0 3                            14.8    13.6        .0                       6 4 510  1                                              .01567 0 4 4 0― -.838.40  .82     75.67 3.62 7.9814.26 1 3 8 6.45 9.3318.75 8
20250824일 1120012국622 6 25 1 3강 3351흐림건조 4 5 3마이러너        지롤라모록코모도 4720.00한암 2 0 1 2 6 1139      24750국6이관호황은호   1 1 2 2 1 2 2 0 1 1  1빅투아50953.584강추상82 99 998277.070.059.7308612326319201917442321222817      ↗↘선15.138.338.313.0 69836.438.5 74.4 75.1100100  0**   15.10   13.10 7 -3  0HHUP       1210-4.0 6.0 2.0858510 2연대우수승부최상 5기 1 2 1     1 1 1①1:14.41¾  -.313.438.213.9 -2 -4  .00 1 3 -3  .0201341159212 4 2 21 2 3.02 2.05 2.1 2.3  9.4    9.3   27.0    4.3  .05493 3 8 8 3▲ 1.537.00-1.22-1.4876.3924.5245.9659.7218405413.8524.8116.95 2
20250705토 1100010국640 7 95 2혼전 4455맑음건조 3 5 3마이러너        지롤라모록코모도 4720.00한암 2     1 3  494      24750국6이관호황은호   1 2 1 2 1 2 1 0 0 0  0빅투아51353.590평무보   25 2540  .063.044.6295615152612201917442321222817      ↘→선15.137.137.812.8    38.237.0 62.8 62.5              15.10   13.10 4  0  0LN동       10 0                 0 0일반주행연대우수53기 1 510    1010 5②1:02.89     .015.137.113.1 -4 15  .00 2 6  0 1.53478123980 3 3 3 33 1 1.06 1.05 3.2 5.3  3.2   42.0   62.6   36.5  .03773 0 6 6 0―  .837.80 -.24-12.462.7116.0430.2644.6212264010.0020.0030.00 5
20261004일 5120011국5 2 5  7 0혼전 4454           5 4타이거케이      케이탑  다이아찬 7716.00한거 4 0 0   1    013:10 24750국5송문길강경운   1 016101016 4 0 416  0김정준   57.074평입보50 53 535435.053.029.81434 91839 9282223 426281320263367 0↗↗추13.836.839.114.37737                   43 43 43 7   14.00   14.20 6 -6  0HN동55.94891412  .8 3.8 4.6595914 0숨은복병보통주행65기 0 4                            14.0    14.2        .0                       510 9 4  5                                              .02031 0 5 5 0―  .339.10  .03     76.00 9.4920.0429.77 82134 9.6822.6730.47 4
20260823일 6120011국524 4 77 1혼전 4451맑음포화15 5 4타이거케이      케이탑  다이아찬 7716.00한거 4 0 0 2 1   87      24750국5송문길강경운   1 115 9 916 3 0 415  0김정준48857.074기입보62 58 584041.051.025.11434 91839 9282223 426281320264060 0↗↗추13.736.939.014.3724136.838.9 74.1 75.8 46 46 46 8   13.70   14.3016  9  1BN동55.74891412  .8 3.6 4.4606014 0숨은복병기복전력64기 010 8     6 5 2④1:14.13     .714.038.314.2  0 -2  .00 4 4  1  .74428533660 6 5 5 72 4 2.01 1.07 2.4 2.9  2.9    2.9    5.9    6.0  .02024 0 5 5 0―  .038.60  .17 -.0876.00 7.4816.4125.07 5132312.3521.5929.37 6
20260502토 5120010국533 5 37 2 1강 1151흐림건조 3 5 4타이거케이      케이탑  다이아찬 7716.00한거 4 0 0 1 2  307      24750국5송문길강경운   1 214 8 816 2 0 414  0김정준49056.581우입보66 75 758186.060.037.02364 8395429282223 426281320264060 0↘↗추13.736.739.114.3833436.439.5 75.6 75.9 50 50 50 0   13.70   14.60 5 -7 -1UN동55.74891412 1.0 3.2 4.2676714 0뒷심부족보통주행38기 0 1 2     3 3 3③1:15.67    1.113.739.314.3  0 -5  .00 3 3  0 1.24411724647 5 8 3 32 3 1.0211.02 1.6 2.7  1.6    2.7    3.8    3.9  .02464 1 7 8 1▲  .738.80 -.12  .0975.9511.7825.0037.0412264022.0238.7452.57 2
20260329일 4120010국544 8 97 3 1강 1152맑음건조 3 5 4타이거케이      케이탑  다이아찬 7716.00한거 4 0 0 9 1   91      24750국5송문길강경운   1 313 7 716 1 0 413  0김정준49557.074우입적40 38 385725.043.024.91434 91839 9282223 426281320264060 0↗↗추13.836.938.814.2745336.239.9 76.4 75.9 45 55 36 9   13.90   14.60 4  2  0NN동55.74891412  .2 3.6 3.8676714 0승부최상보통주행54기 1 8 4     3 1 1④1:16.4코    .013.740.114.6  1  9  .00 4 3 -3  .042 4805079 5 4 4 42 2 8.02 1.04 1.9 4.6 25.0   55.4  191.0   23.6  .03442 0 4 5 0― -.238.60  .28  .1575.89 5.8115.2824.94 71728 7.9418.4427.40 4
20260228토 5120011국544 5 97 4 3강 3351맑음건조 3 5 4타이거케이      케이탑  다이아찬 7716.00한거 4 0 0 9 1   90      24750국5송문길강경운   1 412 6 616 1 0 412  0이동하48657.091우입보92 94 948385.067.040.33254151839 92822302926282524194060 0↗↘선13.736.738.714.3856137.240.0 76.9 77.2 50 60 5010   13.60   13.90 5  3  1NN동55.74891412 -.4 2.8 2.4818114 0전개최상승부최상69기 0 6 6     6 5 8⑨1:16.93    2.513.939.714.6  3 -6  .00 9 6  3 2.98052807916 5 7 2 20 2 4.05 5.01 3.1 8.9  6.2   18.1   31.9  127.4  .04591 3 8 9 3▲ 1.339.20  .02 1.8475.7214.0428.8540.2714294621.6433.5943.18 1
20260124토 7120011국533 6 87 5혼전 4451맑음건조 3 5 4타이거케이      케이탑  다이아찬 7716.00한거 4 0 0 2 1   78      24750국5송문길강경운   1 511 5 516 1 0 411  0김정준49256.074우입보90 89 899272.064.037.91434 91839 9282223 426281320262575 0↗↗추13.836.838.914.3814936.738.5 74.8 75.0 44 56 4411   13.80   13.50 5 -4 -1UN동55.64881413 -.8 3.4 2.6777714 0승부최상전개최상 5기 0 3 3     2 2 2③1:14.8목    .013.638.613.9  0  6  .00 3 3  0  .31622382083 4 6 3 31 1 2.08 2.09 2.3 4.8  3.6   48.9   79.4   65.510.54276 2 8 8 2▲ 1.138.40 -.09 -.6875.8912.8424.9737.94 9223512.1529.5244.04 3
20251221일 5120011국524 4 77 6 3강 3351맑음다습14 5 4타이거케이      케이탑  다이아찬 7716.00한거 3 0 0 2 1   9213:35 24750국5송문길강경운   1 610 4 416 1 0 410  0이동하48656.591우입적74 81 818668.063.036.63254151839 92822302926282524193367 0↗↘선13.736.739.314.4853037.138.1 74.0 75.2 50 50 50 0   13.90   14.70 6 -3  1NNDN55.34881413 -.6 3.2 2.6787814-1탐색주행승부최상49기 0 7 9     6 4 3③1:14.02½   .513.837.713.5  0 -2  .00 3 3  0  .52043262164 5 9 4 42 1 6.01 8.06     2.6 25.0    8.0   48.7   15.4  .04594 3 7 7 3△ 1.138.60 -.23 -.8376.0611.1623.2636.62 9223511.3820.4433.73 5
20251109일 5130011국511 5 67 7혼전 4451맑음건조 3 5 4타이거케이      케이탑  다이아찬 1342.00한거 3 0 0 2 1  139      24750국5송문길강경운   1 7 9 3 616 6 0 4 9  0유승완48855.569우입적74 83 837865.059.033.11961 91839 92822302426281527223367 0→↘입13.736.839.814.4923036.840.2 82.6 83.2 50 50 50 0   13.50   14.50 5  2  1BN동55.34881413-1.6 4.2 2.6787814 0적정체중작전마주65기 010 6     2 2 2⑧1:22.6½    .713.940.014.7  5 -2  .05 8 3  2  .94814765360 211 2 41 8 1.07 6.03 1.6 4.9  1.6   18.8   25.0   84.5  .02574 1 7 6 1△  .740.30  .04 6.5883.0310.4022.0433.0610223612.0529.7940.21 3
20251004토 4130010국551 6107 8혼전 4453맑음다습10 5 4타이거케이      케이탑  다이아찬 1342.00한거 3 0 0 1 2  228      24750국5송문길강경운   1 8 8 2 516 5 0 3 8  0유승완49055.066기입적67 75 756661.061.035.21133 73954292822302426281527223367 0→→입13.736.839.914.4912536.340.0 82.1 82.3 43 43 43 0   13.50   13.80 5  3  2NNDN55.34881413 -.6 4.6 4.0636314-1적정체중작전마주44기 1 8 3     3 2 2②1:22.12     .013.540.114.5  1  2  .00 2 1 -4  .319 2722784 310 1 42 7 2.0110.08 2.1 5.9  4.7    6.7   16.0   30.4  .02566 0 7 6 0―  .740.10 -.08 5.6483.1011.0123.2135.18 9223511.2723.7329.58 5
20250830토 6140011국520 6 77 9혼전 4451맑음포화18 5 4타이거케이      케이탑  다이아찬 1342.00한거 3 0 0 9 2  34217:25 24750국5송문길강경운   1 9 7 1 116 4 0 2 7  0유승완48853.066기입보73 73 736166.064.038.61133 7395429282230242628152722 099 0→→입13.836.640.314.479 936.739.2 86.8 88.1 33 33 50 0   13.80   13.80 5  1 -4NUUP56.54891413  .2 5.4 5.6474713 1일반주행기복전력44기 1 5 1     1 1 1②1:26.83     .013.538.513.8 -3  0  .00 2 5  3  .61924422284 210 3 31 6 1.05 3.05     3.9  1.8   15.2   20.0   59.512.72966 2 8 8 2▲ 1.039.10 -.6811.2489.2113.9426.6838.5914294611.1125.1438.01 3
20250726토 1130011국612 7 6710 3강 3351맑음건조 4 5 4타이거케이      케이탑  다이아찬 1342.00한거 3 0 0 9 3  43410:35 16500국6송문길강경운   110 6 7 416 3 0 1 6  0유승완48857.069기입적49 57 577467.069.049.0 930 0263613282230242628152722 099 0↗→입13.837.040.014.7831336.539.0 82.3 81.8 20 20 40 0   13.80   14.60 5 -5  0VN동56.04891313  .8 5.3 6.0424212 0착차만회기복전력80기 2 4 4     3 3 1②1:22.3½    .013.839.213.8  0 -9  .00 2 2 -4  .1 7 540 788 1 8 6 22 5 1.02 2.04     4.2  1.7    5.6    8.1   22.3  .03581 3 7 8 3▲ 1.439.80 -.65 4.8283.2918.1935.7149.0119375413.0025.5132.98 5
20250622일 2130011국650 810711혼전 4459맑음포화15 5 4타이거케이      케이탑  다이아찬 1342.00한거 3 0 0 2 3  52411:00 16500국6송문길강경운   111 5 6 316 2 0 1 5  0유승완49757.069기입보35 44 444737.052.029.9 930 0263613282230242628152722 099 0↗→입13.837.140.114.7761236.640.6 82.6 83.1 25 25 25 0   13.80   14.50 5  2  0LN동56.04891312  .7 6.3 7.0343412 0뒷심부족기복전력45기 0 9 5     3 3 2④1:22.6½    .613.840.414.6 -2  3  .00 4 6  4 1.047 7846064 4 6 4 42 4 1.0511.08     7.0  3.3   11.1   23.3  159.4  .02442-1 5 3-1▽  .040.00 -.24 5.9283.42 8.9519.5829.87102236 6.6720.3817.21 6
20250518일 21300 9국610 9 1712 2강 2259맑음다습14 5 4타이거케이      케이탑  다이아찬 1342.00한거 3 0 0 2 4  62411:00 16500국6송문길강경운   112 4 5 216 1 0 1 4  0유승완49457.079기입적 5  5  54543.046.032.91123 6183113282230242628152722 099 0↘↗입13.937.240.114.768 837.339.4 84.5 83.0 33 33 33 0   13.80   15.60 5  3  0NNUP56.04891312 3.0 6.5 9.5 8 812 1교체실패기복전력78기 1 7 2     2 2 2③1:24.52     .413.840.414.5  1 -1  .00 3 2  0 2.14434564370 2 6 7 41 3 1.03 9.04     2.8  1.3    3.5    4.0    3.713.22053-2 4 4-2▽ -.339.90 -.39 5.7483.48 8.9419.5532.94 8213419.1538.0035.22 3
20250413일 1120011국631 8 3713 3강 3357비  포화16 5 4타이거케이      케이탑  다이아찬 7716.00한거 3 0 0 2 4  73010:35 16500국6송문길강경운   113 3 4 316 1 0 1 3  0이용호49557.077기입적44 41 413639.041.013.21958 4183113282217142628191820 099 0↘↗자13.937.239.714.752 636.241.0 78.0 77.0 33 33 33 0   13.80   13.80 5  1  1VN동56.04891312 4.0 6.010.0 6 612 0일반주행기복전력 1기 0 4 4     4 4 5⑧1:18.03    1.913.841.615.6  6  6  .09 8 2 -4 1.975 4937826 4 7 5 80 1 1.07 2.06     2.8  2.0   17.8   24.8   32.1  .01529-2 4 2-2▽ -.838.60 -.04  .0876.56 2.33 6.2213.20 41118 7.0815.8918.84 5
20250308토 1120011국612 8 1714 2강 2259맑음다습11 5 4타이거케이      케이탑  다이아찬 7716.00한거 3 0 0 2 5  84510:35 16500국6송문길강경운   114 2 3 216 1 0 0 2  0유승완48956.083하입보 7 35 3547  .047.029.0285313264314282230242628152722      →↘입13.937.240.215.658 236.638.8 75.7 75.2  0  0  0 0   14.00   16.00 4 -7  0HN동       1312         9.0    12 0마방연대보통주행 1기 0 3 4     4 4 2②1:15.73     .013.839.213.8 -4 -3  .00 2 6 -1  .61918522880 3 8 6 32 2 2.0611.03     3.3 12.2   92.7  176.7  241.6  .03042-2 5 4-2▽ -.338.10 -.78-2.1776.84 6.3515.9128.99152944 7.8616.4840.12 4
20250209일 1120011국612 8 6715 1강 1155맑음건조 4 5 4타이거케이      케이탑  다이아찬 7716.00한거 3 0 0 1 5  92110:35 16500국6송문길강경운   115 1 2 116 1 0 0 1  0오수철49256.058하무하 5 35 3536  .039.022.61160 6264314282242 02628112215      →↘입14.037.440.214.948 337.041.5 79.9 78.1  0  0  0 0   14.00   15.20 6  6  1BNDN       1313        10.0    13-1일반주행마방연대 1기 210 5     6 6 6⑨1:19.94    3.014.042.616.0  2  9  .00 9 7  1 3.09137969412 7 810 62 1 3.06 7.01     6.3  6.6   40.0   90.5 1686.8  .02235-2 4 4-2▽ -.738.80 -.72  .5376.95 6.4614.3022.59 41121 8.7317.9633.90 9
20261004일 5120011국5 2 5  7 0혼전 4454           5 5글로벌기상      인디밴드하늘기상 6036.00한암 4 0 0   1    013:10 24750국5전승규장재형   2 01210 311 1 1 011  0김태훈   51.072평추하50 55 554316.049.024.01856 71743 5222226 01918122521 0 099↗→입14.638.237.913.11395                   22 44  033   15.00   13.40 4 -5 -2NUDN53.54831814-1.0 6.6 5.6595912-1숨은복병최적거리68트 0 5                            15.0    13.4        .0                      11 1 8 6  1                                              .02056 0 3 5 0―  .037.90  .09     76.12 6.5815.3223.97 61224 6.4516.0023.44 6
20260906일 6130010국542 5 97 1혼전 4451맑음양호 6 5 5글로벌기상      인디밴드하늘기상 7036.00한암 4 0 0 1 1   47      24750국5전승규장재형   2 111 9 311 1 1 010  0이혁  47452.578평추보46 49 494518.053.028.22258 81743 5222214131918282118 0 099↗↘선14.638.138.613.1258939.137.8 82.4 82.6 22 44  033   14.40   13.40 3  4  0VHDN53.54831814 -.6 6.6 6.0565612-1일반주행거리속성55트 01010    10 9 9⑧1:22.41½  1.215.037.813.4  4 -2  .09 8 4 -1 1.32896 84944 8 2 5 60 2 2.03 6.05 2.1 4.0  4.5    9.1   18.5   49.213.22256 1 4 5 1―  .438.90  .12 5.8583.10 7.8217.8428.23 61224 5.8016.2222.50 6
20260816일 4140010국511 8 17 2 1강 1151흐림다습13 5 5글로벌기상      인디밴드하늘기상 7036.00한암 4 0 0 2 1   58      24750국5전승규장재형   2 210 8 311 2 1 0 9  0임다빈47652.575평추보64 64 645318.050.029.01329 71743 52222 6 61918142424 0 099→↗추14.537.838.713.1177638.038.8 89.5 88.9 25 50  038   14.40   13.10 4  0  0NHUP53.54831812 -.6 6.6 6.0565614 2일반주행최적거리27트 0 6 7     8 9 6⑥1:29.5½   1.114.438.913.4  1  1  .00 6 5  0 1.7479027594910 1 4 53 2 1.03 3.08 1.6 2.7  1.6    7.1    9.0   16.5  .01749 0 3 3 0―  .338.10 -.1612.4488.93 8.1518.3929.02 71728 4.3012.8320.22 6
20260718토 6120011국554 8107 3혼전 4451흐림불량20 5 5글로벌기상      인디밴드하늘기상 6036.00한암 4 0 0 2 1   55      24750국5전승규장재형   2 3 9 7 211 1 1 0 8  0임다빈47552.574평추보64 66 666437.053.034.81329 71743 52222 6 61918142424 0 099→↗추14.538.137.913.1159337.638.4 74.6 75.5 29 43  043   15.10   12.6024  2  0NHDN53.54831813  .4 6.0 6.4505014-5뒷심문제보통주행46트 0 6 8     8 9 6⑤1:14.61     .514.437.613.1  0 -5  .00 5 5 -2 1.0276634446511 1 3 33 1 7.0411.09 2.3 6.2 17.2   69.3  172.5  261.6  .02863 0 5 4 0―  .437.30 -.17 -.4976.0611.4824.1034.82152944 9.0923.7037.67 3
20260131토 5170011국520 7 77 4혼전 4452맑음건조 2 5 5글로벌기상      인디밴드하늘기상 7036.00한암 4 0 0 9 3  478      24750국5전승규장재형   2 4 8 6 211 2 1 0 7  0김용근48052.586평추상40 41 416644.060.051.0183110273610222210141918312714 0 099↘↗선14.340.440.512.9178340.140.5114.6114.5 33 50  050   15.00   13.60 5  0  1HNDN53.54831813  .4 5.0 5.4565614-1일반주행거리속성 5기 0 4 5 5 5 3 5 5⑥1:54.6코    .614.839.913.4 -1  0  .00 6 7 -4 1.2716235406511 2 4 12 2 1.02 3.01 2.5 4.2  2.5    4.2    7.0    9.412.73161 2 6 7 2―  .840.80 -.5533.56113.720.8737.5751.0234536516.0025.0037.14 3
20251227토 7180011국511 9 67 5혼전 4451흐림다습14 5 5글로벌기상      인디밴드하늘기상 8146.00한암 3 0 0 9 1  10015:15 24750국5전승규장재형   2 5 7 5 111 1 1 0 6  0김용근48052.084우추하28 23 233916.033.010.52651141743 5222210141918312714 0 099→↘선14.340.940.512.8105340.939.8120.5119.5 40 60  060   14.50   13.70 4 -4 -3HUUP53.54831813 1.0 3.6 4.6575712 4일반주행거리속성40트 0 4 8 810111010⑦2:00.5목   1.215.040.813.6 -4  2  .00 711  7 1.5607333494711 2 9113 1 1.0610.06     5.5  1.7   11.5   13.3   60.8  .01547 0 3 1 0▽-1.240.10  .0738.08119.1 1.72 6.1310.49 0 2 4 5.0013.3320.41 7
20251129토 4140011국532 6 87 6혼전 4451흐림다습10 5 5글로벌기상      인디밴드하늘기상 7036.00한암 3 0 0 9 1   8512:45 24750국5전승규장재형   2 6 6 4 211 2 1 0 5  0이동하47855.090우추보75 72 726972.065.047.73254151743 5222233 01918252419 0 099↗↘선14.337.738.912.8 48337.639.5 89.1 89.4 40 60  060   14.70   13.50 4  1  3NL동53.54831713 1.5 3.3 4.8535314 0교체실패최적거리89기 2 810     7 6 8⑧1:29.1½   2.014.539.313.7  4 -7  .09 8 4 -1 2.2637654692311 3 5 30 2 3.01 4.11     4.9  4.3    5.5   12.7    6.2  .03782 3 7 8 3▲ 1.238.30 -.7212.8489.0020.6935.8547.6812264014.2931.9648.65 3
20251102일 5140011국520 6 77 7 2강 2251맑음양호 6 5 5글로벌기상      인디밴드하늘기상 7036.00한암 3 0 0 1 1  161      24750국5전승규장재형   2 7 5 3 111 1 1 0 4  0이동하48552.090우추적54 46 466461.054.028.03254151743 5222233 01918252419 0 099↗↘선14.338.038.912.6 58937.438.3 90.2 88.2 25 50  050   15.90   14.30 4 -4  0NUDN55.04801713 1.0 2.7 3.7606012-3일반주행보통주행45관 1 710    1110 8④1:30.2¾    .214.739.213.5 -1  2  .00 4 5  0  .6216315197711 2 6 43 1 1.1011.03 1.9 3.4  1.9   31.9   50.9   29.6  .02279 1 6 7 1△  .537.80 -.3811.3089.21 6.7817.0627.96 82134 7.0818.6727.42 5
20251004토 5170011국552 6107 8혼전 4441맑음다습10 5 5글로벌기상      인디밴드하늘기상 7036.00한암 3 0 0 1 2  227      24750국5전승규장재형   2 8 4 2 111 3 1 0 3  0씨씨웡48352.090강추하81 70 709064.062.035.4265211255710222235311918212522 0 099↘→선14.340.440.512.6129641.341.6114.1114.2 33 67  067   14.30   13.60 4  4 -1VUUP55.04801713-1.0 3.0 2.0737312 4전개최상작전마주62기 01111111111 9 9⑧1:54.13    1.715.941.914.3  3  1  .00 8 5  3 2.1689668913211 1 2 40 3 3.04 8.01 2.2 5.3  5.4   26.5   46.1   63.1  .03473 1 7 7 1△  .940.80 -.1933.30113.713.9224.6835.35 9223512.2423.1935.46 4
20250907일 4130010국541 7 47 9 2강 2251맑음포화16 5 5글로벌기상      인디밴드하늘기상 7036.00한암 3 1 1 1 2  31212:25 24750국5전승규장재형   2 9 3 1 211 2 1 0 2  1씨씨웡48252.590우추보93 96 969594.065.063.4265211255710222235311918212522 0 099↘→선14.338.238.712.6 79838.139.4 81.6 83.2 50100  0**   14.30   12.70 5 -1 -3LU동55.04801312-1.0 4.0 3.0505013 0종반뒷심전개최상29트 0 710     9 9 9⑦1:21.61¼  1.514.338.813.6  5  2  .00 7 2  0 1.8497354683210 1 1 20 2 4.08 8.02     3.5  7.8   92.2  197.7   72.0  .04288 3 9 8 3▲ 1.438.90 -.97 6.3083.2326.6248.6763.4320435841.5967.2984.51 1
20250803일 3130011국641 8 9710 3강 3351흐림건조 3 5 5글로벌기상      인디밴드하늘기상 7036.00한암 3 0 0 1 2  40011:35 16500국6전승규장재형   210 2 2 111 1 0 0 1  0씨씨웡48055.090우추보73 35 3566  .065.037.5265211255710222235311918212522      ↘→선15.638.638.912.6 29838.237.2 82.4 81.4  0100  0**   15.60   13.00 9  7  0BHUP       1312         3.0    12 1일반주행거리속성48기 1 8 9    10 7 5①1:22.42½  -.414.337.712.7 -1  0  .00 1 2 -2  .0 276 2 79411 211 43 1 2.04 8.11     6.0  3.0    6.4   11.9   26.810.91774 0 6 7 0―  .938.10 -.62 3.8583.6110.5723.5537.4910223610.8922.2286.41 4
20250531토 2120011국641 9 9711 1강 1159맑음건조 4 5 5글로벌기상      인디밴드하늘기상 6036.00한암 3     9 3  59211:25 16500국6전승규장재형   211 1 1 111 1 0 0 0  0이혁  48055.081평무보   35 3540  .053.039.1213210273610222214131918282118      ↗↘선15.536.738.512.3    38.936.8 77.1 75.4              15.50   12.60        NN동       12 0                 0 0일반주행작전마주49기 0 110    1011 9③1:17.16    1.015.637.913.0 -1 -3  .00 3 4  0 1.32398 23652 1 1 7 33 1 3.02 2.06     5.8  4.1    5.8   14.2    7.1  .02063 0 5 6 0―  .438.60  .16  .1775.6111.8126.4539.12142944 9.1719.3041.21 3
20261004일 5120011국5 2 5  3 0혼전 4454           5 6랩처            나이트러우승환희  819.00한암 3 0 0   1    013:10 24750국5신삼영강승연  99 012 9 411 1 2 211  0마이아   55.593우선보50 59 599567.064.045.43453131458 3 8 0 0 011 33533 76040 0↘↗선13.636.738.513.58961                   50 50 6313   13.40   13.90 6 -2  2NLDN53.94441313 -.2 3.6 3.4737310-1교체성공전개최상88기 1 6                            13.4    13.9        .0                       2 6 3 2  1                                              .04295 1 8 7 1▲ 1.138.50 -.01     75.6117.4932.1145.3820435820.9733.3348.05 2
20260823일 41300 9국551 3103 1혼전 4451맑음포화16 5 6랩처            나이트러우승환희 5928.00한암 3 0 0 2 1   89      24750국5신삼영강승연  99 111 8 711 1 2 110  0푸르칸44754.078우입하31 34 348950.058.043.02457151458 3 8 0 0 011 31424215050 0↗→추13.636.739.213.5955736.939.2 80.2 82.2 43 43 5714   13.40   15.40 4 -1 -1NN동53.94441313  .0 3.2 3.2757510 0탐색주행부중편성82기 1 8 1     1 1 1②1:20.2코    .013.438.613.9 -2 -1  .00 2 4 -1  .01717452182 2 6 8 41 1 3.04 7.08 3.6 7.2  5.0   15.4   34.1   15.912.73284 2 7 8 2▲  .740.20  .19 6.2882.5814.2229.9242.96 9223512.1626.5836.59 3
20260725토 5130010국552 6103 2혼전 4451맑음다습10 5 6랩처            나이트러우승환희 5928.00한암 3 0 0 9 1   67      24750국5신삼영강승연  99 210 7 611 3 2 1 9  0김효정44854.568우입하56 63 638752.053.021.31749 71458 3 8 0 8 011 32022175050 0↗→선13.636.739.213.5955736.542.7 84.1 85.3 43 57 7114   13.40   14.40 8  0  0NN동53.94441313 1.0 2.8 3.8696910 0신뢰마주신뢰마주46기 0 9 3     3 4 7⑨1:24.12½  2.713.442.115.4  4  6  .09 9 5  3 2.993 5989315 3 2 9 70 7 1.03 1.06 2.9 5.5  2.9    6.4   12.0    7.0  .02865 0 6 5 0―  .240.90  .80 9.4182.58 5.2612.6521.32 41118 7.1414.1722.77 7
20260530토 5130011국553 4103 3혼전 4451맑음양호 7 5 6랩처            나이트러우승환희 5928.00한암 3 0 0 9 1  156      24750국5신삼영강승연  99 3 9 6 511 2 2 1 8  0김효정44254.568우입하65 70 709065.060.032.21749 71458 3 8 0 8 011 32022175050 0↗→선13.636.739.213.5945736.240.4 82.8 83.1 43 71 5714   13.40   13.90 5  0 -1NN동53.94441313 1.0 2.8 3.8696910 0전개최상신뢰마주63기 0 9 1     2 2 3⑤1:22.8½    .613.440.614.4  3 -1  .06 5 2 -3  .747 2803962 1 5 5 41 6 6.03 3.02 2.3 6.4 17.0   42.1  139.2  273.812.73483 2 7 7 2△  .940.40  .49 7.1982.5811.6621.9032.1510223610.1026.5435.89 4
20260425토 6130011국550 1 53 4혼전 4451맑음건조 3 5 6랩처            나이트러우승환희 5928.00한암 3 0 0 9 1   96      24750국5최용구강승연  99 4 8 5 411 1 2 1 7  0김효정44355.068우입하34 38 389345.055.028.41749 7194314202725 020102022173367 0↗→선13.636.739.413.5964537.039.0 81.7 82.7 50 33 6717   13.40   14.60 2  1 -1NN동53.54441312 1.0 2.8 3.8696910 0인기탐색전개최상40기 0 9 1     1 1 2④1:21.7½    .313.438.913.9 -1 -5  .00 4 5  1  .73121401968 1 7 7 51 5 4.0110.03 2.1 4.9  8.5    8.1   21.5   20.512.74283 2 6 7 2△  .640.30  .48 6.5882.71 8.7017.2828.39 6122410.8717.8025.83 6
20260411토 4130011국551 2103 5혼전 4451흐림다습14 5 6랩처            나이트러우승환희 5928.00한암 3 0 1 2 1   39      24750국5최용구강승연  99 5 7 4 311 1 2 1 6  1김성현44855.558우입보62 72 729053.053.022.71440 91943142027 6 020101623193367 0↗↘입13.636.739.313.6964536.541.2 82.2 84.2 50 33 6717   13.70   13.70 5  1  3NB동53.54441312  .4 3.6 4.0696910 0신뢰마주신뢰마주50기 0 8 5     4 4 8⑩1:22.2목   1.713.440.814.6  6  4  .0910 4  2 1.877 5917428 1 7 5 70 1 6.01 5.11 3.3 9.9  9.3   16.8   37.8   36.1  .02876 1 6 5 1―  .340.60  .68 8.1982.65 6.1713.9822.71 41118 8.4918.9631.78 5
20260307토 5130011국532 6 83 6혼전 4451맑음포화15 5 6랩처            나이트러우승환희 5928.00한암 3 0 0 2 1  101      24750국5최용구강승연  99 6 6 3 211 4 1 1 5  0김효정44453.068우입하55 58 588551.056.031.91749 7194314202725 020102022175050 0↗→선13.536.739.313.5955336.439.7 81.0 82.7 40 40 4020   13.70   13.90 5  1  1NNUP53.84441312  .4 3.6 4.0696910 1전개최상신뢰마주78기 0 7 6     3 2 2①1:21.0½    .013.739.013.7 -1  1  .00 1 2 -2  .032 4662681 1 6 5 52 4 2.04 7.11 3.0 4.8  3.1   17.8   23.7   51.2  .03470 1 6 7 1△  .540.30  .44 6.7382.65 9.9921.7731.90 8172911.6924.4434.98 4
20260201일 5120010국554 7103 7혼전 4451맑음건조 2 5 6랩처            나이트러우승환희  819.00한암 3 0 1 1 1   79      24750국5최용구강승연  99 7 5 2 311 3 1 1 4  1김효정44352.570우입보79 83 839681.069.051.31749 7194314202725 020102022175050 0↗→선13.636.738.413.3877637.038.9 75.7 75.7 50 50 5025   13.40   13.70 2  5  0NUDN53.84441312  .0 3.5 3.5757510-1전개최상전개최상 5관 0 6 3     3 2 3⑥1:15.71¼  1.113.739.113.9  2  2  .00 6 4  1 1.23734554347 1 5 3 10 3 1.02 1.03 3.4 6.9  3.4    6.9   11.7   20.6  .04893 3 9 9 3★ 1.738.80 -.13  .6175.5624.5540.4351.3037607224.7244.7955.86 1
20260118일 5130011국541 2 93 8혼전 4451흐림건조 5 5 6랩처            나이트러우승환희 5928.00한암 3 0 1 2 1   2714:00 24750국5최용구강승연  99 8 4 1 111 2 1 1 3  1김효정44152.568우입상83 89 899182.065.052.11749 7194314202725 020102022175050 0↗→선13.636.939.013.4817636.639.6 81.5 82.6 67 67 3333   13.60   14.20 8-11 -2UUUP53.84441312 -.3 3.7 3.3757510 1신뢰마주전개최상75기 0 1 1     1 1 2④1:21.5¾    .213.438.813.7  1 -3  .00 4 3  1  .732 7642971 3 5 1 11 2 4.06 8.04     8.3  5.8   18.4   43.2   39.010.54291 3 9 9 3★ 1.340.10 -.06 6.7082.5821.1340.2652.0734536523.0846.0758.06 1
20251123일 1120012국640 9 93 9 2강 2259맑음건조 3 5 6랩처            나이트러우승환희  819.00한암 2 0 1 2 1  16310:35 24750국6최용구강승연  99 9 3 3 211 1 0 1 2  1김효정44454.070우입적60 73 738890.066.061.11749 7194314202725 02010202217 099 0↗→선13.737.138.213.3538536.338.8 76.0 75.0 50 50 5050   13.70   13.90 2  4  0VV동53.54431210  .0 4.5 4.5646410 0전개최상신뢰마주20관 012 1     1 1 1①1:16.02½  -.413.639.614.2 -1 -2  .00 1 2 -1  .013 6491596 3 5 1 21 1 2.0412.01     8.8  3.8   15.1   29.2   21.9  .03588 3 8 9 3▲ 1.438.10 -.53 -.3575.6725.2246.7661.0920435822.0741.1324.27 1
20251108토 1120011국643 6 9310 3강 3351흐림건조 3 5 6랩처            나이트러우승환희  819.00한암 2 0 1 2 1  154      24750국6최용구강승연  9910 2 2 111 2 0 1 1  1송재철44654.076강입상98 99 999884.070.055.11745 8194314202714 02010192520 099 0→→입13.636.738.212.9879837.438.7 76.8 76.3100100100**   13.50   12.80 8  0  1NVUP53.54431210-4.0 6.0 2.0858510 2교체성공전개최상40기 0 8 4     5 5 7⑦1:16.8코   1.213.739.513.9  4  3  .00 7 3 -3 1.35757485044 3 2 1 22 2 2.01 1.11 1.7 4.3  4.4    4.5   11.0  137.7  .05596 4 9 9 4☆ 1.739.00 -.13 1.4475.4523.9741.2455.0519375414.8430.0420.77 1
20250913토 1100010국650 210311 1강 1155맑음포화19 5 6랩처            나이트러우승환희  819.00한암 2     2 2  305      24750국6최용구강승연  9911 1 1 111 1 0 0 0  0송재철44353.577평무보86 35 3577  .045.037.81928142056 5202714 02010192520      →→입14.236.838.113.3992536.736.9 60.6 61.5              14.20   13.60 4  0  0LN동       10 0         7.0     0 0일반주행보통주행43기 1 8 3     3 3 2②1:00.63     .013.536.512.8 -4  9  .00 2 6  0  .6 91911 576 2 5 4 42 1 1.06 2.08 3.1 6.8  3.1   13.1   21.6   56.5  .01855 0 4 5 0― -.337.90 -.04-13.462.7112.9426.1837.78 9223510.6820.8532.64 8
20261004일 5120011국5 2 5  9 0혼전 4454           5 7피어나리        언캡처드스테디위 6620.00한수 3 0 0   1    013:10 24750국5성상현오종택  -1 0 6 2 5 5 3 0 2 5  0빅투아   54.091우자하50 58 587024.045.020.13052131668 21422 0362715222817 099 0→→선13.736.739.213.78441                   50 75 50 0   13.80   14.30 6 -1  1LNDN57.05311312  .3 2.8 3.0656512-1연대우수보통주행99기 4 7                            13.8    14.3        .0                       311 6 7  3                                              .03270 0 4 4 0― -.339.20  .32     76.00 5.1111.7820.11 2 716 6.4517.3323.44 5
20260822토 4130010국550 3109 1혼전 4451비  불량20 5 7피어나리        언캡처드스테디위 4330.00한수 3 0 1 2 1   99      24750국5성상현오종택  -1 1 5 1 1 5 2 0 2 4  1빅투아52453.591우자하77 80 806968.051.021.33052131668 21422 0362715222817 099 0→→선13.736.839.713.7884137.641.2 82.8 85.0 50 75 50 0   13.50   14.30 4  3 -4BHUP57.05311312  .0 3.3 3.3585812 1마방승부연대우수57기 3 8 7     6 9 9⑧1:22.85    3.313.840.114.3  4 -1  .01 8 4  3 3.890549191 7 4 6 2 80 2 2.01 5.10 2.9 6.0  3.7    6.0   11.0    9.5  .03770-1 7 5-1▽  .040.70  .44 8.5082.97 5.2012.8321.33 2 71616.2824.4739.58 3
20260726일 2120011국633 9 39 2 1강 1141맑음다습10 5 7피어나리        언캡처드스테디위 6620.00한수 3 0 0 9 1   60      16500국6성상현오종택  -1 2 4 4 4 5 1 0 1 3  0빅투아52557.091우입보92 94 948386.059.050.23052131668 21422 0362715222817 099 0→→선13.736.939.113.7794136.139.6 75.5 75.1 33 67 33 0   14.00   13.50 5  0  4NN동57.05311212  .0 3.3 3.3585812 0부중유리마방승부80기 0 5 3     2 2 2②1:15.5¾    .013.539.614.3  1  2  .00 2 1  0  .119 4733788 7 1 1 21 1 2.01 8.05 1.9 3.0  3.6    3.0    6.4    4.0  .03184-1 7 4-1▽  .638.40 -.60 -.8676.0618.6234.8150.1918385420.3438.0541.33 2
20260620토 2120011국642 9 99 3 1강 1151비  불량20 5 7피어나리        언캡처드스테디위 6620.00한수 3 0 1 2 1   99      16500국6성상현오종택  -1 3 3 3 3 5 1 0 1 2  1조성환52353.054우입보88 99 997772.048.025.6 718 61668 21422 0 02715 91720 099 0↘→추13.736.939.413.9812536.738.6 75.1 74.9 50 50 50 0   13.80   13.60 4  1 -4NU동57.05311212-1.0 4.5 3.5595912 0일반주행보통주행 5기 1 5 7     6 6 3③1:15.14     .814.038.513.5  2 -8  .00 3 1 -1 1.11221452459 5 5 1 43 1 2.10 3.06 2.3 5.0  4.1   92.1  146.5   66.3  .01954 0 5 3 0―  .038.30 -.08-1.4076.23 6.3815.7225.5510203312.5027.9331.65 3
20260524일 1120011국620 9 79 4 3강 3359맑음다습11 5 7피어나리        언캡처드스테디위 6620.00한수 3 0 0 2 1   70      16500국6성상현오종택  -1 4 2 2 2 5 2 0 0 1  0김태훈53157.072하입보65 46 463042.048.052.11856 71668 2142223 02715122521      ↗→입13.837.139.814.1701936.639.1 76.1 75.2  0  0  0 0   14.10   14.30 3  0  0HH동       1212-2.0 7.0 5.0323212 0일반주행보통주행72기 1 4 4     3 3 2②1:16.12½   .013.839.013.6  0  2  .00 2 2 -5  .52017623888 5 5 2 32 2 1.02 7.04 1.6 3.1  1.6    3.1    4.4   19.8  .01514-3 5 3-3▽ -.538.20-1.16-1.7176.5616.9633.9452.11122640 9.6421.3516.47 7
20260502토 1120010국631 9 39 5 1강 1155흐림건조 3 5 7피어나리        언캡처드스테디위 6620.00한수 3     1 1   60      16500국6성상현오종택  -1 5 1 1 1 5 1 0 0 0  0김태훈52957.072평무보23 25 2530  .028.012.51856 71668 2142223 02715122521      ↗→입14.737.539.813.359 137.039.6 77.7 76.0              14.70   13.60 4  0  0NL동       12 0         4.0     0 0일반주행보통혈통34기 0 4 3     3 3 4⑤1:17.71¼  1.614.140.014.3 -2  5  .00 5 7  0 2.14835736435 4 5 5 62 1 3.01 3.06 2.2 2.2  4.6    4.6   11.3    2.5  .017 7-4 2 2-4▼-1.538.10 -.26-1.2876.78 1.49 5.7412.50 3 816 7.8016.1831.52 5
20261004일 5120011외4 2 5  2 0혼전 4454           5 8히든다이아      JIMMY CRARTISTIC 5319.00미암 3 0 0   1    013:10 24750국5이신우김아라   2 0 5 5 4 4 1 0 0 4  0조성환   51.554하입보50 36 363113.035.011.4 718 62060 819 8 0 01914 91720      ↘→추13.736.939.013.96634                    0  0 25 0   13.20   15.30 5 -3 -1LH동       1312  .0 6.8 6.8363612 0일반주행보통주행74기 0 8                            13.2    15.3        .0                       7 91111  1                                              .01512-3 2 2-3▽-1.139.00  .57     76.00 2.06 5.3511.39 0 2 5 3.23 9.3315.23 9
20260829토 9120011외452 3 52 1 2강 2251맑음다습12 5 8히든다이아      JIMMY CRARTISTIC 5319.00미암 3 0 0 9 1   74      33000혼4이신우김아라   2 1 4 4 3 4 1 0 0 3  0푸르칸47552.580하입하33 17 174028.048.024.62457152060 819 826 01914142421      ↗→추13.737.038.913.9593736.739.9 75.3 77.1  0  0 33 0   14.40   13.0015  9  0NH동       1312  .3 5.7 6.0383812 0일반주행보통주행73기 111 9     8 8 6⑨1:15.3½   1.713.239.615.3 -1  0  .00 910  4 1.88025806830 6 5 9 50 1 1.03 2.06 2.3 4.1  2.3    6.5   10.3    6.2  .01742 0 4 5 0―  .138.90  .17 1.2176.00 5.4814.2824.58 61224 4.7213.4523.64 6
20260516토 6120010외423 4 22 2혼전 4451맑음건조 3 5 8히든다이아      JIMMY CRARTISTIC 5319.00미암 3 0 0 2 2  286      33000혼4이신우김아라   2 2 3 3 2 4 1 0 0 2  0이혁  47552.579평입보45 36 366427.047.020.61335 51662 219 824 01914282118      ↘↗선13.736.839.413.9832738.138.7 76.4 76.8  0  0 50 0   13.50   14.20 3  0  0HHDN       1312 -.5 5.5 5.0464612-1일반주행보통주행48기 0 2 8     7 7 8⑧1:16.42½  2.114.438.313.0  2 -9  .00 8 6  0 2.57289447221 2 8 6 60 1 2.03 7.11 1.8 2.1  3.0   21.3   33.5  119.8  .01859 0 4 4 0― -.239.00  .12  .5976.17 4.3111.9120.62 51323 5.3214.4321.13 8
20260425토 9130011외452 2102 3혼전 4451맑음건조 3 5 8히든다이아      JIMMY CRARTISTIC 7620.00미암 3 0 0 9 1   53      41250혼4이신우김아라   2 3 2 2 1 4 2 0 0 1  0씨씨웡48452.593평입보52 47 475356.065.036.83456112060 819 819 01914212522      →↘선13.837.339.613.6604936.840.0 83.0 83.6  0  0  0 0   13.90   13.60 4  0 -2HHUP       1312-1.0 5.0 4.0505012 1승부조율거리속성97기 1 2 2     3 3 5⑥1:23.01    1.313.540.014.2  0  1  .00 6 6  1 1.36313734739 610 7 42 2 1.0311.06 4.0 8.3  4.0   13.0   27.4   84.212.73663 2 7 7 2― 1.139.90 -.25 6.7383.2311.4423.5836.78 92235 7.2918.4530.94 5
20260328토 2120011외430 6 32 4혼전 4459맑음건조 3 5 8히든다이아      JIMMY CRARTISTIC 5319.00미암 3     9 1   83      41250혼4이신우김아라   2 4 1 1 1 4 1 0 0 0  0씨씨웡48354.093평무보82 25 2548  .045.026.13456112060 819 819 01914212522      →↘선15.138.338.012.1 69937.138.9 76.0 75.9              15.10   12.30 4  0  0NL동       12 0         6.0     0 0일반주행보통주행46기 0 2 6     5 5 4④1:16.0½   1.013.938.713.6 -1 11  .00 4 5  0 1.14344524751 9 2 9 52 1 2.01 6.12 1.7 2.7  3.9    2.7    6.3   47.6  .01540 0 4 4 0― -.437.20 -.08 -.4376.23 8.7417.3926.09 4111811.1120.8537.13 3
20261004일 5120011국5 2 5  4 0혼전 4454           5 9원더풀시킹      테스타마쉬즈어버 3827.00한암 5 0 0   1    013:10 24750국5서범석(주)녹원 2 01624 229 1 1 329  0정우주   53.061평입보50 56 56 915.045.025.01256 71345 5202624 01817163013 06030↗→입13.937.438.413.73673                   25 29  421   14.20   13.9017 -1 -2LHDN53.34531413-1.0 6.0 5.0666612-1일반주행부중잇점40관 0 9                            14.2    13.9        .0                       9 5 7 5  1                                              .02043 0 3 3 0― -.138.40  .23     75.95 6.3315.8924.97 51120 6.45 9.3318.7510
20260606토 4130011국511 5 64 1혼전 4442맑음양호 7 5 9원더풀시킹      테스타마쉬즈어버 5034.00한암 5 0 0 1 2  310      24750국5서범석(주)녹원 2 115232629 2 1 328  0김태훈45354.576평입보61 61 614242.059.031.01740 82888152026 0 01817122521 05633↘↗입13.937.539.113.7406537.338.7 83.0 82.3 22 26  422   14.70   13.50 4 -1  0LN동53.24531413 -.8 5.8 5.0606012 0일반주행부중잇점56관 010 9     5 3 2⑤1:23.0½    .014.239.413.9 -2-12  .00 5 7  3  .32037302081 9 3 3 52 2 3.02 5.02 2.0 6.6  7.3   14.1   30.8  276.513.22251 1 6 6 1―  .639.40  .10 5.7283.0310.3719.5731.03 8172910.9624.0532.18 4
20260509토 6130011국531 7 84 2혼전 4451맑음건조 5 5 9원더풀시킹      테스타마쉬즈어버 5034.00한암 5 0 0 2 1   75      24750국5서범석(주)녹원 2 214222529 1 1 327  0김태훈46554.571평입하25 28 2836 8.040.016.11856 71345 52026 0 01817122521 05633↗→입13.937.439.213.8475737.939.1 83.6 82.8 23 32  523   13.50   14.50 4  8 -1VN동53.24531413 -.6 6.2 5.6555512 0일반주행부중편성26관 011 8     7 7 6⑥1:23.6¾    .814.739.413.5  2  0  .00 6 4  1 1.13668425359 9 4 8100 1 5.01 8.06 3.0 4.8 13.9   23.1   71.0   86.1  .01531-1 2 3-1▽ -.639.60  .51 6.2183.03 3.83 8.8316.08 2 714 2.74 7.4113.6910
20260411토 4130011국551 2104 3혼전 4451흐림다습14 5 9원더풀시킹      테스타마쉬즈어버 5034.00한암 5 0 0 2 1   80      24750국5서범석(주)녹원 2 313212429 1 1 326  0마이아46555.093평입보46 56 564742.061.030.13453131345 52026265318173533 7 05633↘↗선13.937.539.113.7416537.040.9 82.1 84.1 27 23  527   13.70   13.30 5  0  1HL동53.24531413 -.8 6.8 6.0505012 0뒷심문제부중잇점43기 0 3 6     7 5 9⑧1:22.1목   1.613.540.414.5  5  5  .09 8 3 -3 1.77723887931 8 4 7 50 1 6.01 5.11 3.3 9.9  9.3   16.8   37.8   36.1  .02885 1 6 5 1―  .839.80  .12 7.5483.03 8.7118.5630.07 81729 7.5518.0126.17 6
20260307토 5130011국532 6 84 4혼전 4451맑음포화15 5 9원더풀시킹      테스타마쉬즈어버 5034.00한암 5 0 0 2 1  101      24750국5서범석(주)녹원 2 412202329 3 1 325  0임다빈46054.575평입보51 48 483315.045.018.01329 71345 5202611291817142424 05038→↗추13.937.439.213.7466137.139.2 81.1 82.8 19 19  519   14.20   14.00 4 -4  1HN동53.04521413 -.8 6.8 6.0505012 0일반주행부중편성44기 0 3 3     5 5 4③1:21.1머리  .013.738.513.3 -3 -4  .00 3 6  0  .1362650328110 4 6 82 3 2.04 7.11 3.0 4.8  3.1   17.8   23.7   51.2  .01530-1 3 3-1▽ -.539.60  .46 6.2383.03 3.62 9.8517.95 2 714 5.19 7.7816.96 7
20260208일 5130011국543 4 94 5 3강 3351맑음건조 2 5 9원더풀시킹      테스타마쉬즈어버 5034.00한암 5 0 0 2 1   58      24750국5서범석(주)녹원 2 511192229 2 1 324  0임다빈46453.575평입보30 37 373121.052.023.31329 71345 5202611291817142424 05038→↗추13.937.539.113.8426137.639.6 82.0 82.6 20 20  525   13.80   14.90 4  6  1NN동53.04521413-1.6 6.8 5.2575712 0숨은복병부중잇점62기 0 7 8     7 5 5⑥1:22.0머리 1.014.238.914.0  0  2  .00 6 6 -1 1.92949615849 6 3 6 70 2 1.10 4.02 2.3 5.4  2.3   59.1   73.0   75.411.22043 0 4 5 0―  .139.50  .31 5.9783.03 5.7613.6123.25 41121 2.65 6.0315.13 8
20260110토 6130011국541 5 94 6혼전 4451강풍양호 8 5 9원더풀시킹      테스타마쉬즈어버 5034.00한암 5 0 0 2 1   79      24750국5서범석(주)녹원 2 610182129 1 1 323  0임다빈46253.075평입상45 49 493918.048.020.91329 71345 5202611291817142424 05038→↗추13.937.639.013.8317337.240.3 82.7 83.5 21 26 1116   13.70   13.70 4 -2 -2UH동53.04521413-2.0 7.2 5.2646412 0일반주행부중잇점40기 0 1 7     7 7 5⑤1:22.72½  1.013.840.214.9 -2 -1  .00 5 7  1 1.0623080704910 4 9 60 1 1.1010.08 2.7 4.4  2.7   37.0   52.0  207.7  .01769 0 4 3 0― -.239.60  .37 6.8783.03 4.7612.4520.86 41118 4.1711.2717.59 9
20251214일 6130010국533 2 84 7혼전 4451맑음포화18 5 9원더풀시킹      테스타마쉬즈어버 5034.00한암 4 0 0 2 1   71      24750국5서범석(주)녹원 2 7 9172029 1 1 322  0조상범46354.557평입하36 40 4031 7.041.017.7 928 61345 52026 4 01817132116 05038↗→입13.937.738.813.7288037.439.1 80.8 83.0 17 33  611   14.30   14.40 4 -7  1HN동53.04521413-2.6 7.4 4.8676712 0일반주행부중잇점43기 0 3 2     4 4 4⑤1:20.8½    .913.738.213.7 -1  3  .00 5 6  0 1.24040473851 9 3 7 72 1 3.05 7.05     4.6  4.2   24.4   56.3   16.8  .01536 0 2 3 0― -.739.30  .51 6.4882.97 4.6310.3617.72 2 714 1.14 4.5211.0310
20251115토 8130011국544 7 94 8 3강 3351맑음건조 3 5 9원더풀시킹      테스타마쉬즈어버 5034.00한암 4 0 0 2 1  125      24750국5서범석(주)녹원 2 8 8161929 1 1 321  0디에고46054.056평입상52 59 593722.047.024.2 850 01345 52026 0 01817132321 05038→→입13.937.638.913.7317637.939.6 83.7 83.6 18 41  624   13.70   13.40 4  1 -1BN동53.04521413-3.0 7.4 4.4707012 0일반주행부중잇점44기 01010    1011 9⑨1:23.72    1.514.339.814.4  3  4  .00 9 6 -3 1.5616362683710 2 3 90 1 4.03 9.08 3.2 5.6  6.4   11.3   24.7   31.911.21539-1 5 4-1▽ -.439.60  .35 7.0582.97 7.9115.5324.22 41118 8.9614.3823.53 6
20251018토 4130011국554 3104 9혼전 4451흐림불량20 5 9원더풀시킹      테스타마쉬즈어버 5034.00한암 4 0 0 2 2  217      24750국5서범석(주)녹원 2 9 7151829 2 1 320  0박태종45654.577평입상75 79 795139.061.027.127 024288815202617201817192421 05729→↘입13.937.638.913.8337637.739.3 81.8 83.2 19 44  625   14.00   13.00 4  1  2LN동52.84521413-2.4 7.0 4.6717112 0착차만회부중잇점60기 0 9 7     8 9 8⑤1:21.8½    .713.738.913.4 -4  2  .00 5 9  3  .8505651535710 4 4 33 9 3.0410.07 2.6 9.0  6.0   25.2   36.0  148.6  .02575 1 6 6 1―  .939.50  .27 6.7382.97 8.4817.3227.14152944 7.2114.7821.87 7
20250921일 4130011국553 210410혼전 4451맑음다습14 5 9원더풀시킹      테스타마쉬즈어버 5034.00한암 4 0 0 2 2  27112:45 24750국5서범석(주)녹원 210 6141729 1 1 219  0박태종45452.577평입상62 70 705050.064.037.227 024288815202617201817192421 06717→↘입13.937.639.013.8356937.938.0 81.2 82.3 20 40  720   13.90   13.40 4  0  1NN동52.84511413-2.6 8.0 5.4666612 0승부최상부중잇점 8기 1 8 7     7 5 4②1:21.22     .014.037.613.0 -4  3  .00 2 6 -3  .4186410167510 3 3 23 8 3.06 3.08     5.4  6.1   25.4   42.0   56.5  .03586 3 7 7 3△ 1.139.30 -.07 5.6883.0312.9325.0137.2019375410.2321.0029.41 4
20250824일 5130011국552 110411혼전 4451맑음건조 4 5 9원더풀시킹      테스타마쉬즈어버 5034.00한암 4 0 0 2 2  35413:35 24750국5서범석(주)녹원 211 5131629 1 1 218  0김성현45152.065평입상50 58 584345.063.034.9 6 0 62888152026 0 01817162319 080 0→↗입13.937.639.113.9336138.038.4 80.6 82.5 21 36  721   13.90   13.50 4  0 -1LU동53.04511413-2.2 8.2 6.0565612 0부중유리승부최상26관 0 8 9    10 9 7⑤1:20.6목    .013.937.713.4 -4  4  .00 5 9  2  .42268213274 9 4 6 33 1 2.04 3.09     8.4  4.7   16.4   32.9  121.5  .04591 3 7 7 3△ 1.339.30 -.08 5.7683.1010.2723.3534.85 82134 8.7713.9922.22 8
20250727일 51300 9국531 5 8412혼전 4451맑음건조 3 5 9원더풀시킹      테스타마쉬즈어버 5034.00한암 4 0 0 9 3  42112:55 24750국5서범석(주)녹원 212 4121529 7 1 217  0박태종44752.561평입하22 34 342711.049.030.4 550 31114 7202617201817192421 080 0↗→입13.937.639.113.9316138.038.6 82.4 82.7 23 31  823   14.00   14.40 5  1 -2LH동53.04511413-1.6 8.4 6.8515112 0일반주행부중영향37기 0 8 8     8 7 4③1:22.42     .413.938.613.5 -4 -3  .00 3 7  1 1.52969294168 7 4 6 53 7 3.08 9.05     4.7  4.3   79.4  112.3  236.313.22257 0 3 4 0―  .039.40  .07 5.9583.10 9.1120.0930.41 81729 4.6911.8515.41 7
20250622일 3130011국533 7 8413혼전 4451맑음포화15 5 9원더풀시킹      테스타마쉬즈어버 5034.00한암 4 0 0 2 3  52311:25 24750국5서범석(주)녹원 213 3111429 6 1 216  0박태종45054.561평입상30 43 435119.051.024.6 550 31114 7202617201817192421 080 0↗→입13.937.638.913.9327337.839.9 83.1 83.9 25 33  825   14.10   14.50 5  0 -1NN동53.04511413-2.8 8.4 5.6606012 0일반주행작전마주74기 0 7 7     7 8 6⑦1:23.1¾   1.014.039.714.4  1 -6  .00 7 6 -1 1.97061717551 9 1 6 60 6 2.0411.09     4.5  4.3   17.1   33.8   10.4  .02048 0 4 4 0―  .339.70  .32 7.3582.97 6.4715.3024.57 51120 4.7610.9318.61 7
20250518일 4130011국554 710414혼전 4442맑음다습13 5 9원더풀시킹      테스타마쉬즈어버 5034.00한암 4 0 0 2 4  62212:45 24750국5서범석(주)녹원 214 2101329 5 1 215  0박태종45655.561평입상32 45 4527 9.043.015.9 899 5 933 3202617201817192421 080 0↘↗입13.937.638.913.8357337.539.4 83.8 83.3 27 36  927   13.80   14.40 4  2  1NB동53.04511413-3.8 8.8 5.0636312 0일반주행부중잇점24관 0 7 8     6 4 5⑥1:23.81     .614.140.014.5 -1 -6  .00 6 7 -4 1.65344544864 9 3 5102 5 2.03 1.06     6.9  4.1    3.5    7.7    8.8  .01527-1 2 2-1▽ -.639.50  .57 6.7982.97 4.46 9.3615.94 2 714 2.47 5.9912.9010
20250419토 4130011국533 6 8415혼전 4452흐림양호 8 5 9원더풀시킹      테스타마쉬즈어버 5034.00한암 4 0 0 2 4  71613:35 24750국5서범석(주)녹원 215 1 91229 4 1 214  0박태종46255.061평입보29 31 3110 6.036.010.7 899 5 933 3202617201817192421 075 0↘↗입13.937.539.013.8416937.639.4 84.0 83.3 30 40 1030   14.20   14.00 7 -3  1NL동52.54491413-3.2 8.4 5.2595912 0일반주행부중잇점 1기 0 5 7     6 6 6⑥1:24.0¾    .613.840.414.4 -5  5  .00 611  1  .85348555263 9 610112 4 4.01 2.06     7.3 10.6   12.9   32.4   18.6  .01520-3 2 1-3▼-1.239.60  .71 6.8082.97 1.91 6.4010.73 0 2 4 2.90 4.8510.6811
20261004일 5120011국5 2 5  4 0혼전 4454           510이클립스에지    섀클포드커팅에지 6222.00한거 4 0 0   1    013:10 24750국5서홍수조한수   0 01617 419 1 1 218  0김태희   53.062기자보50 42 422812.041.017.01146 71951 8242919 02617152416255025↘→입13.737.538.213.12576                   21 43 1429   13.60   13.00 5  2  0BHDN54.54651713 1.0 7.2 8.2343413-1일반주행기복전력 1   010                            13.6    13.0        .0                      10 310 9  2                                              .01534-2 2 3-2▽ -.638.20  .51     75.89 4.50 9.8417.03 1 3 6 3.23 8.0014.0611
20260829토 61300 9국520 3 74 1 1강 1151맑음다습12 510이클립스에지    섀클포드커팅에지 6526.00한거 4 0 0 9 1   77      24750국5서홍수조한수   0 115161119 1 1 217  0김옥성46753.058기자적19 15 1530 6.032.012.8 6 0 61951 8242922 02617141618333333→→추13.737.738.813.1288037.339.0 81.0 82.8 23 46 1531   13.70   13.50 7 -2 -2LH동55.04641713  .2 7.4 7.6353513 0일반주행기복전력 5   0 8 3     4 5 6⑦1:21.0코    .513.638.113.0 -1  0  .00 7 8  3  .83736412964 9 210102 1 3.06 2.06 2.7 2.8  7.5   85.3  211.9  180.5  .01523-1 2 1-1▽-1.139.30  .66 6.3182.97 2.38 6.0012.84 1 3 6 2.35 4.7310.95 9
20260711토 5130010국541 7 94 2 2강 2251맑음다습14 510이클립스에지    섀클포드커팅에지 6526.00한거 4 0 0 2 1  127      24750국5서홍수조한수   0 214151019 1 1 216  0김태희46755.060기자적34 33 334532.046.028.71146 71951 8242919 02617152416333333↘→입13.737.638.813.1328037.540.2 83.2 84.0 25 50 1725   14.10   14.10 9  1  2VN동55.04641713 -.4 7.8 7.4434313 0일반주행기복전력 5   010 4     5 8 8⑧1:23.23    2.413.739.813.5  3  4  .00 8 5 -3 2.57545767319 6 2 7 40 1 3.01 6.04 3.1 7.5  4.5    8.1   18.0   33.8  .02040 0 4 5 0― -.139.70  .28 7.6282.90 7.2717.9228.74102236 5.3316.1526.36 5
20260510일 4130011국514 7 64 3 1강 1159맑음건조 5 510이클립스에지    섀클포드커팅에지 6526.00한거 4 0 0 2 1  167      24750국5서홍수조한수   0 31314 919 1 1 215  0해리카46353.567기자하16 14 1411 7.040.021.11444111951 8242918302617172612333333→→입13.737.738.912.9307637.939.2 83.5 83.1 18 45 1827   14.00   13.30 4 -1  3LNUP55.04641713  .6 7.4 8.0353513 1가는대로기복전력 5   0 9 4     6 6 5⑤1:23.51¼  1.114.139.514.1 -3  1  .00 5 8 -1 1.54266445349 9 210 82 3 2.01 5.02 2.1 6.6  6.1    6.6   14.1   11.6  .01520 0 2 5 0― -.439.40  .37 6.4883.03 5.4112.3821.07 1 511 1.54 5.5912.93 8
20260412일 5120011국541 6 94 4혼전 4451맑음다습12 510이클립스에지    섀클포드커팅에지 6222.00한거 4 0 0 2 1   68      24750국5서홍수조한수   0 41213 319 1 1 214  0조성환46251.054기자적27 24 2437 9.036.010.6 718 61951 82429 0 02617 91720333333↘→추13.637.338.212.9358338.538.8 76.7 77.4 20 50 3030   13.50   14.80 4  9 -2BUDN55.04641713  .8 6.0 6.8454513-1연대우수기복전력 5   010 8     9 910⑩1:16.71½  2.214.038.513.3  1 -6  .0010 9  3 2.38495528221 8 210100 1 3.02 4.02 2.5 4.7  4.8   11.2   19.1  158.9  .03225-1 2 1-1▽-1.138.70  .80 1.8875.78 1.73 4.6710.63 2 510 1.94 4.5910.9410
20260315일 4130011국522 3 74 5혼전 4451흐림양호 6 510이클립스에지    섀클포드커팅에지 6526.00한거 4 0 0 2 1   70      24750국5서홍수조한수   0 51112 819 2 1 213  0권중석46852.566기자적68 65 656951.058.029.01341 61951 8242910432617191818333333↘→선13.737.538.712.9448537.041.3 83.6 84.6 22 67 2233   14.00   12.90 5 -5  2UN동55.04641713  .0 5.0 5.0575713 0착차만회연대우수 5   0 1 1     3 3 5⑪1:23.65    2.213.541.014.8  5  7  .0011 6 -3 3.2852392861911 3 5 50 2 1.0410.07 1.9 4.0  1.9   15.6   23.9   39.4  .03763 0 6 6 0―  .539.90  .40 8.4282.78 8.6119.0928.95 81729 8.4121.0531.13 2
20260208일 5130011국543 4 94 6 3강 3351맑음건조 2 510이클립스에지    섀클포드커팅에지 6526.00한거 4 0 0 2 1   79      24750국5서홍수조한수   0 61011 719 1 1 212  0권중석46151.066기자적34 28 286234.049.023.31341 61951 8242910432617191818333333↘→선13.737.538.712.9428738.138.3 81.4 81.9 38 63 2538   13.50   14.20 8  3 -5NU동55.04641713  .6 4.2 4.8595913 0일반주행기복전력 5   0 6 6     8 8 6④1:21.41¼   .414.037.712.9 -5  1  .00 4 9  4 1.31173203367 7 1 8 63 1 1.10 4.02 2.3 5.4  2.3   59.1   73.0   75.4  .02461 1 5 5 1―  .139.30  .56 5.7282.78 5.7713.6223.27 41118 3.5411.2119.58 6
20251213토 4130011국512 2 64 7혼전 4451비  불량20 510이클립스에지    섀클포드커팅에지 6526.00한거 3 0 0 2 1  168      24750국5서홍수조한수   0 7 910 619 2 1 211  0해리카46055.567우자적57 59 595661.051.027.21444111951 8242918302617172612333333→→입13.737.738.612.8299337.040.6 82.5 84.0 38 63 2538   13.50   14.50 4  2 -1HN동55.04641713  .6 3.0 3.6666613 0거리내려최적거리15   0 3 2     2 3 8⑩1:22.5¾   2.613.540.114.2  5 -4  .0510 5 -2 3.27623867413 8 1 3 61 2 2.07 8.04 1.4 3.8  5.7   38.1   66.9   14.212.72960 2 6 6 2―  .339.60  .39 7.6982.84 7.8717.5327.24 51323 8.9921.9928.61 5
20251115토 8130011국544 7 94 8 3강 3351맑음건조 3 510이클립스에지    섀클포드커팅에지 6526.00한거 3 0 0 2 1  125      24750국5서홍수조한수   0 8 8 9 519 1 1 210  0해리카46456.067우자적37 40 408034.048.027.41444111951 8242918302617172612 05050→→입13.837.738.612.9309636.939.8 83.0 82.9 29 57 1457   14.20   15.0013-10  0UNDN54.54641714  .2 2.2 2.4828213-1가격혈통거리내려 5   0 1 1     1 1 2⑦1:23.0½    .813.540.014.5  0 12  .00 7 7  1  .8361667425811 1 6 51 1 4.03 9.08 3.2 5.6  6.4   11.3   24.7   31.9  .02169 0 5 5 0― -.139.30  .39 6.5582.84 7.8918.2027.40 81729 5.9716.9925.88 5
20250816토 5140011국552 9104 9혼전 4451맑음다습12 510이클립스에지    섀클포드커팅에지 6526.00한거 3 0 0 2 2  384      24750국5서홍수조한수   0 9 7 8 419 2 1 2 9  0송재철45256.077우입적56 54 547925.045.016.31928141125 5242918202617192520 05050→→입13.837.238.612.9299137.841.0 91.8 90.9 33 67 1767   13.80   14.60 6  1 -1VN동54.54641713  .4 3.0 3.4747413 0교체실패가격혈통 5   011 9    1010 9⑧1:31.86    3.114.241.515.0  2 -3  .00 8 6  2 3.59081889314 8 1 6 80 2 3.02 9.01 2.1 5.4  7.7   15.3   28.0   10.9  .02044 0 4 5 0― -.339.10  .6115.0688.45 3.55 8.8316.25 2 714 4.7211.9318.35 7
20250705토 4140010국550 810410 3강 3351맑음건조 3 510이클립스에지    섀클포드커팅에지 6526.00한거 3 0 0 1 3  49113:45 24750국5서홍수조한수   010 6 7 319 1 1 2 8  0송재철45556.576우입적83 82 828566.058.031.31850 8244713242918202617192520 05050→→입13.837.338.512.9219337.040.2 90.2 89.3 33 67 1767   13.50   12.50 6  6  0VNDN54.54641713  .3 3.5 3.8727213-3연대우수가격혈통 5   010 4     4 5 6⑨1:30.2½   1.913.840.514.6  5-11  .09 9 4    2.05940746927 9 1 1 50 1 1.03 5.02     5.1  2.8    8.0   13.7   19.410.93273 0 7 6 0―  .638.70  .2213.5088.45 9.9619.1531.34 6152610.1023.0036.27 5
20250525일 4170010국540 8 9411 1강 1151맑음다습10 510이클립스에지    섀클포드커팅에지 6526.00한수 3 0 0 2 4  60112:45 24750국5서홍수조한수   011 5 6 119 3 1 2 8  0이동하  056.585우입적72 74 748490.069.061.5296211304616242935372617252419 05050↗↘선13.840.140.512.92787                   33 67 1767   14.00   13.30 5  3  0HNUP54.54641713 1.0 3.0 4.0707013 3부진만회연대우수 5   0 4                    취소    14.0    13.3     0  .07                      8 2 2 20 3 1.0210.01     4.3  2.0    4.3    6.9   25.0  .04189 3 9 9 3★ 1.540.50 -.65     113.523.9145.2661.5218405430.4859.1875.27 2
20250420일 4140011국530 7 3412혼전 4451맑음양호 9 510이클립스에지    섀클포드커팅에지 6526.00한수 3 0 0 2 4  70612:45 24750국5서홍수조한수   012 4 5 219 2 1 2 7  0이동하46656.585기추적20 27 277754.064.044.9296211304616242935372617252419 05050↗↘선13.837.138.712.7378737.738.3 89.8 88.4 40 60 2060   13.70   15.30 4 -9  0ULUP54.54641413 1.5 4.0 5.5575713 1교체실패기복전력 1   0 1 3     4 4 4④1:29.82     .514.038.613.3  2 -2  .00 4 2 -1 1.42777132667 4 1 7 12 2 1.03 9.05     3.0  1.7    4.5    6.0   16.9  .03569 3 7 8 3▲ 1.138.70 -.1512.6088.4517.2932.1344.88122640 9.3022.8036.24 4
20250323일 3130011국553 310413혼전 4451맑음건조 4 510이클립스에지    섀클포드커팅에지 6526.00한수 3 0 1 2 4  79111:25 24750국5서홍수조한수   013 3 4 419 1 1 2 6  1이동하46856.585기추적32 37 377053.060.029.4296211304616242935372617252419 05050↗↘선13.837.338.912.7538037.440.4 84.0 84.5 40 60 2060   13.50   14.10 5  9  2BL동54.54641413 3.0 6.0 9.0303013 0전개최상기복전력 1   010 6     6 4 5⑧1:24.01    1.513.741.115.3  5  5  .09 8 3  2 1.8834181773310 2 6 60 1 1.05 6.02     6.1  2.2    8.8   13.4   14.213.23459 0 6 7 0―  .640.10  .40 8.2982.7810.3818.6629.40 5132310.5921.9826.84 5
20250216일 4130011국541 2 9414혼전 4451흐림건조 4 510이클립스에지    섀클포드커팅에지 6526.00한수 3 0 0 2 5  89612:45 24750국5서홍수조한수   014 2 3 319 1 1 1 5  0문세영46355.093강추적90 35 3596  .072.046.84153 0305811242946412617293615 05050→→입13.837.638.612.7459836.839.0 82.0 83.0 50 75  075   13.80   13.40 4 -4  1UV동54.54641412         3.0    13 0착차만회전개최상 1   0 1 2     2 2 2②1:22.01     .013.539.414.1  1 -2  .00 2 1 -4  .24112421474 8 110 11 2 2.01 3.01     4.5  4.5    4.5    9.8    8.110.64299 4 9 9 4☆ 1.839.40 -.10 6.7882.7820.4035.1046.78193754 8.5918.8866.21 5
20250118토 4130011국551 210415혼전 4451맑음건조 4 510이클립스에지    섀클포드커팅에지 6526.00한수 3 0 1 2 5  97312:45 24750국5서홍수조한수   015 1 2 219 4 1 1 4  1코지  46554.078기추적17 35 3564  .056.017.7164011305811242933 02617233119 0 099↗↗입13.837.039.212.5756137.637.6 81.9 82.2 67 67  067   13.70   15.20 4  0  0NUDN55.04621412        11.0    13-1신마혈통기복전력 1   0 5 3     4 3 2③1:21.9¾    .213.838.313.4 -2  4  .00 3 5  3  .51549 4 471 7 7 9 92 411.02 7.01     7.2 39.8   62.1  267.4  113.9  .04448 0 5 5 0―  .239.90  .70 5.9782.78 4.3410.3717.70 41118 8.2717.3954.59 6
20261004일 5120011국5 2 5  7 0혼전 4454           511스터닝볼트      카우보이스터닝한 6426.00한암 3 0 0   1    013:10 24750국5김동균최지욱  -1 011 2 510 9 1 010  0푸르칸   52.580평자보50 59 593720.044.019.82457151751 62018251019 814242150 050↗→추13.737.138.713.85969                   13 38 1313   13.60   13.7013  6  0VU동55.04341312 -.2 3.6 3.4676713 0가격혈통조교부실25관 011                            13.6    13.7        .0                       8 8 4 8  9                                              .02133 0 3 4 0― -.338.70  .37     75.95 4.9511.5119.80 2 714 8.0613.3323.44 7
20260704토 4120011국542 2 47 1 1강 1151흐림건조 5 511스터닝볼트      카우보이스터닝한 6426.00한암 3 0 0 1 2  230      24750국5김동균최지욱  -1 110 1 410 8 1 0 9  0푸르칸43452.582평자상94 89 896576.061.038.92478141942102018251019 814242150 050↘↗추13.737.038.913.9605737.138.0 74.9 75.3 14 29 1414   13.70   14.30 4  1 -3NUDN55.04341313 -.6 4.2 3.6606013-1일반주행가격혈통48관 1 5 3     3 4 4④1:14.9¾    .313.638.013.7 -1  1  .00 4 5  3 1.02548232168 4 6 3 32 8 1.02 1.02 2.5 3.9  2.5    3.9    7.0   49.9  .01847 0 7 7 0―  .938.30 -.23 -.6076.0013.7326.4438.8918385415.6528.7044.41 4
20260607일 2130010국651 9 57 2 3강 3358맑음양호 6 511스터닝볼트      카우보이스터닝한 5732.00한암 3 0 0 1 1   69      16500국6김동균최지욱  -1 2 9 9 410 7 0 0 8  0푸르칸43355.078평입보66 65 655964.065.070.22457151751 62018251019 8142421 0 099↗→추13.837.239.714.0643437.138.7 83.6 81.6  0 17 3317   14.10   14.60 4 -4  0HN동55.04341312  .0 5.2 5.2464613 0일반주행보통주행58관 0 4 2     2 1 1①1:23.61¼  -.213.739.614.3 -1 -2  .00 1 2 -2  .0 426271294 6 4 1 21 7 2.01 4.09 2.2 3.6  3.3    3.6    8.2    6.813.22655 1 7 7 1― 1.039.50-1.16 4.7083.2328.4551.4070.1918405430.0050.0066.47 1
20260509토 4130011국640 9 97 3 1강 1141맑음건조 5 511스터닝볼트      카우보이스터닝한 5732.00한암 3 0 0 2 1   77      16500국6김동균최지욱  -1 3 8 8 310 6 0 0 7  0푸르칸43555.078평자상97 84 847286.068.055.32457151751 62018251019 8142421 0 099↗→추13.737.139.713.8663737.240.2 84.7 83.3  0 20 4020   14.10   13.50 2  2  0NN동55.04341312  .0 5.8 5.8404013 0편성만만탄력호전29관 0 8 8     8 8 4④1:24.74     .914.140.714.6  0  1  .00 4 4  0 1.55533756455 4 3 2 33 6 2.05 2.04 3.7 6.1  3.7   17.5   28.0   19.9  .02963 1 7 6 1― 1.440.00 -.68 6.5283.1617.1538.0555.2614294425.5344.5663.04 3
20260425토 31300 9국641 7 47 4 2강 2251맑음건조 3 511스터닝볼트      카우보이스터닝한 5732.00한암 3 0 0 9 1   39      16500국6김동균최지욱  -1 4 7 7 210 5 0 0 6  0푸르칸43455.078하입하43 42 423953.061.047.42457151751 62018251019 8142421      ↗→추13.736.940.214.184 938.037.9 83.1 81.9  0  0 50 0   14.30   13.60 4 -4  1NN동       1312  .3 6.3 6.5333312 0일반주행거리속성37관 0 6 7     7 6 4③1:23.12     .414.138.613.5 -1  3  .00 3 4  1  .41068101770 2 6 5 33 5 1.02 7.01 2.2 3.9  2.2    3.9    6.3    5.5  .02249 1 5 6 1―  .839.90 -.65 4.8283.3514.3530.3447.36142946 9.7821.2831.10 4
20260329일 2130010국620 7 27 5 2강 2252맑음건조 3 511스터닝볼트      카우보이스터닝한 5732.00한암 3 0 0 9 1   72      16500국6김동균최지욱  -1 5 6 6 110 4 0 0 5  0푸르칸43154.578하입보28 31 313342.055.040.82457151751 62018251019 8142421      ↗→추13.736.940.214.1811038.039.0 84.1 83.2  0  0 50 0   13.60   14.70 3  7  0NNUP       1312 -.3 7.3 7.0282812 1일반주행거리속성40관 010 7     7 8 5⑤1:24.1½   1.014.339.613.6  2 -5  .01 5 3  0 1.35167415151 3 8 4 33 4 1.07 3.01 1.5 2.2  1.5   36.6   52.3   59.0  .01536 0 5 5 0―  .440.20 -.48 6.1483.3513.4827.3240.8315294411.2723.9028.38 4
20260308일 1120010국652 9107 6 1강 1151맑음다습14 511스터닝볼트      카우보이스터닝한 6426.00한암 3 0 0 2 1   52      16500국6김동균최지욱  -1 6 5 5 310 3 0 0 4  0푸르칸43654.580하입상54 40 403460.062.045.02457151751 62018251019 8142421      ↗→추13.837.139.714.1591236.340.8 77.2 76.6  0  0 33 0   13.90   14.10 7 -6  0HN동       1210 -.3 7.3 7.0282812 0숨은복병거리탄력65관 1 3 1     1 3 5⑤1:17.21¾  1.113.640.914.7  2  3  .00 5 3 -5 1.567 9917848 6 7 6 21 3 4.0511.02 3.2 6.8  6.1   25.7   50.5   33.612.03138 2 6 7 2―  .938.60 -.90 -.1976.5117.4432.0644.9612264012.0924.8730.41 3
20260117토 2120011국632 8 87 7 1강 1156맑음건조 5 511스터닝볼트      카우보이스터닝한 6426.00한암 3 0 0 2 1  135      16500국6김동균최지욱  -1 7 4 4 210 2 0 0 3  0푸르칸43354.580하입보30 21 212716.043.026.72457151751 62018251019 8142421      ↗→추13.637.239.814.049 837.138.8 76.2 75.7  0  0  0 0   14.00   13.80 7  0  1NN동       1210 1.0 7.0 8.0232312 0일반주행조교부실18관 0 9 5     5 5 4⑤1:16.22    1.413.939.514.1 -3  6  .00 5 8  1 1.63541524538 6 8 5 62 2 1.05 3.08 2.0 4.2  2.0   15.1   17.5   17.9  .01519-1 3 3-1▽ -.438.20 -.50-1.3476.62 6.9615.9826.71 61224 4.2612.9017.65 6
20251129토 2120011국653 6 57 8혼전 4451맑음다습10 511스터닝볼트      카우보이스터닝한 6426.00한암 2 0 0 9 1  15111:00 16500국6김동균최지욱  -1 8 3 3 110 1 0 0 2  0푸르칸42754.080하입보20 16 164215.038.014.32457151751 62018251019 8142421      ↗→추13.636.739.914.087 537.539.2 76.2 76.5  0  0100 0   13.60   14.00 5  3  0LHUP       1210  .0 7.0 7.0212110 2가격혈통부진마필72기 1 9 7     7 7 9⑨1:16.21¾  1.914.039.313.8  2 -8  .00 9 7  0 2.06466647025 5 8 8 60 1 5.01 4.03     4.4  8.2   13.7   32.7   35.8  .02125-1 3 3-1▽ -.939.00  .10 -.0776.39 3.08 7.0314.30 51323 4.44 7.4913.52 7
20251025토 1100012국620 4 27 9 1강 1155흐림건조 5 511스터닝볼트      카우보이스터닝한 6426.00한암 2 0 0 9 1  198      24750국6김동균최지욱  -1 9 2 2 210 2 0 0 1  0조상범43554.058평무하27 35 3556  .041.021.8 928 61751 6201814 019 8132116      ↗→입13.536.638.314.199 136.739.5 63.6 63.9              13.50   14.40 7  3  1BL동       10 0         9.0     0 0숨은복병가격혈통67관 1 6 3     3 4 4⑦1:03.61¼  2.113.639.414.0  0 -5  .00 7 7  2 2.87720906921 610 6 62 2 2.0512.02 1.5 2.3  4.0   35.3   63.4   12.7  .02032 0 3 5 0― -.338.70  .42-11.062.71 5.3212.6621.83 41121 8.3316.6725.00 6
20250906토 1100010국611 4 6710 3강 3355흐림다습12 511스터닝볼트      카우보이스터닝한 6426.00한암 2     1 2  326      24750국6김동균최지욱  -110 1 1 110 1 0 0 0  0조상범44053.556평무보18 35 3530  .028.0 9.7 880 3194210201814 019 8132116      →↗입13.737.338.312.864 136.239.7 63.6 63.6              13.70   13.10 4  0  0NN동       10 0         5.0     0 0일반주행가격혈통31관 0 3 1     1 1 6⑨1:03.6¾   1.713.539.614.4  4 12  .01 9 5  0 1.770 5925929 810 9 91 1 9.07 5.07 1.5 5.7 29.7  113.4  352.4  282.9  .01512-3 2 2-3▼-1.737.90  .40-12.063.09 1.24 4.82 9.68 1 4 810.0920.0934.78 3
20261004일 6140011국5 0 8  8 0혼전 4453           6 1이안퍼스트      컬러즈플경연한질 4934.00한수 3       1    014:00 24750국5함완식안세희  -2 0 5 1 1 0 1 1 0 0  0이동하   54.090기입보56 55 555163.065.036.0325415215210151144 02011252419 05050↗↘선14.237.638.913.21180                   25 50  025   14.60   13.0042 -1  0UU동55.84861412  .0 4.8 4.8525214 0숨은복병휴양불리63기 0 1                            14.6    13.0        .0                      11 1 7 4  1                                            12.73173 2 7 9 2▲ 1.138.90 -.34     88.9311.8923.6135.9812264010.6424.0435.19 4
20251213토 5140011국550 7108 1혼전 4451비  불량20 6 1이안퍼스트      컬러즈플경연한질 4934.00한수 2 0 0 2 5  821      24750국5함완식안세희  -2 1 4 1 1 4 3 1 0 3  0최범현48354.093기입적69 71 715646.047.013.91450 01029 6151128 02011183217 05050↗↗입14.237.738.913.2 88037.438.7 86.9 87.9 33 33  033   14.50   13.60 4 -4 -2UUUP55.84861412 -.3 5.3 5.0474713 1뒷심문제기복전력 5기 0 2 9     7 6 5④1:26.91     .514.138.113.1  1-10  .00 4 3  0  .7136222276811 3 6100 3 5.06 5.10 3.3 6.4  9.3   48.3   84.3  111.3  .02847-1 5 2-1▽ -.338.00  .1711.3089.00 2.62 6.9513.88 2 510 7.3813.2322.46 7
20251116일 2130011국641 9 98 2 2강 2251맑음건조 3 6 1이안퍼스트      컬러즈플경연한질 4934.00한수 2     2 1  120      16500국6함완식안세희  -2 2 3 3 1 4 2 0 0 0  0최범현49356.093하입적 5  5  53610.042.018.2316014215210151128 02011183217 099 0→→입14.138.139.012.8137638.237.7 83.0 82.0  0  0  050   14.30   12.90 9 -5  1NVUP55.54781312  .5 6.5 7.0282812 1교체실패거리속성38기 0 6 9    10 9 5①1:23.0½    .014.538.313.6 -2 14  .00 1 3  0  .01177 5169110 210 63 2 3.02 6.11 3.1 6.0  4.3    6.9   14.6    9.013.42036-2 3 2-2▽ -.638.70  .15 4.9483.35 3.94 9.7118.15 51120 2.68 7.9214.13 5
20250914일 1120011국611 6 68 3혼전 4441맑음다습14 6 1이안퍼스트      컬러즈플경연한질 1925.00한수 2 0 0 2 2  295      24750국6함완식안세희  -2 3 2 2 2 4 1 0 0 1  0최범현47955.593평입상76 77 777041.061.030.03369211167 6151128 02011183217 099 0↘→입14.137.938.212.8139738.542.8 80.3 81.4  0  0  0**   14.20   13.10 6  3  0VU동55.54781212-6.010.0 4.0545412 0최빈거리보통주행44기 111 9    101111⑩1:20.3대차 6.614.342.612.9  7  1  .0010 3 -7 6.799939999 3 9 2 2 50 1 5.02 9.04 1.7 5.0 11.8   19.0   45.2   10.5  .01389 0 6 5 0―  .539.30 -.08 5.2776.12 7.6718.7930.01 61526 9.0116.9613.53 8
20250803일 1120012국651 7108 4혼전 4455흐림건조 3 6 1이안퍼스트      컬러즈플경연한질 1925.00한수 2     1 3  40210:35 24750국6함완식안세희  -2 4 1 1 1 4 1 0 0 0  0박태종47855.561평무보   25 2540  .028.0 8.4 550 32150121511 0 02011192421      ↗→입14.136.738.512.5    37.637.8 76.6 75.7              14.10   12.80        LN동       12 0                 0 0일반주행보통주행44기 1 8 8     6 5 5④1:16.6머리  .914.238.813.1 -6  0  .00 410  0  .93569172855 2 2 5112 1 8.0512.10     5.6 38.2  131.9  387.7  118.0  .01521-3 2 2-3▼-1.538.80 1.05  .5375.61 1.02 3.86 8.38 0 2 4 7.9715.9429.89 8
20261004일 6140011국5 0 8  8 0혼전 4453           6 2통쾌한승자      콘서트투산방미인 7816.00한수 2 0 1   1    014:00 24750국5토니  김영선  -4 0 4 1 2 3 4 1 1 3  1코지     53.087강입보50 63 639580.067.049.5335919295815204043642619233119 099 0↗↘입13.636.440.013.99212                   67 33 67 0   13.60   14.50 5 -1 -2UU동54.54731410  .7 2.7 3.3818114 0승부최상전개최상81기 0 2                            13.6    14.5        .0                       110 2 1  4                                              .06297 4 9 9 4☆ 1.740.00 -.65     88.8623.3438.4249.5219375422.3434.6244.44 1
20260830일 1140010국642 9 48 1혼전 4451맑음다습11 6 2통쾌한승자      콘서트투산방미인 7816.00한수 2 0 1 9 1   72      24750국6토니  김영선  -4 1 3 3 1 3 3 0 1 2  1코지  47354.587우입보64 99 998686.070.053.4335919295815204043642619233119      ↗↘입13.636.540.113.6831536.140.1 88.2 88.4 50  0 50 0   13.60   13.00 3 -5  0HHUP       1410 1.5 3.0 4.5747410 4마주성향승부최상40기 0 3 3     3 2 1①1:28.22    -.413.640.014.5 -1  0  .00 1 2 -1  .028 5703296 3 5 1 12 3 2.05 3.05 2.1 3.9  3.8   15.8   23.5   24.610.54891 4 9 9 4☆ 1.739.30 -.8511.8289.0025.0040.4553.3934536530.3846.9961.27 1
20260808토 1100010국641 5 48 2 1강 1151맑음건조 2 6 2통쾌한승자      콘서트투산방미인        한수 2 0 0 1 1   71      24750국6토니  김영선  -4 2 2 2 2 3 2 0 0 1  0코지  47354.588평입하49 74 748991.074.075.7335919295815204043642619233119      ↗↘입13.436.638.114.0952536.838.1 61.8 62.8  0  0100 0   13.50   13.90 5 -2 -1NH동       1010 4.0 3.0 7.0636310 0교체실패마주성향78기 1 8 6     6 4 2②1:01.810    .013.637.513.0 -1  0  .00 2 3  0 1.74125483177 2 5 3 12 2 2.03 1.08 2.3 3.2  3.1    9.7   16.2   16.8  .04184 3 9 8 3▲ 1.938.40-1.03-11.962.6033.7957.9475.6734536522.6042.0740.43 2
20260704토 1100011국610 7 18 3 2강 2255흐림건조 5 6 2통쾌한승자      콘서트투산방미인        한수 2     1 1   80      24750국6토니  김영선  -4 3 1 1 1 3 1 0 0 0  0코지  47355.588평무보76 25 2578  .072.066.2335919295815204043642619233119      ↗↘입14.236.838.013.3993436.438.9 63.2 63.3              14.20   13.60 4  0  0LL동       10 0         1.0     0 0숨은복병마주성향48기 010 4     4 5 4⑦1:03.2¾    .613.538.913.9  4  5  .00 7 3  0  .75511764263 2 4 5 12 1 8.11 5.03 1.8 3.3 29.5  616.0 1167.1  964.5  .03579 3 7 8 3▲ 1.738.30 -.80-11.662.6533.9753.5666.2437607210.6820.4733.44 7
20261004일 6140011국5 0 8  6 0혼전 4453           6 3가야스타        온이글즈가야공주  942.00한거 4 0 0   1    014:00 24750국5백종수김근영   2 016 7 615 1 1 115  0오수철   53.561평입상50 41 4126 8.040.014.1 733 532711738 0 0175633112215333333↘↗입13.837.040.113.94815                   29 14  7 0   13.60   13.70 6 -3 -2HU동56.04441813 -.8 8.6 7.8303012 0일반주행보통주행71관 1 3                            13.6    13.7        .0                       81110 9  1                                              .01527 0 2 3 0― -.740.10 -.13     89.34 3.47 8.1214.07 2 510 2.13 5.7711.11 9
20260822토 5140011국542 7 96 1혼전 4451비  불량20 6 3가야스타        온이글즈가야공주  942.00한거 4     2 1   98      24750국5백종수김근영   2 115 6 515 1 1 1 0  0김태훈43655.571기무보46 49 491017.040.016.41856 732711738 0 0125633122521333333↗→입13.837.040.113.9501736.939.8 87.7 89.2 31 15  8 0   14.80   11.9023 -2  1NN동56.04441813 -.4 7.0 6.6424212 0일반주행휴양불리47기 0 6 3     3 5 7⑦1:27.71¾  1.513.639.113.7 -4-21  .00 711  0 1.65638635536 610 6 82 2 9.06 4.02 1.8 4.0 37.1  280.4  701.5  149.8  .01525 0 3 3 0― -.739.00 -.1912.1289.34 4.8010.1216.37 2 510 3.6110.7820.28 7
20260314토 6140011국553 5106 2 3강 3351맑음양호 7 6 3가야스타        온이글즈가야공주  942.00한거 4 0 0 2 3  453      24750국5서인석김근영   2 214 5 415 1 1 113  0김아현45754.556기자적35 47 472214.036.010.31099 41842101821 0 01911152013333333↗↘입13.836.940.113.8622238.040.0 91.7 90.5 33 17  8 0   14.10   13.40 5  5  1NN동56.04441813 -.2 5.2 5.0555512 0선행무리기복전력46기 0 8 7     91010⑪1:31.72    2.313.940.614.3  0 -7  .001111  5 3.58590668520 6 9 8110 1 3.02 2.10 2.9 7.9  5.8   12.7   25.5   80.2  .01217-1 2 2-1▽-1.039.30  .0313.4689.28 1.58 4.6910.25 0 2 4 2.65 6.2813.0410
20260207토 6140011국551 6 56 3 3강 3351맑음건조 2 6 3가야스타        온이글즈가야공주  942.00한거 4 0 0 2 1   89      24750국5서인석김근영   2 313 4 315 1 1 112  0김태훈46454.071기자보11 12 1224 8.037.012.31856 71951 9182115121911122521 05050↗→입13.836.940.213.9641737.638.9 90.0 88.9 27 18  9 0   13.90   14.20 8  0  0HUDN57.04351813 -.4 5.2 4.8575712-4일반주행기복전력47기 0 3 1     1 1 3③1:30.01¼   .214.138.813.4 -3  7  .00 3 6 -3  .64875324877 41110111 1 8.01 2.05 2.7 4.7 26.7   31.9   70.2  131.8  .01538 0 2 2 0― -.839.00 -.0811.8189.34 2.78 6.4112.31 0 2 4 2.08 6.3512.29 8
20251214일 7180011국550 7106 4 1강 1152맑음포화18 6 3가야스타        온이글즈가야공주  9     한거 3 0 0 2 1  154      24750국5서인석김근영   2 412 3 115 1 1 111  0이용호45754.063기자적18 20 2010 3.034.011.91652 61951 9182117 01911191820 05050→↘자13.840.541.213.8281939.143.5121.1123.1 30 20  0 0   14.10   14.80 5 -8  0HUUP57.04351813 -.6 4.6 4.0636312 5일반주행기복전력55기 0 3 1 1 1 4 910⑨2:01.11    3.913.942.414.2  0 12  .00 9 9  3 4.697109587 5 611 8100 1 1.06 5.10 2.7 5.3  2.7   34.9   53.9   60.2  .01523-1 2 2-1▽-1.040.90 -.0641.36119.2 1.89 5.6911.90 1 3 8  .12 2.30 5.6010
20251109일 5130011국511 5 66 5혼전 4451맑음건조 3 6 3가야스타        온이글즈가야공주  942.00한거 3 0 0 2 1  139      24750국5서인석김근영   2 511 2 615 8 1 110  0정정희44554.080기자적27 27 2731 7.043.019.01943101951 9182115191911202515 05050→↗입13.837.839.513.8255338.140.6 84.3 84.9 33 22  0 0   13.90   15.00 6 10 -1VUDN57.04351413-1.6 5.6 4.0616112-1숨은복병기복전력68기 111 8     910 9⑨1:24.310   2.414.140.414.8  3 -4  .00 9 6  1 2.6887484901811 9 8100 9 1.07 6.03 1.6 4.9  1.6   18.8   25.0   84.5  .02035 0 3 4 0― -.439.70  .00 7.5883.48 5.2611.1718.99 1 3 6 1.20 4.2610.3111
20250927토 6140011국511 7 66 6혼전 4451맑음다습11 6 3가야스타        온이글즈가야공주  942.00한거 3 0 0 9 2  258      24750국5서인석김근영   2 610 1 215 7 1 1 9  0정정희44954.580기자보76 70 702320.041.014.32350131322 5182115191911202515 05050↘→입13.837.540.013.8142737.141.9 91.1 91.5 33 22  0 0   13.90   13.70 4-10 -3UUUP57.04351413-1.0 6.4 5.4454512 1일반주행기복전력44기 1 1 4     7 810⑩1:31.16    3.813.941.715.0  5  8  .0210 5  2 3.894469595 71011 4 90 8 1.09 2.08 1.4 4.4  1.4   14.0   17.2  307.9  .01524-3 4 2-3▽ -.739.00 -.3914.0489.62 3.39 8.1314.28 1 3 6 5.05 9.9019.17 9
20250831일 2130011국611 9 16 7 1강 1159맑음다습13 6 3가야스타        온이글즈가야공주  942.00한거 3 0 0 9 2  33611:00 16500국6서인석김근영   2 7 9 9 515 6 0 1 8  0정정희44157.080기자보60 63 634372.066.057.52350131322 5182115191911202515 0 099↘→입13.837.939.713.9203737.238.8 81.3 81.7 25 13  0 0   14.00   13.70 4  9  0VNUP57.04281413-1.4 7.6 6.2323212 1최빈거리작전마주80기 111 6     6 4 3①1:21.31    -.213.938.813.7 -2  6  .00 1 3  1  .0 532352191 8 7 1 22 7 3.1011.08     2.7 10.0  303.6  511.1   88.3  .02460 1 7 7 1― 1.438.90-1.26 4.0983.6820.8142.8657.5018385423.2144.9338.71 1
20250802토 2120011국611 9 16 8 1강 1159맑음건조 3 6 3가야스타        온이글즈가야공주  9     한거 3 0 0 1 3  41011:05 16500국6서인석김근영   2 8 8 8 215 5 0 1 7  0정정희43557.077하입상43 53 533178.063.055.32271 9184210182115191911202515 0 099↘↘입13.837.739.314.1122537.338.0 76.8 75.0 14  0  0 0   13.90   13.90 3 -3  0HN동57.04281413 -.4 7.8 7.4181812 0일반주행작전마주41관 1 2 7     8 7 3③1:16.8목    .014.039.113.7  1  7  .00 3 2 -4  .51454222481 5 3 2 23 6 1.04 3.05     2.7  1.4    6.3    8.1    6.1  .02037 0 6 6 0―  .937.60-1.30-1.9776.6219.6039.4055.2520435816.8333.1633.64 2
20250713일 2120011국653 9106 9 3강 3352흐림건조 4 6 3가야스타        온이글즈가야공주  9     한거 3 0 0 2 3  46411:00 16500국6서인석김근영   2 9 7 7 115 4 0 0 6  0정정희42857.077하입상30 25 25 8 9.034.011.32271 9184210182115191911202515      ↘↘입13.837.739.414.3141537.438.3 76.2 75.7  0  0  0 0   13.80   14.10 4 -2  0NLDN       1413-1.0 8.2 7.2232310-1선행무리부진저하72기 0 5 5     7 7 5②1:16.21     .013.939.113.9 -4 -5  .00 2 6  0  .13457323584 9 4 7 83 5 5.06 9.05     6.4  9.2   53.9  137.9 1213.211.212 7-3 2 2-3▼-1.337.80 -.09-1.4076.67 1.19 4.3411.34 1 4 8 2.56 5.6813.4810
20250614토 1130010국630 9 8610 1강 1151맑음건조 3 6 3가야스타        온이글즈가야공주  942.00한거 3     2 3  55410:35 16500국6서인석김근영   210 6 6 415 3 0 0 0  0정정희43357.075하입보 5  5  5 7 5.031.0 7.02271 9184210182115191911202515      ↘↘입13.837.839.914.3241737.739.0 84.1 83.2  0  0  0 0   14.50   14.5018  0  1NLDN       1413 -.8 7.5 6.8262610-1탄력저조보통주행35관 1 7 2     2 3 5⑤1:24.1½   1.613.839.314.1 -1-21  .00 5 6 -5 2.24957414435 6 7 9 81 4 3.02 9.10     3.6  3.6    6.7   11.9    3.4  .013 4-4 1 2-4▼-1.739.30  .09 5.4983.74  .57 2.96 7.00 41118  .84 3.65 6.43 7
20250209일 3140011국650 8 5611 1강 1152맑음건조 4 6 3가야스타        온이글즈가야공주  942.00한수 3 0 0 1 5  91911:25 16500국6서인석김근영   211 5 5 115 2 0 0 4  0정정희45456.075하입하 8  9  930 9.041.017.31140 61946 8182115191911202515      ↗↗입13.837.240.114.3381037.940.6 92.9 91.0  0  0  0 0   14.10   14.90 7  5  1NNUP       1413-1.3 7.7 6.3313110 1일반주행거리부담 1기 1 7 7    101010⑨1:32.96    3.114.541.314.5 -2  5  .00 911  4 3.39186839211 3 7 5 80 3 8.1010.05     3.8 19.3  462.5  819.2  849.6  .01523 0 3 3 0― -.739.10 -.3413.6689.48 4.5710.4717.34 2 510 1.28 3.48 4.4211
20241222일 3130011국650 8 5612 3강 3351맑음양호 7 6 3가야스타        온이글즈가야공주  942.00한수 2 0 0 2 6 105212:05 16500국6서인석김근영   212 4 4 315 1 0 0 3  0정정희44955.085하입보12 15 153910.045.023.22354 4255212182115191911202515      →↗입13.837.439.814.3522238.739.9 86.3 85.2  0  0  0 0   14.00   14.60 5 -8  0HH동       1313-1.5 7.5 6.0363610 0일반주행보통주행 1관 1 2 7     910 7⑧1:26.31½  2.914.141.014.9  1  1  .00 8 7 -1 3.79190708913 5 7 8 50 2 1.02 3.04     2.6  1.7    2.6    4.3   15.1  .01543 0 3 4 0― -.440.20 -.05 7.9683.42 5.4812.9723.20 61526 2.63 7.02 7.99 8
20241117일 1130011국610 7 6613 2강 2255흐림양호 7 6 3가야스타        온이글즈가야공주  942.00한수 2 0 0 2 6 116310:35 24750국6서인석김근영   213 3 3 215 2 0 0 2  0조재로44855.087평입보17 30 303639.052.025.0314122255212182125271911192622      ↘↘입13.737.439.714.3542537.539.8 84.8 84.3  0  0  0 0   13.80   14.40 5  0  0LH동       1310-4.0 8.0 4.0575710 0일반주행작전마주 1관 010 6     5 5 5⑦1:24.84    2.114.040.614.6 -1  7  .00 7 8  1 2.38044666120 6 8 2 52 2 7.04 6.02     3.7 39.6  172.7  527.0  251.9  .02034-2 6 4-2▽  .040.00 -.04 7.1983.35 6.1715.1625.03 82134 6.3013.77 7.3510
20241012토 4130011국651 8 5614 1강 1151맑음건조 3 6 3가야스타        온이글즈가야공주  942.00한수 2 0 0 2 7 127913:10 16500국6서인석김근영   214 2 2 115 1 0 0 1  0조재로44155.081평선상49 35 3528  .052.026.1275615244513182125271911192622      ↘↘입13.537.239.713.2695337.940.2 84.4 84.7  0  0  0 0   13.70   13.50 5  9  0BHUP       1310         4.0    10 3일반주행거리속성 1기 010 4     5 6 7⑧1:24.41    2.513.840.314.4  1  5  .00 8 7 -1 3.78663768017 3 710 42 1 1.02 5.11     4.0  2.6    4.0    6.4    7.1  .01742 0 5 4 0―  .240.30  .05 7.7883.23 6.6615.7026.07 82134 9.8220.9563.22 5
20240908일 11000 9국610 7 1615혼전 4455맑음다습11 6 3가야스타        온이글즈가야공주        한수 2     2 7 135510:35 24750국6서인석김근영   215 1 1 115 1 0 0 0  0정정희43655.085평무보   35 3540  .057.060.8265015244513182115191911202515      ↘→입13.537.137.812.9    37.238.0 64.0 62.9              13.50   13.20        NN동       10 0                 0 0일반주행작전마주 1기 0 1 2     2 3 4④1:04.03     .813.738.813.5 -4 21  .00 4 8  0 1.04638494054 1 1 2 11 1 4.01 7.06     1.8 22.9   10.7   60.6    7.7  .02067 0 6 7 0―  .437.90 -.70-12.062.7124.3644.6960.7619375412.3624.4437.09 1
20261004일 6140011국5 0 8  6 0혼전 4453           6 4베스트프리덤    프리덤차주얼리파 9029.00한수 3 0 0   1    014:00 24750국5박재우박민지   2 012 4 611 2 1 111  0마이아   54.093기입적50 60 606569.072.045.63453132045 9221245 022163533 76733 0↘↗선13.736.839.613.86530                   22 44 2222   13.70   13.70 5  2  0HU동56.54811714 1.0 2.4 3.4737312 0승부최상연대우수64기 0 4                            13.7    13.7        .0                       5 6 4 2  2                                            12.73775 2 8 9 2▲ 1.539.60 -.55     88.8618.3934.4245.6234536518.0929.8142.59 2
20260830일 5140010국552 4106 1 1강 1151맑음다습11 6 4베스트프리덤    프리덤차주얼리파 9029.00한수 3 0 0 9 1   68      24750국5박재우박민지   2 111 3 511 1 1 110  0마이아47354.093기입적88 86 867889.071.060.33453132045 9221245 022163533 76733 0↘↗선13.736.739.713.8722237.338.5 86.8 88.2 25 38 2513   14.30   13.30 6  0 -1UUUP56.54811714 1.0 2.6 3.6646412 2교체실패승부최상 5   0 2 2     2 2 2④1:26.82     .313.737.813.7  2 -4  .00 4 2  0  .91960172071 4 4 1 11 1 3.04 6.04 2.9 6.3  5.1   11.4   24.4  105.312.04595 2 9 9 2▲ 1.839.00 -.9211.7588.8632.8550.0060.2637597130.1048.3164.29 1
20260718토 6120011국554 7106 2혼전 4451흐림불량20 6 4베스트프리덤    프리덤차주얼리파 8924.00한수 3 0 0 2 1  106      24750국5박재우박민지   2 210 2 111 1 1 1 9  0코지  47754.588기입적55 58 586145.061.044.73359192045 9221224 022162331196733 0↗↘입13.736.738.813.8844537.238.4 74.4 75.1 29 29 2929   14.30   14.80 5 -9  1UNDN56.54811714  .4 3.6 4.0626214-5연대우수작전마주 5   0 2 7     7 6 4④1:14.4¾    .314.337.713.3  2 -2  .00 4 2 -2  .81750363571 4 6 5 20 1 7.0411.09 2.3 6.2 17.2   69.3  172.5  261.6  .03263 0 6 7 0―  .838.60 -.18 -.4275.7816.2130.9344.6720435818.1825.1934.98 2
20260613토 4170011국552 8106 3 3강 3351맑음건조 3 6 4베스트프리덤    프리덤차주얼리파 9029.00한수 3 0 0 2 1   97      24750국5박재우박민지   2 3 9 1 111 1 1 1 8  0서승운47954.087기입적71 73 735357.050.017.62336122045 92212 03822162826166733 0↗→선13.739.241.613.8831938.742.6113.8114.0 29 29 1414   13.90   14.20 4  4 -3VUUP56.54811714  .8 4.6 5.4454514 3일반주행연대우수 5   011 3 3 3 2 2 5⑧1:53.8½   1.214.341.914.8  4 -5  .01 8 4  3 2.159 5835946 310 5 81 1 1.03 8.03 2.9 7.3  2.9    8.9   14.6    8.212.13760-2 6 4-2▽ -.242.00  .2633.22113.6 3.53 9.8317.64 2 714 9.1718.2628.01 5
20260517일 21400 8국610 9 16 4 1강 1151맑음건조 3 6 4베스트프리덤    프리덤차주얼리파 9029.00한수 3 0 0 2 1   69      16500국6박재우박민지   2 4 8 8 411 1 0 1 7  0장추열48457.093평자보42 41 415978.070.076.33049122045 92212323122162027225050 0↘↗입13.736.839.913.8641536.438.6 89.1 87.1 17 17 1717   13.90   14.00 5  0  0NV동56.34801413  .8 4.6 5.4454514 0일반주행최적거리74기 1 7 1     1 1 1①1:29.15    -.813.939.614.2  0-11  .00 1 1  0  .0 21319 398 2 6 6 11 1 1.03 7.08 1.4 3.4  1.4    3.8    4.6    7.0  .03686 3 8 8 3▲ 1.538.70-1.5210.4089.0733.4259.0876.3134536521.2540.5161.51 2
20260411토 2140011국631 7 36 5 1강 1159흐림다습14 6 4베스트프리덤    프리덤차주얼리파 9029.00한수 3 0 0 2 1  102      16500국6박재우박민지   2 5 7 7 311 2 0 1 6  0임기원49557.089기자보62 73 736587.069.073.71838 82045 92212251422162333165050 0↘↗입13.736.939.913.8541536.939.7 88.7 88.6 17 17  017   13.70   13.20 5 -3  1NV동56.34801413  .2 5.8 6.0343414 0일반주행작전마주36기 0 7 5     4 3 3③1:28.78    1.413.939.614.0  2  6  .09 3 1 -1 2.13740605339 3 2 1 12 2 3.02 2.01 1.5 2.7  5.2    7.8   15.7    2.6  .02065 0 7 6 0― 1.538.90-1.5311.8289.1433.9159.3473.7337597141.2766.1790.00 1
20260307토 3140011국612 9 66 6 3강 3358맑음포화17 6 4베스트프리덤    프리덤차주얼리파 9029.00한수 3 0 0 2 1  103      16500국6박재우박민지   2 6 6 6 211 1 0 0 5  0임기원48956.589하자보28 29 295343.064.052.61838 82045 922122514221623331699 0 0↘↗입13.836.940.014.053 637.038.4 88.4 87.8  0  0  0 0   13.50   13.90 5  8  0BVUP56.04701413  .2 5.8 6.0343410 1일반주행보통주행78기 110 4     4 4 3②1:28.4½    .013.738.713.2  0 14  .00 2 2 -3  .11046171391 2 6 4 32 1 3.02 6.10 1.7 5.3  8.1   17.5   38.4   11.6  .01863 0 6 7 0―  .938.80-1.0410.8789.2119.9736.6952.6312264016.3631.9345.08 3
20260201일 2130011국631 5 86 7혼전 4451맑음건조 2 6 4베스트프리덤    프리덤차주얼리파 9029.00한수 3 0 0 1 1   82      16500국6박재우박민지   2 7 5 5 311 1 0 0 4  0조한별47556.560하자하14 18 1827 9.033.0 9.81427102045 922122213221612211899 0 0↗↘입13.937.239.813.9671337.140.1 82.7 83.3  0  0 25 0   13.90   14.90 4 -2  0UVDN56.04701413  .0 6.0 6.0333310-1탄력저조보통주행27기 0 2 3     4 5 5⑥1:22.7½   1.413.539.613.9  1  6  .00 6 5  2 2.25627766237 4 610112 3 2.01 4.01 1.7 3.5  4.7    3.5    9.8    4.6  .01321-1 2 2-1▽-1.239.90  .43 6.3483.29 1.40 5.30 9.80 0 2 4 1.89 4.39 9.0511
20260104일 2140011국631 9 86 8 1강 1156흐림다습12 6 4베스트프리덤    프리덤차주얼리파 9029.00한수 3 0 0 1 1   7211:00 16500국6박재우박민지   2 8 4 4 111 2 0 0 2  0루이스46956.565하추상50 48 485468.064.053.02143102045 9221221 0221619261799 0 0↗↘입13.836.840.113.1611936.741.4 91.6 90.0  0  0 33 0   13.70   13.60 2 -5  1HVUP56.04701413 -.7 7.0 6.3343410 1일반주행작전마주37기 0 4 4     5 6 6⑤1:31.67    1.813.942.214.9  2 -1  .00 5 3 -4 3.37933918931 4 4 2 22 2 1.02 8.01     3.7  1.7    3.8    6.1   40.0  .02465 1 6 5 1― 1.139.30-1.0413.0589.2117.0234.7652.9520435815.0526.1445.24 3
20251221일 3130012국651 2106 9혼전 4451맑음포화16 6 4베스트프리덤    프리덤차주얼리파 9029.00한수 2 0 0 2 1   3111:25 24750국6박재우박민지   2 9 3 3 211 1 0 0 2  0루이스47056.065하추보 5  5  515 9.032.010.32143102045 9221221 02216192617      ↗↘입13.637.539.913.1472737.039.2 81.6 82.7  0  0  0 0   13.60   13.90 3  6  0LH동       1310 -.5 7.0 6.5212110 0일반주행거리속성45기 0 9 3     1 2 2⑥1:21.6½    .713.738.813.6 -1-12  .00 6 7  1  .83021472558 9 6 9 91 1 1.03 6.05     8.9  3.4    8.9   13.6   28.7  .01522-3 2 2-3▼-1.339.50  .19 5.3083.55 1.12 4.0710.32 1 4 8 1.83 4.59 6.0311
20251130일 11300 9국632 3 8610 3강 3351흐림다습10 6 4베스트프리덤    프리덤차주얼리파 9029.00한수 2 0 0 9 1   77      24750국6박재우박민지   210 2 2 111 2 0 0 1  0조한별48256.060하추보28 24 241911.037.012.91427102045 9221222132216122118      ↗↘입13.938.039.613.1174537.541.0 83.9 84.7  0  0  0 0   13.90   13.10 5 -6  0HHUP       1310-3.0 8.0 5.0303010 3신마혈통거리속성47기 0 3 6     8 9 8⑧1:23.94    2.713.640.813.9  2 11  .00 8 6 -2 3.38547898811 7 5 5 80 2 2.09 1.06 1.6 3.3  4.9  213.2  407.2  287.412.24427 0 3 3 0― -.839.50 -.02 7.0683.68 2.44 6.2912.90 1 510 3.57 9.4711.36 8
20251025토 1100012국620 4 2611 1강 1155흐림건조 5 6 4베스트프리덤    프리덤차주얼리파 8924.00한수 2     9 1  198      24750국6박재우박민지   211 1 1 111 1 0 0 0  0조한별47156.062평무보93 35 3569  .052.029.01427102045 9221222132216122118      ↗↘입14.838.437.312.2109938.038.1 63.2 63.5              14.80   12.40 4  0  0LL동       10 0         8.0     0 0일반주행신마혈통49기 1 9 6     6 8 7⑤1:03.21    1.713.938.013.1 -3 -7  .00 5 8  0 2.4677354662911 610 53 1 2.0512.02 1.5 2.3  4.0   35.3   63.4   12.7  .03745 0 5 6 0―  .236.80 -.20-12.263.15 8.7319.1628.98102033 8.3316.6725.00 9
20261004일 6140011국5 0 8  7 0혼전 4453           6 5킹스파이시      카우보이매치퀸   5732.00한수 3 0 0   1    014:00 24750국5서인석고재완   0 0 8 2 5 7 1 1 1 7  0김태훈   56.071기입보50 58 583727.047.018.11856 71951 9182115 019111225215050 0↗→입13.836.839.514.06437                   33 33  033   13.70   13.00 8 -5  2NN동55.84611414 -.8 4.0 3.2676714 0부중유리기복전력80기 0 5                            13.7    13.0        .0                       6 5 6 7  2                                              .03145 0 5 5 0― -.239.50  .25     88.80 3.7510.2918.07 2 714 5.3213.4623.15 7
20260809일 6140011국511 7 67 1 1강 1151흐림건조 2 6 5킹스파이시      카우보이매치퀸   5732.00한수 3 0 0 1 1  138      24750국5서인석고재완   0 1 7 1 4 7 1 1 0 6  0우인철46254.574평입상82 82 825970.056.034.22048101951 9182130 01911112823 099 0↗↘입13.836.939.814.0583437.237.6 87.7 86.9 20 20  020   13.70   13.60 6 -1 -3LU동57.04601414 -.8 5.8 5.0535314 0교체성공탄력호전38기 010 1     1 1 1②1:27.72½   .013.738.013.0  0  2  .00 2 2 -1  .4 251 3 390 4 8 2 31 1 1.02 9.10 1.7 4.1  1.7    4.1    5.8   12.3  .03078 0 7 5 0―  .538.60 -.4110.2289.07 8.8822.6434.2015294415.6929.6344.61 3
20260627토 3140011국650 7107 2 3강 3352맑음건조 4 6 5킹스파이시      카우보이매치퀸   5732.00한수 3 0 0 9 1   98      16500국6서인석고재완   0 2 6 6 3 7 1 0 0 5  0김태훈46057.071평입보66 68 685368.063.046.21856 71951 9182115 01911122521      ↗→입13.936.940.014.2571936.938.6 88.3 87.7  0 25  0 0   14.00   14.80 8  6  0NN동       1413 -.5 6.5 6.0434314 0선행무리탄력호전67기 011 6     5 4 1①1:28.3½   -.113.738.913.6 -2 -8  .00 1 3  0  .0 837211291 2 6 2 22 1 3.0611.03 3.610.3  5.5   20.9   40.0   30.112.13162 2 7 6 2― 1.038.70 -.8510.7789.2119.3034.1446.2018405423.3332.1742.54 1
20260502토 3140010국640 9 47 3 1강 1151흐림건조 3 6 5킹스파이시      카우보이매치퀸   5732.00한수 3 0 0 1 1  138      16500국6서인석고재완   0 3 5 5 2 7 4 0 0 4  0조재로46857.088하입하38 41 414037.056.031.83453141951 9182125291911192622      →↘입14.037.040.014.2481536.740.0 90.5 88.5  0  0  0 0   13.80   14.80 7 -4  1NN동       1413 -.7 7.7 7.0363613 0일반주행탄력호전39기 0 5 3     2 2 2③1:30.53     .614.040.914.8  0 -3  .00 3 3  1 2.32928665366 5 8 7 51 4 1.02 6.11 2.2 3.7  2.2    3.7    5.7    6.9  .01531 0 5 5 0―  .538.80 -.5511.5089.28 8.7120.8231.75 71728 5.8117.1129.17 5
20260315일 2140011국650 8107 4 3강 3357흐림양호 6 6 5킹스파이시      카우보이매치퀸   5732.00한수 3 0 0 2 1  135      16500국6서인석고재완   0 4 4 4 1 7 3 0 0 3  0조재로47156.588하입보37 37 373961.066.050.43453141951 9182125291911192622      →↘입14.037.240.014.2361736.640.3 90.6 89.0  0  0  0 0   13.70   14.00 8  1  0NNUP       1413  .5 8.0 8.5181813 1숨은복병거리부담60기 0 9 3     2 2 2⑥1:30.61     .813.840.914.8  4  3  .01 6 2 -5 1.04722756057 6 6 6 11 3 8.01 6.04 3.1 8.7 22.6   22.6   72.7   54.111.83251 2 6 7 2― 1.238.70-1.1411.8089.4124.5940.2350.3737557017.0232.8147.95 3
20260118일 2130010국652 3107 5혼전 4451흐림건조 5 6 5킹스파이시      카우보이매치퀸   5732.00한수 3 0 0 2 1  145      16500국6서인석고재완   0 5 3 3 2 7 2 0 0 2  0조재로46856.588하입보23 17 173416.042.017.13453141951 9182125291911192622      →↘입14.137.439.814.4581737.339.4 82.1 82.9  0  0  0 0   14.10   14.10 5  1  1NN동       1310  .5 8.0 8.5181813 0일반주행부진마필 5기 0 8 5     5 4 3④1:22.1¾    .413.739.114.0 -3  2  .00 4 7  2 1.74237554567 7 4 9 82 2 1.02 3.06 2.2 5.4  2.2    7.9   10.9   77.8  .01520-1 3 3-1▽ -.739.60  .11 5.7383.42 4.6010.2417.12 2 714 4.4912.7016.95 9
20251213토 2130010국620 7 27 6혼전 4451비  포화16 6 5킹스파이시      카우보이매치퀸   5732.00한수 2 0 0 2 1  107      24750국6서인석고재완   0 6 2 2 1 7 1 0 0 1  0조재로46656.088하무보15 10 1026 6.032.0 6.63453141951 9182125291911192622      →↘입16.238.839.113.1 39337.240.4 82.5 83.5  0  0  0 0   16.20   13.4011  1  1NNUP       1310  .011.011.0121210 3숨은복병거리속성84기 1 7 8     4 4 6⑥1:22.51¾  2.014.139.714.1  1  8  .00 6 5 -6 2.6633182732510 5 7 82 1 2.0110.04     2.0  2.5    2.0    4.5    4.0  .02024-4 2 2-4▼-1.538.40 -.04 5.5883.87  .49 2.51 6.59 41118 1.98 4.2310.91 7
20250927토 1100012국630 3 87 7 3강 3355맑음다습12 6 5킹스파이시      카우보이매치퀸   6426.00한수 2     9 2  263      24750국6서인석고재완   0 7 1 1 1 7 1 0 0 0  0정정희45855.581평무보41 25 2530  .029.010.02350131322 5182115 01911202515      ↘→입15.838.937.412.6 19939.237.3 63.7 64.1              15.80   12.90 4  0  0LL동       10 0         5.0     0 0일반주행우수혈통34기 0 612    121210⑪1:03.71    2.716.237.113.4  0 10  .001111  0 2.8829424751212 4 9100 1 1.06 9.11 2.7 6.2  2.7   19.7   26.5   20.2  .015 9-4 2 2-4▼-1.736.40  .05-12.263.48 1.39 5.46 9.96 0 2 4 9.0217.8927.03 6
20261004일 6140011국5 0 8  9 0혼전 4453           6 6대비마마        에어포스미스아델 1822.00한암 3 0 0   1    014:00 24750국5정하백우태율   1 0 6 2 2 5 1 1 1 5  0안드레   52.576기무적50 50 507435.060.031.12339 52550172033 0 026193528 450 050→↘선13.636.739.313.06773                   50 50 5025   13.60   15.70 5 -4 -1NUUP55.05102012-1.8 7.3 5.5494914 1연대우수작전마주80기 0 6                            13.6    15.7        .0                       2 2 8 6  1                                            12.73273 2 6 7 2△  .839.30  .10     88.59 9.0219.5131.11 81729 6.3816.3524.07 6
20260830일 4130010국542 7 99 1 3강 3351맑음다습11 6 6대비마마        에어포스미스아델 1822.00한암 3 0 1 9 1   69      24750국5정하백우태율   1 1 5 1 1 5 4 1 1 4  1코지  50353.587기무보86 74 747070.063.047.633591925501720332947261923311950 050↗↘입13.636.939.113.0788036.942.9 84.3 86.0 50 50 5025   13.70   13.80 6  7 -2VUDN55.05102012-2.3 9.3 7.0333314-1숨은복병연대우수64기 010 6     5 5 8⑨1:24.37    3.913.642.215.7  6 -8  .01 9 3  2 4.396189896 7 4 4 3 30 4 2.04 2.07 2.5 4.6  3.3    7.9   14.6    6.712.13746 0 7 6 0―  .740.90 -.0110.0282.6516.6034.1847.6414294620.0036.6051.06 3
20260718토 3140011국620 9 79 2 1강 1151흐림불량20 6 6대비마마        에어포스미스아델 1822.00한암 3 0 0 2 1  109      16500국6정하백우태율   1 2 4 4 1 5 3 0 1 3  0코지  51155.087기추보 5  6  64316.048.020.0335919255017203329472619233119 0 099↗↘입13.337.339.413.0316536.539.3 87.9 87.6 33 33 3333   13.30   18.60 5  0  0UNDN55.05092012-2.3 9.3 7.0333312-6마방기습작전마주 5   0 3 1     1 1 1①1:27.92    -.413.739.313.8  0  3  .00 1 1 -9  .0 817431996 5 311 61 3 1.02 3.04 2.3 4.4  2.3    4.4    7.1   17.9  .03135-1 4 4-1▽  .038.30 -.0510.9289.07 4.7711.9720.04 41121 5.4814.1221.58 6
20260614일 8200010국612 9 19 3혼전 4451흐림건조 3 6 6대비마마        에어포스미스아델 21     한암 3 0 1 2 1   83     275000국6정하백우태율   1 3 3 3 1 5 2 0 1 2  1코지  50855.088기추적35 53 534023.049.027.5335919255017203329472619233119 0 099↗↘입14.040.141.713.0 73038.447.8140.8138.7 50 50  050   14.20   13.20 8 -7  0UNUP55.05092012-3.5 9.0 5.5505012 8마방연대마방기습 5   0 3 2 2 2 2 510⑩2:20.8대차 7.913.349.018.6  0 -1  .001010  2 8.099119999 71010 6 50 2 4.0110.05 1.7 3.0  8.9    7.0   25.9    5.9  .03042-2 4 4-2▽ -.240.10-1.1756.90133.0 7.2917.4327.51 61224 4.3110.5714.1910
20260418토 1120010국634 8 39 4 1강 1151맑음건조 5 6 6대비마마        에어포스미스아델 2121.00한암 3 0 0 2 1  162      16500국6정하백우태율   1 4 2 2 2 5 1 0 0 1  0코지  50955.088하무보 6  6  615 5.034.015.3335919255017203329472619233119      ↗↘입14.037.840.014.215 337.937.7 76.4 75.2  0  0  0 0   14.00   14.5010 -2  1HN동       1212-1.010.0 9.0141412 0마방연대마방연대89기 110 7     8 8 6②1:16.46     .014.238.313.2 -6  3  .00 2 8 -2  .92180133279 7 7 7 83 1 3.08 6.10 1.5 3.1  5.0   92.4  159.8  509.9  .03036-4 2 4-4▼-1.337.50 -.60-2.5777.06 1.12 5.3515.34 41121 1.14 4.55 6.56 8
20260207토 1120012국621 7 79 5혼전 4455맑음건조 2 6 6대비마마        에어포스미스아델 2121.00한암 3     2 1  199      24750국6정하백우태율   1 5 1 1 1 5 1 0 0 0  0정정희50654.080평무보 6 25 2511  .030.0 6.4194310255017203325332619202515      →↗입14.238.139.813.4 4 137.640.8 78.1 78.2              14.20   13.70 4  0  0NL동       12 0         7.0     0 0일반주행마방연대40관 012 8     8 9 9⑨1:18.1목   2.614.040.714.5 -1 -5  .00 910  0 3.5926791931610 6 9 90 1 1.06 5.04 1.5 2.7  1.5   10.4   13.1   47.8  .02218-4 2 3-4▼-1.638.10 -.40  .3177.12 1.00 2.03 6.40 2 510 8.3316.6725.1512
20261004일 6140011국5 0 8  9 0혼전 4453           6 7제축산지로      섀클포드엘로퀀트 6526.00한거 3 0 0   1    014:00 24750국5이신우제주축산99 0 8 3 4 7 1 1 1 7  0루이스   54.065우입적50 59 595632.048.018.02143102060 81950 0 01914192617 06733↗↘입14.036.939.714.16725                   50 17 1717   14.30   14.80 3 -2  1NNDN57.05301814-1.0 4.0 3.0696914-3탐색주행연대우수65기 0 7                            14.3    14.8        .0                       7 8 5 8  1                                              .03762 0 5 5 0― -.239.70  .06     89.00 3.7210.2518.01 41118 4.2612.5019.44 8
20260912토 6170011국510 8 69 1 3강 3352맑음건조 3 6 7제축산지로      섀클포드엘로퀀트 6526.00한거 3 0 0 2 1   37      24750국5이신우제주축산99 1 7 2 2 7 3 1 1 6  0마이아53753.593기입보23 41 415056.068.055.43453132060 8195037 019143533 7 06733↘↗선14.039.441.414.1752739.041.7114.1113.7 50 17 1717   13.80   13.60 8  4 -1NUDN57.05301814 -.4 4.4 4.0595914-1연대우수기복전력60조 0 9 3 3 3 4 3 4⑨1:54.11¾  1.614.341.814.8  8  0  .09 9 1 -4 1.75714684636 4 7 7 10 3 2.05 2.05 2.3 6.8  6.7   18.2   51.4   34.910.94179 3 7 8 3▲ 1.541.70 -.5932.90113.624.0642.3455.4037557010.4526.3940.91 4
20260718토 5180010국541 4 99 2혼전 4454흐림불량20 6 7제축산지로      섀클포드엘로퀀트 8927.00한수 3 0 0 2 1  147      24750국5이신우제주축산99 2 6 1 1 7 2 1 1 5  0마이아53754.093기입상43 58 585468.063.044.83453132060 8195037 019143533 7 06733↘↗선14.040.241.014.2511239.540.8117.9119.9 60 20 2020   14.00   14.40 3 -3 -3NUUP57.05301814 -.4 4.4 4.0595914 4연대우수연대우수 5   0 5 2 2 2 5 4 4④1:57.92½   .613.839.713.6 -1  5  .00 4 5  3 1.86823573560 410 2 12 2 1.02 4.08 3.0 6.3  3.0    6.4   10.0   27.1  .03769 1 8 7 1▲  .940.90 -.6638.70119.017.6932.5844.7534536519.7227.8842.38 2
20260628일 3140011국652 8109 3 1강 1151맑음건조 3 6 7제축산지로      섀클포드엘로퀀트 6526.00한수 3 0 0 9 1   48      16500국6이신우제주축산99 3 5 5 3 7 1 0 1 4  0마이아53257.093하입보33 73 736285.079.062.03453132060 8195037 019143533 7 05050↘↗선14.137.239.814.2461336.639.3 88.5 87.6 50  0  025   13.90   14.80 4 -3  0NN동57.05301714 -.3 5.0 4.8505014 0신뢰마주연대우수64기 0 8 7     4 4 3①1:28.51½  -.214.039.814.4 -1 -4  .00 1 2  0  .0 517441992 4 3 5 12 1 2.05 8.10 2.8 6.6  3.6   16.1   25.7   25.2  .04190 3 8 8 3▲ 2.438.40-1.3410.5689.2834.9751.2862.0437597121.1735.2048.03 2
20260531일 3140011국610 9 19 4 2강 2258맑음양호 7 6 7제축산지로      섀클포드엘로퀀트 6526.00한수 3 0 0 9 1   48      16500국6이신우제주축산99 4 4 4 2 7 1 0 0 3  0푸르칸53657.078하입하46 64 646191.073.081.52457152060 8195026 01914142421 0 099↗→추14.537.439.614.2411337.039.6 91.1 89.1 33  0  033   14.40   12.90 3  4  0VNDN57.05231713 -.3 6.0 5.7383814-3뒷심문제신뢰마주29기 011 3     4 3 1②1:31.1머리  .013.940.714.8  0 10  .00 2 2 -1  .05043544890 5 1 2 12 1 3.02 3.11 1.4 2.6  9.3   23.3   60.4  154.8  .03577 3 8 8 3▲ 1.738.60-1.8412.1089.2840.9465.5981.4537607250.0088.3786.25 1
20260509토 11700 9국642 9 49 5 1강 1159맑음건조 5 6 7제축산지로      섀클포드엘로퀀트 6526.00한수 3 0 0 2 1   60      16500국6이신우제주축산99 5 3 3 1 7 2 0 0 2  0송재철52657.076하추적33 61 618483.073.096.51745 82060 81950 0 01914192520 0 099→→입14.440.541.013.0 97639.444.5116.8115.4 50  0  050   14.50   13.30 3  2  0NNUP57.05231713-1.5 7.5 6.0424214 3걸음늘어신뢰마주53기 0 7 4 4 4 5 4 5⑤1:56.84    1.714.644.115.1  2  3  .00 5 3 -5 3.08726969534 8 1 1 12 2 2.01 3.02 2.2 2.6  3.5    2.6    5.7   32.1  .04181 3 8 7 3▲ 1.740.90-1.9033.87114.143.1976.2896.4737557045.8378.1091.23 1
20260419일 31400 9국621 9 79 6 1강 1159맑음건조 4 6 7제축산지로      섀클포드엘로퀀트 6526.00한수 3 0 0 2 1   49      16500국6이신우제주축산99 6 2 2 1 7 1 0 0 1  0송재철52357.076하무보 5  5  520 7.029.0 9.31745 82060 81950 0 01914192520      →→입14.437.540.914.722 138.238.1 91.0 89.0  0  0  0 0   14.40   15.00 4 -4  1NNUP       1413 2.0 7.0 9.0101013 1신뢰마주거리부담82기 2 5 6     7 7 6③1:31.01½   .214.539.013.3 -5 -1  .00 3 8  1  .74893104076 8 9 9 83 1 3.04 7.03 1.6 3.1 10.9   41.8   80.2  301.5  .02617-4 1 2-4▼-1.738.40 -.8110.6090.24 1.11 4.57 9.27 2 510 2.56 8.6018.63 8
20260321토 1130011국630 8 39 7혼전 4451맑음양호 6 6 7제축산지로      섀클포드엘로퀀트 6526.00한수 3     2 1   84      24750국6이신우제주축산99 7 1 1 1 7 1 0 0 0  0김정준52456.075평무보   25 2540  .044.015.11434 92060 8195021111914132026      ↗↗추14.437.539.614.6    37.941.6 85.7 85.3              14.40   14.90 4  0  0LL동       13 0                 0 0일반주행신뢰마주44기 0 910     9 7 8⑨1:25.7목   3.014.441.915.0  2 -5  .00 9 7  0 3.39264949512 2 2 9 70 1 4.0111.02 2.4 2.8 19.3   21.6   77.9   14.513.22850-1 4 4-1▽ -.640.10  .24 8.1783.35 3.21 7.8115.09 41118 9.0217.5337.39 6
20261004일 6140011국5 0 8  6 0혼전 4453           6 8파이널질주      에치드  제이원   28     한암 6 0 0   1    014:00 24750국5임채덕럭키     0 016301535 5 2 335  0조상범   52.557평입보50 41 4119 9.037.0 9.6 928 6 856 31014 514 7 0132116135038↗→입14.037.239.913.73827                   17 17  717   14.20   14.30 4  5 -2NHUP53.95001814-1.6 9.4 7.8303012 1일반주행보통주행56기 0 8                            14.2    14.3        .0                      10 9 910  8                                              .01512-1 2 2-1▽-1.039.90 -.04     89.34 1.32 4.30 9.55 1 4 8 2.13 4.8110.1911
20260906일 6130010국542 5 96 1혼전 4451맑음양호 6 6 8파이널질주      에치드  제이원   28     한암 6 0 0 1 1   47      24750국5임채덕럭키     0 11529 635 4 2 334  0조상범50254.057기입보12 10 10 5 4.031.010.4 928 6 856 31014 514 7 0132116135038↗→입14.037.439.513.7554537.839.3 82.7 82.9 17 17  717   14.40   13.90 3 -5 -1HN동53.95001814-1.8 9.4 7.6272712 0노쇠부진기복전력54기 0 3 5     6 4 7⑩1:22.7코   1.514.239.314.3  0 -9  .001010  3 1.63859515536 6 810 90 7 2.03 6.05 2.1 4.0  4.5    9.1   18.5   49.2  .012 6-1 1 1-1▽-1.139.60  .49 5.9583.23 1.67 4.4910.44 1 3 8 1.45 4.05 8.7510
20260817월 41300 9국522 6 26 2 2강 2255흐림다습13 6 8파이널질주      에치드  제이원   28     한암 6 0 0 2 1   48      24750국5임채덕럭키     0 21428 535 3 2 333  0조상범51155.057기입적23 27 2728 7.038.019.4 928 6 856 31014 514 7 0132116135038↗→입14.037.239.613.7693738.139.9 83.6 84.2 18 21 1414   14.40   13.30 3 -2  2NN동53.95001814-1.6 9.4 7.8323212 0일반주행기복전력 5   0 8 6     7 7 8⑦1:23.63    3.314.439.413.9  0 11  .00 7 7 -3 4.17873697910 6 7 4 60 6 1.02 4.05 1.8 1.2  1.8    1.2    2.0    3.6  .01523 0 2 2 0― -.640.10  .30 7.3683.16 4.1810.4119.42 51120 1.20 4.7913.33 5
20260725토 5130010국552 6106 3혼전 4451맑음다습10 6 8파이널질주      에치드  제이원   28     한암 6 0 0 9 1   36      24750국5임채덕럭키     0 31327 435 2 2 332  0조상범50053.057기입적14 13 1327 7.033.0 8.0 928 6 856 31014 514 7 0132116145729↗→입14.037.239.613.8723738.638.5 82.1 83.3 19 19 1515   14.00   14.10 2  3 -2VH동54.15001814 -.2 8.4 8.2282812 0일반주행기복전력71기 11010    10 9 8⑤1:22.12½   .714.438.213.3 -5 -2  .00 510  1  .9518824566110 711103 5 1.03 1.06 2.9 5.5  2.9    6.4   12.0    7.0  .01519-1 1 1-1▽-1.239.90  .61 6.4883.16  .97 4.16 7.98 0 2 4  .79 3.33 7.8511
20260711토 5130010국541 6 96 4 2강 2251맑음다습14 6 8파이널질주      에치드  제이원   28     한암 6 0 0 2 1   36      24750국5임채덕럭키     0 41226 335 1 2 331  0조상범50255.057기입보 6  9  933 6.036.016.1 928 6 856 31014 514 7 0132116145729↗→입13.937.239.513.7724537.639.8 82.7 83.6 19 19 1219   13.80   14.50 2 -1  4NNDN54.15001814 -.8 8.0 7.2404012-1일반주행기복전력58기 0 7 6     6 5 5⑦1:22.7코   1.914.039.514.1 -2 -2  .00 7 9 -2 2.06354676727 3 8 9 82 4 3.01 6.04 3.1 7.5  4.5    8.1   18.0   33.8  .01522 0 2 2 0― -.840.00  .45 6.8783.10 4.01 8.7516.13 1 4 8 2.67 4.9712.55 8
20260628일 4140011국553 4106 5혼전 4451맑음건조 3 6 8파이널질주      에치드  제이원   28     한암 6 0 0 9 1   27      24750국5임채덕럭키     0 511251435 1 2 330  0조성환50451.053기입보22 22 2211 7.032.0 8.8 718 6 856 31014 0 0 7 0 91720145729↘→추14.037.039.813.7543037.241.0 89.8 90.4 20 20 2420   14.20   14.50 2  7 -1NU동54.15001814-1.0 7.0 6.0494912 0일반주행기복전력22관 0 8 8     8 7 9⑩1:29.8¾   2.213.841.014.5 -1 -2  .001011  1 2.28249878619 81010110 1 1.03 4.06 2.8 5.4  2.8    3.4    5.7    8.1  .01513 0 1 1 0▽-1.239.20  .1813.5889.14 1.11 4.64 8.83 0 2 4 1.15 4.1510.3811
20260613토 3140011국554 6106 6혼전 4451맑음건조 3 6 8파이널질주      에치드  제이원   28     한암 6 0 0 2 1   18      24750국5임채덕럭키     0 610241335 1 2 329  0권중석50651.566기입하39 39 393411.038.0 9.31341 6 856 31014 0 0 7 0191818145729↘→선13.936.839.713.7673437.540.2 90.4 90.0 21 21 1721   14.00   15.30 2 -2 -5UU동54.15001814-2.4 7.0 4.6626214 0일반주행기복전력21관 0 1 8     7 7 9⑨1:30.4¾   2.014.240.414.5 -1  1  .00 910  3 2.97569707825 41011100 1 2.0110.07 3.3 6.6  4.0    6.6   13.0    8.1  .01525-2 3 2-2▽-1.039.30  .3713.4588.93 1.31 4.17 9.31 1 4 8 2.63 6.8712.75 9
20260530토 6140011국514 8 66 7 1강 1131맑음양호 7 6 8파이널질주      에치드  제이원   28     한암 6 0 0 9 1   35      24750국5임채덕럭키     0 7 9231235 1 2 328  0조상범50556.557기입적52 51 512011.040.019.0 928 6 856 31014 514 7 0132116145729↗→입13.936.839.813.7663436.441.5 91.0 89.7 22 22  922   14.10   14.60 6 -7  0HL동54.15001814-2.0 7.0 5.0575714 0숨은복병기복전력65기 1 3 8     6 6 6⑧1:31.0½   1.714.042.115.3  1 -4  .00 8 7  2 2.06912918232 6 6 4 82 3 2.04 9.07 2.3 7.6  5.8   25.2   40.5   33.3  .02018-1 3 4-1▽ -.639.30  .0413.1489.00 5.0210.9718.97 2 714 3.57 9.7016.85 6
20260419일 4140010국551 8 56 8 1강 1151맑음건조 4 6 8파이널질주      에치드  제이원   28     한암 6 0 0 2 1  108      24750국5임채덕럭키     0 8 8221135 2 2 327  0코지  50956.587기입적71 77 776468.066.044.7335919 856 3101417 0 7 0233119145729↗↘입13.936.739.813.6743437.439.7 90.7 89.2 23 27  918   14.10   13.70 3  9  2VB동54.15001814-2.0 6.6 4.6606014 0교체성공기복전력60관 110 5     4 4 5⑦1:30.71½  1.214.140.414.6  2  3  .00 7 5 -2 1.55162576346 4 8 3 32 2 1.02 7.09 3.1 4.5  3.1    4.5    9.1   10.0  .03063 1 7 6 1― 1.139.30 -.5912.6588.9316.0630.4644.6818405412.5022.3338.91 3
20260328토 4140011국553 6106 9 1강 1151맑음건조 3 6 8파이널질주      에치드  제이원   28     한암 6 0 0 9 1   60      24750국5임채덕럭키     0 9 7211035 1 2 226  0코지  50655.087기입적46 53 534832.054.026.5335919 856 3101417 0 7 0233119175033↗↘입14.036.839.613.5674537.438.6 88.4 88.3 19 19  519   13.90   13.70 2 -3 -1UN동53.94991812-1.8 6.6 4.8565614 0일반주행기복전력34관 0 1 3     4 3 3②1:28.45     .014.138.713.7 -5  0  .00 2 7  1  .82465232983 6 7 5 52 1 3.0711.01 3.1 7.9  4.7   25.6   36.7   21.5  .01872 0 5 5 0―  .339.00 -.0211.9288.86 7.5116.6726.47 61526 2.9010.3617.60 7
20260315일 3140010국550 610610혼전 4458흐림양호 6 6 8파이널질주      에치드  제이원   28     한암 6 0 0 2 1   29      24750국5임채덕럭키     010 620 935 2 2 225  0조상범50656.057기입적70 73 735058.057.036.5 928 6 856 31014 514 7 0132116204040↗→입14.037.039.613.5564937.139.0 89.5 88.7 20 25  515   14.00   14.10 4 -2  2HB동53.54981812-2.2 7.2 5.0494914 0기습선행기복전력34관 0 4 4     3 3 3④1:29.51     .613.939.213.7 -2  4  .00 4 6 -4  .63746353164 3 7 1 32 2 3.02 8.03 2.3 5.2  7.2   17.6   38.8   14.5  .03843 0 7 5 0―  .538.90 -.4112.1189.0012.8425.4336.4514294617.8632.5944.16 2
20260214토 5140011국552 9 5611혼전 4459맑음건조 3 6 8파이널질주      에치드  제이원   28     한암 6 0 0 2 1   69      24750국5임채덕럭키     011 519 835 1 2 124  0조상범50254.057기자적12 11 1123 7.037.018.4 928 6 856 31014 514 7 0132116 05050↗→입14.037.039.813.5553736.638.7 89.1 87.4 16 16  016   14.20   15.6010  1 -1NN동53.44971812-1.2 7.0 5.8414112 0일반주행기복전력41관 0 6 1     1 1 1②1:29.1½    .014.039.714.1 -8  8  .00 210  5  .1 521271092 7 9 9 91 1 7.10 5.06 2.3 4.6 14.5  150.9  379.5  519.3  .01526 0 2 4 0― -.938.60 -.0510.5589.14 5.5610.4918.38 2 510 2.08 6.9614.56 9
20251207일 51400 9국541 7 4612 1강 1151맑음양호 9 6 8파이널질주      에치드  제이원   28     한암 5 0 0 1 1  199      24750국5손영표럭키     012 418 735 3 2 123  0이혁  49455.078기자적19 16 1626 5.040.014.92258 8 0   010 010 012 7282118 05050↗↘선14.037.139.813.5493737.142.9 92.9 92.3 16 21 1116   14.70   15.70 4  1  1NLDN53.44971812-1.2 6.8 5.6404012-4선행무리기복전력 5기 0 5 5     6 6 9⑨1:32.912   4.614.243.215.6  4 -8  .09 9 5  1 4.897509898 6 7 4 9 82 5 1.06 8.07 1.8 3.4  1.8   10.9   17.3   14.5  .01220-1 2 2-1▽ -.839.50 -.0415.4089.21 3.20 7.7414.93 41118  .88 3.81 8.30 7
20251108토 6180011국551 810613혼전 4459흐림건조 3 6 8파이널질주      에치드  제이원   2834.00한암 5 0 0 2 1  149      24750국5손영표럭키     013 317 535 2 2 122  0이혁  50254.077기자적 5  4  4 9 6.038.022.02258 8 0   010 010 012 7282118 05050↗↘선14.040.341.313.5381339.744.1123.1121.8 16 16 1621   14.20   15.20 3 -3  0HN동53.44971812-1.6 8.4 6.8323212 0교체실패기복전력77기 1 4 2 2 2 2 2 7⑨2:03.11¾  3.314.743.615.7  5 -6  .09 9 4 -3 3.69330969511 41010 61 4 6.01 5.09 2.6 5.6 16.4   16.7   56.2   97.1  .02024-1 3 2-1▽ -.741.00 -.2540.17119.2 6.7714.5121.95 51120 4.00 6.7215.15 8
20251019일 5180011국510 6 6614혼전 4451맑음포화17 6 8파이널질주      에치드  제이원   2834.00한암 5 0 0 2 2  205      24750국5손영표럭키     014 216 435 1 2 121  0이혁  50854.080기자적 5  9  91910.039.013.51335 5 899 310 010 012 7282118 05050↘↗선14.040.541.213.5301939.444.3121.7123.6 17 17 1122   14.10   14.30 5  1  0NN동53.44971812-2.6 9.0 6.4383812 0교체실패기복전력44기 0 7 6 710101010⑩2:01.73    3.114.243.315.2  3  2  .0010 7  4 3.89819979511 8 911 90 3 1.02 2.04 1.8 6.1  1.8    6.1    7.5    9.7  .02032-1 3 3-1▽ -.841.00 -.1041.85119.2 3.26 7.3213.50 1 4 8 3.13 8.0012.87 9
20250913토 6180010국540 3 9615혼전 4459맑음포화17 6 8파이널질주      에치드  제이원   2834.00한암 5 0 0 2 2  30017:25 24750국5손영표럭키     015 115 335 1 2 120  0장추열50654.093기입적 9 14 143137.061.055.3335117 899 310 013 012 7202722 05050↗↘입13.940.541.113.5252239.041.3117.7120.2 18 18  624   14.50   14.20 4 -4  1NN동53.44971812-2.4 9.0 6.6404012 0착차만회기복전력66기 0 6 1 1 1 1 1 2⑤1:57.72     .814.140.114.3  2  0  .00 5 3 -4 1.47410723954 6 9 5 11 1 2.05 1.04     7.4  4.5   20.2   34.8   64.612.72972 2 6 7 2△  .940.60-1.0038.57119.224.3241.8955.3134536513.1632.9947.46 2
20261004일 6140011국5 0 8  7 0혼전 4453           6 9화이트잭팟      한센    스위트시 5830.00한거 3 0 1   1    014:00 24750국5리카디이강운   1 0 5 2 2 4 1 1 1 4  1조한별   54.060우입보50 62 627472.061.037.31427103553133637 0 037251221185050 0↗↘입13.836.739.413.47745                   67 67 3333   13.90   13.00 5  6  0LUUP57.04671413 -.3 3.7 3.3797913 1전개최상승부최상82기 0 9                            13.9    13.0        .0                       4 3 3 3  1                                              .05593 4 9 9 4▲ 1.239.40 -.13     88.6614.7327.1637.25 9223513.8329.8144.44 3
20260829토 61300 9국520 3 77 1 1강 1151맑음다습12 6 9화이트잭팟      한센    스위트시 5830.00한거 3 0 1 9 1   77      24750국5리카디이강운   1 1 4 1 3 4 1 1 1 3  1정정희47954.080우입상81 87 879391.066.063.31943103553133637292937252025155050 0→↗입13.836.939.313.4894937.738.7 81.0 82.8 67 67 3333   13.80   12.90 6 -5 -3HU동57.04671313  .0 4.5 4.5707013 0전개최상전개최상62기 0 3 5     6 6 7⑤1:21.01¾   .513.937.813.0  3 15  .02 5 2  0  .83756313264 1 7 1 12 2 3.06 2.06 2.7 2.8  7.5   85.3  211.9  180.5  .04296 3 9 9 3★ 1.440.10 -.54 6.6182.7830.1251.4063.2637557038.8267.4675.55 1
20260719일 3130010국650 8 57 2혼전 4451흐림포화16 6 9화이트잭팟      한센    스위트시 5830.00한거 3 0 1 2 1   99      16500국6리카디이강운   1 2 3 3 2 4 2 0 1 2  1빅투아46457.091우입적97 99 999684.070.074.030521335531336374230372522281799 0 0→→선13.836.840.113.9962237.238.2 81.7 81.8 50 50 50 0   13.70   14.00 3  7  0LU동57.04691312  .0 4.5 4.5707013 0승부최상전개최상 5   0 8 5     4 3 1①1:21.74    -.713.838.312.9 -1 -5  .00 1 2 -3  .0 93315 896 110 2 12 2 2.01 8.01 2.1 4.4  4.6    4.4   10.9   10.510.55998 4 9 9 4☆ 1.840.00-1.27 4.8883.2334.8259.3574.0319375422.8941.3050.94 1
20260627토 2130011국650 5107 3 2강 2251맑음건조 4 6 9화이트잭팟      한센    스위트시 5830.00한거 3 0 0 9 1   59      16500국6리카디이강운   1 3 2 2 1 4 1 0 0 1  0빅투아46957.091평입보36 60 605489.070.061.5305213355313363742303725222817      →→선13.837.240.213.9742236.539.7 82.1 82.1  0  0  0 0   14.10   14.30 4 -8  0HHUP       1312 3.0 4.0 7.0555512 1마방연대승부최상70기 0 1 2     1 1 1②1:22.12½   .013.739.614.0 -3 -2  .00 2 5  1  .512 5602182 2 9 6 21 1 7.05 4.01 2.9 6.4 17.3   84.4  189.4  623.1  .04592 3 8 9 3▲ 1.639.60-1.25 4.7183.5526.6648.1261.5419375427.9346.0856.25 2
20260531일 2120011국641 9 47 4 3강 3357맑음양호 7 6 9화이트잭팟      한센    스위트시 7425.00한거 3     9 1   49      16500국6리카디이강운   1 4 1 1 1 4 1 0 0 0  0정정희47157.080평무보72 25 2568  .051.037.5194310355313363729293725202515      →↗입14.437.039.413.0933437.039.4 78.3 76.3              14.40   13.30 4  0  0LL동       12 0         2.0     0 0일반주행마방연대46기 0 9 6     5 4 5⑦1:18.3코    .914.140.514.3  3 -3  .00 7 4  0 2.25836696056 5 3 8 42 1 2.0911.10 2.3 3.5  3.3  130.8  174.7   73.6  .02250 0 5 6 0―  .038.60 -.48 -.1076.2810.2023.5737.51 92235 9.4019.6441.34 8
20261004일 6140011국5 0 8  4 0혼전 4453           610에클레어        섀클포드레인스터 6526.00한암 5 0 0   1    014:00 24750국5서홍수제이엘피 0 016 4 624 2 1 123  0김아현   52.558평무보50 40 4020 8.036.0 9.5 967 01951 82410 0 0261715201399 0 0→→입13.837.039.613.95013                   10 15 1025   14.20   13.80 2  0  0LHUP52.74701813-2.4 9.6 7.2272712 1일반주행단기승부43기 010                            14.2    13.8        .0                       9 71111 10                                              .01510-1 2 1-1▽-1.039.60  .28     89.00 1.31 4.29 9.52 0 2 4 2.13 5.7711.1110
20260919토 6130011국522 4 74 1 1강 1151맑음건조 2 610에클레어        섀클포드레인스터 6526.00한암 5 0 0 2 1   16      24750국5서홍수제이엘피 0 115 31324 1 1 123  0김아현45152.558평자상19 19 1921 4.033.0 9.8 967 01951 82410 0 0261715201399 0 0→→입13.837.139.313.9743438.139.4 83.0 83.6 11 16 1126   14.10   13.70 4  6  1BN동52.74701813-2.2 9.2 7.0292912 0일반주행급신장세59기 010 7     8 8 8⑧1:23.02    1.114.239.013.8 -2  0  .00 810  2 2.16574526746 9 6 9110 9 1.09 1.07 1.8 5.4  1.8   25.4   33.1  171.3  .01512-3 1 2-3▼-1.140.10  .80 7.2382.90 1.54 4.27 9.77 1 3 6  .78 2.42 5.8211
20260823일 51300 8국552 5104 2 1강 1151맑음포화16 610에클레어        섀클포드레인스터 6526.00한암 5 0 0 2 1   67      24750국5서홍수제이엘피 0 214 21224 1 1 122  0김옥성45152.058평자보 5  4  4 9 4.027.010.5 6 0 61951 8241022 0261714161899 0 0→→추13.837.139.413.9733038.339.2 81.7 83.2 11 17 1128   13.70   15.10 9  2 -1VHDN52.74701813-1.6 9.4 7.8242412-3능력한계보통주행 5   0 4 7     7 7 7⑤1:21.7머리 1.214.138.813.7 -3 -4  .00 5 8 -1 1.25282466943 5 7 8 80 1 1.04 3.02 3.0 5.5  3.0    6.6   12.1    7.1  .013 6-3 1 1-3▼-1.540.00  .74 6.7282.97 1.26 4.6510.45 1 511 1.11 3.21 7.72 8
20260620토 71600 9국412 7 64 3혼전 4451비  불량20 610에클레어        섀클포드레인스터 6526.00한암 5 0 0 2 1  165      33000국4서홍수제이엘피 0 313 1 124 7 1 121  0김아현45552.558기선적17 10 1015 5.029.0 5.2 967 01951 82410 0 0261715201399 0 0→→입13.736.640.113.7511236.642.2103.8105.3 12 18 1224   13.90   14.80 3  0  0NHUP52.74701813-2.0 9.6 7.6282812 2발길대로기복전력 5기 0 2 3   3 4 6 8⑧1:43.8½   3.513.741.415.1 -1 -4  .00 8 9 -2 3.79260939511 5 610102 8 1.05 1.10 1.7 4.9  1.7    6.5    9.6   47.0  .012 1-4 2 1-4▼-1.740.10  .4028.58103.4  .48 2.19 5.16 1 4 8 1.23 4.30 8.6010
20260530토 6140011국514 8 64 4 1강 1151맑음양호 7 610에클레어        섀클포드레인스터 6526.00한암 5 0 0 9 1   55      24750국5서홍수제이엘피 0 412 4 524 6 1 120  0김아현45952.558기자적 6  6  6 9 3.033.011.1 967 01951 82410 0 0261715201399 0 0→→입13.837.139.613.6411936.940.8 91.0 89.8 13 13 1319   14.00   14.70 3  1  0HH동52.74701813-1.2 9.2 8.0242412 0숨은복병기복전력66기 1 2 7     9 9 8⑦1:31.02½  1.713.941.414.8 -4  0  .00 711  1 2.07035847832 9 411110 7 2.04 9.07 2.3 7.6  5.8   25.2   40.5   33.3  .02011-3 2 1-3▼-1.239.00  .1913.0589.07 1.75 6.4611.11 0 2 5  .12 2.42 5.6210
20260509토 7140010국552 7 54 5혼전 4451맑음건조 5 610에클레어        섀클포드레인스터 6526.00한암 5 0 0 2 1   54      24750국5서홍수제이엘피 0 511 3 424 5 1 119  0김아현45952.558평자상29 29 293110.037.010.8 967 01951 82410 0 0261715201399 0 0→→입13.737.139.613.6391937.740.6 91.3 91.0 13 13 2013   14.50   12.80 5-10  0UHUP52.74701813-1.4 9.4 8.0303012 2일반주행탄력호전 5   0 1 4     8 9 9⑧1:31.36    3.014.040.914.7 -2 -4  .00 810  2 3.59077818813 7 8 8110 6 4.02 5.08 2.5 5.0  7.2   10.6   24.1   23.7  .01522-1 3 2-1▽-1.039.30  .1914.2889.07 1.69 5.1110.76 1 4 8 3.03 8.2112.16 8
20260404토 5120011국544 7 94 6 1강 1153맑음양호 7 610에클레어        섀클포드레인스터 6222.00한암 5 0 0 1 1  100      24750국5서홍수제이엘피 0 610 2 224 4 1 118  0김아현46352.559평무보18 14 14 4 3.028.0 8.3 967 01951 82410 0 0261715201399 0 0→→입13.737.638.813.9182739.237.1 76.8 76.2 14 14 21 7   14.90   14.30 3  3  0VHDN52.74701813-1.210.0 8.8202014-5발길대로부진마필37기 01111    111110⑦1:16.8¾    .914.537.512.8 -1 -4  .00 7 8 -1 1.25599 4605510 410113 5 1.03 6.04 1.7 5.0  1.7    5.9    7.9    9.3  .0 6 1-4 1 1-4▼-1.638.00  .38 -.2476.28 1.43 2.77 8.30 1 3 6  .12 2.88 6.8211
20260315일 6170011국452 5104 7 1강 1156맑음양호 6 610에클레어        섀클포드레인스터 6526.00한암 5 0 0 2 1   47      33000국4서홍수제이엘피 0 7 9 1 224 3 1 117  0김아현46752.558기무적 9  2  2 5 2.026.0 5.2 967 01951 82410 0 0261715201399 0 0→→입13.739.341.413.8751340.541.5114.2114.4 15 23 2323   14.00   14.80 8  5  2LNDN52.74701813 -.8 9.8 9.0161614-1능력한계기복전력54기 0 8 7 7 8 8 910⑨1:54.26    2.114.941.514.3  0  3  .00 9 9 -1 2.37478637824 4 711110 4 2.07 1.02 3.4 5.9  3.7   25.5   43.0   25.6  .012 1-4 1 1-4▼-1.741.90  .6133.74113.6  .47 2.29 5.22 1 3 6  .12 1.35 5.1711
20260117토 7180011국551 6104 8 1강 1141맑음건조 5 610에클레어        섀클포드레인스터 8927.00한암 5 0 0 2 1  151      33000국5서홍수제이엘피 0 8 815 124 2 1 116  0김아현46451.057기무보 5  4  4 1 4.031.0 4.0 967 01951 82410 0 0261715201399 0 0→→입13.740.640.713.4182738.642.7119.9120.2 17 25 1725   13.90   13.20 5  1 -1HUUP52.74701813 -.6 8.6 8.0282814 5발길대로기복전력 5   0 3 2 2 2 4 4 7⑦1:59.95    1.914.042.714.8 -3 -7  .00 710  1 2.477 490672710 6 9112 3 2.01 6.01 2.9 5.2  3.1    5.2    9.3    9.5  .012 1-4 1 2-4▼-1.940.50  .2438.89119.0  .29 1.33 4.01 2 510  .88 2.84 6.98 9
20251214일 6130010국533 3 84 9혼전 4451맑음포화18 610에클레어        섀클포드레인스터 6526.00한암 4 0 0 2 1   92      24750국5서홍수제이엘피 0 9 7141124 1 1 115  0김아현47152.058기무적 5 11 1123 6.031.0 9.3 967 01951 82410 0 0261715201399 0 0→→입13.737.539.313.5414138.339.7 82.7 84.7 18 27  936   15.10   12.90 2 -1  0HUDN52.74701713-1.2 8.2 7.0373714-1최빈거리기복전력40기 0 2 5     9 9 9⑨1:22.71    2.813.938.813.2  0  9  .00 9 9 -2 3.18883678211 7 910100 2 3.05 7.05     4.6  4.2   24.4   56.3   16.8  .01210-2 1 1-2▽-1.440.00  .58 7.9183.16 1.93 3.93 9.25 1 4 8 2.27 4.5211.03 9
20251130일 5140011국513 7 6410 1강 1157흐림다습10 610에클레어        섀클포드레인스터 6526.00한암 4 0 0 9 1   73      24750국5서홍수제이엘피 010 613 324 1 1 114  0푸르칸46252.078기선보 5  6  63115.043.025.22457151951 8241019 0261714242199 0 0↗→추13.737.139.613.9401338.838.6 90.1 89.8 20 20 2020   14.90   15.50 3 -1  0HUUP52.74701713-1.0 7.4 6.4444414 1숨은복병기복전력64기 0 311    111111⑧1:30.1¾   1.415.138.812.9 -3  0  .00 811  0 2.47398227640 6 511 43 1 1.06 2.06 1.3 5.1  1.3    7.8   11.2   18.0  .02049 0 4 5 0― -.239.00 -.1813.1189.07 6.2415.7325.24 71728 5.63 8.8119.43 8
20251109일 5130011국511 5 6411혼전 4451맑음건조 3 610에클레어        섀클포드레인스터 6526.00한암 4 0 0 2 1  139      24750국5서홍수제이엘피 011 5121024 1 1 113  0이용호46252.064기선적14 13 1340 9.039.012.01652 61951 8241021 0261719182099 0 0→↘자13.737.339.513.9582540.241.9 87.6 88.2 22 22 2222   13.80   14.90 6 -4  0VU동52.74701713-1.0 7.0 6.0464614 0일반주행기복전력49기 0 411    111111⑪1:27.69    5.714.941.715.5  0 -3  .001111  3 5.999999599 3 8 811110 5 1.07 6.03 1.6 4.9  1.6   18.8   25.0   84.5  .01528-1 3 4-1▽ -.841.00  .5011.3883.16 2.86 6.3511.98 0 2 4 2.41 5.3212.3710
20250927토 5130011국542 3 9412 1강 1151맑음다습11 610에클레어        섀클포드레인스터 6526.00한암 4 0 0 9 2  25916:35 24750국5서홍수제이엘피 012 411 924 1 1 112  0김아현46552.058기선적40 31 3127 2.034.0 9.91150 61125 52410 0 0261715201399 0 0↘→입13.737.439.313.9533437.641.6 84.9 85.8 25 25 2525   13.60   13.90 2  2  0NU동52.74701713 -.8 6.8 6.0505013 0일반주행기복전력 5   0 8 3     5 8 9⑩1:24.97    3.713.841.314.9  2  5  .0010 8  4 3.895489493 5 7 7 8100 1 2.03 1.03     4.6  4.3    9.1   18.1   41.8  .01512-2 1 1-2▽-1.340.30  .62 9.1483.10  .89 3.61 9.89 1 4 8  .12  .82 3.5511
20250914일 31300 9국511 1 6413혼전 4451맑음다습14 610에클레어        섀클포드레인스터 6526.00한암 4 0 0 2 2  29311:25 24750국5서홍수제이엘피 013 310 824 6 1 111  0김효정46052.077기선적17 18 1831 9.038.013.41642 51125 5241018 0261720221799 0 0↘↗선13.737.439.513.9532537.239.6 82.1 83.6 25 25 2525   13.70   14.90 4 -3  0NU동52.74701713  .0 7.4 7.4353513 0일반주행기복전력72기 1 6 3     3 5 7⑧1:22.12    2.313.639.113.9  4 -5  .05 8 4  0 2.36332614816 5 4 8 72 6 3.02 1.05     3.9  7.5   16.0   30.7   51.0  .01521-1 3 1-1▽ -.939.80  .41 6.7283.23 2.62 6.2513.39 41118 2.02 5.1310.06 7
20250817일 4130011국534 7 3414혼전 4451맑음양호 8 610에클레어        섀클포드레인스터 6526.00한암 4 0 0 2 2  37612:45 24750국5서홍수제이엘피 014 2 9 724 5 1 110  0김효정46552.077기선적46 50 503137.054.029.91642 51125 5241018 0261720221799 0 0↘↗선13.737.439.413.9513036.541.5 83.9 84.2 25 25 2525   13.60   13.70 5  7  0LU동52.74701713 -.8 7.6 6.8434313 0착차만회기복전력 5   0 9 2     2 5 6⑧1:23.95    1.713.741.514.9  4 -5  .09 8 4  0 2.079 5938032 7 6 7 52 5 1.08 2.06     2.9  2.0   54.6   77.8   33.3  .02537 0 5 5 0―  .339.90  .00 7.4483.1610.0520.4629.85 81729 6.0217.5828.87 5
20250712토 41300 9국531 3 8415 2강 2251맑음건조 5 610에클레어        섀클포드레인스터 6526.00한암 4 0 0 2 3  47113:45 24750국5서홍수제이엘피 015 1 8 624 4 1 0 9  0김효정47052.072평무상21 21 2126 8.038.016.2244416244713241018 0261720221799 0 0↘↘선13.837.439.313.9483737.338.3 82.0 82.0 14 14 2914   13.70   14.30 4 -5  0HUDN53.04711713 -.8 8.4 7.6333314-1최빈거리거리난점46기 0 2 2     2 2 1②1:22.0목    .013.638.413.7 -2 -1  .00 2 4 -3  .01037181183 7 6 8 81 4 3.04 8.02     5.1  3.7   16.9   33.1   17.2  .0 912-2 2 2-2▽-1.039.40  .45 5.2583.10 2.90 8.0216.21 2 714 2.08 6.6313.69 8
20261004일 6140011국5 0 8  8 0혼전 4453           611머니무브        메디치글엘러벨   9421.00한수 3 0 1   1    014:00 24750국5조현수지앤지스 0 0 6 3 3 5 6 2 1 5  1푸르칸   57.078우입보50 64 646164.060.031.32457151244 7 9 025 0 9 3142421 07525↗→추13.836.739.513.67034                   60 60 20 0   13.90   13.50 7 10  3VL동55.35081413 -.8 3.4 2.6787814 0숨은복병최적거리84기 011                            13.9    13.5        .0                       3 4 1 5  6                                            12.72963 2 8 7 2▲  .839.50 -.03     88.73 9.0619.6331.28 5132312.7723.0834.26 5
20260817월 5140010국550 8108 1 1강 1151흐림다습13 611머니무브        메디치글엘러벨   9421.00한수 3 0 1 2 1  109      24750국5조현수지앤지스 0 1 5 2 2 5 5 1 1 4  1푸르칸52454.078우입보83 83 837781.061.038.12457151244 7 9 025 0 9 3142421 06733↗→추13.836.739.713.7732236.938.6 88.4 87.8 50 50 25 0   13.70   13.60 7 -1  1UN동55.75021413 -.5 3.5 3.0747414 0신마혈통최적거리 5   0 1 3     3 1 1①1:28.42    -.313.938.813.5 -2 21  .00 1 3 -3  .01036221394 2 9 5 42 5 3.01 1.07 2.6 8.2  6.9    9.5   21.9   16.012.04476 2 7 7 2△  .839.00 -.3311.3988.8612.1325.0638.14 9223514.1029.8640.91 4
20260627토 4140011국553 4108 2혼전 4451맑음건조 4 611머니무브        메디치글엘러벨   9421.00한수 3 0 1 9 1  117      24750국5조현수피닉스   3 2 4 1 1 5 4 1 1 3  1푸르칸50353.578우입보79 88 888579.062.032.42457151244 7 9152526 9 3142421 05050↗→추13.836.739.813.7761536.839.2 87.4 88.2 67 67 33 0   13.80   13.90 8 -7 -4UUUP56.85021413 -.7 2.7 2.0767613 1숨은복병신마혈통69기 0 2 8     5 4 5⑥1:27.4½    .413.739.013.6  0  1  .00 6 6  5  .61930422667 3 9 3 32 4 5.04 8.07 4.0 7.8  8.5   25.5   63.6  264.510.53772 2 8 8 2▲ 1.039.10 -.2411.7088.9311.7521.9832.38 9223518.8731.8643.94 1
20260502토 2130011국651 9 58 3 3강 3351흐림건조 3 611머니무브        메디치글엘러벨   9421.00한수 3 0 1 1 1  139      16500국6조현수피닉스   3 3 3 3 3 5 3 0 1 2  1푸르칸50257.078우입보68 86 867578.064.059.22457151244 7 9152526 9 3142421 0 099↗→추13.837.239.513.8713036.840.2 83.9 82.6 50 50  0 0   13.80   14.40 6  1  1BV동56.55021313-1.0 3.5 2.5666613 0부중유리작전마주43기 0 9 7     5 4 4①1:23.91½  -.313.840.913.9  0 -5  .00 1 1 -2  .02712775295 6 1 1 32 3 1.02 9.06 2.0 4.8  2.0    4.8    7.3    7.7  .03165 0 8 5 0▲  .839.80 -.73 5.9383.1022.7943.1259.2414294625.3743.8464.19 2
20260321토 1130011국630 8 38 4혼전 4451맑음양호 6 611머니무브        메디치글엘러벨   9421.00한수 3 0 1 2 1  126      24750국6조현수피닉스   3 4 2 2 2 5 2 0 1 1  1푸르칸50756.078강추보99 99 998266.067.041.82457151244 7 9152526 9 3142421 0 099↗→추14.437.838.913.1388037.040.5 83.8 83.4100100  0 0   14.40   13.10 7  6 -1BU동56.55021313-2.0 4.0 2.0858513 0착차만회작전마주69기 0 8 4     5 3 4③1:23.86    1.113.840.814.4  0  5  .00 3 3 -1 1.45621836948 8 4 2 42 2 4.0111.02 2.4 2.8 19.3   21.6   77.9   14.510.52577 1 7 7 1△ 1.239.40 -.27 6.7183.1015.4929.4141.83 92235 8.2018.3315.72 3
20260131토 1130011국612 8 18 5 1강 1159맑음건조 2 611머니무브        메디치글엘러벨   9421.00한수 3     9 1  136      24750국6조현수피닉스   3 5 1 1 1 5 1 0 0 0  0푸르칸50256.578평무보66 25 2524  .035.017.92457151244 7 9152526 9 3142421      ↗→추14.538.438.712.2 19937.838.3 82.8 81.8              14.50   12.40 4  0  0NL동       13 0         4.0     0 0일반주행거리속성 5기 2 2 8     8 7 4②1:22.8¾    .014.438.913.1 -2-14  .00 2 4  0  .1 86220268810 3 7 93 1 1.04 9.02 1.5 3.0  1.5    5.9    8.7   51.7  .01520-3 3 3-3▼-1.338.40  .15 4.7183.35 2.90 8.8117.90 2 510 9.0218.2635.98 3
20261004일 7120011국4 4 5  5 0 1강 1151           7 1컴플리트브로    피스룰즈포트스덕 6323.00한거 5 0 0   1    014:50 33000혼4강성오장석영   0 014 2 413 7 2 213  0임기원   52.588우선보50 68 689069.061.038.51838 82554112223272127 82333168020 0↘↗입13.836.838.413.67276                   50 60 4010   13.90   13.70 7 -3  0UHDN54.44811714 -.2 4.0 3.8757513-2전개최상가격혈통78기 0 1                            13.9    13.7        .0                       5 3 3 2  7                                              .03470 0 7 7 0―  .838.40  .19     75.6112.6525.5338.4820435816.6729.2542.86 2
20260815토 9140010국454 6105 1혼전 4451흐림건조 3 7 1컴플리트브로    피스룰즈포트스덕 3333.00한거 5 0 0 2 1  125      33000국4강성오장석영   0 113 1 513 6 2 212  0임기원47452.589우도보89 95 959477.063.037.71838 82554112223272127 82333168020 0↘↗입13.736.539.513.5834537.339.0 88.6 88.6 56 67 4411   13.30   14.30 4  0  0HH동54.44811714  .0 3.4 3.4767613 0선행실패전개최상 5   0 4 5     6 6 6⑥1:28.6½    .813.939.313.7  1 -2  .00 6 5  2 1.23358343759 2 6 1 32 6 2.07 3.07 2.7 6.0  4.3   64.4  111.7  399.510.54283 3 8 8 3▲ 1.139.30 -.0912.5888.5913.7925.7937.7312264016.8228.7039.54 3
20260719일 8140011국543 7 95 2혼전 4451맑음다습14 7 1컴플리트브로    피스룰즈포트스덕 3333.00한거 5 0 0 2 1   43      33000국5강성오장석영   0 212 4 413 5 2 211  0임기원47652.589우선적53 47 478744.059.037.31838 82554112223272127 82333168020 0↘↗입13.836.639.513.6814136.240.1 87.3 88.2 63 75 2513   13.30   14.10 4  1  0HH동54.44811712 -.8 3.4 2.6767613 0편성탐색보통주행 5   0 4 1     1 1 2⑤1:27.3코    .013.339.914.3  2 -2  .00 5 3  1  .320 8703989 3 6 7 41 5 4.05 2.05 3.4 7.2  5.1   17.4   40.8  113.4  .02973 1 6 6 1―  .739.20 -.1312.1188.6612.2425.7637.34102236 8.7015.5425.08 6
20260620토 6140011국544 2 95 3 1강 1151비  불량20 7 1컴플리트브로    피스룰즈포트스덕 3333.00한거 5 0 0 2 1   75      33000국5강성오장석영   0 311 3 313 4 2 210  0임기원47852.589우선하92 95 957367.050.021.61838 82554112223272127 82333168020 0↘↗입13.836.539.613.6843736.740.9 87.7 89.9 38 63 38 0   13.80   13.40 7 -2  1HN동54.44811712 -.8 3.2 2.4797914 0일반주행최적거리 5   0 3 2     4 4 8⑨1:27.71    3.013.340.014.1  7  2  .09 9 2  0 3.27223867710 4 7 4 60 4 8.01 5.01 2.4 5.1 23.7   23.3  103.8   63.0  .01559 0 5 4 0― -.139.60  .2713.8088.66 4.8712.9121.61 41118 8.0716.6126.62 5
20260503일 5140010국454 8105 4혼전 4451비  다습10 7 1컴플리트브로    피스룰즈포트스덕 3333.00한거 5 0 0 1 1  126      33000국4강성오장석영   0 410 2 213 3 2 1 9  0임기원47652.089기도적75 83 839078.072.047.51838 82554112223272127 82333167525 0↘↗입13.736.539.413.5844936.738.9 87.4 87.9 29 43 57 0   14.30   14.50 4 -5  1NNDN55.04831712 -.8 3.2 2.4797913-3직전탐색기복전력58기 0 5 2     2 2 2②1:27.42½   .013.838.613.4  0  0  .00 2 2  1  .41128291589 2 4 3 11 3 5.02 1.05 3.1 7.6  7.1   12.1   27.0   12.110.63780 3 8 9 3▲ 1.739.20 -.2611.9888.5221.9536.9547.4937607214.2925.8138.79 4
20260405일 8170011국452 5105 5혼전 4451맑음양호 6 7 1컴플리트브로    피스룰즈포트스덕 3333.00한거 5 0 0 1 1   66      33000국4강성오장석영   0 5 9 1 313 2 2 1 8  0임기원47651.589우선적94 90 906473.062.053.11838 82554112223272127 82333167525 0↘↗입13.739.141.213.5905339.341.4112.5113.3 43 43 57 0   14.40   13.50 5  4  1BN동55.04831712-2.4 4.6 2.2828213 0전개선전거리속성 5   010 3 3 2 2 2 3⑤1:52.5¾    .314.341.414.5  4 -4  .06 5 1  0  .74221604273 2 8 1 11 2 4.09 5.03 1.9 5.1  9.9  152.9  303.6  383.410.53576 3 8 8 3▲ 1.042.00 -.2932.97113.324.0740.8253.0834536518.6741.0351.39 1
20260302월 7170011국553 2105 6 1강 1131비  다습10 7 1컴플리트브로    피스룰즈포트스덕 3333.00한거 5 0 0 1 1   88      33000국5강성오장석영   0 6 8 5 213 1 2 1 7  0임기원48051.089우선적79 80 806179.062.030.81838 82554112223272127 82333167525 0↘↗입13.739.141.113.5885739.740.4110.4112.1 43 57 43 0   14.30   13.90 5  0 -2NU동55.04831712-2.4 4.6 2.2828214 0숨은복병거리속성64기 0 6 3 3 3 3 3 3④1:50.41¾   .314.439.913.5  3 -9  .09 4 1 -2 1.01139322369 2 5 3 32 1 6.02 4.10 2.9 7.4 11.8   30.5   56.9  142.6  .02082 0 7 7 0― 1.041.80  .2731.94113.210.5119.9030.7514294421.7436.3651.66 2
20260124토 8170011국541 6 95 7혼전 4451맑음건조 3 7 1컴플리트브로    피스룰즈포트스덕 3333.00한거 5 0 1 2 1   77      33000국5강성오장석영   0 7 7 4 113 7 2 1 6  1조한별48952.560강선적95 95 956571.059.033.81427102554112223211427 81221187525 0↗↘입13.639.141.013.5896139.341.1112.7113.3 50 67 5017   13.50   13.20 5 -1  1NNUP55.04831712-2.4 4.6 2.2828214 3승군시기거리속성 5   0 6 2 2 2 2 3 3④1:52.7목    .714.340.313.9  1  3  .00 4 3 -4 1.94524513361 1 6 1 51 7 1.09 5.01 2.6 5.4  2.6   29.2   46.0   43.410.53171 2 8 7 2▲  .741.90  .2633.15113.110.1321.9033.78 8172918.7531.9143.97 3
20251220토 8140011국512 5 65 8혼전 4451비  포화16 7 1컴플리트브로    피스룰즈포트스덕 3333.00한거 4 0 0 2 1  10016:05 33000국5강성오장석영   0 8 6 3 113 6 2 0 5  0조한별48652.060우도적82 81 818549.053.025.01427102554112223211427 812211899 0 0↗↘입13.636.540.013.1882736.539.1 86.2 88.0 60 60 6020   13.60   14.30 5  3 -5LUUP56.04811412 -.6 4.4 3.8666613 1일반주행승군시기 5   0 7 3     3 3 2②1:26.23     .013.538.213.2 -5 10  .00 2 7  5  .61924371882 210 4 52 6 3.07 4.07     6.1 10.4   40.3   96.0   22.912.73178 2 6 6 2―  .639.20 -.0511.5288.93 7.4714.8124.96 3 816 9.4320.0029.36 4
20251115토 8130011국544 7 95 9 3강 3351맑음건조 3 7 1컴플리트브로    피스룰즈포트스덕 3333.00한거 4 1 1 2 1  125      24750국5강성오장석영   0 9 5 2 213 5 2 0 4  1조한별47657.060우도적91 86 868962.052.028.71427102554112223211427 812211899 0 0↗↘입13.736.839.713.1934137.039.4 82.7 82.6 50 50 75 0   13.50   13.40 9 -4  3HN동56.04811312-1.3 5.0 3.8666613 0부중유리최적거리 5   0 4 2     2 2 1④1:22.7½    .513.639.614.3  2-11  .00 4 2 -1  .52520563267 2 9 1 41 5 4.03 9.08 3.2 5.6  6.4   11.3   24.7   31.9  .03169 0 7 5 0―  .140.20  .21 6.0582.97 8.7718.7528.72 9223513.4328.7640.00 3
20250914일10130010국551 210510 2강 2251맑음다습12 7 1컴플리트브로    피스룰즈포트스덕 3333.00한거 4 0 0 2 2  286      24750국5강성오장석영   010 4 1 113 4 1 0 3  0조한별48754.060기도보88 87 877379.053.024.7 833 42340142223211427 812211899 0 0↗↗입13.736.740.113.2972537.138.7 80.5 81.8 33 33100 0   13.60   13.50 4  5 -3BUUP57.04791312-1.0 5.7 4.7595912 1전개최상기복전력 5   0 8 1     1 1 1①1:20.5코    .013.538.213.4 -2  5  .00 1 3  2  .0 825301475 110 2 51 4 3.02 8.09 2.9 6.6  4.7    6.8   14.8   23.213.23459 0 7 4 0―  .240.10  .14 5.0383.16 6.3314.9924.70 6152617.3932.5848.45 3
20250816토 3120011국611 8 6511 3강 3351맑음다습12 7 1컴플리트브로    피스룰즈포트스덕 6323.00한거 4 0 0 2 2  38612:50 16500국6강성오장석영   011 3 3 313 3 0 0 2  0조한별48257.061하도적45 72 729573.070.060.0 833 42340142223211427 812211899 0 0↗↗입13.836.639.913.695 836.538.3 75.2 74.6  0  0100 0   13.70   13.90 5  1  0VU동57.04751212-1.5 8.0 6.5414112 0전개최상전개최상 5   0 3 1     1 1 1①1:15.22    -.413.638.513.5  0  7  .00 1 1 -9  .0 613311094 411 2 11 3 1.05 3.06     7.7  2.3    9.0   13.2   20.710.94275 0 7 6 0― 1.138.50-1.17-1.9076.3425.6145.8560.0337557017.0734.5925.20 1
20250713일 2120011국653 810512 3강 3352흐림건조 4 7 1컴플리트브로    피스룰즈포트스덕 6323.00한거 4 0 0 2 3  46411:00 16500국6강성오장석영   012 2 2 213 2 0 0 1  0조한별47557.065하도하 5  5  59231.044.020.31267 61755 82223211427 8122118      →↗입13.736.640.515.797 236.639.3 76.4 75.9  0  0100 0   13.70   16.00 5 -4  0HH동       1212 4.0 6.010.0 7 712 0가격혈통전개최상 5   0 2 3     2 3 6③1:16.41¼   .213.740.113.9 -7 -8  .00 310  4  .34216664274 11111 51 2 5.06 9.05     6.4  9.2   53.9  137.9 1213.212.24264 0 4 3 0― -.538.90 -.35-1.2076.67 3.8410.7420.26 81729 5.1312.5022.47 6
20250608일 1120011국651 710513 2강 2259맑음건조 3 7 1컴플리트브로    피스룰즈포트스덕 6323.00한거 4     2 3  56310:35 16500국6강성오장석영   013 1 1 113 1 0 0 0  0조한별48357.065평무보18 35 3540  .034.014.51267 61755 82223211427 8122118      →↗입14.137.339.913.464 136.342.1 79.5 78.4              14.10   13.70        LN동       12 0         5.0     0 0일반주행가격혈통 5관 0 6 3     1 110⑩1:19.54    3.313.743.216.0  4  0  .0010 6  0 3.693 6989410 41010 81 1 1.0810.08     8.7  3.6   17.3   30.5  192.2  .01514-3 3 3-3▽-1.139.00 -.27 1.1676.73 2.63 6.8314.53 2 71612.9424.0456.16 5
20261004일 7120011외4 4 5  5 0 1강 1151           7 2제이에스베트    SILVER STWICE AR        미수 3 0 0   1    014:50 33000혼4송문길박정재   2 0 3 2 3 2 1 0 0 2  0루이스   52.568하무보50 30 3023 9.037.017.62143101839 92825 0 02628192617      ↗↘입13.137.139.913.841 7                    0  0 50 0   13.10   15.10 5 -5  0HH동       1212-2.510.5 8.0212112 0최빈거리부진마필68기 0 2                            13.1    15.1        .0                       9111110  1                                              .01224 0 2 2 0― -.739.90 -.24     76.62 4.9710.8317.61 1 3 8 1.96 4.7210.2511
20260829토 9120011외452 3 55 1 2강 2251맑음다습12 7 2제이에스베트    SILVER STWICE AR        미수 3 0 0 9 1   74      33000혼4송문길박정재   2 1 2 2 2 2 1 0 0 1  0송재철51052.576하무보 5  1  1 5 3.026.0 4.51745 81839 9282525102628192520      →→입14.138.039.813.8 5 636.540.0 75.2 77.0  0  0  0 0   14.10   14.10 5 -2  0NH동       1212-2.010.0 8.0101012 0최빈거리부진마필58기 0 7 8     7 6 8⑧1:15.22    1.613.139.715.1 -3 -6  .00 811  1 1.77817826531111011110 1 1.03 2.06 2.3 4.1  2.3    6.5   10.3    6.2  .0 9 5-4 1 1-4▼-1.837.90 -.28 -.7977.06  .29 1.41 4.45 0 2 5  .12 1.68 4.5511
20260725토 7120011외414 4 65 2 3강 3351맑음다습10 7 2제이에스베트    SILVER STWICE AR        미수 3     9 1   85      33000혼4송문길박정재   2 2 1 2 1 2 1 0 0 0  0김정준51652.574평무보66 25 2537  .035.010.21434 91839 9282523272628132026      ↗↗추15.338.138.412.9249837.940.5 76.7 78.5              15.30   13.20 4  0  0LN동       12 0         4.0     0 0일반주행보통주행 5   0 9 7     8 9 8⑧1:16.72½  2.914.139.714.1 -2  1  .00 810  0 3.4958189941111 511110 1 1.0811.06 1.3 3.5  1.3    8.3    9.1   23.411.21523-1 2 2-1▽-1.038.20  .27 2.0476.34 1.25 4.4110.22 1 3 611.4622.5658.91 4
20261004일 7120011국4 4 5  3 0 1강 1151           7 3송암스카이      미스터크슈퍼라이 8316.00한암 5 0 0   1    014:50 33000혼4박병일송암축산 2 016 22134 1 4 034  0이용호   52.566기선적50 43 434729.043.022.31652 61333 622 9 0 023141918207811 0→↘자13.536.739.114.17512                   19 25 50 9   13.20   13.90 6 -2  0HH동52.94591712-4.010.0 6.0454510 0숨은복병기복전력68관 0 3                            13.2    13.9        .0                       4 9 9 6  2                                              .02049 0 5 4 0― -.239.10  .31     75.95 5.2413.4322.30 51120 3.9213.2121.43 6
20260823일 7120010국454 2103 1혼전 4441맑음포화15 7 3송암스카이      미스터크슈퍼라이 8316.00한암 5 0 0 2 1   86      33000국4박병일송암축산 2 115 12034 2 4 033  0김옥성47152.558기도적24 22 2231 8.032.010.3 6 0 61333 622 9 91023141416187811 0→→추13.536.739.114.1731036.439.6 74.0 76.2 19 26 4810   13.20   14.40 4  0  0NH동52.94591712-3.0 9.8 6.8404010 0일반주행기복전력30관 0 5 1     1 2 6⑥1:14.01½  1.213.238.613.9 -4  2  .00 610  1 1.35713734942 5 81111122 4.02 7.01 3.7 7.6  7.4   13.8   31.0   26.1  .01522-2 2 2-2▽-1.338.90  .66  .4075.95 1.15 4.1010.31 0 2 4 2.08 5.7710.7111
20260725토 7120011국514 4 63 2 3강 3351맑음다습10 7 3송암스카이      미스터크슈퍼라이 8316.00한암 5 0 0 9 1   65      33000국5박병일송암축산 2 214 31934 1 4 032  0김옥성46952.558기도보17 18 1820 3.034.011.9 6 0 61333 622 9 91023141416187811 0→→추13.636.939.114.1591236.240.5 75.1 76.9 20 27 4310   13.70   14.10 4 -6  0NH동52.94591712-2.610.2 7.6373710 0가는대로기복전력90기 0 5 3     2 2 4⑤1:15.15    1.313.239.714.4 -4 -2  .00 5 9 -2 1.874 7887041 6 810 9121 1.0811.06 1.3 3.5  1.3    8.3    9.1   23.4  .01225 0 2 2 0― -.938.90  .49  .8776.06 2.17 5.4511.88 0 2 4  .12 2.05 4.5311
20260627토 6120011국454 3103 3혼전 4451맑음건조 4 7 3송암스카이      미스터크슈퍼라이 8316.00한암 5 0 0 9 1   75      33000국4박병일송암축산 2 313 21834 1 4 031  0이용호47152.566기도적35 34 343310.036.0 8.51652 61333 622 9 0 023141918207811 0→↘자13.637.039.114.0561237.240.3 75.8 77.7 21 28 4510   13.30   14.30 4  4  0VH동52.94591712-2.410.2 7.8343410 0일반주행기복전력46관 011 4     6 911⑩1:15.84    2.213.739.214.1 -1 -5  .001011  1 2.28748868420 61011110 1 5.02 1.04 2.3 5.4 11.6   22.4   55.0  105.1  .01530-2 3 3-2▽-1.139.10  .52 1.6176.12 1.35 3.67 8.52 0 2 4 2.40 6.40 9.5210
20260530토10120011국454 5 53 4혼전 4441맑음양호 7 7 3송암스카이      미스터크슈퍼라이 8316.00한암 5 0 0 9 1   51      33000국4박병일송암축산 2 412 11734 3 4 030  0김옥성47652.558기도적45 37 372812.036.0 9.4 6 0 61333 622 9 91023141416187811 0→→추13.637.139.114.0471236.240.0 76.2 76.2 21 32 54 7   13.60   14.10 4  4  0LH동52.94591712-1.410.2 8.8252510 0전개유리기복전력64관 0 7 1     1 1 3⑤1:16.21    1.013.340.414.3 -5  6  .00 510  0 1.455 4835450 9 9 810120 1.0411.10 3.1 4.4  3.1   13.0   15.1    9.3  .02526-1 3 3-1▽-1.138.50  .46  .0176.17 1.39 3.98 9.36 1 4 8 2.00 5.5810.91 9
20260502토 6120011국534 6 83 5혼전 4451흐림건조 3 7 3송암스카이      미스터크슈퍼라이 8316.00한암 5 0 0 1 1   75      33000국5박병일송암축산 2 511 71634 2 4 029  0김옥성47052.558기도보 9  8  827 6.032.0 8.6 6 0 61333 622 9 91023141416187513 0→→추13.637.139.214.140 936.139.5 75.4 75.6 22 26 48 7   13.60   14.70 4 -8 -1HH동52.94581712  .6 9.610.2121210 0일반주행기복전력 5   0 3 1     1 1 3④1:15.41½   .313.639.214.1 -6 -1  .00 410  1  .434 4723671 7 81111119 1.07 1.08 1.8 3.2  1.8   18.4   26.7   82.8  .01514-3 1 1-3▼-1.438.30  .41 -.6976.23 1.91 3.83 8.64 0 2 4 2.17 4.3010.1411
20260404토 9120011국552 5 53 6혼전 4451맑음양호 6 7 3송암스카이      미스터크슈퍼라이 8316.00한암 5 0 0 1 1   76      33000국5박병일송암축산 2 610 61534 1 4 028  0김옥성47153.058기도적14 15 1526 8.032.0 9.2 6 0 61333 622 9 91023141416187513 0→→추13.637.139.114.1401536.740.9 77.3 77.6 23 27 5412   14.20   13.50 4  1 -1VV동52.94581712 -.4 8.8 8.4262610 0발길대로기복전력33관 111 5     5 6 9⑩1:17.3½   2.313.640.814.7  1  2  .0010 9 -2 2.78622928520 6101010018 2.01 2.01 1.8 3.4  4.0    3.4    7.1   10.8  .01218-2 2 1-2▽-1.138.90  .46 1.3976.17 1.31 3.88 9.16 1 3 8 2.27 6.1511.4610
20260308일 6120011국444 6 93 7혼전 4451맑음다습13 7 3송암스카이      미스터크슈퍼라이 8316.00한암 5 0 0 2 1   68      33000국4박병일송암축산 2 7 9 51434 1 4 027  0조상범46953.558기선적35 35 352022.037.012.6 928 61333 622 917 023141321167513 0↗→입13.637.039.114.1521538.438.9 75.9 77.0 24 32 5212   14.30   13.40 7  6  0BNDN52.94581712 -.6 7.4 6.8404010-5일반주행마번불리36관 01010    111111⑨1:15.9머리 1.914.238.213.5 -2  9  .00 911  3 3.07593517927 610 6100 2 1.08 2.04 2.0 5.4  2.0   22.3   31.8   88.2  .01521-1 3 3-1▽ -.838.80  .41  .8776.12 2.77 6.6112.62 1 3 8 7.5012.6421.90 7
20260118일 6170011국411 3 63 8 1강 1151흐림건조 5 7 3송암스카이      미스터크슈퍼라이 1630.00한암 5 0 0 2 1  120      33000국4박병일송암축산 2 8 8 4 13415 4 026  0김옥성46053.558기선보 8  9  9 2 4.030.011.2 6 0 61333 622 9 91023141416187513 0→→추13.639.441.514.1691239.445.0116.8118.2 24 32 4412   14.10   14.60 2 -2 -1VNUP52.94581712 -.6 5.8 5.2565610 3능력한계기복전력 5관 0 4 2 2 3 51011⑪1:56.815   5.814.443.814.6  3-15  .0111 8 -3 7.399279897 3 4 810 9017 1.0211.09 1.5 4.7  1.5    5.0    5.8   16.0  .012 1-3 1 1-3▼-1.542.40  .3637.28113.7 1.33 5.2011.22 1 4 8 1.75 4.8010.7110
20260103토 9140011국414 8 63 9 1강 1151흐림다습13 7 3송암스카이      미스터크슈퍼라이 1630.00한암 5     1 1   3416:55 33000국4박병일송암축산 2 9 7 3 23414 4 0 0  0김옥성47554.058기도보 8  9  930 7.032.010.1 6 0 61333 622 9 91023141416187513 0→→추13.636.539.714.177 837.541.5 90.6 91.7 25 29 5013   13.70   15.2011  4 -1NN동52.94581412 -.6 5.8 5.2565610 0일반주행휴양불리27관 0 6 9    101111⑪1:30.62    3.614.141.114.6  0  5  .001111  1 4.09573929510 2 7 910016 1.04 5.02     4.1  1.1    4.1    4.5   11.0  .01518-1 2 1-1▽-1.340.00  .5215.4888.73  .95 3.7610.05 1 4 8  .70 3.00 8.29 8
20251019일10140011국414 9 6310혼전 4451맑음포화16 7 3송암스카이      미스터크슈퍼라이 1630.00한암 4 0 0 2 2  22217:30 41250국4박병일송암축산 210 6 2 13413 4 024  0김옥성47055.057기도적26 27 275918.039.011.2 7 0 71933 522 9 91023141416187513 0↗→추13.636.439.614.0881336.842.7 92.2 92.3 26 35 4813   13.40   14.60 4 -4  1HBUP52.94581412-1.0 4.4 3.4747410 2일반주행작전마주53관 0 2 5     61011⑩1:32.22½  4.513.742.515.2  0 -1  .001010  3 5.097349797 9 3 3 9 9015 8.04 3.09     6.5 19.0   55.1  129.0   83.9  .02028 0 4 3 0― -.740.30  .6216.3388.59 2.32 5.9011.21 2 510 3.10 9.4114.92 9
20250920토 7120011국434 2 8311혼전 4451맑음포화16 7 3송암스카이      미스터크슈퍼라이 8316.00한암 4     2 2  278      33000국4박병일송암축산 211 5 1133412 4 0 0  0김옥성47154.557기도적40 35 357516.041.019.7 7 0 71933 522 9 91023141416187513 0↗→추13.636.638.714.1873436.740.7 75.6 77.8 27 27 5014   13.20   14.9012  2  0NLDN52.94581312-2.2 4.2 2.0878710-1전개최상기복전력 5관 0 6 1     1 3 7⑪1:15.64    3.013.439.914.6  4  9  .0011 7  4 3.18820918310 2 7 9 6114 1.02 1.11 2.4 3.2  2.4    3.2    5.5   16.9  .03440 0 4 4 0― -.439.50  .65 2.5075.67 4.9411.4819.73 1 3 6 3.8111.5418.93 8
20250629일 71300 9국534 2 8312혼전 4451맑음양호 8 7 3송암스카이      미스터크슈퍼라이 1630.00한암 4 0 0 9 3  499      33000혼4박병일송암축산 212 4 2 73411 4 022  0김옥성46254.560기도적76 86 869472.069.054.5 5 0 638752022 9 91023141416187513 0↘↗추13.636.739.514.1942536.642.8 84.7 86.2 27 27 5014   13.60   13.30 4 -6  2VLUP52.94581312-2.2 4.8 2.6848410 1부중유리전개최상38관 0 4 1     2 7 9⑨1:24.74    3.713.242.314.9  6  1  .09 9 3 -2 3.797 89894 5 1 5 1 1013 1.04 6.11 2.5 5.0  2.5    9.2   13.4   13.4  .04290 3 9 9 3★ 1.541.10 -.3210.0182.7825.1144.3054.5334536513.9831.1626.72 1
20250531토 7120011국452 510313 1강 1159맑음건조 4 7 3송암스카이      미스터크슈퍼라이 8316.00한암 4 0 0 9 3  58716:05 33000국4박병일송암축산 213 3 1123410 3 021  0김옥성46152.560평도상83 78 787371.061.037.4 5 0 638752022 9 91023141416187114 0↘↗추13.636.639.014.1872237.337.1 74.5 74.6 24 24 5210   13.30   13.70 3  6 -2BH동53.04581312-1.0 5.0 4.0696910 0전개최상작전마주40관 010 1     1 1 1①1:14.5목    .013.637.613.3 -4 -4  .00 1 5  1  .0 750 4 486 3 4 1 4112 5.0110.07    10.6 10.6   12.4   30.7   37.8  .03462 1 7 8 1▲  .838.50 -.01 -.9775.8411.9424.8837.36 9223518.0031.0921.99 1
20250510토 31200 8국544 8 4314 2강 2257흐림불량20 7 3송암스카이      미스터크슈퍼라이 8316.00한암 4 0 0 2 4  65412:45 24750국5박병일송암축산 214 2161134 9 2 020  0김옥성46554.062평도보71 78 789988.070.077.413 0103062 722 9 91023141416186717 0↘↘추13.636.639.014.1872236.438.8 74.4 75.2 20 20 5010   13.50   14.10 3  3 -1VNDN52.84561312-1.6 5.8 4.2606010-1선행반복전개최상 1   0 4 1     1 1 1①1:14.42½  -.413.338.713.7 -3  3  .00 1 4  1  .01910492094 1 4 1 1111 4.05 4.03     2.5 10.8   58.4  109.5   44.3  .04891 3 9 9 3★ 1.738.70-1.15 -.3875.8437.4061.2277.4237607234.8859.8981.15 2
20250419토 4130011국533 6 8315혼전 4452흐림양호 8 7 3송암스카이      미스터크슈퍼라이 1630.00한암 4 0 0 2 4  71613:35 24750국5박병일송암축산 215 115 634 8 2 019  0김옥성46254.561기도적50 64 647947.050.027.313 0103062 722 9 91023141416186020 0↘↘추13.636.839.514.1892236.739.8 83.5 82.8 16 21 4711   13.60   14.70 4 -2  3ULUP52.54551312-1.6 6.6 5.0535310 1전개유리작전마주 1관 0 1 1     1 1 2③1:23.5목    .013.540.814.1  0  3  .00 3 3  0  .335 9673481 3 8 2 4110 4.01 2.06     7.3 10.6   12.9   32.4   18.6  .02537 0 6 4 0― -.140.20  .39 6.5082.84 8.0217.8827.34 8172911.5923.0336.30 4
20261004일 7120011외4 4 5  3 0 1강 1151           7 4대한의영웅      GREATESTKELANI K        미수 2 0 0   1    014:50 33000혼4서홍수이종수   0 0 4 4 2 3 3 0 0 3  0김태훈   52.572하입보50 42 422126.053.030.01856 71951 824 017 02617122521      ↗→입14.037.739.013.51037                    0  0  033   14.40   13.00 4 -4  0HH동       1210  .3 7.0 7.3454512 0숨은복병보통주행81기 0 4                            14.4    13.0        .0                      11 810 4  3                                              .02230 1 4 5 1―  .439.00 -.42     76.45 8.9819.9030.02152944 4.9013.2121.43 7
20260905토10120011외423 2 23 1혼전 4451맑음양호 7 7 4대한의영웅      GREATESTKELANI K        미수 2 0 0 1 1   53      33000혼4서홍수이종수   0 1 3 3 1 3 2 0 0 2  0김태훈46752.572하입보32 37 372317.047.019.51856 71951 824 017 02617122521      ↗→입14.037.539.513.5311338.637.4 75.3 76.3  0  0  0 0   13.70   13.30 4 -1 -2NHUP       1210 -.5 7.5 7.0444410 2일반주행보통주행33기 0 810    101010⑧1:15.3머리 1.114.437.313.0  2  5  .00 8 6 -1 1.35995 84946 610 7 70 2 5.01 6.07 1.8 2.1 19.3   10.2   41.0   48.5  .01726 0 3 5 0―  .038.10 -.30 -.7476.62 4.4811.6019.52 2 714 3.41 9.8919.19 8
20260809일 11000 9외430 4 83 2 1강 1169흐림건조 2 7 4대한의영웅      GREATESTKELANI K        미수 2 0 0 1 1   81      41250혼4서홍수이종수   0 2 2 2 2 3 1 0 0 1  0김태훈46254.572하입보 9  3  32331.047.025.51856 71951 824 017 02617122521      ↗→입14.338.138.113.7101536.838.7 62.5 63.4  0  0  0 0   14.00   13.40 4  5 -1NH동       1010  .0 8.0 8.0282810 0최빈거리보통주행44기 0 9 3     3 3 7⑥1:02.5목    .713.738.113.3 -1-12  .00 6 7 -1 1.26124684658 7 5 3 52 1 6.01 7.05 2.2 3.3 21.2   19.1   60.6   38.9  .02237 1 6 5 1― -.137.00 -.37-12.863.43 5.1814.4325.51 81729 4.2611.5816.35 7
20260711토 11000 9외421 7 23 3 2강 2254맑음포화16 7 4대한의영웅      GREATESTKELANI K        미수 2     2 1   60      41250혼4서홍수이종수   0 3 1 1 1 3 1 0 0 0  0송재철47455.576평무보12 25 2510  .033.0 8.01745 81951 824 018 02617192520      →→입15.138.638.313.3 2 238.139.6 63.3 64.8              15.10   13.60 4  0  0NL동       10 0         8.0     0 0일반주행보통주행48기 1 4 6     6 6 7⑧1:03.3¾   1.814.038.713.4  0  8  .00 8 8  0 3.08976909230 8 9 9 92 1 1.02 6.07 2.0 1.9  2.0    1.9    3.5    2.7  .01510-4 2 3-4▼-1.536.90 -.21-12.163.81  .80 3.29 8.03 2 714 6.6714.7737.99 5
20261004일 7120011외4 4 5  5 0 1강 1151           7 5싱싱내쉬        NASHVILLREMINGTO        미수 2 1 1   1    014:50 33000혼4배휴준전석호   0 0 2 1 2 1 1 1 0 1  1유승완   57.072강선보50 73 739872.052.032.21961 9 940 7 912 7 0111115272299 0 0→↘입13.536.538.112.29699                  100100100**   13.20   12.40 6  3  3LBUP54.55261210  .0 1.0 1.0999910 2숨은복병전개최상84기 2 5                            13.2    12.4        .0                       3 2 2 3  1                                            12.04286 2 8 5 2▲  .538.10  .70     75.28 9.5721.4632.20 8213412.7529.2544.72 3
20260823일 2100010외411 4 65 1 1강 1155맑음포화16 7 5싱싱내쉬        NASHVILLREMINGTO        미수 2     2 1   91      41250혼4배휴준전석호   0 1 1 1 1 1 1 0 0 0  0조재로52654.588평무보95 25 2577  .037.016.0345314 940 7 91219 01111192622      →↘입13.836.837.412.2999136.336.2 58.8 60.4              13.80   12.40 4  0  0NL동       10 0         1.0     0 0일반주행보통주행52기 1 2 1     1 1 1①0:58.87   -1.313.235.312.4  0  9  .00 1 1  0  .0 1 9 2 196 4 2 4 91 1 1.02 2.01 1.4 3.8  1.4    3.8    4.8    6.2  .01529-2 4 3-2▽ -.837.60  .95-13.862.32 3.88 8.7515.99 1 511 9.4018.6431.42 3
20261004일 7120011국4 4 5  6 0 1강 1151           7 6성실대로        섀클포드행복을찾 6222.00한암 5       1    014:50 33000혼4심승태이동훈   1 016 1 1 0 1 2 4 0  0김태현   52.553기선보67 57 575922.040.018.11050 41350 71113 0 011132013194555 0→↘선13.636.539.019.39130                   24 36 40 4   14.30   12.80 7 -2 -2NNDN52.74861812-2.6 6.6 4.0525214-4숨은복병기복전력65기 0 6                            14.3    12.8        .0                       2 7 4 7  1                                              .02032 0 4 4 0― -.539.00  .60     75.78 3.51 9.8018.09 1 3 6 5.8810.3818.63 8
20260816일 71600 9국513 9 66 1 1강 1151흐림다습13 7 6성실대로        섀클포드행복을찾 6526.00한암 5 0 0 2 1  117      41250혼4심승태이동훈   1 115 5 328 1 2 428  0김정준50154.575평입보46 52 521519.051.027.91434 91350 7111313 811131320264555 0↗↗추13.635.940.519.3891035.645.1106.4106.5 25 38 38 4   13.70   14.40 5  0  2LL동52.74861812-2.4 6.8 4.4616114 0일반주행거리탄력 5   0 8 3   3 2 2 6⑧1:46.47    4.413.644.716.4  1  8  .00 8 7  4 6.097 79999 9 2 8 6 51 3 2.01 6.01 1.8 3.6  5.9    6.5   17.1    7.3  .01832 0 5 5 0―  .340.50 -.0130.11103.3 7.1417.0627.94 71728 3.15 8.5815.79 8
20260712일 8160010국511 7 66 2혼전 4451맑음다습10 7 6성실대로        섀클포드행복을찾 6526.00한암 5 0 0 2 1   63      33000국5심승태이동훈   1 214 4 228 1 2 427  0김효정49352.568기입적69 77 771535.049.021.11749 71350 7111322 011132022174555 0↗→선13.635.940.419.3901236.440.7101.8103.4 25 29 4217   13.60   14.60 2  5  0BN동52.74861812-2.4 6.8 4.4616114 0일반주행기복전력32기 0 8 3   3 3 2 4⑥1:41.82    1.113.739.914.4  3  2  .05 6 3 -2 1.26246767649 2 9 4 80 2 9.0210.02 2.2 7.3 23.2   91.2  192.1  269.0  .01535 0 5 4 0―  .040.40  .2027.07103.2 5.2612.6621.10 2 714 7.2317.0925.57 5
20260628일 8160010국551 9106 3 1강 1149맑음건조 3 7 6성실대로        섀클포드행복을찾 6526.00한암 5 0 0 9 1   23      33000국5심승태이동훈   1 313 3 128 1 2 326  0김정준49152.575기입적37 38 381526.049.026.51434 91350 7111313 811131320264555 0↗↗추13.635.940.419.3911235.241.0102.4102.4 26 35 3017   13.40   15.10 2 -2  1HNUP52.74861812-2.4 6.8 4.4616114 3일반주행작전마주38기 0 3 2   2 2 2 2②1:42.46     .013.641.414.6 -3  2  .00 2 5  2 1.132 1805392 1 8 4 51 2 1.05 2.03 3.1 6.6  3.1   10.4   17.0   24.1  .02048 0 5 6 0―  .140.40  .0626.11103.2 6.5015.6426.50 71728 6.9419.1829.36 5
20260613토 91300 9국531 7 86 4 1강 1151맑음건조 3 7 6성실대로        섀클포드행복을찾 6526.00한암 5 0 0 2 1   12      41250국5심승태이동훈   1 412 2 528 4 2 325  0정우주48952.059기입적53 61 617054.054.035.81256 71350 71113141411131630134555 0↗→입13.636.739.519.3963036.940.9 83.5 84.3 26 43 3013   13.70   14.00 3  2 -3NHDN52.74861812-3.0 7.6 4.6616114-1적정체중작전마주52기 0 5 3     3 3 4⑦1:23.52½  1.613.440.815.1  4  0  .09 7 3  0 2.17914877232 1 5 4 50 9 1.05 3.06 2.5 5.0  2.5   18.6   25.0   14.2  .02573 0 6 6 0―  .640.70  .20 8.1082.7811.8622.4735.84 71728 8.9925.0041.06 4
20260523토 6140011국423 9 76 5혼전 4451맑음다습13 7 6성실대로        섀클포드행복을찾 6526.00한암 5 0 0 2 1   55      33000국4심승태이동훈   1 511 1 228 3 2 324  0정우주48954.559기입적58 52 526244.056.028.31256 71350 71113141411131630135050 0↗→입13.636.439.819.8901536.339.6 88.7 88.4 23 32 3214   13.50   14.00 4  2  3HLUP52.64851812-3.0 7.6 4.6616114 1적정체중기복전력73기 1 3 3     3 5 2③1:28.72     .313.739.714.0  0  4  .00 3 3 -4  .42511532276 1 9 6 52 8 2.01 7.02 1.7 2.7  3.8    2.7    7.9    7.0  .02557 1 6 8 1―  .539.40  .0512.2088.73 8.1118.1628.32 61526 8.7915.6325.24 5
20260425토 9130011국552 2106 6혼전 4451맑음건조 3 7 6성실대로        섀클포드행복을찾 6526.00한암 5 0 0 9 1   73      41250국5심승태이동훈   1 610 6 428 2 2 323  0정우주48551.559기선적40 42 427817.042.014.01256 71350 71113141411131630135644 0↗→입13.636.739.620.5952536.839.2 82.4 83.0 24 43 2910   13.70   74.30 4 -6  0UHDN52.74851812-2.4 8.0 5.6565612-1일반주행기복전력46기 0 1 1     2 4 3③1:22.44     .713.539.214.0 -4 -3  .00 3 7 -4  .74313471957 1 9 8 92 7 1.0311.06 4.0 8.3  4.0   13.0   27.4   84.2  .01548 0 4 3 0― -.640.40  .75 6.7182.84 3.02 7.3313.98 2 510 3.13 8.7417.81 9
20260328토 7140011국452 7106 7 3강 3351맑음건조 3 7 6성실대로        섀클포드행복을찾 6526.00한암 5 0 0 9 1   78      33000국4심승태이동훈   1 7 9 5 128 1 2 322  0정우주48851.559기선적36 49 495428.048.022.81256 71350 71113141411131630135644 0↗→입13.636.439.813.8891336.740.0 89.3 89.0 25 35 35 5   13.70   14.10 4 -1  1LNUP52.74851812-1.6 6.8 5.2656512 2연대우수기복전력82기 1 7 4     3 3 3④1:29.3½   1.313.740.174.3 -7  0  .00 411  3 1.74728675444 1 9 8 62 6 1.03 5.02 3.2 6.3  3.2    9.3   16.1   17.4  .03249 0 5 6 0― -.139.50  .1812.7588.73 5.4314.0322.79 41118 5.0413.0622.38 6
20260228토11120011국454 5 56 8 3강 3351맑음건조 3 7 6성실대로        섀클포드행복을찾 6222.00한암 5 0 0 9 1   84      33000국4심승태이동훈   1 8 8 41628 1 2 321  0임기원48851.088기선적83 85 858066.067.040.91838 81350 71113104411132333165644 0↘↗입13.636.638.813.8854136.939.9 76.2 76.9 26 42 32 5   13.50   13.70 5  6  0BU동52.74851812-1.8 5.8 4.0636312 0숨은복병연대우수64기 0 8 5     4 4 6⑩1:16.23    1.113.739.614.1  2 -5  .0010 8  3 3.07231807147 3 7 5 30 1 1.06 1.05 2.1 4.8  2.1   18.5   25.8   27.5  .03786 1 7 7 1△ 1.239.20 -.01 1.4575.7216.5130.0740.94193754 9.0121.1032.74 4
20260124토10120011국423 5 26 9 1강 1151맑음건조 3 7 6성실대로        섀클포드행복을찾 6222.00한암 5 0 0 2 1   75      33000국4심승태이동훈   1 9 7 31528 2 2 220  0정우주49351.061기선적79 77 776550.051.025.81256 71350 71113141411131630136338 0↗→입13.636.938.613.8685336.538.5 74.2 75.0 22 33 33 6   13.10   12.90 5  0  0HU동52.94851812-1.0 5.4 4.4606012 0편성만만기복전력 5기 0 2 2     3 2 2②1:14.24     .013.538.413.7 -3  0  .00 2 5 -2  .71515381583 5 6 5 52 5 1.05 3.02 1.7 2.2  1.7    8.8   12.3   20.4  .02950 0 5 5 0―  .238.30  .37 -.5375.78 7.0516.0625.80 51120 7.2017.2826.79 3
20251220토 9120011국412 3 6610 1강 1156흐림포화16 7 6성실대로        섀클포드행복을찾 6222.00한암 4 0 0 2 1   9917:00 33000국4심승태이동훈   110 6 21428 1 2 219  0정우주49351.061기선보49 47 474820.039.016.11256 71350 71113141411131630137129 0↗→입13.637.038.413.8626536.438.8 73.1 75.3 24 41 2912   13.60   13.90 4  1  0HU동53.14831812-1.2 5.4 4.2616112 0일반주행기복전력40기 0 2 2     3 3 3④1:13.11½   .413.137.712.9 -3  2  .00 4 7 -2  .72412502268 5 4 4 72 4 1.05 4.09     4.0  1.3    5.8    7.3    9.4  .01546-1 4 3-1▽ -.938.30  .71 -.1075.72 3.96 8.4216.13 41118 4.72 9.1313.27 8
20251123일 7120011국434 1 8611혼전 4451맑음건조 3 7 6성실대로        섀클포드행복을찾 6222.00한암 4 0 0 2 1   93      33000국4심승태이동훈   111 5 11328 2 2 218  0조성환49151.054기선적81 70 707035.044.015.9 718 61350 71113 6 01113 917207129 0↘→추13.637.038.513.8626136.639.3 74.7 76.6 25 31 2519   14.00   13.70 3-10  0UU동53.14831812-1.0 5.2 4.2545412 0적정체중기복전력79기 2 1 3     3 4 4⑧1:14.7½   1.413.639.113.9 -1  6  .00 8 9  4 1.76516664237 6 9 7 90 2 2.03 5.06 3.0 4.5  3.4    6.3   12.0   43.0  .02551-1 5 4-1▽ -.538.70  .65 1.0875.78 2.76 8.1915.88 1 4 8 5.2215.2522.48 6
20251102일 4120011국524 7 7612 1강 1153맑음양호 7 7 6성실대로        섀클포드행복을찾 6222.00한암 4 0 0 1 1  162      24750국5심승태이동훈   112 4111228 1 2 117  0조성환48551.054기선하39 40 406214.043.019.1 718 61350 71113 6 01113 917207129 0↘→추13.636.938.713.9704537.437.8 76.2 75.0 20 27 2713   13.70   13.50 4  8  0VU동53.14831812-1.0 5.8 4.8505012 0일반주행작전마주42기 011 6     5 6 2②1:16.27     .014.038.813.7 -3 -4  .00 2 5  2 1.21360152085 4 3 6 93 1 3.05 3.11 2.0 5.4  8.5   40.2   78.0   43.0  .02042 0 4 3 0― -.338.30  .51 -.6375.84 4.4710.7019.10 1 511 3.80 8.1917.05 8
20251003금 5120011국554 610613혼전 4451흐림다습11 7 6성실대로        섀클포드행복을찾 6222.00한암 4 0 0 1 2  23816:10 24750국5심승태이동훈   113 3101128 1 2 116  0우인철48951.081기선보60 63 638037.060.031.41614 7 5 0 0111314 011131128237129 0↘↗입13.636.938.614.0734936.939.8 76.1 76.7 21 29 2914   13.70   13.40 4  0 -4HU동53.14831812-1.2 7.4 6.2484812 0주행고전작전마주69기 1 3 6     6 7 8④1:16.13    1.513.739.513.5  1  2  .00 4 3  0 1.96928786636 8 1 6 53 111.01 7.08     5.6 61.4   61.8  305.4   66.7  .03682 0 5 6 0―  .638.90  .22 1.2175.7811.5120.5131.41 81729 6.7618.0827.72 6
20250907일 6120011국553 510614 1강 1151맑음다습14 7 6성실대로        섀클포드행복을찾 6222.00한암 4 0 0 1 2  31014:05 24750국5심승태이동훈   114 2 91028 2 2 115  0정우주48755.067기선적59 59 595446.049.025.41150 5 5 0 01113141411131630137129 0→↗입13.636.938.814.1663437.238.3 74.3 75.7 23 31 3115   13.50   13.60 6 -6  0HL동53.14831812 -.4 8.0 7.6343412 0적정체중작전마주29기 0 3 2     5 7 4④1:14.3코    .313.737.913.4  1  0  .00 4 3 -4 1.13348322972 4 4 3 33 3 2.07 6.07     5.3  4.2   24.6   41.7  275.9  .02543 0 5 4 0―  .138.60  .28 -.0275.89 6.5615.3125.4210203310.8420.7331.70 3
20250726토 4120011국534 6 8615혼전 4451맑음건조 4 7 6성실대로        섀클포드행복을찾 6222.00한암 4 0 0 9 3  43113:25 24750국5심승태이동훈   115 1 8 928 1 2 114  0정우주48755.074기선보10 11 1133 9.039.013.72033111740101113141411131630138317 0→→입13.636.939.014.5731537.337.9 75.5 75.4 25 25 33 8   13.80   15.40 5  7  3BBDN52.84831812  .4 7.6 8.0313112-6일반주행마번불리52기 0 9 3     3 3 2③1:15.51¾   .313.538.513.6 -4 -2  .00 3 7 -1  .42353192073 5 611102 2 6.0911.04     5.7 16.0  224.2  352.9  872.9  .01537 0 3 4 0― -.638.40  .49 -.5376.00 3.03 7.2313.69 1 3 8 2.50 5.3211.6110
20261004일 7120011외4 4 5  2 0 1강 1151           7 7춤추는장미      모스피릿CITY RUN 9118.00미암 4 0 0   1    014:50 33000혼4최용건우태율   1 01515 714 1 0 013  0오수철   52.562평선보50 53 536112.041.017.8 733 528551223291725271411221599 0 0↘↗입13.736.938.813.96834                    9 18 18 0   13.60   13.40 7 -3  0NN동51.04651612 -.8 7.0 6.2646413 0일반주행거리혈통59기 0 7                            13.6    13.4        .0                       6 4 5 8  6                                              .01537-1 4 3-1▽ -.538.80  .48     75.89 3.37 9.5617.83 2 716 1.96 5.6611.18 9
20260817월10120011외454 4102 1혼전 4451흐림다습13 7 7춤추는장미      모스피릿CITY RUN 9118.00미암 4 0 0 2 1  104      33000혼4최용건우태율   1 11414 614 1 0 012  0김태희46352.562평선하34 33 334214.044.013.81146 7285512232913 0271415241699 0 0↘→입13.736.838.914.0703036.839.2 74.8 76.1 10 20 20 0   13.50   15.80 7  9  0BNDN51.04651612 -.8 6.8 6.0525213-4승부최상마번불리 9관 010 3     5 5 8⑦1:14.8½    .613.638.413.4 -2  0  .00 7 9  7 1.65430624962 4 7 9 92 2 1.02 4.01 3.2 6.2  3.2    6.2   11.8   10.0  .03429-1 4 5-1▽ -.438.80  .60  .4275.89 2.73 7.1113.76 1 3 6 2.44 5.7911.9010
20260628일 8160010외451 8102 2 1강 1159맑음건조 3 7 7춤추는장미      모스피릿CITY RUN 91     미암 4 0 0 9 1  103      33000혼4최용건우태율   1 21313 214 1 0 011  0이동하46352.590평선상55 54 541585.071.073.3325415285512232942 7271425241999 0 0↗↘선13.736.540.214.0541035.342.8104.0104.3 20 20 3010   13.60   13.50 5 -2  0UNUP51.04651612 -.6 7.4 6.8424213 4일반주행승부최상54기 0 1 1   1 1 1 4⑧1:44.0½   1.613.543.115.8  6  4  .09 8 2  0 2.782 4969135 3 7 1 11 1 1.05 2.03 3.1 6.6  3.1   10.4   17.0   24.1  .04597 4 9 9 4☆ 2.040.20-1.2227.58103.439.5562.8573.2937597140.2860.2772.77 1
20260524일 9120011외451 5102 3혼전 4451맑음다습10 7 7춤추는장미      모스피릿CITY RUN 9118.00미암 4 0 0 2 1   62      33000혼4최용건우태율   1 31212 514 1 0 010  0김효정45952.570하선상67 64 647863.067.039.61749 728551223291420271420221799 0 0↗→선13.637.038.613.8544936.638.7 74.0 75.4  0 11 2211   13.30   13.80 6  2  2VNDN51.04651612 -.6 7.4 6.8424213-1부중유리작전마주48기 0 3 1     1 1 2④1:14.0½    .013.638.013.5  2 -6  .00 4 2 -3  .32616482383 4 4 2 41 3 1.07 7.01 3.0 5.9  3.0   14.1   19.7   19.012.73177 2 8 8 2▲ 1.238.40 -.09 -.2175.8413.8127.3239.55 9223512.0526.7439.45 3
20260411토 9130011외430 2 82 4혼전 4441맑음다습13 7 7춤추는장미      모스피릿CITY RUN 91     미암 4 0 0 2 1  115      33000혼4최용건우태율   1 41111 114 1 0 0 9  0김태희46551.060하입보32 23 2310 9.037.013.01146 7285512232913 02714152416      ↘→입13.637.239.213.8634936.639.5 80.2 82.4  0  0 1313   13.50   15.30 3 -2 -2HHDN       1612-1.0 8.0 7.0363610-1선행무리거리속성28관 0 1 1     1 1 1③1:20.2머리  .013.339.013.8 -2  2  .00 3 5 -4  .222 7582275 5 7 8 91 1 1.07 4.10 2.6 3.3  2.6   12.8   20.4  127.8  .01223 0 2 3 0― -.639.70  .71 6.0082.90 2.83 6.6612.95 1 511 1.94 4.93 8.65 9
20260322일 6140010외412 9 62 5 2강 2259맑음건조 5 7 7춤추는장미      모스피릿CITY RUN 91     미암 4 0 0 2 1   47      41250혼4최용건우태율   1 51010 414 1 0 0 8  0김효정46352.568하입상42 34 341118.045.021.81749 7285512232914202714202217      ↗→선13.837.139.413.8393436.740.4 90.7 89.4  0  0 14 0   13.80   14.0027 -4  1HNUP       1612-1.8 8.0 6.2373710 2일반주행휴양불리41관 0 3 1     1 1 3⑨1:30.71¼  1.213.541.115.3  0 32  .00 9 9 -1 1.46329786948 6 4 6 71 2 6.08 6.10 1.6 4.6 18.4  194.4  373.5  372.3  .01527 0 3 4 0― -.238.90  .0312.9488.93 4.5712.3721.78 2 716 3.5410.4817.98 6
20250913토 8120011외424 3 72 6혼전 4461맑음포화17 7 7춤추는장미      모스피릿CITY RUN 9118.00미암 3 0 0 2 3  540      33000혼4최용건우태율   1 6 9 9 414 1 0 0 7  0조상범43152.060하자보16  3  331 7.034.011.51270 4275712232922 02714132116      ↘→입13.737.138.913.9574138.138.1 74.1 76.3  0  0 17 0   13.60   15.80 6  5  0NHDN       1612-2.4 7.8 5.4383810-2선행무리거리혈통 5관 1 710    111010⑧1:14.14    1.314.137.012.7 -2  1  .00 810  2 1.45888245440 8 610 90 1 2.07 2.08 2.2 2.6  3.2   32.7   53.5  102.8  .01220-1 2 2-1▽ -.938.50  .49  .3076.06 2.43 5.5411.50 1 4 9 1.06 4.02 9.9010
20250802토 61400 9외432 5 82 7혼전 4451맑음건조 3 7 7춤추는장미      모스피릿CITY RUN 91     미암 3 0 0 1 3  406      33000혼4최용건우태율   1 7 8 8 314 1 0 0 6  0김효정43052.072평입하19 15 153615.049.021.6244416275712232914202714202217      ↘↘선13.937.139.613.9393736.442.0 90.7 90.8  0  0  0 0   13.70   13.40 8 -2  0HHUP       1612-2.4 7.8 5.4474714 2일반주행보통주행33기 0 2 1     1 1 4⑥1:30.77    3.513.641.815.8 -2 -7  .00 6 8  3 3.589139591 8 6 8 8 81 1 1.02 5.06 2.4 3.5  2.4    3.5    6.1   10.7  .01745 0 4 6 0―  .039.20 -.1014.1089.07 5.1712.5721.61 1 510 4.00 7.2214.33 8
20250608일 5120011외442 1 92 8 1강 1159맑음건조 3 7 7춤추는장미      모스피릿CITY RUN 9118.00미암 3 0 0 2 3  559      33000혼4최용건우태율   1 8 7 7 314 2 0 0 5  0오수철43752.058평입상38 38 385014.044.018.9 3 0 3275712232917252714112215      →↗입13.937.238.613.9486138.538.1 75.6 77.1  0  0  0 0   13.70   13.60 5 -6  0HH동       1612-3.8 8.5 4.8505014 0일반주행거리혈통52기 1 4 5     8 9 8⑧1:15.6½   1.613.738.113.4  3 -6  .00 8 5 -3 3.27794246431 6 5 6 80 5 2.03 5.07 2.9 6.2  3.0    8.0   11.1  105.6  .01737 0 4 3 0― -.338.70  .40 1.2775.95 4.3710.6318.89 1 510 3.57 8.1912.64 8
20250504일 8120011외433 6 32 9혼전 4451맑음다습14 7 7춤추는장미      모스피릿CITY RUN 9118.00미암 3 0 0 1 4  66016:05 33000혼4최용건우태율   1 9 6 6 214 1 0 0 4  0오수철44352.060평입상42 37 3742  .041.015.3 925 82450 7232917252714112215      ↘→입13.937.238.414.0487337.239.2 76.0 76.6  0  0  0 0   13.60   13.20 4  1  0NHDN       1614-3.7 8.7 5.0505014-4출주제외거리혈통 1기 010 5     7 8 9④1:16.03     .913.739.213.6 -4  8  .00 4 8    1.76645656053 6 5 6 83 4 1.04 7.06     3.1  1.9   14.2   20.3   36.0  .01836-1 4 4-1▽ -.538.50  .63 1.0375.84 2.45 7.5215.27 2 714 9.6519.9158.55 6
20250405토 8160010외450 410210혼전 4451비  포화17 7 7춤추는장미      모스피릿CITY RUN 91     미암 3 0 0 1 4  75418:55 33000혼4최용건우태율   110 5 5 114 2 0 0 4  0김철호43952.059평입상46 38 381513.040.017.61840142450 7232918282714142025      ↗↘추13.936.540.114.05334                    0  0  0 0   13.90   14.10 7 -2  0NHUP       1614-3.5 8.5 5.0494914 2승부호기보통주행 1관 0 9                    경제    13.9    14.1     4  .07                      3 9 7 70 2 6.0410.02     7.5  7.1   28.8   62.2   34.8  .03712 0 3 4 0― -.740.10  .14     103.4 4.2210.0317.55 2 714 2.60 8.3314.89 8
20250215토 7140011외444 2 9211혼전 4451흐림건조 4 7 7춤추는장미      모스피릿CITY RUN 91     미암 3 0 0 2 5  90415:15 41250혼4최용건우태율   111 4 4 214 1 0 0 3  0김철호43552.067평입상67 52 527328.048.017.6 6 0 02258 7232918282714142025      ↘↗추13.836.939.313.9595737.139.3 89.1 89.5  0  0  0 0   13.90   14.00 6  6  0NH동       1410-2.0 8.0 6.0545414 0승부조율승부호기 1기 011 6     6 6 4⑤1:29.11¾  1.013.939.214.1 -4 -6  .00 5 9  0 1.96549464347 6 5 6 72 1 1.06 5.07     5.6  2.0   12.1   15.1   14.9  .03651-1 5 4-1▽ -.339.10  .3213.3188.73 3.82 9.6017.56 51323 6.2515.3825.31 7
20250105일 7140011외433 3 8212혼전 4458맑음양호 7 7 7춤추는장미      모스피릿CITY RUN 91     미암 3 0 0 1 6 100315:15 41250혼4최용건우태율   112 3 3 114 3 0 0 2  0오수철44152.058평무보47 35 3523  .038.017.7 7 0 51244 4232917252714112215      ↗→입13.636.540.112.9841537.039.1 89.1 88.5  0  0  0 0   13.60   14.60 6  4 -1NHUP       1410         7.0    10 2거리적응거리부담 1기 0 5 4     5 6 5④1:29.11½  1.213.939.514.0 -5  9  .00 4 9  4 1.43244423544 4 910 82 3 2.04 1.03     3.9  4.8   30.3   44.2   52.3  .02021-1 3 4-1▽ -.939.30  .0611.9389.00 5.08 9.8017.74 2 51013.4125.2965.07 2
20241124일 2120010외411 3 1213 1강 1155맑음건조 4 7 7춤추는장미      모스피릿CITY RUN 9118.00미암 2 0 0 2 6 114011:00 41250혼4최용건우태율   113 2 2 114 2 0 0 1  0오수철43253.059평무보52 35 3550  .036.018.5 7 0 51244 4232917252714112215      ↗→입13.637.038.412.9639436.639.4 76.5 76.3  0  0  0 0   13.60   13.2012 -7  0HHUP       1210         6.0    10 2일반주행보통혈통 1기 0 1 1     1 1 3⑦1:16.5½   1.213.639.814.6  2  4  .01 7 5 -3 2.65517704843 8 7 7 81 2 1.04 7.08     1.8  1.1    5.6    7.2   47.3  .01724 0 3 3 0― -.738.60  .62  .8875.72 4.7611.0218.51 1 51110.0020.0030.00 1
20240901일 11000 8외421 1 7214혼전 4455맑음건조 4 7 7춤추는장미      모스피릿CITY RUN 9118.00미암 2     1 7 137610:35 41250혼4최용건우태율   114 1 1 114 1 0 0 0  0오수철42853.058평무보   35 3540  .039.014.0 450 21536 9232917252714112215      ↘↗입13.637.137.812.8    37.137.4 62.4 63.1              13.60   13.10        NN동       10 0                 0 0일반주행보통혈통 1기 0 8 7     7 8 6⑥1:02.4½    .913.637.613.2 -2-16  .00 6 8  0 1.45235251951 6 6 6 80 1 7.01 3.07     2.7 31.0   17.1   82.2   30.2  .01724-1 3 4-1▽ -.837.90  .66-11.862.71 3.04 7.0113.97 2 71412.5025.0037.50 8
20261004일 7120011국4 4 5  4 0 1강 1151           7 8그냥가라        선더모카해피공주 2524.00한암 4 0 0   1    014:50 33000혼4토니  페가수스 0 016 21422 2 3 022  0조상범   54.058기선적50 43 434041.047.025.4 928 62958152020 0 02619132116501733↗→입13.637.237.823.43380                   26 37 4221   13.70   13.70 7  3 -2NN동52.44371412 -.2 6.2 6.0434314 0숨은복병기복전력87기 0 8                            13.7    13.7        .0                      10 1 8 5  3                                              .02238 1 4 6 1―  .137.80  .67     75.50 6.6115.5425.36 61224 9.8017.9226.09 5
20260816일10120011국444 3 94 1혼전 4451흐림다습13 7 8그냥가라        선더모카해피공주 2524.00한암 4 0 0 2 1  114      33000국4토니  페가수스 0 115 11322 1 3 021  0조상범44855.558평도하24 17 175117.040.017.7 928 62958152020 0 02619132116501733↗→입13.637.237.723.4338537.139.6 75.3 77.0 28 39 4422   13.40   16.20 5 -6  4NBDN52.44371412  .2 4.2 4.4555512-2일반주행보통주행72기 0 5 6     9 8 7⑨1:15.31    1.513.738.713.7 -2 -1  .00 911  4 1.9774874713511 111 80 2 2.05 1.07 3.9 6.6  4.2   22.5   36.1   26.4  .02449 1 4 4 1― -.538.60  .93 2.0675.45 3.56 9.6217.65 1 4 8 2.75 8.7817.54 8
20260711토 7140011국544 5 44 2혼전 4451맑음다습14 7 8그냥가라        선더모카해피공주 3232.00한암 4 0 0 2 1   74      41250국5토니  페가수스 0 214 3 822 2 3 020  0조성환44952.053우도하38 42 425737.048.021.1 718 62958152020 0 02619 91720501733↘→추13.637.138.323.5347336.642.5 91.3 91.3 29 47 4724   13.60   14.20 3 10 -1VHUP52.44371412 -.4 3.8 3.4707014 2휴양탐색최적거리63관 011 5     5 3 5⑧1:31.36    3.313.442.516.2  1  4  .00 8 7  3 3.89224969511 9 1 7 60 2 5.04 9.10 2.8 3.7 11.9   28.8   69.6   25.812.73256 2 5 6 2―  .139.30  .7315.8888.18 4.8012.1121.08 41118 5.1014.9525.38 6
20260621일10120011국552 4104 3혼전 4451맑음포화16 7 8그냥가라        선더모카해피공주 2524.00한암 4 0 0 2 1   41      33000국5토니  페가수스 0 313 21222 1 3 019  0조성환44552.554평도상74 71 718638.051.024.4 718 62958152020 0 02619 91720501733↘→추13.637.237.623.5349336.840.3 75.1 77.3 29 41 4718   14.10   73.8012 -5 -4UHDN52.44371412 -.6 4.4 3.8727214-2승부최상조교부실22관 0 1 5     3 4 7⑨1:15.13    1.713.639.214.2  5  2  .03 9 4  0 2.08026867731 6 1 4 60 1 1.08 4.11 3.5 5.1  3.5   23.7   31.5   54.6  .03458 0 5 5 0―  .138.80  .81 2.5075.39 6.3414.6924.38 51323 7.1415.3021.58 7
20260328토 7140011국452 7104 4 3강 3351맑음건조 3 7 8그냥가라        선더모카해피공주 3232.00한암 4 0 0 9 2  239      33000국4토니  페가수스 0 412 1 722 1 3 018  0코지  44356.085평선보75 72 727878.069.056.62160101546 8202043 02619233119501733↗↗입13.637.138.313.4328037.639.0 89.3 88.7 31 44 5025   14.20   11.90 4  2  4NB동52.44371412 -.6 4.4 3.8727214 0부중유리승부최상45관 0 6 7    1011 8③1:29.37    1.314.139.273.8 -1 -3  .00 3 4  0 1.73776314844 9 2 5 13 3 1.03 5.02 3.2 6.3  3.2    9.3   16.1   17.412.15196 4 9 9 4☆ 1.738.80 -.2213.3288.1829.2645.8256.5837557014.2926.1240.61 3
20260301일 8140011국522 4 74 5혼전 4451맑음건조 3 7 8그냥가라        선더모카해피공주 3232.00한암 4 0 0 1 1   76      41250국5토니  페가수스 0 511 3 622 1 3 017  0우인철44652.574평선하57 56 565024.054.023.12048102958152020 0 02619112823602020↗↘입13.636.839.313.8556139.736.2 89.8 88.6 27 47 5320   13.90   14.20 6 -3 -5HH동52.44351412  .4 4.8 5.2595914 0일반주행최적거리52관 0 4 4     5 6 6③1:29.8목    .014.236.711.9 -1  1  .00 3 4 -1  .83499 02485 5 5 8 73 1 5.02 6.01 2.6 5.2 10.3   17.2   50.2   33.7  .01750 0 4 6 0―  .439.00  .2412.5188.66 6.1414.3823.05 2 716 3.7411.3017.39 9
20260117토 9140011국541 5 94 6 1강 1151맑음건조 5 7 8그냥가라        선더모카해피공주 3232.00한암 4 0 0 2 1   97      41250국5토니  페가수스 0 610 2 522 3 3 016  0김태훈44557.071기도보92 91 916870.057.028.51856 7295815202026382619122521602020↗→입13.636.739.113.6627337.239.4 88.9 88.8 29 43 5714   13.70   13.60 5 -1  5NB동52.44351412 -.2 4.6 4.4646414 0연대우수기복전력 5기 0 7 4     5 4 5⑦1:28.9¾   1.113.939.414.2  2  8  .00 7 5  4 1.74659505448 3 4 6 42 4 4.02 9.06 4.0 8.9  5.3   13.4   27.5   86.3  .03240 0 6 6 0―  .639.20  .3013.0488.45 8.5117.1228.47102033 9.8218.4227.91 5
20251214일 8140011국442 4 94 7혼전 4451맑음포화18 7 8그냥가라        선더모카해피공주 3232.00한암 3 0 0 2 1   90      41250국4토니  페가수스 0 7 9 1 422 2 2 015  0김태훈43752.571우도적75 73 739079.063.049.01856 729581520202638261912252175 025↗→입13.536.739.113.5667336.838.7 85.8 87.6 23 54 6231   13.90   13.60 3  4  1LN동52.44341412 -.8 6.0 5.2565614 0뒷심문제연대우수50기 0 8 3     4 4 1①1:25.8¾   -.113.738.013.6  0 -1  .00 1 1 -4  .0 938241691 3 1 2 22 3 1.07 8.06     5.6  3.0   35.7   54.3  543.6  .04187 3 9 9 3★ 1.138.90 -.2511.8088.4518.9834.8149.0119375423.5341.6256.52 2
20251123일 8140011국534 4 84 8 1강 1151맑음건조 3 7 8그냥가라        선더모카해피공주 3232.00한암 3 0 0 2 1   92      33000혼4토니  페가수스 0 8 810 322 1 2 014  0김태훈43852.071기도적45 45 457361.057.030.21856 729581520202638261912252199 0 0↗→입13.536.539.613.4784937.038.8 87.0 88.3 17 42 6717   13.50   13.50 4 -7  1HNUP52.54331412 -.6 5.8 5.2545412 2숨은복병기복전력88기 1 4 6     8 8 5③1:27.0½    .013.938.313.6 -2 -2  .00 3 5 -2  .22243282181 3 3 6 53 2 1.06 2.05 2.1 4.0  2.1   16.9   25.2   39.512.03153 2 6 8 2▲  .639.30  .0612.1688.66 9.4618.3630.17 81729 5.5215.3328.23 5
20251026일 8120011국543 3 94 9혼전 4451흐림양호 7 7 8그냥가라        선더모카해피공주 2524.00한암 3 0 0 9 1  180      33000혼4토니  페가수스 0 9 7 91122 1 2 013  0이상규44051.055기선적33 31 319025.047.021.6129911295815202015 0261913231499 0 0↘↘입13.536.638.713.4876537.638.3 75.1 76.2 18 45 7318   13.30   15.10 4  7 -1VUDN52.54331412 -.4 5.2 4.8585812-2일반주행기복전력28관 011 5     6 7 8⑤1:15.1½   1.013.538.513.5 -2 -3  .00 5 7  1 1.25168314249 1 6 8 60 2 4.0310.03 2.6 4.2  6.1   13.4   25.7    9.1  .02465 1 4 5 1― -.139.00  .59  .8575.67 4.3912.4321.61 41118 5.0512.8118.87 7
20250928일 3140011국414 4 6410혼전 4451비  불량20 7 8그냥가라        선더모카해피공주 3232.00한암 3 0 0 9 2  25111:25 33000국4토니  페가수스 010 6 8 222 3 2 012  0김효정44352.077기도상82 77 778852.059.030.41642 51546 82020 3 0261920221799 0 0↘↗선13.536.439.513.4855336.241.9 88.2 90.4 20 50 7020   13.30   13.50 3 -5  0HH동52.54331412 -.6 5.0 4.4595914 0선행실패기복전력65기 0 4 1     1 1 9⑩1:28.26    2.213.340.815.1  4 -2  .0010 6  2 3.084 7948719 1 6 6 51 6 1.05 8.02     5.8  1.8    7.3   11.1  155.7  .02765 1 6 6 1―  .639.80  .1814.5088.5210.2719.0630.36 81729 7.8915.3225.07 6
20250906토10140011국424 6 7411 1강 1151흐림포화16 7 8그냥가라        선더모카해피공주 3232.00한암 3 0 0 1 2  31719:35 33000국4토니  페가수스 011 5 7 122 2 2 011  0김효정44552.077기도적63 52 525617.042.022.61642 51546 82020 3 0261920221799 0 0↘↗선13.636.339.813.4933436.739.0 86.5 87.9 22 44 7822   13.50   13.50 6  4  0BHUP52.54331412  .2 5.4 5.6505012 2일반주행마번불리38기 0 9 2     2 2 2③1:26.52     .313.338.213.5 -1  6  .00 3 4 -4 1.01325361873 2 5 5 71 5 3.01 2.06     3.5 11.0    7.6   24.2   25.9  .01527-1 4 3-1▽ -.439.40  .2411.8388.66 6.1513.5622.55 3 816 2.83 9.0919.93 7
20250726토 5120011국413 2 6412혼전 4451맑음건조 4 7 8그냥가라        선더모카해피공주 2524.00한암 3 0 0 9 3  43014:30 33000국4토니  페가수스 012 4 61022 1 2 010  0김효정43952.074기도적24 27 278826.049.020.12444162871 72020 3 0261920221799 0 0↘↘선13.536.539.113.4974137.537.4 74.3 75.6 25 38 8813   13.50   15.40 5  3  0NH동52.54331312 -.2 5.0 4.8585812 0전개최상기복전력39기 0 5 2     2 3 3⑤1:14.31¾   .913.537.513.5 -3 -1  .00 5 8  6 1.03060 81254 11011 71 4 4.0311.08     7.0  7.5   19.7   41.3   33.3  .03465 1 5 5 1―  .038.90  .48 -.0275.84 5.0011.9320.13 2 714 4.6712.6120.23 8
20250622일 7120011국453 510413혼전 4452맑음다습12 7 8그냥가라        선더모카해피공주 2524.00한암 3 0 0 2 3  51915:15 33000국4토니  페가수스 013 3 5 922 1 2 0 9  0해리카44052.075기도보41 57 579875.062.037.51840 92871 7202018 0261917261299 0 0↘→입13.536.539.113.4974136.341.3 77.0 77.9 25 38 8813   13.30   14.80 4  1 -1HH동52.54331312 1.6 4.4 6.0464612 0전개최상전개최상46기 0 2 1     2 2 5⑪1:17.0½   2.313.540.915.4  9  4  .0911 2 -2 2.489 8958720 1 6 3 31 1 8.04 7.09     7.0 25.6   67.7  254.7  168.912.74294 2 8 7 2▲ 1.139.60 -.01 2.2675.8412.1224.4037.4915294417.7136.8448.48 2
20250525일 7120011국424 4 7414혼전 4451맑음양호 8 7 8그냥가라        선더모카해피공주 2524.00한암 3 0 0 2 3  59815:15 33000국4토니  페가수스 014 2 4 822 3 2 0 8  0김효정43652.574기도상61 63 639573.063.039.02444162871 72020 3 0261920221799 0 0↘↘선13.636.538.913.4964935.740.4 75.4 76.2 29 43 8614   13.60   14.10 2 -3  1UN동52.54311312 1.6 4.0 5.6525212 0숨은복병전개최상60기 0 1 1     1 1 1③1:15.41¼   .213.340.114.8 -1  1  .00 3 4  0  .754 1875074 2 7 2 41 3 1.10 5.11     3.7  1.8   56.9   71.5  136.912.74274 2 8 9 2▲ 1.039.10  .05  .8275.7214.1927.1939.02 9223514.5830.7727.04 3
20250511일 9120011국443 4 9415 2강 2259맑음포화16 7 8그냥가라        선더모카해피공주 2524.00한암 3 0 0 2 4  63817:00 33000국4토니  페가수스 015 1 3 722 2 2 0 7  0김효정43552.066기도적30 33 339047.051.033.816271517   92020 3 0261920221799 0 0↗↘선13.636.638.713.4916136.539.0 75.3 75.6 33 33 8317   13.40   15.40 6 -1  0HU동52.54311312 1.8 3.2 5.0606012 0전개최상기복전력 1관 0 4 1     1 1 3③1:15.32½   .513.639.014.1 -1  7  .00 3 4 -1 1.02911562665 2 3 4 31 2 6.0210.02     4.5 17.0   22.1   75.7   51.5  .03459 1 5 6 1―  .338.80  .25  .2675.6711.0222.8933.83152944 8.5120.6528.65 4
20261004일 7120011국4 4 5  5 0 1강 1151           7 9새로운가이      선더모카새로운가 2524.00한수 5 0 0   1    014:50 33000혼4임채덕김종근  -1 016 11627 1 1 427  0임다빈   52.574평자보50 47 4719 8.036.013.91329 7 856 310 022 0 7 0142424 04357→↗추13.837.138.813.65745                   29 33 1329   13.80   14.20 6  0  0LHDN54.05051612-2.0 7.6 5.6535312-2일반주행탐색우려40관 0 9                            13.8    14.2        .0                       7 5 611  2                                              .01517-2 2 3-2▽ -.938.80  .49     76.00 3.35 7.1813.87 0 2 5 1.96 5.6611.1810
20260822토 71400 9국542 3 95 1 3강 3351흐림불량20 7 9새로운가이      선더모카새로운가 3232.00한수 5 0 0 2 1   96      33000혼4임채덕김종근  -1 115 5 527 3 1 426  0조상범50152.557평자하19 23 2331 4.035.013.8 928 6 856 310 0 5 0 7 0132116 04357↗→입13.836.739.713.6683037.840.3 88.5 90.7 30 35 1330   14.30   14.00 4  7 -1VHUP54.05051612-1.6 6.2 4.6616112 2일반주행보통주행55기 0 9 6     7 7 9⑨1:28.58    2.813.839.314.2  0 -4  .00 9 9  3 2.98881748612 4 9 7 80 7 4.02 6.03 3.7 5.5  4.2    7.7   16.8   44.7  .01516 0 2 1 0▽-1.139.60  .3014.3088.86 2.44 6.2713.80 2 714 1.35 3.75 8.33 9
20260725토 7120011국514 4 65 2 3강 3351맑음다습10 7 9새로운가이      선더모카새로운가 2524.00한수 5 0 0 9 1   65      33000국5임채덕김종근  -1 214 41527 2 1 425  0조상범50553.558평자상42 50 5021 8.040.014.3 928 6 856 310 0 5 0 7 0132116 04357↗→입13.836.938.713.6705338.340.0 76.7 78.5 30 30 1330   13.80   13.30 5 -4 -2HH동54.05051612-1.6 6.0 4.4616112 0숨은복병급신장세62관 1 2 8    101010⑨1:16.7머리 2.914.339.214.0  3 -4  .05 9 6 -3 3.49492819311 5 6 5 80 6 1.0811.06 1.3 3.5  1.3    8.3    9.1   23.4  .02020 0 2 3 0― -.639.40  .66 2.8775.84 2.78 7.1814.29 41118 2.08 6.1510.88 9
20260621일10120011국552 5105 3혼전 4451맑음포화16 7 9새로운가이      선더모카새로운가 2524.00한수 5 0 0 2 1   81      33000국5우창구김종근  -1 313 31427 1 1 424  0조상범50955.558평자상48 64 643711.038.013.1 928 62052 9201612 02211132116 04357↗→입13.836.938.713.6705337.339.1 74.5 76.7 32 23 2327   13.80   14.60 5 -4  1NLDN54.05051612-1.6 6.0 4.4616112-4일반주행급신장세27기 0 6 8     8 8 9⑧1:14.5½   1.113.838.013.3 -1  3  .00 8 9  1 1.46853616148 4 5 6 90 5 1.08 4.11 3.5 5.1  3.5   23.7   31.5   54.6  .01533 0 2 1 0― -.838.90  .68 1.0875.84 3.14 7.0113.09 2 510 3.57 8.7415.41 9
20260517일 6160010국432 9 85 4 3강 3351맑음건조 3 7 9새로운가이      선더모카새로운가 3232.00한수 5 0 0 2 1   85      33000국4우창구김종근  -1 412 2 227 1 1 423  0장추열50654.593평자상55 59 591538.054.030.13049122052 9201626 02211202722 04357↘↗입13.736.340.313.6692536.240.2103.4103.3 29 33 2414   13.60   14.50 4  7  1VNUP54.05051612-1.2 5.0 3.8666612 2선행무리보통주행78기 010 5   5 2 2 2④1:43.4½    .213.840.814.6 -4 -6  .00 4 8  0 1.65925665878 4 9 5 51 3 1.06 3.09 2.2 3.4  2.2   11.0   15.2   14.4  .02269 1 5 5 1―  .440.30 -.1526.72103.4 8.7719.7030.13102236 5.5613.7919.87 5
20260418토10140010국442 7 95 5혼전 4451맑음건조 4 7 9새로운가이      선더모카새로운가 3232.00한수 5 0 0 2 1   73      33000국4우창구김종근  -1 511 1 427 2 1 422  0정우주51253.559평입상61 70 704841.046.019.91256 72052 9201617 02211163013 04357↗→입13.736.739.513.6703736.540.1 89.5 89.0 30 30 2030   13.70   14.00 3  2 -1HHUP54.05051612-1.4 4.8 3.4727212 1편성만만조교부실32관 0 3 1     1 1 2④1:29.53     .913.640.414.5 -4  5  .00 4 8  4 1.14918694955 4 9 8 91 2 1.09 4.09 2.6 4.6  2.6   37.5   49.8   39.5  .02949 0 5 4 0― -.239.20  .2612.7688.73 4.5311.8119.85 1 4 8 7.9414.1820.95 8
20260329일 6130011국542 5 95 6 1강 1151맑음건조 3 7 9새로운가이      선더모카새로운가 3232.00한수 5 0 0 9 1   47      33000국5우창구김종근  -1 610 3 527 1 1 421  0정우주50754.559평입보52 59 594349.049.021.41256 72052 9201617 02211163013 05050↗→입13.837.039.113.6806137.239.6 82.4 82.9 32 32 1626   14.10   13.20 2  0  1UNUP53.95051612-1.0 4.8 3.8717112 1숨은복병거리속성64기 0 1 6     7 7 4③1:22.41     .213.739.614.0 -1 -1  .00 3 4  2  .34131614673 3 4 3 63 1 3.05 3.09 2.6 4.4  5.9   29.8   76.8   93.313.22050 0 6 4 0―  .140.00  .68 6.8482.71 4.8212.0621.40 41121 9.3519.2731.37 4
20260314토 8120011국554 5105 7 1강 1151흐림양호 7 7 9새로운가이      선더모카새로운가 2524.00한수 5 0 0 2 1   35      33000국5우창구김종근  -1 7 9 21327 1 1 420  0장추열50853.593평자보55 60 606125.054.027.83049122052 9201626 02211202722 05050↘↗입13.836.938.613.6755737.538.2 75.4 75.8 33 39 1128   13.90   15.10 4 -3  1UNDN53.95051612-1.6 6.2 4.6656512-4일반주행최적거리42기 0 1 6     8 8 4④1:15.43     .814.138.013.2  2  1  .00 4 2 -6  .93767273855 4 2 5 53 2 1.06 7.11 2.2 5.5  2.2   13.0   18.7   34.5  .01569-1 5 5-1▽  .138.60  .31  .2575.78 7.2316.9527.76 61526 6.0214.2921.20 6
20260214토 8160010국441 7 95 8혼전 4451맑음건조 3 7 9새로운가이      선더모카새로운가 3232.00한수 5 0 0 2 1   66      33000국4우창구김종근  -1 8 8 1 127 1 1 419  0이동하50753.090평입상92 87 871551.057.031.83254152052 9201629 02211252419 05050↗↘선13.836.240.213.6722736.240.7104.3103.3 35 41 2429   13.80   13.10 4  3 -2VHUP53.95051612-1.2 5.2 4.0636312 4교체성공탄력호전70기 0 4 3   3 2 2 2⑦1:44.3¾   1.113.941.215.1 -1  2  .00 7 8  5 1.16030777450 3 9 6 51 4 1.05 1.08 3.2 5.6  3.2   18.7   30.2   26.1  .03061 1 6 6 1―  .840.20 -.1026.86103.3 9.5820.3831.83 41121 8.1819.7329.91 6
20260117토 5120011국531 6 35 9혼전 4451맑음건조 5 7 9새로운가이      선더모카새로운가 2524.00한수 5 0 0 2 1   80      24750국5우창구김종근  -1 9 7141227 1 0 418  0장추열50554.593평입하62 63 635638.059.029.83049122052 9201626 02211202722 04060↘↗입13.737.138.613.7605736.937.5 74.0 74.2 31 38 1331   13.90   13.60 3 -9  0UN동53.85051412-1.8 6.0 4.2616112 0일반주행최적거리 5기 0 1 5     5 4 1①1:14.04    -.713.837.813.1 -2 -7  .00 1 3  0  .0 332 9 596 6 5 4 42 1 3.10 1.03 1.6 3.1  5.4  130.1  211.8   43.9  .01879 0 5 5 0―  .637.90  .14-1.4875.89 9.8618.6129.83 82134 7.6915.3821.28 6
20251227토 3120011국521 6 7510혼전 4451흐림다습14 7 9새로운가이      선더모카새로운가 2524.00한수 4 0 0 9 1   6211:25 24750국5우창구김종근  -110 6131127 3 0 417  0조한별51254.562평입보86 82 826571.062.040.01427102052 92016 5 02211122118 04060↗↘입13.737.038.713.7664937.638.7 75.8 76.0 31 31 1325   13.60   12.90 2  6  1BNDN53.85051412 -.6 5.8 5.2565612-1일반주행탄력호전79기 110 5     7 6 6⑧1:15.8¾    .913.938.613.6  5 -1  .09 8 3 -4 1.94868445554 2 3 2 30 3 1.02 1.05     4.9  2.0    4.9    7.6   14.412.73255 2 7 6 2― 1.038.60 -.15  .3275.8915.1827.7140.0412264019.1532.6146.08 2
20251213토 4130011국512 1 6511혼전 4431비  불량20 7 9새로운가이      선더모카새로운가 3232.00한수 4 0 0 2 1   41      24750국5우창구김종근  -111 512 427 2 0 316  0조한별51353.560평입보35 46 463421.043.016.81427102052 92016 5 02211122118 02575↗↘입13.736.939.313.7845337.138.2 79.9 81.5 27 27 2720   13.70   14.10 4  0  1HNUP53.95031412 -.6 5.8 5.2565612 1일반주행거리속성52기 0 4 3     3 2 2②1:19.93     .013.637.612.9 -5 -2  .00 2 7  3  .6 42416 576 2 8 5 82 2 2.07 8.04     3.8  5.7   38.1   66.9   14.2  .01538 0 3 3 0― -.539.80  .73 5.3482.78 3.01 8.8016.82 2 714 3.37 7.3313.90 9
20251116일 5120011국523 6 7512혼전 4441맑음건조 3 7 9새로운가이      선더모카새로운가 2524.00한수 4 0 0 2 1  117      24750국5우창구김종근  -112 4111027 1 0 315  0조한별51553.062평입보47 43 433314.041.018.81427102052 92016 5 02211122118 02575↗↘입13.737.038.613.7655737.038.8 76.2 75.8 29 29 2921   13.80   14.30 4 -3  2HNDN53.95031412-1.0 5.8 4.8545412-2숨은복병보통주행67기 0 4 4     4 4 5⑤1:16.2¾    .413.739.514.1  1  3  .00 5 4 -5  .93935493868 5 4 6 72 1 7.01 3.08 1.6 3.6 17.6   11.8   45.6  113.1  .02018-1 3 4-1▽ -.538.50  .51  .2375.84 3.5210.0218.84 3 816 4.55 9.4018.75 7
20251018토 5140011국521 8 7513혼전 4451흐림포화19 7 9새로운가이      선더모카새로운가 3232.00한수 4 0 0 2 2  216      24750국5우창구김종근  -113 310 327 1 0 314  0우인철51251.083평입하52 48 485329.049.017.61614 72136 4201617 02211112823 02575↘↗입13.836.839.613.7663736.740.2 89.4 89.4 31 31 3123   13.90   14.10 8 -2 -4NUUP53.95031412 -.6 5.0 4.4606012 2일반주행보통주행40기 0 7 3     2 2 5⑧1:29.4½   1.813.839.814.3 -1 -5  .00 8 9  6 2.06125756329 2 7 9 91 1 4.03 3.09 2.4 5.3  9.1   23.0   46.6   18.7  .01562-1 5 3-1▽ -.239.20  .1912.9588.86 3.60 9.9217.55 2 714 3.3912.7920.18 8
20250824일 6120011국524 3 7514혼전 4451맑음건조 4 7 9새로운가이      선더모카새로운가 2524.00한수 4 0 0 2 2  35314:25 24750국5우창구김종근  -114 2 9 927 3 0 313  0조상범51755.056평입하64 63 6343 9.039.012.1 880 32136 4201612 02211132116 02575→↗입13.837.138.513.6606537.238.8 75.0 76.4 33 33 3325   13.90   13.50 5  8  1BN동53.95031412-1.4 6.4 5.0555512 0일반주행탄력호전52기 1 9 7     7 7 6④1:15.04    1.413.938.814.1  1 12  .00 4 3  0 1.65947494636 8 3 5 83 4 4.02 7.03     3.7  9.3   14.8   34.4   45.4  .01516-2 2 1-2▽ -.938.60  .71  .7875.84 2.46 5.8212.10 2 510 2.33 5.5212.3310
20250720일 4120011국544 3 9515 1강 1151맑음포화17 7 9새로운가이      선더모카새로운가 2524.00한수 4 0 0 2 3  44212:45 24750국5우창구김종근  -115 1 8 827 2 0 312  0조상범50554.060평입보70 73 736476.061.041.31270 4235019201612 02211132116 02575↘→입13.836.938.713.6725337.338.3 74.4 76.0 33 33 3325   14.10   12.90 5 -7  2UN동53.95031412 -.4 6.8 6.4464612 0부중유리최적거리52기 1 1 6     6 7 8⑧1:14.4머리  .813.938.113.5  5  1  .09 8 3 -4  .94453313153 5 4 3 20 3 9.10 8.10     4.4 38.2  463.6  900.9 1495.0  .03158 1 7 7 1―  .838.60 -.12  .3575.8414.1028.1941.3312264022.2239.2955.68 2
20261004일 7120011국5 4 5  3 0 1강 1151           710원평타운        MO TOWN 시어리어  832.00한수 6 0 0   1    014:50 33000혼4심승태김용재  99 016 2 835 1 1 734  0조성환   51.054기자보50 44 4422  .040.017.8 718 61350 711 0 6 01113 91720114444↘→추13.737.138.913.84949                   31 28 3117   13.20   13.1012  5 -2BUDN54.75141614-1.2 9.4 8.2363610-2출주취소기복전력69기 010                            13.2    13.1        .0                       8 6 7 9  6                                              .02530 0 3 4 0― -.538.90  .32     76.06 3.36 9.5617.81 2 71410.7820.7530.75 4
20260712일 71400 8국452 6103 1혼전 4451맑음다습10 710원평타운        MO TOWN 시어리어  8     한수 6 0 0 2 1  197      41250혼3심승태김용재  99 115 11535 1 1 734  0김정준  052.575기자보28 27 272211.040.014.91434 91350 711 013 01113132026114444↗↗추13.737.039.913.84325                   31 28 3117   13.90   13.80 4  1 -1NHUP54.75141614-2.010.2 8.2353510 2거리늘어기복전력40관 0 5                    취소    13.9    13.8     0  .07                      6 8 7 90 1 7.05 7.04 2.7 5.2 15.1   46.4  124.0  123.7  .03238-1 3 4-1▽ -.839.90 -.04     89.21 3.65 8.0714.86 2 510 3.57 9.0416.36 9
20260614일101200 8국542 6 43 2 1강 1159흐림건조 3 710원평타운        MO TOWN 시어리어  832.00한수 6 0 0 2 1   61      33000국5심승태김용재  99 214 3 735 1 1 733  0조성환52653.054기자하50 30 304319.039.020.0 718 61350 711 0 6 01113 91720114444↘→추13.837.138.813.7495337.438.8 76.4 76.1 29 32 3621   14.10   13.5022 -2 -3HH동54.75141614-2.010.2 8.2353510 0일반주행기복전력40관 0 4 5     5 4 3⑤1:16.43     .613.938.713.8  0 10  .00 5 5 -5 1.94759485362 3 3 3 62 5 2.01 7.02 1.7 3.2  5.0    3.2    8.4   17.6  .01532 0 4 2 0― -.838.50  .32  .1776.00 5.1511.2520.01 51323 5.8013.3314.13 7
20260111일 6120011국413 6 63 3혼전 4451맑음양호 6 710원평타운        MO TOWN 시어리어  832.00한수 6 0 0 2 3  429      33000국4정호익김용재  99 313 2 635 1 1 732  0임다빈51655.577기자적16 12 1236 8.038.015.71848 6225610242519262313142424114444↗→추13.736.938.613.8646138.740.9 79.9 79.6 37 30 3315   13.90   14.80 4 -3  2NN동54.75141614-3.0 9.4 6.4525210 0일반주행기복전력 5기 1 610    111111⑪1:19.913   4.214.741.015.0  1-15  .001110  3 4.698969298 7 5 611110 6 7.01 7.09 1.4 4.9 19.8    8.2   33.9   21.2  .01544-1 3 4-1▽ -.739.70  .65 4.0575.78 4.35 9.4115.67 0 2 5 2.15 5.7711.0811
20251213토 9120011국412 1 13 4혼전 4451비  불량20 710원평타운        MO TOWN 시어리어  832.00한수 5 0 0 2 1   79      33000국4정호익김용재  99 412 1 535 4 1 731  0조성환53153.554기자보49 57 573927.041.015.0 718 62133 82425 4 02313 91720114444↘→추13.736.838.913.7744537.740.9 76.8 79.0 33 22 3315   13.90   13.40 4  4  2BN동54.75141614 -.8 8.4 7.6383810 0부중유리기복전력42기 1 9 7     8 910⑩1:16.86    4.313.940.114.8  3  9  .0510 7 -4 4.796739395 2 4 5 4 70 4 1.0611.06     2.1  1.3    9.4   11.5   19.1  .03129 0 4 3 0― -.639.70  .57 3.3075.89 3.29 7.8815.03 41118 5.3814.8926.88 7
20251115토 9120011국534 4 33 5혼전 4454맑음건조 3 710원평타운        MO TOWN 시어리어  832.00한수 5 0 0 2 1  124      33000혼4정호익김용재  99 51120 435 3 1 730  0조성환52252.054기무하15 16 1633 4.038.013.3 718 62133 82425 4 02313 91720135038↘→추13.736.938.913.8664537.837.5 75.2 75.5 31 31 3812   13.80   15.40 2 -3 -2NUDN55.15131614 -.2 7.8 7.6373710-1일반주행기복전력53기 2 5 8     9 9 4③1:15.2코    .013.937.913.4 -8-12  .00 311  1  .02775 82083 8 710113 3 3.0211.01 1.8 2.9  6.5   18.6   42.3  293.7  .01526 0 1 3 0― -.938.50  .57 -.3075.95 3.32 6.8613.31 0 2 4 1.39 3.73 7.9811
20251101토 7130011국552 4103 6혼전 4453맑음건조 5 710원평타운        MO TOWN 시어리어  8     한수 5 0 0 1 1  170      33000혼4정호익김용재  99 61019 635 2 1 729  0조성환53454.053기자보18 15 1526 7.038.018.0 718 62133 82425 4 02313 91720135038↘→추13.737.039.513.8704537.041.6 84.8 85.0 32 32 3612   13.30   15.50 5  1  2LNDN55.15131614 -.2 7.6 7.4343410-1숨은복병기복전력64기 0 8 4     3 3 7⑪1:24.81    2.913.841.715.4  1 -8  .001110 -1 3.08919948812 6 5 9 70 2 2.0310.03 2.1 5.4  5.2   13.6   28.5   61.3  .02024 0 2 3 0― -.740.50  .51 8.4682.97 4.9511.1418.01 2 510 1.79 5.3312.1010
20250927토 7140011국451 7103 7혼전 4451맑음다습11 710원평타운        MO TOWN 시어리어  8     한수 5 0 0 9 2  25718:30 33000국4정호익김용재  99 7 9181535 1 1 728  0조성환54252.553기자적 8  3  323 9.034.012.0 599 02448 62425 4 02313 91720135038→↘추13.836.740.013.8671935.542.9 90.1 90.6 33 33 3313   13.60   14.3010  6 -4NUUP55.15131614 1.0 6.8 7.8303010 2숨은복병기복전력36기 0 7 2     2 2 6⑪1:30.1¾   2.413.342.715.5  0 12  .001111  8 2.487 0989020 51111101 1 3.08 6.11     7.2  6.8   39.2   75.4  340.4  .02024 0 2 2 0―-1.139.60  .1613.9189.07 2.22 5.6712.03 1 4 8 2.20 5.2612.0410
20250719토 5120011국454 2103 8혼전 4451흐림포화19 710원평타운        MO TOWN 시어리어  832.00한수 5 0 0 2 3  45014:40 33000국4정호익김용재  99 8 817 335 1 1 727  0장추열53056.593기자적23 24 245036.052.020.92948 5225610242528442313202722135038↘↗입13.836.839.213.8733037.139.5 75.4 77.3 33 33 3313   13.90   13.60 5 -7  0UL동55.15131614 1.8 6.6 8.4252510 0일반주행기복전력70기 1 1 4     6 5 7⑩1:15.43    2.213.639.314.3  7  6  .0910 3 -6 3.28141716519 5 8 6 60 5 6.04 8.04     7.1 10.7   47.5   93.6  214.5  .01576 0 5 5 0―  .139.20  .23 1.3276.06 4.7312.0420.92 51323 6.3814.4314.47 6
20250614토 6120011국414 1 63 9혼전 4451맑음건조 3 710원평타운        MO TOWN 시어리어  832.00한수 5 0 0 2 3  54915:35 33000국4정호익김용재  99 9 716 235 3 1 726  0오수철52456.558기자적57 58 583622.042.012.4 3 0 32256102425 6122313112215135038→↗입13.836.839.013.8704137.438.3 74.5 76.4 35 35 3513   13.70   13.80 4  7  1LL동55.15131614 1.0 6.0 7.0383812 0일반주행기복전력46기 1 8 9     8 6 4⑤1:14.51½   .713.938.113.6 -4  3  .00 5 9  3 1.95958323558 411 8 90 3 7.02 9.05     5.4 23.2   59.7  175.0  139.1  .01539-1 2 3-1▽ -.638.90  .60  .6075.95 2.59 6.4512.44 1 4 8 4.44 8.2715.38 9
20250517토 6120010국432 5 8310 1강 1151맑음포화16 710원평타운        MO TOWN 시어리어  832.00한수 5 0 0 2 4  63015:15 33000국4정호익김용재  9910 615 135 2 1 625  0오수철52156.060기자적22 19 1945 9.037.019.6 925 81029 32425 6122313112215144343↘→입13.836.938.813.8655337.238.0 75.5 75.4 32 32 3614   13.80   15.80 2-10  1UNDN54.95121614 -.2 6.0 5.8484812-2일반주행기복전력59기 2 1 2     3 3 2②1:15.5머리  .013.738.213.8 -4 -5  .00 2 6  0  .02245232083 3 6 7 72 2 1.06 8.01     4.1  1.8   12.5   18.9   40.5  .01539 0 2 3 0― -.638.40  .43 -.3475.89 4.6510.6619.56 1 511 2.47 6.1714.40 8
20250504일 5140011국442 6 9311 1강 1154맑음다습14 710원평타운        MO TOWN 시어리어        한수 5 0 0 1 4  66313:35 33000국4정호익김용재  9911 5141435 1 1 624  0오수철52655.559기자적27 20 2027 6.036.019.0 925 81029 32425 6122313112215144343↘→입13.836.739.813.8682736.642.0 90.2 91.0 33 33 3314   13.60   15.70 4  7 -1VN동54.95121614 -.4 4.6 4.2646412 0일반주행기복전력 1기 211 5     3 3 6⑨1:30.2목   2.213.841.715.8  3 -5  .00 9 6 -1 3.19119959222 510 9 70 1 1.02 9.07     5.2  3.2    6.0    9.8    7.4  .01736 0 2 3 0― -.539.60  .1014.4788.93 3.5210.2419.02 1 511 2.44 4.6211.58 7
20250405토 6140011국421 3 7312 1강 1151비  포화17 710원평타운        MO TOWN 시어리어        한수 5     1 4  75617:35 33000국4정호익김용재  9912 4131335 1 1 6 0  0정우주53156.069기자보28 24 2427 9.039.017.11833131029 3242512102313163013144343→→입13.836.739.813.8673037.142.2 91.4 92.1 35 35 3515   14.30   16.2022  0 -2HNDN54.95121614-1.8 5.0 3.2737312-2일반주행휴양불리 1기 2 4 4     5 611⑪1:31.411   3.913.642.115.7  4 22  .0011 7 -3 4.296479696 5 210 8 70 4 1.08 1.07     4.0  2.3   22.2   30.4   43.8  .01540 0 3 3 0― -.539.90  .1515.6388.93 3.16 9.0217.08 1 511 2.22 5.7113.58 7
20241103일 7160010국423 2 7313 2강 2251맑음양호 7 710원평타운        MO TOWN 시어리어        한수 4 0 0 1 6 119915:40 33000국4정호익김용재  9913 312 135 1 1 622  0임다빈50957.573평자하64 53 5315 4.037.010.3 844 01739 0242519262313142424144343↘↗추13.836.540.213.8563436.443.5106.4107.3 37 37 3716   13.70   14.8013 -2  5HBUP54.95121614-1.4 5.6 4.2616112 2일반주행휴양불리 1기 1 4 8   8 8 910⑩1:46.414   5.114.343.016.2  0 -6  .001010  5 5.599459798 2 7 8 7 90 5 8.01 7.05     3.9 22.1   30.1  111.6   20.9  .015 6-4 2 2-4▼-1.240.20  .2830.64103.4 1.48 5.6010.28 2 714 1.01 2.96 8.16 8
20240804일 7140010국452 610314혼전 4441맑음건조 3 710원평타운        MO TOWN 시어리어        한수 4 0 0 1 8 143813:55 33000국4정호익김용재  9914 2111235 1 1 621  0김성현51552.569기자보51 50 502715.042.018.3 925 42054132425 0 02313162319144343↘↗입13.836.839.713.8563436.240.6 88.0 88.8 39 39 3317   13.20   14.20 4  5 -5NUUP54.95121414-1.2 6.8 5.6505012 1일반주행기복전력 1기 1 6 2     3 3 5⑦1:28.01¾  1.313.740.514.8  2  1  .00 7 5  0 1.543 6815743 410 7 90 1 4.0310.03     7.4  6.3   14.2   24.3   13.9  .01536 0 4 4 0― -.639.10  .1312.3288.93 4.9510.6418.31 2 714 5.33 8.7014.87 8
20240707일 6130011국454 2 5315 1강 1151흐림다습13 710원평타운        MO TOWN 시어리어        한수 4 0 0 1 8 151816:05 33000국4정호익김용재  9915 110 535 3 1 620  0정우주51457.062기자상68 57 574347.049.026.61144 3205413242512102313163013173350→→입13.837.139.513.7674536.740.0 81.4 83.2 41 41 2918   13.70   13.90 4 -6  1UB동54.65111414  .2 6.6 6.8414112 0일반주행기복전력 1기 1 1 4     4 4 4⑤1:21.41     .713.239.514.2  0 -8  .00 5 5  2  .95010724156 4 8 3 52 3 1.03 7.06     4.4  2.5    8.0   14.7   47.3  .01530 0 6 5 0―  .140.00  .21 6.6383.03 7.3416.7026.55 7172810.6722.6222.87 5
20261004일 7120011국4 4 5  7 0 1강 1151           711퍼플코리아      투아너앤마이패션 6229.00한암 3 0 1   1    014:50 33000혼4최용건퍼플라인 1 0 8 1 5 7 6 3 1 7  1이동하   53.091강선보50 76 769988.067.066.432541528551223414242271425241999 0 0↗↘선13.436.339.313.59745                  100100100 0   12.60   14.80 5  9  1VN동53.44431412-1.4 3.0 1.6909014 0전개최상전개최상50관 111                            12.6    14.8        .0                       110 1 1  7                                              .07197 4 9 9 4☆ 1.839.30 -.84     75.8438.4057.1766.4037607229.4150.0061.49 1
20260829토 9120011국552 3 57 1 2강 2251맑음다습12 711퍼플코리아      투아너앤마이패션 6229.00한암 3 0 1 9 1   74      33000혼4최용건퍼플라인 1 1 7 4 4 7 5 2 1 6  1이동하44652.591강도보90 95 959992.071.067.332541528551223414242271425241999 0 0↗↘선13.536.439.113.5964535.739.1 73.5 75.3100100100 0   13.20   13.90 5  1 -1HUDN53.64421412-1.8 3.5 1.8919112-1전개최상전개최상28관 0 2 1     1 1 1①1:13.5¾    .012.638.814.8  0  7  .00 1 1  0  .025 1601287 1 6 3 11 6 1.03 2.06 2.3 4.1  2.3    6.5   10.3    6.2  .05598 4 9 9 4☆ 1.938.90 -.81 -.1975.7830.3152.7667.3137607229.1351.2665.45 1
20260725토 5130010국552 6107 2혼전 4451맑음다습10 711퍼플코리아      투아너앤마이패션 5932.00한암 3 0 0 9 1   87      24750국5최용건퍼플라인 1 2 6 3 1 7 4 1 1 5  0이동하43953.090강도상79 89 899880.070.054.932541528551223414242271425241999 0 0↗↘선13.536.639.613.5994936.040.2 81.2 82.5100 67100 0   13.30   13.90 4 -5  1UNDN53.84431412-2.3 4.3 2.0909014-1전개최상전개최상60관 1 1 1     1 1 1①1:21.21¼  -.213.239.613.9  0 -6  .00 1 1 -2  .026 1752592 2 5 3 11 5 1.03 1.06 2.9 5.5  2.9    6.4   12.0    7.010.56297 4 9 9 4☆ 1.840.30 -.32 6.2782.7826.1343.1154.8534536516.6730.0037.70 2
20260628일 4140011국553 4107 3혼전 4451맑음건조 3 711퍼플코리아      투아너앤마이패션 5932.00한암 3 0 0 9 1   67      24750국5최용건퍼플라인 1 3 5 2 2 7 3 1 0 4  0이동하44552.590강도보76 82 829873.070.060.332541528551223414242271425241999 0 0↗↘선13.636.439.713.5942736.039.6 87.6 88.0100 50100 0   13.60   15.70 4 -5 -1LU동54.54421412-3.0 5.0 2.0929212 0전개최상전개최상29관 1 6 1     1 1 1②1:27.6코    .013.339.613.9 -1 -4  .00 2 3  2  .017 3561579 1 6 3 11 4 1.03 4.06 2.8 5.4  2.8    3.4    5.7    8.110.65998 4 9 9 4☆ 1.839.30 -.7311.9388.6629.4747.9560.3034536516.0933.1644.64 3
20260530토 6140011국514 8 67 4 1강 1151맑음양호 7 711퍼플코리아      투아너앤마이패션 5932.00한암 3 0 0 9 1   55      24750국5최용건퍼플라인 1 4 4 1 1 7 2 1 0 3  0이동하44953.590강도보94 96 969689.069.078.532541528551223414242271425241999 0 0↗↘선13.636.340.813.596 835.641.9 90.2 89.0100 50100 0   13.60   13.80 6  5 -2VUUP54.54421412-4.0 7.0 3.0858512 2전개최상전개최상52기 111 4     2 2 2④1:30.25     .913.642.515.7  3  3  .01 4 1 -2 1.245 1947454 211 1 11 3 2.04 9.07 2.3 7.6  5.8   25.2   40.5   33.3  .06297 4 9 9 4☆ 1.939.60-1.8411.8589.3442.2066.2578.5137607236.9060.6174.16 1
20260418토 1120010국634 8 37 5 1강 1151맑음건조 5 711퍼플코리아      투아너앤마이패션 6229.00한암 3 0 0 2 1  122      16500국6최용건퍼플라인 1 5 3 3 3 7 1 0 0 2  0이동하44655.091강도보71 99 999989.070.099.032541528551223414242271425241999 0 0↗↘선13.536.539.813.7981036.638.3 75.5 74.5100  0100 0   13.70   15.00 4 -2  1LV동54.04371212-4.0 7.0 3.0858512 0마방연대전개최상68기 1 6 1     2 2 1①1:15.56    -.913.638.713.8 -2  0  .00 1 3  2  .0 617311296 1 4 1 11 2 3.08 6.10 1.5 3.1  5.0   92.4  159.8  509.9  .07599 4 9 9 4☆ 2.438.60-2.00-1.8176.2375.0295.0099.0037597135.2356.8254.10 1
20260321토 2120010국632 9 37 6 3강 3359맑음건조 5 711퍼플코리아      투아너앤마이패션 6229.00한암 3 0 0 2 1   83      16500국6최용건퍼플라인 1 6 2 2 2 7 1 0 0 1  0김효정44654.570평도보84 25 2580  .068.077.31749 7285512234114 0271420221799 0 0↗→선13.636.539.813.7981736.440.0 77.5 75.8100  0100 0   13.50   14.00 6  7  1BV동54.04371212         3.0    12 0마방연대마방연대42기 0 8 2     3 3 2③1:17.52     .313.740.715.0  2  9  .09 3 1 -6  .441 9815874 4 6 7 22 1 3.02 7.06 1.5 2.5  6.5   10.7   21.1    3.011.83186 2 7 8 2▲ 1.239.00-1.55 -.4676.2332.1559.3177.27184054 9.4018.5735.92 6
20260207토 1120012국621 8 77 7혼전 4455맑음건조 2 711퍼플코리아      투아너앤마이패션 6229.00한암 3     2 1  115      24750국6최용건퍼플라인 1 7 1 1 1 7 1 0 0 0  0이동하43754.091평무보43 25 2577  .069.046.7325415285512234142422714252419      ↗↘선14.136.840.113.799 136.239.5 75.5 75.5              14.10   14.00 4  0  0NL동       12 0         5.0     0 0일반주행마방연대50기 1 1 2     1 2 3③1:15.5코    .013.539.514.0 -4-13  .00 3 7  0  .928 5713779 511 5 31 1 1.06 5.04 1.5 2.7  1.5   10.4   13.1   47.812.73182 2 7 9 2▲ 1.338.60-1.02-1.4476.5615.3432.9946.71122640 8.3316.6724.89 1
20261004일 8180012국1 4 2  3 0혼전 4451           8 1노프라블럼      페더럴리킬리의여 3741.00한거 4 0 1   1    015:40110000국O최용건(주)나스-1 015 4 414 1 6 314  1이동하   58.090강입보50 80 807881.067.050.6325415285512233642402714252419385013↗↘선13.838.440.513.68653                   75 67 5833   13.70   14.80 7 -7  5UB동55.34912012 -.8 2.4 1.6888818 0마방연대승부최상 1   0 1                            13.7    14.8        .0                       310 1 1  5                                              .06799 4 9 9 4☆ 1.740.50 -.12     118.126.6741.1250.5934536516.1831.0538.39 1
20260816일 9180011국151 4103 1혼전 4451흐림다습13 8 1노프라블럼      페더럴리킬리의여 3741.00한거 4 0 1 2 1  115      605001등최용건(주)나스-1 114 3 314 1 6 313  1이용호48753.063강자하68 56 569057.054.027.51652 6285512233623362714191820385013→↘자13.839.540.113.6837338.442.3116.1118.6 82 73 5536   14.20   15.5013 -2 -5NUDN55.34912012 -.6 1.8 1.2939318-2연대우수마방연대 5   0 8 1 1 1 1 1 2④1:56.1½    .613.741.214.8 -1 -7  .00 4 5  2 2.238 2864866 3 710 61 1 3.0710.09 2.9 5.4  6.5   33.4   77.0   41.512.73286 2 8 8 2▲  .541.40  .2239.00118.4 7.5217.6327.45 51323 7.1914.9823.25 7
20260517일 7200013국133 2 83 2혼전 4451맑음건조 3 8 1노프라블럼      페더럴리킬리의여 3741.00한거 4 1 1 2 2  224     1100001등최용건(주)나스-1 213 2 114 1 6 312  1이혁  49458.080강자보97 98 9866  .055.027.61335 52375 62336 6132714282118385013↘↗선13.939.140.813.6667338.142.7134.6132.7 82 82 5555   13.40   12.90 7  0  6LBUP55.34912012 -.4 1.8 1.4909018 2마방연대연대우수 5   010 7 3 3 3 3 7⑦2:14.65    3.214.243.815.5  4 -9  .01 7 3 -2 4.177 5897612 3 8 1 70 1 2.0613.11 2.9 5.8  4.3   24.7   39.5  284.210.53763 0 8 7 0―  .440.70 -.0852.76131.4 8.6318.5627.59 41118 8.5316.7954.07 7
20260329일 9180011국154 1103 3혼전 4451맑음건조 3 8 1노프라블럼      페더럴리킬리의여 3741.00한거 4 1 1 9 1  126      605001등최용건(주)나스-1 312 1 214 1 6 311  1송재철50352.576강자보97 99 998278.056.033.71745 82855122336 9282714192520385013→→입13.839.640.013.67476                   82 91 4555   14.10   14.30 6  1 -3BU동55.34911812 -.4 1.8 1.4909018 0전개최상마방연대44기 010          99        중지    14.1    14.3     1  .07   5  4               6 4 1 30 1 2.01 6.03 2.7 5.6  4.6    5.6   13.2   10.910.53486 2 8 7 2▲  .640.00  .06     118.412.6922.0433.6912264014.4125.2039.20 4
20260214토10180011국220 6 73 4혼전 4451맑음건조 3 8 1노프라블럼      페더럴리킬리의여 3741.00한거 4 1 1 2 1  106      495002등최용건(주)나스-1 411 1 214 4 5 310  1이동하50255.090강자보96 99 999885.064.054.2325415285512233642402714252419295714↗↘선13.839.639.913.6748038.440.7115.5116.4 80 90 5050   14.10   14.10 6  6 -2LH동55.44891812 -.4 1.8 1.4909018 0전개최상전개최상72기 1 9 1 1 1 1 1 1①1:55.55    -.914.139.814.3  0  0  .00 1 1  0  .0 2 256 999 1 5 1 11 4 1.04 9.01 2.3 3.7  2.3   11.6   17.5   54.210.54299 4 9 9 4☆ 1.841.00 -.3636.89118.327.0643.9854.2419375425.2237.6148.86 1
20260104일 7180010국351 9103 5 2강 2251맑음다습12 8 1노프라블럼      페더럴리킬리의여 3741.00한거 4 0 1 1 1  109      41250국3최용건(주)나스-1 510 2 114 3 4 3 9  1이동하50257.090강입상95 95 959493.070.070.0325415285512233642402714252419176717↗↘선13.839.940.013.6597639.339.7116.8117.0 78 67 4456   13.40   13.20 5 -7  4HBUP55.14871812 -.6 2.2 1.6878714 4연대우수전개최상 5기 1 3 1 1 1 1 1 1①1:56.810  -1.814.140.614.1  0 -2  .00 1 1 -3  .0 61330 899 3 3 1 11 3 1.03 3.01 2.8 7.0  2.8    9.0   14.9  140.2  .07096 4 9 9 4☆ 2.140.80 -.8437.14118.535.5858.2470.0037607223.6543.0057.51 1
20251129토10140011국352 1103 6혼전 4451흐림다습10 8 1노프라블럼      페더럴리킬리의여 5637.00한거 3 0 1 9 1  10117:30 41250국3최용건(주)나스-1 6 9 1 214 2 3 3 8  1이동하50453.090강입보93 94 948285.067.040.2325415285512233642402714252419 08020↗↘선13.836.739.213.5716936.638.5 85.0 87.2 75 75 5050   13.60   12.90 6  5 -4BUUP55.54831412  .4 1.6 2.0818112 2승부최상연대우수44기 010 2     2 2 1①1:25.0¾   -.213.437.613.2 -3 16  .00 1 4  3  .0 32420 790 610 3 21 2 4.0510.02     8.6  8.1   42.0   78.6  165.010.56090 3 9 9 3★ 1.438.80 -.0811.3088.5215.4629.2240.1519375418.5929.8341.01 1
20251019일 6120011국444 4 43 7혼전 4451맑음포화17 8 1노프라블럼      페더럴리킬리의여 5831.00한거 3 0 1 2 2  204      33000국4최용건(주)나스-1 7 8 5 714 1 2 3 7  1이동하48857.090강입보96 96 968886.069.057.02445152375 6233642402714252419 099 0↘↗선13.836.838.213.6808937.637.2 73.7 75.2 71 71 5771   13.60   13.40 4 -6  2NB동55.14821412  .4 1.6 2.0838312 0승부최상승부최상63기 0 5 6     6 6 4①1:13.7목    .013.637.112.9  0  7  .00 1 1 -1  .01768 41086 6 2 2 13 1 1.02 5.02 1.9 3.5  1.9    3.5    5.4   25.910.55998 4 9 9 4☆ 1.838.50 -.25  .1675.5028.6245.9057.0034536523.0838.5750.73 1
20250920토 7120011국434 2 83 8혼전 4451맑음포화16 8 1노프라블럼      페더럴리킬리의여 5831.00한거 3 0 1 2 2  278      33000국4최용건(주)나스-1 8 7 4 614 2 2 2 6  1문세영48155.073강입보88 96 969086.069.054.62735 02375 6233648332714293615 099 0↗↗입13.836.838.213.6788936.537.9 72.6 74.8 67 67 5067   13.80   13.00 4  9  1VN동55.24831412 -.2 2.0 1.8858512 0전개최상승부최상 5기 211 3     3 2 1②1:12.6½    .013.637.113.4  0  0  .00 2 2  1  .1 91219 479 4 4 2 22 4 1.02 1.11 2.4 3.2  2.4    3.2    5.5   16.910.54592 3 9 9 3★ 1.638.40 -.19 -.2075.5024.7143.7454.6220435822.8641.3554.89 2
20250824일 9120011국412 1 63 9혼전 4451맑음건조 4 8 1노프라블럼      페더럴리킬리의여 5831.00한거 3 0 1 2 2  35017:00 33000국4최용건(주)나스-1 9 6 3 514 1 2 1 5  1문세영48154.573우입상93 95 959481.068.046.52735 02375 6233648332714293615 099 0↗↗입13.836.838.413.7797637.437.3 73.3 75.5 60 60 6060   13.60   12.90 4 -6  2HN동55.24831412 -.4 3.4 3.0727212 0전개최상전개최상68기 1 2 4     5 5 3②1:13.34     .013.836.913.0  1  0  .00 2 1 -2  .82758 6 986 3 5 4 13 3 4.01 1.02     5.9  8.8    5.9   19.1    9.910.54894 3 9 9 3★ 1.538.60 -.04  .3075.6118.7034.8546.4634536518.8036.1346.02 2
20250726토 5120011국413 2 6310혼전 4451맑음건조 4 8 1노프라블럼      페더럴리킬리의여 5831.00한거 3 1 1 9 3  43014:30 33000국4최용건(주)나스-110 5 2 414 1 2 0 4  1장추열48153.093우입적76 81 819166.064.035.42948 5275712233635362714202722 099 0↘↗입13.836.738.814.0886137.636.4 73.4 74.7 50 50 7550   13.70   15.00 5  7 -1NUDN56.34841412 -.3 3.5 3.3686812-2전개최상전개최상42기 0 8 4     4 4 2②1:13.4½    .013.636.512.9 -1 -3  .00 2 3  2  .1 765 1 280 3 9 4 42 1 4.0311.08     7.0  7.5   19.7   41.3   33.3  .04296 1 8 8 1▲ 1.038.40  .11 -.8275.7812.5023.4835.38 92235 9.3520.7232.55 4
20250622일 91400 9국441 7 9311 3강 3351맑음다습12 8 1노프라블럼      페더럴리킬리의여 5637.00한거 3 1 1 2 3  51717:00 33000국4최용건피닉스   311 4 1 114 2 2 0 3  1문세영48453.573우입보87 91 919389.067.051.23745 0275712234048 02714293615 099 0↘↗입13.836.739.313.5758036.140.5 88.3 88.7 67 67 6767   13.80   13.40 4 -7 -2UUUP56.34841412-1.0 4.3 3.3707012 2승부최상전개최상70기 0 1 4     3 3 3③1:28.33     .613.740.515.0  2  2  .00 3 1  0 1.438 6815466 2 8 2 22 2 4.02 8.02     4.6  5.6   12.8   25.3    7.712.24292 3 9 9 3★ 1.339.20 -.4312.7088.5916.6636.1651.2418405426.9645.8762.26 2
20250524토 51200 9국532 5 8312 1강 1151맑음다습12 8 1노프라블럼      페더럴리킬리의여 5831.00한거 3 1 1 2 4  61014:25 24750국5최용건피닉스   312 3 1 314 1 1 0 2  1문세영48255.573기입적86 95 958995.072.069.64555252450 7234048 02714293615 099 0→↘입13.837.038.813.5688936.737.9 74.2 74.7 50 50 5050   13.80   13.90 4 -3 -2NH동57.04851212-1.5 6.0 4.5575712 0연대우수승부최상43기 0 8 4     4 3 1①1:14.22½  -.413.837.613.4  0 -3  .00 1 1 -3  .0 81919 793 4 6 1 12 1 1.07 8.03     3.4  1.8   17.6   30.3   71.7  .05996 4 9 9 4☆ 2.238.20-1.07-1.1075.9536.2654.6569.6437597141.1267.0063.07 1
20250426토 1120011국611 8 1313 1강 1157맑음양호 9 8 1노프라블럼      페더럴리킬리의여 5831.00한거 3     9 4  69810:35 16500국6최용건피닉스   313 2 2 214 1 0 0 0  0씨씨웡48557.091하무보44 46 464087.076.066.62333 52450 7234041 02714212522      ↘↗선14.237.740.614.430 536.637.5 75.2 73.7  0  0  0 0   14.30   13.4020  7  2NB동       1212  .0 8.0 8.0171712 0최빈거리연대우수 1기 111 3     3 3 2①1:15.23    -.513.838.613.9 -3-14  .00 1 4 -4  .0 115 9 294 811 3 12 1 4.0111.03     2.2 14.8    8.6   28.9    6.9  .03770 1 8 8 1▲ 1.937.10-2.00-4.5877.3431.4451.1966.5637597128.8949.1631.24 1
20241208일 1120011국651 610314혼전 4455맑음다습13 8 1노프라블럼      페더럴리킬리의여 5831.00한수 2     2 6 109710:35 24750국6최용건(주)나스-114 1 1 114 1 0 0 0  0마이아49955.093평무보   35 3540  .074.057.73246201244 42336323327143533 7      ↘→선14.236.738.514.4    37.340.6 77.8 77.8              14.20   14.70        NN동       12 0                 0 0일반주행마방기습 1기 0 4 9     7 7 8⑧1:17.810   2.414.240.514.7  0  7  .00 8 8  0 2.58955909018 3 3 5 10 1 7.0310.09     7.0 30.0   52.9  150.7   73.410.63584 3 7 9 3▲ 1.839.40 -.39 2.6375.6129.5146.8857.70376072 9.2418.8031.67 4
20261004일 8180012국2 4 2  5 0혼전 4451           8 2스터닝머니      경부대로더파워오 9747.00한거 5 0 0   1    015:40110000국O김동균박준배   1 016 71226 6 4 826  0루이스   54.063우입하50 77 776944.052.021.42143101751 62033235019 8192617 05050↗↘입14.441.239.813.34265                   52 52  026   15.30   14.3010 -1  0HH동55.24962018-2.0 4.0 2.0878714 0탐색주행연대우수 1   0 2                            15.3    14.3        .0                      12 4 4 7  8                                              .03763 1 6 6 1―  .239.80 -.05     118.9 6.3613.7521.40 41118 5.8810.8318.48 9
20260725토 9180011국234 4 85 1혼전 4451맑음다습10 8 2스터닝머니      경부대로더파워오 9747.00한거 5 0 0 9 1  165      495002등김동균박준배   1 115 61126 5 4 825  0루이스49954.063우입보48 48 486430.045.018.82143101751 62033235019 8192617 05050↗↘입14.440.240.013.3485741.241.7117.3119.4 52 52  026   14.50   14.10 4 -8  2HNDN55.24962018-1.8 4.2 2.4848414-2연대우수가격혈통35관 1 3101010 8 6 7⑧1:57.33    1.815.341.414.3  4 -4  .09 8 4  1 1.85984789031 7 3 9 80 7 9.07 9.07 2.0 3.8 32.2  270.4  636.5  229.2  .03242 1 5 4 1― -.240.80  .2239.16118.6 4.5211.0618.80 2 510 3.7310.5316.71 8
20260627토 9200010국251 2105 2혼전 4451맑음건조 4 8 2스터닝머니      경부대로더파워오 9747.00한거 5 0 1 9 1   72      495002등김동균박준배   1 214 5 126 4 4 824  1루이스50352.563우입보61 86 866470.059.032.02143101751 62033235019 8192617 05050↗↘입14.439.740.613.4274940.238.7131.9131.2 48 35  430   14.10   13.70 4  2 -1BUUP55.24962018-1.8 4.2 2.4848413 1연대우수연대우수74기 111 5 6 6 6 6 7⑨2:11.9½   1.714.539.614.1  6  0  .01 9 3  1 1.95184183731 6 7 2 42 6 1.04 5.09 3.5 8.1  3.5   13.6   19.0   48.7  .03755 0 8 7 0▲  .640.00 -.4050.93131.810.9020.3432.04 9223516.0028.5738.34 3
20260530토 9190010국211 9 65 3혼전 4451맑음양호 7 8 2스터닝머니      경부대로더파워오 9747.00한거 5 0 0 9 1   52      495002등김동균박준배   1 313 4 126 3 4 723  0루이스50353.063우입보62 78 788163.057.036.02143101751 62033235019 8192617 05050↗↘입14.439.540.813.4396140.039.3126.5125.1 50 50  536   14.50   13.10 6  5 -5LHUP55.24961918-1.8 4.2 2.4848413 1마방기습연대우수43기 0 9 4 4 4 3 3 2②2:06.57     .014.139.913.7  0  2  .00 2 2 -1 1.33365224495 7 2 4 52 5 1.02 8.09 1.3 3.7  1.3    3.7    4.2   14.112.73778 2 7 8 2▲  .741.10  .0644.84124.411.3624.1035.97 8172910.9923.5835.29 3
20260418토 9180011국452 1105 4 1강 1151맑음건조 4 8 2스터닝머니      경부대로더파워오 9747.00한거 5 0 0 2 1  114      41250국4김동균박준배   1 412 31026 2 4 622  0루이스50158.063우입상88 93 937580.057.037.72143101751 62033235019 8192617 05050↗↘입14.440.240.213.4534540.438.9117.0118.7 48 52 1043   14.50   13.50 6 -3  4HB동55.24961818-1.8 4.2 2.4848413 0승부최상마방기습44기 0 4 5 5 5 5 4 2②1:57.09     .014.538.513.1 -1  0  .00 2 3 -2 1.64161101375 8 4 1 32 4 1.03 9.04 2.2 5.3  2.2    8.3   12.2   65.1  .03479 1 8 6 1▲  .640.70 -.2638.31118.713.6624.6037.7012264018.9233.4946.15 3
20260308일 9180011국453 3105 5 3강 3361맑음다습12 8 2스터닝머니      경부대로더파워오 9747.00한거 5 0 0 2 1  107      41250국4김동균박준배   1 511 2 926 1 3 621  0루이스50154.063우입보57 67 676670.061.035.42143101751 62033235019 8192617 04456↗↘입14.440.040.513.3663040.838.8116.4117.5 45 55  540   14.90   13.40 5 -3 -1NH동55.34951818 -.6 3.6 3.0737313 0부중효과승부최상92기 1 7 7 7 6 6 4 1①1:56.42    -.314.539.413.5 -4 -5  .00 1 5 -1  .01073 91992 5 7 6 42 3 5.06 7.02 4.410.6  7.9   30.9   63.7  207.112.14591 3 8 9 3▲ 1.040.80 -.2237.03118.711.9723.6935.41 9223512.4023.2432.79 4
20260131토 9180011국333 5 85 6혼전 4451맑음건조 2 8 2스터닝머니      경부대로더파워오 9747.00한거 5 0 0 9 1   86      41250국3김동균박준배   1 610 1 826 1 3 620  0송재철50654.576우입상63 82 826566.053.033.31745 81751 6203316 819 8192520 05050→→입14.440.140.413.3593740.439.9118.8118.9 47 58  532   14.60   13.30 5  6 -3BH동55.44941818 -.2 2.8 2.6767614 0적정체중부중효과 5관 010 7 7 6 7 7 4④1:58.81¼   .414.939.913.4 -2 10  .00 4 6  2  .94756363971 6 8 3 53 1 1.05 3.06 2.0 4.1  2.0    9.2   12.6   10.2  .02585 1 7 7 1△  .340.80 -.1838.42118.711.2023.3133.27 8172910.5321.2034.91 5
20251227토 8180011국454 4 55 7혼전 4451흐림다습14 8 2스터닝머니      경부대로더파워오 9747.00한거 4 0 0 9 1   9916:05 33000국4김동균박준배   1 7 9 7 726 2 2 619  0루이스49657.063우입보57 62 622352.050.034.62143101751 62033235019 8192617 04357↗↘입14.339.840.713.4761739.839.9116.8118.6 44 61  628   14.80   13.90 5  1 -1HN동55.24941818 -.4 3.0 2.6737314 0최근최상보통주행48기 0 4 9 7 7 5 3 1①1:56.85    -.914.639.913.3 -3  0  .00 1 4  1  .03633372395 6 5 6 52 2 4.08 4.02     3.6 11.5  245.7  552.6  351.7  .02258 1 6 6 1―  .141.10 -.2238.08118.710.5622.8034.60 8172912.3319.5430.96 5
20251122토 9180011국450 6105 8혼전 4448맑음건조 3 8 2스터닝머니      경부대로더파워오 9747.00한거 4 0 0 2 1  10217:00 33000국4김동균박준배   1 8 8 6 626 1 2 618  0루이스49657.563우추하18 41 416646.052.035.62143101751 62033235019 8192617 04357↗↘입14.239.940.613.3722739.541.5118.1118.3 41 41  635   14.30   14.60 7 -6  0HL동55.24941814 -.8 3.0 2.2767613 0연대우수연대우수78기 0 3 4 4 5 3 2 2④1:58.11     .414.840.713.9  1-11  .00 4 3  1 1.02421765770 2 5 4 42 1 1.02 7.08     5.9  2.7    6.1    9.7    8.8  .03764 1 6 6 1―  .241.00 -.2537.79118.713.2225.1635.58 9223518.7528.8141.18 2
20251003금 8180011국441 8 95 9 3강 3355흐림다습11 8 2스터닝머니      경부대로더파워오 9747.00한거 4 0 0 1 2  235      33000국4김동균박준배   1 9 7 5 526 2 2 617  0김동수50757.568우추보39 58 585749.047.024.4 8 0 01942102033195019 8102127 04357↘↗추14.240.140.513.3573039.841.6119.9120.4 41 41  635   14.70   13.50 6  6  1LL동55.24941814 -.6 3.2 2.6646413 0연대우수연대우수26관 0 9 6 5 5 6 5 5⑥1:59.9¾   1.114.341.814.6  4  5  .09 6 2 -1 3.97831766548 4 5 3 52 9 1.03 3.05 3.3 7.5  3.3    7.9   13.9   10.5  .03740 0 6 4 0― -.241.00 -.0139.80118.8 6.5015.2724.35 6152613.5127.1038.25 3
20250824일 81800 9국412 2 1510 1강 1151맑음건조 4 8 2스터닝머니      경부대로더파워오 9747.00한거 4 0 0 2 2  351      33000국4김동균박준배   110 6 4 426 1 2 516  0김동수50256.568평추하35 41 415316.049.028.8 8 0 01942102033195019 8102127 04357↘↗추14.240.440.313.3384539.640.5117.2118.8 38 44  638   14.00   14.10 5 -4 -1HN동55.24941814 -.8 3.6 2.8676713 0일반주행연대우수44기 1 3 6 6 6 3 3 2②1:57.210    .014.739.313.5 -1  5  .00 2 3  1 1.73724523176 8 3 4 52 8 1.03 7.03 1.5 2.8  1.5    3.6    4.6    3.7  .03737 0 5 5 0― -.240.50 -.1538.08118.8 6.3916.8128.80 81729 4.1212.9723.35 5
20250720일 71800 9국431 6 3511혼전 4451맑음포화17 8 2스터닝머니      경부대로더파워오 9747.00한거 4 0 0 2 3  43915:15 33000국4김동균박준배   111 5 3 326 1 2 515  0김용근49757.587우추보49 66 667061.054.038.6183110214411203324 019 8312714 04357↘↗선14.240.340.213.2384938.842.3117.6120.0 40 47  040   15.00   13.40 4  3  2NBUP55.24941814-1.6 4.4 2.8676713 1전개최상작전마주60기 1 7 4 3 3 4 3 5④1:57.62½  1.414.041.314.1  2 -1  .00 4 2  0 1.669 5866040 6 3 2 62 1 4.01 1.05     2.7 10.9    9.2   32.0   62.8  .03473 0 7 6 0―  .340.80 -.3139.45118.713.0426.7238.55 5132311.2726.2540.54 4
20250622일 61700 8국442 6 4512 2강 2258맑음다습13 8 2스터닝머니      경부대로더파워오 3938.00한거 4 0 0 2 3  52014:25 33000국4김동균박준배   112 4 2 226 7 2 414  0김동수49856.070우추상78 84 849290.064.076.41850 92144112033195019 8102127 05050→↘추14.239.840.413.1488040.240.1111.8113.7 36 50  043   14.50   14.60 5 -6  4HNDN55.14931814-1.6 4.6 3.0676713-1연대우수전개최상77기 0 4 7 7 6 5 5 3②1:51.8¾    .015.039.313.4  0  0  .00 2 2 -3  .15665263288 8 1 1 13 7 4.02 7.04     3.4  6.0    8.9   20.1   97.5  .04288 3 8 8 3▲ 1.141.30 -.7633.53113.233.0556.2176.3834536545.0777.8590.00 1
20250518일 6180011국452 910513혼전 4451맑음다습11 8 2스터닝머니      경부대로더파워오 9747.00한거 4 0 0 2 4  62014:25 33000국4김동균박준배   113 3 1 226 6 1 413  0김동수49852.565우추상74 65 658866.059.030.71433 91850112033195019 8102127 04060↗→추14.140.639.813.0207639.840.9118.1118.6 31 54  046   14.30   13.40 5  8 -5BU동55.64921814-1.2 4.8 3.6626218 0연대우수연대우수41관 010 3 3 3 4 3 1①1:58.1목    .014.541.814.6 -4 10  .00 1 5  2  .03132624792 8 2 5 52 6 5.0210.06     6.3  8.7   23.8   56.8   46.412.73780 2 7 9 2▲  .740.30 -.1038.16118.7 9.2319.9830.74 8172910.1022.4434.37 4
20250412토 41800 9국541 6 4514 2강 2259흐림양호 7 8 2스터닝머니      경부대로더파워오 9747.00한거 4 0 0 2 4  73715:55 24750국5김동균박준배   114 2 6 126 5 1 312  0김동수48857.065우추보62 49 498264.052.035.91433 91850112033195019 8102127 02575↗→추14.040.739.613.0148539.740.0118.2117.8 25 50  050   15.90   13.30 5 -9  0HLUP55.34931814-1.2 4.2 3.0777713 1연대우수연대우수 1기 0 2 2 3 4 5 4 3②1:58.23     .014.340.213.4 -1 -6  .00 2 3 -1  .61231382284 7 1 3 32 5 1.03 5.02     3.8  1.8    4.1    7.1    9.0  .03756 0 7 5 0―  .340.10 -.1937.49118.710.6722.9135.8915294410.9124.2440.96 4
20250308토 4170011국551 210515 3강 3351맑음다습11 8 2스터닝머니      경부대로더파워오 3938.00한거 4 0 0 2 5  84213:35 24750국5김동균박준배   115 1 5 126 4 1 311  0김동수49457.068우추하84 79 799070.060.039.21233121340 62033195019 8102127 02575↘↗추14.040.240.212.9249541.040.4111.2113.4 27 55  055   14.80   13.50 6  2  0VLUP55.34931714-1.2 3.8 2.6787813 3연대우수연대우수 1기 0111111111111 8④1:51.24    1.915.939.213.3  0  5  .00 4 4  0 1.9479134662410 1 1 33 4 1.02 3.02     6.4  2.5    6.4   10.7   22.010.93772 1 7 7 1△  .740.90 -.0233.04113.413.7927.2339.1914294622.5439.1651.28 2
20261004일 8180012국2 4 2  3 0혼전 4451           8 3럭키파티        퍼지    몬스터퀸 3833.00한수 5 0 0   1    015:40110000국O박재우럭키팜   3 016161232 4 5 232  0조한별   56.059우입보50 60 60 723.040.013.91427102045 9221822262216122118504010↗↘입14.039.540.013.43057                   32 46 1121   14.00   13.40 7 -1  4HBDN53.65072018-1.2 5.6 4.4666617-2뒷심문제최근최상 1   0 3                            14.0    13.4        .0                      10 5 910 11                                              .02842 0 4 3 0― -.640.00  .55     118.3 3.55 7.8013.89 1 4 8 3.68 8.6615.6410
20260817월 9200011국221 5 73 1혼전 4451비  다습13 8 3럭키파티        퍼지    몬스터퀸 3833.00한수 5 0 0 2 1  105      495002등박재우럭키팜   3 11515 632 3 4 231  0조한별51252.559평입상46 41 414528.049.029.21427102045 92218222622161221185644 0↗↘입14.039.640.613.4254939.538.2129.9128.1 30 44 1119   14.10   13.80 7  1  0HH동53.75062018 -.4 5.6 5.2595917 0선행무리탄력호조 5   0 4 7 7 7 5 5 4①2:09.91¾  -.314.039.313.4 -3  3  .00 1 4 -2  .0 161 71095 5 5 7 4310 4.06 4.08 3.3 6.6  7.5   35.4   80.0   48.9  .03145 1 5 5 1―  .139.90 -.2747.93131.7 8.2918.2829.18102236 8.1118.7128.16 5
20260627토 9200010국251 2103 2혼전 4451맑음건조 4 8 3럭키파티        퍼지    몬스터퀸 3833.00한수 5 0 0 9 1  112      495002등박재우럭키팜   3 21414 532 2 4 230  0조한별50952.559평입상40 59 594320.044.020.51427102045 92218222622161221185644 0↗↘입14.039.640.713.4294939.538.4131.0129.9 31 50 1923   14.20   12.90 5 -3  0HHUP53.75062018-1.2 6.0 4.8616117 4뒷심문제급신장세44기 0 3 1 2 2 2 2 3⑤2:11.03     .814.139.213.8 -1 -8  .00 5 6 -1 1.02659131556 4 8 7 81 9 1.04 5.09 3.5 8.1  3.5   13.6   19.0   48.7  .02835 0 4 3 0― -.440.00 -.1149.58131.8 5.6812.1920.46 2 714 5.0010.2019.17 9
20260523토 7160010국211 5 13 3 3강 3351맑음다습13 8 3럭키파티        퍼지    몬스터퀸 4842.00한수 5 0 0 2 1   74      495002등박재우럭키팜   3 31313 632 1 4 229  0조한별51752.560평입하27 32 321510.037.017.81427102045 92218222622161221185644 0↗↘입14.036.739.313.4434536.838.8100.6102.7 28 56 1224   14.10   13.10 4  3  0NHUP53.75062018  .2 5.4 5.6464617 4연대우수보통주행73기 0 6 7   7 7 6 6③1:40.6½    .014.238.212.9 -4  5  .00 3 7  2 1.83767273184 8 6 8 83 8 1.03 3.09 1.2 2.8  1.2    4.5    5.1   28.9  .03230 0 3 4 0― -.739.30  .4126.67103.0 4.7810.5817.77 1 510 2.33 6.4310.03 8
20260426일10120011국244 2 43 4 3강 3351맑음건조 3 8 3럭키파티        퍼지    몬스터퀸  640.00한수 5 0 0 9 1   61      495002등박재우럭키팜   3 41212 232 1 4 228  0임기원51252.588평입보54 57 575034.054.028.01838 82045 92218253822162333165644 0↘↗입14.037.438.113.5407337.938.7 74.8 77.0 29 58 1329   14.20   13.80 4 -5  0HHDN53.75062018 -.4 6.4 6.0444417-8일반주행연대우수10관 0 3 8     8 8 8⑦1:14.81    1.314.137.613.1  2 13  .00 7 5 -1 1.47681466642 8 2 5 50 2 3.0110.04 2.4 3.6  5.7    8.2   17.8    5.0  .03757 0 5 6 0―  .338.40  .31 1.4975.78 7.3517.2128.00 61526 3.3911.3019.76 6
20260328토10200011국243 4 93 5혼전 4451맑음건조 3 8 3럭키파티        퍼지    몬스터퀸 3833.00한수 5 0 0 9 1   75      495002등박재우럭키팜   3 51111 432 1 4 227  0조재로49952.588평입보40 27 274035.053.027.63453142045 9221817 022161926225644 0→↘입14.039.441.213.4393039.839.6131.8130.9 30 61 1330   13.80   14.00 4  5  0LH동53.75062018 -.8 6.6 5.8424217 0일반주행보통주행58기 2 8 6 7 7 7 7 6⑥2:11.83     .814.240.613.8  0 -3  .00 6 6  2 1.04874395257 5 8 8 60 2 4.03 4.03 2.3 4.6  8.6   21.7   38.3   10.112.73170 2 6 6 2―  .340.30 -.4850.31132.0 8.7818.2827.60 51323 5.2215.0422.81 6
20260228토10200011국242 3 43 6혼전 4451맑음건조 3 8 3럭키파티        퍼지    몬스터퀸 3833.00한수 5 0 0 9 1   85      495002등박재우럭키팜   3 61010 332 1 4 226  0임다빈50252.574평입상18 28 283018.044.017.91329 72045 9221812 022161424245644 0→↗추14.039.641.113.4253039.039.2131.2129.9 32 55 1427   14.00   13.40 7  0  0HH동53.75062018 -.6 6.8 6.2434317 0적정체중급신장세78기 1 3 3 5 6 7 4 5⑤2:11.21     .913.840.114.0  1 -2  .00 5 4 -4 1.12536271956 71110 90 110.0111.07 2.9 3.4 39.2   49.0  168.6  226.3  .02546 0 4 3 0― -.340.00 -.2949.17132.1 4.22 9.8917.87 1 4 8 3.8810.3915.83 9
20260111일 8200010국252 7103 7혼전 4451맑음양호 6 8 3럭키파티        퍼지    몬스터퀸 3833.00한수 5     2 1  108      495002등박재우럭키팜   3 7 9 9 232 1 4 2 0  0조재로50452.588평입하33 40 404038.048.028.33453142045 9221817 022161926225644 0→↘입14.039.441.113.5433439.539.1131.5130.8 33 67 1419   14.40   12.50 5 -1  1HNUP53.75062018  .4 5.6 6.0464617 2일반주행보통주행 5기 0 3 3 4 3 3 5 4③2:11.52½   .414.039.413.4 -5-12  .00 3 8  4 1.24060232673 7 7 7 62 1 3.05 4.10 2.3 5.8  5.1   17.9   32.6  100.3  .01544 0 5 4 0― -.140.30 -.4250.31131.9 7.3917.9628.30 51120 7.0615.7322.50 6
20251207일11180010국233 4 83 8 3강 3359흐림양호 9 8 3럭키파티        퍼지    몬스터퀸 3833.00한수 4 0 0 1 1   8818:00 495002등박재우럭키팜   3 8 8 81132 3 4 224  0조한별51652.059평입보 6 13 132810.038.022.51427102045 92218222622161221185644 0↗↘입14.039.940.613.3563039.642.8120.9120.8 35 65 2030   15.00   13.50 5  2 -1HU동53.75062018 -.4 6.2 5.8545417 0일반주행보통주행49기 0 4 3 4 3 5 6 7⑦2:00.96    3.514.343.114.8  3  4  .00 7 4 -6 5.48526918513 5 4 4 52 7 2.0110.03     3.3  3.1    3.3    6.9    3.6  .01832 0 3 4 0― -.641.30  .0440.30118.7 5.4412.5022.52 61526 4.6211.6818.06 5
20251101토11180011국213 2 63 9 3강 3351흐림건조 5 8 3럭키파티        퍼지    몬스터퀸 3833.00한수 4 0 0 1 1  166      495002등박재우럭키팜   3 9 7 71032 2 4 223  0조한별51252.559우입보32 37 374011.031.012.91427102045 92218222622161221185644 0↗↘입14.039.940.313.3604540.440.9118.6121.0 42 63 1632   14.30   14.40 4 -4 -1HH동53.75062018 -.6 4.8 4.2656517 0일반주행보통주행58기 1 21110 9 91011⑨1:58.6코   1.515.039.713.5 -1  0  .00 910  3 1.68658636536 7 3 8100 6 5.02 1.09 1.2 3.7 16.2   47.3  131.0   12.2  .01831 0 3 3 0―-1.041.30  .3640.80118.6 2.30 6.4212.91 1 3 6 2.73 6.9613.39 9
20251004토10180011국234 8 8310 1강 1151맑음다습10 8 3럭키파티        퍼지    몬스터퀸 3833.00한수 4 0 0 1 2  222      495002등박재우럭키팜   310 6 6 932 1 4 222  0조한별51253.059우입하53 31 314817.036.016.2 833 41660 52218222622161221185644 0↗↗입14.040.139.913.3456539.642.3118.1120.1 44 67 1733   14.10   14.20 4 -5 -2NHUP53.75062018 -.6 4.2 3.6737317 4연대우수작전마주71기 1 6 6 7 7 7 6 5⑤1:58.1¾   1.214.342.114.4 -2  2  .00 5 7  4 1.47327867849 9 1 6 80 5 6.02 1.03 2.2 4.7 18.7   28.1   84.9   75.7  .03244 0 4 3 0― -.941.00  .3540.10118.5 4.18 8.6816.16 2 510 2.52 7.5916.52 8
20250906토 6140011국222 4 7311혼전 4451비  다습13 8 3럭키파티        퍼지    몬스터퀸 4842.00한수 4 0 0 1 2  32117:00 825002등박재우럭키팜   311 5 5 232 1 4 221  0임기원51055.083강입하90 84 847558.059.029.43045271660 52218253822162333165644 0↗↘입14.037.038.713.3516937.440.4 87.3 89.5 44 67 1733   13.60   13.40 7 10  0VNDN53.75062018-1.6 4.4 2.8767617-2편성탐색연대우수 5   01110     9 8 8⑪1:27.3머리 2.214.139.314.2  8  4  .0211 3 -2 2.36564788320 8 2 4 60 1 1.07 1.10     3.0  1.6   30.6   37.0   25.3  .03781 1 7 7 1△  .739.00  .3313.8088.38 8.7918.9329.36 51323 6.9915.8325.63 6
20250719토 91600 9국253 2 5312 1강 1151흐림포화17 8 3럭키파티        퍼지    몬스터퀸 4842.00한수 4 0 0 2 3  44618:00 495002등박재우럭키팜   312 4 4 532 1 4 220  0장추열50655.093우입하70 58 581544.047.028.72948 51328 3221832 022162027225644 0↘↗입14.036.539.313.3565336.839.1 99.5102.0 47 65 1835   14.00   13.80 8  0  1UNDN53.75062018-1.4 4.8 3.4717117-4직전탐색조교부실24관 0 1 4   4 4 4 5⑦1:39.52½   .813.637.913.4  2 -5  .00 7 5  3 1.22274394955 5 5 5 62 1 1.07 3.06     4.8  2.7   26.9   35.5   23.7  .03754 0 6 7 0― -.239.30  .2426.20102.9 6.6917.4328.65 51323 6.5613.1624.15 6
20250524토10200011국222 3 7313혼전 4451맑음다습12 8 3럭키파티        퍼지    몬스터퀸 3833.00한수 4 0 0 2 4  60518:00 495002등박재우럭키팜   313 3 3 132 1 4 219  0코지  51154.585우입상93 91 917976.058.039.6325619225010221824 022162331195644 0↗↘입14.039.440.313.3466939.739.5131.8131.1 47 65 1835   14.30   13.20 8 -8  3UNUP53.75062018-1.6 4.0 2.4818117 2일반주행작전마주49기 0 1 5 5 6 6 6 6⑧2:11.8목   1.914.039.213.8  6  4  .01 8 2  0 2.24869344428 2 3 1 32 1 1.05 4.03     3.9  1.6    9.3   10.6   22.110.53576 3 8 8 3▲  .840.30 -.2551.42131.313.1726.1239.5812264020.9336.6750.52 1
20250329토10180011국233 3 8314 1강 1159맑음건조 3 8 3럭키파티        퍼지    몬스터퀸 3833.00한수 4 0 0 9 4  77318:00 495002등박재우럭키팜   314 2 2 832 4 4 118  0조한별50752.068우입보67 60 607367.048.025.11950112250102218222622161221185050 0↘→입13.939.940.013.3616139.938.9116.5117.3 44 63 1931   14.40   13.60 5  0  0LU동53.95061818-1.2 3.6 2.4828217 0유망전력작전마주 1기 0 9 2 2 2 2 2 2②1:56.51     .014.339.013.2  0 -3  .00 2 2 -5  .2 63710 586 3 1 2 61 4 1.02 6.09     5.1  2.7    5.1    8.7   23.3  .03355 0 7 6 0―  .040.90  .1837.41118.5 6.7815.8025.11 7172820.6333.7849.60 2
20250222토11180011국213 4 6315혼전 4451맑음건조 3 8 3럭키파티        퍼지    몬스터퀸 3833.00한수 4 0 0 9 5  87818:00 495002등박재우럭키팜   315 1 1 732 3 4 117  0조한별51052.061강입상87 89 895976.055.032.81767 92540192218222622161221185050 0↗↘입13.939.740.213.3775339.840.7118.6119.4 47 67 2033   14.00   12.80 4  4 -2BU동53.95061818 -.4 3.2 2.8797917 0마방승부마방선전 1기 1 9 5 5 5 5 5 7⑥1:58.6¾   1.214.440.813.6 -1 -6  .00 6 7  4 1.25634574347 2 7 1 62 3 3.01 5.02     7.5  6.6    8.2   22.8   11.310.53677 3 8 8 3▲  .641.30 -.0139.52118.512.0021.8732.77 5132315.9328.4540.72 2
20261004일 8180012국1 4 2  2 0혼전 4451           8 4강나루          레볼루셔금순이엄 9331.00한수 4 0 1   1    015:40110000국O함완식배태후   0 016 2 817 4 5 518  1김태훈   58.070우입보50 58 586931.035.0 9.91856 721521015 012 02011122521144329↗→입14.138.840.213.37157                   80 73 2073   13.90   14.50 7 -3  5VB동54.15121818 -.2 4.4 4.2646413 0일반주행보통주행 1   0 4                            13.9    14.5        .0                       5 81011  4                                              .01543 0 4 4 0―-1.040.20  .78     118.1 1.57 4.68 9.88 0 2 4 2.94 7.9414.2211
20260816일 9180011국151 1102 1혼전 4451흐림다습13 8 4강나루          레볼루셔금순이엄 9331.00한수 4 0 1 2 1  115      605001등함완식배태후   0 115 1 717 3 5 517  1김태훈51653.070우추상85 87 875366.043.015.41856 721521015 012 02011122521144329↗→입14.139.839.813.2698338.842.6116.9119.4 86 79 1479   14.40   13.3014  6 -1LH동54.15121818  .2 2.8 3.0747418 0부중유리휴양탐색 5   0 7 4 4 4 4 5 8⑧1:56.91½  1.413.941.514.5 -1 -8  .00 8 9  6 3.060 6896741 5 3 3 82 3 3.0710.09 2.9 5.4  6.5   33.4   77.0   41.5  .03140 0 6 2 0― -.541.20  .4939.80118.4 2.69 7.9415.36 2 714 7.1917.2327.75 6
20260509토 91800 9국212 3 12 2 3강 3362맑음건조 5 8 4강나루          레볼루셔금순이엄 9331.00한수 4 0 1 2 2  252      495002등박병일배태곤   0 214 6 617 2 4 516  1김태훈52454.076우추하28 23 236837.042.023.91740 81933 5222120 02314122521 05033↘↗입14.040.139.913.2517639.338.7116.0116.6 85 77  869   14.10   14.10 7 -1 -1UHUP54.15101814  .8 2.4 3.2717113 4일반주행거리속성59기 1 1 3 3 1 1 1 1①1:56.011  -2.014.439.113.3 -2 -2  .00 1 3 -3  .0 217 6 199 6 2 6 41 2 3.05 1.05 1.6 3.0  6.2   45.3   89.6   60.5  .02049 0 5 6 0― -.340.60  .1736.57118.5 6.2013.8223.89 61526 5.2616.4929.47 5
20260321토11140011국214 1 12 3혼전 4451맑음건조 5 8 4강나루          레볼루셔금순이엄 5535.00한수 4 0 1 2 1  136      495002등박병일배태곤   0 313 5 417 1 4 515  1김태훈52655.071강추하93 89 898662.053.023.71856 71333 6222120 02314122521 05033↗→입14.037.038.613.2539137.440.0 88.2 90.0 83 92  875   14.30   15.30 5 -4  1HNDN54.15101814  .8 1.4 2.2848413-4승부최상우수능력59기 0 2 9     6 6 7⑦1:28.2코   2.114.139.614.1  1 -1  .00 7 6  4 2.57668687623 7 2 5 62 1 1.05 1.03 1.3 3.2  1.3   11.9   13.3   13.710.53475 1 6 7 1△  .339.10  .5214.3888.32 6.4914.6223.74 51323 7.2616.8626.15 5
20260214토10180011국220 2 72 4혼전 4451맑음건조 3 8 4강나루          레볼루셔금순이엄 9331.00한수 4 0 1 2 1   85      495002등박병일배태곤   0 412 4 517 1 4 514  1마이아52754.093강추보68 77 777471.062.033.73453131333 62221 0 023143533 7 05033↘↗선14.040.339.813.0378738.842.7117.5118.4 92 83  883   14.50   13.60 7 -1 -2NH동54.15101814  .6 1.2 1.8878714 0유망전력승부최상70기 0 6 2 3 2 2 2 2⑦1:57.5머리 1.114.341.815.3  5 -5  .06 7 2  1 2.029 6907051 6 4 4 51 1 1.04 9.01 2.3 3.7  2.3   11.6   17.5   54.2  .04591 3 7 7 3△ 1.040.60 -.0838.29118.611.0222.3233.6912264015.6525.6438.57 3
20251227토11180011국212 2 62 5혼전 4431흐림다습14 8 4강나루          레볼루셔금순이엄 9331.00한수 3 0 1 9 1  138      495002등박병일배태곤   0 511 3 417 4 4 513  1문정균53256.075강추보94 91 918775.056.035.61118 61333 6222119152314131923 05033↘↗추14.040.439.713.1319140.139.3117.0119.1 92 83  883   14.20   12.70 4  3  3LN동54.15101814  .6 1.2 1.8878714 0편성불리거리속성 5기 1 7 9 9 8 910 7⑥1:57.01¾   .614.539.413.6  5  3  .09 6 1 -1 1.15244201663 8 1 2 33 4 7.10 8.10 1.9 5.5 17.3  149.5  241.9  470.810.53172 2 8 8 2▲  .740.60 -.1338.97118.611.2423.8935.6215294417.0031.3941.86 2
20251129토11180010국253 1 52 6혼전 4451흐림다습10 8 4강나루          레볼루셔금순이엄 9331.00한수 3 0 1 9 1   7818:00 495002등박병일배태곤   0 610 2 317 3 4 512  1문정균52953.075강추보60 81 818577.058.043.81118 61333 6222119152314131923 05033↘↗추14.040.239.913.2458039.839.3114.7117.2 82 82  982   14.30   13.10 4 -5  1HN동54.15101814  .6 1.2 1.8878713 0부중유리거리속성53기 1 4 8 8 8 8 8 5③1:54.7¾    .114.238.412.7  1 10  .00 3 2  0  .1 533181075 8 1 4 33 3 1.03 2.10     3.3  2.3    8.9   12.8    7.0  .04181 3 8 8 3▲  .940.50 -.3137.10118.616.9131.1743.7712264016.6728.3339.32 1
20251101토11180011국213 1 62 7 3강 3351흐림건조 5 8 4강나루          레볼루셔금순이엄 9331.00한수 3 0 1 1 1  166      495002등박병일배태곤   0 7 9 1 217 2 4 411  1문정균51952.075강입하96 98 989088.059.044.91118 61333 6222119152314131923 06020↘↗추14.040.139.913.1478339.739.7117.1119.5 80 90 1090   14.20   13.80 5  5 -6BU동54.55081814  .6 1.0 1.6909013 0승부조율거리속성62기 2 9 6 6 6 6 7 5②1:57.1½    .014.338.513.1  0  1  .00 2 2  1  .15830291477 8 1 1 23 2 5.02 1.09 1.2 3.7 16.2   47.3  131.0   12.2  .04890 3 9 9 3▲ 1.040.90 -.3139.50118.518.8932.9044.8914294627.2746.0958.93 2
20250927토 9180010국343 4 42 8 1강 1159맑음다습11 8 4강나루          레볼루셔금순이엄 9331.00한수 3 0 1 9 2  255      41250국3박병일배태곤   0 8 8 4 117 1 4 310  1문정균51857.576강입보98 93 937386.052.030.52467 01933 5222119152314131923 06020→↘추14.040.539.713.1269139.039.7117.0117.7 78 89  0**   14.60   12.70 6 -4  2VBUP54.55081814  .4 1.0 1.4929213 2연대우수거리속성74기 1 4 3 3 2 2 2 2②1:57.04     .014.240.013.8  1  1  .00 2 1  0  .7111029 589 9 1 1 41 1 2.01 8.04 2.0 3.1  3.7    3.1    7.1   10.7  .03275 0 7 5 0―  .440.30 -.0437.54118.6 8.9719.9830.5210203328.9250.2961.70 1
20250816토 91600 9국321 3 22 9혼전 4451맑음다습10 8 4강나루          레볼루셔금순이엄 5535.00한수 3 0 1 2 2  38018:00 41250국3박병일배태곤   0 9 7 3 417 9 4 2 9  1김정준51756.081강입하99 96 961581.062.035.92364 81933 5222122382314132026 06020↘↗추14.036.838.813.2358937.436.5101.7101.2 75 88  0**   13.90   13.20 7  4  1BN동54.55081614  .2 1.2 1.4929213 0승부최상연대우수48기 0 8 6   6 7 7 3②1:41.7머리  .014.637.012.7  1  7  .00 2 1  0  .0 495 1 282 6 2 1 43 9 2.01 9.08     2.2  3.3    2.2    5.0    4.610.53768 2 8 8 2▲  .938.80  .1625.56102.811.2723.3135.9212264022.6842.3653.11 1
20250628토 7160010국322 1 7210혼전 4451맑음다습11 8 4강나루          레볼루셔금순이엄 5535.00한수 3 1 1 9 3  50816:30 41250국3박병일배태곤   010 6 2 317 8 4 1 8  1김정준51055.575강입보99 98 981584.068.049.1274018387520222122382314132026 06020→↘추14.036.738.813.2418936.738.3100.4101.5 71 86  0**   14.20   12.70 4 -2  3VN동54.55081614  .0 1.2 1.2949413 0승부최상승부최상52기 1 4 5   5 7 7 3②1:40.43     .013.938.313.2  1  3  .00 2 1  0  .61066182076 7 1 1 13 8 2.01 6.04     3.8  3.7    3.8    8.4   10.110.56794 4 9 9 4☆ 1.838.80 -.1026.00102.824.5438.0449.1334536515.7032.4846.55 2
20250601일 81600 8국313 3 6211 3강 3351맑음건조 3 8 4강나루          레볼루셔금순이엄 5535.00한수 3 0 1 1 3  57616:05 41250국3박병일배태곤   011 5 1 217 7 3 1 7  1김정준50753.075강입보99 98 981589.066.076.9274018387520222122382314132026 075 0→↘추14.036.438.913.3598736.937.4100.6101.1 67 83  0**   13.90   13.3012  5 -2LU동54.95091614  .4 1.2 1.6919113 0승부최상승부최상68기 3 6 6   6 6 5 4①1:40.61¾  -.314.237.212.7  0-10  .00 1 1  0  .0 480 4 592 4 1 1 13 7 1.04 6.03     3.7  1.6    5.7    7.2    5.911.27096 4 9 9 4☆ 1.838.90 -.6725.81102.635.4260.3576.9118405432.6354.3575.86 1
20250309일 7160010국412 4 1212 1강 1151맑음양호 8 8 4강나루          레볼루셔금순이엄 5535.00한수 3 0 1 2 5  82915:15 33000국4박병일배태곤   012 4 1 117 6 2 1 5  1김정준51654.568강입보99 99 991592.066.072.6185614265015222122382314132026 067 0→→추13.936.838.813.3388936.138.2100.7101.0 60 80  0**   14.30   12.80 4 -6 -2UHUP55.05061614 -.6 2.6 2.0868613 2승부최상승부최상 1기 0 1 4   4 4 3 1①1:40.76   -1.013.938.013.3  0 10  .00 1 1  0  .0 32915 596 6 2 1 12 6 1.04 1.07     2.8  1.5    9.4   12.3    9.1  .04591 4 9 9 4☆ 1.638.80 -.7125.44102.837.0259.4872.6037607236.6361.3175.26 1
20250208토 5140011국512 6 6213혼전 4451맑음건조 5 8 4강나루          레볼루셔금순이엄 5535.00한수 3 0 1 1 5  92813:35 24750국5박병일배태곤   013 3 2 317 5 1 1 4  1김정준50656.568강입보98 97 978483.069.057.6185614265015222122382314132026 050 0→→추13.937.138.913.4409337.237.2 88.1 87.0 50 75  0**   14.20   13.50 4  5  3BL동54.35071414 -.8 3.0 2.3838313 0승부최상승부최상 1기 1 7 5     5 4 2①1:28.12½  -.414.337.612.8  0  2  .00 1 1 -1  .0 251 1 192 3 4 1 12 5 1.03 7.11     4.7  1.6    4.7    6.1   28.810.54594 4 9 9 4☆ 1.638.40 -.6110.9688.5929.3647.4757.6137557025.2942.9341.82 1
20250112일 3140010국521 6 7214혼전 4451맑음건조 4 8 4강나루          레볼루셔금순이엄 5535.00한수 3 0 0 2 5  98511:25 24750국5박병일배태곤   014 2 1 217 4 1 0 3  0김정준50453.568강입보97 97 978883.066.062.2185614265015222122382314132026 0 0 0→→추13.737.238.913.5369337.038.2 88.5 87.7 33 67  0**   13.70   13.30 4  1 -2VUUP55.05091412-1.0 3.3 2.3838314 1연대우수승부최상 1기 2 2 4     4 4 3②1:28.51¾   .014.238.613.5  0 -5  .00 2 2  1  .3 84312 784 4 2 1 22 4 1.02 5.02     2.8  1.6    2.8    3.6    8.710.55197 4 9 9 4☆ 1.638.40 -.7811.5588.6626.5347.7662.2418405425.8848.8160.70 2
20241214토 21300 9국620 5 7215혼전 4451맑음양호 8 8 4강나루          레볼루셔금순이엄 5535.00한수 2 0 0 2 6 108611:00 24750국6박병일배태곤   015 1 3 117 3 0 0 2  0김정준50955.068우입보83 99 999078.069.045.41733141850 4222122382314132026      ↗→추13.737.538.813.5469637.537.7 82.4 81.6  0 50  0**   13.80   13.80 4 -5  0HHDN       1412-1.5 4.5 3.0767614-1연대우수연대우수 1기 1 1 3     3 5 2①1:22.42½  -.413.738.713.3  0 12  .00 1 1  0  .0 546 5 492 8 3 1 40 3 1.05 1.05     2.7  2.4    9.3   18.0   21.310.53788 3 9 8 3▲ 1.539.20 -.10 5.3282.8415.2631.6645.37 9223514.5328.0725.30 2
20261004일 8180012국2 4 2  4 0혼전 4451           8 5클러치매직      언캡처드템파르니 5626.00한수 3 1 1   1    015:40110000국O리카디홍애란   0 0 9 1 3 8 9 5 0 8  1빅투아   55.091강선보50 79 797780.061.032.830521335531336504245372522281799 0 0→→선13.739.341.013.59437                   88 75 7538   14.10   13.20 7  3 -2NH동55.95182013-1.2 3.0 1.8898914 0전개최상연대우수 1   0 5                            14.1    13.2        .0                       913 3 3  9                                            12.73779 2 9 9 2▲  .941.00 -.12     118.712.1422.9032.8112264015.4425.9934.12 2
20260817월 8180010국314 5 14 1 1강 1151비  다습13 8 5클러치매직      언캡처드템파르니 5626.00한수 3 1 1 2 1  106      41250국3리카디홍애란   0 1 8 4 2 8 8 4 0 7  1빅투아51956.591강선보91 94 949793.070.079.830521335531336504245372522281799 0 0→→선13.739.341.313.5953039.338.8116.0117.0 86 71 7129   13.90   13.90 7 -4 -1HN동55.85182013-1.0 3.2 2.2868614 0연대우수전개최상 5   0 2 1 1 1 1 1 1①1:56.06   -1.114.138.213.2  0 -2  .00 1 1  0  .0 515 9 198 110 1 11 8 1.05 2.01 1.5 3.0  1.5    8.7   10.8   15.0  .04893 4 9 9 4☆ 2.041.40-1.2736.37118.842.1769.1479.7837597139.3369.6179.00 1
20260627토 8180011국512 7 64 2 1강 1147맑음건조 4 8 5클러치매직      언캡처드템파르니 5626.00한수 3 1 1 9 1  113      33000국5리카디홍애란   0 2 7 3 1 8 7 3 0 6  1빅투아52157.591강선상60 64 648586.068.061.430521335531336504245372522281799 0 0→→선13.639.341.313.3963738.641.1116.4117.2 83 67 6717   13.20   14.50 3  4  1LBDN55.25172013-1.2 3.4 2.2868614-2연대우수연대우수64기 0 6 1 1 1 1 1 1①1:56.46   -1.113.940.213.9  0 -5  .00 1 1 -9  .0 4 4652098 111 2 11 7 1.05 6.11 1.2 3.5  1.2    8.0    9.8   12.5  .04190 3 9 9 3★ 1.541.40 -.8436.57118.829.1749.8061.4137557034.2953.0968.24 1
20260607일 8200014국423 3 74 3혼전 4451맑음양호 6 8 5클러치매직      언캡처드템파르니 5626.00한수 3 1 1 1 1   23     385000국4리카디홍애란   0 3 6 2 1 8 6 3 0 5  1빅투아52657.091강선보97 99 996981.064.034.130521335531336504245372522281799 0 0→→선13.739.041.513.3725338.040.9131.6131.7100 80 8020   14.20   13.70 5  0  4HBUP55.25172013 -.4 2.4 2.0919114 3전개최상연대우수 5   0 2 1 1 1 1 1 3⑤2:11.65    1.013.240.714.5 -5  3  .00 510  9 1.162 4653351 514 1 31 6 1.03 6.03 2.5 6.9  2.5   10.9   15.5   57.210.53767 1 9 9 1▲ 1.040.80 -.5651.22131.913.0223.9634.1012264014.2928.0130.22 1
20260502토 8170010국441 5 44 4 1강 1151흐림건조 3 8 5클러치매직      언캡처드템파르니 4330.00한수 3 1 1 1 1   93      33000국4리카디홍애란   0 4 5 1 1 8 5 2 0 4  1빅투아52353.591강선상99 99 999793.068.072.030521335531336504245372522281799 0 0→→선13.639.041.113.3958539.440.1110.9111.9100 75 7525   13.70   14.2014 -1 -3HUUP56.05151713 -.5 2.8 2.3909014 3전개최상전개최상58기 0 2 1 1 1 1 1 1①1:50.94    -.714.239.313.7  0  5  .00 1 1 -1  .0 52421 896 1 4 1 11 5 1.07 2.04 1.9 3.5  1.9   30.4   38.9   27.9  .06297 4 9 9 4☆ 1.841.80 -.6131.76113.139.0361.2272.0437557027.7852.5065.29 1
20260125일 4140011국521 8 24 5 1강 1151맑음건조 3 8 5클러치매직      언캡처드템파르니 4330.00한수 3 0 0 2 2  269      24750국5리카디홍애란   0 5 4 2 1 8 4 1 0 3  0빅투아51856.090강도보96 95 959893.071.069.028401731531136504245372522281799 0 0→→선13.636.539.413.5818036.038.9 87.7 86.9100 67 6733   13.30   13.50 5 -3  3VNUP56.05111413 -.3 3.0 2.7878713 1전개최상전개최상 5기 0 3 1     1 1 1①1:27.77   -1.213.739.414.2 -1  5  .00 1 2  0  .0 1 531 498 1 4 2 11 4 2.03 3.01 1.4 1.9  3.8   11.0   18.2  117.9  .06298 4 9 9 4☆ 1.939.00 -.8511.0088.5231.1553.7669.0437557030.1758.8873.75 1
20251220토 5130011국543 1 44 6 1강 1151흐림포화16 8 5클러치매직      언캡처드템파르니 4330.00한수 2 1 1 2 1  10313:35 24750국5리카디홍애란   0 6 3 1 2 8 3 1 0 2  1빅투아51353.591강추보93 99 999893.069.064.430521335531336504245372522281799 0 0→→선13.436.739.113.4909536.339.2 79.3 81.5100 50 5050   13.30   14.00 3  5 -3NU동56.05111312-1.0 3.5 2.5878713 0승부최상전개최상37기 0 6 2     1 1 1③1:19.31     .013.338.113.5  1  2  .00 3 2  0  .7 5 3511076 1 4 1 11 3 1.0410.07     3.5  2.2    6.5   10.2    7.0  .06297 4 9 9 4☆ 2.040.00 -.32 5.7082.5234.9454.5764.3737607226.1249.2252.61 1
20251130일 11300 9국632 3 84 7 3강 3351흐림다습10 8 5클러치매직      언캡처드템파르니 4330.00한수 2 0 0 9 1   77      24750국6리카디홍애란   0 7 2 2 1 8 2 0 0 1  0빅투아51156.091우추보61 96 968686.071.065.3305213355313365042453725222817      →→선15.038.539.113.3 39836.339.3 80.6 81.4100  0  0**   15.00   13.70 4 -6  0HHUP       1312-1.0 5.0 4.0777712 1마방연대승부최상68기 0 1 2     2 1 1①1:20.64    -.613.339.114.0 -1  9  .00 1 2 -3  .0 2 3511092 9 3 1 11 2 2.09 1.06 1.6 3.3  4.9  213.2  407.2  287.4  .05996 4 9 9 4☆ 1.938.20-1.45 3.7683.6826.7348.4065.2714294628.5750.8943.94 1
20251102일 1120012국632 9 84 8혼전 4451맑음양호 7 8 5클러치매직      언캡처드템파르니 6620.00한수 2     1 1  165      24750국6리카디홍애란   0 8 1 1 1 8 1 0 0 0  0빅투아50256.091평무보87 25 2589  .070.040.9305213355313365042453725222817      →→선14.537.138.312.8879538.837.2 77.2 75.7              14.50   13.10 4  0  0LL동       12 0         3.0     0 0일반주행마방연대44기 0 711    1211 5④1:17.2½    .115.038.313.7 -1 -5  .00 4 5  0 1.63597 54678 4 210 33 1 7.01 8.10 1.8 5.0 22.7   15.6   56.4   20.912.72980 2 8 8 2▲ 1.438.40 -.01  .3375.7214.4929.1040.90142946 8.8717.6047.39 6
20261004일 8180012국1 4 2  2 0혼전 4451           8 6용암세상        투아너앤찬란한여 6435.00한거 5 0 0   1    015:40110000국O임채덕조금제   2 01615 522 2 6 321  0임다빈   58.074우선보50 61 619054.054.026.41329 7 856 310 822 0 7 014242460 030→↗추13.738.139.713.03765                   47 59 4147   13.60   14.20 4  3  2NB동55.54662012  .0 5.2 5.2676710 0선행반복작전마주 1   0 6                            13.6    14.2        .0                       1 1 8 6  3                                            12.73271 2 7 7 2△  .539.70  .77     117.7 7.7417.4226.39 51323 5.8815.8824.88 5
20260905토 5180012국154 1102 1혼전 4451맑음양호 9 8 6용암세상        투아너앤찬란한여 6435.00한거 5 0 0 1 1   58      825001등임채덕조금제   2 11514 422 1 6 320  0임다빈47656.074우선보58 61 617552.051.023.81329 7 856 310 822 0 7 014242456 033→↗추13.740.439.613.0267338.141.6115.3117.7 50 56 3850   14.30   12.00 4 -2  2HNUP55.44652012  .8 4.6 5.4606010 6트립손실작전마주 5   0 3 1 1 1 1 1 1⑤1:55.3¾    .313.640.914.2 -2  6  .00 5 7  3  .414 1761971 9 2 6 71 2 5.01 8.07 2.8 5.3 11.0   10.4   25.9   14.812.73474 2 6 6 2―  .240.40  .1737.69118.5 7.0215.5223.83 41118 7.5614.2924.37 7
20260809일10120011국153 1 52 2혼전 4441맑음건조 2 8 6용암세상        투아너앤찬란한여 6229.00한거 5 0 0 1 1   72      605001등배휴준조금제   2 21413 622 1 6 319  0조상범47054.058우선보59 59 596519.031.0 8.6 928 6 940 7 9 6 5 5111113211656 033↗→입13.737.137.613.0539538.136.8 73.5 75.7 53 67 4047   13.50   14.90 3  0 -1NHDN55.44652012 -.2 4.6 4.4626210-6일반주행작전마주58기 0 5 8     7 7 8⑦1:13.5코    .314.335.812.0  3 -7  .00 7 4  0  .43889 11473 7 2 7110 1 5.01 6.02 2.6 4.6 10.3    9.2   28.8   18.6  .02045 0 3 4 0―-1.338.40 1.30 1.0075.33  .88 3.27 8.60 0 2 4 2.99 8.2313.8610
20260719일 91800 9국114 4 12 3 1강 1158맑음다습14 8 6용암세상        투아너앤찬란한여 6435.00한거 5 0 1 2 1   22      605001등배휴준조금제   2 31312 322 1 6 318  1임다빈47755.074우추보54 34 346420.037.020.31329 7 940 7 9 6 0 0111114242456 033→↗추13.740.339.913.1315738.842.6117.0119.5 53 67 4047   13.80   12.80 5  0  3NNUP55.44652012 -.8 6.0 5.2505018 6일반주행최적거리 5   0 5 1 1 1 1 1 3⑦1:57.02½  1.213.542.814.9  3 -6  .05 7 4 -1 1.357 7886646 6 3 3 51 1 5.02 8.02 1.4 3.0 14.1   36.5   88.8  202.2  .01541 0 4 3 0― -.940.70  .2039.30118.6 4.5110.1020.31 81729 5.6211.1123.08 5
20260613토10120011국114 1 62 4혼전 4441맑음건조 3 8 6용암세상        투아너앤찬란한여 6229.00한거 5 0 1 2 1   91      605001등배휴준조금제   2 41211 522 1 6 317  1조재로48352.588우선보71 73 738958.053.031.7345314 940 7 9 619 7111119262256 033→↘입13.837.237.613.1459537.837.6 73.5 75.7 60 67 4047   13.70   13.70 5  2 -2NUDN55.44652012 -.8 6.0 5.2505010-2일반주행주력우수75기 0 5 6     7 6 6⑦1:13.5코    .913.836.512.8  2  9  .05 7 5  2  .9337811265410 1 3 40 4 1.06 4.11 1.5 5.1  1.5   12.4   16.4   40.0  .02480 1 7 6 1△  .338.30  .58  .9075.3910.9322.1931.73 92235 9.1719.3828.90 4
20260510일 8140011국114 4 12 5 3강 3351맑음건조 5 8 6용암세상        투아너앤찬란한여 5932.00한거 5 0 1 2 1   83      605001등배휴준조금제   2 51110 422 1 6 316  1임기원47454.589우도하47 49 499057.057.031.81838 8 940 7 9 6 0 0111123331656 033↘↗입13.736.938.313.0558036.939.4 87.4 88.8 64 71 4350   14.70   13.00 3 -7 -1HHUP55.44652012 -.8 6.0 5.2505014 2전개최상작전마주28관 0 3 5     5 5 5④1:27.41½   .313.739.213.7  1  2  .00 4 3 -2  .43839473873 8 1 5 42 1 7.04 7.06 1.6 3.2 24.7  175.9  482.1  168.011.83485 2 7 8 2▲  .739.00  .5613.5588.04 8.8320.3331.75 61526 6.8514.4423.25 6
20260418토11120011국154 2102 6 3강 3351맑음건조 4 8 6용암세상        투아너앤찬란한여 6229.00한거 5 0 1 2 1   52      605001등배휴준조금제   2 610 9 422 1 6 315  1조재로47255.588우선보90 79 799467.057.027.1345314 940 7 9 619 7111119262256 033→↘입13.737.037.612.9629737.838.1 74.5 76.4 69 77 4646   14.20   12.40 6  8  3BN동55.44652012-1.0 5.2 4.2585814 0편성불리전개최상78기 01011    1110 9⑥1:14.5목    .814.737.213.0  1  4  .00 6 5 -2  .8628025465910 1 8 53 3 3.08 6.09 2.3 5.3  6.0   52.2   92.7   23.412.24294 3 7 7 3△  .838.70  .84 1.7975.28 8.0516.8127.09 41121 7.2614.6625.00 8
20260308일10120011국124 1 72 7혼전 4431맑음다습12 8 6용암세상        투아너앤찬란한여 6229.00한거 5 0 1 2 1  106      605001등배휴준김학록   1 7 9 8 322 1 6 314  1김정준46852.574우선하76 64 648833.036.010.61434 9 940 7 9 0 5 0111113202663 025↗↗추13.736.937.612.9779637.937.1 72.9 75.1 75 75 4242   13.90   12.90 4 -4  0UU동55.84652013 -.4 4.0 3.6666618 0전개최상작전마주34관 0 2 9    1010 9④1:12.91     .714.236.012.4 -3 -7  .00 4 7  3  .91782 31560 8 1 8 83 1 2.01 5.03 2.1 3.4  4.0    3.4    7.8    6.9  .03462-2 4 4-2▽-1.138.40 1.36  .6075.22 1.81 4.8110.64 2 714 4.9212.4520.28 8
20260208일10120011국153 1 52 8혼전 4451맑음건조 2 8 6용암세상        투아너앤찬란한여 6229.00한거 5 0 1 2 1   53      605001등배휴준김학록   1 8 8 7 222 2 6 313  1조재로47552.588우도상94 94 949782.062.035.4345314 940 7 9 019 0111119262263 025→↘입13.736.737.612.9909137.238.3 73.5 75.7 73 82 5545   13.40   13.40 5  4  0NUDN55.84652013 -.6 3.4 2.8767614-4교체성공전개최상52기 0 6 5     6 7 7⑥1:13.52½  1.413.937.312.9  2  1  .00 6 4  0 1.63647312839 5 1 3 40 2 5.02 3.01 3.1 5.0  9.1    7.7   24.7   27.910.54283 2 8 8 2▲  .938.80  .78 1.4075.1113.3524.5635.3812264016.8032.1642.52 2
20260104일 8160010국124 2 72 9혼전 4451맑음다습12 8 6용암세상        투아너앤찬란한여 5932.00한거 5 1 1 1 1   87      605001등배휴준김학록   1 9 7 6 122 1 6 212  1조재로47452.588우도보61 50 501563.056.036.9345314 940 7 9 019 0111119262257 029→↘입13.735.938.612.9896935.839.7 98.7101.2 70 80 5060   14.30   13.5011 -8 -5UUDN56.24632013 -.2 2.8 2.6797918-4숨은복병작전마주82기 1 2 1   1 1 1 1②1:38.7½    .013.438.513.4 -2 -1  .00 2 4 -6  .0 517543478 2 2 7 31 1 2.04 7.02 2.1 2.4  2.4    8.8   16.1   13.0  .03586 3 8 9 3▲  .938.60  .6426.70102.212.1624.4036.9214294410.1023.2629.53 4
20251019일 8200013국142 1 4210혼전 4451맑음포화16 8 6용암세상        투아너앤찬란한여 6435.00한거 4 1 1 2 2  22416:055500001등배휴준김학록   110 6 5 222 1 6 210  1이혁  46457.080강선하95 91 917965.057.028.11335 5 850 2 9 02840111128211857 029↘↗선13.738.841.212.5864940.439.1130.2131.7 78 89 5667   13.20   13.90 5  9  5BNUP56.24632013  .0 1.2 1.2969614 6전개최상외곽불리 5   010 91012131210⑧2:10.21¼  2.814.339.113.5 -2 -5  .00 810  9 2.96290255011 212 6 4311 3.04 7.01     3.3  4.8   16.7   35.9   15.410.53575 3 7 8 3▲  .741.00 -.1351.74131.5 8.5018.5728.12102236 7.4119.7927.02 4
20250914일11140011국144 1 9211혼전 4451맑음다습12 8 6용암세상        투아너앤찬란한여 5932.00한거 4 1 1 2 2  285      605001등배휴준김학록   111 5 4 322 1 6 2 9  1송재철46952.077강도보99 99 999981.063.053.3192814 850 2 9 0 0 0111119252057 029→→입13.736.538.212.5888936.139.9 85.6 87.8 89 89 5667   13.40   14.0017-10 -5UUDN56.24632013  .0 1.2 1.2969614-6승부최상전개최상62기 0 1 2     2 3 4⑦1:25.6코    .913.238.913.9  6  4  .03 7 1  0 1.610 5683055 4 1 1 11 1 2.0311.03 3.0 4.8  3.2    4.8    8.5   26.110.54893 3 9 9 3★ 1.239.20  .3213.1087.7025.3042.5453.3334536525.8845.7454.92 1
20250518일 7200011국312 8 6212혼전 4451맑음다습11 8 6용암세상        투아너앤찬란한여 6435.00한거 4 1 1 2 4  619     110000국O서범석김학록   112 4 3 122 1 5 2 8  1이혁  46557.083강선보98 99 999085.066.047.81430 8 933 320 91540181728211850 033→↗선13.739.040.612.5786937.840.4129.4128.9 88 88 5075   13.80   13.60 7  3 -1VNUP56.14632013  .0 1.2 1.2969614 2여유우승승부최상 5   011 3 3 3 2 2 2①2:09.44    -.713.440.414.0  0  0  .00 1 1  0  .0 8 2581899 2 4 2 1110 1.0411.03 1.6 7.5  1.6    8.2   12.2   29.210.55391 3 9 9 3★ 1.340.60 -.3849.25131.219.7837.1947.7834536521.9733.8544.76 1
20250330일10180011국314 5 6213혼전 4451맑음건조 3 8 6용암세상        투아너앤찬란한여 6435.00한거 4 1 1 9 4  76317:30 41250국3곽영효김학록   113 3 2 222 1 4 2 7  1문정균46558.063강선하94 96 968379.059.046.81650 72250 924251917281913192340 040↗↘추13.739.740.012.5796138.939.2116.3116.6 86 86 4371   14.10   14.80 5  3  1LB동55.74631813  .2 1.2 1.4939318 0승부최상작전마주 1기 0 8 1 1 1 1 1 1①1:56.38   -1.413.839.613.6  0 -9  .00 1 1  0  .0 2 814 198 2 5 1 21 1 1.07 8.04     7.1  2.2   17.3   24.3   38.410.53479 2 8 8 2▲  .741.00 -.2636.93118.417.6934.5046.7619375426.3240.2253.79 1
20250223일 9180011국334 9 8214혼전 4451맑음건조 3 8 6용암세상        투아너앤찬란한여 6435.00한거 4 1 1 9 5  86917:00 41250국3곽영효김학록   114 2 1 122 9 4 1 6  1이혁  47457.588강선보96 96 968286.067.057.62555 330691324253640281928211840 040↗→선13.639.939.412.5638938.342.1118.3117.9 83 83 3383   13.60   13.80 5  2 -1NNUP55.74631813  .2 1.4 1.6909014 4전개최상승부최상 1기 0 5 2 2 2 2 2 1②1:58.32     .014.142.914.8  1  4  .00 2 1  0  .414 2854193 5 1 1 11 9 8.01 8.05     3.8 35.9   24.3  109.4  145.810.55992 4 9 9 4☆ 1.840.90 -.4038.56118.329.6547.1357.6337607223.5340.0052.89 1
20250118토 9140011국451 5 5215 1강 1157맑음건조 4 8 6용암세상        투아너앤찬란한여 5932.00한거 4 1 1 2 5  96817:00 33000국4곽영효김학록   115 1 3 222 8 3 1 5  1이혁  47058.089강추보97 98 989894.069.064.62555 330691324253640281928211825 050↗→선13.836.738.112.5729436.437.8 87.1 86.5 80 80 2080   14.10   12.30 3 -3  4HBUP55.14611413  .5 1.3 1.8888812 2전개최상전개최상 1기 0 3 1     1 1 1①1:27.110  -1.813.638.213.8  0 -7  .00 1 1 -1  .0 112 6 197 2 1 1 11 8 1.03 3.08     3.1  2.0    5.6    8.2   12.6  .06098 4 9 9 4☆ 1.938.70 -.0511.6787.7730.6750.2364.6334536536.4362.8849.59 1
20261004일 8180012국1 4 2  3 0혼전 4451           8 7서니로드        투아너앤픽셔널리 6435.00한수 5 0 0   1    015:40110000국O이동국김길중  -1 016 51424 1 6 124  0오수철   58.061기선적50 39 39 0 7.030.0 6.5 733 51363 610 8 5 018111122158911 0↘↗입13.938.840.714.050 7                   40 40 5535   13.90   16.90 4  5  2NB동54.24882018-1.0 8.0 7.0404012 0능력한계기복전력 1   0 7                            13.9    16.9        .0                       6111313  1                                              .012 3-3 1 1-3▼-1.540.70  .72     118.3  .69 2.84 6.45        .74 2.89 7.1113
20260905토 5180012국154 1103 1혼전 4451맑음양호 9 8 7서니로드        투아너앤픽셔널리 6435.00한수 5 0 0 1 1   58      825001등이동국김길중  -1 115 41324 1 6 123  0다실바48756.084기선보 7  2  2 5 4.031.0 7.31663 61363 610 8 0 018112127138911 0↗↗선13.940.140.614.0481238.847.8123.5125.9 42 42 5337   15.20   15.3015 -7 -2HNDN54.24882018-2.6 8.6 6.0505018-2일반주행휴양불리 5   0 2 3 3 3 71112⑫2:03.5대차 8.513.947.116.9  4-11  .0012 8 -3 8.699 59999 1 71012120 1 5.01 8.07 2.8 5.3 11.0   10.4   25.9   14.8  .01516-3 2 1-3▼-1.541.70  .3545.19118.8  .82 3.27 7.31 0 0 1  .84 2.52 5.8812
20260517일 7200013국133 5 83 2혼전 4451맑음건조 3 8 7서니로드        투아너앤픽셔널리 6435.00한수 5 0 0 2 2  295     1100001등이동국김길중  -1 214 3 124 1 6 122  0조재로49858.087기선적25 15 1526 9.033.0 8.22443 7 725 010 8354018111926228911 0→→입13.838.940.714.0753440.543.5137.9136.0 44 44 5028   14.50   14.2011  5  5LBUP54.24882018-2.4 8.0 5.6545412 2일반주행휴양불리 5   0 9121213131311⑪2:17.99    6.515.244.515.3  0  6  .001111  1 7.495909396 4 1 61110014 2.0613.11 2.9 5.8  4.3   24.7   39.5  284.2  .01528-3 3 2-3▼-1.441.10  .5856.36131.2 1.86 3.67 8.16 1 4 8 1.55 3.82 7.9112
20260301일 9180011국154 1103 3혼전 4451맑음건조 3 8 7서니로드        투아너앤픽셔널리 6435.00한수 5 0 0 1 2  220      605001등이동국김길중  -1 313 21224 1 6 121  0송재철49253.076기선적24  9  930 4.029.0 9.4192814 725 010 817 018111925208911 0→→입13.939.740.314.0732739.742.0117.3119.5 47 53 4135   14.40   15.00 4 -1  1HN동54.24881818-1.2 7.6 6.4505018 0교체실패기복전력54관 0 410 910 9 8 7⑦1:57.32½  2.114.540.814.2 -3 -6  .00 710  5 2.76335817524 4 711110 4 1.0710.03 3.2 8.5  3.2   38.4   90.7  141.0  .02033 0 2 2 0―-1.441.30  .5139.51118.5 2.28 4.39 9.41 0 2 4  .88 2.67 6.1211
20260201일 9180010국123 1 73 4혼전 4451맑음건조 2 8 7서니로드        투아너앤픽셔널리 6435.00한수 5 0 0 1 1   44      605001등이동국김길중  -1 412 11124 1 6 120  0푸르칸49852.579기선적53 41 412621.034.011.42457151363 610 815 018111424218911 0↗→추13.939.540.514.0781740.142.6119.5121.4 47 47 5924   14.10   13.60 8 -5 -1NH동54.24881818 -.6 8.2 7.6363618 0마방승부기복전력 5관 0 5 3 3 4 3 5 9⑩1:59.55    3.514.442.015.0  5 15  .0210 5  3 3.691449089 9 3 8 9100 1 6.02 3.02 2.7 4.2 10.1   18.7   42.4   11.6  .02337-1 4 4-1▽-1.241.70  .4641.37118.5 2.03 6.7911.37 1 4 8 3.19 7.1816.29 9
20251207일11180010국233 7 83 5 3강 3359흐림양호 9 8 7서니로드        투아너앤픽셔널리 6435.00한수 4 0 0 1 1  15118:00 495002등이동국김길중  -1 511 81024 3 5 119  0송재철48353.076기선적10 24 247563.064.071.91745 81363 610 817 018111925208813 0→→입13.839.440.614.0821239.538.6115.5115.5 44 44 5025   14.10   13.60 5 -1  0VH동54.34881818 -.6 8.2 7.6363612 0걸음늘어마방승부33관 010 2 2 2 1 1 1①1:55.511  -1.914.138.913.6 -1  3  .00 1 2 -7  .0 120 7 199 1 3 3 21 3 2.0110.03     3.3  3.1    3.3    6.9    3.6  .04888 4 9 8 4▲ 1.441.10 -.9135.51118.529.2555.2871.8518405415.3836.5054.17 3
20251101토11180011국213 2 63 6 3강 3351흐림건조 5 8 7서니로드        투아너앤픽셔널리 6435.00한수 4 0 0 1 1  166      495002등이동국김길중  -1 610 7 924 2 5 118  0송재철48053.076기선적31 12 124014.042.020.91745 81363 610 817 0181119252099 0 0→→입13.939.540.613.9791239.240.3117.2119.6 40 53 4733   14.00   13.40 5 -1 -1VH동54.54901818 -.4 8.2 7.8303012 0숨은복병기복전력64관 011 3 3 3 4 3 2④1:57.2코    .114.139.113.6 -5  1  .00 4 9 -2  .26113461676 3 7 9 82 2 5.02 1.09 1.2 3.7 16.2   47.3  131.0   12.2  .02046 0 4 2 0― -.341.50  .2139.50118.6 5.6312.4520.93 1 510 2.73 6.0913.3910
20250928일 8180012국212 1 63 7혼전 4451흐림불량20 8 7서니로드        투아너앤픽셔널리 6435.00한수 4 0 0 9 2  246     110000국O이동국김길중  -1 7 9 6 824 1 5 117  0송재철47954.076기선보 5  1  13012.034.0 7.6192814 725 010 817 0181119252099 0 0→→입13.839.540.614.1781039.339.6115.0117.5 43 50 4336   14.10   15.20 4  8 -3VH동54.54901818  .2 6.4 6.6404012 0일반주행기복전력 5   012 5 3 3 3 5 5⑦1:55.01½  1.114.039.013.4 -4 -5  .00 711  3 1.1 81727 746 21112122 1 3.09 4.11 2.3 7.8  6.7   58.5  109.8   53.4  .01539-1 3 2-1▽-1.241.30  .5037.40118.6 1.00 4.05 7.64 0 2 4 1.52 4.44 8.8011
20250830토10180011국224 5 73 8혼전 4451맑음포화18 8 7서니로드        투아너앤픽셔널리 6435.00한수 4     9 2  33820:00 495002등이동국김길중  -1 8 8 5 724 1 5 1 0  0코지  48457.086기선적17 19 195640.052.028.1216010 725 010 8 0 0181123311999 0 0↗↗입13.839.540.314.1742538.644.0118.0120.5 46 54 3838   14.60   12.60 9 -5  3HBUP54.54901818  .0 5.0 5.0565612 4뒷심문제기복전력38관 0 4 5 7 6 4 5 8⑨1:58.03    2.114.142.815.2  1-10  .00 9 8  0 2.480 4968726 2 5 9 60 1 2.05 1.11     3.3  2.9   12.6   21.9   75.8  .02854 1 5 4 1―  .241.60  .1340.70118.5 8.6618.3128.07 51323 9.4120.5431.00 6
20250628토 9140011국234 2 83 9혼전 4451맑음다습11 8 7서니로드        투아너앤픽셔널리 5932.00한수 4 0 0 9 3  50618:00 495002등안해양김길중  -1 9 7 4 324 3 5 115  0조재로49454.087평선보29 31 314024.042.016.3274416 940 017191840211419262299 0 0↘→입13.836.539.214.1882237.942.0 90.2 92.4 50 58 4242   13.30   15.2011  5 -3LHDN54.54901818 -.2 4.0 3.8585814-2전개유리휴양불리34관 0 911    101011⑪1:30.210   3.815.541.215.4  3  4  .0011 8  3 4.297879598 7 4 6 9 9013 2.03 7.11     4.4  2.9    8.3   11.6   18.7  .02531-2 4 5-2▽ -.540.20  .6816.7088.38 2.88 8.5616.33 2 714 3.2010.0815.50 9
20250413일 7160010국243 6 4310 3강 3351맑음포화17 8 7서니로드        투아너앤픽셔널리 5932.00한수 4 0 0 2 4  72415:15 825002등안해양김길중  -110 6 3 424 2 5 114  0조재로49057.083우선상63 67 671546.046.019.02963111443 517191840211419262299 0 0↗↘입13.836.039.414.1821735.142.3101.3103.7 55 64 3645   14.10   14.50 7 -3  2HVDN54.54901818 -.8 3.4 2.6727214-2승부최상보통주행 1   0 4 2   2 1 1 3⑦1:41.32    1.713.341.915.2  2  3  .00 7 5 -4 1.873 1948531 2 7 8 8112 2.01 6.07     3.6  4.2    3.6    9.3   34.812.13450 0 6 6 0― -.239.40  .6628.30102.7 4.1210.7619.02 1 4 8 6.0011.5320.39 8
20250222토11180011국213 4 6311혼전 4451맑음건조 3 8 7서니로드        투아너앤픽셔널리 6435.00한수 4 0 0 9 5  87818:00 495002등안해양김길중  -111 5 2 624 1 5 113  0조재로48755.086우선하39 27 277756.056.036.61741 91138 417191840211419262299 0 0↘↗입13.839.739.513.7696539.441.3118.5119.3 60 70 4050   14.60   15.20 8  5  0NN동54.54901818 -.4 2.4 2.0797918 0승부최상승부최상 1관 1 7 3 3 3 3 2 3⑤1:58.51¾  1.114.141.414.5 -4  6  .00 5 9  4 1.15420714949 3 1 8 4211 3.01 5.02     7.5  6.6    8.2   22.8   11.3  .04591 4 8 8 4▲  .841.30  .1140.12118.212.7425.3136.64 81729 6.1916.3827.42 7
20241228토12180011국251 410312혼전 4451맑음건조 4 8 7서니로드        투아너앤픽셔널리 6435.00한수 3 0 1 9 6 103218:00 495002등안해양김길중  -112 4 1 524 1 5 112  1마이아48155.093강선보86 89 898883.064.043.73246201733131719 0 021143533 799 0 0↘→선13.839.739.613.7696139.943.0120.0121.0 60 70 4050   13.90   13.40 5 -6 -3HN동54.54901818 -.8 2.8 2.0797918 0승부최상승부최상 1관 1 2 7 6 6 8 9 9⑨2:00.05    3.614.643.115.2  4 -3  .02 9 5  3 3.78736929010 4 1 5 10 1 6.0410.04     7.5 10.5   27.1   60.5   43.310.56297 4 9 8 4▲ 1.541.50 -.0741.74118.318.1032.7743.6619375414.9726.7135.78 2
20241123토10180010국343 1 9313 2강 2258맑음건조 4 8 7서니로드        투아너앤픽셔널리 6435.00한수 3 0 0 2 6 114317:30 41250국3안해양김길중  -113 3 5 424 2 4 111  0조재로48457.587우선보84 81 818894.068.078.631412217331317191840211419262299 0 0↘↘입13.839.939.913.7574539.538.8117.1118.1 56 67 4444   14.00   12.70 4  7  6LB동54.04911812-1.2 3.8 2.6676714 0연대우수승부최상 1기 1 8 3 2 2 2 1 1①1:57.14    -.613.938.613.4 -1 -1  .00 1 2  1  .01822 9 293 4 1 1 1110 2.01 8.06     4.4  4.4    6.2   13.6    9.0  .05993 4 9 9 4☆ 1.840.90-1.0238.25118.541.2665.1678.5837607243.1271.2965.04 1
20241026토 9180011국353 310314혼전 4453맑음다습14 8 7서니로드        투아너앤픽셔널리 6435.00한수 3 0 0 9 7 123017:00 41250국3안해양김길중  -114 2 4 324 1 3 110  0조재로48552.081우선하69 54 547757.062.041.227561519601117191840211419262299 0 0↘↘입13.739.940.013.7524939.338.0113.7115.6 50 63 3838   13.80   13.70 4 -5  0UU동54.44921812-2.8 4.6 1.8828214 0승부최상연대우수 1   0 1 2 1 1 1 1 1①1:53.75    -.914.037.112.7  0 -6  .00 1 1 -2  .0 117 1 095 4 4 3 31 9 1.08 1.02     7.2  3.4   23.8   34.2   70.012.73779 2 8 9 2▲  .940.60 -.1935.68118.515.9229.1041.1712264012.9923.5333.94 2
20240928토11180011국313 2 6315혼전 4451맑음건조 5 8 7서니로드        투아너앤픽셔널리 6435.00한수 3 0 0 9 7 131518:00 41250국3안해양김길중  -115 1 3 224 1 3 1 9  0문세영49152.093우선하49 56 568763.062.046.94253 019601117194738211429361599 0 0↗→입13.640.139.612.8407338.841.0117.9119.5 57 71 2943   13.80   14.60 4 -4  0NUUP54.44921812-3.0 5.6 2.6777718 2탐색주행승부최상 1관 0 6 2 2 2 4 5 6⑤1:57.95    2.313.840.913.7  2 -3  .00 5 3  0 2.558 6652418 6 1 6 22 1 1.04 7.02     5.8  2.2    7.9   11.8   10.8  .04593 3 8 8 3▲ 1.140.90 -.2639.77118.418.0432.7046.9312264012.0526.7438.74 4
20261004일 8180012국1 4 2  2 0혼전 4451           8 8매글데이        애니기븐매글레브 2245.00한거 6 0 0   1    015:40110000국O이신우하늬바람 2 016 91743 6 7 743  0김정준   57.075평추보50 41 41 812.034.0 8.31434 92060 8192221221914132026 02569↗↗추14.041.940.113.41457                   38 43  551   15.60   13.60 4 -4  2NB동54.54642318 -.4 7.4 7.0353514 0최빈거리보통주행 1   0 8                            15.6    13.6        .0                      13 71212 19                                              .013 6-3 3 4-3▼-1.340.10 -.05     119.3  .85 3.15 8.26 0 0 1 1.47 4.33 8.5312
20260905토 5180012국154 1102 1혼전 4451맑음양호 9 8 8매글데이        애니기븐매글레브 2245.00한거 6 0 0 1 1   58      825001등이신우하늬바람 2 115 81643 5 7 742  0김정준47255.075평추보22 19 1942 8.035.010.11434 92060 8192221221914132026 02569↗↗추14.040.539.913.4176541.940.0116.3118.7 39 44  653   14.50   12.70 4  3  3VNUP54.54642318 -.2 7.2 7.0404014 6최빈거리보통주행 5   0121212121210 7⑥1:56.35    1.315.639.313.6 -3  4  .00 6 9 -1 1.4409535763910 4 9 9318 5.01 8.07 2.8 5.3 11.0   10.4   25.9   14.8  .01313 0 2 3 0―-1.140.40  .3738.29118.7 1.65 4.5510.05 1 4 8 1.68 5.0410.0810
20260809일10120011국153 1 52 2혼전 4451맑음건조 2 8 8매글데이        애니기븐매글레브 4521.00한거 6 0 0 1 1   72      605001등이신우하늬바람 2 214 7 143 4 7 741  0김정준46852.574평추보60 55 553721.040.011.71434 92060 8192221221914132026 02569↗↗추13.937.637.913.4179338.237.7 74.5 76.7 40 43  340   14.00   13.90 3  6 -1LHDN54.54642318 -.2 7.0 6.8343414-6숨은탄력보통주행51기 0 9 9     81010⑩1:14.53    1.314.536.712.7  0-10  .001010  4 1.4709113454411 7 810017 5.01 6.02 2.6 4.6 10.3    9.2   28.8   18.6  .01725-1 4 4-1▽ -.838.20  .77 1.2075.78 2.70 6.2111.65 1 4 8 2.24 5.7613.8611
20260719일 91800 9국114 3 12 3 1강 1158맑음다습14 8 8매글데이        애니기븐매글레브 2245.00한거 6 0 0 2 1   22      605001등이신우하늬바람 2 313 61543 3 7 740  0김정준47853.575평추보38 14 1448 4.033.011.51434 92060 8192221221914132026 02773↗↗추13.940.739.713.4 77639.940.2116.6119.1 41 53  344   14.60   14.40 3 -5  1HNDN54.64642318-1.2 7.8 6.6343410-2일반주행보통주행 5   0 3 4 7 6 7 7 7⑥1:56.61½   .814.040.413.9  0 -5  .00 6 6 -1  .94639413159 8 2 6 6016 5.02 8.02 1.4 3.0 14.1   36.5   88.8  202.2  .01513-4 2 3-4▼-1.540.30  .3438.70118.7 1.17 4.9111.46 51323 1.12 3.33 8.08 8
20260628일 92000 9국152 4 52 4 3강 3331맑음건조 3 8 8매글데이        애니기븐매글레브 2245.00한거 6 0 0 9 1   42      605001등이신우하늬바람 2 412 5 743 2 7 739  0김정준48352.575평추보38 37 375713.040.021.41434 92060 8192221221914132026 02773↗↗추14.039.940.013.4 28340.239.8131.4131.2 42 64  348   14.90   14.40 4 -1 -1NHDN54.64642318-3.0 8.4 5.4484810-3일반주행급신장세55관 0 8 6 7 7 7 7 7⑦2:11.46    2.014.640.814.4  0  4  .00 7 7  2 2.35283476428 7 3 5 7015 1.06 4.05 2.0 4.1  2.0   13.8   18.5   34.1  .01523-1 3 3-1▽ -.739.80  .0951.31131.4 6.1212.9621.36 41121 2.38 8.1414.83 7
20260531일 8230010국153 5102 5혼전 4459맑음양호 6 8 8매글데이        애니기븐매글레브 2245.00한거 6 0 0 9 1   43      605001등이신우하늬바람 2 511 4 243 1 7 738  0김정준47953.075평추보46 40 401530.048.038.91434 92060 8192221221914132026 02773↗↗추14.039.940.113.4 280        154.8      39 64  045   14.30   13.30 3  5 -1LHUP54.64642318-3.6 9.0 5.4555510 9일반주행단기승부38기 0 9 91010 9 8 7⑥2:34.84    2.814.940.714.4  1 -2  .00 6 5 -3 3.160982060   8 2 3 4014 1.03 2.10 3.2 6.5  3.2    6.9   12.8   29.3  .02045 0 5 6 0― -.140.10               10.7725.5538.92 92235 7.8119.7228.95 5
20260510일 8140011국114 4 12 6 3강 3341맑음건조 5 8 8매글데이        애니기븐매글레브 2235.00한거 6 0 0 2 1   43      605001등이신우하늬바람 2 610 3 443 1 7 737  0푸르칸48154.078우추보52 30 3030 9.029.0 8.52457152060 8192226291914142421 02971↗→추13.937.538.513.4 88537.838.6 87.5 88.9 41 59  053   14.90   13.80 3 -2 -3HHDN54.64622318-4.0 8.6 4.6585810-6숨은복병보통주행63기 0 411    1010 8⑥1:27.5목    .414.338.413.3 -2 11  .00 6 8 -1  .5428019387011 310103 1 7.04 7.06 1.6 3.2 24.7  175.9  482.1  168.0  .02046-1 3 4-1▽-1.338.40  .7012.8988.59  .80 3.09 8.49 0 2 4 1.37 3.61 9.0011
20260419일 7200010국151 2 52 7 2강 2251맑음건조 4 8 8매글데이        애니기븐매글레브 2245.00한거 6 0 0 2 1   45     2750001등이신우하늬바람 2 7 9 2 643 1 7 736  0장추열47057.093우추상73 61 617024.040.017.83049122060 8192229 01914202722 02971↘↗입13.939.940.113.4 38041.137.8132.3132.1 45 61  045   15.10   13.00 3 -1  5NHUP54.64622318-5.6 8.8 3.2747420 2일반주행최적거리 5   0 6 9 9 9 9 9 9⑨2:12.32½  3.314.938.713.8  0  4  .00 9 9 -1 3.46399 439 7 7 2 7 60 2 3.05 9.08 2.3 4.1  4.7   17.2   32.6   19.4  .02277 1 5 5 1― -.339.90  .1152.06131.5 3.62 9.5217.80 2 716 3.4211.4517.70 6
20260329일 9180011국154 1102 8혼전 4451맑음건조 3 8 8매글데이        애니기븐매글레브 2245.00한거 6 0 0 9 1   44      605001등이신우하늬바람 2 8 8 11443 7 7 735  0김정준46652.575우추상91 86 868739.045.021.81434 92060 8192221221914132026 02971↗↗추13.940.839.613.4 78541.238.7116.5118.7 47 60  343   15.00   13.00 4 -4 -6NHDN54.64622318-4.8 8.2 3.4707020-2착차만회우수능력69기 0 710101010 9 8⑤1:56.5½    .815.137.513.0 -5 -7  .00 510  0 1.24084 7255711 1 5 8313 2.01 6.03 2.7 5.6  4.6    5.6   13.2   10.9  .02571 1 6 8 1△ -.240.10  .1038.33118.7 5.5613.4121.83 2 510 6.7813.3920.00 9
20260228토10200011국242 3 42 9혼전 4451맑음건조 3 8 8매글데이        애니기븐매글레브 2245.00한거 6 0 0 9 1   85      495002등이신우하늬바람 2 9 7 7 543 6 6 734  0김정준47358.075평추상69 49 494729.052.026.61434 92060 8192221221914132026 03169↗↗추14.039.940.813.5 45340.537.2130.1128.8 45 59  741   15.40   13.80 2  4  0VLUP54.44612318-3.0 7.2 4.2606020 2조교만전최적거리43기 1111111111110 4①2:10.11½  -.215.038.113.0 -9  3  .00 110  2  .0 793 1109310 7 8 731210.0111.07 2.9 3.4 39.2   49.0  168.6  226.3  .02538 1 6 8 1―  .339.70 -.5148.07132.1 7.9417.0826.59 41118 3.8812.1219.17 8
20260214토10180011국220 5 7210혼전 4451맑음건조 3 8 8매글데이        애니기븐매글레브 2245.00한거 6 0 0 2 1   12      495002등이신우하늬바람 210 6 61343 5 6 733  0김정준47058.075평추상65 67 675062.065.043.71434 92060 8192221221914132026 03169↗↗추13.940.839.613.4 68041.139.0117.5118.0 46 57  746   15.40   13.20 3 -3  2NB동54.44612318-2.4 6.4 4.0555520 0최근최상조교만전84기 2 7 9 9101011 9⑥1:57.51¼  1.115.439.113.8 -2 -7  .00 6 8  2 2.0208113345110 3 6 2311 1.04 9.01 2.3 3.7  2.3   11.6   17.5   54.2  .04285 4 8 8 4▲ 1.440.00 -.4037.57118.716.3732.2943.66345365 7.8318.8029.14 6
20260125일 9180010국223 3 7211혼전 4451맑음건조 3 8 8매글데이        애니기븐매글레브 2245.00한거 6 0 0 2 1   44      495002등이신우하늬바람 211 5 51243 4 6 632  0김정준47756.575우추상58 49 49 531.041.015.81434 92060 8192221221914132026 03169↗↗추13.940.739.713.4 97641.838.8117.3118.3 44 56  744   15.30   13.10 4  0 -2VN동54.44612318-1.0 6.6 5.6454520 0최근최상최근최상 5기 010 910101010 4②1:57.36     .015.438.613.2 -4 -2  .00 2 6 -4 1.02993104783 9 2 8 8310 4.06 6.10 2.8 3.4  9.3   66.7  157.8  237.3  .02146 0 5 7 0― -.640.20  .2337.90118.7 3.68 8.6315.84 41118 3.57 9.6117.75 9
20251227토11180011국212 2 6212혼전 4451흐림다습14 8 8매글데이        애니기븐매글레브 2245.00한거 5 0 0 9 1   7518:00 495002등이신우하늬바람 212 4 41143 3 6 531  0김정준47958.075평추상51 21 213612.036.012.81434 92060 8192221221914132026 03367↗↗추13.940.740.113.4135741.239.0116.4118.4 42 54  831   15.20   13.60 4  1  2BB동54.14602318  .0 5.6 5.6454520 0최빈거리보통주행40기 0101010101011 5②1:56.42½   .015.338.913.1 -8-12  .00 210  3  .5318314377810 3 9113 9 7.10 8.10     5.5 17.3  149.5  241.9  470.8  .01317-1 2 3-1▽ -.840.20  .1937.62118.9 3.02 6.8112.75 0 2 5 2.00 5.3810.4711
20251129토11180010국253 1 5213혼전 4451흐림다습10 8 8매글데이        애니기븐매글레브 2245.00한거 5 0 0 9 1   7818:00 495002등이신우하늬바람 213 3 31043 2 6 530  0김정준49156.575우추보46 35 353118.028.0 7.51434 92060 8192221221914132026 03367↗↗추14.040.739.913.4116941.240.3116.1118.6 44 60  432   15.40   14.00 3  7  5LL동54.14602318  .0 4.6 4.6555510 0최빈거리보통주행50기 0 910101010 9 9⑥1:56.13    1.515.239.413.6 -1  6  .00 6 7  2 1.5328447703510 2 7 93 8 1.03 2.10     3.3  2.3    8.9   12.8    7.0  .01321-2 3 3-2▽-1.640.20  .3638.00118.8 1.28 2.42 7.51 1 4 8 3.7010.3016.24 9
20251109일111800 8국131 6 3214 1강 1151맑음건조 3 8 8매글데이        애니기븐매글레브 2245.00한거 5 0 0 2 1  133      605001등이신우하늬바람 214 2 2 943 1 6 529  0김정준48552.075우추보89 49 496552.041.031.41434 92060 8192221221914132026 03367↗↗추14.040.739.613.4 98340.840.6118.9119.5 46 63  433   14.80   14.50 2 -4  0UUDN54.14602314 -.6 4.6 4.0636310-5일반주행거리속성54기 1 2 8 8 8 8 7 7⑤1:58.94    1.115.439.714.0  0  0  .00 5 5  1 1.25972566850 7 1 6 50 7 2.01 8.06 2.1 2.5  2.8    2.5    4.5    9.112.03168 2 6 7 2― -.440.30 -.0739.24118.7 8.1418.3731.39 51323 7.3215.0428.25 6
20251026일112300 8국140 5 4215 3강 3351흐림양호 7 8 8매글데이        애니기븐매글레브 2245.00한거 5 0 0 9 1  177      605001등이신우하늬바람 215 1 1 143 1 6 528  0유승완48552.068우추보88 54 541537.038.028.51961 92060 8192221 01914152722 03367→↘입14.039.940.313.4 373        153.1      46 63  433   14.80   13.30 4  0 -4NUUP54.14602314-2.2 5.6 3.4757510 5편성탐색보통주행78기 2 6 7 7 7 8 7 6⑤2:33.19    1.914.840.814.5  1  6  .00 5 4 -3 2.146972746   7 2 4 50 6 5.03 3.05 2.0 3.0 16.3   37.3  115.7   19.7  .02962 1 6 7 1― -.740.30                8.9318.3728.53 81729 5.6818.8231.82 5
20261004일 8180012국1 4 2  3 0혼전 4451           8 9머스킷데이      머스킷맨꿈의실현 7122.00한수 4 0 0   1    015:40110000국O문병기(주)자성 0 016 3 717 2 7 117  0장추열   58.093강추보50 73 738178.062.034.13049122551 9262546562726202722142957↘↗입14.040.240.013.64761                   56 75 2544   14.80   13.80 7  5  5NB동55.14992018  .8 1.8 2.6808014 0승부최상연대우수 1   0 9                            14.8    13.8        .0                      11 6 5 2  8                                            12.73773 2 8 9 2▲ 1.040.00 -.11     118.612.7723.7534.1019375412.5023.1034.83 3
20260816일 9180011국151 4103 1혼전 4451흐림다습13 8 9머스킷데이      머스킷맨꿈의실현 7122.00한수 4 0 1 2 1  115      605001등문병기(주)자성 0 115 2 617 1 7 116  1장추열51353.093강추보86 82 828880.066.048.53049122551 9262546562726202722142957↘↗입14.040.239.913.6436940.240.8116.0118.5 60 80 2747   14.20   14.50 7  1  1HNDN55.14992018  .8 1.8 2.6818114-2전개최상승부최상 5   0 4 9 9 9 9 7 6③1:56.03     .514.839.713.8  1 -6  .00 3 2 -1 2.13549605768 8 6 4 13 7 3.0710.09 2.9 5.4  6.5   33.4   77.0   41.5  .04898 4 9 9 4☆ 1.540.70 -.4338.40118.620.4737.3248.5134536515.1126.9736.00 2
20260628일 92000 9국152 3 53 2 3강 3351맑음건조 3 8 9머스킷데이      머스킷맨꿈의실현 7122.00한수 4 0 1 9 1  102      605001등문병기(주)자성 0 214 1 417 1 7 115  1코지  51952.588강추상93 98 989187.061.063.43359192551 92625 0 02726233119142957↗↘입13.939.740.013.5327639.339.5129.9129.2 64 86 2943   14.30   13.50 6-10 -3HU동55.14992018  .4 1.6 2.0868614 0전개최상전개최상68기 0 3 4 5 5 4 3 2④2:09.91     .514.240.314.5  1  5  .00 4 3  1  .81547353368 6 2 1 12 1 1.06 4.05 2.0 4.1  2.0   13.8   18.5   34.1  .05591 4 9 9 4☆ 1.339.90 -.7949.53131.323.9647.4863.3937557030.9551.1671.86 1
20260517일 7200013국233 7 83 3혼전 4451맑음건조 3 8 9머스킷데이      머스킷맨꿈의실현 7122.00한수 4 0 1 2 1   84     1100002등문병기(주)자성 0 313 4 317 3 6 114  1장추열51455.093우추하72 84 849581.067.048.73049122551 9262546562726202722173350↘↗입14.039.840.113.6257339.738.2130.5128.4 62 77 2346   14.30   13.90 7  6  2VN동55.14972018  .8 1.6 2.4777714 0전개최상전개최상 5   013 8 8 8 8 5 1①2:10.55    -.914.339.413.5 -1  5  .00 1 2  1  .0 467 7139910 1 6 13 6 2.0613.11 2.9 5.8  4.3   24.7   39.5  284.2  .04289 3 9 9 3★ 1.439.80 -.5848.52131.422.1038.7148.6734536517.0532.8235.60 1
20260328토10200011국243 4 93 4혼전 4451맑음건조 3 8 9머스킷데이      머스킷맨꿈의실현 7122.00한수 4 0 1 9 1  136      495002등문병기(주)자성 0 412 3 217 2 6 113  1장추열50953.593강추보93 89 899485.066.051.23049122551 9262546562726202722173350↘↗입14.039.840.013.5267639.639.1131.1130.5 58 92 3358   14.00   13.90 4  0  1NN동55.14972018  .2 1.8 2.0777714 0추입무난전개최상49기 1 7 8 6 6 6 6 1③2:11.1½    .014.340.013.9  2  1  .00 3 1  0  .33567243288 8 2 2 13 5 4.03 4.03 2.3 4.6  8.6   21.7   38.3   10.110.54889 3 9 9 3★ 1.439.90 -.5750.65131.422.9240.2051.1834536525.2238.9450.00 1
20260228토10200011국242 3 43 5혼전 4451맑음건조 3 8 9머스킷데이      머스킷맨꿈의실현 7122.00한수 4 1 1 9 1   85      495002등문병기(주)자성 0 511 2 117 1 6 012  1장추열50852.593강추보85 74 748382.062.037.93049122551 9262546562726202722173350↘↗입14.039.640.113.5397339.338.1130.3129.0 55 82 3645   14.20   13.00 5 -2  0NUUP55.14972018  .0 1.8 1.8777714 4부중유리연대우수74기 1 7 7 7 7 9 5 1②2:10.31½   .014.039.013.9  1  2  .00 2 1 -1  .2 951 5 688 8 2 3 23 410.0111.07 2.9 3.4 39.2   49.0  168.6  226.312.73790 2 9 9 2▲ 1.040.00 -.2049.27131.313.9125.8637.8714294620.3935.5045.00 1
20260124토11160010국253 1103 6혼전 4451맑음건조 3 8 9머스킷데이      머스킷맨꿈의실현 7532.00한수 4 1 1 2 1   74      495002등문병기(주)자성 0 610 1 217 1 6 011  1김효정50652.568강입상97 99 991583.056.041.21749 72551 9262519 02726202217173350↗→선14.036.639.313.6495336.738.5 99.4101.9 60 80 4040   14.60   13.50 7  4 -4NUDN55.14971818 -.2 1.6 1.4828214-2뒷심문제보통주행 5기 0 9 7   7 9 7 3③1:39.42½   .414.237.313.0  1  8  .00 3 2  0  .81967192267 7 6 3 33 1 1.04 7.05 2.3 6.3  2.3    6.5    9.7    8.110.54173 3 8 9 3▲  .739.30 -.0926.00103.014.7329.5241.22 9223518.6434.1744.83 2
20251206토10180011국353 5103 7혼전 4451흐림양호 9 8 9머스킷데이      머스킷맨꿈의실현 7122.00한수 3 1 1 1 1  14217:30 41250국3문병기(주)자성 0 7 9 2 517 1 5 010  1씨씨웡49856.093우입하54 50 505657.059.028.83456112551 9262530 02726212522204040→↘선14.040.040.213.6584940.438.9116.9117.2 56 78 3322   14.50   13.30 6 -4  1NN동54.94971818  .4 2.0 2.4717114 0연대우수보통주행68기 1 5 5 5 5 6 5 3①1:56.91    -.214.639.013.5 -1 -7  .00 1 2  0  .0 758121593 7 3 5 53 1 2.04 5.01     6.5  4.0   12.2   22.2   20.4  .03266 1 7 8 1▲  .640.70  .0037.02118.6 8.8117.5328.77 81729 9.5218.1828.27 5
20251025토 9180011국311 1 13 8 3강 3351맑음건조 5 8 9머스킷데이      머스킷맨꿈의실현 7122.00한수 3 1 1 9 1  190      41250국3문병기(주)자성 0 8 8 1 417 3 5 0 9  1장추열50555.593우자상90 80 808285.066.050.43049122551 9262546562726202722204040↘↗입14.039.840.413.5714540.439.7116.9119.4 63 88 3838   14.30   12.90 6  2  2NNUP54.94971814  .6 1.8 2.4727214 2승부최상연대우수44기 1 9 6 6 6 7 6 3③1:56.96    1.014.538.513.3  1  3  .00 3 2  0 1.55656293148 4 3 2 23 3 1.04 4.02 1.6 2.9  1.6    6.4    7.9    6.512.24189 3 9 9 3★ 1.341.20 -.4839.20118.618.1037.1850.4318405427.8844.0054.29 1
20250914일 71600 8국430 1 83 9 1강 1153맑음다습13 8 9머스킷데이      머스킷맨꿈의실현 7532.00한수 3 1 1 2 2  289      41250혼3문병기(주)자성 0 9 7 6 117 2 4 0 8  1장추열50254.093우입보96 94 941595.070.077.0335117285511262546562726202722255025↗↘입14.036.239.613.6734536.337.7 99.0101.5 57 86 4329   13.90   13.30 6  2 -3NUUP55.14961814  .6 1.8 2.4747414 2승부최상승부최상47기 1 7 6   6 7 5 2①1:39.0머리  .014.337.112.9 -1  8  .00 1 2  1  .0 938 8 376 2 4 1 13 2 2.05 7.08 2.7 4.1  2.9   19.1   29.9   43.7  .06794 4 9 9 4☆ 2.039.60 -.9025.65102.937.5363.4177.0337557040.0062.3378.52 1
20250802토 61400 9국432 5 8310혼전 4451맑음건조 3 8 9머스킷데이      머스킷맨꿈의실현 7532.00한수 3 0 0 1 3  40615:40 33000국4문병기(주)자성 010 6 5 317 1 3 0 7  0장추열49457.093우입하64 63 638881.069.051.82948 5335914262546562726202722 06733↘↗입14.136.839.213.6735336.638.4 87.2 87.3 50 83 5017   14.20   15.10 7 -5  0NLDN54.54961814  .8 2.0 2.8717114-4승부최상승부최상72기 1 5 3     2 2 1①1:27.2½    .013.938.213.3  0 -3  .00 1 1  0  .0 32116 484 2 7 4 21 1 1.02 5.06     3.5  2.4    3.5    6.1   10.7  .04597 3 9 9 3★ 1.538.80 -.4611.3088.5921.1838.3351.7637557022.0044.3345.51 1
20250615일 6180011국410 9 6311 1강 1155맑음건조 3 8 9머스킷데이      머스킷맨꿈의실현 7122.00한수 3 1 1 2 3  54014:25 33000국4문병기(주)자성 011 5 4 317 2 3 0 6  1임다빈49757.077우입보82 83 837895.069.069.21848 6335914262536382726142424 06733↗→추14.139.940.513.6664138.243.1120.1119.4 50 83 5017   14.20   13.40 5  2  3NL동54.54961814  .2 2.6 2.8727214 0승부최상승부최상50기 110 1 1 1 1 1 2⑦2:00.1½   1.114.242.515.1  6 -6  .04 7 1  0 1.354 2936551 2 3 1 11 7 6.07 2.05     4.9 16.2  158.3  367.4  489.5  .07095 4 9 9 4☆ 1.941.10 -.9638.95118.734.9556.4769.2237557043.1465.0578.26 1
20250511일 61800 9국432 9 8312 3강 3351맑음포화19 8 9머스킷데이      머스킷맨꿈의실현 7122.00한수 3 0 0 2 4  64114:25 33000국4문병기(주)자성 012 4 3 217 1 2 0 5  0임다빈50354.082강입하65 55 556481.063.060.51944 4374822262536382726142424 05050↘↗추14.039.940.613.6693739.239.8116.9117.4 40 80 4020   14.70   14.20 4 -1 -3NU동54.84931814 -.3 2.3 2.0808014 0연대우수승부최상 1   0 8 3 3 3 4 3 2①1:56.91¾  -.314.240.113.4  0  1  .00 1 1 -3  .0 71430 897 4 6 3 12 6 1.02 8.06     3.5  2.2    3.5    5.3   10.4  .04591 3 9 9 3★ 1.140.90 -.7936.93118.726.5844.3360.4737557034.3862.7772.32 1
20250413일 6180010국423 5 2313 3강 3351흐림포화17 8 9머스킷데이      머스킷맨꿈의실현 7122.00한수 3 1 1 2 4  725:14:2 82500국4문병기(주)자성 013 3 2 117 5 2 0 4  1임다빈50257.082강입하89 81 817784.067.046.21944 4374822262536382726142424 05050↘↗추14.039.840.313.6774940.640.7117.1119.6 50100 5025   14.40   15.30 4 -2  2NBUP54.84931814-1.0 2.7 1.7888814 1승부최상연대우수 1   0 9 6 5 6 7 7 7⑥1:57.11    1.414.740.414.2  2  5  .00 6 4  3 2.36165596540 5 3 3 30 5 1.02 1.02     1.5  1.9    1.5    2.7   10.3  .03782 3 9 9 3★ 1.341.20 -.3639.49118.616.0233.1746.1518405414.5030.0445.51 3
20250316일 7170011국410 7 6314 1강 1151맑음양호 7 8 9머스킷데이      머스킷맨꿈의실현 7532.00한수 3 1 1 2 5  80815:15 33000국4문병기(주)자성 014 2 1 117 4 2 0 3  1임다빈49755.570강입상99 98 988994.067.064.6254219304221262536382726142424 05050↗↘추13.839.340.613.1808539.142.3112.3112.9 67100 3333   13.80   13.20 4 10  1VVUP54.84931714-1.0 3.0 2.0848414 3승부최상승부최상 1기 011 3 3 4 3 3 3③1:52.34     .814.442.915.3  2  4  .00 3 1 -1 1.12914826659 2 4 1 12 4 4.03 3.04     5.9 10.4   29.4   67.9   15.6  .07395 4 9 9 4☆ 2.041.70 -.3533.01113.035.0054.9864.5920435837.0163.7274.30 1
20250215토 6140011국520 3 2315혼전 4451흐림건조 4 8 9머스킷데이      머스킷맨꿈의실현 7532.00한수 3 1 1 2 5  90514:25 24750국5문병기(주)자성 015 1 3 217 3 1 0 2  1임다빈49354.570강입보97 99 999078.069.058.3254219304221262536382726142424 0 099↗↘추13.836.938.913.1608036.538.2 87.3 87.0 50100  0 0   14.00   13.50 4 -6  0UU동55.04921412-3.0 4.0 1.0979712 0승부최상승부최상 1기 2 1 2     4 3 2①1:27.31¾  -.313.838.313.2 -1-11  .00 1 2  0  .0 21611 290 4 3 1 12 3 2.01 1.04     2.3  2.7    2.3    4.6    5.910.57396 4 9 9 4☆ 2.038.60 -.5011.2488.4527.8348.1158.2619375415.3228.1943.11 2
20261004일 8180012국2 4 2  6 0혼전 4451           810태평히어로      사우스비베네피셜 8436.00한수 5 0 0   1    015:40110000국O문세영에스지이 3 016101222 1 4 323  0코지     56.088강추보50 71 719454.058.031.133591922271427 0 0445033233119292943↗↘입14.238.339.813.14565                   67 80  760   13.50   15.90 7 -1 -1LNDN54.64832018-1.6 4.0 2.4797912-2탐색주행전개최상 1   010                            13.5    15.9        .0                       2 2 6 4  1                                            12.74283 2 7 7 2△  .739.80  .57     117.8 9.7821.0131.08 92235 5.8815.8824.88 6
20260817월 9200011국221 5 76 1혼전 4451비  다습13 810태평히어로      사우스비베네피셜 8436.00한수 5 0 0 2 1  105      495002등문세영에스지이 3 115 9 522 1 4 322  0안드레50256.574우추보70 49 496616.035.015.92339 522271427 0 0 050333528 4292943→↘선14.239.740.513.1276538.342.6132.4130.6 67 80  760   15.00   13.70 7  3  1VL동54.64832018  .0 2.6 2.6767612 0일반주행부중잇점 5   011 2 2 2 2 1 3⑤2:12.47    2.213.543.715.9  3-12  .09 5 2  0 2.53810887724 8 3 5 61 1 4.06 4.08 3.3 6.6  7.5   35.4   80.0   48.9  .01534 0 3 2 0― -.940.00  .0450.43131.7 4.17 8.4115.89 1 4 8 5.4114.0421.66 7
20260627토 9200010국251 2106 2혼전 4451맑음건조 4 810태평히어로      사우스비베네피셜 8436.00한수 5 0 0 9 1  112      495002등홍대유에스지이 3 214 8 422 3 4 321  0송재철51456.076강추보89 80 806957.050.023.71745 819431215 717232014192520292943→→입14.239.740.413.1296940.538.5131.8130.7 53 87  073   14.60   13.70 6  5  0LN동54.64832018  .0 2.6 2.6767612 0일반주행부중잇점72기 0 8 9 9 9 8 8 9⑧2:11.8¾   1.615.039.313.7  6  8  .02 8 2 -8 1.84392154233 7 6 3 60 3 1.04 5.09 3.5 8.1  3.5   13.6   19.0   48.7  .02242 1 6 3 1―  .140.00 -.0950.58131.6 6.0814.3623.69 5132310.0020.4129.71 5
20260517일 7200013국233 7 86 3혼전 4451맑음건조 3 810태평히어로      사우스비베네피셜 8436.00한수 5 0 0 2 1   84     1100002등김윤섭에스지이 3 313 7 322 2 4 320  0송재철50656.076강추상94 88 887553.049.021.41745 8142012 8171423 9 2192520292943→→입14.239.641.013.1394940.039.2131.9129.8 64 86  764   14.60   13.10 9  1  1HNUP54.64832018  .0 2.6 2.6767618 2교체성공부중잇점 5   0 310101010 8 3③2:11.93     .514.640.413.7 -7 -2  .00 310  7 1.42278274270 910 5 83 2 2.0613.11 2.9 5.8  4.3   24.7   39.5  284.210.53058 1 6 5 1―  .040.00 -.3149.22132.0 5.9713.5921.39 2 714 6.9815.2722.42 8
20260314토10180011국253 4106 4 1강 1151흐림양호 7 810태평히어로      사우스비베네피셜 8436.00한수 5 0 0 2 1  178      495002등김윤섭에스지이 3 412 61122 1 4 219  0송재철50855.076강자상92 87 877264.052.026.01745 8142012 8171423 9 2192520292943→→입14.240.140.013.1536139.839.5117.1117.1 69 85  862   14.00   13.20 6 -4  1HNUP54.64832018  .0 2.4 2.4797920 4부중효과잠재혈통62기 0 2 5 5 5 7 6 3②1:57.19     .014.638.413.1 -1 -2  .00 2 3 -2 1.5 540231483 6 4 4 53 1 6.03 9.02 3.3 9.3  8.3   22.9   54.1   54.3  .02773 1 6 6 1―  .240.60  .1036.96118.6 7.2016.4226.03 81729 7.5017.2728.46 5
20260131토11140011국214 5 66 5혼전 4451맑음건조 2 810태평히어로      사우스비베네피셜 8539.00한수 5 0 0 9 1  105      495002등김윤섭에스지이 3 511 5 322 7 4 218  0마이아51054.093강자하67 75 758076.064.039.9345313142012 8173722 9 23533 7292943↘↗선14.237.338.313.0448937.338.2 86.4 87.7 67 67  858   14.30   14.00 5  0 -2NHDN54.64832018  .8 1.6 2.4818112-4연대우수부중효과 5기 0 6 7     9 8 3③1:26.41     .214.037.213.2 -2 -3  .00 3 5  3 1.2106211147710 1 8 23 7 1.02 5.04 2.1 6.1  2.1    6.1   10.4   15.3  .03688 3 8 8 3▲ 1.238.30  .1112.1088.3216.9429.7439.9119375413.0423.2435.77 3
20251227토11180011국212 3 66 6혼전 4451흐림다습14 810태평히어로      사우스비베네피셜 8436.00한수 4 0 0 9 1   9618:00 495002등김윤섭에스지이 3 610 41022 6 4 217  0마이아51356.093강자보84 83 838677.066.047.8345313142012 8173722 9 23533 7292943↘↗선14.240.439.713.0417640.040.4117.4119.2 58 83  058   14.00   14.60 6  0  1NNDN54.64832018  .8 2.0 2.8808012-2전개최상연대우수60기 1 6 8 8 9 8 7 6⑦1:57.42½  1.014.340.414.0  5 -3  .05 7 2  1 1.55440504051 9 2 3 20 6 7.10 8.10     5.5 17.3  149.5  241.9  470.812.73778 2 8 8 2▲ 1.340.60 -.4039.13118.617.2935.4347.7720435818.0029.6040.12 3
20251116일112000 8국242 9 46 7 3강 3351맑음건조 3 810태평히어로      사우스비베네피셜 8436.00한수 4 0 0 2 1  11118:00 495002등김윤섭에스지이 3 7 9 3 222 5 4 216  0마이아51655.093강입하79 78 789385.064.071.1345313142012 8173722 9 23533 7292943↘↗선14.339.740.413.0277338.839.9131.6130.0 73 91  973   14.10   14.2011 -1 -2NHUP54.64832018  .8 2.0 2.8808012 2마방선전전개최상66기 2 6 4 3 3 2 2 2③2:11.62     .414.040.714.6  2  7  .00 3 1  0  .52323452875 7 2 2 21 5 3.02 5.03     3.4  4.4    6.3   12.1    3.4  .04895 4 9 9 4☆ 1.440.00-1.2149.88131.628.9454.0571.0637557032.9555.3570.37 2
20250830토10180011국224 5 76 8혼전 4441맑음포화18 810태평히어로      사우스비베네피셜 8436.00한수 4 0 0 9 2  338      495002등김윤섭에스지이 3 8 8 2 922 4 4 215  0마이아50956.593강입보82 63 638474.062.044.8406310275019 8173722 9 23533 7292943→↘선14.340.539.413.0308938.942.1116.4118.9 73 91  973   14.10   14.40 7  6  2NLDN54.64832018  .6 2.2 2.8808012-2전개최상마방선전76기 1 7 6 6 7 6 4 2④1:56.4½    .514.140.914.2  3  2  .09 4 1  0  .841 7845768 7 1 3 22 4 2.05 1.11 2.8 3.3  2.9   12.6   21.9   75.8  .03684 3 8 8 3▲ 1.040.40 -.2839.00118.517.4431.7044.8319375421.1832.4344.00 2
20250712토 92000 9국231 5 86 9 2강 2251맑음건조 5 810태평히어로      사우스비베네피셜 8436.00한수 4 0 0 2 3  466      495002등김윤섭에스지이 3 9 7 1 122 3 4 214  0마이아50754.593강입보93 97 979592.061.055.73350312043 4 8173722 9 23533 7292943→→선14.339.840.113.0218539.139.4132.7130.3 73 91  973   14.40   13.90 5 -5 -3UHUP54.64832018  .4 1.8 2.2888812 2전개최상전개최상55기 1 1 2 2 2 1 1 3④2:12.75    1.314.140.614.4  3  0  .01 4 1  0 1.33037322446 7 1 1 21 3 2.07 7.08 2.0 4.3  4.4   27.0   46.8   44.5  .04280 3 9 8 3▲ 1.139.90 -.7450.40131.423.2639.5655.7120435835.9260.7077.14 1
20250608일 91800 9국344 6 9610 1강 1131맑음건조 3 810태평히어로      사우스비베네피셜 8436.00한수 4 0 0 2 3  55518:00 41250국3김윤섭에스지이 310 6 3 822 2 3 213  0마이아50757.093강입보86 73 739589.065.059.93350312043 4 8173722 9 23533 7173350→→선14.340.639.413.0209338.940.7117.0117.5 70 90  080   15.10   12.90 5  4  2NB동54.34791818  .6 1.8 2.4868612 0최빈거리전개최상64기 1 6 4 4 3 1 1 1①1:57.09   -1.514.439.713.9  0  3  .00 1 1 -2  .0 7 7581899 6 1 2 11 2 1.05 6.04     4.9  2.8   18.8   29.8   90.8  .04290 3 9 9 3★ 1.340.20 -.6437.45118.522.6345.2159.9134536527.9346.7363.67 2
20250503토10180011국313 3 6611혼전 4451맑음포화18 810태평히어로      사우스비베네피셜 8436.00한수 4     1 4  66818:00 41250국3김윤섭에스지이 311 5 2 722 1 3 2 0  0마이아50455.593강입하50 40 408855.057.039.6335032205010 8173722 9 23533 7173350→→선14.340.739.413.0179341.139.2115.7118.2 78 89  078   14.30   13.1035 -2  1HN동54.34791818  .0 2.2 2.2868612 0최빈거리부중잇점 1관 1 2101010 9 9 6④1:55.71½   .915.138.612.9  1 20  .00 4 3  0 1.5218115375211 1 8 33 1 1.06 7.01     5.1  1.8    7.6   10.0   30.5  .03687 3 7 6 3△  .740.20 -.2238.10118.614.3528.1139.5512264011.9621.6532.90 5
20240901일101800 9국332 6 8612 2강 2251맑음건조 4 810태평히어로      사우스비베네피셜 8436.00한수 3 0 0 1 7 136718:00 41250국3김윤섭에스지이 312 4 1 622 2 3 211  0이동하48455.087강입보95 97 979489.065.061.12538171567 4 8173233 9 2252419173350→→선14.340.539.513.0248741.740.8119.3119.6 78 89  078   14.70   13.40 6 -4 -3HN동54.34791818 -.2 2.0 1.8818112 0전개최상전개최상 1기 2 4 8 9 7 6 6 7⑥1:59.32    1.515.740.614.0  3  0  .09 6 3  1 1.76193608638 6 1 1 22 8 6.01 3.07     3.6 13.1   15.7   42.1   63.3  .04890 3 9 9 3★ 1.540.50 -.6639.59118.522.3344.6261.1120435827.9348.0866.44 2
20240720토 7180011국441 9 4613 1강 1151맑음다습11 810태평히어로      사우스비베네피셜 8436.00한수 3 0 0 2 8 149016:05 33000국4김윤섭에스지이 313 3 5 522 2 2 210  0문세영48457.593강입보86 86 869491.071.069.6445225173812 8174746 9 2293615 04060→↗입14.240.639.613.0218340.138.5116.8116.1 75 88  075   14.10   13.00 4  0  1NB동53.64771818 -.2 2.4 2.2767612 0전개최상전개최상 1   0 8 5 4 4 2 2 1①1:56.83    -.514.738.813.4 -1  3  .00 1 2  1  .0 145 5 398 8 2 2 11 2 2.01 8.01     2.9  3.5    2.9    5.9   11.8  .04893 3 9 9 3★ 2.040.00 -.9335.92118.635.1759.8069.6037597131.1354.5566.35 1
20240622토 81800 8국431 2 8614 1강 1151비  포화19 810태평히어로      사우스비베네피셜 8436.00한수 3 0 0 2 8 156616:30 33000국4김윤섭에스지이 314 2 4 422 1 2 2 9  0문세영48156.593우입보82 74 749789.068.071.2445225173812 8174746 9 2293615 04060→↗입14.240.539.713.0257640.537.3118.1118.2 71 86  071   15.50   12.80 5  7  1VB동53.64771818 -.3 2.8 2.5727212 0상대막강전개최상 1기 0 8 3 3 4 3 2 2③1:58.1½    .014.137.313.0  2 -9  .00 3 1 -2  .42363 0 176 6 1 4 12 1 3.02 5.01     4.0  4.4    5.0    9.3    3.3  .06299 4 9 9 4☆ 1.740.40 -.9538.03118.634.4757.5971.2134536524.8044.4464.50 2
20240519일 91800 9국441 6 4615 2강 2251맑음양호 7 810태평히어로      사우스비베네피셜 8436.00한수 3 0 1 2 9 165917:30 33000국4김윤섭에스지이 315 1 3 322 1 2 2 8  1유승완49055.588우입하64 62 625049.046.024.23040131767 6 81711 0 9 2152722 04060↘→입13.940.439.913.0356941.138.6119.4118.2 83 83  067   14.90   13.4013 -5  0UL동53.64771812 -.3 3.0 2.7676712 0탐색주행휴양탐색 1기 1 1 8 8 6 6 6 7⑤1:59.41¼   .515.538.912.8  2 -3  .00 5 3  2 1.02381 52067 6 3 4 62 1 2.01 7.05     3.9  3.0    3.9    8.3   47.8  .03162 0 6 5 0― -.340.50  .0837.94118.7 6.4313.9724.17 61526 9.4321.4334.66 4
20261004일 8180012국2 4 2  2 0혼전 4451           811이클립스더킹    섀클포드템파르니 8927.00한수 4 0 0   1    015:40110000국O서홍수조한수   0 016 7 718 2 5 317  0마이아   57.093우선적50 63 634361.052.019.33453131951 82429333326173533 799 0 0↘↗선13.938.741.014.18417                   71 64 7936   13.70   13.60 4  1  0BNUP55.95112018  .8 2.8 3.6717118 1교체성공마번불리 1   011                            13.7    13.6        .0                       412 7 8  3                                              .03049 0 6 5 0―  .041.00  .37     118.4 5.0712.0219.33 2 714 5.8815.1624.17 8
20260905토 3170010국243 1 42 1 3강 3351맑음양호 9 811이클립스더킹    섀클포드템파르니 6526.00한수 4 0 0 1 1   60      82500국O서홍수조한수   0 115 6 218 1 5 216  0마이아52257.093우선적65 48 486980.063.047.43453131951 82429333326173533 799 0 0↘↗선13.939.041.614.1952238.739.9108.2110.6 69 62 7731   13.50   15.20 3  7 -1VNDN55.85092018 1.4 2.4 3.8696918-3전개최상거리속성 5   010 1 1 1 1 1 2②1:48.25     .013.739.113.6 -2 -6  .00 2 4  1  .8 1 717 182 110 7 31 2 3.04 4.10 1.8 3.9  6.7   22.4   46.5   12.812.24190 3 8 8 3▲ 1.241.60 -.3029.98113.519.5935.5547.4218405416.8028.8040.00 3
20260817월 9200011국221 5 72 2혼전 4451비  다습13 811이클립스더킹    섀클포드템파르니 8927.00한수 4 0 0 2 1   43      495002등서홍수조한수   0 214 5 318 1 5 215  0송재철52858.076강선하47 35 359354.056.043.21745 81951 824291820261719252099 0 0→→입13.938.941.014.1804938.342.5132.4130.8 69 62 7731   13.80   16.5013 -2  1HN동55.85092018  .8 1.4 2.2868617 0전개최상전개최상 5   0 3 1 1 1 1 2 6⑥2:12.4목   2.213.543.615.2  3 14  .03 6 3 -4 2.539 7887524 1 7 8 31 1 4.06 4.08 3.3 6.6  7.5   35.4   80.0   48.9  .04283 3 8 8 3▲  .740.80 -.4450.86131.415.0130.1743.2314294610.8125.7338.99 3
20260517일 7200013국233 6 82 3혼전 4451맑음건조 3 811이클립스더킹    섀클포드템파르니 8927.00한수 4 0 1 2 2  224     1100002등서홍수조한수   0 313 4 218 1 5 213  1루이스52157.068강선보81 88 889369.058.031.1 6 0 91125 52429 0 0261719261799 0 0↘↗입13.939.040.814.1725737.944.5136.3134.4 75 67 5833   13.90   13.60 5 -4  0NNUP55.85092018  .8 1.4 2.2868617 2유망전력전개최상 5   0 5 1 1 1 1 210⑩2:16.36    4.913.845.616.5  3  0  .0010 7  6 5.891 39691 5 2 7 4 41 1 2.0613.11 2.9 5.8  4.3   24.7   39.5  284.210.54268 1 7 6 1―  .640.90 -.0954.56131.411.2520.1731.08 9223513.1823.6630.33 2
20260412일 9180011국252 2102 4혼전 4452맑음다습11 811이클립스더킹    섀클포드템파르니 8927.00한수 4 0 1 2 1   84      495002등서홍수조한수   0 412 3 618 1 5 112  1장추열52157.093강선보50 69 698679.061.050.43049121951 82429 0 0261720272299 0 0↘↗입13.839.540.614.3843039.439.0117.0118.5 73 73 7318   14.10   12.9016  4  1LNDN55.85092018  .6 1.4 2.0888817-2일반주행강단마필 5   0 9 1 1 1 1 1 1②1:57.03     .013.939.413.6  1  4  .00 2 1     .5342311 278 1 6 2 11 1 4.01 4.09 3.4 6.1  6.1   11.3   29.3   13.012.74784 2 9 8 2▲  .941.40 -.4538.39118.621.3537.9450.3719375426.3241.1457.14 1
20251220토11200010국241 4 92 5혼전 4451흐림포화16 811이클립스더킹    섀클포드템파르니 8927.00한수 3 0 1 2 2  317      495002등서홍수조한수   0 511 2 118 1 5 112  1이동하  056.092강선보73 88 888283.061.041.02445151125 524293537261725241999 0 0↘↗선13.938.940.914.17553                   73 73 6436   14.00   13.60 7  1  1NNUP55.85092018  .2 1.4 1.6919117 2전개최상승부최상 5   0 5                    취소    14.0    13.6     0  .07                      1 8 4 20 1 3.1010.07 2.4 5.4  4.5   96.4  165.9  175.110.55194 4 9 8 4▲ 1.240.90 -.33     131.417.7131.0341.0019375418.6432.5441.71 1
20251101토11180011국213 2 62 6 3강 3351흐림건조 5 811이클립스더킹    섀클포드템파르니 8927.00한수 3 0 1 1 1  166      495002등서홍수조한수   0 610 1 518 9 5 111  1문세영51755.573강선보97 94 949488.063.045.03845 01951 824294641261729361599 0 0↗↘입13.939.440.414.2934138.940.4117.2119.6 73 73 6436   13.60   13.10 5 -6  1HN동55.85092018  .2 1.4 1.6909017 0전개최상전개최상 5   0 4 1 2 2 2 2 1③1:57.21     .114.039.213.6  2 -6  .02 3 1  0  .261 8491376 2 4 2 1112 5.02 1.09 1.2 3.7 16.2   47.3  131.0   12.211.84684 2 9 8 2▲ 1.041.60 -.2539.80118.518.9532.9644.9918405427.2746.0958.93 1
20250928일 8180012국312 1 62 7혼전 4451흐림불량20 811이클립스더킹    섀클포드템파르니 8927.00한수 3 1 1 9 2  246     110000국O서홍수조한수   0 7 9 5 418 8 5 110  1문세영52355.073강선보98 97 979486.070.052.42735 01125 524294641261729361599 0 0↗↗입13.939.440.214.2935339.038.9114.0116.5 70 70 6030   13.50   13.0010  8 -3BHUP55.85092018  .0 1.2 1.2959517 2승부최상전개최상 5   010 1 1 1 1 1 1③1:54.0½    .013.638.313.1  2 19  .00 3 1  0  .1 2 910 178 1 4 1 1111 3.09 4.11 2.3 7.8  6.7   58.5  109.8   53.410.55995 4 9 9 4☆ 1.841.30 -.3436.90118.426.6041.7752.3534536518.1831.8542.54 1
20250720일 8160010국314 4 62 8 1강 1151맑음포화17 811이클립스더킹    섀클포드템파르니 6526.00한수 3 0 1 2 3  43816:05 41250국3서홍수조한수   0 8 8 4 118 7 4 1 9  1문세영50458.073강도보97 97 9715  .070.072.43745 024471324294641261729361599 0 0↘↗입13.935.840.614.2961537.137.6 99.7100.4 67 67 6722   13.30   13.30 5  1  1UBDN55.35102018 -.4 1.8 1.4898917-4전개최상승부최상 5   0 2 2   2 2 2 1①1:39.75    -.913.537.013.0  0-14  .00 1 1     .0 187 61096 110 1 1110 1.09 2.10     4.0  1.6   22.5   27.4   30.5  .05993 4 9 9 4☆ 2.140.60-1.0623.95103.338.3460.8772.3537597111.0021.0569.98 4
20250615일 8200014국314 5 12 9혼전 4451맑음건조 3 811이클립스더킹    섀클포드템파르니 8927.00한수 3 0 1 2 3  53816:05385000국3서홍수조한수   0 9 7 3 118 6 4 1 9  1문세영  057.073우선보84 82 829269.061.038.93745 024471324294641261729361599 0 0↘↗입13.938.841.114.28241                   67 67 6722   13.70   14.10 5 -2  0ULUP55.35102018-1.0 4.2 3.2777717 2연대우수전개최상 5   0 1                    취소    13.7    14.1     0  .07                      313 2 10 9 3.0910.11     3.4  8.1  142.6  343.5 1119.3  .04264 1 8 8 1▲  .841.10 -.34     131.415.5228.4138.9334536512.0621.9118.57 1
20250511일 7180016국323 5 7210혼전 4451맑음포화17 811이클립스더킹    섀클포드템파르니 8927.00한수 3 1 1 2 4  64015:15550000국3서홍수조한수   010 6 2 318 5 4 1 8  1문세영51857.073우선보63 73 738769.065.042.045552530461624294641261729361599 0 0→↘입13.939.540.814.2823038.841.1115.3117.8 63 63 6325   14.30   14.10 4  1  0HL동55.35101812 -.4 4.6 4.2696917 0전개최상연대우수 1   0 3 1 1 1 1 1 1③1:55.3¾    .213.740.714.1  1  5  .00 3 2  0  .513 6682776 913 4 21 8 1.1013.07     3.0  1.5   71.1   92.5   90.012.73780 2 8 9 2▲ 1.141.30 -.3237.50118.716.3029.7642.0319375410.7619.8713.52 3
20250413일 6180010국323 5 2211 3강 3351흐림포화17 811이클립스더킹    섀클포드템파르니 8927.00한수 3 1 1 2 4  725:14:2 82500국3서홍수조한수   011 5 1 218 4 4 0 7  1문세영51357.073기선보55 67 679281.067.048.745552530461624294641261729361599 0 0→↘입13.839.540.814.2803039.540.1115.7118.2 57 57 7129   13.90   13.60 5 -7  0UL동54.95101812 -.5 5.5 5.0636317 0연대우수전개최상 1   0 2 1 1 1 1 1 2②1:55.75     .014.339.814.1  0 -2  .00 2 2  1  .92122421884 1 8 6 21 7 1.02 1.02     1.5  1.9    1.5    2.7   10.312.24288 3 9 9 3★ 1.441.30 -.4937.89118.720.1036.3848.7137557016.7933.9945.51 2
20250308토 5180011국421 4 2212 3강 3351맑음다습11 811이클립스더킹    섀클포드템파르니 8927.00한수 3 1 1 2 5  84114:25 33000국4서홍수조한수   012 4 2 118 3 3 0 6  1문세영51557.093기선보50 60 608083.070.060.64153 030581124294641261729361599 0 0→→입13.739.741.014.2721939.039.0114.7116.3 50 50 6717   13.80   13.30 4 -2  4NBUP54.25081812 -.7 7.0 6.3505017 1승부최상연대우수 1   0 9 1 1 1 1 1 1①1:54.74    -.713.939.413.6  0  5  .00 1 1  0  .0 1 911 195 110 3 11 6 1.02 9.03     1.9  1.7    1.9    2.6   10.011.83785 2 9 9 2▲ 1.340.90 -.8735.58118.825.2248.5260.6237557028.2147.1360.47 2
20250208토 9170011국422 5 7213혼전 4451맑음건조 5 811이클립스더킹    섀클포드템파르니 6526.00한수 3 0 0 1 5  92417:00 33000국4서홍수조한수   013 3 1 118 2 2 0 5  0문세영51053.093기입보73 78 788276.070.053.14153 030581124294641261729361599 0 0→→입13.639.241.514.2803038.839.9110.3111.0 40 40 6020   13.80   13.80 4  6 -2VUUP54.85071712  .0 8.0 8.0494914 3승부최상승부최상 1   011 1 1 1 1 1 1①1:50.37   -1.213.839.813.3  0  1  .00 1 1  0  .0 1 622 297 1 9 5 21 5 1.0211.07     5.4  2.7    5.4    8.8   14.110.64591 3 9 9 3★ 1.641.50 -.5030.34113.624.6341.7953.1137607221.9536.6751.76 1
20250112일 3140010국521 5 7214혼전 4451맑음건조 4 811이클립스더킹    섀클포드템파르니 6526.00한수 3 0 0 2 5  98511:25 24750국5서홍수조한수   014 2 1 118 1 1 0 4  0문세영50954.593기입보90 90 908489.072.072.34153 030581124294641261729361599 0 0→→입13.636.739.914.2662236.438.7 88.2 87.4 25 25 5025   13.30   13.30 5  1 -1NUUP55.05051412 3.0 3.0 6.0606013 1거리늘어승부최상 1   0 5 1     1 1 1①1:28.21¾  -.313.839.113.8  0  4  .00 1 1  0  .0 41325 692 2 9 2 11 4 1.02 5.02     2.8  1.6    2.8    3.6    8.710.56297 4 9 9 4☆ 2.038.90-1.3510.7589.0034.8959.6172.3037557036.4759.5277.04 1
20241208일 3130010국620 3 2215 2강 2259맑음다습13 811이클립스더킹    섀클포드템파르니 6526.00한수 2 0 0 2 6 109512:05 16500국6서홍수조한수   015 1 4 218 2 0 0 3  0문세영50555.093하입보30 35 3565  .074.086.14049302746 8242946412617293615      →→입13.836.740.014.2981536.337.9 80.6 81.2  0  0 33 0   13.30   14.80 6 -5  0HH동       1312         3.0    12 0일반주행거리속성 1   0 4 2     2 1 1①1:20.68   -1.513.338.113.3  0 -2  .00 1 1 -4  .0 2 3 9 094 2 9 8 11 3 1.02 4.02     2.0  2.1    2.0    3.5    5.2  .04888 3 9 9 3★ 1.939.90-1.48 4.5283.1038.0166.5886.0934536512.7925.4359.17 2
20261004일 8180012국1 4 2  3 0혼전 4451           812지모션          SUMMER F레이디도 1738.00한거 6 0 0   1    015:40110000국O리카디이기선  -3 016 51538 2 51036  0김효정   58.068평입보50 55 553948.050.019.31749 7355313363344253725202217 75340↗→선14.039.040.413.26634                   53 60 2340   14.10   13.50 7  1  5BB동54.04432018-1.0 5.6 4.6565617 0배당마주배당마주 1   012                            14.1    13.5        .0                       8 911 9 10                                              .02344 0 5 7 0―  .040.40  .46     118.3 5.0511.9919.29 2 51011.0315.8822.04 7
20260816일 9180011국151 4103 1혼전 4451흐림다습13 812지모션          SUMMER F레이디도 1738.00한거 6 0 0 2 1  115      605001등리카디이기선  -3 115 41438 1 51035  0김효정45153.068우자보21  8  84320.038.014.81749 7355313363344253725202217 75340↗→선14.039.940.113.2614939.041.3116.2118.7 55 62 2141   13.50   14.70 3  7 -4VHDN54.04432018-1.0 4.8 3.8646417-2마방기습배당마주 5   011 6 6 6 6 8 9⑤1:56.21     .714.140.213.5 -3  3  .00 5 8 -3 2.341 9713761 6 811103 9 3.0710.09 2.9 5.4  6.5   33.4   77.0   41.5  .03153 0 5 6 0― -.741.00  .3738.70118.5 3.79 8.7314.82 1 4 8 3.60 7.4915.0010
20260726일 8200011국131 1 83 2혼전 4451맑음양호 9 812지모션          SUMMER F레이디도 1738.00한거 6 0 0 9 1   23     3850001등리카디이기선  -3 214 3 638 2 51034  0푸르칸44857.079강자보90 71 716552.050.021.5245715355313363339473725142421 75340↗→추14.039.640.113.2416938.543.3131.7134.1 61 75 1450   13.70   14.60 4  3  5HN동54.04432018-1.8 4.6 2.8777720 0승부최상마방기습 5   0 4 1 2 2 7 9 9⑨2:11.712   5.513.542.514.7 -2 -5  .00 911  7 6.090159286 1 6 4 7 80 4 3.01 8.01 2.7 3.2  4.2    5.2    9.2    3.5  .03463 1 7 8 1―  .140.30  .1854.36131.3 5.1312.6721.54 2 714 7.1413.7722.96 8
20260628일 92000 9국152 4 53 3 3강 3351맑음건조 3 812지모션          SUMMER F레이디도 1738.00한거 6 0 0 9 1   62      605001등리카디이기선  -3 313 2 538 1 51033  0푸르칸45352.579강입보50 75 758973.061.057.5245715355313363339473725142421 75340↗→추14.139.640.013.2387338.940.3130.4130.2 63 74 1548   14.30   12.6021 -6  0UHUP54.04432018-1.8 4.2 2.4757520 2숨은복병승부최상48기 0 1 2 2 2 2 2 5⑥2:10.41¾  1.013.741.214.6  2  3  .00 6 4    1.32827554254 5 1 2 21 3 1.06 4.05 2.0 4.1  2.0   13.8   18.5   34.112.14894 4 9 9 4▲ 1.240.10 -.6250.59131.226.5844.0057.5118405416.6737.2149.05 3
20260201일 9180010국123 4 73 4혼전 4451맑음건조 2 812지모션          SUMMER F레이디도 1738.00한거 6 0 0 1 2  383      605001등리카디이기선  -3 412 11338 1 51033  0김효정45652.576강입보95 91 916474.058.044.91642 5315311363344253725202217 75340↘↗선14.140.139.913.35357                   59 70 1548   14.10   13.30 6 -3 -1NHDN54.04432018-2.2 4.8 2.6757517-2마방기습승부최상27기 0 7                    경제    14.1    13.3     6  .07                      8 3 1 10 8 6.02 3.02 2.7 4.2 10.1   18.7   42.4   11.610.54592 3 9 9 3▲  .839.90 -.31     118.517.2831.1844.8719375419.1530.7742.17 3
20251220토11200011국241 4 93 5혼전 4451흐림포화16 812지모션          SUMMER F레이디도 1738.00한거 5 0 0 2 1  11818:00 495002등리카디이강운   1 511 5 438 1 41032  0우인철45053.073우입보81 91 918070.061.036.92048103553133637 0 03725112823 75043↗↘입14.139.540.113.2456939.738.2126.9128.8 62 69 1242   14.00   13.80 5  7 -4BH동54.14432018-2.2 4.8 2.6757517 0연대우수마방기습65기 010 7 6 6 4 1 1①2:06.9¾    .014.138.613.3 -2  7  .00 1 3  1  .0 463 91284 6 1 1 32 1 3.1010.07     5.4  4.5   96.4  165.9  175.110.54185 3 8 8 3▲ 1.040.10 -.1249.15131.213.4925.4936.9212264013.5622.2232.09 5
20251116일112000 7국242 9 43 6 3강 3351맑음건조 3 812지모션          SUMMER F레이디도 1738.00한거 5 0 0 2 1  111      495002등리카디이강운   1 610 4 338 7 4 931  0김효정44357.068우입상94 93 937287.064.074.81749 7355313363744593725202217 84646↗→선14.139.440.213.2506539.139.1131.2129.6 60 64 2044   13.70   13.20 4 -1  5HB동53.94432018-2.4 4.8 2.4777720 0승부최상연대우수40기 0 3 3 4 5 3 3 4②2:11.2¾    .014.039.913.8  0 -1  .00 2 2 -2  .11738251795 4 1 1 12 7 3.02 5.03 2.3 3.4  4.4    6.3   12.1    3.4  .05184 4 9 8 4▲ 1.540.20-1.0249.98131.232.0057.8674.8018405429.5555.3577.78 1
20251018토112000 9국241 6 93 7혼전 4451흐림포화19 812지모션          SUMMER F레이디도 1738.00한거 5 0 0 2 2  210      495002등리카디이강운   1 7 9 3 238 6 3 930  0김효정44452.076우입상94 71 717075.062.047.71642 5315311363744593725202217 84250↘↗선14.139.740.213.2366538.938.3129.2128.8 58 63 2142   14.40   12.40 3 -3 -1HUUP54.04432018-2.2 4.8 2.6747417 2편성만만승부최상72기 1 4 5 5 4 3 3 2①2:09.24    -.813.739.113.2 -3  6  .00 1 4 -6  .0 830 8 499 7 1 4 22 6 4.03 4.09 2.1 4.7  7.6   11.9   27.0   12.3  .05592 4 9 9 4▲ 1.239.90 -.5548.94131.419.4634.7747.74 9223517.0034.8338.71 1
20250928일 8180012국212 1 63 8혼전 4451흐림불량20 812지모션          SUMMER F레이디도 1738.00한거 5 0 0 9 2  24616:051100002등리카디이강운   1 8 8 21338 5 3 929  0김효정43853.076우입보88 65 656146.046.015.31642 5315311363744593725202217 94545↘↗선14.140.339.913.2406140.138.5114.4116.9 61 61 2239   13.80   14.00 6 -1  1NNDN54.14432018-1.2 3.4 2.2787817-2승부최상주력우수 5   0 7 8 8 8 8 810④1:54.42     .514.437.912.4 -6 -6  .00 410  8  .5 346 5 46410 310 93 5 3.09 4.11     7.8  6.7   58.5  109.8   53.4  .03452 0 6 6 0― -.340.40  .3136.70118.6 3.26 8.0815.29 2 510 6.8212.5920.54 9
20250816토 72000 8국251 9 53 9 1강 1151맑음다습10 812지모션          SUMMER F레이디도 1738.00한거 5 0 0 2 2  382      495002등리카디이강운   1 9 7 1 138 4 3 928  0김효정44452.076강입상87 91 916590.061.069.61642 5315311363744593725202217 94545↘↗선14.139.840.113.2276939.339.7131.9129.5 64 59 2341   14.60   12.60 4 -1 -6VUUP54.14432018-2.6 4.4 1.8878717 2연대우수승부최상44기 0 8 3 4 5 5 6 5④2:11.9¾   1.313.840.914.0  2  2  .00 4 2 -4 1.41648393847 6 1 2 12 4 5.01 3.02     4.1  8.0   14.2   35.8   13.8  .06791 4 9 9 4☆ 1.439.80-1.0749.60131.430.0953.9569.5512264029.9156.0473.40 1
20250719토 7180010국352 310310혼전 4451흐림포화17 812지모션          SUMMER F레이디도 1738.00한거 5 0 0 2 3  44816:30 41250국3리카디이강운   110 6151238 3 3 827  0김효정44257.572우자보85 89 897079.066.047.4244416416410363744593725202217105040↘↘선14.140.339.913.2366940.039.6115.7118.2 62 57 2443   14.60   13.30 5 -1  2LB동53.84431818-1.4 3.8 2.4808017 0연대우수연대우수79기 1 9 5 5 6 7 7 4②1:55.71¾   .014.638.412.6 -4 -1  .00 2 6  4  .42142251883 6 2 1 13 3 1.06 6.09     8.6  4.1   16.7   24.7   14.610.55190 4 9 9 4☆ 1.540.60 -.4138.00118.621.3935.7147.4134536520.2032.4346.15 1
20250614토 8180011국350 310311혼전 4451맑음건조 3 812지모션          SUMMER F레이디도 1738.00한거 5 0 0 2 3  54717:30 41250국3리카디이강운   111 5141138 2 2 826  0김효정44356.072우자상91 83 837875.067.053.0244416416410363744593725202217114444↘↘선14.040.539.713.2247639.240.2117.2118.4 60 55 2045   13.90   12.80 2  7  1BBUP53.64431818-2.2 5.2 3.0767617 2승부최상연대우수36기 010 5 5 4 3 2 1①1:57.21¾  -.314.639.013.3 -1 -7  .00 1 2 -2  .02614441592 7 1 3 12 2 2.0410.11     8.0  5.5    9.6   22.5   39.6  .04888 3 9 9 3★ 1.540.40 -.5538.15118.622.9241.2553.0234536520.7338.0450.00 2
20250601일 81600 8국313 2 6312 3강 3351맑음건조 3 812지모션          SUMMER F레이디도 17     한거 5 0 0 1 3  57616:05 41250국3리카디이강운   112 413 438 1 2 725  0김효정45055.072우자상92 85 851582.067.070.4244416416410363744593725202217135038↘↘선14.036.839.013.2366136.937.7100.9101.4 58 53 2142   15.20   13.30 5 -1  3HLDN53.44421818-1.2 5.4 4.2636317-2승부최상승부최상45기 0 3 5   5 5 6 5②1:40.91¾   .013.937.512.8 -2  7  .00 2 4  1  .3 980 7 977 6 2 3 23 1 1.04 6.03     3.7  1.6    5.7    7.2    5.911.26294 4 9 9 4☆ 1.739.00 -.7425.61102.929.9452.7270.3537557022.1144.5762.07 2
20250426토 9180011국351 5 5313 3강 3351맑음양호 8 812지모션          SUMMER F레이디도 1738.00한거 5 0 0 9 4  69017:30 41250국3리카디이강운   113 3121038 2 2 624  0푸르칸44352.570평자상69 67 676476.069.057.9152910364329363739673725142421145729↗→추14.040.140.213.3534941.238.7117.1117.4 56 50 2239   14.80   13.00 4  0  1HN동53.54421818-1.0 5.6 4.6595917 0뒷심문제승부최상 1기 1 411 9 8 8 8 9②1:57.11½   .015.239.713.3 -1  5  .00 2 3 -4  .2 784 62484 6 4 4 23 2 2.03 9.04     4.8  3.8    8.9   14.1   61.612.15591 4 9 9 4☆ 1.740.70 -.6937.13118.726.6145.5557.9437557020.0037.5052.50 2
20250330일10180011국314 5 6314혼전 4451맑음건조 3 812지모션          SUMMER F레이디도 1738.00한거 5 0 0 9 4  76317:30 41250국3리카디이강운   114 211 938 1 2 523  0푸르칸43852.070평자하33 35 355356.061.047.5152910364329363739673725142421145729↗→추14.040.040.413.3624140.939.1117.7118.0 53 47 2435   14.60   13.50 6  2  0HU동53.54421818 -.4 5.4 5.0555517 0주행고전승부기대 1기 0 4 7 8 8 8 8 4②1:57.78     .014.839.513.0 -5 -3  .00 2 7  5 1.41877132883 6 8 7 13 1 1.07 8.04     7.1  2.2   17.3   24.3   38.4  .04781 1 7 8 1▲  .840.80 -.4637.63118.718.4934.0247.45345365 9.2121.2334.14 5
20250216일11180011국351 410315 1강 1155흐림건조 4 812지모션          SUMMER F레이디도 1738.00한거 5 0 0 2 5  88918:00 41250국3리카디이강운   115 110 838 3 2 522  0정정희44152.075평자상21 21 213317.046.024.41140 6285012363729293725202515145729↗↗입14.040.140.313.3534540.339.8119.6119.5 53 47 2435   14.40   13.60 4  1  0HU동53.54421818 -.6 5.0 4.4626217 0일반주행급신장세 1기 0 2 5 5 6 8 9 8⑥1:59.61     .914.640.013.5  4  5  .09 6 2 -1 1.35853313254 3 7 9 63 4 8.01 8.10     7.3 18.2   31.9   82.7  156.0  .01836 0 4 5 0― -.340.90  .0539.08118.7 6.7114.2324.41 51323 3.9011.2522.18 6
20261004일 91800 9외1 4 2  1 0혼전 4451           9 1페퍼엑스        SPEIGHTSMY HAPPY 9224.00미수 4 0 1   1    016:55 605001등강성오박남성  -1 016 8 419 5 7 419  1이혁     53.077강선하50 65 658254.056.030.32258 82554112258273827 82821186427 9↗↘선13.938.040.613.49327                   79 79 6421   13.50   14.2010-10 -4UHDN53.84932312 -.8 3.0 2.2808020-2탐색주행연대우수76관 0 1                            13.5    14.2        .0                       5 7 5 7 12                                              .03774 0 7 8 0―  .440.60  .44     118.0 9.3520.0730.34 81729 7.6919.3830.88 6
20260726일 8200011외131 2 81 1혼전 4451맑음양호 9 9 1페퍼엑스        SPEIGHTSMY HAPPY 9224.00미수 4 0 1 9 1  156     3850001등강성오박남성  -1 115 7 219 4 7 418  1이혁  49157.077우선보87 84 848777.057.028.82258 82554112258273827 82821186427 9↗↘선13.938.841.113.4873438.041.9129.6131.4 79 79 6421   13.60   14.20 4  7  5VB동53.84932312 -.8 3.0 2.2808020 0연대우수최적거리 5   011 2 1 1 2 5 8⑧2:09.67    3.413.541.414.2  4 -1  .04 8 4  3 3.955 48160 7 111 6 5211 3.01 8.01 2.7 3.2  4.2    5.2    9.2    3.512.73273 2 8 8 2▲  .640.90 -.1051.45131.4 9.0617.7128.78 8172914.2926.7236.41 2
20260628일 92000 9외152 4 51 2 3강 3361맑음건조 3 9 1페퍼엑스        SPEIGHTSMY HAPPY 9224.00미수 4 0 1 9 1   62      605001등강성오박남성  -1 214 6 119 3 6 417  1이혁  49252.577우선보82 75 758086.058.046.72258 82554112258273827 8282118603010↗↘선14.038.941.113.4783738.439.6129.1128.9 77 77 6915   14.20   13.50 4 -6 -2HHDN53.94932312 -.8 3.0 2.2808014-3연대우수연대우수38관 0 4 1 1 1 1 1 1①2:09.12    -.313.640.514.2  0 -4  .00 1 1 -2  .0 811361396 1 7 3 3110 1.06 4.05 2.0 4.1  2.0   13.8   18.5   34.112.13768 2 9 9 2▲  .740.70 -.5848.89131.515.3831.6346.6714294628.5750.0066.16 2
20260531일 8230010외153 5101 3혼전 4459맑음양호 6 9 1페퍼엑스        SPEIGHTSMY HAPPY 9224.00미수 4 0 1 9 1   43      605001등강성오박남성  -1 313 5 119 2 6 316  1이혁  49654.077우선보83 73 731583.060.071.12258 82554112258273827 8282118672211↗↘선14.038.941.313.48230        152.0      77 85 69 8   14.10   13.60 9  8  2VNUP53.94932312 -.4 2.8 2.4737314 5마방연대연대우수84기 110 4 4 5 4 3 2②2:32.01¾   .014.239.813.5 -1 -5  .00 2 3  0  .327187027   1 9 1 12 9 1.03 2.10 3.2 6.5  3.2    6.9   12.8   29.3  .04889 4 9 9 4▲ 1.141.30               29.8751.8971.0734536534.3857.7568.42 1
20260329일 9180011외154 1101 4혼전 4451맑음건조 3 9 1페퍼엑스        SPEIGHTSMY HAPPY 9224.00미수 4 0 1 9 1  166      605001등강성오박남성  -1 412 4 319 1 6 315  1이혁  50152.577강선하76 59 596951.047.019.22258 82554112258273827 8282118751313↗↘선13.939.440.713.4912739.140.5115.8117.9 75 92 58 8   13.80   13.90 4 -3 -2HH동54.14921812 -.4 2.4 2.0757518 0연대우수마방연대31관 0 2 3 3 3 3 2 1③1:55.8½    .014.139.313.6  0  1  .00 3 3  1  .51714501978 4 9 8 92 8 2.01 6.03 2.7 5.6  4.6    5.6   13.2   10.9  .03273 0 6 6 0― -.341.40  .2537.75118.6 5.1111.1619.18 2 714 7.6317.3226.40 5
20260301일 9180011외154 1101 5혼전 4451맑음건조 3 9 1페퍼엑스        SPEIGHTSMY HAPPY 9224.00미수 4 0 1 1 1   75      605001등강성오박남성  -1 511 3 219 2 6 314  1임다빈50054.074강선상89 84 848480.055.031.31329 72554112258293727 8142424751313→↗추14.039.440.213.3895337.641.9116.3118.8 82 91 6418   14.10   13.00 4  2  2NN동54.14921812-1.0 2.4 1.4858518 0연대우수연대우수82기 1 5 1 3 2 2 2 4④1:56.35    1.113.840.713.9  2 -1  .00 4 2 -4 1.741 0811848 3 4 2 41 2 1.0710.03 3.2 8.5  3.2   38.4   90.7  141.0  .03781 1 9 8 1△  .441.50  .1339.20118.410.1721.6531.27 9223518.5832.0041.98 1
20260201일 9180010외123 1 71 6혼전 4451맑음건조 2 9 1페퍼엑스        SPEIGHTSMY HAPPY 9224.00미수 4 0 1 1 1   44      605001등강성오박남성  -1 610 2 119 1 5 313  1임다빈50152.574강선하85 68 688476.054.037.11329 72554112258293727 8142424711414→↗추13.939.440.413.3904139.639.3115.9117.8 80 80 6020   14.10   13.4010 -3  1HNUP54.34901812  .0 1.4 1.4858514 2승부최상연대우수27관 0 3 1 1 1 1 1 1①1:55.9½    .014.138.713.0 -5  6  .00 1 6  2  .0152420 778 1 7 4 41 1 6.02 3.02 2.7 4.2 10.1   18.7   42.4   11.6  .03786 3 8 9 3▲  .541.40 -.0737.97118.512.9225.8637.09 8172919.1533.8546.96 1
20251123일11160010외152 1101 7혼전 4451맑음건조 3 9 1페퍼엑스        SPEIGHTSMY HAPPY 27     미수 3 0 1 2 1  19518:00 605001등강성오박남성  -1 7 9 1 519 1 5 312  1이혁  49552.078강도보96 96 961586.055.042.72258 82554112258273827 8282118711414↗↘선13.935.939.613.3924536.139.1 99.8102.1 80 80 6020   13.90   13.60 4 -4 -4NU동54.34901612 -.2 1.8 1.6838314 0승부최상승부최상76관 1 6 9   9 5 7 8⑧1:39.81    1.114.138.313.4  4  7  .02 8 4  3 1.12329382548 3 8 1 20 7 3.02 2.03     6.7  4.7    6.7   12.2   14.610.54895 4 9 9 4▲  .839.60  .0426.55102.815.7129.4742.7319375422.6439.6351.63 1
20251026일10160010외223 5 71 8혼전 4456흐림양호 7 9 1페퍼엑스        SPEIGHTSMY HAPPY 27     미수 3 0 1 9 1  178      495002등강성오박남성  -1 8 8 3 419 4 4 311  1문세영48855.573강도하90 87 871583.067.056.63845 02554112258415227 829361583 017↗↘입13.835.839.613.2944535.839.3100.8101.7 78 78 6711   14.30   13.70 4  6 -2VN동54.14911612 -.4 1.6 1.2909014 0연대우수승부최상38관 110 6   6 5 4 1①1:40.83    -.513.939.113.6  0 -8  .00 1 1 -1  .01414442297 1 5 1 12 5 1.0810.01 1.5 2.5  1.5   17.3   21.9   57.1  .05194 4 9 9 4☆ 1.739.60 -.2426.28102.727.4444.0856.5837607226.8346.0756.73 1
20250927토10160010외232 1 81 9혼전 4451맑음다습11 9 1페퍼엑스        SPEIGHTSMY HAPPY 27     미수 3 0 1 9 2  254      495002등강성오박남성  -1 9 7 2 319 3 4 310  1문세영49657.073우도보95 99 991583.066.048.72735 02340142258415227 829361583 017↗↗입13.736.039.413.0865735.639.8 99.9102.4 88 88 6313   13.40   13.30 8 -6  5HB동54.14911612 -.4 2.8 2.4797914 0연대우수연대우수69기 1 4 7   7 6 4 3③1:39.96    1.014.339.113.7  1 11  .00 3 2  1 2.036 8593249 4 8 1 32 4 1.04 1.10 2.0 3.8  2.0   16.9   24.5   22.110.53789 3 9 9 3★ 1.339.40 -.0627.00102.716.9535.0848.6819375421.3639.8150.49 1
20250802토 9160010외252 4 5110혼전 4451맑음건조 3 9 1페퍼엑스        SPEIGHTSMY HAPPY 27     미수 3 0 1 1 3  40318:00 495002등강성오박남성  -110 6 1 219 2 3 3 9  1문세영48552.573우도상96 99 991585.064.047.53745 01755 82258415227 829361580 020↘↗입13.736.139.413.0785735.939.1100.3101.2 86 86 5714   13.60   13.50 5  4 -4VH동54.44921612  .0 2.6 2.6767614 0승부최상연대우수55기 010 2   2 1 1 1①1:40.31¾  -.313.439.013.3  0 -5  .00 1 1 -1  .0 517391894 4 5 1 41 3 1.0210.08     4.3  2.0    4.3    6.1    8.410.54886 3 9 9 3★ 1.239.40 -.0725.69102.819.1433.9647.54 9223530.8547.0658.36 1
20250628토 7160010외322 2 7111혼전 4451맑음다습11 9 1페퍼엑스        SPEIGHTSMY HAPPY 27     미수 3 0 1 9 3  50816:30 41250혼3강성오박남성  -111 5 5 119 1 2 3 8  1문세영49056.073우추하66 74 741580.066.037.53745 01755 82258415227 829361575 025↘↗입13.736.239.413.0735735.539.1 99.8100.9 83 83 5017   13.60   13.40 5  0 -1NNUP54.04921612  .0 2.8 2.8767614 2연대우수승부최상93기 1 6 2   2 1 1 1①1:39.83    -.613.639.113.5 -1 -6  .00 1 2  1  .0 2 6401094 4 4 6 41 2 2.01 6.04     3.8  3.7    3.8    8.4   10.1  .04591 3 9 9 3★ 1.339.40  .1225.30102.811.8625.4937.53 8172917.3630.7741.38 3
20250525일101400 9외343 2 9112 1강 1151맑음양호 8 9 1페퍼엑스        SPEIGHTSMY HAPPY 27     미수 3 0 1 2 3  59517:30 41250혼3강성오박남성  -112 4 4 519 2 2 3 7  1이혁  49656.581우추보76 75 758891.067.051.62132101755 82258273827 828211875 025↗↘선13.736.738.913.0696937.439.1 87.2 89.1 83 83 5017   13.50   13.90 5  1  1NB동54.04921412  .3 2.8 3.0747414 0연대우수연대우수44관 0 6 5     7 9 9⑤1:27.2½    .613.638.513.4  4 -6  .09 5 1  0 1.05263394660 5 2 3 23 6 3.02 1.02     5.8  5.5    7.2   18.6   16.0  .04187 3 9 9 3★ 1.439.20 -.2113.4888.3219.2836.8951.6319375423.7445.6061.06 2
20250420일10140011외353 1 5113혼전 4451맑음양호 8 9 1페퍼엑스        SPEIGHTSMY HAPPY 27     미수 3 0 1 2 4  70017:30 41250혼3강성오박남성  -113 3 3 419 1 2 3 6  1이혁  50255.583우추보80 86 867480.064.033.81430 82558152258273827 828211875 025→↗선13.736.838.913.0586936.439.6 87.8 88.6 83 83 5017   13.60   13.90 5  0  2NN동54.04921412  .3 3.3 3.7707014 0승부최상연대우수 1관 0 5 2     2 2 6⑦1:27.8¾    .813.539.713.9  6  7  .09 7 1  0 1.03311562654 6 5 3 31 5 6.02 8.01     4.7 14.4   24.2   77.7   95.9  .03784 1 8 8 1▲ 1.039.00  .2012.8988.3812.7323.1833.7912264017.3628.4637.70 2
20250316일11140011외341 4 9114혼전 4451맑음양호 6 9 1페퍼엑스        SPEIGHTSMY HAPPY 27     미수 3 0 1 2 5  80418:00 41250혼3강성오박남성  -114 2 2 319 1 1 3 5  1문세영49553.593강추상96 99 999087.069.047.24153 01463 02258415227 829361567 033→→입13.836.638.813.0727336.439.5 87.2 88.3 80 80 4020   13.80   13.60 9  4  2NN동54.24911412  .5 1.5 2.0858514 0연대우수승부최상 1기 1 5 1     1 1 1①1:27.2½    .013.639.213.9  0  2  .00 1 1 -2  .02213532579 4 6 1 11 1 1.06 5.04     5.2  1.9    8.8   14.2   60.210.55199 4 9 9 4☆ 1.739.20  .0512.8688.1821.3336.3647.1934536521.8536.2150.94 1
20250111토10140011외343 1 4115 1강 1151맑음건조 5 9 1페퍼엑스        SPEIGHTSMY HAPPY 27     미수 3 0 1 2 5  98917:30 41250혼3강성오박남성  -115 1 1 219 2 1 2 4  1이혁  49352.089강추보97 99 999093.063.037.42555 31463 02258273827 828211850 050↗→선13.636.538.913.0836936.239.1 87.0 87.9 75 75 2525   13.70   13.70 4 -6 -4UU동55.34901412  .0 2.0 2.0858514 0일반주행연대우수 1관 0 1 3     1 1 1②1:27.0½    .013.838.813.6 -1  1  .00 2 3  2  .113 641 976 2 7 2 31 4 1.0311.01     3.6  1.9    5.1    8.0    5.012.03786 2 9 9 2▲ 1.039.20  .3112.5488.1813.1525.3737.3519375424.4844.0655.50 1
20261004일 91800 9외1 4 2  5 0혼전 4451           9 2지비볼트        ROCK YOUSHINING  9927.00미거 3 1 1   1    016:55 605001등리카디손병석  -3 0 9 1 4 8 9 4 2 8  1빅투아   52.591강선하50 81 818579.054.032.530521335531336404249372522281799 0 0→→선13.939.439.812.87280                   86 86 2943   13.90   13.40 5 -4 -6UU동53.95161918 -.2 1.4 1.2959519 0전개최상연대우수81기 0 2                            13.9    13.4        .0                       8 3 2 5  9                                              .03786 3 9 9 3▲  .539.80  .20     118.2 9.9721.6432.53 5132319.2331.7245.00 1
20260829토 8180011외254 1 55 1 2강 2231맑음다습12 9 2지비볼트        ROCK YOUSHINING  9927.00미거 3 0 1 9 1   75      495002등리카디손병석  -3 1 8 2 3 8 8 3 2 7  1빅투아50658.091강선하87 94 949191.068.056.030521335531336404249372522281799 0 0→→선13.839.839.712.8708339.439.5115.0117.5 83 83 1750   14.00   14.30 6 -1  6NB동52.95191914 -.2 1.6 1.4939318 0승부최상전개최상62기 0 6 2 1 1 1 1 1①1:55.04    -.713.938.513.4  0  0  .00 1 1  0  .0111922 695 4 1 1 11 8 1.03 6.08 2.5 5.0  2.5    6.5    9.4   14.0  .04295 4 9 9 4☆ 1.741.00 -.4038.00118.327.1743.8155.9937607225.0044.3654.33 1
20260719일 91800 9외114 6 15 2 1강 1158맑음다습14 9 2지비볼트        ROCK YOUSHINING  9927.00미거 3 1 1 2 1   93      605001등리카디손병석  -3 2 7 1 2 8 7 3 2 6  1빅투아50652.591강선보91 93 939090.056.058.130521335531336404249372522281799 0 0→→선13.840.039.712.8588339.241.9116.4118.9 83 83 3367   13.90   13.20 7 -1 -1NUDN52.95191914 -.2 2.8 2.6828218-1연대우수승부최상 5   0 7 6 2 2 3 3 5⑤1:56.4머리  .614.041.714.3  4-12  .02 5 1  0  .74113805766 4 1 1 22 7 5.02 8.02 1.4 3.0 14.1   36.5   88.8  202.2  .05995 4 9 9 4▲  .940.90 -.5139.20118.419.8539.3558.08 9223535.9664.4479.62 1
20260530토 9190010외211 9 65 3혼전 4451맑음양호 7 9 2지비볼트        ROCK YOUSHINING  9927.00미거 3 0 1 9 1  132      495002등리카디손병석  -3 3 6 1 1 8 6 2 2 5  1빅투아51853.091강선보90 99 998584.065.051.530521335531336404249372522281799 0 0→→선13.939.340.512.9597639.738.2125.2123.8 80 80 2040   14.00   12.80 6 -1  1LVUP52.85191914 -.2 2.8 2.6828218 1연대우수연대우수38기 0 8 2 2 2 2 1 1①2:05.27   -1.313.938.813.2  0  2  .00 1 1  0  .0 756 4 799 5 1 1 11 6 1.02 8.09 1.3 3.7  1.3    3.7    4.2   14.110.55590 4 9 9 4☆ 1.441.20  .0744.04123.922.1339.6151.4534536520.8835.8550.15 2
20260418토 9180011외352 1105 4 1강 1151맑음건조 4 9 2지비볼트        ROCK YOUSHINING  9927.00미거 3 0 1 2 1  114      41250혼3리카디손병석  -3 4 5 1 1 8 5 1 2 4  1빅투아51652.591우선보88 92 926991.066.058.930521335531336404249372522281799 0 0→→선13.840.040.012.9596539.438.1115.4117.1 75 75  025   13.60   13.60 3  7 -4BUUP53.05201814 -.3 3.3 3.0777714 2연대우수연대우수65기 0 9 1 1 1 1 1 1①1:55.49   -1.614.037.712.8  0  0  .00 1 1  0  .0 523 2 095 5 1 2 11 5 1.03 9.04 2.2 5.3  2.2    8.3   12.2   65.1  .04185 3 9 9 3★ 1.440.70 -.6237.11118.526.7247.0058.8534536529.7353.0266.35 1
20260328토 8160010외412 9 15 5혼전 4451맑음건조 3 9 2지비볼트        ROCK YOUSHINING  3420.00미거 3 0 1 9 1   56      33000혼4리카디손병석  -3 5 4 4 1 8 4 1 1 3  1빅투아51656.591우선적81 90 901581.070.053.930521335531336404249372522281799 0 0→→선13.936.539.012.9567336.139.0101.8101.4 67 67  033   13.80   13.60 6 -3  3UBUP53.05201614 -.7 4.0 3.3747414 2승부최상연대우수42기 0 2 2   2 2 2 2②1:41.8코    .013.639.513.6  1 -7  .00 2 1 -2  .0 624301692 8 1 2 11 4 4.01 1.02 1.2 1.9 19.1    8.1   45.5    6.810.53785 3 9 9 3★ 1.539.00 -.2225.87102.824.0441.4253.8934536526.8349.1457.45 1
20260214토11140011외430 6 85 6 3강 3351맑음건조 3 9 2지비볼트        ROCK YOUSHINING  3420.00미거 3 0 1 2 1  105      33000혼4리카디손병석  -3 6 3 3 2 8 3 0 1 2  1빅투아52353.591우추보86 93 938590.070.044.430521335531336404249372522281799 0 0→→선13.937.138.512.9388936.839.0 87.5 88.2 50 50  050   13.70   12.80 3  0  1NV동52.55171412  .0 4.5 4.5646414 0배당마주승부최상68기 0 5 5     2 2 2①1:27.51¼  -.213.839.113.6 -2  6  .00 1 3  1  .01931362292 7 2 3 31 3 3.07 5.06 2.6 3.4  3.7   32.1   53.5   24.4  .04593 3 9 9 3★ 1.638.70  .0012.5788.3217.6833.1544.4018405421.3339.3244.23 2
20260124토 9140010외410 5 65 7혼전 4451맑음건조 3 9 2지비볼트        ROCK YOUSHINING  3420.00미거 3 0 0 2 1   55      33000혼4리카디손병석  -3 7 2 2 1 8 2 0 0 1  0빅투아51752.591하추보30 27 275052.068.042.3305213355313364042493725222817      →→선14.037.838.512.8 18736.637.9 86.4 87.1  0  0  0 0   14.00   12.50 5  1 -4NHUP       1412  .0 7.0 7.0444412 2마방습성배당마주 5기 0 5 1     1 1 2②1:26.41½   .013.737.512.8  0  1  .00 2 2 -5  .2 324 6 18411 1 9 21 2 3.02 4.05 1.6 4.1  7.8   15.0   39.3  157.312.73369 2 7 8 2▲ 1.337.70 -.3810.8388.8014.7430.8042.27204358 8.5715.4526.69 6
20251221일 2120012외421 5 25 8 3강 3355맑음포화16 9 2지비볼트        ROCK YOUSHINING         미거 2     2 1   9511:00 41250혼4리카디손병석  -3 8 1 1 1 8 1 0 0 0  0빅투아51656.091평무보25 25 2545  .064.045.8305213355313364042493725222817      →→선14.438.039.812.917 138.637.9 74.7 76.6              14.40   13.20        NN동       12 0         3.0     0 0숨은복병마방습성44기 0 4 5    1011 9⑦1:14.7목   1.214.037.012.5  0  2  .00 7 7  0 1.66996186444 9 911 33 1 1.02 2.03     2.1  1.5    2.1    2.6   17.711.22669 1 6 8 1▲ 1.037.70-1.49-1.1977.0617.0332.2045.82122640 6.4313.6226.44 4
20261004일 91800 9외1 4 2  1 0혼전 4451           9 3어서말을해      모스피릿ANNIE TR 91     미수 5 0 0   1    016:55 605001등최용건우태율   1 01616 224 1 4 225  0이동하   52.590우자보50 48 484558.058.038.8325415285512232942 72714252419332233↗↘선13.637.640.213.44649                   44 61 2239   13.80   13.60 5 -5  0HHUP53.24651812 -.2 7.0 6.8515110 4승부최상거리속성60기 0 3                            13.8    13.6        .0                       3 5 8 3  2                                              .03585 3 8 9 3▲  .840.20  .48     117.713.1125.6938.78122640 9.6219.3830.00 7
20260830일 9140010외123 2 71 1 3강 3351흐림다습11 9 3어서말을해      모스피릿ANNIE TR 91     미수 5 0 0 9 1   64      605001등최용건우태율   1 11515 424 1 4 224  0코지  46052.587평자상80 71 717378.067.040.9335919285512232956472714233119332233↗↘입13.636.838.713.4586537.638.7 86.0 88.2 47 59 2441   13.90   13.80 6  4  0NHDN53.24651812  .0 6.8 6.8525210-4연대우수승부최상53기 0 8 7     7 9 8⑧1:26.0목   1.613.837.613.6  1 -4  .00 8 7  0 1.72175243836 7 6 8 20 2 2.04 6.11 1.8 4.3  4.9   36.3   70.2   13.912.14593 4 8 9 4▲ 1.539.00  .1412.7088.2516.7930.6340.8637557011.0420.5833.03 4
20260719일 91800 9외114 6 11 2 1강 1158맑음다습14 9 3어서말을해      모스피릿ANNIE TR 91     미수 5 0 0 2 1   93      605001등최용건우태율   1 21414 124 1 4 223  0이동하46452.590우자보56 28 286661.056.046.5325415285512232942 72714252419382525↗↘선13.640.140.013.4426139.540.5115.9118.4 44 63 1944   13.70   13.20 2 -5 -1HHUP53.34661812 1.0 6.8 7.8464610 6일반주행연대우수 5   0 4 3 4 5 5 6 4③1:55.9¾    .113.940.313.8 -4 -6  .00 3 7 -1  .22622492780 5 4 5 43 1 5.02 8.02 1.4 3.0 14.1   36.5   88.8  202.212.03788 2 7 9 2▲  .540.80 -.3638.30118.612.6129.7746.48122640 8.9923.3339.23 4
20260705일10120010외154 1 51 3혼전 4451비  다습13 9 3어서말을해      모스피릿ANNIE TR 9118.00미수 5 0 0 1 1   21      605001등최용건우태율   1 313131624 1 4 222  0루이스47053.068우자상75 53 537533.048.019.32143102855122329 0 02714192617382525↗↘입13.637.137.813.4459437.138.3 73.3 75.5 47 67 3340   14.30   12.30 3  3  1LN동53.34661612  .0 6.8 6.8494910 0일반주행단기승부43기 0 9 5     4 5 8⑩1:13.3¾   1.413.737.213.2  2 -5  .0010 8  1 1.52742312541 9 4 8 90 1 5.0210.04 2.3 4.4  9.6   20.3   55.5  114.6  .01858 0 5 7 0― -.138.30  .90  .6075.45 4.3811.3819.27 2 714 4.5111.0318.41 8
20260613토10120011외114 1 61 4혼전 4451맑음건조 3 9 3어서말을해      모스피릿ANNIE TR 9118.00미수 5 0 0 2 1   51      605001등최용건우태율   1 412121524 1 4 221  0이혁  47552.580우입하60 53 538034.048.024.32258 82855122329 6 02714282118432914↗↘선13.737.137.813.5519338.337.1 73.5 75.7 50 71 3643   13.70   14.00 5  4  0NHDN53.44641612  .4 6.0 6.4535310-2일반주행거리혈통44기 0 6 9    1010 8⑥1:13.51     .914.336.012.3 -1  1  .00 6 7  1  .93291 32554 9 3 6 73 1 1.06 4.11 1.5 5.1  1.5   12.4   16.4   40.0  .01570 0 5 6 0― -.238.40  .76  .8075.45 6.3515.4824.30 51323 3.6711.4518.70 8
20260510일 8140011외114 4 11 5 3강 3351맑음건조 5 9 3어서말을해      모스피릿ANNIE TR 91     미수 5 0 0 2 1   83      605001등최용건우태율   1 51111 324 1 4 220  0송재철47452.576강입하81 50 506640.046.018.81745 82855122329 9 02714192520432914→→입13.636.838.613.5557637.139.6 88.0 89.4 54 77 4662   13.50   13.40 9  1  0HHUP53.44641612 -.2 5.8 5.6606014 2일반주행작전마주57기 0 2 4     6 8 6⑦1:28.02½   .913.739.414.0  1  3  .00 7 6  0 1.05850545355 7 4 4 80 2 7.04 7.06 1.6 3.2 24.7  175.9  482.1  168.011.22064 0 5 7 0― -.239.20  .7813.9588.18 3.8610.6418.83 1 510 5.4813.7223.25 7
20260308일10120011외124 1 71 6혼전 4451맑음다습12 9 3어서말을해      모스피릿ANNIE TR 9118.00미수 5 0 0 2 1  168      605001등최용건우태율   1 610101424 1 4 219  0해리카47152.569강자보96 65 659048.048.023.6144411285512232932332714172612432914→→입13.536.737.813.4779537.138.6 73.6 75.8 58 83 5058   13.50   13.1012 -9  1UN동53.44641612 -.2 6.0 5.8595914 0숨은복병거리혈통66관 0 1 4     4 6 8⑧1:13.61    1.413.537.513.4  2  7  .00 8 6 -1 1.64245433840 3 2 7 72 1 2.01 5.03 2.1 3.4  4.0    3.4    7.8    6.9  .02069 0 6 7 0― -.138.80  .98 1.3075.22 5.7614.7523.61 4111812.3018.2626.20 7
20251214일11120010외154 1101 7혼전 4451맑음포화18 9 3어서말을해      모스피릿ANNIE TR 9118.00미수 4 0 0 2 2  223      605001등최용건우태율   1 7 9 91324 1 4 218  0김철호46452.067우자보87 64 648034.046.017.01740152375 6232918282714142025432914→→추13.636.837.913.4689136.837.6 72.3 74.5 64 82 3645   13.80   13.20 3  3  0VUDN53.44641612  .2 6.4 6.6535314-4편성불리조교부실30관 010 7     910 9⑧1:12.31¼  1.113.536.513.1  1  3  .00 8 7 -1 1.3 62612 549 7 510100 6 2.05 6.04 3.5 8.4  5.2   21.0   31.3   96.1  .02376 1 5 7 1△ -.238.30 1.07 -.2075.33 3.64 9.7516.96 0 2 4 2.55 8.1814.6311
20251123일111600 9외152 1101 8혼전 4451맑음건조 3 9 3어서말을해      모스피릿ANNIE TR 91     미수 4 0 0 2 1   89      605001등최용건우태율   1 8 8 8 224 1 4 217  0조한별46152.060우입하78 70 701543.047.024.61427102855122329 01427141221185033 0↗↘입13.636.239.813.4703736.938.6 99.6101.9 70 80 4040   13.50   12.80 7  0 -1NUUP53.64651612  .8 5.2 6.0595914 4편성불리보통주행69기 0 7 5   5 8 9 7⑤1:39.61½   .913.837.813.2 -3  2  .00 5 8  5  .91877243454 6 9 5 83 1 3.02 2.03 4.0 6.7  4.7    6.7   12.2   14.6  .02345 0 5 7 0― -.239.80  .2425.87103.0 6.4315.3724.55 2 714 8.4917.5125.82 6
20251004토11120011외123 1 71 9 1강 1151맑음다습10 9 3어서말을해      모스피릿ANNIE TR 9118.00미수 4 0 0 1 2  221      605001등최용건우태율   1 9 7 71224 2 4 216  0김철호45952.567우입상92 84 848592.053.026.41740152375 62329182827141420255033 0→→추13.636.737.913.5798937.337.3 73.2 75.4 78 78 4433   13.40   13.30 3 -2  1NNDN53.64651612  .6 4.8 5.4646414-2부중유리단기승부42기 0 7 5     7 9 7④1:13.2¾    .313.536.912.8  1 -2  .00 4 3 -2  .52453 6 873 6 6 3 73 5 1.05 6.01 3.2 7.0  3.2    8.5   12.1  292.8  .03158 1 8 7 1―  .538.70  .87  .8075.28 7.4016.8426.4110203320.1134.0844.17 2
20250914일11140011외144 1 9110혼전 4451맑음다습12 9 3어서말을해      모스피릿ANNIE TR 91     미수 4 0 0 2 2  28518:00 605001등최용건우태율   110 6 6 224 1 4 215  0김철호46152.065우선하38 34 348239.044.022.31740152375 62329182827141420256020 0→→추13.636.539.313.5824136.638.6 84.8 87.0 75 75 5038   13.70   14.7016  5 -2LUDN53.94661612 1.2 4.0 5.2646412-2승부최상보통주행71기 1 9 4     4 6 2③1:24.8½    .013.437.613.3 -2  0  .00 3 5 -2  .8 22123 781 3 9 7 72 4 2.0311.03     4.8  3.2    4.8    8.5   26.1  .03464 0 5 6 0― -.339.00  .4611.2088.45 5.7213.1522.25 41118 9.4118.0925.42 6
20250525일 8160010외113 1 6111혼전 4451맑음양호 8 9 3어서말을해      모스피릿ANNIE TR 91     미수 4 0 0 2 3  59716:05 605001등최용건우태율   111 5 5 124 1 4 214  0코지  46154.093강도하83 76 761580.063.040.32641 52757122329564727142331196020 0↘↗입13.636.239.113.5746136.041.4101.1103.6 86 86 5743   13.50   13.20 2 -1 -4HHUP53.94661612  .8 2.8 3.6777712 4전개최상승부최상46기 0 4 5   5 7 8 9⑨1:41.11¼  1.613.740.214.7  2 -6  .00 9 7  5 3.07122878534 3 5 4 30 1 1.06 1.09     5.0  1.7   11.0   14.7  205.0  .04596 3 9 9 3★ 1.139.10  .2128.30102.613.8426.8540.2818405417.2128.8039.34 2
20250510토101200 8외114 2 1112 1강 1155흐림불량20 9 3어서말을해      모스피릿ANNIE TR 9118.00미수 4 0 0 2 4  64718:00 605001등최용건우태율   112 4 41124 1 4 213  0김철호46757.562강도하78 64 649679.055.047.21840142450 72329182827141420256020 0↗↘추13.636.737.813.5799537.438.2 73.5 75.7 86 86 5743   13.60   14.10 4 -4  1NB동53.94661412  .2 1.2 1.4939312 0전개최상전개최상 1   0 5 5     6 7 6⑤1:13.53     .713.537.113.2  3  6  .05 5 2 -7 1.33458293260 4 1 2 20 3 1.04 1.03     2.2  1.4    7.5    9.8   30.3  .04284 3 8 8 3▲  .938.80  .32 1.2075.2216.9032.1047.1814294421.5136.7354.93 2
20250413일 8120015외124 1 7113혼전 4451흐림포화17 9 3어서말을해      모스피릿ANNIE TR 9118.00미수 4 0 1 2 4  72316:052750001등최용건우태율   113 3 31024 1 4 212  1마이아46157.093강도하98 96 969482.062.044.43350322450 72329323327143533 76020 0→→선13.636.637.813.5889436.738.8 74.0 76.2100100 6750   13.90   12.5013  5  5LB동53.94661412  .2 1.0 1.2959512 0전개최상전개최상 1   0 9 6     6 911⑫1:14.01½  2.213.638.314.1  3-14  .0012 9  7 2.45320502819 5 3 4 10 1 2.10 4.11     4.3  3.4   72.8  157.4   77.510.56299 4 9 9 4☆ 1.439.00  .46 1.8075.1720.9835.9244.3819375413.3825.3924.81 2
20250112일11120011외144 1 9114혼전 4451맑음건조 3 9 3어서말을해      모스피릿ANNIE TR 9118.00미수 4 0 1 2 5  97718:00 605001등최용건우태율   114 2 2 924 1 4 210  1송재철46452.073강도보96 98 989683.057.032.91856 52258 72329 9 027141925206020 0↗↘입13.636.637.813.5889337.436.0 72.9 74.2100100 6750   13.50   12.60 5 -6 -1HU동53.94661412  .3 1.0 1.3949412 0전개최상전개최상 1기 1 4 5     7 5 4⑤1:12.9코    .213.936.112.5  3 -1  .09 5 2  0  .3 256 0 074 5 3 1 40 1 1.09 6.01     5.1  2.5   90.8  106.5  160.110.54296 3 9 9 3▲  .738.40  .78 -.2375.1710.7222.2832.92 8172914.9728.3737.05 1
20241208일10120010외114 1 6115 1강 1151맑음다습13 9 3어서말을해      모스피릿ANNIE TR 9118.00미수 3 0 1 2 6 108818:00 605001등최용건우태율   115 1 1 824 2 4 1 9  1김철호46553.061강선보99 97 979890.050.029.31350 61244 42329182827141420257525 0↗↘추13.636.637.813.5909437.636.9 72.7 74.9100100 8040   13.50   12.40 5  5  1VN동54.14661412  .0 1.0 1.0989812 0전개최상전개최상 1기 010 4     4 6 4②1:12.72½   .013.535.812.6  0  4  .00 2 2  1  .41166 2 584 3 1 2 50 2 1.02 2.10     4.5  1.6    4.5    6.8   13.6  .04286 3 9 8 3▲  .538.60  .89  .5075.17 7.7518.2729.34 5112015.1731.4443.40 3
20261004일 91800 9국1 4 2  5 0혼전 4451           9 4제타마스터      테스타마백산여왕 4445.00한거 6 0 0   1    016:55 605001등문세영김갑수  99 016 31629 2 5 929  0서승운   52.587강추보50 71 719163.058.038.823361222271427 0 0 0503328261615 877↗→선13.841.039.613.4 780                   72 80 1244   15.20   13.20 4 -2 -5HH동55.84952018-1.0 3.8 2.8818114 0전개최상전개최상84기 0 4                            15.2    13.2        .0                       9 2 3 4  5                                              .04289 3 7 6 3△  .839.60 -.34     118.813.1025.6838.76 92235 9.6222.0333.53 4
20260905토 5180012국154 1105 1혼전 4451맑음양호 9 9 4제타마스터      테스타마백산여왕 4445.00한거 6 0 1 1 1   58      825001등문세영김갑수  99 115 21529 1 5 928  1서승운49957.087강추상90 93 939671.061.036.623361222271427 0 0 0503328261617 875↗→선13.840.939.513.4 68341.039.5115.2117.6 75 79 1346   15.50   13.40 3 -3  4NL동55.74952018 -.6 3.4 2.8818114 0전개최상전개최상 5   0 611111110 9 6④1:55.2½    .215.238.813.2  0 -6  .00 4 4 -3  .3127721417312 1 3 53 4 5.01 8.07 2.8 5.3 11.0   10.4   25.9   14.810.54292 3 8 7 3▲  .939.90 -.2437.19118.713.4125.8536.56 9223515.1325.2137.82 4
20260816일 9180011국151 6105 2혼전 4451흐림다습13 9 4제타마스터      테스타마백산여왕 4445.00한거 6 0 0 2 1   53      605001등문세영김갑수  99 214 11429 1 5 827  0이동하50553.090강추보92 94 949579.061.039.932541522271427 0 0 0503325241917 875↗↘선13.840.939.413.4 58741.539.7115.5118.0 74 74 1348   15.00   12.60 7  4 -4LHDN55.74952018 -.4 3.4 3.0797914-2전개최상전개최상 5   0 91111111010 4②1:55.59     .015.538.713.4 -5 13  .00 2 7  6 1.6168926598811 1 2 23 4 3.0710.09 2.9 5.4  6.5   33.4   77.0   41.510.55598 4 9 8 4▲ 1.239.90 -.2837.70118.716.4729.6239.86 8172914.3926.9739.00 3
20260627토 9200010국251 2105 3혼전 4451맑음건조 4 9 4제타마스터      테스타마백산여왕 4445.00한거 6 0 0 9 1  112      495002등우창구김갑수  99 31313 229 3 4 826  0서승운49257.087강추보90 91 919677.067.052.82336122052 92048 0 0221128261618 973↗→선13.940.139.813.5 28340.536.7130.0128.9 73 77 1445   15.30   12.70 2  4 -1NNUP55.54952018-1.6 4.6 3.0808014 2마방기습전개최상37관 0 5 8 8 8 9 9 4①2:10.01    -.215.037.512.6  0 -2  .00 1 1 -2  .01192 1 59211 1 1 13 3 1.04 5.09 3.5 8.1  3.5   13.6   19.0   48.710.54890 4 9 9 4☆ 1.539.50 -.6748.98131.423.7241.7252.8434536518.0033.6744.09 1
20260614일 9180011국241 6 95 4 1강 1151흐림건조 3 9 4제타마스터      테스타마백산여왕 4445.00한거 6 0 0 2 1    2      495002등우창구김갑수  99 412121329 2 4 825  0서승운49458.087강추보85 80 808783.060.040.42336122052 92048 0 02211282616201070↗→선13.940.939.513.5 58341.738.3117.4117.9 76 81 1443   14.80   13.80 4 -5  2UBDN55.34962018-1.4 4.2 2.8808014-2신뢰마주마방기습63관 0 11010101110 7③1:57.4목    .015.337.712.7  0 -4  .00 3 3 -1  .41593 3298711 2 3 33 2 2.01 2.10 3.0 6.5  4.1    6.5   12.9    7.512.03271 2 8 7 2▲  .839.90 -.3137.52118.712.6826.5740.4412264015.7130.9437.86 3
20260517일 7200013국233 6 85 5혼전 4451맑음건조 3 9 4제타마스터      테스타마백산여왕 4445.00한거 6 0 1 2 1   64     1100002등우창구김갑수  99 51111 129 1 4 824  1서승운49856.087강추보95 92 928472.061.035.22336122052 92048 0 02211282616201070↗→선13.940.040.113.6 57340.439.0132.0130.6 80 80 1545   15.80   12.80 9 -1  2NNUP55.34962018-1.4 3.8 2.4848414 2승부최상신뢰마주 5   0 611111111 9 4④2:12.0½    .614.840.213.8  0  5  .00 4 4  2 1.5379022496713 2 2 33 1 2.0613.11 2.9 5.8  4.3   24.7   39.5  284.210.53481 2 8 8 2▲  .839.70 -.3650.54131.612.1023.7035.2412264010.0823.6631.65 3
20260314토10180011국253 4105 6 1강 1151흐림양호 7 9 4제타마스터      테스타마백산여왕 4445.00한거 6 0 1 2 1  178      495002등우창구김갑수  99 610101229 1 4 823  1우인철49354.073강추상98 95 958887.064.046.32048102052 9204817 02211112823201070↗↘입13.840.939.513.6 88041.639.0117.2117.2 79 79 1642   16.00   13.30 4 -4 -2NH동55.34961818-1.6 3.6 2.0868614 0마주신뢰승부최상42기 0 710101011 9 7④1:57.2목    .115.837.912.8  2  1  .00 4 2 -5 1.6 69312497711 1 3 23 1 6.03 9.02 3.3 9.3  8.3   22.9   54.1   54.3  .04592 3 8 8 3▲ 1.239.80 -.4436.76118.719.0734.7246.3219375416.2531.6548.46 3
20260214토10180011국220 6 75 7혼전 4451맑음건조 3 9 4제타마스터      테스타마백산여왕 4445.00한거 6 0 1 2 1   64      495002등우창구김갑수  99 7 9 91129 1 4 822  1송재철49255.576강추하79 84 848874.062.036.11745 82052 9204813 02211192520201070→→입13.840.839.513.6108041.837.9116.6117.0 72 72 2239   15.50   13.80 3  7  1VN동55.34961818-1.0 2.6 1.6878714 0전개최상마주신뢰63기 0111111111110 7③1:56.61¼   .216.038.113.3 -4 -8  .00 3 7  6 1.1 494 2237811 2 3 33 1 1.04 9.01 2.3 3.7  2.3   11.6   17.5   54.2  .04188 3 8 8 3▲ 1.139.90 -.1936.65118.711.6323.6536.12 9223515.6525.6437.71 4
20260125일 9180010국223 3 75 8혼전 4451맑음건조 3 9 4제타마스터      테스타마백산여왕 4445.00한거 6 0 1 2 1   44      495002등우창구김갑수  99 8 8 81029 1 4 821  1장추열50055.093강추보92 97 979482.066.053.93049122052 9204826382211202722201070↘↗입13.840.839.613.5117641.340.1117.9118.9 72 78 1744   15.50   12.60 4 -4  1HN동55.34961818 -.2 2.0 1.8858514 0마주신뢰전개최상 5기 1 410 9 9 9 8 8⑦1:57.9½    .615.539.913.8  6  3  .09 7 1 -6 1.6478543686210 1 2 20 8 4.06 6.10 2.8 3.4  9.3   66.7  157.8  237.310.54896 4 9 8 4▲ 1.540.10 -.6338.50118.722.3141.3153.9219375418.7535.8147.93 2
20251227토11180011국212 2 65 9혼전 4451흐림다습14 9 4제타마스터      테스타마백산여왕 4445.00한거 5 0 1 9 1   7518:00 495002등우창구김갑수  99 9 7 7 929 2 3 820  1이동하49754.090강추보93 97 977384.067.057.33254152052 9204829 02211252419221167↗↘선13.840.740.213.6224941.538.2115.9117.9 71 59 1835   15.30   13.60 3  5  3NN동55.44951818 -.2 2.0 1.8858514 0승부최상마주신뢰50기 0 811111111 9 4①1:55.92½  -.515.538.112.6 -6 -9  .00 1 7  6  .01890 4239411 4 1 13 3 7.10 8.10     5.5 17.3  149.5  241.9  470.810.55590 4 9 9 4☆ 1.740.10 -.8437.02118.930.2746.3057.3437607219.0034.0847.09 1
20251207일11180010국233 7 8510 3강 3349흐림양호 9 9 4제타마스터      테스타마백산여왕 4445.00한거 5 0 1 1 1   4518:00 495002등우창구김갑수  9910 6 6 829 1 3 719  1이동하50651.590강추보75 92 928986.066.076.13254152052 9204829 02211252419221167↗↘선13.940.840.113.6165741.338.9117.4117.4 75 69 1925   15.20   14.20 5 -5 -6HU동55.44951818 -.8 2.6 1.8858514 0승부최상승부최상56기 1 3 8 8 9 8 5 3②1:57.411    .015.339.213.6  1  8  .00 2 1 -1 1.9 686 93392 9 1 1 13 2 2.0110.03     3.3  3.1    3.3    6.9    3.6  .05596 4 9 9 4☆ 1.540.00-1.2736.45118.932.5359.5176.1437557036.9262.7780.56 1
20251102일 9180010국433 7 3511 2강 2255맑음건조 5 9 4제타마스터      테스타마백산여왕 4445.00한거 5 0 1 1 1  157      41250혼3우창구김갑수  9911 5 5 729 1 3 618  1장추열49857.593강추하96 96 968589.069.061.43049122052 9204826382211202722251363↘↗입13.940.839.913.6136940.341.1117.4119.0 73 73 2027   15.60   13.00 8 -1  0NL동55.24951818-1.2 3.2 2.0858514 0마주신뢰승부최상69기 0 8 9 9 8 6 6 4②1:57.43     .015.240.114.2  0 -1  .00 2 2  1  .6435268678910 2 1 23 7 3.02 6.08 2.6 3.1  4.6    6.5   12.8    4.3  .04893 3 9 9 3★ 1.640.20 -.8738.26118.826.6447.9761.3619375420.1336.6354.70 3
20250907일101800 9국412 3 6512 1강 1159맑음다습14 9 4제타마스터      테스타마백산여왕 4445.00한거 5 0 0 1 2  306      41250혼3우창구김갑수  9912 4 4 629 1 3 517  0이동하49957.592강추상96 97 979089.069.087.32445152136 4204829 02211252419251363↘↗선13.940.740.213.6195341.638.2115.8117.8 71 71 2121   15.50   13.60 6  6  4VB동55.24951818-1.4 4.2 2.8838314 0승부최상마주신뢰47기 1 9 9 9 9 9 8 2②1:55.8½    .015.637.813.0  1 -1  .00 2 1 -1  .11292 22383 8 1 1 13 1 2.01 1.09 1.8 4.9  6.0    5.8   15.1   37.0  .04188 3 9 9 3★ 1.840.10-1.5236.85118.948.6674.0687.2637597146.9775.7696.59 1
20250726토 8180011국341 7 9513 1강 1151맑음건조 4 9 4제타마스터      테스타마백산여왕 4445.00한거 5 0 0 9 3  42717:25 41250국3우창구김갑수  9913 3 3 529 1 2 516  0장추열50054.093강자적94 94 949090.068.062.42948 5235019204826382211202722291457↘↗입13.940.740.013.6176140.140.2116.2117.3 69 69 2323   15.20   14.00 4 -7  3HN동55.44941817-1.0 4.0 3.0838314 0교체성공승부최상72기 0 3111111 9 6 2①1:56.2코    .015.539.213.6 -1  5  .00 1 2 -2  .0 54743399111 1 1 13 6 2.03 3.10     7.4  3.6    9.7   20.2   25.4  .06799 4 9 9 4☆ 1.840.00 -.9036.58118.834.1852.8362.3634536526.0245.1446.41 1
20250629일10180011국351 710514 1강 1151맑음양호 7 9 4제타마스터      테스타마백산여왕 4445.00한거 5 0 0 9 3  49617:30 41250국3우창구김갑수  9914 2 2 429 1 2 415  0정우주49551.573우자적45 46 465651.055.033.4203311235019204817 02211163013331750→→입13.940.740.013.5196540.940.2117.2117.5 67 67 2525   15.20   15.60 5  8 -1BU동56.04941817 -.6 4.0 3.4787814 0승부최상부중영향49기 010101010 6 6 2②1:57.25     .015.240.414.0 -2  4  .00 2 4  2  .8 87543599111 3 7 53 1 1.04 9.10     7.7  2.6   12.2   17.5   41.812.03480 2 7 8 2▲  .840.10 -.2436.79118.810.0321.5233.44 71728 7.5619.4729.12 4
20250525일 9180010국330 8 8515혼전 4451맑음양호 8 9 4제타마스터      테스타마백산여왕 4445.00한거 5 0 0 2 3  59617:00 41250국3우창구김갑수  9915 1 1 329 1 2 414  0이혁  49152.079우자적83 84 847579.065.053.5213210235019204813 02211282118331750↗↘선13.940.640.113.5226140.642.1120.5120.5 67 67 2525   15.20   12.80 5 -8 -6HU동56.04941817  .0 3.4 3.4787814 0마주신뢰승부최상62기 2 2 9 9 9 8 6 7⑨2:00.51    1.915.242.315.6  7 -5  .02 9 2 -2 2.38065848829 8 4 1 10 1 1.07 6.08     4.6  2.5   42.3   53.6   49.7  .04895 3 9 9 3★ 1.340.50 -.7139.83118.821.5140.7953.5434536526.6742.3555.91 1
20261004일 91800 9국1 4 2  1 0혼전 4451           9 5마의웨이        투아너앤심신지려 6435.00한거 6       1    016:55 605001등박병일퍼플라인 1 016 1 1 0 110 1 0  0안드레   55.074강입보85 86 866479.059.041.92339 51333 62234 0 023143528 4383823→↘선13.736.440.413.78141                   59 73 2736   13.70   12.4054 -6 -2NHUP55.04852012-1.4 3.4 2.0878718 4거리늘어승부최상52기 0 5                            13.7    12.4        .0                       1 6 1 1  1                                              .04892 4 9 9 4▲ 1.040.40  .70     117.316.3529.4341.9219375419.2331.7245.00 2
20250914일11140011국144 1 91 1혼전 4451맑음다습12 9 5마의웨이        투아너앤심신지려 5932.00한거 5 0 0 2 6 1066      605001등박병일퍼플라인 1 115 6 525 2 9 124  0해리카48756.570강선보82 96 969076.061.047.62133111850 4223417312314172612424217↗↘입13.736.539.013.7845736.837.7 84.0 86.2 57 71 2933   13.50   13.90 6  4  1VLDN54.84852012-2.8 4.8 2.0868618-2마방연대작전마주 5기 111 7     6 5 1①1:24.04    -.713.636.713.1 -1 -1  .00 1 2 -1  .0 131 4 196 1 6 2 23 2 2.0311.03 3.0 4.8  3.2    4.8    8.5   26.110.53684 3 8 9 3▲ 1.038.80 -.0510.7088.2519.1434.7247.6419375421.1835.1149.83 2
20250803일14160010국113 3 61 2혼전 4451비  건조 3 9 5마의웨이        투아너앤심신지려 5932.00한거 5 0 0 1 2  389      605001등박병일퍼플라인 1 214 5 525 1 8 123  0해리카48855.572우선보89 82 821560.053.027.01657 61933 52234173123141726124545 9→→입13.735.939.013.6896536.139.6100.7102.5 55 70 4030   13.60   14.50 5  0 -1NNDN54.84842012-3.0 6.2 3.2727218-4마방선전마방연대64기 1 7 2   2 6 6 1①1:40.71¾  -.313.539.213.9 -2 -1  .00 1 3 -1  .03929544394 2 5 3 63 1 3.04 7.01 1.5 3.6  6.7   31.9   62.1  277.9  .02562 0 8 8 0―  .239.00  .7027.60102.4 8.4417.7627.01 5132311.1122.5434.91 4
20250629일11200010국154 4 51 3혼전 4451맑음양호 7 9 5마의웨이        투아너앤심신지려 6435.00한거 5 0 0 9 3  495      605001등박병일퍼플라인 1 313 4 325 3 8 122  0김정준48956.075우선상80 80 806665.063.043.12740183875202234221923141320264545 9→↘추13.739.041.413.6674138.940.0129.0129.9 58 68 4232   13.60   13.90 5 -2  1NNUP54.84842012-3.0 6.4 3.4737318 4마방선전마방선전50기 0 7 2 2 2 2 1 4⑤2:09.04     .813.639.914.5  1 -9  .00 5 4 -2 1.72128473358 210 3 2111 1.03 8.11 3.5 4.9  3.5    4.9    9.1   22.9  .03675 3 9 9 3★ 1.240.60 -.7249.46131.818.6732.5643.1320435811.6327.3237.03 2
20250525일 8160010국113 1 61 4혼전 4451맑음양호 8 9 5마의웨이        투아너앤심신지려 5932.00한거 5 0 0 2 3  59716:05 605001등박병일퍼플라인 1 412 3 425 2 8 021  0김정준49855.575우입하67 74 741562.056.030.92740183875202234221923141320264545 9→↘추13.736.339.013.6676535.740.4 99.5102.0 56 67 3933   13.80   14.90 4 -1 -2LNDN54.84842012-2.4 5.6 3.2757518-4승부최상마방선전57기 1 9 3   3 2 2 3②1:39.58     .013.639.213.9 -4  4  .00 2 6  4 1.42211715577 5 4 5 5110 1.06 1.09     5.0  1.7   11.0   14.7  205.012.73472 2 8 9 2▲  .639.00  .4226.70102.6 9.8219.0230.91102236 7.3817.6027.87 6
20250427일11200011국150 7101 5혼전 4451맑음양호 6 9 5마의웨이        투아너앤심신지려 6435.00한거 5 0 0 9 4  67818:00 605001등박병일퍼플라인 1 511 2 225 1 8 020  0김정준49457.571우입상81 82 828883.063.036.51533113062 72234221923141320264545 9→→추13.739.141.213.6604938.941.2131.4131.3 56 67 3933   14.10   13.90 4  2  5BNUP54.84842012-1.8 5.6 3.8696918 2교체성공승부최상 1기 110 2 1 1 1 1 3⑦2:11.4½    .913.841.414.9  5  2  .04 7 2  0 1.15128726258 1 8 1 21 9 4.05 4.09     5.6  7.4   51.5  118.1  223.5  .05598 4 9 9 4☆ 1.340.60 -.4950.95131.812.0525.7836.4619375416.7930.6039.90 1
20250330일11180011국111 4 61 6혼전 4451맑음건조 3 9 5마의웨이        투아너앤심신지려 6435.00한거 5 0 0 9 4  76218:00 605001등박병일퍼플라인 1 610 1 125 1 7 019  0박태종49252.562우입상79 78 788275.053.031.2 899 53062 72234 0152314192421405010↘↗입13.639.640.313.6704939.339.4114.8116.3 53 65 3535   13.60   14.10 3  0 -5LHDN55.04842012 -.6 4.4 3.8696920-2마방선전작전마주 1기 0 8 2 2 2 2 2 1①1:54.86   -1.114.139.513.9 -1 -7  .00 1 2 -7  .0 21621 499 2 2 2 51 1 2.07 8.01     5.6  6.5   26.1   49.7   20.112.72980 2 8 7 2▲  .441.00  .0436.42118.5 9.4621.1331.15 8172914.4130.5741.26 2
20250308토10200011국250 3101 7혼전 4451맑음다습11 9 5마의웨이        투아너앤심신지려 6435.00한거 5 0 0 2 5  83618:00 495002등박병일퍼플라인 1 7 912 125 1 6 018  0정정희49957.075우입하53 42 425961.052.037.01140 6265015223421362314202515335611↗↗입13.739.140.913.6556138.639.4129.0128.6 50 63 3138   13.70   14.60 9  4 -1LNUP54.84822012  .0 2.6 2.6838314 4인기탐색마방선전 1기 0 8 2 2 2 2 2 1①2:09.01    -.213.639.214.1 -8  0  .00 1 9  6  .0 518331493 1 6 8 31 1 9.10 8.01     9.4 17.8  246.2  472.5  684.612.73270 2 8 9 2▲  .340.50 -.3448.58131.513.9626.6736.97 8172911.7624.1436.21 4
20250105일11160010국224 1 71 8혼전 4431맑음양호 7 9 5마의웨이        투아너앤심신지려 5932.00한거 5 0 0 1 5  99918:00 495002등박병일퍼플라인 1 8 811 325 1 6 017  0김정준49957.568우입하67 71 711563.056.032.0185614265015223422192314132026335611→→추13.736.139.413.6805336.341.5101.7104.2 50 63 3138   13.40   14.70 7 -4  1HU동54.84821612-1.2 2.8 1.6919114 0마방연대마방선전 1기 1 4 2   2 3 3 7⑧1:41.7코   2.013.740.514.6  5  8  .09 8 3 -7 2.58338888924 2 5 5 60 8 1.10 6.05     3.4  2.0   74.1   97.4   60.0  .03070 1 8 9 1△  .539.40  .3028.70102.8 9.3620.9132.01102236 8.9320.5822.76 5
20241116토11160010국244 3 91 9혼전 4451비  양호 6 9 5마의웨이        투아너앤심신지려 5932.00한거 4 0 0 2 6 116418:00 495002등박병일퍼플라인 1 9 710 225 1 6 016  0유승완49156.579강입하93 90 901568.058.031.82044 91850 42234 0202314152722335611↗→입13.636.138.713.4768335.841.3101.5103.8 53 67 2740   13.80   13.6015  5 -1LNUP54.84821612 -.8 2.8 2.0868614 2편성불리마방연대 1기 0 8 5   5 5 5 7⑦1:41.55    1.813.440.714.7 -3 23  .00 710  5 1.87615878129 3 1 6 52 9 3.04 2.10     7.3  4.6   15.1   25.9   18.010.52983 2 7 8 2▲ 1.038.70  .6329.03102.410.5620.7531.76 4112110.1417.7629.69 6
20240803토 9140011국234 2 8110혼전 4451맑음건조 3 9 5마의웨이        투아너앤심신지려 5932.00한거 4 0 0 1 8 144518:00 495002등박병일희망홀스 210 6 9 425 7 6 015  0김정준46857.578우입상99 99 998279.064.046.12975152071 8222022192314132026335611→↘추13.636.738.613.4678538.137.9 86.2 88.4 57 64 2936   13.60   13.40 7 -3  6HLDN54.84821612-1.2 3.0 1.8898914-2선입여유작전마주 1기 0 3 5     5 5 5⑥1:26.21¼   .813.837.213.6  1-18  .00 6 5  3 1.92790 62856 2 5 2 22 7 1.09 6.10     3.4  2.1  100.1  111.3   98.410.54183 3 9 9 3★ 1.239.10  .1313.1088.1119.4834.6246.1419375418.1832.0043.94 2
20240615토111600 8국253 310111혼전 4451맑음건조 5 9 5마의웨이        투아너앤심신지려 5932.00한거 4 0 0 2 8 158518:00 495002등박병일희망홀스 211 5 8 125 6 5 014  0김정준48652.078우선보96 96 961581.066.057.32975152071 8222022192314132026385013→↘추13.636.239.213.3746536.637.8100.3101.1 54 62 3131   13.30   13.30 4  2  0NUUP55.14811612-1.0 2.8 1.8898914 4인기탐색작전마주 1기 0 6 3   3 3 3 1①1:40.33    -.513.637.513.4 -1 -4  .00 1 2  0  .0 459 8 695 2 3 1 12 6 2.03 6.03     7.5  4.6   11.5   22.7   21.210.54883 4 9 9 4☆ 1.539.20 -.2425.74102.723.2342.9157.3319375420.9541.7554.36 1
20240518토 7120011국213 1 6112혼전 4451맑음다습10 9 5마의웨이        투아너앤심신지려 6229.00한거 4 0 0 2 9 167215:40 495002등박병일희망홀스 212 4 7 525 5 5 013  0김정준49052.080우입상97 98 987979.063.034.82250 7225011222022192314132026385013↘→추13.636.937.913.3679536.338.7 73.0 75.2 58 58 2533   13.20   13.20 4  1 -4HU동55.14811412-1.0 3.2 2.2878714 0전개최상작전마주 1기 1 4 1     1 3 4④1:13.02     .413.337.713.3  2 -5  .00 4 2 -1  .718 7461468 4 5 1 31 5 3.06 3.09     6.7  8.6   47.5  107.2   25.110.53675 3 8 8 3▲ 1.138.40  .50  .4075.3912.6223.4134.8312264014.0825.9037.68 3
20240421일11120011국454 110113혼전 4451흐림다습12 9 5마의웨이        투아너앤심신지려 6229.00한거 4 0 0 2 9 174318:00 41250국4박병일희망홀스 213 3 6 425 4 4 012  0김정준49555.580우선하74 81 819377.064.042.42250 7225011222022192314132026434314↘→추13.637.037.913.3599436.138.2 72.3 74.5 55 55 1836   13.40   14.20 4 -5  0HNDN55.14791413  .2 2.8 3.0767614-2인기탐색전개최상 1기 1 3 2     4 2 1①1:12.3½   -.113.237.213.2 -2  5  .00 1 3  1  .0 5 328 389 8 1 2 32 4 3.09 3.08     6.3  4.2   37.8   62.5   35.812.74277 2 8 9 2▲ 1.138.10  .24 -.4075.4515.8728.8642.3912264017.6532.6728.75 1
20240324일11140011국322 2 7114혼전 4451맑음양호 6 9 5마의웨이        투아너앤심신지려 5932.00한거 4 0 0 210 183118:00 41250국3박병일퍼플라인 114 2 5 325 3 4 011  0김정준49055.571우선상94 95 958381.065.040.7246116225611223422192314132026434314↘↘추13.636.738.713.3667636.440.1 87.7 89.0 55 55 1836   13.30   13.40 4  0 -3LN동55.14791413 -.2 2.8 2.6828214 0마방기습마방승부 1기 1 8 1     1 1 1⑦1:27.7코    .413.439.614.2  5 -3  .02 7 2  1  .85012714667 4 3 1 11 3 8.0711.09     4.1 17.6   83.2  231.1  455.810.53682 3 9 8 3▲ 1.239.20  .2013.6388.1817.5130.7440.6619375419.8236.9144.38 1
20240224토 8140012국551 710115혼전 4451맑음다습14 9 5마의웨이        투아너앤심신지려 5932.00한거 4 0 0 910 193316:30 33000국5박병일퍼플라인 115 1 4 225 2 3 010  0김정준49358.071우입상93 96 968285.068.037.6246116225611223422192314132026335017↘↘추13.636.838.713.3637636.339.0 87.1 88.0 50 50 1040   13.40   13.60 4  2  4LB동54.64771413  .2 3.0 3.2787814 0승부최상마방기습 1기 0 8 1     2 2 2①1:27.14    -.713.338.613.4  0 -7  .00 1 1 -5  .01411361097 5 3 1 21 2 1.02 8.05     5.4  3.0    5.4    9.8   48.110.54190 3 9 9 3★ 1.538.90  .2212.4988.2514.4927.3437.5512264018.5930.6622.53 1
20261004일 91800 9외1 4 2  1 0혼전 4451           9 6신의이름        PALACE MSNACK SH  2     미거 5 0 0   1    016:55 605001등문병기김진태a  3 016 91839 2 4 239  0김태훈   52.570평선상50 33 332426.051.026.01856 72551 92618 0 0272612252177 815↗→입13.939.240.913.63822                   19 32 57 8   14.10   15.80 4  2 -3NH동53.54552018-1.0 9.4 8.4343413 0숨은복병부중영향60기 0 6                            14.1    15.8        .0                       6 8 9 8  2                                              .02450 1 5 7 1―  .240.90  .10     118.6 8.0316.8526.00 2 714 4.8112.3320.29 9
20260905토 5180012외154 1101 1혼전 4451맑음양호 9 9 6신의이름        PALACE MSNACK SH  2     미거 5 0 0 1 1   58      825001등문병기김진태a  3 115 81739 1 4 238  0김태훈45455.070평선하12  9  910 5.033.0 8.31856 72551 92618 0 0272612252177 815↗→입13.940.240.813.6323039.243.8118.8121.2 19 33 56 8   14.60   13.00 4 -7  2HLUP53.54552018-2.2 9.6 7.4454513 6일반주행부중잇점 5   0 4 5 5 5 6 5 8⑨1:58.89    3.814.143.115.8 -1 -4  .00 910  2 3.990139590 3 81111110 1 5.01 8.07 2.8 5.3 11.0   10.4   25.9   14.8  .01513-3 2 1-3▼-1.441.00  .2440.19118.9 1.80 3.71 8.33 0 2 4  .84 3.36 6.7211
20260809일10120011외153 1 51 2혼전 4451맑음건조 2 9 6신의이름        PALACE MSNACK SH  2     미거 5 0 0 1 1   72      605001등문병기김진태a  3 214 7 739 2 4 237  0장추열45853.093평선상78 54 548051.062.033.93049122551 9261846 0272620272277 815↘↗입13.937.438.213.7368038.338.0 74.9 77.1 20 34 5411   14.20   12.80 5  8  0VH동53.54552018-3.210.2 7.0454513 0마방연대부중잇점65기 01111     91111⑪1:14.92½  1.714.637.013.0  3 10  .0011 8 -1 1.87993215932 910 9 50 2 5.01 6.02 2.6 4.6 10.3    9.2   28.8   18.612.73183 2 7 8 2▲  .938.50  .08 1.5075.8412.3023.4933.91193754 6.7218.1126.90 6
20260705일10120010외154 1 51 3혼전 4451비  다습13 9 6신의이름        PALACE MSNACK SH  2     미거 5 0 0 1 1   61      605001등문병기김진태a  3 313 6 639 1 4 236  0장추열44853.093평도보35 23 237228.057.025.33049122551 9261846 0272620272283 8 8↘↗입13.937.238.613.7505737.537.3 72.7 74.9 21 35 50 9   13.90   12.90 3  2  1HN동53.64562018-2.010.2 8.2343413 0가는대로마방연대45기 0 3 8     8 8 6⑤1:12.71     .814.236.212.8 -4 -2  .00 5 9 -1  .91163 61157101010 73 1 5.0210.04 2.3 4.4  9.6   20.3   55.5  114.6  .02284 0 6 7 0―  .538.00  .23 -.9075.95 6.9415.8925.26 51323 4.5111.7620.72 7
20260613토10120011외114 1 61 4혼전 4451맑음건조 3 9 6신의이름        PALACE MSNACK SH  2     미거 5 0 0 2 1   51      605001등문병기김진태a  3 412 5 539 4 4 235  0김철호45052.565기선적35 44 446920.045.023.91046 42551 9261817 0272614202583 8 8→↗추13.937.038.913.8654538.038.2 74.3 76.5 21 39 48 6   13.90   14.00 5 -8 -1UHDN53.64562018-2.4 9.0 6.6484813-2일반주행기복전력73관 1 1 7     8 9 9⑨1:14.33    1.713.937.112.9 -1 -6  .00 910  0 1.76184265232 711 9 80 4 1.06 4.11 1.5 5.1  1.5   12.4   16.4   40.0  .01537 0 4 5 0― -.438.70  .20  .6076.00 7.5315.2223.91 2 714 4.59 8.8117.00 9
20260510일 8140011외114 4 11 5 3강 3351맑음건조 5 9 6신의이름        PALACE MSNACK SH  238.00미거 5 0 0 2 1   83      605001등문병기김진태a  3 511 4 339 3 4 234  0김철호45653.565기도적28 38 385736.049.019.71046 42551 9261817 0272614202583 8 8→↗추13.936.539.813.8882737.439.5 88.1 89.5 22 41 5313   13.70   13.20 3  6 -1BNUP53.64562018-2.4 8.2 5.8535313 2전개선전마번불리49관 0 9 9     9 9 7⑧1:28.1¾   1.013.939.314.0 -2 -2  .00 810 -1 1.16167516052 411 8 70 3 7.04 7.06 1.6 3.2 24.7  175.9  482.1  168.0  .02839 0 5 6 0―  .039.50  .2013.1588.80 4.5611.6119.70 41118 4.1110.1116.50 9
20260418토11120011외154 2101 6 3강 3351맑음건조 4 9 6신의이름        PALACE MSNACK SH  2     미거 5 0 0 2 1   52      605001등문병기김진태a  3 610 3 439 2 4 233  0김철호45854.065기도적41 32 326910.038.0 9.91046 42551 9261817 0272614202591 9 0→↗추13.936.838.914.0874537.038.8 74.4 76.3 23 42 65 3   14.30   14.10 3 -2  2HNDN53.54562018-1.6 7.6 6.0525213-6일반주행기복전력17관 0 3 5     7 9 7④1:14.41½   .713.737.913.2 -7  1  .00 411  0  .75941504361 61111113 2 3.08 6.09 2.3 5.3  6.0   52.2   92.7   23.411.21542-2 3 3-2▽ -.938.80  .71  .5975.89 2.19 4.80 9.91 0 2 4 1.68 4.69 7.3211
20260329일 9180011외154 1101 7혼전 4451맑음건조 3 9 6신의이름        PALACE MSNACK SH  2     미거 5 0 0 9 1   44      605001등문병기김진태a  3 7 9 21639 1 4 232  0김철호45752.564기선적13  3  33410.033.0 9.91046 42551 9261817 0272614202591 9 0→↗추13.939.341.214.094 939.741.0117.5119.7 23 43 67 7   13.80   16.20 4 -1 -1NH동53.54562018-1.2 7.0 5.8545413 0부중효과기복전력48기 1 5 5 7 7 7 8 7⑨1:57.5머리 1.814.339.814.1 -2 -7  .00 911  2 2.26829634829 31110110 1 2.01 6.03 2.7 5.6  4.6    5.6   13.2   10.9  .02730-2 4 3-2▽-1.341.70  .3439.23118.7 1.18 3.95 9.94 0 2 4 2.54 6.30 9.6010
20260301일 9180011외154 1101 8혼전 4451맑음건조 3 9 6신의이름        PALACE MSNACK SH  2     미거 5 0 0 1 1   75      605001등문병기김진태a  3 8 8 11539 1 4 231  0이용호46453.063평선상73 64 645439.045.022.51652 62551 926183227272619182091 9 0→↘자13.939.341.214.095 737.644.9119.3121.8 24 38 6214   14.10   13.20 5  0  2NN동53.54562018-2.4 6.8 4.4636313 0부중유리부중효과66기 1 6 2 2 3 3 3 8⑪1:59.38    4.113.843.716.2  2  6  .0011 9  5 4.793 09887 7 211 7 9010 1.0710.03 3.2 8.5  3.2   38.4   90.7  141.0  .03163 0 6 6 0― -.442.00  .0441.30118.7 6.8914.1722.52 2 714 7.0815.1121.87 7
20260125일 9180010외223 3 71 9혼전 4451맑음건조 3 9 6신의이름        PALACE MSNACK SH  2     미거 5 0 0 2 1   65      495002등문병기김진태a  3 9 7131439 1 3 230  0우인철45851.073평선보42 41 415942.056.030.42048102551 9261814 027261128239010 0↗↘입13.939.441.214.089 839.339.6116.3117.3 21 36 64 4   13.90   14.00 4  4 -3NU동53.84552018-1.8 7.0 5.2474713 0전개유리부중영향 5기 0 6 1 1 1 1 1 1①1:56.36   -1.014.139.413.2 -3-13  .00 1 4 -2  .0 81528 797 311 9 51 1 4.06 6.10 2.8 3.4  9.3   66.7  157.8  237.3  .02579 1 6 7 1△  .541.30 -.1436.68118.8 8.1919.4530.39 81729 7.1416.5924.85 5
20251227토11180011외212 2 6110혼전 4451흐림다습14 9 6신의이름        PALACE MSNACK SH  2     미거 4 0 0 9 1   7518:00 495002등문병기김진태a  310 6121339 1 3 229  0권중석47153.565평선상46 22 226244.052.030.11341 62551 92618 0 027261918188911 0↘→선13.939.441.313.991 639.140.2116.6118.6 19 33 5615   14.00   14.20 4 -6 -2HH동53.84542018-1.2 6.6 5.4353513 0일반주행부중효과43기 0 2 1 1 1 1 1 1④1:56.61¼   .213.940.114.0 -2  8  .00 4 6 -2  .73712461476 111 8 41 3 7.10 8.10     5.5 17.3  149.5  241.9  470.812.73168 2 7 7 2―  .541.50 -.1737.92118.8 8.8419.6730.05 82134 8.0013.4522.67 8
20251129토11180010외253 1 5111혼전 4461흐림다습10 9 6신의이름        PALACE MSNACK SH  2     미거 4 0 0 9 1   7818:00 495002등문병기김진태a  311 5111239 1 3 228  0이용호46355.563기선보12  2  24528.045.021.41652 62551 92618322727261918208813 0→↘자13.939.441.413.992 539.441.2115.5118.0 19 38 50 8   14.00   14.60 4  1  4LB동53.64532018 -.8 6.4 5.6303013 0일반주행기복전력46기 0 8 6 5 5 2 2 2⑤1:55.5¾    .914.040.314.2 -3 10  .00 5 8  0  .91720704752 110 8 81 9 1.03 2.10     3.3  2.3    8.9   12.8    7.0  .01742 0 5 6 0― -.341.40  .0037.20118.9 5.3512.3321.39 2 714 5.5613.7323.08 8
20251101토11180011외213 2 6112 3강 3351흐림건조 5 9 6신의이름        PALACE MSNACK SH  2     미거 4 0 0 1 1  166      495002등문병기김진태a  312 4101139 2 3 227  0권중석45352.065기선적26  9  94327.041.019.31341 62551 92618 0 027261918188813 0↘→선13.839.441.413.992 438.541.9118.6121.0 20 40 48 8   13.70   15.30 4 -2 -1NU동53.64532018 -.8 6.6 5.8232313 0일반주행기복전력50기 0 7 2 1 1 1 1 4⑧1:58.61¼  1.514.040.714.6  0 -6  .00 8 8  0 1.686 3824136 11110 91 2 5.02 1.09 1.2 3.7 16.2   47.3  131.0   12.211.21839 0 5 5 0― -.541.80  .0440.20118.9 4.0810.8219.34 1 4 8 4.5512.1722.32 7
20251004토10180011외234 8 8113 1강 1151맑음다습10 9 6신의이름        PALACE MSNACK SH  2     미거 4 0 0 1 2  222      495002등문병기김진태a  313 3 91039 1 3 226  0권중석45952.557기선보61 10 102317.037.016.21575 02855112618 0 027261918188813 0→↘선13.839.441.413.987 438.043.3117.9119.9 21 42 46 8   14.10   14.00 4  3 -2BH동53.64532018  .6 6.6 7.2151513 0일반주행마번불리72기 1 9 2 2 1 1 1 1④1:57.94    1.013.743.115.3 -4  1  .00 4 8  3 1.268 1946554 211 8 91 1 6.02 1.03 2.2 4.7 18.7   28.1   84.9   75.7  .01527 0 4 4 0― -.941.70  .1239.10118.9 4.17 8.6916.15 2 714 2.52 7.5916.52 9
20250906토 71800 8외232 1 3114혼전 4451흐림포화16 9 6신의이름        PALACE MSNACK SH  2     미거 4 0 0 1 2  32017:50 825002등문병기김진태a  314 2 8 939 1 3 225  0이동하45854.092기선보27  2  25642.052.026.12445152855112618271727262524198813 0↘↗선13.839.441.413.990 339.740.5115.3117.8 22 39 48 9   13.70   16.20 3  0 -2NNDN53.64532012 1.2 6.4 7.6202013-2일반주행기복전력 5   0 6 1 2 2 2 2 3⑤1:55.32    2.214.139.314.0  0  1  .00 5 5  1 2.41330523618 2 8 8 51 1 2.01 4.05     2.4  2.3    2.4    4.8    2.0  .02062 0 6 7 0―  .241.40 -.1137.00118.9 6.9315.6026.06 81729 6.7816.6726.42 5
20250816토 72000 8외251 9 5115 1강 1151맑음다습10 9 6신의이름        PALACE MSNACK SH  2     미거 4 0 0 2 2  382      495002등문병기김진태a  315 1 7 239 2 3 224  0이용호45756.060기선상30  2  24238.045.025.11267 02855112618322727261918208813 0↗→자13.838.742.213.9841338.741.7132.9130.5 23 41 50 9   13.70   14.80 4 -5  4NBUP53.64532012 1.0 5.8 6.8353513 2일반주행기복전력73기 1 6 1 1 1 1 1 3⑤2:12.96    2.313.742.916.2  1 -6  .00 5 4 -3 2.43522797126 1 8 5 61 8 5.01 3.02     4.1  8.0   14.2   35.8   13.8  .01738 0 5 4 0― -.341.00 -.5849.60132.3 6.0714.1325.08 51323 5.6113.5322.34 5
20261004일 91800 9국1 4 2  3 0혼전 4451           9 7블랙벨트        SPEIGHTS러빈엠파 9224.00한수 5 0 0   1    016:55 605001등리카디이강운   1 016171031 1 7 431  0푸르칸   53.079우자보50 64 644842.045.019.62457153553133637396737251424215431 8↗→추14.237.739.913.43365                   61 83 2639   14.20   13.50 5  6  0NHUP55.04922320 -.6 6.2 5.6545418 4연대우수최적거리84기 0 7                            14.2    13.5        .0                       4 4 6 9  1                                              .03252 0 6 8 0― -.339.90  .96     117.6 4.8911.1519.57 2 510 7.6916.7424.71 8
20260830일 9140010국123 2 73 1 3강 3351흐림다습11 9 7블랙벨트        SPEIGHTS러빈엠파 92     한수 5     9 1   64      605001등리카디이강운   1 11516 33115 7 4 0  0정정희50353.080우선하79 83 838373.060.027.41943103553133637292937252025155431 8→↗입14.237.338.513.4398337.738.6 85.9 88.1 64 82 2741   14.50   12.5026 -8 -2UHDN55.04922320  .2 5.0 5.2626218-4편성탐색연대우수38기 0 1 9     8 8 7⑤1:25.94    1.514.237.513.5 -3 -2  .00 5 8  4 1.6187921383810 3 3 5327 2.04 6.11 1.8 4.3  4.9   36.3   70.2   13.910.93776 0 8 8 0▲  .738.40  .3212.3088.45 7.8817.5527.42 61526 9.0920.5828.99 3
20260301일 9180011국154 2103 2혼전 4451맑음건조 3 9 7블랙벨트        SPEIGHTS러빈엠파 9224.00한수 5 0 0 1 3  511      605001등리카디이강운   1 21415 93114 7 429  0정정희50555.075강입상81 83 836667.058.035.12271 94164103637292937252025155431 8↘↘입14.240.240.213.5464939.942.3117.6120.1 68 77 3236   14.30   13.30 4  8 -1NH동55.04922320 -.2 5.4 5.2616118 0연대우수연대우수67기 0 9 7 7 8 71011⑨1:57.6½   2.414.141.113.7  5 -4  .09 9 4  3 3.0713785812010 6 3 3026 1.0710.03 3.2 8.5  3.2   38.4   90.7  141.0  .03764 1 8 7 1▲  .640.90 -.1939.70118.713.1923.5235.1412264011.5022.2235.86 4
20260201일 9180010국123 1 73 3혼전 4451맑음건조 2 9 7블랙벨트        SPEIGHTS러빈엠파 9224.00한수 5 0 0 1 1   44      605001등리카디이강운   1 31314 83113 7 428  0정정희50956.080강자보86 91 916967.059.044.11943103553133637292937252025155431 8→↗입14.240.539.913.4306539.839.4116.2118.1 67 86 2438   14.10   13.90 5 -8  4UNDN55.04922320 -.2 5.4 5.2616114-2일반주행연대우수28기 0 1 2 2 2 2 2 2③1:56.21½   .214.338.813.3  2  3  .00 3 1 -6  .32332221274 9 4 2 2125 6.02 3.02 2.7 4.2 10.1   18.7   42.4   11.610.53765 1 8 7 1▲  .740.30 -.4037.67118.716.5431.4944.1234536513.8325.6439.30 4
20251228일11200011국120 4 73 4혼전 4451맑음다습12 9 7블랙벨트        SPEIGHTS러빈엠파 9224.00한수 4 0 0 9 1   8518:00 605001등리카디이강운   1 41213 93112 7 427  0정정희50652.080강자보66 78 785143.048.017.81943103553133637292937252025155431 8→↗입14.239.441.013.4504140.038.3129.0130.0 65 75 3035   14.50   15.00 4  6 -5NUDN55.04922318  .2 4.6 4.8616117-3숨은복병보통주행67기 0 9 6 5 5 4 3 3④2:09.0½    .014.139.213.9 -3  3  .00 4 7 -5 1.21973 91788 5 9 7 9224 2.01 7.08     3.0  3.1    3.0    4.7   19.6  .02437 1 6 7 1―  .040.30 -.1349.59131.8 4.2110.4217.81 2 510 5.8413.1021.32 9
20251130일 8230016국152 5103 5혼전 4451흐림다습10 9 7블랙벨트        SPEIGHTS러빈엠파 9224.00한수 4 0 0 9 1   7016:055500001등리카디이강운   1 51112 33111 7 426  0정정희50357.080강자보80 83 831557.042.012.11943103553133637292937252025155431 8→↗입14.239.340.713.45853        151.3      65 70 3035   15.10   14.10 3 -2 -2HNUP55.04922318  .0 2.6 2.6818117 5연대우수단기승부 5   0 3141516141414⑫2:31.3½   4.614.542.315.0  0 11  .001212  9 6.117424717   710 710023 6.0411.06    16.2 13.1   43.8  126.8   80.3  .03218 0 6 6 0― -.640.70                2.75 6.4612.08 1 4 8 5.8812.2017.19 9
20251109일111800 8국131 6 33 6 1강 1151맑음건조 3 9 7블랙벨트        SPEIGHTS러빈엠파 9224.00한수 4 0 0 2 1  133      605001등리카디이강운   1 61011 73110 7 425  0정정희49258.580우자보94 77 775382.058.045.91943103553133637292937252025155431 8→↗입14.240.140.313.3554939.941.0118.1118.7 63 74 3237   14.30   14.30 2 -2  4NNDN55.04922320-1.2 4.4 3.2707017-5연대우수연대우수44기 0 5 7 7 6 4 4 4④1:58.1¾    .315.140.114.1  1  3  .00 4 3  1  .43636665676 5 5 3 3222 2.01 8.06 2.1 2.5  2.8    2.5    4.5    9.1  .03759 0 8 8 0―  .540.80 -.4438.34118.712.5229.7245.8612264017.0736.2852.60 3
20251026일112300 8국140 5 43 7 3강 3351흐림양호 7 9 7블랙벨트        SPEIGHTS러빈엠파 9224.00한수 4 0 0 9 1  177      605001등리카디이강운   1 7 910 231 9 7 424  0정정희48955.080강자보95 80 801576.060.063.91943103553133637292937252025155431 8→↗입14.239.440.913.35149        151.4      63 74 3237   14.70   13.30 4  3 -2NHUP55.04922320-1.0 4.2 3.2707017 5연대우수연대우수71기 1 7 4 3 3 3 3 2③2:31.4¾    .214.340.714.3  1  4  .00 3 2 -1  .420495120   4 6 2 2221 5.03 3.05 2.0 3.0 16.3   37.3  115.7   19.711.83753 2 8 9 2▲  .840.90               23.6044.7063.8534536520.4538.8255.68 3
20250928일111800 8국112 1 63 8혼전 4451흐림포화18 9 7블랙벨트        SPEIGHTS러빈엠파 9224.00한수 4 0 0 9 2  24318:00 605001등리카디이강운   1 8 8 9 631 8 7 423  0정정희48556.580우선하70 30 305635.048.039.12350133153113637292937252025155431 8↘→입14.139.840.513.3673740.139.7113.8116.3 67 72 3339   14.90   14.70 5 -4 -2HNDN55.04922320-1.2 5.8 4.6606017-2연대우수연대우수43기 0 4 7 7 7 5 4 3③1:53.81¾   .314.738.513.3  0  4  .00 3 3  1 2.1 144292372 2 3 5 4220 1.05 2.06     4.4  1.8    8.1   10.3   12.4  .03746 0 6 6 0― -.140.80 -.2536.00118.7 9.8324.5639.11 92235 9.3824.4636.62 5
20250824일112000 8국121 2 23 9 1강 1157맑음건조 4 9 7블랙벨트        SPEIGHTS러빈엠파 9224.00한수 4 0 1 2 2  34818:00 605001등리카디이강운   1 9 7 8 831 7 7 422  1정정희48158.580우선상74 69 694279.055.035.82350133153113637292937252025155431 8↘→입14.139.241.613.3642739.940.0130.4129.7 67 72 3339   14.30   14.00 8 -3  1NB동55.04922320-1.0 5.6 4.6606017 0일반주행연대우수52기 1 8 7 6 6 4 6 6⑤2:10.412   2.314.940.714.7  3-14  .05 5 2 -1 2.81875496121 3 6 2 5219 1.05 6.03     2.1  1.7   12.3   17.2   14.9  .03744 0 8 7 0▲  .640.40 -.7848.85132.210.3621.2935.8010203320.8338.7159.09 2
20250629일11200011국154 4 5310혼전 4451맑음양호 7 9 7블랙벨트        SPEIGHTS러빈엠파 9224.00한수 4 0 0 9 3  49518:00 605001등리카디이강운   110 6 7 731 6 7 321  0정정희49558.075평선상63 57 573354.050.023.72271 94164103637292937252025155825 8↘↘입14.139.341.713.2601939.339.2128.2129.1 65 71 3541   13.90   13.40 4  4  4VH동54.84912320-1.2 7.2 6.0464617 0부중유리보통주행57기 111 6 5 4 5 2 3②2:08.25     .014.339.114.0 -1 -2  .00 2 3  1  .91047262387 511 6 6218 1.03 8.11     4.9  3.5    4.9    9.1   22.9  .03124 0 6 6 0―  .140.30 -.6148.06132.3 5.9714.2423.73 82134 9.3021.4634.18 3
20250601일11200011국140 2 9311 2강 2251맑음건조 3 9 7블랙벨트        SPEIGHTS러빈엠파 9224.00한수 4 0 0 1 3  57318:00 605001등리카디이강운   111 5 6 631 5 6 320  0정정희49754.575우자상45 27 275645.043.019.12271 94164103637292937252025155527 9↘↘입14.139.141.313.2703438.038.6127.4128.3 63 69 3138   14.30   14.00 6 -1 -2NH동54.84912320 -.8 5.6 4.8606017 0숨은복병보통주행61기 1 7 3 2 2 2 1 1①2:07.45    -.813.938.513.4 -1 -2  .00 1 2-10  .0 3 416 197 2 9 6 7117 2.03 7.03     5.0  4.2    7.0   13.4   60.3  .02439 1 6 6 1― -.340.40 -.1547.85131.8 4.2510.6419.06 41118 6.9412.4517.07 6
20250420일 7200015국123 1 2312 3강 3351맑음양호 8 9 7블랙벨트        SPEIGHTS러빈엠파 9224.00한수 4 0 0 2 4  70315:152750001등리카디이강운   112 4 5 531 4 6 319  0정정희49956.571우선보72 67 675749.047.019.21840 43643293637292937252025155527 9↗↘입14.139.241.513.1683440.240.9129.6132.1 67 73 3340   13.90   13.20 2  7  1NNUP54.84912318-1.8 6.6 4.8636317 6연대우수단기승부 1   0 8131313121210⑦2:09.64    2.114.340.114.0 -5  6  .00 712 11 2.96784688021 414 6 8316 1.0612.15     2.2  1.9   21.0   24.4   14.312.13240 0 6 6 0― -.140.60 -.3251.39132.1 4.4911.5519.19 1 4 8 6.1312.9617.45 8
20250406일11140011국124 1 7313혼전 4451맑음포화15 9 7블랙벨트        SPEIGHTS러빈엠파 92     한수 4 0 1 1 4  74118:00 605001등리카디이강운   113 3 4 231 3 6 318  1정정희49355.573강선보60 68 688855.058.034.71840 43643293637292937252025155527 9↗↘입14.136.838.713.0748336.639.0 85.3 87.5 71 71 3643   13.80   15.10 3-13 -2UNDN54.84912318-2.0 5.0 3.0787817-6연대우수연대우수 1기 0 1 6     7 8 6③1:25.31¾   .313.938.113.2  2 -2  .00 3 1-10  .6 621361672 6 4 3 3315 2.07 3.10     4.8  3.4   24.2   31.6   20.5  .03771 1 8 8 1▲  .638.80  .3012.0088.2512.9723.1834.7018405411.7020.7931.68 5
20250316일 8200016국153 410314혼전 4451맑음양호 6 9 7블랙벨트        SPEIGHTS러빈엠파 9224.00한수 4 0 1 2 5  80716:052750001등리카디이강운   114 2 3 431 2 6 317  1정정희49557.575강선보85 96 966565.054.021.71140 62850123637292937252025155527 9↗↗입14.139.240.513.0626938.742.3131.2132.1 77 77 3846   13.70   14.00 3  3  3BU동54.84912318-2.2 5.0 2.8808017 0연대우수연대우수 1   014 9 6 5 5 6 8⑩2:11.24    2.213.842.115.1 -1  4  .001011  9 2.26821867722 410 2 8014 1.0412.02     9.6  4.0   12.5   25.3   41.110.53751 0 8 7 0―  .240.60  .1852.42131.3 6.5113.9921.74 41118 6.9417.9521.12 6
20250223일11200011국141 6 9315혼전 4457맑음건조 3 9 7블랙벨트        SPEIGHTS러빈엠파 9224.00한수 4 0 1 9 5  86718:00 605001등리카디이강운   115 1 2 331 1 6 216  1정정희49155.075강선보86 95 958572.060.042.81140 6285012363729293725202515503010↗↗입14.139.240.813.0645737.741.0131.4129.8 75 75 3350   13.70   13.9012  2  0VNDN54.84912318-2.2 4.2 2.0878717-3유망전력연대우수 1기 011 2 3 2 2 2 2②2:11.44     .013.740.314.0  0 -3  .00 2 2 -8  .820 1692992 2 2 1 2113 9.02 2.11     5.0 26.6   48.8  198.4   46.110.53784 3 9 9 3▲  .940.40 -.4949.81131.517.4431.2442.7519375414.9433.7048.65 1
20261004일 91800 9국1 4 2  1 0혼전 4451           9 8빅스고          빅스    콜미레이 79     한수 7 0 0   1    016:55 605001등이강서이선호  -1 01630 646 1101046  0조성환   55.553강자보50 65 657467.053.032.2 718 649812936 0 0 04429 91720243343↘→추13.937.039.613.63173                   51 76 1946   13.70   13.10 5 -3 -4NHUP55.54982014 -.8 3.8 3.0737314 4승부최상마방승부77기 0 8                            13.7    13.1        .0                       2 1 4 6  3                                              .04180 3 7 8 3▲  .539.60  .99     117.2 9.8221.4232.18 4111812.5022.0336.18 5
20260830일 9140010국123 2 71 1 3강 3351흐림다습11 9 8빅스고          빅스    콜미레이 7946.00한수 7 0 0 9 1   64      605001등이강서이선호  -1 11529 446 110 945  0이동하49659.090우자상95 89 898891.067.041.032541549812936 086434429252419253045↗↘선13.937.138.413.6387637.037.9 84.4 86.6 50 75 1944   14.80   13.90 9  2  4BHDN55.44982020 -.4 3.4 3.0737313-6적정체중승부최상43기 011 4     4 3 2②1:24.4½    .013.736.813.1 -2  0  .00 2 4 -1  .1 143 6 481 9 1 2 12 7 2.04 6.11 1.8 4.3  4.9   36.3   70.2   13.9  .04897 3 9 9 3★ 1.538.30  .1411.1088.2516.8430.7541.0418405421.4336.6646.52 1
20260628일 92000 9국152 3 51 2 3강 3351맑음건조 3 9 8빅스고          빅스    콜미레이 26     한수 7 0 0 9 1  153      605001등우창구이선호  -1 21428 846 110 944  0조성환49655.053우자하59 46 466525.037.021.4 718 62052 92027 0 02211 91720263242↘→추13.939.540.413.6316540.138.5129.7128.9 51 71 1451   13.70   13.10 6 -2 -2VHUP55.44982012  .0 3.0 3.0707013 8일반주행보통주행78기 1 9 8 8 8 8 6 4③2:09.71¼   .314.839.313.9 -2  1  .00 3 5 -1  .6 782142874 3 5 4 63 2 1.06 4.05 2.0 4.1  2.0   13.8   18.5   34.111.21837 0 4 4 0― -.740.10  .0948.98131.4 6.1313.0021.39 1 510 5.9515.1222.81 5
20260517일 8120014국114 1 11 3혼전 4451맑음건조 3 9 8빅스고          빅스    콜미레이 2622.00한수 7 0 0 2 1   83     3850001등우창구이선호  -1 31327 946 610 943  0우인철49557.075강자보77 62 626634.046.012.42048102052 9202717 02211112823263242↗↘입13.937.137.613.6649537.239.0 74.1 76.3 51 74  954   14.50   14.10 4  1  0BNDN55.44982012 -.8 3.4 2.6818113-8유망전력보통주행 5   01112    111212⑧1:14.1½   1.113.737.913.1  2 -4  .05 8 6 -1 1.2584857554613 213133 610.0210.09 1.4 3.0 82.7  258.7  942.7   76.5  .03352 0 6 6 0― -.338.50 1.21 1.6075.33 3.05 7.1012.42       2.29 7.1611.3014
20260419일 7200010국151 2 51 4 2강 2251맑음건조 4 9 8빅스고          빅스    콜미레이 79     한수 7 0 0 2 1   65     2750001등우창구이선호  -1 41226 746 510 942  0우인철49957.073강자상97 97 979071.058.031.52048102052 9202717 02211112823263242↗↘입13.939.240.213.6517340.638.0131.8131.6 53 76 1556   14.90   12.80 3  4  1VNUP55.44982012 -.8 3.4 2.6818113 2종반뒷심우수능력 5   010 8 8 8 8 8 8⑧2:11.83    2.814.538.914.1  1  1  .00 8 7  5 2.95894 52911 4 3 2 50 5 3.05 9.08 2.3 4.1  4.7   17.2   32.6   19.4  .03661 0 7 6 0―  .640.60  .1452.19131.0 9.1018.9231.45 6122415.3826.4339.82 4
20260329일 9180011국154 1101 5혼전 4451맑음건조 3 9 8빅스고          빅스    콜미레이 79     한수 7 0 0 9 1   44      605001등우창구이선호  -1 51125 546 4 9 941  0우인철49856.073강자보98 95 954873.056.029.72048102052 9202717 02211112823283339↗↘입13.939.639.713.6726540.638.6115.3117.5 52 79 1552   14.20   12.80 4 -4  2NN동55.44982012 -.6 3.4 2.8787813 0부중유리거리속성44기 0 6 9 9 9 8 7 3①1:55.32½  -.414.937.412.8 -1 -2  .00 1 2  1  .01066 61094 7 2 2 53 4 2.01 6.03 2.7 5.6  4.6    5.6   13.2   10.910.53168 0 8 7 0―  .441.20  .2438.23118.3 9.7020.1129.73 9223511.8625.2034.40 3
20260301일 9180011국154 1101 6혼전 4451맑음건조 3 9 8빅스고          빅스    콜미레이 79     한수 7 0 0 1 1   75      605001등우창구이선호  -1 61024 446 3 8 940  0우인철50054.073우자보83 69 693745.050.024.12048102052 9202717 02211112823293535↗↘입13.939.839.913.6595738.839.5114.6117.1 50 78 1941   14.60   12.80 4  8 -2BH동55.44982012-1.0 5.0 4.0626213 0숨은복병거리속성65기 010 8 8 7 8 5 2①1:54.63    -.614.238.312.8  0 -1  .00 1 1 -1  .0 5 822 295 6 2 5 63 3 1.0710.03 3.2 8.5  3.2   38.4   90.7  141.0  .02064 0 6 6 0―  .040.90  .2537.40118.4 6.9315.7824.07 51323 8.8515.1122.74 8
20260201일 9180010국123 1 71 7혼전 4441맑음건조 2 9 8빅스고          빅스    콜미레이 79     한수 7 0 0 1 1   44      605001등우창구이선호  -1 7 923 346 2 8 839  0우인철50156.073강자보87 58 583929.043.020.82048102052 9202717 02211112823313138↗↘입13.840.039.913.7505740.039.1116.0117.9 48 71 2939   14.00   13.10 4  1  1HNUP55.44972012-1.2 5.2 4.0626213 2일반주행거리속성29기 0 2 5 5 3 4 3 3②1:56.0½    .014.638.512.8  0  3  .00 2 2 -1  .11840151078 6 2 6 62 2 6.02 3.02 2.7 4.2 10.1   18.7   42.4   11.6  .01557 0 5 5 0― -.540.80  .2737.97118.5 4.6611.6720.81 51323 4.2614.3622.04 6
20260104일 8160010국124 2 71 8혼전 4451맑음다습12 9 8빅스고          빅스    콜미레이 7946.00한수 7 0 0 1 1   6616:30 605001등우창구이선호  -1 8 822 446 1 8 838  0우인철49855.074우자상95 81 811567.053.029.72048102052 9202717 02211112823332740↗↘입13.936.739.413.7453735.739.7 99.4101.9 50 73 1347   13.80   12.90 3 -8  2UNUP55.44972012-1.6 5.4 3.8676713 4편성불리단기승부70기 0 1 7   7 6 5 5③1:39.44     .714.038.513.1  0 -1  .00 3 3 -6  .71913553160 9 5 3 42 1 2.04 7.02     2.4  2.4    8.8   16.1   13.0  .02366 0 7 7 0―  .539.40  .0825.80103.1 7.7818.5929.74 7172813.1323.2631.87 3
20251214일11120011국154 1101 9혼전 4451맑음포화18 9 8빅스고          빅스    콜미레이 2622.00한수 6 0 0 2 1   45      605001등우창구이선호  -1 9 721 846 1 8 837  0조성환49953.554우자보96 89 897751.048.018.7 718 62052 92027 0 02211 91720362936↘→추13.837.337.713.7438936.737.2 71.8 74.0 52 72 1745   14.10   12.90 3  6  3BNDN55.64972014-1.8 5.2 3.4656513-4부중유리우수능력48기 0 910    10 9 6⑥1:11.8½    .613.836.112.9 -3  1  .00 6 9  7  .8 221 5 26411 1 4 93 1 2.05 6.04     8.4  5.2   21.0   31.3   96.110.53169 0 5 6 0― -.137.60  .85-1.0075.50 4.2211.1218.66 2 510 5.7313.8421.95 7
20251123일111600 9국152 110110혼전 4451맑음건조 3 9 8빅스고          빅스    콜미레이 7946.00한수 6 0 0 2 1   89      605001등우창구이선호  -110 620 346 1 8 736  0권중석49851.066우자보56 35 351516.036.015.51341 62052 92027 0 02211191818383131↘→선13.936.739.413.7453736.437.9 98.7101.0 50 71 1846   14.70   14.10 5 -9 -6HUDN55.94972014-3.2 7.4 4.2595913-4숨은복병부중잇점66기 0 3 8   8 7 6 3②1:38.7머리  .014.137.112.9  0  4  .00 2 2 -7  .0 34311 578 9 6 9103 1 3.02 2.03 4.0 6.7  4.7    6.7   12.2   14.6  .02046 0 4 6 0― -.939.40  .4324.87103.1 4.24 8.3315.49 1 4 8 3.7711.0617.8010
20251019일 8200013국142 1 4111혼전 4451맑음포화16 9 8빅스고          빅스    콜미레이 79     한수 6 0 0 2 2  202     550000국O우창구이선호  -111 519 646 3 8 735  0장추열49457.093우자상91 77 777045.054.021.73351172136 4202726 02211202722383131↗↘입13.939.340.913.7494940.539.7130.0131.6 52 74 1948   14.10   12.90 5  9 -1BNUP55.94972014-3.0 7.2 4.2646413 6뒷심문제우수능력 5   0121313131110 7⑦2:10.01½  2.614.739.714.1 -2 -1  .00 7 9  6 2.75891386513 9 8 8 93 4 3.04 7.01 1.9 3.3  4.8   16.7   35.9   15.4  .02839 0 6 7 0―  .340.50 -.1151.35131.7 6.3413.8721.68 1 510 7.4112.0118.01 8
20250914일11140011국144 1 9112혼전 4451맑음다습12 9 8빅스고          빅스    콜미레이 7946.00한수 6 0 0 2 2  28518:00 605001등우창구이선호  -112 418 346 2 8 634  0장추열49558.093우자보72 80 806856.056.029.73351172136 4202726 02211202722423325↗↘입13.936.738.813.7724937.337.8 84.7 86.9 50 73 1946   14.90   13.20 6  2 -1HNDN55.84972012-2.8 7.6 4.8565613-2승부최상조교부실28관 0 310    10 8 6②1:24.74     .014.136.812.9 -1 -2  .00 2 3 -1  .7 160 5 681 9 5 3 43 3 2.0311.03     4.8  3.2    4.8    8.5   26.1  .03458 0 7 5 0―  .238.80  .4311.4088.25 9.4719.9529.68122640 8.2420.2133.56 4
20250803일14160010국113 3 6113혼전 4451비  건조 3 9 8빅스고          빅스    콜미레이 7946.00한수 6 0 0 1 2  38918:00 605001등우창구이선호  -113 317 246 1 8 533  0장추열49758.593강자상98 73 731564.062.043.43351172136 4202726 02211202722453618↗↘입13.936.139.413.7793436.538.9101.0102.8 48 76 2048   14.60   13.80 2  0 -1UNDN55.54972012-3.2 8.0 4.8565613-2승부최상승부최상45기 0 1 9   9 9 9 6②1:41.01¾   .014.938.513.2 -2 -3  .00 2 4 -4  .34956333387 6 7 4 23 2 3.04 7.01     3.6  6.7   31.9   62.1  277.9  .04592 3 8 8 3▲ 1.039.40  .0427.30102.817.1330.8643.3734536512.1222.5434.91 3
20250720일11180011국143 2 9114 3강 3351맑음포화16 9 8빅스고          빅스    콜미레이 26     한수 6 0 0 2 3  43518:00 605001등우창구이선호  -114 216 246 1 8 532  0문세영50059.073강입상85 45 458960.057.030.43745 0235019202748 02211293615453618↘↗입13.939.739.813.7706139.541.0114.5117.0 50 75 2150   14.10   13.30 9 -6  2UNUP55.54972012-2.2 7.4 5.2606013 6일반주행승부최상78기 1 11010101010 5④1:54.54     .814.639.813.8 -4  2  .00 4 8 -5 1.5 424654558 6 2 6 43 4 4.03 7.06     7.3  5.3   11.6   27.8   12.911.24593 1 7 8 1△  .541.00  .1837.50118.3 8.5819.2930.40 92235 9.0920.7831.71 6
20250518일 8120014국114 1 6115혼전 4451맑음다습11 9 8빅스고          빅스    콜미레이 2622.00한수 6 0 0 2 4  61816:053850001등우창구이선호  -115 115 746 1 8 531  0김효정49857.066강입보93 69 695329.038.0 8.11627152442 52027 8 02211202217453618↗↘선13.936.937.713.7799137.138.2 73.2 75.4 52 74 2252   13.30   13.80 5  0  0NN동55.54972014 -.4 5.2 4.8626213 0일반주행보통주행 5   0 713    1110 7⑥1:13.22     .914.137.113.3 -7 -7  .00 613  5 1.0244129235110 311133 2 1.02 3.04     5.3  1.5    5.3    6.5   20.4  .01544-2 4 3-2▽-1.038.50 1.39  .8075.28 1.25 3.83 8.06 0 0 1 2.34 8.0911.5012
20261004일 91800 9외1 4 2  2 0혼전 4451           9 9히어로파이터    AMERICANNAUGHTY  7640.00미수 5 0 0   1    016:55 605001등토니  임재형   2 016121122 5 6 322  0코지     54.088평선상50 52 525465.062.039.933591929581520504350261923311991 9 0↗↘입13.839.241.114.194 6                   56 78 72 6   14.00   14.2011  1 -5VH동54.94802018-1.8 6.4 4.6595920 0마방선전마방선전63관 0 9                            14.0    14.2        .0                       7 9 7 2  5                                            12.73172 2 8 9 2▲  .941.10 -.28     118.715.3628.1039.92345365 9.6224.6734.41 3
20260719일 91800 9외114 5 12 1 1강 1158맑음다습14 9 9히어로파이터    AMERICANNAUGHTY  7640.00미수 5 0 0 2 1  175      605001등토니  임재형   2 115111022 4 5 321  0코지  48358.588평선보15 11 116165.061.057.63359192958152050435026192331199010 0↗↘입13.839.341.114.195 639.241.8115.7118.2 53 76 71 6   13.80   14.6010 -2  1LBUP54.64792018 -.6 5.6 5.0595920 4일반주행마방선전 5   0 8 7 5 3 2 2 1①1:55.7목    .014.041.414.2 -4  7  .00 1 5 -4  .02713805785 1 9 7 31 4 5.02 8.02 1.4 3.0 14.1   36.5   88.8  202.2  .03573 3 8 9 3▲  .941.60 -.7237.80118.719.7039.0757.6419375411.2431.1145.00 3
20260510일 8140011외114 4 12 2 3강 3351맑음건조 5 9 9히어로파이터    AMERICANNAUGHTY  4140.00미수 5 0 0 2 1  183      605001등토니  임재형   2 21410 222 3 5 320  0코지  47658.087강도보59 47 478563.057.028.73359192958152050435026192331199010 0↗↘입13.836.439.713.8952736.541.2 89.1 90.5 56 81 5613   14.30   14.70 6 -1  4LBDN54.64792018-1.0 4.4 3.4737318-4승부최상조교부실37관 010 6     3 6 9⑨1:29.16    2.013.841.014.6  0  5  .00 9 9  0 2.18413897827 210 6 52 3 7.04 7.06 1.6 3.2 24.7  175.9  482.1  168.010.93470 2 7 9 2▲  .639.90  .0914.3988.66 8.6317.2428.66102236 6.8518.0528.50 4
20260329일 9180011외154 1102 3혼전 4441맑음건조 3 9 9히어로파이터    AMERICANNAUGHTY  7640.00미수 5 0 0 9 1  106      605001등토니  임재형   2 313 9 922 2 5 319  0코지  47154.588강선상94 87 877980.064.049.83359192958152050435026192331199010 0↗↘입13.839.241.013.9971739.442.6117.5119.7 73 87 67 7   13.90   13.50 4  9 -1VN동54.64792018-1.0 3.0 2.0878720 0승부최상승부최상63관 011 6 5 5 1 1 5⑧1:57.5¾   1.814.341.414.7 -1 -5  .00 8 9  3 2.26620897929 110 4 11 2 2.01 6.03 2.7 5.6  4.6    5.6   13.2   10.9  .04891 4 9 9 4☆ 1.341.80 -.4839.46118.619.8538.3749.8334536517.8028.3538.40 1
20260301일 9180011외154 1102 4혼전 4451맑음건조 3 9 9히어로파이터    AMERICANNAUGHTY  7640.00미수 5 0 0 1 1   75      605001등토니  임재형   2 412 8 822 1 5 318  0코지  47655.088강선하50 29 298166.059.045.83359192958152050435026192331198911 0↗↘입13.739.241.113.9971237.541.2115.5118.0 64 86 64 7   14.10   12.9022  1  0HN동54.54802018 -.8 2.4 1.6919120 0일반주행승부최상38관 0 2 3 1 1 1 1 3③1:55.51½   .313.940.013.5 -3-11  .00 3 6  4  .919 068 572 110 9 11 1 1.0710.03 3.2 8.5  3.2   38.4   90.7  141.0  .05195 4 9 9 4▲ 1.141.60 -.4237.70118.718.6133.2245.83193754 8.8520.4432.36 5
20250928일111800 8외112 1 62 5혼전 4451흐림포화18 9 9히어로파이터    AMERICANNAUGHTY  7640.00미수 4 0 0 9 3  412      605001등강환민임재형   2 511 7 722 2 5 317  0임다빈48755.077강선하97 93 937382.061.074.21848 61657 02341363019191424248911 0↗→추13.739.241.013.8961738.941.4115.3117.8 71 86 71 7   13.50   13.7010 -5 -2UN동54.54802018 -.8 2.4 1.6919120 0승부최상승부최상 5트 2 1 1 1 1 1 2 4⑥1:55.35    1.813.840.614.2  4  3  .05 6 2 -1 3.616 6763930 1 8 1 11 8 1.05 2.06 1.8 4.4  1.8    8.1   10.3   12.410.54892 4 9 9 4▲ 1.241.60-1.0237.60118.633.8157.4474.1734536532.8158.9976.06 1
20250720일11180011외143 2 92 6 3강 3351맑음포화16 9 9히어로파이터    AMERICANNAUGHTY  7640.00미수 4 0 0 2 3  435      605001등강환민임재형   2 610 6 622 1 5 216  0임다빈48456.577강도하77 84 847980.060.044.01848 61657 02341363019191424248813 0↗→추13.839.340.713.8923437.141.7113.7116.2 62 85 62 8   13.60   13.80 5  5 -1NNUP54.34792018-1.4 2.6 1.2949418 4전개최상승부최상68트 0 6 1 1 1 1 1 1②1:53.74     .013.540.513.7 -1 -1  .00 2 3  1  .7 1 179 679 2 5 1 21 7 4.03 7.06 4.0 7.3  5.3   11.6   27.8   12.9  .05194 4 9 9 4▲ 1.241.30 -.2836.20118.518.6732.3244.0219375417.3631.1741.14 1
20250614토 9140011외134 1 82 7 1강 1151맑음건조 3 9 9히어로파이터    AMERICANNAUGHTY  4140.00미수 4 0 0 2 3  546      605001등강환민임재형   2 7 9 5 122 1 5 215  0마이아48557.092강도보71 75 759374.060.034.23350311657 0234120 019193533 78813 0→→선13.836.539.413.8904536.839.6 86.8 89.0 62 85 62 8   13.40   14.50 3 -6  0ULDN54.34792018-1.2 2.8 1.6909018-2승부최상전개최상44기 1 1 3     4 4 5⑥1:26.81½   .613.638.613.8  4 -8  .01 6 2 -2 1.14932564463 6 9 4 22 1 1.07 4.03 2.0 5.4  2.0   14.5   21.3   42.712.04295 2 8 8 2▲ 1.139.40  .0813.1088.5211.2722.2834.18142944 9.2317.0027.10 4
20250525일 8160010외113 1 62 8혼전 4451맑음양호 8 9 9히어로파이터    AMERICANNAUGHTY  4140.00미수 4 0 1 2 3  59716:05 605001등강환민임재형   2 8 8 4 422 1 5 214  1이동하49357.092강도상97 96 961578.062.041.83344211657 0234122 019192524198813 0↘↘선13.836.140.113.8803436.041.4100.8103.3 62 85 62 8   13.90   14.30 8  5 -1NNDN54.34792018-1.0 3.0 2.0858518-2승부최상승부최상53기 1 7 2   2 4 5 7⑧1:40.8코   1.313.440.214.5  4 15  .05 8 4  3 2.76422878541 210 3 22 1 1.06 1.09     5.0  1.7   11.0   14.7  205.010.54596 4 9 9 4▲ 1.240.10 -.2527.10103.217.2030.9341.7914294613.9325.6040.16 4
20250330일11180011외111 4 62 9혼전 4451맑음건조 3 9 9히어로파이터    AMERICANNAUGHTY  7640.00미수 4 0 1 9 4  76218:00 605001등강환민임재형   2 9 7 3 522 2 5 213  1임다빈47858.082강선상92 91 917281.059.047.81944 41956112341363019191424248813 0↘↗추13.739.740.713.8703438.940.9115.9117.4 58 83 58 8   13.50   14.2010 -1  5HBUP54.34792018-1.2 3.6 2.4828218 2승부최상승부최상 1기 0 2 1 1 1 1 1 2③1:55.9½    .013.941.014.3  2  2  .00 3 1 -2 1.1 7 7632384 4 8 1 11 6 2.07 8.01     5.6  6.5   26.1   49.7   20.110.56293 4 9 9 4▲ 1.241.10 -.4937.02118.721.7237.6447.8112264018.6437.5546.42 1
20250119일11160010외142 2 9210혼전 4451맑음건조 3 9 9히어로파이터    AMERICANNAUGHTY  4140.00미수 4 0 1 2 5  955:00   605001등강환민임재형   210 6 2 322 1 4 212  1임다빈47653.070강도하75 54 541567.056.040.32542191945 92341363019191424248614 0↗↘추13.736.340.013.8693735.040.0 99.2101.5 55 82 55 9   13.30   15.70 8 -1  0HHDN54.44802018-1.0 3.4 2.4828218-4승부최상승부최상 1기 4 3 1   1 1 1 1①1:39.21¾  -.313.539.914.2 -2 -5  .00 1 3  1  .010 1631894 5 9 9 31 5 3.05 3.05     4.2  4.0   34.1   53.3   27.9  .04594 4 9 9 4▲  .840.00 -.2525.18103.213.8927.5140.31 8172910.8320.4933.98 4
20241124일112000 9외151 6 5211혼전 4451맑음건조 4 9 9히어로파이터    AMERICANNAUGHTY  7640.00미수 3 0 1 2 6 113118:00 605001등강환민임재형   211 5 1 222 1 4 211  1장추열48153.085우선상88 88 888484.055.042.63054202250 92341252019192027228614 0↗↘입13.739.041.613.8703038.243.3132.9131.5 55 82 55 9   13.80   13.30 7 -4 -4HHUP54.44802018 -.2 3.4 3.2737318 2승부최상승부최상 1트 1 4 1 1 1 1 2 6⑧2:12.9½   2.713.342.615.7  6  7  .02 8 2  0 3.257 7928419 1 9 2 21 4 3.07 5.03     4.7  5.0   61.9  137.1  189.110.55197 4 9 9 4▲ 1.240.80 -.8450.90132.016.4930.3842.5510203320.8839.1854.18 1
20241005토11180011외252 610212 1강 1151맑음건조 3 9 9히어로파이터    AMERICANNAUGHTY  7640.00미수 3 0 1 1 7 129418:00 495002등강환민임재형   212 4 2 422 4 3 210  1임다빈47456.571우선보79 93 937394.066.063.12164132050132341363019191424248317 0↗↘추13.739.640.813.8752739.339.5115.4117.3 50 80 5010   13.20   14.10 7 -1  4LBDN54.14812018 -.4 3.2 2.8787818-2연대우수승부최상 1기 5 8 1 1 1 1 1 1①1:55.44    -.713.839.313.3 -1 -5  .00 1 2 -1  .0 61724 698 110 1 11 4 2.03 8.02     5.5  4.1    9.4   17.7  130.5  .04895 4 9 9 4☆ 1.541.20 -.8336.94118.730.1951.4263.0534536534.5657.8368.18 1
20240817토10200010외252 810213 2강 2251맑음건조 3 9 9히어로파이터    AMERICANNAUGHTY  7640.00미수 3 0 0 2 8 142118:00 495002등강환민임재형   213 3 1 122 3 2 2 9  0임다빈47952.578우선보72 76 765388.059.042.71520102125102341363019191424248020 0→↗추13.738.941.513.8743438.240.0129.3129.9 44 78 4411   13.80   13.40 6  2 -5BHUP54.44812018-1.6 4.6 3.0747418 2승부최상연대우수 1기 1 9 1 1 1 1 1 1①2:09.31¾  -.313.241.114.1 -2 -4  .00 1 3  0  .021 7481896 1 9 5 31 3 3.05 9.03     6.2  5.7   20.9   37.3   23.8  .03765 2 8 9 2▲  .740.70 -.7249.46131.814.4429.2542.6612264020.5538.1352.94 3
20240706토 9180010외353 410214혼전 4451흐림포화15 9 9히어로파이터    AMERICANNAUGHTY  7640.00미수 3 0 0 1 8 152517:30 41250혼3강환민임재형   214 2 5 322 2 2 1 8  0임다빈48357.578우선상79 87 878380.067.061.91520102125102341363019191424247525 0→↗추13.739.440.813.8892739.439.5116.7118.0 38 75 3813   13.90   14.20 5  5  5NB동53.64801810-1.3 4.3 3.0747418 0승부최상승부최상 1트 2 7 1 1 1 1 1 1②1:56.7½    .013.839.213.4 -1 -5  .00 2 3  1  .0181822 680 110 1 11 2 1.03 9.07     5.9  3.1   10.8   16.4   66.1  .05191 4 9 8 4▲ 1.641.40 -.7537.83118.630.3650.3061.9034536520.1933.8034.87 1
20240601토 9180010외331 9 8215혼전 4451맑음건조 3 9 9히어로파이터    AMERICANNAUGHTY  7640.00미수 3 0 0 1 9 162817:00 41250혼3강환민임재형   215 1 4 222 1 1 1 7  0임다빈48853.080우선상69 67 678874.064.047.62250142057 32341363019191424246733 0↘→추13.739.340.913.8912539.640.0117.5117.7 29 71 4314   13.80   13.7011 -9  1HN동53.84781810-1.7 5.0 3.3707018 0편성만만승부최상 1기 1 2 1 1 1 1 1 1①1:57.53    -.713.940.514.2 -1  4  .00 1 2 -2  .01127391999 110 4 21 1 2.03 2.07     3.5  3.7    7.5   11.6   73.3  .04593 3 9 9 3★ 1.241.50 -.4337.54118.621.3036.4747.5920435822.2234.4846.48 2
20261004일10140011국4 4 4  4 0혼전 4451          10 1스터닝레이디    한센    프라그노 5830.00한암 6 0 0   1    017:25 33000국4서인석박정배   2 016 11422 2 2 321  0루이스   52.565평선상50 45 456121.043.018.82143101951 9181715431911192617404020↗↘입13.836.939.413.64741                   31 50 2513   14.10   13.50 7 -7  0UH동53.64321414-2.2 7.8 5.6575712 0교체성공급신장세75기 0 1                            14.1    13.5        .0                       8 4 9 8  2                                              .03045-2 4 4-2▽ -.739.40  .23     88.80 5.8011.9818.81 2 714 3.66 7.3316.8310
20260816일 61400 8국532 6 84 1 1강 1151흐림다습1310 1스터닝레이디    한센    프라그노 5830.00한암 6 0 0 2 1  118      33000혼4서인석박정배   2 115 61322 1 2 220  0루이스45852.565평선상45 45 454824.048.027.42143101951 9181715431911192617404020↗↘입13.737.039.513.6413736.939.3 88.3 88.6 27 53 2713   13.90   14.00 5  6  0VH동53.64321414-1.0 7.6 6.6474712 0일반주행보통주행 5   0 8 4     3 4 4②1:28.39     .014.139.213.5 -5  7  .00 2 7 -3 1.63237433382 4 5 6 62 1 1.07 6.08 1.9 3.5  1.9   14.6   18.8   16.3  .01547 0 5 5 0―  .138.80 -.1112.0688.93 6.0515.7327.36 41121 4.4013.9821.35 7
20260711토 7140011국544 8 44 2혼전 4451맑음다습1410 1스터닝레이디    한센    프라그노 5830.00한암 6 0 0 2 1   74      41250국5서인석박정배   2 214 51222 1 2 219  0박재이45152.561평선보24 30 304817.048.020.4 699 01951 91817 0 01911 82821404020↘↗입13.737.039.313.5465336.839.9 89.0 89.0 29 36 2121   14.30   14.00 6 -4  0HHUP53.64321414 -.4 6.6 6.2545412 1숨은복병보통주행64트 0 2 9     6 5 4④1:29.01¼  1.013.939.914.0 -6  0  .00 410  1 1.54634645552 8 6 8 72 1 5.04 9.10 2.8 3.7 11.9   28.8   69.6   25.8  .02044 0 4 5 0― -.138.90  .2012.6888.80 4.4211.9620.43 2 714 3.06 8.4117.22 8
20260531일10130010국554 5104 3혼전 4451맑음양호 610 1스터닝레이디    한센    프라그노 5830.00한암 6 0 0 9 1  101      41250국5서인석박정배   2 313 4 522 1 2 218  0유승완45152.569평선상55 62 623121.047.020.11961 91951 9181718171911152722404020→↘입13.737.139.013.6676937.840.0 83.2 84.2 38 38 1515   14.40   13.9010  5 -3NHDN53.64321414  .0 5.2 5.2616112-1일반주행거리속성34트 0 610     910 9⑧1:23.2¾   1.314.339.814.0 -1  6  .00 8 9  2 1.47560697341 8 6 6 90 1 1.03 8.11 3.0 6.6  3.0    8.4   12.3   29.3  .01540 0 3 3 0― -.240.20  .70 8.0682.71 4.5011.7920.07 2 510 2.78 6.4515.6011
20260322일 6140010국512 9 64 4 2강 2249맑음건조 510 1스터닝레이디    한센    프라그노 5830.00한암 6 0 0 2 1  190      41250국5서인석박정배   2 412 31122 1 2 217  0김태훈44555.071우선보49 49 497970.047.024.21856 71951 9181715 01911122521502525↗→입13.636.739.313.5695337.238.9 89.9 88.4 42 42 3317   14.30   13.5014 -4  2UL동53.34291414  .4 4.2 4.6646412 0숨은복병작전마주82기 1 1 9     5 4 5⑥1:29.91½   .414.439.713.9 -1  6  .00 6 7  1  .62554282872 3 3 2 52 1 6.08 6.10 1.6 4.6 18.4  194.4  373.5  372.3  .02055 0 6 5 0― -.139.10  .2812.4088.59 5.3814.2924.24 6122414.1624.4537.85 3
20251214일 8140011국542 6 94 5혼전 4451맑음포화1810 1스터닝레이디    한센    프라그노 5830.00한암 5 0 0 2 2  268      41250국5서인석박정배   2 511 21022 1 2 216  0조재로43953.587우선하49 51 518152.055.033.02443 71322 5181725141911192622502525→→입13.736.539.213.4805737.639.4 87.2 89.2 45 64 4518   14.30   14.6011  2  0NN동53.34291414  .0 3.2 3.2737314 0일반주행작전마주 6기 0 510     9 9 9⑧1:27.2½   1.314.338.713.5  2  4  .00 8 6  0 1.45476486343 1 5 5 30 4 1.07 8.06 3.0 5.6  3.0   35.7   54.3  543.6  .02281 1 6 7 1△  .439.50  .2313.5088.3810.2322.3632.9912264010.5919.6531.52 5
20250927토 7140011국451 7104 6혼전 4451맑음다습1110 1스터닝레이디    한센    프라그노 5830.00한암 5 0 0 9 2  257      33000국4서인석박정배   2 610 1 922 1 2 215  0송재철43553.577우선하76 72 728857.054.031.91928141322 5181717211911192520502525→→입13.736.539.213.5816137.040.7 89.3 89.8 50 50 3020   14.00   13.9010 -2  0HN동53.34291414  .2 2.4 2.6818114 0인기탐색작전마주27관 0 3 9     9 7 7⑦1:29.32    1.614.340.514.6  1  3  .00 7 6  2 1.67340838036 2 6 5 50 8 3.08 6.11 2.6 7.2  6.8   39.2   75.4  340.4  .03178 0 7 7 0―  .339.60  .2514.1188.3810.7822.0831.94 8172910.9921.0531.10 4
20250719토 61400 9국554 2 54 7 1강 1151흐림포화1910 1스터닝레이디    한센    프라그노 5830.00한암 5 0 0 2 3  449      33000혼4서인석박정배   2 7 9 8 822 2 2 214  0조재로43253.587우선하90 93 937790.065.037.7274416184210181725141911192622502525↘→입13.736.539.213.5825736.540.6 86.7 88.9 50 50 3020   13.80   13.20 7  2  2NN동53.34291414  .0 2.6 2.6818114 0전개최상작전마주53기 1 5 7     3 4 6⑧1:26.7½   1.214.039.513.9  4  6  .09 8 4 -1 2.14516826841 4 4 2 40 3 3.06 1.02 3.1 5.0  4.8   20.0   33.6   20.212.03474 2 8 8 2▲ 1.139.40  .1013.2088.3811.9624.0737.69 9223520.7838.1652.27 2
20250601일 61400 9국453 3104 8 1강 1151맑음건조 310 1스터닝레이디    한센    프라그노 5830.00한암 5 0 0 1 3  57814:25 33000국4서인석박정배   2 8 8 7 722 1 2 113  0조재로42652.087우선하66 72 729486.067.061.12744161842101817251419111926226733 0↘→입13.736.539.413.6854537.038.7 87.3 88.1 44 44 3322   14.10   13.90 8 -3 -1HU동53.74291412  .6 3.4 4.0717114 0전개최상전개최상67기 2 3 4     6 6 3②1:27.31     .013.838.313.2 -3-12  .00 2 5  3  .11941251883 1 6 2 13 2 4.05 6.03     7.1  6.2   17.9   40.5   49.9  .04898 3 9 9 3★ 1.739.20 -.6312.2488.5229.5448.1661.0937597125.0046.2460.84 1
20250406일 7140011국442 2 94 9혼전 4444맑음포화1710 1스터닝레이디    한센    프라그노 5830.00한암 5 0 0 1 4  74515:15 33000국4서인석박정배   2 9 7 6 622 1 2 112  0이동하43852.585평선하65 60 609366.066.063.82962112144111817 7 019112524196733 0↗↘선13.736.539.413.6834536.939.4 87.5 89.0 44 44 3322   13.70   14.30 5 -2 -1NH동53.74291412  .8 3.8 4.6616114 0탐색주행전개최상 1기 0 6 6     6 5 7⑦1:27.5½    .514.139.013.9  5 -2  .09 7 2  0  .94837503963 1 5 3 12 1 5.0910.02     7.6 10.1  255.1  438.1  545.512.74293 2 8 8 2▲ 1.239.40 -.7113.0788.5232.7053.1963.7934536520.8338.6652.61 2
20250302일 9140011국454 610410 1강 1151비  건조 510 1스터닝레이디    한센    프라그노 5830.00한암 5 0 0 1 5  84817:00 33000국4서인석박정배   210 6 5 522 3 2 111  0송재철44053.072평선하36 27 275616.048.026.41856 51946 81817172119111925206733 0↗↘입13.736.539.413.6824536.240.1 90.2 88.8 44 44 3322   13.90   13.90 8 -1  0LH동53.74291412 -.8 5.4 4.6636314 0일반주행작전마주 1기 1 8 4     4 4 4⑤1:30.22     .913.740.814.3  3  3  .09 5 2 -3 1.141 8724254 4 7 9 62 7 5.07 1.03     6.9 10.6   53.6  164.3   98.4  .02043 0 4 4 0―  .139.40  .2912.8988.52 6.7416.0326.41 3 816 4.4413.1121.58 7
20250104토 9140011국412 1 6411 1강 1151맑음건조 310 1스터닝레이디    한센    프라그노 5830.00한암 5 0 0 1 6 101217:00 33000국4서인석박정배   211 5 4 422 2 2 110  0송재철43753.079평선하59 59 595044.052.022.71333 42552121817172119111925206733 0→↗입13.736.639.413.6744537.239.2 89.5 89.6 44 44 3322   13.50   13.70 5  8  1BN동53.74291412 -.8 6.4 5.6555514 0일반주행최적거리 1기 0 9 4     4 5 8⑩1:29.5목   2.213.939.613.9  5 -9  .0510 5  3 2.26956454718 410 8 70 6 1.10 2.01     3.6  1.7   37.8   46.2   50.9  .01544 0 5 5 0―  .139.50  .3113.6288.59 5.4713.4422.67 41118 5.0010.0315.12 9
20241130토 9140010국454 410412혼전 4451맑음포화1810 1스터닝레이디    한센    프라그노 5830.00한암 4 0 0 9 6 112217:00 33000국4서인석박정배   212 4 3 322 1 2 1 9  0송재철44652.079평선하58 40 407928.048.020.21333 42552121817172119111925206733 0→↗입13.736.639.513.6784136.739.5 87.3 88.5 50 50 3825   13.70   13.90 8  0  0UU동53.74291412  .0 6.5 6.5484814 0교체실패최적거리 1기 0 1 3     2 3 4③1:27.31¼   .213.539.313.7  1  8  .00 3 2  0 1.13225533473 2 6 6 71 5 9.01 9.05     8.2 35.9  115.5  359.9  169.7  .02061 0 5 5 0― -.239.20  .3212.4388.66 4.4011.5820.24 41118 6.0614.4824.77 6
20241005토 7140011국453 5 5413 1강 1151맑음건조 310 1스터닝레이디    한센    프라그노 5830.00한암 4 0 0 1 7 129815:40 33000국4서인석박정배   213 3 2 222 1 2 1 8  0빅투아43852.085우선보82 78 788973.055.025.7152412244513181725 019112228176733 0↘↗선13.736.639.413.6744537.139.9 87.3 88.7 50 50 3825   13.40   14.30 6 -4  0UU동53.74291412-1.3 6.7 5.3565614 0부중유리최적거리 1기 1 1 3     4 3 4⑤1:27.32½  1.113.739.713.9  3 -6  .09 5 2  0 2.63749676649 2 5 7 52 2 1.08 2.11     4.6  2.4   27.3   37.1   93.0  .03190 0 6 6 0―  .339.30  .2312.6888.59 7.1515.9225.65 61526 7.4918.6627.62 5
20240825일10140010국453 710414 1강 1151맑음다습1210 1스터닝레이디    한센    프라그노 5830.00한암 4 0 0 2 7 139017:00 33000국4서인석박정배   214 2 1 122 4 2 1 7  0송재철44452.081우선보95 84 847479.059.041.32342152445131817172119111925206733 0→→입13.736.839.213.6606136.339.8 88.2 88.2 43 43 2929   13.60   13.00 6  3 -2NUUP53.74291412-3.0 8.0 5.0666612 1일반주행작전마주 1기 0 5 1     1 2 2③1:28.2코    .013.439.914.3  1  9  .00 3 2  1 1.519 9643289 1 6 2 31 4 3.01 2.01     5.2  5.9    6.8   15.3    9.7  .02272 1 8 7 1▲  .738.90 -.1712.1688.5912.1427.2441.3414294621.2837.1155.12 3
20240713토 71300 8국521 1 7415 2강 2251맑음양호 910 1스터닝레이디    한센    프라그노 5830.00한암 4 0 0 2 8 150916:05 24750국5서인석박정배   215 1 6 422 3 1 1 6  0송재철43554.079평선보52 52 525465.057.037.32331192256131817172119111925205050 0→→입13.737.139.313.6685737.137.9 79.9 81.5 33 33 3317   13.30   13.60 5  1 -1HVUP53.54271312 2.0 7.0 9.0353512 1전개최상거리속성 1기 1 2 1     1 1 1①1:19.9¾    .013.637.313.0  0  4  .00 1 1 -1  .0 327 9 376 3 7 4 41 3 1.02 2.05     3.1  2.4    3.1    5.9    6.0  .03441 0 6 6 0―  .539.60  .06 5.0682.90 9.3323.0837.25 9223510.3128.8743.33 4
20261004일10140011국4 4 4  6 0혼전 4451          10 2러버맨          투아너앤아이월이 5932.00한수 3 0 0   1    017:25 33000국4이관호박민규  -3 012 1 211 4 2 111  0장추열   52.593기입적50 50 504231.059.034.6304912224111202723 02321202722 03367↘↗입14.137.538.813.51480                   36 36  918   14.10   13.30 5 -2 -5HU동55.74391413-1.4 7.0 5.6606014 0숨은복병배당마주 1   0 2                            14.1    13.3        .0                      10 2 8 4  4                                              .02046 0 6 7 0―  .538.80 -.20     88.8011.3424.0434.55122640 4.8811.5219.80 8
20260830일 5140010국552 4106 1 1강 1151맑음다습1110 2러버맨          투아너앤아이월이 5932.00한수 3 0 0 9 1   68      24750국5이관호박민규  -3 111 5 111 3 2 010  0장추열44157.093기입보53 53 535049.064.046.0304912224111202723 02321202722 0 099↘↗입14.137.439.113.5196537.438.1 86.5 87.9 30 30 1010   14.00   13.30 6 -1  0HLUP55.04381413-1.4 6.8 5.4626213 1배당마주기복전력56관 0 4 3     3 3 4②1:26.53     .014.137.413.3 -2  1  .00 2 4 -2  .61265 9128010 1 6 22 3 3.04 6.04 2.9 6.3  5.1   11.4   24.4  105.312.03147 2 6 7 2― 1.338.30 -.6111.3588.9315.8833.5146.04183854 9.7120.2931.17 5
20260718토 4130011국543 5 96 2혼전 4451흐림불량2010 2러버맨          투아너앤아이월이 5932.00한수 3 0 0 2 1  108      24750국5이관호박민규  -3 210 4 611 2 2 0 9  0장추열44057.093기입적66 77 777364.069.037.8304912224111202723 02321202722 0 099↘↗입14.037.638.813.4408338.238.7 81.0 83.1 33 22 1111   14.70   12.90 6  0  3NL동55.04381313-1.0 6.0 5.0707013 0교체성공배당마주 5   0 5 8     8 9 5⑤1:21.01    1.114.037.613.3 -1  8  .00 5 6 -2 1.34780295147 9 3 5 43 2 1.02 6.02 2.3 6.5  2.3    7.2   11.7    9.212.73274 2 7 8 2▲ 1.439.50  .03 6.6682.9014.0227.0137.8019375410.0018.6028.83 5
20260607일 4130011국550 8106 3 1강 1159맑음양호 610 2러버맨          투아너앤아이월이 5932.00한수 3 0 0 1 1  107      24750국5이관호박민규  -3 3 9 3 511 1 1 0 8  0장추열43254.093평입하26 31 315744.061.034.6304912224111202723 02321202722 0 099↘↗입14.137.539.213.5507338.937.5 82.4 81.9 25 25 13 0   14.10   13.60 7 -5  1NNUP56.04441313  .8 5.4 6.2626213 1배당마주마주성향64기 0 510    1111 7①1:22.41    -.214.737.812.9 -7 -2  .00 1 8 -1  .0 993 32792 9 3 4 43 1 8.10 5.09 3.0 8.3 22.0  252.9  456.9  421.8  .02482 1 6 7 1△ 1.139.30 -.08 5.2383.1010.6522.0034.5810203310.8117.5429.43 6
20260418토 6120010국553 5106 4혼전 4451맑음건조 510 2러버맨          투아너앤아이월이 6229.00한수 3 0 0 2 1  137      24750국5이관호박민규  -3 4 8 2 311 6 1 0 7  0조한별43453.562평입하48 52 523013.044.014.8142710224111202717 02321122118 0 099↗↘입14.037.338.813.6476137.838.8 76.4 76.6 29 29 14 0   13.90   13.90 5  5 -1VUDN56.04441313  .0 4.8 4.8646413-1숨은복병배당마주37트 010 8     9 8 8⑩1:16.4목   1.614.138.713.6  1 -4  .0010 9  1 2.1677951673210 7 8 80 6 1.02 7.06 2.5 6.5  2.5    6.5   11.6   12.4  .02024 0 3 4 0― -.538.40  .35  .5076.12 2.43 7.3414.79 2 714 1.79 6.0911.27 9
20260315일 4130011국522 5 76 5혼전 4451흐림양호 610 2러버맨          투아너앤아이월이 5932.00한수 3 0 0 2 1   91      24750국5이관호박민규  -3 5 7 1 411 5 1 0 6  0조한별43854.060기입적66 76 764036.044.015.7142710224111202717 02321122118 0 099↗↘입14.037.439.413.7535337.539.8 82.7 83.6 33 17 17 0   14.10   13.80 4 -1 -2NU동56.04441313-1.0 5.6 4.6595913 0착차만회기복전력37기 0 5 5     6 6 6⑩1:22.7목   1.313.939.513.9  2 -6  .0010 8  5 2.36344666140 710 3100 5 1.0410.07 1.9 4.0  1.9   15.6   23.9   39.4  .02528-3 5 3-3▽ -.739.80  .39 6.7883.16 4.36 9.4615.65 1 4 8 5.6113.4020.75 8
20260214토 3130011국630 8 86 6 1강 1151맑음건조 310 2러버맨          투아너앤아이월이 5932.00한수 3 0 0 2 1   71      16500국6이관호박민규  -3 6 6 6 311 4 0 0 5  0조한별44456.060기입보62 76 765370.063.039.0142710224111202717 02321122118      ↗↘입14.137.439.513.6564937.538.6 83.3 81.9 20 20 20 0   13.90   13.70 5  2 -1NN동       1312 -.2 6.8 6.6414112 0배당마주기복전력79기 1 6 5     5 5 2①1:23.33    -.514.139.213.8 -2  7  .00 1 3  1  .01046282395 4 3 3 43 4 3.04 6.07 1.9 3.3  4.9   23.6   29.1  287.4  .02343 0 7 6 0―  .939.40 -.30 5.0083.2313.2626.3638.9815294414.6826.4240.68 3
20260111일 2130011국640 8 96 7 1강 1152맑음양호 710 2러버맨          투아너앤아이월이 5932.00한수 3 0 0 2 1   93      16500국6이관호박민규  -3 7 5 5 211 3 0 0 4  0조한별43756.560하입하21 31 313016.046.027.4142710224111202717 02321122118      ↗↘입14.237.339.713.6594137.638.8 83.9 82.7  0 25 25 0   13.70   14.50 2 -7  1HN동       1312 -.5 8.0 7.5303012 0배당마주배당마주 5기 0 4 3     4 4 2③1:23.9코    .013.939.213.7  1 -4  .00 3 2 -3 1.43650353384 3 9 5 52 3 1.10 1.06 1.8 4.2  1.8   56.4   65.5   57.2  .02331 0 4 5 0― -.139.70 -.04 5.7383.29 6.0916.6627.35 41121 4.3013.9519.17 5
20251228일 2130011국651 7106 8혼전 4441흐림다습1210 2러버맨          투아너앤아이월이 5932.00한수 2 0 0 9 1   3111:00 16500국6이관호박민규  -3 8 4 4 111 2 0 0 3  0조한별44156.060하입상54 34 342419.046.015.6142710224111202717 02321122118      ↗↘입14.237.839.413.5306137.440.3 83.7 83.9  0  0 33 0   14.10   13.60 5  5  0NNUP       1312-1.3 9.0 7.7202012 1배당마주배당마주44기 011 8     9 9 7⑦1:23.72     .813.740.514.5  2  5  .00 7 5 -1 1.57237787257 6 6 7 80 2 8.01 5.10     8.4 16.2   18.3   54.2   31.8  .02326 0 4 5 0― -.339.50  .14 6.7483.42 2.87 7.7915.55 2 714 4.0810.1513.78 8
20251123일 2120011국621 3 26 9 1강 1151맑음건조 310 2러버맨          투아너앤아이월이 6229.00한수 2 0 0 2 1   9811:00 16500국6이관호박민규  -3 9 3 3 211 1 0 0 2  0조한별43656.062하입보21 14 142613.041.019.3142710224111202717 02321122118      ↗↘입14.137.639.213.5273737.638.1 75.3 75.9  0  0 50 0   13.80   13.40 8  2  1BN동       1210 -.510.510.0101012 0배당마주배당마주64기 0 6 6     5 5 5③1:15.38    1.314.138.413.6 -3  0  .00 3 6 -6 2.14165263539 6 4 7 82 1 1.02 1.08     2.1  1.5    2.1    2.7    9.1  .02331 0 3 5 0― -.637.90 -.16 -.9176.51 4.7310.6619.27 2 714 1.53 5.83 8.48 9
20250928일 1120012국651 3 5610혼전 4451비  불량2010 2러버맨          투아너앤아이월이 6229.00한수 2 0 0 9 2  253      24750국6이관호박민규  -310 2 2 111 1 0 0 1  0김정준43655.581하무보 5  5  56415.042.014.12364 8215016202715 02321132026      ↘↗추14.036.840.314.891 237.838.8 75.3 76.7  0  0100 0   14.00   15.10 8  3  0NHUP       1210 2.0 9.011.0 5 510 2교체실패배당마주42기 1 4 8     6 6 7⑨1:15.32    2.513.838.513.4 -3-11  .00 912  3 2.66976496514 312 8 82 1 2.0110.12 2.0 4.7  4.2    4.7    9.0   16.8  .02040-1 4 4-1▽ -.739.00 -.18 -.3776.67 3.30 7.8914.11 2 510 2.50 4.88 6.9612
20250802토 1100011국640 7 9611혼전 4455맑음건조 310 2러버맨          투아너앤아이월이 6229.00한수 2     1 3  411      24750국6이관호박민규  -311 1 1 111 1 0 0 0  0조재로44755.587평무보 5 35 3520  .045.025.1274416152612202721 02321192622      ↘→입14.338.238.314.117 136.640.7 65.7 65.0              14.30   14.40 4  0  0NL동       10 0         6.0     0 0숨은복병배당마주48기 0 1 3     3 410⑪1:05.76    3.714.040.915.1  2 -2  .0011 9  0 3.793159888 8 7 8 8 60 1 3.04 2.11 2.5 6.0  5.2   18.2   38.7   71.8  .02023-1 4 6-1▽ -.337.30 -.50-11.563.59 7.0615.3925.06 2 716 9.0918.1827.27 1
20261004일10140011국4 4 4  6 0혼전 4451          10 3원평강자        퍼지    금순이   4842.00한거 5 0 0   1    017:25 33000국4함완식김용재  99 016 21119 2 2 219  0안드레   55.576우입보50 61 616551.059.041.62339 5215210152733 020113528 4144329→↘선13.836.839.613.45737                   35 53 1824   13.90   13.60 7  0  3HN동55.34821714-1.2 5.2 4.0686813 0교체성공보통주행72기 0 3                            13.9    13.6        .0                       7 7 7 2  2                                              .03574 3 7 8 3▲  .839.60 -.44     88.8615.0828.7941.5619375410.9823.0432.67 4
20260815토 9140010국454 6106 1혼전 4451흐림건조 310 3원평강자        퍼지    금순이   4842.00한거 5 0 0 2 1  125      33000국4함완식김용재  99 115 11019 1 1 218  0안드레48152.576우자상91 83 836658.060.032.52339 5215210152733 020113528 4173333→↘선13.837.039.613.4463736.838.6 87.4 87.4 31 50 1925   13.40   13.70 7 -4 -5HU동55.84821714-1.2 5.6 4.4585813 0마방기습탄력호조 5   0 3 4     3 3 1①1:27.42½  -.413.938.913.6 -1  0  .00 1 2 -2  .0 530211094 810 4 42 1 2.07 3.07 2.7 6.0  4.3   64.4  111.7  399.512.73184 2 7 8 2▲  .838.60 -.3210.7889.0010.4421.2332.50 81729 9.3519.1329.23 6
20260627토 4140011국553 4106 2혼전 4451맑음건조 410 3원평강자        퍼지    금순이   4842.00한거 5 0 0 9 1  117      24750국5함완식김용재  99 21413 919 1 1 117  0서승운48157.087기입적60 63 635765.067.039.8233612215210152740 02011282616 04040↗→선13.937.139.613.4413736.239.3 87.0 87.8 27 47 1320   13.80   14.00 4  0  3NB동55.54821714 -.8 5.2 4.4585813 0탐색주행마방기습64조 2 7 3     2 2 1②1:27.01¼   .013.439.113.7 -2 -5  .00 2 4  3  .2 9 745128010 7 7 11 1 5.04 8.07 4.0 7.8  8.5   25.5   63.6  264.5  .03687 3 7 8 3▲ 1.338.60 -.5811.1089.0713.9229.0139.79345365 9.4324.7832.96 3
20260531일 4140011국540 7 46 3혼전 4431맑음양호 710 3원평강자        퍼지    금순이   4842.00한거 5 0 0 9 1   47      24750국5함완식김용재  99 31312 819 1 1 116  0권중석48654.066평입상73 71 712762.051.037.11341 62152101527 8 02011191818 04040↘→선13.937.039.613.4523436.639.9 90.1 89.0 27 40 1320   14.00   13.0012  2 -3NH동55.54821714 -.2 4.6 4.4616113 0마방기습휴양불리62기 1 7 1     4 6 5④1:30.1½    .413.840.414.0  3  2  .03 4 1 -6 1.14521624371 5 5 3 32 1 4.0310.03 2.4 3.4  6.9   27.3   61.5   86.6  .03131-1 6 5-1▽ -.138.90 -.4312.3589.0011.4326.3937.1212264018.7534.6547.66 3
20260308일 4140011국522 7 76 4혼전 4451맑음다습1310 3원평강자        퍼지    금순이   4842.00한거 5 0 0 2 2  234      24750국5함완식김용재  99 41211 719 2 1 115  0루이스48457.069기입적81 81 815170.064.035.5 6 0 91167 6152748 02011192617 05025↘↗입13.937.039.713.4493737.538.4 87.7 88.4 29 43 1421   14.00   13.40 6  4  1NB동55.14821714 -.2 4.6 4.4616113 0마방기습마방기습59기 0 5 9     8 8 5③1:27.71¼   .314.038.113.0 -4  2  .00 3 7  1  .92667152273 6 8 5 33 2 1.08 9.11 2.5 2.9  2.5   24.9   29.9   98.9  .03679 3 7 6 3△ 1.238.80 -.4711.7389.0713.3025.3935.5212264012.0321.6226.61 5
20260124토 6140011국553 6106 5혼전 4451맑음건조 310 3원평강자        퍼지    금순이   4842.00한거 5     2 1  110      24750국5함완식김용재  99 51110 619 1 1 1 0  0루이스48256.565평입하57 56 564252.057.026.4214310215210152748 02011192617 06733↗↘입13.937.139.713.4433437.438.5 87.6 87.8 23 31 1515   14.30   13.50 5 -2  4UBDN54.74821714  .6 4.0 4.6555513-3일반주행마방기습 5기 0 1 8     7 5 4③1:27.61     .014.038.713.4 -3-10  .00 3 6 -1  .81165202786 7 8 9 70 1 5.01 7.03 2.3 6.0  8.1    7.3   21.2   47.9  .02561 0 6 7 0―  .438.60 -.2710.9689.14 7.5117.2726.41 41118 8.1115.6025.97 6
20251220토 6170011국552 4106 6혼전 4451흐림포화1610 3원평강자        퍼지    금순이   4842.00한거 4 0 0 2 1  10214:25 24750국5함완식김용재  99 610 9 119 2 1 113  0우인철49252.574평입보90 80 803937.056.020.72048102152101527 0 02011112823 06733↗↘입13.839.740.813.4537339.845.6116.3118.7 25 42 1717   14.30   13.2013  0  0HUUP54.74821714 -.6 3.8 3.2686813 3승부최상휴양불리67기 0 3 6 6 6 91011⑪1:56.318   6.314.344.615.5  4  5  .0011 7  3 6.999489999 3 9 5 6 80 2 9.10 5.04     9.7 17.6   88.0  164.5  311.5  .03438 0 5 6 0―  .242.20  .3538.16113.4 5.9713.0820.74 41118 4.6313.2823.27 9
20250921일 5140010국552 7106 7 3강 3351맑음다습1410 3원평강자        퍼지    금순이   4842.00한거 4 0 0 2 2  270      24750국5함완식김용재  99 7 9 8 519 1 1 112  0우인철48752.583평입보92 92 926878.070.061.01614 71167 61527 0 02011112823 06733↘↗입13.936.939.413.5554937.838.2 88.6 88.4 27 36 18 9   13.70   13.70 5  2 -3HU동54.74821412 -.2 4.0 3.8666613 0신뢰마주승부최상 5기 0 3 8     8 8 4③1:28.66    1.114.338.413.2 -1  8  .00 3 4  2 1.62680122849 5 3 1 23 1 1.0210.04 2.6 6.8  2.6    7.7   11.6   10.5  .04591 3 8 8 3▲ 1.538.90 -.8812.0988.8025.7847.0061.0337557023.2938.7957.20 2
20250816토 5140011국552 9106 8혼전 4451맑음다습1210 3원평강자        퍼지    금순이   4842.00한거 4 0 0 2 2  384      24750국5함완식김용재  99 8 8 7 419 1 1 011  0이혁  47955.080평입상87 84 847473.069.047.71335 51167 6152728 02011282118 099 0↘↗선13.937.139.413.5454936.739.1 88.7 87.8 20 30 2010   13.80   13.40 6 -6  1UVUP54.54831412-1.4 5.6 4.2626213 1부중유리신뢰마주53기 1 1 3     6 5 3②1:28.72½   .013.739.613.7  0  0  .00 2 2 -2  .4 925402192 6 2 2 23 1 3.02 9.01 2.1 5.4  7.7   15.3   28.0   10.912.73287 2 8 9 2▲ 1.538.60 -.6611.2688.9319.6736.2447.6820435813.2129.3639.45 3
20250706일 31300 9국551 4106 9혼전 4451맑음건조 310 3원평강자        퍼지    금순이   4842.00한거 4 0 0 1 3  48311:25 24750국5함완식김용재  99 9 7 6 219 3 1 010  0임다빈47954.077평입하61 60 605335.056.033.11848 6215012152720262011142424 099 0↗→추13.937.339.113.5586537.238.7 81.6 82.2 11 22 2211   14.00   13.20 6  3 -1NUUP55.04871412-1.8 5.6 3.8646413 1신뢰마주보통주행62기 0 7 6     4 4 2③1:21.6¾    .013.838.513.4 -1 -2  .00 3 4  1  .31431311779 5 3 5 62 3 1.08 6.04     5.4  2.2   28.3   40.0   43.713.42639 0 5 6 0―  .339.60  .16 5.7682.9010.2322.0133.06 81729 7.0618.5821.61 8
20250524토 51200 9국532 5 8610 1강 1151맑음다습1210 3원평강자        퍼지    금순이    640.00한거 4 0 0 2 4  61014:25 24750국5함완식김용재  9910 6 5 419 2 1 0 9  0임다빈48155.082평입상80 77 777583.065.045.51944 42150 5152720262011142424 099 0↘↗추13.937.238.613.5536137.438.4 75.4 75.9 13 25 2513   14.10   13.10 5 -1  1UN동55.04871412-2.2 6.4 4.2636313 0편성만만신뢰마주36기 0 4 6     6 6 6④1:15.4¾    .814.038.113.2  1  5  .00 4 3 -3 1.24257373955 7 3 2 22 2 1.07 8.03     3.4  1.8   17.6   30.3   71.7  .02963 1 7 7 1― 1.338.30 -.35  .1075.9513.7731.9245.4818385420.5641.0042.05 2
20250420일 5120011국534 3 8611 2강 2252맑음양호 910 3원평강자        퍼지    금순이    640.00한거 4     2 4  70513:35 24750국5함완식김용재  9911 5 4 319 1 1 0 0  0임다빈47654.582평입하51 50 5034 6.038.011.31944 42150 5152720262011142424 099 0↘↗추13.836.939.013.7703737.837.6 76.2 75.3 14 14 29 0   13.80   13.7047  0  0NHDN55.04871414-2.4 7.0 4.6585813-2일반주행보통주행 1기 0 5 4     6 5 8④1:16.21     .514.138.413.1 -2-15  .00 4 6  1 1.82174112463 4 8 5 92 1 1.02 4.08     3.8  1.7    3.8    5.4    6.4  .01522-3 3 1-3▼ -.938.40  .57 -.5976.00 2.25 5.3511.33 1 3 6 1.50 3.31 7.19 8
20240519일 3140011국511 2 1612 1강 1151맑음양호 810 3원평강자        퍼지    금순이   4842.00한수 3 0 0 2 9 166512:05 24750국5안해양김용재  9912 4 3 319 1 1 0 7  0다실바49154.587기입적46 45 454220.050.021.63050101660 01713 0 02114212713 099 0↗↘선13.836.839.813.7662236.839.7 88.8 89.3 17 17 33 0   14.10   14.00 8  4  0NH동55.04871410-2.4 7.2 4.8626213 0숨은복병기복전력 1트 1 5 2     3 3 5⑥1:28.83    1.413.839.313.7  1 17  .00 6 5  3 2.25831604737 3 9 7 72 1 1.0210.04     2.6  1.1    2.6    3.1    9.3  .02051 0 5 5 0―  .239.20 -.0412.6889.00 5.3612.5721.62 3 816 5.8810.9916.09 7
20240323토 7140011국531 8 8613혼전 4443맑음양호 610 3원평강자        퍼지    금순이   4842.00한수 3 0 0 210 184615:40 24750국5안해양김용재  9913 3 2 219 3 1 0 6  0임기원47454.586기입적49 52 525336.056.041.0213813 923 6171320 02114233316 099 0↗→입13.836.939.913.7581937.139.8 91.1 89.3 17 17 33 0   14.00   13.60 8 -3  1UN동55.04871410  .2 5.8 6.0515113 0일반주행기복전력 1관 0 1 4     3 3 7⑨1:31.1½   1.614.140.414.0  7 -2  .09 9 2 -8 1.65847646235 210 4 10 310.01 8.10     4.9 58.9   97.5  355.0  124.4  .01750 0 5 5 0―  .439.10 -.6712.4889.1415.9630.0840.9934536514.2925.4531.73 2
20240127토 4140011국553 710614 1강 1151맑음다습1010 3원평강자        퍼지    금순이   4842.00한수 3 0 0 911 200313:10 24750국5안해양김용재  9914 2 1 119 2 1 0 5  0임기원47654.089기입적67 69 696272.061.036.72331201767 6171320 02114233316 099 0↗↗입13.836.740.013.7701537.338.8 88.8 88.7 20 20 40 0   14.00   13.20 4 -7 -1UUUP55.04871410 1.0 6.3 7.3404013 1교체성공기복전력 1기 1 4 7     7 6 4④1:28.81¾   .614.038.913.6 -6-11  .00 410  6 1.33759303365 3 9 7 30 2 5.02 6.10     5.6  9.0   19.6   38.7   12.5  .03061 0 6 6 0―  .739.20 -.5011.9889.0711.4024.6036.68122640 8.7221.3824.57 4
20231231일 3130011국610 6 6615 2강 2259흐림불량2010 3원평강자        퍼지    금순이   4842.00한수 2 0 0 911 207911:25 13750국6안해양김용재  9915 1 5 119 1 0 0 4  0임기원48755.089하입보33 37 374576.071.058.22331201767 6171320 02114233316      ↗↗입13.736.940.014.187 937.239.0 81.5 82.0  0  0 50 0   13.70   14.30 6  6  0NHUP       1310 1.7 6.0 7.7373712 1숨은탄력거리속성 1관 011 6     6 3 2①1:21.51¾  -.214.038.613.2 -3  4  .00 1 4 -3  .01130392491 2 8 4 22 1 4.0111.09     4.3  7.4    7.9   21.7   11.013.43581 3 7 8 3▲ 1.639.90 -.83 5.1083.2325.0044.8058.1719375425.0040.2433.87 1
20261004일10140011국4 4 4  6 0혼전 4451          10 4문학대세        사우스비질풍대세 8539.00한암 3 0 0   1    017:25 33000국4정호익권경자   2 011 1 610 1 2 110  0김정준   52.575우입보50 66 666539.039.014.91434 92133 82419 0 02313132026255025↗↗추14.136.639.413.57453                   83 67 3317   14.00   13.70 7 -3  2HN동53.34731414 -.4 4.0 3.6727213 0뒷심부족보통주행66관 2 4                            14.0    13.7        .0                       4 3 6 9  1                                              .02454 0 5 4 0― -.839.40  .51     88.59 3.98 8.4514.87 2 510 9.7617.8024.75 7
20260816일 61400 8국532 6 86 1 1강 1141흐림다습1310 4문학대세        사우스비질풍대세 8539.00한암 3     2 1  118      33000혼4정호익권경자   2 110 3 510 1 2 1 0  0우인철48351.074우자적84 87 877784.056.037.12048102133 82419 0 02313112823255025↗↘입14.136.639.413.5775336.939.4 88.4 88.7 80 80 4020   13.80   13.20 7  1 -2NU동53.34731414 -.2 3.6 3.4727213 0편성탐색작전마주 5   0 7 3     2 3 3④1:28.4머리  .114.039.313.7 -1 -4  .00 4 5 -3 1.73637473776 2 4 2 41 1 1.07 6.08 1.9 3.5  1.9   14.6   18.8   16.3  .02979 0 7 6 0―  .639.20 -.0612.6688.5910.8922.3037.0710203320.8840.8657.65 1
20260628일10140011국552 5 56 2혼전 4451맑음건조 310 4문학대세        사우스비질풍대세 8539.00한암 3 0 0 9 1  101      33000국5정호익권경자   2 2 9 2 410 1 2 1 8  0유승완48752.569강자하62 62 627334.045.019.61961 92133 8241915 72313152722255025→↘입14.136.739.213.5736536.045.3 92.9 93.5100 75 2525   14.30   74.7013  3  0NU동53.34731412 -.8 2.5 1.8898912 0승군탐색작전마주19관 0 6 6     3 410⑩1:32.918   5.313.345.317.1  2 15  .0010 8  3 5.599 49999 4 3 5 5 70 1 2.05 5.03 2.7 4.8  4.9   25.9   40.3   14.8  .02973 0 5 4 0―  .040.20  .4517.6288.52 4.8011.9419.64 3 816 5.4815.1223.74 7
20260328토 7140011국452 7106 3 3강 3351맑음건조 310 4문학대세        사우스비질풍대세 8539.00한암 3 0 0 9 2  239      33000국4정호익권경자   2 3 8 1 310 1 2 1 7  0송재철47252.577강자보57 61 616626.039.016.21928142448 62419 0 02313192520255025→→입14.136.839.113.4657337.440.4 90.5 89.9100100 2525   14.80   14.50 6  1  0HUUP53.34731412 -.3 2.3 2.0878713 2일반주행거리탄력53기 1 3 9     9 910⑩1:30.52½  2.514.340.674.7  5 -3  .0910 5  4 2.97467768119 3 6 7 90 1 1.03 5.02 3.2 6.3  3.2    9.3   16.1   17.4  .01560 0 5 4 0― -.739.30  .5514.0288.52 4.38 9.7616.21 1 4 8 4.2011.4319.06 7
20260215일 8120011국554 5106 4혼전 4451맑음건조 310 4문학대세        사우스비질풍대세 9419.00한암 3 0 1 2 1   97      33000국5정호익권경자   2 4 7 4 310 1 2 1 6  1임다빈47552.574강자상85 87 878241.052.017.21329 72133 8241919 72313142424255025→↗추14.237.338.113.5429337.439.9 76.6 77.3 75 75 2525   13.80   13.90 4 -2  0UUDN53.34731412 -.3 2.3 2.0878713-2숨은복병혈통무난67기 0 211    111010⑧1:16.62½  2.114.839.514.5  7 -6  .09 8 1  0 2.38162788023 8 1 4 90 1 4.07 5.04 3.710.7  6.1   26.9   54.1   79.8  .02071 0 5 6 0―  .138.60  .68 1.8975.72 3.63 9.4117.15 2 510 8.2615.9723.20 7
20260117토 9140011국541 7 96 5 1강 1151맑음건조 510 4문학대세        사우스비질풍대세 8539.00한암 3 0 1 2 1   76      41250국5정호익권경자   2 5 6 3 210 3 2 1 5  1씨씨웡48152.593강자상97 99 997087.062.038.73456112133 8241921 02313212522255025→↘선14.136.839.113.5626936.839.5 88.6 88.6100100 2525   13.70   13.00 5 -3 -1HUUP53.34731412 -.3 2.3 2.0878713 1일반주행작전마주 5기 0 4 2     2 2 4⑤1:28.61¾   .813.839.513.9  4  2  .09 5 1 -2 1.43436534259 5 5 1 21 3 4.02 9.06 4.0 8.9  5.3   13.4   27.5   86.312.03175 2 8 7 2▲ 1.239.00 -.0512.6588.5214.9828.0038.7418385415.9528.9543.95 2
20251214일 6130010국533 3 86 6혼전 4441맑음포화1810 4문학대세        사우스비질풍대세 8539.00한암 2 0 1 2 1   92      24750국5정호익권경자   2 6 5 2 110 2 1 1 4  1씨씨웡47953.593강입보68 82 826569.062.038.43456112133 8241921 02313212522 06733→↘선14.337.138.913.5768736.738.7 79.6 81.6100100  033   14.50   14.00 4 -2  1NVDN53.24701412 -.3 2.3 2.0878712-1전개최상거리속성44기 0 7 4     1 1 1①1:19.61½  -.313.737.813.0 -2  2  .00 1 3  0  .0 712341091 6 5 3 41 2 3.05 7.05     4.6  4.2   24.4   56.3   16.8  .03463 0 8 7 0▲  .739.60  .27 5.6182.6511.4525.0838.38 9223519.3235.0350.74 3
20251116일 4140011국531 8 86 7혼전 4451맑음건조 310 4문학대세        사우스비질풍대세 8539.00한암 2 0 0 2 1  118      24750국5정호익권경자   2 7 4 1 110 1 1 0 3  0씨씨웡47752.593강입보99 99 999281.064.044.33456112133 8241921 02313212522 099 0→↘선14.336.738.913.2758936.839.3 89.1 88.5100100  050   14.70   13.10 7  4 -1BUUP53.54671412  .0 2.0 2.0888812 2전개최상전개최상47기 0 9 9     6 6 3②1:29.11½   .014.539.514.0 -1  7  .00 2 3  2  .22832473285 2 2 2 23 1 1.03 6.09 2.0 5.0  2.0    5.3    7.5   14.310.54287 2 8 8 2▲ 1.039.10  .0012.8588.3217.1831.4244.3119375424.7245.2655.86 1
20250927토 3120010국612 9 16 8 1강 1159맑음다습1110 4문학대세        사우스비질풍대세 9419.00한암 2 0 0 9 2  261      16500국6정호익권경자   2 8 3 3 210 3 0 0 2  0장추열47053.593강입보96 99 999193.070.077.13351172448 6241928302313202722 099 0↗↘입14.137.038.513.5729136.837.3 75.4 74.1100100  0 0   13.90   13.60 4  3  0LU동53.54641212  .0 3.0 3.0777712 0편성만만전개최상47기 1 5 9     6 4 1①1:15.46   -1.214.737.813.1  0  6  .00 1 1 -2  .0 227 6 299 5 2 1 12 3 1.07 5.08 1.6 3.0  1.6   15.3   18.9   36.9  .04287 3 9 9 3★ 1.737.90-1.10-1.4575.7840.5465.1177.1137597134.3161.1737.88 1
20250830토 4120011국640 7 46 9 1강 1156맑음불량2010 4문학대세        사우스비질풍대세 9419.00한암 2 0 0 9 2  34415:45 16500국6정호익권경자   2 9 2 2 110 2 0 0 1  0장추열46453.593평무하70 35 3581  .063.045.43351172448 6241928302313202722      ↗↘입14.036.739.613.6983736.938.2 74.7 74.9              14.00   13.90 5 -2  0NNUP       12 0         7.0     0 2교체실패우수혈통48기 1 2 5     4 4 3③1:14.71     .113.938.513.6  0  7  .00 3 3  1  .31230301876 2 710 42 2 2.01 9.01     3.6  3.9    3.6    7.9    4.0  .02455 1 6 6 1―  .938.50 -.63-1.3976.2314.3230.1245.35 9223512.3622.9253.89 3
20250727일 1100011국620 3 7610 3강 3355맑음건조 310 4문학대세        사우스비질풍대세 9419.00한암 2     9 3  42510:35 24750국6정호익권경자   210 1 1 110 1 0 0 0  0장추열45753.593평무보   35 3540  .058.031.72948 5225610241928302313202722      ↘↗입14.137.137.813.7    36.838.1 62.4 62.7              14.10   14.00        NN동       10 0                 0 0일반주행작전마주58기 2 4 6     6 3 3⑦1:02.4목    .914.037.913.9  5  1  .01 7 2  0  .93922523151 2 2 2 60 1 7.08 8.07     2.5 36.2  342.4  716.6  153.1  .02051 0 6 5 0―  .337.90  .13-12.262.7110.6821.3031.68 61526 9.0918.1827.27 4
20261004일10140011국4 4 4  5 0혼전 4451          10 5에버글로리      콩코드포비카스쿠 7626.00한암 3 0 0   1    017:25 33000국4박지헌김정철   1 0 6 3 1 5 6 2 0 5  0유승완   52.569우선보50 71 719256.054.031.41961 922451120251425221815272267 0 0→↘입13.636.439.712.49127                   50 50 75 0   13.90   12.70 7  2  0NUUP53.04881412  .8 2.5 3.3818112 2전개최상전개최상73기 0 5                            13.9    12.7        .0                       3 9 4 6  6                                              .04269 1 6 6 1―  .339.70  .04     88.6610.7021.6731.39 51323 8.5419.9032.67 6
20260816일10120011국444 3 95 1혼전 4451흐림다습1310 5에버글로리      콩코드포비카스쿠 7522.00한암 3 1 1 2 1  114      33000국4박지헌김정철   1 1 5 2 5 5 5 2 0 4  1유승완48252.572강도하45 47 479755.056.033.71961 922451120251425221815272299 0 0→↘입13.636.539.113.7973737.038.5 74.1 75.8 67 67100 0   13.40   15.20 7  1  0UU동53.34911212 1.7 1.0 2.7838312 0전개최상전개최상 5   0 3 9     7 6 5⑤1:14.1½    .313.937.612.7 -2  5  .00 5 7  4  .74143393371 2 8 8 40 5 2.05 1.07 3.9 6.6  4.2   22.5   36.1   26.412.74284 2 7 6 2△  .639.00  .08  .1675.8412.4021.9733.73 9223510.0920.4931.38 5
20260627토 6120011국454 2105 2혼전 4451맑음건조 410 5에버글로리      콩코드포비카스쿠 7522.00한암 3 1 1 9 1  115      33000국4박지헌김정철   1 2 4 1 4 5 4 2 0 3  1유승완47752.572강도보88 92 929876.062.032.21961 922451120251425221815272299 0 0→↘입13.636.539.113.7984936.441.4 76.2 78.1 67 67100 0   13.50   14.60 7 -1  0UU동53.34911212  .0 1.0 1.0969612 0전개최상전개최상82기 1 2 1     1 2 5⑪1:16.22    2.613.440.515.2  8-14  .0911 3  2 2.69111958814 2 9 3 51 4 5.02 1.04 2.3 5.4 11.6   22.4   55.0  105.110.54286 2 8 8 2▲ 1.039.70  .14 2.5075.8411.4721.5832.24 8172914.4026.4038.89 3
20260510일10120010국552 6 55 3혼전 4454맑음건조 510 5에버글로리      콩코드포비카스쿠 7522.00한암 3 1 1 2 1  101      33000국5박지헌김정철   1 3 3 2 3 5 3 2 0 2  1유승완49152.572강도보96 99 999880.063.052.51961 922451120251425221815272299 0 0→↘입13.636.539.313.7984935.540.4 76.0 75.7100100100 0   13.60   14.10 5 -3  0UU동53.34911212  .0 1.0 1.0969612 0전개최상전개최상50기 0 3 2     1 1 1⑥1:16.0½    .813.540.614.6  5  0  .00 6 1  0  .838 0874457 2 8 1 11 3 5.03 6.04 2.6 4.9  6.6   16.1   38.4   87.710.54289 2 8 7 2▲ 1.039.00 -.55 -.0675.9522.5738.6652.4634536534.4351.8065.45 1
20260404토 5120011국544 7 95 4 1강 1153맑음양호 710 5에버글로리      콩코드포비카스쿠 7522.00한암 3 1 1 1 1  100      24750국5박지헌김정철   1 4 2 1 2 5 2 1 0 1  1유승완49152.572강도보97 98 989991.065.074.21961 922451120251425221815272299 0 0→↘입13.636.639.213.7975736.039.1 75.6 75.0100100100 0   13.70   14.00 5  2 -2NU동54.04901212  .0 1.0 1.0979712 0일반주행전개최상74기 0 6 1     1 1 1①1:15.61¾  -.313.639.514.1  0  1  .00 1 1  0  .015 2611994 1 8 1 11 2 1.03 6.04 1.7 5.0  1.7    5.9    7.9    9.3  .04897 4 9 8 4▲ 1.738.60-1.18 -.8475.9541.1063.4474.2237597153.2382.0194.09 1
20260228토 1120011국640 9 95 5 1강 1155맑음건조 310 5에버글로리      콩코드포비카스쿠 7522.00한암 3     9 1  115      24750국6박지헌김정철   1 5 1 1 1 5 1 0 0 0  0유승완49054.072평무보74 25 2551  .039.027.31961 9224511202514252218152722      →↘입14.337.139.012.8804936.238.8 75.8 74.8              14.30   13.10 4  0  0NL동       12 0         2.0     0 0일반주행우수혈통48기 0 4 2     2 1 1①1:15.83    -.613.739.214.0  0 10  .00 1 1  0  .0 9 6471497 4 5 6 41 1 1.02 4.10 2.7 6.5  2.7    7.6   15.8   38.4  .01521-1 4 4-1▽ -.638.10  .00-1.3376.12 7.5816.5627.32 71728 9.3218.0328.72 3
20261004일10140011국4 4 4  8 0혼전 4451          10 6마스터플랜      콩코드포파울플레 7626.00한수 3 0 0   1    017:25 33000국4김동균박정배   2 011 1 710 5 0 410  0최범현   52.593강입하50 76 768366.059.037.23160141751 62016264519 8183217 099 0→→입13.836.838.813.56373                   63 50 1313   13.70   13.3011 -1  0NUUP54.74771414 -.4 2.6 2.2848414 2연대우수연대우수64관 0 6                            13.7    13.3        .0                       6 1 1 3  5                                              .03772 0 8 7 0▲  .638.80  .18     88.3214.2024.8837.16 9223512.2024.0836.63 3
20260718토 7120010국552 5108 1 1강 1151흐림불량2010 6마스터플랜      콩코드포파울플레 7522.00한수 3 0 0 2 1  187      33000혼4김동균박정배   2 110 5 310 4 0 4 9  0최범현46652.593우입보95 95 958681.060.028.23160141751 62016264519 8183217 099 0→→입13.837.238.013.5499137.438.6 74.5 75.4 63 50 1313   13.70   13.60 8  5 -3NUDN54.74771414  .0 3.0 3.0727214-2연대우수연대우수 5   0 7 4     4 5 6⑧1:14.5½    .913.737.813.3  6-19  .09 8 2  1 1.32962435053 6 1 1 62 4 7.10 8.01 3.4 8.4 10.5  233.0  367.3  355.7  .03761 0 7 6 0―  .838.20  .48  .2275.61 7.2317.0128.21 7172817.4632.8236.40 2
20260523토 5140011국514 8 68 2혼전 4451맑음다습1310 6마스터플랜      콩코드포파울플레 7626.00한수 3 0 0 2 1  156      24750국5김동균박정배   2 2 9 4 610 3 0 3 8  0최범현48555.593우입보96 95 957577.066.053.73160141751 62016264519 8183217 099 0→→입13.737.038.913.5496536.938.7 87.8 87.8 57 43 1429   13.80   13.60 5 -7  2UN동54.74771414  .0 3.0 3.0727214 0연대우수연대우수44기 0 2 2     3 3 2②1:27.81¼   .013.738.713.6  1  9  .00 2 1  0  .2 935241488 6 2 1 12 3 3.01 1.02 1.6 4.2  6.2    4.2   12.1    6.810.53781 3 8 7 3▲ 1.338.70 -.4511.9488.5221.0541.3553.6934536523.3838.8248.25 1
20260418토 4140011국533 8 88 3혼전 4451맑음건조 510 6마스터플랜      콩코드포파울플레 7626.00한수 3 0 0 2 1   99      24750국5김동균박정배   2 3 8 3 510 2 0 2 7  0최범현47653.593우입상87 89 896975.065.044.53160141751 62016264519 8183217 099 0→→입13.837.138.913.4426536.938.3 88.5 87.3 50 33  0 0   13.80   13.20 6 -2  1NN동54.74771414 -.4 3.6 3.2666614 0교체성공연대우수48기 0 9 4     4 2 2②1:28.5목    .013.838.913.6  1 -1  .00 2 1 -7  .1 53814 889 7 4 2 12 2 6.01 5.09 2.5 3.6 17.4   16.6   55.2   39.810.53785 2 8 8 2▲ 1.138.50 -.2711.3088.5917.1831.5644.5334536518.8936.6548.32 1
20260308일 4140011국522 8 78 4혼전 4451맑음다습1310 6마스터플랜      콩코드포파울플레 7626.00한수 3 0 0 2 1  112      24750국5김동균박정배   2 4 7 2 410 1 0 1 6  0최범현47752.593평입하60 52 524741.052.018.03160141751 62016264519 8183217 099 0→→입13.737.139.213.6444537.138.7 87.4 88.1 40 20  0 0   14.10   13.20 5  5  0VU동55.84781412  .8 3.2 4.0565614 0교체실패보통주행79기 011 5     6 3 2②1:27.44     .013.838.313.2 -6-12  .00 2 8  5  .61651272487 7 410 92 1 1.08 9.11 2.5 2.9  2.5   24.9   29.9   98.9  .02072 0 5 5 0―  .038.60  .2511.7688.80 4.0010.4818.01 2 714 7.5214.6718.63 8
20260201일 4140011국520 8 78 5 1강 1151맑음건조 210 6마스터플랜      콩코드포파울플레 7626.00한수 3 0 0 1 1   80      24750국5김동균박정배   2 5 6 1 310 1 0 1 5  0송재철48952.576평입보83 81 815178.052.028.41745 81751 62016162119 8192520 099 0→→입13.737.339.113.5295737.239.2 88.9 88.6 40 20 20 0   13.70   13.70 5 -1 -4NU동55.84781412 1.0 3.5 4.5494914 0일반주행최적거리 5관 0 6 6     7 7 7⑦1:28.9코   1.414.138.913.2  4  1  .02 7 3  1 1.83556454740 9 2 3 40 1 1.02 5.04 1.7 4.0  1.7    4.0    5.5   14.4  .01552 0 6 5 0―  .138.50 -.0712.1688.86 7.0417.2428.3615294415.8930.6251.04 3
20251227토 5140011국651 9108 6혼전 4451흐림다습1410 6마스터플랜      콩코드포파울플레 7626.00한수 2 0 0 9 1  10213:35 16500국6김동균박정배   2 6 5 5 210 2 0 0 4  0씨씨웡48856.093평입보73 81 816173.069.043.93456111751 6201617 019 8212522 099 0→↘선13.637.239.213.5375336.539.0 88.4 87.4 25 25  0 0   13.80   14.70 6 -2  0NV동55.54671412 1.0 3.5 4.5494914 0일반주행작전마주45기 0 7 1     4 3 2②1:28.41¾   .013.739.513.7  0  3  .00 2 2  1  .3 620341492 6 2 3 32 2 1.02 4.07     5.5  2.3    5.5    8.3    8.3  .02058 0 7 5 0― 1.138.40 -.5011.0188.8615.0629.4943.8918405418.1836.3646.24 2
20251116일 3140011국650 9108 7 1강 1159맑음건조 310 6마스터플랜      콩코드포파울플레 7626.00한수 2 0 0 2 1  11911:25 16500국6김동균박정배   2 7 4 4 110 1 0 0 3  0씨씨웡48556.093하입하54 37 376572.065.050.23456111751 6201617 019 8212522 099 0→↘선13.737.538.712.9118736.739.6 90.2 88.6  0  0  067   14.10   12.70 7  7  1NVUP55.54671412  .7 4.3 5.0393912 2일반주행작전마주75기 0 9 3     3 2 2③1:30.2½    .113.840.214.7  2  1  .00 3 1 -2  .83325584278 7 1 2 22 1 5.02 5.04     6.8  9.1   22.7   49.3   15.7  .02180 0 7 6 0― 1.238.30 -.5312.3988.7320.5137.2850.1818385424.5348.8269.57 1
20250928일 1120012국651 3 58 8혼전 4451비  불량2010 6마스터플랜      콩코드포파울플레 7522.00한수 2 0 0 9 2  253      24750국6김동균박정배   2 8 3 3 210 3 0 0 2  0유승완48455.567평입보70 72 726143.051.018.11133 71942102016191719 8152722 099 0→→입13.737.738.212.9179438.237.8 74.7 76.1  0  0  050   13.80   13.20 8 -9  0UN동55.54671210 -.5 5.0 4.5464612 0일반주행최적거리52기 0 211    1110 8⑥1:14.7¾   1.914.137.512.7  3 17  .00 6 3 -1 2.05089154524 9 3 4 73 3 2.0110.12 2.0 4.7  4.2    4.7    9.0   16.8  .01540-2 5 3-2▽ -.237.90  .37  .2376.00 3.56 9.9518.07 41118 5.6313.2412.61 9
20250803일 1120012국651 7108 9혼전 4455흐림건조 310 6마스터플랜      콩코드포파울플레 7522.00한수 2 0 0 1 3  402      24750국6김동균박정배   2 9 2 2 110 2 0 0 1  0유승완46755.569하무보53 42 422121.042.018.6 930 02144112016191719 8152722      ↗→입13.937.838.812.8166537.537.9 76.6 75.7  0  0  0 0   13.90   13.10 6  3  1LNUP       1210  .0 6.0 6.0383810 2숨은복병보통주행60관 311 3     4 4 4③1:16.65     .913.838.913.2 -1 -6  .00 3 4 -2  .93565202855 6 4 3 62 2 8.0512.10 2.4 5.6 38.2  131.9  387.7  118.0  .02018 0 3 2 0― -.537.70 -.05 -.8776.39 3.59 9.9918.61 41118 2.17 5.07 4.7912
20250621토 1100010국610 3 1810혼전 4455흐림포화1910 6마스터플랜      콩코드포파울플레 7522.00한수 2     2 3  53410:35 24750국6김동균박정배   210 1 1 110 1 0 0 0  0유승완47355.069평무보16 35 3528  .028.0 6.7 930 02144112016191719 8152722      ↗→입14.637.738.313.451 137.837.9 62.6 63.1              14.60   13.70        LN동       10 0         5.0     0 0일반주행우수혈통42기 0 8 6     6 8 7⑥1:02.6¾   1.413.937.713.1  0  8  .00 6 6  0 1.65165465436 6 9 8100 1 5.01 1.05     3.3 15.4    9.2   33.1   75.2  .015 7-4 1 4-4▼-1.737.30  .28-13.063.31  .67 3.13 6.72 1 3 810.8921.4632.90 7
20261004일10140011국4 4 4  5 0혼전 4451          10 7플러터          올드패션스위트에 7130.00한수 3 0 1   1    017:25 33000국4신삼영이영해   0 0 8 1 3 7 3 3 1 8  1김효정   57.568강선보50 68 689650.048.024.11749 71458 3 8 0 8 011 320221799 0 0↗→선13.536.339.513.69237                   71 86 7114   13.40   13.30 4 -6  5NBUP53.84871612 -.6 2.8 2.2797913 2전개최상전개최상80기 0 7                            13.4    13.3        .0                       1 5 5 7  6                                              .04254 0 6 5 0― -.239.50  .41     88.45 6.2315.1624.07 4111810.9821.9929.70 5
20260905토 2120013국524 1 75 1혼전 4451맑음양호 910 7플러터          올드패션스위트에 7319.00한수 3 0 1 1 1   61      82500국O신삼영이영해   0 1 7 4 2 7 2 3 1 7  1김효정49153.070강도하86 92 929964.059.023.31749 71458 3 8 0 8 011 320221799 0 0↗→선13.436.538.412.4934936.638.4 73.1 75.3 83 83 8317   13.30   14.80 7  3 -3VHDN53.84871614 -.8 2.4 1.6888813-2선행반복전개최상 5   013 4     3 3 3④1:13.1목   1.013.437.413.3 -3  7  .00 4 7  6 1.22523341749 111 7 62 5 6.01 2.07 1.9 3.5 24.3   12.8   48.3   35.210.54282 1 7 6 1△  .638.80  .79  .4075.45 7.0314.1023.33 51323 7.3214.8122.93 8
20260719일 6140011국553 8105 2혼전 4451흐림다습1410 7플러터          올드패션스위트에 7130.00한수 3 1 1 2 1  116      33000국5신삼영이영해   0 2 6 3 2 7 1 3 0 6  1김효정48455.568우도하83 89 896449.046.013.91749 71458 3 8 0 8 011 320221799 0 0↗→선13.436.539.212.4772735.641.1 87.9 88.5 80 60 8020   13.30   14.20 6  2 -1BN동53.84871610  .4 2.6 3.0777713 0승부최상마번불리 5   010 2     1 1 1②1:27.95     .013.340.914.8  1 10  .00 2 1 -1  .831 1875385 4 4 4111 4 5.01 4.10 3.3 8.7  9.0   13.5   39.3   57.210.53450-1 6 4-1▽ -.439.30  .7312.8088.38 3.21 7.5913.94 0 2 4 7.8115.7924.30 7
20260606토 71400 8국523 6 25 3 3강 3352맑음양호 610 7플러터          올드패션스위트에 7130.00한수 3 1 1 1 1  114      33000국5신삼영이영해   0 3 5 2 1 7 1 3 0 5  1이동하47456.090우도보94 95 958580.063.064.43254151458 3 8 0 0 011 325241999 0 0↗↘선13.436.739.112.4605735.540.8 88.4 88.6 75 75 7525   13.30   13.5018  7  4VLDN53.84871610  .3 2.8 3.0777713-2연대우수승부최상70기 0 8 2     1 1 1③1:28.4½    .113.340.914.2  1 -1  .00 3 2  0  .630 0843776 4 1 1 11 1 5.01 3.05 1.7 1.8 15.1   11.4   51.6    6.6  .04593 3 8 7 3▲ 1.139.10 -.6512.7988.4526.3146.7064.3937557036.8462.6178.26 1
20260201일 7160010국443 7 95 4 1강 1151맑음건조 210 7플러터          올드패션스위트에 7130.00한수 3 1 1 1 2  345      33000국4최용구이영해   0 4 4 1 1 7 3 2 0 3  1김효정48452.577우도상90 94 941592.064.044.11642 52056 5203925 0201020221799 0 0↘↗선13.535.840.312.4954136.638.9101.3101.6 67 6710033   13.20   12.70 7 -7 -1UUUP54.54881610  .7 3.0 3.7747413 3연대우수연대우수 5기 0 1 1   1 1 1 1①1:41.3목    .013.338.713.5 -1 -7  .00 1 2  0  .0 963272987 1 8 3 21 3 2.05 1.05 2.4 5.6  3.9   24.7   36.9   15.212.03782 2 8 9 2▲ 1.140.30 -.2625.50103.115.6229.7744.1419375426.0644.3656.69 1
20251213토 4130011국512 3 65 5혼전 4451비  불량2010 7플러터          올드패션스위트에 7130.00한수 2 1 1 2 1  147      24750국5최용구이영해   0 5 3 1 1 7 2 1 0 2  1김효정49153.068기도적84 92 927882.066.043.31749 7194314203925 0201020221799 0 0↗→선13.636.740.413.8962536.537.8 79.3 80.7 50 50100 0   13.60   14.10 7  3 -3BUUP56.04851310 1.5 3.5 5.0626212 1마방습성연대우수92기 1 8 1     1 1 1①1:19.33    -.613.237.312.7 -1  6  .00 1 2 -3  .0 1 7 8 093 111 1 21 2 2.07 8.04     3.8  5.7   38.1   66.9   14.210.53787 2 8 8 2▲ 1.239.80 -.54 3.6083.3518.1232.5343.3419375423.6042.9344.14 1
20251026일 1120011국640 5 45 6혼전 4451흐림건조 510 7플러터          올드패션스위트에 7319.00한수 2 0 0 9 1  187      24750국6최용구이영해   0 6 2 2 1 7 1 0 0 1  0김효정48556.070하무하14 19 196632.048.024.01749 7194314203925 02010202217      ↗→선13.936.740.314.593 336.638.3 75.7 74.9  0  0100 0   13.90   14.8016  3  1LNUP       1210 7.0 2.0 9.0303010 2마방기습마방습성62기 0 5 1     1 1 1①1:15.71¼  -.213.639.314.1 -4 27  .00 1 5  3  .01117311291 411 5 61 1 5.03 5.01 1.8 2.9 34.1   54.5  193.5   30.6  .03164 0 4 6 0― -.138.50 -.41-2.1376.62 5.4714.3024.01 41118 3.6411.6110.31 9
20250705토 1100010국640 7 95 7혼전 4455맑음건조 310 7플러터          올드패션스위트에 7319.00한수 2     1 3  494      24750국6최용구이영해   0 7 1 1 1 7 1 0 0 0  0장추열45855.593평무보13 25 2540  .053.027.32948 52344 9203936 02010202722      ↘↗입14.537.838.313.641 136.540.1 64.5 64.2              14.50   13.90 4  0  0NL동       10 0         5.0     0 0일반주행마방기습46관 2 2 3     3 2 4⑨1:04.5½   1.713.940.214.8  7  0  .00 9 2  0 3.28313957631 9 9 9 70 1 1.06 1.05 3.2 5.3  3.2   42.0   62.6   36.5  .02545-2 5 5-2▽  .037.50 -.35-11.963.37 7.9617.4727.26 5132310.0020.0030.00 2
20261004일10140011국4 4 4  4 0혼전 4451          10 8미스터스톰      미스터크뷰티이천 1630.00한수 4 0 0   1    017:25 33000국4심승태이종욱   0 016 2 717 1 2 217  0정우주   52.059기자적50 33 33 2 8.035.011.91256 71350 7111614 01113163013404020↗→입13.937.539.713.8 937                   36 43  714   14.80   14.40 5  5 -1NUDN54.74901714  .6 7.6 8.2292913-3가는대로기복전력76기 0 8                            14.8    14.4        .0                      11101110  1                                              .01217-1 2 4-1▽-1.139.70 -.14     89.41 2.22 5.6011.86 1 4 8 2.44 6.2811.8811
20260830일 7170011국450 1 54 1혼전 4451흐림다습1110 8미스터스톰      미스터크뷰티이천 1630.00한수 4 0 0 9 1   66      33000국4심승태이종욱   0 115 1 317 2 2 216  0김정준50052.575기입적42 35 352715.038.012.21434 91350 7111613171113132026404020↗↗추13.940.041.413.8304541.041.3113.1115.6 38 46  815   14.90   13.60 2 -4  0HHUP54.74901714 -.2 7.6 7.4343413 3숨은복병기복전력66기 0 3 7 7 8101110⑪1:53.13    3.914.840.114.4  3  0  .0011 8  2 4.290935783 5 8 9 6 90 2 1.02 8.10 3.0 4.6  3.0    4.6   10.5    4.9  .02031 0 3 4 0― -.941.40  .0834.20114.0 2.64 5.9412.15 2 510 3.70 6.1713.83 8
20260816일 51400 8국542 8 94 2 1강 1159흐림다습1310 8미스터스톰      미스터크뷰티이천 1630.00한수 4 0 0 2 1   37      33000국5심승태이종욱   0 214 6 617 1 2 215  0김정준50052.575기자보 5  8  823 9.040.021.31434 91350 71116131711131320265050 0↗↗추13.937.339.713.8223737.938.8 88.9 88.4 42 42  817   13.90   15.10 4  6  0NH동55.34871714 -.6 7.6 7.0383813 0일반주행기복전력 5   0 7 8     7 8 6④1:28.91¼   .514.939.013.6 -2 -5  .00 4 6 -5  .82885275468 5 3 6 63 1 1.05 8.05 2.8 5.0  2.8   15.2   24.4   24.2  .01533 0 3 3 0― -.538.50 -.2611.4289.28 3.7110.9221.29 41121 3.45 8.3319.57 6
20260719일 8140011국543 7 94 3혼전 4431맑음다습1410 8미스터스톰      미스터크뷰티이천 1630.00한수 4 0 0 2 1   43      33000국5심승태이종욱   0 313 5 517 1 2 214  0임다빈50552.575기자적 8  9  9 8 8.032.0 7.91329 71350 7111610 011131424245050 0→↗추13.837.339.513.8234937.341.5 89.6 90.5 45 45 3618   16.00   13.0018 -3 -2UH동55.34871712 -.2 5.8 5.6484813 0일반주행휴양불리 5   0 1 6     7 7 8⑩1:29.61½  2.413.941.315.1 -1  8  .001011  5 2.6856091932010 711100 1 4.05 2.05 3.4 7.2  5.1   17.4   40.8  113.4  .015 9-4 1 1-4▼-1.539.00  .2113.7189.14  .93 3.55 7.87 0 2 4 2.17 6.2211.5810
20260314토 7140011국454 5 54 4 3강 3351맑음양호 710 8미스터스톰      미스터크뷰티이천 1630.00한수 4 0 0 2 2  361      33000국4심승태이종욱   0 412 4 417 3 2 213  0김태훈49754.076우자보40 49 494013.036.012.51740 8 5 0 0111615 011131225215050 0↘↗입13.937.039.513.8444939.739.2 91.8 91.3 50 50 2020   14.40   13.50 5 -7  1HN동55.34871712-1.2 5.0 3.8646413 0일반주행보통주행42기 0 411    111111⑩1:31.84    3.215.339.514.3  4 -6  .0010 6 -1 3.4929940931110 6 6 70 3 7.0511.03 2.3 4.1 20.0  159.8  409.4  175.9  .01526-2 3 2-2▽-1.139.40  .2914.8488.93 2.31 5.7612.48 41118 1.89 6.5112.07 9
20260208일 8140011국414 7 64 5혼전 4451맑음건조 210 8미스터스톰      미스터크뷰티이천 1630.00한수 4 0 0 2 1   76      33000국4심승태이종욱   0 511 3 317 2 2 212  0김태훈50353.571우자보40 45 455626.041.018.21856 71350 7111615 011131225215050 0↗→입13.936.939.513.8565337.639.3 88.5 89.2 56 56 1122   14.60   13.40 6  2 -2VHUP55.34871712 -.6 3.8 3.2717113 2일반주행보통주행72기 11110    1110 6⑥1:28.52    1.114.438.613.5 -1 -5  .00 6 7 -1 1.65773465950 8 5 8103 2 3.06 3.01 1.4 3.7  9.9  122.2  240.4   80.1  .01751 0 4 4 0― -.339.10  .1912.8088.86 4.7610.3418.16 1 3 6 5.3214.2122.70 7
20251227토 4120011국454 4104 6혼전 4451흐림다습1410 8미스터스톰      미스터크뷰티이천 8316.00한수 3 0 0 9 1  124      33000국4심승태이종욱   0 610 2 417 1 2 211  0김태훈50855.572우입하77 83 836842.043.017.21856 71350 7111615 011131225215050 0↗→입13.937.038.513.9677338.238.6 75.4 76.8 63 63 1325   14.30   14.70 4  8  1LNDN55.34871713  .0 3.0 3.0757513-5전개최상보통주행49기 1 9 9     910 9⑦1:15.4½   1.614.638.113.4 -1 10  .00 7 8  7 2.57490417232 8 5 6103 1 4.10 1.07 3.710.0  6.7   94.3  173.1  264.8  .03460 0 5 4 0― -.338.80  .62 1.3375.78 4.04 9.5517.18 1 3 8 7.2116.2424.07 6
20251130일10170011국432 5 84 7 1강 1159흐림다습1010 8미스터스톰      미스터크뷰티이천 1630.00한수 3 0 0 9 1   6817:30 33000국4이준철이종욱   0 7 9 1 217 3 2 210  0빅투아49855.091우입하83 93 939395.068.067.4305213304614302941 031232228175050 0→→선13.939.341.113.9796139.841.2113.3113.2 63 63 3825   14.10   14.00 4 -7  1UNUP55.34871713  .8 2.0 2.8777713 3뒷심문제전개최상82기 1 1 3 3 3 3 3 3⑤1:53.32     .514.341.614.7  4 -1  .09 5 1 -5 1.73744585566 4 1 1 12 3 2.03 6.03     4.2  4.8   13.5   22.1  104.4  .05596 4 9 9 4☆ 1.941.70 -.6632.77113.435.5255.2567.3637597153.6678.8291.41 1
20251102일 6140011국544 7 94 8혼전 4451맑음양호 610 8미스터스톰      미스터크뷰티이천 1630.00한수 3     1 1  160      33000혼4이준철이종욱   0 8 8 3 217 2 2 1 0  0빅투아49954.091우입하28 29 296442.057.025.8305213304614302941 031232228176733 0→→선13.936.739.513.9694936.839.1 89.0 88.3 57 57 4329   14.70   16.90 9  7  2NNDN55.74831713 1.4 1.8 3.2747413-3승부최상보통주행38기 0 8 6     4 4 2②1:29.01¼   .014.139.414.0 -4 21  .00 2 6  4  .22531402688 7 610 62 2 1.06 7.08 2.5 6.9  2.5   11.7   19.6   24.3  .03471 0 6 8 0―  .439.10  .1012.1488.73 7.8916.7525.79 81729 7.8416.6720.34 5
20250831일 7170011국433 5 84 9혼전 4451비  다습1310 8미스터스톰      미스터크뷰티이천 1630.00한수 3 0 0 9 2  331      33000국4이준철이종욱   0 9 7 2 117 1 2 1 8  0빅투아47852.590우입보74 79 798484.067.048.9284017355812302941 031232228176733 0→→선13.939.441.013.9696539.347.1116.1118.6 57 57 4329   13.90   13.90 7 -3  1UNUP55.74831713 1.6 1.8 3.4747413 3연대우수승부최상48기 0 1 7 7 6 5 710⑪1:56.19    6.314.746.116.9  9 -4  .0111 2  0 6.899239999 5 6 4 1 10 1 1.07 2.07 2.3 5.5  2.3   15.7   25.5   44.7  .04598 3 9 9 3★ 1.542.50 -.2538.20113.421.5537.7948.9120435822.3541.7655.48 1
20250712토 8140011국441 5 9410 1강 1151맑음건조 510 8미스터스톰      미스터크뷰티이천 1630.00한수 3 0 0 2 3  46717:30 33000국4이준철이종욱   010 6 1 117 3 2 1 7  0조재로48252.087우입상91 87 876993.063.039.02744163848213029333831231926226733 0↘→입13.936.739.513.9724937.238.7 88.9 88.7 67 67 5033   14.10   14.00 6 -3 -4HUUP55.74831413 1.5 2.0 3.5727213 1승부최상연대우수54기 1 4 7     7 8 5③1:28.92½   .413.939.013.9  1  1  .00 3 2  0  .63852272668 5 5 2 33 7 1.06 9.10     5.3  3.3   20.3   25.3   18.7  .03771 0 8 8 0▲  .839.20 -.2412.5188.7312.9226.0038.9919375430.9758.8870.93 1
20250601일 4130010국511 4 6411혼전 4451맑음건조 310 8미스터스톰      미스터크뷰티이천 1630.00한수 3 0 0 1 3  58012:45 24750국5이준철이종욱   011 5 3 417 2 1 1 6  0조재로48156.087우입보80 85 858385.069.046.627441638482130293338312319262299 0 0↘→입13.837.039.013.8787637.038.9 81.2 81.8 60 60 4040   13.90   13.70 5  4  2NNUP55.54841312 1.3 1.3 2.7797913 1승부최상승부최상64기 2 7 7     4 3 1①1:21.2머리  .014.138.714.0 -1 -4  .00 1 2  1  .0 819371680 3 5 2 22 6 2.05 7.06     6.0  5.9   18.6   34.3   40.1  .04692 3 9 9 3★ 1.539.80  .02 5.8382.6517.9334.4646.6219375423.3936.8248.17 1
20250426토 5120011국524 4 7412 3강 3351맑음양호 810 8미스터스톰      미스터크뷰티이천 8316.00한수 3 0 0 9 4  69414:25 24750국5이준철이종욱   012 4 2 317 1 1 1 5  0조재로48554.584우입하69 69 698381.065.042.929631143631930293338312319262299 0 0↗↘입13.737.238.313.9528336.838.7 75.4 75.6 50 50 5050   14.20   14.50 4 -7 -1HUDN55.54841313 2.0 1.5 3.5717113-1마방선전승부최상 1기 0 3 4     4 3 3③1:15.4목    .013.938.813.7  2 -2  .00 3 1 -3  .23023472779 7 2 5 12 5 5.0211.08     4.6  8.3   13.0   31.9   10.612.14594 3 8 9 3▲ 1.238.20 -.12  .0875.7820.0133.5242.8719375420.7540.0039.90 1
20250329토 4130011국552 510413혼전 4451맑음건조 310 8미스터스톰      미스터크뷰티이천 1630.00한수 3 0 1 9 4  77913:35 24750국5이준철이종욱   013 3 1 317 1 1 1 4  1유승완48755.079강선보97 97 977980.065.040.31123 6436319302938 0312315272299 0 0↘↗입13.637.238.813.5659336.839.8 84.1 83.4 67 67 3367   13.70   13.80 6  9 -1BU동55.54841312  .0 2.0 2.0858513 0일반주행마방선전 1기 110 8     3 4 5⑥1:24.1코   1.014.240.714.5  2  6  .00 6 4  3 1.95615664049 7 4 1 42 1 3.02 1.02     6.6  4.6    6.6   11.8   38.510.53186 2 8 9 2▲ 1.140.00  .22 7.3882.6514.0126.7440.28 9223522.3436.5538.10 1
20250215토 3130011국631 5 8414 1강 1142흐림건조 410 8미스터스톰      미스터크뷰티이천 1630.00한수 3 0 0 2 5  90811:25 16500국6이준철이종욱   014 2 4 217 4 0 1 3  0조재로48156.086평입하91 35 3573  .064.040.81741 92156 630293338312319262299 0 0↘↗입13.637.339.113.5547336.938.0 81.9 81.5 50 50  050   13.80   13.70 6-10  0UVUP55.04871312         5.0    13 1전개최상최적거리 1기 1 1 1     1 1 1①1:21.91¾  -.313.738.913.8  0 -2  .00 1 1  0  .0 31810 292 6 2 8 21 4 1.05 1.04     4.3  2.4    8.4   11.4    9.013.23457 0 6 7 0― 1.139.40 -.06 5.0782.9013.0627.5540.7818385410.0920.5653.64 3
20250105일 1120011국613 3 6415 2강 2256눈  건조 510 8미스터스톰      미스터크뷰티이천 8316.00한수 3 0 1 1 6 100910:35 16500국6이준철이종욱   015 1 3 217 3 0 1 2  1조재로48356.087강선보99 35 3597  .072.061.43141223273 730293338312319262299 0 0↘↘입13.437.438.413.0389937.238.6 76.3 75.8100100  0**   13.50   13.30 6  3  1VVDN55.04871313         2.0    13-1일반주행전개최상 1기 211 4     4 4 4⑤1:16.31     .813.839.213.7  4 -4  .00 5 1 -1 1.43848423954 7 1 7 22 3 3.07 5.03     4.7  9.0   56.3  116.3  182.2  .04290 3 9 9 3★ 1.738.10 -.81  .0175.9525.9746.7661.37204358 8.4618.1845.81 7
20261004일10140011국4 4 4  5 0혼전 4451          10 9남산미남        콩코드포빅토리캠 7626.00한거 5 0 0   1    017:25 33000국4강성오이강운   1 014 2 613 2 3 113  0권중석   55.566기선적50 73 738873.064.044.81341 6255411222644 027 81918188317 0↘→선13.636.439.913.89025                   36 45 73 9   13.50   13.90 7  2  2NN동54.85531412-1.6 4.0 2.4838314 0부중유리연대우수82기 0 9                            13.5    13.9        .0                       211 2 1  3                                              .03780 1 8 8 1▲ 1.039.90 -.46     88.8018.7532.9444.8434536517.0733.5142.57 1
20260815토 9140010국454 6105 1혼전 4451흐림건조 310 9남산미남        콩코드포빅토리캠 7626.00한거 5 0 0 2 1  125      33000국4강성오이강운   1 113 1 513 1 3 012  0권중석55553.566기도보70 68 688560.060.032.41341 6255411222644 027 81918188020 0↘→선13.736.439.913.8912236.639.1 87.8 87.8 30 40 7010   13.40   13.60 8 -3 -4NHUP55.15521412-1.6 4.2 2.6808014 2전개최상기복전력 5   0 7 1     1 1 2②1:27.82½   .013.539.413.9 -5  7  .00 2 7  1  .41020381787 111 6 51 2 2.07 3.07 2.7 6.0  4.3   64.4  111.7  399.512.73484 2 7 8 2▲  .839.30 -.1211.4888.8010.4121.1932.43 5132310.2820.8731.81 5
20260621일10120011국552 5105 2혼전 4451맑음포화1610 9남산미남        콩코드포빅토리캠 7522.00한거 5 0 0 2 1  121      33000국5강성오이강운   1 21210 613 1 3 011  0김용근54857.586기도적50 54 549249.062.037.82651142554112226242727 83127147525 0→↘선13.636.538.913.7945336.539.3 73.9 76.1 33 33 5611   13.90   13.4033 -1  4LBDN54.55541412-1.8 4.2 2.4797914-2일반주행전개최상 5기 010 3     2 2 3⑤1:13.92½   .513.438.213.6 -1-12  .00 5 6  3  .84714654066 1 6 7 41 3 1.08 4.11 3.5 5.1  3.5   23.7   31.5   54.612.74269 2 7 8 2▲  .939.10  .08  .6875.7214.0526.2637.83 9223511.9022.9532.88 4
20251102일 6140011국544 7 95 3혼전 4451맑음양호 610 9남산미남        콩코드포빅토리캠 7626.00한거 4 0 0 1 4  668      33000국5강성오이강운   1 311 9 413 1 3 010  0권중석56053.558기도보76 80 809056.062.032.3 0 0 0255815222644 027 81918187525 0→→선13.636.340.013.7932536.440.3 89.8 89.2 33 44 5611   13.40   13.90 4  7 -3VH동54.55541412-1.4 5.2 3.8666614 0전개최상마방연대 5기 011 1     1 2 5⑧1:29.82½   .813.740.514.3  5 -1  .09 8 3  1 1.05413734959 210 3 41 1 1.06 7.08 2.5 6.9  2.5   11.7   19.6   24.3  .03484 0 7 7 0―  .739.70 -.1212.9188.8010.5521.6232.34122640 6.8616.6723.97 6
20251003금 9140011국552 6105 4혼전 4451흐림다습1110 9남산미남        콩코드포빅토리캠 7626.00한거 4 0 0 1 2  234      33000혼4강성오이강운   1 410 8 313 2 3 0 9  0김용근56156.581기도보61 68 689360.066.039.21943 82340142226242727 83127147525 0↗→선13.636.440.013.7892536.139.9 87.5 88.4 38 38 5013   13.40   13.80 4 -3  4UN동54.55541412  .4 5.0 5.4505014 0전개최상전개최상79기 1 4 1     1 1 3③1:27.51¾   .313.439.613.9  1 -5  .00 3 2  0  .726 5683173 1 8 5 41 2 5.03 1.02 3.3 6.1  8.1   15.2   39.3   18.612.74282 2 7 7 2△ 1.239.40 -.3611.9888.8614.8728.0639.21 92235 9.4820.8727.41 5
20250906토11140011국554 5105 5혼전 4451비  포화1610 9남산미남        콩코드포빅토리캠 7626.00한거 4 0 0 1 2  316      33000혼4강성오이강운   1 5 9 7 213 1 2 0 8  0김용근56652.581기도적66 70 709381.070.054.81943 82340142226242727 83127146733 0↗→선13.636.439.913.7873036.339.6 86.1 88.3 29 29 4314   13.30   14.30 3 -2 -3NU동55.25491412  .4 5.0 5.4505014 0선행반복전개최상56기 0 7 1     1 1 1①1:26.1½   -.113.438.713.8 -1 13  .00 1 2 -1  .022 8582591 1 8 3 11 1 2.09 7.03 3.0 6.5  4.6   56.6   78.2  129.710.64295 3 9 9 3★ 1.639.40 -.7211.9688.8027.4144.5554.8037607225.8845.9956.25 1
20250816토 5140011국552 9105 6혼전 4451맑음다습1210 9남산미남        콩코드포빅토리캠 7626.00한거 4 0 0 2 2  38414:40 24750국5강성오이강운   1 6 8 6 113 4 1 0 7  0김태훈55355.076기선적53 53 536669.057.031.61740 82340142226292927 81225215050 0↘↗입13.736.540.013.7872536.039.5 88.3 87.4 17 17 3317   13.50   13.70 5  8  0NHUP55.35481412 2.0 4.0 6.0454513 1선행실패기복전력34관 0 9 1     1 1 1①1:28.32½  -.413.340.014.3 -2 -1  .00 1 3  2  .0 4 3541397 210 7 51 4 3.02 9.01     5.4  7.7   15.3   28.0   10.9  .02745 1 6 8 1▲  .739.10 -.2410.8688.93 9.1120.5831.62 5112016.0428.4442.20 4
20250712토 41300 9국531 6 85 7 2강 2251맑음건조 510 9남산미남        콩코드포빅토리캠 7626.00한거 4 0 0 2 3  47113:45 24750국5강성오이강운   1 7 7 5 213 3 1 0 6  0김태훈55455.067기선적37 39 398881.055.040.92250121755 82226292927 81225215050 0↗↘입13.736.839.613.7944137.038.5 82.1 82.1 17 17 3317   13.60   13.80 4 -3  1UNUP55.35481312 3.0 3.5 6.5414113 1부중유리기복전력74기 0 1 1     1 1 2④1:22.1목    .013.538.613.7  3 -5  .09 4 1 -7  .1122224 983 1 8 7 31 3 3.04 8.02     5.1  3.7   16.9   33.1   17.2  .03173 1 6 6 1―  .440.00 -.06 5.6582.9013.6628.0440.8712264022.9247.5161.60 3
20250614토 5120011국554 3105 8 1강 1151맑음건조 310 9남산미남        콩코드포빅토리캠 7522.00한거 4 0 0 2 3  55014:40 24750국5강성오이강운   1 8 6 4 513 2 1 0 5  0김태훈55954.570기선적55 58 588168.053.030.32250121755 82226292927 812252199 0 0↗↘입13.736.739.012.9893436.938.6 75.1 75.9 20 20 4020   13.90   14.3011 -3 -1UUDN56.05361312 3.0 2.3 5.3515113-1일반주행기복전력53기 0 4 3     3 3 3③1:15.11½   .313.638.913.8 -5 22  .00 3 8  2  .94031453070 4 7 8 32 2 1.07 2.08     7.0  2.3   17.6   32.7  145.7  .02062 0 6 6 0―  .538.80  .14  .1775.89 8.5319.6530.2810203310.8518.7025.50 3
20250329토 4130011국552 5105 9혼전 4451맑음건조 310 9남산미남        콩코드포빅토리캠 7626.00한거 4 0 0 9 4  77913:35 24750국5강성오이강운   1 9 5 3 113 1 1 0 4  0김태훈53755.569기선적 8 19 198125.046.020.2 933 52558152226292927 812252199 0 0→↗입13.636.838.912.9936136.739.9 83.8 83.1 25 25 2525   13.70   15.50 7 -4  1NNUP56.05361312  .5 3.0 3.5717112 1일반주행작전마주 1기 0 7 1     2 2 2④1:23.81¼   .713.940.814.3 -2-10  .00 4 6 -1 1.64511694058 1 5 9 71 1 3.02 1.02     6.6  4.6    6.6   11.8   38.513.22053 0 5 4 0― -.240.30  .95 7.3882.45 4.4011.6020.15 41118 5.3213.2015.87 7
20250208토 4120011국544 4 9510 1강 1151맑음건조 510 9남산미남        콩코드포빅토리캠 7522.00한거 4 0 0 1 5  92912:45 24750국5강성오이강운   110 4 2 413 1 1 0 3  0정정희54755.074기선적25 21 217322.040.012.91140 61463 02226122927 820251599 0 0↗↗입13.636.639.212.9941237.041.4 78.9 78.4 33 33 3333   13.80   14.8016  6 -1NU동56.05361212 3.0 3.0 6.0434312 0전개최상기복전력 1기 011 5     5 510⑩1:18.99    3.013.742.115.5  3-11  .0010 7  6 3.69334959310 3 710 80 1 3.02 7.09     7.7  5.2   11.4   22.9   42.3  .03455-2 4 3-2▽ -.939.70  .57 2.5875.95 3.00 6.5112.94 2 510 3.73 7.3114.18 9
20241013일 6120011국542 5 9511 1강 1157맑음건조 310 9남산미남        콩코드포빅토리캠 7522.00한거 3 1 1 2 7 126614:50 24750국5강성오이강운   111 3 1 313 3 1 0 2  1이동하55856.087우도적99 35 3599  .071.063.62538172540162226172327 825241999 0 0→→선13.636.738.412.9879837.041.0 77.4 78.0 50 50 5050   13.60   13.20 4 -6  0NU동56.05361212         1.0    12 0부중효과전개최상 1기 0 5 6     4 4 5⑨1:17.44    2.813.840.714.8  8 22  .00 9 1 -2 3.49033939012 1 4 9 10 3 2.0410.08     4.7  4.4   10.5   22.6   16.6  .04896 3 9 9 3★ 2.039.50 -.50 2.8975.5633.4954.6263.6337597112.3624.8665.39 4
20240915일 2120011국652 710512혼전 4452맑음다습1410 9남산미남        콩코드포빅토리캠 7522.00한거 3 0 0 2 7 133411:00 16500국6강성오이강운   112 2 2 213 2 0 0 1  0이동하53656.087평도보49 35 3589  .066.036.22538172540162226172327 8252419      →→선13.636.640.214.5971036.737.2 74.1 73.8  0  0100 0   13.60   14.80 4  3  0NH동       1212         6.0    12 0일반주행부중효과 1기 111 1     1 1 1①1:14.16   -1.113.637.513.2 -2-21  .00 1 3  0  .0 122 5 296 310 9 41 2 3.0111.05     5.6  4.6    8.5   16.6   11.8  .02077 0 7 7 0― 1.038.30 -.65-3.0476.5111.4123.2836.16 92235 8.2116.4239.45 8
20240818일 1120011국454 810513혼전 4459맑음건조 410 9남산미남        콩코드포빅토리캠 7522.00한거 3     2 8 142010:35 16500국4강성오이강운   113 1 1 113 3 0 0 0  0이동하55756.088평무보   35 3540  .048.023.42342121858 52226172327 8252419      ↗→선13.636.738.514.4    36.339.8 76.5 76.2              13.60   14.70        LN동       12 0                 0 0일반주행작전마주 1기 1 8 3     2 2 2⑥1:16.51½  1.213.640.214.8  3  7  .00 6 3  0 1.454 7785043 1 1 6 91 1 1.07 6.04     6.8  2.5   19.7   25.8   39.1  .02033 0 5 5 0― -.238.90  .62 1.0275.61 6.0414.6423.42 2 71412.7923.7843.84 4
20261004일10140011국4 4 4  4 0혼전 4451          1010주몽천하        카우보이킹덤레이 5732.00한거 6       1    017:25 33000국4강환민씨유네트-1 016 1 1 0 1 2 6 0  0푸르칸   57.578평도보70 42 42 310.033.0 8.6245715195411231419101919142421334411↗→추13.836.939.613.45330                   21 30 1812   14.50   12.7012  5  0BLDN54.84841814-1.4 7.6 6.2343410-2최빈거리휴양불리55기 010                            14.5    12.7        .0                       9 81011 14                                              .0 9 6-4 1 2-4▼-1.539.60  .37     88.93 1.09 4.10 8.57 0 2 4 3.66 8.3811.88 9
20260712일 8160010국511 7 64 1혼전 4451맑음다습101010주몽천하        카우보이킹덤레이 5732.00한거 6 0 0 2 1  196      33000혼4강환민씨유네트-1 115201039 6 2 638  0김정준48757.575평자상68 51 511532.051.026.21434 91954112314 9 01919132026334411↗↗추13.836.640.213.4483037.044.3106.4107.8 22 31 1913   13.80   13.80 3  0  0NLDN54.84841814-1.6 7.8 6.2373710-1숨은복병탄력호전67기 0 5 5   5 7 9 8⑧1:46.4대차 5.713.843.515.8  0  0  .00 8 8  1 5.899839899 5 4 8 7 50 6 9.0210.02 2.2 7.3 23.2   91.2  192.1  269.0  .02017 0 5 5 0―  .340.20 -.1430.99103.5 7.5816.5426.19 61224 4.8213.0720.66 9
20260620토 8170011국510 3 64 2혼전 4451비  불량201010주몽천하        카우보이킹덤레이 5732.00한거 6 0 0 2 1   53      33000국5강환민씨유네트-1 21419 539 5 2 637  0김정준48757.575평자보12 13 1310 9.041.014.21434 91954112314 9 01919132026334411↗↗추13.839.441.613.4662538.641.6109.1111.6 26 35 1919   14.20   14.20 3  3  0NLUP54.84841814 -.4 7.6 7.2363610 1일반주행거리속성 5기 0 5 3 3 1 1 1 4⑤1:49.1½    .913.840.413.8 -2 -7  .00 5 7 -2 1.0 3 3652653 3 910101 5 2.05 4.10 1.9 5.2  5.7   50.8   76.5  712.0  .01523 0 3 2 0― -.541.40  .2430.60113.8 2.34 7.0714.18 1 3 8 2.99 6.3314.0110
20260531일 7160010국412 8 64 3 1강 1151맑음양호 61010주몽천하        카우보이킹덤레이 5732.00한거 6 0 0 9 1   44      33000국4강환민씨유네트-1 31318 939 4 2 636  0김정준49457.575평자하15 10 1015 8.040.019.21434 91954112314 9 01919132026334411↗↗추13.836.540.313.5542736.141.4105.1104.2 27 30 2020   14.80   14.50 4 -6  0HLDN54.84841814 -.8 7.2 6.4474710-1숨은복병보통주행62트 0 2 5   5 6 7 8⑧1:45.1¾   2.314.241.914.2 -1  0  .00 8 9  4 2.57924858422 4 810 90 4 3.02 3.07 1.5 3.7  9.8   25.1   52.4   68.1  .02010 0 3 4 0― -.440.30  .0227.36103.5 4.8410.8619.22 1 4 9 1.56 4.65 9.8610
20260502토 8170010국441 4 44 4 1강 1151흐림건조 31010주몽천하        카우보이킹덤레이 5732.00한거 6 0 0 1 1   73      33000국4강환민씨유네트-1 41217 439 3 2 635  0김정준49457.575평자상63 73 733144.054.031.41434 91954112314 9 01919132026334411↗↗추13.839.241.613.4802740.742.0114.6115.4 28 28 2121   14.30   13.70 4  5  1NB동54.84841814-2.4 7.8 5.4595910 0일반주행거리속성38기 0 8 8 8 9 91010⑧1:54.610   3.014.841.314.5  3 -3  .00 8 5 -4 3.78783738712 4 9 5 40 3 1.07 2.04 1.9 3.5  1.9   30.4   38.9   27.9  .01838 0 5 6 0―  .342.20 -.0434.56113.6 9.0620.5031.38102236 6.3512.5022.94 6
20260405일 8170011국452 5104 5혼전 4451맑음양호 61010주몽천하        카우보이킹덤레이 5732.00한거 6 0 0 1 1   66      33000국4강환민씨유네트-1 51116 339 2 2 534  0김정준49757.075평자보22 17 1711 8.039.018.01434 91954112314 9 01919132026385013↗↗추13.839.241.713.4782239.440.7112.2113.0 25 32 2121   14.20   14.00 5 -2  0HLUP54.64821814-1.2 8.0 6.8444410 1일반주행거리속성44기 0 3 2 2 3 4 6 5②1:52.21¾   .014.340.713.7 -7  4  .00 2 9  0  .43225412485 311 9 80 2 4.09 5.03 1.9 5.1  9.9  152.9  303.6  383.4  .01524-1 3 3-1▽ -.941.80  .2032.07113.7 5.2810.2118.00 2 510 2.67 7.6914.34 9
20260301일 6160010국412 8 64 6 2강 2251맑음건조 31010주몽천하        카우보이킹덤레이 5732.00한거 6 0 0 1 1   99      33000국4강환민씨유네트-1 61015 839 1 2 533  0김정준49357.075평자하32 36 3615 6.042.021.41434 91954112314 9 01919132026385013↗↗추13.836.440.313.5632737.439.4104.5104.2 30 33 2215   14.40   14.20 4 -1 -1NNDN54.64821814 -.6 7.8 7.2454510-1숨은복병보통주행62기 0 5 6   6 8 9 9⑧1:44.53    2.214.239.714.0 -1 -4  .00 8 9  3 2.97690386423 6 8 7 80 1 3.02 4.03 1.4 3.5  7.4   22.4   50.7  108.0  .02017 0 3 4 0― -.440.30  .0227.46103.4 5.5112.3221.39 2 714 1.75 3.70 9.8010
20260131토 8170011국430 8 84 7혼전 4451맑음건조 21010주몽천하        카우보이킹덤레이 5732.00한거 6 0 0 9 1   56      33000국4강환민씨유네트-1 7 914 239 3 2 532  0푸르칸49758.078평자상48 58 581129.053.022.1245715195411231419101919142421385013↗→추13.739.441.613.4672538.842.4113.4113.9 27 23 1515   14.20   13.90 6 -4  1NB동54.64821814-2.8 8.8 6.0515110 0선행무리거리속성 5기 0 6 1 1 2 3 3 8⑩1:53.42½  1.114.441.814.2  4  1  .0010 6 -1 1.263 9816149 511 7 9013 8.03 7.04 1.7 3.3 43.9  177.0  620.8   58.3  .01732 0 5 6 0―  .341.80  .0632.87113.8 6.3013.9722.14 2 714 3.7412.2820.41 8
20251221일 8170011국413 4 64 8혼전 4451맑음다습131010주몽천하        카우보이킹덤레이 5732.00한거 5 0 0 2 1  11016:05 33000국4강환민씨유네트-1 8 813 139 2 2 531  0푸르칸49657.578평자상34 48 48 717.045.021.0245715195411231419101919142421295714↗→추13.739.641.613.5582739.041.8110.6113.1 24 24 1216   13.60   15.50 3  8 -1BNUP54.14801814-3.4 9.4 6.0505010 1선행무리거리속성68기 010 6 6 5 1 2 2④1:50.6¾    .314.240.613.9 -3  1  .00 4 7 -1  .54211714871 710 5 5112 4.01 2.05     4.7  6.6    4.7   13.1    8.0  .01828 0 4 4 0― -.341.40 -.0231.90113.9 5.1312.0220.95 81729 3.9511.1121.11 5
20251130일 9160010국422 6 24 9 1강 1151흐림다습101010주몽천하        카우보이킹덤레이 5732.00한거 5 0 0 9 1   69      33000국4강환민씨유네트-1 9 712 739 1 2 530  0푸르칸49558.078평자보 9  3  315 4.035.015.5245715195411231419101919142421295714↗→추13.736.940.113.4313435.141.8102.7102.9 29 38 1329   13.80   14.70 4 -1  6HBUP54.14801814-2.610.0 7.4393910 2일반주행보통주행40기 0 2 1   1 1 1 2③1:42.72½   .413.642.115.5 -5  0  .00 3 8 -2 1.053 1917769 9 710 8111 7.01 3.08 2.1 2.0 28.0   17.7   73.8  101.8  .01517-2 2 3-2▽ -.940.10  .0025.93103.6 3.71 7.9715.50 1 511 1.02 3.35 7.8910
20251102일10140011국322 3 7410 3강 3351맑음건조 51010주몽천하        카우보이킹덤레이 5732.00한거 5 0 0 1 1  156      41250국3강환민씨유네트-110 6111339 1 2 529  0해리카49552.567평자보26 25 2524 4.036.011.8144411195411231416181919172612295714→→입13.737.139.613.4313737.440.9 90.4 91.0 30 39 1330   13.70   13.30 6 -1  1HN동54.14801814-2.0 9.4 7.4444410 0숨은복병보통주행62기 0 3 4     8 7 8⑨1:30.4½   2.913.840.814.7 -1  3  .00 910  2 3.29165879012 8 9 8 80 4 7.03 8.02 2.0 3.7 25.6   80.1  196.7  211.111.22021 0 2 2 0― -.839.30  .1614.2989.07 2.40 5.9011.79 1 510  .73 2.33 6.6910
20250920토 9140011국354 310411혼전 4451맑음포화161010주몽천하        카우보이킹덤레이 5732.00한거 5 0 0 2 2  27619:35 41250국3강환민씨유네트-111 5101239 4 2 528  0푸르칸49252.081평자상29 49 494013.045.017.72478141444 9231419101919142421295714↘↗추13.737.239.413.4284537.540.1 87.3 89.5 32 41 1432   13.80   13.40 7 -1  0HH동54.14801814-3.2 9.6 6.4444410 0일반주행탄력호전 5기 0 4 7     8 910⑩1:27.33    1.913.739.013.3  2  8  .0010 8 -3 2.1657072802710 4 7 901010.03 6.11     8.5 33.9  137.5  202.5   85.3  .01530 0 4 3 0― -.438.80  .0612.9089.00 4.7510.3117.72 2 510 1.69 6.0911.1711
20250803일10140011국354 4 5412혼전 4451흐림건조 31010주몽천하        카우보이킹덤레이 5732.00한거 5 0 0 1 2  39315:40 41250국3강환민씨유네트-112 4 91139 3 2 527  0푸르칸48452.081평자하11 14 1420 6.040.014.02478141444 9231419101919142421295714↘↗추13.737.239.413.4274937.239.0 88.5 89.4 33 43 1433   13.80   14.30 6  1  0NHDN54.14801814-2.8 9.2 6.4373710-2일반주행급신장세70기 0 5 5     8 9 6④1:28.51¼   .213.838.613.4 -7 -4  .00 411  7 1.6615436367311 311103 9 1.03 9.10     5.0  2.9    8.3   14.7    9.2  .01525 0 2 2 0― -.738.80  .1712.7689.00 3.71 8.3314.04 0 2 4 1.72 3.64 8.5511
20250621토 71600 8국353 510413혼전 4451흐림포화171010주몽천하        카우보이킹덤레이 5732.00한거 5 0 0 2 3  52816:30 41250국3강환민씨유네트-113 3 8 639 2 2 526  0푸르칸48852.075평자상34 41 411515.040.023.33271221657 0231419101919142421295714→↘추13.737.040.113.4263736.241.7103.5104.8 33 43 1433   13.90   13.90 5  0  0HH동54.14801814-1.2 8.4 7.2333310 0일반주행보통주행23관 0 4 4   4 6 8 8⑧1:43.56    2.313.841.014.3  4 -1  .09 8 4 -6 2.99031909021 7 6 5 80 8 2.05 3.07     6.3  3.9   12.0   20.6   13.0  .01515 0 3 3 0― -.740.10 -.2127.71103.7 6.7914.1323.25 41118 6.3510.3723.83 8
20250517토 9160010국353 9 5414혼전 4451흐림포화161010주몽천하        카우보이킹덤레이 5732.00한거 5 0 0 2 4  62717:30 41250국3강환민씨유네트-114 2 7 539 1 2 525  0푸르칸48952.070평입보24 18 181513.040.015.7152910195611231419101919142421295714↗→추13.737.040.113.3273736.839.1102.9102.8 35 45 1535   14.30   15.50 4 -2  0HHDN54.14801814-1.2 6.8 5.6484810-2일반주행보통주행 5   0 4 4   4 7 8 6④1:42.9¾    .313.939.613.9 -6 -9  .00 410 -1 1.6477140487510 6 9 93 7 1.03 2.08     4.8  2.4    6.5   10.3   19.2  .01525 0 3 3 0― -.740.10 -.0525.66103.7 4.26 9.1915.71 2 510 2.27 7.1413.04 9
20250419토 9180011국311 8 6415혼전 4457비  다습101010주몽천하        카우보이킹덤레이 5137.00한거 5 0 0 2 4  71117:30 41250국3강환민씨유네트-115 1 6 139 1 2 524  0해리카49852.071우자하25 21 21 414.033.0 7.41825 8195611231416181919172612295714↗↘입13.740.240.213.3356140.142.4119.5120.6 37 47 1637   14.20   13.80 5 -5 -3NHUP54.14801814-1.6 6.4 4.8545410 6거리적응거리속성 1기 0 6 6 6 6 7 7 9⑩1:59.5머리 2.814.343.315.5 -1 13  .001011  4 3.68246888716 4 610110 3 1.0611.04     4.5  1.6   12.7   17.0   32.2  .02035 0 3 5 0―-1.241.00  .4340.23118.7  .90 3.77 7.35 0 2 4 2.65 5.9812.7510
20261004일10140011국4 4 4  5 0혼전 4451          1011영파이터        한센    영크라운 5830.00한수 3 0 0   1    017:25 33000국4이동국본투런   1 012 1 511 2 2 111  0이혁     55.578강입보50 71 716867.055.032.32258 81363 61030 0 018112821186040 0↗↘선13.736.639.513.67241                   40 70 3040   13.40   13.20 6  8  2VL동54.24701412 1.2 1.6 2.8818113 0숨은복병승군시기82조 011                            13.4    13.2        .0                       5 6 3 5  6                                              .02066 0 7 6 0―  .439.50  .01     88.6610.6422.3932.32 8172915.8526.1840.59 2
20260822토 71400 9국542 3 95 1 3강 3351흐림불량201011영파이터        한센    영크라운 5830.00한수 3 0 0 2 1   96      33000혼4이동국본투런   1 111 4 411 1 2 010  0이혁  48453.578우입하75 82 827481.062.050.32258 81363 61030 0 018112821185050 0↗↘선13.836.639.513.6714137.138.4 85.7 87.9 33 67 3333   13.60   14.30 5 -5  0HH동54.44671412 1.0 2.0 3.0767613 0승부최상작전마주79기 1 3 1     1 1 2②1:25.7머리  .013.437.413.2  0 -4  .00 2 2 -1  .11347151284 2 8 2 21 5 4.02 6.03 3.7 5.5  4.2    7.7   16.8   44.710.93478 2 8 8 2▲  .939.10 -.4711.8088.6619.6935.5950.3319375429.7353.7564.29 1
20260719일 6140011국553 8105 2혼전 4451흐림다습141011영파이터        한센    영크라운 5830.00한수 3 0 0 2 1   76      33000국5이동국본투런   1 210 3 311 1 2 0 9  0조재로48853.588강입하93 91 917480.066.032.83453141363 61030353818111926225050 0→↘입13.736.739.313.4685336.540.5 88.3 88.9 38 75 2513   13.20   14.20 3 -2 -1NH동54.44671412  .6 2.2 2.8747413 0편성탐색승부최상 5   0 8 5     6 8 7⑤1:28.31     .413.640.314.3  2  6  .00 5 3  2 1.24619776271 7 7 2 33 4 5.01 4.10 3.3 8.7  9.0   13.5   39.3   57.210.54597 3 9 9 3★ 1.339.20  .0512.9188.59 9.8322.3032.7512264016.4127.0736.46 1
20260628일10140011국552 5 55 3혼전 4451맑음건조 31011영파이터        한센    영크라운 5830.00한수 3 0 0 9 1   41      33000국5이동국본투런   1 3 9 2 211 1 2 0 8  0이혁  48254.078우선하93 89 897775.061.037.32258 81363 61030 0 018112821185050 0↗↘선13.836.939.013.0528036.140.2 87.7 88.4 29 71 2914   14.40   13.50 8  8  2LN동54.44671412 1.4 2.2 3.6727213 0연대우수작전마주77조 110 3     4 3 1③1:27.7½    .113.240.214.2  2  0  .00 3 1  0  .322 4723476 7 3 1 22 4 2.05 5.03 2.7 4.8  4.9   25.9   40.3   14.810.53278 1 8 7 1▲ 1.138.90  .0012.4788.5212.7425.0637.2514294423.2940.7051.80 1
20260503일 5140010국454 8105 4혼전 4451비  다습101011영파이터        한센    영크라운 5830.00한수 3 0 0 1 1  126      33000국4이동국본투런   1 4 8 1 111 2 2 0 7  0조재로48252.588우선보94 96 968879.060.030.33453141363 61030353818111926225050 0→↘입13.836.739.013.1728037.338.8 87.7 88.2 33 67 1717   13.60   13.00 6 -8 -2UUUP54.44671412 -.4 3.6 3.2747413 1승부최상연대우수47조 1 210     8 5 3③1:27.71½   .314.438.513.5  2  9  .00 3 1  0  .71861263174 5 1 2 50 3 5.02 1.05 3.1 7.6  7.1   12.1   27.0   12.110.53779 1 8 7 1▲  .839.10  .3112.4888.38 8.6219.0330.28 6122416.8129.0341.16 2
20260322일 5130011국520 6 75 5 2강 2259맑음건조 51011영파이터        한센    영크라운 5830.00한수 3 0 0 2 1  111      24750국5이동국본투런   1 5 7 5 211 1 1 0 6  0조재로47354.588우입상81 73 738992.068.063.53453141363 61030353818111926223367 0→↘입13.837.238.913.1678736.638.6 82.1 82.1 20 60 2020   14.00   13.30 5  2  0NNUP54.34651312 -.6 5.4 4.8585813 1일반주행승부최상54조 110 1     1 1 1①1:22.14    -.613.638.713.0  0  5  .00 1 1 -3  .013 629 595 4 1 1 21 2 1.0210.08 2.4 2.6  2.4    2.6    4.8    5.0  .04897 3 9 9 3★ 1.639.60 -.50 5.9882.7128.5650.6763.5020435844.0575.3192.31 1
20260214토 6120011국514 7 65 6혼전 4451맑음건조 31011영파이터        한센    영크라운 7425.00한수 3 0 0 2 1   89      24750국5최영주본투런   1 6 6 4 411 2 1 0 5  0김정준46854.574기선보82 75 757844.061.029.81434 9295018191018 423131320265050 0↗↗추13.837.138.312.8588937.138.2 75.6 75.2 25 50  025   13.80   13.60 7  4  2NNDN54.34631312 -.5 5.8 5.3565613-1편성만만기복전력77관 3 8 5     4 3 4③1:15.63     .614.038.213.3 -1 -1  .00 3 4  0  .92146272365 9 2 7 52 2 1.02 3.05 1.7 4.3  1.7    4.3    6.0   10.9  .02961 0 6 6 0―  .738.20  .31 -.1875.72 8.7919.3429.80 92235 7.4813.4522.74 8
20251227토 6130010국541 3 95 7 1강 1151흐림다습141011영파이터        한센    영크라운 5830.00한수 2 0 0 9 1  143      24750국5최영주본투런   1 7 5 3 111 1 1 0 4  0김정준46953.075기입적32 32 325318.048.023.31434 9295018191018 42313132026 099 0↗↗추13.937.338.912.8568937.338.8 81.1 82.3 33 33  033   14.30   13.30 7  2  0UHUP55.54571312 -.7 6.3 5.7565612 1일반주행기복전력 5관 2 4 3     2 2 3④1:21.11¼   .813.838.313.6  0 -2  .00 4 4 -1  .82034352455 5 5 9 51 1 1.02 6.02 1.8 4.2  1.8    4.2    5.2   14.4  .01843 0 4 5 0―  .139.60  .56 6.0682.78 5.8113.9423.32 41121 4.2112.4418.94 6
20251108토 7120011국551 4105 8 3강 3351흐림건조 31011영파이터        한센    영크라운 7425.00한수 2 0 0 2 1  14815:15 24750국5최영주본투런   1 8 4 2 311 3 1 0 3  0이혁  47153.080기입적61 63 636465.070.050.32258 8295018191033 02313282118 099 0↗↘선13.837.338.312.7399538.937.4 76.8 76.5 33 33  033   13.60   13.80 9 -6  1UN동55.54571212-4.0 9.0 5.0515112 0숨은복병기복전력60관 0 2 9    111111⑩1:16.81    1.814.338.113.3  5  7  .0910 5  4 2.06397 85828 8 5 6 30 3 2.0110.09     6.8  4.3    8.6   18.7   45.010.94178 3 8 9 3▲ 1.638.40 -.38  .9375.8421.3437.9450.26345365 8.0621.7932.50 4
20250907일 6120011국553 5105 9 1강 1151맑음다습141011영파이터        한센    영크라운 7425.00한수 2 1 1 1 2  310      24750국5최영주본투런   1 9 3 1 211 2 1 0 2  1이혁  46452.579기입적62 58 585645.044.019.31335 5 617 0191033 02313282118 099 0↘↗선13.737.638.412.7248536.838.9 74.5 75.9 50 50  050   13.80   13.00 5 -4 -3NU동55.54571210-1.010.0 9.0171712 0교체성공기복전력36관 1 8 1     2 2 3⑦1:14.5코    .513.638.513.8  6  7  .00 7 1 -7 1.3412653366510 2 4 91 2 2.07 6.07 2.2 5.3  4.2   24.6   41.7  275.9  .03050-2 4 2-2▽ -.337.90  .29 -.1276.06 4.6210.8219.31 1 51112.0520.7329.43 4
20250803일 1120012국651 710510혼전 4455흐림건조 31011영파이터        한센    영크라운 7425.00한수 2 0 0 1 3  402      24750국6최영주본투런   110 2 2 111 1 0 0 1  0이혁  45755.581하무보16 35 3539  .052.026.5213210235010191033 02313282118      ↗↘선14.337.939.713.2161537.237.3 75.7 74.8  0  0  0 0   14.30   13.50 6  3  1NNUP       1210         9.0    10 2일반주행우수혈통53관 112 4     3 3 3①1:15.7목    .013.838.313.0 -7  1  .00 1 8 -2  .01049 7 789 8 8 7 52 1 8.0512.10 2.4 5.6 38.2  131.9  387.7  118.0  .01847 0 4 5 0―  .137.30 -.80-2.7776.95 7.0316.2226.46102236 7.9715.9429.8911
20250621토 1100010국610 3 1511혼전 4455흐림포화191011영파이터        한센    영크라운 7425.00한수 2     2 3  53410:35 24750국6최영주본투런   111 1 1 111 1 0 0 0  0조재로45655.087평무보 5 35 3522  .036.015.8274416235010191028382313192622      ↘→입15.739.038.312.9 1 437.838.7 63.6 64.1              15.70   13.20        LN동       10 0         6.0     0 0일반주행우수혈통38기 0 9 8     8 710⑨1:03.65    2.414.338.513.5 -1 -1  .00 910  0 2.68065747415101010 80 1 5.01 1.05     3.3 15.4    9.2   33.1   75.2  .01513-3 3 4-3▽-1.036.30 -.65-13.364.03 2.89 8.0515.79 2 71410.8921.4632.90 8
20261004일11120011국3 4 2  2 0혼전 4451          11 1금세            페더럴리창세     5831.00한수 5 0 0   1    017:55 41250혼3박재우이종천   2 016 12025 3 2 725  0루이스   54.068우선보50 61 619648.049.022.42143102045 9222921 022161926176427 9↗↘입13.736.638.713.89253                   52 52 52 0   13.40   13.90 7 -1  2UN동53.35051412-1.2 5.8 4.6676713 0전개최상전개최상85기 0 1                            13.4    13.9        .0                       4 7 6 8  4                                              .04263 0 6 6 0― -.138.70  .59     75.67 5.8314.2122.38 2 71413.6419.8226.50 4
20260815토101200 8국442 2 42 1 1강 1151흐림건조 311 1금세            페더럴리창세     5831.00한수 5 0 0 2 1  124      41250혼3박재우이종천   2 115 21925 2 2 624  0루이스50152.568우도적72 83 839889.064.049.42143102045 9222921 02216192617603010↗↘입13.736.638.713.8885735.938.8 73.5 75.1 50 50 50 0   13.50   13.60 8 -6  0HH동53.45051412-1.8 6.8 5.0646413 0교체성공전개최상 5   0 2 1     1 1 1②1:13.5½    .013.438.213.9 -1 -2  .00 2 3 -2  .118 3491081 2 6 3 31 3 2.03 6.02 1.8 3.6  4.2   10.5   17.4   30.212.04287 2 8 8 2▲ 1.038.70 -.18 -.2375.6716.8833.7949.4419375423.1343.8666.22 2
20260621일 7120010국324 4 22 2혼전 4451맑음포화1711 1금세            페더럴리창세     5831.00한수 5 0 0 2 1  124      41250국3박재우이종천   2 214 11825 1 2 523  0루이스50352.568기도보81 73 738461.057.027.92143102045 9222921 02216192617563311↗↘입13.736.638.713.8895736.738.4 73.2 75.4 42 42 58 5   14.00   13.2012 -1  2LN동53.45051412 -.6 6.8 6.2555513 0일반주행기복전력29기 0 8 1     2 2 2②1:13.24     .013.537.313.6 -3-17  .00 2 5 -5  .72321351785 3 9 3 51 2 1.05 2.08 2.0 2.2  2.0   15.2   20.2  102.5  .01866 0 7 6 0―  .438.80  .42  .1075.67 7.6117.9327.94 81729 8.0821.0033.22 4
20260328토11120011국444 3 42 3 3강 3351맑음건조 311 1금세            페더럴리창세     5831.00한수 5 0 0 9 2  235      41250국4박재우이종천   2 313 41725 1 2 522  0정우주52051.067기도적58 70 707432.051.017.51150 51660 5222910 02216163013563311→↗입13.736.738.713.8775736.042.1 76.7 78.3 50 44 44 6   13.50   13.90 4  2  0BU동53.45051412 -.2 6.6 6.4575713 0편성불리마번불리42기 0 9 4     3 3 3⑩1:16.7코   3.213.541.316.1  0  5  .001010  2 3.293 39892 9 310 8 80 5 1.04 1.03 2.2 3.5  2.2    5.9    9.0   32.012.12358-1 5 4-1▽ -.139.60  .68 2.8975.72 3.52 9.8117.46 2 714 2.53 8.4114.3510
20260301일10120010국414 3 12 4혼전 4451맑음건조 311 1금세            페더럴리창세     5831.00한수 5 0 0 1 1   74      41250국4박재우이종천   2 412 31625 1 2 521  0김태희51551.062기도적18 21 215912.044.017.71146 72045 92229 8 02216152416632513↘→입13.736.738.813.8784536.539.1 74.4 75.9 47 53 47 6   13.40   16.80 7  4 -2NU동53.85041412  .2 5.6 5.8606013 0숨은복병기복전력67기 1 7 3     3 3 2⑤1:14.4½    .313.538.413.9 -3 -4  .00 5 8  5  .54314603370 41011102 1 3.02 2.05 1.3 3.2  9.3   23.1   49.2  392.8  .02047 0 4 5 0― -.438.80  .60  .4175.78 4.4910.1617.68 0 2 4 1.90 5.15 8.6311
20260110토111200 8국314 3 12 5 1강 1151눈  양호 811 1금세            페더럴리창세     5831.00한수 5 0 0 2 1  116      41250국3박재우이종천   2 511 21525 1 2 520  0루이스51953.068기도적54 74 748275.058.036.02143102045 9222921 02216192617632513↗↘입13.736.838.713.8765735.943.1 77.9 79.2 47 47 53 6   13.60   14.00 5 -7  1HN동53.85041412 -.4 6.4 6.0565613 0선행실패기복전력 5기 0 3 3     3 2 4⑦1:17.98    3.413.442.716.8  4  1  .05 7 3  0 4.897 29996 8 6 6 5 40 1 1.02 5.02 1.3 2.9  1.3    2.9    3.5    6.4  .02782 0 6 6 0―  .839.70  .08 3.6575.78 9.7921.7036.0110203310.1821.8135.21 4
20251207일10120011국314 1 62 6혼전 4451흐림양호 911 1금세            페더럴리창세     5831.00한수 4 0 0 1 1   8917:30 41250국3박재우이종천   2 610 11425 2 2 519  0조한별51852.062기도적55 54 545937.045.019.61427102045 9222922 02216122118632513↗↘입13.736.838.513.7746936.638.4 73.8 75.9 44 50 50 6   13.60   14.10 5  6  0BU동53.85041412 -.4 6.4 6.0565613 0착차만회마번불리72기 010 3     2 2 3④1:13.8목    .013.638.214.0  1  1  .00 4 3 -5 1.94417371687 3 8 4 81 2 6.02 4.09     7.4  9.2   24.4   61.5   48.8  .02549 0 5 4 0― -.338.70  .65  .6475.67 5.1111.6219.58 2 714 6.4917.5829.47 6
20251101토10120011국414 2 62 7혼전 4451맑음건조 511 1금세            페더럴리창세     5831.00한수 4 0 0 1 1  167      41250혼3박재우이종천   2 7 9 61325 1 2 518  0조한별51752.062기도적44 48 486625.045.018.01427102045 9222922 02216122118711414↗↘입13.736.838.413.7767336.838.6 74.9 75.9 47 53 53 7   13.70   14.1013  3 -1HU동54.05021412 -.4 5.8 5.4626213 0일반주행기복전력50기 0 4 4     3 3 2④1:14.92     .413.638.914.1 -4 15  .00 4 8  3  .64227422568 5 7 6 72 1 1.02 9.11 2.3 6.9  2.3    8.5   13.5   15.3  .01752 0 4 4 0― -.438.70  .76  .7075.61 4.4510.0117.99 2 714 4.0010.9714.08 9
20250802토 8120010국334 2 82 8혼전 4451맑음건조 311 1금세            페더럴리창세     5831.00한수 4 0 0 1 3  404      41250국3박재우이종천   2 8 8 51225 1 2 517  0이혁  50253.081기도적28 31 318927.054.030.62132101328 32229 6 02216282118711414↗↘선13.736.838.613.7746536.938.9 75.3 76.4 50 57 57 7   13.90   14.10 6 -1  1UN동54.05021412 -.6 6.6 6.0565613 0일반주행기복전력50기 1 1 4     3 3 3⑧1:15.3¾   1.313.739.114.1  3-14  .00 8 5 -4 1.45931554142 3 7 9 40 1 4.0310.11 3.3 6.1  9.9   10.9   24.6  129.9  .02474 1 5 5 1―  .438.90  .28  .9975.72 9.1520.0630.61102236 5.6215.3025.17 6
20250621토 8120011국354 1102 9혼전 4451흐림포화1711 1금세            페더럴리창세     5831.00한수 4 0 0 2 3  52717:30 41250국3박재우이종천   2 9 7 41125 1 2 516  0유승완51652.569우선적46 52 527817.040.013.5 930 01328 3222912 02216152722711414↗→입13.736.738.413.7797337.838.9 75.6 77.3 54 62 62 8   13.40   14.50 6  0  0HH동54.05021412 -.6 5.0 4.4686813 0숨은복병보통주행52기 1 2 6     5 8 9⑪1:15.66    2.413.938.814.1  2  8  .0011 9  6 2.48276536819 6 6 9100 2 4.0710.08     7.3  6.4   56.0   83.7   82.7  .02053 0 4 3 0― -.739.30  .93 2.2375.56 3.26 7.6313.53 1 4 8 2.29 6.9514.7710
20250510토 9120011국344 1 9210혼전 4451흐림불량2011 1금세            페더럴리창세     5831.00한수 4 0 0 2 4  64817:30 41250국3박재우이종천   210 6 31025 4 2 515  0정우주50852.570우도적67 83 838470.056.023.3183313225010222910 02216163013711414→→입13.736.838.413.7737636.640.0 74.7 76.9 54 62 62 8   13.40   14.30 4 -4  1HN동54.05021412 -.2 4.8 4.6666613 0착차만회선행강점 1   0 2 4     4 3 5⑨1:14.7목   1.713.439.114.5  6  0  .09 9 3  0 2.17316826531 6 5 3 70 4 9.10 8.09     6.8 25.2  343.6  557.6  354.3  .02559 0 7 7 0―  .439.00  .62 1.7075.61 6.3514.7423.31 4111813.1122.7632.00 4
20250413일11120011국324 3 7211혼전 4451맑음포화1711 1금세            페더럴리창세     5831.00한수 4 0 0 2 4  72018:00 41250국3박재우이종천   211 5 2 925 3 2 414  0정우주50852.070우도적72 76 768550.050.020.5183313225010222910 0221616301383 017→→입13.736.838.313.5728336.139.0 74.1 75.8 50 67 58 8   13.70   13.80 5 -4  0NUDN54.35011412-1.6 5.6 4.0696913-2마방선전보통주행 1관 0 6 4     3 2 1②1:14.1¾    .013.439.014.3 -1 -5  .00 2 3 -4  .137 3561788 4 7 5 52 3 1.03 3.06     4.2  2.4   11.9   15.9   71.0  .02561 0 6 6 0―  .038.70  .76  .6875.56 4.7612.1120.47 81729 8.0417.3625.50 5
20250308토 8140011국344 2 9212 1강 1151맑음다습1111 1금세            페더럴리창세     5637.00한수 4 0 0 2 5  83817:00 41250국3박재우이종천   212 4 1 225 2 2 413  0정우주51352.063우도적84 86 865673.050.021.8165013254019222910 0221616301383 017→→입13.636.639.213.5746536.739.5 86.4 88.6 55 73 64 9   13.90   14.30 7  2 -4BU동54.35011412 -.8 5.0 4.2676714 0승부최상마방선전 1관 010 5     2 2 2⑤1:26.4½    .413.738.413.8 -2  0  .00 5 7  2 1.23427553867 5 7 4 71 2 2.06 9.11     7.2  5.2   53.4   86.3  270.4  .03465 0 6 7 0― -.139.20  .4612.8088.45 4.8513.0921.81 41118 6.8617.4927.39 7
20250118토 6140011국451 410213 3강 3359맑음건조 411 1금세            페더럴리창세     5637.00한수 4     2 5  97114:25 33000국4박재우이종천   213 3 7 125 1 1 4 0  0정우주51355.563강도적42 43 437871.062.046.5165013254019222910 0221616301380 020→→입13.636.639.113.5776936.538.7 88.4 87.6 50 70 6010   13.40   15.3016  4  1BNUP54.14991412-1.6 3.8 2.2838313 2전개최상승부최상 1기 0 8 2     1 1 1①1:28.42½  -.513.939.114.3 -4 24  .00 1 5 -4  .0 61826 893 2 3 3 21 1 5.08 8.04     7.7  8.3  165.8  291.6  225.011.24593 3 9 9 3★ 1.439.00 -.1211.8788.3817.9634.2346.4618385419.3532.6130.07 2
20240928토 9120011국424 1 7214 3강 3351맑음건조 511 1금세            페더럴리창세     5831.00한수 3 0 0 9 7 131717:00 33000국4박재우이종천   214 2 6 825 1 1 411  0임기원48955.084우도하48 57 579222.048.014.01633112243 7222925 0221623331680 020→↗입13.636.738.413.5857637.040.8 76.6 78.2 56 78 6711   13.80   14.40 9 -2 -1VN동54.14991312-2.0 6.0 4.0696913 0전개최상전개최상 1관 1 4 6     6 6 8⑪1:16.61    2.813.440.415.3  2  2  .0011 9  8 3.29238928912 6 4 6 90 1 2.11 2.05     2.7  4.9  190.5  302.9  481.912.24265-1 5 4-1▽ -.339.50  .93 3.1175.56 2.94 7.4013.98 1 4 8 3.85 7.4614.1211
20240728일10120011국454 310215 3강 3351맑음다습1211 1금세            페더럴리창세     5831.00한수 3 0 1 9 8 145815:40 33000국4박재우이종천   215 1 5 725 1 1 410  1문세영48756.093우도하89 92 929981.070.048.04452252143 3222943 0221629361580 020→↗입13.636.638.413.5897636.939.9 75.2 77.0 56 78 6711   13.80   13.20 8  1  2NL동54.14991312-2.2 6.0 3.8717113 0전개최상전개최상 1기 3 6 9     7 6 6⑩1:15.2목   1.213.839.314.4  9-10  .0910 1  0 1.37430807042 2 8 2 10 2 4.07 1.08     6.0  9.3   74.7  182.0  152.8  .04899 4 9 9 4☆ 1.739.20  .01 1.9775.5022.2336.6448.0134536516.5432.7041.86 2
20261004일11120011외3 4 2  2 0혼전 4451          11 2힐링헤이븐      SHAMAN GFORMBY          미암 6 0 0   1    017:55 41250혼3조현수이장운   0 016141039 4 2 239  0김효정   52.570평무상50 46 4640 9.039.012.81749 71244 7 913 618 9 3202217631325↗→선13.737.338.013.33089                   19 33 1131   14.40   12.80 4 -4  1HN동53.14641812-2.0 7.2 5.2434313 0최빈거리보통주행46관 0 2                            14.4    12.8        .0                      10 31111 12                                              .01317-1 2 2-1▽ -.938.00  .85     75.67 3.28 6.7212.76 0 2 4 1.82 4.50 9.4011
20260905토 71200 9외354 1 52 1 1강 1151맑음양호 711 2힐링헤이븐      SHAMAN GFORMBY          미암 6 0 0 1 1   56      82500혼O조현수이장운   0 11513 939 3 2 238  0김효정46852.070평무보49 52 525012.044.017.51749 71244 7 913 618 9 3202217631325↗→선13.737.238.013.4398338.037.1 73.9 75.6 20 34 1129   13.80   13.00 3 -1 -1NH동53.14641814-1.2 7.0 5.8474713 0일반주행보통주행 5   0 6 8     8 8 8④1:13.92½  1.514.436.712.8 -4 -6  .00 4 8  3 1.63585 42035 6 2 7 8311 1.05 1.02 2.0 5.0  2.0    9.2   12.5   15.4  .01533 0 3 2 0― -.538.20  .79  .4075.61 2.84 8.7917.45 41118 1.27 4.14 9.28 9
20260815토101200 8외342 2 42 2 1강 1151흐림건조 311 2힐링헤이븐      SHAMAN GFORMBY          미암 6 0 0 2 1   62      41250혼3조현수이장운   0 21412 839 2 2 237  0김효정47452.570평무상77 81 816246.052.028.01749 71244 7 913 618 9 3202217631325↗→선13.737.238.113.4418037.938.0 74.4 76.1 21 35 1224   13.50   13.40 4  3  0NHDN53.14641814-1.6 8.0 6.4434313-2적정체중급신장세 5   0 7 7     7 7 5③1:14.45     .913.837.113.0 -2 11  .00 3 5  0 1.05484204552 7 3 4 6310 2.03 6.02 1.8 3.6  4.2   10.5   17.4   30.2  .02541 0 4 4 0―  .038.40  .42  .8475.67 6.6817.0527.95 81729 6.7214.9128.09 5
20260719일10140010외352 7102 3혼전 4451맑음다습1411 2힐링헤이븐      SHAMAN GFORMBY          미암 6 0 0 2 1   41      41250혼3조현수이장운   0 313111439 1 2 236  0김효정46352.568평무상30 19 1924 7.036.011.21749 71244 7 913 618 9 3202217571429↗→선13.737.239.113.4274937.238.5 87.1 87.7 15 30 1224   13.20   13.80 3 -6  1HN동53.14641814 -.8 8.4 7.6313113 0최빈거리보통주행 5   0 4 2     2 3 3③1:27.1½    .013.538.413.4 -2 -3  .00 3 5 -4  .7 756181891 8 511111 9 3.0110.06 3.5 6.6  4.5    6.7   14.4   21.3  .01318-1 2 1-1▽ -.838.40  .4311.3688.80 2.51 5.8911.21 0 2 5  .99 3.69 8.8511
20260627토10140011외352 2102 4혼전 4451맑음건조 411 2힐링헤이븐      SHAMAN GFORMBY          미암 6 0 0 9 1   51      41250혼3조현수이장운   0 412101339 1 2 235  0정우주46651.559평자보10  8  822 6.033.010.51256 71244 7 913 5 0 9 3163013571429↗→입13.737.239.113.4255336.939.7 87.5 89.4 19 41 1331   13.70   14.20 5 -1 -1LHUP53.14641812-1.0 8.2 7.2363614 2일반주행최적거리41기 010 1     5 710⑦1:27.52    1.713.239.113.8 -2 -4  .00 7 9  0 1.75933574630 9 410100 2 1.06 9.02 3.4 6.9  3.4   21.5   32.1   44.1  .01523-2 2 1-2▽-1.338.80  .4613.1288.80 1.12 4.0810.45 1 4 8 2.30 4.1710.1410
20260523토10120010외344 3 42 5 3강 3351맑음다습1311 2힐링헤이븐      SHAMAN GFORMBY          미암 6 0 0 2 1   71      41250혼3조현수이장운   0 511 9 739 2 2 234  0김효정47052.570평자보45 47 475017.045.019.01749 71244 7 913 618 9 3202217571429↗→선13.737.338.013.4358537.240.7 76.4 77.9 23 39 1332   13.60   13.60 4  0 -2LH동53.14641812-1.0 7.4 6.4474713 0일반주행급신장세51관 011 4     4 5 9⑨1:16.45    2.813.739.914.2  0  2  .00 9 9  2 3.29045918912 9 1 8 80 8 4.02 6.02 2.3 3.4  7.7   13.5   31.8   22.511.21845 0 3 5 0― -.238.80  .68 2.5875.67 4.3111.0719.04 1 510 2.42 7.5616.0610
20260425토11120011외353 4102 6 1강 1137맑음건조 311 2힐링헤이븐      SHAMAN GFORMBY          미암 6 0 0 9 1   71      41250혼3조현수이장운   0 610 8 639 1 2 233  0김효정46854.070평무상55 48 485119.042.022.61749 71244 7 913 618 9 3202217571429↗→선13.737.137.913.3469137.039.3 75.4 76.3 20 30 1330   14.10   13.00 5  2 -1VN동53.14641814-2.8 8.0 5.2555513 0일반주행조교부실30관 011 4     4 6 7⑦1:15.4½    .813.638.613.6  0 -2  .00 7 7 -3 1.45935655555 8 1 3 82 7 1.02 6.04 3.2 6.5  3.2    6.5   10.1   31.9  .01540-1 3 2-1▽ -.438.60  .73 1.3475.50 6.3113.4722.56 1 4 9 5.1311.9019.77 6
20260322일10120011외324 4 72 7혼전 4451맑음건조 511 2힐링헤이븐      SHAMAN GFORMBY          미암 6 0 0 2 1   85      41250혼3조현수이장운   0 7 9 7 539 1 2 232  0정우주47055.061평무하37 31 3147 6.036.013.11256 71244 7 913 5 0 9 3163013571429↗→입13.737.137.913.3528937.938.1 75.4 76.2 21 34 1431   13.60   15.50 5  4 -1LNDN53.14641814-2.4 8.0 5.6545413-2일반주행보통주행40트 0 9 7     7 7 7⑥1:15.41    1.514.137.813.0 -4 -5  .00 610  5 1.75681264937 9 2 7110 1 1.02 5.03 2.7 3.6  2.7    3.6    5.9   16.8  .01525 0 2 2 0― -.838.50 1.02 1.2375.50 3.19 7.0013.08 0 2 5 2.53 4.40 8.5511
20260215일10140010외312 7 12 8혼전 4451맑음건조 311 2힐링헤이븐      SHAMAN GFORMBY          미암 6 0 0 2 1   74      49500혼3조현수이장운   0 8 8 61239 1 2 231  0김용근47555.585평무보63 48 485014.045.016.32651141244 7 91312 0 9 3312714571429→↘선13.736.938.913.4536536.641.8 90.4 90.7 21 34 1428   14.60   13.70 7 -3 -1NN동53.14641814-2.8 7.0 4.2666613 0최빈거리보통주행70기 1 5 4     4 4 7⑨1:30.44    2.913.642.115.5  4  4  .05 9 5 -2 3.28823939015 9 310100 1 2.01 1.04 1.3 3.0  8.2    3.0   14.2    4.9  .01531 0 4 4 0― -.439.40  .6114.9088.45 3.86 9.0316.26 1 4 8 2.31 5.3411.2510
20251227토10140011외312 3 62 9혼전 4451흐림다습1411 2힐링헤이븐      SHAMAN GFORMBY          미암 5 0 0 9 1  139      49500혼3조현수이장운   0 9 7 51139 4 2 230  0김효정47156.068평무보90 74 743419.046.017.41749 71244 7 913 618 9 3202217571429↗→선13.736.938.913.4536137.939.2 88.0 89.5 21 39 1432   13.50   13.60 4  2  2NB동53.14641814-2.8 7.0 4.2666614 0최빈거리거리난점 5기 0 811    111110⑨1:28.03    1.914.638.713.7  2 -6  .00 9 7 -1 2.06888416826 7 6 6 90 6 4.08 5.02 2.3 8.5  9.0   87.8  159.2  190.1  .01018-1 4 3-1▽ -.439.10  .5913.7488.45 4.32 9.7317.42 1 4 8 3.28 8.1314.1710
20251129토10140011외352 110210혼전 4451흐림다습1011 2힐링헤이븐      SHAMAN GFORMBY          미암 5 0 0 9 1   7917:30 41250혼3조현수이장운   010 6 41039 3 2 229  0김효정47754.568평무보95 83 832119.043.010.31749 71244 7 913 618 9 3202217571429↗→선13.736.938.813.3556937.239.0 86.1 88.3 19 44 1537   13.40   13.0012  1  3NLUP53.14641812-2.0 6.2 4.2696914 2일반주행휴양불리 5   0 6 4     5 4 5⑤1:26.12     .913.538.113.6 -3  2  .00 5 8  3 1.1245436365310 4 8112 5 4.0510.02     8.6  8.1   42.0   78.6  165.0  .01511-3 3 2-3▽ -.838.90  .8312.6088.38 2.19 5.1610.26 0 2 4 2.56 6.7812.2311
20250906토 81200 9외344 1 4211 2강 2251흐림포화1611 2힐링헤이븐      SHAMAN GFORMBY          미암 5 0 0 1 2  319      82500혼O조현수이장운   011 5 3 439 2 2 228  0김효정47552.075평무상93 95 957535.055.028.31642 511 0 9 913 618 9 320221767 033↘↗선13.737.237.913.2469136.338.2 72.4 74.6 19 42 1238   13.50   13.40 2 -4  0NHDN53.34631814-2.2 7.4 5.2616114-2걸음늘어단기승부 5   0 5 4     5 5 6⑤1:12.41¼   .613.437.113.0  0  6  .00 5 5 -5  .6 6 729 661 8 1 3 52 4 4.01 8.02 2.3 3.6  6.7    6.9   16.8    5.5  .02750 0 5 4 0―  .237.90  .53 -.5075.56 8.6517.9328.31 81729 5.0414.7223.56 7
20250824일10140011외311 2 6212혼전 4451맑음건조 411 2힐링헤이븐      SHAMAN GFORMBY          미암 5 0 0 2 2  349      41250혼3조현수이장운   012 4 2 939 1 1 227  0김효정46952.077평무보37 33 333010.039.017.61642 511 0 9 913 618 9 320221760 040↘↗선13.737.338.913.2226536.138.5 84.9 86.9 16 40  836   13.80   13.80 5  8  0LH동53.64611812 -.8 7.2 6.4494914 0일반주행최적거리43기 0 9 1     1 1 1①1:24.92½  -.413.537.413.4 -9  2  .00 110  0  .0 1 520 292 9 2 8 91 310.01 9.03 1.9 7.9 32.0   22.8   75.0  106.9  .01747 0 3 4 0― -.738.20  .3210.6988.73 5.5611.0917.64 1 4 8 3.75 8.8913.49 9
20250720일10140011외323 4 7213혼전 4451맑음포화1611 2힐링헤이븐      SHAMAN GFORMBY          미암 5 0 0 2 3  43617:30 41250혼3조현수이장운   013 3 1 839 1 1 226  0조한별46752.063평무보79 78 783345.050.022.91267 6166710 913 4 0 9 312211860 040→↗입13.737.338.813.2167337.040.1 87.2 89.4 17 42  838   13.80   13.60 4 -3 -4UH동53.64611812-1.0 7.2 6.2575714 0숨은복병탐색우려68기 0 1 4     7 8 8⑧1:27.21¾  1.613.839.013.8 -2  0  .00 810  8 1.86243726933 9 3 3 50 1 2.0410.08     3.7  3.7   13.4   25.8    6.9  .02022-1 6 5-1▽ -.138.70  .2413.3088.66 5.2213.6822.89 61526 9.6216.1124.61 5
20250622일10140011외451 710214혼전 4451맑음다습1211 2힐링헤이븐      SHAMAN GFORMBY          미암 5 0 0 2 3  51617:30 33000혼4조현수이장운   014 210 739 1 1 125  0최범현46756.089평추보59 58 586159.069.049.4334427166710 91329 0 9 318321750 050↘↘입13.737.438.813.2107337.038.2 87.6 87.4 13 39  935   13.80   14.10 4 -5  0HL동53.04601812-2.4 9.0 6.6535314 0일반주행최적거리44기 0 4 2     2 1 1②1:27.6목    .013.838.313.6  0  8  .00 2 2 -2  .0 44112 790 9 1 6 21 2 5.02 8.04     7.0  8.3   14.6   36.8   14.1  .04886 3 8 9 3▲ 1.638.20 -.5011.2088.7320.3836.7849.3612264014.1428.4330.39 2
20250524토 71400 9외450 8 5215 1강 1151맑음다습1211 2힐링헤이븐      SHAMAN GFORMBY          미암 5 0 0 2 4  60816:05 33000혼4조현수이장운   015 1 9 639 1 1 124  0코지  45956.085평추보14 12 124534.065.052.7325619 6   7 913 0 0 9 323311950 050↗↘입13.737.538.713.2 77637.139.1 89.0 88.4 14 36  936   14.10   13.50 4 -1  4VBUP53.04601812-3.210.0 6.8525214 2가는대로최적거리51기 2 9 2     2 2 3⑤1:29.0½    .413.839.014.1  1-13  .00 5 4 -7 1.02647393570 8 1 6 21 1 5.08 3.06     4.0 13.4   99.7  213.6  154.4  .04281 4 7 8 4▲ 1.438.30 -.6012.1988.7319.5539.1752.72142946 4.7115.4819.58 7
20261004일11120011외3 4 2  2 0혼전 4451          11 3불타는심장      SOLOMINILADY OVE        미거 5 0 0   1    017:55 41250혼3송문길(주)나스-1 010 6 7 9 3 1 1 9  0이동하   52.591평입보50 56 565955.060.035.03254151839 9282930402628252419 067 0↗↘선13.937.538.013.32987                   25 38  038   13.90   12.50 5  2  0HH동53.34841612 -.6 5.4 4.8585812 0숨은복병보통주행64기 0 3                            13.9    12.5        .0                      11 4 8 4  3                                            12.73258 2 7 8 2▲  .838.00  .11     75.7812.0823.5934.96 9223510.0018.9229.06 7
20260830일101200 9외331 2 82 1혼전 4451흐림다습1111 3불타는심장      SOLOMINILADY OVE        미거 5 0 0 9 1   63      41250혼3송문길윤우환  99 1 9 5 6 9 2 1 1 8  0이동하48652.591기입보61 63 635657.058.037.83254151839 9281230 02628252419 099 0↗↘선13.937.538.113.3288337.337.8 73.4 75.6 29 43  029   13.70   14.00 7 -1  0UHDN53.84831612  .4 4.6 5.0525212-2신뢰마주기복전력34기 0 1 4     4 7 8④1:13.4¾    .313.936.712.5 -2 -2  .00 4 6  2  .9355516197010 6 8 40 2 1.04 5.02 1.8 3.5  1.8    8.6   13.0   32.512.73156 2 6 7 2―  .737.90 -.03  .0075.8412.3725.7637.80 8172911.3620.1030.39 5
20260712일101400 8외351 7 52 2 1강 1151맑음다습1011 3불타는심장      SOLOMINILADY OVE        미거 5 0 0 2 1  112      41250혼3송문길윤우환  99 2 8 4 2 9 1 1 1 7  0이동하48852.590기입적39 37 375779.065.057.13254151839 9281230 02628252419 099 0↗↘선13.937.438.813.1237336.939.8 87.2 88.6 33 50  033   14.00   12.90 5  1  0HHUP55.04781612 1.0 4.0 5.0545412 2일반주행신뢰마주44기 0 2 4     5 6 5④1:27.24     .713.739.214.0  0  0  .00 4 4 -6  .93336625362 7 1 5 22 1 7.02 7.01 2.8 4.3 18.6   30.0   80.2   47.3  .04884 3 8 9 3▲ 1.438.40 -.7112.3688.7320.8740.8857.1114294618.8735.1255.12 3
20260607일 9120011외333 2 82 3혼전 4451맑음양호 611 3불타는심장      SOLOMINILADY OVE        미거 5 0 0 1 1   82      41250혼3송문길윤우환  99 3 7 3 5 9 1 1 1 6  0이용호48852.566기입적52 56 565441.046.017.91652 61839 9281217312628191820 099 0→↘자13.937.638.013.1239137.738.3 75.2 76.3 40 60  060   14.20   14.0070 -5  1UN동55.04781612 1.8 2.2 4.0626212 0일반주행기복전력53기 1 1 6     6 910⑦1:15.21    1.314.037.812.9 -3 16  .00 710  5 1.3577231464110 3 8110 1 1.0611.10 2.6 5.8  2.6   10.6   16.0   46.9  .02053 0 4 4 0― -.238.10  .54  .7475.84 4.2210.4817.87 0 2 4 8.6215.7022.34 8
20250125토 9120011외353 1102 4혼전 4451맑음건조 311 3불타는심장      SOLOMINILADY OVE        미수 4     9 8 1414      41250혼3송문길(주)나스-1 4 6 2 4 9 1 1 1 0  0김용근47252.090우입하55 60 608262.055.026.93067 6325015282929442628312714 099 0→↘선14.037.737.913.0159738.838.1 75.9 77.3 50 75  075   14.50   13.8036  1  0NUDN55.04781612 1.5 1.5 3.0727212-4승군불리승부최상 5기 3 611    1110 9⑧1:15.93    1.914.637.813.4  3 -6  .00 8 5  4 2.1829725742511 3 6 60 1 2.07 1.10 2.3 5.4  5.1   46.2   71.7  278.912.74591 2 7 8 2▲  .538.30  .28 1.7075.84 7.5917.2026.87 51323 7.2017.1226.36 6
20240512일10160010외351 1102 5혼전 4441맑음다습1311 3불타는심장      SOLOMINILADY OVE        미수 3 0 1 2 9 1679      41250혼3송문길(주)나스-1 5 5 1 1 9 1 1 1 4  1임다빈47852.079우입적89 92 921574.053.023.42250142852 72829 0 02628142424 099 0↘→추13.937.039.713.1284536.439.7101.4103.6 50 75  050   13.90   12.80 7 -2 -3NUUP55.04781612 2.3 1.3 3.7646412 4승부최상우수능력 1기 0 5 8   8 8 8 8⑥1:41.4½   1.314.539.113.8  5  0  .01 6 1 -1 1.87146575638 8 8 3 60 1 4.03 1.06 2.9 6.4  6.8   16.5   32.0   58.310.53457 0 7 6 0―  .139.70 -.0326.89103.4 5.4813.7323.41 5132314.1724.7936.67 5
20240323토 9120011외442 4 42 6 3강 3358맑음양호 611 3불타는심장      SOLOMINILADY OVE        미수 3 0 0 210 1844      33000혼4송문길(주)나스-1 6 4 4 3 9 1 0 1 3  0장추열47855.091강추적58 60 608183.068.055.3295010275217282931362628202722      ↗↘입13.937.637.913.2258937.137.0 73.8 74.2 33 67  033   13.80   13.70 4  1 -1NHDN       1412 2.0 1.0 3.0767612-2교체실패승부최상 1기 0 7 5     4 4 1①1:13.81    -.213.936.812.8 -1 -5  .00 1 2  0  .0 339 3 291 5 1 2 32 3 2.01 7.03 1.9 3.9  4.6    3.9   10.8   15.011.25197 4 9 9 4☆ 1.737.40 -.47-1.2775.7822.6340.8755.2712264028.5752.2338.24 1
20240225일 4140012외440 5 92 7혼전 4453맑음불량2011 3불타는심장      SOLOMINILADY OVE        미수 3 0 1 910 192613:10 41250혼4송문길(주)나스-1 7 3 3 1 9 1 0 1 2  1조인권48356.072강추보96 99 997980.066.040.7214512275217282921 02628242513      ↗↘선13.837.538.512.8169337.239.9 88.7 90.0 50100  050   13.80   12.90 5  2  0NNUP       1412 1.0 1.0 2.0858512 2인기탐색승군시기 1기 1 6 5     6 6 5⑤1:28.72    1.313.839.213.7  3  2  .00 5 2  1 1.97755686941 8 4 1 42 1 6.03 1.10     5.1 12.2   31.8   90.8   31.610.53589 3 8 9 3▲ 1.338.60 -.1713.9788.5913.0028.2240.70 9223515.0025.6213.42 1
20240120토 4120012외410 6 62 8혼전 4465맑음포화1611 3불타는심장      SOLOMINILADY OVE        미수 3 0 1 211 202513:10 41250혼4송문길(주)나스-1 8 2 2 2 9 2 0 1 1  1장추열48156.092강추보96 25 2578  .073.050.22146 61840 5282931362628202722      ↘↗입14.137.838.012.6129937.338.2 75.5 75.4100100  0**   14.10   12.50 9 -4  1HN동       1212         2.0    12 0최빈거리최적거리 1기 1 4 7     8 8 6④1:15.53     .513.838.012.9  3  5  .00 4 1  0 1.0225327276611 8 9 13 2 3.0811.08     4.4  6.7  183.3  463.9 5660.810.64187 3 8 9 3▲ 1.837.60 -.49 -.4575.9524.4939.9250.17376072 8.8017.4626.92 4
20231118토 4120011외441 6 92 9 1강 1155맑음다습1411 3불타는심장      SOLOMINILADY OVE        미수 2     212 222313:10 41250혼4송문길(주)나스-1 9 1 1 1 9 1 0 0 0  0장추열47655.093평무보   25 2540  .067.064.93452141544 9282931362628202722      →↘입14.236.738.512.3    37.737.2 74.2 75.0              14.20   12.60        LN동       12 0                 0 0일반주행보통주행 1기 2 8 6     6 5 3②1:14.23     .014.136.912.5  1 -1  .00 2 1  0  .51370 51187 5 5 6 13 1 2.01 9.08     4.7  3.7    6.3   11.9    5.312.03271 2 7 8 2▲ 1.538.50 -.59 -.2175.6131.5353.1664.94375971 9.7319.3029.62 7
20261004일11120011외3 4 2  2 0혼전 4451          11 4댄싱위즈        KANTHAROSTEELY M 7316.00미수 5 0 0   1    017:55 41250혼3홍윤화최몽주   2 016111115 3 1 213  0권중석   56.066우입보50 63 6368  .043.015.31341 6245510231525 03927191818141457↘→선14.037.138.013.35493                   55 64 2764   13.60   12.7011 -5  0HNDN55.54711612-3.2 6.6 3.4686812-2부중효과부중효과78기 0 4                            13.6    12.7        .0                       8 2 510  4                                              .02747 0 5 5 0― -.638.00  .91     75.56 4.14 8.7915.25 2 51010.0019.8228.21 5
20260719일10140010외352 6102 1혼전 4451맑음다습1411 4댄싱위즈        KANTHAROSTEELY M 8131.00미수 5 0 0 2 1  174      41250혼3홍윤화최몽주   2 11510 215 2 1 213  0권중석  056.066평입보73 71 717852.059.031.41341 6245510231525 03927191818141457↘→선14.036.639.313.37753                   55 64 2764   14.20   12.70 6  5  1LNUP55.54711612-2.4 6.6 4.2616112 2부중효과부중효과 5   0 9                    취소    14.2    12.7     0  .07                      3 7 5 40 3 3.0110.06 3.5 6.6  4.5    6.7   14.4   21.3  .02765 1 7 6 1―  .839.30  .15     88.52 9.5420.1431.35 61224 8.9115.6725.66 6
20260607일 9120011외333 2 82 2혼전 4451맑음양호 611 4댄싱위즈        KANTHAROSTEELY M 7316.00미수 5 0 0 1 1  102      41250혼3홍윤화최몽주   2 214 91015 1 1 212  0권중석48055.066평입보52 54 546231.050.018.81341 6245510231525 03927191818171750↘→선14.036.938.313.5727637.737.5 74.4 75.5 60 60 3050   14.20   14.40 5 -3 -3HHDN55.64691612-2.4 6.6 4.2616112-4숨은복병부중효과67기 0 4 8     9 8 6③1:14.43     .514.237.012.7 -1 -4  .00 3 4 -5  .52872 91965 4 6 9103 2 1.0611.10 2.6 5.8  2.6   10.6   16.0   46.9  .02057 0 5 7 0―  .038.50  .73  .3475.61 5.0211.4818.78 2 714 3.45 9.0915.9611
20260503일 6160010외313 7 62 3혼전 4451흐림다습1011 4댄싱위즈        KANTHAROSTEELY M 8131.00미수 5 0 0 1 1   85      41250혼3홍윤화최몽주   2 313 8 115 1 1 211  0빅투아48458.091우입상87 90 901560.059.028.4305213245510231534253927222817171750→→선13.936.339.413.3646535.640.8101.3103.4 67 56 2256   14.20   13.60 5 -2  4NBUP55.64691612-2.0 6.0 4.0666612 2승부최상작전마주34조 0 7 9   9 5 5 4⑥1:41.32½  1.414.240.214.4 -3  6  .00 6 9  0 1.660 9766042 3 3 4 62 1 4.03 5.04 1.8 5.7  8.7   21.3   47.0  126.610.53480 0 7 7 0―  .639.40  .3027.66102.9 8.8217.2228.35 81729 8.5318.6025.17 7
20260329일10140011외351 5102 4혼전 4451맑음건조 311 4댄싱위즈        KANTHAROSTEELY M 8131.00미수 5 0 0 9 1   85      41250혼3홍윤화최몽주   2 412 7 215 1 1 110  0권중석47854.066우자하55 68 688867.058.031.31341 6245510231525 03927191818202040↘→선13.936.539.313.2835337.338.3 87.2 87.8 63 63 3850   14.00   13.10 4 -2 -3LUUP55.94681412 -.8 4.6 3.8686812 2부중효과승부최상49기 0 9 8     6 6 3②1:27.21½   .014.238.213.6 -7  7  .00 2 9  5  .3 960121484 210 5 63 1 2.09 1.09 3.9 6.5  4.6   63.2   84.0   65.512.74592 2 7 9 2▲  .739.20  .2211.9588.45 9.4620.8031.29 4111810.4020.4133.15 6
20260301일10120010외314 3 12 5혼전 4431맑음건조 311 4댄싱위즈        KANTHAROSTEELY M 7316.00미수 5 0 0 1 1   74      41250혼3홍윤화최몽주   2 511 6 915 5 1 1 9  0김효정47156.570우자보77 81 817861.052.019.81749 7245510231529 03927202217202040↗→선13.936.938.213.2728337.638.1 74.5 76.0 63 50 2550   13.80   13.10 4  4  1BN동55.94681412  .4 3.4 3.8737312 0부중효과부중효과65기 011 6     6 6 7⑦1:14.5목    .414.037.413.1  3  1  .05 7 4 -5  .64769243668 9 4 5 82 5 3.02 2.05 1.3 3.2  9.3   23.1   49.2  392.8  .02762-1 6 7-1▽ -.138.70  .76  .9175.56 4.3811.7719.77 41118 7.6218.0325.18 6
20260131토10120011외354 3102 6 3강 3351맑음건조 211 4댄싱위즈        KANTHAROSTEELY M 7316.00미수 5 0 0 9 1   54      41250혼3홍윤화최몽주   2 610 5 815 4 1 1 8  0김효정47055.570우입보76 88 888467.055.020.21749 7245510231529 03927202217252525↗→선13.936.938.213.2728537.237.6 73.6 75.1 71 57 4357   13.70   13.10 4  6  1NN동56.04671412  .4 3.4 3.8737312 0부중효과부중효과 5기 0 7 9     8 8 5③1:13.63     .613.837.213.1 -6 -6  .00 3 9  7  .61953121363 7 4 6 93 4 5.07 4.11 3.0 7.7  9.8   77.0  203.7  406.310.92772 0 6 6 0―  .338.40  .76  .0175.56 5.2212.1220.18 2 510 6.8114.3725.41 7
20260103토10120010외333 5 82 7 2강 2251흐림다습1311 4댄싱위즈        KANTHAROSTEELY M 7316.00미수 5 0 0 1 1   7517:25 41250혼3홍윤화최몽주   2 7 9 4 715 3 1 1 7  0김효정47654.570우자하46 51 518566.054.026.01749 7245510231529 03927202217252525↗→선13.836.838.213.1778937.138.1 74.0 75.3 67 67 3367   13.60   15.40 4 -9  0UHDN56.04671412  .4 3.2 3.6737312-2편성탐색부중효과48기 0 1 3     3 3 3③1:14.0½    .013.737.813.1  1 -5  .00 3 2 -2  .22548252384 4 5 4 62 3 1.03 4.06     4.9  2.0    6.6   10.1    8.2  .02980 0 6 8 0―  .438.50  .65  .3275.50 6.1115.5225.97 61224 7.1417.0430.00 6
20251206토11140011외342 2 92 8혼전 4451흐림양호 911 4댄싱위즈        KANTHAROSTEELY M 8131.00미수 4 0 0 1 1   7818:00 41250혼3홍윤화최몽주   2 8 8 3 115 2 1 1 6  0김효정48154.568강자보73 84 848873.063.044.11749 7245510231529 03927202217252525↗→선13.836.938.713.1579136.241.5 87.9 89.8 80 80 2080   14.00   14.10 5  3 -1BHUP56.04671412 -.6 3.4 2.8848412 2부중효과작전마주74기 110 3     3 1 3⑦1:27.95    1.713.640.615.4  3  5  .00 7 4 -2 2.07510928329 5 2 3 30 2 7.0611.04     5.8 12.2   60.0  140.1   96.1  .03582 3 8 9 3▲ 1.139.20  .0014.2188.3216.0030.8244.05 9223514.0030.4839.33 3
20251101토10120011외314 2 62 9혼전 4451맑음건조 511 4댄싱위즈        KANTHAROSTEELY M 7316.00미수 4     1 1  167      41250혼3홍윤화최몽주   2 9 7 2 615 1 1 1 0  0김효정47655.070강자하50 61 618257.053.023.91749 7245510231529 03927202217333333↗→선13.937.238.013.1509837.038.6 75.1 76.1100100 25**   13.90   13.0031 -4 -1NH동56.34641212 -.5 2.8 2.3898912 0일반주행부중효과46기 0 7 9     7 4 4⑤1:15.11¼   .614.038.914.1 -1  6  .00 5 6  3  .84938423263 8 1 4 50 1 1.02 9.11 2.3 6.9  2.3    8.5   13.5   15.312.73188 2 7 8 2▲  .338.40  .59  .9075.61 6.4814.6123.90 81729 8.0016.8821.83 6
20250323일11120011외344 1 9210혼전 4451맑음건조 411 4댄싱위즈        KANTHAROSTEELY M 7316.00미수 4 0 1 2 4  783      41250혼3박지헌최몽주   210 6 1 515 1 1 1 4  1장추열47056.093강자보97 99 999684.065.051.34369 51436 3202713172218202722333333↗↘입13.937.338.013.1439837.438.7 75.0 76.5100100 25**   13.80   13.2014  7 -1VN동56.34641212 -.3 3.0 2.7858512 0전개최상전개최상 1기 111 6     6 7 4⑥1:15.01¼   .413.938.413.8  3 -2  .02 6 3  1 1.3636047526611 3 1 10 1 4.02 4.07 3.3 6.2  7.4    9.7   22.7   27.610.55996 3 9 9 3★ 1.338.40 -.24 1.2175.6720.8939.4851.2834536519.1936.7149.69 1
20241214토 9120011외420 4 7211 3강 3359맑음양호 811 4댄싱위즈        KANTHAROSTEELY M 7316.00미수 3 0 0 2 6 107917:00 33000혼4박지헌최몽주   211 5 5 415 2 0 1 3  0문세영47257.093강입보93 96 969789.071.060.74049301233 0202739432218293615 05050→→입13.937.238.013.1479836.837.3 73.9 74.3100100 33**   14.00   13.30 6 -6  0HL동56.04601212 -.5 3.0 2.5858512 0전개최상전개최상 1기 1 4 2     2 2 1①1:13.96   -1.113.837.213.2 -1  5  .00 1 2 -1  .0 323 6 295 3 2 1 11 2 2.05 4.11     3.2  2.6   15.8   23.8   20.7  .05996 4 9 9 4☆ 1.937.80 -.47 -.8775.6127.5546.6260.7018405433.7052.3636.60 1
20241103일 8120010외442 1 9212 2강 2251맑음양호 711 4댄싱위즈        KANTHAROSTEELY M 7316.00미수 3     1 6 119816:30 33000혼4박지헌최몽주   212 4 4 315 1 0 1 0  0문세영46757.093강입보97 97 9795  .071.075.64049301233 0202739432218293615 0 099→→입13.637.438.012.9239837.537.5 74.2 75.4100100 50**   13.60   12.7026  1  1VB동55.04531212-2.0 5.0 3.0858512 0전개최상전개최상 1관 010 7     6 3 4③1:14.2목    .014.037.213.3  0  1  .00 3 3     .72464101680 6 2 1 12 1 1.04 7.04     4.4  2.2    9.6   14.3   12.5  .05597 4 9 9 4☆ 1.938.00-1.01  .0175.7235.7959.6075.6037607218.9735.2092.93 3
20240428일 9120011외453 3 5213혼전 4459맑음양호 911 4댄싱위즈        KANTHAROSTEELY M 7316.00미수 3 0 1 9 9 172317:00 33000혼4이희영최몽주   213 3 3 215 2 0 1 2  1이혁    056.092강입보96 35 3595  .073.061.83758113042211844241613 0282118 0 099↗↘선13.636.738.012.98798                  100100 50**   13.60   12.90 5  6  2BL동55.04531212         2.0    12 0승부최상전개최상 1기 1 9                    취소    13.6    12.9     0  .07                      4 2 9 10 2 1.04 8.11     4.8  2.2    5.5    7.8    6.710.64291 4 8 9 4▲ 1.938.00 -.22     75.3329.0848.9261.7934536513.9226.5158.00 4
20240323토 9120011외442 4 4214 3강 3358맑음양호 611 4댄싱위즈        KANTHAROSTEELY M 7316.00미수 3     210 184417:00 33000혼4이희영최몽주   214 2 2 215 1 0 0 0  0이혁  46654.090강추보93 35 3588  .073.060.02031 62329 81844241613 0282118 0 099↘↗선14.838.138.012.8 79836.537.8 74.0 74.4100100  0**   14.80   12.7018 -3 -1UU동55.04531212         3.0    12 0뒷심문제승부최상 1기 0 3 3     3 3 2②1:14.01     .013.637.612.9  1 13  .00 2 1 -4  .2 41117 38210 211 22 1 2.01 7.03     3.9  4.6    3.9   10.8   15.0  .04899 3 8 9 3▲ 1.837.00 -.95-1.6776.1226.6746.5160.0219375414.2928.0385.29 3
20231118토 3120010외441 4 4215 1강 1155맑음다습1411 4댄싱위즈        KANTHAROSTEELY M 7316.00미수 2     212 222411:50 41250혼4송문길최몽주   215 1 1 115 1 0 0 0  0다실바45355.088평무보   35 3540  .060.036.82750 01544 92814 0 02628212713      ↗↘선15.136.738.512.5    37.837.5 74.1 75.2              15.10   12.80        LN동       12 0                 0 0일반주행작전마주 1기 1 610     8 7 6③1:14.1½    .014.837.112.7 -2  3  .00 3 5  0  .51877102477 1 1 1 33 1 6.02 3.01     3.2 21.6   48.3  172.3  185.712.03173 2 7 7 2△ 1.038.60  .22 -.0175.6111.7923.8736.79 7172811.1122.2233.33 5
20261004일11120011국3 4 2  4 0혼전 4451          11 5라온스필레타    미스터크한반도정 8316.00한거 4 0 0   1    017:55 41250혼3이강서손천수   1 016 51616 4 4 216  0조상범   52.558우선상50 75 758758.057.029.3 928 64981293650 02744291321167822 0↗→입13.636.539.014.19637                   55 64 6418   13.40   13.50 4 -1 -5NH동54.74741312-4.4 6.2 1.8878712 0전개최상마방선전32관 0 5                            13.4    13.5        .0                       310 1 5  4                                              .03475 1 7 8 1△  .539.00  .28     75.78 9.1619.8529.28 81729 9.0919.8229.06 6
20260905토10120011국523 2 24 1혼전 4451맑음양호 711 5라온스필레타    미스터크한반도정 8316.00한거 4 0 0 1 1   53      33000혼4이강서손천수   1 115 41516 3 3 215  0조상범47457.558우도적64 73 739870.067.054.9 928 64981293650 02744291321167525 0↗→입13.536.539.014.1934136.338.4 74.0 75.0 50 60 6020   13.40   13.80 3  0  0NL동54.44741312-3.6 5.6 2.0858512 0전개최상전개최상46관 0 6 2     2 2 2①1:14.01½  -.213.438.313.5 -4 -4  .00 1 5  1  .015 9351090 1 8 4 11 3 5.01 6.07 1.8 2.1 19.3   10.2   41.0   48.5  .06297 4 9 9 4☆ 1.838.70 -.47 -.5475.7827.2644.5354.9020435818.1830.7740.40 3
20260817월10120011국554 5104 2혼전 4451흐림다습1311 5라온스필레타    미스터크한반도정 8316.00한거 4 0 0 2 1   42      33000국5이강서손천수   1 214 31416 2 3 214  0조상범47857.558우도적79 87 879370.065.035.6 928 64981293650 02744291321167525 0↗→입13.636.539.114.2943436.439.9 75.0 76.3 50 60 6020   13.20   14.10 5 -5  2NB동54.44741312-3.2 5.6 2.4838312 0마방연대전개최상 5   0 6 2     2 3 5⑨1:15.0목    .813.439.013.8  5  2  .06 9 4 -6 1.86012805856 2 8 4 41 2 1.02 4.01 3.2 6.2  3.2    6.2   11.8   10.0  .04893 4 8 9 4▲ 1.539.20  .02  .7475.8411.5124.3935.61 8213413.0123.1431.75 5
20260712일 6120011국454 4104 3 3강 3351맑음다습1011 5라온스필레타    미스터크한반도정 8316.00한거 4 0 0 2 1   65      33000국4이강서손천수   1 313 21316 1 3 113  0조상범47656.058우도적38 44 448845.055.025.4 928 64981293650 02744291321168614 0↗→입13.636.639.014.2923435.839.7 73.9 75.7 44 44 4433   13.50   14.80 6 10  2VL동54.14741312-3.2 5.6 2.4838312 0전개최상마방연대56조 111 3     3 3 1②1:13.9½    .013.239.014.1 -8 -2  .00 210  7  .134 1752882 4 8 9 72 1 3.10 8.11 2.8 5.8  7.3  217.9  478.4  227.111.83488 2 7 8 2▲  .638.90  .34  .1175.84 7.9015.1725.35 41118 6.0611.4118.14 7
20260530토10120011국454 4 54 4혼전 4451맑음양호 711 5라온스필레타    미스터크한반도정 8316.00한거 4 0 0 9 1  111      33000국4박종곤손천수   1 412 11216 1 3 112  0우인철47854.075우도하72 86 869763.063.035.4204810355021283127 028101128238614 0↗↘입13.636.638.914.1904937.340.8 77.8 78.1 44 56 5611   13.30   14.90 9 -6 -3UHDN54.14741312-3.0 4.8 1.8909012-1전개최상전개최상43기 0 1 3     7 610⑪1:17.84    2.613.541.014.8  8 -2  .0911 3 -3 3.09150919015 3 6 4 40 1 1.0411.10 3.1 4.4  3.1   13.0   15.1    9.312.74295 2 8 9 2▲ 1.039.60  .11 2.5775.7811.7523.4235.35 9223510.0023.2634.55 4
20260329일 6130011국542 5 94 5 1강 1151맑음건조 311 5라온스필레타    미스터크한반도정 1630.00한거 4 0 0 9 1  169      33000국5박종곤손천수   1 511 8 116 4 3 111  0김성현48056.558우도하 8 29 299337.061.038.61440 93550212831213228101623198317 0↗↘입13.536.739.614.2933736.140.8 82.8 83.4 50 63 6313   13.40   15.60 6  0  2NBUP53.84731312-3.0 4.8 1.8909012 1탐색주행전개최상44기 0 7 1     1 1 1④1:22.82     .613.341.014.9 -2  3  .00 4 6  4  .755 1874962 1 9 7 21 5 3.05 3.09 2.6 4.4  5.9   29.8   76.8   93.312.04283 2 7 9 2▲ 1.240.40  .06 7.0582.8414.8627.4238.63142944 4.6714.6827.45 5
20260215일 8120011국554 5104 6혼전 4451맑음건조 311 5라온스필레타    미스터크한반도정 8316.00한거 4 0 0 2 1   97      33000국5박종곤손천수   1 610 71116 3 3 110  0김성현47755.060우도적94 98 988978.068.036.11440 93550212831213228101623198317 0↗↘입13.636.738.914.1834136.242.1 77.6 78.3 50 63 6313   13.30   13.50 6  6  4NN동53.84731212-2.0 4.6 2.6848412 0승부최상마방선전82기 1 7 2     2 3 8⑩1:17.66    3.113.441.715.6  8  4  .0610 2 -5 3.393 6979211 3 8 1 21 4 4.07 5.04 3.710.7  6.1   26.9   54.1   79.810.54190 3 9 9 3★ 1.439.60  .02 2.6975.8412.7025.3936.1412264014.0526.8940.61 2
20260104일 9120011국553 5104 7혼전 4451맑음다습1211 5라온스필레타    미스터크한반도정 8316.00한거 4 0 0 1 1  107      33000국5박종곤손천수   1 7 9 61016 2 2 1 9  0김성현47351.560우선적90 95 959076.067.046.81440 93550212831213228101623198020 0↗↘입13.636.838.714.1725736.537.9 74.0 74.3 43 57 2929   13.50   13.80 6 -4 -2UU동54.24731212-2.0 4.6 2.6848412 0마방연대승부최상 5기 0 1 1     1 1 1①1:14.02    -.413.338.213.5 -6  0  .00 1 7  4  .0 41418 495 4 6 1 21 3 7.01 1.03 3.3 8.7 10.4   22.2   44.6   34.210.54593 3 9 9 3★ 1.438.20 -.24-1.2575.7817.9734.4946.7812264016.3631.5837.60 2
20251123일 6120010국524 3 74 8혼전 4451맑음건조 311 5라온스필레타    미스터크한반도정 8316.00한거 3 0 0 2 1  11614:25 24750국5박종곤손천수   1 8 8 5 916 1 1 1 8  0김성현47353.060우선적70 73 738450.058.038.31440 93550212831213228101623197525 0↗↘입13.636.839.014.1774136.738.1 74.7 75.0 33 50 3317   13.30   13.60 8 -3 -2NU동54.54731212-2.2 5.4 3.2787812 0연대우수마방연대50기 1 5 1     1 1 1①1:14.71½  -.313.538.513.8 -2  2  .00 1 3 -1  .01523261291 4 6 5 31 2 3.10 5.08     3.3  9.8  316.6  614.6 1014.4  .03278 0 7 8 0―  .538.50 -.15 -.7775.9512.5226.8838.3312264013.2428.1936.73 4
20250928일 5120011국553 2104 9혼전 4451흐림불량2011 5라온스필레타    미스터크한반도정 8316.00한거 3 0 0 9 2  249      24750국5박종곤손천수   1 9 7 4 816 3 1 1 7  0조재로47154.586기도적75 83 837961.069.032.72443 73153182831455028101926227525 0→→입13.636.839.114.0723736.339.0 73.7 75.9 33 50 5017   13.40   13.40 6  0  1NN동54.54731212-2.2 7.0 4.8626212 0연대우수연대우수72기 1 8 3     3 3 5⑨1:13.7¾    .913.338.413.6  5 -6  .09 9 4  2 1.142 7562251 5 8 5 50 3 2.07 5.06 3.3 7.6  4.3   25.7   39.1   41.3  .03773 1 8 8 1▲ 1.338.70 -.06  .0076.00 9.2121.5032.74193754 6.6117.4329.01 6
20250816토 4120011국552 710410혼전 4451맑음다습1211 5라온스필레타    미스터크한반도정 8316.00한거 3 0 0 2 2  385      24750국5박종곤손천수   110 6 3 716 2 1 0 6  0조재로47753.586기입적54 66 667263.069.046.72443 73153182831455028101926226733 0→→입13.736.939.014.0644136.638.6 75.4 75.3 20 40 4020   13.30   14.60 7  0  0NH동54.84721212-1.3 6.3 5.0595912 0전개선전연대우수39기 0 8 1     1 1 1②1:15.4코    .013.438.613.4  0  1  .00 2 2 -8  .02118442188 3 8 5 11 2 3.02 6.08 2.3 7.6  9.0   24.9   60.5   67.1  .03776 3 8 9 3▲ 1.438.40 -.46 -.6076.0019.6935.7846.7134536512.0526.1837.26 1
20250628토 4120011국554 610411 3강 3351흐림다습1111 5라온스필레타    미스터크한반도정 8316.00한거 3 0 0 9 3  51113:45 24750국5박종곤손천수   111 5 2 616 1 1 0 5  0조재로47653.587기입적33 31 315153.062.034.72744162346 52831455028101926225050 0↘→입13.737.039.214.0633036.140.1 75.4 76.4 25 50 2525   13.70   15.0011 -2  0NH동55.54701212-1.3 7.7 6.3464612 0교체실패기복전력40기 0 8 3     2 2 2④1:15.41½   .213.339.714.6 -6  8  .00 410  4  .658 4835374 7 911 41 1 1.02 4.11     6.2  2.7    6.2   12.8   23.411.82982 2 7 8 2▲  .938.70 -.28  .1576.1712.8423.7234.70 92235 7.8317.5430.36 5
20250412토 5120011국513 5 1412 1강 1151흐림양호 711 5라온스필레타    미스터크한반도정 8316.00한거 3 0 0 2 4  73616:45 24750국5박종곤손천수   112 4 1 516 1 1 0 4  0김정준46853.572기입상73 74 745359.053.024.8153311161312283110 028101320265050 0→→추13.737.039.214.0622736.040.7 77.2 76.7 25 50 2525   13.70   13.20 7  2 -3LH동55.54701212-1.5 8.5 7.0363612 0교체성공기복전력 1기 110 3     1 2 4⑩1:17.2¾   1.813.741.115.0  4  0  .0210 6  4 1.969 2916928 5 9 4 51 1 1.02 7.06     2.6  1.5    2.6    3.4    7.5  .03050 0 5 5 0―  .338.80  .00  .5276.17 7.1815.8724.8410203310.8522.0532.87 4
20250223일 1120011국640 8 4413 2강 2249맑음건조 311 5라온스필레타    미스터크한반도정 8316.00한거 3 0 0 9 5  87710:35 16500국6박종곤손천수   113 3 4 416 1 0 0 3  0송재철46856.073하입보24 24 246181.061.061.41856 51338 6283127332810192520 099 0↗↘입13.937.339.914.0381337.237.6 76.8 74.8  0 33 33 0   13.90   14.20 7 -1  3NL동55.04711212  .010.010.0 5 512 0마방연대신저혈통 1기 0 8 1     1 1 1①1:16.86   -1.013.738.713.2 -1 -8  .00 1 2 -4  .0 947111097 5 7 3 21 1 2.05 8.05     3.2  3.8   28.2   48.2   72.1  .03066-2 7 6-2▽  .537.90-1.59-2.4076.7325.9647.1061.4034536523.1642.3622.75 1
20250104토 2120011국653 410414 3강 3351맑음건조 311 5라온스필레타    미스터크한반도정 8316.00한거 3 0 0 1 6 101911:00 16500국6박종곤손천수   114 2 3 316 1 0 0 2  0김성현47653.058우입적90 35 3579  .066.036.0147510336313283121322810162319 099 0→↘입13.836.639.514.1904137.039.0 76.6 76.1  0 50 50 0   13.60   14.30 5  4 -2NU동55.04711212         4.0    12 0뒷심부족마방연대 1기 0 9 5     5 5 5⑤1:16.6½    .513.939.814.2 -1  5  .00 5 6 -1 1.15034584763 4 710 42 1 1.0710.03     7.0  3.7   40.5   63.7   52.211.83186 2 7 9 2▲ 1.139.00 -.26  .0476.1210.4822.6136.03 81729 8.1516.6754.33 8
20241130토 3120011국651 610415 1강 1159흐림포화1811 5라온스필레타    미스터크한반도정 8316.00한거 2 0 0 9 6 112812:05 16500국6박종곤손천수   115 1 2 216 1 0 0 1  0김아현47155.057하무보 5 35 35 9  .029.0 9.5 999 0336313283127302810152013      →→입14.137.740.214.720 236.439.0 75.3 75.4  0  0  0 0   14.10   15.0011 -4  0NH동       1212        10.0    12 0마방기습거리난점 1기 1 5 2     3 2 2④1:15.31¼   .513.639.414.3 -3-14  .00 4 7 -3  .62210552565 6 911 82 1 2.05 6.08     6.2  3.8   10.4   17.5   12.9  .03110-4 2 1-4▼-1.737.60 -.51-2.5577.12 1.19 4.68 9.50 2 71413.1025.0056.07 4
20261004일11120011국3 4 2  2 0혼전 4451          11 6글로벌서브      투아너앤글로벌퀸 6229.00한거 4 0 0   1    017:55 41250혼3정호익장재형   2 016 22026 8 3 326  0코지     54.088평선보50 61 619356.065.040.33359192133 82415151823132331194555 0↗↘입13.736.539.014.19237                   33 43 7610   13.60   13.30 3 -3  0NH동55.54861612-2.0 5.2 3.2717113 0부중유리전개최상52기 0 6                            13.6    13.3        .0                       2 9 7 1  9                                            12.74284 2 7 8 2▲ 1.139.00 -.04     75.7815.8328.4740.30193754 6.3617.1228.21 9
20260912토 9120010국354 1102 1 1강 1151맑음건조 311 6글로벌서브      투아너앤글로벌퀸 6229.00한거 4 0 0 2 1   34      41250국3정호익장재형   2 115 11926 7 3 325  0코지  49854.088평도상88 71 718766.061.036.63359192133 82415151823132331194555 0↗↘입13.636.539.114.1923436.538.3 73.2 75.3 35 40 7510   13.20   13.60 3  2 -3BH동55.54861612-3.0 6.2 3.2676713 0부중효과마번불리38기 0 9 1     1 1 2③1:13.2½    .113.637.513.3  1  0  .00 3 2 -2  .22516311275 110 5 41 8 4.05 2.04 3.5 6.9  6.2   14.3   27.4   20.8  .02767 1 7 7 1―  .838.80 -.01 -.3075.8411.4524.0236.61122640 8.0018.8530.49 5
20260823일 7120010국454 2102 2혼전 4451맑음포화1511 6글로벌서브      투아너앤글로벌퀸 6229.00한거 4 0 0 2 1   44      33000국4정호익장재형   2 214 11826 6 2 324  0코지  49857.088평입보59 66 667946.059.035.03359192133 82415151823132331194060 0↗↘입13.636.539.214.1902736.338.4 72.7 74.9 32 37 7911   13.20   14.00 4  3 -1NN동55.44851612-3.2 6.6 3.4676713 0전개최상부중효과52기 1 7 2     2 1 1①1:12.7½    .013.237.413.6 -3 -2  .00 1 4  0  .0141034 979 210 7 31 7 4.02 7.01 3.7 7.6  7.4   13.8   31.0   26.1  .03460 0 6 6 0―  .638.70  .00 -.8075.8912.6823.1035.03193754 9.3816.3525.00 7
20260725토 7120011국514 3 62 3 3강 3351맑음다습1011 6글로벌서브      투아너앤글로벌퀸 6229.00한거 4 0 0 9 1   65      33000국5정호익장재형   2 313 41726 5 2 323  0코지  50057.588평도상61 66 669778.072.056.73359192133 82415151823132331194456 0↗↘입13.636.539.214.1922536.439.4 74.2 76.0 33 39 7211   13.60   13.80 4 -6  0HL동55.14831612-3.0 6.6 3.6646413 0전개최상전개최상50기 0 4 2     3 3 2④1:14.22½   .413.238.614.0  0  5  .00 4 4 -5  .94713674267 1 9 2 22 6 1.0811.06 1.3 3.5  1.3    8.3    9.1   23.412.24292 4 9 9 4☆ 1.839.00 -.64  .2775.8924.6343.2256.6537557017.7132.8244.41 2
20260627토 6120011국454 2102 4혼전 4451맑음건조 411 6글로벌서브      투아너앤글로벌퀸 6229.00한거 4 0 0 9 1   75      33000국4정호익장재형   2 412 31626 4 2 322  0코지  49557.588평도상48 53 539356.066.039.63359192133 82415151823132331195050 0↗↘입13.636.539.414.1941736.739.1 74.1 76.0 35 41 7112   13.50   14.20 4  6  0BL동54.84811612-1.2 6.0 4.8525213 0전개최상전개최상67기 010 3     3 4 3④1:14.1½    .513.638.013.8 -5  9  .00 4 9  2  .54722604065 111 9 32 5 5.02 1.04 2.3 5.4 11.6   22.4   55.0  105.1  .04279 3 7 8 3▲ 1.339.10 -.26  .1176.0013.5628.4639.57345365 5.6015.2026.19 8
20260530토10120011국454 3 52 5혼전 4451맑음양호 711 6글로벌서브      투아너앤글로벌퀸 6229.00한거 4 0 0 9 1   51      33000국4정호익장재형   2 511 21526 3 2 321  0코지  48657.588평도하25 24 249651.065.043.53359192133 82415151823132331195050 0↗↘입13.636.539.314.1952236.839.3 76.1 76.1 31 44 63 6   13.60   15.70 3 -1 -1HN동54.84811612 -.4 4.8 4.4585813 0부중효과전개최상34기 0 4 4     4 5 4④1:16.12     .913.539.714.2 -3 -6  .00 4 7  4 1.35224685155 111 9 32 4 1.0411.10 3.1 4.4  3.1   13.0   15.1    9.3  .04288 3 7 8 3▲ 1.339.10 -.29  .3175.9513.9330.9143.47122640 9.0020.4730.00 5
20260510일 9120011국434 5 82 6혼전 4451맑음건조 511 6글로벌서브      투아너앤글로벌퀸 6229.00한거 4 0 0 2 1   42      33000국4정호익장재형   2 610 11426 2 2 320  0코지  49258.088평도하50 42 429057.059.030.53359192133 82415151823132331195050 0↗↘입13.636.539.414.1961536.042.0 77.6 78.0 38 44 69 6   13.50   13.70 3 -4  1NB동54.84811612  .8 4.0 4.8545413 0선입실패부중효과40기 0 5 3     2 2 6⑧1:17.64    2.613.641.815.7  5  5  .09 8 3 -4 2.691 3979116 211 8 51 3 5.01 3.06 2.3 3.9 19.3   16.5   66.6   65.6  .02973 0 6 6 0―  .639.70  .03 2.1276.0010.2019.0530.48 8172910.8720.1030.29 5
20260418토 7120011국534 4 82 7 3강 3351맑음건조 511 6글로벌서브      투아너앤글로벌퀸 6229.00한거 4 0 0 2 1   56      33000국5정호익장재형   2 7 9 61326 1 2 319  0코지  48757.588평도하26 30 307841.058.025.73359192133 82415151823132331195743 0↗↘입13.636.539.414.2951536.639.0 74.7 75.8 40 47 67 7   14.90   14.00 4  3  4BB동54.44811612  .8 4.0 4.8545413 0부중효과마번불리63기 0 9 3     4 3 3③1:14.74     .813.538.713.7 -4 -6  .00 3 7  3  .84118583556 2 7 9 72 2 1.04 6.01 2.4 4.5  2.4   10.9   14.4   91.110.92771 1 5 6 1―  .639.00  .14 -.1376.00 7.0615.0925.71 41118 7.3514.6222.28 7
20260321토 7120011국414 6 62 8 1강 1151맑음건조 511 6글로벌서브      투아너앤글로벌퀸 6229.00한거 4 0 0 2 1   78      33000국4정호익장재형   2 8 8 51226 3 2 318  0조성환49353.554평선보61 70 709079.059.034.4 718 62133 82415 4 02313 917205743 0↘→추13.636.539.314.2942237.639.3 76.8 77.0 47 47 60 7   13.50   14.10 3  1  0NH동54.44811612 1.4 3.2 4.6545413 0전개최상부중효과36기 0 611     9 8 8⑧1:16.8¾   1.814.939.214.0  4  9  .05 8 4 -2 2.17770657331 211 4 40 3 1.03 1.02 1.5 4.3  1.5    4.3    6.0   14.9  .03474 0 6 6 0―  .639.40 -.03 1.2375.9511.1821.7034.36 9223513.8926.2834.90 3
20260228토11120011국454 5 52 9 3강 3351맑음건조 311 6글로벌서브      투아너앤글로벌퀸 6229.00한거 4 0 0 9 1   63      33000국4정호익장재형   2 9 7 41126 2 2 217  0조성환48453.554평도보56 52 529379.064.047.6 718 62133 82415 4 02313 917205743 0↘→추13.636.539.214.1952536.539.2 75.1 75.8 36 50 64 7   13.50   14.40 5  0 -1NH동54.44811612 1.4 3.2 4.6545413 0일반주행전개최상70기 1 5 2     2 2 3②1:15.111    .013.538.914.1 -4-10  .00 2 6  2 1.93814633781 110 8 21 2 1.06 1.05 2.1 4.8  2.1   18.5   25.8   27.5  .05591 4 8 8 4▲ 1.439.00 -.38  .0575.8918.6435.6047.6212264018.0233.0346.02 2
20260124토10120011국423 4 2210 1강 1151맑음건조 311 6글로벌서브      투아너앤글로벌퀸 6229.00한거 4 0 0 2 1   75      33000국4정호익장재형   210 6 31026 1 2 216  0조성환49454.054기도적27 18 188834.045.023.4 718 62133 82415 4 02313 917205743 0↘→추13.636.539.214.1952536.539.4 75.1 75.9 38 46 8515   13.30   15.50 5  4 -4NHDN54.44811612  .8 3.4 4.2575713-2전개최상기복전력 5기 0 5 3     2 3 4⑤1:15.12½   .913.539.314.4  1 -2  .00 5 4 -2 1.64515684455 211 8 71 1 1.05 3.02 1.7 2.2  1.7    8.8   12.3   20.4  .03461 1 5 5 1―  .039.00  .34  .1775.89 5.6714.0923.41 2 716 3.2010.7019.64 7
20251221일 7140011국454 410211혼전 4451맑음다습1311 6글로벌서브      투아너앤글로벌퀸 5932.00한거 3 0 0 2 1   9015:15 33000국4정호익장재형   211 5 2 226 1 2 215  0코지  49657.587우도하35 29 299861.063.036.33359192133 82415151823132331195743 0↗↘입13.636.340.014.2941736.042.6 88.7 90.9 42 50 7517   13.30   16.40 8 -8  0UL동54.44811612 -.2 2.6 2.4757513 0승군불리전개최상65기 0 1 1     1 1 6⑩1:28.73    3.213.341.715.5  4 -7  .0010 6  4 3.591 69792 9 111 8 41 1 4.0910.09     8.6  8.1   76.8  137.7  107.812.74291 2 8 9 2▲ 1.040.00 -.2314.5688.8013.1624.6136.31 92235 8.8921.5433.12 4
20251025토 8140011국453 410212혼전 4451맑음건조 511 6글로벌서브      투아너앤글로벌퀸 5932.00한거 3 0 0 9 1  191      33000국4정호익장재형   212 4 1 126 2 2 214  0마이아50357.593우도보90 84 848977.062.034.93453132133 82415411823133533 75743 0↘↗선13.736.339.914.1912535.943.3 91.3 91.6 33 50 5825   13.20   13.90 4  7  1BBDN54.44811612 -.6 3.2 2.6757513-2승부최상마번불리37기 0 9 1     1 2 9⑪1:31.311   3.513.343.416.4  9  6  .0111 2  1 3.594 39896 8 111 6 41 3 5.01 5.06 3.0 7.5  8.6   12.4   30.2   69.7  .03472 1 8 7 1▲  .840.20 -.1315.3888.7311.1022.8734.9112264014.8826.0937.10 2
20250928일 61600 9국542 2 9213 1강 1151흐림불량2011 6글로벌서브      투아너앤글로벌퀸 5932.00한거 3 0 0 9 2  248      33000혼4정호익장재형   213 3 5 226 1 2 113  0마이아49757.093평입하67 63 631580.073.058.24063102448 62415411823133533 75743 0→↘선13.735.940.814.1881235.639.8 99.0101.5 36 45 5527   13.60   14.70 4 -5  1UB동54.44811612 -.8 3.4 2.6797913 0연대우수승부최상37기 0 2 1   1 1 1 2②1:39.03     .013.239.213.9  1 10  .00 2 1 -2  .610 8583075 1 9 5 11 2 8.01 7.02 1.7 4.3 43.7   19.4  117.0   70.712.04592 2 8 9 2▲ 1.940.80 -.8624.80103.425.9845.0158.2337597119.0932.4343.11 2
20250830토 8160010국452 310214혼전 4451맑음포화1811 6글로벌서브      투아너앤글로벌퀸 5932.00한거 3 0 0 9 2  34019:10 33000국4정호익장재형   214 2 4 126 3 2 112  0조인권48756.071우도상91 90 901579.066.052.51738112448 62415223823132425135743 0↘→선13.735.940.013.9874935.741.3101.1103.0 40 50 5030   13.50   13.20 5  1  3NLUP54.44811612 -.6 3.6 3.0777713 3전개최상연대우수57기 1 7 3   3 3 3 3⑤1:41.1½   1.513.640.414.7  2  3  .00 5 3  1 2.15412867933 1 7 1 22 3 6.05 2.06     6.5 15.4   43.3  119.3   29.310.54179 3 9 9 3★ 1.440.00 -.3527.05103.020.5439.3152.4712264023.5339.1354.93 1
20250727일 8130011국452 210215혼전 4451맑음건조 311 6글로벌서브      투아너앤글로벌퀸 5932.00한거 3 0 0 9 3  41814:30 33000국4정호익장재형   215 1 3 226 2 1 111  0조인권48453.568평입상79 82 829280.069.053.41729 82256102415223823132425135050 0→↘선13.736.739.513.9956137.038.1 80.6 81.7 33 44 5622   13.50   14.20 5  3 -1NHUP54.64801312  .0 3.0 3.0787813 1부중효과전개최상44기 0 6 1     1 1 1①1:20.6목    .013.537.713.2 -1 11  .00 1 2 -3  .0 52012 376 1 8 2 21 2 2.10 6.10    12.3  4.8   80.5  125.2  115.6  .04292 3 9 9 3★ 1.540.10 -.27 5.5082.7821.6340.3753.3519375426.5844.1754.14 1
20261004일11120011국4 4 2  4 0혼전 4451          11 7크레이지망고    레볼루셔달려라레 2327.00한수 4 0 0   1    017:55 41250혼3신삼영서창식   2 016 21316 3 3 114  0김태희   51.062기선보50 51 518867.056.029.01146 71458 3 812131311 315241699 0 0↘→입13.636.439.314.19625                   45 45 73 9   13.30   13.30 6  2  0BU동53.14921312 1.8 3.8 5.6555512 0전개최상마번불리68기 0 7                            13.3    13.3        .0                       111 9 6 14                                              .03475 1 6 6 1―  .539.30  .17     75.89 9.0419.6528.98 5132311.8222.5235.04 2
20260822토10120011국314 4 64 1 3강 3351흐림불량2011 7크레이지망고    레볼루셔달려라레 2327.00한수 4 0 0 2 1   93      41250국3신삼영서창식   2 115 11216 2 3 113  0김태희49751.062기도적22 20 209135.045.020.91146 71458 3 812131311 315241699 0 0↘→입13.636.439.514.1972236.738.3 72.9 74.6 40 40 8010   13.10   16.60 6  2 -7NU동53.84901312  .6 4.6 5.2595912 0전개최상전개최상 5   0 5 1     1 1 1③1:12.9½    .113.337.213.3  0  7  .00 3 3 -4  .1 925321776 11111 6113 1.0211.04 2.0 6.3  2.0    8.0   10.3   19.712.24267 0 5 5 0― -.238.70  .29-1.2976.00 4.1411.7620.90 41121 5.9416.6725.08 6
20260712일 6120011국454 5104 2 3강 3351맑음다습1011 7크레이지망고    레볼루셔달려라레 2327.00한수 4 0 0 2 1   96      33000국4신삼영서창식   2 214 41116 1 3 112  0김태희49057.562우도적31 30 309720.043.013.41146 71458 3 812131311 315241699 0 0↘→입13.636.439.514.1971935.542.9 77.0 78.5 44 44 7811   13.50   16.30 5 -8  3HB동53.84901312-1.6 5.2 3.6717112 0전개최상전개최상 5   0 3 1     1 1 3⑪1:17.01½  3.113.142.216.6  4 -4  .0011 7  1 3.294 0999311 1111110112 3.10 8.11 2.8 5.8  7.3  217.9  478.4  227.110.94271 0 5 4 0― -.539.90  .52 2.6076.00 2.31 6.7013.37 1 3 6 3.03 6.7113.9511
20260606토 6120011국454 3104 3혼전 4451맑음양호 711 7크레이지망고    레볼루셔달려라레 2327.00한수 4 0 0 1 1   95      33000국4신삼영서창식   2 313 31016 1 3 111  0권중석49454.566우도보93 97 9794  .048.015.41341 61458 3 812 0 011 319181899 0 0↘→선13.736.439.514.2952235.742.6 78.4 78.4 50 38 7513   13.80   13.70 4  7 -3VN동53.84901312-3.0 5.8 2.8737312 0전개최상전개최상50기 011 2     1 2 6⑪1:18.47    3.413.542.816.3  5 -7  .0011 6  4 3.493 19892 8 211 1111 1 4.10 5.09 2.610.6  8.0   42.1   83.4  175.710.54272-1 7 4-1▽ -.339.90  .46 2.4776.00 3.53 8.5915.41 0 2 410.3818.8057.04 6
20260510일 9120011국434 5 84 4혼전 4451맑음건조 511 7크레이지망고    레볼루셔달려라레 2327.00한수 4 0 0 2 1   62      33000국4신삼영서창식   2 412 2 916 2 3 110  0김태희50157.562우선보90 97 979863.053.023.11146 71458 3 812131311 315241699 0 0↘→입13.636.439.414.29725                   50 38 8813   13.10   14.30 4 -1  6VB동53.84901312-3.0 5.8 2.8737312 0부중유리전개최상73기 0 4 6     5 5 5        실격    13.8    14.3     4  .07   2  0               110 2 7011 5.01 3.06 2.3 3.9 19.3   16.5   66.6   65.610.54272 0 7 5 0―  .139.40  .29     75.95 5.8713.8123.06 4111810.8725.1337.13 2
20260411토 6120010국454 4 54 5 3강 3351맑음다습1411 7크레이지망고    레볼루셔달려라레 2327.00한수 4 0 0 2 1   78      33000국4신삼영서창식   2 511 1 916 1 2 1 9  0김태희49751.562우도보89 93 939065.053.032.81146 71458 3 812131311 315241699 0 0↘→입13.736.539.414.2952535.438.8 73.2 74.4 43 43 7114   13.50   13.90 5  4 -3LU동55.04861312-3.0 5.8 2.8737312 0전개최상작전마주48기 0 5 1     1 1 1①1:13.26   -1.113.138.614.3 -1  1  .00 1 2  1  .0 5 152 496 310 2 4110 2.09 5.07 2.2 4.3  4.4  182.3  244.2   63.510.93472-1 7 6-1▽  .038.60 -.06-1.5076.0010.2021.9932.75 9223516.1337.0949.37 2
20260307토 4120011국554 5104 6혼전 4451맑음포화1711 7크레이지망고    레볼루셔달려라레 2327.00한수 4 0 0 2 1  102      24750국5신삼영서창식   2 610 8 816 1 2 0 8  0우인철49654.075기도적88 92 929772.069.050.22048101458 3 812 0 011 311282399 0 0↗↘입13.736.639.414.2902736.239.0 74.1 75.0 33 33 6717   13.60   14.40 4  0  0UH동55.04861312-3.8 7.0 3.2656512 0전개선전전개최상82기 0 1 3     1 1 2②1:14.14     .013.538.513.9  1  2  .00 2 1 -6  .715 6551980 2 9 2 11 1 4.0111.01 2.9 6.3  5.5    8.1   17.5    8.110.54294 3 8 8 3▲ 1.538.60 -.60 -.9876.0621.6239.1250.1537607213.0028.9743.77 2
20260207토 4120011국554 8104 7혼전 4451맑음건조 211 7크레이지망고    레볼루셔달려라레 2327.00한수 4 0 0 2 1   70      24750국5신삼영서창식   2 7 9 7 716 9 1 0 7  0김태희49454.062기도적51 59 597538.055.022.61146 71458 3 812131311 315241699 0 0↘→입13.736.739.414.2882536.038.7 75.1 74.4 20 20 6020   13.50   14.70 5 -4  1UN동56.04781312-2.2 7.6 5.4464612 0부중유리기복전력54기 0 1 3     1 1 1①1:15.1½   -.113.639.214.4 -6  6  .00 1 7 -3  .0 5 246 992 4 9 7 71 9 7.08 1.06 3.2 8.8 10.7   52.4  142.9  166.0  .03159 0 6 6 0―  .338.40  .12-1.6876.12 6.5314.1322.63 41118 5.1311.2917.21 7
20260103토 5120011국554 6104 8혼전 4451맑음다습1311 7크레이지망고    레볼루셔달려라레 2327.00한수 4 0 0 1 1  101      24750국5신삼영서창식   2 8 8 6 616 8 1 0 6  0김태희48853.562기도적38 32 325917.049.022.31146 71458 3 812131311 315241699 0 0↘→입13.736.739.313.5823436.239.8 74.9 75.9 25 25 5025   13.80   15.20 4 -1 -1LU동56.04781312-1.0 7.0 6.0404012 0일반주행기복전력73기 0 5 3     3 2 2③1:14.91¾   .313.539.714.7 -7 -1  .00 310  1 1.647 6784970 4 7 7 52 8 1.05 1.09 3.0 7.8  3.0    8.9   16.8  159.4  .01549 0 4 6 0― -.138.80  .20 -.0776.06 4.9713.2722.32 81729 3.37 9.4218.94 7
20251206토 6120011국544 5 94 9 2강 2251흐림양호 911 7크레이지망고    레볼루셔달려라레 2327.00한수 3     1 1   8314:25 24750국5신삼영서창식   2 9 7 5 516 7 1 0 0  0김태희48954.062기도적34 34 345723.046.020.91146 71458 3 812131311 315241699 0 0↘→입13.636.739.213.5864137.039.7 76.6 76.7 33 33 6733   13.90   15.2015 -2 -2LU동56.04781312 -.7 6.3 5.7484812 0일반주행기복전력 5   0 6 3     2 2 3⑦1:16.61¼  2.413.840.315.2 -2 17  .00 7 9    2.76834776918 5 9 8 61 7 1.02 5.03     4.0  3.1    4.0    6.5    3.7  .01540 0 4 5 0― -.439.10  .29  .7576.00 4.8311.5220.91 51323 4.1710.1720.91 6
20250824일 6120010국524 3 7410혼전 4451맑음건조 411 7크레이지망고    레볼루셔달려라레 2327.00한수 3 0 0 2 2  353      24750국5신삼영서창식   210 6 4 416 6 1 0 5  0김태희48055.560기선적36 28 2840 9.034.0 6.81160 31167 0 812131311 315241699 0 0↗↘입13.636.739.413.48130                   33 33 6733   13.90   14.00 5  3  2BNDN56.04781312 -.5 8.5 8.0222212-1일반주행마번불리16관 0 8                    경제    13.9    14.0     8  .07                      4 910110 6 4.02 7.03 2.2 3.7  9.3   14.8   34.4   45.4  .01510-4 2 1-4▼-1.539.40  .58     76.12  .62 2.83 6.83 0 2 4 2.33 5.5212.33 9
20250719토 3130011국522 2 7411 3강 3331비  불량2011 7크레이지망고    레볼루셔달려라레 5535.00한수 3 0 0 2 3  452      24750국5신삼영서창식   211 5 3 116 5 1 0 4  0김태희47254.064기도적11  8  84812.033.0 8.3 733 2 820 7 812131311 315241699 0 0→↗입13.636.740.213.4961737.039.7 82.2 83.2 33 33 6733   14.20   15.10 5 -1  0LUUP56.04781312 2.010.012.0 1 112 1숨은복병탐색우려67기 1 5 7     4 4 5⑨1:22.22    1.213.939.314.0  5  0  .01 9 4  0 1.44920654341 11111110 5 1.02 2.11 2.2 3.7  2.2    3.7    5.7   21.111.220 8-4 3 2-4▼-1.540.40  .55 6.2983.23  .88 3.58 8.25 1 3 6 2.30 6.9813.79 7
20250614토 5120011국554 310412 1강 1151맑음건조 311 7크레이지망고    레볼루셔달려라레 2327.00한수 3 0 0 2 3  55014:40 24750국5신삼영서창식   212 4 2 416 4 1 0 3  0김태희47254.064기도적85 35 3589  .052.027.5 733 2 820 7 812131311 315241699 0 0→↗입13.636.638.513.4928737.440.1 77.1 77.9 33 33 6733   13.50   13.70 7  1  0BU동56.04781212         1.0    12 0적정체중작전마주 5   0 6 9     7 7 7⑧1:17.16    2.314.240.415.1  4 -6  .09 8 4    2.98958848517 2 211 50 4 1.07 2.08     7.0  2.3   17.6   32.7  145.7  .02566 0 6 5 0―  .339.50  .53 2.7775.56 8.0617.7227.53 71728 8.5317.8973.83 6
20250426토 5120011국524 4 7413 3강 3351맑음양호 811 7크레이지망고    레볼루셔달려라레 2327.00한수 3 0 0 9 4  69414:25 24750국5신삼영서창식   213 3 1 316 3 1 0 3  0김태희47854.072기선적85 35 3581  .050.022.81643 51299 9 812131311 315241699 0 0↘→입13.636.638.513.49287                   33 33 6733   13.90   13.80 6  2 -2LU동56.04781212         1.0    12 0일반주행작전마주 1   0 5                    경제    13.9    13.8     0  .07                      3 411 60 3 5.0211.08     4.6  8.3   13.0   31.9   10.6  .02050 0 5 5 0― -.138.50  .68     75.56 5.8414.4122.75 5132310.3820.4783.50 5
20250316일 1120011국630 8 3414 2강 2259흐림양호 711 7크레이지망고    레볼루셔달려라레 2327.00한수 3 0 0 2 5  81410:35 16500국6신삼영서창식   214 2 3 316 2 0 0 2  0김태희47856.067기입적61 35 3556  .056.041.3194412 840 5 812131311 3152416      ↘↘입13.737.139.213.4534536.537.3 75.7 73.7  0  0 50 0   14.10   13.70 4  2  0NN동       1212         4.0    12 0일반주행기복전력 1   0 3 1     1 1 1①1:15.75    -.913.938.413.8 -1 -4  .00 1 2 -5  .0 111 7 197 3 411 41 2 2.04 3.08     2.2  2.5   15.2   21.6    7.3  .01735 0 5 6 0―  .537.70 -.51-2.6076.2312.5828.0541.30 8213414.6728.0383.70 3
20250216일 1120011국614 6 6415혼전 4451흐림건조 411 7크레이지망고    레볼루셔달려라레 2327.00한수 3     2 5  89910:35 16500국6신삼영서창식   215 1 2 216 1 0 0 0  0김태희48256.067하도보 5 35 3585  .038.015.0194412 840 5 812131311 3152416      ↘↘입13.336.540.917.998 237.338.9 77.0 76.0  0  0100 0   13.50   18.30 9  0  1HN동       1212        12.0    12 0일반주행선행강점 1   0 1 5     5 5 4④1:17.0¾   1.214.139.613.7 -3 -3  .00 4 7 -3 1.74650525043 31110 72 1 5.0111.02     6.7  8.0    9.2   22.6   20.4  .01546-2 3 2-2▽-1.039.10 -.38-1.3876.84 2.67 7.6115.02 4111811.3421.6747.21 2
20261004일11120011외3 4 2  3 0혼전 4451          11 8스톰크라운      KANTHARODISGUISI 7316.00미거 4 0 0   1    017:55 41250혼3토니  (주)아리 0 0 9 2 7 8 2 1 1 7  0푸르칸   52.580우입적50 66 666957.052.023.4245715295815201311 02619142421 099 0↗→추13.736.638.614.18553                   50 33 3333   13.80   13.80 3  2  0NUDN54.04671412  .6 2.6 3.2737314-2인기탐색조교부실50관 0 8                            13.8    13.8        .0                       6 6 3 7  3                                              .03156 0 7 7 0―  .238.60  .62     75.61 7.4015.4923.44 41118 9.0918.0226.50 8
20260913일11140011외354 2103 1혼전 4451맑음건조 311 8스톰크라운      KANTHARODISGUISI 8131.00미거 4 0 0 2 1   22      41250혼3토니  (주)아리 0 1 8 1 2 8 1 1 1 6  0푸르칸47852.578기입보77 85 856475.060.033.7245715295815201311 02619142421 099 0↗→추13.736.539.714.1832537.038.8 86.6 88.0 50 33 3333   13.80   13.00 4  2 -3NUUP54.04671412 1.4 3.2 4.6595914 2승부최상기복전력60조 0 6 4     3 3 2⑤1:26.6목    .313.838.413.8  3  6  .02 5 2  1  .41441261970 3 9 4 42 2 4.03 2.04 3.0 5.8  7.0   25.6   56.2   77.4  .03577 3 7 9 3▲  .939.20 -.1111.7788.7313.0923.3933.71 9223513.6028.6939.56 2
20260817월10120011외454 4103 2혼전 4451흐림다습1311 8스톰크라운      KANTHARODISGUISI 7316.00미거 4 0 0 2 1   62      33000혼4토니  (주)아리 0 2 7 7 6 8 1 0 1 5  0코지  47255.088평입보62 73 738981.073.048.8335919295815201343 02619233119 099 0↗↘입13.636.739.114.3813036.637.8 73.2 74.6 40 20 4020   14.30   13.20 3 -3  2UL동53.04611412 1.4 3.2 4.6595914 0일반주행승부최상 5   0 4 5     4 4 2①1:13.26   -1.013.837.013.0  0  0  .00 1 1 -1  .0 72115 595 3 9 7 12 2 1.02 4.01 3.2 6.2  3.2    6.2   11.8   10.010.65197 4 9 9 4☆ 2.138.40 -.46-1.2575.9522.0138.4348.8237607217.8935.5442.86 1
20260725토 7120011외414 4 63 3 3강 3351맑음다습1011 8스톰크라운      KANTHARODISGUISI 7316.00미거 4 0 0 9 1   34      33000혼4토니  (주)아리 0 3 6 6 5 8 1 0 0 4  0이혁  47253.580하입보51 55 557971.071.051.22258 8295815201331 02619282118 099 0↗↘선13.736.639.314.689 937.637.8 73.8 75.7 25  0 50 0   13.50   14.4011  2  1NVDN53.04611412 1.5 3.5 5.0525214-2일반주행보통주행79관 0 7 9     7 6 3③1:13.8동착  .014.337.113.2  1 11  .00 3 2 -1  .53370152683 211 4 33 1 1.0811.06 1.3 3.5  1.3    8.3    9.1   23.410.94178 3 7 8 3▲ 1.638.90 -.57 -.2176.0019.6237.7151.2318405418.7530.7740.79 3
20260510일 6140010외441 6 93 4혼전 4455맑음건조 511 8스톰크라운      KANTHARODISGUISI 8131.00미거 4 0 0 2 2  205      33000혼4토니  (주)아리 0 4 5 5 1 8 1 0 0 3  0코지  46153.085하입보26 18 187456.068.050.32160101546 8201343 02619233119      ↗↗입13.636.539.914.977 336.140.1 88.6 88.8 33  0 33 0   13.70   13.20 3  0  0NHUP       1412 2.0 3.7 5.7484812 2일반주행거리부담31관 0 5 1     3 3 2③1:28.63     .613.540.314.4  0  5  .00 3 3 -2  .842 5723764 1 8 8 22 1 1.02 7.06 3.2 5.6  3.2    7.0   11.2    7.712.73278 2 7 8 2▲ 1.339.40 -.6512.3888.8616.9436.8250.3319375410.7724.2037.93 5
20260418토 7120011외434 4 83 5 3강 3351맑음건조 511 8스톰크라운      KANTHARODISGUISI 7316.00미거 4 0 0 2 1   56      33000혼4토니  (주)아리 0 5 4 4 4 8 1 0 0 2  0김효정45653.070하입보50 69 696257.059.025.71749 72958152013 3 02619202217      ↗→선13.736.639.614.990 537.239.2 75.5 76.6 50  0 50 0   14.50   12.7051 -6 -1NH동       1212 3.0 3.0 6.0555512 0편성탐색보통주행52기 1 5 5     5 7 8⑤1:15.53    1.613.738.913.2  0 -2  .00 5 5  3 1.66749646233 5 9 5 60 1 1.04 6.01 2.4 4.5  2.4   10.9   14.4   91.112.12960 0 5 5 0―  .639.10 -.02  .3776.17 7.0715.0925.73 51323 7.3515.3824.67 5
20250419토 8120011외451 9103 6혼전 4459비  다습1011 8스톰크라운      KANTHARODISGUISI 7316.00미수 3     2 6 1038      33000혼4이준철(주)아리 0 6 3 3 3 8 1 0 0 0  0조재로45854.087하무하15  3  35760.063.042.73141223273 730 033 03123192622      ↘↘입14.237.239.713.563 935.641.9 77.3 77.2  0  0  0 0   14.20   13.8018  3  2NL동       1212 4.0 4.0 8.0252512 0교체실패거리난점 5기 011 4     3 3 3④1:17.3목    .013.641.715.2  2 11  .00 4 2 -2  .679 0978490 3 8 5 32 1 7.08 4.10 3.5 6.8 44.2  848.8 1353.9  968.612.73267 2 7 8 2▲ 1.038.70 -.90  .2576.5617.0730.5742.6719375412.7926.0920.75 2
20241214토 9120011외420 3 73 7 3강 3359맑음양호 811 8스톰크라운      KANTHARODISGUISI 7316.00미수 2     2 6 1079      33000혼4리카디(주)아리 0 7 2 2 2 8 1 0 0 0  0푸르칸44752.571평무보   25 2540  .065.044.320711040592036 039 03725142421      →↘추    36.738.5        37.140.0 76.9 77.3              13.80   13.60 5 -3 -3LN동       12 0                 0 0출주취소우수혈통 1기 0 8 7     4 4 8⑧1:16.95    1.914.239.913.8  4-10  .00 8 4    3.08239827625 1 1 9 30 1 2.05 4.11 2.6 3.2  2.6   15.8   23.8   20.710.94177 3 7 8 3▲ 1.339.30  .02 2.1375.6114.0031.0744.3014294611.9623.0463.22 3
20241110일 2120011외450 2103 8혼전 4455흐림건조 511 8스톰크라운      KANTHARODISGUISI 7316.00미수 2     2 6 1182      41250혼4리카디(주)아리 0 8 1 1 1 8 1 0 0 0  0정정희  055.084평무보   25 2540  .051.035.02354 440592036 029 03725202515      →↗입    36.738.5                                        13.80   13.60 4  0  0NL동       12 0                 0 0일반주행우수혈통 1기 011                    취소    13.8    13.6     0  .07      0               7 710 40 1 3.02 7.01 3.4 7.6  5.6   12.3   20.8   24.0  .01736 0 4 6 0―  .138.50  .28     75.6111.3424.1434.9612264010.1919.8231.93 8
20261004일11120011외3 4 2  1 0혼전 4451          11 9무빙볼케이노    STAY THIMUNNY PE        미수 3 0 0   1    017:55 41250혼3문세영권경자   2 012 5 911 8 2 211  0김용근   54.586우선적50 72 728666.062.036.326511422271427 0 03150333127148020 0→↘선13.736.638.313.99065                   44 44 4422   13.80   13.60 5  5 -1BN동53.74681412-1.8 3.8 2.0848413 0전개최상작전마주80기 1 9                            13.8    13.6        .0                       5 5 2 3 10                                            12.73469 2 8 8 2▲  .938.30  .41     75.4514.2525.9936.25122640 9.0920.7231.62 3
20260830일101200 9외331 2 81 1혼전 4451흐림다습1111 9무빙볼케이노    STAY THIMUNNY PE        미수 3 0 0 9 1   63      41250혼3문세영권경자   2 111 4 811 7 2 210  0김용근47255.586우도적44 48 489951.061.039.826511422271427 0 03150333127148020 0→↘선13.736.738.413.9866136.538.8 73.6 75.8 44 44 4422   13.30   15.30 7  1  1HBDN53.74681412-2.4 4.6 2.2747413-2승부조율전개최상40기 0 4 2     2 2 3⑤1:13.61¼   .513.837.713.6  3  9  .09 5 2  0 1.14315512466 1 710 31 9 1.04 5.02 1.8 3.5  1.8    8.6   13.0   32.512.74287 2 8 8 2▲  .938.80  .19  .7075.5615.2528.0039.7612264010.2322.1132.35 3
20260712일 71400 8외352 6101 2혼전 4451맑음다습1011 9무빙볼케이노    STAY THIMUNNY PE        미수 3 0 0 2 1  115      41250혼3문세영권경자   2 210 3 111 6 2 2 9  0김용근46354.585우선적87 94 948975.064.048.326511422271427 0 03150333127148020 0→↘선13.736.539.413.9853036.142.3 88.9 90.7 44 44 3322   13.60   13.50 7  1  2HNUP53.74681412-2.4 4.6 2.2757513 2전개최상부중효과80기 1 3 3     1 3 5⑤1:28.99    2.613.341.515.3  3 -6  .01 5 2  0 4.588 6958917 2 7 3 11 8 7.05 7.04 2.7 5.2 15.1   46.4  124.0  123.710.53484 2 9 8 2▲ 1.139.80 -.2914.8088.5218.3733.5548.2634536520.2439.5552.36 1
20260523토10120010외344 3 41 3 3강 3351맑음다습1311 9무빙볼케이노    STAY THIMUNNY PE        미수 3 0 0 2 1  131      41250혼3홍대유권경자   2 3 9 2 711 5 2 1 8  0김용근46953.086기선적76 85 859578.069.044.02651141943121529363120143127147525 0→↘선13.736.738.413.9816136.438.8 73.6 75.3 38 38 2538   13.50   13.40 6 -4 -1UH동53.94681312-2.4 4.6 2.2747413 0연대우수전개최상48기 1 2 2     1 1 1②1:13.61¾   .013.637.913.5  0 -1  .00 2 2 -4  .419 8491885 4 7 2 31 7 4.02 6.02 2.3 3.4  7.7   13.5   31.8   22.512.24282 2 9 8 2▲ 1.338.60  .07  .1575.5615.6231.9643.9537557013.7126.8941.41 4
20260412일10120011외354 3101 4혼전 4451맑음다습1111 9무빙볼케이노    STAY THIMUNNY PE        미수 3 0 0 2 1  103      41250혼3홍대유권경자   2 4 8 1 611 4 2 1 7  0김용근47053.586우도보92 91 918256.055.020.026511419431215293631201431271499 0 0→↘선13.636.838.313.9716136.738.8 73.7 75.9 43 43 4314   13.70   13.20 4 -1 -4NN동54.04671312-1.8 4.8 3.0616113 0연대우수연대우수78기 1 6 2     3 3 3④1:13.71½   .313.537.813.4 -2  2  .00 4 6  5  .44224523272 7 7 4 82 6 3.01 8.02 2.4 7.0  7.5    9.9   22.3   13.110.53766 0 7 7 0―  .338.70  .76  .7675.56 5.0211.8419.99 2 714 5.6013.9224.63 7
20260314토 8120011외454 4101 5 1강 1151흐림양호 711 9무빙볼케이노    STAY THIMUNNY PE        미수 3 0 0 2 1   77      33000혼4홍대유권경자   2 5 7 7 511 3 1 1 6  0김용근46857.086기선적83 84 847284.066.042.126511419431215293631201431271499 0 0→↘선13.637.038.613.9594536.838.0 74.5 74.8 33 33 3317   13.40   13.70 4  2  5NB동52.54671312 -.8 5.8 5.0464613 0일반주행연대우수56기 1 7 3     2 2 2①1:14.5목    .013.737.913.2  0  6  .00 1 1 -3  .0102520 982 6 3 1 31 5 1.06 7.11 2.2 5.5  2.2   13.0   18.7   34.5  .03750 0 8 7 0▲  .838.20 -.15 -.7975.8413.7527.8742.1018405422.8941.7657.24 1
20260215일 8120011외454 6101 6혼전 4451맑음건조 311 9무빙볼케이노    STAY THIMUNNY PE        미수 3 0 0 2 1   55      33000혼4홍대유권경자   2 6 6 6 411 2 0 1 5  0김용근46252.586기무적73 62 626268.069.036.026511419431215293631201431271499 0 0→↘선13.637.338.714.0383736.538.3 74.3 74.7 20 20 2020   13.50   13.10 3 -1  0NHDN52.54721312  .0 7.0 7.0292913-1교체성공기복전력72기 0 5 1     1 1 1①1:14.31    -.213.438.413.7 -3-10  .00 1 4 -2  .0 914331292 7 4 6 41 4 4.07 5.04 3.710.7  6.1   26.9   54.1   79.8  .03570 3 8 8 3▲ 1.437.90 -.20-1.2876.0612.6625.2935.9719375411.5719.3331.49 5
20260125일 6130011외433 1 81 7 2강 2251맑음건조 311 9무빙볼케이노    STAY THIMUNNY PE        미수 3 0 0 2 1   47      33000혼4홍대유권경자   2 7 5 5 211 1 0 0 4  0김용근47252.585하추상23  6  63946.051.028.9265114194312152936312014312714      →↘선13.437.639.513.9352237.038.0 79.8 80.8  0  0  0 0   13.70   13.80 4  2  1NN동       1312 1.0 7.3 8.3141413 0일반주행부중잇점 5기 0 6 1     1 1 1②1:19.81     .013.537.513.1 -4  8  .00 2 6  0  .2 12012 376 7 7 6 51 3 4.06 1.06 2.5 4.9 11.9   40.3  131.2   45.7  .01549-1 5 5-1▽ -.138.90 -.15 3.7183.35 7.0017.6728.85102236 7.6915.8922.70 5
20251228일 7130011외451 3 51 8 3강 3355맑음다습1211 9무빙볼케이노    STAY THIMUNNY PE        미수 2 0 0 9 1   6815:20 33000혼4홍대유권경자   2 8 4 4 111 2 0 0 3  0김용근46452.085하무보14  1  12621.046.025.1265114194312152936312014312714      →↘선13.438.139.812.4 33037.239.7 82.3 83.5  0  0  0 0   14.70   12.70 4  1  0HHUP       1312 2.3 7.710.0 7 712 1능력한계부중영향71기 1 4 4     7 6 3③1:22.39    1.513.739.413.8 -3  0  .00 3 6 -1 2.66334655434 6 7 9 53 2 2.01 2.01     4.6  4.0    4.6    9.3   19.511.22235 0 4 4 0― -.339.10 -.53 5.5983.87 6.2114.7525.12 61526 4.48 9.1520.73 5
20251129토 8120011외421 2 21 9혼전 4451흐림다습1011 9무빙볼케이노    STAY THIMUNNY PE        미수 2 0 0 9 1   8116:05 33000혼4홍대유권경자   2 9 3 3 311 1 0 0 2  0김용근46452.086하무하 6  1  12838.060.031.9265114194312152936312014312714      →↘선13.437.939.713.4 11339.037.8 75.8 77.5  0  0  0 0   14.00   13.80 5 -5  0HH동       1212 3.0 8.011.0 7 712 0교체실패부중영향42기 0 310     9 910⑧1:15.82½  3.314.737.812.7  1 -1  .00 8 7  1 3.684981772 8 81110 30 1 1.02 1.09     2.3  1.7    2.3    3.1    4.512.73175 2 6 7 2△  .938.10 -.98 -.1376.95 9.9920.7931.92152944 5.7714.0721.65 5
20251026일 8120011외443 3 9110혼전 4451흐림양호 711 9무빙볼케이노    STAY THIMUNNY PE        미수 2     9 1  180      33000혼4홍대유권경자   210 2 2 211 1 0 0 0  0정정희46552.080하무보55 43 432032.051.020.71943101943121529 0 92014202515      →↗입13.437.740.213.4 11338.239.6 77.0 78.1  0  0  0 0   13.80   12.40 8  1 -4NH동       1212 1.010.011.0 4 412 0최빈거리부중영향44기 0 810     91111⑪1:17.04    2.914.039.813.8  5 11  .0011 6 -4 3.191897488101011 7 70 1 4.0310.03 2.6 4.2  6.1   13.4   25.7    9.1  .02256 0 4 5 0―  .038.50 -.83  .1577.12 4.5411.9420.67 81729 4.0412.8119.81 6
20250830토 3120012외431 3 8111혼전 4459맑음불량2011 9무빙볼케이노    STAY THIMUNNY PE        미수 2     9 2  345      41250혼4홍대유권경자   211 1 1 111 1 0 0 0  0이동하45455.590평무보   35 3540  .053.021.42445151838 4152924 02014252419      ↘↗선13.736.738.513.5    39.339.6 77.5 79.6              13.70   13.80 4  0  0LL동       12 0                 0 0일반주행작전마주54기 1 7 6     71111⑪1:17.56    3.913.439.213.7  1  1  .001110  0 4.798997596 5 2 2 8 80 1 7.05 2.12 3.0 5.4 29.1  174.2  500.4  474.6  .02063 0 5 6 0―  .240.00  .68 4.3675.61 5.5012.9321.37 2 714 8.7316.9238.42 6
20261004일11120011국3 4 2  5 0혼전 4451          1110트리스탄왕자    언캡처드탱고스텝 6620.00한거 5 0 0   1    017:55 41250혼3백종수이상진   2 016 1 530 6 3 330  0조한별   52.562평선보50 47 474216.043.016.214271032711738 0 0155633122118672211↗↘입13.837.138.714.06441                   38 38 42 4   13.60   14.20 7  4  0BUDN55.14931817-2.2 6.6 4.4565613-2일반주행마번불리72기 010                            13.6    14.2        .0                       9 810 9  6                                              .01526 0 4 5 0― -.538.70  .49     75.95 3.20 8.8116.16 1 4 8 3.6410.8117.0910
20260817월111400 8국451 4 55 1 2강 2251흐림다습131110트리스탄왕자    언캡처드탱고스텝 4330.00한거 5 0 0 2 1  103      41250혼3백종수이상진   2 115 8 530 5 3 329  0조한별49152.560평도하37 31 315010.046.025.714271032711738 0 0155633122118672211↗↘입13.836.739.514.0742236.740.3 88.7 89.5 39 39 43 4   13.20   15.40 6  5  0NUDN55.14931817-3.2 7.4 4.2616113-2일반주행보통주행 5   0 6 2     2 3 5⑦1:28.7머리 2.113.639.914.2  2 -3  .00 7 5  2 2.76427746323 3 8 7 51 5 3.02 7.01 3.1 4.3  5.1    5.6   12.2    4.2  .01822 0 4 6 0― -.239.30  .1013.2788.73 5.1314.3725.65 41121 3.09 8.4214.12 6
20260704토 8160010국414 5 65 2 3강 3351흐림건조 41110트리스탄왕자    언캡처드탱고스텝 4330.00한거 5 0 0 1 1   93      41250국4백종수이상진   2 214 7 330 4 3 328  0조한별49452.560평도상60 63 631528.050.022.514271032711738 0 0155633122118672211↗↘입13.936.140.114.0791535.642.7102.8104.3 35 30 43 9   13.50   14.50 5 -5 -5UU동55.14931817-2.8 8.2 5.4515113 0선행실패조교부실38관 0 1 1   1 4 4 4⑦1:42.86    2.713.242.015.4  4 -6  .05 7 3 -2 3.08310959215 3 8 6 62 4 1.05 2.08 1.7 5.8  1.7    7.0   10.2   14.9  .02721 0 5 6 0― -.140.10  .2228.14103.2 5.0313.2722.48 41121 6.9017.4928.13 6
20260531일 7160010국412 8 65 3 1강 1151맑음양호 61110트리스탄왕자    언캡처드탱고스텝 4330.00한거 5 0 0 9 1   84      33000국4최봉주이상진   2 313 6 230 3 3 327  0조한별50057.560평도상71 76 761556.058.034.81427101350 614 0 01517 4122118632513↗↘입13.936.140.014.0801936.440.1103.1102.3 41 32 41 9   13.70   14.00 6 -3  2NBUP54.84921817-2.8 8.2 5.4515113 2적정체중탄력호전63관 0 6 2   2 2 2 2③1:43.11¾   .313.540.614.5 -2  4  .00 3 5 -4  .52840646173 2 7 4 41 3 3.02 3.07 1.5 3.7  9.8   25.1   52.4   68.1  .02537 1 6 6 1―  .940.00 -.0426.17103.111.5922.9734.76102033 5.4714.7327.12 6
20260418토10140010국442 7 95 4혼전 4451맑음건조 41110트리스탄왕자    언캡처드탱고스텝 4330.00한거 5 0 0 2 1  113      33000국4김윤섭이상진   2 412 5 430 2 3 226  0조한별49656.060평도상65 64 647256.063.036.5142710142012 8161615 9 2122118572914↗↘입13.936.639.613.9831936.739.0 88.6 88.0 38 33 4310   14.00   14.10 5  7  2BLDN54.64911817-1.4 7.4 6.0444413-3부중유리탄력호조35관 0 9 2     2 2 1②1:28.61¼   .013.739.414.0 -7-13  .00 2 9  2  .21426321690 110 9 31 2 1.09 4.09 2.6 4.6  2.6   37.5   49.8   39.512.73177 2 7 8 2▲ 1.039.10 -.1911.8388.7313.4425.3736.54193754 5.5614.1824.69 9
20260315일 6170011국452 5105 5 1강 1156맑음양호 61110트리스탄왕자    언캡처드탱고스텝 4330.00한거 5 0 0 2 1   89      33000국4김윤섭이상진   2 511 4 830 1 3 125  0조한별50954.560평선하13 11 113612.040.022.6142710142012 8161615 9 2122118503317↗↘입13.939.141.514.0901739.140.5112.1112.3 30 40 3510   14.70   15.00 9 -6 -1HHDN54.74881817 -.2 6.6 6.4444413-1숨은복병보통주행63기 0 2 1 1 1 1 1 1②1:52.11     .014.040.514.1 -5  9  .00 2 7  0  .21415341286 21110 71 1 2.07 1.02 3.4 5.9  3.7   25.5   43.0   25.6  .02035 0 3 4 0― -.441.80  .2531.72113.5 6.5313.6422.63 1 511 2.90 8.1115.52 7
20260110토 9180011국412 9 65 6 2강 2254눈  양호 81110트리스탄왕자    언캡처드탱고스텝 5626.00한거 5 0 0 2 1  170      33000국4김윤섭이상진   2 610 3 530 1 3 124  0유승완50055.068평선상32 20 204532.044.026.01961 9142012 8161115 9 2152722503317→↘입13.939.341.013.8961240.742.8121.7121.0 37 37 47 5   14.00   14.50 5  2  2LNUP54.74881817 -.8 6.8 6.0494913 1일반주행작전마주 5기 1 8 910101111 9⑧2:01.75    2.414.743.215.0  1 -1  .00 8 7 -2 3.28868919422 1 6 6 63 9 4.0111.02 1.7 3.9  9.6    8.3   25.8   23.5  .02048 0 5 4 0― -.541.90  .0440.70118.7 6.0715.6326.02 51323 4.6014.7722.91 6
20251206토 8170011국451 4105 7 3강 3351흐림양호 91110트리스탄왕자    언캡처드탱고스텝 4330.00한거 4 0 0 1 1  10216:05 33000국4김윤섭이상진   2 7 9 2 730 1 3 123  0김성현50153.558평선보20 23 233418.041.021.91440 9142012 81615 0 9 2162319503317↗↘입13.939.041.713.7961738.741.4112.9113.6 44 28 4411   14.30   15.50 5  0  0NHDN54.74881817 -.4 6.0 5.6555513-1숨은복병보통주행88기 2 6 2 2 2 4 4 4⑥1:52.91¼  1.114.041.214.5 -3  0  .00 6 9  0 2.153 6612646 211 8 62 5 2.01 8.07     5.6  3.6    5.6   11.7   25.4  .02038 0 4 4 0― -.442.10  .2232.91113.6 5.7012.8121.88 41118 3.6011.2718.27 6
20251102일 8180011국452 9105 8 2강 2251맑음건조 51110트리스탄왕자    언캡처드탱고스텝 5626.00한거 4 0 0 1 1  158      33000국4김윤섭이상진   2 8 8 1 430 1 3 122  0조성환50153.553우선하27 23 233316.033.012.1 718 6142012 816 0 0 9 2 91720503317↘→추13.939.440.913.7932238.243.6121.6121.2 41 29 4112   13.50   14.50 8  4 -4NHUP54.74881817 -.4 4.4 4.0696918 4연대우수탐색우려63관 0 6 1 2 2 4 4 7⑨2:01.67    2.214.343.215.5  0 -8  .00 9 9  6 3.189 1957726 2 9 8 80 1 1.0811.08 2.2 5.5  2.2   34.8   47.7   36.9  .03226 0 4 4 0―-1.141.80  .3540.93118.7 2.10 5.5112.09 0 2 4 2.45 8.6316.26 6
20250906토11140011국554 5105 9혼전 4451비  포화161110트리스탄왕자    언캡처드탱고스텝 4330.00한거 4 0 0 1 2  316      33000혼4김윤섭이상진   2 9 713 330 2 3 121  0마이아50957.093우도하67 68 688463.067.046.4406310275019 81637 0 9 23533 7503317→↘선13.936.539.413.7893736.741.3 88.3 90.5 41 29 4112   13.50   14.30 5 -3  1HB동54.74881817 -.6 4.2 3.6747418 0승부최상연대우수35관 0 2 2     4 610⑩1:28.34    2.113.540.414.5  7 16  .0910 3 -2 2.28524918623 5 4 4 20 2 2.09 7.03 3.0 6.5  4.6   56.6   78.2  129.712.73775 2 7 8 2▲ 1.339.70 -.2314.5688.5216.6634.2546.3520435811.7626.7440.63 2
20250802토 51400 9국454 510510혼전 4451맑음건조 31110트리스탄왕자    언캡처드탱고스텝 4330.00한거 4 0 0 1 3  40714:30 33000국4김윤섭이상진   210 612 230 1 3 120  0마이아49356.592우선하55 68 688467.068.050.83350312043 4 81637 0 9 23533 7503317→→선13.936.639.413.7884136.240.0 88.5 88.7 44 31 3813   14.30   14.00 4  4  1NBDN54.74881817 -.4 4.0 3.6747418-3탐색주행승부최상49관 2 5 2     2 2 4⑤1:28.5½   1.013.539.714.3  0 -2  .00 5 5  3 1.236 8693650 4 6 5 21 1 3.01 7.08     7.7  4.9    7.9   17.9  105.1  .04592 3 8 9 3▲ 1.539.20 -.4312.6688.5920.2038.1450.8220435813.0024.6332.28 3
20250706일 6170010국453 510511혼전 4451맑음건조 31110트리스탄왕자    언캡처드탱고스텝 4330.00한거 4 0 0 1 3  48014:25 33000국4김윤섭이상진   211 511 630 4 3 119  0김성현49556.063우선상68 86 868865.055.031.11550102043 4 81615 0 9 2162319503317→→입13.939.041.113.7914539.440.5114.3113.7 44 31 3813   13.90   14.40 5 -1  1UL동54.74881817  .0 3.8 3.8737318 0전개유리작전마주74기 0 1 1 1 1 1 2 3⑨1:54.3목    .914.340.114.0  7  0  .09 9 2 -1 1.95426362055 2 6 2 41 4 1.06 8.09     7.7  3.2   19.0   31.3  108.3  .02859 1 7 5 1―  .542.10  .3333.57113.1 8.2219.6531.13 8213412.6632.1843.66 2
20250601일 91700 8국451 5 5512혼전 4455맑음건조 31110트리스탄왕자    언캡처드탱고스텝 4330.00한거 4 0 0 1 3  57517:00 33000국4김윤섭이상진   212 410 530 3 3 118  0김성현49555.563평선보62 56 567050.058.046.51550102043 4 81615 0 9 2162319503317→→입13.939.141.113.7864538.541.5112.5113.2 40 33 3313   14.00   15.00 9 -9  1HN동54.74881817  .8 3.8 4.6626218 0일반주행작전마주36관 2 2 1 1 1 1 1 2④1:52.5코    .013.941.014.4  1 11  .00 4 3 -5  .138 2662385 1 3 2 21 3 1.02 4.01     4.9  2.8    4.9    8.6   35.0  .02046 0 7 7 0―  .541.90 -.0932.98113.216.1232.4446.5219375420.9340.7851.43 1
20250330일 7170011국451 310513혼전 4451눈  건조 31110트리스탄왕자    언캡처드탱고스텝 4330.00한거 4 0 0 9 4  76615:15 33000국4김윤섭이상진   213 3 9 430 2 3 117  0김성현48454.569우입상63 73 737247.048.020.51440 4205010 81615 0 9 2162319503317→→입13.939.141.013.7854938.842.0112.0113.4 43 36 2914   14.00   14.70 5  4  1VN동54.74881812  .6 4.0 4.6636318 0선행무리작전마주 1기 111 1 1 1 2 2 3⑥1:52.0¾   1.214.041.715.0 -2 -7  .00 6 8  3 1.945 7774943 1 7 6 81 2 7.02 9.06    10.7 14.0   48.4  124.7   55.0  .02062 0 5 5 0― -.142.00  .5833.27113.1 4.9512.6920.49 2 714 7.0216.4528.90 8
20250223일 6170011국453 710514혼전 4451맑음건조 31110트리스탄왕자    언캡처드탱고스텝 4330.00한거 4 0 0 9 5  87214:25 33000국4김윤섭이상진   214 2 8 330 1 3 116  0김성현49154.064기입보65 79 795448.052.024.31644101367 6 81615 0 9 2162319404020↘→입13.939.241.013.7844938.442.2112.8113.4 38 38 2315   14.10   13.40 5  6 -1NH동54.84881812  .2 4.2 4.4656518 0일반주행기복전력 1관 0 7 2 2 1 1 1 1④1:52.8¾    .214.042.214.7 -1  2  .00 4 5  4  .246 2814476 4 7 4 71 1 4.01 1.08    10.3  7.0   12.3   29.4   50.7  .01747 0 5 5 0―  .141.90  .4333.21113.2 6.4314.8724.26 4111815.4621.5729.43 4
20250119일 9170011국440 2 9515혼전 4451맑음건조 31110트리스탄왕자    언캡처드탱고스텝 4330.00한거 4 0 0 2 5  95717:00 33000국4김윤섭이상진   215 1 7 230 8 2 115  0유승완48954.583기입적38 34 346640.052.029.82853131367 6 8161115 9 2152722255025→↘입13.939.241.113.7804539.340.2111.8113.1 33 42 1717   14.40   13.80 4 -5  0UHDN54.94881812 -.4 4.6 4.2575718-1일반주행기복전력 1관 0 1 1 1 1 1 1 1①1:51.8¾   -.114.139.713.4  0 -4  .00 1 1 -1  .03420291189 1 9 9 51 8 1.03 1.09     7.9  2.7    9.5   17.4   52.5  .01752 0 6 5 0―  .341.80  .2432.77113.3 9.5619.9129.78 6122411.4323.6035.36 4
20261004일11120011외3 4 2  3 0혼전 4451          1111코리안드림      ECHO TOWMY TEMPO 5936.00미수 4 0 0   1    017:55 41250혼3박재우(주)디알 2 0 9 2 7 8 6 1 2 8  0마이아   54.593우선보50 65 659369.066.040.23453132045 9222445 022163533 76733 0↘↗선13.736.937.913.86683                   38 50 1338   13.60   12.2010  4  1VN동54.35271412-1.0 3.6 2.6737313 0마방기습전개최상85기 011                            13.6    12.2        .0                       7 1 4 2  6                                            12.74287 2 8 8 2▲ 1.137.90  .35     75.3915.7928.4340.2334536515.4527.9339.32 1
20260726일10120010외351 1103 1혼전 4451맑음양호 91111코리안드림      ECHO TOWMY TEMPO 5936.00미수 4 0 0 9 1  154      41250혼3박재우(주)디알 2 1 8 1 6 8 5 1 1 7  0마이아53553.593평입상96 97 978182.070.050.13453132045 9222445 022163533 76733 0↘↗선13.736.938.313.8658037.435.8 72.3 73.8 29 43 1429   13.80   13.0010  0 -2NH동54.35271412-1.4 4.4 3.0696913 0연대우수마방기습87기 0 7 1     1 1 1②1:12.31¼   .013.635.212.2  1  8  .00 2 1 -1  .2 162 1 078 3 8 1 21 5 2.01 2.07 2.8 7.1  4.6    7.1   15.6   10.510.54887 3 9 9 3★ 1.638.00 -.16-1.3875.6121.3338.3350.0734536520.1937.2748.65 2
20260516토 6120010외423 4 23 2혼전 4451맑음건조 31111코리안드림      ECHO TOWMY TEMPO 5936.00미수 4 0 0 2 1  195      33000혼4박재우(주)디알 2 2 7 7 5 8 4 0 1 6  0마이아52755.093평선보84 73 738578.074.056.13453132045 9222445 022163533 799 0 0↘↗선13.736.938.814.2705737.137.4 73.9 74.4 17 33  017   13.40   14.20 5 -2  0NNDN54.05281412-1.6 5.0 3.4626213-2연대우수연대우수47관 0 7 2     4 2 1①1:13.92    -.413.837.013.0 -1 -7  .00 1 2  0  .0 439 7 592 4 4 3 12 4 2.03 7.11 1.8 2.1  3.0   21.3   33.5  119.812.73776 2 9 9 2▲ 1.738.10 -.61-1.3475.8926.6344.2456.1234536518.0932.9941.41 1
20260412일 3140011외432 6 83 3혼전 4451맑음다습121111코리안드림      ECHO TOWMY TEMPO 59     미수 4 0 0 2 1   90      33000혼4박재우(주)디알 2 3 6 6 1 8 3 0 1 5  0마이아53455.093평선상74 76 767477.075.053.33453132045 9222445 022163533 799 0 0↘↗선13.937.039.413.9527336.639.6 87.4 88.1 20 20  020   13.60   13.60 3  7  0NNUP54.05281412-1.2 6.0 4.8595913 1마방습성연대우수58관 0 9 3     3 2 2③1:27.45     .913.439.214.2  1 -2  .00 3 2 -2  .91924543654 5 8 3 22 3 6.03 8.11 1.7 3.3 24.9   68.6  211.3   52.110.63880 3 9 9 3★ 1.838.70 -.7311.6988.8625.9542.1453.2634536519.5734.0245.54 2
20260321토 8130011외452 5103 4혼전 4437맑음건조 51111코리안드림      ECHO TOWMY TEMPO 59     미수 4 0 0 2 1   56      33000혼4박재우(주)디알 2 4 5 5 1 8 2 0 0 4  0마이아53655.093평무상34 32 327043.066.040.13453132045 9222445 022163533 799 0 0↘↗선14.137.339.514.1585737.338.4 81.3 82.2  0  0  0 0   13.70   14.00 5 -9  2UNUP53.05191312-1.0 6.5 5.5525212 1마방연대마방습성34관 0 2 2     2 2 2②1:21.3½    .013.638.013.6 -2  5  .00 2 4 -5  .11535211281 7 8 6 31 2 5.04 4.02 2.0 5.9  9.7   21.9   54.6  435.513.23052 0 7 8 0▲  .939.60 -.28 5.3683.1616.3728.7540.0918405413.4323.7534.39 3
20260215일 8120011외454 5103 5혼전 4451맑음건조 31111코리안드림      ECHO TOWMY TEMPO 5936.00미수 4     2 1   76      33000혼4박재우(주)디알 2 5 4 4 4 8 1 0 0 0  0마이아53153.593평추상41 37 376454.064.027.73453132045 9222445 022163533 799 0 0↘↗선14.137.438.814.1336536.839.6 75.7 76.4  0  0  0 0   14.30   13.8037  8 -3VV동53.05191212  .0 5.7 5.7555512 0일반주행마방연대46관 111 6     6 7 6⑤1:15.7¾   1.213.739.214.0 -4  4  .00 5 9  4 1.46031726044 9 6 9 70 1 4.07 5.04 3.710.7  6.1   26.9   54.1   79.8  .02287 1 7 7 1△ 1.038.30 -.08  .1876.17 8.4917.4527.69 41118 6.6118.4929.83 6
20250525일 7120010외424 7 73 6혼전 4451맑음양호 81111코리안드림      ECHO TOWMY TEMPO 5936.00미수 3     2 4  746      33000혼4박재우(주)디알 2 6 3 3 3 8 1 0 0 0  0코지  52756.087평선보56 57 576862.065.041.6325619225010222424 0221623311999 0 0↗↘입14.137.339.213.2414137.738.5 75.7 76.2  0  0  0 0   14.00   13.5027 -6  3UB동53.05191212  .5 6.0 6.5494912 0부중유리최적거리 5관 0 3 9     8 8 6④1:15.71½   .514.438.614.1 -1  8  .00 4 5  0 1.05476395767 810 4 33 1 1.10 5.11 1.8 3.7  1.8   56.9   71.5  136.912.73189 2 7 7 2△ 1.138.30 -.65 -.3576.3414.9028.6441.58122640 9.3821.1521.38 4
20241117일 6120011외420 4 23 7 2강 2257맑음양호 61111코리안드림      ECHO TOWMY TEMPO 5936.00미수 2 0 0 2 6 1158      33000혼4박재우(주)디알 2 7 2 2 2 8 1 0 0 1  0박태종51953.071하무보14  8  815 4.029.0 9.9 920 7254314222415 02216192421      ↘↗입13.737.839.713.5101736.838.8 75.1 75.7  0  0  0 0   13.70   13.80 7 -2 -2NH동       1212 3.0 7.010.0333312 0최빈거리거리난점 1기 1 9 4     2 2 3③1:15.14     .614.038.513.5 -2  7  .00 3 5 -2  .93626493263 8 9 6 81 1 1.02 3.08 2.1 2.2  2.1    2.2    3.7    8.5  .01015-1 1 1-1▽-1.237.70 -.29-1.7676.90 1.17 5.32 9.88 1 3 6  .80 2.63 8.03 7
20240928토 3120012외451 3103 8혼전 4455맑음건조 51111코리안드림      ECHO TOWMY TEMPO 5936.00미수 2     9 7 1323      41250혼4박재우(주)디알 2 8 1 1 1 8 1 0 0 0  0임기원51255.084평무보   25 2540  .042.016.01633112243 7222425152216233316      →↗입13.936.738.513.6    37.739.5 76.5 77.4              13.90   13.90 4  0  0LL동       12 0                 0 0일반주행보통주행 1기 111 7     81110⑩1:16.5목   1.613.739.313.8  3  9  .0010 7  0 3.88272717932 6 6 6 80 1 2.03 4.07 4.4 8.0  4.6   12.2   24.0   30.7  .01535 0 4 4 0― -.639.30  .82 2.1975.61 4.23 9.2316.01 2 714 8.3316.6725.0011
