20261010토 1100011국6 4 6  5 0혼전 4451           1 1골든벨스타      에어포스골든오브 2220.00한수 2 0 0   1    010:35 24750국6서인석송창오   0 0 2 1 2 1 2 0 0 1  0다실바   55.079하선보50 54 548938.060.042.11863101951 9183036 01911202814      ↗↗입13.536.638.214.19710                    0  0100 0   13.60   14.4011 -8 -1HH동       1010  .0 8.0 8.0414110 0마방연대조교부실31관 0 1                            13.6    14.4        .0                       2 6 7 3  2                                            12.73172 2 6 5 2―  .838.20 -.10     62.6514.9128.9242.05122641 7.9615.5824.7110
20260726일 1100011국630 7 35 1혼전 4455맑음다습10 1 1골든벨스타      에어포스골든오브 2220.00한수 2     9 1  194      24750국6서인석송창오   0 1 1 1 1 1 1 0 0 0  0다실바46455.579평무보 5 25 2585  .046.018.31863101951 9183036 01911202814      ↗↗입13.936.938.314.397 136.340.0 63.5 63.6              13.90   14.60 4  0  0LL동       10 0         4.0     0 0일반주행마방연대36트 0 9 2     2 3 4⑧1:03.5목   1.313.639.514.4  0 -1  .00 8 8  0 3.269 7957242 1 7 4 61 1 2.0410.05 2.4 2.6  2.6   18.5   27.5   85.4  .02160-1 5 4-1▽ -.438.30  .38-11.662.87 4.4910.1418.29 51222 9.0217.8929.62 8
20261010토 1100011국6 4 6  5 0혼전 4451           1 2다나은파워                              한수 2       1    010:35 24750국6이관호이진경  -2 0 1 1 1 0 5 0 0 0  0송재철   55.076평무보64 81 8164  .056.029.71745 921411120 018332220192620      →→입14.236.838.313.199 6                                14.20   13.40        NN동       10 0         5.0     0 0일반주행보통주행59기 1 2                            14.2    13.4        .0                       5 8 3 5  1                                              .01534-1 5 5-1▽  .238.30  .08     62.82 9.9620.9629.74 81728 9.7319.0528.24 2
20261010토 1100011국6 4 6  5 0혼전 4451           1 3미스터불스                              한수 2       1    010:35 24750국6이신우곽희원   0 0 1 1 1 0 1 0 0 0  0김효정   55.070평무보74 99 9981  .054.028.81747 72060 820 012 02114202217      ↗→선14.236.837.412.89999                                14.20   13.10        NN동       10 0         4.0     0 0일반주행보통주행49기 0 3                            14.2    13.1        .0                       6 2 2 6  1                                            10.51549-1 5 4-1▽  .137.40  .58     62.32 8.3918.5228.78 51222 9.7319.0528.24 3
20261010토 1100011국6 4 6  5 0혼전 4451           1 4포인트윈드                              한수 2       1    010:35 24750국6김동철하늬바람 2 0 1 1 1 0 1 0 0 0  0푸르칸   55.080평무보51 65 6546  .047.021.22355152452111725 0261714142421      ↗→추14.136.838.313.899 9                                14.10   14.10        NN동       10 0         4.0     0 0숨은복병보통주행63기 1 4                            14.1    14.1        .0                       7 9 6 7  1                                              .01930-1 4 6-1▽ -.438.30  .35     62.82 6.2112.9921.16 41117 9.7319.0528.24 4
20261010토 1100011국6 4 6  5 0혼전 4451           1 5크레이지블루    빅스    산타마리 6023.00한수 2 0 0   1    010:35 24750국6신삼영서창식   2 0 2 1 2 1 2 0 0 1  0조상범   55.058우선보50 74 747527.035.012.9 927 61455 2 812 0 012 313211699 0 0↗→입14.037.037.413.67695                    0100  0 0   13.80   13.90 4 -1  1NV동54.54801010  .0 4.0 4.0737310 0일반주행보통주행 1   0 5                            13.8    13.9        .0                       8 3 510  2                                              .01545-1 4 3-1▽-1.137.40  .94     62.43 1.87 6.1312.91 1 4 8 5.3112.1220.2911
20260913일 1100010국640 3 95 1 3강 3355맑음건조 3 1 5크레이지블루    빅스    산타마리 6023.00한수 2     2 1   63      24750국6신삼영서창식   2 1 1 1 1 1 1 0 0 0  0조상범48054.558평무보92 25 2584  .047.029.9 927 61455 2 812 0 012 3132116      ↗→입13.936.738.313.199 636.937.5 62.4 62.3              13.90   13.40 4  0  0LL동       10 0         2.0     0 0일반주행작전마주35기 0 6 2     2 1 3④1:02.41¼   .313.838.213.9  0  1  .00 4 4  0  .52830312269 1 6 2 41 1 5.02 1.07 2.8 4.4 20.9   34.0  145.9   22.6  .02044-2 5 3-2▽ -.438.20  .14-12.762.76 9.5719.7129.87 82135 9.0918.1827.27 6
20261010토 1100011국6 4 6  5 0혼전 4451           1 6카레이히어로                            한암 2       1    010:35 24750국6서인석전은영  99 0 1 1 1 0 1 0 0 0  0우인철   52.075평무보36 36 3628  .037.013.62048101951 918 030 01911112823      ↗↘입14.737.938.313.441 6                                14.70   13.70        LN동       10 0         9.0     0 0일반주행보통주행52기 1 6                            14.7    13.7        .0                      1110 9 9  1                                              .01528-1 3 4-1▽-1.038.30 -.02     63.43 2.82 7.1113.62 2 510 9.7319.0528.24 5
20261010토 1100011국6 4 6  5 0혼전 4451           1 7나르샤빅터                              한수 2       1    010:35 24750국6정호익(주)아진 0 0 2 1 2 1 2 0 0 0  0임다빈   55.075평무보50 44 4451  .038.013.71530 9213210231219 82213142424      →↗추13.636.738.314.099 1                                13.60   14.30 7  0  1LB동       10 0         2.0     0 0조교만전보통주행56기 0 7                            13.6    14.3        .0                       3 7 8 8  2                                              .02625-2 3 3-2▽-1.038.30  .60     62.76 2.83 7.1513.65 2 714 9.7319.0528.24 6
20260822토 11000 9국630 6 35 1 2강 2259흐림불량20 1 7나르샤빅터                              한수 2     2 1  133      24750국6정호익(주)아진 0 1 1 1 1 1 1 0 0 0  0임다빈  054.575평무보26 25 2572  .038.021.91530 9213210231219 82213142424      →↗추13.636.738.314.099 1                                13.60   14.30 4  0  0LL동       10 0         2.0     0 0숨은복병조교만전60기 2 7                    경제    13.6    14.3     0  .07      0               1 6 5 50 1 7.03 4.08 1.6 2.8 30.4  110.4  341.4   41.6  .02962 0 4 2 0― -.638.30  .37     62.76 5.8713.5121.92 3 716 9.4819.2135.79 7
20261010토 1100011국6 4 6  5 0혼전 4451           1 8매직터치        지몰로지캐스터   9113.00한수 2 0 0   1    010:35 24750국6서홍수조용학   1 0 2 1 1 1 1 0 0 1  0빅투아   55.091하선하50 34 349564.065.049.43152131950 8242619 02618222818      →→선13.436.538.215.498 9                    0  0100 0   13.60   15.70 9  1  1NNDN       1212 6.0 3.0 9.0141412-2교체실패전개최상60기 1 8                            13.6    15.7        .0                       1 510 1  1                                              .04181 1 6 7 1△ 1.138.20 -.25     62.6021.4437.1349.4034536610.6219.9129.12 1
20260809일 21200 9국640 8 95 1혼전 4451흐림건조 2 1 8매직터치        지몰로지캐스터   9113.00한수 2     1 1  173      24750국6서홍수조용학   1 1 1 1 1 1 1 0 0 0  0마이아47254.593평무보29 25 2574  .057.030.03555121950 8242632 026183533 7      ↘↗선13.736.640.514.899 135.741.9 78.4 77.5              13.70   15.10 4  0  0LL동       12 0         7.0     0 0일반주행우수혈통40기 0 7 2     1 1 4⑨1:18.41    2.613.642.115.7  6 -5  .00 9 3  0 2.885 1978616 2 9 8 71 1 2.08 2.05 2.6 5.9  3.7   54.2   90.9  145.5  .01655 0 5 5 0―  .439.40 -.64  .4076.67 8.8719.2930.03 4111712.7924.5849.01 5
20261010토 1100011국6 4 6  5 0혼전 4451           1 9영원한보스                              한수 2       1    010:35 24750국6이동국조병해   0 0 1 1 1 0 1 0 0 0  0오수철   55.064평무보85 99 9988  .060.043.1 733 51367 61011 5 72011112115      ↘↗입13.936.737.413.29999                                13.90   13.50        LN동       10 0         1.0     0 0일반주행강단마필58기 1 9                            13.9    13.5        .0                       4 1 1 2  1                                            10.54364 0 6 5 0―  .737.40  .22     62.2714.9330.0543.13 92235 9.7319.0528.24 7
20261010토 1100011국6 4 6  5 0혼전 4451           110크리솔투데이                            한암 2       1    010:35 24750국6안병기요시다가 0 0 1 1 1 0 1 0 0 0  0정도윤   53.090평무보36 28 2830  .028.0 3.821 0152254 91825 0 01810112526      ↗↗추14.737.538.414.064 1                                14.70   14.30        LN동       10 0         9.0     0 0일반주행보통주행37관 010                            14.7    14.3        .0                      10111111  1                                              .015 6-4 1 1-4▼-1.938.40  .42     63.26  .36 1.44 3.75 1 2 5 9.7319.0528.24 8
20261010토 1100011국6 4 6  5 0혼전 4451           111다온헌터        어플릿익가온퀸   5521.00한거 2 0 1   1    010:35 24750국6홍윤화정영광  -3 0 2 1 2 1 2 0 1 1  1장추열   55.093강선상50 80 809348.064.041.830501225551025 0 0 0382720272299 0 0→→입13.937.137.412.87197                  100100  0 0   13.90   13.10 5  4  1VV동54.54601010-5.0 7.0 2.0858510 0교체성공전개최상62기 111                            13.9    13.1        .0                       9 4 4 4  2                                              .04182 0 7 7 0―  .937.40  .05     62.4916.2529.6041.76183753 7.9619.0528.24 9
20260906일 1100011국620 4 75 1혼전 4455맑음양호 6 111다온헌터        어플릿익가온퀸   5521.00한거 2     1 1   83      24750국6홍윤화정영광  -3 1 1 1 1 1 1 0 0 0  0장추열46054.593평무보20 25 2537  .052.038.330501225551025 0 0 03827202722      →→입15.538.937.412.1 18937.037.3 61.9 62.0              15.50   12.30 4  0  0LL동       10 0         6.0     0 0숨은복병배당마주44기 0 7 1     1 3 2②1:01.94     .013.937.213.1 -5 -1  .00 2 7  0  .8203323187711 210 41 1 1.07 2.07 1.6 3.8  1.6   14.5   24.1   55.1  .01953 0 4 6 0―  .135.90 -.77-14.363.4813.5526.8638.34 92235 9.0918.1827.02 7
20261010토 2120011외4 0 5  5 0혼전 4451           2 1토렌스          EARLY VOBOCA INC        미암 2 0 0   1    011:25 41250혼4토니  이한준  -2 0 2 1 1 1 1 0 0 1  0코지     53.088우추상50 52 527350.062.038.3325718295414203642 02619233018      ↗↘입14.738.338.112.0 199                    0100  0**   14.70   12.20 4 -9  1HNUP       1210-5.0 9.0 4.0646410 2마방연대승부최상70기 0 1                            14.7    12.2        .0                      10 3 9 2  1                                              .04597 3 8 8 3▲ 1.338.10 -.48     76.2812.3726.1238.25101934 6.8013.2724.70 8
20260912토 1100010외410 1 15 1 1강 1155맑음건조 3 2 1토렌스          EARLY VOBOCA INC        미암 2     2 1   73      41250혼4토니  이한준  -2 1 1 1 1 1 1 0 0 0  0이혁  51652.580평무보81 25 2557  .053.028.72259 7295414203631 02619282118      ↗↘선15.438.637.312.3 69938.835.5 61.8 62.1              15.40   12.60 4  0  0NN동       10 0         4.0     0 0일반주행마방연대36관 010 9     9 9 9④1:01.81¾   .614.736.112.2 -5 13  .00 4 9  0 1.12292 01861 9 3 8 63 1 2.01 3.07 1.3 1.8  5.2    1.8    7.5    7.3  .02164 0 5 5 0―  .536.20 -.30-13.963.26 8.5817.4928.65 41221 7.8016.3028.6610
20261010토 2120011외4 0 5  5 0혼전 4451           2 2포에버케이                              미수 2       1    011:25 41250혼4송문길강경운   1 0 1 1 1 0 1 0 0 0  0이동하   55.091평무보65 68 6856  .055.029.53150151839 9272330282629252419      ↗↘선14.938.138.112.31799                                14.90   12.60        NN동       12 0         6.0     0 0일반주행보통주행45기 0 2                            14.9    12.6        .0                       9 2 4 6  1                                              .02455 1 5 6 1―  .738.10 -.11     76.17 7.7218.2329.49 3 81610.6820.8529.27 2
20261010토 2120011외4 0 5  5 0혼전 4451           2 3스피어스        AUDIBLE ORENCIA  4946.00미수 2 0 0   1    011:25 41250혼4강성오박희상   2 0 3 2 2 2 3 0 0 2  0이혁     55.080평추보50 52 526844.059.030.42259 7245310221727 027 8282118      ↗↘선14.337.938.112.91096                    0 50  050   14.30   13.00 8  1  0HH동       1210-1.5 5.0 3.5585810 0일반주행보통주행70기 0 3                            14.3    13.0        .0                       7 1 7 5  3                                            12.72964 2 6 6 2― 1.038.10 -.03     76.06 9.3919.3630.40 61829 8.7417.0625.61 7
20260816일 81200 8외443 3 95 1 3강 3351흐림다습13 2 3스피어스        AUDIBLE ORENCIA  4946.00미수 2 0 0 2 1  147      82500혼O강성오박희상   2 1 2 2 1 2 2 0 0 1  0이혁  47055.080우추보77 81 818563.059.029.82259 7245310221727 027 8282118      ↗↘선14.338.038.212.4 39937.538.3 74.6 76.1  0100  0**   14.30   12.60 7 -6  0HHUP       1210-1.0 4.0 3.0757510 2일반주행추입유리 5   0 2 8     8 7 6④1:14.6½   1.314.337.513.0 -2-10  .00 4 6  2 2.25266344541 8 3 7 63 2 4.02 5.01 2.3 4.0  5.1    9.8   18.1   51.611.23784 3 6 6 3―  .837.60 -.14 -.0976.17 6.8116.8029.77 51222 5.6615.6526.09 7
20260628일 1100011외420 3 25 2혼전 4445맑음건조 3 2 3스피어스        AUDIBLE ORENCIA  4946.00미수 2     9 1  110      41250혼4강성오박희상   2 2 1 2 1 2 1 0 0 0  0이혁  48055.080평무보27 25 2537  .039.014.22259 7245310221727 027 8282118      ↗↘선15.438.837.412.4 18937.837.4 61.7 63.1              15.40   12.70 4  0  0LL동       10 0         4.0     0 0일반주행보통주행49기 0 8 7     7 7 4③1:01.71     .214.336.612.6 -1 12  .00 3 4  0 1.34768223872 9 3 5 93 1 2.01 6.02 1.9 2.3  2.9    2.3    5.2    6.6  .01527-1 3 3-1▽ -.636.30 -.02-13.163.43 3.00 7.9414.21 1 4 7 9.5718.6430.71 7
20261010토 2120011외4 0 5  5 0혼전 4451           2 4이스트위너      GAME WINSTAR SIG        미수 2 0 0   1    011:25 41250혼4박재우김영구   0 0 2 1 1 1 1 0 0 1  0루이스   55.067강무상50 57 577228.044.016.82144102148 9231720 02316192717 0 0 0↗↘입14.337.838.312.42199                    0100  0**   14.30   12.70 4  3  1VVUP54.54861210-4.0 7.0 3.0737310 2일반주행보통주행72기 1 4                            14.3    12.7        .0                       6 9 5 8  1                                              .02170 1 5 5 1― -.138.30  .29     76.12 3.76 9.7416.82 2 511 6.8013.2721.95 9
20260912토 1100010외410 1 15 1 1강 1155맑음건조 3 2 4이스트위너      GAME WINSTAR SIG        미수 2     2 1   73      41250혼4박재우김영구   0 1 1 1 1 1 1 0 0 0  0다실바48654.579평무보 8 25 25 7  .029.0 7.51863102148 92317 0 02316202814      ↗↗입14.438.438.312.7 6 137.636.0 61.5 61.8              14.40   13.00 4  0  0NL동       10 0         5.0     0 0일반주행보통주행37관 0 1 7     7 4 4③1:01.52     .314.336.612.7 -4  5  .00 3 7  0  .81461 1 669 71010100 1 2.01 3.07 1.3 1.8  5.2    1.8    7.5    7.3  .015 8-4 2 2-4▼-1.536.30 -.07-15.063.70  .76 3.91 7.48 0 4 7 7.8016.3028.66 3
20261010토 2120011외4 0 5  5 0혼전 4451           2 5드림닉스        닉스고  BIRKENHE  647.00미수 2 0 0   1    011:25 41250혼4함완식배태후   0 0 2 1 1 1 2 0 0 1  0김용근   55.086평무하50 35 3546  .037.0 8.826511322561115 018 02210302714      →↘선14.137.738.513.32298                                14.10   13.60 4 -4  1LBUP       12 0         9.0     0 2교체실패보통주행60기 0 5                            14.1    13.6        .0                       5111010  2                                              .02017-3 3 3-3▽ -.938.50  .46     76.17 1.83 4.38 8.75 0 4 710.6820.8530.18 3
20260912토 1100010외410 1 15 1 1강 1155맑음건조 3 2 5드림닉스        닉스고  BIRKENHE  647.00미수 2     2 1   73      41250혼4함완식배태후   0 1 1 1 1 1 1 0 0 0  0김용근51354.586평무보65 25 2556  .039.015.926511322561115 018 02210302714      →↘선14.336.938.213.0971537.637.4 62.8 63.1              14.30   13.30 4  0  0LL동       10 0         2.0     0 0일반주행보통주행42기 0 9 4     4 5 6⑨1:02.84    1.614.138.013.6  6 14  .01 9 3  0 2.15261263632 3 8 5 80 1 2.01 3.07 1.3 1.8  5.2    1.8    7.5    7.3  .01536 0 4 3 0― -.638.20  .49-12.162.82 3.68 9.0415.86 2 511 7.8016.3028.66 9
20261010토 2120011외4 0 5  5 0혼전 4451           2 6마이시티                                미수 2       1    011:25 41250혼4박병일에스지이 3 0 1 1 1 0 1 0 0 0  0안드레   55.069평무보85 92 9295  .057.028.92042 31333 62231 0 023143426 7      →↘선13.836.638.312.89999                                13.80   13.10        LN동       12 0         1.0     0 0일반주행전개최상48기 0 6                            13.8    13.1        .0                       1 5 1 7  1                                            10.54174 1 7 5 1△  .838.30  .61     75.45 7.7017.6028.86 4122110.6820.8530.18 4
20261010토 2120011외4 0 5  5 0혼전 4451           2 7마이티헝키      HAPPY SADIVINE B 8925.00미수 2 0 1   1    011:25 41250혼4서홍수조병태   1 0 3 2 2 2 3 0 1 2  1마이아   55.093강입보50 70 709179.073.057.93555121950 82428322226183533 7      ↘↗선13.836.838.313.47583                   50100 50 0   13.80   12.90 5  5  1BN동       1210  .0 2.5 2.5808010 0전개최상전개최상60기 0 7                            13.8    12.9        .0                       2 6 3 1  3                                            10.64693 4 9 9 4☆ 2.138.30 -.33     75.5629.2947.7357.8738597021.3636.9746.65 1
20260905토 11200 8외414 1 15 1혼전 4451맑음양호 9 2 7마이티헝키      HAPPY SADIVINE B 8925.00미수 2 0 1 1 1   93      82500혼O서홍수조병태   1 1 2 2 1 2 2 0 1 1  1마이아49754.093강입보91 97 979574.067.040.43555121950 82428322226183533 7      ↘↗선13.836.639.113.5974937.138.0 73.2 75.4100100100 0   13.90   13.40 6 -3 -2HHUP       1210 1.0 1.0 2.0858510 2일반주행전개최상 5   0 2 4     5 6 5③1:13.21¼   .213.837.012.9 -1 -1  .00 3 4  3 1.12645232074 2 6 4 53 2 1.05 7.06 1.2 2.4  1.2    7.8    8.5   16.710.54185 3 8 7 3▲ 1.438.80 -.15 -.3075.8912.6226.8740.38 5122212.5926.6237.50 3
20260725토 11000 8외421 8 25 2 1강 1159맑음다습11 2 7마이티헝키      HAPPY SADIVINE B 8925.00미수 2     9 1  111      41250혼4서홍수조병태   1 2 1 2 1 2 1 0 0 0  0마이아49855.593평무보33 25 2540  .051.031.73555121950 82428322226183533 7      ↘↗선15.138.637.612.8 16936.338.5 61.9 62.3              15.10   13.10 4  0  0LL동       10 0         2.0     0 0일반주행우수혈통70기 0 5 4     4 2 2②1:01.91½   .013.937.713.4  1 21  .00 2 1  0  .326 7592385 8 5 8 52 1 2.01 8.05 1.8 1.7  2.4    1.7    4.1    4.1  .01740 0 4 5 0―  .036.30 -.54-13.963.43 7.3718.4831.74 8172812.9426.6759.32 5
20261010토 2120011외4 0 5  5 0혼전 4451           2 8스톰페트럴      HIGHER PROUGH ST        미수 2 0 0   1    011:25 41250혼4리카디이기선  -3 0 2 1 2 1 2 0 0 1  0푸르칸   55.080우입보50 52 526154.062.035.7235515365413363238473826142421      ↗→추14.438.038.212.5 699                    0100  0**   14.20   12.70 4  6  1BNUP       1210-1.0 6.0 5.0646410 2배당마주배당마주64기 0 8                            14.2    12.7        .0                       8 4 8 4  2                                              .03770 3 7 9 3▲ 1.238.20 -.31     76.1712.3324.2035.66122741 6.8018.9632.93 6
20260912토 1100010외410 1 15 1 1강 1155맑음건조 3 2 8스톰페트럴      HIGHER PROUGH ST        미수 2     2 1   73      41250혼4리카디이기선  -3 1 1 1 1 1 1 0 0 0  0푸르칸49354.580평무보42 25 2543  .061.041.3235515365413363238473826142421      ↗→추14.838.637.312.5 19838.136.2 61.8 62.1              14.80   12.80 4  0  0NL동       10 0         8.0     0 0숨은복병배당마주39기 0 2 5     5 6 5⑤1:01.8코    .614.236.812.7 -1-13  .00 5 6  0 1.12278 21861 8 2 7 22 1 2.01 3.07 1.3 1.8  5.2    1.8    7.5    7.3  .02454 1 6 8 1▲ 1.136.20 -.65-13.963.2615.1928.5941.30122741 7.8016.3028.66 4
20261010토 2120011외4 0 5  5 0혼전 4451           2 9싱싱모닝        MUNNINGSMADE GRE 6910.00미수 2 0 0   1    011:25 41250혼4배휴준전석호   0 0 2 1 2 1 1 0 0 1  0유승완   55.072평추보50 56 564227.039.013.01961 9 950 71017 8 01211152722      →↘입14.237.638.313.62996                    0  0  0 0   14.20   13.30 5  6  2BB동       1212 1.0 3.0 4.0696912 0일반주행최적거리57기 0 9                            14.2    13.3        .0                       4 8 6 9  1                                              .01541 0 4 3 0― -.638.30  .52     76.00 2.68 7.1212.99 1 5 9 5.8313.2721.0410
20260905토 11200 8외214 1 15 1혼전 4451맑음양호 9 2 9싱싱모닝        MUNNINGSMADE GRE 6910.00미수 2     1 1   93      82500혼O배휴준전석호   0 1 1 1 1 1 1 0 0 0  0김용근50153.086평무보49 25 2545  .035.0 7.5265113 950 71017 0 01211302714      →↘선14.437.239.812.980 237.338.0 73.4 75.6              14.40   13.20 4  0  0NN동       12 0         1.0     0 0일반주행우수혈통 5   0 3 8     8 7 4④1:13.41     .414.237.013.3  1 11  .00 4 3  0 1.33356232667 8 8 8 83 1 1.05 7.06 1.2 2.4  1.2    7.8    8.5   16.7  .01620-2 3 2-2▽-1.238.20  .08-1.4076.62  .80 2.95 7.49 2 714 7.6916.7339.06 7
20261010토 2120011외4 0 5  5 0혼전 4451           210관악산빅스톤                            미수 2       1    011:25 41250혼4송문길손병석  -4 0 1 1 1 0 1 0 0 0  0임기원   55.089평무보76 79 7984  .063.035.91940 91839 9273632 02629233316      ↘↗입14.236.938.312.79794                                14.20   13.00        LN동       12 0         3.0     0 0숨은복병마방습성 1   010                            14.2    13.0        .0                       3 7 2 3  1                                              .02670 1 7 7 1△ 1.238.30  .25     75.6112.3824.3235.8518385510.6820.8529.27 5
20261010토 2120011외4 0 5  5 0혼전 4451           211히어로플레임    FLAMEAWAANNIVERS        미수 2 0 0   1    011:25 41250혼4백종수임재형   2 0 2 1 1 1 2 0 0 1  0임다빈   55.075하무보50 21 2119 6.027.0 5.11530 928671433 0 0305025142424      →↗추15.138.638.312.7 198                    0  0  0**   15.10   13.00 4  5  1NNUP       1210  .010.010.0 9 910 2발길대로부진마필72기 111                            15.1    13.0        .0                      11101111  2                                              .0 6 2-4 1 1-4▼-1.638.30  .19     76.56  .56 1.20 5.05 1 3 6  .97 3.79 8.2311
20260912토 1100010외410 1 15 1 1강 1155맑음건조 3 211히어로플레임    FLAMEAWAANNIVERS        미수 2     2 1   73      41250혼4백종수임재형   2 1 1 1 1 1 1 0 0 0  0임다빈45754.575평무보58 25 2537  .031.010.81530 928671433 0 0305025142424      →↗추15.338.637.312.4 49840.237.0 64.3 64.6              15.30   12.70 4  0  0LL동       10 0         7.0     0 0일반주행보통주행50기 1 610    101010⑩1:04.38    3.115.137.613.0  0  9  .001010  0 3.688991387 810 4 9 90 1 2.01 3.07 1.3 1.8  5.2    1.8    7.5    7.3  .01526 0 2 2 0―-1.136.80  .22-11.463.26 1.31 4.7010.75 1 5 9 7.8016.3028.66 6
20261010토 3130011국6 2 9  8 0혼전 4457           3 1피엔에스원      올드패션프라우드 6831.00한암 4 0 0   1    012:45 16500국6박윤규피엔에스 2 0 4 4 3 3 1 0 0 3  0김태희   54.061하무보50 39 3921 6.031.011.61142 71450 717 810 317 9152416      ↘→입13.837.440.514.451 7                    0  0  0 0   13.80   14.70 3 -3  1HN동       1313 -.710.0 9.3212113 0최빈거리거리탄력 1   0 1                            13.8    14.7        .0                       31111 9  1                                              .014 7-3 1 1-3▼-1.340.50 -.17     83.87 2.35 5.9711.55 1 4 8 1.39 5.03 9.9611
20260919토 3130011국652 6108 1 2강 2251맑음건조 2 3 1피엔에스원      올드패션프라우드 6831.00한암 4 0 0 9 1   50      16500국6박윤규피엔에스 2 1 3 3 2 3 1 0 0 2  0김성현47453.058하무보 6  6  623 2.026.0 4.51440 91450 717 813 617 9162319      ↗↘입13.937.740.514.431 937.241.0 84.8 84.4  0  0  0 0   13.90   15.40 3  2 -1HHUP       1312-1.0 9.5 8.5222213 1일반주행보통주행 5   0 4 2     5 5 9⑪1:24.81½  2.413.841.014.7  0 -3  .001111  3 3.68232898318 91010110 2 3.05 2.09 2.6 8.2  6.4   22.2   44.9  115.5  .015 5-4 1 1-4▼-2.039.70 -.13 6.2184.06  .25 1.23 4.45 0 1 4  .12 1.19 4.5511
20260829토 2120010국650 7 58 2 1강 1159흐림다습14 3 1피엔에스원      올드패션프라우드 7321.00한암 4 0 0 9 1   60      16500국6박윤규피엔에스 2 2 2 2 1 3 1 0 0 1  0다실바47754.079하무보25 33 3322 9.037.015.21863101450 717 8 0 017 9202814      ↗↗입14.437.940.014.4161537.440.5 78.6 77.6  0  0  0 0   14.40   14.7015 -9  0HHDN       1313-3.011.0 8.0383813-1일반주행작전마주 5   0 2 6     7 7 7⑨1:18.65    3.413.941.315.4  1 12  .00 9 8 -3 4.187628890 9 9 9 2 90 1 1.05 3.06 2.6 4.9  2.6   12.0   17.9   59.0  .02022-3 3 1-3▼ -.938.10 -.66 -.3177.12 4.03 8.3415.15 41221 3.13 6.09 8.0210
20260516토 3130011국642 9 98 3 1강 1132맑음건조 3 3 1피엔에스원      올드패션프라우드 6831.00한암 4     2 2  289      16500국6박천서피엔에스 2 3 1 1 1 3 1 0 0 0  0김성현46554.065평무보33 25 2518  .024.0 4.0 6 0 61199 0 6 814 613 5162319      →↗입14.437.040.513.493 337.940.1 85.4 84.0              14.40   13.70 4  0  0NL동       13 0         6.0     0 0일반주행탐색우려 5   011 8     8 9 6⑧1:25.44    1.414.440.914.7 -3  1  .00 811  0 1.67467748040 51111110 1 4.01 2.10 2.6 5.3  6.9   10.5   24.5   57.4  .015 2-4 1 2-4▼-2.040.30  .29 6.4583.61  .11  .96 3.97 1 3 614.1028.2189.80 3
20261010토 3130011국6 2 9  5 0혼전 4457           3 2크리솔퀸                                한암 3       1    012:45 16500국6안병기요시다가 0 0 1 1 1 0 1 0 0 0  0오수철   54.064평무보34 41 41 3  .026.0 6.5 733 52254 91825 9 01810112115      ↘↗입14.938.339.613.11257                                14.90   13.40        NN동       13 0         8.0     0 0일반주행거리속성38기 0 2                            14.9    13.4        .0                      10 5 911  1                                              .015 3-4 1 1-4▼-1.839.60 -.04     83.87  .89 3.19 6.52 0 1 415.2827.6736.53 2
20261010토 3130011국6 2 9  5 0혼전 4457           3 3브릴리언트      한센    특별스타 5730.00한암 2 0 0   1    012:45 16500국6서인석홍상기   1 0 3 2 1 2 1 0 0 2  0다실바   53.079평무보50 58 584550.062.040.81863101951 9181036 01911202814      ↗↗입14.038.139.613.01261                    0  0  0 0   14.00   13.40 8 -5  1HNUP       1310 -.5 8.5 8.0444410 3일반주행연대우수52관 0 3                            14.0    13.4        .0                       9 4 2 3  1                                              .03746 0 7 6 0―  .639.60 -.85     83.7414.4527.7340.78143047 9.7217.6129.89 6
20260815토 1100010국630 3 85 1 2강 2259흐림건조 3 3 3브릴리언트      한센    특별스타 7225.00한암 2 0 0 2 1  164      24750국6서인석홍상기   1 1 2 2 2 2 2 0 0 1  0이용호42752.565하무보23 37 373014.041.019.71652 71951 9181017261911191820      →↘자14.438.237.713.0 95738.037.5 63.1 62.9  0  0  0 0   14.40   13.30 7  4 -1BH동       1010-2.011.0 9.0444410 0최빈거리보통주행 5   0 8 6     6 7 7⑦1:03.11¼  1.214.038.213.4  1  6  .00 7 6 -5 1.84875305141 9 3 3 60 2 1.04 5.04 2.1 3.6  2.1    7.1   11.5    8.3  .01311-2 4 2-2▽ -.736.80 -.04-13.063.26 4.4411.0819.73 41121 3.13 7.4911.70 8
20260627토 1100011국610 7 65 2 1강 1155맑음건조 4 3 3브릴리언트      한센    특별스타 7225.00한암 2     9 1  120      24750국6서인석홍상기   1 2 1 2 1 2 1 0 0 0  0이용호42153.065평무보48 25 2542  .036.013.61652 71951 9181017261911191820      →↘자14.537.538.013.2643438.138.6 63.7 64.0              14.50   13.50 4  0  0NN동       10 0         8.0     0 0일반주행우수혈통44기 1 410    1010 9⑨1:03.71    1.214.438.313.3 -2 -1  .00 911  0 1.67677667844 4 4 6 80 1 4.02 8.05 1.2 3.5 14.2   29.4   60.3   77.8  .01617-1 3 4-1▽-1.137.80  .34-11.563.04 1.98 6.4213.63 2 714 8.0916.6027.78 5
20261010토 3130011국6 2 9  7 0혼전 4457           3 4블리츠카라      미스치비에지     1931.00한수 2 0 0   1    012:45 16500국6임채덕명주환   0 0 5 5 1 4 2 0 0 4  0송재철   55.075평자상50 49 492319.042.020.71745 9 856 3101410 0 8 019262099 0 0→→입13.837.539.713.53837                   25 25 25 0   14.10   13.40 4  0  0VHUP55.54491310-1.0 6.0 5.0353510 1일반주행탐색우려50기 0 4                            14.1    13.4        .0                       4 6 5 7  2                                              .01521-1 3 3-1▽ -.639.70  .01     83.42 5.6712.6420.67 31119 6.9415.0924.35 8
20260913일 81200 9국642 2 47 1 3강 3341맑음건조 3 3 4블리츠카라      미스치비에지     7022.00한수 2 0 0 2 1   56     110000국O임채덕명주환   0 1 4 4 2 4 1 0 0 3  0송재철46455.076평추하26 26 2639 6.034.0 7.21745 9 856 3101410 0 8 019262099 0 0→→입13.437.339.413.5281937.338.5 75.0 76.2 33 33 33 0   14.60   13.20 5 -4  1VN동55.54491210  .0 5.3 5.3383810 0일반주행선추겸비 5   0 4 6     6 5 4④1:15.02½  1.914.138.113.4 -4  6  .00 4 8  3 1.95356394225 8 9 9 92 1 3.02 1.09 2.4 3.8  4.3    5.1   10.6   19.5  .01532-3 1 2-3▼-1.438.30  .24 -.5576.45 1.11 2.66 7.16 2 510  .64 2.74 6.80 9
20260809일 21200 9국640 7 97 2혼전 4451흐림건조 2 3 4블리츠카라      미스치비에지     7022.00한수 2 0 0 1 1  100      24750국6임채덕명주환   0 2 3 3 1 4 3 0 0 2  0조상범45854.558기추보63 95 956964.060.040.0 927 6 856 31014 5 0 8 013211699 0 0↗→입13.436.939.713.5661938.438.7 78.2 77.0 50 50 50 0   13.50   13.80 5  7 -1BUUP55.54491210-1.5 5.5 4.0494910 2전개유리기복전력34기 0 8 9     9 9 9⑧1:18.2코   2.414.639.313.2  3  9  .00 8 5  1 2.67794487918 3 6 2 20 3 2.08 2.05 2.6 5.9  3.7   54.2   90.9  145.510.52546 0 6 4 0―  .738.90 -.65  .3876.3913.0327.1140.00 5122213.9525.7024.50 1
20260704토 1100011국610 7 17 3 2강 2255흐림건조 5 3 4블리츠카라      미스치비에지     7022.00한수 2 0 0 1 1   80      24750국6임채덕명주환   0 3 2 2 2 4 2 0 0 1  0조상범44955.558하추보23 14 143120.036.013.4 927 6 856 31014 5 0 8 0132116      ↗→입14.538.037.913.5213736.138.6 62.6 62.7  0  0  0 0   14.50   13.70 5 -4  1HN동       1010-2.0 7.0 5.0131310 0최빈거리최적거리34기 0 1 1     1 1 1③1:02.6머리  .013.538.613.8 -1 -1  .00 3 4 -3  .135 4672586 8 5 1 81 2 8.11 5.03 1.8 3.3 29.5  616.0 1167.1  964.5  .01321-3 3 2-3▽-1.037.00  .16-13.363.26 2.49 6.6613.38 2 613 3.00 8.41 7.7910
20260530토 1100010국610 9 17 4 1강 1155맑음양호 7 3 4블리츠카라      미스치비에지     7022.00한수 2     9 1  100      24750국6임채덕명주환   0 4 1 1 1 4 1 0 0 0  0조상범45055.058평무보38 25 2534  .025.0 7.1 927 6 856 31014 5 0 8 0132116      ↗→입14.136.938.313.898 137.938.8 64.8 63.9              14.10   14.10 4  0  0LL동       10 0         5.0     0 0일반주행탐색우려45기 1 5 9     9 9 9⑤1:04.8½   2.714.539.213.7 -2  6  .00 5 7  0 2.77567737617 4 9 6103 1 1.02 2.01 1.4 3.0  1.4    3.0    3.8    8.5  .015 6-4 1 1-4▼-1.738.30  .70-11.462.87  .67 2.30 7.11 0 4 710.0020.0030.22 5
20261010토 3130011국6 2 9  7 0혼전 4457           3 5두움            미스터크저스트어 1631.00한거 2 0 0   1    012:45 16500국6안병기환상마   1 0 4 4 1 3 1 0 0 3  0정도윤   55.091하무하50 48 481426.053.032.121 0152254 91831 0 01810112526      ↗↗추13.837.640.213.24612                    0  0  0 0   14.20   13.20 8 -2  1NNUP       1310 1.0 6.5 7.5333310 3마방연대거리속성 1   0 5                            14.2    13.2        .0                       5 9 7 4  1                                              .03040 0 4 5 0―  .240.20 -.67     83.8010.6722.3932.07 82135 8.3320.1326.57 5
20260817월 1100010국610 7 17 1혼전 4459흐림다습13 3 5두움            미스터크저스트어 8415.00한수 2 0 0 2 1  144      24750국6안병기환상마   1 1 3 3 2 3 1 0 0 2  0푸르칸48554.580평무보29 34 346231.056.031.62355152254 9183110 01810142421      ↗→추13.837.337.713.2624938.539.2 64.1 64.5  0  0  0 0   13.80   14.10 4 -3 -1NHDN       1210 1.0 6.0 7.0545410-2연대우수마방연대 5   0 7 5     51010⑩1:04.13    2.514.238.613.2  6  3  .0510 4 -3 3.38887869218 5 3 4 30 1 1.09 2.06 1.0 3.2  1.0    7.7    9.5   26.5  .03252 0 5 8 0―  .338.10  .08-10.562.7610.7221.8031.64143047 4.9014.8112.78 9
20260718토 2120011국622 9 77 2혼전 4451흐림불량20 3 5두움            미스터크저스트어 8415.00한수 2 0 0 2 1   59      16500국6안병기환상마   1 2 2 2 1 3 2 0 0 1  0장추열48255.593하무보27 50 505450.070.058.83050122254 9183140 01810202722      →→입14.037.139.613.2611937.440.5 77.4 77.3  0  0  0 0   14.00   13.50 4 -1  1NNUP       1210 1.0 6.0 7.0545410 2마방연대연대우수 5   010 6     7 710⑧1:17.46    2.713.840.314.1  1 -5  .00 8 7  1 2.88156888816 8 6 4 20 2 1.05 5.07 2.2 4.0  2.2   12.9   25.7   46.410.63748 0 6 7 0― 1.338.90-1.25  .6476.4522.0942.6558.81345366 7.8715.5623.28 6
20260620토 1100010국620 4 77 3 3강 3355비  불량20 3 5두움            미스터크저스트어 8415.00한수 2     2 1   80      24750국6안병기환상마   1 3 1 1 1 3 1 0 0 0  0장추열48755.093평무보39 25 2553  .056.032.43050122254 9183140 01810202722      →→입14.437.238.313.480 336.838.9 62.9 63.7              14.40   13.70 4  0  0LL동       10 0         1.0     0 0일반주행마방연대 5기 011 3     3 3 5⑦1:02.9목    .914.037.813.5  1  1  .00 7 6  0 1.77123785452 6 9 6 50 1 7.09 3.05 1.7 2.8 30.7  426.6 1075.0  236.4  .02148-2 5 5-2▽  .238.00 -.18-11.863.0410.2522.6532.40 81728 9.0918.1827.2711
20261010토 3130011국6 2 9  9 0혼전 4457           3 6마스크걸        콩코드포빅터우먼 7627.00한암 3 0 0   1    012:45 16500국6문병기김진태a  3 0 5 5 3 4 2 0 0 4  0장추열   54.093하선적50 48 487058.070.060.43050122552 9261847 02727202722      →→입13.637.240.014.06310                    0 25 25 0   13.60   13.60 6  3  0NH동       1312  .3 6.8 7.0343413 0선행무리보통주행50관 0 6                            13.6    13.6        .0                       2 7 6 1  2                                            10.62467 1 7 6 1― 1.340.00-1.07     83.4225.8046.1260.4138567115.2830.1938.75 1
20260830일 2130011국650 5109 1 1강 1151맑음다습11 3 6마스크걸        콩코드포빅터우먼 7627.00한암 3 0 0 9 1  102      16500국6문병기김진태a  3 1 4 4 2 4 1 0 0 3  0장추열47254.093하입보 5  6  6 817.041.014.63050122552 9261847 02727202722      →→입13.737.640.314.037 537.138.6 81.6 82.0  0  0 33 0   14.50   14.20 5  1 -1HH동       1312 2.0 6.0 8.0232312 0발길대로거리속성26관 0 3 1     1 2 3④1:21.61¼   .513.638.213.6 -5  3  .00 4 9  0 1.11224271165 61010101 1 2.0310.09 2.2 7.0  5.3   12.5   27.3   54.6  .01238-4 4 2-4▽ -.939.20 -.26 4.1383.87 4.16 8.5314.60 41117 2.4710.2317.29 8
20260725토 2130011국611 8 69 2혼전 4451맑음다습11 3 6마스크걸        콩코드포빅터우먼 7627.00한암 3 0 0 9 1   90      16500국6문병기김진태a  3 2 3 3 1 4 1 0 0 2  0조상범46955.057하입하18 24 243713.035.018.7 927 62552 92618 7 02727132116      ↗→입13.636.840.414.096 539.240.6 85.0 85.4  0  0 50 0   13.90   14.40 8 -3  0HHUP       1312 3.0 4.5 7.5313112 1전개최상거리속성64기 0 210    111111⑨1:25.010   3.114.540.414.2  0 -9  .00 9 9  6 3.79497849611 21110 80 1 1.02 8.05 1.6 5.4  1.6    5.4    8.5   10.9  .03442 0 2 2 0― -.840.80  .07 8.2183.42 5.1310.6918.74 1 4 7 5.6611.1121.33 8
20260531일 2120011국641 9 49 3혼전 4457맑음양호 7 3 6마스크걸        콩코드포빅터우먼 7724.00한암 3 0 0 9 1  149      16500국6문병기김진태a  3 3 2 2 2 4 1 0 0 1  0최범현47855.093하도보22 27 279258.068.074.93162142552 9261846 02727183217      →→입13.636.640.114.598 336.840.5 79.2 77.2  0  0100 0   13.80   14.80 5 -6  0NH동       1212  .0 6.0 6.0333312 0일반주행전개최상44기 1 5 3     3 6 9⑨1:19.25    1.813.941.614.4  6  0  .00 9 3 -3 3.17925898131 2 7 3 22 1 2.0911.10 2.3 3.5  3.3  130.8  174.7   73.6  .04193 0 7 6 0― 1.239.30-1.71  .5076.4530.0554.6874.85345366 9.6520.9616.23 3
20260425토 1120011국630 9 39 4 1강 1155맑음건조 3 3 6마스크걸        콩코드포빅터우먼 7724.00한암 3     9 1  101      16500국6문병기김진태a  3 4 1 1 1 4 1 0 0 0  0이용호47855.065평무보69 25 2557  .034.022.91652 72552 9261833272727191820      →↘자14.637.039.513.3973436.041.4 78.3 77.1              14.60   13.60 4  0  0NL동       12 0         3.0     0 0일반주행우수혈통48기 011 2     2 2 4⑥1:18.33    1.613.841.614.8  0-12  .00 6 6  0 1.778 3958336 4 6 7 61 1 2.03 8.02 1.8 2.7  3.6    9.9   18.8   20.9  .01624-2 3 2-2▽-1.338.90 -.11  .5676.34 5.5613.5122.90 5122210.3820.3731.80 9
20261010토 3130011국6 2 9  5 0혼전 4457           3 7스타플레이      미스치비명성차지 1931.00한수 2       1    012:45 16500국6심승태이수길  -1 0 4 1 1 0 4 0 1 0  0김태훈   55.070기추적57 57 573139.050.026.61758 81347 7111415291113122521 0 099↗→입14.037.939.013.01869                   33 33  0 0   14.40   12.90 4 -1  0NHUP55.54771312-2.3 7.3 5.0454510 1일반주행기복전력43기 1 7                            14.4    12.9        .0                       8 2 3 5  4                                              .01518-1 5 4-1▽ -.239.00  .03     83.23 6.3816.1026.62 61425 8.3317.6129.89 7
20260913일 81200 9국642 2 45 1 3강 3351맑음건조 3 3 7스타플레이      미스치비명성차지 7022.00한수 2 0 1 2 1   56     110000국O심승태이수길  -1 1 3 3 2 3 3 0 1 2  1김태훈48755.072우추보70 82 826222.039.0 9.31758 81347 7111415291113122521 0 099↗→입14.037.938.113.0 98937.740.8 77.7 78.9 50 50  0 0   14.50   13.50 5 -1  1NN동55.54771210-4.5 7.5 3.0666610 0일반주행보통주행 5   0 8 7     7 8 9⑨1:17.76    4.614.340.414.4  2 -9  .00 9 7  3 4.696759194 1 9 3 6 80 3 3.02 1.09 2.4 3.8  4.3    5.1   10.6   19.5  .01539-2 4 2-2▽ -.938.50  .58 2.8576.06 1.73 4.47 9.27 2 714 2.55 8.9015.11 8
20260809일 21200 9국640 7 95 2혼전 4451흐림건조 2 3 7스타플레이      미스치비명성차지 7022.00한수 2 0 1 1 1  100      24750국6심승태이수길  -1 2 2 2 1 3 2 0 1 1  1김태훈49654.572강추상80 99 997543.061.039.11758 81347 7111415291113122521 0 099↗→입14.037.938.112.5 69637.838.0 76.9 75.7100100  0 0   14.00   12.60 5  6 -1VUUP55.54771210-9.011.0 2.0858510 2일반주행보통주행76기 1 9 8     8 8 8④1:16.91½  1.114.538.613.5  0 19  .00 4 4 -7 1.33880234447 6 2 1 43 2 2.08 2.05 2.6 5.9  3.7   54.2   90.9  145.510.52175 1 7 5 1△  .837.60 -.29 -.3276.0613.0226.2139.1112264110.4720.1120.05 7
20260704토 1100011국610 7 15 3 2강 2255흐림건조 5 3 7스타플레이      미스치비명성차지 7022.00한수 2     1 1   80      24750국6심승태이수길  -1 3 1 1 1 3 1 0 0 0  0김태훈47755.572평무보   25 2540  .040.018.21758 81347 7111415291113122521      ↗→입13.937.137.812.3    38.037.4 62.6 62.7              13.90   12.60 4  0  0NL동       10 0                 0 0일반주행우수혈통46기 0 3 8     81110②1:02.6½    .014.037.412.6 -9  0  .00 211  0  .13573244479 1 1 4 73 1 8.11 5.03 1.8 3.3 29.5  616.0 1167.1  964.5  .01658-1 3 5-1▽ -.637.90  .53-12.362.71 4.3310.5818.17 3 71611.0020.5633.44 2
20261010토 3130011국6 2 9  5 0혼전 4457           3 8서부여제                                한암 3       1    012:45 16500국6박지헌부건영   4 0 1 1 1 0 1 0 0 0  0조상범   54.057평무보41 47 4727  .029.011.3 927 6214611202511 02117132116      ↗→입15.838.738.912.8 199                                15.80   13.10        LN동       13 0         8.0     0 0일반주행거리속성48기 0 8                            15.8    13.1        .0                      11 1 810  1                                              .01518-2 2 2-2▽-1.338.90  .04     83.68 2.23 5.8111.30 0 2 415.2827.6736.53 3
20261010토 3130011국6 2 9  5 0혼전 4457           3 9에코볼트        레볼루셔올백     4734.00한수 2 0 1   1    012:45 16500국6함완식이종원   2 0 3 2 1 2 1 0 1 2  1정우주   55.059하선적50 62 627759.068.053.71356 82256111524 0 02210163012      ↗→입13.736.739.413.297 9                   50  0 50 0   13.60   15.70 6  8  1BNDN       1412  .5 5.5 6.0474712-1전개최상작전마주53기 0 9                            13.6    15.7        .0                       1 3 1 2  1                                            13.43472 0 7 7 0― 1.139.40 -.23     82.7123.1739.9453.7018405412.5023.9039.85 4
20260830일 1140010국642 8 45 1혼전 4451맑음다습11 3 9에코볼트        레볼루셔올백     4734.00한수 2 0 1 9 1  103      24750국6함완식이종원   2 1 2 2 1 2 2 0 1 1  1루이스49154.564강선상71 99 999263.068.046.9214410225611152450 02210192717      ↗↘입13.736.540.113.2812236.143.9 91.8 92.4100  0  0 0   13.50   13.50 6 -5 -1HHUP       1412-8.010.0 2.0858512 2마방기습전개최상73기 1 1 2     2 310⑩1:31.89    3.213.643.515.7  9  9  .0010 1 -9 3.697 5999810 2 5 2 31 2 2.05 3.05 2.1 3.9  3.8   15.8   23.5   24.610.54190 2 9 9 2▲ 1.340.20 -.6915.8289.0016.1632.2346.85 9223510.7125.5636.56 2
20260719일 1120011국611 8 15 2혼전 4455흐림포화16 3 9에코볼트        레볼루셔올백     2129.00한수 2     2 1  101      24750국6함완식이종원   2 2 1 2 1 2 1 0 0 0  0루이스48255.567평무보25 25 2531  .050.024.1214410225611152450 02210192717      ↗↘입14.838.339.512.9 22236.739.3 74.8 75.9              14.80   13.20 4  0  0LL동       12 0         6.0     0 0일반주행마방기습 5   0 6 2     2 2 2②1:14.89     .013.538.713.5 -8 28  .00 210  0 1.6432365478010 810 71 1 1.10 1.06 1.3 3.3  1.3   48.4   58.9  188.2  .02553-1 5 4-1▽ -.237.20 -.86-1.9477.06 5.6614.3924.12 41117 9.0918.1827.27 6
20261010토 3130011국6 2 9  7 0혼전 4457           310세명페이커      점보블레베트파티 42     한수 2 0 0   1    012:45 16500국6조현수이기철   4 0 4 4 1 3 1 0 0 3  0김용근   55.084하무보50 54 541414.046.022.52651131242 7 9 011 0 9 3302714      →↘선14.237.840.013.13222                    0  0  0 0   14.70   13.80 3  0  1NNUP       1310-1.3 9.3 8.0424212 1숨은복병탐색우려69기 010                            14.7    13.8        .0                       7 8 4 6  1                                              .01921-1 3 4-1▽ -.440.00 -.42     83.80 6.4713.5922.51 41121 4.17 8.8115.50 9
20260919토 2120011국612 6 67 1 2강 2251맑음건조 2 310세명페이커      점보블레베트파티 4250.00한수 2 0 0 9 1   51      16500국6조현수이기철   4 1 3 3 1 3 2 0 0 2  0김태훈47754.572하무보26 33 33 7 2.031.0 7.21758 81242 7 9 0 0 0 9 3122521      ↗→입14.237.739.613.1281737.639.0 76.7 76.6  0  0  0 0   14.30   13.40 5  0  0NHUP       1210 -.5 8.5 8.0414110 2숨은복병탐색우려60관 010 9     9 8 9⑧1:16.71¾  1.114.738.813.8 -3 16  .00 811  4 1.66767596746 7 6 7 90 2 1.03 7.05 1.4 3.6  1.4    5.0    6.3    4.8  .019 3-3 1 1-3▼-1.538.00 -.09 -.7176.78  .59 3.63 7.23 2 510  .12  .78 3.0811
20260817월 1100010국610 7 17 2혼전 4459흐림다습13 310세명페이커      점보블레베트파티 4250.00한수 2 0 0 2 1   92      24750국6조현수이기철   4 2 2 2 2 3 1 0 0 1  0김태훈46154.572하무보28 47 472619.047.022.01758 81242 7 9 0 0 0 9 3122521      ↗→입14.237.837.813.6315337.538.9 63.3 63.7  0  0  0 0   14.20   13.90 7  1 -1NH동       1010-2.010.0 8.0505010 0최빈거리작전마주 5   010 7     7 7 7⑧1:03.3머리 1.714.338.313.4  1 -4  .00 8 7 -3 2.57255787332 8 4 2 80 1 1.09 2.06 1.0 3.2  1.0    7.7    9.5   26.5  .02039-1 5 3-1▽ -.437.40  .06-11.963.09 6.2713.1821.98 3 713 4.9011.1112.7811
20260627토 1100011국610 7 67 3 1강 1155맑음건조 4 310세명페이커      점보블레베트파티 4250.00한수 2     9 1  120      24750국6조현수이기철   4 3 1 1 1 3 1 0 0 0  0루이스46555.067평무보25 25 25 6  .025.0 2.02144101242 7 9 0 0 0 9 3192717      ↗↘입14.637.538.413.964 137.438.7 63.5 63.8              14.60   14.20 4  0  0LL동       10 0         9.0     0 0일반주행탐색우려44기 0 9 8     8 7 6⑧1:03.51¼  1.014.238.413.9 -2 18  .00 810  0 1.47152696450 511 7110 1 4.02 8.05 1.2 3.5 14.2   29.4   60.3   77.8  .015 2-4 1 3-4▼-2.137.70  .48-12.163.26  .14  .69 1.98 1 2 5 8.0916.6027.78 9
20261010토 3130011국6 2 9  9 0혼전 4457           311푸른참          레볼루셔푸른미소 4734.00한암 3 0 0   1    012:45 16500국6박천서김명식   1 0 4 4 2 3 1 0 0 3  0김태현   54.053하무보50 40 4026 7.034.013.8 950 41057 5 6 0 02913 5191319      →↘선13.937.740.213.63713                    0  0  0 0   14.00   14.00 4  3  0NN동       1312-1.7 9.0 7.3232313 0일반주행보통주행45관 011                            14.0    14.0        .0                       61010 8  1                                            13.41514-2 1 1-2▽-1.140.20 -.23     83.87 1.94 6.5013.84 3 713 2.78 6.2912.1810
20260912토 41300 9국641 6 49 1 1강 1151맑음건조 3 311푸른참          레볼루셔푸른미소 4734.00한암 3 0 0 2 1   70      16500국6박천서김명식   1 1 3 3 1 3 1 0 0 2  0조한별42254.060하선보17 17 17 1 3.026.0 2.31327101057 5 6 0 3 013 5122118      ↗↘입13.937.540.313.648 938.039.8 84.2 84.0  0  0  0 0   13.90   13.90 7  6  3NNUP       1312-1.0 9.0 8.0242412 1발길대로탐색우려21관 0 8 6     6 7 8⑥1:24.28    2.114.040.114.0 -3  2  .00 6 9  1 2.27567657322 7 9 9110 2 4.0510.11 2.1 3.9  6.1   15.5   31.1  106.913.4 6 1-4 1 1-4▼-2.139.80  .16 6.2383.80  .18  .84 2.33 0 1 4  .12 2.26 4.8411
20260726일 2120011국633 8 39 2 1강 1151맑음다습10 311푸른참          레볼루셔푸른미소 2129.00한암 3 0 0 9 1  120      16500국6박천서김명식   1 2 2 2 2 3 1 0 0 1  0조성환42051.054하무보25 19 1922 3.024.0 8.0 718 61057 5 6 0 0 013 5 91720      ↘→추13.936.940.114.275 537.839.7 77.4 77.1  0  0  0 0   13.90   14.50 4 -5 -4HH동       1212-2.010.0 8.0222212 0최빈거리보통주행78기 0 2 6     81010⑧1:17.4¾   1.913.939.913.9  0-14  .00 8 8 -2 2.08078778526 6 7 5100 1 2.01 8.05 1.9 3.0  3.6    3.0    6.4    4.0  .013 4-4 1 1-4▼-1.839.00  .05  .1276.62 1.16 4.05 8.01 1 3 6  .12 1.69 3.3610
20260628일 2120011국612 9 19 3 2강 2234맑음건조 3 311푸른참          레볼루셔푸른미소 2129.00한암 3     9 1   69      16500국6박천서김명식   1 3 1 1 1 3 1 0 0 0  0조한별43455.062평무보 9 25 25 5  .023.0  .51327101057 5 6 0 3 013 5122118      ↗↘입14.137.740.113.930 136.740.4 78.1 76.7              14.10   14.20 4  0  0LL동       12 0         5.0     0 0일반주행탐색우려34관 0 7 6     6 7 9⑧1:18.11¾  2.113.940.814.5 -2 -7  .00 810  0 2.66820877725 8 711110 1 1.04 5.11 1.3 2.5  1.3    5.7    6.4    6.1  .015 1-4 1 1-4▼-2.538.10 -.20-1.1377.06  .28  .50  .54 1 2 5 8.8718.6435.24 6
20261010토 4140011국6 0 9  9 0 1강 1151           4 1파사에이스      콩코드포플리트코 7627.00한수 3 0 0   1    013:35 16500국6서홍수황현     0 0 8 8 3 7 2 0 0 7  0빅투아   56.091평입보50 68 684868.063.046.83152131950 8242619 02618222818 099 0→→선14.137.440.114.12422                   17 33  0 0   14.50   14.60 4 -3  0UV동55.04821413  .8 3.8 4.6595912 0숨은복병보통주행60기 1 1                            14.5    14.6        .0                      10 7 2 2  2                                              .01950 0 7 6 0― 1.140.10-1.25     89.6217.4733.4146.8312274117.9531.5846.24 2
20260913일 3140011국631 7 39 1 2강 2252맑음건조 3 4 1파사에이스      콩코드포플리트코 7627.00한수 3 0 0 2 1   61      16500국6서홍수황현     0 1 7 7 2 7 1 0 0 6  0빅투아48156.091평입하38 47 472025.046.026.53152131950 8242619 02618222818 099 0→→선13.937.340.114.0292237.439.5 90.1 88.9 20 40  0 0   13.70   14.9012  2  1UV동55.04821413 1.2 3.8 5.0595912 0숨은복병휴양불리56기 0 4 6     6 6 5⑤1:30.16    1.114.540.114.6  1 -9  .00 5 4  3 1.64465526049 7 7 4 42 1 1.03 3.07 1.5 3.1  1.5    4.6    5.9   36.5  .01963-1 4 3-1▽ -.338.60 -.6711.4789.55 5.5614.0326.52 92133 6.4116.5629.36 4
20260620토 3140011국611 9 69 2 1강 1151비  불량20 4 1파사에이스      콩코드포플리트코 7627.00한수 3 0 0 2 2  229      16500국6서홍수황현     0 2 6 6 1 7 3 0 0 5  0우인철49055.082평입상65 90 905383.063.041.51514 71125 5242628 02618112823 099 0↘↗입13.937.340.114.0292236.241.5 90.0 89.5 20 40  0 0   14.00   13.60 4 -7  0UUUP55.04821413 1.3 4.3 5.5525212 1일반주행거리부담 5기 1 2 3     3 2 8⑩1:30.01½  1.813.741.614.9  9  7  .0110 1 -1 2.165 8918032 5 6 2 40 3 3.06 8.03 1.8 6.4  8.3   30.3   61.3  110.8  .01752 0 6 5 0― 1.138.70-1.0312.0889.5514.1628.0541.4710193425.7446.7059.57 2
20260524일 2130011국631 9 89 3 1강 1168맑음다습11 4 1파사에이스      콩코드포플리트코 7627.00한수 3 0 0 2 1   69      16500국6서홍수황현     0 3 5 5 4 7 2 0 0 4  0우인철48355.074평입상62 79 795988.070.094.02048101950 8242628 02618112823 099 0↗↘입13.937.640.014.2462537.738.8 83.1 82.3  0 25  0 0   14.00   13.90 4  3  0LU동55.04821313 1.3 4.3 5.5525212 0신저혈통탄력호전38기 0 9 6     7 6 4③1:23.1½    .014.039.313.6  1  1  .00 3 2 -2  .51753333491 7 5 1 13 2 3.07 5.03 2.4 5.5  3.9   43.4   67.0   46.1  .03779 3 7 7 3△ 1.839.30-2.00 4.6983.6853.7480.8593.9538597049.1279.6794.50 1
20260426일 11300 8국631 7 39 4 3강 3352맑음건조 3 4 1파사에이스      콩코드포플리트코 7627.00한수 3 0 0 9 1   70      16500국6서홍수황현     0 4 4 4 3 7 1 0 0 3  0우인철48255.074하입하13 21 2127 9.035.010.92048101950 8242628 02618112823      ↗↘입13.937.440.214.3541237.938.8 83.4 82.5  0  0  0 0   14.00   14.90 6 -3 -2NH동       1313 2.0 4.3 6.3454512 0일반주행신저혈통44기 0 6 6     6 5 3③1:23.4¾    .214.039.513.9 -1  0  .00 3 4 -1  .32567334475 6 7 7 72 1 2.01 2.07 1.6 2.8  4.1    2.8    7.5    9.6  .02116-4 2 1-4▼-1.339.60  .04 4.9383.68 1.51 4.9310.89 41117 3.80 7.3611.69 8
20260314토 2130011국611 8 19 5 2강 2251맑음양호 7 4 1파사에이스      콩코드포플리트코 7627.00한수 3 0 0 2 1  125      16500국6서홍수황현     0 5 3 3 2 7 2 0 0 2  0송재철48256.575하입보13 60 601818.047.021.41745 91950 8242618212618192620      →→입13.937.540.214.2481537.540.6 85.0 84.1  0  0  0 0   14.30   14.50 4  4  1LN동       1312 1.5 4.0 5.5575712 0일반주행거리속성47기 1 9 8     6 6 6⑧1:25.01½  2.214.041.114.9  3 -5  .00 8 5  1 2.37645858222 410 7 62 2 1.02 1.02 1.7 3.3  1.7    3.3    5.0    7.0  .01535 0 4 3 0― -.339.80 -.29 6.4183.74 4.6211.2821.42 51222 3.88 9.4219.01 6
20260215일 1130010국640 9 99 6 1강 1152맑음건조 3 4 1파사에이스      콩코드포플리트코 7627.00한수 3 0 0 2 1   62      24750국6서홍수황현     0 6 2 2 1 7 1 0 0 1  0송재철48756.075평입보58 58 582663.054.051.51745 91950 8242618212618192620      →→입14.037.739.613.7356137.840.4 85.6 84.1  0  0  0 0   13.90   14.00 4 -2 -1NHUP       1312 3.0 4.0 7.0484812 1교체실패거리속성77기 1 5 8     7 7 5④1:25.61¾   .514.341.114.5  0  0  .00 4 4  0 2.77659818368 6 4 3 33 1 1.07 2.03 2.4 5.8  2.4   58.0   73.5   41.4  .02040 0 5 5 0―  .239.60 -.91 6.7683.4820.7839.3651.5412264110.4725.8419.77 2
20260117토 1120012국620 8 79 7 2강 2255맑음건조 5 4 1파사에이스      콩코드포플리트코 7724.00한수 3     2 1   84      24750국6서홍수황현     0 7 1 1 1 7 1 0 0 0  0이동하48756.591평무보56 25 2546  .049.028.23150151950 8242635542618252419      ↗↘선14.237.839.413.1303437.438.7 76.6 75.7              14.20   13.40 4  0  0LL동       12 0         2.0     0 0일반주행우수혈통 5기 0 7 4     4 4 7⑦1:16.62½  1.113.939.414.0  3  2  .00 7 4  0 2.53762445147 71011 52 1 2.07 4.01 1.7 3.1  4.0   29.2   45.7   84.8  .01637 0 4 6 0― -.237.70 -.64-1.5176.73 7.1017.5928.20 61425 8.1516.1829.79 6
20261010토 4140011국6 0 9  8 0 1강 1151           4 2드림다이아      TAPWRIT 새치     1422.00한암 3       1    013:35 16500국6이관호김아라   2 013 1 1 0 1 0 1 0  0푸르칸   54.079기입적79 81 815166.063.042.1235515214111202114 0222014242150 0 0↗→추13.836.740.214.26513                   25 13 38 0   14.60   12.8011 -1 -1HH동54.34491414  .0 4.8 4.8575714 0숨은복병작전마주50기 0 2                            14.6    12.8        .0                       3 9 1 3  1                                              .02154 0 7 6 0― 1.040.20 -.75     89.2114.8328.7642.1218385514.1029.2440.86 3
20260725토 3140011국641 9 98 1 1강 1151맑음다습11 4 2드림다이아      TAPWRIT 새치     1422.00한암 3 0 0 9 2  202      16500국6이관호김아라   2 11212 612 1 0 111  0조재로45555.087기입적36 36 364524.055.030.62341 7215017202121 0222019262250 0 0→↗입13.836.840.314.2631236.943.1 92.9 92.2 25 13 38 0   14.20   13.60 5 -5  0HNUP54.34491414 -.2 6.4 6.2414114 1숨은복병기복전력80기 0 3 3     4 4 8⑪1:32.96    3.913.943.216.2  8 11  .0911 3  2 4.697389898 9 3 7 6 50 3 2.01 4.05 3.1 4.9  3.2    4.9    8.7  159.3  .01959 0 5 6 0―  .639.80 -.5915.1489.34 8.5519.2630.58 61829 5.3811.7621.43 6
20260621일 1130010국650 6108 2 3강 3352맑음포화19 4 2드림다이아      TAPWRIT 새치     1422.00한암 3 0 0 2 1   90      16500국6이관호김아라   2 21111 412 1 0 110  0조한별44455.060기입적66 83 836657.060.051.5132710214111202117 0222012211850 0 0↗↘입13.836.940.014.2811938.538.9 82.5 83.4 25 13 38 0   14.10   14.50 5  4  0NNDN54.34491414 -.2 6.4 6.2414114-1숨은복병작전마주 5기 1 8 9    10 9 6⑤1:22.52½  1.514.238.413.6  4 -8  .09 5 1  0 2.15986356436 1 6 1 23 4 6.04 9.05 2.3 5.5 14.3   49.1  134.4   70.4  .02067 0 6 5 0―  .540.30 -.67 6.5483.2319.8836.5651.5318405421.9541.1855.85 1
20260516토 11400 9국641 9 48 3혼전 4459맑음건조 3 4 2드림다이아      TAPWRIT 새치     1422.00한암 3 0 0 2 1  100      16500국6이관호김아라   2 31010 512 1 0 1 9  0조재로45255.088기무적21 34 345721.053.034.3345314214111202121 0222019262250 0 0↗↘입13.736.840.414.1641236.340.3 90.5 88.5 14 14 29 0   14.50   14.30 4  0  0HN동54.34491413 -.2 6.4 6.2414114 0숨은복병기복전력52기 0 4 5     3 3 2③1:30.5½    .014.141.114.5  2 -1  .00 3 1  0 2.42910734691 1 6 4 42 2 2.05 9.03 2.1 2.9  3.8   38.6   57.9   16.9  .01974 0 5 5 0―  .339.00 -.7311.3089.4111.2623.0434.26 92133 8.7018.6933.15 4
20260419일 31400 9국621 9 78 4 1강 1159맑음건조 4 4 2드림다이아      TAPWRIT 새치     1422.00한암 3 0 0 2 1   69      16500국6이관호김아라   2 4 9 9 412 3 0 1 8  0조한별45355.060기무상57 62 623961.054.051.1132710214111202117 0222012211850 0 0↗↘입13.837.040.514.146 937.839.7 92.0 90.0 14 14 43 0   13.80   14.40 4  0  1HN동54.34491413 1.8 6.0 7.8252514 0일반주행작전마주52기 0 4 5     4 3 4⑧1:32.02    1.214.540.614.3  7  4  .09 8 1 -3 1.77885607847 3 8 1 20 3 3.04 7.03 1.6 3.1 10.9   41.8   80.2  301.5  .02030 0 5 4 0―  .239.10-1.3612.5089.6220.0039.0651.0718375323.5355.9167.86 1
20260321토 3140011국641 9 98 5 1강 1156맑음건조 5 4 2드림다이아      TAPWRIT 새치     1422.00한암 3 0 0 2 1   82      16500국6이관호김아라   2 5 8 8 312 2 0 0 7  0조한별44954.560하무상34 41 412315.043.023.7132710214111202117 02220122118 0 0 0↗↘입13.837.240.514.132 936.239.4 89.0 87.6  0  0 33 0   14.30   13.60 5 -7  1HV동54.04481413 1.8 6.0 7.8252514 0일반주행거리탄력54기 1 4 2     2 2 1②1:29.0머리  .013.840.114.4 -2  1  .00 2 4 -1  .0 7 8491792 610 6 61 2 1.04 9.04 2.7 5.5  2.7    7.9   14.8   33.6  .01529 0 3 2 0― -.338.40 -.77 9.8689.76 6.1613.6623.69 41221 5.1312.5822.31 6
20260215일 3140011국641 9 98 6 1강 1151맑음건조 3 4 2드림다이아      TAPWRIT 새치     1422.00한암 3 0 0 2 1   81      16500국6이관호김아라   2 6 7 7 212 1 0 0 6  0조한별44854.060하입상23 17 1723 9.031.0 7.1132710214111202117 02220122118      ↗↘입13.836.940.514.155 637.938.8 90.6 88.7  0  0 20 0   14.00   13.60 3  1 -1NNUP       1413 2.2 6.0 8.2171713 1일반주행부진마필72기 111 8     7 6 5④1:30.61½   .314.339.813.6 -1 -3  .00 4 5 -2  .43786295574 310 8 80 1 3.01 6.03 2.7 6.5  5.2    6.5   15.8   12.6  .015 6-3 1 1-3▼-1.539.00 -.1311.3089.55  .48 3.31 7.05 2 714 2.78 5.6911.58 7
20260125일 2130011국620 2 78 7혼전 4451맑음건조 3 4 2드림다이아      TAPWRIT 새치     1422.00한암 3 0 0 2 1   51      16500국6이관호김아라   2 7 6 6 312 1 0 0 5  0조재로45154.588하입보 6  6  61813.035.0 7.5345314214111202121 02220192622      ↗↘입13.836.940.514.186 738.039.2 82.5 83.1  0  0 50 0   13.70   14.70 5 -1  5LNDN       1410 3.3 5.8 9.0111110-1탄력저조거리속성 5기 010 7     7 7 5⑤1:22.57    1.414.038.913.6 -2 -8  .00 5 7  4 1.84872486235 21110 90 1 5.01 1.02 2.3 5.3  9.8    7.1   17.9    7.5  .01220-4 2 5-4▼-1.440.20  .27 5.6583.55 1.22 2.78 7.46 2 510 3.06 6.8314.38 8
20251220토 3140011국610 9 18 8 1강 1157흐림포화16 4 2드림다이아      TAPWRIT 새치     1422.00한암 2 0 0 2 1  10511:25 16500국6이관호김아라   2 8 5 5 112 1 0 0 4  0권중석45950.066하입보 5  5  530 8.029.013.21341 6214111202114 02220191818      ↘→선13.836.840.914.164 436.540.6 89.5 89.2  0  0 50 0   13.80   15.60 6  0 -4NHUP       1410 3.3 5.3 8.7131310 1걸음없음거리부담72기 011 2     2 1 3⑥1:29.5코   2.213.740.614.7  3 -3  .01 6 3 -4 2.66122806924 111 9 81 1 1.02 1.10     2.3  1.2    2.3    2.6   36.3  .012 8-4 1 2-4▼-1.539.20 -.4911.5489.76 1.23 7.5513.22 1 5 9 3.45 8.0611.67 5
20251108토 5130011국643 9 98 9 2강 2252흐림건조 3 4 2드림다이아      TAPWRIT 새치     1422.00한암 2 0 0 2 1  150      16500국6이관호김아라   2 9 4 4 212 1 0 0 3  0문세영46254.073하입하 5  5  52032.042.017.53845 0214111202144202220293615      ↗↘입13.837.140.514.172 736.842.0 85.7 84.7  0  0 33 0   13.60   15.50 3  6  0NN동       1310 4.5 3.5 8.0181810 0걸음없음거리속성42기 011 3     3 3 6⑩1:25.73    3.413.842.615.6  3 12  .0010 7 -2 3.48612969011 31110 60 2 1.0210.04 2.6 4.3  2.6    4.3    8.7    6.0  .01218-4 4 3-4▽ -.840.40 -.15 7.1283.68 3.39 8.8517.53 61325 3.0012.3121.03 5
20251019일 2130011국632 6 8810혼전 4451맑음포화17 4 2드림다이아      TAPWRIT 새치     1422.00한암 2 0 0 2 2  208      16500국6이관호김아라   210 3 3 112 1 0 0 2  0유승완45054.066하입하 6  8  81810.035.0 6.81133 7215017202122 02220152722      →→입13.837.340.414.1621036.943.1 85.7 86.9  0  0  0 0   14.50   15.00 8  4  1NNUP       1310 1.0 5.0 6.0323210 3마방연대거리속성77기 1 5 4     3 510⑩1:25.76    4.613.642.615.5  1  9  .0010 9  7 4.698199997 4 31011 80 2 1.03 9.11 1.7 3.6  1.7    3.6    4.6    4.6  .03021-3 2 2-3▼-1.240.70  .09 9.1583.74  .64 2.57 6.83 2 714 3.16 6.9311.54 8
20250823토 1100011국610 3 6811 1강 1155흐림건조 4 4 2드림다이아      TAPWRIT 새치            한암 2 0 0 2 2  36810:35 24750국6이관호김아라   211 2 2 212 1 0 0 1  0문세영44153.573하입보26 35 3557  .058.047.82735 0215017202144202220293615      ↗↗입13.837.138.114.1712538.340.3 65.4 65.8  0  0  0 0   13.80   14.10 6 -5  0HH동       1010         6.0    10 0일반주행마방연대42기 0 110    101010⑩1:05.410   4.014.540.115.0  8 -9  .0010 2 -3 4.097799796 3 5 6 7 20 1 1.08 5.09     6.8  2.1   28.6   43.9   55.2  .02160-1 6 5-1▽  .438.60 -.49-9.3662.8716.9833.7947.76183753 8.8718.0328.99 2
20250712토 11000 9국620 5 7812 2강 2255맑음건조 5 4 2드림다이아      TAPWRIT 새치            한암 2     2 3  47410:35 24750국6이관호김아라   212 1 1 112 1 0 0 0  0유승완45053.569평무보   35 3540  .041.021.4 930 0152611202122 02220152722      ↗→입13.837.137.813.8    37.039.0 63.6 63.6              13.80   14.10        LN동       10 0                 0 0일반주행작전마주58기 1 6 4     4 3 5⑥1:03.61½  1.613.838.914.1  1  0  .00 6 5  0 2.47133806132 1 1 1 72 1 3.01 8.05     2.5  9.8    6.3   23.1   20.1  .02047-2 4 3-2▽ -.838.10  .45-11.362.71 5.3611.5821.40 4111711.1122.2233.33 6
20261010토 4140011국6 0 9  9 0 1강 1151           4 3나이트캡틴      레이스데쉬저스트 8830.00한암 3 0 0   1    013:35 16500국6조현수신명석   0 0 7 7 1 6 2 0 0 6  0조상범   54.057평입상50 53 5310 9.032.010.0 927 61242 7 9 0 0 0 9 3132116 099 0↗→입14.237.340.114.03217                    0 20  0 0   14.30   13.90 6 -8  0VUUP54.54561412-2.0 7.4 5.4404012 1일반주행탐색우려39관 0 3                            14.3    13.9        .0                       7 6 911  2                                              .015 3-4 1 1-4▼-1.340.10 -.22     89.55 1.73 4.92 9.95 1 3 6 3.85 7.0211.8310
20260829토 3130010국631 6 89 1 2강 2251흐림다습12 4 3나이트캡틴      레이스데쉬저스트 8830.00한암 3 0 0 9 1  111      16500국6조현수신명석   0 1 6 6 3 6 1 0 0 5  0조상범44854.057기입보17 26 2622 2.032.013.6 927 61242 7 9 0 0 0 9 3132116 099 0↗→입14.137.539.914.0472537.739.3 82.6 83.1  0 25  0 0   14.10   14.90 6  3 -1BU동54.54561312-1.5 7.0 5.5424212 0일반주행기복전력51관 011 7     6 6 6⑤1:22.66    1.614.338.813.9 -4 -7  .00 5 9  0 1.74854495034 6 9 7 92 1 3.01 5.01 1.9 3.3  4.7    4.9   12.2   27.7  .01519-2 1 1-2▽-1.139.60  .08 5.7383.55 1.65 6.1913.56 1 3 7  .12 1.47 5.1111
20260719일 2130011국651 9109 2 1강 1156흐림포화16 4 3나이트캡틴      레이스데쉬저스트 8830.00한암 3 0 0 2 1  100      16500국6조현수신명석   0 2 5 5 2 6 3 0 0 4  0김용근45555.084기입적28 31 314223.050.035.62651131242 7 9 01143 9 3302714 099 0→↘선14.037.539.713.8494137.341.1 84.1 84.4  0 33  0 0   14.10   15.20 6  3  0NV동54.54561312-1.7 6.3 4.7474712 0연대우수기복전력 5   0 8 8     6 5 7⑧1:24.12½  1.914.141.214.9 -1  2  .00 8 9  6 2.78239908630 6 5 7 32 3 4.05 7.05 2.8 6.0  9.1   42.1   92.4   30.1  .03234 0 4 4 0― -.139.90 -.41 7.1683.4212.1825.2835.60122641 9.5216.5521.98 6
20260607일 2130010국651 9 59 3 3강 3358맑음양호 6 4 3나이트캡틴      레이스데쉬저스트 8830.00한암 3 0 0 1 1  109      16500국6홍대유신명석   0 3 4 4 1 6 2 0 0 3  0김용근45355.084기입보37 45 454655.061.059.4265113194312152236432014302714 099 0→↘선14.037.539.713.8473737.540.6 85.8 83.8  0 33  0 0   14.20   14.2014 -6  1NVUP54.54561312-1.0 6.0 5.0444412 1연대우수연대우수25관 0 5 7     4 4 3⑥1:25.82    2.014.141.515.2  3  6  .01 6 3 -4 2.26747838127 7 5 4 32 2 2.01 4.09 2.2 3.6  3.3    3.6    8.2    6.813.23754 0 6 6 0―  .639.70-1.05 6.6083.4221.4641.7859.3714304719.5142.3161.02 2
20260301일 2120011국634 8 89 4 1강 1151맑음건조 3 4 3나이트캡틴      레이스데쉬저스트 5227.00한암 3 0 0 1 2  287      16500국6홍대유신명석   0 4 3 3 3 6 1 0 0 2  0김용근44754.082기입보68 85 856487.068.045.51943 81838 4152236432014302714 099 0↗→선13.737.539.313.7312736.939.7 77.0 76.3  0 50  0 0   13.90   13.80 6 10 -1VU동54.54561212-1.0 6.0 5.0444412 0숨은복병연대우수63기 01110     6 4 4④1:17.05     .914.239.814.2 -3 -9  .00 4 7  3 2.05731776752 9 3 4 32 1 1.03 8.10 2.2 3.8  2.2    5.2    7.4  111.612.03789 2 7 7 2△ 1.338.10 -.90 -.5576.5115.9231.5245.4512264116.7730.8738.94 3
20260118일 1120010국650 9109 5 2강 2251흐림건조 5 4 3나이트캡틴      레이스데쉬저스트 5227.00한암 3 0 0 2 1   94      16500국6홍대유신명석   0 5 2 2 2 6 2 0 0 1  0이용호45654.565하추보18 12 1218 4.027.0 5.41652 7194312152210 02014191820      →↘자14.538.139.413.7 32537.438.3 76.7 75.2  0  0  0 0   14.50   13.50 5 -7  1HN동       1212-2.0 8.0 6.0151512 0일반주행최적거리 5기 1 1 3     3 3 2④1:16.7¾    .313.939.313.8  0 -7  .00 4 4 -4  .82062323974 9 5 6 82 2 1.09 3.05 3.2 5.7  3.2   56.3   87.7   48.3  .01511-4 1 1-4▼-1.937.20 -.15-2.3376.90  .48 1.90 5.43 2 510  .99 3.21 6.54 7
20251213토 1120012국610 8 19 6 2강 2255비  포화16 4 3나이트캡틴      레이스데쉬저스트 5227.00한암 2     2 1  108      24750국6홍대유신명석   0 6 1 1 1 6 1 0 0 0  0이용호46354.065평무보34 25 2539  .026.0 9.61652 7194312152210 02014191820      →↘자13.936.740.314.399 138.039.2 75.9 77.1              13.90   14.60        LN동       12 0         2.0     0 0일반주행보통주행50기 0 811    11 9 7⑥1:15.92½  2.514.538.613.5 -2 12  .00 6 8  0 3.27885628017 412 9 93 1 1.0511.04     1.8  1.1    8.3    8.9    6.9  .01510-4 2 1-4▼-1.739.20 -.01  .1076.62 1.05 3.36 9.58 1 3 7 7.5915.3829.22 8
20261010토 4140011국6 0 9  5 0 1강 1151           4 4크리솔텐        크리솔라동해텐텐 4132.00한암 4 0 0   1    013:35 16500국6안병기요시다가 0 0 2 1 1 1 2 0 0 1  0오수철   54.064하추상50 47 473013.034.012.2 733 52254 91825 9 01810112115      ↘↗입14.437.839.213.3 273                    0  0  0 0   14.40   13.20 7  3  0NHUP       1412-6.010.0 4.0333312 2일반주행거리부담33관 0 4                            14.4    13.2        .0                      11 11010  2                                              .01513-3 3 2-3▽-1.139.20 -.03     89.28 1.52 5.5012.18 1 5 9 3.85 8.1916.13 9
20260822토 2120010국623 8 75 1 1강 1153비  불량20 4 4크리솔텐        크리솔라동해텐텐 6226.00한암 4     2 1  132      16500국6안병기요시다가 0 1 1 1 1 1 1 0 0 0  0오수철47554.064평무보 5 25 25 7  .023.0 5.0 733 52254 91825 9 01810112115      ↘↗입14.237.939.713.217 138.338.2 75.6 75.6              14.20   13.50 4  0  0NL동       12 0         7.0     0 0일반주행우수혈통40관 1 1 9     9 8 7④1:15.63    1.614.437.813.2 -6 11  .00 410  0 2.8329030643310 711103 1 3.0110.07 1.7 2.7  8.1    4.3   14.3    3.2  .016 4-4 1 1-4▼-1.937.50 -.20-2.0276.95  .52 1.89 5.00 0 1 4 9.0218.9743.06 4
20261010토 4140011국6 0 9  9 0 1강 1151           4 5원더풀캐시      퍼지    노블볼트 4942.00한암 4 0 0   1    013:35 16500국6서범석지대섭   2 016171116 1 0 015  0루이스   54.064평입보50 57 572112.036.015.22144101347 4191016 01816192717 0 0 0↗↘입13.937.440.013.81930                    0  9  9 0   14.60   14.20 4  2  0NH동55.04851714-1.8 7.2 5.4454514 0최빈거리조교부실33관 0 5                            14.6    14.2        .0                       9 5 7 8  1                                              .01122-1 2 1-1▽ -.840.00 -.35     89.55 3.25 7.8415.16 2 511 2.5610.5318.28 7
20260912토 3140011국651 8109 1혼전 4451맑음건조 3 4 5원더풀캐시      퍼지    노블볼트 4942.00한암 4 0 0 2 1   71      16500국6서범석지대섭   2 115161016 1 0 014  0오수철48854.064하입보46 42 4222  .034.011.8 733 51347 41910 0111816112115 0 0 0↘↗입13.837.440.113.8172737.339.5 90.7 88.8  0 10 10 0   13.80   13.70 4 -5  0HH동55.04851714 -.8 6.8 6.0424214 0최빈거리보통주행48관 0 3 7     4 5 7⑦1:30.72½  1.414.640.214.2 -3 15  .00 710    1.64159515639 8 610 92 1 3.01 6.04 2.6 6.0  6.7    8.6   18.9   27.2  .01319-1 1 1-1▽ -.938.50 -.3311.3089.62 3.08 6.4211.79 1 4 713.5825.0048.12 2
20260815토 2140010국613 9 69 2 1강 1151흐림건조 3 4 5원더풀캐시      퍼지    노블볼트 4942.00한암 4 0 0 2 1   90      16500국6서범석지대섭   2 21415 916 6 0 014  0조상범  054.057평입보41 43 4320 5.033.0 9.6 927 61347 41910 4141816132116 0 0 0↗→입13.837.340.013.82430                    0 10 10 0   14.00   14.30 6  6 -1LH동55.04851714 -.8 6.8 6.0464614 0일반주행보통주행 5   0 8                    경제    14.0    14.3     0  .07                      8 7 7 90 6 2.01 5.03 1.9 6.1  6.1    6.7   14.6   17.3  .015 7-3 1 1-3▼-1.440.00 -.15     89.48 1.93 3.96 9.63 2 510 2.00 4.02 7.32 8
20260705일 31400 8국611 9 19 3 2강 2249흐림건조 4 4 5원더풀캐시      퍼지    노블볼트 4942.00한암 4 0 0 1 1   88      16500국6서범석지대섭   2 31314 916 5 0 013  0조상범47355.057평입보19 38 382110.038.025.8 927 61347 41910 4141816132116 0 0 0↗→입13.837.440.013.8193036.939.6 90.9 88.9  0 11  0 0   15.50   14.60 5 -5  0HNDN55.04851714 -.8 6.8 6.0464614-3최빈거리최적거리28관 0 2 4     5 5 5④1:30.94    1.614.040.514.3  1 12  .00 4 3 -4 2.44439544636 6 3 3 52 5 1.06 4.06 1.5 3.0  1.5    8.2   10.6   27.0  .01314-2 3 2-2▽-1.038.50 -.6411.5089.55 5.4914.1425.82 81728 5.6613.5921.82 5
20260530토 3170011국611 9 19 4 1강 1153맑음양호 7 4 5원더풀캐시      퍼지    노블볼트 4942.00한암 4 0 0 9 1   98      16500국6서범석지대섭   2 41213 116 4 0 012  0조상범46155.057평입상36 52 521413.041.023.9 927 61347 41910 4141816132116 0 0 0↗→입13.939.741.713.8513441.141.3117.2115.0  0 13  0 0   14.50   13.70 4 -1  0NNUP55.04851714-2.0 7.2 5.2494914 3숨은복병거리속성66관 1 7 8 8 9 9 9 9⑦1:57.22½  1.315.542.114.6  0 -1  .00 7 7 -1 1.38093578344 7 4 4 50 4 1.03 3.09 1.5 3.4  1.5    6.7    8.3   18.9  .01927 0 3 3 0― -.441.60 -.1933.55114.0 5.4113.3823.94 61829 3.66 8.5918.22 5
20260503일 2140011국651 9 59 5 2강 2259비  다습10 4 5원더풀캐시      퍼지    노블볼트 4942.00한암 4 0 0 1 1   69      24750국6서범석지대섭   2 51112 816 3 0 011  0조상범46255.057평입하11 25 2523 2.033.016.9 927 61347 41910 4141816132116 0 0 0↗→입13.837.140.213.9451538.038.8 90.2 89.3  0 14 14 0   14.20   14.90 4  5  0LN동55.04851414-1.4 7.0 5.6515114 0일반주행조교부실31관 0 810     9 8 5④1:30.22½  1.014.539.013.7 -4 -4  .00 4 8  1 1.65688275753 4 4 5 63 3 2.01 1.03 2.5 4.6  3.9    4.6    9.4   13.6  .01515 0 1 1 0― -.938.90 -.3412.0089.48 4.13 9.3916.90 51221  .12 1.67 6.4210
20260405일 3140010국610 9 69 6혼전 4458맑음양호 6 4 5원더풀캐시      퍼지    노블볼트 4942.00한암 4 0 0 1 1   71      24750국6서범석지대섭   2 61011 716 2 0 010  0조상범46655.057기입적16 44 442111.034.017.0 927 61347 41910 4141816132116 0 0 0↗→입13.837.040.313.9481036.941.5 93.1 91.1  0 14 29 0   14.20   14.10 4 -4  0HN동55.04851414 -.4 6.8 6.4424214 0일반주행기복전력46관 1 3 4     4 4 9⑨1:33.1목   2.214.242.514.9  2 -3  .05 9 7 -1 2.49138919024 4 8 5 80 2 2.04 4.07 1.5 4.0  5.3   18.8   35.2   33.2  .01515-1 2 2-1▽-1.039.40 -.3413.8089.48 3.72 9.2017.00 1 4 8 3.57 9.3012.09 7
20260308일 3140010국651 9109 7혼전 4459맑음다습13 4 5원더풀캐시      퍼지    노블볼트 4942.00한암 4 0 0 2 1   71      24750국6서범석지대섭   2 7 910 616 1 0 0 9  0조상범46955.057기무적16 24 2422 6.030.011.0 927 61347 41910 4141816132116 0 0 0↗→입13.636.940.313.7531237.740.0 90.7 90.2  0 17 33 0   14.30   14.60 5 -1  0NN동55.04851414 -.4 6.8 6.4424214 0최빈거리기복전력60관 0 7 6     4 3 5⑤1:30.71¾   .614.240.214.1 -3  7  .00 5 8  0 1.08078698164 3 9 6 92 1 4.01 8.02 3.7 7.8  6.4   15.6   35.0   19.3  .012 9-2 1 1-2▽-1.239.30 -.1213.0189.41 1.58 5.2011.02 1 4 7 1.64 5.67 7.5011
20260131토 3140010국620 9 29 8 2강 2251맑음건조 2 4 5원더풀캐시      퍼지    노블볼트 4942.00한암 4     9 1   92      16500국6서범석지대섭   2 8 8 9 516 1 0 0 0  0이용호46255.063기무적17 25 2528 4.034.011.51652 71347 41910 8 01816191820 0 0 0→↘자13.736.740.313.7681237.740.4 91.4 90.2  0 20 20 0   14.30   14.0020 -2  0LN동55.04851412-1.2 6.8 5.6484814 0숨은복병휴양불리 5관 0 8 8     7 610⑩1:31.45    2.014.340.414.6  2 -2  .0010 8  6 3.28280788727 1 7 7 80 1 2.01 1.03 1.8 1.9  3.2    1.9    5.3    5.4  .01927-1 2 2-1▽ -.939.50 -.0313.1889.28 2.30 5.7711.53 2 613  .98 3.08 7.50 7
20250913토 5140010국621 9 79 9 1강 1151맑음포화19 4 5원더풀캐시      퍼지    노블볼트 4942.00한암 3 0 0 2 3  40716:35 16500국6서범석지대섭   2 9 7 8 416 4 0 0 7  0마이아46455.093하무적54 73 736473.072.081.53350291114 7191029 018163533 7 0 0 0→→선13.636.940.313.8571035.842.8 91.7 90.8  0 20 20 0   14.10   13.90 7  5  0VN동55.04851412-1.8 7.8 6.0464614 0일반주행탄력호전19관 010 1     1 1 9⑩1:31.76    3.313.842.715.8  8-15  .0910 2  1 4.190 2979212 3 8 3 11 5 3.07 4.03     4.1  8.6   45.2   89.4  171.6  .02455 1 6 4 1― 1.839.40-1.9613.6289.4143.1768.7281.4538597024.2443.3641.86 1
20250726토 21400 8국610 9 6910 2강 2254맑음건조 4 4 5원더풀캐시      퍼지    노블볼트 4942.00한암 3 0 0 9 3  433      16500국6서범석지대섭   210 6 7 316 3 0 0 6  0마이아47955.093하무상47 54 545671.071.064.23350291114 7191029 018163533 7 0 0 0→→선13.737.040.313.7491237.039.1 90.0 88.1  0 20 20 0   13.80   13.70 4 -6  0NN동55.04851412 -.3 7.3 7.0444414 0일반주행탄력호전40기 0 5 3     2 1 2④1:30.0½    .214.139.413.9  3 -1  .09 4 1 -2  .31643413476 3 6 3 11 4 4.02 7.06 1.8 5.2  8.0   23.1   54.7   49.0  .02153 1 7 6 1― 1.538.70-1.5810.7589.4826.4648.7264.1934536616.6733.9250.00 3
20250629일 2140011국621 7 7911 3강 3351흐림양호 9 4 5원더풀캐시      퍼지    노블볼트 4942.00한암 3 0 0 9 3  504      16500국6서범석지대섭   211 5 6 216 2 0 0 5  0마이아48055.093하무상30 43 435940.066.049.13350291114 7191029 018163533 7 0 0 0→→선13.737.040.613.850 436.639.6 88.8 88.3  0  0  0 0   13.90   14.80 5  9  0VN동55.04851412  .0 7.5 7.5373714 0적정체중보통주행40기 011 4     6 5 4④1:28.81½   .913.839.613.7  1 -2  .00 4 3 -6 1.22320583655 2 9 7 32 3 2.0110.07 2.0 3.2  2.8    3.2    6.5    6.911.22560 1 5 6 1― 1.038.80-1.3710.6889.6918.8535.1649.06143047 4.7613.7920.40 6
20250524토 2140010국650 910912 3강 3351흐림다습13 4 5원더풀캐시      퍼지    노블볼트 4942.00한암 3 0 0 2 4  61311:25 16500국6서범석지대섭   212 4 5 116 1 0 0 4  0마이아48255.092하무상26 56 565138.068.045.8335032 933 4191029 018163533 7 0 0 0↘→선14.037.040.813.858 636.640.5 90.3 88.9  0  0  0 0   14.40   14.50 6 -1  0HNUP55.04851412-2.0 8.0 6.0545412 2숨은복병거리부담67기 2 2 3     2 2 3③1:30.35     .913.940.714.8 -6 -3  .00 3 9  2 2.14723806857 6 9 4 31 2 2.08 1.03     8.7  4.2   18.1   26.6  123.811.83180 2 6 6 2― 1.238.90-1.4111.1489.8318.3532.2945.83143047 9.7819.4629.47 4
20250412토 1120011국640 9 9913 3강 3359비  건조 5 4 5원더풀캐시      퍼지    노블볼트  740.00한암 3 0 0 2 4  74013:25 16500국6서범석지대섭   213 3 4 416 1 0 0 3  0씨씨웡48555.090하무보 5 35 3520  .036.014.72333 5 933 4191030 01816212522      ↘↗선14.037.939.913.8 9 537.639.5 79.1 77.1  0  0  0 0   14.40   14.30 7  2  1HN동       1212         9.0    12 0최빈거리보통주행 1관 0 3 7     7 8 7⑥1:19.1목    .814.440.614.5 -1  4  .00 6 7  0  .97766727759 61011 60 1 3.01 2.09     8.4  6.1    8.5   20.2   19.8  .01324-3 1 1-3▼-1.238.00 -.60 -.7077.06 2.27 7.2114.68 5122215.4928.9559.60 1
20250222토 1120011국651 910914 1강 1151맑음건조 3 4 5원더풀캐시      퍼지    노블볼트  740.00한암 3 0 0 9 5  88810:35 16500국6서범석지대섭   214 2 3 316 2 0 0 2  0이동하48154.584하무보14 35 3523  .033.010.61638 92071141910 0 01816252419      →↗선14.037.839.913.8171037.940.4 80.3 78.3  0  0  0 0   14.50   14.80 5 -8  1HL동       1212         8.0    12 0교체실패거리난점 1기 0 1 9     9 910⑨1:20.32    2.214.441.514.3  2  3  .00 9 7  1 2.29379889323 8 810 80 2 6.01 5.07     8.5  8.2   11.7   26.9   36.0  .02012-3 2 1-3▼-1.238.50 -.43  .6077.01 1.44 4.7610.64 2 511 8.0316.7344.25 4
20250119일 1120011국612 7 1915 1강 1155맑음건조 3 4 5원더풀캐시      퍼지    노블볼트  740.00한암 3 0 0 2 5  96510:35 16500국6서범석지대섭   215 1 2 216 1 0 0 1  0이동하47854.084평무보38 35 3540  .033.011.41638 92071141910 0 01816252419      →↗선14.037.139.913.8681237.839.8 78.8 77.4  0  0  0 0   14.00   14.10 5  2  1NN동       1212         6.0    12 0최빈거리보통주행 1관 1 9 8     8 8 8⑧1:18.81    2.014.540.914.8  2 -5  .05 8 6 -2 2.58375798525 6 8 9 70 1 2.09 1.08     2.8  7.4  574.0  900.4   84.0  .01321-3 2 1-3▼-1.138.90 -.04  .4076.62 1.20 4.8011.43 3 816 9.0218.1831.44 8
20261010토 4140011국6 0 9  9 0 1강 1151           4 6슈퍼캔디        미스터크노피곰도 1631.00한암 4 0 0   1    013:35 16500국6이동국(주)쎄쎄 2 0 9 9 1 8 1 0 0 8  0조한별   54.060평무상50 56 56 8 6.033.012.61327101367 610 0 0 02011122118 099 0↗↘입13.837.439.513.82045                    0 13  0 0   13.80   13.20 6  4  0NNUP54.04941413-2.6 8.4 5.8454513 1일반주행탐색우려32관 0 6                            13.8    13.2        .0                       8 3 8 9  1                                              .015 6-1 1 1-1▽-1.039.50  .01     89.21 2.17 6.1512.60 0 4 7 1.28 4.68 9.6811
20260829토 3130010국631 6 89 1 2강 2251흐림다습12 4 6슈퍼캔디        미스터크노피곰도 1631.00한암 4 0 0 9 1  111      16500국6이동국(주)쎄쎄 2 1 8 8 5 8 1 0 0 7  0빅투아49454.091하추하13 16 1630 3.036.014.33152131367 610 029 02011222818      →→선14.138.139.614.0124937.338.7 81.6 82.1  0  0  0 0   14.30   14.30 6 -7 -1HN동       1313-1.8 9.0 7.2333313 0최빈거리최적거리46관 0 2 3     3 3 3④1:21.6목    .613.838.213.2 -4 -3  .00 4 8  1  .7153429176311 7 8 62 1 3.01 5.01 1.9 3.3  4.7    4.9   12.2   27.7  .01342-3 2 1-3▼-1.038.70 -.10 4.4383.74 2.51 7.0714.29 51221  .12 2.94 6.38 7
20260719일 2130011국651 9109 2 1강 1156흐림포화16 4 6슈퍼캔디        미스터크노피곰도 1631.00한암 4 0 0 2 1  100      16500국6이동국(주)쎄쎄 2 2 7 7 4 8 4 0 0 6  0오수철49755.064하추상44 47 471011.039.019.6 733 51367 610 0 5 02011112115      ↘↗입14.138.039.614.0164938.340.7 84.7 85.0  0  0  0 0   14.10   13.80 6  0  0LL동       1312-2.6 9.6 7.0323213 0일반주행최적거리 5   0 9 9    10 9 9⑨1:24.73    2.514.340.814.3  2 -5  .00 9 7 -1 3.39083859219 9 4 3 80 4 4.05 7.05 2.8 6.0  9.1   42.1   92.4   30.1  .015 7-3 3 1-3▼-1.039.50 -.21 7.3683.68 4.5510.9619.55 41117 3.17 8.2812.09 9
20260607일 1130010국642 8 49 3혼전 4451맑음양호 6 4 6슈퍼캔디        미스터크노피곰도 1631.00한암 4 0 0 1 1  110      16500국6이동국(주)쎄쎄 2 3 6 6 3 8 3 0 0 5  0오수철50255.064하추상32 35 352811.045.022.6 733 51367 610 0 5 02011112115      ↘↗입14.138.239.914.0104537.939.4 83.9 83.3  0  0  0 0   14.20   14.20 4  4  0BL동       1312-2.410.2 7.8242413 0착차만회최적거리89기 1 9 6     7 7 6⑤1:23.91     .814.139.813.8 -3 -5  .00 5 8 -1 1.95264536056 8 8 6 50 3 2.0510.03 2.5 2.9  2.9   20.6   30.4   12.5  .02529 0 3 4 0― -.438.90 -.60 5.2084.00 5.3112.5222.55 81728 2.60 7.6913.58 7
20260509토 4130011국640 9 99 4 1강 1151맑음건조 5 4 6슈퍼캔디        미스터크노피곰도 1631.00한암 4 0 0 2 1   77      16500국6이동국(주)쎄쎄 2 4 5 5 2 8 2 0 0 4  0오수철50755.064하추상15 16 1619 3.031.0 9.0 733 51367 610 0 5 02011112115      ↘↗입14.138.140.114.0152538.539.0 84.7 83.3  0  0  0 0   14.10   14.30 6  3  0NL동       1312-2.310.5 8.3171713 0일반주행최적거리54관 0 5 9    1010 5⑥1:24.7목    .914.239.514.2 -3  8  .00 6 9 -1 1.5558738685510 8 8 63 2 2.05 2.04 3.7 6.1  3.7   17.5   28.0   19.9  .01511-2 1 1-2▽-1.239.00 -.28 5.1284.06  .81 3.55 8.98 41221  .12 2.00 5.34 8
20260328토 1130010국610 9 69 5 3강 3351맑음건조 3 4 6슈퍼캔디        미스터크노피곰도 1631.00한암 4 0 0 9 1  125      16500국6이동국(주)쎄쎄 2 5 4 4 1 8 1 0 0 3  0오수철49955.064하무보10  8  8 0 3.027.0  .2 733 51367 610 0 5 02011112115      ↘↗입14.438.340.413.9 6 938.139.5 85.1 83.8  0  0  0 0   14.60   14.20 2 -1  4HBUP       1312-1.310.7 9.3111112 1걸음없음탐색우려31관 0 2 9     9 9 8⑤1:25.12    1.514.140.414.3 -5  0  .00 510 -1 2.369745871391110 9113 1 1.05 8.05 1.3 3.9  1.3    5.7    7.1   10.3  .0 5 1-4 1 1-4▼-2.539.00 -.33 5.1184.38  .12  .11  .22 0 1 4  .12 1.90 3.6211
20260315일 1120011국631 9 89 6 2강 2249흐림양호 6 4 6슈퍼캔디        미스터크노피곰도 8415.00한암 4 0 0 2 1   31      16500국6이동국(주)쎄쎄 2 6 3 3 3 8 1 0 0 2  0조성환49951.054하무보 9  8  8 4 3.027.0 3.8 718 61367 610 0 3 02011 91720      ↘→추14.438.140.014.0 3 638.739.9 79.8 78.0  0  0  0 0   14.40   14.60 6  0  0HH동       1212-2.010.5 8.5131312 0최빈거리거리난점54관 0 311    111111⑪1:19.82    3.214.640.614.2  0  4  .001111  1 3.59196799412 5 6 3100 1 6.0210.02 1.6 3.6 26.7   55.4  152.8   21.9  .0 9 1-4 1 2-4▼-2.138.10 -.45 -.0677.23  .14 1.00 3.83 81728  .12 1.90 2.4810
20260131토 2120010국610 9 69 7 2강 2259맑음건조 2 4 6슈퍼캔디        미스터크노피곰도 8415.00한암 4 0 0 9 1  114      16500국6이동국(주)쎄쎄 2 7 2 2 2 8 1 0 0 1  0권중석49551.067하무보 5  8  8 5 2.025.0 6.31341 61367 610 0 0 02011191818      ↘→선14.638.240.014.0 1 938.140.0 79.0 77.5  0  0  0 0   14.60   14.30 5 -7  0HH동       1212-2.011.0 9.0161612 0최빈거리조교부실 5관 0 3 9     9 9 9⑧1:19.04    3.014.440.814.6 -2 -7  .00 810 -1 3.4858681901410 9 7110 1 2.01 2.10 1.6 4.7  7.1    5.0   10.9   12.5  .0 9 3-4 1 2-4▼-2.037.80 -.56 -.6877.29  .28 1.75 6.32 0 1 4  .12 1.23 2.6911
20251227토 2120011국610 9 69 8 1강 1159맑음다습14 4 6슈퍼캔디        미스터크노피곰도 8415.00한암 3     9 1  10511:00 16500국6이동국(주)쎄쎄 2 8 1 1 1 8 1 0 0 0  0우인철50251.075평무보10 25 2525  .031.012.32048101367 610 015 02011112823      ↗↘입15.838.838.312.7 19638.640.0 79.0 78.2              15.80   13.00        LN동       12 0         8.0     0 0일반주행우수혈통40기 01011    1010 8⑨1:19.01¾  2.414.640.414.3 -2  0  .00 911  0 2.9939582952011 610 80 1 1.02 9.02     3.6  1.2    3.6    4.2    6.3  .016 9-4 1 5-4▼-1.437.40 -.12 1.1376.67 2.72 5.2912.33 3 816 8.8717.8135.94 7
20261010토 4140011국6 0 9  9 0 1강 1151           4 7로드투스피어    퍼지    매직로드 4942.00한암 4 0 0   1    013:35 16500국6임채덕강현찬   0 01618 917 6 0 016  0김태현   54.053평추상50 64 643612.046.022.9 950 4 856 310 0 0 0 8 0191319 02575→↘선14.037.239.313.42945                    7 20  027   14.10   14.20 4  5  0NH동54.84331714-1.8 8.0 6.2525214 0일반주행최적거리 1   0 7                            14.1    14.2        .0                       5 2 4 6  8                                              .01536 0 3 3 0― -.139.30  .00     88.93 5.7614.1322.85 61829 2.5610.5318.28 8
20260913일 3140011국631 7 39 1 2강 2252맑음건조 3 4 7로드투스피어    퍼지    매직로드 4942.00한암 4 0 0 2 1   61      16500국6임채덕강현찬   0 11517 817 5 0 015  0김태현43354.053평추보37 44 4428 2.035.018.7 950 4 856 310 0 0 0 8 0191319 0 099→↘선14.037.439.213.4194936.939.0 89.1 87.9  0 14  029   15.00   13.50 4 -5  0HH동55.04321714-1.0 7.6 6.6484814 0최빈거리최적거리52관 0 2 4     4 3 3③1:29.1목    .014.139.614.2 -5 -2  .00 3 8 -1  .61237342489 8 2 5 52 7 1.03 3.07 1.5 3.1  1.5    4.6    5.9   36.5  .01324-1 1 1-1▽ -.838.30  .0411.2789.00 3.64 9.2818.66 3 716  .12 1.27 5.11 9
20260815토 2140010국613 9 69 2 1강 1151흐림건조 3 4 7로드투스피어    퍼지    매직로드 4942.00한암 4 0 0 2 1   90      16500국6임채덕강현찬   0 21416 717 4 0 014  0김태현43554.053평추상70 78 7836  .045.019.5 950 4 856 310 0 0 0 8 0191319 0 099→↘선14.037.339.313.4244539.737.4 91.4 89.4  0  8  023   13.60   12.70 5  0 -1NH동55.04321714 -.8 6.8 6.0515114 0출주제외최적거리 5   0 7 9    101010⑩1:31.42½  1.515.038.313.5  1  6  .0010 9    2.16399 26639 6 3 5 70 6 2.01 5.03 1.9 6.1  6.1    6.7   14.6   17.3  .01729-1 3 2-1▽ -.538.70  .0412.8089.00 4.7511.2919.45 4111711.0022.1157.62 6
20260712일 31400 8국641 9 49 3혼전 4451맑음다습12 4 7로드투스피어    퍼지    매직로드 4942.00한암 4 0 0 2 1   68      16500국6임채덕강현찬   0 31315 617 3 0 014  0김태현  055.053평추상66 72 724334.049.021.8 950 4 856 310 0 0 0 8 0191319 0 099→↘선14.137.439.313.42245                    0 23  023   14.00   13.50 4  3  0NN동55.04321714 -.6 6.6 6.0474714 0편성만만최적거리34기 0 7                    경제    14.0    13.5     0  .07                      6 3 2 60 5 1.05 5.03 2.1 3.0  2.1   12.6   16.6  140.3  .02840-2 5 2-2▽ -.339.30 -.10     89.07 4.2611.1221.79 5122210.7123.2629.64 4
20260614일 3140011국630 8 89 4 3강 3351흐림건조 3 4 7로드투스피어    퍼지    매직로드 4942.00한암 4 0 0 2 1   68      24750국6임채덕강현찬   0 41214 617 2 0 013  0김태현42955.053평추상57 69 695127.050.023.3 950 4 856 310 0 0 0 8 0191319 0 099→↘선14.137.439.413.4214137.838.4 89.3 88.0  0 17  017   14.80   13.30 3 -1  0HN동55.04341714 -.6 6.6 6.0474714 0최빈거리최적거리38기 0 4 5     9 8 7⑤1:29.3½    .514.039.013.5 -1 -6  .00 5 6 -3  .71280133067 6 1 6 73 4 3.04 1.06 2.1 5.0  5.5   18.5   35.6   14.912.12058 0 4 2 0―  .138.30 -.1911.1989.14 5.2913.1123.31 31119 5.9414.2122.85 5
20260524일 3140011국650 9109 5 2강 2259맑음다습11 4 7로드투스피어    퍼지    매직로드 4942.00한암 4 0 0 2 1   48      16500국6임채덕강현찬   0 51113 517 1 0 012  0김태현43555.053하추하 7 15 1520 2.030.010.7 950 4 856 310 0 0 0 8 0191319 0 099→↘선14.137.339.513.4263438.338.7 89.7 88.4  0  9  018   14.70   15.20 4 -4  0NNDN55.04331713 1.0 5.6 6.6434314-3발길대로최적거리50기 0 511    1010 7③1:29.73     .514.838.913.3 -6  1  .00 3 9  1  .82494226169 7 2 9113 3 5.10 7.11 3.6 9.6  6.6  159.3  236.7 1192.3  .01314-3 1 1-3▼-1.438.50  .1311.5889.14 2.16 4.3610.72 1 3 7  .12 1.23 3.9611
20260425토 4170011국630 9 89 6혼전 4451맑음건조 3 4 7로드투스피어    퍼지    매직로드 4942.00한암 4 0 0 9 1   78      16500국6임채덕강현찬   0 61012 117 2 0 011  0김철호43455.065하추보22 54 542510.036.010.3 943 4 856 310 012 0 8 0142025 0 099↘↗추14.140.440.713.4 96539.443.7116.7115.5  0  0  020   15.00   13.50 3  3  0LNUP55.04331713  .8 5.6 6.4515114 3숨은복병탐색우려89관 1 9 7 7 7 91110⑩1:56.7목   3.314.744.015.2  2  1  .0010 8  2 3.8892794911310 3 5 90 4 1.02 4.02 2.1 4.4  2.1    4.4    7.5   17.3  .019 5-3 2 1-3▼-1.141.00  .2934.42113.8 1.15 4.4810.33 1 4 8 4.35 9.2113.90 9
20260405일 3140010국610 9 69 7혼전 4458맑음양호 6 4 7로드투스피어    퍼지    매직로드 4942.00한암 4 0 0 1 1   50      24750국6임채덕강현찬   0 7 911 417 1 0 010  0김철호43355.065하무하12 40 4034 9.037.020.2 943 4 856 310 012 0 8 0142025      ↘↗추14.137.539.313.5 84139.038.0 91.6 89.6  0  0  011   13.80   14.40 4 -3  0NN동       1413 1.0 5.6 6.6444414 0일반주행보통주행 5   0 6 9    1010 8⑤1:31.6½    .715.039.013.5 -1  1  .00 5 6  1  .96799 86463 8 1 6 73 3 2.04 4.07 1.5 4.0  5.3   18.8   35.2   33.2  .01520-1 2 2-1▽ -.838.60 -.1112.8089.14 5.4011.5420.22 31119 5.36 9.3013.19 8
20260308일 3140010국651 9109 8혼전 4459맑음다습13 4 7로드투스피어    퍼지    매직로드 4942.00한암 4 0 0 2 1   71      24750국6임채덕강현찬   0 8 810 317 2 0 0 9  0김태현43255.053하무보50 52 524325.051.031.9 950 4 856 310 0 0 0 8 0191319      →↘선14.537.639.013.2 56137.740.2 91.1 90.6  0  0  013   14.10   12.70 6  7  0LN동       1413  .2 6.2 6.4393914 0일반주행보통주행 5   0 9 3     5 5 6⑦1:31.1½   1.013.840.414.4  2 -9  .00 7 5  0 1.48778748453 9 2 1 52 2 4.01 8.02 3.7 7.8  6.4   15.6   35.0   19.3  .01727 0 4 4 0―  .238.70 -.3114.0189.0010.5322.7231.93 61325 8.2018.4419.17 6
20260124토 3140011국641 9 99 9 2강 2259맑음건조 3 4 7로드투스피어    퍼지    매직로드 4942.00한암 4 0 0 2 1  113      16500국6임채덕강현찬   0 9 7 9 217 1 0 0 8  0김태현44155.053하무하25 36 3618 3.032.015.7 950 4 856 310 0 0 0 8 0191319      →↘선14.437.639.813.6 73039.237.2 90.5 88.6  0  0  0 0   13.60   14.30 7  1  4HNUP       1413  .6 6.0 6.6343413 1일반주행보통주행 5기 1 2 4    101110⑤1:30.52    1.114.138.112.7  0 15  .00 5 5  1 2.13599 14350 7 5 4 53 1 4.01 1.05 2.6 4.7  6.3    6.9   14.0    6.6  .01511-2 1 1-2▽-1.138.20 -.3811.1689.55 1.88 7.0115.68 61325  .12 2.26 6.25 5
20251206토 3130011국620 9 2910 2강 2258흐림양호 9 4 7로드투스피어    퍼지    매직로드 4942.00한암 3 0 0 1 1  14911:25 16500국6이동국최종복   010 6 8 417 1 0 0 7  0조성환42651.053하무하29 34 3422 5.033.017.6 718 61367 610 0 3 02011 91720      ↘→추14.538.139.413.6 84937.540.2 84.2 83.6  0  0  0 0   14.70   13.70 3 -7 -4HHDN       1412-1.0 7.4 6.4363613-1일반주행보통주행58기 0 1 3     7 8 5⑥1:24.21¾  1.013.640.514.3  2 -4  .00 6 4 -4 1.7684779765311 3 3 30 1 1.07 6.03     1.8  1.6   46.8   61.3   18.8  .01511-2 2 1-2▽-1.039.10 -.10 6.1483.61 2.62 8.3417.63 92133 2.41 5.4412.18 3
20251116일 3140011국650 910911 1강 1159맑음건조 3 4 7로드투스피어    퍼지    매직로드 4942.00한암 3 0 0 2 1  119      16500국6이동국최종복   011 5 7 117 1 0 0 6  0송재철43055.075하무보25 18 18 6 4.030.0 8.01745 91367 610 017 02011192620      →→입14.537.639.913.6112738.339.2 91.2 89.6  0  0  0 0   14.00   13.50 8 -3  0NNUP       1412-1.0 7.8 6.8272713 1일반주행탐색우려 5   0 810    1010 9⑨1:31.2목   1.114.739.813.7  1 -1  .00 9 8  2 1.86794457848 9 4 7100 1 5.02 5.04 2.2 6.8  9.1   22.7   49.3   15.7  .015 3-4 1 1-4▼-1.538.40 -.2312.0989.62  .62 3.98 8.02 1 5 9 1.64 4.5810.05 9
20250921일 3130010국652 410912혼전 4431맑음다습14 4 7로드투스피어    퍼지    매직로드 4942.00한암 3 0 0 2 2  272      16500국6이동국최종복   012 4 6 317 1 0 0 5  0문세영43155.073하입보28 24 243910.039.012.72735 0 625 010 033 02011293615      ↗↗입14.538.039.613.6164137.939.3 83.4 83.6  0  0  0 0   14.10   14.00 8  6  0BN동       1312-1.3 8.3 7.0282813 0일반주행보통주행 6기 011 7     8 8 8⑥1:23.43    2.014.039.313.5  0 -5  .00 6 6 -2 2.06465526122 8 7 9 80 1 5.04 7.06 3.2 6.8  7.0   17.8   39.8   23.1  .01523-4 3 1-4▼-1.139.20 -.02 6.0483.68 1.60 5.7912.67 2 714 3.33 7.25 7.89 9
20250726토 1130011국612 7 6913 3강 3351맑음건조 4 4 7로드투스피어    퍼지    매직로드 4942.00한암 3 0 0 9 3  43410:35 16500국6이동국최종복   013 3 5 217 2 0 0 4  0정우주43655.074하입보74 65 651014.042.015.820331012 01210 0 0 02011163012      ↘→입14.538.139.613.6143738.239.4 84.1 83.6  0  0  0 0   14.10   14.00 4 -2  0NN동       1312-1.0 8.3 7.3282812 0일반주행거리속성36관 0 5 7     8 8 7⑥1:24.12½  1.814.139.614.0 -2 -6  .00 6 8  6 1.9637754703010 7 5 70 2 1.02 2.04     4.2  1.7    5.6    8.1   22.311.21524 0 2 2 0― -.739.10 -.16 5.9283.74 3.42 8.6015.79 41117 3.19 7.2911.11 8
20250628토 2130010국611 9 6914 1강 1159흐림다습11 4 7로드투스피어    퍼지    매직로드 4942.00한암 3     9 3  51311:30 16500국6안해양최종복   014 2 4 117 1 0 0 0  0정우주44255.074하입상52 48 48 715.040.024.4203310 940 017 0 0 02114163012      ↘→입14.538.139.613.6143737.539.0 83.7 82.5  0  0  0 0   14.60   13.00 7  3  0NNUP       1312-2.510.5 8.0323212 1일반주행거리속성36관 0 7 7     7 7 4⑤1:23.7코    .314.139.714.0  3 -8  .01 5 2 -2 1.02248433974 9 5 2 60 1 1.0810.06     4.9  1.3    7.8   10.8   27.2  .01525-2 3 1-2▽ -.738.80 -.38 4.7683.74 5.9014.7024.44 51221 6.2515.0427.54 4
20250511일 11200 8국641 9 4915 2강 2259흐림포화19 4 7로드투스피어    퍼지    매직로드  740.00한암 3 0 0 2 4  64610:35 16500국6안해양최종복   015 1 3 317 2 0 0 2  0김철호45055.063하추상18 23 232622.037.023.82040171443 517 0 0 02114142025      ↗↘추14.137.939.312.8143037.839.5 78.7 77.0  0  0  0 0   14.10   13.2011 -7  1HN동       1212 1.010.011.0 2 212 0최빈거리최적거리 1   0 4 6     6 5 5⑥1:18.71    2.114.640.514.6  2 12  .00 6 4 -7 2.67478728124 5 2 3 52 2 3.01 2.05     2.9  4.4    4.6   11.1    3.5  .01329-2 3 1-2▽ -.837.90 -.52 -.2476.73 4.7512.0523.79 61325 4.7115.5721.02 5
20261010토 4140011국6 0 9  9 0 1강 1151           4 8러빙퍼플        피스룰즈프레이시 3734.00한암 3 0 0   1    013:35 16500국6문병기퍼플라인 2 01010 2 9 2 0 0 9  0우인철   53.074평자보50 60 605934.053.028.92048102552 9261814 02727112823 0 099↗↘입13.736.640.214.080 9                    0  0 38 0   14.00   13.60 3 -3  0NUUP55.04281413 -.8 5.8 5.0505014 1일반주행보통주행52기 0 8                            14.0    13.6        .0                       2 8 5 4  2                                              .01557 0 4 4 0―  .340.20 -.35     89.14 8.6619.4428.89101934 7.6917.5426.88 4
20260919토 3130011국652 6109 1 2강 2251맑음건조 2 4 8러빙퍼플        피스룰즈프레이시 3734.00한암 3     9 1   50      16500국6문병기퍼플라인 2 1 9 9 4 9 1 0 0 0  0우인철43253.074평자보81 95 956453.057.037.12048102552 9261814 02727112823 0 099↗↘입13.736.840.014.0931537.339.0 83.1 82.7  0  0 43 0   14.00   13.10 6  3 -1VUDN55.04281412-1.8 6.6 4.8474714-1일반주행작전마주34기 011 7     6 7 7⑤1:23.1코    .714.039.013.6  1 12  .00 5 4  0 1.93337403061 5 6 1 30 1 3.05 2.09 2.6 8.2  6.4   22.2   44.9  115.5  .02166-1 6 4-1▽  .240.20 -.19 5.9183.1612.1926.7537.05143047 9.8822.6240.91 4
20260808토 3140011국652 9109 2 2강 2259맑음건조 2 4 8러빙퍼플        피스룰즈프레이시 3734.00한암 3 0 0 1 1  130      16500국6문병기퍼플라인 2 2 8 8 1 9 1 0 0 7  0안드레42054.068하자보41 47 475749.053.036.22042 32552 92618 0 027273426 7 0 099→↘선13.736.540.314.085 7                    0  0 43 0   13.70   13.90 4  1 -1NUUP55.04281412-1.2 7.2 6.0383814 2일반주행작전마주54기 0 8          99        중지    13.7    13.9     1  .07   4 -1               3 4 3 50 1 3.05 1.06 2.6 5.7  5.1   19.4   39.0  170.7  .02040-3 5 3-3▽  .040.30 -.53     89.1410.5623.3836.17 8172818.9735.2046.60 2
20260712일 21200 8국634 8 39 3 1강 1151맑음다습12 4 8러빙퍼플        피스룰즈프레이시 5425.00한암 3 0 0 2 1   49      16500국6문병기퍼플라인 2 3 7 7 3 9 5 0 0 6  0코지  41955.088하선보48 49 497022.048.025.03257182552 92618 0 02727233018 0 099↗↘입13.736.839.514.0851336.939.4 75.8 76.0  0  0 50 0   13.90   14.70 2 -2  0NNDN55.04281413-1.2 7.2 6.0383814-2일반주행단기승부33기 0 7 8     8 8 5③1:15.85     .913.739.413.9 -2  0  .00 3 5 -1 1.34431685754 3 5 6 53 5 2.03 4.06 2.2 2.7  3.0    6.6   12.1   19.5  .01525-2 4 3-2▽ -.138.70 -.05 -.3576.23 5.3514.0424.97 61829 4.5514.8622.26 5
20260628일 3140011국652 8109 4혼전 4451맑음건조 3 4 8러빙퍼플        피스룰즈프레이시 3734.00한암 3 0 0 9 1   28      16500국6문병기퍼플라인 2 4 6 6 1 9 4 0 0 5  0코지  41955.087하선상45 54 546639.065.036.13257182552 92618 0 02727233018 0 099↗↘입13.636.740.213.5711336.640.6 90.0 89.1  0  0 40 0   14.20   13.60 5 -1  0LNUP55.04281413 -.8 7.4 6.6323213 1일반주행거리부담73기 0 9 6     5 5 4⑥1:30.04    1.313.941.114.7  0 -9  .00 6 6 -2 1.54717806543 2 7 6 52 4 2.05 8.10 2.8 6.6  3.6   16.1   25.7   25.2  .02453 1 6 6 1― 1.339.20 -.5912.1789.2110.8623.1036.07101934 6.8214.9726.21 7
20260524일 2130011국631 9 89 5 1강 1158맑음다습11 4 8러빙퍼플        피스룰즈프레이시 3734.00한암 3 0 0 2 1   69      16500국6문병기퍼플라인 2 5 5 5 3 9 3 0 0 4  0코지  42855.087하선하15 15 155018.048.032.03257182552 92618 0 02727233018      ↗↘입13.636.840.514.592 537.639.3 83.5 82.7  0  0 50 0   13.70   15.10 4  6  0BN동       1312  .0 7.3 7.3232313 0일반주행거리탄력45관 010 9     6 7 8④1:23.52½   .514.239.813.6 -4 -2  .00 4 8  2  .92948514869 211 7 43 3 3.07 5.03 2.4 5.5  3.9   43.4   67.0   46.1  .01537-2 4 3-2▽ -.140.20 -.36 5.3983.48 8.7820.6131.95122741 7.0214.6327.00 5
20260426일 11300 8국631 7 39 6 3강 3352맑음건조 3 4 8러빙퍼플        피스룰즈프레이시 3734.00한암 3 0 0 9 1   70      16500국6문병기퍼플라인 2 6 4 4 2 9 2 0 0 3  0코지  43055.087하선상27 27 277331.057.034.13257182552 92618 0 02727233018      ↗↘입13.536.840.614.591 436.741.3 85.1 84.2  0  0 33 0   13.70   15.10 4  0  1HN동       1312 -.3 7.7 7.3232313 0일반주행조교부실11관 0 4 3     2 3 6⑦1:25.11¾  1.913.742.015.1  1  6  .00 7 6 -2 2.07811928028 110 4 41 2 2.01 2.07 1.6 2.8  4.1    2.8    7.5    9.613.21553 0 5 5 0―  .440.50 -.48 6.8383.55 7.7119.9434.07 92235 6.3319.6322.40 5
20260328토 1130010국610 9 69 7 3강 3351맑음건조 3 4 8러빙퍼플        피스룰즈프레이시 3734.00한암 3 0 0 9 1   84      16500국6문병기퍼플라인 2 7 3 3 1 9 1 0 0 2  0코지  42454.587하무보 8  8  8 6 7.032.0 9.43257182552 92618 0 02727233018      ↗↘입14.337.740.414.537 436.640.8 84.7 83.4  0  0  0 0   14.40   15.20 4 -3  1HNUP       1312 1.5 7.5 9.0111112 1숨은복병거리속성66기 0 4 2     2 2 3④1:24.73    1.113.741.615.1 -4 -9  .00 4 8  0 1.957 7876549 7 8 8 71 1 1.05 8.05 1.3 3.9  1.3    5.7    7.1   10.3  .01912-4 1 1-4▼-1.539.50 -.21 5.3484.00  .69 4.59 9.42 31119 1.87 4.76 8.70 7
20260302월 1120010국641 9 99 8 1강 1141비  건조 3 4 8러빙퍼플        피스룰즈프레이시 5425.00한암 3 0 0 1 1   73      16500국6문병기퍼플라인 2 8 2 2 2 9 2 0 0 1  0빅투아43354.091하무보 5  5  5 6 6.030.0 4.33152132552 9261823222727222818      →→선14.338.140.214.5 4 337.141.7 79.6 78.3  0  0  0 0   14.30   14.8015 -2  0NH동       1212 2.0 7.0 9.0101012 0교체실패거리난점40관 0 7 8     7 6 7⑨1:19.61¼  2.814.442.115.2  1 -4  .00 9 8  1 4.79346969516 810 6 70 2 2.04 2.06 2.2 4.1  4.1    7.0   13.4    5.0  .020 5-4 1 3-4▼-1.938.20 -.56 -.0177.34  .25 1.32 4.27 51222  .83 3.38 4.1010
20251115토 11200 9국630 9 39 9 1강 1155맑음건조 3 4 8러빙퍼플        피스룰즈프레이시 5425.00한암 2     2 2  301      24750국6문병기퍼플라인 2 9 1 1 1 9 1 0 0 0  0빅투아43754.090평무보   25 2540  .048.034.5284017285511261823222727222818      →→선14.336.738.514.2    38.240.4 79.5 78.5              14.30   14.50 4  0  0NL동       12 0                 0 0일반주행작전마주 5기 0 9 9     9 9 9⑨1:19.510   3.014.341.214.8  2 -8  .00 9 7  0 3.59490889514 1 1 4 30 1 4.01 8.07 2.4 3.0 11.1   10.8   27.1    7.3  .02074 0 4 5 0―  .039.60  .28 3.2575.61 8.9220.9334.51 9213310.0919.9141.60 8
20261010토 4140011국6 0 9  8 0 1강 1151           4 9은하칼라스      선더모카은빛퀸   3232.00한암 4 0 0   1    013:35 16500국6박윤규오종환   2 01010 5 9 1 0 0 9  0다실바   54.079평입보50 59 593015.043.019.61863101450 71715 0 017 9202814 099 0↗↗입13.837.240.214.03625                   14 29 14 0   14.30   14.20 4  1  0BU동55.04761412  .0 5.6 5.6474714 0일반주행최적거리53관 0 9                            14.3    14.2        .0                       611 6 7  1                                              .01538-2 2 2-2▽ -.440.20 -.48     89.55 4.8611.3519.58 3 816 5.1311.7019.35 6
20260912토 3140011국651 8108 1혼전 4451맑음건조 3 4 9은하칼라스      선더모카은빛퀸   3232.00한암 4     2 1   71      16500국6박윤규오종환   2 1 9 9 4 9 1 0 0 0  0푸르칸48954.079평입하75 86 863749.053.026.72355151450 7171515 017 9142421 099 0↗→추13.837.040.314.0492237.539.4 90.8 88.9 17 33 17 0   14.20   13.7027  4 -1BU동55.04761412  .6 4.4 5.0525214 0숨은복병작전마주38기 0 8 5     7 710⑨1:30.8¾   1.514.340.114.2  1 18  .00 9 8  5 1.74570485937 510 1 50 1 3.01 6.04 2.6 6.0  6.7    8.6   18.9   27.2  .02041-2 5 3-2▽  .138.90 -.6011.6089.48 7.3916.8026.67 6132513.5825.0032.76 3
20260301일 3140011국650 9 58 2혼전 4451맑음건조 3 4 9은하칼라스      선더모카은빛퀸   3232.00한암 4 0 0 1 3  557      16500국6박윤규오종환   2 2 8 8 3 9 3 0 0 7  0빅투아47155.090평입보68 76 766272.068.047.12956151525 5171514 017 9222818 099 0↘→선13.836.940.414.1591537.141.7 92.9 90.9 17 17  0 0   14.10   14.10 4 -6  0VU동55.04761412  .4 5.0 5.4434314 0숨은복병작전마주61관 0 4 5     7 7 9⑪1:32.9코   2.114.042.715.2  8  8  .0911 3 -1 2.19048929225 2 8 2 30 3 1.0711.09 2.3 4.7  2.3   22.2   28.6   54.6  .02168 1 7 6 1― 1.339.40-1.1313.6089.4815.0132.1347.1112264114.7729.5145.42 2
20260131토 3140010국620 9 28 3 2강 2241맑음건조 2 4 9은하칼라스      선더모카은빛퀸   3232.00한암 4 0 0 9 1   61      16500국6박윤규오종환   2 3 7 7 2 9 2 0 0 6  0빅투아46355.091평입보33 38 3830 8.039.016.53152131450 7171514 017 9222818 099 0→→선13.836.940.414.0551337.039.1 89.6 88.1  0 20  0 0   13.80   14.10 4  8  0VU동55.04761412  .4 5.0 5.4434312 0선행무리조교부실 5관 010 4     4 4 3④1:29.6¾    .214.139.114.1  0  9  .00 4 4  0 1.42047393578 510 5 62 2 2.01 1.03 1.8 1.9  3.2    1.9    5.3    5.4  .01324-2 2 2-2▽ -.738.80 -.3410.8189.48 3.31 8.9816.50 51221 1.96 5.1310.71 6
20260103토 4140011국611 9 18 4 2강 2256맑음다습13 4 9은하칼라스      선더모카은빛퀸   3232.00한암 4 0 0 1 1   8112:45 16500국6박윤규오종환   2 4 6 6 1 9 1 0 0 5  0빅투아45455.091평입하49 52 524261.056.039.93152131450 7171514 017 9222818 099 0→→선13.836.940.414.0541536.840.2 89.7 89.4  0  0  0 0   13.60   14.40 3  0  0UUUP55.04761412  .5 5.3 5.8454512 1연대우수거리부담60관 1 2 2     2 2 4④1:29.72    1.413.840.314.1  0-20  .00 4 4  2 1.56636736740 410 3 31 1 2.0110.01     2.4  7.0    2.4   11.4    4.6  .03251 0 6 4 0―  .539.10 -.9512.1289.4811.0324.6539.90143044 8.9930.2344.88 3
20251214일 2130011국654 4108 5 2강 2259맑음불량20 4 9은하칼라스      선더모카은빛퀸   3232.00한암 3 0 0 2 1   54      16500국6박윤규오종환   2 5 5 5 1 9 2 0 0 4  0마이아47455.093평입상51 53 534683.062.055.63555121450 71715391817 93533 7 099 0↘↗선13.837.240.013.9663037.240.1 82.5 83.3  0  0 25 0   13.90   14.00 4  0  0UUUP55.04761312  .7 5.3 6.0414112 1연대우수연대우수42기 0 2 2     4 4 7⑦1:22.51    1.013.640.014.4  5 -2  .01 7 2 -3 1.35329766447 5 8 2 22 2 1.0710.05     5.8  1.9   14.7   17.9  209.913.23756-1 7 5-1▽  .739.90 -.96 6.1083.4219.9038.5355.5918375338.2461.7472.41 1
20251115토 2120011국633 6 88 6혼전 4452맑음건조 3 4 9은하칼라스      선더모카은빛퀸   2624.00한암 3 0 0 2 1  131      16500국6박윤규오종환   2 6 4 4 4 9 1 0 0 3  0마이아47655.093평입보44 41 415458.068.052.33555121450 71715391817 93533 7      ↘↗선13.737.039.614.1701737.338.6 76.6 76.0  0  0 33 0   14.00   13.80 3 -1  0HH동       1212 1.5 4.5 6.0474712 0숨은복병연대우수69기 0 2 5     4 3 4⑤1:16.63     .813.939.414.0  0 -5  .00 5 5 -2  .94453434357 6 5 3 22 1 1.02 1.07 3.1 5.0  3.1    5.0    9.2   40.9  .03783 0 7 8 0▲ 1.238.50 -.99 -.6376.3922.3238.9752.3034536612.7926.5221.00 2
20251026일 2120010국640 3 48 7혼전 4451흐림건조 5 4 9은하칼라스      선더모카은빛퀸   2624.00한암 3 0 0 9 1  186      16500국6박윤규오종환   2 7 3 3 3 9 2 0 0 2  0임기원48155.089하입하55 60 606441.061.035.71940 91450 7171513 017 9233316      ↘↗입13.737.139.814.1611537.539.0 76.7 76.5  0  0 50 0   13.70   14.20 4  1  0HH동       1212-1.0 7.0 6.0323212 0교체실패보통주행44기 0 3 6     7 6 6⑥1:16.74    1.814.039.713.8 -1  0  .00 6 7  5 2.16365566326 310 7 50 2 1.06 2.10 2.1 3.8  2.1   26.6   36.1   95.2  .02048 0 5 5 0―  .738.60 -.70 -.3776.56 9.5321.9235.73 81728 7.0814.6817.39 7
20250927토 3120011국612 9 18 8 1강 1159맑음다습11 4 9은하칼라스      선더모카은빛퀸   2624.00한암 3 0 0 9 2  26114:55 16500국6박윤규오종환   2 8 2 2 2 9 1 0 0 1  0임기원48155.087하입보41 25 2531  .043.021.63045271038 4171513 017 9233316      ↗↘입14.037.239.814.1531536.539.4 77.2 75.9  0  0  0 0   13.80   14.20 4 -4  0HH동       1212         6.0    12 0숨은복병보통주행81기 2 2 1     2 1 2⑥1:17.2½    .613.739.914.2  4 10  .00 6 2 -5 1.84014694464 6 410 61 1 1.07 5.08     3.0  1.6   15.3   18.9   36.9  .01938-3 4 3-3▽ -.538.30 -.36-1.1576.62 5.0712.3221.59 4122110.6821.0553.32 3
20250830토 4120011국640 7 48 9 1강 1156맑음불량20 4 9은하칼라스      선더모카은빛퀸   2624.00한암 3     9 2  34415:45 16500국6박윤규오종환   2 9 1 1 1 9 1 0 0 0  0김태희47155.060평무보   25 2540  .028.0 6.51160 31038 4171510 017 9152416      ↗↘입14.036.738.513.8    37.139.5 76.2 76.4              14.00   14.10        LN동       12 0                 0 0일반주행작전마주54기 1 6 4     5 5 7⑥1:16.21¼  1.613.839.814.2 -1-10  .00 6 7  0 1.86041736733 1 1 9 92 1 2.01 9.01     3.6  3.9    3.6    7.9    4.0  .02028-3 2 1-3▼-1.739.00 1.08 1.2175.61  .44 1.85 6.51 1 4 810.4821.1553.17 4
20261010토 4140011국6 0 9  8 0 1강 1151           410월스트리트      섀클포드클립스어 6326.00한암 3 0 0   1    013:35 16500국6조현수이혜란   2 0 7 7 1 6 2 0 0 6  0정도윤   54.091하입적50 46 462139.046.023.121 0151242 7 91313 0 9 311252699 0 0↗↗추13.637.040.213.54317                    0 25 25 0   14.20   14.80 4  5  0BUUP54.54861413 1.0 6.0 7.0292913 1숨은복병탐색우려40관 010                            14.2    14.8        .0                       41011 5  2                                              .01916-2 3 2-2▽ -.240.20 -.43     89.41 4.7613.4123.08 41221 7.6916.3729.03 5
20260912토 41300 9국641 6 48 1 1강 1151맑음건조 3 410월스트리트      섀클포드클립스어 6326.00한암 3 0 0 2 1   70      16500국6조현수이혜란   2 1 6 6 4 6 1 0 0 5  0정도윤50154.091하입적38 29 293420.046.029.621 0151242 7 91313 0 9 311252699 0 0↗↗추13.637.440.013.5481938.640.4 85.2 85.0  0 25 25 0   13.90   13.50 9 -4 -1NU동54.54861313 2.7 5.7 8.3282813 0능력한계가격혈통56트 0 5 7     8 9 9⑨1:25.24    3.114.240.714.8  6 11  .09 9 3 -4 3.29087799110 4 5 8 50 1 4.0510.11 2.1 3.9  6.1   15.5   31.1  106.9  .01742 0 3 4 0― -.140.10 -.36 7.6383.55 8.7819.4229.63 61325 3.4910.1715.48 7
20260711토 21300 9국643 9 48 2 1강 1151맑음포화15 410월스트리트      섀클포드클립스어 6326.00한암 3 0 0 2 1  170      16500국6조현수이혜란   2 2 5 5 3 6 1 0 0 4  0박재이49055.061하선하 5  9  9 5 5.030.010.8 699 01242 7 913 0 0 9 3 8282199 0 0↘↗입13.537.440.813.841 437.239.1 82.8 82.2  0  0 33 0   15.40   12.1013  1  0VV동54.54861313 2.7 5.7 8.3282812 0일반주행휴양탐색34관 0 9 5     6 5 3③1:22.89    1.613.939.313.5 -4  8  .00 3 7  0 1.71933443037 6 9 4 62 1 4.01 5.08 2.1 2.9  6.2    5.1   14.0   42.5  .015 8-4 1 1-4▼-1.539.50 -.33 4.0484.06  .92 5.7110.82 41221 2.02 4.32 7.04 7
20260411토 3130011국641 7 98 3 2강 2256흐림다습14 410월스트리트      섀클포드클립스어 6326.00한암 3 0 0 2 2  261      16500국6문병기이혜란   2 3 4 4 2 6 1 0 0 3  0마이아48255.093하선하 5 14 141455.059.030.3406311285511262133 027273533 799 0 0→↘선13.537.440.313.842 638.242.7 86.9 87.5  0  0 50 0   14.00   14.10 6  6  1BV동54.54861312 2.0 5.0 7.0414112 0전개최상거리속성36기 0 810    111111⑪1:26.99    5.014.242.614.9  4 -3  .0011 7  3 5.599779899 5 5 8 8 40 1 1.10 1.09 2.1 5.2  2.1  111.1  130.9  426.013.23457 0 6 5 0―  .540.70 -.55 9.8283.74 8.4818.3930.30 92133 7.4120.2828.13 5
20260301일 1130011국642 8 98 4 2강 2259맑음건조 3 410월스트리트      섀클포드클립스어 6326.00한암 3 0 0 1 1  125      24750국6문병기이혜란   2 4 3 3 1 6 3 0 0 2  0빅투아48554.091하선보15 70 709488.076.070.53152132552 9262123 0272722281899 0 0→→선13.536.640.915.799 338.840.5 86.2 85.5  0  0100 0   13.50   16.00 7 -2 -1UUUP54.54861312-3.0 6.0 3.0676712 1일반주행전개최상72기 1 210    111111⑪1:26.2목   2.514.041.114.1  7 -1  .0011 4 -2 2.89493839517 112 1 10 3 2.0111.05 2.4 6.8  3.7    6.8   12.8  113.4  .04189 3 9 9 3★ 1.941.00-1.53 7.9983.6130.6857.0170.4636597118.6733.9126.58 2
20260110토 11200 9국610 9 18 5 2강 2255강풍양호 8 410월스트리트      섀클포드클립스어 6423.00한암 3 0 0 2 1  126      24750국6문병기이혜란   2 5 2 2 1 6 2 0 0 1  0빅투아48654.591평무하 5 25 2522  .036.017.73152132552 9262123 02727222818      →→선15.238.540.013.3 1 235.942.0 78.1 77.4              15.20   13.6011 -7  1NLUP       12 0        12.0     0 2교체실패가격혈통 5기 0 4 3     2 2 2③1:18.13     .513.542.316.0 -3  6  .00 3 6  2  .883 2989068 9 6 9 81 2 1.02 7.01 1.3 2.1  1.3    2.1    2.8   10.1  .02010-4 3 2-4▽-1.137.50-1.08-1.1577.45 2.66 8.5517.69 5122113.1025.1440.91 4
20251025토 1100012국620 4 28 6 1강 1155흐림건조 5 410월스트리트      섀클포드클립스어 6423.00한암 2     9 2  24110:35 24750국6문병기이혜란   2 6 1 1 1 6 1 0 0 0  0빅투아48054.090평무보   25 2540  .058.036.8284017285511262123 02727222818      →→선15.237.137.813.3    39.538.7 65.1 65.4              15.20   13.60        LN동       10 0                 0 0일반주행가격혈통39기 01112    121212⑫1:05.13    3.615.238.613.6  8 -9  .0112 4  0 4.396967395 6 3 3 3 30 1 2.0512.02     2.3  4.0   35.3   63.4   12.7  .01553-1 6 6-1▽  .638.50 -.01-9.4962.7111.8724.1536.78122741 8.3316.6725.0011
20261010토 4140011국6 0 9  8 0 1강 1151           411용비신성        미스치비미스보스 1931.00한수 2 0 0   1    013:35 16500국6백종수정성진   2 0 4 4 2 3 4 0 1 3  0유승완   55.069기자적50 65 659485.071.066.71961 928671433 036 05025152722 05050→↘입13.836.539.713.78322                   33 33 6733   13.90   14.30 6  7  1VV동54.84751410 -.7 6.0 5.3585810 0착차만회전개최상60기 011                            13.9    14.3        .0                       1 4 3 1  4                                            12.04191 2 8 8 2▲ 1.839.70 -.97     88.7334.9555.1066.7138597033.3352.6363.44 1
20260830일 1140010국642 8 48 1혼전 4451맑음다습11 411용비신성        미스치비미스보스 1931.00한수 2 0 1 9 1  103      24750국6백종수정성진   2 1 3 3 1 3 3 0 1 2  1유승완47754.569기추적12 24 247226.052.023.71961 928671433 036 05025152722 0 099→↘입13.536.639.313.0746936.540.6 88.9 89.5 50 50 5050   13.60   15.20 5  0 -1UUUP55.04731410  .0 6.0 6.0525210 4전개최상작전마주40기 0 4 6     5 5 2④1:28.9¾    .313.940.214.3 -2  2  .00 4 6  3  .76517806570 4 2 8 52 3 2.05 3.05 2.1 3.9  3.8   15.8   23.5   24.6  .03457 0 5 4 0―  .139.40  .3413.6288.52 5.5213.5823.67 81728 7.1417.7825.81 7
20260726일 1100011국630 6 38 2혼전 4455맑음다습10 411용비신성        미스치비미스보스 7022.00한수 2 0 1 9 1   81      24750국6백종수정성진   2 2 2 2 2 3 2 0 1 1  1유승완47555.572강추상72 99 999259.068.049.41961 928671433 036 05025152722 0 099→↘입14.637.937.313.1289835.741.4 64.5 65.0100  0  0**   14.60   12.80 5 -1  1UV동55.04731010-7.0 9.0 2.0858510 0교체성공전개최상91기 1 4 1     1 1 5⑩1:04.51¼  2.313.640.615.2  7  2  .0010 3 -6 4.292 1998519 6 2 1 41 2 2.0410.05 2.4 2.6  2.6   18.5   27.5   85.410.54195 2 8 7 2▲ 1.337.60 -.51-10.262.8717.9734.5949.35 92235 7.3815.4515.2311
20260620토 1100010국620 7 78 3 3강 3355비  불량20 411용비신성        미스치비미스보스 7022.00한수 2     2 1  100      24750국6배휴준정성진   2 3 1 1 1 3 1 0 0 0  0유승완47355.072평무보27 25 2546  .031.0 7.21961 9 950 710 0 8 01211152722      →↘입14.437.038.313.593 137.637.2 62.0 62.7              14.40   13.80 4  0  0LL동       10 0         6.0     0 0일반주행우수혈통 5기 0 5 9     9 7 3②1:02.04     .014.636.312.8 -7 19  .00 2 9  0  .83960182984 5 8 5103 1 7.09 3.05 1.7 2.8 30.7  426.6 1075.0  236.4  .01615-4 2 4-4▼-1.738.00  .65-12.662.93  .69 2.34 7.19 2 510 9.0918.1827.27 5
20261010토 5180011국5 1 7  7 0 1강 1158           5 1파워풀슬루      테스타마집시캡컴 4845.00한수 3 0 0   1    014:25 24750국5문세영(주)녹원 2 010 6 4 9 2 1 0 9  0정도윤   54.091기추보50 53 537067.060.040.721 01518221323 0 0 0442511252650 050↗↗추15.040.740.213.21053                   14 29  043   14.80   13.60 5 -6  0UH동56.04701818 1.4 3.8 5.2575717 0숨은복병기복전력69기 1 1                            14.8    13.6        .0                      10 1 5 2  2                                            12.03058 2 6 6 2― 1.140.20 -.48     118.915.6528.6240.7218385513.8623.4136.89 2
20260906일 41800 8국510 6 67 1 1강 1159맑음양호 6 5 1파워풀슬루      테스타마집시캡컴 4845.00한수 3 0 0 1 1   80      24750국5문세영(주)녹원 2 1 9 5 3 9 1 1 0 8  0정도윤49154.091기추적12 15 154619.053.036.821 01518221323 0 0 0442511252650 050↗↗추15.041.040.413.1 94540.739.4118.3118.2 17 17  033   14.70   13.80 3 -3  1NNUP56.04701814 1.0 4.2 5.2565617 1숨은복병기복전력60관 0 7 8 8 8 8 8 4③1:58.31½   .314.839.613.6  1  0  .00 3 2  0  .42471193372 8 5 7 43 1 1.03 3.06 1.4 4.6  1.4    5.0    7.0    8.3  .02462 1 4 5 1―  .539.80 -.5336.76119.1 9.8321.8136.79101934 8.2020.3434.38 5
20260815토 6170011국513 7 67 2 3강 3331흐림건조 3 5 1파워풀슬루      테스타마집시캡컴 4733.00한수 3 0 0 2 1   66      24750국5문세영(주)녹원 2 2 8 4 3 9 2 1 0 7  0김용근49153.584기추적36 41 416219.049.025.026511318221323 0 0 0442530271450 050→↘선15.040.340.613.1217339.742.4113.8114.3 17 33  017   14.60   13.40 4  7 -1BUDN56.04701814 2.2 3.0 5.2565617-1교체실패기복전력 5   010 9 9 7 6 7 9⑨1:53.82    1.914.741.913.8  7  0  .05 9 2 -7 2.1704081792911 3 7 60 2 1.04 7.03 2.2 7.4  2.2    8.0   12.2   53.4  .02030-1 3 4-1▽ -.240.90  .0533.35113.7 6.2615.5725.04 51222 6.6715.5825.84 6
20260718토 5180010국541 5 97 3혼전 4454흐림불량20 5 1파워풀슬루      테스타마집시캡컴 4845.00한수 3 0 0 2 1   56      24750국5문세영(주)녹원 2 3 7 3 2 9 1 1 0 6  0김용근49154.084기추적22 20 2010 7.031.0 8.926511318221323 0 0 0442530271450 050→↘선15.140.940.313.2124941.340.9118.3120.1 20 40  020   15.30   13.3020  2  1HN동56.04701814 2.2 3.0 5.2565617 0일반주행휴양불리 5   0 3 9 9 8 7 7 7⑥1:58.31½  1.014.639.913.4 -3  7  .00 6 9  3 2.2708758814910 5 9100 1 1.02 4.08 3.0 6.3  3.0    6.4   10.0   27.1  .01510-3 1 1-3▼-1.540.20  .1638.88119.0  .95 4.94 8.88 1 4 8 2.82 6.3713.7910
20260301일 5180011국550 8107 4혼전 4435맑음건조 3 5 1파워풀슬루      테스타마집시캡컴 4845.00한수 3 0 0 1 3  404      24750국5리카디(주)녹원 2 4 6 2 1 9 6 1 0 5  0정정희48453.576우추하56 51 513931.040.010.424711043621236253030382620251550 050↘↘입15.140.739.913.1267342.641.2122.6121.4 25 50  025   14.90   13.8010  0  1UNUP56.04701814 1.5 2.3 3.8676717 1전개최상휴양탐색66기 0 1111110 3 3 9⑪2:02.64    2.516.640.914.1  5  7  .0011 6  4 2.9899968951811 1 5 90 610.01 9.05 3.3 6.3 26.3   47.6  163.4  120.9  .03429-2 4 4-2▽ -.940.50  .3140.79118.8 2.55 5.5210.43 2 510 6.0217.0223.31 6
20251220토 6170011국552 5107 5혼전 4451흐림포화16 5 1파워풀슬루      테스타마집시캡컴 4733.00한수 2 0 0 2 1  186      24750국5리카디(주)녹원 2 5 5 1 2 9 5 1 0 4  0정정희47753.080평추하95 91 919273.061.029.320441036541336253030382620251550 050→→입15.040.140.313.1328740.341.4111.2113.3 25 25  025   15.20   13.70 3 -8 -3UU동56.04701714 2.0 2.7 4.7575717 0일반주행전개최상 5기 0 1 8 810 7 7 7⑦1:51.24    1.214.940.413.8  5  4  .02 7 2  1 1.8467459734410 1 3 30 5 9.10 5.04 3.1 9.7 17.6   88.0  164.5  311.510.54155 0 7 6 0―  .741.00  .2232.91113.4 8.5218.6829.27 8172812.7024.5133.33 4
20251130일 3170011국650 8 57 6혼전 4454흐림다습10 5 1파워풀슬루      테스타마집시캡컴 4733.00한수 2 0 0 9 1   75      16500국6리카디(주)녹원 2 6 4 4 1 9 4 0 0 3  0정정희47356.080평추하74 77 778177.071.061.9204410365413362530303826202515 0 099→→입14.440.140.413.1338540.040.0112.9111.3  0 33  033   14.70   13.50 5  0  0LNUP56.04671714 1.0 3.5 4.5616114 3부진만회작전마주43기 0 91010 9 2 2 2①1:52.91½  -.315.240.913.7  0  3  .00 1 1  0  .0 256242493 6 1 1 11 4 1.05 9.07 2.9 4.3  2.9   11.3   20.9   12.512.73064 2 8 9 2▲ 1.640.70 -.6030.83113.427.6147.3961.9234536623.6144.1643.93 1
20251025토 3140011국641 7 97 7혼전 4451맑음건조 5 5 1파워풀슬루      테스타마집시캡컴 4733.00한수 2 0 0 9 1  196      16500국6리카디(주)녹원 2 7 3 3 2 9 3 0 0 2  0정정희47056.080우추보88 94 947882.066.037.7204410365413362530303826202515 0 099→→입14.437.538.613.0168737.838.7 90.0 88.9  0 50  050   14.50   13.60 3  7  0BN동56.04671410 3.0 3.0 6.0505014 0일반주행작전마주46기 0 911    1110 8⑤1:30.01    1.014.739.213.5  4  3  .00 5 1 -3 1.44684265051 7 1 3 53 3 2.04 4.06 3.1 5.5  3.5   13.0   22.1  141.710.52977 2 8 6 2▲ 1.238.40 -.1512.8288.6612.9825.1537.72 8172819.3034.6340.24 1
20251004토 3140011국651 9107 8 2강 2251맑음다습10 5 1파워풀슬루      테스타마집시캡컴 4733.00한수 2 0 0 1 2  22911:25 16500국6리카디(주)녹원 2 8 2 2 1 9 2 0 0 1  0정정희46756.081평추보78 25 2551  .065.041.8225013315511362530303826202515      ↘→입14.437.738.712.6 99637.138.8 89.9 88.1  0  0  0**   14.40   12.50 3 -4  1HNUP       1410         6.0    10 4거리적응작전마주64기 0 2 8     9 7 4③1:29.92     .314.539.613.6 -1 -6  .00 3 4  1  .61846312673 9 111 33 2 1.0211.03     7.4  2.9    9.7   16.4   20.7  .03169 2 7 7 2― 1.238.00 -.4411.7088.8613.6128.1241.78143044 8.7318.6480.71 5
20250913토 1100010국650 2107 9 2강 2255맑음포화19 5 1파워풀슬루      테스타마집시캡컴 3727.00한수 2     2 2  30513:15 24750국6리카디(주)녹원 2 9 1 1 1 9 1 0 0 0  0정정희47355.582평무보   25 2540  .056.055.6225013315511362530303826202515      ↘→입14.537.137.812.3    38.136.8 61.6 62.5              14.50   12.60        LN동       10 0                 0 0일반주행작전마주37기 0 6 8     810 9⑥1:01.6½   1.014.436.412.5  3  1  .00 6 3  0 1.63575 83246 1 1 2 23 1 1.06 2.08     6.8  3.1   13.1   21.6   56.5  .02067 0 6 6 0―  .437.80 -.56-12.462.7122.6941.1155.5518375310.7820.9532.70 6
20261010토 5180011국5 1 7  6 0 1강 1158           5 2샤크텐          일루시브샤크런    5     한거 5 0 0   1    014:25 24750국5박지헌힐링팜조-3 016241228 2 0 428  0이혁     52.577평추보50 49 493738.056.034.52259 721461120 923 02117282118132550↗↘선14.540.440.313.72230                   19 26  419   15.30   13.60 4 -4  0HHUP53.84641817  .4 6.0 6.4464617 1배당마주배당마주28관 0 2                            15.3    13.6        .0                       8 3 7 5  8                                            12.02943 2 5 5 2―  .840.30 -.28     118.810.8322.2434.54 61829 8.9117.5627.18 5
20260912토 6170011국510 8 66 1혼전 4452맑음건조 3 5 2샤크텐          일루시브샤크런    5     한거 5 0 0 2 1   68      24750국5박지헌힐링팜조-3 115231128 1 0 427  0이혁  46852.578평추하23 24 243922.054.031.32259 721461120 923 02117282118132550↗↘선14.540.040.713.7354540.440.1113.5113.1 19 27  419   15.10   13.70 2 -4 -4NH동53.84641818  .6 5.4 6.0515117 0숨은복병배당마주40기 0 6 9 9 91010 9⑤1:53.5½   1.015.340.113.6 -2 -5  .00 5 7 -1 1.13875203552 8 3 8 43 7 2.05 2.05 2.3 6.8  6.7   18.2   51.4   34.912.73152 2 4 5 2―  .541.00  .0132.40113.6 9.8119.5431.29 61425 5.9716.9923.90 6
20260829토 4170010국550 5106 2혼전 4451맑음다습12 5 2샤크텐          일루시브샤크런    5     한거 5 0 0 9 1   37      24750국5박지헌힐링팜조-3 214221028 2 0 426  0조상범47356.557평추보46 54 544323.047.016.6 927 621461120 911232117132116132550↗→입14.440.040.613.7364940.541.4112.6114.4 16 24  420   14.70   14.00 3  3  3VBDN53.84641818  .0 4.8 4.8606017-1숨은복병최적거리46기 010 8 8 9101010⑩1:52.64    2.015.140.413.7  2 -3  .0010 8  3 2.47478607525 8 2 6 7013 3.09 1.03 3.0 5.1  6.3  109.3  200.2   97.9  .02034 0 3 4 0― -.241.20  .3933.84113.5 2.78 8.6816.63 2 714 5.8811.7119.42 8
20260808토 5180011국550 9 56 3 1강 1159맑음건조 2 5 2샤크텐          일루시브샤크런    5     한거 5 0 0 1 1   67      24750국5박지헌힐링팜조-3 313211128 1 0 425  0조상범47653.556평입하16 25 2526 5.038.017.8 927 621461120 911232117132116132550↗→입14.540.740.013.7194540.540.6120.2119.1 17 29  421   14.80   13.20 3  0  0NH동53.84641818  .2 4.4 4.6636317 0최빈거리보통주행78기 1 7 8 8 910 9 9⑤2:00.2코    .714.740.714.0  0  3  .00 5 5 -2 2.04661535862 9 3 7 931210.01 4.08 2.6 4.3 30.5   68.1  221.6   66.5  .01530 0 2 3 0― -.640.30  .1038.39118.8 4.4410.6517.80 1 5 9 3.85 6.2011.3710
20260718토 5180010국541 5 96 4혼전 4454흐림불량20 5 2샤크텐          일루시브샤크런    5     한거 5 0 0 2 1   36      24750국5박지헌힐링팜조-3 412201028 6 0 424  0이혁  47353.577평입보39 48 483138.058.038.02259 721461120 923 02117282118132550↗↘선14.540.640.113.7284141.740.3118.6120.4 17 26  422   14.70   13.80 2  6  0NH동53.84641817-1.0 4.4 3.4686817 0마주성향거리속성 5   0 7101010 9 9 8⑨1:58.6½   1.314.839.313.2  2  4  .00 9 7  4 2.57693427841 7 1 5 40 6 1.02 4.08 3.0 6.3  3.0    6.4   10.0   27.112.73159 2 5 5 2―  .640.50 -.3539.67118.813.5026.1238.04 9223512.6822.9332.18 4
20260705일 41800 9국550 9 56 5 2강 2259흐림건조 4 5 2샤크텐          일루시브샤크런    5     한거 5 0 0 1 1   27      24750국5박지헌힐링팜조-3 51119 928 5 0 423  0이혁  46953.577평입상43 53 536681.068.069.52259 721461120 923 02117282118132550↗↘선14.440.739.813.7195340.241.3120.4119.5 18 32 1423   14.60   12.60 2 -9 -1UH동53.84641817-1.0 5.6 4.6626217 0뒷심문제마주성향60관 0 1 7 7 8 8 8 8③2:00.44     .814.740.913.8  0  0  .00 3 3 -1 2.05349696758 7 1 2 13 5 2.01 4.03 3.0 5.0  3.7    5.0   12.3    4.3  .03776 3 8 9 3▲ 1.340.30-1.0238.97118.729.0352.7469.5438567130.8853.0664.02 1
20260620토 5180010국551 2106 6 3강 3359비  불량20 5 2샤크텐          일루시브샤크런    5     한거 5 0 0 2 1   36      24750국5박지헌힐링팜조-3 61018 828 4 0 422  0이혁  46954.077평입상47 51 512331.055.042.92259 721461120 923 02117282118141457↗↘선14.440.740.313.7233740.838.7116.9119.0 19 33 1414   15.00   13.50 5  3  0VNUP53.74631817 -.8 6.2 5.4565617 1숨은복병거리속성 5관 110 7 7 7 5 5 2③1:56.9½    .114.638.012.6 -1 -3  .00 3 4 -1  .63972 61373 8 3 2 22 4 1.06 7.09 2.6 5.6  2.6   15.2   25.5   27.111.22039 0 5 6 0―  .440.30 -.5537.99118.915.7030.4242.8818375310.0027.3536.13 3
20260516토 5170011국551 8106 7혼전 4431맑음건조 3 5 2샤크텐          일루시브샤크런    5     한거 5 0 0 2 1   96      24750국5박지헌힐링팜조-3 7 917 928 3 0 421  0이혁  47254.078평입하34 48 484227.056.027.92259 721461120 923 02117282118171767↗↘선14.440.040.713.7345340.040.9113.3113.1 20 30  520   15.40   12.90 3  3  1NNDN53.74621817-1.0 6.6 5.6555517-1배당마주최적거리46기 0 7 6 6 6 7 5 5④1:53.32     .515.040.313.5 -1 -7  .00 4 5  2  .63055434667 8 3 7 60 3 3.0811.01 2.9 7.2  6.5   93.4  169.4  105.6  .02347 1 5 5 1―  .641.00  .0832.37113.6 7.7217.3227.85 61325 8.5716.5725.65 5
20260426일 4180011국551 4106 8 1강 1151맑음건조 3 5 2샤크텐          일루시브샤크런    5     한거 5 0 0 9 1   47      24750국5박지헌힐링팜조-3 8 816 728 2 0 420  0이혁  47953.577평입상60 55 553343.059.041.32259 721461120 923 02117282118171767↗↘선14.440.740.313.8253440.939.4120.2119.2 21 26 1621   15.40   13.60 5  2  0HHUP53.74621817-2.8 8.0 5.2585817 1배당마주배당마주47기 0 410 9 9 9 9 6④2:00.2½    .315.438.712.9  1  6  .00 4 3 -4 1.05479193770 8 3 5 43 2 2.04 1.02 2.5 5.4  3.5   10.1   20.9   32.112.02957 2 5 7 2―  .740.30 -.5138.17118.911.8126.8741.25 92235 8.1117.3927.27 4
20260322일 4170011국543 9 46 9혼전 4451맑음건조 5 5 2샤크텐          일루시브샤크런    5     한거 5 0 0 2 1   91      24750국5박지헌힐링팜조-3 9 715 828 1 0 419  0이혁  47353.578평입보30 31 314624.057.033.42259 721461120 923 02117282118202060↗↘선14.439.940.813.7394940.041.0112.6112.5 22 28  617   15.60   13.10 3 -9  1UNDN53.74591817-3.0 8.0 5.0616117-1배당마주배당마주47기 0 2 8 8 8 8 8 5③1:52.63     .515.440.613.6 -4  1  .00 3 7 -2  .61756495269 8 3 9 33 1 1.08 6.09 2.5 3.2  2.5   31.9   38.5  154.9  .02366 1 5 7 1―  .741.00 -.0431.76113.610.4821.8233.35 61325 5.2110.9518.87 8
20260301일 5180011국550 610610혼전 4455맑음건조 3 5 2샤크텐          일루시브샤크런    5     한거 5 0 0 1 1   58      24750국5박지헌힐링팜조-310 614 628 3 0 418  0조상범47253.056평입보36 41 4119 7.041.014.7 927 621461120 911232117132116202060↗→입14.440.340.613.8482242.239.1121.9120.1 24 24  612   14.60   14.10 3  7 -2VH동53.74591817-3.6 7.8 4.2717117 0배당마주배당마주55기 111101011111111⑨2:01.91½  1.815.638.613.1  0 -2  .00 9 9  2 2.27598156728 5 9 8 801110.01 9.05 3.3 6.3 26.3   47.6  163.4  120.9  .02328 0 2 3 0― -.740.80  .1139.23118.9 3.58 8.4914.73 2 714 2.41 5.3212.1610
20260208일 6180011국551 510611혼전 4451맑음건조 2 5 2샤크텐          일루시브샤크런    5     한거 5 0 0 2 1   26      24750국5박지헌힐링팜조-311 513 528 2 0 417  0조상범47455.056기입적26 43 432210.042.020.3 927 621461120 911232117132116202060↗→입14.440.340.613.7482240.240.7119.2119.3 25 31  613   15.30   13.90 5 -6  2HNUP53.74591817-4.0 7.4 3.4707017 1마주성향배당마주79기 1 4 4 5 5 5 6 6⑦1:59.21    1.114.640.714.1  0  8  .00 7 7  0 1.45748605546 3 8 5 6210 1.02 5.02 2.5 6.6  2.5    6.6   11.5   29.6  .02524 0 3 4 0― -.440.70  .0038.35118.9 5.3411.9220.34 51221 4.00 9.2115.00 7
20260103토 6170011국511 8 6612혼전 4431맑음다습13 5 2샤크텐          일루시브샤크런    5     한거 5 0 0 1 1  100      24750국5박지헌힐링팜조-312 412 728 1 0 315  0조상범46653.557평입상85 86 864031.048.021.0 927 621461120 911232117132116202060↗→입14.439.640.913.6584540.441.3113.2114.6 27 33  713   14.90   12.90 2  6  1BN동53.74591817-3.8 7.0 3.2676717 0배당마주마주성향43기 0101111 9 9 9 7⑤1:53.2½    .615.340.713.9 -2  1  .00 5 7 -3 2.48077597563 5 5 2 73 9 1.06 5.02 1.8 5.9  1.8   17.1   20.4   52.8  .02349 0 5 3 0― -.241.70  .3534.13113.4 4.5512.2820.95 2 510 5.3815.3822.40 6
20251220토 6170011국552 410613혼전 4431흐림포화16 5 2샤크텐          일루시브샤크런    5     한거 4 0 0 2 1   3914:25 24750국5박지헌힐링팜조-313 311 628 1 0 315  0유승완46552.569평입상83 84 844231.055.020.21961 921461120 914 02117152722252550→↘입14.439.541.413.7663040.239.8110.0112.5 21 29  7 7   15.10   13.80 2 -6  1HN동54.04581817-2.0 6.0 4.0616117 0배당마주배당마주47기 0 4 9 9 8 8 8 5②1:50.03     .014.938.812.9 -8  1  .00 210  3  .61867182480 8 7 5 93 1 9.10 5.04     9.7 17.6   88.0  164.5  311.5  .02370 0 4 5 0―  .241.40  .1631.60113.7 5.6813.0920.24 2 510 3.9712.6518.25 8
20251207일 4170011국521 7 7614혼전 4441맑음양호 9 5 2샤크텐          일루시브샤크런    5     한거 4 0 0 1 1   52      24750국5박지헌힐링팜조-314 210 528 2 0 214  0조상범46452.057평입상66 65 653338.055.028.5 927 621461120 911232117132116333333↗→입14.339.441.613.8771740.040.0112.3112.1 15 23 23 8   14.60   14.10 3  7  0BU동54.74561814-1.0 5.8 4.8505014 0배당마주배당마주70기 010 9 9 9 7 7 3②1:52.3½    .015.140.313.8 -5 -3  .00 2 7 -1  .01057232489 5 9 6 63 8 1.07 7.10 2.6 4.7  2.6   26.9   43.5   57.712.72959 2 5 5 2―  .541.50 -.1031.12113.8 8.3717.8128.50 41117 9.0018.0027.10 5
20251115토 6170011국531 5 8615 3강 3352맑음건조 3 5 2샤크텐          일루시브샤크런    5     한거 4 0 0 2 1  127      24750국5박지헌힐링팜조-315 1 9 428 1 0 213  0조상범46752.057평입하29 25 2527 7.039.017.3 927 621461120 91123211713211650 050↗→입14.339.441.713.7711738.941.7112.0112.4 17 17 17 8   14.30   13.60 7 -6  0UUDN56.04501814  .0 6.0 6.0373714-1배당마주배당마주46기 1 3 5 5 4 4 4 4⑤1:52.0½    .214.641.214.1 -3 -4  .00 5 8  7  .617 9704273 411 9 72 710.07 9.11 2.3 5.0 48.6  314.4  766.5  326.3  .02340 0 2 3 0― -.841.50  .1231.31113.8 4.63 9.7717.33 2 510 2.50 6.2114.69 7
20261010토 5180011국5 1 7  7 0 1강 1158           5 3포마드          머스킷맨위너스마 6130.00한암 3 0 0   1    014:25 24750국5서인석(주)디알 2 011 5 110 4 1 110  0최범현   52.593평자보50 59 598493.071.061.63162141951 9182036 9191118321750 050→→입13.938.540.313.53349                   22 33 1133   15.10   13.00 8  2 -1HUUP53.54741814  .8 2.6 3.4656514 5부중유리연대우수63기 0 3                            15.1    13.0        .0                       1 2 1 1  7                                              .04890 3 9 9 3★ 1.940.30 -.34     118.128.8549.7661.5738597038.6161.4669.90 1
20260815토 4130011국551 4107 1혼전 4451흐림건조 3 5 3포마드          머스킷맨위너스마 7931.00한암 3 0 0 2 1  161      24750국5서인석(주)디알 2 110 4 210 3 1 1 9  0최범현47353.093평입하43 54 543651.057.028.33162141951 9182036 9191118321799 0 0→→입13.937.539.113.7485738.537.4 82.2 81.9 25 25 1325   15.20   13.40 8 -9 -1UHDN54.04751414  .6 3.0 3.6595914-1일반주행거리속성 5   0 110     9 7 6③1:22.22     .315.137.713.0 -1  1  .00 3 4  0  .81086 31770 9 6 6 43 6 2.0111.06 4.5 7.8  4.7    8.8   15.3   16.8  .01543 0 6 6 0―  .539.30  .18 5.3483.03 8.1317.5128.32 6132511.5420.9532.18 4
20260621일 5140010국531 6 87 2 3강 3351맑음포화17 5 3포마드          머스킷맨위너스마 7931.00한암 3 0 0 2 1  126      24750국5서인석(주)디알 2 2 9 3 610 2 1 1 8  0최범현47253.593평입보67 61 614245.057.026.93162141951 9182036 9191118321799 0 0→→입13.937.139.313.7444137.438.9 87.8 88.5 25 25 1325   14.30   13.50 4  0  1NN동54.04751414  .6 3.0 3.6606014 0일반주행최적거리 5기 11010     8 810⑧1:27.82     .515.238.313.4  4 -3  .09 8 4 -1  .52865293766 7 5 7 50 5 7.09 3.06 2.5 3.9 26.5  428.6  886.9 1549.7  .02146 0 6 6 0―  .438.70 -.0512.0988.86 7.2216.5726.92 82135 7.4815.6024.47 6
20260524일 4140011국552 8107 3혼전 4451맑음다습11 5 3포마드          머스킷맨위너스마 7931.00한암 3 0 0 2 1   67      24750국5서인석(주)디알 2 3 8 2 510 1 1 1 7  0최범현47552.593평입하76 67 675161.065.046.23162141951 9182036 9191118321799 0 0→→입13.837.139.313.7464537.039.7 89.1 88.9 29 29 1429   14.20   13.40 7  8 -1BU동54.04751414  .6 3.0 3.6606014 0부중유리최적거리42기 010 6     3 3 7⑧1:29.1목   1.414.339.613.5  3 -1  .00 8 5  3 1.84144585341 7 5 6 20 4 2.01 4.03 2.8 6.3  4.4    6.3   14.3    9.7  .03180 1 7 8 1▲ 1.138.80 -.5512.4588.8619.2434.4146.20345366 9.6427.5137.62 4
20260404토 4140011국512 8 17 4혼전 4454맑음양호 7 5 3포마드          머스킷맨위너스마 7931.00한암 3 0 0 1 1  141      24750국5서인석(주)디알 2 4 7 1 410 1 1 1 6  0이혁  47653.578평입보50 65 654656.059.039.52259 71951 918201325191128211899 0 0↗↘선13.837.139.613.9451737.538.6 90.2 88.5 33 17 1717   13.80   14.70 5 -9 -1UU동54.04751414  .6 3.8 4.4545414 0연대우수작전마주83기 0 2 3     5 5 4③1:30.27    1.214.238.813.4  1  1  .00 3 2  1 1.43173213446 6 7 2 22 1 1.04 3.07 1.3 2.2  1.3    7.5    7.7    8.0  .03263 0 7 7 0―  .638.70 -.5811.7589.0714.5627.8239.5018375314.0430.0039.30 2
20260301일 3140011국650 9 57 5혼전 4451맑음건조 3 5 3포마드          머스킷맨위너스마 7931.00한암 3 0 0 1 1  102      16500국6서인석(주)디알 2 5 6 6 310 3 0 1 5  0최범현47554.093기자보76 93 937083.074.059.73162141951 9182036 91911183217      →→입13.937.339.513.9312236.540.5 90.8 89.0 20 20  020   13.80   13.70 5  6 -1NH동       1414  .6 4.8 5.4505014 0연대우수연대우수55관 111 2     2 2 1①1:30.8머리  .013.841.514.7  0 -3  .00 1 1  0  .04615806390 7 1 1 11 3 1.0711.09 2.3 4.7  2.3   22.2   28.6   54.610.54186 3 9 9 3★ 1.838.60-1.1612.1689.1427.0245.9159.7418375329.5550.2759.15 1
20260124토 3140011국641 9 97 6 2강 2259맑음건조 3 5 3포마드          머스킷맨위너스마 7931.00한암 3 0 0 2 1   82      16500국6서인석(주)디알 2 6 5 5 210 2 0 0 4  0최범현47854.593평입상56 48 485393.069.070.13162141951 9182036 91911183217      →→입14.137.439.713.8251537.338.5 89.4 87.4  0  0  0 0   14.00   13.20 6  1  1NN동       1410  .5 5.8 6.3414114 0연대우수연대우수 5기 0 5 1     1 1 2②1:29.46     .013.839.113.7  1  9  .00 2 1 -5 1.0 665192592 3 3 3 21 2 4.01 1.05 2.6 4.7  6.3    6.9   14.0    6.6  .03766 1 8 8 1▲ 1.438.20-1.6110.3089.3427.5754.3670.0821425842.8671.1990.00 1
20251214일 5140011국630 8 87 7혼전 4451맑음포화18 5 3포마드          머스킷맨위너스마 7931.00한암 2 0 0 2 1  114      16500국6서인석(주)디알 2 7 4 4 110 1 0 0 3  0최범현46954.093하입보28 36 363951.067.039.53162141951 9182036 91911183217      →→입14.037.539.714.1141736.739.5 88.3 88.2  0  0  0 0   14.10   14.40 4  1  0NNUP       1410 1.3 5.7 7.0414110 2연대우수연대우수92기 1 4 6     4 3 5④1:28.31¼  1.314.039.313.2 -2-14  .00 4 6  1 1.4253151374310 5 5 42 1 3.09 1.02     5.0  5.0   74.2  107.2   47.5  .03773 0 6 7 0― 1.138.30 -.8811.0089.4113.6126.9139.53 9223515.3826.0437.09 3
20251115토 11200 9국630 8 37 8 1강 1155맑음건조 3 5 3포마드          머스킷맨위너스마 8424.00한암 2 0 0 2 1  132      24750국6서인석(주)디알 2 8 3 3 110 3 0 0 2  0이동하48354.091하추보20 22 223361.064.055.83150151951 91820 6391911252419      ↗↘선14.038.038.714.1 84137.539.0 77.7 76.6  0  0  0 0   14.70   13.90 4 -1  0HNDN       1310  .5 6.0 6.5393910-1연대우수연대우수48기 0 3 6     6 6 6⑧1:17.7¾   1.214.140.114.4  3 11  .00 8 5 -1 1.76461586344 6 4 2 22 3 4.01 8.07 2.4 3.0 11.1   10.8   27.1    7.3  .03744 0 7 6 0―  .837.70-1.16 -.1576.4518.5037.2755.82214258 7.3423.5315.20 2
20251019일 2130011국632 6 87 9혼전 4451맑음포화17 5 3포마드          머스킷맨위너스마 7931.00한암 2 0 0 2 2  208      16500국6서인석(주)디알 2 9 2 2 110 2 0 0 1  0이동하47254.091평무보53 72 728465.070.037.82547151322 51820 6391911252419      ↘↗선14.037.438.912.5569139.039.7 83.6 84.7  0  0  0 0   14.00   12.80 4  1  1NNUP       1310  .0 6.0 6.0646410 3보통혈통연대우수65기 0 411    1110 6⑦1:23.6½   2.514.739.213.9  1 12  .00 7 6  0 2.58695659016 5 2 2 53 2 1.03 9.11 1.7 3.6  1.7    3.6    4.6    4.610.63768 1 8 7 1▲ 1.440.10  .09 8.4482.8411.0724.5637.84 81728 9.4725.7436.54 3
20250920토 1100012국621 1 7710 1강 1155흐림불량20 5 3포마드          머스킷맨위너스마 8424.00한암 2     2 2  28413:15 24750국6서인석(주)디알 210 1 1 110 1 0 0 0  0이동하46053.591평무보59 35 3548  .054.031.32547151322 51820 6391911252419      ↘↗선14.737.738.113.2512237.337.3 61.3 62.8              14.70   13.50        NN동       10 0         5.0     0 0일반주행보통혈통 5기 0 3 8     8 8 6⑥1:01.31¾   .614.036.712.8  0 -4  .00 6 6  0 1.54246242459 8 8 9 40 1 1.04 2.01     2.7  1.5   13.0   14.7   34.0  .02034-1 5 8-1▽  .237.30 -.31-13.063.2011.0122.5431.28 92133 8.8017.4626.84 3
20261010토 5180011외4 1 7  5 0 1강 1158           5 4소울비트        WORLD OFVIRTUOUS 7040.00미거 5       1    014:25 24750국5성상현이관형   1 013 1 1 0 1 0 0 0  0장추열   56.593평입보64 48 482854.054.025.43050121565 2134256302715202722 05050→→입14.239.140.914.34513                   10 20  0 0   15.30   12.6027  1  4HBUP52.34841814-2.4 7.8 5.4404012 4일반주행휴양불리40관 0 4                            15.3    12.6        .0                       3 9 9 6  1                                              .01543-2 6 5-2▽  .340.90  .15     118.5 7.8416.7925.35 41221 6.9319.5134.95 4
20260404토10140011외411 6 65 1혼전 4451맑음양호 6 5 4소울비트        WORLD OFVIRTUOUS 70     미거 5 0 0 1 3  519      33000혼4함완식이관형   1 11212 512 7 0 011  0김용근48552.586평입하21 10 103713.049.025.0183110215012151518172210302714 05050↘↗선14.237.139.914.3461337.939.4 89.8 89.6 11 22  0 0   14.70   14.50 4  2  0HVDN52.34841814-2.6 8.0 5.4414112-3숨은복병보통주행69관 0 3 9    10 9 9⑧1:29.81    1.614.539.514.0 -1  1  .00 8 9  6 2.66785497135 6 910 60 7 4.05 1.02 1.4 3.7 10.3   31.6   82.0   71.5  .01935 0 4 4 0―  .139.00 -.3712.6089.28 6.3115.1825.02 51221 3.53 7.8216.07 9
20260308일 8170011외411 5 65 2 1강 1152맑음다습13 5 4소울비트        WORLD OFVIRTUOUS 70     미거 5 0 0 2 1   66      33000혼4함완식이관형   1 21111 212 6 0 010  0김용근48452.584평입상32 24 243015.050.021.8265113225611151518172210302714 05050→↘선14.239.541.714.3641339.742.9113.1114.8 11 22 11 0   14.80   14.50 8 -5  0UV동52.34841814-3.2 8.8 5.6505012 0일반주행거리속성51관 0 1 9 9 9 9 7 8⑧1:53.12    2.614.742.314.5  5  1  .05 8 3 -1 2.78140888617 7 9 8 60 6 2.01 4.03 1.4 4.5  8.5    4.5   14.0   13.3  .02051 0 4 4 0―  .041.80 -.0533.63113.9 4.9512.5721.79 41117 3.28 8.3716.36 8
20260111일 7170011외433 9 85 3혼전 4451맑음양호 6 5 4소울비트        WORLD OFVIRTUOUS 70     미거 5 0 0 2 1  140      33000혼4함완식이관형   1 31010 112 5 0 0 9  0김용근48352.584평입상60 61 614253.061.031.5265113225611151518172210302714 05050→↘선14.039.641.714.3591939.441.9114.3113.6 13 13  0 0   14.20   13.70 5  0  1NVUP52.34841814-3.2 8.8 5.6505012 3일반주행작전마주 5기 0 6 7 7 6 5 5 3③1:54.310   1.714.842.414.5 -1  6  .00 3 4 -7 1.85530736335 5 9 2 42 5 2.06 5.10 2.8 5.1  3.7   19.5   26.9   55.0  .02049 0 7 7 0― 1.041.50 -.3332.25114.010.5220.7431.54122741 8.0818.4534.84 5
20251206토 9140011외451 5105 4혼전 4441흐림양호 9 5 4소울비트        WORLD OFVIRTUOUS 70     미거 4 0 0 1 1  10117:00 33000혼4함완식이관형   1 4 9 9 412 4 0 0 8  0김용근47752.084평무상17 13 1326 7.037.0 9.9265113225611151518172210302714 0 099→↘선14.037.140.114.439 836.839.0 88.1 88.2 14 14  0 0   14.90   14.80 4 -4  0NUDN52.54911814-1.8 7.8 6.0404012-4최빈거리거리난점52기 1 6 5     5 6 2④1:28.1¾    .014.238.713.7 -7 -2  .00 411  4  .52233392580 81111112 4 1.03 9.08     6.7  3.0   11.6   19.9   49.2  .0 914-2 2 2-2▽-1.138.70 -.0910.9989.41 1.11 4.20 9.85 1 2 5 1.80 4.3910.5311
20251109일10180011외451 9 55 5혼전 4451맑음건조 3 5 4소울비트        WORLD OFVIRTUOUS 7040.00미거 4 0 0 2 1  134      33000혼4함완식이관형   1 5 8 8 112 3 0 0 7  0김용근47952.084평자보10  1  1 411.039.014.0265113225611151518172210302714 0 099→↘선14.040.341.014.3391740.042.6121.7120.4  0 17  017   14.20   14.40 2  8  0BUUP52.54911814-1.6 7.2 5.6464612 2일반주행거리속성75기 010 7 7 8 7 7 6⑥2:01.74    1.414.942.214.8 -1  1  .00 6 7 -1 1.57841898841 5 910 60 3 1.04 7.05 2.9 4.0  2.9    9.3   15.5   23.9  .01521 0 3 3 0― -.940.80  .0139.10119.0 3.62 7.8113.98 51222 3.45 8.9615.79 7
20251025토 7160010외411 3 65 6 1강 1151맑음건조 5 5 4소울비트        WORLD OFVIRTUOUS        미거 4 0 0 9 1  192      33000혼4함완식이관형   1 6 7 7 112 2 0 0 6  0김용근47852.084평무하20 11 1114 8.046.023.7265113225611151518172210302714 0 099→↘선13.836.840.614.335 936.640.2103.9103.9  0 20  020   14.10   13.30 6 -8 -1UUUP52.54911614-1.6 7.2 5.6505012 4교체실패마번유리32관 1 2 4   4 5 4 6⑥1:43.93    2.514.240.414.4 -2 -4  .00 6 8  3 2.87858677415 6 910 62 2 1.04 7.04 1.6 5.5  1.6    6.0    8.3   12.3  .02021 0 4 5 0― -.340.60 -.3726.52103.8 5.7913.2523.68 41121 2.17 5.2110.83 8
20250913토 8120011외424 1 75 7 1강 1151맑음포화17 5 4소울비트        WORLD OFVIRTUOUS        미거 4 0 0 2 2  29819:10 33000혼4함완식이관형   1 7 6 6 312 1 0 0 5  0김용근48253.082평무상44 39 3936 7.043.016.51943 81067 6151518172210302714 0 099↗→선13.837.439.014.3373438.338.7 75.3 77.5  0 20  020   14.30   13.50 3  2  1BVDN52.54911414-1.5 6.5 5.0535312-2일반주행보통주행48기 11011    101111⑩1:15.36    2.514.138.013.3  5 -5  .0910 5 -5 2.68491487614 9 7 6 70 1 2.07 2.08     2.6  3.2   32.7   53.5  102.8  .01538-1 2 3-1▽ -.338.60  .15 1.1076.28 3.30 8.3016.45 3 816 1.57 4.1210.37 9
20250823토 6140011외451 4105 8혼전 4451맑음건조 4 5 4소울비트        WORLD OFVIRTUOUS        미거 4 0 0 2 2  36315:15 33000혼4함완식이관형   1 8 5 5 312 1 0 0 4  0송재철48752.578평무상46 49 491116.041.015.91824141067 6151515122210192620 0 099→→입13.837.240.014.3341537.239.7 88.6 89.5  0 25  025   14.30   14.6017  5  0BU동52.54911412 -.7 6.0 5.3464612 0일반주행휴양불리47기 0 8 4     6 7 8⑧1:28.64    1.414.338.913.5 -2 -4  .00 810  2 1.96556606338 711 5 80 1 5.0811.05     7.1 10.0  158.6  239.4  188.3  .01541 0 3 3 0― -.738.80 -.2512.3189.41 4.01 9.3015.90 2 714 5.1311.0517.89 8
20250426토 7140011외454 6105 9혼전 4451맑음양호 8 5 4소울비트        WORLD OFVIRTUOUS        미거 4 0 0 9 4  69216:05 33000혼4함완식이관형   1 9 4 4 212 2 0 0 3  0푸르칸49152.570평선보47 36 363714.043.017.41529102150 51515 0 02210142421      ↗→추13.837.140.413.1412536.940.0 89.8 89.0  0 33  033   14.50   13.50 4  1 -1NHUP       1412-1.0 6.0 5.0515112 2일반주행보통주행 1기 0 310     9 8 6④1:29.8¾    .214.340.914.6 -4 15  .00 4 8  2  .65035696074 7 9 7 83 2 5.03 5.11     6.2  9.2   19.5   46.9   19.0  .01533 0 3 3 0― -.438.80 -.4611.5289.62 4.6910.1917.39 3 713 3.13 6.5410.2410
20250329토 7120011외424 5 7510 3강 3351맑음건조 3 5 4소울비트        WORLD OFVIRTUOUS        미거 4     9 4  77616:05 33000혼4함완식이관형   110 3 3 212 1 0 0 0  0푸르칸47653.071하선보51 47 4728 8.032.0 7.71529102150 51515 0 02210142421      ↗→추13.837.539.613.1261938.037.8 77.3 76.0  0 50  0 0   13.80   13.5053  0 -3HH동       1412-2.0 8.0 6.0393912 0선행무리보통주행 1기 0 2 7     8 8 8⑥1:17.3코   1.514.538.813.5  0-21  .00 6 6  2 1.54683174137 911 5100 1 1.07 5.11     3.2  1.8   44.3   53.2   86.111.21321-3 2 1-3▼-1.338.10 -.01-1.0976.67 1.13 3.44 7.66 0 1 4 1.83 4.57 5.98 9
20240317일 31200 9외421 5 2511 1강 1155맑음건조 3 5 4소울비트        WORLD OFVIRTUOUS        미수 3 0 0 210 186112:05 41250혼4함완식이관형   111 2 2 112 2 0 0 1  0김태훈49756.071하무보17 35 3522  .031.0 9.81599 4173314151511 02210122521      ↗↗입13.737.639.413.1221937.038.4 75.3 75.5  0  0  0 0   13.70   13.40 3 -1  0HHDN       1414         6.0    14-2일반주행보통주행 1기 0 2 2     2 2 2④1:15.3½    .613.838.313.5  0 12  .00 4 4 -4 1.22636372663 5 6 6 91 2 1.05 1.03     1.6  1.5   14.0   17.7   58.9  .01510-3 2 1-3▼-1.237.80 -.01-1.5476.62 1.00 4.06 9.77 1 5 911.4622.2236.16 2
20240225일 4140012외440 5 9512혼전 4453맑음불량20 5 4소울비트        WORLD OFVIRTUOUS        미수 3     910 192613:10 41250혼4함완식이관형   112 1 1 112 1 0 0 0  0김태훈48556.069평무보   35 3540  .031.0 6.61599 4173314151511 02210122521      ↗↗입13.836.639.113.3    37.339.9 88.8 90.1              13.80   13.60        NN동       14 0                 0 0일반주행작전마주 1기 0 3 3     7 7 6⑥1:28.8½   1.413.739.213.4 -2  3  .00 6 8  0 2.07961687239 2 2 6100 1 6.03 1.10     5.1 12.2   31.8   90.8   31.6  .02021-2 2 2-2▽-1.539.60  .9114.3788.38  .56 3.31 6.58 1 4 8 7.7515.6632.56 4
20261010토 5180011국5 1 7  6 0 1강 1158           5 5소프트파워      테스타마일루시브 4845.00한암 5 0 0   1    014:25 24750국5송문길지앤지스 0 01615 420 6 1 320  0송재철   54.575평추보50 56 562742.057.035.51745 91839 9273325 02629192620 05050→→입14.239.840.713.66130                   28 33  633   14.40   13.10 7  4 -1NNUP53.74691814-3.2 7.2 4.0616113 1숨은복병거리속성66기 1 5                            14.4    13.1        .0                       5 7 2 3 16                                              .01933 0 6 6 0―  .740.70 -.25     118.710.8923.1535.52122741 7.9216.5926.21 6
20260822토 61700 8국540 5 46 1 1강 1156비  불량20 5 5소프트파워      테스타마일루시브 4733.00한암 5 0 0 2 1  128      24750국5송문길지앤지스 0 11514 520 5 1 219  0송재철47355.075평추상64 72 726266.056.043.11745 91839 9273325 02629192620 04060→→입14.139.441.213.6754139.839.9110.6112.3 24 29  629   14.50   13.5013 -8  2ULDN53.44681814-3.0 7.2 4.2595913-1전개선전휴양불리49기 0 1 3 3 3 3 4 3②1:50.63     .014.439.013.1  0 -6  .00 2 2 -5  .41648171385 2 3 1 3215 1.02 4.01 2.0 3.1  2.0    3.1    5.1    9.7  .02742 0 6 5 0―  .641.50 -.2131.74113.512.8927.7743.0712274116.6737.0456.44 2
20260524일 6180011국550 9106 2 1강 1158맑음다습11 5 5소프트파워      테스타마일루시브 4845.00한암 5 0 0 2 2  236      24750국5송문길피닉스   3 21413 320 4 1 118  0송재철47953.077평추보24 21 214323.053.032.7182414375229272725102629192620 02575→→입14.140.040.913.6561940.339.1119.7118.8 19 25 1331   15.10   13.60 5  1  1BNUP53.54651814-2.2 7.2 5.0494913 1숨은복병거리탄력66기 0 9 4 4 4 3 3 2②1:59.7목    .014.540.113.5 -5 -2  .00 2 7 -3  .13752131391 3 610 3214 4.07 3.09 3.7 9.3  8.1   50.8  114.8   87.5  .02035 0 5 6 0―  .540.90 -.3037.86118.911.0421.1632.66122741 8.8216.6725.53 5
20260418토 5170011국552 6106 3혼전 4451맑음건조 5 5 5소프트파워      테스타마일루시브 4733.00한암 5 0 0 2 1   98      24750국5송문길피닉스   3 31312 420 3 1 117  0송재철48152.575평추상54 54 542618.048.019.81745 91839 9272725102629192620 02575→→입14.139.441.413.6723440.640.9113.4113.8 20 33 1333   14.70   12.70 5  6  0LHDN53.54651814-2.0 6.4 4.4575713-1일반주행거리속성38기 1 8111110 911 8⑦1:53.41½  1.715.140.413.6 -3  5  .00 710  2 2.05782446432 3 8 5 9313 8.04 4.01 2.2 6.1 22.8   81.4  188.7  222.1  .01525 0 4 4 0― -.241.70  .2133.00113.6 4.3111.4519.81 2 510 4.55 9.4217.94 9
20260314토 4180011국552 8106 4 1강 1151맑음양호 7 5 5소프트파워      테스타마일루시브 4845.00한암 5 0 0 2 1  102      24750국5송문길피닉스   3 41211 220 2 1 116  0송재철47652.575평추하33 38 383320.050.027.01745 91839 9272725102629192620 02575→→입14.140.240.713.5473439.541.5120.0118.4 21 36  736   14.30   14.10 5 -1 -1UH동53.54651814-1.4 6.2 4.8626213 0교체실패거리속성40기 0 2 5 5 5 6 7 5③2:00.07    1.214.340.813.8 -5 -1  .00 3 8  5 1.33022735546 6 5 8 5312 3.0211.04 2.6 8.3  7.3   15.6   32.1   80.6  .02041 0 4 5 0―  .040.70 -.1637.49118.9 6.5516.4826.97 81728 2.97 8.7016.09 7
20260208일 6180011국551 5106 5혼전 4451맑음건조 2 5 5소프트파워      테스타마일루시브 4845.00한암 5 0 0 2 1   78      24750국5송문길피닉스   3 51110 120 1 1 115  0송재철47753.575평추하31 39 392320.047.025.51745 91839 9272725102629192620 02575→→입14.040.440.513.5344539.241.3119.0119.1 21 36  736   14.30   14.20 5 -8  1HNUP53.54651814 -.6 5.4 4.8606013 1숨은탄력거리속성43기 0 3 2 2 2 2 2 4⑥1:59.02½   .914.341.314.1  3 -3  .01 6 3 -6 1.25112744552 5 7 6 5111 1.02 5.02 2.5 6.6  2.5    6.6   11.5   29.6  .01847 0 4 4 0―  .040.60 -.1438.16118.9 6.4015.3325.52 61325 4.0011.8421.25 5
20260103토 6170011국511 8 66 6혼전 4451맑음다습13 5 5소프트파워      테스타마일루시브 4733.00한암 5 0 0 1 1  100      24750국5송문길피닉스   3 610 9 320 2 1 114  0이용호48052.563평추보68 71 714848.058.031.41652 71839 9272717102629191820 02575→↘자14.039.940.913.5406538.842.6113.3114.7 15 31  038   13.70   14.20 5  3  1VNUP53.54651714 -.6 5.4 4.8606013 3편성만만거리속성50기 011 3 3 3 4 4 5⑥1:53.3¾    .714.342.014.2 -3 -4  .00 6 9  7 2.581 9856761 7 7 6 52 2 1.06 5.02 1.8 5.9  1.8   17.1   20.4   52.8  .02846 1 6 6 1―  .641.40 -.0433.93113.610.0020.6431.38 81728 9.6821.1531.17 4
20251130일 5140011국513 7 66 7 1강 1157흐림다습10 5 5소프트파워      테스타마일루시브 4733.00한암 4 0 0 9 1   9513:35 24750국5송문길피닉스   3 7 9 8 820 1 1 113  0이용호48452.063평추보50 45 455628.049.030.51652 71839 9272717102629191820 02575→↘자14.237.638.913.3108036.440.0 88.9 88.6 17 25  067   14.00   13.60 5  3  0LU동53.54651714-1.6 6.8 5.2545413 0일반주행작전마주79기 1 8 4     4 4 3③1:28.91     .213.740.214.2  1  8  .00 3 2 -5 1.2381770497511 1 4 22 1 1.06 2.06     5.1  1.3    7.8   11.2   18.0  .02053 0 5 4 0―  .238.20 -.2212.1188.93 9.3921.1630.50183855 9.4618.1828.46 4
20251026일 6140011국513 6 66 8 3강 3351흐림양호 7 5 5소프트파워      테스타마일루시브 4733.00한암 4     9 1  182      24750국5송문길피닉스   3 8 8 7 720 1 1 1 0  0송재철47652.075평추상72 69 693629.052.024.41745 91839 9272725102629192620 02575→→입14.237.638.913.3118337.739.0 89.5 89.4 18 36  073   14.50   13.4021  2  0NU동53.54651714-1.2 6.4 5.2565613 0최빈거리휴양불리36기 0 5 7     91010⑥1:29.51    1.414.039.213.6 -1  9  .00 6 7  1 1.9618036573811 3 6 7310 6.0111.07 1.5 3.8 15.8   11.7   37.3   18.212.12066 0 4 5 0―  .238.40 -.0312.8788.93 6.9216.0524.38 31119 4.3110.0517.76 7
20250601일 5140011국551 5106 9혼전 4451맑음건조 3 5 5소프트파워      테스타마일루시브 4733.00한암 4 0 0 1 3  579      24750국5송문길(주)나스-1 9 7 6 620 2 1 111  0김정준46752.075평추보50 57 575141.059.032.5284319263713272924 02629132026 0 099↗↘추14.037.638.913.3138337.738.1 88.5 88.2 20 30  070   15.30   13.40 5 -4  0HU동54.04651714-1.6 6.2 4.6626213 0최빈거리급신장세56기 1 3 6     6 6 5④1:28.51½   .514.538.013.4 -2 -8  .00 4 6 -1  .9227810216510 3 7 32 2 4.05 9.05 3.4 9.7  7.6   24.2   48.1  151.6  .03663 3 6 6 3―  .838.20 -.2411.7488.9310.0220.9832.47 81728 6.7213.9724.28 8
20250426토 4140011국511 5 6610 1강 1151맑음양호 8 5 5소프트파워      테스타마일루시브 4733.00한암 4     9 4  69513:35 24750국5송문길(주)나스-110 6 5 520 1 1 1 0  0김정준47552.071평추보54 54 545135.050.026.5152911182913272924 02629132026 0 099→↗추14.037.538.913.4158037.838.4 90.4 88.9 22 33  067   14.10   13.60 8  5 -1NU동54.04651714-2.0 6.0 4.0656513 0최빈거리보통주행 1기 0 710     81010⑤1:30.4¾    .415.339.313.4 -2  5  .00 5 7  2 3.1468316366710 2 7 53 1 6.02 2.08     9.4  9.1   27.0   56.6   27.4  .02453 1 4 4 1―  .338.40 -.0512.5188.86 8.0717.7326.51 61325 7.2215.9227.10 6
20250301토 4140011국552 310611 1강 1133흐림건조 3 5 5소프트파워      테스타마일루시브 4733.00한암 4 0 0 1 5  86313:35 24750국5송문길(주)나스-111 5 4 420 2 1 1 9  0송재철47053.072평추상60 57 575316.045.021.81856 5264314272925282629192620 0 099↗↘입14.037.538.913.4148337.638.5 90.1 88.9 25 38  063   14.50   13.20 9 -5  0UH동54.04651712-2.0 5.8 3.8686813 0일반주행보통주행 1기 0 2 5     7 8 7⑥1:30.1¾   1.014.139.213.6  1  7  .00 6 5 -4 1.4447319304811 3 4 80 9 1.09 4.08     5.6  2.5   53.2   76.3   71.8  .01544-1 3 3-1▽ -.238.40  .0812.4688.86 4.9512.9221.84 2 511 5.8012.2714.74 8
20241228토 5140011국512 3 6612 3강 3351맑음건조 5 5 5소프트파워      테스타마일루시브 4733.00한암 3 0 0 9 6 103913:35 24750국5송문길(주)나스-112 4 3 320 1 1 1 8  0송재철46353.078평추하41 51 514211.042.012.91333 4254713272925282629192620 0 099→↗입14.037.538.913.4168337.838.3 90.1 88.9 29 43  057   14.20   13.80 5  3  1NNDN54.04651712-1.2 4.8 3.6717113-3숨은탄력보통주행 1기 0 7 8     7 7 7⑤1:30.13    1.214.538.713.2 -4-10  .00 5 9  4 1.7468214334311 5 6100 8 1.0610.03     7.6  2.2   13.8   22.1   27.2  .01648-2 3 3-2▽ -.738.40  .3212.5288.86 2.46 6.7512.94 3 713 1.54 4.76 8.05 9
20241123토 6170011국510 2 6613혼전 4452맑음건조 4 5 5소프트파워      테스타마일루시브 4733.00한암 3 0 0 2 6 114714:50 24750국5송문길(주)나스-113 3 2 220 1 1 1 7  0이동하47352.591우추하49 53 537846.062.047.72644 8254713272930392629252419 0 099↘→선14.040.340.613.4198740.339.9114.1114.6 33 50  067   15.30   13.60 4 -7 -1HU동54.04651712-2.4 5.4 3.0757513 0탐색주행거리속성 1기 1 4 4 4 7 8 7 5⑥1:54.11¼  1.014.240.513.8  1  3  .00 6 5  1 1.97768212949 8 2 7 10 1 4.06 6.07     7.0  9.8   41.3   76.7  460.812.73189 2 7 8 2▲  .941.00 -.4833.72113.719.6034.5747.7334536615.6327.5427.95 2
20241026토 5170011국510 1 6614혼전 4451맑음다습14 5 5소프트파워      테스타마일루시브 4733.00한암 3 0 0 9 7 123413:35 24750국5송문길(주)나스-114 2 1 120 7 1 1 6  0송재철47053.080평추상83 85 854570.065.044.8224215274816272925282629192620 0 099→→입14.040.340.813.4207641.339.8112.2114.7 33 50  067   14.00   13.00 4  5 -1VUUP54.04651712-1.0 5.0 4.0606013 4추입무난거리속성 1   011101011111110⑧1:52.24    1.415.339.213.6  4  4  .01 8 4 -1 1.4789518573510 5 3 23 7 5.07 8.02     5.5 14.8  141.2  358.2  878.6  .03664 1 8 8 1▲ 1.141.00 -.5233.60113.818.1432.7244.8234536619.4833.1545.16 1
20240929일 3130011국650 210615 1강 1169맑음건조 4 5 5소프트파워      테스타마일루시브 4733.00한암 3     9 7 131312:05 16500국6송문길(주)나스-115 1 6 120 6 0 1 0  0송재철46654.080평추상83 98 984694.075.061.0224215274816272925282629192620 0 099→→입14.038.039.013.4187638.036.9 81.5 82.1 20 40  060   14.10   13.30 5 -1  0NUUP54.04641412 -.3 4.8 4.5535314 1추입무난승부최상 1기 1 6 7     8 8 4①1:21.53    -.614.037.213.0 -4 -4  .00 1 5 -1  .01371 1 291 9 5 1 13 6 5.03 6.05     5.7 11.3   22.9   60.3   96.413.46291 4 9 9 4☆ 2.438.80 -.98 5.1083.2929.0452.5060.9938597032.2855.4226.62 1
20261010토 5180011국5 1 7  5 0 1강 1158           5 6강철전사        퍼지    소우전러 3633.00한수 6 0 0   1    014:25 24750국5김동균허도행   1 016 41330 3 2 130  0우인철   55.572평입보50 39 39 111.036.011.02048101750 62013163819 8112823116711↗↘입14.341.540.914.22613                   11 15 19 7   15.40   13.50 4  3  5NL동54.45011818-1.0 8.4 7.4252513 0노쇠부진조교부실23관 0 6                            15.4    13.5        .0                      111010 9  3                                              .0 7 2-4 1 1-4▼-1.040.90 -.24     119.5 1.96 5.3011.02 0 4 7 1.98 5.8510.68 9
20260912토 7180011국553 6 55 1혼전 4451맑음건조 3 5 6강철전사        퍼지    소우전러 3633.00한수 6 0 0 2 1   67      33000혼4김동균허도행   1 115 31230 2 2 129  0우인철51551.072평입보 5  4  422 7.034.0 8.72048101750 62013163819 8112823116711↗↘입14.340.440.914.2391241.540.6120.6120.0 12 15 19 8   14.80   13.50 2 -1  0HUUP54.45011818-1.8 8.0 6.2333313 1일반주행보통주행40관 1 3 910101111 9⑨2:00.63    2.115.440.413.5 -1 -4  .00 910  1 2.27491538124 8 710110 2 1.04 7.10 2.5 5.0  2.5   13.4   18.8  116.9  .01525-2 2 1-2▽-1.340.70  .1338.73119.0 1.57 4.29 8.71 1 2 5 2.38 5.5612.0811
20260830일 7170011국450 3 55 2혼전 4441흐림다습11 5 6강철전사        퍼지    소우전러 4942.00한수 6 0 0 9 1   24      33000국4김동균허도행   1 214 2 730 1 2 128  0우인철51951.074하입하10  3  3 8 6.035.0 8.92048101750 62013163819 8112823116711↗↘입14.339.541.514.2631740.840.7112.1114.6 16  8 20 8   15.20   14.50 2  1 -2HU동54.45011818-1.6 8.4 6.8333313 0일반주행거리속성51관 0 4 8 8 7 9 9 9⑧1:52.1¾   2.914.839.513.5 -1 -3  .00 8 9  1 3.27788396611 61111100 1 1.02 8.10 3.0 4.6  3.0    4.6   10.5    4.9  .01535-1 2 2-1▽ -.941.80  .3633.60113.8 1.83 4.38 8.87 0 4 7  .85 3.42 7.8910
20260817월 7170011국412 5 65 3혼전 4451흐림다습13 5 6강철전사        퍼지    소우전러 4942.00한수 6 0 0 2 1   25      33000국4김동균허도행   1 313 1 630 4 2 127  0푸르칸52252.579평입상60 41 411819.046.019.02355151750 62013241319 8142421116711↗→추14.339.641.514.2591740.442.5113.5115.6 17 13 25 8   14.60   14.00 3 -3  0HHDN54.45011818-1.8 8.4 6.6404013-1일반주행거리속성 5   0 3111111 9 9 9⑩1:53.5목   3.215.241.514.5  2 -2  .0010 8 -1 3.79176829011 7 9 7 80 7 6.03 7.08 1.6 4.2 14.9   70.5  153.8   21.7  .01532 0 4 5 0― -.441.80  .0834.54113.8 4.9211.0318.95 2 714 4.9511.3721.23 8
20260726일 9180011국551 6105 4혼전 4461맑음양호 9 5 6강철전사        퍼지    소우전러 3633.00한수 6 0 0 9 1   22      33000국5김동균허도행   1 412 31130 3 2 126  0푸르칸52452.579하입보10 11 112013.044.014.32355151750 62013241319 8142421116711↗→추14.340.540.914.2261540.141.0117.9118.0 13  9 22 9   14.80   15.00 4  4  0NH동54.45011818 -.8 7.4 6.6414113 0일반주행보통주행76기 1 6 8 8 9 8 6 3④1:57.92     .914.641.114.0 -5 10  .00 4 9  3 1.01445615654 8 9 9 90 6 7.02 8.09 2.0 6.2 24.4   60.0  225.7  129.3  .01535 0 3 4 0― -.540.30 -.0136.57119.1 3.12 7.8314.30 2 510 3.45 7.0014.4710
20260627토 8180011국512 7 65 5 1강 1157맑음건조 4 5 6강철전사        퍼지    소우전러 3633.00한수 6 0 0 9 1   73      33000국5김동균허도행   1 511 21030 2 2 125  0푸르칸51452.579평입상16 24 242724.053.032.42355151750 62013241319 8142421116711↗→추14.340.440.814.0282240.043.1119.2119.7 14  9 23 9   14.50   14.20 5 -8  0HH동54.45011818-1.0 7.0 6.0494913 0일반주행탄력호전71관 2 2 8 8 7 5 4 4⑥1:59.22½  1.714.842.315.0  0  3  .00 6 6 -2 2.86243919133 7 5 7 42 5 1.05 6.11 1.2 3.5  1.2    8.0    9.8   12.5  .02155 1 5 6 1―  .540.60 -.3638.46119.0 9.9920.6732.41101934 7.2514.7724.39 5
20260524일 7180010국453 6 55 6 2강 2251맑음다습10 5 6강철전사        퍼지    소우전러 3633.00한수 6 0 0 2 1   64      33000국4김동균허도행   1 610 1 930 1 2 124  0푸르칸51152.579평입보 7  2  219 7.032.011.72355151750 62013241319 8142421136313↗→추14.240.540.714.1252740.140.4119.7119.2 14 14 2414   15.10   14.40 5  3  0VH동54.65001818  .4 6.0 6.4474713 0일반주행보통주행40관 110 6 5 5 4 3 4③1:59.74     .614.541.414.2 -5 11  .00 3 8 -3  .95148464164 6 5 7 82 4 1.02 4.06 2.5 4.1  2.5    4.1    7.5   38.0  .01525-3 2 2-3▼-1.340.50  .0938.03119.0 1.76 5.5111.72 2 613 1.80 4.8512.33 7
20260419일 6180011국552 4 55 7혼전 4451맑음건조 4 5 6강철전사        퍼지    소우전러 3633.00한수 6 0 0 2 1   86      33000국5김동균허도행   1 7 9 3 830 3 2 123  0김철호50052.564평입하20 26 26 2 8.032.0 9.1 943 41750 62013 0 019 8142025136313↘↗추14.240.340.714.1372541.440.4122.1121.3 15 15 2510   14.40   14.60 3  2 -1NHUP54.65001814  .6 4.2 4.8555513 2일반주행거리속성56관 0 7 9 9 9 9 9 9⑪2:02.1머리 2.715.140.714.4  0  1  .001111  3 3.09190457614 5 911110 3 6.04 5.06 2.3 4.7 16.6   57.6  168.0  122.9  .015 9-3 1 1-3▼-1.540.90  .2240.34118.9  .95 5.17 9.07 1 2 5 2.50 5.6510.7911
20260329일 7160010국451 4 55 8혼전 4451맑음건조 3 5 6강철전사        퍼지    소우전러 4942.00한수 6 0 0 9 1   46      33000국4김동균허도행   1 8 8 2 130 2 2 122  0김철호49953.065평입보76 67 671421.038.015.8 943 41750 62013 0 019 8142025136313↘↗추14.236.739.914.1442536.840.8103.8104.4 21 26 2111   15.20   13.70 2  1  1NNDN54.65001814  .2 3.0 3.2666613-1일반주행조교부실31관 0 5 8   8 8 7 7⑨1:43.81    1.314.440.814.6  1  0  .00 9 8  4 1.48268758444 5 8 6 80 2 3.01 2.03 2.8 3.4  6.1    6.6   15.4    4.8  .01515 0 3 2 0― -.639.90  .1827.82103.4 3.56 8.8915.84 1 4 7 4.4010.4719.80 8
20260315일 6170011국452 7105 9혼전 4456맑음양호 6 5 6강철전사        퍼지    소우전러 4942.00한수 6 0 0 2 1   26      33000국4김동균허도행   1 9 7 1 530 1 2 121  0김철호49952.565평입하30 30 302011.038.016.7 943 41750 62013 0 019 8142025136313↘↗추14.239.441.114.2714140.940.2112.9113.1 17 17 2811   14.70   14.40 2  2  1HNDN54.65001814 -.6 3.8 3.2686813-1숨은복병거리속성32관 1 4 9 9 910 8 7④1:52.93     .815.240.213.7  0 -4  .00 4 4  2 1.03789255556 5 6 5 93 1 2.07 1.02 3.4 5.9  3.7   25.5   43.0   25.6  .01930-2 2 4-2▽-1.041.60  .4332.63113.4 3.77 9.0816.67 2 510 3.64 9.5215.07 8
20260228토 8180010국550 510510혼전 4451맑음건조 3 5 6강철전사        퍼지    소우전러 3633.00한수 6 0 0 9 1   45      33000국5김동균허도행   110 6 4 730 2 2 120  0김용근50352.084평입하49 52 52 839.053.024.42651131750 6201324 019 8302714136313→↘선14.240.240.514.2473440.141.2119.8120.3 17 17 2811   14.40   14.30 6  0  1HN동54.65001814 -.2 4.2 4.0595913 0부중유리거리속성70기 1 2 5 4 4 3 5 8⑩1:59.8¾   2.114.740.914.4  8 -1  .0910 2 -2 2.18045706521 7 4 7 70 2 7.03 3.07 2.8 7.3  7.1   44.1   52.4   57.2  .03136 0 5 5 0―  .240.90 -.0439.62118.8 7.1615.9824.38 31119 5.8312.9625.00 8
20260117토 7180011국551 510511 1강 1151맑음건조 5 5 6강철전사        퍼지    소우전러 3633.00한수 6 0 0 2 1   99      33000국5김동균허도행   111 5 3 630 1 2 119  0김용근50451.584평입하48 45 45 726.048.023.92651131750 6201324 019 8302714145714→↘선14.240.340.614.1443039.341.7118.3118.9 24 24 2412   14.90   14.30 7 -9 -1HU동55.14991814 -.2 4.2 4.0595913 0일반주행거리속성 8기 1 2 5 4 3 3 3 2③1:58.31½   .314.441.614.3 -1  6  .00 3 4  1  .84614805872 5 4 4 62 1 2.01 6.01 2.9 5.2  3.1    5.2    9.3    9.5  .01761 0 5 5 0― -.240.60 -.1037.99118.9 5.2313.8823.90 41117 6.1215.9224.49 4
20251129토 7180011국443 5 9512 3강 3359맑음다습10 5 6강철전사        퍼지    소우전러 3633.00한수 5 0 0 9 1  14615:15 33000국4김동균허도행   112 4 2 530 3 2 118  0푸르칸49852.079평입보44 37 371417.048.026.22355151750 62013241319 8142421145714↗→추14.140.040.714.1632540.740.6117.5118.8 19 13 3113   14.30   13.60 6  0 -1VU동55.14991814 -.8 5.0 4.2525213 0부중유리거리속성38관 011 9 8 8 8 5 5⑤1:57.52½   .914.940.814.3  2 -4  .00 5 3  1 1.23971546553 4 6 4 50 3 6.05 8.05     7.3 11.2   54.0  119.4  351.1  .03149 0 4 5 0― -.240.90 -.0838.09118.8 6.0915.9126.21 81728 3.3912.0820.32 6
20251018토 8180011국412 6 6513 1강 1152흐림포화19 5 6강철전사        퍼지    소우전러 3633.00한수 5 0 0 2 2  213      33000국4김동균허도행   113 3 1 430 2 2 117  0푸르칸50253.084평입상44 55 552524.043.022.82478141836102013241319 8142421145714↘↗추14.239.940.714.1712740.040.5117.7118.9 20 13 3313   14.30   13.30 5 10 -2VU동55.14991814-1.0 5.2 4.2575713 0일반주행거리속성38관 011 7 7 7 7 4 3③1:57.75     .914.340.213.6  1 -8  .00 3 2  0 1.74042524355 3 6 4 60 2 1.05 3.01 1.3 4.6  1.3    6.2    7.6   13.2  .01534 0 4 3 0― -.341.00  .0138.29118.8 5.0312.3622.77 2 511 6.1013.1022.64 5
20250913토 6180010국540 8 9514혼전 4459맑음포화17 5 6강철전사        퍼지    소우전러 3633.00한수 5 0 0 2 2  300      24750국5김동균허도행   114 213 330 1 1 116  0푸르칸51055.084평입상30 31 315153.059.056.22478141836102013241319 8142421 06717↘↗추14.239.940.914.1661939.339.8116.3118.8 14 14 2914   14.60   14.10 4 -6  0UH동55.14971814-1.2 6.2 5.0474713 0일반주행작전마주40관 1 1 2 2 2 2 2 1①1:56.33    -.614.338.613.3 -1  0  .00 1 2 -6  .03717311092 2 6 1 11 1 2.05 1.04 4.1 7.4  4.5   20.2   34.8   64.6  .02470 1 7 7 1△  .741.00 -.7837.97118.921.1740.7056.2118375319.0540.4362.79 1
20250817일 3180011국552 610515혼전 4459맑음양호 8 5 6강철전사        퍼지    소우전러 3633.00한수 5 0 0 2 2  37711:25 24750국5김동균허도행   115 112 230 1 1 115  0씨씨웡51055.090평입보30 23 23 820.049.041.3265211183610201317 019 8212522 08020↘→선14.239.941.014.1671340.339.8120.9119.2 15 15 3115   14.00   13.90 6 -2 -1NHUP55.14951814 -.4 6.0 5.6474713 4숨은복병거리속성68관 1 7 5 6 6 7 5 4④2:00.91     .614.640.314.1 -4 -1  .00 4 8  2  .85055303263 2 9 5 30 1 1.02 9.05     7.1  3.2    7.1   10.3   38.6  .01951 0 4 4 0― -.141.10 -.4838.29118.915.2431.4641.27122641 6.9816.6726.84 6
20261010토 5180011국5 1 7  8 0 1강 1158           5 7블루드래곤      한센    일루시브 4637.00한거 4 0 0   1    014:25 24750국5이관호이동좌   0 016 3 217 3 0 016  0임다빈   52.575평추상50 49 49 911.041.017.21530 9214111202014 02220142424 03367→↗추14.440.341.013.73115                    6  0 13 6   14.90   13.20 7  4 -1NHUP57.04461817-1.2 6.2 5.0464614 1일반주행거리속성52관 0 7                            14.9    13.2        .0                       711 8 8  8                                              .01532 0 3 2 0― -.441.00 -.05     119.0 4.40 9.8017.17 2 511 1.98 5.8510.6810
20260822토 61700 8국540 5 48 1 1강 1156비  불량20 5 7블루드래곤      한센    일루시브 5730.00한거 4 0 0 2 1  128      24750국5이관호이동좌   0 115 2 617 2 0 015  0임다빈44853.576하추보26 29 2914 9.043.026.31530 9214111202014 02220142424 03367→↗추14.239.741.813.7531940.340.4111.4113.1  7  0 13 7   14.30   14.10 7  1  1HNDN57.04461813  .2 5.4 5.6393914-1일반주행거리속성31관 0 3 5 5 5 6 6 5④1:51.43     .814.939.513.2 -4 -4  .00 4 8  0 1.24071304255 4 8 6 62 7 1.02 4.01 2.0 3.1  2.0    3.1    5.1    9.7  .01527 0 3 3 0― -.341.30 -.3031.64114.1 5.9614.2726.28 41221 4.55 8.8917.82 5
20260705일 41800 9국550 9 58 2 2강 2249흐림건조 4 5 7블루드래곤      한센    일루시브 4637.00한거 4 0 0 1 1  118      24750국5이관호이동좌   0 214 1 117 1 0 014  0임다빈45252.575평추보19 27 27 7 6.035.015.71530 9214111202014 02220142424 03367→↗추14.240.840.913.6132739.742.2120.8119.9  7  7  7 7   15.50   14.40 5 -8 -5HHUP57.04461813  .8 4.4 5.2464614 1일반주행거리속성52관 0 2 4 4 4 6 6 9⑤2:00.82    1.214.341.714.1 -3  8  .00 5 8  4 2.46628837547 9 8 7 72 6 2.01 4.03 3.0 5.0  3.7    5.0   12.3    4.3  .01526-1 2 3-1▽ -.940.30 -.1538.17119.2 4.18 8.5915.68 3 713 1.47 5.4411.30 8
20260530토 3170011국611 9 18 3 1강 1153맑음양호 7 5 7블루드래곤      한센    일루시브 5730.00한거 4 0 0 9 1   98      16500국6이관호이동좌   0 31315 517 2 0 013  0코지  44457.087평추보44 42 423041.049.030.0325718214111202029332220233018 0 099↗↘입13.840.141.313.6264540.841.2116.3114.1  8  0  8 0   14.40   14.10 5  3  0BNUP57.04471713  .4 4.8 5.2464614 3일반주행거리속성40기 010 9 9 8 6 5 5③1:56.32½   .415.542.014.4 -1-14  .00 3 4 -1  .46086547772 9 3 5 42 2 1.03 3.09 1.5 3.4  1.5    6.7    8.3   18.9  .01521-2 4 4-2▽  .041.10 -.3332.65114.0 6.4617.1829.95101934 9.7619.6332.79 4
20260425토 21400 8국641 9 48 4 2강 2259맑음건조 3 5 7블루드래곤      한센    일루시브 5730.00한거 4 0 0 9 1  100      16500국6이관호이동좌   0 41214 117 1 0 012  0코지  45857.087하추보17 25 2546  .060.044.1325718214111202029332220233018 0 099↗↘입13.837.539.713.6163438.139.0 90.7 88.8  8  0  8 0   13.80   13.30 6  0  0NNDN57.04471713 -.4 5.6 5.2464610-3출주취소보통주행99기 0 7 6     8 8 6⑤1:30.71½  1.414.439.914.1  0  8  .00 5 5    1.53990336541 4 4 4 33 1 2.03 2.08 2.3 3.6  3.6    6.3   13.0   10.7  .02576 0 5 5 0―  .638.40 -.9911.6189.4113.6027.9544.0514304713.4126.8376.26 3
20260314토 3170010국650 7108 5혼전 4454맑음양호 7 5 7블루드래곤      한센    일루시브 5730.00한거 4 0 0 2 1  124      16500국6이관호이동좌   0 51113 417 1 0 012  0조한별  057.060평추보22 35 352212.039.014.9132710214111202017 02220122118 0 099↗↘입13.840.241.213.62453                    8  8  8 8   15.00   15.00 9  2  0NN동57.04471713 -.8 5.2 4.4565610 0일반주행거리속성44관 0 7                    취소    15.0    15.0     0  .07                      5 5 7100 1 3.06 3.01 3.3 8.5  5.5   15.4   32.5   30.9  .01524 0 3 4 0― -.741.20  .01     114.0 3.68 8.5714.85 0 2 4 3.5111.7619.1010
20260110토 4170011국651 8108 6혼전 4451강풍양호 8 5 7블루드래곤      한센    일루시브 5730.00한거 4 0 0 2 1  175      16500국6이관호이동좌   0 61012 417 1 0 011  0임다빈45057.076평추하14 29 2921 8.035.0 8.71530 9214111202014 02220142424 0 099→↗추13.840.141.213.5285340.642.1115.7114.6  9  0  9 9   15.40   16.00 5  4  0NN동57.04471713 -.8 5.2 4.4565610 0일반주행거리속성 5기 0 5 9 9 910 9 9⑧1:55.71    1.915.042.515.0  2  3  .00 8 6  2 2.07782768827 8 4 8 80 5 5.04 6.03 2.8 7.0  9.2   28.5   62.7   30.3  .01515-3 2 2-3▼-1.241.20  .2033.27114.0  .88 3.44 8.66 2 714 2.38 5.8511.24 9
20251207일 3170011국651 9 58 7혼전 4451맑음다습10 5 7블루드래곤      한센    일루시브 5730.00한거 3 0 0 1 1   9611:25 16500국6이관호이동좌   0 7 911 317 4 0 010  0임다빈44757.076평추보58 88 887967.069.049.01530 9214111202014 02220142424 0 099→↗추13.840.140.813.6316940.842.2118.0115.6 10 10 10 0   14.60   14.00 5 -4  0UN동57.04471713-1.6 5.6 4.0626217 0일반주행최적거리79기 1 1 9 9 9 9 8 7⑦1:58.03    2.315.443.116.0  3  1  .00 7 4  1 4.89086799123 8 2 1 20 4 1.09 3.05     3.4  2.1   39.9   49.6   36.610.52963 2 7 6 2― 1.441.30 -.5034.70113.717.3334.4049.0312264117.7230.1944.19 2
20251102일 3170011국642 9 98 8혼전 4453맑음양호 7 5 7블루드래곤      한센    일루시브 5730.00한거 3 0 0 1 1  163      16500국6이관호이동좌   0 8 810 217 3 0 0 9  0임다빈44657.076평추보47 69 697047.062.037.01530 9214111202014 02220142424 0 099→↗추13.840.141.113.5266139.940.1115.4113.3  0 11 1111   14.60   13.40 5 -3  0NN동57.04471713-2.0 6.8 4.8505017 0편성만만최적거리52기 0 5 6 6 8 9 7 4③1:55.4목    .114.640.814.0  0 -1  .00 3 3 -3  .64152252478 8 4 2 33 3 5.0611.02 2.5 5.5 16.1   99.5  194.9  141.0  .02854 0 6 5 0―  .841.00 -.3932.07113.912.1824.3636.9512264112.0521.2335.48 3
20250927토 4170011국650 8 58 9 2강 2251맑음다습11 5 7블루드래곤      한센    일루시브 5730.00한거 3 0 0 9 2  260      16500국6이관호이동좌   0 9 7 9 117 2 0 0 8  0임다빈44757.076하추상42 39 392622.054.032.91950 8215017202014 02220142424      →→추13.840.241.313.5225340.440.1114.3113.5  0 13 1313   14.00   14.20 6  5  0LNUP       1713-2.2 7.6 5.4393910 4숨은복병거리속성65기 0 8 7 7 9 7 8 5③1:54.32     .314.640.113.4 -3 15  .00 3 6 -3  .74873264073 9 5 6 33 2 1.04 1.02 1.9 4.2  1.9    7.8   11.5   20.3  .02039 0 4 5 0―  .440.90 -.4631.98114.1 8.3620.1332.94143044 5.1316.3528.45 4
20250817일 1130011국651 710810혼전 4451맑음양호 8 5 7블루드래곤      한센    일루시브 5730.00한거 3 0 0 2 2  37910:35 16500국6이관호이동좌   010 6 8 517 1 0 0 7  0임다빈43257.076하추보65 68 685034.058.030.11950 8215017202014 02220142424      →→추13.837.839.313.5235737.739.4 83.5 83.2  0 14 1414   14.40   13.30 7 -1  0HN동       1313 -.8 7.0 6.2393910 0일반주행탄력호전44기 0 3 6     8 7 6⑤1:23.51½  1.414.039.614.2 -4 -5  .00 5 9  5 1.6495653563910 4 4 50 1 3.0411.10     7.3  4.5   14.2   25.4   14.1  .01875 0 5 5 0―  .539.30 -.18 6.0983.35 9.5418.6830.06 61425 6.1915.0816.09 6
20250628토 2130010국611 9 6811 1강 1159흐림다습11 5 7블루드래곤      한센    일루시브 5730.00한거 3 0 0 9 3  51311:30 16500국6이관호이동좌   011 5 7 417 4 0 0 6  0조상범43757.059하추상22 28 283013.040.025.61270 4152611202017 02220132116      ↘→입13.837.839.613.6264538.438.3 83.7 82.5  0  0 17 0   14.40   13.60 5 -2  0HL동       1313 -.6 7.2 6.6303010 0일반주행보통주행78기 2 4 9    1010 8④1:23.7¾    .314.439.013.3  0  2  .00 4 4 -2 1.02285194674 6 4 6 53 6 1.0810.06     4.9  1.3    7.8   10.8   27.2  .01519 0 3 2 0― -.539.10 -.26 5.0683.55 5.9415.0425.63 61325 4.6910.5321.74 5
20250524토 3130010국640 8 9812 2강 2259맑음다습13 5 7블루드래곤      한센    일루시브 5730.00한거 3 0 0 2 4  61212:45 16500국6이관호이동좌   012 4 6 317 3 0 0 5  0조상범43557.056하입보 8 10 10 3 4.030.0 9.31571 92152 6202017 02220132116      →↘입13.837.739.713.7333438.638.6 84.5 83.6  0  0 20 0   14.30   13.40 7  2  0NL동       1312 -.8 7.4 6.6303010 0발길대로거리속성48기 0 6 9     9 9 8⑤1:24.53    1.014.439.413.6 -1 -9  .00 5 6 -3 1.86288276051 6 3 7 73 5 3.02 1.04     5.8  4.6    7.6   18.4   23.2  .012 3-4 1 1-4▼-1.439.50  .22 6.1883.55 1.53 3.52 9.26 1 4 7 1.15 3.55 6.18 8
20250406일 3130011국651 610813 2강 2251맑음포화19 5 7블루드래곤      한센    일루시브 5730.00한수 3 0 0 1 4  74911:25 16500국6이관호이동좌   013 3 5 217 2 0 0 4  0조상범44457.056하입상19 18 18 4 3.030.0 7.51571 92152 6202017 02220132116      →↘입13.837.639.813.7374138.239.9 83.0 84.5  0  0 25 0   14.60   14.00 7  1  1HB동       1312 -.5 7.0 6.5333310 0발길대로거리속성 1기 1 410    1111 9⑦1:23.01¾  2.514.339.113.4 -2  2  .00 7 9 -1 3.48378698216 7 6 7 93 4 2.03 5.06     6.7  3.6    6.8   13.7   20.7  .012 5-4 1 1-4▼-1.739.80  .27 7.0783.55  .54 2.13 7.48 2 714  .12 1.83 3.99 9
20250215토 3130011국631 5 8814 1강 1152흐림건조 4 5 7블루드래곤      한센    일루시브 5730.00한수 3 0 0 2 5  90811:25 16500국6이관호이동좌   014 2 4 117 1 0 0 3  0조상범44256.057하입하19 26 2610 7.033.010.71150 8276314202017 02220132116      →→입13.837.240.013.7702738.339.1 84.3 83.9  0  0 33 0   14.00   14.80 9 -6  4HBUP       1312  .7 6.0 6.7373710 1일반주행거리속성 1기 0 310    1010 8⑥1:24.32½  2.114.640.014.0 -4 -3  .00 610  4 2.47081446522 4 8 5 93 3 1.05 1.04     4.3  2.4    8.4   11.4    9.0  .01523-2 2 1-2▽-1.140.10  .29 6.6783.42 1.16 4.5310.66 1 5 9 1.77 4.57 5.4810
20241215일 1120012국650 8 5815 3강 3355흐림양호 8 5 7블루드래곤      한센    일루시브 7225.00한수 2 0 0 2 6 107610:35 24750국6이관호이동좌   015 1 3 217 1 0 0 2  0김성현44552.058하입보41 37 372632.044.015.91575113263192020 8 02220162319      →↘입13.837.439.313.7373736.540.7 78.4 77.1  0  0  0 0   13.80   14.00 7  4 -3NH동       1210 -.5 6.0 5.5383810 0일반주행보통주행 1기 0 9 7     5 5 7⑨1:18.4½   1.514.041.414.8  3 16  .00 9 6  1 2.17714918036 810 2 90 1 4.0112.11     3.9 10.2    8.5   21.2   51.6  .01512-3 5 3-3▽ -.638.50 -.02  .3876.45 3.56 9.0115.94 3 716 2.24 8.86 4.5212
20261010토 5180011외4 1 7  3 0 1강 1158           5 8하이퍼엑스      EXAGGERALOOK WHO  447.00미거 4       1    014:25 24750국5최영주오종환   2 014 1 1 0 1 0 0 0  0김태훈   55.069하추보69 33 33 716.033.0 8.61758 829501820 0 5192413122521      ↗→입13.839.840.513.7 430                    0  0  0 8   15.90   12.2017  3  1BLUP       1812  .4 8.4 8.8 9 914 6거리늘어휴양불리34관 0 8                            15.9    12.2        .0                       6 51111  1                                              .032 8-4 2 3-4▼-1.240.50  .42     118.7 1.15 3.84 8.59 1 3 6 3.96 9.7616.50 8
20260614일 4120010국513 3 63 1 1강 1151흐림건조 3 5 8하이퍼엑스      EXAGGERALOOK WHO  4     미거 4 0 0 2 2  311      24750국5심승태오종환   2 11313 613 1 0 012  0권중석48854.060하추하 6  4  4 4 4.034.0 6.61575 0 5 0 01113 0 01113191818      →↘선13.838.138.913.7 34140.037.1 76.6 77.2  0  0  0 0   15.10   14.10 6 -4 -3NNDN       1812 -.6 9.0 8.4111114-2숨은복병부진마필68기 0 510    1010 9⑨1:16.6½   2.215.637.012.6  2 -7  .00 9 7 -1 2.38199 4782010 611100 1 1.05 9.01 1.6 3.7  1.6    6.0    8.3   16.9  .019 3-4 1 3-4▼-1.637.80  .08  .2376.62  .75 1.55 6.61 2 714  .79 2.55 6.38 9
20260503일 3140011국533 7 33 2 2강 2251비  다습10 5 8하이퍼엑스      EXAGGERALOOK WHO  4     미거 4 0 0 1 1  108      24750국5심승태오종환   2 21212 413 2 0 011  0이혁  49556.578하추보 5  4  4 2 4.035.011.22259 71347 7111311 71113282118      ↗↘선13.837.939.813.7 72739.340.1 91.1 91.7  0  0  0 0   15.50   14.30 6  2  4BBDN       1812-1.2 9.2 8.0131314-3탄력저조최적거리35기 0 911    101010⑩1:31.15    4.015.139.614.1  2 -7  .0010 8 -2 4.495996996 811 911100 2 3.0110.08 2.2 2.8  5.9    6.1   15.5   20.0  .013 4-4 1 2-4▼-1.138.60 -.4314.0089.76 1.25 4.8311.15 2 613  .99 3.02 7.3410
20260321토 9170010외451 7 53 3혼전 4451맑음건조 5 5 8하이퍼엑스      EXAGGERALOOK WHO  4     미거 4 0 0 2 1  118      33000혼4심승태오종환   2 31111 113 1 0 010  0이혁  50252.578하추하 8  1  1 3 5.032.0 4.82259 71347 7111311 71113282118      ↗↘선13.840.441.313.7104141.142.6115.0116.1  0  0  0 0   15.20   13.3015  6 -1BHUP       1812 -.6 9.0 8.4141414 5발길대로휴양불리36관 1 7101010101010⑨1:55.010   3.915.541.714.3 -1  1  .00 910  2 4.594948395 9111111110 1 2.03 6.02 2.5 4.9  3.7   10.9   20.0   22.7  .0 7 5-4 1 2-4▼-1.641.10  .0934.42114.2  .46 1.01 4.82 1 2 5 1.71 3.56 7.0811
20251206토 6120011국544 8 93 4 2강 2251흐림양호 9 5 8하이퍼엑스      EXAGGERALOOK WHO  4     미거 3 0 0 1 2  303      24750국5심승태오종환   2 41010 513 1 0 0 9  0우인철50153.080하추보13  9  9 6 2.034.0 9.51514 7 5 0 0111314 01113112823      ↘↗입13.837.838.813.7 84939.038.7 77.1 77.4  0  0  0 0   14.30   14.20 6 -7  1HNDN       1812-1.6 9.4 7.8212114-4탄력저조선추겸비52관 1 111    101011⑨1:17.11¼  2.915.238.513.3  1 10  .00 9 8 -1 3.28498458714 9 7 9 90 1 1.02 5.03 3.1 4.0  3.1    4.0    6.5    3.7  .01214-3 1 1-3▼-1.338.20  .24  .8376.39 1.46 4.38 9.45 2 510  .12  .87 3.85 9
20251025토 7160010외411 3 63 5 1강 1151맑음건조 5 5 8하이퍼엑스      EXAGGERALOOK WHO  4     미거 3 0 0 9 1  192      33000혼4심승태오종환   2 5 9 9 113 3 0 0 8  0송재철49152.075하추상29 11 1114 6.036.012.91745 91347 71113 4151113192620      →→입13.837.240.213.5133437.639.9105.1105.1  0  0  0 0   13.80   13.30 5  6  0BHUP       1812-1.0 9.0 8.0303014 2발길대로부진저하44관 0 8 6   61010 7⑦1:45.17    3.714.340.114.2 -2 -3  .00 7 9 -1 4.092976086 6 9 7 9 93 3 1.04 7.04 1.6 5.5  1.6    6.0    8.3   12.3  .011 6-1 2 3-1▽ -.940.20 -.1127.72103.8 3.15 6.9312.87 1 4 8 1.09 4.17 9.7510
20250920토 6140011외452 2103 6 1강 1151맑음포화16 5 8하이퍼엑스      EXAGGERALOOK WHO  4     미거 3 0 0 2 2  279      33000혼4심승태오종환   2 6 8 8 313 2 0 0 7  0송재철49452.078하추상24  8  818 3.031.0 7.7182414 5 0 01113 4151113192620      →→입13.837.839.513.4105337.439.7 87.1 89.3  0  0  0 0   15.00   13.60 8  0 -1HHDN       1812 -.6 8.6 8.0343414-4발길대로최적거리 5기 1 2 8    1010 8⑦1:27.11    1.813.838.613.3 -3 14  .00 710  1 2.2596661682710 4 9 93 2 6.0311.10 3.1 6.5 10.5   21.0   61.5   55.7  .013 9-4 1 1-4▼-1.638.20 -.1012.0089.48 1.04 1.90 7.66 2 714  .12 1.83 4.5610
20250727일111800 9외452 7 53 7 2강 2259맑음건조 3 5 8하이퍼엑스      EXAGGERALOOK WHO  447.00미거 3 0 0 9 3  41516:15 33000혼4심승태오종환   2 7 7 7 113 1 0 0 6  0송재철48052.579하추하 5  1  114 6.035.014.22057 81640 91113 4151113192620      ↘→입13.840.740.813.4144140.740.6119.7119.8  0  0  0 0   14.10   14.50 7  0  1HNUP       1812  .2 8.2 8.4393914 6교체실패거리속성41기 0 2 9 9 8 9 9 8⑧1:59.7½   2.415.039.813.6 -1-18  .00 8 9  0 2.56768556319 8 5 9 80 1 1.04 6.03     4.2  2.8   10.6   15.1   11.0  .02029-1 2 2-1▽ -.940.30 -.0438.34119.1 3.35 7.3714.18 3 716 1.22 5.2611.64 6
20250608일 5120011외442 1 93 8 1강 1159맑음건조 3 5 8하이퍼엑스      EXAGGERALOOK WHO        미거 3 0 0 2 3  55914:25 33000혼4구자흥오종환   2 8 6 6 413 1 0 0 5  0임다빈49852.077하추상38 31 3139 6.044.021.21848 61333 51314231015 6142424      ↗→추13.837.738.413.4158038.439.6 77.0 78.5  0  0  0 0   14.80   13.50 9 -4  0HHDN       1412 -.4 8.2 7.8404014-2최빈거리선추겸비36관 0 2 8     9 810⑪1:17.06    3.014.139.614.5  2  8  .0011 9 -1 4.694927389 910 3 7 50 1 2.03 5.07     6.2  3.0    8.0   11.1  105.6  .01854 0 2 3 0― -.238.60  .18 2.3776.12 4.4612.3921.19 3 713 1.08 4.35 7.4010
20250405토 6140011외421 3 73 9 1강 1151비  포화17 5 8하이퍼엑스      EXAGGERALOOK WHO        미거 3 0 0 1 4  75617:35 33000혼4구자흥오종환   2 9 5 5 213 1 0 0 4  0김아현49052.056하추보36 27 2710 3.030.0 9.1 0 0 0 967 0131410 815 6151913      ↗↗입13.837.339.513.2255737.838.9 88.6 89.3  0  0  0 0   14.20   14.3011  5  0LH동       1412  .5 7.8 8.3383814 0일반주행휴양불리 1기 0 611    1010 7⑥1:28.61¾  1.114.838.813.5 -4 -9  .00 610  3 1.4608132544611 5 7113 1 1.08 1.07     4.0  2.3   22.2   30.4   43.8  .01518-2 1 1-2▽-1.338.70  .1812.5389.14 1.50 4.39 9.05 1 3 6  .12 2.26 5.7711
20250118토 6140011외451 410310 3강 3359맑음건조 4 5 8하이퍼엑스      EXAGGERALOOK WHO        미수 3 0 0 2 5  97114:25 33000혼4구자흥오종환   210 4 4 113 2 0 0 3  0씨씨웡49952.086하추상28 21 213411.048.023.12658131767 61314 0 015 6212522      ↘↘선13.837.439.513.2255737.339.3 90.0 89.2  0  0  0 0   15.00   13.20 5 -1  0HHUP       1412  .3 8.0 8.3343412 2일반주행거리부담 1기 1 1 4     4 4 7⑧1:30.01½  1.114.239.714.3  1 -1  .00 8 7 -1 1.6556248544710 6 7 80 2 5.08 8.04     7.7  8.3  165.8  291.6  225.011.21833 0 3 3 0―  .138.60 -.2512.2789.21 5.6313.7823.05 3 816 2.35 6.86 8.13 9
20241214토 9120011외420 3 7311 3강 3359맑음양호 8 5 8하이퍼엑스      EXAGGERALOOK WHO        미수 2 0 0 2 6 107917:00 33000혼4구자흥오종환   211 3 3 313 1 0 0 2  0씨씨웡50052.076하무보29 17 172810.044.020.02146101250 61314 0 015 6212522      ↗↘선13.837.439.813.6432238.138.1 76.0 76.4  0  0  0 0   14.30   13.90 5 -7 -3HH동       1212 1.0 8.0 9.0262612 0최빈거리보통주행 1기 3 211    1010 7⑦1:16.0목   1.015.038.013.2 -1 10  .00 7 8  1 2.16085255249 5 9 5 53 1 2.05 4.11     3.2  2.6   15.8   23.8   20.711.22043 0 3 3 0― -.238.30 -.41 -.7776.73 3.9611.1020.03 3 713 3.26 7.73 6.70 8
20241110일 2120012외450 210312혼전 4455흐림건조 5 5 8하이퍼엑스      EXAGGERALOOK WHO        미수 2 0 0 2 6 118211:25 41250혼4구자흥오종환   212 2 2 213 2 0 0 1  0조상범49055.064하무보10  1  114 6.026.0 4.311 0 71250 61314121215 6132116      →→입13.837.040.114.467 337.538.7 76.4 76.5  0  0  0 0   13.80   14.70 8  8  0BH동       1212-1.0 9.0 8.0131312 0최빈거리거리난점 1관 1 9 8     8 6 8⑩1:16.41¼  1.314.339.013.9  3 -6  .0010 7 -2 1.462624552381012 3120 2 3.02 7.01     7.6  5.6   12.3   20.8   24.0  .0 9 4-4 2 1-4▼-1.938.70  .11 -.6276.67  .37 1.63 4.33 0 1 2  .95 3.67 2.4312
20240914토 3120012외451 5 5313혼전 4455맑음포화16 5 8하이퍼엑스      EXAGGERALOOK WHO        미거 2     2 7 134416:00 41250혼4구자흥오종환   213 1 1 113 1 0 0 0  0조상범49655.062평무보   35 3540  .031.010.613 013 767 31314121215 6132116      ↗→입14.036.738.514.5    37.040.8 76.7 77.7              14.00   14.80        NN동       12 0                 0 0일반주행보통주행 1관 1 1 8     7 7 8⑧1:16.73    2.613.840.514.7 -1 -8  .00 8 9  0 3.08733928715 9 9 9110 1 1.02 7.03     4.6  2.5    4.6    7.9    8.7  .01514-1 2 2-1▽-1.439.40  .96 2.4975.61 2.49 4.6810.58 1 2 5 8.3316.6725.00 1
20261010토 5180011국5 1 7  9 0 1강 1158           5 9이클립스베이    섀클포드실크베리 9028.00한수 3 0 0   1    014:25 24750국5서홍수조한수   0 012 7 411 2 1 011  0서승운   53.086평선보50 54 544357.057.035.22137101950 82428 0 026182726165050 0↗→선14.238.940.714.792 8                   11 11 78 0   14.30   14.40 4 -1  0NUUP56.34651817  .0 4.0 4.0585817 1일반주행거리속성52관 0 9                            14.3    14.4        .0                       2 6 4 4  2                                              .02052 0 6 5 0―  .740.70  .04     118.410.7722.9535.20101934 8.9120.4933.98 3
20260912토 6170011국510 8 69 1혼전 4452맑음건조 3 5 9이클립스베이    섀클포드실크베리 6326.00한수 3     2 1   68      24750국5서홍수조한수   0 111 6 611 1 1 0 0  0서승운47553.086평입하79 84 848177.066.051.02137101950 82428 0 026182726165050 0↗→선14.239.041.414.7961038.941.5113.5113.1 13 13 75 0   14.00   12.70 7  9 -1LU동56.34651817 -.6 4.8 4.2606017 0숨은복병급신장세 5   010 4 4 4 2 2 3④1:53.51½  1.014.341.514.4  1  3  .00 4 3 -2 1.13810613152 1 6 1 21 1 2.05 2.05 2.3 6.8  6.7   18.2   51.4   34.9  .04189 3 8 6 3▲ 1.342.00 -.3032.70113.419.3437.1050.9818405425.3744.4456.18 1
20260726일 4170011국552 2109 2혼전 4451맑음양호 9 5 9이클립스베이    섀클포드실크베리 6326.00한수 3 0 0 9 1  118      24750국5서홍수조한수   0 210 5 511 2 1 0 9  0이동하47254.090평입보53 57 577967.067.040.53150151950 82428353726182524195050 0↗↘선14.239.041.514.696 938.846.5117.0118.3 13 13 75 0   14.30   14.20 6 -3  0UU동56.34651817 -.2 4.8 4.6535317 0승부최상연대우수 5   0 1 2 2 1 3 411⑪1:57.014   6.214.146.216.7  6  9  .0911 5 -1 6.399 89999 2 1 9 5 30 3 4.01 3.05 3.5 9.2  7.7   12.7   28.7  146.912.73783 2 8 8 2▲ 1.342.80 -.1237.77113.414.2828.2340.5212264115.3825.9537.87 3
20260613토 4170011국552 8109 3 3강 3331맑음건조 3 5 9이클립스베이    섀클포드실크베리 6326.00한수 3 0 0 2 1  117      24750국5서홍수조한수   0 3 9 4 411 1 1 0 8  0이동하46354.090평입보40 44 448168.067.041.73150151950 82428353726182524195050 0↗↘선14.239.141.514.5931238.641.9113.0113.2 14 14 57 0   14.20   14.30 5 -5 -1UUDN56.34651817 -.2 4.8 4.6535317-1숨은탄력승부최상60관 0 4 2 2 1 1 1 2④1:53.01     .414.341.214.2 -2 -8  .00 4 6  1 1.336 3713569 1 8 9 31 2 1.03 8.03 2.9 7.3  2.9    8.9   14.6    8.2  .04595 3 8 8 3▲ 1.441.90 -.1932.60113.515.0130.3041.6612264112.7324.5537.94 3
20260510일 5180010국551 9109 4혼전 4451맑음건조 5 5 9이클립스베이    섀클포드실크베리 9028.00한수 3 0 0 2 1   86      24750국5서홍수조한수   0 4 8 3 311 6 1 0 7  0해리카47154.566기입하14 13 134816.038.013.21444111950 82428183026181726125050 0→→입14.239.640.814.887 439.341.3120.4119.4 17 17 67 0   14.30   15.00 4 -2  0NU동56.34651817  .2 4.6 4.8464617 0일반주행기복전력 5   0 9 5 4 4 4 4 5⑥2:00.4½    .914.242.114.3  1  2  .00 6 5  1 1.55717684456 1 510112 6 2.01 3.01 3.1 5.9  3.8    5.9    9.5   23.0  .01538 0 4 2 0― -.941.40  .3039.04118.7 3.95 7.6913.17 1 2 5 5.1311.3617.83 8
20260411토 7180011국541 8 99 5 2강 2254맑음다습13 5 9이클립스베이    섀클포드실크베리 9028.00한수 3 0 0 2 1   77      24750국5서홍수조한수   0 5 7 2 211 5 1 0 6  0해리카46954.566기선적14 14 144023.039.021.61444111950 82428183026181726125050 0→→입14.139.640.714.888 739.941.5119.7119.7 20 20 60 0   13.90   15.10 4  2  1VN동56.34651817  .6 4.8 5.4484817 0일반주행기복전력 5   011 5 5 5 5 6 5⑤1:59.73    2.314.342.715.0  1 -3  .00 5 4  0 3.16737746521 1 5 6 62 5 2.01 3.01 2.1 4.3  3.4    4.3    8.2    6.1  .01530 0 5 2 0― -.541.40  .1339.40118.7 5.7313.1421.59 51221 6.8214.7224.90 4
20260314토 4180011국552 8109 6 1강 1151맑음양호 7 5 9이클립스베이    섀클포드실크베리 9028.00한수 3 0 0 2 1   81      24750국5서홍수조한수   0 6 6 1 111 4 1 0 5  0해리카47254.066기선적26 38 38 934.038.013.71444111950 82428183026181726125050 0→→입14.139.640.814.884 438.043.4120.9119.3 20 20 60 0   14.20   13.50 5  3 -2LUUP56.34651817 1.0 5.5 6.5353517 1부중유리기복전력 5   0 9 2 2 2 2 2 3⑧2:00.92½  2.113.942.715.1  4 12  .01 8 4  2 2.256 1946524 3 6 7 81 4 3.0211.04 2.6 8.3  7.3   15.6   32.1   80.6  .03119-2 5 2-2▽-1.041.40  .2838.89118.7 2.40 6.9213.74 2 510 5.9414.4923.66 6
20260207토 3170011국651 9109 7 1강 1153맑음건조 2 5 9이클립스베이    섀클포드실크베리 6326.00한수 3 0 0 2 1   92      16500국6서홍수조한수   0 7 5 5 311 3 0 0 4  0해리카46056.066하입상35 47 476468.064.045.81444111950 8242818302618172612 099 0→→입14.139.142.214.893 638.740.6112.8112.2  0  0 50 0   14.20   14.90 4 -1 -1NU동56.54691717 1.0 5.5 6.5353517 0뒷심부족탄력호전 5   0 6 3 3 2 2 1 1①1:52.88   -1.414.240.213.5 -1 -9  .00 1 2 -5  .012 537 799 1 9 6 21 3 2.11 6.03 2.6 6.6  4.1  121.2  154.3  495.812.03171 2 6 7 2△ 1.341.80 -.6530.85114.015.2431.8045.8018385518.9233.5449.05 3
20260110토 4170011국651 9109 8혼전 4441강풍양호 8 5 9이클립스베이    섀클포드실크베리 6326.00한수 3 0 0 2 1   81      16500국6서홍수조한수   0 8 4 4 211 2 0 0 3  0해리카46956.566하선보 9 17 17 613.033.0 7.31444111950 8242818302618172612      →→입14.039.042.114.496 338.942.0114.4112.9  0  0 33 0   14.20   16.80 5 -3  1NN동       1712 2.0 5.0 7.0262612 0일반주행거리속성 5   0 7 2 2 4 4 4 4⑤1:54.4머리  .614.242.614.9 -2 -2  .00 5 7  1  .73310755164 31010102 2 5.04 6.03 2.8 7.0  9.2   28.5   62.7   30.3  .015 5-4 2 1-4▼-1.542.00  .3531.75113.8  .53 3.45 7.27 1 4 8 3.57 8.1916.85 7
20251207일 3170011국651 9 59 9혼전 4451맑음다습10 5 9이클립스베이    섀클포드실크베리 6326.00한수 2 0 0 1 1   9611:25 16500국6서홍수조한수   0 9 3 3 111 1 0 0 2  0해리카47156.066하무보10 14 14 712.031.0 7.31444111950 8242818302618172612      →→입13.739.142.514.491 438.843.2117.4115.0  0  0 50 0   13.80   14.70 4  5  0BHUP       1712 3.0 4.5 7.5242412 3거리적응거리속성 5   010 1 1 1 1 1 3⑥1:57.41¼  1.714.244.116.8  0  4  .00 6 6  2 4.284 7917933 211 9 91 1 1.09 3.05     3.4  2.1   39.9   49.6   36.6  .02022-2 2 1-2▽-1.542.20  .0933.40114.2  .57 3.56 7.33 2 510 2.5311.3219.77 7
20251109일 31400 9국642 9 4910 2강 2258맑음건조 3 5 9이클립스베이    섀클포드실크베리 6326.00한수 2 0 0 2 1  141      16500국6서홍수조한수   010 2 2 111 1 0 0 1  0이동하46756.090하무보15 22 226449.054.047.33150151950 8242835372618252419      ↗↘선13.736.540.914.486 236.641.3 92.4 90.4  0  0  0 0   13.70   14.70 5  0  0NHUP       1412 3.0 5.0 8.0303012 2교체실패거리부담 5   0 5 3     5 8 8⑦1:32.46    2.213.841.914.7  3  6  .00 7 4 -1 2.38421908423 2 7 6 30 1 2.01 1.04 2.4 3.6  3.8    3.6    7.4   13.8  .02051-1 5 5-1▽  .239.70-1.1913.0089.5516.9135.1947.2614304420.3740.3752.46 3
20251003금 3120010국640 9 4911 1강 1159흐림다습11 5 9이클립스베이    섀클포드실크베리 6423.00한수 2     1 2  240      16500국6서홍수조한수   011 1 1 111 1 0 0 0  0이혁  46156.079평무보   35 3540  .037.021.31335 41125 5242829272618282118      ↘↗선13.536.738.514.3    36.740.7 78.4 77.2              13.50   14.60 4  0  0LL동       12 0                 0 0일반주행우수혈통 5   0 5 2     3 3 6⑧1:18.43    1.713.741.114.7  3  8  .00 8 5  0 3.17820918333 2 2 8 40 1 3.08 6.09 2.5 3.8  4.8   81.4  127.0   51.6  .01632-1 3 3-1▽ -.839.20  .68 1.9675.61 4.7511.2921.28101934 9.9120.1846.22 4
20261010토 5180011국5 1 7  6 0 1강 1158           510럭키서니        카우보이큰고리   5137.00한수 4 0 0   1    014:25 24750국5박재우럭키팜   2 01510 214 2 2 013  0김태현   54.553평입상50 55 552236.046.020.0 950 42148 92319 0 02316191319 07525→↘선13.939.340.813.86330                   18 36 27 9   14.00   13.70 6  6  3BN동53.05481813-2.6 7.4 4.8636318 0부중유리최적거리67기 010                            14.0    13.7        .0                       4 8 3 7  2                                              .03127 0 6 4 0― -.140.80  .23     118.6 5.1812.1819.99 3 816 5.9415.6124.27 7
20260830일 3180010국511 8 66 1 1강 1156맑음다습11 510럭키서니        카우보이큰고리   5137.00한수 4 0 0 9 1  101      24750국5박재우럭키팜   2 114 9 114 1 1 012  0김태현53652.053평입보31 28 28 3 5.037.020.5 950 42148 92319 0 02316191319 06733→↘선13.940.140.913.8522539.340.2118.1117.6 10 30 2010   13.60   13.30 6 -4 -1HHUP53.35521813-1.6 7.4 5.8575713 5숨은복병거리속성62기 0 4 1 2 2 4 4 4①1:58.1½   -.114.040.113.7 -6 -4  .00 1 7 -2  .01118421792 5 5 5 82 1 7.01 4.09 1.8 5.1 19.1   25.7   83.9   84.9  .01923 0 2 2 0― -.740.70 -.0536.59118.9 5.3111.8220.50 2 511 3.08 6.1111.43 7
20260718토 4130011국543 5 96 2혼전 4451흐림불량20 510럭키서니        카우보이큰고리   5533.00한수 4 0 0 2 1  108      24750국5박재우럭키팜   2 213 8 714 2 1 011  0루이스54052.564평입보62 65 655018.048.015.82144102148 9231920 02316192717 06733↗↘입13.937.139.413.8764937.839.5 81.5 83.6 11 22 2211   13.70   14.10 6  7 -1LH동53.35521713-1.0 6.2 5.2585813 0선행무리탄력호전 5   0 8 7     7 8 7⑦1:21.53    1.613.638.413.3 -2-12  .00 7 9  5 1.86364566434 6 9 8100 2 1.02 6.02 2.3 6.5  2.3    7.2   11.7    9.2  .01542 0 3 3 0― -.240.10  .57 7.0682.97 3.00 8.6215.82 1 2 5 3.23 7.1113.9511
20260607일 4130011국550 8106 3 1강 1159맑음양호 6 510럭키서니        카우보이큰고리   5533.00한수 4 0 0 1 1  107      24750국5박재우럭키팜   2 312 7 614 1 1 010  0루이스55253.064평입하26 29 294310.042.014.02144102148 9231920 02316192717 06733↗↘입13.937.239.313.8665336.940.0 83.0 82.5 13 13 1313   14.10   14.10 4 -1  0UHDN53.35521713-1.4 7.0 5.6555513-1교체실패최적거리50기 0 1 1     2 1 3⑤1:23.0½    .413.740.314.1  1 -3  .00 5 4  1  .62416694569 6 5 5 91 1 8.10 5.09 3.0 8.3 22.0  252.9  456.9  421.8  .02039-2 4 3-2▽ -.539.80  .63 6.0382.97 2.91 7.4214.04 1 5 9 3.80 8.3313.95 8
20260509토 7140010국552 7 56 4혼전 4451맑음건조 5 510럭키서니        카우보이큰고리   5533.00한수 4 0 0 2 1   74      24750국5박재우럭키팜   2 411 6 414 1 1 0 9  0코지  55553.087평입보55 59 594241.059.031.43257182148 9231923 02316233018 06733↗↘입13.937.139.613.7394137.740.1 90.3 90.0 13 13 1313   13.70   13.70 5 -1  0HH동53.35521713-2.0 6.8 4.8616113 0뒷심부족보통주행78기 0 2 9     9 7 7⑦1:30.3¾   2.014.140.314.1  4 -5  .09 7 3 -5 2.57577687926 5 7 5 50 1 4.02 5.08 2.5 5.0  7.2   10.6   24.1   23.7  .02357 0 6 6 0―  .639.00 -.3413.2889.07 9.8620.4731.40 81728 8.1616.0826.56 5
20260405일 4140011국552 6106 5 3강 3351맑음양호 6 510럭키서니        카우보이큰고리   5533.00한수 4 0 0 1 1   90      24750국5박재우럭키팜   2 510 5 314 2 1 0 8  0임기원56053.090평입보50 51 513926.053.025.81940 92148 9231926432316233316 05050↘↗입14.037.139.713.8453436.939.2 89.5 88.9 14 14 1414   14.20   13.50 3  0 -2HHUP53.55491713-2.0 6.8 4.8616113 1착차만회조교부실40관 0 3 3     4 4 4⑤1:29.5½    .513.739.413.7 -3 -8  .00 5 8 -1  .94241403266 810 8 52 2 1.03 4.02 3.3 5.5  3.3    6.6   11.4   16.5  .02534 0 4 5 0―  .138.80 -.2712.0589.14 7.1616.0925.82 61425 5.2614.2221.56 6
20260315일 4130011국522 3 76 6혼전 4461흐림양호 6 510럭키서니        카우보이큰고리   5533.00한수 4 0 0 2 1   49      24750국5박재우럭키팜   2 6 9 4 514 1 1 0 7  0임기원56854.590평자상52 53 536243.062.035.21940 92148 9231926432316233316 05050↘↗입14.037.139.313.9785338.139.3 82.3 83.4 17 17 1717   14.00   13.60 7  2  4HN동53.55491713-1.4 5.8 4.4636313 0일반주행최적거리54관 0 3 9     9 8 7⑥1:22.3코    .914.238.913.5 -3 19  .00 6 9  2 1.95470506252 3 9 8 30 1 1.0410.07 1.9 4.0  1.9   15.6   23.9   39.412.72974 2 6 6 2―  .940.10  .10 7.0182.9012.5123.7635.23183753 8.7417.4824.92 5
20260125일 5130010국522 2 76 7 2강 2251맑음건조 3 510럭키서니        카우보이큰고리   5533.00한수 4     2 1  121      24750국5박재우럭키팜   2 7 8 3 414 1 1 0 0  0권중석54951.066평자하64 63 6351 9.043.017.01341 62148 9231913 02316191818 0 099↘→선13.937.139.413.9734537.638.9 82.3 82.6 20 20 2020   14.50   13.0043-10 -4UUDN56.05481713 -.2 5.0 4.8545413-1일반주행최적거리 5관 0 1 8     6 6 7⑥1:22.31½   .714.038.813.6 -1 11  .00 6 7  4  .83049383556 5 8 7 92 1 3.01 3.09 1.7 2.8  9.8    7.7   29.6   17.0  .01547-1 3 3-1▽ -.639.90  .54 6.1382.97 4.09 9.7017.00 2 510 2.56 5.2211.15 8
20250323일 4140011국511 9 66 8 2강 2254맑음건조 4 510럭키서니        카우보이큰고리   5533.00한수 3 0 0 2 5  87512:45 24750국5박재우럭키팜   2 8 7 2 214 1 1 0 5  0장추열53854.593평자보42 48 485763.066.061.02638 3254019231932 02316202722 0 099↘↗입14.037.039.613.4484936.640.7 90.9 88.9 25 25 2525   14.60   14.50 5  6  1VNDN56.05481713 -.5 5.5 5.0575713-3일반주행보통주행 1관 111 3     3 3 5④1:30.95    1.314.141.115.0  1 -8  .00 4 3 -5 1.45027837443 6 8 4 22 2 2.05 9.05     3.9  6.4   19.4   46.0    8.1  .03688 3 7 8 3▲ 1.438.90-1.0612.3089.0024.4446.8361.0021425812.3331.2945.74 3
20250216일 5170011국531 6 86 9혼전 4451흐림건조 4 510럭키서니        카우보이큰고리   5533.00한수 3 0 0 2 5  895      24750국5박재우럭키팜   2 9 6 1 114 2 1 0 4  0조한별54653.562기자적69 76 763949.054.022.01767 9254019231922252316122118 0 099↗↘입14.039.741.313.5505339.741.4113.6113.8 33 33 3333   14.20   13.10 5 -3 -3NUUP56.05481713 -.3 4.7 4.3585813 4일반주행기복전력 1기 0 5 7 7 7 7 9 9⑦1:53.61½   .914.642.314.5 -1 -2  .00 7 8  1 2.15838625655 510 4 60 2 2.03 4.07 2.5 6.2  4.1   11.8   20.7   27.4  .01743 0 5 6 0―  .441.40  .0632.81113.8 5.1112.7321.99 51221 9.9119.6418.82 4
20250111토 3130011국620 4 7610혼전 4454맑음건조 5 510럭키서니        카우보이큰고리   5533.00한수 3 0 0 2 5  996      16500국6박재우럭키팜   210 5 5 314 1 0 0 3  0조한별54856.062하입하37 31 314538.053.024.01767 9254019231922252316122118      ↗↘입14.036.940.214.1861739.036.9 82.8 82.4  0  0 50 0   14.00   13.80 4  5  1NN동       1412 2.5 3.5 6.0393913 0일반주행거리탄력 1기 2 8 6     910 5①1:22.81¾  -.314.237.913.1 -6 10  .00 1 7  4  .01994 11690 2 9 5 73 1 7.01 8.06 1.6 3.8 25.3   14.4   64.8   32.3  .02165 1 5 5 1―  .240.00 -.02 5.2583.35 7.0315.8723.97 41117 7.9615.2510.76 9
20241214토 21300 9국620 5 7611혼전 4451맑음양호 8 510럭키서니        카우보이큰고리   5533.00한수 2 0 0 2 6 108611:00 24750국6박재우럭키팜   211 4 4 214 1 0 0 2  0씨씨웡53855.073하입하39 36 3654  .057.023.4214610254314231930272316212522      ↗↘선14.037.240.214.1651938.239.3 84.5 83.7  0  0 50 0   13.70   14.00 2  0  0HHDN       1412 5.0 3.0 8.0121213-1출주취소단기승부 1관 0 3 6     8 8 8⑧1:24.51¾  1.714.040.313.8  5 -1  .09 8 3    2.16677506729 4 8 6 60 1 1.05 1.05     2.7  2.4    9.3   18.0   21.313.22555 0 5 5 0―  .440.00 -.17 6.3283.55 4.8912.8723.41 51222 9.6519.6460.20 6
20241201일 3140011국651 610612혼전 4459맑음포화17 510럭키서니        카우보이큰고리   5533.00한수 2 0 0 1 6 111712:05 16500국6박재우럭키팜   212 3 3 114 1 0 0 2  0장추열  055.085하입하23 35 3579  .068.057.6305420254314231932 02316202722      ↗↘입14.036.540.614.194 8                    0  0 50 0   13.70   14.40 4 -7  0HHUP       1412         4.0    13 1교체실패거리부담 1관 0 3                    취소    13.7    14.4     0  .07                      2 7 7 10 1 5.0410.11     6.7  6.1   15.4   28.9   18.712.73077 2 7 8 2▲ 1.440.60-1.30     89.3425.2045.3857.6136597113.5824.7249.51 1
20241103일 1130010국630 6 8613 1강 1157맑음양호 7 510럭키서니        카우보이큰고리   5533.00한수 2 0 0 1 7 120510:35 16500국6박재우럭키팜   213 2 2 114 1 0 0 1  0이동하53955.087하입하17 35 3511  .051.026.42641182243 7231920 02316252419      ↗↘선14.138.040.114.1162236.540.4 83.1 83.1  0  0  0 0   14.10   14.00 4  2  0NHUP       1312         8.0    12 1교체실패거리속성 1관 010 3     2 2 3④1:23.1¾    .513.740.514.4  0 -4  .00 4 4  1 1.846 6815165 9 910 51 1 1.02 4.07     5.2  1.7    5.2    7.8   15.2  .02043 0 4 6 0―  .039.10 -.68 5.0084.00 7.0516.1526.39 8172812.2223.4049.45 6
20241005토 1120011국650 6 5614 3강 3355맑음건조 3 510럭키서니        카우보이큰고리   6226.00한수 2     1 7 130410:35 24750국6박재우럭키팜   214 1 1 114 1 0 0 0  0박태종54355.071평무보   35 3540  .035.012.42099 52243 7231915 02316192421      ↘↘입14.136.738.513.8    37.839.4 76.9 77.2              14.10   14.10        LN동       12 0                 0 0일반주행우수혈통 1기 0 8 5     6 6 7⑧1:16.9코   2.714.139.114.0  5  3  .00 8 3  0 2.88075687814 5 5 5102 1 2.01 3.02     3.9  3.6    3.9    9.0   17.9  .01621-2 3 4-2▽-1.139.20  .94 2.0475.61 1.61 5.6212.40 1 4 8 9.0918.1827.27 8
20261010토 5180011국5 1 7  6 0 1강 1158           511슈퍼엑톤        엑톤파크슈퍼플러 1165.00한거 9 0 0   1    014:25 24750국5강환민(주)메타-1 016121569 1 3 474  0조성환   51.053평입보50 52 5211 6.036.010.3 718 61954112319 0 01920 91720 75029↘→추14.440.440.413.52530                   16 24  433   14.80   14.30 5  7 -6VU동54.54501818-2.8 8.0 5.2535313 0일반주행보통주행53기 011                            14.8    14.3        .0                       9 4 610  1                                              .01516-2 2 1-2▽ -.940.40  .25     118.9 2.45 5.3510.27 1 5 9  .99 3.90 8.7411
20260906일 41800 8국510 6 66 1 1강 1159맑음양호 6 511슈퍼엑톤        엑톤파크슈퍼플러 1165.00한거 9 0 0 1 1   80      24750국5강환민(주)메타-1 115111469 1 3 473  0푸르칸45956.579평입상33 38 38 639.058.044.8235515195411231919291920142421 75029↗→추14.440.640.413.5203040.440.9119.2119.1 16 24  434   15.30   13.90 4 -7  2HB동54.54501818-3.2 8.8 5.6494913 0최빈거리최근최상24관 0 4 7 6 7 6 6 6⑤1:59.2½   1.214.841.114.3  0  8  .00 5 5 -4 1.35160626644 4 4 3 22 6 1.03 3.06 1.4 4.6  1.4    5.0    7.0    8.312.03162 2 6 7 2―  .940.40 -.6038.06118.913.1528.3944.76122741 9.8423.7342.19 4
20260808토 5180011국550 9 56 2 1강 1139맑음건조 2 511슈퍼엑톤        엑톤파크슈퍼플러 1165.00한거 9 0 0 1 1   87      24750국5강환민(주)메타-1 214101369 3 3 472  0우인철45154.572평입상25 30 303616.056.040.5204810195411231915 01920112823 75029↗↘입14.440.740.313.5153740.640.5120.1119.0 16 24  635   14.90   13.90 5  5  0VN동54.54501818-2.8 8.6 5.8454513 0최빈거리탄력호조43기 0111111 8 910 8④2:00.13     .615.340.613.9 -5 -2  .00 4 9  2 1.9436551586610 4 6 23 310.01 4.08 2.6 4.3 30.5   68.1  221.6   66.5  .03155 0 5 6 0―  .740.30 -.5138.00118.912.9127.5840.52122741 7.6915.5024.17 5
20260705일 41800 9국550 9 56 3 2강 2259흐림건조 4 511슈퍼엑톤        엑톤파크슈퍼플러 1165.00한거 9 0 0 1 1   67      24750국5강환민(주)메타-1 313 91269 2 3 471  0우인철45354.572평입상16 19 191413.050.036.6204810195411231915 01920112823 75029↗↘입14.440.740.213.5134140.641.0120.4119.4 19 25  435   15.60   13.70 3  1 -1NNUP54.54501817-2.4 9.2 6.8414113 1일반주행거리속성77기 0 6 9 9 9 9 9 6④2:00.4머리  .814.940.613.9 -3 -5  .00 4 7 -2 2.05467627158 8 3 8 43 2 2.01 4.03 3.0 5.0  3.7    5.0   12.3    4.3  .02140 1 4 5 1―  .240.30 -.3938.50118.911.9125.4236.62 82135 4.41 9.5218.83 6
20260613토 4170011국552 7106 4 3강 3351맑음건조 3 511슈퍼엑톤        엑톤파크슈퍼플러 3344.00한거 9 0 0 2 1   57      24750국5강환민(주)메타-1 412 8 769 1 3 470  0우인철45855.074평입상21 31 311913.052.021.7204810195411231915 01920112823 75029↗↘입14.440.040.813.5334941.141.1113.7114.2 17 23  636   14.50   13.50 4 -1  3NNUP54.54501818-2.2 9.0 6.8393913 1숨은탄력거리속성31관 0 5 9 9 9111010⑦1:53.71½  1.115.640.313.7 -2  2  .00 7 9 -1 2.0649152794810 510 73 1 1.03 8.03 2.9 7.3  2.9    8.9   14.6    8.2  .02050 0 4 6 0―  .241.20  .1633.39113.6 5.6913.7521.66 41117 2.73 6.3613.2411
20260517일 6160010국432 9 86 5혼전 4451맑음건조 3 511슈퍼엑톤        엑톤파크슈퍼플러 3344.00한거 9 0 0 2 1   65      33000국4강환민(주)메타-1 511 7 569 1 3 469  0송재철45652.575평입상27 19 1914 7.039.012.41745 9195411231912 01920192620 75029→→입14.437.139.113.5224936.839.3104.1104.0 15 24  737   15.00   14.10 3 -5  0NHDN54.54501818-1.6 8.2 6.6363613-2일반주행조교부실41관 0 6 9   9 9 9 7⑥1:44.1목    .914.539.913.5 -4  1  .00 610  1 2.3756740475910 4 8103 1 1.06 3.09 2.2 3.4  2.2   11.0   15.2   14.4  .01520-2 2 5-2▽-1.039.10  .4627.75103.2 2.29 6.1812.40 1 4 8 1.98 4.8311.6510
20260425토10180010국422 6 26 6 3강 3351맑음건조 3 511슈퍼엑톤        엑톤파크슈퍼플러 1165.00한거 9 0 0 9 1   52      33000국4강환민(주)메타-1 610 61169 2 3 468  0유승완45552.568평입상19 15 15 5 3.035.012.41961 9195411231911 01920152722 75029→↘입14.440.240.613.5432241.041.6119.9119.6 13 27  436   14.80   13.10 5  9  0BH동54.54501817-2.2 8.6 6.4363613 0일반주행거리속성77관 011 9 9 9 8 8 8⑦1:59.9½   1.915.041.114.1 -2 -2  .00 7 9  1 2.46681758728 8 811 90 3 1.07 4.09 1.7 2.1  1.7   12.1   17.1  227.5  .01512-1 1 1-1▽ -.940.80  .2138.84118.9 3.21 6.6812.36 2 613  .12 2.13 5.0011
20260322일 31800 9국441 6 96 7 1강 1157맑음건조 5 511슈퍼엑톤        엑톤파크슈퍼플러 1165.00한거 9 0 0 2 1   92      33000국4강환민(주)메타-1 7 9 51069 1 3 467  0유승완45752.568평입보 8 10 10 5 3.036.018.51961 9195411231911 01920152722 75029→↘입14.440.140.713.4491941.039.7119.8119.4 16 30  236   14.30   14.10 5 -7 -1HHUP54.54501817-2.2 8.4 6.2343413 2일반주행거리속성32관 0 2 6 7 7 7 7 6⑤1:59.84    1.314.839.413.1 -3  2  .00 5 8 -2 1.35878274743 5 6 7 50 2 4.02 6.09 3.1 4.3  4.8   10.3   24.1   14.7  .01524-1 1 2-1▽-1.140.90  .0738.57118.9 2.74 8.7818.49 51222  .12 2.68 6.70 8
20260214토 8160010국441 9 96 8혼전 4451맑음건조 3 511슈퍼엑톤        엑톤파크슈퍼플러 3344.00한거 9 0 0 2 1   87      33000국4강환민(주)메타-1 8 8 4 469 1 3 466  0푸르칸45553.079평입보25 23 231413.044.017.8235515195411231919291920142421 75029↗→추14.436.539.113.5554936.840.2104.6104.4 19 23  535   15.00   14.90 5  0  0LHDN54.54501817-3.0 7.8 4.8434313-2일반주행보통주행56관 0 9 7   7 8 8 9⑨1:44.61    1.414.340.414.1 -1  6  .00 910  2 1.48266637143 6 310 90 5 1.05 1.08 3.2 5.6  3.2   18.7   30.2   26.1  .01722 0 3 5 0― -.439.10  .5928.79102.8 4.6610.4317.75 2 510 2.94 6.4813.8910
20260110토 9180011국412 9 66 9 1강 1144눈  양호 8 511슈퍼엑톤        엑톤파크슈퍼플러 1165.00한거 9 0 0 2 1   97      33000국4강환민(주)메타-1 9 7 3 969 1 3 465  0해리카44953.066평입상28 12 12 1 4.030.010.5144411195411231916131920172612 75029→→입14.440.040.713.5571940.342.3120.8120.1 19 26  233   14.10   13.70 4  1 -1BHUP54.54501817-3.0 7.6 4.6434313 2일반주행거리속성 5트 0 911 9 910 8 7⑦2:00.82½  1.515.042.714.9 -1 -3  .00 7 8  2 2.37551878740 6 4 8100 8 4.0111.02 1.7 3.9  9.6    8.3   25.8   23.5  .015 9-3 1 1-3▼-1.641.10  .2839.38118.8 1.72 2.8610.47 1 2 5 1.43 3.95 8.5411
20251213토 81600 8국413 5 6610 3강 3361비  불량20 511슈퍼엑톤        엑톤파크슈퍼플러 3344.00한거 8 0 0 2 1   80      33000국4강환민(주)메타-110 6 2 369 1 3 464  0푸르칸45253.579평입상40 22 221419.052.041.8235515195411231919291920142421 75029↗→추14.436.439.013.4615336.040.1100.7102.8 22 32  539   14.80   15.40 3  6 -1VHDN54.54501817-3.4 8.2 4.8424213-1일반주행탄력호조39트 0 8 7   7 6 5 5⑤1:40.71½  1.414.139.513.7 -1 -3  .00 5 6 -5 1.65226635338 5 2 6 42 4 1.02 2.03     3.5  1.5    3.5    5.1    5.511.83155 2 5 6 2―  .439.00  .1127.44102.712.9027.4341.77 61425 6.8516.7831.36 5
20251122토 8170011국451 710611혼전 4451맑음건조 3 511슈퍼엑톤        엑톤파크슈퍼플러 3344.00한거 8 0 0 2 1  103      33000국4강환민(주)메타-111 5 1 669 6 3 463  0해리카45554.566평입상35 24 2420 7.031.0 8.0144411195411231916131920172612 75029→→입14.439.641.113.3583739.043.3112.7113.6 23 30  538   14.20   14.00 4 -3  1HNUP54.54501817-3.8 8.2 4.4505013 1일반주행보통주행57기 1 2 7 7 5 6 6 7⑥1:52.72½  1.914.842.915.4 -5 -1  .00 611  4 2.15112928529 8 6 9112 7 1.04 4.06 3.2 7.2  3.2   12.6   23.6   76.6  .01512-3 2 1-3▼-1.541.50  .5432.87113.6  .86 4.38 8.03 1 2 5 2.41 5.4111.6511
20251025토 7160010국511 3 6612 1강 1151맑음건조 5 511슈퍼엑톤        엑톤파크슈퍼플러 3344.00한거 8 0 0 9 1  192      33000혼4강환민(주)메타-112 4 7 269 5 3 462  0해리카45653.566평입상43 51 511434.054.033.0144411195411231916131920172612 75029→→입14.436.539.013.3575736.539.4103.1103.1 23 31  538   13.80   14.10 5  4  1NN동54.54501817-3.4 8.6 5.2464613 0부중유리탄력호전54기 0 5 5   5 4 6 5④1:43.19    1.714.239.614.0 -3  6  .00 4 7  0 2.05952474730 4 2 4 42 6 1.04 7.04 1.6 5.5  1.6    6.0    8.3   12.3  .03135 1 5 5 1―  .439.00  .2827.62102.8 9.3321.0133.02 82135 6.5215.6327.08 6
20250921일 6160010국442 4 4613혼전 4451맑음다습14 511슈퍼엑톤        엑톤파크슈퍼플러 3344.00한거 8 0 0 2 2  26914:25 33000국4강환민김병진  -213 3 6 169 4 3 361  0해리카45052.571평입보20 17 171410.042.015.51657 61444 9232416201920172612 75029→→입14.436.639.013.3505735.940.0101.7102.6 21 32  339   14.90   13.90 4 -5 -1UHDN54.54501817-3.0 9.0 6.0363613-2일반주행보통주행 5기 1 1 5   5 6 5 4②1:41.76     .013.840.114.1 -5  2  .00 2 7  0 1.04117634878 7 1 7 63 5 3.07 8.01     3.2  5.7   83.7  164.1  333.8  .01519-1 3 5-1▽ -.739.00  .6726.97102.8 3.16 8.2415.48 51222 2.88 6.7011.96 7
20250824일 81800 9국412 2 1614혼전 4431맑음건조 4 511슈퍼엑톤        엑톤파크슈퍼플러 1165.00한거 8 0 0 2 2  35116:05 33000국4강환민김병진  -214 2 5 869 3 3 360  0해리카44853.070평입보10  6  6 1 4.032.010.31657 61444 9232416201920172612 75029→→입14.440.340.813.3491540.041.5118.7120.3 22 32  341   14.50   14.00 5  0 -2NH동54.54501817-3.0 9.2 6.2343413 0일반주행거리속성44기 1 6 9 8 8 7 8 7⑥1:58.71¾  1.514.940.313.9 -1 -3  .00 6 7 -2 3.27639756934 6 5 6 80 4 1.03 7.03     2.8  1.5    3.6    4.6    3.7  .015 7-3 1 1-3▼-1.540.80  .1639.18119.0  .94 5.4110.29 2 714 1.35 4.17 9.01 9
20250720일 71800 9국431 6 3615혼전 4441맑음포화17 511슈퍼엑톤        엑톤파크슈퍼플러 1165.00한거 8 0 0 2 3  43915:15 33000국4강환민김병진  -215 1 4 769 2 3 359  0해리카45154.571평입상27 22 22 0 9.038.016.11840 91657 0232416201920172612 75029→→입14.440.540.813.3361739.242.0117.8120.2 22 33  042   15.10   14.00 5 -1  1NN동54.54501817-3.2 9.6 6.4303013 0최근최상거리속성75기 0 6 8 8 6 6 7 6⑥1:57.8½   1.614.541.014.0 -3  5  .00 6 9 -2 1.87412836235 7 6 9 70 3 4.01 1.05     2.7 10.9    9.2   32.0   62.8  .02131 0 3 1 0― -.940.60 -.0338.85119.0 4.54 9.0116.06 41117 3.70 7.5014.52 7
20261010토 6120011국5 2 7  4 0 3강 3353           6 1글로리앤아너    투아너앤벤트온글 6427.00한암 6 0 0   1    015:15 24750국5이관호명마조합 0 016182241 5 2 240  0조한별   56.562평입보50 49 494519.052.024.3132710214111202417 02220122118 04456↗↘입13.937.638.213.42180                   14 35  330   14.00   13.00 5 -9  1UB동52.64301412-2.2 7.8 5.6505012 0최빈거리최적거리54기 0 1                            14.0    13.0        .0                      10 2 5 4  7                                              .02032 0 5 6 0―  .238.20  .26     75.95 6.6015.5824.29 61425 5.5612.8322.60 5
20260906일 5120010국514 3 64 1혼전 4451맑음양호 6 6 1글로리앤아너    투아너앤벤트온글 6427.00한암 6 0 0 1 1   79      24750국5이관호명마조합 0 115172141 4 2 239  0조한별44555.562평입상68 72 726266.069.057.9132710214111202417 02220122118 04456↗↘입13.937.638.313.4217337.737.4 74.7 75.2 14 33  328   13.90   13.40 4  7  3VB동52.64301412-1.8 8.6 6.8424212 0최빈거리탄력호조38기 010 4     6 6 5④1:14.7목    .214.037.213.0  0  5  .00 4 4  1 1.12174 92072 8 3 3 12 6 1.06 1.07 1.5 4.7  1.5    5.8    8.5   10.1  .04870 3 8 9 3▲ 1.737.70 -.78 -.6876.0030.4247.5657.9336597112.7927.1737.01 2
20260809일 4120011국513 7 64 2 3강 3351흐림건조 2 6 1글로리앤아너    투아너앤벤트온글 6427.00한암 6     1 1   78      24750국5이관호명마조합 0 214162041 3 2 1 0  0조한별44053.062평입상69 66 664336.052.024.0132710214111202417 02220122118 05050↗↘입13.937.638.313.4127336.738.4 75.3 75.2 11 29  031   13.80   13.10 6 -8 -1HVDN52.54281412 -.6 9.2 8.6292912-1최빈거리탄력호전42기 0 3 5     5 5 4②1:15.3머리  .013.938.413.4 -1 -2  .00 2 3 -8  .02226362089 9 1 4 53 5 1.03 8.03 1.9 5.6  1.9    6.4    9.6   13.812.12038 0 5 5 0―  .237.70  .20 -.6676.00 6.3214.8823.96 81728 5.7715.6924.92 5
20260628일 5130011국554 6104 3혼전 4451맑음건조 3 6 1글로리앤아너    투아너앤벤트온글 4732.00한암 6 0 0 9 1   86      24750국5이관호명마조합 0 31315 141 2 2 137  0조한별44254.060평입상30 23 2318 7.037.013.3132710214111202417 02220122118 05050↗↘입13.937.739.013.4286937.839.0 81.8 83.1 12 26  041   14.90   13.30 5  0  1VLDN52.54281412  .2 8.6 8.8313112-1발길대로거리속성56기 01110    1010 9⑤1:21.8머리 1.113.938.913.7 -6  3  .00 511  0 1.4436040454511 210 83 4 1.02 8.03 2.9 5.7  2.9    5.7   10.0    8.413.41222-1 2 3-1▽ -.739.40  .53 6.3783.10 2.57 6.9713.33 1 4 7 1.92 5.0311.9210
20260523토 5140011국514 6 64 4혼전 4451맑음다습13 6 1글로리앤아너    투아너앤벤트온글 4732.00한암 6 0 0 2 1   76      24750국5이관호명마조합 0 41214 841 1 2 136  0조한별43953.560평입보 7  9  914 6.033.0 9.5132710214111202417 02220122118 05050↗↘입13.937.439.213.4175338.738.5 89.6 89.6 12 33  330   14.20   15.00 8  8 -2VN동52.54281412  .0 8.2 8.2404012 0일반주행건성마필31기 01111    1111 8⑦1:29.61    1.814.938.513.3 -4  2  .00 711  1 2.0659817683110 410113 3 3.01 1.02 1.6 4.2  6.2    4.2   12.1    6.8  .01519-1 1 2-1▽-1.338.70  .3112.9789.00 1.69 4.75 9.47 1 2 5 1.11 4.21 8.8511
20260329일 5140011국530 8 84 5 1강 1158맑음건조 3 6 1글로리앤아너    투아너앤벤트온글 4732.00한암 6 0 0 9 1  150      24750국5이관호명마조합 0 51113 741 1 2 135  0김성현43755.058평입하12 12 1233 8.042.020.41440 92141112024 8192220162319 05050↗↘입13.937.439.013.4176537.541.1 92.1 91.0 13 38  334   14.10   15.20 4 -2  1HB동52.54281412  .2 8.0 8.2464612 0숨은복병건성마필78기 0 3 7     6 5 8⑩1:32.14    2.814.241.715.0  0  0  .001010  5 3.99274889215 9 210 70 1 1.03 2.05 2.1 3.5  2.1    5.5    8.1  136.9  .01933 0 3 4 0― -.339.00  .1314.6388.86 4.8511.3420.41 3 816 2.70 6.5812.55 8
20260302월 4140011국531 8 84 6 1강 1151비  양호 7 6 1글로리앤아너    투아너앤벤트온글 4732.00한암 6 0 0 1 1   70      24750국5이관호명마조합 0 61012 641 1 2 134  0우인철43754.074평입하40 38 3810 9.046.017.6204810214111202419 02220112823 05050↗↘입13.937.439.113.4146137.441.9 92.6 91.9 13 38  338   14.10   13.6011 -4  2NL동52.54281412 -.8 8.2 7.4515112 0일반주행휴양불리55관 0 5 8     7 811⑪1:32.67    4.014.142.215.2  6  8  .0311 5 -3 4.296659495 711 2 8 70 1 3.02 4.09 2.6 4.2  3.7    5.4    9.3    3.7  .01531 0 3 4 0― -.339.20  .1315.4088.93 3.76 9.2817.62 31119 1.94 4.41 9.97 7
20251214일 8140011국542 7 94 7 1강 1151맑음포화18 6 1글로리앤아너    투아너앤벤트온글 4732.00한암 5 0 0 2 1  195      41250국5김동균박정배   2 7 911 541 1 2 133  0송재철42952.075평입하19 21 2127 3.040.017.51745 91750 62016162119 8192620 05050→→입13.937.439.113.4146137.539.4 87.4 89.1 13 35  335   14.40   14.50 6  3  0BUUP52.54281412 -.8 8.2 7.4515112 2일반주행부중유리 5관 1 9 8    101010⑩1:27.41    1.514.138.713.6  2 -5  .0010 8  2 1.6547248613811 4 8 80 9 1.07 8.06 3.0 5.6  3.0   35.7   54.3  543.6  .01539-1 2 3-1▽ -.738.50  .1312.5888.93 4.5510.5617.54 3 713  .12 1.79 4.7911
20251101토 9120011국454 4104 8 1강 1151맑음건조 5 6 1글로리앤아너    투아너앤벤트온글 6427.00한암 5 0 0 1 1  168      33000국4김동균박정배   2 8 8101941 3 2 132  0김동수43452.069평입보59 60 605917.050.024.514 0 01750 62016191019 8102127 05050↗↘추13.937.638.113.4208738.339.0 77.7 77.6 13 33  040   13.70   13.70 5  3  0NUDN52.54281412-2.4 8.4 6.0585812-2최빈거리가격혈통58관 1 610    101011⑪1:17.72    2.114.439.814.5  5-11  .0011 6 -2 2.1859158822211 1 7 50 5 2.08 8.04 2.2 5.5  4.0   86.0  142.0  974.1  .02445 1 4 4 1―  .338.40  .31 1.8775.89 7.6616.2324.49 51221 1.48 6.9213.93 8
20250928일 3140010국414 3 64 9혼전 4451비  불량20 6 1글로리앤아너    투아너앤벤트온글 4732.00한암 5 0 0 9 2  251      33000국4김동균박정배   2 9 7 9 441 2 2 131  0김동수44552.070평입상80 76 764220.051.023.9 8 0 01836102016191019 8102127 05050↘↗추13.937.439.013.4206936.939.7 86.7 88.9 14 34  041   14.00   12.90 3 -7  0HU동52.54281412-3.4 8.6 5.2636312 0일반주행급신장세39관 0 3 4     6 6 5⑥1:26.71     .713.738.613.7 -2 -2  .00 6 8 -1 1.5453659505811 3 7 72 4 1.05 8.02 1.8 5.8  1.8    7.3   11.1  155.7  .02050 0 4 3 0―  .138.50  .0412.5088.86 6.0114.3323.85 41117 2.86 8.1814.9610
20250906토10140011국424 6 7410 1강 1151흐림포화16 6 1글로리앤아너    투아너앤벤트온글 4732.00한암 5 0 0 1 2  31719:35 33000국4김동균박정배   210 6 8 341 1 2 130  0김동수44752.070평입하24 27 2722 2.034.012.7 8 0 01836102016191019 8102127 05050↘↗추13.937.339.313.4275337.838.1 86.5 87.9 14 32  039   14.20   13.60 2 -1  0LUUP52.54281412-2.4 8.8 6.4505012 2일반주행조교부실15관 010 7     7 6 5④1:26.5코    .314.037.312.9 -5  2  .00 4 9  0 1.01381102573 9 3 8 90 3 3.01 2.06     3.5 11.0    7.6   24.2   25.9  .01519-1 1 1-1▽-1.038.40  .2011.3389.00 2.39 6.2612.72 1 5 9  .12  .99 4.0511
20250824일 9120011국412 3 6411혼전 4451맑음건조 4 6 1글로리앤아너    투아너앤벤트온글 6427.00한암 5 0 0 2 2  35017:00 33000국4김동균박정배   211 5 71841 2 2 129  0송재철44552.078평입상63 62 626112.048.019.21824141836102016162119 8192620 05050→→입13.937.538.213.4268338.237.8 74.6 76.8 15 33  037   14.20   12.80 5  4  0VU동52.54281412-2.8 8.2 5.4535312 0일반주행가격혈통45관 011 9     9 9 8⑩1:14.6¾   1.314.237.413.6  1 11  .0010 9  0 2.1708917484011 4 8 80 8 4.01 1.02     5.9  8.8    5.9   19.1    9.9  .01540 0 3 4 0― -.238.30  .46 1.1075.89 3.9910.9719.18 2 714 1.82 8.0714.25 9
20250719토 5120011국454 210412혼전 4451흐림포화19 6 1글로리앤아너    투아너앤벤트온글 6427.00한암 5 0 0 2 3  45014:40 33000국4김동균박정배   212 4 61741 1 2 128  0송재철43452.079평입상46 57 574821.049.018.42057 82247112016162119 8192620 05050↘→입13.937.438.213.4338338.037.1 73.9 75.8 15 35  035   14.00   13.60 4 -1  0NU동52.54281412-2.6 7.0 4.4616112 0착차만회탄력호전23관 0 7 8     8 8 8⑥1:13.9½    .714.236.912.8 -3 -6  .00 6 9  2 1.73983 3165810 3 4 70 7 6.04 8.04     7.1 10.7   47.5   93.6  214.5  .02569 0 4 4 0― -.238.10  .54  .2275.84 3.4610.1218.40 41117 4.1710.4213.04 8
20250622일 7120011국453 510413혼전 4452맑음다습12 6 1글로리앤아너    투아너앤벤트온글 6427.00한암 5 0 0 2 3  51915:15 33000국4김동균박정배   213 3 51641 1 2 127  0김동수44052.071평입하25 22 224515.047.021.61850 92247112016191019 8102127 05743→↘추13.937.438.113.3318737.438.7 75.5 76.4 16 36  036   14.00   15.30 6  4 -1BU동52.64271412-2.0 6.2 4.2636312 0숨은복병작전마주23관 0 8 7     9 9 7④1:15.52     .814.038.313.6 -3 10  .00 4 7  2  .95860485357 9 110 63 2 8.04 7.09     7.0 25.6   67.7  254.7  168.9  .02151 1 4 4 1―  .038.30  .48  .8675.78 4.8712.5421.60 31119 4.0410.5819.00 7
20250511일 8120011국414 4 6414혼전 4451맑음포화16 6 1글로리앤아너    투아너앤벤트온글 6427.00한암 5 0 0 2 4  63916:05 33000국4김동균박정배   214 2 41541 1 2 126  0조재로43053.084평입보79 84 846170.061.033.22963111850112016 81419 8192622 05743↗↘입13.937.438.213.3318338.041.6 79.0 79.7 16 36  036   14.00   12.80 5 -1  1VV동52.64271412 -.4 5.0 4.6585812 0뒷심문제작전마주 1   0 4 9    111111⑪1:19.02½  3.814.041.515.3  6 -3  .0511 5 -4 4.398829697 710 2 2 40 4 6.09 9.08     5.1 14.1  313.6  680.2  557.6  .02884 1 7 5 1△  .839.30  .11 4.1375.8410.5821.5933.22 8172814.0225.7529.51 2
20250405토 7120011국414 1 6415혼전 4451비  포화17 6 1글로리앤아너    투아너앤벤트온글 6427.00한암 5     1 4  75518:15 33000국4김동균박정배   215 1 31441 1 2 0 0  0김동수43352.068평입보39 32 3254 7.039.017.31433 91850112016191019 8102127 05743↗→추13.837.438.113.4358737.037.3 73.0 75.2 13 33  033   14.40   14.90 6 -6  0NUDN52.64271412 -.6 3.8 3.2656512-2일반주행가격혈통 1관 0 5 5     5 4 3②1:13.06     .014.037.012.8 -7-12  .00 2 9 -1 1.01836 6 386 9 210 92 1 1.09 3.05     3.7  1.4   25.1   34.7   33.6  .01543 0 2 2 0― -.637.90  .62 -.3075.78 4.2210.1717.29 1 5 9 2.74 5.8112.77 8
20261010토 6120011국5 2 7  4 0 3강 3353           6 2레인스타        티즈원더야후비올 5935.00한암 5 0 0   1    015:15 24750국5심승태김선식   5 01628 432 5 2 132  0김정준   53.074평입보50 48 485114.047.018.81433 91347 7111112181113132026103050↗↗추14.137.538.313.72773                    9 25  6 9   14.50   13.60 4 -8  1UNDN52.84791713-1.8 8.6 6.8454513-1일반주행보통주행49기 0 2                            14.5    13.6        .0                       9 4 7 8 19                                              .01527 0 4 4 0― -.338.30  .40     75.95 4.12 9.9118.83 41121 3.33 7.4914.38 9
20260913일 5130011국554 2104 1혼전 4451맑음건조 3 6 2레인스타        티즈원더야후비올 4941.00한암 5 0 0 2 1   59      24750국5심승태김선식   5 115272032 4 2 131  0김정준48752.574평입상70 61 616422.054.024.61433 91347 7111112181113132026103050↗↗추14.137.439.013.7526538.238.5 82.0 83.0 10 26  610   14.60   13.30 4  0  0LH동52.84791713-1.0 7.6 6.6444413 0숨은복병탄력호전60기 01011    10 9 5⑧1:22.0목   1.214.538.313.6 -2  4  .00 810  2 1.3437622404111 1 9 6018 5.06 3.07 2.3 7.2 11.1   30.6   63.7   28.2  .02045 0 4 5 0―  .339.70  .38 6.5982.90 6.8415.8424.56 51222 3.7411.3517.39 7
20260815토 4130011국551 4104 2혼전 4441흐림건조 3 6 2레인스타        티즈원더야후비올 4941.00한암 5 0 0 2 1   88      24750국5심승태김선식   5 214261932 3 2 130  0김정준48352.574평입상43 38 385335.060.034.21433 91347 7111112181113132026103050↗↗추14.137.539.113.8506138.237.4 82.5 82.0 10 20 10 7   13.90   13.40 5  7  0LH동52.84791713 -.4 7.4 7.0393913 0적정체중탄력호조 5   010 8     8 9 8⑤1:22.5코    .614.637.913.3 -3  3  .00 5 8  1 1.11278 31262 7 5 7 3317 2.0111.06 4.5 7.8  4.7    8.8   15.3   16.8  .03160 1 5 7 1―  .939.30  .02 5.3583.0310.7722.6834.22143044 6.7315.2427.44 6
20260711토 5130010국541 6 94 3 2강 2231맑음다습14 6 2레인스타        티즈원더야후비올 4941.00한암 5 0 0 2 1   76      24750국5심승태김선식   5 313251832 2 2 129  0김정준48052.574평입상31 32 324213.045.024.91433 91347 7111112181113132026103050↗↗추14.137.439.113.8525737.639.1 82.0 83.0 10 17  710   14.30   13.60 4 -5 -1HH동52.84791713 -.8 8.0 7.2414113 0숨은복병급신장세62기 0 3 5     4 4 4③1:22.07    1.213.938.913.4 -4  1  .00 3 7 -3 1.33950444245 4 5 8 5216 3.01 6.04 3.1 7.5  4.5    8.1   18.0   33.8  .01938 0 3 4 0― -.339.70  .32 6.4782.97 6.1513.8124.89 61425 3.53 8.2417.86 6
20260614일 5130011국551 3104 4혼전 4451흐림건조 3 6 2레인스타        티즈원더야후비올 4941.00한암 5 0 0 2 1   66      24750국5심승태김선식   5 412241732 1 2 128  0김정준47953.074평입하15 16 1633 7.035.010.31433 91347 7111112181113132026103050↗↗추14.137.439.213.8514938.038.8 82.9 83.2 11 18  711   15.10   13.90 5  5 -1NN동52.84791713  .8 7.2 8.0363613 0교체실패보통주행41기 0 8 9     8 8 7⑦1:22.91¼  1.014.338.813.6 -3-11  .00 710  2 1.24769304248 6 61011015 7.04 2.07 4.414.3 10.3   29.0   56.9   65.0  .02018-3 2 1-3▼-1.339.70  .68 6.6283.03 1.98 5.3010.30 1 4 8 2.74 6.1313.5310
20260509토 6130011국531 7 84 5혼전 4451맑음건조 5 6 2레인스타        티즈원더야후비올 4941.00한암 5 0 0 2 1   95      24750국5심승태김선식   5 511231632 1 2 127  0최범현49053.593평입하19 24 244516.046.021.53162141347 7111129 01113183217103050→→입14.137.439.313.7564938.639.4 84.7 84.0 11 22  411   14.40   13.60 7 -2  0HN동52.84791713  .2 6.6 6.8444414 0일반주행보통주행48관 0 310     9 9 9⑪1:24.71    1.915.139.713.9  3  3  .0011 8  3 2.27289527828 8 5 9 70 3 5.01 8.06 3.0 4.8 13.9   23.1   71.0   86.1  .01549 0 3 4 0― -.239.90  .31 7.2983.10 4.4411.9921.45 3 716 5.2611.4318.68 8
20260322일 5130011국520 6 74 6 2강 2259맑음건조 5 6 2레인스타        티즈원더야후비올 4941.00한암 5 0 0 2 1  131      24750국5심승태김선식   5 610221532 3 2 126  0김정준48753.574평입보22 25 254510.043.021.21433 91347 7111112181113132026103050↗↗추14.137.339.213.7615338.339.4 84.1 84.1 12 23  412   14.90   13.50 3 -5  1NN동52.84791713  .0 6.6 6.6484813 0일반주행보통주행34기 0 510    111110⑦1:24.1코   1.414.439.513.6  2  0  .00 7 5 -2 2.07580567440 5 3 6 5314 1.0210.08 2.4 2.6  2.4    2.6    4.8    5.0  .01527 0 3 3 0― -.440.00  .44 7.5782.97 5.0912.1321.23 61425 3.37 8.4815.06 6
20260301일 4130011국551 1104 7혼전 4451맑음건조 3 6 2레인스타        티즈원더야후비올 4941.00한암 5 0 0 1 1   59      24750국5심승태김선식   5 7 9211432 2 2 125  0김정준48753.074평입상46 49 494516.045.015.91433 91347 7111112181113132026103050↗↗추14.137.339.113.8645739.038.3 83.3 83.7 12 20  8 8   14.10   13.10 4  8 -2LN동52.84791713  .0 6.4 6.4545413 0일반주행급신장세58기 01011    11 9 7⑦1:23.3머리 1.514.938.713.5  0 -3  .00 7 7 -3 2.06495176332 9 5 7 9013 1.03 6.02 3.0 5.2  3.0    8.3   15.1   27.5  .01738 0 3 3 0― -.439.90  .64 7.2582.90 3.84 8.8815.92 2 510 3.60 9.0915.36 8
20260201일 3130011국533 7 84 8혼전 4451맑음건조 2 6 2레인스타        티즈원더야후비올 4941.00한암 5 0 0 1 1   50      24750국5심승태김선식   5 8 8201332 1 2 124  0김정준49054.574평입하16 22 224313.042.014.71433 91347 7111112181113132026103050↗↗추14.137.239.213.8695337.539.2 82.7 82.5 13 21  8 8   14.40   14.50 4 -9  1UL동52.84791713  .8 5.0 5.8595913 0일반주행최적거리 5기 0 2 9     8 810④1:22.71¾   .814.138.913.1 -6 -4  .00 410  4 1.32945504559 8 51111312 5.03 4.01 1.9 5.7 14.9   35.0   88.4  230.213.21553-1 3 3-1▽ -.739.80  .67 6.1482.90 3.63 8.5414.66 1 2 5 2.97 6.7013.5111
20260104일 4130011국530 8 84 9 3강 3351맑음다습12 6 2레인스타        티즈원더야후비올 4941.00한암 5 0 0 1 1   7013:10 24750국5심승태김선식   5 9 7191232 1 2 123  0유승완49453.569평입보56 64 644529.049.021.71961 91347 7111110 01113152722103050→↘입14.137.339.113.8645737.840.4 84.4 84.5 17 22  4 9   14.00   14.00 8  6  1VN동52.84791713 -.6 4.6 4.0727213 0일반주행최적거리42기 01110    101010⑪1:24.4¾   2.014.440.414.5  5  4  .0011 6  1 2.38462828526 5 8 4 60 1 1.03 1.09     4.7  2.2    5.6    8.7   34.311.21544 0 4 4 0― -.140.10  .47 8.0782.90 5.4613.1921.68 41121 4.8110.8918.75 6
20251109일 5130011국511 5 6410혼전 4451맑음건조 3 6 2레인스타        티즈원더야후비올 4941.00한암 4 0 0 2 1  16113:35 24750국5심승태김선식   510 6181132 2 2 122  0최범현49053.093평입하50 58 585741.059.031.23162141347 7111129 01113183217112256→→입14.137.339.013.8636537.239.5 82.4 82.9 14 18  514   13.90   14.00 3  0 -1NN동52.74771713-1.6 5.4 3.8767613 0일반주행최적거리42기 0 5 7     5 4 5⑤1:22.41¾   .514.039.314.0  0 -2  .00 5 5  0  .73929574165 7 3 5 52 2 1.07 6.03     4.9  1.6   18.8   25.0   84.5  .02148 1 6 7 1―  .639.70  .28 6.6382.8410.3220.6131.24 81728 9.5217.9829.47 5
20251018토 4130011국554 310411혼전 4451흐림불량20 6 2레인스타        티즈원더야후비올 4941.00한암 4 0 0 2 2  217      24750국5심승태김선식   511 5171032 1 2 121  0최범현49254.093평입보73 73 735942.060.029.8336921 5 0 0111129 01113183217112256↘→입14.137.239.113.8655737.639.6 81.9 83.3 14 14  510   14.10   13.00 4 -5  1NL동52.74771713-2.2 6.4 4.2727213 0편성만만최적거리56기 0 510     7 7 4⑥1:21.9¾    .813.939.214.0  1  2  .00 6 5 -1  .95451606053 5 7 6 30 1 3.0410.07 2.6 9.0  6.0   25.2   36.0  148.6  .02879 1 6 6 1―  .739.90  .30 7.0382.84 8.3018.6429.79 92235 7.3415.4524.04 6
20250920토 4130011국531 1 8412혼전 4451맑음포화18 6 2레인스타        티즈원더야후비올 4941.00한암 4 0 0 2 2  281      24750국5심승태김선식   512 416 932 5 2 120  0김정준49053.082평입상71 75 755023.052.026.92258 8 5 0 0111112181113132026132550↘↗추14.137.239.313.9674538.138.1 80.2 82.4 15 10  5 5   13.80   13.00 9  2  1NN동52.74761713-2.8 7.4 4.6656513 0적정체중최적거리 5기 01010    1010 7⑥1:20.2목    .514.137.013.0  0 10  .00 6 6  3  .62173132562 5 7 4 7311 3.07 9.04 1.8 4.6  6.7   46.7  100.6   48.1  .02540 0 5 3 0―  .139.70  .27 5.9082.97 7.3717.0926.85 41117 7.2313.4820.62 7
20250720일 51300 9국554 110413혼전 4451맑음포화17 6 2레인스타        티즈원더야후비올 4941.00한암 4 0 0 2 3  44113:35 24750국5심승태김선식   513 315 832 4 1 119  0김정준48052.075평입상49 61 614633.060.040.32843191640 9111112181113132026141457↗↘추14.137.339.513.9604137.238.6 80.1 82.3 16  5  5 5   14.30   13.80 4 -1  0NH동52.84751713-2.8 9.0 6.2555513 0일반주행최적거리56기 2 8 6     5 4 4①1:20.1머리  .013.837.613.0 -2 -2  .00 1 3 -1  .01830291574 9 8 7 6210 3.02 8.05     9.0  5.4    9.0   22.0   28.713.22955 2 6 6 2―  .839.60 -.28 5.5083.1613.3527.1040.32 51222 8.0515.9626.62 6
20250622일 3130011국533 7 8414혼전 4451맑음포화15 6 2레인스타        티즈원더야후비올 4941.00한암 4 0 0 2 3  52311:25 24750국5심승태김선식   514 214 732 3 1 018  0김정준48252.075평입상42 51 515136.060.032.12843191640 9111112181113132026171750↗↘추14.137.339.514.0673737.938.9 82.1 82.9 11  6  6 6   14.00   13.80 4  1  0NH동52.94741713-2.8 9.8 7.0515113 0일반주행탄력호전70기 0 910     8 6 4②1:22.15     .014.338.713.8 -2  0  .00 2 4 -5  .93666394986 7 6 5 53 9 2.0411.09     4.5  4.3   17.1   33.8   10.413.23153 2 6 7 2―  .939.70 -.06 6.0583.16 9.7620.6432.10 61325 6.9817.2026.79 5
20250525일 51300 9국551 4 5415 1강 1151맑음양호 8 6 2레인스타        티즈원더야후비올 4941.00한암 4 0 0 2 3  60013:35 24750국5심승태김선식   515 113 632 2 1 017  0김정준48252.075하입상20 20 2040 7.046.022.82843191640 9111112181113132026202040↗↘추14.137.239.614.0693037.739.1 82.0 82.9  6  6  6 6   14.10   14.40 4 -1  0NHDN53.14721713-1.8 9.4 7.6373713-1일반주행급신장세30관 1 8 9     9 8 5④1:22.0코    .014.038.813.8 -5 -4  .00 4 9 -1  .63754444477 4 6 9 63 8 2.03 9.07     4.6  3.7   12.6   25.3   33.2  .01536 0 3 3 0― -.339.80  .20 6.0683.16 5.2712.4322.83 51222 1.41 3.9410.65 7
20261010토 6120011국5 2 7  8 0 3강 3353           6 3라온더클라라    머스킷맨클라린다 8424.00한암 3 0 0   1    015:15 24750국5이강서라온랜드 1 0 8 5 8 7 1 1 1 7  0서승운   56.086강선보50 65 659882.069.058.3213710477833335036 0412527261650 0 0↗→선13.637.038.313.26392                   80 60 4020   13.70   13.20 6 -1  2UB동54.34631212 -.2 2.6 2.4858512 0전개최상전개최상72기 1 3                            13.7    13.2        .0                       3 3 2 1  1                                              .06299 4 9 9 4☆ 1.838.30 -.44     75.6728.8046.1058.3338567124.4442.7856.51 1
20260829토 5120011국514 6 68 1 3강 3351맑음다습12 6 3라온더클라라    머스킷맨클라린다 8424.00한암 3 0 0 9 1  109      24750국5이강서라온랜드 1 1 7 4 7 7 1 1 1 6  0이혁  45954.080강도보90 94 949479.061.040.22259 74778333350 019412528211850 0 0↗↘선13.636.938.412.9728337.538.0 74.4 75.7100 75 5025   13.50   13.30 5 -1  2UN동54.34631212 -.8 3.0 2.3878712 0전개최상전개최상36기 0 4 7     9 9 9③1:14.4코    .113.737.913.2  2  5  .00 3 1 -2  .23764223075 6 5 2 13 1 2.03 2.03 1.9 6.7  7.5   27.2   61.4   14.112.24187 0 8 6 0▲  .738.60  .08  .4075.6714.2928.0040.2314304725.0041.9451.17 1
20260725토 6120011국514 5 68 2혼전 4451맑음다습10 6 3라온더클라라    머스킷맨클라린다 8424.00한암 3 0 0 9 1   86      24750국5이강서라온랜드 1 2 6 3 6 7 4 1 0 5  0조재로45452.588강도하87 92 929280.068.049.03453144778333350 039412519262250 0 0↗↘입13.536.738.512.9848036.638.8 74.1 75.3100 67 6733   13.90   13.10 9 -6 -1NU동54.34631212 -.7 3.0 2.3878712 0전개최상전개최상68기 0 5 2     2 2 2②1:14.19     .013.538.113.3 -1 -9  .00 2 3  0 1.62419482580 5 4 3 11 4 1.03 4.05 1.5 4.2  1.5    5.1    7.1   24.310.54191 3 9 9 3★ 1.338.60 -.13  .1175.6119.5236.5548.9838567119.4235.7549.04 2
20260523토 3120011국524 6 78 3혼전 4451맑음다습13 6 3라온더클라라    머스킷맨클라린다 8424.00한암 3 0 0 2 1  178      24750국5박종곤라온랜드 1 3 5 2 5 7 3 1 0 4  0조재로46353.088강도보83 90 909775.067.047.134531435502128254539281019262250 0 0↗↘입13.536.738.012.9829137.538.5 75.8 75.6100 67 6733   13.70   13.90 8  5  1VN동54.34631212-2.0 4.0 2.0888812 0전개최상전개최상40기 011 4     4 6 6⑥1:15.81     .313.938.413.1  3 -3  .09 6 3  2  .72961384472 4 1 2 12 3 7.06 3.09 2.2 2.7 28.4  250.7  629.4  132.610.54186 1 9 8 1▲ 1.238.70  .21  .8575.3319.9834.7047.0734536618.3731.1638.11 2
20260329일 4120010국544 8 98 4 1강 1152맑음건조 3 6 3라온더클라라    머스킷맨클라린다 8424.00한암 3 0 0 9 1  151      24750국5박종곤라온랜드 1 4 4 1 4 7 2 1 0 3  0조재로46652.588강도보98 98 989791.069.075.034531435502128254539281019262250 0 0↗↘입13.336.738.512.9828936.140.2 76.4 75.9100100 5050   13.60   13.40 6  0 -2NU동54.34631212-2.0 4.0 2.0888812 0전개최상전개최상49기 0 6 3     2 3 3③1:16.4머리  .013.740.113.9  2  2  .00 3 1  0  .044 3845678 3 2 1 11 2 8.02 1.04 1.9 4.6 25.0   55.4  191.0   23.6  .04896 3 9 9 3★ 1.838.80 -.87  .7275.6142.7764.9074.9538597050.0079.1791.42 1
20260214토 1120011국610 9 68 5 2강 2251맑음건조 3 6 3라온더클라라    머스킷맨클라린다 8424.00한암 3 0 0 2 1  115      16500국6박종곤라온랜드 1 5 3 3 3 7 1 0 0 2  0조재로46454.088강무상95 99 999290.069.071.5345314355021282545392810192622 0 0 0↗↘입13.637.438.512.9388336.637.7 75.7 73.8100100  0 0   13.60   13.20 6 -3 -1NU동54.54611212-4.0 7.0 3.0767612 0최빈거리전개최상64기 0 6 1     1 1 1①1:15.78   -1.413.638.313.4  0  3  .00 1 1 -6  .0 12012 499 4 1 1 11 1 1.03 6.08 1.4 4.2  1.4    7.1    7.0   10.0  .05599 4 9 9 4☆ 1.637.50-1.15-2.0876.0032.6555.8071.4518375322.0039.0125.00 1
20260104일 1120011국621 9 28 6 1강 1154흐림다습12 6 3라온더클라라    머스킷맨클라린다 8424.00한암 3     1 1  115      16500국6박종곤라온랜드 1 6 2 2 2 7 1 0 0 0  0정우주46154.561평무하13  9  927  .027.0 4.21356 8355021282527322810163012      ↗→입14.037.339.913.164 137.337.9 76.1 74.8              14.00   13.40 8  1  1BL동       12 0         5.0     0 0능력한계가격혈통 5기 1 9 3     4 7 7③1:16.11¼   .213.638.913.2 -4 -2  .00 3 7  1  .31057202377 4 8 8100 1 2.0110.06 1.5 2.2  3.2    2.2    6.1   15.0  .010 6-4 1 2-4▼-2.037.90  .05-2.4376.73  .12  .90 4.21 1 4 810.7821.5759.52 5
20251109일 2120011국612 8 68 7혼전 4451맑음건조 3 6 3라온더클라라    머스킷맨클라린다 8424.00한암 2     2 1  16411:00 16500국6박종곤라온랜드 1 7 1 1 1 7 1 0 0 0  0이동하46354.091평무보   25 2540  .055.030.6315015355021282530402810252419      ↗↘선13.936.738.514.8    38.843.0 82.6 81.8              13.90   15.10        LN동       12 0                 0 0일반주행작전마주40기 0 8 4     61011⑪1:22.613   7.013.943.915.4  5 -1  .0111 6  0 7.299979999 3 1 1 9 50 1 1.02 2.09     4.3  1.4    4.3    5.3    6.3  .02069 0 5 6 0―  .440.60  .39 6.5775.61 8.4818.8430.56 6132512.2223.4054.45 6
20261010토 6120011국5 2 7  9 0 3강 3353           6 4제주프린세스    머스킷맨아쿠아프 8424.00한암 3 0 0   1    015:15 24750국5서범석무라카미 0 010 1 2 9 1 1 1 9  0임다빈   54.575기자보50 52 528036.054.024.21530 91347 4191010 0181614242450 050→↗추13.736.738.913.98825                   29 43 5714   14.20   12.60 6 -6  1HVDN54.34521413 1.0 4.2 5.2606013-1부중유리기복전력49기 1 4                            14.2    12.6        .0                       1 7 4 5  1                                            10.93178 0 6 6 0―  .238.90  .37     75.84 6.5815.5624.24 82135 6.6717.1125.68 4
20260830일 2130011국650 5109 1 1강 1151맑음다습11 6 4제주프린세스    머스킷맨아쿠아프 7931.00한암 3 0 0 9 1  102      16500국6서범석무라카미 0 1 9 9 4 9 2 0 1 8  0루이스45154.064기입적72 87 878681.067.059.62144101347 4191016 0181619271799 0 0↗↘입13.736.740.114.3961037.737.0 80.5 80.9 17 33 67 0   13.70   14.80 7  8 -1BUDN54.54521414  .6 4.8 5.4585813-1착차만회기복전력72기 110 7     5 5 2①1:20.53    -.614.236.612.6 -1  0  .00 1 2 -5  .0 154 1 194 1 9 2 13 5 2.0310.09 2.2 7.0  5.3   12.5   27.3   54.6  .02584 1 7 6 1△ 1.239.90 -.83 4.1383.1628.0147.2759.6234536625.9344.3251.86 1
20260711토 31400 8국631 9 89 2 2강 2251맑음다습14 6 4제주프린세스    머스킷맨아쿠아프 7931.00한암 3 0 0 2 1  129      24750국6서범석무라카미 0 2 8 8 4 9 1 0 1 7  0루이스45155.064기선적17 20 209046.052.031.32144101347 4191016 0181619271799 0 0↗↘입13.636.440.314.291 536.840.4 89.5 88.6 20 20 80 0   13.90   15.20 4 -1  0UVUP54.54521413 1.4 4.6 6.0454513 1숨은복병기복전력62기 0 2 4     5 4 3④1:29.51     .313.740.714.8 -3 -1  .00 4 7  3 2.13332766874 1 5 7 42 4 1.04 1.07 2.0 3.5  2.0    7.7   11.7    8.4  .01980 0 5 5 0―  .239.40 -.3411.8589.07 8.3919.4931.27 8213510.4221.2335.43 4
20260613토 2130011국622 8 79 3 1강 1151맑음건조 3 6 4제주프린세스    머스킷맨아쿠아프 7931.00한암 3 0 0 2 1   79      16500국6서범석무라카미 0 3 7 7 3 9 1 0 1 6  0신형철45255.064기선보58 58 588741.050.032.3 0 0 01347 4191024 0181615132799 0 0↗→추13.636.740.114.2961037.241.0 85.3 84.2 20 20 80 0   13.90   15.10 4 -5  0UV동54.54521413 1.3 4.5 5.8424213 0숨은탄력기복전력23관 0 3 5     5 6 8⑩1:25.32½  2.513.941.715.2  6 -1  .0910 4 -1 2.77631888117 1 8 5 30 1 2.07 7.05 1.9 5.4  4.7   16.4   30.5   67.8  .01762 0 5 4 0―  .240.60 -.06 7.3883.16 8.7120.8332.2612274111.2721.9235.84 3
20260516토 3130011국642 9 99 4 1강 1152맑음건조 3 6 4제주프린세스    머스킷맨아쿠아프 7931.00한암 3 0 0 2 1   78      16500국6서범석무라카미 0 4 6 6 2 9 3 0 1 5  0루이스45355.064기도보59 60 607967.060.048.62144101347 4191016 0181619271799 0 0↗↘입13.636.740.114.396 836.540.8 84.8 83.2 25 25 75 0   13.80   14.70 4  1  0NV동54.54521414 1.3 4.5 5.8424213 0일반주행기복전력74기 1 8 4     3 2 2⑦1:24.8목    .813.941.715.1  2  4  .00 7 5  1 1.049 6866059 1 8 2 20 3 4.01 2.10 2.6 5.3  6.9   10.5   24.5   57.4  .01862 0 6 5 0―  .940.40 -.52 6.4383.1615.4632.3448.6418385517.9530.7738.78 2
20260418토 2130011국632 8 89 5혼전 4441맑음건조 5 6 4제주프린세스    머스킷맨아쿠아프 7931.00한암 3 0 0 2 1   81      16500국6서범석무라카미 0 5 5 5 1 9 2 0 1 4  0루이스44955.064기도적22 19 197725.043.019.92144101347 4191016 0181619271799 0 0↗↘입13.636.740.114.093 936.640.5 84.2 83.2 33 33 67 0   13.70   15.70 4  5  1NVDN54.54521414 1.3 4.7 6.0373714-1전개유리기복전력40기 0 7 3     3 3 3⑤1:24.23     .813.841.114.7  1 -6  .00 5 4  1  .947 8825558 1 9 7 62 2 3.01 6.03 1.7 4.0  5.5    4.4   14.5   11.9  .02534-1 4 4-1▽ -.640.40  .28 6.3583.16 4.9311.5519.93 51222 7.3516.7722.62 6
20260321토 3140011국641 9 99 6 1강 1156맑음건조 5 6 4제주프린세스    머스킷맨아쿠아프 7931.00한암 3 0 0 2 1   82      16500국6서범석무라카미 0 6 4 4 3 9 1 0 1 3  0루이스45554.564기도적11 19 198827.049.029.32144101347 4191016 0181619271799 0 0↗↘입13.636.740.314.069 536.041.9 91.3 89.9 33 33 67 0   13.60   16.30 5 -2  1UN동54.54521414-1.0 5.5 4.5474714 0전개유리기복전력48기 0 2 1     1 1 3⑥1:31.3목   2.313.742.615.7  3 -8  .09 6 3  0 2.374 4948422 1 7 9 41 1 1.04 9.04 2.7 5.5  2.7    7.9   14.8   33.6  .02575 0 5 4 0―  .139.40 -.4712.8689.28 8.2118.7829.30101934 7.6917.6128.51 5
20260214토 4140011국651 9109 7혼전 4451맑음건조 3 6 4제주프린세스    머스킷맨아쿠아프 7931.00한암 3 0 1 2 1   91      16500국6서범석무라카미 0 7 3 3 2 9 3 0 1 2  1씨씨웡46354.093하추적56 87 877573.074.048.83456111347 4191030 0181621252299 0 0→↘선13.836.940.314.058 735.943.5 93.4 91.5 50  0 50 0   13.80   14.30 4  0 -1UU동54.54521412-1.0 5.5 4.5474714 0전개유리최적거리69기 0 4 2     1 1 9⑨1:33.44    2.413.644.616.3  6 11  .00 9 3 -2 3.494 2999620 6 9 1 21 3 8.0511.03 2.5 6.9 24.5  128.9  293.6   88.710.62576 1 8 7 1▲ 1.639.60-1.1214.3089.4120.7036.4948.7836597117.0231.1641.45 2
20260118일 31400 8국620 9 29 8 2강 2254흐림건조 5 6 4제주프린세스    머스킷맨아쿠아프 7931.00한암 3 0 0 2 1   71      16500국6서범석무라카미 0 8 2 2 1 9 2 0 0 1  0씨씨웡45254.593하추보 5  5  5 5 8.035.016.63456111347 4191030 01816212522      →↘선14.137.740.413.9 3 436.339.9 89.6 88.2  0  0  0 0   14.10   13.70 5 -8  1HNUP       1412 1.0 6.0 7.0 8 812 2걸음없음거리부담 5기 0 4 2     1 1 1②1:29.63     .013.840.414.3 -3 -7  .00 2 5 -1  .52210663691 9 8 9 81 2 2.05 8.04 1.7 2.1  3.0   17.9   26.7   35.8  .012 5-4 2 4-4▼-1.338.10 -.8410.0990.03 3.37 8.7916.61 51221 2.74 7.3015.79 5
20251213토 1120012국610 7 19 9 2강 2255비  포화16 6 4제주프린세스    머스킷맨아쿠아프 8424.00한암 2     2 1  108      24750국6서범석무라카미 0 9 1 1 1 9 1 0 0 0  0씨씨웡45954.093평무보38 25 2536  .036.018.43456111347 4191030 01816212522      →↘선15.238.538.312.6 28938.139.8 76.6 77.8              15.20   12.90        NN동       12 0         5.0     0 0일반주행우수혈통48기 01210    101110⑦1:16.64    3.214.139.213.7  1  4  .00 7 6  0 3.9898878891112 5 8 63 1 1.0511.04     1.8  1.1    8.3    8.9    6.9  .01616-4 3 3-4▽-1.137.60 -.13 1.0076.51 2.73 9.0818.44 51221 7.5915.3829.2211
20261010토 6120011국5 2 7  7 0 3강 3353           6 5레이스디바      레이스데잇메익스 5227.00한암 3 0 0   1    015:15 24750국5토니  이민정  99 0 8 3 4 7 1 1 2 7  0코지     56.088우입하50 61 618975.068.050.2325718295414203442502619233018 099 0↗↘입13.836.838.613.88073                   60 60 60 0   13.90   13.40 4 -3  1NLDN55.04381412  .6 2.6 3.2757513-1탐색주행승부최상 5관 0 5                            13.9    13.4        .0                       2 5 3 2  6                                            11.24894 3 9 9 3★ 1.538.60 -.27     75.7221.7039.0250.2318405420.0033.1648.29 3
20260913일 5130011국554 7107 1혼전 4451맑음건조 3 6 5레이스디바      레이스데잇메익스 8830.00한암 3 0 1 2 1   59      24750국5토니  이민정  99 1 7 2 2 7 1 1 2 6  1이혁  44255.078우입보89 91 918872.064.039.52259 7295414203431332619282118 099 0↗↘선13.836.939.313.8896537.638.6 81.9 82.9 60 60 60 0   13.70   13.80 4  1  2LNDN55.04381412  .5 3.0 3.5727213-1전개최상신뢰마주64기 0 8 6     5 7 8⑦1:21.9목   1.113.938.413.4  4  2  .09 7 3  2 1.23949262444 5 2 4 40 1 5.06 3.07 2.3 7.2 11.1   30.6   63.7   28.210.53487 2 7 8 2▲ 1.140.10  .10 6.6982.7813.6927.0339.5012264112.1523.5837.39 4
20260817월 5140010국550 8107 2혼전 4451흐림다습13 6 5레이스디바      레이스데잇메익스 8830.00한암 3 0 0 2 1   67      24750국5토니  이민정  99 2 6 1 2 7 5 1 1 5  0코지  44053.087우입보96 98 989586.068.058.7325718295414203442502619233018 099 0↗↘입13.936.639.513.8785736.639.2 88.7 88.1 50 50 50 0   13.90   13.70 5  6 -2NU동55.04381412  .5 3.0 3.5727214 0연대우수전개최상 5   0 7 1     1 2 2②1:28.72     .013.739.413.8  1  5  .00 2 1  0  .31923422287 1 7 1 11 5 3.01 1.07 2.6 8.2  6.9    9.5   21.9   16.010.55297 4 9 9 4☆ 1.639.10 -.7012.0188.6628.0946.2258.7334536624.3042.2555.66 1
20260711토 31400 8국631 9 87 3 2강 2251맑음다습14 6 5레이스디바      레이스데잇메익스 8830.00한암 3 0 0 2 1   78      24750국6토니  이민정  99 3 5 5 1 7 4 0 1 4  0코지  43555.087평입보89 99 998595.075.078.8325718295414203442502619233018 099 0↗↘입13.936.740.013.9783036.538.8 87.4 86.5 33 33 33 0   13.80   14.30 5 -4  0UNUP55.04411412  .7 3.7 4.3636313 1신뢰마주연대우수28관 0 1 5     3 3 1①1:27.410  -1.813.939.113.7  0 -6  .00 1 1 -1  .0 11726 799 3 3 1 12 4 1.04 1.07 2.0 3.5  2.0    7.7   11.7    8.4  .04879 3 9 9 3★ 1.938.70-1.60 9.7989.0733.4260.1578.8138567139.5871.5187.40 1
20260606토 3130011국613 7 67 4혼전 4447맑음양호 7 6 5레이스디바      레이스데잇메익스 8830.00한암 3 0 0 1 1   98      16500국6토니  이민정  99 4 4 4 1 7 3 0 0 3  0코지  44155.087평입보46 56 567274.070.054.9325718295414203442502619233018      ↗↘입13.937.239.713.8664136.739.3 82.9 81.6  0  0  0 0   13.80   13.50 8  2  0NNUP       1312 1.0 4.5 5.5525212 1연대우수신뢰마주54기 0 5 3     3 3 3②1:22.91¼   .013.840.014.3  0 14  .00 2 2 -2  .2 4 9461489 7 2 2 22 3 7.02 8.05 1.6 4.3 20.4   43.3  139.6  109.312.73268 2 8 8 2▲ 1.539.50 -.75 4.7183.2324.3542.7554.9212264120.4538.6751.43 2
20260412일 1120011국642 6 47 5 1강 1151맑음다습12 6 5레이스디바      레이스데잇메익스 5227.00한암 3 0 0 2 1  152      16500국6토니  이민정  99 5 3 3 3 7 2 0 0 2  0코지  42755.088평입보55 69 697386.073.074.7325718295414203442502619233018      ↗↘입13.837.139.514.0633437.139.1 75.3 76.0  0  0  0 0   13.80   14.10 4 -9  1HN동       1212 1.0 5.0 6.0555512 0마방습성연대우수60관 1 3 6     5 5 6⑤1:15.32½  1.013.838.613.5  1 -3  .00 5 4 -1 1.24942605449 8 5 4 12 2 1.03 2.01 2.1 3.4  2.1    8.0   12.4    6.9  .04180 3 8 8 3▲ 2.038.40-1.65 -.5976.3940.5463.9174.6838597024.0744.1240.69 1
20260314토 1120011국620 5 27 6 1강 1155맑음양호 7 6 5레이스디바      레이스데잇메익스 5227.00한암 3 0 0 2 1   84      24750국6토니  이민정  99 6 2 2 2 7 1 0 0 1  0코지  43054.088평무보13 25 2551  .057.044.1325718295414203442502619233018      ↗↘입14.037.440.314.644 137.039.3 76.3 76.2              14.00   14.90 5  9  0BL동       12 0         7.0     0 0마방연대마방습성40기 012 5     5 4 5⑥1:16.31½   .913.839.414.1  1  3  .00 6 5  1 2.15338655653 81211 22 1 1.03 5.02 1.6 2.2  1.6    5.2    6.7   43.6  .03056 0 5 6 0―  .638.20-1.38-1.5277.0114.2529.9944.09183855 7.1014.7727.1712
20260207토 1120012국621 8 77 7혼전 4455맑음건조 2 6 5레이스디바      레이스데잇메익스 5227.00한암 3     2 1   94      24750국6토니  이민정  99 7 1 1 1 7 1 0 0 0  0씨씨웡42754.093평무보34 25 2550  .061.035.8345611295414203456 02619212522      →↘선14.337.639.813.241 937.340.5 77.7 77.5              14.30   13.50 4  0  0NL동       12 0         2.0     0 0일반주행마방연대48기 0 3 6     6 6 6⑦1:17.71¾  2.214.040.914.9  3-17  .01 7 4  0 3.18451898821 7 5 8 52 1 1.06 5.04 1.5 2.7  1.5   10.4   13.1   47.8  .02165 0 6 6 0―  .738.40 -.98  .0676.84 9.7822.5535.75 81728 8.3316.6724.89 3
20261010토 6120011국5 2 7  4 0 3강 3353           6 6아이엠고        머스킷맨차이밍비 8424.00한암 4       1    015:15 24750국5함완식이관형   1 016 1 1 0 2 1 2 0  0루이스   55.067평선보85 71 717081.067.040.6214410225611151550 022101927174060 0↗↘입13.737.138.613.64761                   42 42 50 8   14.10   12.5025 -2  2NN동53.74381412  .2 5.8 6.0545410 0일반주행연대우수48관 0 6                            14.1    12.5        .0                       6 6 1 3  2                                            12.13768 1 8 9 1▲ 1.138.60 -.18     75.8914.2827.7740.6114304723.3341.7151.37 2
20260418토 6120010국553 3104 1 3강 3351맑음건조 5 6 6아이엠고        머스킷맨차이밍비 8424.00한암 4 0 0 2 3  481      24750국5함완식이관형   1 11512 818 1 1 217  0루이스44453.078우선하47 52 526539.049.019.02550 0215012151550 022101927174060 0→↘입13.736.938.613.6626138.038.3 76.3 76.5 45 45 55 9   13.70   13.80 6  3 -2BUDN53.74381412 -.8 5.6 4.8646410-1일반주행마번불리74기 1 8 6     81010⑧1:16.32½  1.514.038.413.2  1  4  .00 8 7  4 2.06485336034 4 6 7 70 1 1.02 7.06 2.5 6.5  2.5    6.5   11.6   12.4  .01557-1 6 5-1▽ -.238.80  .57 1.0075.78 3.5610.4718.98 41117 4.8411.9123.62 7
20260307토 5130011국532 6 84 2혼전 4451맑음포화15 6 6아이엠고        머스킷맨차이밍비 7931.00한암 4 0 0 2 1  122      24750국5함완식이관형   1 21411 718 3 1 216  0코지  44055.087우도보66 69 698273.063.040.13257182256111515 71722102330184060 0↗↘입13.736.939.313.5785337.240.2 82.2 83.9 45 45 64 9   13.90   13.30 4  4  2NN동53.74381412-1.2 6.0 4.8666610 0부중유리작전마주42기 0 5 5     7 7 8⑦1:22.21    1.113.739.513.8  4 -1  .09 7 3 -1 1.27030786746 3 6 2 10 5 2.04 7.11 3.0 4.8  3.1   17.8   23.7   51.212.73168 2 8 7 2▲ 1.040.40  .10 7.6682.7815.7128.4140.1034536618.8234.2543.75 1
20260208일 5130011국543 4 94 3혼전 4451맑음건조 2 6 6아이엠고        머스킷맨차이밍비 7931.00한암 4 0 0 2 1   58      24750국5함완식이관형   1 31310 618 2 1 215  0코지  44153.087우선보25 31 317539.056.028.43257182256111515 71722102330184060 0↗↘입13.736.939.413.6814537.638.8 81.2 81.8 50 50 6010   13.70   14.20 4 -8 -1UUUP53.74381412-1.2 6.0 4.8666610 1일반주행거리속성78기 2 1 5     6 4 4③1:21.21¼   .213.938.113.3 -1 -8  .00 3 4 -5 1.1 849343272 3 7 7 52 4 1.10 4.02 2.3 5.4  2.3   59.1   73.0   75.4  .02465 1 6 6 1―  .539.90  .36 5.4782.84 8.3217.2528.39 81728 5.8313.5925.16 5
20260111일 5120011국534 8 84 4 1강 1151맑음양호 6 6 6아이엠고        머스킷맨차이밍비 8424.00한암 4 0 0 2 1   69      24750국5함완식이관형   1 412 9 718 1 1 214  0코지  44954.088우도하38 40 407360.062.044.53257182256111515 71722102330184060 0↗↘입13.636.738.613.5775737.140.1 77.9 77.0 56 44 6711   14.20   13.70 4  5  3BVDN53.74381412-1.2 4.4 3.2797910-1편성탐색마번불리44기 0 9 7     6 7 9⑨1:17.9½   1.713.740.514.2  0  1  .00 9 9  5 1.97847848031 4 3 9 20 310.05 8.06 1.8 4.8 57.2  283.3  716.3  310.312.02986 2 7 8 2▲ 1.239.20 -.04 1.7175.6716.6331.5044.4918385511.2223.3033.12 3
20251214일 6130010국533 2 84 5혼전 4451맑음포화18 6 6아이엠고        머스킷맨차이밍비 7931.00한암 3 0 0 2 1   71      24750국5함완식이관형   1 511 8 518 1 1 213  0우인철44851.074우선보36 42 425023.043.017.52048102256111515 0 022101128234060 0↗↘입13.736.839.213.5845738.340.0 82.6 84.8 56 44 5611   13.70   14.40 5 -6 -5HUUP53.74381412-1.2 4.4 3.2737310 1숨은복병거리속성81기 1 4 9     8 8 8⑧1:22.68    2.714.239.113.7  4  7  .09 8 4  0 3.08780748512 4 7 6 70 1 3.05 7.05     4.6  4.2   24.4   56.3   16.8  .01948 0 4 4 0― -.640.70  .85 8.7882.65 4.05 9.9317.47 41117 6.9013.2621.20 5
20251109일 6120011국554 4104 6 1강 1151맑음건조 3 6 6아이엠고        머스킷맨차이밍비 8424.00한암 3 0 0 2 1  138      24750국5함완식이관형   1 610 7 618 1 1 212  0최범현44155.593우도상74 80 808474.057.034.7316214225611151528 022101832174060 0→→입13.736.738.513.5796537.339.4 76.8 77.0 44 44 4411   13.80   14.00 2  8  1BLDN53.74381412 -.2 3.0 2.8737310-2전개최상작전마주36기 010 6     6 610⑩1:16.84    1.513.739.914.4  6 -5  .0910 4  3 1.97455707034 2 3 2 40 1 2.08 7.08 2.8 7.3  4.4   63.3   90.9  168.6  .03490 0 7 5 0―  .539.10  .28 1.7775.6111.5022.9234.71 9223516.5132.8644.31 2
20251025토 4140011국551 6104 7혼전 4451맑음건조 5 6 6아이엠고        머스킷맨차이밍비 7931.00한암 3 0 0 9 1  195      24750국5함완식이관형   1 7 9 6 118 1 1 211  0이혁  44655.078우도상87 87 879782.068.057.42259 72256111515321922102821184060 0↗↘선13.736.539.513.5814536.739.5 89.5 88.8 44 44 4411   13.30   13.90 7 -1  1UNUP53.74381412  .0 2.8 2.8737310 1단독선행전개최상54기 0 2 3     4 2 3⑤1:29.51¼   .413.839.914.0  4 -1  .01 5 1  0  .64227563968 1 5 2 12 1 3.0510.01 3.710.7  5.4   14.0   29.9   31.8  .04996 3 9 8 3▲ 1.739.40 -.5912.8188.5930.8748.0457.3938597027.5046.5157.09 1
20250907일 5130010국552 2104 8혼전 4438맑음포화16 6 6아이엠고        머스킷맨차이밍비 7931.00한암 3 0 0 1 2  31113:15 24750국5함완식이관형   1 8 8 5 418 1 1 210  0코지  44754.086우선보47 50 508553.048.032.22155101067 61515 71722102330184060 0↗↗입13.736.939.013.5816936.539.5 80.7 82.3 50 38 3813   14.40   13.40 7  0 -1HV동53.74381312  .0 3.0 3.0717110 0전개최상작전마주 5   0 3 2     2 1 2③1:20.7목    .013.339.013.9  2  4  .00 3 1 -7  .117 6592075 2 3 2 61 2 3.07 8.01    11.4  6.7   33.7   78.3   48.4  .03463-1 6 4-1▽ -.340.00  .49 6.3582.5811.3620.7832.18 9223516.0033.6352.17 1
20250720일 51300 9국554 1104 9혼전 4451맑음포화17 6 6아이엠고        머스킷맨차이밍비 7931.00한암 3 0 0 2 3  44113:35 24750국5함완식이관형   1 9 7 4 318 1 1 2 9  0조인권44355.068우선하68 65 659861.060.040.41729 8215012151513 022102425134060 0→↘선13.736.839.013.5916938.139.5 81.3 83.5 57 43 4314   14.10   13.70 6  2  0HNUP53.74381312  .0 3.5 3.5656513 1전개최상전개최상74기 1 3 8     8 8 6⑦1:21.31¾  1.214.438.513.4 -1 10  .00 7 8  5 1.25973597240 1 1 6 40 4 3.02 8.05     9.0  5.4    9.0   22.0   28.7  .04187 3 7 7 3△  .840.40  .33 7.7082.5213.4027.1540.42 81728 9.2027.6638.91 4
20250608일 3120011국532 5 8410혼전 4451맑음건조 3 6 6아이엠고        머스킷맨차이밍비 8424.00한암 3 0 0 2 3  56112:45 24750국5함완식이관형   110 6 3 518 1 1 2 8  0서승운43355.093우선상86 86 869882.068.053.53050 0215012151538 022102726164060 0↗↗선13.736.738.313.5857637.638.2 76.4 75.8 57 43 4314   13.70   13.40 5 -5  1UN동53.74381312 -.7 4.3 3.7676713 0전개최상전개최상31관 1 1 6     5 5 8⑦1:16.4¾    .814.138.913.7  4-12  .09 7 3 -3 1.13866273655 2 3 2 22 1 8.01 7.02     4.3 48.7   57.6  272.9   35.8  .04198 3 9 9 3★ 1.538.80 -.13  .8175.5022.7141.7653.4921425823.1641.4556.70 1
20250503토 2120011국554 410411혼전 4461흐림포화18 6 6아이엠고        머스킷맨차이밍비 8424.00한암 3 0 0 1 4  67611:25 24750국5함완식이관형   111 5 2 418 1 1 1 7  0이동하44554.087우도보77 84 849875.069.058.32962112150 51515402922102524195050 0↗↘선13.736.738.213.6908336.838.2 74.6 75.1 50 33 5017   13.90   14.60 6  0  0NV동53.64371312-3.0 6.0 3.0797913 0전개최상전개최상 1기 0 6 4     3 2 2②1:14.61     .013.738.413.4 -4 11  .00 2 6  0  .21523291480 3 2 1 12 1 8.06 2.06     6.4 28.3   73.3  220.6  189.9  .04399 4 9 9 4☆ 1.638.60 -.22  .1675.4528.6446.3858.3038567120.6934.4448.45 2
20250322토 5120011국554 810412혼전 4451맑음건조 4 6 6아이엠고        머스킷맨차이밍비 8424.00한암 3 0 0 2 4  79914:25 24750국5함완식이관형   112 4 1 318 1 1 1 6  0코지  43454.087우도보88 91 919466.059.027.33256192150 51515 71722102330186733 0↗↘입13.636.638.312.9928936.739.4 77.4 75.9 40 40 6020   13.90   13.80 4  0 -1NVDN53.54381310-3.0 7.0 4.0737313-1전개최상전개최상 1기 0 6 6     5 4 4③1:17.4코    .013.940.414.6 -3  3  .00 3 6  5  .54122685079 3 3 3 62 1 3.11 3.02     7.2  5.0  156.2  254.3  694.210.54175 0 8 6 0―  .538.90  .67  .9875.45 8.8917.2727.30 5122212.6424.6328.43 2
20250223일 2130011국611 7 6413 1강 1151맑음건조 3 6 6아이엠고        머스킷맨차이밍비 7931.00한암 3 0 0 9 5  87611:00 16500국6함완식이관형   113 3 6 218 3 0 1 5  0문세영43154.593평도보64 35 3595  .071.059.24153 01029 61515 03322102936155050 0→→입13.636.839.112.9937637.138.8 84.0 82.0 25 25 7525   13.60   14.40 6  2  1LNUP53.04411310         3.0    10 1전개최상전개최상 1관 1 6 1     1 1 1①1:24.02    -.313.939.913.8  0 -5  .00 1 1  0  .01127341893 2 3 7 21 3 1.02 6.10     4.5  1.8    4.5    7.6  115.0  .04176 0 7 7 0― 1.440.00 -.25 6.1082.5820.9443.0559.20183753 7.1915.4939.07 8
20250111토 4120011국653 310414혼전 4455맑음건조 5 6 6아이엠고        머스킷맨차이밍비 8424.00한암 3 0 0 2 5  99512:45 16500국6함완식이관형   114 2 5 218 2 0 1 4  0문세영43654.093평도하46 35 3596  .068.048.24153 01029 61515 03322102936155050 0→→입13.636.738.912.9865736.639.1 76.3 75.6 33 33 6733   13.30   14.90 4 -2  0NVDN53.04411310         4.0    10-1직전탐색전개최상 1기 2 4 2     2 2 2③1:16.35     .813.639.814.4  2-14  .00 3 1  0 1.13214623654 3 1 8 21 2 2.08 3.02     6.7  4.5   31.4   43.6   27.5  .04180 1 7 6 1△ 1.138.70 -.32  .0475.8419.5235.5648.1918405412.0922.2254.21 5
20241215일 2130010국642 9 9415 1강 1159흐림양호 8 6 6아이엠고        머스킷맨차이밍비 7931.00한암 2 0 0 2 6 107511:00 16500국6함완식이관형   115 1 4 118 1 0 1 3  0문세영45054.093평도보40 35 3590  .072.070.9414933 925 01515 03322102936155050 0→→입13.636.939.312.9806936.840.5 85.4 83.4 33 33 6733   14.00   14.40 5  4  0LVUP53.04411310         5.0    10 1전개최상작전마주 1기 0 6 1     3 3 2④1:25.42½   .413.341.614.9  3 -7  .01 4 1  0 1.75615836470 4 3 8 12 1 4.06 9.10     4.6  7.2   38.1   64.2  925.712.03481 2 8 9 2▲ 1.840.30 -.76 7.2082.7834.6257.1170.8838597014.6728.0360.41 5
20261010토 6120011외4 2 7  4 0 3강 3353           6 7내맘의열정      ADMIRE MDORODANS        호암 4 0 0   1    015:15 24750국5문병기선형조   0 01212 511 1 0 011  0이용호   55.565하무상50 38 384512.046.019.91652 72552 9262133262727191820 0 099→↘자14.237.838.012.7 691                    0  0  018   15.30   12.60 9  3  2NLDN53.54411412-1.0 8.6 7.6363614-1최빈거리거리난점27관 0 7                            15.3    12.6        .0                      11 110 7  4                                            11.22047 0 3 4 0― -.138.00  .37     75.95 4.7211.7619.85 3 713 2.22 9.6317.47 7
20260809일 5130010국552 7104 1 3강 3351흐림건조 2 6 7내맘의열정      ADMIRE MDORODANS        호암 4 0 0 1 1  170      24750국5문병기선형조   0 11111 411 4 0 010  0김태희44153.561하무보 9 11 1127 6.042.020.81142 72552 92621 0172727152416      ↘→입14.237.938.912.8158039.137.6 82.5 82.7  0  0  010   14.20   14.70 5 -2 -1HHDN       1412-1.0 8.0 7.0313114-1일반주행거리속성48기 0 410    1010 9⑥1:22.5목    .615.337.512.6 -4  4  .00 610  1  .63196 5416311 210 93 5 1.03 3.07 3.5 7.9  3.5   11.0   23.5   13.511.21526 0 2 3 0― -.439.10  .25 5.8683.16 6.2413.0320.82 1 4 8 1.45 5.3310.7610
20260705일 6140011국552 7 54 2혼전 4451흐림건조 4 6 7내맘의열정      ADMIRE MDORODANS        호암 4 0 0 1 1   65      24750국5문병기선형조   0 21010 211 3 0 0 9  0김태희43754.061하무상33 25 2526 6.037.010.61142 72552 92621 0172727152416      ↘→입14.337.639.112.9 76537.540.3 89.5 89.8  0  0  022   14.30   13.50 4  4 -1NN동       1412-1.2 8.4 7.2282814 0일반주행부진저하27기 0 610    10 7 6⑧1:29.5코   2.114.240.414.7 -1  5  .00 8 9  1 2.5727075822511 4 8 90 4 4.01 4.01 2.6 4.7  7.9   12.0   32.7   12.6  .015 7-2 1 2-2▽-1.138.50  .1913.1189.07 1.28 4.6510.61 2 510 1.09 4.30 9.2210
20260607일 5140010국552 8104 3혼전 4451맑음양호 6 6 7내맘의열정      ADMIRE MDORODANS        호암 4 0 0 1 1   66      24750국5문병기선형조   0 3 9 9 111 2 0 0 8  0김태희43255.061하무보20 16 1618 6.041.017.01142 72552 92621 0172727152416      ↘→입14.337.539.512.9144538.338.4 90.9 89.5  0  0  013   14.00   13.30 5 -8  0HLUP       1412-1.0 8.8 7.8242412 1가는대로거리부담44기 1 2 7     9 8 7⑦1:30.94    1.814.339.013.5 -1  1  .00 7 8 -3 2.0589214482911 510100 3 1.02 7.06 2.7 6.2  2.7    6.2    9.8   20.9  .01511 0 2 3 0― -.438.50 -.1512.4589.28 4.57 9.9316.97 0 4 7 1.16 4.49 8.0410
20260503일 4130011국541 4 94 4혼전 4451비  다습10 6 7내맘의열정      ADMIRE MDORODANS        호암 4 0 0 1 1   87      24750국5문병기선형조   0 4 8 8 311 1 0 0 7  0김태희43155.061하무보18 17 17 9 7.039.012.71142 72552 92621 0172727152416      ↘→입14.237.939.312.9225337.739.7 82.8 83.9  0  0  0 0   14.40   13.00 6  7  3BLUP       1312 -.8 8.2 7.4222212 1일반주행거리속성55기 010 9     910 9⑨1:22.81¾  1.914.039.213.3 -2 -9  .00 911  6 2.0725562632611 810100 2 1.04 2.11 2.7 5.2  2.7    9.0   13.9   59.0  .01516-1 2 2-1▽ -.639.40  .23 6.7383.42 2.63 6.9312.66 1 3 7 2.15 5.0811.2111
20260322일 8120011외432 7 34 5 1강 1151맑음건조 5 6 7내맘의열정      ADMIRE MDORODANS        호암 4 0 0 2 1  108      33000혼4문병기선형조   0 5 7 7 411 1 0 0 6  0김효정44052.570하무상37 19 1921 7.035.013.91747 72552 9262119 02727202217      ↗→선13.737.739.512.6151337.938.3 76.9 76.2  0  0  017   14.10   13.20 3 -5  1HN동       1312-1.0 8.8 7.8161610 0부중유리거리난점33기 0 3 7     6 6 9⑧1:16.9머리 1.314.438.613.0  3  8  .00 8 5 -2 2.55480325442 610 7 82 1 1.1011.05 1.6 3.1  1.6   56.7   59.2  192.9  .03118-3 2 1-3▼-1.137.90 -.24-1.0476.73 1.62 6.1313.90 2 613 1.94 5.0310.43 9
20260302월 8120010외421 8 24 6 2강 2259비  다습11 6 7내맘의열정      ADMIRE MDORODANS        호암 4 0 0 1 1   45      33000혼4문병기선형조   0 6 6 6 311 1 0 0 5  0김태희43252.062하무상17  2  211 4.032.012.51142 72552 92621 0172727152416      ↘→입13.737.839.112.6121937.638.3 75.9 75.9  0  0  020   14.20   14.60 5  5 -1NHDN       1312 -.4 9.0 8.6141410-1최빈거리거리난점56기 0 8 7     7 5 5③1:15.98    1.314.138.213.2 -4  2  .00 3 7 -4 1.64271324642 5 4 7 70 1 2.01 3.06 1.5 2.0  3.9    2.0    5.8   20.8  .01114-1 1 1-1▽-1.137.70 -.04-1.0476.56 1.22 5.2412.53 2 613  .90 2.91 6.12 8
20260125일 6130011외433 1 84 7 2강 2251맑음건조 3 6 7내맘의열정      ADMIRE MDORODANS        호암 4 0 0 2 1   68      33000혼4문병기선형조   0 7 5 5 211 3 0 0 4  0이용호43052.563하무보 5  1  1 1 3.034.0 7.91652 72552 9262133262727191820      →↘자13.738.039.512.6171737.840.4 83.2 84.0  0  0  025   14.00   14.90 2 -2  0HH동       1312  .0 8.5 8.5161610 0탄력저조거리속성 5기 0 3 7     7 6 7⑨1:23.25    3.414.240.014.6 -2-20  .00 911  1 3.674628183 6 9 810100 3 4.06 1.06 2.5 4.9 11.9   40.3  131.2   45.7  .012 3-4 1 4-4▼-1.639.30  .18 6.4583.61  .97 1.92 7.92 1 4 8  .12 1.82 3.9011
20260111일 9130011외454 4104 8혼전 4441맑음양호 6 6 7내맘의열정      ADMIRE MDORODANS        호암 4 0 0 2 1   2317:25 33000혼4문병기선형조   0 8 4 4 111 2 0 0 3  0이용호45052.563하무보13  1  1 7 8.035.0 9.21652 72552 9262133262727191820      →↘자13.737.939.612.6212738.241.3 85.3 86.2  0  0  033   14.40   13.8014 -2 -2NHUP       1312  .0 8.0 8.0191910 1마방기습거리속성63기 0 5 7     9 910⑩1:25.34    3.514.041.114.9  0 14  .001010  2 4.197789295 710 911110 2 2.07 1.07     5.9  5.0   30.8   62.4   85.8  .03213-3 2 2-3▼-1.339.90  .15 8.6783.61 1.66 4.53 9.24 1 4 8 1.96 4.81 9.3811
20251003금 2120010외440 4 94 9혼전 4455흐림다습11 6 7내맘의열정      ADMIRE MDORODANS        호암 3 0 0 1 2  28413:40 41250혼4문병기(주)나스-1 9 3 3 211 1 0 0 2  0이용호43654.562하무보 8  1  11018.037.016.11267 0285511263933372727191820      ↗→자13.737.738.812.6103737.739.7 76.7 77.6  0  0  050   13.70   14.80 5 -3  1NN동       1210  .5 8.0 8.5212110 0마방습성마방기습17관 0 710     9 9 7⑦1:16.71¼  2.514.439.413.8 -1  3  .00 7 8  0 2.98673778316 9 8 1 80 1 7.03 8.02     5.5 28.4   37.5  124.0   39.5  .03319-3 4 3-3▽-1.138.30  .10 1.0876.34 2.50 7.8716.07 2 714 3.88 8.70 5.5610
20250830토 3120012외431 3 8410혼전 4439맑음불량20 6 7내맘의열정      ADMIRE MDORODANS        호암 3 0 0 9 2  345      41250혼4문병기(주)나스-110 2 2 111 2 0 0 1  0이혁  43354.079하무보25 12 124610.043.014.01335 4285511263939132727282118      ↘↗선15.138.438.312.6 19637.440.4 76.4 78.5  0  0  0 0   15.10   12.90 7  3  0LHUP       1210-1.0 8.0 7.0313110 2마방습성마방습성38기 110 9     91010⑩1:16.48    2.813.740.014.8  2  3  .0010 8  0 3.6945888891111 7 5 90 2 7.05 2.12 3.0 5.4 29.1  174.2  500.4  474.6  .03340-2 3 4-2▽ -.737.90  .04 1.7676.45 3.07 7.7313.97 2 510 2.40 5.58 4.3511
20250713일 11000 8외441 3 9411 3강 3335흐림건조 4 6 7내맘의열정      ADMIRE MDORODANS        호암 3     2 3  465      41250혼4문병기(주)나스-111 1 1 111 1 0 0 0  0이혁  43054.081평무보 8 35 3537  .042.017.2213210345914263939132727282118      ↗↘선15.738.938.012.9 13439.337.2 63.3 63.7              15.70   13.20 4  0  0LL동       10 0         7.0     0 0일반주행마방습성38트 1 7 7     7 7 7⑦1:03.3¾   1.715.137.012.9 -1  7  .00 7 8  0 2.27295207430 8 6 8 70 1 1.02 8.01 2.5 4.2  2.5    4.2    8.7   31.711.22636-3 4 4-3▽ -.836.30 -.47-13.263.81 3.54 8.5017.17 4111713.7525.5845.12 5
20261010토 6120011외4 2 7  2 0 3강 3353           6 8그레이고        닉스고  KENDALIN  647.00미암 3 0 0   1    015:15 24750국5박재우(주)디알 2 01010 3 9 1 0 0 9  0김태현   56.553하무하50 38 3814 9.037.014.7 950 42148 92324 0 02316191319      →↘선13.837.139.013.85725                    0  0 11 0   14.50   13.90 3  5  0LLDN       1413  .4 8.0 8.4383813-1마방연대부진저하33기 0 8                            14.5    13.9        .0                       5 81110  1                                              .03010 0 2 3 0― -.739.00  .35     76.12 3.28 8.1414.74 0 1 4 3.33 6.4211.3011
20260919토 6130011국522 4 72 1혼전 4451맑음건조 2 6 8그레이고        닉스고  KENDALIN  6     미암 3 0 0 9 1   47      24750국5박재우(주)디알 2 1 9 9 5 9 1 0 0 8  0마이아44356.593하입하10 11 116132.057.027.53555122148 9232449 023163533 7      ↘↗선13.837.039.513.8783038.139.8 83.4 84.0  0  0 13 0   13.70   15.10 8 -7  0HLDN       1413 -.6 8.2 7.6343413-1일반주행마방연대41기 0 3 8     7 710⑪1:23.41    1.514.539.413.9  4 14  .0011 7  1 2.57574647634 6 910 40 1 1.09 1.07 1.8 5.4  1.8   25.4   33.1  171.3  .02173-1 6 5-1▽  .240.30  .24 7.5482.97 8.0818.6327.52143047 3.1911.7617.48 8
20260725토 4140011국510 8 62 2 1강 1151맑음다습11 6 8그레이고        닉스고  KENDALIN  6     미암 3 0 0 9 1  149      24750국5박재우(주)디알 2 2 8 8 1 9 2 0 0 7  0서승운42956.586하입상50 43 433448.062.035.12137102148 92324 0132316272616      ↗→선13.937.339.513.8273036.342.3 90.4 90.7  0  0  0 0   13.60   13.80 6  5  0BLUP       1413-2.0 8.6 6.6363613 1일반주행거리부담50관 010 6     5 5 7⑨1:30.42    2.313.742.115.1  3  0  .00 9 6 -2 4.08810969120 8 4 7 50 2 1.03 3.08 2.0 6.7  2.0    7.5   10.1   87.412.03042 2 6 6 2― 1.239.00 -.5013.9289.1411.8523.2935.08 61829 6.2516.0625.74 5
20260614일 5130011국551 6102 3혼전 4451흐림건조 3 6 8그레이고        닉스고  KENDALIN  6     미암 3 0 0 2 1  106      24750국5박재우(주)디알 2 3 7 7 4 9 1 0 0 6  0서승운42956.586하무보17 17 172810.042.018.22137102148 92324 0132316272616      ↗→선14.137.839.313.7274137.339.1 82.7 82.8  0  0  0 0   13.80   13.90 7  0  6NL동       1313-1.8 8.6 6.8282813 0최빈거리거리난점21관 0 5 4     5 4 5⑤1:22.7목    .813.639.213.8 -3 -3  .00 5 8 -2 1.0373844345511 8 9 82 1 7.04 2.07 4.414.3 10.3   29.0   56.9   65.0  .01124-1 3 2-1▽ -.739.20  .15 5.7483.35 5.0711.1718.21 2 510 4.11 8.5913.53 8
20260425토 9130011외452 3102 4혼전 4451맑음건조 3 6 8그레이고        닉스고  KENDALIN  6     미암 3 0 0 9 1  133      41250혼4박재우(주)디알 2 4 6 6 3 9 1 0 0 5  0김태희43251.061하무보22 11 1120 5.031.0 6.51142 72148 92324 7 02316152416      ↘→입14.137.839.313.8274137.939.4 83.1 83.8  0  0  0 0   13.90   13.30 7  0 -2NHUP       1312-1.8 8.4 6.6242413 1일반주행보통주행35기 0 5 7     7 6 6⑧1:23.1목   1.413.839.313.9 -2 10  .00 810  1 1.4666452603810 811110 1 1.0311.06 4.0 8.3  4.0   13.0   27.4   84.2  .01511-2 1 1-2▽-1.539.40  .46 6.6783.35  .53 3.25 6.51 1 2 5 2.11 3.94 7.5211
20260307토 8120011외452 5102 5 1강 1151맑음포화15 6 8그레이고        닉스고  KENDALIN  647.00미암 3 0 0 2 1  140      33000혼4박재우(주)디알 2 5 5 5 2 9 1 0 0 4  0루이스42252.567하추상52 21 213311.043.015.62144102148 9232420252316192717      ↗↘입13.937.938.413.7106137.439.1 74.9 76.7  0  0  0 0   14.20   13.50 6 -2  0NNDN       1313-2.3 8.3 6.0202013-1일반주행부진마필59기 0 5 6     6 610⑨1:14.9머리 1.313.938.013.3  0 -4  .00 9 9  1 1.9686258634111 510 92 1 2.01 2.11 2.2 5.9  4.7    5.9   14.5   16.4  .01536 0 2 3 0― -.637.90  .21  .3576.23 3.68 8.8915.60 2 714 1.61 4.98 9.3510
20260125일 6130011외433 1 82 6 2강 2251맑음건조 3 6 8그레이고        닉스고  KENDALIN  6     미암 3 0 0 2 1   99      33000혼4박재우(주)디알 2 6 4 4 2 9 1 0 0 3  0조한별42652.560하추상16  3  33013.036.013.61327102148 9232422132316122118      ↗↘입13.937.739.413.9353038.438.8 82.2 82.8  0  0  0 0   13.90   13.70 4  4  2LN동       1310-2.7 8.3 5.7212110 0승부조율거리속성 5기 0 7 9     9 8 9⑦1:22.23    2.414.238.513.5 -1 -7  .00 7 8  0 2.63683356015 8 5 7 70 1 4.06 1.06 2.5 4.9 11.9   40.3  131.2   45.7  .03625-3 3 2-3▽-1.139.30  .26 5.6783.35 1.57 6.0613.63 31119 2.56 6.3611.69 8
20251228일 7130011외451 5 52 7 3강 3355맑음다습12 6 8그레이고        닉스고  KENDALIN  6     미암 2 0 0 9 1   6815:20 33000혼4박재우(주)디알 2 7 3 3 1 9 1 0 0 2  0권중석43351.066하무보24  3  330 8.035.019.41341 62148 9232413 02316191818      ↘→선14.238.239.012.5 87637.539.6 82.5 83.7  0  0  0 0   14.30   13.10 4 -2 -1HHUP       1310-2.0 8.5 6.5171710 1일반주행거리속성38기 0 3 7     8 8 5④1:22.51    1.713.939.313.7 -4 -8  .00 4 8  0 2.86949626029 7 2 6 63 1 2.01 2.01     4.6  4.0    4.6    9.3   19.511.21531 0 2 2 0― -.839.00  .07 6.4983.42 4.9310.9319.41 3 713 3.03 6.7112.50 6
20251129토 8120011외421 4 22 8혼전 4451흐림다습10 6 8그레이고        닉스고  KENDALIN  647.00미암 2 0 0 9 1   8116:05 33000혼4박재우(주)디알 2 8 2 2 1 9 2 0 0 1  0조인권44152.073하무보33 11 1127 8.032.0 9.61750 82148 92324 0222316242513      →→선14.238.038.512.5 97338.238.0 75.2 76.9  0  0  0 0   14.20   12.80 5  1 -2NHUP       1210-2.0 9.0 7.0212110 2일반주행부진마필42기 1 5 8     8 8 8⑥1:15.21    2.714.338.013.1 -2 -4  .00 6 8 -1 3.07289235513 9 3 9100 2 1.02 1.09     2.3  1.7    2.3    3.1    4.5  .01512 0 2 1 0― -.937.80  .27  .3776.34 2.08 4.82 9.57 1 3 7 1.96 5.0310.0010
20251025토 2100011외411 2 12 9 1강 1155맑음건조 5 6 8그레이고        닉스고  KENDALIN  647.00미암 2     9 1  197      41250혼4박재우(주)디알 2 9 1 1 1 9 1 0 0 0  0조인권44554.073평무보 5 25 25 8  .031.010.41750 82148 92324 0222316242513      →→선14.638.638.213.2 1 138.037.9 62.7 63.5              14.60   13.50 4  0  0NL동       10 0         7.0     0 0일반주행보통주행45기 1 4 7     7 8 9⑦1:02.71    2.114.237.512.8 -2  7  .00 7 9  0 2.1667343592110 910 90 1 3.02 7.01 1.4 3.0  5.8   14.1   21.9    3.3  .01515-2 2 2-2▽-1.236.60 -.22-13.363.76 1.35 4.7110.35 0 2 4 7.8016.3028.18 5
20261010토 6120011국5 2 7  7 0 3강 3353           6 9혜원용마        한센    퀸크릭캣 7225.00한암 5 0 0   1    015:15 24750국5서인석이혜섭   3 016 9 819 3 0 119  0김태희   51.562하자보50 42 422312.041.013.11142 71951 91815142019111524166733 0↘→입13.937.439.013.92641                    7  7 21 7   14.60   14.30 8  0  1LNDN54.04481413-1.4 8.2 6.8323214-1일반주행보통주행56기 0 9                            14.6    14.3        .0                       810 911  7                                              .01512-3 2 2-3▽ -.839.00  .24     76.28 2.64 6.4913.10 0 2 4 2.22 9.6317.47 8
20260817월 41300 9국522 6 27 1 2강 2254흐림다습13 6 9혜원용마        한센    퀸크릭캣 5730.00한암 5 0 0 2 1  141      24750국5서인석이혜섭   3 115 8 919 2 0 118  0김태희45851.061하자보15 15 1520 6.041.022.91142 71951 91815142019111524166733 0↘→입13.837.539.513.8344137.640.4 83.9 84.4  8  8 23 8   14.00   13.80 6  4  0VU동54.04481413-1.2 8.6 7.4323213 0가는대로보통주행 5   0 9 7     5 6 7⑧1:23.91½  3.614.640.014.3  2 -9  .00 8 6 -4 4.481518080 8 7 6 6 42 6 1.02 4.05 1.8 1.2  1.8    1.2    2.0    3.6  .01324 0 2 3 0― -.439.90  .08 7.3783.29 5.3912.6522.85 61325 1.03 4.5511.84 6
20260705일 5130011국531 2 87 2 1강 1151흐림건조 4 6 9혜원용마        한센    퀸크릭캣 5730.00한암 5 0 0 1 1   86      24750국5서인석이혜섭   3 214 7 819 1 0 117  0김태희46751.061평선보55 59 593317.039.010.41142 71951 91815142019111524166733 0↘→입13.837.539.513.8394537.639.9 82.4 84.0  8 17 1717   14.00   13.20 5  0 -2NUDN54.04481412-1.2 7.6 6.4383813-1일반주행보통주행26기 0 5 9     8 911⑨1:22.41¾  1.814.039.313.8 -1  0  .00 910  4 1.97350676625 9 9 6100 5 1.02 2.10 1.9 5.0  1.9    5.0    7.0    7.5  .01524-1 3 2-1▽ -.939.80  .43 7.0383.29 2.54 5.4310.43 2 510 1.53 7.2014.66 7
20260530토 6140011국514 8 67 3혼전 4451맑음양호 7 6 9혜원용마        한센    퀸크릭캣 5730.00한암 5 0 0 9 1   95      24750국5서인석이혜섭   3 313 6 319 1 0 116  0김용근46752.584기도적29 27 273719.047.025.72651131951 9181516 019113027146733 0→↘선13.737.139.513.7324937.440.3 90.5 89.6  9 18 4518   14.90   13.70 5 -6  2NN동54.04481412-1.0 6.8 5.8424214 0숨은복병기복전력60트 0 510    1110 7⑥1:30.5목   1.214.240.814.7  0  4  .00 6 6 -3 1.5626375794510 3 8 33 5 2.04 9.07 2.3 7.6  5.8   25.2   40.5   33.3  .01943 0 4 5 0― -.138.90 -.1412.9989.00 6.2815.7625.72 92133 8.2017.2730.26 4
20260425토 7140011국534 8 87 4혼전 4451맑음건조 3 6 9혜원용마        한센    퀸크릭캣 5730.00한암 5 0 0 9 1   95      24750국5서인석이혜섭   3 412 5 219 1 0 115  0김태희46351.061기선적22 31 315024.044.022.11142 71951 91815142019111524166733 0↘→입13.736.639.913.7752538.738.4 89.9 89.2 10 10 5010   13.70   14.00 7  7 -2VUUP54.04481412 -.8 6.4 5.6515113 1숨은탄력기복전력34기 01110    1010 8⑤1:29.92    1.614.938.913.7 -4  4  .00 5 9 -1 1.65497156534 3 9 9 73 4 1.03 3.05 2.5 3.9  2.5    6.2   10.0   11.7  .01757 0 4 4 0― -.239.40  .0312.7388.93 5.2013.3822.05 1 3 7 5.9512.1520.91 7
20260307토 5130011국532 6 87 5혼전 4451맑음포화15 6 9혜원용마        한센    퀸크릭캣 5730.00한암 5 0 0 2 1  143      24750국5서인석이혜섭   3 511 4 719 1 0 114  0김아현45952.558기선적13 12 1253 7.035.0 9.3 867 01951 91815 0 019111519136733 0→↗입13.836.939.313.4846136.940.5 82.0 83.8 11 11 33 0   13.80   15.70 9 -2  0HHUP54.04481412  .6 5.4 6.0414113 1일반주행기복전력58기 0 4 4     4 4 5⑥1:22.01¼   .913.739.714.0 -4  5  .00 610  2 1.06818836753 5 711112 1 2.04 7.11 3.0 4.8  3.1   17.8   23.7   51.2  .01527-2 2 2-2▽-1.240.30  .95 7.6082.78 1.31 4.27 9.28 1 2 5 2.35 5.5212.5011
20260104일 5120011국544 8 97 6혼전 4451맑음다습12 6 9혜원용마        한센    퀸크릭캣 7225.00한암 5 0 0 1 1  163      24750국5서인석이혜섭   3 610 3 719 1 0 113  0김용근45452.586평선하25 25 257719.048.026.82651131951 9181516 019113027146733 0→↘선13.836.838.713.4776537.442.2 79.4 79.5 13 13 38 0   13.60   16.40 7 -4  1NNDN54.04481412 -.4 4.8 4.4545412-2숨은복병작전마주 5기 0 6 8     8 911⑪1:19.46    4.213.842.715.7  3  2  .0011 8  3 4.898609898 7 3 3 7 70 4 3.02 4.08 2.7 5.9  4.8   10.6   21.5   33.4  .02063 0 4 4 0―  .039.80  .34 3.9875.78 7.5216.8926.84 3 716 6.6714.3725.46 6
20251116일 4140011국531 8 87 7혼전 4451맑음건조 3 6 9혜원용마        한센    퀸크릭캣 5730.00한암 4 0 0 2 1  14012:45 24750국5서인석이혜섭   3 7 9 2 119 1 0 112  0김태희45252.061기선하57 57 576652.055.030.91142 71951 91815142019111524166733 0↘→입13.836.639.713.5784535.843.5 92.2 91.5 13 25 3813   13.60   13.40 7 -1  0LUUP54.04481412-1.2 5.2 4.0595913 1숨은복병기복전력87기 210 1     1 1 6⑪1:32.22½  3.113.643.716.4  6-11  .0111 5  0 3.395 2999612 110 4 51 3 1.03 6.09     5.0  2.0    5.3    7.5   14.312.73168 2 6 7 2―  .439.90 -.0915.2088.80 8.9919.7430.93 5122211.4623.4732.11 4
20250927토 5130010국542 3 97 8 1강 1151맑음다습11 6 9혜원용마        한센    퀸크릭캣 5730.00한암 4 0 0 9 2  259      24750국5서인석이혜섭   3 8 8 1 619 1 0 111  0조재로46352.087기선보52 42 427562.057.031.22341 71322 51815252319111926225050 0→↗입13.836.839.513.5885337.039.4 81.9 82.8 14 29 2914   13.90   13.30 8  6 -3BUUP55.04411312 -.4 5.6 5.2484812 1주행고전기복전력40기 011 2     2 3 3④1:21.91     .713.639.113.4 -1 12  .00 4 5  3  .83619543057 1 8 6 51 5 2.03 1.03 2.4 4.6  4.3    9.1   18.1   41.8  .03785 1 7 7 1△  .540.20  .28 6.5482.84 9.0619.3831.21 81728 8.5916.9530.00 5
20250803일 2120011국613 8 67 9 2강 2251흐림건조 3 6 9혜원용마        한센    퀸크릭캣 7225.00한암 4 0 0 1 3  401      16500국6서인석이혜섭   3 9 711 619 2 0 110  0김용근45155.086기선적48 69 697875.066.047.4183110184210181516 019113027145050 0↘↗선13.836.739.514.0843037.437.8 76.6 74.6 17 17 33 0   14.50   14.00 4 -2  0NNDN55.04411313  .2 5.6 5.8404013-1편성만만기복전력44기 0 5 5     6 8 4③1:16.63     .613.938.913.3  1  4  .00 3 2 -5  .7 658162063 4 7 3 33 3 7.04 6.09 2.1 7.3 15.0   40.2   37.6   56.2  .02965 0 7 6 0― 1.038.40 -.63-1.6076.1716.2231.6447.3912264115.5226.8419.21 2
20250705토 2130011국652 610710혼전 4451맑음건조 3 6 9혜원용마        한센    퀸크릭캣 5730.00한암 4 0 0 1 3  49311:30 16500국6서인석이혜섭   310 610 519 1 0 1 9  0김용근44755.086기선적23 22 226920.050.019.8183110184210181516 0191130271499 0 0↘↗선13.636.840.213.7911937.439.3 83.0 82.9 20 20 40 0   14.70   15.40 6 -3  0NNUP55.04341313 -.5 5.8 5.3494913 1교체실패기복전력72기 0 710     6 4 2④1:23.01     .314.539.414.0 -3 -1  .00 4 7  2  .43841524471 3 9 8 72 2 5.02 1.03     7.1 10.2   15.4   41.9   20.013.22053 0 4 4 0― -.140.20  .15 5.9083.29 4.5011.5419.79 41117 3.13 8.9113.11 9
20250525일 1120011국633 4 8711 1강 1157맑음다습10 6 9혜원용마        한센    퀸크릭캣 7225.00한암 4 0 0 2 4  60410:35 16500국6서인석이혜섭   311 5 9 519 1 0 1 8  0정정희44855.073기선적25 26 266614.043.024.21640 4214411181516 0191120251599 0 0↗↘입13.636.739.313.7802237.839.9 78.6 77.4 20 20 40 0   13.50   16.10 4  7  0BN동55.04341313  .0 6.0 6.0434313 0일반주행마번불리48트 01011     9 8 7⑨1:18.61½  2.814.740.815.4  4  5  .09 9 5  3 4.18377818711 3 3 4 50 2 1.02 1.02     3.4  2.2    3.4    5.6   12.5  .01538 0 3 3 0― -.339.30  .15 1.4076.06 5.2313.0624.20 61829 2.68 6.57 7.50 7
20250427일 1120010국611 9 1712 1강 1159맑음양호 7 6 9혜원용마        한센    퀸크릭캣 7225.00한암 4 0 0 9 4  68810:35 16500국6서인석이혜섭   312 4 8 419 1 0 1 7  0조재로44355.084기선적 9  7  77532.048.036.829631121441118152523191119262299 0 0↗↘입13.636.739.313.781 535.842.1 79.1 77.2 20 20 40 0   13.60   16.70 5 -3  1HNDN55.04341313 2.5 5.5 8.0222213-1일반주행작전마주 1트 0 3 2     3 3 3⑤1:19.14    2.813.543.016.1  3-11  .05 5 2 -3 2.878 1988915 4 3 7 32 4 4.05 9.01     2.8 13.3   37.9   86.6   82.7  .02056-1 5 3-1▽  .039.20 -.23 1.1676.06 9.0723.2936.83122741 4.3517.0214.92 5
20250323일 2130010국653 610713 3강 3354맑음건조 4 6 9혜원용마        한센    퀸크릭캣 5730.00한암 4 0 0 2 4  79211:00 16500국6서인석이혜섭   313 3 7 419 1 0 1 6  0김용근45454.587평선상43 52 527570.066.054.12656 7214411181516 0191130271499 0 0↗↘선13.636.840.313.790 936.243.7 87.1 86.6 25 25 25 0   13.80   14.80 6  5  0NH동55.04341312  .0 7.0 7.0353513 0부중유리최적거리 1기 0 6 2     1 1 8⑧1:27.110   3.613.644.716.7  3  6  .00 8 5  0 4.498 29997 7 110 3 31 1 2.04 2.05     6.1  3.8   12.5   27.7   21.3  .03186 1 7 6 1△ 1.141.10 -.85 9.5183.3518.8837.1954.0612264113.0426.9119.00 3
20250209일 2130011국651 610714 2강 2259맑음건조 4 6 9혜원용마        한센    퀸크릭캣 5730.00한암 4 0 0 1 5  92011:00 16500국6서인석이혜섭   314 2 6 319 3 0 1 5  0조재로44854.586기선적11 35 3582  .058.028.01741 91946 818152523191119262299 0 0↘↗입13.536.839.813.792 436.939.9 83.8 83.5 33 33  0 0   13.60   16.2012 -3 -1UH동55.04341312        10.0    13 0전개최상기복전력 1기 1 1 1     1 1 2③1:23.82½   .513.840.914.8 -2 18  .00 3 5  2 1.25818704764 2 5 7 41 3 1.1011.04     9.6  3.4   61.2   78.8  179.313.23459 0 6 5 0―  .540.40  .18 6.8683.03 7.4216.5027.98 9213310.2819.5637.90 3
20241117일 2130010국651 5 5715 3강 3358흐림양호 7 6 9혜원용마        한센    퀸크릭캣 5730.00한암 3 0 0 2 6 116211:00 16500국6서인석이혜섭   315 1 5 219 2 0 1 4  0조재로43055.087기선적60 35 3592  .063.056.831412225521218152523191119262299 0 0↘↘입13.536.939.213.7789136.543.3 87.8 86.9 33 33  0 0   13.50   14.00 4 -4  0UN동55.04341312         2.0    13 0일반주행전개최상 1기 0 4 1     1 410⑩1:27.87    4.713.644.316.2  7 -4  .0910 3 -4 5.198 59996 3 2 3 8 30 2 1.04 6.03     4.0  2.0    6.7   11.2    6.612.24164 0 6 6 0―  .741.10 -.3110.8182.7120.2640.3656.8318405416.6733.0892.73 3
20261010토 6120011국5 2 7  6 0 3강 3353           610스마트마루      레볼루셔용마루   2129.00한암 4 0 0   1    015:15 24750국5박재우박정재   2 01611 916 8 2 016  0정정희   54.580평입상50 47 473714.047.020.12044102148 9231317112316202515 05050→→입14.037.239.014.04941                   13  0  6 0   14.50   14.30 3  7  2BNDN54.34361712-1.2 8.8 7.6454517-5일반주행보통주행48기 010                            14.5    14.3        .0                       7 9 8 6  9                                              .01520 0 4 4 0― -.239.00  .15     76.17 3.9011.1620.06 31119 3.33 7.4914.3810
20260919토 7170011국552 4106 1혼전 4451맑음건조 2 610스마트마루      레볼루셔용마루   4734.00한암 4 0 0 9 1   46      24750국5박재우박정재   2 11510 116 7 2 015  0정정희43953.080평입보62 48 481020.048.021.32044102148 9231317112316202515 05050→→입13.939.541.614.0653039.341.6113.2113.4 13  0  7 0   14.20   13.60 2 -1 -2HHUP54.34361712 -.2 7.4 7.2484814 4일반주행거리속성 5기 0 3 4 4 4 4 4 4⑥1:53.22½  1.314.541.214.3 -5  5  .00 611  4 1.64727645041 810 9 62 8 7.01 7.09 1.9 5.4 15.6   10.6   33.9   26.4  .01526 0 4 5 0― -.241.60  .0332.26113.8 4.4612.1021.33 51222 3.7510.5317.45 8
20260906일 6130010국542 5 96 2혼전 4451맑음양호 6 610스마트마루      레볼루셔용마루   4734.00한암 4 0 0 1 1   26      24750국5박재우박정재   2 214 9 516 6 2 014  0정정희43455.080평입상46 55 553030.052.028.52044102148 9231317112316202515 05050→→입13.937.239.513.9634137.539.1 82.7 82.7 14 14  7 0   14.10   13.40 4  2  1VN동54.34361412-2.0 7.6 5.6585814 0일반주행거리속성33기 0 4 6     4 710⑨1:22.71¾  1.514.239.113.6  2 -4  .00 9 7 -4 1.63547423836 5 7 4 60 7 2.03 6.05 2.1 4.0  4.5    9.1   18.5   49.213.42034 0 5 5 0―  .239.80  .10 6.0483.10 8.8518.9528.50 51222 7.8118.7929.51 5
20260808토 4130011국551 8 56 3혼전 4451맑음건조 2 610스마트마루      레볼루셔용마루   4734.00한암 4 0 0 1 1   88      24750국5박재우박정재   2 313 8 416 5 2 013  0정정희43854.580평입하18 21 212322.052.023.02044102148 9231317112316202515 06733→→입13.937.239.814.0632737.738.9 82.2 82.7 15 15  8 0   14.00   13.90 5 -7  1HNUP54.24361412 -.6 7.2 6.6484814 1숨은복병거리속성63기 0 2 8     8 9 7⑤1:22.2½    .314.138.613.4 -6  1  .00 511  4  .33259384273 81011 63 6 1.02 6.03 3.3 4.8  3.3    4.8    8.1   14.413.42140 1 5 5 1―  .239.80  .08 5.6683.29 6.8315.0823.03 51222 3.7411.7118.02 9
20260704토 4120011국542 4 46 4 1강 1151흐림건조 5 610스마트마루      레볼루셔용마루   2129.00한암 4 0 0 1 1   77      24750국5박재우박정재   2 412 7 816 4 2 012  0정정희43753.580평입하37 39 3927 6.042.021.32044102148 9231317112316202515 06733→→입13.937.239.314.0482237.539.2 76.2 76.7 17 17  8 0   14.00   14.30 4  3 -2LHDN54.24361412-1.0 7.4 6.4494913-1일반주행조교부실24관 0 9 6     6 6 8⑧1:16.2코   1.614.039.013.9  1 -3  .00 8 7 -1 2.36962646831 8 9 7 82 5 1.02 1.02 2.5 3.9  2.5    3.9    7.0   49.9  .01516 0 2 2 0― -.338.60 -.05  .2176.34 4.7511.5521.27 2 511  .88 3.59 8.2310
20260606토 4130011국511 4 66 5혼전 4452맑음양호 7 610스마트마루      레볼루셔용마루   4734.00한암 4 0 0 1 1   77      24750국5박재우박정재   2 511 6 316 3 2 011  0정정희44055.580평입보24 33 332022.052.024.12044102148 9231317112316202515 06733→→입13.937.239.814.0622737.739.9 84.2 83.7 18 18 18 0   13.90   14.50 5 -3 -1NNDN54.24361412-1.6 7.2 5.6444414-1숨은복병거리속성61기 0 6 5     6 7 9⑩1:24.22    1.314.040.314.3  2  2  .0010 8  4 1.56354676740 611 7 70 4 3.02 5.02 2.0 6.6  7.3   14.1   30.8  276.513.41929 0 5 7 0―  .140.00  .05 6.7083.29 6.3914.9824.14 41117 5.3315.2923.08 8
20260502토 4140011국532 9 86 6혼전 4451흐림건조 3 610스마트마루      레볼루셔용마루   4734.00한암 4 0 0 1 1   97      24750국5박재우박정재   2 610 5 216 2 2 010  0정정희43856.080평입상53 60 604254.063.043.02044102148 9231317112316202515 06733→→입13.937.040.114.0511337.040.2 91.1 89.6 20 20 20 0   14.00   13.80 5  8  4LUUP54.24361412-3.2 8.2 5.0525214 2일반주행최적거리 5관 0 9 7     7 8 6④1:31.11¾   .813.940.914.5  0  3  .00 4 4 -4 1.16541716760 510 3 33 3 1.07 6.10 2.5 3.8  2.5   32.9   45.3   96.312.73157 2 7 8 2▲ 1.039.10 -.9012.5089.3416.0430.0542.96122641 9.5925.8142.86 4
20260329일 4120010국544 8 96 7 1강 1152맑음건조 3 610스마트마루      레볼루셔용마루   2129.00한암 4 0 0 9 1   91      24750국5박재우박정재   2 7 9 4 716 1 1 0 9  0정정희43552.580평입하26 25 253914.047.027.62044102148 9231317112316202515 099 0→→입13.937.339.314.0412537.338.8 76.4 75.9 11 22 11 0   14.60   13.50 8 -7  0UH동55.04361412-1.2 8.2 7.0383814 0일반주행보통주행40관 0 1 6     7 7 4①1:16.4코    .014.039.013.8 -7 20  .00 1 8 -1  .04252515079 7 9 5 33 2 8.02 1.04 1.9 4.6 25.0   55.4  191.0   23.6  .01753 0 3 5 0―  .038.20 -.30 -.7576.39 7.2117.2127.63122741 4.55 9.7218.03 6
20260201일 5120010국554 6106 8혼전 4451맑음건조 2 610스마트마루      레볼루셔용마루   2129.00한암 4 0 0 1 1  142      24750국5박재우박정재   2 8 8 3 616 2 1 0 8  0김태희41552.562평입보53 47 472811.042.016.01142 72148 92313 7 02316152416 099 0↘→입13.937.239.214.0503037.739.2 76.5 76.8 13  0 13 0   14.00   13.90 5  1 -1NHDN55.04361412-2.8 8.6 5.8474714-2일반주행보통주행 5기 0 8 9     8 810⑩1:16.52    1.914.638.913.5  1-12  .0010 9  1 2.07275617227 510 6 90 2 1.02 1.03 3.4 6.9  3.4    6.9   11.7   20.6  .01522 0 3 3 0― -.438.60  .15  .4276.28 3.66 8.9616.00 1 3 7 2.41 6.7012.7210
20251228일 5140011국531 6 36 9 3강 3351맑음다습12 610스마트마루      레볼루셔용마루   4734.00한암 3 0 0 9 1   9113:35 24750국5박재우박정재   2 9 7 2 116 1 1 0 7  0김태희42753.061기입보25 19 1923 6.034.010.71142 72148 92313 7 02316152416 099 0↘→입13.836.940.114.1541536.739.9 89.1 88.8 14 29 14 0   14.60   13.50 3 -1  1NNUP55.04361412-1.6 7.8 6.2414113 2일반주행기복전력38기 0 7 4     4 4 6⑦1:29.12    1.514.040.113.9 -1  3  .00 7 8  1 1.84530655437 41010102 1 5.04 1.04     2.4 16.7   71.1  180.8   27.2  .01519 0 2 2 0―-1.239.00  .0011.7789.28 1.38 4.7910.74 1 4 8 1.00 4.21 9.7110
20251206토 6120011국544 4 9610 2강 2251흐림양호 9 610스마트마루      레볼루셔용마루   2129.00한암 3 0 0 1 1   6114:25 24750국5박재우박정재   210 6 1 516 4 1 0 6  0조한별42452.062기입적68 76 764629.053.025.71327102148 9231322 02316122118 099 0↗↘입13.837.039.314.0652538.738.0 76.4 76.6 17 33 33 0   13.60   13.50 9  6 -3NUDN55.04361312-1.6 8.4 6.8454513-1착차만회기복전력67기 1 8 8     8 8 8⑥1:16.41    2.214.638.513.5 -1-14  .00 6 7 -2 2.56596226719 710 5 50 4 1.02 5.03     4.0  3.1    4.0    6.5    3.7  .02541 0 5 6 0―  .138.70 -.08  .2976.23 5.8615.0325.71 81728 3.94 9.6118.27 5
20251004토 2130011국640 8 9611혼전 4452맑음다습10 610스마트마루      레볼루셔용마루   4734.00한암 3 0 0 1 2  230      16500국6박재우박정재   211 5 6 216 3 0 0 5  0조한별43855.060하입적 5  5  5 511.044.020.0 833 41656 5231322 02316122118 099 0↗↗입14.037.440.114.4561536.839.1 82.6 82.4  0 20 20 0   13.80   14.50 4 -9  0HU동55.04341312 -.2 8.6 8.4282812 0가는대로거리속성51기 0 2 3     3 3 2①1:22.62½  -.413.639.513.5 -8  8  .00 1 9  1  .02114461994 5 7 9 52 3 9.08 2.11 1.8 4.4 50.3  785.4 2295.6 1471.913.41731 0 3 5 0― -.439.50 -.15 4.9283.61 4.5211.1520.03 81728 2.78 8.0011.21 7
20250906토 2130011국621 3 7612 3강 3351맑음다습13 610스마트마루      레볼루셔용마루   4734.00한암 3 0 0 1 2  325      16500국6박재우박정재   212 4 5 116 2 0 0 4  0조한별43055.060하입적77 66 662346.057.033.1 833 41656 5231322 02316122118 099 0↗↗입14.037.340.114.4621737.741.2 84.0 85.2  0 25 25 0   14.00   13.90 5  2  0VUUP55.04341312-1.0 8.8 7.8333312 1일반주행거리속성27기 011 8     9 911⑪1:24.0머리 2.813.840.914.5  3 -4  .0011 8 -3 3.29154919110 710 3 40 2 4.06 1.04 2.3 2.9  7.7   88.7  149.0   80.312.11543 0 5 6 0―  .440.30 -.45 7.7983.55 9.8221.4533.05 9223511.6322.3521.28 5
20250802토 2120011국611 8 1613 1강 1159맑음건조 3 610스마트마루      레볼루셔용마루   2129.00한암 3 0 0 1 3  41011:05 16500국6박재우박정재   213 3 4 416 1 0 0 3  0조한별43455.065하입하 8  7  719 8.034.017.51160 71228 3231322 02316122118      →↗입14.037.339.515.249 337.138.4 77.0 75.2  0  0 33 0   13.90   15.50 4  7  0BH동       1212 1.0 8.0 9.0191912 0일반주행부진마필33기 0 9 8     6 5 2④1:17.01½   .314.039.513.9 -7  5  .00 411  7  .71943363071 4 6 7 62 1 1.04 3.05     2.7  1.4    6.3    8.1    6.1  .01511-2 2 2-2▽-1.038.00 -.10-1.5776.51 3.04 8.7817.49 51221 2.11 5.38 6.96 9
20250706일 1120011국621 6 7614혼전 4459맑음건조 3 610스마트마루      레볼루셔용마루   2129.00한암 3 0 0 1 3  48510:35 16500국6박재우박정재   214 2 3 316 1 0 0 2  0이혁  42955.081하무보20 27 2730 6.035.013.62132101228 32313 6 02316282118      ↗↘선14.037.239.813.653 637.241.6 79.3 78.7  0  0 50 0   14.00   14.40 2 -9  0HH동       1212-1.010.0 9.0272712 0최빈거리거리난점77기 1 2 4     6 6 7⑨1:19.31¼  4.213.942.415.5  5-21  .00 9 4 -6 4.995469695 5 8 7 5 72 1 1.07 3.07     2.4  2.1   18.3   27.2   10.5  .01230 0 2 1 0▽-1.139.20 -.13 1.6876.62 1.74 6.1313.56 41117 1.08 4.08 3.4011
20250622일 1120011국640 8 9615 1강 1153맑음포화15 610스마트마루      레볼루셔용마루   2129.00한암 3 0 0 2 3  52510:35 16500국6박재우김태성  9915 1 2 216 1 0 0 1  0코지  45055.092하무보14 10 1011 6.031.0 8.82541 51228 3232523 02316233018      ↘↗입14.137.839.813.617 836.640.4 77.2 76.9  0  0  0 0   14.10   13.9011 10  0NH동       1212-1.010.0 9.0131312 0최빈거리거리난점29관 011 6     3 4 6⑨1:17.22½  1.314.040.314.4 -1 33  .00 910  0 2.07418887741 7 910100 1 2.06 6.02     6.9  3.7   21.0   29.9   68.9  .0 922-4 2 1-4▼-1.638.00 -.32 -.6676.95 1.23 2.22 8.80 2 714 1.39 5.1011.0210
20261010토 6120011국5 2 7  8 0 3강 3353           611온누리빛        다이나믹뷰티풀진  541.00한암 3 0 0   1    015:15 24750국5안병기이경헌   0 010 4 6 9 1 0 1 9  0김효정   52.570기입보50 49 493124.042.015.71747 72254 9181018 01810202217 099 0↗→선13.737.039.413.76019                   14 29 2914   14.00   14.30 4  6  0VUDN55.04311412 -.2 5.6 5.4484812-1일반주행기복전력38기 011                            14.0    14.3        .0                       411 6 9  1                                              .01535 0 3 2 0― -.539.40  .15     76.28 3.36 8.4915.68 1 4 8 5.5611.7620.55 6
20260913일 5130011국554 2108 1혼전 4441맑음건조 3 611온누리빛        다이나믹뷰티풀진 5128.00한암 3 0 0 2 1   59      24750국5안병기이경헌   0 1 9 3 3 9 1 0 1 8  0정정희42852.580기입상26 41 413619.041.010.12044102254 9181017 01810202515 099 0→→입13.737.039.813.7753037.740.3 83.6 84.6 17 33 3317   13.70   13.60 4 -4 -1NU동55.04311412-1.0 5.0 4.0616112 0선입실패기복전력54기 0 5 8     7 810⑩1:23.67    2.814.040.114.3  1  0  .0010 9  2 2.98554777811 7 911110 1 5.06 3.07 2.3 7.2 11.1   30.6   63.7   28.213.23057-3 3 3-3▽ -.940.40  .55 7.7983.16 2.19 5.1010.07 2 714 4.6710.4819.13 8
20260816일 3130010국523 7 78 2 2강 2251흐림다습13 611온누리빛        다이나믹뷰티풀진 5128.00한암 3 0 0 2 1   79      24750국5안병기이경헌   0 2 8 2 2 9 3 0 1 7  0루이스42853.564기입보15 19 1961 4.035.010.52144102254 91810 8 01810192717 099 0↗↘입13.636.739.813.7943437.339.8 82.6 83.4 20 60 4020   13.30   15.70 5  0  1LNDN55.04311412-1.6 5.4 3.8545412-1일반주행기복전력 5   0 9 7     6 6 6⑥1:22.6½    .813.739.513.6 -1 -2  .00 6 7  1 1.25835675758 1 8 8 92 3 5.02 1.04 2.1 4.5 12.6   17.0   46.2   42.9  .01531-2 2 1-2▽-1.240.50  .74 6.8882.97 1.31 4.6010.46 2 714  .85 2.78 6.89 8
20260712일 41400 9국510 8 68 3 1강 1151맑음다습12 611온누리빛        다이나믹뷰티풀진 5128.00한암 3 0 0 2 1   67      24750국5안병기이경헌   0 3 7 1 1 9 2 0 1 6  0루이스43053.064우입상88 88 886967.049.026.82144102254 91810 8 01810192717 099 0↗↘입13.736.840.013.8662535.443.4 90.2 90.3 25 75 25 0   13.70   14.10 7  7 -2VUUP55.04311412-2.0 5.3 3.3636312 2교체성공보통주행80기 1 9 2     1 1 5⑥1:30.29    2.513.343.015.7  0 -1  .00 6 6  2 3.583 0989318 4 8 1 61 2 8.05 4.08 1.5 3.9 24.7  163.6  523.5  334.1  .03055 0 6 5 0―  .139.40 -.3013.5489.14 6.8816.4526.78 4122114.8925.2639.58 3
20260523토 1120011국611 9 68 4 3강 3359흐림다습13 611온누리빛        다이나믹뷰티풀진  541.00한암 3 0 0 2 1  140      16500국6안병기이경헌   0 4 6 6 5 9 1 0 0 5  0루이스43155.067기입적46 45 454640.056.060.52144102254 91810 8 01810192717      ↗↘입13.737.239.013.7514536.539.4 76.3 75.1  0 67  0 0   13.80   14.60 5 -2  4HN동       1312-2.0 5.7 3.7565612 0일반주행기복전력27관 0 2 4     3 4 4②1:16.31¼   .013.739.614.1 -2  2  .00 2 4  1  .21512674084 4 5 1 22 1 2.04 3.02 1.4 3.8  7.5   15.7   39.6    7.0  .01550 0 6 4 0―  .338.10-1.00-1.0976.1724.5447.1860.48183753 5.5615.0913.79 8
20260419일 1120011국612 7 18 5혼전 4451맑음건조 4 611온누리빛        다이나믹뷰티풀진  541.00한암 3 0 0 2 1   91      16500국6안병기이경헌   0 5 5 5 4 9 1 0 0 4  0조성환42951.054기입적51 63 633416.038.016.5 718 62254 91810 0 01810 91720      ↘→추13.737.139.113.8603736.440.4 77.2 76.7  0 67  0 0   13.40   14.50 4 -6 -4HHDN       1312-3.5 7.5 4.0494912-1선행무리기복전력71기 1 4 3     3 2 4⑤1:17.2½   2.313.840.514.6  2 -3  .05 5 3 -1 2.66812877220 6 4 2 52 1 4.01 2.06 1.4 3.4 11.5    8.1   29.0    9.4  .01320-3 3 1-3▼-1.138.70  .26  .4676.17 2.34 7.6616.47 81728 4.9411.4311.09 8
20260322일 1130011국651 8108 6 1강 1151맑음건조 5 611온누리빛        다이나믹뷰티풀진 5128.00한암 3 0 0 2 1   73      16500국6안병기이경헌   0 6 4 4 1 9 4 0 0 3  0오수철43254.564기입적67 75 754061.052.030.2 733 52254 91810 9 01810112115      ↘↗입13.737.139.713.7683736.740.2 84.0 83.2  0 67  0 0   13.80   13.80 5  1  1LNUP       1312-3.5 7.5 4.0494912 1부중유리기복전력40기 010 2     2 2 4⑧1:24.0½    .813.440.414.5  4  1  .01 8 4  2  .95210785257 5 4 2 41 4 6.0711.02 2.5 6.1 19.9  203.8  338.2 1445.2  .03126-2 5 2-2▽  .240.00  .00 6.4483.16 9.4721.0130.1810193411.4332.5035.74 2
20260214토 1120011국610 9 68 7 2강 2251맑음건조 3 611온누리빛        다이나믹뷰티풀진  541.00한암 3 0 0 2 1   94      16500국6안병기이경헌   0 7 3 3 3 9 3 0 0 2  0오수철43154.064기입적82 96 965969.062.045.3 733 52254 91810 9 01810112115      ↘↗입13.837.239.113.8534137.238.8 77.4 75.5  0 50  0 0   13.80   13.40 4  4 -1LH동       1212-3.5 7.5 4.0494912 0편성만만기복전력56기 0 9 4     4 4 3③1:17.41¼   .313.839.413.8  1 18  .00 3 2 -4 1.72952484872 3 5 2 32 3 1.03 6.08 1.4 4.2  1.4    7.1    7.0   10.0  .02842 0 6 5 0―  .838.20 -.63 -.7976.2313.4929.2845.32122641 8.6718.4415.77 3
20260117토 1120012국620 8 78 8 2강 2255맑음건조 5 611온누리빛        다이나믹뷰티풀진  541.00한암 3 0 0 2 1   84      24750국6안병기이경헌   0 8 2 2 2 9 2 0 0 1  0오수철41354.564하입상29 20 20 511.035.0 9.9 733 52254 91810 9 01810112115      ↘↗입13.837.239.814.253 937.337.9 75.7 74.8  0  0  0 0   13.60   14.00 5 -2  1NN동       1212-4.0 9.0 5.0222212 0일반주행보통주행 5기 1 5 3     3 3 3③1:15.71¼   .213.838.613.4 -3 -9  .00 3 6 -3 1.61157172074 511 3102 2 2.07 4.01 1.7 3.1  4.0   29.2   45.7   84.8  .015 5-4 3 4-4▼-1.538.00 -.01-2.2176.62 1.11 5.65 9.94 31119 1.48 4.41 3.6112
20251213토 1120012국610 7 18 9 2강 2255비  포화16 611온누리빛        다이나믹뷰티풀진  541.00한암 2     2 1  108      24750국6안병기이경헌   0 9 1 1 1 9 1 0 0 0  0오수철42254.064평무보69 25 2546  .025.0 8.3 733 52254 91810 9 01810112115      ↘↗입14.337.038.913.2936937.039.8 75.5 76.7              14.30   13.50        LN동       12 0         3.0     0 0일반주행보통주행33기 0 7 5     5 5 6⑤1:15.54    2.113.639.214.0 -4 11  .00 5 9  0 2.86939787124 5 8 7112 1 1.0511.04     1.8  1.1    8.3    8.9    6.9  .015 7-4 1 1-4▼-1.838.80  .66  .8076.00 1.04 4.16 8.32 0 1 4 7.5915.3829.22 7
20261010토 7160010국3 1 2  4 0 1강 1151           7 1라이징모        센트럴커라이징코 2624.00한암 4 0 0   1    016:05 41250혼3서인석양현모   2 016 1 716 3 2 318  0서승운   52.586우추보50 61 611439.040.017.82137101951 91817 0 0191127261625 075↗→선13.837.038.713.32573                   50 43 2143   15.20   13.50 7 -5  0UH동53.54572014  .8 3.4 4.2666610 0일반주행작전마주40트 0 1                            15.2    13.5        .0                      10 1 7 8  3                                              .02029 0 4 4 0― -.738.70  .55     102.9 4.2310.2917.77 2 714 4.6911.6723.14 7
20260822토 81600 7국411 3 64 1혼전 4451흐림불량20 7 1라이징모        센트럴커라이징코 2624.00한암 4 0 0 2 1  126      49500혼3서인석양현모   2 115 4 616 2 2 317  0서승운46652.586우추보62 67 671436.048.024.52137101951 91817 0 0191127261625 075↗→선13.837.038.713.3257335.839.4100.6103.1 54 46 1546   14.50   14.00 7  2  0NH동53.54572014  .6 3.2 3.8747410 0일반주행작전마주42조 0 6 7   7 7 6 5⑤1:40.6¾   1.115.238.213.5  2 21  .00 5 3  1 1.35313411850 6 1 5 60 2 4.02 1.03 1.6 4.0  8.2   18.9   43.2    8.3  .02046 0 4 4 0― -.138.70  .4027.40102.9 6.2114.6624.49 81728 7.5018.2928.63 5
20260704토 8160010국414 5 64 2 3강 3351흐림건조 4 7 1라이징모        센트럴커라이징코 2624.00한암 4 0 0 1 1  124      41250국4서인석양현모   2 214 3 516 1 2 316  0서승운44552.586우추보61 78 781457.052.025.62137101951 91817 0 0191127261625 075↗→선13.837.038.813.2246936.039.5101.0102.5 58 42 2550   15.30   13.50 7 -6  0HHUP53.54572014  .8 3.0 3.8777710 2일반주행보통주행90조 0 410  101010 3③1:41.05     .914.538.814.0  1 -9  .00 3 2 -4 1.2372547325410 2 3 53 1 1.05 2.08 1.7 5.8  1.7    7.0   10.2   14.9  .02060 0 6 6 0―  .238.80  .3126.74102.9 7.2016.4425.61 81728 9.6821.8836.46 3
20260517일10140011국453 5104 3혼전 4451맑음건조 3 7 1라이징모        센트럴커라이징코 2624.00한암 4 0 0 2 1  121      49500국4서인석양현모   2 313 2 316 4 2 315  0조재로45452.588강추하94 98 987772.059.032.83453141951 9181725 0191119262233 067↗↘입13.837.138.513.1368338.038.3 88.4 89.0 64 55 1836   14.30   12.4019  2  0BHDN53.84582012 1.2 2.0 3.2818110-4편성탐색작전마주49트 01011    1111 9⑥1:28.4¾    .515.338.313.5  0 -8  .00 6 6  2  .84286123466 9 2 2 33 6 1.07 8.04 3.1 7.4  3.1   39.2   62.9   56.410.52978 1 7 6 1△  .738.80  .2913.3888.3210.3921.7932.75 9223510.6621.7733.51 4
20260104일 7180010국351 8104 4 2강 2251맑음다습12 7 1라이징모        센트럴커라이징코 26     한암 4 0 0 1 2  369      41250국3서인석양현모   2 412 1 116 3 2 314  0조재로46252.587강추상87 92 929184.056.032.12341 71322 5181725 0191119262233 067→↗입13.839.939.713.2617342.239.4119.1119.1 70 50 3050   14.70   13.40 6  4 -2BHUP53.84582012 1.0 1.4 2.4858510 2종반뒷심전개최상 5트 0 8101010 7 6 6⑥1:59.1목    .516.140.614.2  2 -2  .00 6 4  2 2.35198207269 4 1 2 40 5 1.03 3.01 2.8 7.0  2.8    9.0   14.9  140.2  .04166 0 8 6 0▲  .641.10  .1039.48118.4 8.0719.2332.09 9213314.0227.9743.41 4
20251122토 7160010국452 3104 5혼전 4441맑음건조 3 7 1라이징모        센트럴커라이징코 2624.00한암 3 0 0 2 1  12615:15 41250국4서인석양현모   2 511 2 416 2 1 313  0조재로46454.588강추하79 93 931473.061.031.93453141951 9181725 0191119262250 050↗↘입13.836.438.913.1596935.738.4100.8101.1 67 44 2244   14.90   13.30 5 -3  3HN동53.54552012 1.2 1.6 2.8808010 0부중유리작전마주73트 1 4 9   9 9 8 2①1:40.84    -.714.738.413.4 -1 -4  .00 1 2  0  .0 51218 494 4 2 5 53 4 2.05 4.08     5.4  4.8   12.2   25.6   33.910.53164 2 7 7 2―  .938.90  .3925.79102.6 9.8320.1831.87 8172813.4525.8335.29 4
20251018토 71600 9국453 6104 6 1강 1131흐림포화19 7 1라이징모        센트럴커라이징코 2624.00한암 3 0 0 2 2  214      33000국4서인석양현모   2 610 1 316 1 1 312  0조재로46852.087우추보91 91 911470.050.026.72341 71322 5181725 0191119262250 050→↗입13.836.838.813.0397635.839.1101.7102.3 63 63 1350   14.90   12.80 7  3 -1BU동53.54552012 1.2 1.4 2.6808010 0인기탐색작전마주46트 1 7 9   9 7 7 6③1:41.7머리  .014.938.613.3  1 12  .00 3 2  1  .13213401788 8 2 4 63 3 1.08 1.06 3.2 6.3  3.2   48.6   89.4   52.6  .03157 0 6 6 0―  .138.80  .3826.70102.8 6.8916.5326.68 4122111.1123.9035.90 4
20250830토 8160010국552 3104 7 1강 1151맑음포화18 7 1라이징모        센트럴커라이징코 2624.00한암 3 0 0 9 2  340      33000혼4서인석양현모   2 7 9 4 216 2 1 311  0씨씨웡45652.590우추적68 79 791475.061.038.12652111322 5181725 0191121252250 050↘→선13.836.938.913.0297636.338.3100.0101.9 71 57 1443   14.60   13.50 4  3  0NH동53.54552012 1.2 3.2 4.4707010 0부중유리작전마주60트 2 4 9   9 8 8 7③1:40.02     .414.937.412.8  2  2  .00 3 1  0 1.01840171067 8 1 2 43 3 6.05 2.06 2.2 6.5 15.4   43.3  119.3   29.3  .03769 3 7 7 3―  .938.90  .0226.05102.911.8624.5738.09 9223516.2228.7044.48 3
20250803일13160010국452 5104 8혼전 4431흐림건조 3 7 1라이징모        센트럴커라이징코 2624.00한암 3 0 0 1 2  39017:25 33000국4서인석양현모   2 8 8 3 116 1 1 310  0씨씨웡45452.590우추적31 27 271412.038.015.52652111322 5181725 0191121252250 050↘→선13.837.238.813.0138036.238.8103.0102.4 67 67 1750   15.70   15.80 8 -3 -3UHDN53.54552012 1.0 3.4 4.4676710-4연대우수보통주행77트 1 1 9   9 8 5 3③1:43.0½    .014.639.113.5  2 15  .00 3 1 -4  .13729291788 9 2 6 90 2 3.02 3.10     6.8  5.3    9.5   22.3   10.4  .03237-1 3 3-1▽-1.038.80  .4626.44103.0 3.42 8.2315.54 1 4 8 3.0312.0820.24 7
20250608일 72000 9국411 7 14 9 1강 1159맑음건조 3 7 1라이징모        센트럴커라이징코 26     한암 3 0 0 2 3  55716:05275000국4서인석양현모   2 9 7 2 116 1 1 3 9  0장추열43955.093우추보35 48 486279.059.052.53050 5184210181736 0191120272250 050↘↗입13.839.740.813.0206140.842.4135.8134.5 67 67 1750   14.00   14.6015  1  3HLUP53.54552012  .6 3.6 4.2707010 3숨은탄력연대우수 5   0 4 9 9 9 8 7 7⑦2:15.811   4.115.742.915.8  2-15  .01 7 5  3 4.592968795 8 8 7 2 30 3 2.01 2.07     2.2  6.1    2.2    9.9    2.712.03782 2 8 9 2▲  .740.20 -.9954.04131.916.9835.3352.45 9223517.7431.9719.97 2
20250223일 6170011국453 410410혼전 4451맑음건조 3 7 1라이징모        센트럴커라이징코 2624.00한암 3 0 1 9 5  87214:25 33000국4서인석양현모   210 6 1 116 1 1 2 6  1조재로44352.086우추보85 82 828873.057.030.61741 91946 8181725 0191119262250 050↘↗입13.839.840.313.0468738.842.1113.1113.7 67 67 1750   15.20   12.50 5  1 -3HUUP53.54551712  .8 3.8 4.5686810 3발주불량작전마주 1기 2 3 1 1 3 4 3 3⑧1:53.1코    .514.042.114.6  6-14  .01 8 2  1  .555 7795369 8 2 1 50 2 4.01 1.08    10.3  7.0   12.3   29.4   50.7  .03485 1 7 7 1△  .541.30  .3333.61113.110.2219.7830.57 8172817.2031.3140.38 1
20250118토 5140011국550 310411혼전 4451맑음건조 4 7 1라이징모        센트럴커라이징코 2624.00한암 3 0 0 2 5  97213:35 24750국5서인석양현모   211 5 6 216 1 1 1 5  0씨씨웡45755.086기추보58 64 646845.060.029.02658131946 8181725 0191121252250 050↘↘선13.836.938.713.1547338.636.8 88.4 87.6 60 60 2040   14.60   13.60 4 -9  1HL동53.54551412  .7 4.7 5.3626210 0전개최상작전마주 1기 1 211    1111 7②1:28.45     .015.237.112.5  1  0  .00 2 1 -2  .9 797 11184 3 2 5 53 1 5.01 4.02     6.7  7.8   10.5   24.3   18.4  .03470 0 5 5 0―  .638.70  .4012.0188.32 8.2017.9629.04 81728 8.3316.5916.30 6
20241222일 4140011국550 6 5412혼전 4451맑음양호 7 7 1라이징모        센트럴커라이징코 2624.00한암 2 0 1 2 6 105113:10 24750국5서인석양현모   212 4 5 116 2 1 1 4  1장추열45754.085강자보97 95 959685.070.042.7305420255212181736 0191120272299 0 0↗↘입13.836.538.513.0828537.039.1 90.1 88.7 50 75 2550   14.20   12.40 5  6  1VNUP53.04521412  .0 2.0 2.0858510 2전개최상전개최상 1기 11111     9 8 6③1:30.11¼   .214.639.713.6  0  5  .00 3 3  2  .43941393275 1 1 1 23 2 1.06 7.04     4.6  1.9    9.0   12.1   16.710.55297 4 9 9 4☆ 1.739.40  .4013.7387.9018.2131.8642.65 9223517.6932.3731.16 2
20241117일 3120010국544 4 9413 1강 1151흐림양호 7 7 1라이징모        센트럴커라이징코 26     한암 2 0 0 2 6 116112:05 24750국5서인석양현모   213 3 4 216 1 1 0 3  0장추열45253.588강입적60 60 609680.070.071.3305420255212181736 0191120272299 0 0↗↘입13.836.637.813.7939638.136.9 75.6 74.9 33 67 3333   14.60   13.80 4  1  1LN동53.04521310-1.0 2.0 1.0989810 0교체실패전개최상 1기 0 5 7     8 8 5②1:15.6¾    .014.237.312.4  1 -6  .00 2 1 -9  .21186 21479 2 1 5 13 1 7.01 9.05     5.3 25.7   38.2  119.7   30.9  .05393 3 9 9 3★ 1.938.60 -.31  .4975.1733.0857.5471.3138597026.6745.9660.24 2
20241020일 7120012국554 310414혼전 4451맑음다습14 7 1라이징모        센트럴커라이징코 26     한암 2 1 1 2 7 124315:40110000국5서인석양현모   214 2 3 116 1 1 0 2  1조재로45853.083우입보86 35 3574  .058.019.9275615244513181725 0191119262299 0 0↘↘입13.836.938.013.7688339.039.0 76.5 78.1 50100 5050   14.00   13.60 5  3  1VNDN53.04521310         3.0    10-1전개최상보통주행 1   0 412    121212⑫1:16.51½  2.414.638.513.8  2  0  .001210  8 2.79198579015 9 310 70 1 4.0812.08     9.2  7.1   53.1  109.8   88.9  .03468 1 6 6 1―  .639.30  .87 3.1875.45 5.4611.9419.94 41117 6.0112.9438.97 8
20240915일 5130011국524 3 7415 3강 3351맑음다습13 7 1라이징모        센트럴커라이징코 2624.00한암 2 1 1 2 7 133114:00 24750국5서인석양현모   215 1 2 116 2 1 0 1  1임기원45852.085강도보91 35 3599  .070.042.5163311244513181723 0191123331699 0 0→↗입13.436.638.912.3999937.338.8 81.6 82.6100100100**   13.50   12.60 6 -2 -1UUUP53.04521310         1.0    10 3교체성공전개최상 1기 1 1 8     4 3 2③1:21.62     .314.038.613.6  1  6  .00 3 2  0 1.52635362469 1 3 9 32 2 1.06 2.10     2.6  2.0   13.2   17.7    9.312.24190 2 8 8 2▲ 1.440.40  .44 7.0882.3315.9431.0842.5214304711.1121.7862.20 3
20261010토 7160010외3 1 2  3 0 1강 1151           7 2콜긴            LAOBAN  BLUE CLA 7825.00미거 5 0 0   1    016:05 41250혼3박천서박병룡   0 01618 628 1 2 328  0김태훈   54.070평자보50 48 481446.046.022.51758 81057 5 615 6 013 5122521432929↗→입14.236.339.013.66637                   22 22 3917   14.40   15.70 5 -9  1HNDN54.74801818-2.0 7.2 5.2484818-2일반주행보통주행59기 0 2                            14.4    15.7        .0                       3 2 9 6  1                                              .02022 0 5 6 0― -.339.00  .63     102.6 5.2212.4222.49 51222 7.8115.8325.71 5
20260905토 5180012외354 1103 1혼전 4451맑음양호 9 7 2콜긴            LAOBAN  BLUE CLA 78     미거 5 0 0 1 1   89      82500혼O박천서박병룡   0 115171828 1 2 327  0빅투아48953.091평자상51 45 45 614.037.0 9.13152131057 5 615 0 013 5222818432929→→선14.239.940.113.6633739.344.7119.4121.8 23 23 3618   15.30   13.2012 10 -2BHUP54.74801818-1.4 6.2 4.8545418 2일반주행휴양불리 5   011 9 7 6 4 610⑩1:59.43    4.414.444.015.7 -2  6  .001012  5 4.594179895 1 4 6 7100 1 5.01 8.07 2.8 5.3 11.0   10.4   25.9   14.8  .01513-4 3 1-4▼-1.241.40  .5141.78118.5 1.22 4.19 9.06 2 510 2.56 5.9112.10 8
20260613토 8160010외352 4103 2혼전 4441맑음건조 3 7 2콜긴            LAOBAN  BLUE CLA 7825.00미거 5 0 0 2 2  224      41250혼3최봉주박병룡   0 21416 528 3 2 326  0최범현48354.593평입하28 38 381448.055.022.33369211425 9142330 017 4183217503317↘→입14.336.239.213.7742736.338.3100.9102.3 24 19 4310   14.50   14.10 4 -3  0UNDN54.84801818 -.8 6.0 5.2525218-2일반주행보통주행42기 0 110  10 9 9 7⑤1:40.91     .315.338.013.2 -2 -6  .00 5 7  4  .3263914 671 2 5 9 83 4 3.01 4.08 3.1 7.0  5.3    7.0   16.7   10.3  .02032 0 7 9 0―  .439.20  .5926.85102.7 5.7813.1322.32 2 714 6.7216.9925.00 6
20260516토 71800 9외350 7103 3혼전 4451맑음건조 3 7 2콜긴            LAOBAN  BLUE CLA 78     미거 5 0 0 2 1   74      41250혼3최봉주박병룡   0 313151728 2 2 325  0최범현48954.593평입보29 23 234340.054.038.03162141350 6142330 017 4183217503317→→입14.240.040.213.7603039.841.4119.0119.5 24 19 3324   14.30   13.50 4 -1 -1VN동54.84801818-1.0 6.2 5.2454518 0숨은복병최적거리86기 3 4 5 5 6 3 3 4⑥1:59.01¾  1.114.540.914.1  3  3  .09 6 3 -2 1.26036726351 3 4 8 42 3 6.07 3.07 3.3 7.3 10.3   45.8  103.0   85.3  .02455 1 6 6 1―  .341.00 -.2039.34118.613.4727.0138.02 92235 6.2515.8929.03 5
20260418토 9180011외352 1103 4 1강 1151맑음건조 4 7 2콜긴            LAOBAN  BLUE CLA 78     미거 5 0 0 2 1   74      41250혼3최봉주박병룡   0 412141628 1 2 324  0최범현48655.093평무보39 15 154514.044.021.03162141350 6142330 017 4183217503317→→입14.239.940.213.7613039.939.9117.8119.5 25 20 3525   14.90   13.20 7 -5  1NNUP54.84801818-1.0 6.2 5.2454518 2최빈거리최적거리43기 0 5 3 3 3 3 3 5④1:57.82½   .814.339.613.5 -1  4  .00 4 5 -2 2.46244322554 4 310 72 2 1.03 9.04 2.2 5.3  2.2    8.3   12.2   65.1  .01332 0 4 3 0― -.241.10  .2139.39118.6 4.4012.1721.01 3 816 2.63 6.2513.08 7
20260302월 9160010외333 6 83 5혼전 4441비  다습11 7 2콜긴            LAOBAN  BLUE CLA 7825.00미거 5 0 0 1 1  128      41250혼3최봉주박병룡   0 51113 428 1 2 323  0씨씨웡48254.093평무상83 79 791461.064.034.43456111350 61423 9 017 4212522503317→↘선14.236.338.913.7683437.138.4102.4103.2 26 21 3216   14.60   13.90 5  4  1VNDN54.84801818-1.0 5.8 4.8545418-2부중유리급신장세74기 01010  101010 9⑤1:42.41    1.914.938.413.2 -2 -2  .00 5 7  2 2.15084162629 6 1 6 43 1 2.01 3.04 2.1 4.4  4.9    4.4   10.1    6.0  .03151 1 7 8 1▲ 1.038.90  .3927.99102.611.7122.7734.40122641 6.3019.7030.73 5
20260124토 41800 9외312 4 63 6 1강 1151맑음건조 3 7 2콜긴            LAOBAN  BLUE CLA 78     미거 5 0 0 2 1   81      41250혼3최봉주박병룡   0 610121528 1 2 222  0최범현48453.093기무하35 16 164326.048.027.63162141350 6142330 017 41832176040 0→→입14.239.840.213.6773040.139.9117.1117.9 22 22 3922   14.30   14.20 6  3 -1NH동55.14791818 -.8 5.8 5.0494918 0최빈거리기복전력 5관 0 6 5 5 6 5 5 2②1:57.15     .014.639.813.9 -3 -1  .00 2 5 -2  .91844373080 3 3 7 43 1 1.05 5.06 1.6 4.5  1.6    7.7   10.8   11.4  .02151 1 5 4 1―  .141.00  .0837.85118.5 5.9615.5027.55 82135 5.5015.0925.09 5
20251214일10180011외321 5 73 7혼전 4431맑음포화18 7 2콜긴            LAOBAN  BLUE CLA 78     미거 4 0 0 2 1  109      41250혼3최봉주박병룡   0 7 9111428 1 2 221  0김효정48554.068기무적26 39 392116.037.010.71747 71350 61423111117 42022176040 0↗→선14.239.740.313.6822539.441.6117.4119.9 24 18 4112   15.30   13.30 4 -1  3HN동55.14791818-1.6 5.4 3.8595918 0최빈거리기복전력49기 0 3 1 3 2 3 4 7⑧1:57.41¼  1.614.340.714.2  1 -1  .00 8 7  4 1.87020786034 5 3 8110 8 3.01 1.04     5.5  8.6    8.1   26.3  181.7  .01214-2 3 3-2▽-1.141.40  .4639.90118.5 1.45 4.8510.72 1 2 5 3.67 9.0514.6110
20251115토 41800 8외321 3 73 8 1강 1156맑음건조 3 7 2콜긴            LAOBAN  BLUE CLA 78     미거 4 0 0 2 1  129      41250혼3최봉주박병룡   0 8 8101328 1 2 220  0권중석48651.565기무적19 34 344018.040.029.41341 61350 61423 0 017 41918186040 0↘→선14.239.540.413.7871741.039.6118.4119.6 24 18 4724   14.30   14.30 4 -3 -5VH동55.14791818-2.8 5.8 3.0626218 0최빈거리기복전력49기 0 4 7 7 7 8 7 7⑥1:58.4목    .415.338.413.3  3  8  .09 6 3 -3 1.56080254867 2 2 4 50 1 2.05 5.03 2.1 3.3  3.0   16.6   28.8    8.9  .01833 0 4 3 0― -.741.50  .0939.68118.5 8.6118.2329.38 81728 5.1912.7724.32 5
20251019일11180011외352 5103 9 1강 1159맑음포화16 7 2콜긴            LAOBAN  BLUE CLA 78     미거 4 0 0 2 1  199      41250혼3최봉주박병룡   0 9 7 91228 7 2 219  0김효정47856.068기선적57 35 353131.049.025.11747 71350 61423111117 42022176040 0↗→선14.239.540.413.7841339.041.9118.8121.1 25 19 4425   14.50   13.20 6  4  3LB동55.14791818-3.2 6.8 3.6686818 0숨은복병기복전력64기 0 7 5 5 3 4 3 5⑦1:58.83     .714.341.014.3  1 -4  .00 7 6  0  .98710825759 2 3 4 50 7 1.0410.05 4.2 9.2  4.2   14.0   26.4   18.0  .02027 0 6 8 0―  .241.70  .1841.16118.5 7.6316.9925.10 61829 6.1018.5024.56 4
20250906토 71800 8외332 1 3310혼전 4451흐림포화16 7 2콜긴            LAOBAN  BLUE CLA 78     미거 4 0 0 1 2  32017:50 82500혼3최봉주박병룡   010 6 81128 6 2 218  0김효정48253.075평선상32 52 523126.049.024.21645 51425 91423111117 42022176040 0↘↗선14.139.540.513.886 939.939.5115.0117.5 27 13 4727   14.60   13.50 5  0 -3HH동55.14791818-2.0 7.0 5.0616118 0적정체중최적거리 5   0 3 4 4 3 5 5 5④1:55.03    1.914.538.313.2 -2  1  .00 4 6  1 2.1 838231523 4 5 7 62 6 2.01 4.05     2.4  2.3    2.4    4.8    2.0  .02533 0 5 5 0― -.141.30  .1737.50118.5 5.8814.1724.16 51222 5.1714.4822.43 6
20250802토 71800 9외333 6 8311혼전 4451맑음건조 3 7 2콜긴            LAOBAN  BLUE CLA 78     미거 4 0 0 1 3  40516:50 41250혼3최봉주박병룡   011 5 71028 5 2 217  0김효정48156.072평선상20 44 443148.059.040.92441162267151423111117 42022177525 0↘↘선14.139.540.413.8841239.240.4119.0118.8 29 14 4329   14.50   14.50 4  0  1HB동54.94781818-2.2 6.8 4.6676718 0적정체중최적거리40기 0 3 4 4 4 4 4 2③1:59.02½   .414.639.513.5 -2  1  .00 3 5  0  .43813481870 2 7 4 52 5 3.01 5.06     3.8  4.0    3.8    8.5    8.212.73047 2 7 8 2▲  .741.40 -.1938.91118.511.2825.3040.93 81728 9.0922.9234.29 5
20250705토 81800 8외351 7 5312 1강 1141맑음건조 3 7 2콜긴            LAOBAN  BLUE CLA 78     미거 4 0 0 1 3  48717:30 41250혼3최봉주박병룡   012 4 6 928 4 2 216  0김효정48055.072평선상18 42 421057.056.040.92441162267151423111117 42022176733 0↘↘선14.139.540.513.886 938.841.6119.1119.2 31 15 3831   14.60   13.50 4 -1 -1HN동54.84781818 -.8 7.2 6.4505018 0최근최상최적거리47기 0 3 2 1 1 1 1 1③1:59.14     .814.540.714.5 -2 -6  .00 3 5  0  .851 7774160 2 5 5 41 4 4.03 4.07     4.7  6.4   10.7   25.9   31.1  .02439 1 7 8 1―  .541.50 -.2239.23118.513.8026.5940.91 92235 8.5721.1137.23 4
20250608일 91800 9외344 6 9313 3강 3351맑음건조 3 7 2콜긴            LAOBAN  BLUE CLA 78     미거 4 0 0 2 3  55518:00 41250혼3최봉주박병룡   013 3 5 828 3 2 115  0김효정48656.072기선적 5 28 284334.051.033.42441162267151423111117 42022176733 0↘↘선14.139.640.413.8831539.540.8118.5119.0 25 17 4233   14.40   14.20 5  2  1VBUP54.84781818 -.8 7.0 6.2535318 2일반주행기복전력48기 0 4 5 5 5 6 6 3②1:58.59     .014.639.813.5 -3  5  .00 2 5  3 1.54322613784 1 5 6 63 3 1.05 6.04     4.9  2.8   18.8   29.8   90.811.82947 2 6 7 2―  .241.40 -.0338.95118.510.3923.0533.37 51222 6.6716.1326.98 5
20250504일 7160010외342 4 9314 1강 1151맑음다습14 7 2콜긴            LAOBAN  BLUE CLA 7825.00미거 4 0 0 1 4  66115:15 41250혼3최봉주박병룡   014 2 4 328 2 2 114  0김효정48155.063기선적23 50 501468.053.035.4172715 220 01423111117 42022176733 0↗↘선14.136.039.313.8841535.940.2101.5103.7 25 17 4233   14.10   14.00 3 -2  0HL동54.84781818-1.2 6.2 5.0606018 0걸음늘어기복전력 1기 0 2 9   9 7 7 5⑤1:41.51¾   .514.439.614.2  3 -2  .09 5 2 -6  .67418665465 1 4 6 30 2 5.01 1.09     6.4 12.7   29.6   71.7   33.7  .02743 1 6 8 1―  .539.30  .3228.43102.611.8523.0335.3914304410.6121.8637.08 4
20250412토 9160010외314 6 6315혼전 4451비  양호 8 7 2콜긴            LAOBAN  BLUE CLA 7825.00미거 4 0 0 2 4  73219:25 41250혼3최봉주박병룡   015 1 3 228 1 2 113  0김효정48355.063기선적20 38 381444.055.029.9172715 220 01423111117 42022176733 0↗↘선14.036.338.813.4684535.641.1102.4103.7 27 18 3636   14.40   14.30 2 -5  1VLUP54.84781818-2.2 7.0 4.8555518 2착차만회기복전력 1관 0 4 7   7 6 5 5③1:42.41¾   .314.140.714.0 -5  0  .00 3 8 -3 1.072 7847272 3 210 42 1 1.02 5.02     3.7  1.4    3.7    4.7   44.4  .03770 3 7 8 3▲  .538.80  .5428.56102.5 9.4518.6429.91 81728 8.2616.5925.15 8
20261010토 7160010국3 1 2  7 0 1강 1151           7 3문학축제        BLAME   스워드   9725.00한수 4 0 0   1    016:05 41250혼3박재우권경자   2 016 7 416 4 5 216  0코지     58.087우입보50 76 761476.065.051.33257182148 9231823302316233018176717↗↘입14.036.439.513.76249                   57 50 2936   13.70   13.20 6  2  4HBUP55.34961814-1.6 3.8 2.2858514 2부중유리작전마주72기 1 3                            13.7    13.2        .0                       5 6 1 2  9                                              .03764 3 8 9 3▲ 1.239.50 -.33     103.020.2137.5051.2918375315.6328.3342.00 3
20260829토101400 9국350 6 57 1 1강 1151맑음다습12 7 3문학축제        BLAME   스워드   9725.00한수 4 0 0 9 1  104      41250국3박재우권경자   2 115 6 616 3 4 215  0코지  50054.087우입적89 94 948686.068.050.93257182148 9231823302316233018 08020↗↘입14.136.739.313.7704536.538.4 85.7 86.6 54 46 2331   14.00   13.80 5 -9 -4UHDN55.64951814-2.0 5.0 3.0787814-2착차만회작전마주43기 0 1 1     1 1 1①1:25.76   -1.113.737.513.2  0 -1  .00 1 1 -4  .0 11615 399 3 6 2 21 8 1.04 1.06 2.9 4.0  2.9    9.5   14.9  242.0  .04888 3 9 9 3★ 1.538.70 -.4310.5788.5920.7737.0950.8838567116.8831.5846.21 4
20260726일 7160010국551 3107 2 1강 1151맑음양호 9 7 3문학축제        BLAME   스워드   9725.00한수 4 0 0 9 1   75      33000국5박재우권경자   2 214 5 316 2 3 214  0코지  50157.587우입보78 85 851479.064.051.43257182148 9231823302316233018 07525↗↘입14.036.539.813.6574135.539.7100.0101.7 42 42 1742   13.90   13.70 4  8  5VB동55.14931814 -.8 5.4 4.6656514 0뒷심문제작전마주88기 010 7   7 6 3 2①1:40.01¼  -.214.039.213.8 -4  3  .00 1 5  4  .011 6512090 6 8 2 22 7 5.0110.01 2.4 5.4  9.0   10.4   28.5   13.0  .02863 1 8 8 1▲ 1.039.80 -.5125.35103.220.5436.8851.3618375325.0045.0957.52 2
20260628일 8160010국551 7107 3 1강 1139맑음건조 3 7 3문학축제        BLAME   스워드   9725.00한수 4 0 0 9 1   63      33000국5박재우권경자   2 313 4 216 1 2 213  0코지  49853.087평입하26 35 351428.056.035.33257182148 9231823302316233018 099 0↗↘입14.036.739.613.6414935.639.8101.3101.6 36 27  936   15.40   14.00 3 -6  1HNDN55.84921814 -.4 5.4 5.0606012-2일반주행작전마주30관 0 2 4   4 5 5 1①1:41.36   -1.113.940.113.7  0 -2  .00 1 1 -2  .011 8572998 4 3 5 33 6 1.05 2.03 3.1 6.6  3.1   10.4   17.0   24.1  .02046 0 5 6 0―  .639.60 -.1325.29103.210.6322.4335.3412274110.2918.6730.25 5
20260607일 71800 7국430 8 87 4 2강 2251맑음양호 6 7 3문학축제        BLAME   스워드   97     한수 4 0 0 1 1   24      33000국4박재우권경자   2 412 3 116 2 2 212  0루이스50052.563평입보27 53 532248.048.029.92144102148 9231820222316192717 099 0↗↘입14.040.440.413.6354540.940.8122.0120.3 36 36  936   14.30   13.90 3 -1  0NHUP55.84921814  .4 4.6 5.0606012 2뒷심문제거리속성40기 0 8 7 6 6 5 5 7⑦2:02.05    1.415.441.414.0  4 -1  .01 7 3 -3 1.67677587540 6 2 4 62 2 4.01 5.07 1.9 3.9 10.1    8.0   23.7    8.8  .02847 0 5 4 0―  .140.70 -.2039.47118.9 7.0817.5629.88 51221 8.1820.6632.65 4
20260517일 6160010국432 9 87 5혼전 4451맑음건조 3 7 3문학축제        BLAME   스워드   9725.00한수 4 0 0 2 1   45      33000국4박재우권경자   2 511 2 116 1 2 111  0루이스50152.564기입보40 45 451431.046.021.22144102148 9231820222316192717 099 0↗↘입13.937.139.413.6235735.939.7103.2103.1 30 40 1040   14.10   13.40 4  7  0BHUP55.84921614  .4 4.6 5.0606012 2일반주행기복전력78기 1 9 8   8 5 4 3②1:43.28     .014.340.013.9 -4  8  .00 2 6  0 1.45016523293 9 6 6 62 1 1.06 3.09 2.2 3.4  2.2   11.0   15.2   14.4  .01527 0 4 6 0― -.339.40  .1126.59103.3 5.2311.9021.19 51222 4.9515.4622.33 6
20260418토10140010국442 7 97 6혼전 4451맑음건조 4 7 3문학축제        BLAME   스워드   9725.00한수 4 0 0 2 1   73      33000국4박재우권경자   2 610 1 516 1 2 110  0해리카49352.566기입적57 61 614226.041.014.41444112148 9231822 92316172612 099 0→→입13.937.139.013.7416538.238.5 89.7 89.2 33 44 1144   14.20   13.70 5 -4 -1HHUP55.84921413 -.8 4.8 4.0696914 1착차만회기복전력24관 0 2 6     9 9 8⑥1:29.71¼  1.114.138.813.4  0-14  .00 6 6 -1 1.3559216524910 610113 3 1.09 4.09 2.6 4.6  2.6   37.5   49.8   39.5  .02540 0 4 4 0― -.438.90  .4813.0688.66 3.40 7.9414.42 1 3 6 4.7211.8518.1811
20260315일 8130010국522 3 77 7혼전 4451맑음양호 6 7 3문학축제        BLAME   스워드   9725.00한수 4 0 0 2 1   87      33000국5박재우권경자   2 7 9 3 416 1 2 1 9  0코지  50753.587우입적23 30 304528.049.020.53257182148 9231823302316233018 099 0↗↘입13.937.338.913.7617338.139.1 82.1 83.2 38 50 1338   14.50   14.40 6 -2  1NNDN55.84921414 -.2 4.4 4.2646414-1일반주행거리속성58기 0 6 8     8 7 5⑤1:22.12     .614.238.813.7 -2 14  .00 5 7  0 1.8497444596110 410 80 5 1.02 5.01 2.2 3.2  2.2    3.2    5.5    5.9  .01865 0 5 6 0― -.139.80  .65 6.9682.78 5.6412.8020.49 2 714 6.8013.0221.82 7
20260131토 7140011국551 8107 8혼전 4451맑음건조 2 7 3문학축제        BLAME   스워드   9725.00한수 4     9 1  109      33000국5박재우권경자   2 8 8 2 416 1 2 1 0  0해리카49352.566우입적46 45 455033.044.017.21444112148 9231822 92316172612 099 0→→입13.937.139.013.7476537.241.0 89.7 90.2 57 43 1443   15.10   13.9020  2  1LN동55.84921413-1.2 3.8 2.6777714 0편성탐색작전마주 5기 1 8 9     8 8 8⑨1:29.7코   1.814.540.414.4  2-10  .00 9 7  6 2.38357878831 6 3 8 90 2 2.0810.03 2.7 8.0  4.9   67.9  141.4  166.0  .02959 0 5 5 0― -.439.10  .4114.1488.66 4.5310.0817.23 2 510 7.2213.7622.74 7
20250913토 31400 8국430 4 87 9 1강 1151맑음포화19 7 3문학축제        BLAME   스워드   9725.00한수 3 0 0 2 3  40914:55 33000국4박재우권경자   2 9 7 1 316 1 2 1 7  0임기원50351.593우입보78 89 896585.058.049.72050 01228 3231826112316233316 099 0↘↗입13.937.039.213.7495337.038.5 86.1 88.0 50 33 1750   14.00   13.20 9  3 -6NU동55.84921413-1.8 5.0 3.2737314 0뒷심문제승부최상72기 1 6 5     6 6 5③1:26.11¼   .214.137.413.1  2 11  .00 3 1 -1  .21750181675 4 4 2 33 1 4.02 2.01     4.3  9.8   17.5   48.6    8.8  .04591 1 8 7 1▲  .738.70 -.5311.7688.7314.7632.7849.7014304428.8953.2572.54 2
20250713일 5140011국520 8 7710 1강 1151흐림건조 4 7 3문학축제        BLAME   스워드   9725.00한수 3 0 0 2 3  461      24750국5박재우권경자   210 6 3 216 4 2 0 6  0코지  49257.093우입적82 86 867086.066.046.42541 51228 3231823302316233018 099 0↘↗입14.037.139.213.9464937.338.4 88.7 88.1 40 40 2040   14.10   12.90 4 -3  4HB동55.34921413-1.8 5.4 3.6666614 0착차만회작전마주43기 0 3 3     6 4 3②1:28.72½   .014.038.213.2  0  5  .00 2 2 -5  .41658182087 4 5 2 22 4 6.02 6.03 2.7 5.8 16.0   21.4   62.3   79.5  .03784 3 8 8 3▲ 1.438.60 -.4911.7588.8017.1034.0046.4421425820.6337.5050.86 3
20250615일 41400 9국550 4 5711혼전 4451맑음건조 3 7 3문학축제        BLAME   스워드   9725.00한수 3 0 0 2 3  542      24750국5박재우권경자   211 5 2 116 3 1 0 5  0코지  48753.593평입하25 33 334332.058.034.92541 51228 3231823302316233018 099 0↘↗입14.036.840.414.1711237.437.5 87.4 87.3 25 25 2525   14.00   14.40 4 -1  0NUUP57.04961413 -.8 5.0 4.3606012 1일반주행거리부담48기 1 6 5     5 3 2①1:27.41    -.214.137.312.9 -6 -7  .00 1 7  2  .0 464 2 390 3 9 7 52 3 7.02 6.09 2.7 4.7 13.2   19.2   53.7   15.0  .01839 0 5 7 0―  .538.80 -.7610.1289.4111.3822.1834.85 81728 4.1715.2923.65 6
20250517토 3130010국543 8 9712 1강 1151맑음포화17 7 3문학축제        BLAME   스워드   9725.00한수 3 0 0 2 4  63312:45 24750국5박재우권경자   212 4 1 316 2 1 0 4  0코지  49453.585평입상44 65 656973.066.049.2325619235010231823302316233018 099 0↗↘입13.836.939.913.9903737.340.7 82.4 83.9 33 33 3333   13.90   14.40 4  6 -4NU동57.04961313-1.3 5.0 3.7686812 0교체성공탄력호전56기 1 7 8     6 6 7⑥1:22.41½  1.514.040.014.4  1 -2  .00 6 5  1 2.87237858037 5 9 3 22 2 1.03 9.01     4.6  2.4    4.7    7.1   32.9  .03064 0 7 8 0▲ 1.140.40 -.52 7.1283.1618.7134.8749.1518375317.2033.3335.80 3
20250419토 2130011국611 9 6713 2강 2256흐림양호 9 7 3문학축제        BLAME   스워드   9725.00한수 3 0 0 2 4  71811:25 16500국6박재우권경자   213 3 4 216 1 0 0 3  0코지  49657.085기추보21 52 527787.070.072.5325619235010231823302316233018      ↗↘입14.437.439.413.6638036.340.5 84.3 82.8  0 50  050   14.40   15.10 3-10  1HL동       1312 -.5 5.5 5.0545412 0숨은탄력작전마주 1기 0 1 5     3 2 1①1:24.32½  -.513.941.014.4 -3  1  .00 1 4 -3  .036 2824496 3 4 3 22 1 4.01 1.03     5.4 10.9    7.4   21.0   12.9  .02979 2 8 8 2▲ 1.539.60-1.19 6.0383.1633.9057.8372.5221425832.5358.2378.88 2
20250330일 2130011국650 910714 3강 3352맑음건조 3 7 3문학축제        BLAME   스워드   9725.00한수 3 0 0 9 4  77111:00 16500국6박재우권경자   214 2 3 116 1 0 0 2  0임다빈49556.083우추하 8 20 204614.035.013.01944 4235010231812 72316142424      ↘↗추14.638.239.113.6139637.241.0 86.2 84.2  0100  0**   15.30   15.2010  6  0NNUP       1312  .0 4.0 4.0505012 1교체실패거리속성 1관 011 9     7 6 4⑥1:26.2½    .814.442.115.1 -1  1  .00 6 7  2 2.1782989835910 3 6 90 1 6.01 3.02     7.0 10.8   14.2   42.4   57.2  .02046-2 3 3-2▽-1.139.10  .17 6.9083.48 1.69 5.9713.04 1 4 8 3.06 6.76 6.41 9
20250119일 1120011국612 7 1715 1강 1155맑음건조 3 7 3문학축제        BLAME   스워드    432.00한수 3 0 0 2 5  96510:35 16500국6박재우권경자   215 1 2 216 1 0 0 1  0장추열49456.093평추보86 35 3557  .066.051.52638 3254019231832302316202722      ↘↗입14.638.138.513.6 69838.340.4 79.9 78.5  0100  0**   14.60   13.90 8 -2  1NN동       1212         4.0    12 0일반주행최적거리 1기 0 5 9     9 9 9⑪1:19.94    3.115.341.515.2  6 -4  .0511 5  1 3.69490889511 8 3 7 20 1 2.09 1.08     2.8  7.4  574.0  900.4   84.0  .02185 1 6 6 1― 1.438.20 -.99 1.9076.3918.2337.5651.50183855 9.0218.1831.44 5
20261010토 7160010국3 1 2  3 0 1강 1151           7 4스플렌디드      오버애널소천하   3238.00한수 4 0 0   1    016:05 41250혼3서인석홍상기   1 016 1 118 2 4 019  0이용호   52.563평자상50 57 571428.040.012.31652 71951 9181017261911191820382513→↘자14.236.939.313.73145                   36 43 3629   14.80   13.00 8  0  0HHUP54.64981818 -.6 4.4 3.8656517 2거리늘어보통주행75관 0 4                            14.8    13.0        .0                       9 3 8 9  8                                              .03216-2 3 4-2▽ -.939.30  .46     103.2 2.89 6.5612.33 2 510 5.4711.6720.57 8
20260817월111400 8국451 4 53 1 2강 2251흐림다습13 7 4스플렌디드      오버애널소천하   3238.00한수 4 0 0 2 1  134      41250혼3서인석홍상기   1 115 2 418 1 4 018  0이용호50552.563우입하39 39 394824.042.024.11652 71951 9181017261911191820382513→↘자14.237.139.013.7484938.238.5 88.3 89.0 38 46 3823   14.50   15.20 9 -4  0HHDN54.64981818  .2 3.0 3.2767617-4탐색주행보통주행54관 0 4 8     8 8 7④1:28.39    1.714.838.113.0 -4 10  .00 4 8  4 2.34892195531 5 4 6 53 7 3.02 7.01 3.1 4.3  5.1    5.6   12.2    4.2  .03155 0 5 5 0― -.338.80  .2212.9088.66 4.7512.3924.11 41121 5.0511.6423.17 5
20260614일 6180011국351 8103 2 3강 3347비  건조 3 7 4스플렌디드      오버애널소천하   7640.00한수 4 0 0 2 1  145      41250국3서인석홍상기   1 214 1 818 1 4 017  0정우주49552.559우입하60 69 697277.056.045.61356 81951 91810 5 01911163012382513↗→입14.239.840.313.7694139.642.8120.7120.8 38 46 4631   15.40   13.60 6  3 -1NH동54.64981818 -.2 2.4 2.2858517 0숨은탄력작전마주39기 0 8 4 4 3 3 3 7⑨2:00.72    3.014.542.415.2  5  0  .09 9 4  0 3.18326908415 2 1 1 10 1 1.08 3.07 3.3 7.2  3.3   48.8   71.5  129.812.24084 3 8 7 3▲  .641.40 -.3640.73118.618.9133.7045.6334536624.2943.5955.73 1
20260502토 9180011국441 8 93 3혼전 4453흐림건조 3 7 4스플렌디드      오버애널소천하   7640.00한수 4 0 0 1 1  112      41250국4서인석홍상기   1 313 3 718 3 4 016  0조재로49553.588우자하58 54 543064.058.043.93453141951 9181025191911192622382513↗↘입14.039.740.513.8773041.240.3119.7119.4 42 50 5025   14.40   13.7015 -1  1NN동54.64981818 -.2 2.4 2.2858517 0편성탐색휴양탐색54기 0 5 8 8 6 5 5 6⑥1:59.71¾   .915.440.013.6  2 -7  .00 6 4  0 1.65683446855 2 6 3 32 6 6.07 6.11 2.8 5.3 16.6  146.1  325.8  193.1  .02967 0 8 8 0▲  .641.30 -.3439.18118.616.3230.8243.9112264121.4334.5943.04 2
20260118일 7180011국351 2103 4 2강 2231흐림건조 5 7 4스플렌디드      오버애널소천하   7640.00한수 4 0 0 2 2  287      41250국3서인석홍상기   1 412 2 618 2 4 015  0조재로50252.587우자하66 72 727240.050.021.52341 71322 5181025191911192622382513→↗입14.139.840.513.7693440.340.3117.9119.1 42 58 3325   14.90   13.50 6  2  0NH동54.64981818 -.6 3.8 3.2777717 0교체실패보통주행 5기 0 6 7 7 7 7 6 6⑧1:57.92    1.714.439.413.7  4-17  .09 8 4 -2 2.25355454630 1 7 6 60 5 2.0111.02 2.3 6.6  4.4    6.6   14.5    9.8  .02065 0 6 5 0― -.141.20  .1338.84118.7 5.4012.9821.53 82135 2.90 9.2319.25 8
20251206토10180011국353 5103 5혼전 4451흐림양호 9 7 4스플렌디드      오버애널소천하   7640.00한수 3 0 0 1 1  12117:30 41250국3서인석홍상기   1 511 1 518 1 4 014  0조재로51952.588우입하24 42 424037.050.020.53453141951 91810251919111926224329 0↗↘입14.039.640.613.8812540.839.4117.7118.0 45 64 5527   14.50   15.20 6  0 -1HH동54.94941814 -.6 3.8 3.2777717 0승군탐색거리속성57기 1 4 8 8 8 8 8 6⑤1:57.72     .614.939.513.5 -1 12  .00 5 6  2  .81675203763 2 6 6 73 4 2.04 5.01     6.5  4.0   12.2   22.2   20.4  .02875 0 6 6 0―  .041.20  .2037.75118.6 4.8111.7620.47 41117 6.4215.2522.26 6
20251025토10180011국452 6 53 6 2강 2241맑음건조 5 7 4스플렌디드      오버애널소천하   7640.00한수 3 0 0 9 1  189      41250혼3서인석홍상기   1 610 1 418 2 4 013  0이용호50753.562우입보55 78 784038.044.020.51652 71951 91810172619111918204329 0→↘자14.039.640.813.8841739.343.5119.7121.4 45 45 6427   14.40   13.60 8 -2 -3HH동54.94941814-1.0 4.6 3.6707017 0뒷심문제거리속성76기 1 4 7 5 5 6 5 7⑩1:59.7¾   1.914.542.415.2  6 -1  .0210 4  3 2.69017949028 2 8 4 70 6 3.05 3.11 2.2 4.8  4.6   19.7   36.1   23.1  .02858 0 6 4 0― -.241.60  .1441.00118.7 3.9611.5020.48 3 716 6.9814.2923.80 7
20250831일 8180011국543 3 93 7혼전 4451맑음포화17 7 4스플렌디드      오버애널소천하   7640.00한수 3 0 0 9 2  330      33000혼4서인석홍상기   1 7 9 3 318 1 3 012  0이용호50856.060우입보57 67 675153.042.018.41267 01322 51810172619111918205017 0↗→자13.939.740.713.8792539.140.5116.4118.9 40 50 6030   14.30   14.50 7 -1 -1NN동54.74921814-1.0 4.2 3.2707017 0승부최상작전마주50기 0 6 7 6 6 4 4 1①1:56.41½  -.214.439.313.6  0 11  .00 1 1 -2  .04111521889 5 5 3 72 5 1.02 6.07 2.7 4.2  2.7    4.2    8.3   81.9  .03460-1 6 2-1▽ -.741.20  .1938.50118.7 4.9511.2418.37 4111710.8123.0340.75 4
20250713일 71800 9국410 9 13 8 3강 3351흐림양호 6 7 4스플렌디드      오버애널소천하   7640.00한수 3 0 0 2 3  45915:15 33000국4서인석홍상기   1 8 8 2 218 3 3 011  0조재로49756.587평입보51 65 657885.071.071.62847161842101810251919111926226020 0↘→입13.939.740.513.8783439.241.4118.8118.1 33 44 5633   14.30   13.80 5 -1  5NL동54.34911814-1.0 4.6 3.6686817 0부중유리승부최상50기 0 7 4 5 5 7 5 3③1:58.8½    .014.341.814.5  0  4  .00 3 3  2  .32012734692 1 3 3 10 3 2.07 9.01     3.3  5.8   86.1  174.6  119.6  .05593 4 9 9 4☆ 1.841.10 -.9737.94118.631.6355.3271.5838567130.2355.9072.54 1
20250607토 51800 9국442 7 43 9 1강 1153흐림건조 3 7 4스플렌디드      오버애널소천하   7640.00한수 3 0 0 2 3  56814:40 33000국4서인석홍상기   1 9 7 1 118 2 2 010  0조재로49352.087평선보59 55 556276.060.036.328471618421018102519191119262275 0 0↘→입13.939.640.413.7784939.241.2118.6118.8 25 50 5038   14.10   13.10 4  0 -3NUUP54.94911814 -.4 4.6 4.2626217 1부중유리작전마주62기 1 8 3 5 4 5 3 3①1:58.6코    .014.340.313.8  0 -2  .00 1 1  0  .03814704288 3 2 4 52 2 1.02 8.04     2.7  1.9    2.7    4.1    9.8  .03158 0 7 7 0―  .941.30 -.1038.80118.510.5822.2936.2812274121.0538.4254.85 3
20250511일 51700 9국551 5 5310혼전 4451맑음포화19 7 4스플렌디드      오버애널소천하   3238.00한수 3 0 0 2 4  64213:35 24750국5서인석홍상기   110 6 3 218 1 1 0 9  0조재로49554.583평입보39 39 397845.059.052.129631121441118102519191119262267 0 0↗↘입13.839.240.813.7826539.040.3109.9112.4 14 43 4343   14.40   14.4011 -4 -3NHUP55.04891714  .0 3.0 3.0717113 3일반주행작전마주 1   0 8 3 3 3 2 2 2①1:49.94    -.714.139.113.1  0 -7  .00 1 1-12  .0161230 795 1 1 5 31 1 1.03 8.09     4.4  2.6    5.3    8.7    5.312.73182 2 6 8 2▲  .741.70 -.1032.40113.117.3036.2052.08 9223512.5026.3637.85 4
20250223일 8140013국554 110311 3강 3351맑음건조 3 7 4스플렌디드      오버애널소천하   3238.00한수 3 0 0 9 5  87016:05110000국5서인석홍상기   111 5 2 318 1 1 0 7  0이용호48957.074우입보79 75 756146.047.015.52773101946 818101726191119182067 0 0↗↘자13.836.738.913.7666937.340.0 90.1 90.7 17 50 5050   13.90   14.50 4  1  4BB동55.04891713 -.4 4.0 3.6707014 0전개최상최적거리 1   01212    121211⑩1:30.11¾  2.114.440.214.4 -3-12  .001013  8 2.28960707319 8 2 9100 410.04 2.01     5.6 38.1  170.2  457.4  278.912.13465 0 5 5 0― -.239.60  .7415.1488.32 3.32 8.9215.51 0 1 2 5.0310.3815.03 9
20250125토 7140011국511 2 6312 1강 1151맑음건조 3 7 4스플렌디드      오버애널소천하   3238.00한수 3 0 0 9 5  94815:15 24750국5서인석홍상기   112 4 1 218 3 1 0 6  0이용호50153.574평선보88 88 889292.068.043.82773101946 818101726191119182067 0 0↗↘자13.836.838.813.4628036.639.3 89.3 88.4 20 40 4060   14.20   13.40 4  9 -2VU동55.04891713 -.5 4.8 4.3676714 0전개최상전개최상 1기 311 4     4 3 2③1:29.34     .713.940.014.5 -2  6  .00 3 5  4 2.32819482556 1 3 3 22 3 1.09 2.08     4.3  1.6   25.8   36.1   77.812.04191 2 9 8 2▲ 1.339.00  .0012.8288.3215.2631.0643.7621425829.4153.4553.83 1
20241228토 4140011국630 6 8313 1강 1159맑음건조 5 7 4스플렌디드      오버애널소천하   3238.00한수 2 0 0 9 6 104012:45 16500국6서인석홍상기   113 3 6 118 2 0 0 5  0이용호49555.073평자보81 95 959194.074.083.318431325521218101726191119182050 0 0↘↗자13.836.739.013.4666936.937.9 89.5 87.5  0 25 5050   13.50   13.40 5 -6  0UNUP55.04871713 -.7 5.3 4.7636313 1편성만만전개최상 1기 0 2 1     1 1 1①1:29.5½    .014.238.813.4  0  3  .00 1 1 -2  .0 637 7 386 1 3 1 11 2 1.02 2.09     5.3  2.2    6.1   10.4   19.3  .06494 4 9 9 4☆ 2.238.90-1.0911.8088.3844.7170.5983.3038567135.9661.8831.12 1
20241124일 31300 8국630 2 3314 1강 1157맑음건조 4 7 4스플렌디드      오버애널소천하   3238.00한수 2 0 0 2 6 113912:05 16500국6서인석홍상기   114 2 5 218 1 0 0 4  0이용호49255.073평입하52 70 708570.067.057.5184313255212181017261911191820 0 0 0↘↗자13.937.038.713.4768736.938.0 82.1 82.3  0  0 3333   13.90   14.70 4  3  0HNDN55.04811710-2.5 7.5 5.0626212-4승부최상작전마주 1   0 8 2     2 1 1③1:22.1¾    .213.538.613.4  0 -2  .00 3 3  2  .2181811 272 3 2 2 31 1 2.01 6.05     3.0  3.0    3.0    6.6    2.2  .03476 1 7 8 1▲ 1.139.90 -.07 6.5882.4518.3238.8157.4514304718.7540.0031.66 2
20241026토 41700 9국630 3 3315 1강 1151맑음다습14 7 4스플렌디드      오버애널소천하   3238.00한수 2 0 0 9 7 123512:45 16500국6서인석홍상기   115 1 4 118 1 0 0 3  0송재철49455.080평입보61 72 728585.072.069.4224215244513181017 01911192620 0 0 0→→입13.939.640.413.4608938.941.6112.3113.9  0  0 3333   13.70   14.40 4 -6  1NNUP55.04811710-4.010.0 6.0575712 4편성만만승부최상 1   0 5 2 2 2 2 2 3⑤1:52.3코    .713.941.414.7  4  7  .01 5 1  0 1.061 9683857 2 1 2 11 3 3.05 7.02     3.1  4.9   35.4   63.2   24.6  .04592 4 9 9 4☆ 1.841.60 -.5033.93113.132.2553.8469.4134536626.2648.6561.89 1
20261010토 7160010국3 1 2  7 0 1강 1151           7 5관악산스카이    콩코드포베리블레 7627.00한수 3 1 1   1    016:05 41250혼3이준철손병석  -4 0 7 6 1 6 7 4 0 6  1빅투아   52.591강선보50 71 711493.068.064.631521331471630374250312222281899 0 0→→선13.935.940.413.19030                   80 80 6020   14.30   13.70 6  4 -4NUDN54.85211818  .6 2.0 2.6818114-2전개최상승부최상64기 0 5                            14.3    13.7        .0                       110 3 1  7                                              .06293 4 9 9 4☆ 1.640.40 -.84     103.230.1651.3664.5534536630.4752.5061.71 1
20260830일 8180010국512 5 67 1혼전 4451흐림다습11 7 5관악산스카이    콩코드포베리블레 8941.00한수 3 1 1 9 1   96      33000혼4이준철손병석  -4 1 6 5 4 6 6 3 0 5  1빅투아52056.591우선적69 61 619678.068.055.831521331471630374250312222281899 0 0→→선13.839.440.413.1932239.839.5116.5117.0 75 75 7525   13.90   14.50 5 -1  1UL동54.25211818  .8 2.3 3.0787814 0전개최상전개최상47기 0 1 1 1 2 2 2 1①1:56.51¼  -.214.339.213.7  0 -1  .00 1 1  0  .0 534211292 1 5 5 11 6 1.04 1.07 1.8 4.1  1.8    5.2    7.9    8.6  .05595 4 9 9 4☆ 1.641.30 -.4937.23118.524.2142.0155.7534536617.7831.5847.16 3
20260726일 9180011국551 5107 2혼전 4451맑음양호 9 7 5관악산스카이    콩코드포베리블레 8941.00한수 3 1 1 9 1   73      33000국5이준철손병석  -4 2 5 4 3 6 5 3 0 4  1빅투아52155.591강선보71 68 689871.067.050.931521331471630374250312222281899 0 0→→선13.739.440.113.1923738.442.6118.5118.8 75 75 7525   13.90   14.4012 -1 -2UN동54.25211818  .0 1.0 1.0989814 0만회노력전개최상98기 0 2 1 1 1 1 1 5⑦1:58.51¾  1.513.942.614.5  6  3  .03 7 1 -5 1.637 3885336 1 1 5 11 5 7.02 8.09 2.0 6.2 24.4   60.0  225.7  129.3  .06698 4 8 8 4▲ 1.741.50 -.2939.25118.325.9241.1250.9034536616.0929.0041.48 2
20260503일 8180014국514 4 67 3혼전 4451흐림다습11 7 5관악산스카이    콩코드포베리블레 8941.00한수 3 1 1 1 2  223     550000국5이준철손병석  -4 3 4 3 2 6 4 3 0 3  1빅투아51857.091강선보98 98 988784.069.036.628401735581130374250312222281899 0 0→→선13.839.540.313.1904938.842.5118.1120.1100100 6733   14.20   13.80 4 -4  5UB동54.25211812  .0 1.0 1.0989818 0전개최상마주성향 5   0 3 6 5 5 710 9⑨1:58.13    2.213.942.914.4  3  3  .00 9 6  5 2.572 8876421 911 1 10 4 2.07 2.09 3.0 6.4  7.0   63.7  133.3   65.010.53785 3 9 9 3★ 1.441.60 -.0740.31118.515.5828.5836.6318375311.5620.1517.06 2
20260404토 7180011국522 8 77 4 1강 1151맑음양호 7 7 5관악산스카이    콩코드포베리블레 8941.00한수 3 1 1 1 1   78      33000국5이준철손병석  -4 4 3 2 1 6 3 2 0 2  1빅투아51552.591강선보98 99 999793.071.075.531521331471630374250312222281899 0 0→→선13.739.640.413.1836938.940.8118.3117.1100100 5050   13.60   13.40 4 -2 -2NUUP55.05241812  .0 1.0 1.0989814 4전개최상전개최상53기 0 7 1 1 1 1 1 1①1:58.32½  -.514.240.113.8  0 -9  .00 1 1  0  .0 5 7582096 1 2 1 11 3 1.03 7.06 1.6 3.1  1.6    5.8    8.3  101.7  .07097 4 9 9 4☆ 2.241.10-1.0037.10118.542.3765.8075.5338597036.1158.8871.52 1
20260308일 4140011국522 6 77 5혼전 4451맑음다습13 7 5관악산스카이    콩코드포베리블레 7627.00한수 3 1 1 2 1   70      24750국5이준철손병석  -4 5 2 1 1 6 2 1 0 1  1빅투아52454.091강도보99 99 999686.069.056.331521331471630374250312222281899 0 0→→선13.636.340.213.4964136.938.2 86.8 87.5100100100 0   13.50   13.70 4  4 -2BUUP56.05231412  .0 1.0 1.0999912 2마주성향전개최상77기 1 9 2     2 1 1①1:26.84    -.613.637.813.4  0  1  .00 1 1  0  .0 53411 596 111 1 11 2 1.08 9.11 2.5 2.9  2.5   24.9   29.9   98.910.57597 4 9 9 4☆ 2.139.30 -.8710.9688.9327.9545.7156.2818405418.8433.5838.39 1
20260207토 1120012국621 8 77 6혼전 4455맑음건조 2 7 5관악산스카이    콩코드포베리블레 7724.00한수 3     2 1   73      24750국6이준철손병석  -4 6 1 1 1 6 1 0 0 0  0빅투아52356.091평무보93 25 2582  .070.051.2315213314716303742503122222818      →→선14.236.938.312.6959436.538.2 74.6 74.4              14.20   12.90 4  0  0LL동       12 0         1.0     0 0숨은복병마주성향 5   0 5 3     2 3 1①1:14.65    -.913.538.613.7  0 -3  .00 1 1  0  .0 41230 996 6 3 3 21 1 1.06 5.04 1.5 2.7  1.5   10.4   13.1   47.812.72973 2 8 9 2▲ 1.538.20 -.18 -.8275.6121.5439.6151.23183753 8.3316.6724.89 5
20261010토 7160010국3 1 2  2 0 1강 1151           7 6안양빛의속도    다이나믹다이나믹 5128.00한수 3 0 1   1    016:05 41250혼3이신우(주)에이-1 0 9 1 2 8 1 3 2 8  1안드레   53.568강자보50 76 761481.061.041.12042 32060 8205625 021143426 7502525→↘선14.036.339.913.36941                   71100 2971   14.40   13.70 5 -3  1NNDN55.65021812-1.8 3.6 1.8888810-2승부최상연대우수56기 0 6                            14.4    13.7        .0                       2 7 2 3  2                                            12.03772 2 8 9 2▲  .939.90 -.22     103.213.7427.8041.08 9223516.4132.5042.86 2
20260905토 61800 9국452 2 52 1혼전 4451맑음양호 7 7 6안양빛의속도    다이나믹다이나믹 51     한수 3 0 1 1 1   88      41250혼3이신우(주)에이-1 1 8 3 1 8 1 3 1 7  1푸르칸51452.579강자상93 97 978883.066.055.62355152060 8205625 02114142421502525↗→추13.840.039.913.2588339.141.2116.9117.9 67100 1783   13.80   13.30 4  3 -2VUUP55.65021812 -.8 3.2 2.4848410 2승부최상승부최상72기 1 9 7 5 5 5 4 3②1:56.98     .014.440.213.7 -1 -2  .00 2 3  1 1.51813683976 5 3 1 12 1 1.03 4.09 2.7 3.9  2.7    6.9   11.2   63.610.55298 4 9 9 4☆ 1.440.80 -.5238.00118.521.6441.3955.5834536627.3747.9256.95 1
20260808토 71600 9국430 9 82 2 1강 1151맑음건조 2 7 6안양빛의속도    다이나믹다이나믹 5128.00한수 3 0 1 1 1   85      33000국4이신우(주)에이-1 2 7 2 1 8 1 2 1 6  1안드레51654.568강입하69 75 751487.067.062.32042 32060 8205625 021143426 7333333→↘선13.936.739.013.2448336.139.2101.4101.3 60 80 2080   14.00   13.50 6 -3 -1NHUP56.04971612-1.4 3.8 2.4838310 4전개최상승부최상53기 2 6 3   3 2 2 1①1:41.47   -1.213.838.513.3 -1 10  .00 1 2  1  .0 631372599 2 1 4 11 1 2.03 6.02 3.1 5.5  3.2    6.8   13.6   55.8  .07595 4 9 9 4☆ 2.039.00 -.5025.60102.932.8251.8262.2518405421.6036.5149.59 2
20260627토 6120011국454 2102 3혼전 4451맑음건조 4 7 6안양빛의속도    다이나믹다이나믹  541.00한수 3 0 1 9 1   95      33000국4홍대유(주)에이-1 3 6 1 5 8 5 2 1 5  1이혁  50655.080우입상94 99 999380.066.040.02259 7194312152031352014282118333333↗↘선13.937.338.013.1439737.538.8 74.5 76.5 60 80 2080   13.80   12.80 5  6 -2BH동56.04971212-1.8 4.5 2.8808010 0전개최상전개최상72기 0 910    10 8 7⑤1:14.52     .914.037.813.5  4  3  .02 5 1  0  .9636151565110 1 1 23 5 5.02 1.04 2.3 5.4 11.6   22.4   55.0  105.110.54186 3 9 9 3★ 1.338.40  .08 1.2075.6714.5528.3639.97 9223516.1329.2540.58 2
20260524일 5120011국543 6 42 4혼전 4451맑음다습11 7 6안양빛의속도    다이나믹다이나믹  541.00한수 3 0 1 2 1   66      24750국5홍대유(주)에이-1 4 5 4 4 8 4 1 1 4  1이혁  50357.080강추상90 90 909679.070.067.52259 719431215203135201428211850 050↗↘선13.937.338.113.1419836.937.8 73.5 74.7 50100 2575   13.90   13.20 5 -6  1HB동55.54941212-1.8 4.5 2.8808010 0편성만만전개최상48기 1 3 3     4 2 1①1:13.52½  -.413.836.912.8  0  0  .00 1 1 -4  .0 93117 994 7 1 2 12 4 1.02 3.10 1.9 3.4  1.9    3.4    5.4    6.910.54190 3 9 9 3★ 1.637.90 -.76 -.6775.7231.3652.2967.4734536624.7244.3247.96 1
20260418토 6120010국553 5102 5 3강 3331맑음건조 5 7 6안양빛의속도    다이나믹다이나믹  541.00한수 3 0 1 2 1   97      24750국5홍대유(주)에이-1 5 4 3 3 8 3 1 1 3  1이혁  50356.080강자상82 83 838764.063.032.12259 719431215203135201428211899 0 0↗↘선13.937.238.213.1459837.537.9 75.0 75.3 67100 3367   14.20   13.3034  6  1BL동55.04841212-1.7 4.3 2.7828210 0강단마필우수능력49기 1 9 5     5 6 4③1:15.01¼   .213.937.713.2 -2 22  .00 3 5 -2  .72362172373 8 2 4 53 3 1.02 7.06 2.5 6.5  2.5    6.5   11.6   12.410.92476 1 7 8 1▲  .938.10  .25 -.0875.72 9.7320.5432.14 81728 9.6819.5728.86 5
20250817일 8120010국514 2 62 6혼전 4451맑음양호 7 7 6안양빛의속도    다이나믹다이나믹  541.00한수 2 1 1 2 4  698      82500국5홍대유(주)에이-1 6 3 2 2 8 2 1 0 2  1이혁  48155.082우입하85 92 929481.070.037.91430 81438 515203135201428211899 0 0→↗선13.936.938.213.4738737.337.7 74.3 75.1 50 50 5050   13.80   13.20 4 -1  2VN동55.04841210  .0 3.0 3.0808010 0전개최상전개최상 5   0 3 7     8 8 4②1:14.37     .013.937.513.1 -5 -2  .00 2 7  6 1.21656121479 6 4 8 23 2 1.07 9.03 1.7 4.2  1.7   13.1   15.5  108.710.54891 3 9 9 3★ 1.638.40  .24 -.0275.5614.0226.2737.8712264111.5423.2828.60 3
20250720일 4120011국544 3 92 7 1강 1151맑음포화17 7 6안양빛의속도    다이나믹다이나믹  541.00한수 2 1 1 2 3  442      24750국5홍대유(주)에이-1 7 2 1 1 8 1 1 0 1  1이혁  48353.081강도상98 98 989989.067.060.72132101854 915203135201428211899 0 0↗↘선13.736.738.312.7899837.138.2 74.1 75.7100100100**   13.60   13.00 4  3 -2VUUP55.04841210-4.0 5.0 1.0949410 2연대우수전개최상84기 2 4 5     5 4 6⑤1:14.1½    .513.838.013.2  4 -1  .00 5 1 -4  .63241272164 3 3 1 12 1 9.10 8.10 1.8 4.4 38.2  463.6  900.9 1495.0  .06298 4 9 9 4☆ 1.538.70 -.36  .6575.5030.0750.4160.6534536637.3557.4776.69 1
20250621토 1100010국610 3 12 8혼전 4455흐림포화19 7 6안양빛의속도    다이나믹다이나믹  541.00한수 2     2 3  534      24750국6홍대유(주)에이-1 8 1 1 1 8 1 0 0 0  0장추열48455.093평무보   25 2540  .065.056.43050 51854 9152037 02014202722      ↘↗입13.737.137.812.8    36.737.0 61.0 61.5              13.70   13.10 4  0  0NL동       10 0                 0 0일반주행연대우수48기 0 1 1     1 2 1①1:01.01¼  -.213.636.813.0 -4 10  .00 1 5  0  .0 91715 689 4 4 5 11 1 5.01 1.05 1.3 3.3 15.4    9.2   33.1   75.2  .03762 0 6 7 0― 1.037.60 -.56-13.562.7124.8642.8556.3936597110.7821.4632.86 1
20261010토 7160010국3 1 2  3 0 1강 1151           7 7스마트캣        오버애널촐룰라캣 3238.00한수 5 0 0   1    016:05 41250혼3한만달함평제일 1 016 1 830 1 2 730  0조한별   53.560평추보50 42 4214 4.031.0 7.1132710 0   0 0 0 0 0 0 0122118112267↗↘입14.336.539.413.45349                   30 43 1337   14.00   13.9014  1  0NH동55.24571818-1.6 8.2 6.6424210 0숨은복병휴양불리60조 0 7                            14.0    13.9        .0                       7 41010  2                                              .019 7-3 1 2-3▼-1.639.40  .71     103.0  .84 1.68 7.06 1 4 8  .78 2.50 6.0010
20260704토 8160010국414 4 63 1 3강 3351흐림건조 4 7 7스마트캣        오버애널촐룰라캣 3238.00한수 5 0 0 1 2  257      41250혼3박천서함평제일 1 11515 730 1 2 729  0김철호47253.563평추상45 47 471422.050.024.51740151199 0 61211 013 5142025112267↗↘추14.336.739.413.3465336.240.3101.4103.3 31 45 1438   14.10   14.10 7  5  1NNDN55.24571818-1.4 8.2 6.8474710-2일반주행급신장세44관 0 6 8   8 8 9 7⑤1:41.4머리 1.314.039.513.9 -3  4  .00 5 8  0 1.65933676240 8 4 7 63 1 1.05 2.08 1.7 5.8  1.7    7.0   10.2   14.911.82928 2 4 6 2―  .139.40  .2027.19103.1 5.9614.3424.50 51222 4.3013.5421.88 6
20260516토 71800 9국450 7103 2혼전 4451맑음건조 3 7 7스마트캣        오버애널촐룰라캣 7640.00한수 5 0 0 2 1  134      41250국4박천서함평제일 1 214141130 1 2 728  0김성현46852.558평추상33 25 253012.040.022.41440 91057 5 612141613 5162319 02575↗↘입14.340.440.613.4433038.441.6118.7119.4 32 39 1125   14.60   14.60 7 -3 -3UH동55.54551818 -.8 8.2 7.4393910 0일반주행조교부실44관 0 1 2 1 1 1 1 2⑤1:58.7¾    .814.141.014.1 -3  2  .00 5 8 -1  .951 2752560 8 9 6 61 7 6.07 3.07 3.3 7.3 10.3   45.8  103.0   85.3  .01723 0 3 4 0― -.740.60 -.0738.39118.9 6.3013.6622.44 51222 3.1311.9220.56 7
20260328토 9180011국320 7 73 3혼전 4451맑음건조 3 7 7스마트캣        오버애널촐룰라캣 7640.00한수 5 0 0 9 1  137      41250국3박천서함평제일 1 313131030 1 2 727  0조한별46655.059평추보13  9  925 6.032.0 8.91327101057 5 612 3 013 5122118 02575↗↘입14.340.740.313.4204538.842.7118.4118.5 33 44  733   15.70   13.70 8 -7  2HN동55.54551818 -.4 7.4 7.0343410 0최빈거리보통주행53관 0 4 8 5 4 4 4 6⑧1:58.4½    .814.642.114.6 -1 -9  .00 8 9  0 1.334 788685810 811100 1 3.01 2.07 2.5 3.6  9.9   10.2   28.5   89.8  .01310-1 2 2-1▽-1.440.20  .2237.51118.9 1.81 3.63 8.85 1 4 8 1.02 3.90 8.3310
20260131토 9180011국333 6 83 4 1강 1131맑음건조 2 7 7스마트캣        오버애널촐룰라캣 7640.00한수 5 0 0 9 1  149      41250국3박천서함평제일 1 41212 930 3 2 726  0김성현47553.558평추보31 19 19 9 6.034.010.71440 91057 5 612141613 5162319 02575↗↘입14.340.540.313.4304941.841.3120.5121.2 31 46  831   14.90   13.50 6  8 -1VH동55.54551818 -.2 6.4 6.2434310 0일반주행보통주행 5기 0111011111010 9⑧2:00.52½  2.115.740.213.7 -1  7  .00 8 9  2 2.68995709225 9 5 8 90 6 1.05 3.06 2.0 4.1  2.0    9.2   12.6   10.2  .015 7-3 2 2-3▼-1.340.70  .2340.37118.9 1.94 5.4010.69 2 714  .63 2.85 7.09 9
20251221일 9180011국342 3 93 5혼전 4451맑음다습13 7 7스마트캣        오버애널촐룰라캣 7640.00한수 4 0 0 2 1  10917:00 41250국3박천서함평제일 1 51111 830 2 2 725  0김성현46854.558평추상19 25 252110.035.010.81440 91057 5 612141613 5162319 02575↗↘입14.340.340.613.4433040.439.9117.4118.9 36 40  428   14.80   13.30 4 -3  1HN동55.54551818 -.2 6.0 5.8434310 0일반주행급신장세42기 0 3 8 7 5 3 3 6⑦1:57.4코   1.414.940.013.5  0 -1  .00 7 7 -1 1.5435638403810 7 7 80 5 1.08 5.06     4.2  2.2   44.3   56.5  234.7  .01515 0 2 2 0―-1.140.60  .2037.95118.9 1.28 4.7110.78 2 714 2.59 6.3610.56 8
20251123일 9180010국343 2 43 6 2강 2251맑음건조 3 7 7스마트캣        오버애널촐룰라캣 7640.00한수 4 0 0 2 1   91      41250국3박천서함평제일 1 61010 730 1 2 724  0김성현46954.058평추보 5  4  4 1 3.030.011.81440 91057 5 612141613 5162319 02575↗↘입14.340.440.813.4332239.940.2117.9119.6 38 42  833   14.90   13.60 4 -4 -2NH동55.54551813  .4 5.6 6.0353512 0일반주행거리속성48기 0 6 9 9 810 9 8⑥1:57.9목    .614.839.013.3 -2  3  .00 6 8  0 1.1603644316110 510 93 4 3.0510.01 2.0 3.4  5.1   51.8   84.3   23.2  .015 7-3 1 1-3▼-1.340.60  .0938.36119.0 1.91 5.5811.77 1 4 7  .12 1.83 5.0310
20251025토 9180011국311 1 13 7 3강 3351맑음건조 5 7 7스마트캣        오버애널촐룰라캣 7640.00한수 4 0 0 9 1  190      41250국3박천서함평제일 1 7 9 9 630 1 2 723  0정우주46655.559평추하19 12 12 4 6.034.011.81356 81057 5 612 73013 5163012 02575↗→입14.340.240.813.4432240.740.7118.2120.7 39 43  935   14.80   14.30 7  6  0BN동55.54551813 1.0 5.2 6.2363612 0숨은복병거리속성66기 010 8 8 8 8 8 9⑧1:58.2¾   2.314.939.513.6  0  5  .00 8 8  3 2.88368586618 71011 90 1 1.04 4.02 1.6 2.9  1.6    6.4    7.9    6.5  .01914-1 2 2-1▽-1.041.00  .1539.70118.9 2.04 5.7511.80 1 4 8  .93 3.81 8.7911
20250907일101800 9국312 3 63 8 1강 1159맑음다습14 7 7스마트캣        오버애널촐룰라캣 7640.00한수 4 0 0 1 2  30618:00 41250국3박천서함평제일 1 8 8 8 530 3 2 722  0김성현46155.564평추보16 30 303639.047.032.8 6 0 61199 0 612141613 5162319 02575→↗입14.240.140.813.3552540.540.5117.6119.6 41 45  936   14.20   13.50 6  2  2HNUP55.54551813 1.0 4.4 5.4474712 2마방기습작전마주42기 1 4 6 6 6 6 4 7⑥1:57.64    1.814.840.114.3  1  1  .00 6 5  1 1.96064505828 4 7 2 42 3 2.01 1.09     4.9  6.0    5.8   15.1   37.0  .03226 0 5 5 0―  .040.90 -.3038.65118.9 7.9619.8432.75101934 9.5222.4040.10 4
20250727일12160010국333 2 33 9 1강 1151맑음건조 3 7 7스마트캣        오버애널촐룰라캣 3238.00한수 4 0 0 9 3  41416:50 41250국3최봉주함평제일 1 9 7 7 630 2 2 721  0김성현46054.063평추보45 34 341454.051.025.41650102267151432 01617 4162319 02575→→입14.236.439.413.3605336.939.7101.7103.3 43 48 1038   14.70   14.10 4 -4 -1HHDN55.54551813 1.0 4.0 5.0515112-2마방기습마방기습44기 0 2 9   910 8 4④1:41.71¼   .414.239.113.5  0 -1  .00 4 4 -1 1.36478577167 6 2 8 73 2 6.01 4.05     3.1 18.2   12.1   33.2  140.3  .03232 0 5 7 0―  .339.40  .3427.53102.9 7.0816.2525.44 3 816 5.8816.5332.08 6
20250629일10180011국351 710310 1강 1151맑음양호 7 7 7스마트캣        오버애널촐룰라캣 7640.00한수 4 0 0 9 3  49617:30 41250국3최봉주함평제일 110 6 6 430 1 2 720  0김성현46154.563평추하22 19 195051.052.028.51650102267151432 01617 4162319 02575→→입14.240.040.313.3584940.141.1118.7119.0 45 50 1040   14.40   14.40 7 -3 -3NH동55.54551813 1.2 3.2 4.4616112 0마방기습마방기습54기 1 6 8 8 8 9 9 7⑤1:58.75    1.514.741.314.1  0 -2  .00 5 5 -1 2.34444676139 3 5 9 63 1 1.04 9.10     7.7  2.6   12.2   17.5   41.812.03255 2 6 7 2―  .541.00 -.0138.69118.7 9.0517.8628.46 4122110.4318.8829.31 4
20250510토 8180011국350 610311혼전 4451흐림불량20 7 7스마트캣        오버애널촐룰라캣 7640.00한수 4 0 0 2 4  64917:00 41250국3최봉주함평제일 111 5 5 33010 2 719  0박태종46357.062우추하28 28 287019.038.016.4 899 5 220 01432243317 4192421 02575↘↗입14.240.139.913.3557340.241.4117.5119.8 47 53 1142   14.30   14.40 4 -1  0LLUP55.54551813 1.4 2.2 3.6717118 2마방기습마방기습 1   0 9 9 8 8 8 8 8⑦1:57.52½  1.914.441.914.4  1  1  .00 7 6  0 2.26549747228 4 5 7 9012 4.0711.10     7.3  6.4   35.1   57.1   85.5  .03244 0 3 2 0― -.740.90  .3539.79118.5 4.05 9.5016.39 3 713 5.2112.2422.92 8
20250413일 7160010국343 6 4312 3강 3351맑음포화17 7 7스마트캣        오버애널촐룰라캣 3238.00한수 4 0 1 2 4  72415:15 82500국3최봉주함평제일 112 4 4 530 9 2 718  1박태종46257.061우추하86 89 891449.046.017.4 899 5 220 01432243317 4192421 02575↘↗입14.236.638.913.3507336.140.5101.6104.0 50 56 1144   14.50   13.50 5  7  2VBDN55.54551813  .4 1.8 2.2838318-2전개최상마방기습 1   010 9   9 910 9⑨1:41.61    2.014.340.114.4  3  1  .00 9 6  5 2.18027757125 7 3 4 9011 2.01 6.07     3.6  4.2    3.6    9.3   34.8  .03436 0 5 4 0― -.338.90  .6628.50102.8 3.72 9.0317.39 3 713 7.0515.2823.59 7
20250309일 9180010국321 1 7313혼전 4454맑음양호 8 7 7스마트캣        오버애널촐룰라캣 7640.00한수 4 0 0 2 5  82717:00 41250국3최봉주함평제일 113 3 3 230 8 2 617  0박태종46155.567우추보90 88 889176.060.058.61857 33056121432243317 4192421 02575↗↘입14.140.439.613.2358739.439.6116.5118.5 47 59  647   14.40   13.30 4  0  0HN동55.54551813 -.6 2.8 2.2838318 0일반주행전개최상 1기 0 3 6 5 4 3 3 3②1:56.53     .014.539.613.5  1  0  .00 2 1 -1  .5301925 775 6 2 1 1210 3.01 1.03     2.8  8.6    6.6   21.0   49.310.54181 3 8 6 3▲  .940.50 -.6238.52118.525.2744.5258.6434536629.8550.7565.63 1
20250208토10180011국352 610314혼전 4451맑음건조 5 7 7스마트캣        오버애널촐룰라캣 7640.00한수 4 0 0 1 5  92317:30 41250국3최봉주함평제일 114 2 2 130 7 2 516  0박태종46155.567우추보91 83 836877.061.032.71857 33056121432243317 4192421 01486↗↘입14.040.439.613.2308940.139.0118.6117.9 44 56  644   14.40   13.30 3 -4  4HNUP55.54541813 -.8 2.8 2.0868612 2뒷심문제거리속성 1기 0 3 3 3 3 3 3 2②1:58.6¾    .014.439.013.3  0  4  .00 2 2  1  .11446121086 6 2 3 52 9 7.02 9.03    10.7 15.5   27.5   75.0   38.812.73167 2 8 8 2▲  .840.40 -.0337.88118.510.2121.0232.66 9223515.8929.6940.99 3
20250118토 8160010국354 210315혼전 4451맑음건조 4 7 7스마트캣        오버애널촐룰라캣 3238.00한수 4 0 0 2 5  96916:05 41250국3최봉주함평제일 115 1 1 430 6 2 415  0박태종45752.069우추하90 88 881465.052.023.61857 33056121432243317 4192421 01486↗↘입14.036.938.913.3297336.737.3100.8101.4 40 53  740   14.80   12.70 7 -2  1NN동55.54541613-1.4 3.4 2.0868612 0부중유리작전마주 1기 1 7 9   910 9 3②1:40.81     .014.438.413.3  1 -8  .00 2 1  0  .2 863 4 27710 1 2 73 8 4.01 6.07     9.6  6.2   15.8   37.2   39.710.53146 1 7 6 1―  .238.90  .3625.59102.9 6.6615.2523.58 41117 8.9123.2127.14 3
20261010토 7160010국3 1 2  4 0 1강 1151           7 8임로            페더럴리거센마풍 5837.00한수 4       1    016:05 41250혼3김동철임수복   2 013 1 1 0 1 4 1 0  0유승완   52.569강입하62 71 711439.044.018.91961 9245211172619 017141527224060 0→↘입13.736.440.013.85941                   56 78 2233   14.20   13.6036  6 -2LUUP54.84751812 -.8 3.0 2.2777712 2편성탐색보통주행64기 1 8                            14.2    13.6        .0                       6 8 4 7  2                                              .02944 0 5 6 0― -.540.00  .20     103.3 4.3510.8218.92 41117 4.6911.6723.14 9
20260125일10140010국354 5 54 1혼전 4451맑음건조 3 7 8임로            페더럴리거센마풍 5837.00한수 4 0 0 2 4  707      41250국3김동철임수복   2 112 2 312 3 4 111  0조재로  054.083강입하97 90 907879.065.038.22963111667 01726223117141926224060 0↗↘입13.736.739.113.86569                   56 78 2233   13.70   13.10 5 -7  1HN동54.84751812 -.2 2.0 1.8818112 0인기탐색작전마주 5기 3 2                    경제    13.7    13.1     0  .07                      7 3 1 2010 5.03 3.04 3.3 4.9  9.3   18.4   42.0   21.210.54183 3 8 8 3▲ 1.239.10  .04     88.4514.4926.8538.1812264119.4734.2142.74 1
20251221일10140011국312 2 64 2혼전 4451맑음다습13 7 8임로            페더럴리거센마풍 5837.00한수 3 0 1 2 1   8717:30 41250국3김동철임수복   2 211 1 312 2 4 110  1조재로47953.088강입하65 69 696956.056.025.23453142452111726223117141926224060 0↗↘입13.736.739.213.7646937.338.7 85.3 87.5 63 88 2513   14.10   15.40 3 -2 -1LHDN54.84751812 -.2 2.0 1.8818112-4승군탐색보통주행48기 0 9 5     7 5 4③1:25.32     .313.737.613.1 -3 -8  .00 3 6  3 1.4 767243271 6 8 7 60 9 1.04 4.05     4.6  1.5    6.1    8.5   18.112.73168 2 7 7 2―  .538.90  .3211.6088.52 7.3615.2925.22 51222 5.8415.4423.14 7
20251130일11180011국453 9104 3혼전 4451흐림다습10 7 8임로            페더럴리거센마풍 1736.00한수 3 0 1 9 1   67      41250혼3김동철임수복   2 310 1 112 1 4 1 9  1조재로48753.588우입하81 86 866478.057.025.53453142452111726223117141926224060 0↗↘입13.839.740.513.7745338.743.3119.4119.9 63 75 1313   13.80   13.50 5  4 -3VHUP54.84751812  .0 2.0 2.0797912 2숨은복병작전마주55기 111 1 1 1 1 1 4⑧1:59.43    1.514.143.615.4  5  7  .01 8 3  2 1.768 5938040 4 7 2 81 811.05 8.04 3.1 6.8 74.2  439.9 1082.2  388.1  .02187 1 8 7 1△  .541.40  .0939.67118.6 7.6315.8625.47 2 71412.6022.5635.25 3
20251025토 7160010국511 3 64 4 1강 1151맑음건조 5 7 8임로            페더럴리거센마풍 5837.00한수 3 0 1 9 1  192      33000혼4김동철임수복   2 4 9 5 312 1 3 1 8  1유승완48056.569우입하41 48 481426.038.016.61961 9245211172619 017141527225050 0→↘입13.836.140.113.8804136.637.8101.1101.1 57 71 14 0   13.60   15.50 5  1  0NL동54.44741612  .2 1.8 2.0797912 0마방연대보통주행72기 1 7 3   3 3 3 1①1:41.11½  -.313.838.013.5  0 -6  .00 1 1  0  .0 458 9 691 3 6 5 82 1 1.04 7.04 1.6 5.5  1.6    6.0    8.3   12.3  .03022-1 4 4-1▽ -.840.10  .3524.92103.2 3.74 8.7416.58 3 713 6.5216.6725.99 5
20250921일 6160010국442 4 44 5혼전 4451맑음다습14 7 8임로            페더럴리거센마풍 5837.00한수 3 0 1 2 2  26914:25 33000국4김동철임수복   2 5 8 4 212 1 3 1 7  1문세영48656.573강입보97 98 981486.069.052.62735 0267512172653 017142936155050 0↗↗입13.836.140.113.8764135.142.3103.3104.2 57 71 14 0   13.50   13.30 9 -3  4NB동54.44741612  .6 1.6 2.2818112 0부중유리마방연대 5기 1 6 4   4 4 4 5⑦1:43.32½  1.613.642.415.5  6 18  .09 7 1 -2 2.682 1948433 4 7 1 32 1 3.07 8.01     3.2  5.7   83.7  164.1  333.810.54090 3 9 9 3★ 1.540.10 -.5127.97103.220.6539.3652.6018375325.0043.0658.80 1
20250719토 8160010국452 2104 6혼전 4461흐림포화17 7 8임로            페더럴리거센마풍 5837.00한수 3 0 1 2 3  44717:30 33000국4김동철임수복   2 6 7 3 112 7 2 1 6  1조재로46852.587강입하79 85 851475.064.041.02847162943101726223117141926223367 0↘→입13.836.240.613.8732736.038.7 98.7100.6 50 67 17 0   13.70   13.70 4  5 -1BUUP55.04761612  .8 1.3 2.0868612 2일반주행보통주행48기 0 9 3   3 2 2 1①1:38.74    -.713.537.613.3 -2 -8  .00 1 3  1  .0 122251194 510 3 11 7 3.01 9.05     6.8  5.1    6.8   10.3   25.5  .03658 3 8 9 3▲ 1.140.60 -.5123.76103.516.2829.3040.9634536617.6530.8535.79 2
20250621토 51400 8국434 5 34 7혼전 4461흐림포화19 7 8임로            페더럴리거센마풍 5837.00한수 3 0 1 2 3  53014:40 33000국4김동철임수복   2 7 6 2 212 6 2 1 5  1조재로47653.587강입보81 87 877481.067.052.12847162943101726223117141926223367 0↘→입13.836.739.613.7725336.740.0 87.0 89.1 60 80 20 0   13.80   14.20 5  1  0VU동55.04761412 1.0 1.3 2.3848412 0부중유리보통주행58기 1 4 6     7 7 4③1:27.04     .713.738.913.7  1  1  .00 3 2 -1 1.05225705659 5 5 3 43 6 5.03 8.05     3.1 13.5   24.1   65.8   15.0  .04084 3 9 9 3★ 1.439.30 -.6412.8088.8019.4337.1752.1318375320.3938.2452.22 3
20250517토 8140010국433 7 84 8혼전 4451흐림포화16 7 8임로            페더럴리거센마풍 5837.00한수 3 1 1 2 4  62817:00 33000국4김동철임수복   2 8 5 1 112 5 2 1 4  1조재로47553.583강입보96 98 986979.062.035.12963111667 01726223117141926225050 0↗↘입13.736.739.413.6756536.939.3 88.6 88.8 75100 25 0   13.70   13.40 5 -4 -2HUUP55.84771412 1.0 1.5 2.5848412 2숨은복병작전마주64기 0 3 6     6 5 3③1:28.64     .713.839.614.2  0 -1  .00 3 3  2  .74334493663 5 5 1 52 5 2.0110.07     4.4  4.2    5.5   11.3    5.510.52968 2 8 8 2▲  .939.20 -.0712.7288.6610.9622.7235.11 8172818.6435.4547.37 3
20250412토 5120011국513 5 14 9 3강 3351흐림양호 7 7 8임로            페더럴리거센마풍 5632.00한수 3 0 1 2 4  73616:45 24750국5김동철임수복   2 9 4 2 412 4 1 1 3  1조재로47655.584우선하90 89 898087.064.043.22963111667 017262231171419262299 0 0↗↘입13.737.038.513.8648036.838.0 75.3 74.8 67100 33 0   13.60   13.40 6  2  1LN동56.04781212 3.0 1.0 4.0717112 0부중유리작전마주 1기 0 7 2     4 4 2①1:15.3½   -.113.738.413.4  0 -4  .00 1 1  0  .01027221190 6 7 1 22 4 1.02 7.06     2.6  1.5    2.6    3.4    7.510.93177 1 8 8 1▲ 1.338.20 -.12 -.6875.7815.9930.7943.2318385527.5547.4260.80 1
20250301토 5120011국553 210410혼전 4453흐림건조 3 7 8임로            페더럴리거센마풍 5632.00한수 3 1 1 1 5  86214:25 24750국5김동철임수복   210 3 1 312 3 1 0 2  1조재로48054.584강입보97 35 3582  .061.036.41741 91944 717262231171419262299 0 0↘↗입13.836.838.813.8838036.938.0 75.0 75.3 50100 50 0   13.60   14.20 6  4 -2NU동56.04781212         1.0    12 0일반주행보통주행 1관 1 5 1     2 2 2②1:15.0코    .013.638.413.4  1  2  .00 2 1 -1  .02032221378 6 811 41 3 3.01 6.05     5.1  6.2    5.1   12.7   10.012.73164 2 7 7 2―  .838.50  .02 -.3375.8411.9924.0936.37 8172814.4726.3597.79 3
20250119일 1120011국612 7 1411 1강 1155맑음건조 3 7 8임로            페더럴리거센마풍 5632.00한수 3 0 0 2 5  96510:35 16500국6김동철임수복   211 2 2 212 2 0 0 1  0조재로47856.084우입보88 35 3569  .062.040.21741 91944 7172622311714192622      ↘↗입13.937.238.913.8587636.738.4 76.3 74.9  0100  0 0   14.10   14.10 4 -6  1HN동       1212         4.0    12 0교체실패보통주행 1기 0 1 2     2 3 1①1:16.33    -.513.639.514.2 -1 15  .00 1 2  1  .01119361695 7 6 6 41 2 2.09 1.08     2.8  7.4  574.0  900.4   84.0  .02056 0 6 7 0― 1.038.00 -.37-1.2076.1212.7326.0840.21101934 9.0218.1831.44 2
20241222일 1120012국350 810412 3강 3355맑음양호 7 7 8임로            페더럴리거센마풍 5632.00한수 2     2 6 105410:35 24750국3김동철임수복   212 1 1 112 1 0 0 0  0조재로46355.087평무보   35 3540  .045.021.33141221321 5172622311714192622      ↘↘입13.936.738.513.5    37.038.5 77.1 75.4              13.90   13.80        LN동       12 0                 0 0일반주행보통주행 1기 0 7 6     4 3 3④1:17.1¾    .414.139.414.1  3  5  .00 4 1  0  .72438403170 8 8 9 72 1 6.0512.09     6.1 10.2   47.3  126.0   74.3  .01537-1 4 5-1▽ -.438.70  .68  .2175.61 6.2413.1721.26 41121 8.8717.5326.90 6
20261010토 7160010국3 1 2  6 0 1강 1151           7 9퀸다이아        레이스데리마커블 8830.00한암 4 0 0   1    016:05 41250혼3이관호김아라   2 016 1 422 6 3 323  0장추열   52.593우자보50 67 671466.061.040.8305012214111202123252220202722224433→→입14.036.840.013.73941                   33 56 1722   14.10   13.50 6  8 -4LH동53.94441814-1.4 4.4 3.0737313 0뒷심문제부중영향67기 1 9                            14.1    13.5        .0                       8 9 5 4  8                                              .02855 1 7 9 1▲  .840.00 -.51     103.512.4026.8540.82122641 8.5920.8332.57 4
20260829토 71600 9국454 7 56 1혼전 4461맑음다습12 7 9퀸다이아        레이스데리마커블 8830.00한암 4 0 0 9 1  107      33000국4이관호김아라   2 115 2 322 5 3 222  0장추열44456.593우자상87 83 831461.060.040.2305012214111202123252220202722253838→→입14.036.840.013.8354136.239.2100.6101.8 29 53 1824   14.10   13.90 2 -9  2UBUP53.64441814 -.8 4.6 3.8696913 2일반주행부중잇점58기 0 1 5   5 4 4 2②1:40.63     .014.138.613.5 -1 -6  .00 2 3 -3  .61331352388 9 3 4 32 7 7.03 2.01 2.2 3.0 20.5   61.6  173.0   47.2  .02451 1 7 7 1―  .740.00 -.4824.95103.513.4427.9440.17 92235 8.0025.3736.19 4
20260815토 9140010국454 7106 2혼전 4451흐림건조 3 7 9퀸다이아        레이스데리마커블 8830.00한암 4 0 0 2 1   43      33000국4이관호김아라   2 214 11322 4 3 221  0장추열45055.093우자상85 92 925380.064.040.4305012214111202123252220202722292943→→입13.937.139.513.8364536.939.1 88.3 88.0 38 50 2519   13.90   13.60 4  5  1VN동53.44431814 -.2 4.0 3.8696913 0부중유리작전마주 5   010 8     5 4 4④1:28.3머리  .514.139.513.9 -2 13  .00 4 6  1  .91537362669 9 8 2 22 6 2.07 3.07 2.7 6.0  4.3   64.4  111.7  399.510.54070 3 9 8 3▲ 1.238.60 -.5111.4089.0017.1429.6540.4218375319.0533.0446.65 2
20260719일 8140011국543 7 96 3혼전 4451맑음다습14 7 9퀸다이아        레이스데리마커블 8830.00한암 4 0 0 2 1   43      33000국5이관호김아라   2 313 81222 3 3 120  0장추열43754.093평자보63 61 612839.056.027.6305012214111202123252220202722333333→→입13.937.139.613.8343736.939.2 87.2 88.1 33 40 2020   13.80   14.30 4 -2 -2NHDN53.34441814  .2 4.4 4.6575713-2일반주행부중잇점 5   0 5 7     6 6 5②1:27.21     .013.939.013.6 -3 -9  .00 2 5  1  .21737423289 9 8 4 53 5 4.05 2.05 3.4 7.2  5.1   17.4   40.8  113.4  .01536 0 5 5 0―  .338.60 -.2611.4189.07 8.7718.6527.60 81728 6.9815.0527.46 8
20260620토 71600 9국412 8 66 4 2강 2251비  불량20 7 9퀸다이아        레이스데리마커블 8830.00한암 4 0 0 2 1   74      33000국4이관호김아라   2 412 7 222 2 3 119  0장추열44655.593평자상78 79 791473.060.036.4305012214111202123252220202722333333→→입13.936.940.113.8303436.240.3101.3102.8 29 43 1429   15.10   14.00 6 -1  1NLDN53.34441814  .4 4.4 4.8595913-2뒷심문제작전마주 5기 1 7 7   7 2 2 4④1:41.35    1.013.839.614.3  0  0  .00 4 4  0 1.24626676152 8 7 2 31 4 1.05 1.10 1.7 4.9  1.7    6.5    9.6   47.0  .02835 0 7 6 0―  .640.10 -.4725.84103.611.9923.7036.4412264113.9127.6838.77 3
20260509토 31800 7국421 9 26 5 1강 1154맑음건조 5 7 9퀸다이아        레이스데리마커블 8737.00한암 4 0 0 2 1  118      33000국4이관호김아라   2 511 6 122 1 3 118  0장추열44655.093평자보54 51 51 382.067.068.9305012214111202123252220202722404020→→입13.939.941.013.8562241.340.1119.9118.5 23 38 1523   14.40   13.90 2  0  1NNUP53.04441814  .4 4.6 5.0565613 4최근최상거리속성40기 0 8 7 7 7 6 6 3③1:59.9¾    .115.141.114.0 -1 -3  .00 3 4  0  .23086386579 2 8 3 23 3 6.02 7.05 1.9 1.8 28.9   43.0  166.2   50.4  .03781 3 8 9 3▲ 1.341.00-1.1137.61118.924.1549.1468.8638567126.8350.3170.51 2
20260426일 6140011국411 9 66 6 1강 1133맑음건조 3 7 9퀸다이아        레이스데리마커블 8830.00한암 4 0 0 9 1   25      33000국4이관호김아라   2 610 51122 2 3 117  0우인철44954.074평자보65 60 603175.056.035.2204810214111202119 02220112823404020↗↘입13.936.939.813.9482737.139.3 90.1 88.5 25 33 3325   14.40   13.70 6  6  2NN동53.04441614  .2 4.8 5.0494913 0일반주행작전마주49기 0 8 8     5 3 4⑥1:30.1½    .514.440.113.9  2 -1  .00 6 4  1  .62947444070 410 2 32 211.10 5.10 1.9 7.7 64.6  647.2  901.5 1566.0  .02041 0 7 6 0―  .638.90 -.4411.7689.0710.5222.6535.1612274117.6531.1647.32 2
20260314토 7140011국454 8 56 7 3강 3331맑음양호 7 7 9퀸다이아        레이스데리마커블 8830.00한암 4 0 0 2 1  120      33000국4이관호김아라   2 7 9 41022 1 3 116  0우인철45052.574평자보31 24 243423.051.026.6204810214111202119 02220112823404020↗↘입13.836.839.813.9562537.139.3 89.1 88.6 27 36 2727   14.00   14.20 6 -6 -4UHDN53.04441614  .2 4.6 4.8474713-2숨은복병부중영향64기 0 2 6     4 4 5④1:29.11     .514.439.413.7  1  3  .00 4 3 -4  .73347454268 81010 62 1 7.0511.03 2.3 4.1 20.0  159.8  409.4  175.9  .02262 0 5 6 0―  .039.00 -.1711.9789.00 6.8516.1026.56 51222 5.5011.5418.46 6
20260201일 7160010국443 5 96 8 1강 1151맑음건조 2 7 9퀸다이아        레이스데리마커블 8830.00한암 4 0 0 1 1   98      33000국4이관호김아라   2 8 8 3 122 1 3 115  0마이아44756.093평자보64 59 591460.057.033.3355512214111202110 022203533 7404020↘↗선13.936.640.113.7514136.340.4103.2103.8 30 50 2040   13.60   14.00 7 -2  0NLUP53.04441614 -.4 4.2 3.8616113 2일반주행탄력호전 5기 1 8 7   7 4 4 5⑥1:43.21    1.914.040.214.2 -1  6  .00 6 7  3 1.97536706727 6 7 6 52 1 2.05 1.05 2.4 5.6  3.9   24.7   36.9   15.2  .01755 0 6 7 0―  .740.10 -.2627.14103.4 9.0120.9233.32 61829 7.3316.9626.49 6
20251214일 8140011국442 5 96 9 1강 1151맑음포화18 7 9퀸다이아        레이스데리마커블 8830.00한암 3 0 0 2 1  132      41250국4이관호김아라   2 9 7 2 922 1 3 114  0김정준44156.074우자상52 63 635161.037.015.61433 9214111202115312220132026404020↗↗추13.836.839.513.7614936.340.1 86.7 88.5 44 44 2233   14.20   14.00 5  5  1BB동53.04441414 -.6 3.6 3.0696913 0일반주행보통주행73기 110 2     2 2 3⑤1:26.73     .813.639.414.0  1 -5  .00 5 4 -1  .93414704757 6 7 3 9110 1.07 8.06     5.6  3.0   35.7   54.3  543.6  .01539-1 5 3-1▽ -.839.00  .3112.1988.80 3.68 8.4515.63 1 4 8 7.4823.3236.42 3
20251108토 8140011국422 5 7610혼전 4431흐림건조 3 7 9퀸다이아        레이스데리마커블 8830.00한암 3 0 0 2 1  147      33000국4이관호김아라   210 6 1 822 2 3 113  0장추열44655.093우자하44 49 495644.050.020.63050122141112021232522202027225050 0→→입13.836.639.613.7764137.139.4 88.3 88.9 50 50 1350   13.90   14.10 3  0 -1NN동52.54431414 -.6 3.0 2.4767613 0숨은복병보통주행69기 0 5 8     7 7 5④1:28.33     .614.239.114.0 -1 -7  .00 4 5  0  .74448504764 5 8 6 73 2 9.01 3.10 2.5 3.6 62.8  104.7  312.0  240.8  .01941 0 6 6 0― -.139.30  .2312.6588.73 5.4412.6320.56 41117 8.7417.3920.84 6
20251019일10140011국514 9 6611혼전 4451맑음포화16 7 9퀸다이아        레이스데리마커블 8830.00한암 3 0 0 2 1  200      41250혼4이관호김아라   211 5 6 722 1 3 112  0장추열45356.093우자하66 72 727857.063.025.33050122141112021232522202027225050 0→→입13.836.639.513.7794937.040.0 89.4 89.6 57 57 1457   13.70   14.10 3 -4  0NL동52.54431414-2.2 3.8 1.6878713 0마방선전부중편성48기 1 510     8 8 7⑥1:29.4목   1.713.939.814.1  1 10  .00 6 5  3 2.26743696534 7 2 5 80 1 8.04 3.09 2.0 6.5 19.0   55.1  129.0   83.9  .02784 0 7 8 0▲  .939.40  .1913.4788.66 6.7415.2225.34 41117 7.2616.6027.78 7
20250928일 3140011국414 3 6612혼전 4451비  불량20 7 9퀸다이아        레이스데리마커블 8830.00한암 3 0 0 9 2  25111:25 33000국4이관호김아라   212 4 5 622 3 3 111  0김정준44356.082우자상71 80 807456.062.035.02258 82150172021153122201320265050 0↘↗추13.836.539.613.7834536.740.4 87.1 89.3 57 57 1457   14.20   14.00 6  5  1NB동52.54431414-2.4 4.2 1.8797913 0숨은복병마방선전62기 1 9 5     4 3 7⑧1:27.11¼  1.113.739.314.1  6  9  .05 8 2  0 1.95925776646 4 7 5 40 9 1.05 8.02     5.8  1.8    7.3   11.1  155.712.73179 2 7 9 2▲  .939.50 -.0713.2088.6611.8123.1835.00122641 7.6219.0926.39 5
20250817일 6140011국452 610613혼전 4451맑음양호 7 7 9퀸다이아        레이스데리마커블 8830.00한암 3 0 0 2 2  37414:25 33000국4이관호김아라   213 3 4 522 2 3 110  0김정준43455.582우입상91 93 938268.060.047.32258 82150172021153122201320265050 0↘↗추13.836.639.313.7806137.139.7 88.7 89.2 67 67 1767   13.50   13.50 8 -4  4UB동52.54431414-1.6 4.4 2.8676713 0교체성공작전마주49기 0 410    101010③1:28.74     .814.239.714.0  1  7  .00 3 2 -3 1.05749626057 5 4 2 13 8 3.01 3.10     5.3  7.1    8.2   23.1    7.910.53064 0 8 7 0▲  .739.40 -.2613.3388.5217.1433.8047.2718375317.9533.5450.97 2
20250621토 51400 8국434 5 3614혼전 4451흐림포화19 7 9퀸다이아        레이스데리마커블 8830.00한암 3 0 0 2 3  53014:40 33000국4이관호김아라   214 2 3 422 1 2 1 9  0김정준42752.075우입하55 52 527044.055.029.32843191526112021153122201320266733 0↗↘추13.936.739.113.6747636.039.8 86.0 88.1 60 60  080   14.20   14.60 5  4 -1VU동52.74481413-2.0 5.3 3.3595914 0휴양탐색부중영향50기 1 8 3     3 1 1①1:26.01¾  -.313.538.713.5 -4 -9  .00 1 5  2  .018 3642293 6 3 5 52 7 5.03 8.05     3.1 13.5   24.1   65.8   15.0  .02480 1 6 8 1△  .439.00  .2712.3088.45 7.4317.0229.32 81728 8.7417.6528.67 5
20250518일 9140010국452 910615혼전 4456맑음다습11 7 9퀸다이아        레이스데리마커블 8830.00한암 3 0 0 2 4  61717:00 33000국4이관호김아라   215 1 2 322 1 2 1 8  0유승완43653.079평입보34 23 237334.054.024.11123 62152 6202122 022201527226733 0↘↗입13.936.739.213.6727336.640.6 89.3 89.3 60 60  080   14.10   14.4013 -5  1UV동52.74481413-2.3 6.3 4.0454514 0숨은복병작전마주67기 1 4 9     9 7 6⑥1:29.3½   1.014.240.414.6  3  3  .03 6 3 -1 1.26021817054 5 2 8 70 110.04 5.01     7.0 47.3  163.7  429.6  687.4  .02074 0 6 7 0―  .539.30  .3413.4388.52 6.3314.1124.05 3 816 7.1415.2325.00 5
20261010토 7160010외3 1 2  3 0 1강 1151           710글로리영광      CATALINARUMORS O        미수 4 0 0   1    016:05 41250혼3문세영박남성   0 012 3 111 1 1 111  0이혁     52.578기자적50 65 651433.048.023.72259 718221323 0 0414425282118 07525↗↘선13.936.439.513.76041                   30 40 2020   14.20   13.50 4  9  0VUUP55.34691614  .0 2.8 2.8737314 2일반주행기복전력47관 010                            14.2    13.5        .0                       4 5 6 5  1                                              .01835 0 4 5 0― -.139.50  .31     103.0 5.9414.7023.65 81728 5.4712.5022.29 6
20260913일11140011외354 2103 1혼전 4451맑음건조 3 710글로리영광      CATALINARUMORS O        미수 4 0 0 2 1   53      41250혼3문세영박남성   0 111 2 711 3 1 110  0장추열48352.593기자보90 90 907569.067.041.830501218221323 0 0244425202722 07525→→입13.936.639.013.7765337.538.4 86.6 87.9 30 40 2020   13.90   13.10 5  0  0UU동55.34691414  .0 2.6 2.6757514 0숨은복병기복전력66기 0 1 7     5 4 4④1:26.6½    .314.238.113.5  3 -3  .09 4 1 -2  .41366162270 6 2 3 22 3 4.03 2.04 3.0 5.8  7.0   25.6   56.2   77.410.52974 2 7 5 2△ 1.339.10  .0512.3288.3216.0230.2841.8334536610.5721.1433.42 3
20260808토 9140011외312 3 63 2 1강 1151맑음건조 2 710글로리영광      CATALINARUMORS O        미수 4     1 1  103      41250혼3문세영박남성   0 210 1 611 2 1 1 0  0장추열48652.593기자보82 80 805653.052.025.030501218221323 0 0244425202722 07525→→입13.936.539.213.8803737.538.4 87.4 88.3 33 44 3311   14.90   12.3032 -6 -6UU동55.34691414  .0 2.6 2.6757514 0일반주행휴양불리 5   0 1 6     6 5 4④1:27.41¼   .613.937.813.1  1 12  .00 4 3  0 1.02670162463 2 8 6 62 2 1.02 9.02 1.4 3.8  1.4    3.8    4.8   37.5  .01547 0 5 3 0―  .339.30  .4412.6488.38 7.0116.1624.96 41221 6.1514.9629.19 6
20251221일 7140011외454 2103 3혼전 4451맑음다습13 710글로리영광      CATALINARUMORS O        미수 3 0 0 2 4  633      33000혼4박지헌박남성   0 3 9 9 511 1 1 1 8  0장추열47458.093기자보88 93 936476.066.043.04269 51436 3202213242117202722 06733↗↘입14.036.639.213.9753436.639.0 85.7 87.9 38 25 5013   13.90   13.80 4  5  3NB동54.34671412  .0 2.6 2.6777714 0승부최상기복전력 6기 0 7 3     6 5 3③1:25.71     .213.538.013.2  0  6  .00 3 3  2  .51219361573 5 4 1 32 1 4.0910.09 3.7 8.6  8.1   76.8  137.7  107.810.53486 2 8 6 2▲ 1.239.10 -.1012.1088.4517.8031.4242.9712264120.2033.1745.65 3
20251123일 8140011외434 3 83 4 1강 1161맑음건조 3 710글로리영광      CATALINARUMORS O        미수 3 0 0 2 1   92      33000혼4박지헌박남성   0 4 8 8 411 5 0 1 7  0문세영46855.073기자적87 86 868594.074.063.33845 0214611202239522117293615 05050↗↘입13.936.639.313.8803436.539.5 86.8 88.1 29 29 4314   13.60   12.50 8 -7  2HNUP54.04661412 1.6 2.6 4.2686812 2연대우수승부최상32관 0 2 4     3 3 1①1:26.8½   -.113.939.013.8  0  5  .00 1 1 -3  .01617532889 5 1 3 12 5 1.06 2.05 2.1 4.0  2.1   16.9   25.2   39.5  .04591 4 9 9 4☆ 1.939.10 -.6812.1688.5228.4450.0563.2934536629.5052.4764.64 1
20250928일 9120010외441 2 43 5혼전 4451흐림포화18 710글로리영광      CATALINARUMORS O        미수 3 0 0 9 2  245      33000혼4박지헌박남성   0 5 7 7 411 4 0 0 6  0문세영46353.073평자하66 63 636657.062.034.22735 0222916202239522117293615 0 099↗↗입14.036.939.014.0713736.737.2 72.1 74.3 17 17 33 0   14.20   13.9010  8 -1BHDN55.04691412 1.8 2.8 4.6646414-2연대우수연대우수42기 0 9 5     3 4 2②1:12.11     .013.636.112.5 -2-12  .00 2 4  1  .2 319 5 177 5 6 5 32 4 2.04 3.09 1.8 2.9  4.4   21.1   33.5    7.7  .03769 1 6 5 1― 1.038.10 -.09-1.6076.0011.0922.3234.19143044 8.5719.3521.78 6
20250720일 9140011외452 3103 6혼전 4451맑음포화17 710글로리영광      CATALINARUMORS O        미수 3 0 0 2 3  43717:00 33000혼4박지헌박남성   0 6 6 6 311 3 0 0 5  0문세영47553.573평자보43 53 538372.065.043.83745 01633 5202239522117293615 0 099↘↗입13.836.540.014.0831537.339.3 87.2 88.7 20 20 40 0   13.70   14.60 5 -2  1UN동55.04691412 3.0 2.4 5.4555512 0연대우수연대우수52기 1 1 5     4 3 3④1:27.2½   1.014.238.613.9  1  5  .00 4 3  1 1.03958485250 2 9 5 32 3 6.05 6.07     8.1 10.0   43.0   91.6   80.612.73781 2 8 7 2▲ 1.139.40 -.5612.2388.9316.7830.8743.7712264115.1228.4243.14 3
20250615일 7140011외440 6 93 7혼전 4451맑음건조 3 710글로리영광      CATALINARUMORS O        미수 3 0 0 2 3  53915:15 33000혼4박지헌박남성   0 7 5 5 211 2 0 0 4  0문세영47052.573기추보52 58 587975.069.043.53745 01633 5202239522117293615 0 099↘↗입13.936.640.014.0751336.040.2 88.7 88.9 25 25 25 0   14.10   13.50 4 -5 -3UUUP55.04691412 3.5 2.5 6.0505012 2승부최상연대우수50기 0 3 1     1 1 2③1:28.71¾   .313.740.114.6  1  1  .00 3 2 -1 1.344 3753672 2 8 4 31 2 9.07 6.08     5.0 42.8  308.3  836.9  425.2  .04187 3 8 8 3▲ 1.539.30 -.5912.2589.0017.1332.0643.4918375318.0031.4745.63 3
20250518일10120010외443 5 93 8 2강 2259맑음다습11 710글로리영광      CATALINARUMORS O        미수 3 0 0 2 4  61617:30 33000혼4박지헌박남성   0 8 4 4 311 1 0 0 3  0문세영46955.073하자하19 19 198394.072.066.54555251436 3202239522117293615      →↘입13.936.839.314.3801237.438.1 75.0 75.5  0  0 33 0   13.70   15.60 3  4  2NNDN       1412 4.7 2.3 7.0383812-2숨은복병승부최상50기 1 8 7     6 6 5③1:15.0½    .014.138.013.5  0  7  .00 3 3  2  .62757242783 2 7 6 23 1 1.04 1.03     4.1  2.2    6.5   11.5    8.1  .04593 3 8 9 3▲ 1.638.60-1.12 -.6176.1227.5350.3066.4618405432.2859.4875.48 2
20250426토 7140011외454 6103 9혼전 4451맑음양호 8 710글로리영광      CATALINARUMORS O        미수 3 0 0 9 4  69216:05 33000혼4박지헌박남성   0 9 3 3 111 1 0 0 2  0씨씨웡46253.091하입보27 27 273948.057.035.52333 51436 32022 0402117212522      ↘↗선14.137.239.914.3401035.642.1 90.7 89.9  0  0  0 0   14.40   13.30 5 -6 -1HHUP       1412 3.0 3.0 6.0353512 2일반주행거리부담 1기 2 4 4     2 3 5⑨1:30.7코   1.113.743.015.6  8 -6  .00 9 1 -4 1.576 1958046 8 7 8 41 1 5.03 5.11     6.2  9.2   19.5   46.9   19.012.72974 2 5 5 2―  .738.90 -.7212.8289.3411.4023.7935.53 41121 9.3820.5623.41 4
20250323일 7120011외424 3 2310 3강 3355맑음건조 4 710글로리영광      CATALINARUMORS O        미수 3 0 0 2 4  78715:15 33000혼4박지헌박남성   010 2 2 211 1 0 0 1  0유승완46853.578하입하 5  1  12315.028.0 8.21123 61436 3202214 02117152722      ↘↗입14.137.340.215.351 237.438.6 75.7 76.2  0  0  0 0   14.20   15.50 8  2 -3NH동       1212 7.0 1.0 8.0 3 312 0연대우수보통주행 1기 11010    10 9 7④1:15.7머리  .514.438.813.3 -1 -2  .00 4 5  4 1.75159434764101110113 1 1.03 5.01     1.9  1.5   13.8   20.0  483.011.23212-4 1 1-4▼-1.638.30 -.23-1.3476.90 1.15 2.11 8.23 0 2 4 5.5613.3317.01 6
20250125토 2120010외341 4 9311혼전 4459맑음건조 3 710글로리영광      CATALINARUMORS O        미수 3     9 5  95311:00 41250혼3박지헌박남성   011 1 1 111 1 0 0 0  0마이아47056.093평무보   35 3540  .061.052.83448222170 02022 04621173533 7      →↘선14.136.738.515.0    37.142.1 80.1 79.5              14.10   15.30        LN동       12 0                 0 0일반주행연대우수 1관 1 8 7     5 5 9⑧1:20.16    4.414.242.815.5  7 -5  .00 8 1  0 4.898429897 4 1 1 5 22 1 3.02 5.01     6.7  5.3    8.4   20.8   74.0  .03786 3 7 9 3▲  .939.90 -.24 4.3375.6122.8039.3852.8234536613.1024.8644.98 5
20261010토 8180010국4 1 6  7 0혼전 4451           8 1희망밴드        록밴드  카밀라          한암 5 0 0   1    016:55 33000혼4이동국퍼플라인 2 016 3 826 1 2 326  0서승운   52.586평추하50 67 678349.059.044.82137101367 610 9 0 02011272616 05033↗→선14.541.439.713.33561                   26 30  439   15.20   13.30 4 -1 -1UH동52.84681817-1.2 4.6 3.4747418 0부진만회작전마주42조 0 1                            15.2    13.3        .0                       9 1 2 2  1                                              .02178 1 6 5 1―  .639.70 -.63     119.017.6532.0944.8118375317.7429.9340.34 2
20260913일 9180011국454 4107 1혼전 4441맑음건조 3 8 1희망밴드        록밴드  카밀라          한암 5 0 0 2 1   55      33000국4이동국퍼플라인 2 115 2 726 6 2 325  0송재철47453.075평추보45 58 585918.045.026.51745 91367 610 917262011192620 05033→→입14.540.739.613.3256541.440.3120.1119.9 26 30  439   14.60   13.70 5 -2  0HV동52.84681817-1.8 5.8 4.0686818 0일반주행최적거리71기 1 2 9 9 91010 9⑧2:00.11    1.215.239.913.3  4 -2  .09 8 4  1 1.3719046754511 1 7 60 8 2.08 7.03 2.8 5.5  3.5   27.3   38.9   84.9  .01541 0 4 3 0― -.440.30  .0439.55118.7 8.7817.3026.47 41117 4.8210.0018.69 9
20260809일 7180011국452 7107 2 1강 1151맑음건조 2 8 1희망밴드        록밴드  카밀라          한암 5 0 0 1 1   95      33000국4이동국퍼플라인 2 214 1 626 5 2 324  0송재철47653.075평추상72 74 747058.052.029.51745 91367 610 917262011192620 05033→→입14.540.839.613.2236940.040.5119.1118.7 27 27  541   14.60   13.20 4  2  1HV동52.84681817-1.8 5.8 4.0686817 0뒷심문제작전마주40기 0 4 5 5 6 4 5 5⑤1:59.1목    .514.640.613.7  2  4  .00 5 3  0  .73742494068 9 2 2 62 7 1.02 5.06 3.7 6.2  3.7    6.2   11.8   17.9  .02849 0 6 4 0―  .340.10 -.0838.28118.7 9.4220.0129.50 4122113.1027.4339.33 3
20260712일 91800 8국553 7 57 3 1강 1145맑음다습10 8 1희망밴드        록밴드  카밀라          한암 5 0 0 2 1   42      33000국5이동국퍼플라인 2 313 2 526 4 2 223  0송재철47252.575평추보37 47 476636.054.040.11745 91367 610 917262011192620 06020→→입14.540.739.813.2196140.438.6117.2117.2 24 24  538   14.30   12.50 3  1  0HH동52.84671817-1.4 6.4 5.0565617 0적정체중작전마주63조 0 2 5 5 5 6 6 5②1:57.21     .014.639.413.2 -1  7  .00 2 3 -2  .2 458 5 689 6 1 3 43 6 6.03 4.02 2.1 2.5 23.1   60.2  178.8  413.5  .02557 1 6 5 1―  .640.00 -.3436.68118.712.7826.0740.0710193410.1726.0236.76 4
20260621일 61800 9국451 4 57 4 1강 1149맑음포화17 8 1희망밴드        록밴드  카밀라          한암 5 0 0 2 1   45      33000국4이동국퍼플라인 2 412 1 426 3 2 222  0송재철46552.575평추보34 31 31 9 7.034.017.61745 91367 610 917262011192620 06020→→입14.640.740.213.3223440.638.4118.2119.4 25 25  530   15.40   13.40 2 -8  0UHUP52.84671817-1.4 6.8 5.4505017 1일반주행거리속성 5기 0 1 3 3 2 4 4 4③1:58.2¾    .214.337.512.5 -2 -6  .00 3 5 -1 1.55062 3 673 8 4 3 62 5 2.01 9.07 1.8 2.7  5.2    2.7    8.3    6.3  .01515-3 3 1-3▼-1.140.30  .0438.48118.9 2.24 8.1217.61 41221 3.51 8.6220.45 6
20260606토 81700 9국551 6107 5 2강 2251맑음양호 6 8 1희망밴드        록밴드  카밀라          한암 5 0 0 1 1   33      33000국5이동국퍼플라인 2 511 21026 2 2 221  0송재철47152.575평추상70 77 776842.055.028.21745 91367 610 917262011192620 06020→→입14.639.840.613.3515340.940.2113.8113.5 26 32  526   14.80   13.70 4  2  0VHDN52.84671817-3.0 7.4 4.4585817-1교체성공최적거리63기 0 9 9 9 9 9 9 7⑥1:53.8½    .815.440.313.4  0  1  .00 6 6  0 1.14687235058 6 3 4 53 4 5.02 3.05 3.8 6.6  7.8   14.8   39.3   17.4  .03064 0 5 5 0―  .341.30  .2433.12113.4 7.2717.6828.17 61425 6.1513.9924.40 7
20260509토 31800 7국421 9 27 6 1강 1154맑음건조 5 8 1희망밴드        록밴드  카밀라          한암 5 0 0 2 1   78      33000국4이동국퍼플라인 2 610 1 326 1 1 220  0송재철47052.575평추보 9 10 1019 6.035.016.61745 91367 610 917262011192620 05025→→입14.540.140.513.3592240.540.9119.7118.1 22 22  633   15.30   13.40 2  1  0NHUP52.94671817-2.2 7.0 4.8565617 1일반주행거리속성35기 0 7 5 4 4 5 4 5①1:59.7머리  .014.841.413.7 -5  1  .00 1 6 -3  .02066586693 3 4 5 62 3 6.02 7.05 1.9 1.8 28.9   43.0  166.2   50.4  .01533-1 2 3-1▽-1.040.70  .1537.45118.8 2.73 7.9016.57 31119 1.22 5.0311.54 8
20260426일 5170010국533 3 87 7 1강 1151맑음건조 3 8 1희망밴드        록밴드  카밀라          한암 5 0 0 9 1   26      33000국5이동국퍼플라인 2 7 9 9 926 1 1 219  0조상범46952.557평추하47 42 4253 7.040.015.7 927 61367 610 9 0 02011132116 05025↗→입14.639.340.713.3804541.040.1113.4114.2 24 24  629   14.90   13.40 4 -2  0NHUP52.94671817-2.2 6.0 3.8636317 1일반주행작전마주41조 0 610101010 8 8⑧1:53.42    1.415.339.613.4 -1 -3  .00 8 9  3 1.66892225437 4 2 6 90 1 1.04 3.08 1.9 3.3  1.9    9.2   11.6   16.3  .02029 0 2 2 0― -.541.90  .7234.21113.1 3.73 8.7215.72 1 5 9 2.04 4.6911.61 9
20260328토 8160010국512 9 17 8 3강 3351맑음건조 3 8 1희망밴드        록밴드  카밀라          한암 5 0 0 9 1   77      33000국5이동국퍼플라인 2 8 8 8 126 2 1 218  0송재철47252.575평추상48 56 561418.050.023.91745 91367 610 917262011192620 05025→→입14.636.439.313.3613736.438.8103.8103.4 25 25  638   15.50   13.70 6  2  0NHDN52.94671817-2.6 5.4 2.8767617-1일반주행보통주행77조 1 810  10 8 9 9⑦1:43.8머리 2.014.939.313.4  1  6  .00 7 6 -1 2.05643251929 5 3 5 60 2 4.01 1.02 1.2 1.9 19.1    8.1   45.5    6.811.21826 0 4 5 0―  .139.30  .4027.67102.9 5.9614.4123.88 41121 4.44 9.4217.88 8
20260215일 9170011국541 5 97 9혼전 4451맑음건조 3 8 1희망밴드        록밴드  카밀라          한암 5 0 0 2 1   96      33000국5이동국퍼플라인 2 9 7 7 826 1 1 217  0송재철46652.575평추하52 62 626115.049.017.31745 91367 610 917262011192620 05025→→입14.639.440.613.2785340.441.2112.5113.7 27 27  747   14.80   13.50 3  2  0NH동52.94671817-1.8 4.2 2.4787817 0교체실패작전마주52관 0 610101010 8 7⑤1:52.53    1.115.540.713.7 -2 -6  .00 5 7  3 1.85675557048 6 4 6 83 1 1.02 7.01 2.6 4.7  2.6    4.7    8.1    8.8  .02047 0 3 3 0― -.141.70  .7033.70113.1 3.78 9.7717.25 2 714 3.67 9.0113.88 8
20260124토 8170011국541 5 9710혼전 4451맑음건조 3 8 1희망밴드        록밴드  카밀라          한암 5 0 0 2 1   56      33000국5이동국퍼플라인 210 6 6 726 1 1 216  0조재로47252.588평추하87 92 928179.069.048.53453141367 610 935 82011192622 05025↗↘입14.539.440.513.2765740.340.9113.0113.6 27 27  747   14.50   13.10 5 -1  0HH동52.94671817  .0 2.8 2.8767617 0뒷심문제작전마주 5조 0 4 7 7 8 7 5 6⑧1:53.01¼  1.014.840.113.5  4  1  .09 8 4 -5 2.25472466051 3 1 2 10 1 1.09 5.01 2.6 5.4  2.6   29.2   46.0   43.410.53782 3 8 8 3▲ 1.441.70  .0433.68113.019.0936.4748.4834536624.1840.6350.33 1
20251220토 6170011국552 410711혼전 4451흐림포화16 8 1희망밴드        록밴드  카밀라          한암 4 0 0 2 1  10214:25 24750국5이동국퍼플라인 211 5 5 626 1 0 215  0빅투아47152.591평추하29 46 467041.060.029.23152131367 610 929222011222818 03333→→선14.439.440.713.2775339.640.2109.4111.8 21 21  750   14.30   14.80 4 -3  0NHDN53.04651817  .0 2.8 2.8767617-1교체실패작전마주70조 1 5 7 7 7 6 4 1①1:49.43    -.614.539.213.1 -8 -2  .00 1 9  6  .0 737292093 7 410 42 1 9.10 5.04     9.7 17.6   88.0  164.5  311.5  .02179 1 6 7 1△  .741.40  .3731.66113.1 8.4918.6529.21 51222 6.3512.6521.43 9
20251123일 5180011국530 7 8712혼전 4455맑음건조 3 8 1희망밴드        록밴드  카밀라          한암 4 0 0 2 1   95      24750국5이동국퍼플라인 212 4 4 226 1 0 214  0문세영47352.573평추보32 52 527761.058.039.33845 01367 610 933132011293615 03333↗↘입14.540.440.213.1474539.242.9120.5120.4 21 21  743   14.10   14.40 5 -3  1NN동53.04651817  .4 2.2 2.6787817 0부중유리작전마주35관 1 8 4 4 5 6 6 7⑨2:00.52    1.214.342.014.8  6  6  .09 9 3 -1 1.47813928245 7 1 3 42 4 9.01 6.03 2.2 4.3 42.6   34.6  148.4  106.9  .03165 0 7 4 0―  .840.70 -.3439.76118.813.5526.6439.2512274111.2731.9041.91 3
20251019일 5180011국510 6 6713혼전 4451맑음포화17 8 1희망밴드        록밴드  카밀라          한암 4 0 0 2 2  205      24750국5이동국퍼플라인 213 3 3 126 1 0 213  0김용근46752.081평추상65 72 728165.063.042.01943 8 625 010 9 0312011302714 03333↗→선14.640.639.613.1317638.142.7118.9120.8 23 23  046   14.60   13.30 6  0 -1VUUP53.04651817  .4 2.4 2.8777717 1전개최상작전마주78기 111 4 2 2 2 2 2③1:58.92     .314.141.714.4 -1  9  .00 3 4  0 1.084 190537011 2 2 21 1 1.02 2.04 1.8 6.1  1.8    6.1    7.5    9.712.73486 2 7 7 2△ 1.040.60 -.3040.55118.617.2729.9742.0318375310.8428.8938.64 3
20250907일 3170011국552 410714 1강 1151맑음포화16 8 1희망밴드        록밴드  카밀라          한암 4 0 0 1 2  31311:25 24750국5이동국퍼플라인 214 2 2 526 3 0 212  0문세영45852.573평추보65 78 789180.064.041.92735 0 625 010 933132011293615 05050↗↗입14.640.040.113.1398339.940.7110.1112.6 25 17  050   15.00   12.20 5  5  1VN동53.34691713  .0 3.2 3.2696917 0부중유리전개최상29관 011 8 8 8 8 5 5③1:50.11     .214.639.713.3 -1-11  .00 3 4  1  .92149454374 9 1 2 20 3 8.01 6.09     6.7 36.0   37.5  153.7   54.4  .04177 1 8 6 1▲ 1.041.00  .0732.50113.115.8229.1941.8718375318.6936.2751.00 2
20250803일 71700 8국551 310715 1강 1151흐림건조 3 8 1희망밴드        록밴드  카밀라          한암 4 0 0 1 2  39613:55 24750국5이동국퍼플라인 215 1 1 426 2 0 111  0문세영46952.073평추하58 61 617935.045.029.62735 0 625 010 933132011293615 0 099↗↗입14.540.040.313.2398340.937.8114.3113.2 18 18  045   14.30   14.10 5  3 -3NU동54.54681713-1.2 4.6 3.4666617 0일반주행작전마주25관 0 6 6 6 7 5 4 2②1:54.3½    .015.037.412.2 -1  3  .00 2 3  2  .13789 1 286 8 2 3 52 2 4.03 7.06     7.2  8.4   19.7   36.2   50.5  .02048-1 5 2-1▽ -.241.00  .2432.86113.3 6.6617.4829.62 6182910.2922.0737.83 3
20261010토 8180010국4 1 6  2 0혼전 4451           8 2아쿠아라인      머스킷맨아쿠아프 6130.00한수 4 0 0   1    016:55 33000혼4서범석미즈타니 0 014 4 313 2 2 114  0마이아   55.593평추보50 36 366946.058.044.43555121347 4191729 018163533 7 0 099↘↗선14.439.940.013.32557                   22 22  033   14.20   13.80 6 -5 -1HNUP55.04841817 -.2 6.0 5.8343410 1거리혈통거리탄력47기 0 2                            14.2    13.8        .0                       5 3 8 3  2                                              .02050 0 5 5 0―  .640.00 -.25     118.517.4831.8044.4112264116.1325.8537.82 5
20260830일 7170011국450 1 52 1혼전 4451흐림다습11 8 2아쿠아라인      머스킷맨아쿠아프 7931.00한수 4 0 0 9 1   97      33000국4서범석미즈타니 0 113 3 313 1 2 113  0마이아51256.093평추상23  9  98742.060.031.03555121347 4191729 018163533 7 0 099↘↗선14.240.240.413.1267339.940.2111.1113.6 25 25  038   14.50   14.30 5  6 -1NN동55.04841817  .2 5.2 5.4383810 0숨은복병거리혈통86기 1 7 3 3 4 5 5 5⑥1:51.11¼  1.914.239.013.8 -1  2  .00 6 7 -2 2.25554242426 9 3 9 62 1 1.02 8.10 3.0 4.6  3.0    4.6   10.5    4.9  .02477 1 6 8 1▲ 1.040.90  .0633.00113.5 9.5619.7731.03101934 6.7814.5323.68 7
20260725토 8170011국440 3 42 2혼전 4451맑음다습10 8 2아쿠아라인      머스킷맨아쿠아프 7931.00한수 4 0 0 9 1   84      33000국4서범석미즈타니 0 212 2 213 1 2 112  0다실바51056.579평추하13 12 127235.056.026.81863101347 41917 0 01816202814 0 099↗↗입14.240.240.413.1257639.343.0111.8114.3 29 29  043   14.90   14.30 8 -7  6UBUP55.04841810 2.0 3.6 5.6494910 1승군불리거리속성35관 0 1 7 7 6 6 8 9⑦1:51.86    2.814.541.814.3 -2 17  .00 7 9  4 2.9712588831311 311 60 1 4.01 5.06 2.2 3.9  7.7    6.9   20.7   15.6  .02864 0 5 7 0―  .441.00  .1633.70113.5 7.0116.3926.82 51222 5.9313.7925.14 7
20260530토 71600 8국351 7102 3 2강 2231맑음양호 7 8 2아쿠아라인      머스킷맨아쿠아프 7931.00한수 4 0 0 9 1  154      41250국3서범석미즈타니 0 311 1 413 1 2 111  0조성환49351.053평추하50 42 421435.042.019.6 718 61347 41917 0 01816 91720 0 099↘→추14.237.238.413.0128537.440.9105.9105.4 33 33  050   14.70   14.10 5  7 -6NUDN55.04841810 1.6 2.8 4.4646413-2승군불리급신장세48기 1 8 8   8 8 8 8⑧1:45.912   3.114.941.014.3  3  0  .00 8 5  2 4.79495799214 8 1 7 70 1 1.04 4.05 2.7 5.4  2.7    8.4   13.5    9.3  .02831 0 5 5 0― -.638.40  .5529.84102.8 4.2410.7519.62 41117 5.6014.1027.10 6
20260425토10180010국422 6 22 4 3강 3351맑음건조 3 8 2아쿠아라인      머스킷맨아쿠아프 6130.00한수 4 0 0 9 1   92      33000국4서범석미즈타니 0 410 1 213 1 2 110  0루이스49357.063우추상61 56 568059.045.024.52144101347 4191716 01816192717 0 099↗↘입14.240.839.513.1158540.541.7119.8119.4 33 67  033   14.90   13.5010 -4  0ULUP55.04841810 1.4 2.4 3.8696913 1거리늘어휴양탐색50기 0 1 7 7 7 7 7 7⑥1:59.81¾  1.814.741.114.1  3-14  .05 6 3  0 2.3616476823111 1 3 70 1 1.07 4.09 1.7 2.1  1.7   12.1   17.1  227.5  .03264 0 6 5 0― -.240.20  .0639.14118.7 5.7314.5224.50 3 716 9.7820.2136.00 4
20260215일 9170011국541 4 92 5혼전 4451맑음건조 3 8 2아쿠아라인      머스킷맨아쿠아프 7931.00한수 4 0 0 2 1  180      33000국5서범석미즈타니 0 5 9 2 113 3 2 1 9  0씨씨웡50757.093우추상74 69 698781.071.048.53456111347 4191730 01816212522 0 099→↘선14.240.340.213.0209140.040.7111.9113.0 40 60  040   14.90   12.60 4 -3  5NBDN55.04841810 1.4 2.4 3.8696910-1착차만회거리속성65기 0 5 9 9 7 8 9 5④1:51.91½   .514.940.213.5  1  6  .00 4 3 -3 1.23453404065 9 1 5 13 3 1.02 7.01 2.6 4.7  2.6    4.7    8.1    8.810.64885 3 8 9 3▲ 1.740.70 -.2732.54113.422.4536.9448.4918375319.2735.1439.33 2
20260118일 7180011국351 1102 6 2강 2251흐림건조 5 8 2아쿠아라인      머스킷맨아쿠아프 6130.00한수 4 0 0 2 1   67      41250국3서범석미즈타니 0 6 8 1 113 2 2 1 8  0씨씨웡50152.593우추보53 46 464043.041.016.03456111347 4191730 01816212522 0 099→↘선14.240.739.912.9207641.038.5117.0118.6 50 50  050   14.90   13.40 5  3 -5NUUP55.04841810 2.3 1.5 3.8727210 2거리늘어거리속성 6기 0 810101010 9 7④1:57.0¾    .814.937.912.6 -2  4  .00 4 6  3 1.33777 6185511 5 9103 2 2.0111.02 2.3 6.6  4.4    6.6   14.5    9.8  .03248-2 5 3-2▽ -.740.20  .1737.97118.8 3.75 8.9815.97 1 4 8 6.5213.8521.66 5
20251213토 81600 8국413 5 62 7 3강 3351비  불량20 8 2아쿠아라인      머스킷맨아쿠아프 7931.00한수 3     2 1  101      33000국4서범석미즈타니 0 7 7 4 313 1 2 1 0  0씨씨웡49757.593강추하82 87 871481.063.054.93456111347 4191730 01816212522 0 099→↘선14.237.339.012.6 78936.439.0100.5102.6 67 67  067   14.80   12.1012  3  0NL동55.04841610 2.7 1.0 3.7818110 0편성탐색우수능력39관 0 5 8   8 8 8 6④1:40.55    1.214.938.413.4  1-17  .00 4 3 -1 1.44450322845 8 3 2 33 1 1.02 2.03     3.5  1.5    3.5    5.1    5.510.93677 1 8 8 1▲  .939.00 -.6126.32103.221.1638.8154.8518405428.7754.5569.55 1
20250921일 61600 9국442 4 42 8혼전 4451맑음다습14 8 2아쿠아라인      머스킷맨아쿠아프 7931.00한수 3 0 1 2 2  269      33000국4서범석미즈타니 0 8 6 3 213 2 2 1 6  1김용근51457.581강추하78 74 741474.065.047.61943 82888151917 0 01816302714 0 099↗→선14.237.339.012.6 78935.346.5108.0108.9 67 67  067   13.90   13.40 4 -7  7UBUP55.04841610  .5 1.0 1.5898913 2승부최상마방선전36기 0 2 1   1 3 7 9⑨1:48.0대차 6.313.246.616.9  5 11  .04 9 4  1 7.399 39999 310 2 4 40 2 3.07 8.01 2.0 3.2  5.7   83.7  164.1  333.8  .04387 4 8 9 4▲ 1.339.00 -.4432.57103.215.0932.2247.62 9223517.3133.4947.84 3
20250823토 9140011국434 1 82 9혼전 4451맑음건조 4 8 2아쿠아라인      머스킷맨아쿠아프 7931.00한수 3 0 1 2 2  360      41250혼3서범석미즈타니 0 9 5 2 213 1 2 1 5  1김용근50351.081강추하53 54 548160.062.032.51943 82888151917 0 01816302714 0 099↗→선14.237.538.612.6 69637.439.1 86.8 89.0 67 67  067   13.90   14.60 5  8 -7NUDN55.04841610  .0 1.0 1.0939313-2신마혈통승부최상47기 0 910    1010 9⑨1:26.81¾  1.613.938.013.4  6  3  .09 9 3  1 2.8496440483211 2 7 60 1 1.08 1.05 1.9 3.8  1.9   24.7   30.3  207.5  .04594 3 7 9 3▲ 1.338.40  .0112.9088.6610.1921.3832.49 41221 8.1518.1826.29 6
20250719토 8160010국452 210210혼전 4451흐림포화17 8 2아쿠아라인      머스킷맨아쿠아프 7931.00한수 3     2 3  44717:30 33000국4서범석미즈타니 010 4 1 113 1 2 1 0  0조인권50057.568강추하91 35 3514  .058.031.11729 81114 71917 0 01816242513 0 099→↘선14.237.339.012.6 88936.041.8102.3104.2 67 67  067   14.40   13.6036 -3  3UVUP55.04841610         8.0    13 2거리늘어신마혈통49기 1 1 6   6 5 410⑩1:42.31¼  2.913.940.714.6  8 18  .0110 2  1 3.6822290891110 310 50 1 3.01 9.05     6.8  5.1    6.8   10.3   25.5  .03567 1 7 7 1―  .639.00 -.0427.86103.210.1420.3131.08 8172810.7821.8986.04 4
20241109토 4140011국541 5 9211 2강 2251맑음양호 6 8 2아쿠아라인      머스킷맨아쿠아프 7931.00한수 2 1 1 2 6 119113:10 24750국5서범석미즈타니 011 3 2 113 1 1 1 2  1해리카49354.570강추보96 35 3583  .066.055.5203311183312191729 01816172612 0 099↗↘입14.237.738.612.6 99637.738.6 89.1 88.8100100  0**   14.20   13.00 3 -6  1UNUP55.04841410         2.0    13 1부중유리단기승부 1기 1 4 7     8 6 8⑧1:29.1목    .514.438.713.6  7  9  .00 8 1  0 1.5427724406511 110 20 1 2.0410.11     5.1  3.6    8.8   14.8   52.7  .04886 3 8 9 3▲ 1.538.20 -.7212.5088.8024.4743.6955.4821425812.6426.5183.80 3
20241019토 5130010국524 3 7212 1강 1151흐림포화16 8 2아쿠아라인      머스킷맨아쿠아프 7931.00한수 2 1 1 2 7 125614:00 24750국5서범석미즈타니 012 2 1 113 2 1 0 1  1이혁  48453.591강추보73 35 3561  .067.047.42661 31457 4191715 01816282118 0 099↗→선14.638.338.812.1 99938.237.9 81.8 82.3100100  0**   14.60   12.40 5  1 -2VUUP55.04841310         1.0    10 3신마혈통거리속성 1기 110 9     9 6 4②1:21.86     .014.237.913.0  1  0  .00 2 1  0 1.01778 8228210 310 23 2 2.01 3.10     3.2  2.6    3.2    6.6   25.412.03777 2 7 8 2▲ 1.338.60 -.65 5.1583.3517.0534.0947.4121425810.6821.2675.16 5
20240914토 1100012국620 3 2213혼전 4455맑음포화16 8 2아쿠아라인      머스킷맨아쿠아프 8424.00한수 2     2 7 134614:20 24750국6서범석미즈타니 013 1 1 113 1 0 0 0  0이혁  48455.090평무보   35 3540  .062.044.32661 31457 4191715 01816282118      ↗→선14.537.137.811.9    38.435.9 62.5 62.1              14.50   12.10        LN동       10 0                 0 0일반주행신마혈통 1관 1 911    1112 9①1:02.5¾   -.114.636.712.4  0 24  .00 1 1  0  .02382 11688 8 8 8 13 1 1.05 9.02     2.1  1.6   18.0   21.0   77.3  .03563 0 6 7 0―  .837.70 -.22-12.862.7117.2731.7644.31345366 8.3316.6725.00 9
20261010토 8180010외4 1 6  4 0혼전 4451           8 3마이던          BRETHRENSOUTHERN        미수 3       1    016:55 33000혼4정호익권경자   2 016 1 1 0 1 0 1 0  0이동하   52.591평입하85 74 746457.061.051.3315015213210231829 02213252419 067 0↗↘선14.238.240.814.18313                   10 30 2010   14.90   12.10 4  2  0HV동52.35061812-2.0 5.8 3.8636317 0숨은복병작전마주34기 0 3                            14.9    12.1        .0                       1 7 1 1  1                                              .02073 0 7 7 0―  .740.80 -.15     118.119.6737.2551.3134536614.5228.5744.12 4
20260912토 7180011외453 6 54 1혼전 4451맑음건조 3 8 3마이던          BRETHRENSOUTHERN        미수 3 0 0 2 1   67      33000혼4정호익권경자   2 11515 315 4 0 113  0서승운50452.586평입상63 52 524636.058.031.4213710213210231825 02213272616 067 0↗→선14.239.740.814.1751339.545.9124.5123.9 10 30 2010   14.10   14.30 4 -2  0UV동52.35061812-1.6 6.0 4.4565617 0숨은복병작전마주64관 1 1 4 4 4 4 710⑪2:04.510   6.014.545.717.0  9  0  .0911 2 -2 6.199239999 4 4 6 6 40 4 1.04 7.10 2.5 5.0  2.5   13.4   18.8  116.9  .02057 0 6 6 0―  .641.80 -.1343.43118.710.3720.8531.43 81728 7.1417.7825.17 5
20260815토 7180010외443 7 94 2혼전 4451흐림건조 3 8 3마이던          BRETHRENSOUTHERN        미수 3 0 0 2 1   85      33000혼4정호익권경자   2 21414 215 3 0 112  0서승운50452.586평입상76 70 703357.061.045.6213710213210231825 02213272616 067 0↗→선14.239.840.914.0731338.941.7118.6118.5 11 33 1111   14.20   13.20 4 -6  0HVUP52.35061812-1.6 6.0 4.4565617 1일반주행거리속성 5   0 3 3 3 4 3 2 3③1:58.64     .814.141.414.3 -1  6  .00 3 4 -4 1.031 8784559 3 8 3 22 3 8.02 4.07 2.2 4.6 25.9   47.9  149.8   75.9  .02160 1 7 6 1―  .741.10 -.5337.81118.815.2731.5145.5714304712.0024.2839.77 4
20260718토 8170011외422 3 74 3 3강 3351흐림포화18 8 3마이던          BRETHRENSOUTHERN        미수 3 0 0 2 1   53      33000혼4정호익권경자   2 31313 215 2 0 011  0서승운49852.586평입상75 67 673770.068.044.4213710213210231825 02213272616 050 0↗→선14.239.341.514.1792539.340.9109.2111.7  0 25 1313   14.50   14.30 5  7  0LVDN52.35101812 -.6 5.2 4.6494918-1일반주행거리속성 5   0 9 6 6 5 3 3 1②1:49.2목    .014.239.713.2 -6 -4  .00 2 8  2  .1 422432584 4 6 3 22 2 1.08 4.09 2.2 2.6  2.2   21.1   27.7   16.310.93773 3 7 8 3▲ 1.441.50 -.3430.90113.617.1132.8744.4012264114.0227.4037.39 3
20260613토 71800 9외451 9104 4 2강 2259맑음건조 3 8 3마이던          BRETHRENSOUTHERN        미수 3 0 0 2 1   94      33000혼4정호익권경자   2 41212 115 1 0 010  0서승운50252.586평입보20 20 203452.052.030.7213710213210231825 02213272616 0 0 0↗→선14.240.040.814.0552239.341.5118.9118.2  0 14  014   14.20   14.10 4 -3  0UVUP52.05171812-1.0 5.6 4.6515112 2일반주행거리속성21관 0 2 3 3 3 3 4 3⑤1:58.9½    .514.541.314.3 -1 -4  .00 5 6 -1  .61815724670 2 7 7 62 1 5.02 8.07 2.7 6.6  7.9   12.8   20.3   21.0  .02173 1 5 5 1―  .240.90 -.2237.44118.9 9.5320.4030.74 5122210.5823.0031.79 5
20260516토 8160010외412 9 64 5 2강 2255맑음건조 3 8 3마이던          BRETHRENSOUTHERN        미수 3 0 0 2 1   73      33000혼4정호익권경자   2 51111 115 2 0 0 9  0루이스50652.564평입보21 12 1214  .045.022.0214410213210231818222213192717 0 0 0↗↘입14.236.740.614.1451336.440.0104.0103.3  0 17  017   13.70   12.90 3  4  0NVDN52.05171712 -.4 6.0 5.6484812-1출주제외급신장세31기 0 5 5   5 6 6 5⑤1:44.02½   .814.240.614.1 -2  4  .00 5 7    1.85943595860 710 8 62 3 5.01 2.04 2.2 6.9  8.4    9.7   25.5   19.5  .01721 0 4 5 0― -.440.60 -.2826.02103.8 5.7012.6922.00 5122210.7821.3671.16 5
20260426일 5170010외433 3 84 6 1강 1151맑음건조 3 8 3마이던          BRETHRENSOUTHERN        미수 3 0 0 9 1   46      33000혼4정호익권경자   2 61010 115 1 0 0 9  0루이스50452.564평입보21 11 1120 6.038.014.9214410213210231818222213192717 0 0 0↗↘입14.239.641.514.16027                    0 17  017   14.30   14.80 3-10  0UVUP52.05171712 -.4 6.4 6.0454513 3일반주행거리속성52기 1 1                    경제    14.3    14.8     2  .07                      71010100 2 1.04 3.08 1.9 3.3  1.9    9.2   11.6   16.3  .01535-1 3 3-1▽ -.741.50  .17     113.8 3.68 8.4114.85 0 4 7 1.02 3.76 8.7110
20260404토10140011외411 5 64 7혼전 4451맑음양호 6 8 3마이던          BRETHRENSOUTHERN        미수 3 0 0 1 1   54      33000혼4정호익권경자   2 7 9 9 215 1 0 0 8  0푸르칸50252.579평입하18 10 103912.042.020.22355152132102318 0 02213142421 0 0 0↗→추14.137.039.814.1501537.440.5 90.5 90.3  0 17  017   14.00   14.30 7 10  0VV동52.05171412 -.4 6.4 6.0454513 0일반주행보통주행70기 111 8     7 7 8⑨1:30.54    2.314.340.714.8  2  1  .05 9 7  3 3.38265808521 4 7 9 80 1 4.05 1.02 1.4 3.7 10.3   31.6   82.0   71.5  .01737 0 3 3 0― -.339.20 -.1113.4789.14 4.7011.0320.18 2 613 2.3510.0618.21 8
20260214토11140011외430 6 84 8 3강 3351맑음건조 3 8 3마이던          BRETHRENSOUTHERN        미수 3 0 0 2 1  126      33000혼4정호익권경자   2 8 8 8 115 1 0 0 7  0조재로50152.588평입보49 37 374238.057.025.23453142132102318 0 02213192622 0 0 0↗↘입14.137.039.814.2521537.840.4 89.9 90.6  0 17  017   13.90   13.90 6 -5  0UVUP52.05171412 -.4 6.4 6.0454513 2숨은복병거리부담66기 0 1 8     9 910⑩1:29.9½   2.214.040.414.3  6-21  .0110 4  0 2.48680778722 610 8 60 1 3.07 5.06 2.6 3.4  3.7   32.1   53.5   24.411.22465 1 6 7 1―  .639.30 -.2413.7789.14 6.5615.0925.17 41121 6.0413.0418.42 7
20260104일 9120011외453 7104 9 3강 3361맑음다습12 8 3마이던          BRETHRENSOUTHERN        미수 3 0 0 1 1  107      33000혼4정호익권경자   2 9 7 7 515 1 0 0 6  0루이스52252.567평입하48 30 304513.046.018.0214410213210231818222213192717 0 0 0↗↘입14.137.339.014.1473037.238.7 75.5 75.8  0 20  020   13.70   14.40 4 -5  0NVDN52.05171312 -.4 6.4 6.0454512-1일반주행보통주행 5기 1 6 8     7 7 4④1:15.53    1.113.939.013.9  0  4  .00 4 4 -1 1.53949454349 8 910 73 1 7.01 1.03 3.3 8.7 10.4   22.2   44.6   34.211.21545 0 3 3 0― -.338.20  .15 -.5576.23 3.92 9.4618.00 41117 2.91 6.5714.06 8
20251207일 9130011외421 2 7410혼전 4451흐림양호 9 8 3마이던          BRETHRENSOUTHERN        미수 2 0 0 1 1   6917:00 33000혼4정호익권경자   210 6 6 115 5 0 0 5  0조인권51852.572평입하54 55 552123.045.014.31750 8213210231822242213242513 0 0 0→→선14.437.539.313.9485737.539.9 81.8 83.3  0 25  025   14.00   14.00 4  4  1VVUP52.05171312 -.8 6.8 6.0505012 1일반주행거리속성48기 111 6     5 4 4⑥1:21.8목   2.013.739.414.4  1 -5  .00 6 5  4 3.7534469652210 6 5102 5 1.0410.03     4.4  1.8    9.1   11.9   85.5  .01523-1 4 4-1▽ -.539.60  .45 6.5183.16 3.20 7.8614.30 2 510 6.5911.9415.46 9
20251109일 7120011외422 3 7411혼전 4442맑음건조 3 8 3마이던          BRETHRENSOUTHERN        미수 2 0 0 2 1  137      33000혼4정호익권경자   211 5 5 415 4 0 0 4  0조인권52352.073평입보51 45 453919.044.018.11750 8213210231822242213242513 0 0 0→→선14.437.538.513.9336937.138.5 75.3 75.9  0 25  025   13.80   13.90 3 -1 -2NU동52.05171212 -.7 7.7 7.0505012 0적정체중보통주행54기 1 7 6     6 6 4④1:15.31¼   .314.038.814.0  3  2  .09 4 1 -3  .34140403271 8 6 5 82 4 4.07 9.02 2.4 4.0  8.9   32.1   67.7  144.7  .02529-1 4 3-1▽ -.538.00  .32 -.1276.06 4.3410.3918.10 41117 6.8515.6926.34 6
20251018토 6120011외414 5 6412 3강 3351흐림포화19 8 3마이던          BRETHRENSOUTHERN        미수 2 0 0 2 2  215      33000혼4정호익권경자   212 4 4 315 3 0 0 3  0조인권52154.073하입적68 57 573339.058.025.41738112448 6231822242213242513 0 0 0↘→선14.637.638.813.9264937.238.7 75.3 76.2  0 33  033   13.70   12.90 5 -1  2NN동52.05171212  .5 7.5 8.0373712 0뒷심문제탄력호전63기 0 8 6     4 4 4③1:15.36    1.013.838.913.9 -1  4  .00 3 4 -4 1.95148454251 9 7 5 62 3 1.02 9.04 1.5 3.6  1.5    3.6    4.9    8.911.22838 0 5 5 0―  .538.00 -.11 -.2576.28 7.0615.1025.38 41121 5.2612.7324.55 6
20250913토 8120011외424 1 7413 1강 1151맑음포화17 8 3마이던          BRETHRENSOUTHERN        미수 2 0 0 2 2  29819:10 33000혼4정호익권경자   213 3 3 215 2 0 0 2  0조인권51752.073하입보33 22 2227 7.034.0 9.01738112448 6231822242213242513      ↘→선14.637.639.413.9284137.137.5 72.9 75.1  0  0  0 0   14.10   14.00 4  0 -1LH동       1210  .0 6.0 6.0353512 0일반주행보통주행42기 0 9 7     7 7 7⑤1:12.9¾    .113.736.812.9 -3  0  .00 5 8 -1  .2154110 87310 9 9100 2 2.07 2.08     2.6  3.2   32.7   53.5  102.8  .01520-1 2 1-1▽ -.937.70  .02-1.9076.62 1.82 4.36 8.99 0 4 7 1.57 4.1210.37 8
20250817일 7120011외452 510414 1강 1151맑음양호 7 8 3마이던          BRETHRENSOUTHERN        미수 2 0 0 2 2  37315:15 33000혼4정호익권경자   214 2 2 115 1 0 0 1  0조인권51752.573하입보31 35 3525  .035.010.61738112448 6231822242213242513      ↘→선14.637.739.413.9324137.638.9 76.3 76.6  0  0  0 0   14.50   13.80 5  6 -3BHUP       1210         6.0    10 2마방습성보통주행47기 0 9 8     9 710⑩1:16.3목   1.414.139.314.0  1  0  .0010 9  3 2.66467526138 9 811100 1 1.0210.07     5.1  2.1    5.1    7.9   23.4  .03315-3 3 2-3▽-1.038.00 -.09 -.5476.67 1.62 4.8910.64 2 511 9.4019.8283.33 4
20250713일 11000 8외441 3 9415 3강 3355흐림건조 4 8 3마이던          BRETHRENSOUTHERN        미수 2     2 3  46510:35 41250혼4정호익권경자   215 1 1 115 1 0 0 0  0마이아51755.593평무보   35 3540  .071.065.7335029225610231840 022133533 7      →→선14.637.137.813.6    37.538.2 63.1 63.5              14.60   13.90        NN동       10 0                 0 0일반주행마방습성47기 1 3 6     6 5 5⑥1:03.11½  1.514.538.013.8  0 22  .00 6 6  0 2.06753575534 1 1 3 12 1 1.02 8.01     4.2  2.5    4.2    8.7   31.711.83182 2 8 9 2▲ 1.538.10 -.85-11.462.7128.9550.9965.6634536613.7525.5845.12 2
20261010토 8180010국4 1 6  3 0혼전 4451           8 4한강캡틴        페더럴리레드화이 1736.00한거 5 0 0   1    016:55 33000혼4임채덕조금제   2 016 11240 3 4 140  0오수철   52.564평무보50 19 19 3 6.028.0 7.6 733 5 856 310 7 0 0 8 01121155017 0↘↗입14.040.240.614.01110                   18 18 1815   14.90   15.00 7  1  0HHUP56.05381818 -.2 9.6 9.4101013 1최빈거리탐색우려47기 0 4                            14.9    15.0        .0                       7 61010  3                                              .0 9 2-2 1 1-2▽-1.740.60  .30     118.9  .74 2.43 7.60 1 4 8 1.61 5.4411.3410
20260823일 8170011국551 2103 1혼전 4451맑음다습13 8 4한강캡틴        페더럴리레드화이 5837.00한거 5 0 0 2 1  116      33000혼4임채덕조금제   2 115 4 640 2 4 139  0오수철51952.564평무하 5  4  4 2 4.030.0 6.4 733 5 856 310 7 0 0 8 01121155017 0↘↗입14.040.041.214.0311740.243.0114.0116.5 18 18 1815   15.10   15.20 2 -8 -4HH동56.05381818 -.2 9.4 9.2121213 0능력한계부중영향33기 0 3 5 5 5 4 6 8⑩1:54.02½  3.914.942.015.0  0 -4  .001010  0 5.195678992 5 8 811100 2 1.02 4.11 2.6 6.0  2.6    6.0   10.6   19.4  .022 3-4 1 1-4▼-1.541.60  .3335.26113.9  .56 3.23 6.42 0 1 4 1.02 2.91 6.4810
20260808토 6170011국510 8 63 2혼전 4451맑음건조 2 8 4한강캡틴        페더럴리레드화이 5837.00한거 5 0 0 1 1   46      33000국5임채덕조금제   2 214 3 540 1 4 138  0오수철52356.064기자보 5  4  411 5.030.0 6.2 733 5 856 310 7 0 0 8 01121155017 0↘↗입14.040.041.114.0311940.542.6116.0115.9 19 25 1916   15.00   14.50 5  4  1VNDN56.05381818 -.6 9.4 8.8141417-1숨은복병기복전력67기 011 7 7 8 8 910⑪1:56.06    3.215.142.015.2  1 16  .001110  2 4.49280849212 9 6 9 90 1 1.05 1.09 1.4 3.8  1.4   10.7   13.6   39.3  .01916-3 2 1-3▼-1.641.50  .3734.77113.8  .66 1.40 6.21 1 4 8 2.25 4.30 8.1610
20260704토 71800 8국441 6 43 3 1강 1151흐림건조 4 8 4한강캡틴        페더럴리레드화이 1736.00한거 5 0 0 1 1   74      33000국4임채덕조금제   2 313 21140 1 4 137  0김철호50755.064평자보 5  2  2 7  .029.010.4 943 4 856 310 71214 8 01420255017 0↘↗추14.140.840.513.9 81541.142.4122.4122.3 19 23 2316   13.60   12.40 2  3  1LN동56.05381818  .0 9.0 9.0232317 0주행중지건성마필31관 0 7 7 7 7 8 8 8⑧2:02.412   3.615.041.614.5  0 -3  .00 8 8  0 4.095838693 9 7 3 8 8016 2.01 4.02 2.5 3.5  3.5    3.5    8.2    5.1  .01412-2 1 1-2▽-1.640.60  .1041.02119.0 1.47 2.6810.42 2 71410.2821.4666.16 4
20260621일 61800 9국451 4 53 4 1강 1159맑음포화17 8 4한강캡틴        페더럴리레드화이 1736.00한거 5 0 0 2 1   25      33000국4임채덕조금제   2 412 11040 3 4 136  0조상범51054.056평자보 5  2  2 1 3.025.0 8.8 927 6 856 310 7 5 5 8 01321165017 0↗→입14.140.840.314.0 727                   19 19 2613   15.40   15.30 3  0 -3HH동56.05381818  .4 8.0 8.4292917 0발길대로탐색우려 6기 0 4          99        중지    15.4    15.3     1  .07   8 -2               9 5 8 90 4 2.01 9.07 1.8 2.7  5.2    2.7    8.3    6.3  .0 6 1-4 1 1-4▼-1.740.30  .19     119.0  .71 2.68 8.82 1 5 9  .12 3.45 8.52 8
20260530토 8180010국520 9 73 5 2강 2231맑음양호 7 8 4한강캡틴        페더럴리레드화이 1736.00한거 5 0 0 9 1   53      33000국5임채덕조금제   2 511 61040 2 4 135  0조상범50956.556평자상 5  5  5 2 3.030.0 7.0 927 6 856 310 7 5 5 8 01321165017 0↗→입14.140.840.214.0 73041.642.4124.8122.4 20 20 2713   15.20   14.30 2  2  2HL동56.05381818  .4 8.0 8.4292917 0부중효과조교부실21관 0 4 9 9 8 9 9 8⑨2:04.81    3.715.442.715.3 -1 -2  .00 910  0 3.8959286961110 3 8 90 3 1.02 3.05 1.8 2.9  1.8    2.9    4.6    9.7  .027 2-3 1 1-3▼-1.640.60  .2641.40118.9  .81 1.62 7.01 2 510  .12 1.98 4.3210
20260517일 9180010국541 8 93 6혼전 4451맑음건조 3 8 4한강캡틴        페더럴리레드화이 1736.00한거 5 0 0 2 1   22      33000국5임채덕조금제   2 610 5 940 1 4 134  0조상범51155.056평자보 5  4  43112.042.018.2 927 6 856 310 7 5 5 8 01321165017 0↗→입14.140.840.114.0 83441.140.4123.3120.9 24 28 2414   15.10   15.50 2 -7 -1HH동56.05381814  .0 7.6 7.6383817 0일반주행부중효과46관 0 2 7 7 6 5 5 7⑨2:03.33    1.815.240.314.3 -1 -5  .00 910  1 2.88783466931 9 2 9 70 2 2.04 4.08 3.4 5.7  3.7   11.3   19.3    9.4  .02052 0 3 3 0― -.540.40  .0440.00118.9 4.2810.2918.22 41117 2.30 9.9415.04 8
20260503일 7180010국511 3 13 7혼전 4458흐림다습11 8 4한강캡틴        페더럴리레드화이 1736.00한거 5 0 0 1 1   24      33000국5임채덕조금제   2 7 9 4 840 1 4 133  0이용호51655.562평자보 5  4  4 7 7.038.018.31652 7 856 310 7 0 0 8 01918205017 0→↘자14.140.939.914.0 74541.042.0120.2120.6 21 29 2118   15.40   13.70 2  7 -2BN동56.05381814  .0 7.0 7.0414114 0가는대로거리속성22관 0 9 8 8 7 3 3 7⑨2:00.27    2.515.142.715.5  0 -5  .00 9 9 -1 3.3838180901511 110 70 1 1.02 8.06 1.3 2.1  1.3    2.1    2.7    8.5  .01220 0 2 4 0― -.640.20  .0739.77118.9 4.5510.7118.28 3 716 2.90 6.7115.45 8
20260419일 6180011국552 5 53 8혼전 4451맑음건조 4 8 4한강캡틴        페더럴리레드화이 1736.00한거 5 0 0 2 1   26      33000국5임채덕조금제   2 8 8 3 740 1 4 132  0조상범52157.056평자하26 28 282210.040.019.2 927 6 856 310 7 5 5 8 01321165017 0↗→입14.140.839.914.0 84542.039.9122.0121.3 26 22 22 7   15.40   14.40 2  1  0HLUP56.05381814 -.4 6.2 5.8505017 1일반주행거리속성27관 0 2111111111111⑨2:02.06    2.615.440.313.7 -1 12  .00 910  4 2.9919634771611 1 9 80 1 6.04 5.06 2.3 4.7 16.6   57.6  168.0  122.9  .02038 0 2 3 0― -.740.40  .0740.56118.8 5.4811.9319.20 2 714 3.75 7.9112.95 9
20260405일 8170011국452 5103 9혼전 4451맑음양호 6 8 4한강캡틴        페더럴리레드화이 5837.00한거 5 0 0 1 1   24      33000국4임채덕조금제   2 9 7 2 440 5 4 131  0김철호50957.065평자하32 29 294811.039.017.4 943 4 856 310 71214 8 01420255017 0↘↗추14.140.040.414.0325740.940.9113.2113.9 23 23 23 8   15.30   13.20 2  0 -1UNDN56.05381814-1.6 6.6 5.0505017-1일반주행부중잇점37관 0 11111111010 9⑨1:53.2목   1.015.440.914.4  3-11  .00 9 6  1 1.4618947735111 1 7 9015 4.09 5.03 1.9 5.1  9.9  152.9  303.6  383.4  .01529-2 2 3-2▽ -.741.20  .4933.48113.4 4.7010.4717.43 1 5 9 2.86 8.1613.64 9
20260322일 31800 9국441 5 9310 1강 1157맑음건조 5 8 4한강캡틴        페더럴리레드화이 1736.00한거 5 0 0 2 1   29      33000국4임채덕조금제   210 6 1 640 4 4 130  0김철호52057.564평자보34 36 3626 8.035.015.1 943 4 856 310 71214 8 01420255017 0↘↗추14.140.740.114.0163441.240.3119.9120.3 24 28 28 8   15.70   13.20 3 -5  1UB동56.05381814-1.8 7.4 5.6525217 0일반주행탐색우려51관 0 1 9 9 9 8 8 5⑥1:59.9¾   1.415.339.313.2  1  7  .00 6 5 -3 1.47985457038 9 2 5 7014 4.02 6.09 3.1 4.3  4.8   10.3   24.1   14.7  .01511-2 3 2-2▽-1.240.40  .1439.53118.9 2.39 7.1615.05 41117 2.60 6.7113.39 5
20260228토 8180010국550 210311혼전 4451맑음건조 3 8 4한강캡틴        페더럴리레드화이 1736.00한거 5 0 0 9 1   66      33000국5임채덕조금제   211 5 6 540 3 4 129  0김철호51357.064평자보29 23 2310 8.035.011.0 943 4 856 310 71214 8 01420256020 0↘↗추14.140.540.414.0282241.139.8118.0119.1 25 29 2913   15.40   13.50 3  2 -1NNUP55.85431814-1.8 7.6 5.8464617 1일반주행부중잇점40기 0 6 9 9 9 9 6 5⑤1:58.01¼   .315.738.613.2 -3 -4  .00 5 8  2  .3508131546910 31111013 7.03 3.07 2.8 7.3  7.1   44.1   52.4   57.2  .01513-2 2 1-2▽-1.040.50  .2038.20118.9 1.94 5.2510.99 0 1 4 1.94 4.63 9.2611
20260207토 8170011국454 310312혼전 4451맑음건조 2 8 4한강캡틴        페더럴리레드화이 5837.00한거 5 0 0 2 1   35      33000국4임채덕조금제   212 4 5 340 2 4 128  0김철호51757.565평자상60 52 523923.049.020.5 943 4 856 310 71214 8 01420256020 0↘↗추14.139.640.814.0613440.540.8111.7113.6 26 26 2613   15.20   12.40 3 -3  0HL동55.85431814-2.2 8.2 6.0494917 0착차만회최적거리73기 0 410101010 9 7⑥1:51.71½  1.715.439.613.5  0  1  .00 6 6  0 1.85681446430 7 4 7 8312 2.01 7.01 2.4 7.2  5.0    7.2   18.8   20.8  .02541 0 4 4 0― -.141.50  .4233.21113.4 5.2212.4420.49 2 714 5.1710.6217.34 8
20260118일 6170011국411 3 6313 1강 1131흐림건조 5 8 4한강캡틴        페더럴리레드화이 5837.00한거 5 0 0 2 1   47      33000국4임채덕조금제   213 3 4 240 1 4 127  0김철호51657.565기자적12 15 1525 5.037.017.3 943 4 856 310 71214 8 01420256020 0↘↗추14.139.341.614.1761740.539.4111.8113.0 27 32 2714   15.30   14.00 3  1  0NLDN55.85431814-1.8 8.2 6.4414117-1일반주행기복전력30관 0 710101011 9 6③1:51.85     .815.238.212.4 -3-14  .00 3 6  3 2.33780102056 310 8 8311 1.0211.09 1.5 4.7  1.5    5.0    5.8   16.0  .01519-3 3 3-3▽-1.141.70  .2332.09113.7 2.42 8.3417.25 2 714 2.94 6.0211.27 9
20251228일 8180011국420 6 7314 2강 2251맑음다습12 8 4한강캡틴        페더럴리레드화이 1736.00한거 4 0 0 9 1   4616:10 33000국4임채덕조금제   214 2 3 440 1 4 126  0푸르칸53057.579기자보18 16 162523.043.022.4235515 856 310 713 0 8 01424216020 0↗→추14.040.041.014.1551042.040.7121.5121.3 27 27 3214   15.20   13.90 3  1  0NLUP55.85431814-1.6 8.2 6.6333317 1일반주행기복전력78기 0 6 91010 8 8 7⑥2:01.51¾  2.015.341.114.0  3  4  .09 6 3 -5 2.09096578825 6 9 7 50 1 1.02 3.08     2.9  1.5    2.9    3.5    5.2  .02452 1 4 4 1― -.441.20 -.0740.33118.9 5.8512.9422.41 81728 5.0810.5718.99 5
20251206토 8170011국451 410315 3강 3351흐림양호 9 8 4한강캡틴        페더럴리레드화이 5837.00한거 4 0 0 1 1   5916:05 33000국4임채덕조금제   215 1 2 140 1 4 125  0김철호52657.565기자보20 21 21 9 4.032.0 7.5 943 4 856 310 71214 8 01420256020 0↘↗추14.139.441.614.1741940.640.4112.7113.4 29 33 38 5   15.20   13.60 2  1  6NUDN55.85431814-1.6 8.2 6.6333317-1일반주행기복전력27관 0 5 9 9 91110 6⑤1:52.72½   .915.240.213.9 -3  2  .00 5 8 -1 1.94679335252 9101011310 2.01 8.07     5.6  3.6    5.6   11.7   25.4  .01515-4 1 2-4▼-1.541.70  .4032.42113.8  .65 3.82 7.47 0 1 4  .93 2.90 6.7711
20261010토 8180010국4 1 6  8 0혼전 4451           8 5지산레이블      제이피즈테이크미 8929.00한수 3 0 0   1    016:55 33000혼4안병기홍승오  99 010 1 5 9 3 1 3 9  0유승완   52.568우자하50 66 665761.051.033.71961 92254 9183222391810152722 099 0→↘입14.339.440.813.48713                   67 50 6717   14.80   13.90 3  3  0NU동55.84441817 -.2 2.6 2.4737317 0마주신뢰마주신뢰42기 0 5                            14.8    13.9        .0                       4 8 3 5  7                                              .03566 0 7 5 0―  .140.80 -.11     118.610.8022.6133.72 8172812.9035.3747.90 1
20260919토 8180011국551 9108 1혼전 4451맑음건조 2 8 5지산레이블      제이피즈테이크미 8929.00한수 3 0 1 9 1   45      33000혼4안병기홍승오  99 1 9 6 4 9 2 1 3 8  1유승완45752.568우자보78 80 804075.060.036.71961 92254 9183222391810152722 099 0→↘입14.339.940.813.4741339.440.2119.2117.6 67 50 6717   14.10   13.00 8 -1 -3HUUP55.84441817  .6 2.0 2.6737317 1최근최상마주신뢰43기 0 2 5 5 5 7 8 6⑦1:59.21¼  1.014.840.913.9  4  8  .09 7 3 -1 1.21122442154 4 7 1 30 6 1.07 8.04 3.710.3  3.7   20.4   31.9  167.112.73579 2 8 6 2▲  .840.90 -.3336.86118.811.9324.3436.65 9223521.9534.4448.62 2
20260726일 4170011국552 2108 2혼전 4451맑음양호 9 8 5지산레이블      제이피즈테이크미 2128.00한수 3 0 0 9 1  139      24750국5안병기홍승오  99 2 8 5 3 9 1 0 3 7  0유승완44955.069우자하45 61 617050.052.020.61961 92254 9183222391810152722 099 0→↘입14.239.141.313.5922239.140.2110.7111.9 60 60 6020   14.20   13.30 7 -4  0HNDN56.54381818  .6 2.0 2.6737317-1승부최상신뢰마주70기 1 3 3 3 3 4 3 4①1:50.7½    .014.139.913.0 -3  9  .00 1 4  2  .0 91725 777 3 5 4 72 5 4.01 3.05 3.5 9.2  7.7   12.7   28.7  146.9  .03474 0 6 5 0―  .141.70  .4031.52113.4 4.9212.0020.64 41117 7.6915.1426.91 7
20260606토 5180011국531 8 38 3 1강 1152맑음양호 7 8 5지산레이블      제이피즈테이크미 8929.00한수 3 0 1 1 1  136      24750국5안병기홍승오  99 3 7 4 3 9 1 0 3 6  1장추열44055.093우자보65 74 744293.069.072.63050122254 9183240 01810202722 099 0→→입14.240.140.713.4601939.341.7122.3120.6 60 40 4020   14.20   14.10 4  6  2NN동56.54381818  .5 2.3 2.8717112 0마주신뢰승부최상43기 0 7 3 3 3 5 5 6⑤2:02.3목    .614.241.313.3  3 -2  .09 5 2  1  .78019755564 3 5 1 12 1 3.01 4.06 2.0 2.5  7.0    7.0   21.3   28.5  .04698 4 9 9 4☆ 1.941.00-1.1739.77118.936.4361.3272.5938597044.3272.0083.40 1
20260510일 5180010국551 9108 4혼전 4431맑음건조 5 8 5지산레이블      제이피즈테이크미 8929.00한수 3 0 0 2 1   66      24750국5안병기홍승오  99 4 6 3 2 9 2 0 2 5  0유승완44253.068우자보65 63 635361.049.025.91961 92254 9183222391810152722 099 0→↘입14.240.040.813.4691338.841.9119.5118.3 50 75 50 0   14.10   14.30 4 -7  0UU동56.54381812  .5 2.3 2.8717118 0마주신뢰마주신뢰68기 0 1 3 3 3 3 3 2②1:59.53     .014.242.314.1  1 -5  .00 2 1 -2  .625 8794792 7 7 3 62 4 2.01 3.01 3.1 5.9  3.8    5.9    9.5   23.0  .03566 0 7 5 0― -.240.90 -.1137.48118.9 6.9716.5725.94 5122210.2629.5539.86 1
20260411토 7180011국541 8 98 5 2강 2254맑음다습13 8 5지산레이블      제이피즈테이크미 8929.00한수 3 0 1 2 1   77      24750국5안병기홍승오  99 5 5 2 1 9 1 0 2 4  1유승완44753.068우입보50 55 556579.053.036.21961 92254 9183222391810152722 099 0→↘입14.340.140.513.4583039.741.3118.3118.3 67 33 33 0   14.90   12.80 5  6  1NNUP56.54381812  .7 2.0 2.7767612 1인기탐색마주신뢰42기 0 8 3 3 3 2 3 3③1:58.35     .914.142.514.3  0  3  .00 3 3  0 1.72829705556 5 1 3 31 3 2.01 3.01 2.1 4.3  3.4    4.3    8.2    6.1  .03573 1 7 6 1△  .440.80 -.2837.70118.811.3524.3936.1814304425.0047.8563.49 3
20260307토 6170011국552 4108 6혼전 4451맑음포화15 8 5지산레이블      제이피즈테이크미 2128.00한수 3 0 1 2 1  100      24750국5안병기홍승오  99 6 4 1 2 9 2 0 2 3  1씨씨웡44452.593우입보74 84 845767.062.037.53456112254 9183232331810212522 099 0→↘선14.339.440.913.4764940.440.1111.1113.5 67 33 33 0   14.40   13.90 6 -8 -4UU동56.54381712 1.0 2.0 3.0717112 0전개최상거리속성63기 0 2 9 9 9 8 7 7⑥1:51.1목   1.114.939.112.8  3  6  .02 6 3  1 1.24974243747 3 7 5 30 2 6.1011.05 3.610.5  8.3  133.9  211.4  174.4  .03473 1 7 7 1△  .941.70  .0933.19113.313.8625.9637.4512264114.7425.1337.50 3
20260125일 3170011국641 9 98 7 1강 1152맑음건조 3 8 5지산레이블      제이피즈테이크미 2128.00한수 3 0 1 2 1  102      16500국6안병기홍승오  99 7 3 3 1 9 1 0 1 2  1씨씨웡43856.593우추보66 92 929195.070.065.53456112254 9183232331810212522      →↘선14.140.040.812.6408038.742.1113.6112.7 50 50  050   14.10   13.40 4  1  1NNUP       1712 1.0 2.0 3.0717112 4전개최상전개최상 5기 010 5 5 4 3 3 1②1:53.63     .014.441.813.9  0  4  .00 2 2 -1  .627 7775191 7 2 1 12 1 5.0211.10 3.0 7.5 11.3   15.0   31.8   25.0  .04897 3 9 9 3★ 1.641.00 -.8531.90113.631.3552.1365.5338567145.7871.1182.53 1
20251228일 1130012국632 6 38 8 2강 2251흐림다습13 8 5지산레이블      제이피즈테이크미 2128.00한수 2 0 1 9 1   7410:35 24750국6안병기홍승오  99 8 2 2 1 9 2 0 1 1  1유승완43456.069강추보74 99 999284.069.044.21961 92254 9183222391810152722      →↘입14.138.138.812.6139837.539.3 82.6 83.0100100  0**   14.10   12.90 6  2  0NHUP       1312 1.0 1.0 2.0858512 1주행고전전개최상78기 1 910     8 6 6④1:22.61     .814.139.213.4  1 -4  .00 4 3  2 1.24646524856 9 1 2 30 2 1.04 1.07     2.5  2.0    7.9   11.5    5.4  .05383 2 8 8 2▲ 1.438.90 -.45 6.0583.2315.5331.5244.2212264112.7123.5320.56 3
20251115토 11200 9국630 8 38 9 1강 1155맑음건조 3 8 5지산레이블      제이피즈테이크미  834.00한수 2     2 1  13210:35 24750국6안병기홍승오  99 9 1 1 1 9 1 0 0 0  0유승완43856.072평무보85 25 2565  .041.025.41961 92254 9183222391810152722      →↘입14.337.438.212.6599638.037.3 76.5 75.4              14.30   12.90        LN동       12 0         2.0     0 0일반주행신뢰마주44기 0 7 7     7 8 8②1:16.53     .014.138.412.9  1-14  .00 2 1  0  .52282 62287 3 2 5 63 1 4.01 8.07     3.0 11.1   10.8   27.1    7.3  .02843 0 4 3 0― -.537.90  .34 -.2575.84 6.2814.6025.36 5122110.0919.9141.60 7
20261010토 8180010국4 1 6  8 0혼전 4451           8 6미스터카라      언캡처드몬아치라 5624.00한거 4 0 0   1    016:55 33000혼4최영주명주환   0 016 1 717 2 2 217  0이혁     53.077평선상50 47 475351.056.038.12259 7295018201433292413282118572914↗↘선14.039.241.113.99412                   27 27 47 7   14.30   13.60 4 -5  1NN동55.44981818-1.6 5.4 3.8626217 0전개선전보통주행61관 0 6                            14.3    13.6        .0                       2 9 6 4  6                                              .02752 0 6 6 0―  .441.10 -.23     118.713.1526.1538.14 9223519.3529.9341.60 3
20260912토 7180011국553 6 58 1혼전 4451맑음건조 3 8 6미스터카라      언캡처드몬아치라 5624.00한거 4 0 0 2 1   67      33000혼4최영주명주환   0 115 3 617 1 2 216  0이혁  50252.577평선하 9 12 125733.056.028.82259 7295018201433292413282118671717↗↘선14.039.641.113.9901239.240.4118.7118.1 29 21 43 7   14.00   15.10 4  5  0VU동55.94971818 -.4 4.8 4.4595917 0숨은복병보통주행60관 011 3 3 3 3 3 2③1:58.71¼   .214.340.213.6 -5  2  .00 3 8  3  .32314471875 210 9 62 5 1.04 7.10 2.5 5.0  2.5   13.4   18.8  116.912.73173 2 6 6 2―  .541.20 -.1537.43118.8 9.4518.4428.83 51222 8.3316.6726.17 7
20260815토 7180010국543 7 98 2혼전 4451흐림건조 3 8 6미스터카라      언캡처드몬아치라 5624.00한거 4 0 0 2 1   85      33000국5서범석명주환   0 214 2 517 4 2 215  0루이스50052.563평선보34 50 502030.043.020.12144101347 419 016 01816192717671717↗↘입14.039.641.113.9891538.743.5120.6120.5 31 23 38 0   13.90   13.50 6  5 -2NU동55.94971812-1.8 4.8 3.0767617 0선행실패거리속성 5   0 6 2 2 2 2 4 7⑧2:00.64    2.814.043.215.1  3  0  .00 8 5  1 3.080 5948215 2 9 6 80 6 8.02 4.07 2.2 4.6 25.9   47.9  149.8   75.9  .02724-2 5 3-2▽ -.641.50  .0539.81118.8 5.2812.2420.08 3 713 6.6716.1827.27 6
20260704토 71800 8국441 6 48 3 1강 1151흐림건조 4 8 6미스터카라      언캡처드몬아치라 5624.00한거 4 0 0 1 1   94      33000국4서범석명주환   0 313 1 417 3 2 214  0루이스50054.063평선보21 56 565659.056.046.12144101347 419 016 01816192717602020↗↘입14.139.641.113.9911539.740.1119.3119.2 33 25 42 0   14.10   13.90 4 -3 -3UH동56.34971812-1.6 4.2 2.6808017 0적정체중거리속성42관 0 1 1 1 1 1 1 3④1:59.32½   .513.939.313.5  0  1  .00 4 4  1  .94931362167 1 7 4 51 5 2.01 4.02 2.5 3.5  3.5    3.5    8.2    5.1  .02571 0 7 7 0―  .441.40 -.5338.54118.814.4730.9346.12122641 8.4118.5432.63 5
20260606토 5180011국531 8 38 4 1강 1152맑음양호 7 8 6미스터카라      언캡처드몬아치라 5624.00한거 4 0 0 1 1   76      24750국5서범석명주환   0 412 5 317 2 1 213  0루이스49957.063평선상46 58 584252.057.041.62144101347 419 016 01816192717502525↗↘입14.139.640.913.9902238.641.5121.6120.1 27 18 36 0   14.10   14.80 4 -4  0HN동56.14961812-1.8 4.6 2.8787817 0적정체중거리속성46관 0 4 2 2 1 1 1 1①2:01.61    -.114.141.113.9 -2  4  .00 1 3 -4  .068 4743091 1 7 4 21 4 3.01 4.06 2.0 2.5  7.0    7.0   21.3   28.5  .02555 0 6 6 0―  .741.50 -.3839.55118.713.6728.3541.6418385512.5026.2937.07 2
20260510일 5180010국551 9108 5혼전 4451맑음건조 5 8 6미스터카라      언캡처드몬아치라 5624.00한거 4 0 0 2 1   66      24750국5서범석명주환   0 511 4 217 1 1 212  0루이스49557.063평입보55 61 612337.053.029.72144101347 419 016 01816192717502525↗↘입14.039.840.813.9783038.242.9120.1118.9 30 30 30 0   13.80   13.90 5  2  0BNUP56.14961812-1.2 4.0 2.8777717 4숨은복병거리속성63관 0 8 2 2 1 1 1 1③2:00.14     .614.143.314.8 -4  4  .00 3 7  2 1.243 2905866 3 6 5 41 3 2.01 3.01 3.1 5.9  3.8    5.9    9.5   23.0  .01941 0 5 6 0―  .141.10 -.1438.28118.8 9.5320.0029.72 92235 8.9719.3226.22 5
20260405일 4140011국552 6108 6 3강 3351맑음양호 6 8 6미스터카라      언캡처드몬아치라 4430.00한거 4 0 0 1 1   90      24750국5서범석명주환   0 610 3 217 1 1 211  0이혁  49157.078기선적34 35 3559 9.048.022.12259 71347 419 015291816282118502525↗↘선14.136.739.713.9823037.039.2 89.7 89.1 33 33 33 0   14.70   14.70 4 -1  0LNDN56.14961812-1.4 4.2 2.8696917-3숨은복병기복전력41관 0 6 4     5 5 5⑥1:29.71¼   .713.839.413.9  1-12  .00 6 5  4 1.15047403659 2 910 82 4 1.03 4.02 3.3 5.5  3.3    6.6   11.4   16.5  .01951 0 4 5 0― -.139.20  .0812.6588.86 6.2113.9622.13 3 713 2.63 5.3310.7810
20260307토 6170011국552 5108 7혼전 4451맑음포화15 8 6미스터카라      언캡처드몬아치라 4430.00한거 4 0 0 2 1   79      24750국5최영주명주환   0 7 9 2 417 2 1 210  0루이스50357.064기선하74 84 845150.059.033.4214410295018201440 02413192717502525↗↘입14.139.141.513.9913040.043.2114.1116.3 33 22 33 0   14.30   13.20 6  5  4BNDN56.14961812-1.4 4.8 3.4656517-1연대우수기복전력50관 0 7 8 8 6 6 811⑪1:54.16    4.114.742.314.7 10  3  .0411 1 -4 4.294589193 7 2 9 6 40 2 6.1011.05 3.610.5  8.3  133.9  211.4  174.4  .03253 0 6 6 0―  .642.40  .0235.65113.511.2622.4333.36 92235 7.3714.6626.64 8
20260124토 5180011국551 7108 8혼전 4455맑음건조 3 8 6미스터카라      언캡처드몬아치라 5624.00한거 4 0 0 2 1  111      24750국5최영주명주환   0 8 8 1 117 1 0 2 9  0루이스50053.563기입보72 70 704660.057.036.9214410295018201440 02413192717333333↗↘입14.039.841.113.9771939.439.4119.2118.5 25 38 25 0   13.90   13.60 5 -4  1HNUP57.04951812-1.4 4.8 3.4656517 1일반주행연대우수 6기 0 2 2 1 1 1 1 1①1:59.23    -.614.339.513.2 -4  3  .00 1 5  4  .0341721 694 410 1 41 1 5.06 2.08 3.9 9.3  9.0   44.9   85.2  731.5  .03763 0 7 6 0―  .441.10 -.3937.59118.912.1025.5536.91 9223516.6734.2943.78 2
20251221일 4170011국631 4 88 9 1강 1151맑음다습14 8 6미스터카라      언캡처드몬아치라 4430.00한거 3 0 0 2 1   9312:45 16500국6최영주명주환   0 9 7 9 317 2 0 1 8  0이혁  49757.078기입적88 99 998090.071.079.02259 7295018201433292413282118333333↗↘선14.039.241.513.9883438.241.5111.0112.4 14 29 14 0   14.30   14.00 3 -1  0LN동57.04951712-2.4 6.8 4.4585817 0교체성공기복전력30관 0 6 2 2 1 1 1 1②1:51.0¾    .013.940.713.6  1  2  .00 2 1 -4  .221 1651782 1 7 1 11 3 2.0110.06     4.5  4.5    4.5   10.6   20.212.03079 2 8 7 2▲ 1.541.70-1.0931.74113.637.9765.2678.9634536639.2965.8780.58 1
20251130일 3170011국650 8 5810혼전 4454흐림다습10 8 6미스터카라      언캡처드몬아치라 4430.00한거 3 0 0 9 1   75      16500국6최영주명주환   010 6 8 217 1 0 0 7  0이혁  49557.078기입적35 35 355347.068.053.12259 7295018201433292413282118 05050↗↘선14.039.941.613.9443039.040.3113.2111.6  0 17  0 0   14.80   14.30 5  2  0BN동57.04951712-1.8 7.6 5.8434314 0숨은복병기복전력64기 0 7 1 1 1 1 1 1②1:53.21½   .014.341.214.0 -3 10  .00 2 5  2  .3 41232 889 2 8 5 21 2 1.05 9.07 2.9 4.3  2.9   11.3   20.9   12.5  .04177 3 7 9 3▲ 1.440.90 -.9230.13114.119.9939.4653.1318375313.8924.6830.84 5
20251026일 4170011국611 9 6811혼전 4459흐림양호 6 8 6미스터카라      언캡처드몬아치라 4430.00한거 3 0 0 9 1  184      16500국6최영주명주환   011 5 7 117 1 0 0 6  0김철호48557.065하입보60 55 55 929.050.022.7 943 42950182014 3 02413142025 05050↘↗추14.039.841.813.9472240.240.8116.0113.9  0 17  0 0   14.30   13.40 5  3  0NNUP57.04951712-1.2 8.4 7.2333314 3일반주행거리속성 5   0 5 7 7 7 8 8 8⑦1:56.03    1.814.841.614.3  4 -8  .01 7 3 -1 2.15966465432 5 9 2 60 1 1.06 3.06 2.0 8.1  2.0   16.0   22.1  136.0  .01520-3 5 4-3▽ -.341.30 -.2832.25114.2 5.9313.1422.67 41121 9.0917.3226.27 6
20250920토 3140011국621 9 7812 1강 1158맑음포화18 8 6미스터카라      언캡처드몬아치라 4430.00한거 3 0 0 2 2  28214:55 16500국6최영주명주환   012 4 6 117 1 0 0 5  0이혁  49357.080하입보20 20 2030 8.042.022.41335 4 617 0201433292413282118 099 0↘↗선14.037.040.414.253 837.538.8 88.8 88.1  0  0  0 0   13.90   14.50 5  1  0HNUP57.04961412-1.5 9.0 7.5373712 1일반주행거리부담 6기 0 2 7     8 7 5③1:28.84     .714.338.913.4 -1  2  .00 3 4 -2  .81772294262 5 8 7 53 1 3.02 9.01     3.5  6.7    9.6   27.4   15.3  .01530-3 3 2-3▽ -.538.70 -.5310.6789.55 4.9712.7122.42 61829 2.67 6.45 9.87 7
20250817일 1130011국651 710813혼전 4451맑음양호 8 8 6미스터카라      언캡처드몬아치라 4430.00한거 3 0 0 2 2  37910:35 16500국6최영주명주환   013 3 5 117 1 0 0 4  0문정균49157.078하입상49 48 482113.038.011.12467 0 617 02014 9 02413131923 099 0→↘추14.137.440.114.0562237.340.8 84.3 84.0  0  0  0 0   14.00   14.30 5-10  0UNUP57.04961312 -.7 9.3 8.7252512 1일반주행거리속성30관 0 1 4     5 5 7⑥1:24.34    2.213.941.014.5  0 -5  .00 6 6 -2 2.47336868121 4 8 6102 2 3.0411.10     7.3  4.5   14.2   25.4   14.113.41529-2 2 1-2▽ -.939.90  .10 6.4983.61 2.74 5.8311.12 1 4 8 3.09 7.04 9.66 9
20250713일 2120011국653 810814 2강 2252흐림건조 4 8 6미스터카라      언캡처드몬아치라 6520.00한거 3 0 0 2 3  46411:00 16500국6최영주명주환   014 2 4 417 1 0 0 3  0조재로49657.087하무상31 27 2718 8.035.010.8284716224011201428 02413192622      ↘→입13.937.640.013.625 437.039.0 76.5 76.0  0  0  0 0   13.90   13.90 5  9  0NN동       1212 1.0 8.5 9.5101012 0최빈거리부진마필50기 111 7     5 5 4④1:16.5코    .314.039.814.3 -4  4  .00 4 8 -3  .44635564672 8 9 6102 1 5.06 9.05     6.4  9.2   53.9  137.9 1213.2  .0 928-3 2 2-3▼-1.237.90 -.37-1.6076.95 1.36 4.7310.78 2 510 1.82 4.67 9.4610
20250608일 1120011국651 810815 2강 2259맑음건조 3 8 6미스터카라      언캡처드몬아치라 6520.00한거 3 0 0 2 3  56310:35 16500국6최영주명주환   015 1 3 317 1 0 0 2  0문정균49257.064하무보 7  7  7 7 3.026.0 7.51599 82240112014 9 02413131923      ↘→추14.037.640.214.535 437.039.0 77.1 76.0  0  0  0 0   14.40   15.30 8  1  0HN동       1212 2.0 8.010.0111112 0최빈거리거리난점59기 1 2 6     7 7 9⑦1:17.1½    .913.940.113.9 -4  2  .00 711  2 1.24435584855 611 7100 1 1.0810.08     8.7  3.6   17.3   30.5  192.2  .0 9 5-4 1 1-4▼-1.737.90 -.40-1.8477.06  .64 2.28 7.50 1 3 7  .12 2.03 2.3910
20261010토 8180010국4 1 6  7 0혼전 4451           8 7붉은태양        지금이순터프한걸 6022.00한거 5 0 0   1    016:55 33000혼4문병기굿원     5 016 2 116 1 2 216  0김태훈   52.569평추보50 62 624617.036.012.21758 82552 92618 0 02727122521 02080↗→입14.140.039.813.54665                   33 42 1750   14.60   13.3013  6 -1NUUP54.04871817  .0 2.8 2.8707017 1전개최상작전마주44관 1 7                            14.6    13.3        .0                       6 2 4 9  1                                              .03414-4 2 2-4▼-1.339.80  .50     118.5 2.60 6.5012.23 2 510 3.2312.2421.43 7
20260711토 81700 8국450 6107 1혼전 4441맑음다습14 8 7붉은태양        지금이순터프한걸 7234.00한거 5 0 0 2 2  237      33000국4문병기굿원     5 115 1 916 1 2 215  0서승운48153.093평추보76 71 719259.059.039.22150 02855112618 0 02727272616 02080↗↗선14.139.440.413.5776940.040.3112.1113.4 33 42 1750   15.10   13.90 5 -6 -1UH동54.04871717 -.8 3.4 2.6737317 0트립손실전개최상53관 0 1 5 5 6 8 8 7⑥1:52.11¼  1.114.639.413.3  3 -3  .09 6 3  2 1.64960283350 2 1 4 40 1 7.04 8.02 3.3 6.2 21.8   64.9  215.7   71.7  .04176 0 7 7 0―  .641.70  .3033.62112.912.0325.2339.21 9223510.3421.7135.29 5
20260606토 81700 9국551 6107 2 2강 2251맑음양호 6 8 7붉은태양        지금이순터프한걸 7234.00한거 5 0 0 1 1   93      33000국5문병기굿원     5 214 2 816 5 2 214  0씨씨웡48454.093평추하86 85 857984.068.038.33456112552 9261830302727212522 02080→↘선14.239.440.413.5766940.140.8113.7113.4 33 42 1733   14.70   13.10 5 -2  1NN동54.04871717 -.8 3.4 2.6737317 0부중유리작전마주31관 0 7 6 6 6 5 5 6⑤1:53.7½    .715.140.913.9  4 -2  .09 5 1 -1 1.04458424661 3 2 3 3210 5.02 3.05 3.8 6.6  7.8   14.8   39.3   17.4  .03156 0 8 7 0▲  .941.70  .3333.64112.911.0424.0638.3214304717.6932.9250.60 3
20260502토 8170010국441 5 47 3 1강 1151흐림건조 3 8 7붉은태양        지금이순터프한걸 7234.00한거 5 0 0 1 1   93      33000국4문병기굿원     5 313 1 716 4 2 213  0씨씨웡48653.093평추하76 55 557041.051.026.33456112552 9261830302727212522 02080→↘선14.139.340.513.6816140.540.2111.9112.9 36 45 1836   14.50   13.20 5  0 -1NHUP54.04871717 -.8 3.4 2.6737317 1일반주행작전마주34관 0 9 7 7 7 6 7 7③1:51.92     .314.739.413.1  1 10  .00 3 2  0 1.02475243871 7 1 6 53 9 1.07 2.04 1.9 3.5  1.9   30.4   38.9   27.9  .02038 0 5 4 0―  .041.70  .6033.06112.9 5.8915.2626.32 61425 5.6712.4522.82 6
20260328토 8160010국512 9 17 4 3강 3351맑음건조 3 8 7붉은태양        지금이순터프한걸 7234.00한거 5 0 0 9 1   98      33000국5문병기굿원     5 412 8 116 3 2 212  0씨씨웡47653.593우추보97 94 941482.067.047.33456112552 9261830302727212522 02080→↘선14.236.339.213.6654537.038.7103.4102.9 40 50 2040   14.40   13.10 4 -1  1NNDN54.04871717-1.2 4.0 2.8777717-1전개최상작전마주46관 0 9 8   8 9 7 6③1:43.49    1.614.539.113.2  1 -2  .00 3 2  0 1.64177223137 2 2 1 23 8 4.01 1.02 1.2 1.9 19.1    8.1   45.5    6.8  .03669 3 8 9 3▲ 1.339.20 -.0527.41102.817.4934.2047.2718405424.4441.8854.64 2
20260302월 7170011국553 6107 5 1강 1151비  다습10 8 7붉은태양        지금이순터프한걸 7234.00한거 5 0 0 1 1   67      33000국5문병기굿원     5 511 7 616 2 2 111  0씨씨웡47852.593평추상94 95 959290.074.058.83456112552 9261830302727212522 02575→↘선14.239.340.613.6845740.039.4110.1111.8 33 44 2233   14.40   12.60 6  5 -2BU동54.44901717-1.8 4.4 2.6777717 0뒷심문제전개최상58관 010 4 4 4 7 7 4②1:50.14     .014.438.913.1  0 -1  .00 2 2 -2  .7 655 9 877 4 1 1 13 7 6.02 4.10 2.9 7.4 11.8   30.5   56.9  142.6  .04390 4 9 9 4☆ 2.241.50 -.2131.92113.032.2250.4058.8238597031.7351.4062.90 1
20260117토 6170011국551 4107 6 1강 1151맑음건조 5 8 7붉은태양        지금이순터프한걸 7234.00한거 5 0 0 2 1  100      24750국5문병기굿원     5 610 6 516 1 1 110  0씨씨웡47954.093평추보81 81 817284.069.045.43456112552 9261830302727212522 03367→↘선14.139.341.213.7814539.639.3111.0112.2 25 25 2513   14.30   14.00 6  2  0NH동54.54931717-1.0 4.4 3.4707017 0일반주행최적거리 5관 0 5 5 5 5 6 6 1①1:51.05    -.914.438.212.6 -3 -4  .00 1 4  0  .01340 9 495 3 4 3 23 6 4.02 5.02 2.8 5.5  8.2    9.0   23.9   26.8  .02481 1 7 8 1▲ 1.241.60 -.2131.66113.417.1232.1945.4238567117.0431.2547.46 3
20251207일 4170011국521 7 77 7혼전 4451맑음양호 9 8 7붉은태양        지금이순터프한걸 7234.00한거 4 0 0 1 1  11612:45 24750국5문병기굿원     5 7 9 5 416 2 1 1 9  0푸르칸48354.079평추상73 81 815467.064.036.92355152552 9261815 02727142421 03367↗→추14.139.441.213.6734938.941.5112.9112.6 29 14 1429   14.30   14.10 5 -4  1UN동54.54931714-1.4 4.6 3.2696914 0부중유리거리속성45기 0 3 1 1 2 3 4 7⑤1:52.91¼   .614.341.814.0  1  2  .00 5 4 -1  .62410653663 4 4 3 32 2 1.07 7.10     4.7  2.6   26.9   43.5   57.7  .03155 1 8 7 1▲ 1.041.60 -.0831.97113.512.5725.0536.9112264114.0024.0036.77 3
20251101토 5170011국550 6107 8 1강 1154맑음건조 5 8 7붉은태양        지금이순터프한걸 7234.00한거 4 0 0 1 1  172      24750국5문병기굿원     5 8 8 4 316 1 1 0 8  0푸르칸48153.079평추하37 37 373420.052.024.12355152552 9261815 02727142421 0 099↗→추14.040.140.913.5296939.041.6112.4113.1 17 17  033   14.40   15.40 4  0 -1NU동55.34991714  .4 3.8 4.2565614 0숨은복병거리속성74기 0 7 3 3 5 4 2 2②1:52.4½    .014.341.114.1 -3 -5  .00 2 5  3  .1341167408410 4 7 72 1 1.0510.07 2.6 6.8  2.6    9.3   14.8   58.7  .02149 1 4 6 1―  .440.90  .0232.07113.8 6.0514.4424.07 3 816 3.06 9.3816.78 7
20251004토 5170011국552 6107 9혼전 4451맑음다습10 8 7붉은태양        지금이순터프한걸 7234.00한거 4 0 0 1 2  227      24750국5문병기굿원     5 9 7 3 216 1 1 0 7  0해리카48653.571평추보58 62 623732.050.022.01657 6285511261839 02727172612 0 099→→입14.040.240.913.5256939.443.5114.2114.3 17 17  033   14.70   13.50 2 -4  0NU동55.34991714  .4 3.8 4.2575714 0일반주행거리속성56기 0 7 7 7 8 2 2 6⑨1:54.2½   1.814.443.815.4  7 -7  .06 9 2  0 2.2702693913010 5 6 71 1 3.04 8.01 2.2 5.3  5.4   26.5   46.1   63.1  .02155 1 5 5 1―  .041.00  .0133.20113.8 5.4113.0021.95 41117 3.3712.1818.51 7
20250920토 5170011국551 610710 2강 2252맑음포화16 8 7붉은태양        지금이순터프한걸 7234.00한거 4 0 0 2 2  28016:35 24750국5문병기굿원     510 6 2 116 4 1 0 6  0씨씨웡49353.590평추보56 52 524083.064.040.8265211285511261830302727212522 0 099↘→선14.040.241.013.5256539.941.2110.8113.3 17 17  033   14.10   13.30 4  0  0VUUP55.34991714 1.3 3.8 5.0505014 3일반주행거리속성 5기 111 7 7 9 9 9 8⑤1:50.8½    .614.740.513.5  3 -6  .01 5 2 -3 1.84248595864 9 6 3 33 5 7.04 8.10     6.3 26.5   79.0  209.1  289.2  .02145 1 7 7 1― 1.040.90 -.4832.10113.913.4027.1440.8012264120.3139.3251.85 3
20250824일 4140011국540 5 9711혼전 4461맑음건조 4 8 7붉은태양        지금이순터프한걸 7234.00한거 4 0 0 2 2  35512:45 24750국5문병기굿원     511 5 1 316 3 1 0 5  0씨씨웡49953.590평추상76 77 775672.065.037.9265211285511261830302727212522 0 099↘→선14.037.539.313.5166137.339.1 87.9 88.7 20 20  040   14.40   13.30 4  4 -4VU동57.04991412 1.3 3.7 5.0464614 0뒷심문제최적거리37기 011 7    1010 6④1:27.94     .914.138.413.3 -1  0  .00 4 5  1  .9385942455210 4 5 33 4 1.02 9.02     4.3  1.9    4.3    6.2   19.112.73172 2 7 7 2△ 1.138.40 -.5911.9089.1413.3126.1337.9312264112.8724.6637.72 3
20250726토 21400 9국610 9 6712 2강 2254맑음건조 4 8 7붉은태양        지금이순터프한걸 7234.00한거 4 0 0 9 3  43311:05 16500국6문병기굿원     512 4 5 216 2 0 0 4  0씨씨웡49957.091하추보40 52 525381.071.064.22745 6345914261830302727212522      ↗↘선14.037.639.513.6134937.638.2 89.7 87.8  0  0  025   14.30   13.20 2  1  0NH동       1412 2.5 3.0 5.5393912 0일반주행작전마주44기 0 7 7     6 5 3①1:29.7½    .014.438.513.3 -3  1  .00 1 4  0  .0 975122391 8 1 4 23 3 4.02 7.06     5.2  8.0   23.1   54.7   49.0  .02967 2 6 7 2― 1.538.10-1.4510.6589.3426.4448.7064.1518375325.0045.6159.30 1
20250712토 3140011국630 9 8713혼전 4451맑음건조 5 8 7붉은태양        지금이순터프한걸 7234.00한거 4 0 0 2 3  47212:50 16500국6문병기굿원     513 3 4 116 1 0 0 3  0씨씨웡49857.091평추상75 81 815471.070.053.12745 6345914261830302727212522      ↗↘선14.037.639.913.8123438.138.2 90.9 88.9  0  0  0 0   14.10   13.70 5  1  0NHUP       1412-1.0 5.0 4.0575712 2편성만만작전마주72기 0 6 9     910 9⑤1:30.91½   .614.339.213.2  1 11  .00 5 4 -1 1.9459012406410 6 1 13 2 2.07 8.01     4.3  3.0   35.6   70.9   29.212.72978 2 8 6 2▲ 1.538.30-1.4111.4089.6224.1541.3353.0718375315.7331.6945.26 3
20250608일 1120011국651 710714 2강 2249맑음건조 3 8 7붉은태양        지금이순터프한걸 72     한거 4 0 0 2 3  56310:35 16500국6문병기굿원     514 2 3 216 1 0 0 2  0이동하48757.092하입적11 35 3533  .040.018.8334421345914261827 02727252419      ↘↘선14.037.439.514.0461537.538.3 76.9 75.8  0  0  0 0   14.10   15.20 2 -4  0NHDN       1312         7.0    12-1교체실패단기승부28관 1 5 9    1110 7④1:16.94     .714.139.413.7 -1  0  .00 4 5  4 1.03662344160 5 7 9 63 1 1.0810.08     8.7  3.6   17.3   30.5  192.2  .02033-3 4 3-3▽ -.838.10 -.21-1.1476.56 4.3710.0818.78 5122110.8922.3455.41 4
20250524토 3130010국640 8 9715 2강 2239맑음다습13 8 7붉은태양        지금이순터프한걸 7234.00한거 4 0 0 2 4  61212:45 16500국6문병기굿원     515 1 2 116 1 0 0 1  0마이아48757.092평추보57 35 3554  .074.066.2335032374821261833 027273533 7      ↘→선14.638.339.013.1 58737.540.8 85.6 84.7  0  0  0 0   14.60   13.50 5  1  0NHUP       1312         4.0    12 1숨은복병거리속성60기 0 9 6     5 5 6⑦1:25.66    2.114.141.615.2  6  9  .00 7 1 -4 2.9864687852410 110 12 1 3.02 1.04     5.8  4.6    7.6   18.4   23.2  .03183 2 7 9 2▲ 1.739.20-1.29 7.3883.4831.0252.4566.2236597112.6426.0499.00 4
20261010토 8180010외4 1 6  6 0혼전 4451           8 8세상너머로      ROCK YOUEXCUSE M 8126.00미암 3 0 0   1    016:55 33000혼4강환민한춘희   0 01212 111 1 0 011  0김용근   51.084하무상50 28 282215.048.029.226511319541123 032 01920302714      →↘선14.239.241.214.077 9                    0  0 3311   14.60   14.30 4 -3 -2LHUP       1812  .0 9.2 9.2191917 1일반주행거리속성46관 0 8                            14.6    14.3        .0                       310 9 6  1                                              .01538 0 4 4 0― -.241.20 -.06     118.7 7.7618.6129.20 51222 6.4513.6122.69 6
20260912토 6170011국510 8 66 1혼전 4452맑음건조 3 8 8세상너머로      ROCK YOUEXCUSE M        미암 3 0 0 2 1   68      24750국5강환민한춘희   0 11111 111 1 0 010  0우인철49252.574하무보 7  9  910 7.037.011.420481019541123 015 01920112823      ↗↘입13.839.342.213.674 939.241.0113.6113.2  0  0 2513   14.00   14.10 3  4  0NHUP       1712  .6 9.410.0141412 3일반주행거리속성24관 011 5 5 5 5 6 5⑥1:53.6목   1.114.641.014.3 -4  5  .00 610  2 1.24219472549 21110 92 1 2.05 2.05 2.3 6.8  6.7   18.2   51.4   34.9  .01529-2 1 2-2▽ -.941.70  .0531.70114.1 2.73 6.0011.40 1 4 8 2.99 6.5414.34 9
20260822토 91400 8외442 7 96 2혼전 4441흐림불량20 8 8세상너머로      ROCK YOUEXCUSE M        미암 3     2 1   52      33000혼4강환민한춘희   0 21010 411 2 0 0 0  0조한별48752.560하무하34 25 2534 9.031.0 8.013271019541123 010 01920122118      ↗↘입13.836.640.413.674 937.440.2 88.7 90.0  0  0 29 0   15.00   11.80 8  6  0BH동       1412  .2 9.4 9.6141412 0일반주행부진마필38기 0 7 5     7 7 8⑧1:28.77    1.414.039.714.1  0 -5  .00 8 8 -2 2.17767717840 2 8 7 80 2 2.07 5.03 3.1 5.7  3.8   58.4   85.0  126.0  .015 5-3 1 1-3▼-1.539.50  .0812.9989.28  .64 3.91 8.04 2 714 4.29 7.5014.75 8
20260628일10140011외452 5 56 3혼전 4451맑음건조 3 8 8세상너머로      ROCK YOUEXCUSE M        미암 3 0 0 9 1  132      33000혼4강환민한춘희   0 3 9 9 311 1 0 0 8  0조한별49252.560하무보 5  1  110 4.028.0 6.713271019541123 010 01920122118      ↗↘입13.936.940.313.7521036.445.8 94.2 94.8  0  0 17 0   13.70   15.50 3 -3 -3HHUP       1412  .0 9.4 9.4232312 1숨은복병거리탄력68기 0 1 4     61111⑪1:34.28    6.613.345.817.3  1  1  .001110 -1 6.899149999 3 61011110 1 2.05 5.03 2.7 4.8  4.9   25.9   40.3   14.8  .019 7-3 1 1-3▼-1.540.30 -.0217.5889.41  .60 3.38 6.67 1 3 6 1.33 3.57 7.5311
20260607일 4130011국550 8106 4 1강 1159맑음양호 6 8 8세상너머로      ROCK YOUEXCUSE M        미암 3 0 0 1 1   27      24750국5강환민한춘희   0 4 8 8 211 1 0 0 7  0송재철49155.075하입하 5  4  4 3 3.033.0 7.51745 919541123 012 01920192620      →→입13.937.339.913.7532537.142.4 86.2 85.7  0  0 2020   13.80   15.60 4  1  3HBDN       1412  .0 9.0 9.0252512-1탄력저조거리속성39기 0 4 3     7 711⑪1:26.213   3.613.742.715.5  0 -7  .001111  4 3.895239794 9 81011100 7 8.10 5.09 3.0 8.3 22.0  252.9  456.9  421.8  .01210-3 1 1-3▼-1.240.40  .36 8.5083.42  .86 3.12 7.51 1 3 6  .12 2.38 5.8110
20260509토 7140010국552 7 56 5혼전 4451맑음건조 5 8 8세상너머로      ROCK YOUEXCUSE M        미암 3 0 0 2 1   74      24750국5강환민한춘희   0 5 7 7 211 1 0 0 6  0권중석49852.066하입보17 15 1526 5.038.010.61341 619541123 0 0 01920191818      ↘→선13.837.140.213.7341936.842.9 92.9 92.6  0  0 2525   13.50   14.30 2  0 -1HHUP       1412 -.8 9.5 8.8313114 1일반주행단기승부48트 1 3 2     4 810⑩1:32.92½  4.613.843.115.6  3 -5  .0010 7 -4 5.198299796 6 61111110 1 4.02 5.08 2.5 5.0  7.2   10.6   24.1   23.7  .01524 0 1 2 0― -.939.60 -.1815.2889.48 2.56 5.6210.63 1 4 8 2.04 4.02 7.8711
20260425토 9130011외452 2106 6혼전 4451맑음건조 3 8 8세상너머로      ROCK YOUEXCUSE M        미암 3 0 0 9 1   33      41250혼4강환민한춘희   0 6 6 6 111 6 0 0 5  0송재철50352.575하입상42 27 27 8 9.041.012.21745 919541123 012 01920192620      →→입13.937.739.813.7253036.940.4 83.8 84.4  0  0  0 0   14.00   13.80 5 -3  0HHUP       1412 -.7 9.0 8.3333314 1숨은복병거리속성60기 1 3 3     4 5 9⑩1:23.84    2.113.540.414.3 -1 13  .001011  3 2.18217816421 91110100 6 1.0311.06 4.0 8.3  4.0   13.0   27.4   84.2  .01921-2 2 3-2▽ -.839.70  .08 6.9283.61 2.38 5.9712.22 1 4 8 3.16 5.9111.2910
20260322일 8120011외432 7 36 7 1강 1151맑음건조 5 8 8세상너머로      ROCK YOUEXCUSE M        미암 3 0 0 2 1   87      33000혼4강환민한춘희   0 7 5 5 411 5 0 0 4  0송재철49052.576하무하24  9  9 7 2.031.0 9.41745 919541123 012 01920192620      →→입13.737.838.913.3 95736.939.3 76.9 76.2  0  0  0 0   13.90   13.80 3 -3  0NH동       1412  .0 9.5 9.5303014 0최빈거리거리난점47기 0 6 3     4 4 5⑥1:16.91½  1.314.039.613.8 -2  1  .00 6 8  5 2.55331675442 8 7 9112 5 1.1011.05 1.6 3.1  1.6   56.7   59.2  192.9  .0 9 3-4 1 1-4▼-1.537.80  .19 -.5476.45  .81 4.93 9.38 1 4 7  .12 1.01 3.4810
20260302월 8120010외421 8 26 8 2강 2259비  다습11 8 8세상너머로      ROCK YOUEXCUSE M        미암 3 0 0 1 1   45      33000혼4강환민한춘희   0 8 4 4 311 4 0 0 3  0송재철48952.576하무적34 16 1622 6.036.015.91745 919541123 012 01920192620      →→입13.737.839.813.3141337.839.3 77.1 77.1  0  0  050   14.10   13.60 6  6  0BHDN       1412  .0 9.0 9.0141414-2최빈거리거리난점74기 0 9 4     6 7 6⑦1:17.1½   2.513.939.213.8  4  0  .05 7 3 -7 2.87880667918 6 9 5 60 4 2.01 3.06 1.5 2.0  3.9    2.0    5.8   20.8  .01011-1 1 1-1▽ -.838.10 -.52 -.5476.95 2.84 7.7915.92 51221  .90 3.88 7.87 6
20260117토 9140011외441 7 96 9 1강 1151맑음건조 5 8 8세상너머로      ROCK YOUEXCUSE M        미암 3 0 0 2 1   97      41250혼4강환민한춘희   0 9 3 3 111 3 0 0 2  0송재철48952.575하무보 8  1  119 3.028.0 7.11745 919541123 012 01920192620      →→입13.737.440.313.810 737.938.7 88.9 88.8  0  0  0 0   13.10   14.60 4  2  1HNUP       1412  .0 9.0 9.0141412 2선행무리거리부담 5관 0 3 7     7 7 8⑩1:28.9코   1.114.138.713.6  0-12  .001010  2 1.74688255448111111110 3 4.02 9.06 4.0 8.9  5.3   13.4   27.5   86.3  .013 7-3 1 1-3▼-1.438.50 -.3211.1489.76 1.28 2.77 7.14 1 3 6  .12 1.23 3.3211
20251220토 9120011외412 3 6610 1강 1156흐림포화16 8 8세상너머로      ROCK YOUEXCUSE M        미암 2 0 0 2 1   7817:00 33000혼4강환민한춘희   010 2 2 211 2 0 0 1  0송재철50152.076평무보17 35 3522  .030.0 9.31745 919541123 012 01920192620      →→입13.737.839.713.8112536.441.6 75.9 78.1  0  0  0 0   13.70   14.10 4 -5 -2HH동       1212         9.0    12 0최빈거리거리난점45기 0 1 1     2 210⑩1:15.911   3.213.140.514.6  2 -2  .0510 8 -1 3.591109690 8 71111 91 2 1.05 4.09     4.0  1.3    5.8    7.3    9.4  .0 910-3 1 1-3▼-1.338.40 -.26  .6076.90 1.58 4.44 9.25 1 5 9 9.6519.7366.16 4
20251122토 3120012외420 2 7611 1강 1159맑음건조 3 8 8세상너머로      ROCK YOUEXCUSE M        미암 2     2 1  108      41250혼4강환민한춘희   011 1 1 111 1 0 0 0  0송재철50354.076평무보   35 3540  .035.014.21745 919541123 012 01920192620      →→입13.936.738.513.7    37.739.2 76.6 77.2              13.90   14.00 4  0  0LL동       12 0                 0 0일반주행보통주행52기 0 6 2     3 5 6⑨1:16.61¾  2.613.739.614.1  0  0  .00 9 9  0 3.07971657314 2 2 6 80 1 4.01 2.04 2.4 2.7  8.9    7.6   22.3   17.5  .01532-1 2 3-1▽-1.039.20  .88 1.9975.61 3.01 7.4614.22 3 713 8.3317.2533.05 5
20261010토 8180010외4 1 6  4 0혼전 4451           8 9글로벌파로아    AMERICANHARVEST  7035.00호거 4 0 0   1    016:55 33000혼4정호익장재형   2 01618 217 1 0 017  0우인철   51.072평추보50 48 482820.044.022.82048102132102315 0 02213112823 02550↗↘입13.742.640.113.42265                    7 29  729   17.20   13.30 6  3 -2LU동52.84521814  .0 5.4 5.4535313 0일반주행거리속성54기 0 9                            17.2    13.3        .0                      10 4 5 7  1                                              .01527 0 3 3 0― -.540.10 -.60     119.6 6.6414.0822.75 41117 4.8412.2420.17 8
20260830일 8180010외412 5 64 1혼전 4451흐림다습11 8 9글로벌파로아    AMERICANHARVEST  7035.00호거 4 0 0 9 1   96      33000혼4정호익장재형   2 11517 117 1 0 016  0이혁  44252.577평추하31 28 283110.042.015.22259 7213210231525132213282118 02550↗↘선13.740.240.213.4496142.639.7118.3118.8  8 31  831   14.80   13.40 7  2  0NHUP52.84521814-1.2 5.8 4.6606013 2교체실패거리속성34기 0 610101010 9 9⑦1:58.34    1.617.239.413.3 -1  1  .00 7 8  4 1.84499278334 5 4 8 80 5 1.04 1.07 1.8 4.1  1.8    5.2    7.9    8.6  .02031-1 3 4-1▽ -.740.70  .2538.43118.7 3.34 8.3515.21 2 714 3.33 7.3712.04 8
20260712일 8160010외411 6 64 2혼전 4441맑음다습10 8 9글로벌파로아    AMERICANHARVEST  4138.00호거 4 0 0 2 1  114      33000혼4정호익장재형   2 21416 617 1 0 015  0임다빈44152.576평추보80 73 731427.051.023.31530 9213210231519 62213142424 02550→↗추13.836.739.413.4416136.739.5101.9103.4  8 42  833   14.90   13.30 5 -5  0HH동52.84521614-2.2 6.6 4.4616113 0편성만만선추겸비70기 1 4 9   910 8 7⑦1:41.9½   1.214.838.713.4  3-10  .00 7 4  0 1.36466475545 6 3 5 70 8 9.0210.02 2.2 7.3 23.2   91.2  192.1  269.0  .02842 0 4 4 0―  .139.40  .2427.33103.1 5.7413.7723.32 3 716 7.1414.8923.55 8
20260607일 61600 9외453 4104 3혼전 4451맑음양호 6 8 9글로벌파로아    AMERICANHARVEST  4138.00호거 4 0 0 1 1   85      33000혼4정호익장재형   2 31315 517 3 0 014  0이혁  45152.578평추상66 72 721443.065.032.72259 7213210231525132213282118 02550↗↘선13.836.839.213.4387336.738.1103.9101.8  9 45  945   14.90   13.30 5  3 -1VH동52.84521614-2.8 6.8 4.0626213 0일반주행탄력호조34기 0 9 8   8 7 7 6⑤1:43.9머리  .614.938.813.3  1  6  .00 5 4 -2  .91567121063 5 4 5 70 4 2.0610.05 3.2 6.1  3.7   16.3   23.7   13.712.73159 2 6 7 2― 1.139.20  .0625.84103.0 9.6720.7932.68 92235 7.3215.5823.41 7
20260502토 7160010외454 5104 4혼전 4451흐림건조 3 8 9글로벌파로아    AMERICANHARVEST  4138.00호거 4 0 0 1 1   94      33000혼4정호익장재형   2 41214 417 2 0 013  0이혁  44553.078평추하64 64 641420.051.026.22259 7213210231525132213282118 03333↗↘선13.836.639.813.5524536.438.5103.2102.6  0 30 2020   15.10   13.40 4  0 -1NV동52.74541614-2.8 6.6 3.8595913 0교체실패선추겸비36기 0 6 9   9 910 6④1:43.2½    .114.938.813.3 -2  1  .00 4 6  4  .13546171279 4 3 4 63 3 4.02 4.08 2.3 5.2  8.6   18.4   50.8   10.9  .02029 0 3 5 0―  .239.80  .0426.21103.3 7.0616.6726.19 61325 3.61 9.9418.41 8
20260405일 7160010외412 9 64 5혼전 4451맑음양호 6 8 9글로벌파로아    AMERICANHARVEST  4138.00호거 4 0 0 1 1   67      33000혼4정호익장재형   2 51113 317 1 0 012  0이혁  44453.578평추상53 51 511429.054.029.32259 7213210231525132213282118 03333↗↘선13.736.739.413.5466136.638.2104.1102.3  0 20 1020   14.40   13.60 4 -3  1NN동52.74541614-3.4 7.4 4.0646413 0숨은복병급신장세68기 2 610  10 9 9 8⑥1:44.12     .615.139.013.4  4 -2  .05 6 2 -3 1.3245313 767 6 1 4 53 2 4.03 1.10 1.8 4.1  8.6   21.0   54.1   93.412.72955 2 5 5 2―  .439.40  .1026.23103.1 8.0018.0129.29 81728 7.1414.2922.53 6
20260307토 9160010외421 5 74 6혼전 4451맑음포화15 8 9글로벌파로아    AMERICANHARVEST  4138.00호거 4 0 0 2 1   76      33000혼4정호익장재형   2 61012 217 3 0 011  0임다빈44652.576평추상54 58 581421.051.023.31530 9213210231519 62213142424 03333→↗추13.736.839.513.4386136.239.6101.2103.5  0 22 1122   15.10   13.00 4  0  0LH동52.74541614-3.4 7.4 4.0646413 0일반주행급신장세48기 2 910  10 7 7 5④1:41.21    1.014.438.913.6 -1 -2  .00 4 5 -5 1.15832463549 5 3 5 63 7 9.04 7.08 1.8 3.7 36.9  147.4  403.3   93.1  .02143 1 4 4 1―  .139.50  .1527.18103.2 6.1514.2323.26 51222 5.1311.6318.2910
20260208일 7160010외421 2 74 7혼전 4451맑음건조 2 8 9글로벌파로아    AMERICANHARVEST  4138.00호거 4 0 0 2 1   56      33000혼4정호익장재형   2 7 911 117 2 0 010  0임다빈44852.576평추보42 40 4014 8.041.019.31530 9213210231519 62213142424 03333→↗추13.737.040.113.4284936.339.2101.0103.0  0 25 1325   14.40   14.40 4  3  0LHUP52.74541614-2.2 7.6 5.4555513 2일반주행보통주행52기 1 910  1010 7 6③1:41.02½   .515.138.413.0 -7 -2  .00 310  2 1.55136393063 8 5 5 93 6 1.09 2.07 2.4 4.4  2.4   43.4   48.2  187.7  .01524-1 2 3-1▽ -.740.10 -.1225.85103.7 5.1311.6219.26 2 510 2.47 6.2911.4910
20260110토 81400 9외411 5 14 8혼전 4451눈  양호 8 8 9글로벌파로아    AMERICANHARVEST  4138.00호거 4 0 0 2 1   77      33000혼4정호익장재형   2 8 810 517 1 0 0 9  0임다빈45052.576기무적61 47 4730 9.043.015.61530 9213210231519 62213142424 03333→↗추13.837.139.213.4446937.439.8 89.0 89.4  0 43 1429   14.00   14.40 6  3  1NN동52.74541412-2.4 8.2 5.8555513 0일반주행기복전력71기 1 6 8     8 6 6⑥1:29.02    1.114.439.814.4 -2 -6  .00 6 8  4 2.6666963724711 3 9 70 5 1.02 3.02 1.5 3.4  1.5    3.4    4.6   31.7  .01532 0 3 3 0― -.438.90  .3113.1188.80 3.24 8.3015.59 31119 2.59 5.0810.2010
20251130일 6140011외450 4104 9혼전 4431흐림다습10 8 9글로벌파로아    AMERICANHARVEST  4138.00호거 3 0 0 9 1  11514:25 33000혼4정호익장재형   2 9 7 9 417 2 0 0 8  0유승완45652.069평무하57 50 503412.043.017.41961 9213210231515132213152722 03333→↘입13.837.139.313.4486536.939.8 88.7 88.8  0 29 1429   14.80   13.20 4 -2 -2HUUP52.74541412-2.0 8.8 6.8474713 1숨은복병보통주행 5   0 3 8     4 8 8⑧1:28.7¾   1.514.039.914.4  4  1  .09 8 4 -1 1.54639635637 7 6 7 80 2 1.1111.09     6.9  2.7  144.3  180.9  190.1  .01922 0 3 3 0― -.638.80  .2212.4488.86 4.4510.2017.35 2 714 2.38 9.7317.65 7
20251101토 7130011외452 410410혼전 4453맑음건조 5 8 9글로벌파로아    AMERICANHARVEST  4138.00호거 3 0 0 1 1  170      33000혼4정호익장재형   210 6 8 117 1 0 0 7  0유승완45554.069하무적28 23 2331 5.041.015.41961 9213210231515132213152722 050 0→↘입13.837.339.113.5608038.438.2 82.4 82.6  0 17 1750   14.60   13.60 8 -5  2NNDN52.04541412-2.610.0 7.4454514-1숨은복병거리속성38기 0 511     9 9 6③1:22.43     .514.838.313.2 -2  7  .00 3 5  4  .62682143664 9 3 7 83 1 2.0310.03 2.1 5.4  5.2   13.6   28.5   61.3  .01926-1 2 3-1▽ -.839.70  .67 6.1682.90 3.61 8.3015.39 2 714 3.33 5.7611.4910
20250906토11140011외454 510411혼전 4451비  포화16 8 9글로벌파로아    AMERICANHARVEST  4138.00호거 3 0 0 1 2  316      33000혼4정호익장재형   211 5 7 317 3 0 0 6  0임다빈44852.076하무적53 42 424311.045.019.21950 82448 6231519 62213142424 050 0→→추13.837.139.513.5466137.739.7 87.4 89.6  0 17 1750   13.90   13.40 5  2  0BU동52.04541412-2.310.3 8.0383814 0일반주행보통주행51기 11010    10 9 9⑦1:27.42½  1.214.638.813.6  6 -5  .09 7 1 -4 1.36777627543 8 6 8 90 4 2.09 7.03 3.0 6.5  4.6   56.6   78.2  129.7  .01533-1 3 2-1▽ -.338.90  .0412.9689.00 4.6410.7319.20 3 716 2.63 7.0613.4810
20250802토 61400 9외432 3 8412 3강 3351맑음건조 3 8 9글로벌파로아    AMERICANHARVEST  4138.00호거 3 0 0 1 3  40615:40 33000혼4정호익장재형   212 4 6 217 2 0 0 5  0임다빈45352.077하무상44 46 464820.057.028.61848 6225610231519 62213142424 0 0 0↗→추14.236.939.913.5674137.038.5 87.8 87.9  0  0 2040   14.20   13.30 4  0  0NUUP52.04551412-2.710.0 7.3434312 2일반주행탄력호전 7기 2 8 5     6 4 3③1:27.83     .613.938.313.4 -2 -2  .00 3 5 -4  .61243191364 5 9 6 52 3 1.02 5.06     3.5  2.4    3.5    6.1   10.7  .02150 1 4 5 1―  .538.80 -.3511.1089.14 7.8616.7328.64 82135 2.80 8.4913.32 8
20250706일 7120011외452 410413 3강 3359맑음건조 3 8 9글로벌파로아    AMERICANHARVEST  41     호거 3 0 0 1 3  47915:15 33000혼4정호익장재형   213 3 5 417 1 0 0 4  0임다빈45552.077하추보21 13 1327 6.044.024.91848 6225610231519 62213142424      ↗→추14.237.638.813.5486537.937.4 74.9 75.7  0  0 2525   14.20   13.30 4  7  0NH동       1412-2.5 9.5 7.0414112 0가는대로최적거리58기 1 8 8     9 7 6⑤1:14.91     .214.237.713.3 -4  1  .00 5 9 -2  .73379 82272 7 5 7 50 2 1.0811.05     6.4  2.7   27.4   36.3   35.511.21846 0 3 3 0― -.237.80 -.11 -.7376.28 5.8514.8724.89 41121 1.33 5.23 8.2311
20250608일 5120011외442 1 9414 1강 1159맑음건조 3 8 9글로벌파로아    AMERICANHARVEST  41     호거 3 0 0 2 3  55914:25 33000혼4정호익장재형   214 2 4 317 1 0 0 3  0이혁  45452.081평추보39 39 3939 6.049.022.5213210225610231525132213282118      ↗↘선14.237.738.713.5168939.137.9 76.0 77.5  0  0 33 0   14.20   15.10 6 -6  0HHDN       1412-5.011.0 6.0575712-2최빈거리최적거리 5   0 1 9    101011⑩1:16.01¾  2.014.237.913.3 -1  5  .001011  0 3.68498187422 9 6 5 40 1 2.03 5.07     6.2  3.0    8.0   11.1  105.6  .01762 0 3 4 0―  .038.30 -.05 1.0776.28 5.4413.4622.52 82135 1.08 4.35 7.40 9
20250426토 7140011외454 610415혼전 4451맑음양호 8 8 9글로벌파로아    AMERICANHARVEST  4138.00호거 3 0 0 9 4  69216:05 33000혼4정호익장재형   215 1 3 117 1 0 0 2  0임다빈44952.083하추보10 35 3534  .038.011.11944 41029 3231519 62213142424      ↘↗추14.336.940.313.5684136.441.3 90.7 89.9  0  0  0 0   14.30   15.20 5 -3 -3NHUP       1412         8.0    12 2일반주행거리부담 1기 1 7 9     7 7 9⑧1:30.72    1.114.242.215.1 -3  3  .00 811  3 1.57612908046 6 811110 1 5.03 5.11     6.2  9.2   19.5   46.9   19.0  .01539-3 3 3-3▽-1.039.20 -.1212.7289.41 2.06 5.4811.09 0 1 411.4620.5686.34 5
20261010토 8180010외4 1 6  6 0혼전 4451           810럭키붐          LOOKIN ABEDANKEN 4056.00미거 5 0 0   1    016:55 33000혼4이관호황은호   1 016 61829 3 3 029  0임다빈   57.075평무보50 39 3914 8.038.015.81530 9214111201914 62220142424 04060→↗추15.141.440.313.6 534                   15 19  0 7   15.90   13.80 7  0  0VLUP54.74271818-1.4 8.6 7.2363610 1최빈거리거리난점69기 110                            15.9    13.8        .0                       8 5 7 8 12                                              .011 9-1 2 2-1▽-1.040.30 -.15     119.2 3.47 8.4715.81 2 714 3.23 6.8012.61 9
20260823일 8170011외451 2106 1혼전 4451맑음다습13 810럭키붐          LOOKIN ABEDANKEN  548.00미거 5 0 0 2 1  116      33000혼4이관호황은호   1 115 5 529 2 3 028  0임다빈42757.076평무상70 61 611913.045.018.11530 9214111201914 62220142424 04060→↗추15.140.440.613.6114941.441.1112.7115.2 15 19  0 8   15.50   13.40 6  3  1BUDN54.74271818 -.8 8.6 7.8404010-1일반주행거리속성44기 01011111110 9 7⑦1:52.78    2.615.940.113.8 -2  2  .00 7 9  2 3.8869752861411 4 7 9011 1.02 4.11 2.6 6.0  2.6    6.0   10.6   19.4  .01529 0 3 3 0― -.240.90  .1634.16113.8 3.5410.0018.10 1 4 7 3.06 6.8013.89 9
20260712일 91800 8외453 7 56 2 1강 1155맑음다습10 810럭키붐          LOOKIN ABEDANKEN 4056.00미거 5 0 0 2 1   93      33000혼4이관호황은호   1 214 41729 1 3 027  0임다빈42556.575평무상14  3  328 8.047.030.41530 9214111201914 62220142424 02575→↗추15.041.040.513.8 71941.839.4117.4117.5 12 12  012   15.90   14.40 4  3  3NB동54.34271818 -.2 9.2 9.0303010 0최빈거리탄력호조64기 0 7 8 8 8 5 4 4③1:57.41½   .215.540.013.4 -4 -5  .00 3 7 -2  .4 994196076 8 4 8 5210 6.03 4.02 2.1 2.5 23.1   60.2  178.8  413.5  .03146 0 4 4 0―  .139.80 -.4036.03119.1 7.8818.5130.38 41221 3.39 8.1314.71 7
20260613토 71800 9외451 7106 3 2강 2259맑음건조 3 810럭키붐          LOOKIN ABEDANKEN 4056.00미거 5 0 0 2 1   74      33000혼4이관호황은호   1 313 31629 2 3 026  0권중석43054.065평무보13  8  8 6 3.028.0 6.01341 6214111201914252220191818 02575↘→선15.041.040.513.7 72242.241.1120.1119.4 13 21  013   16.00   12.90 4 -1 -1HH동54.34271818-1.6 9.4 7.8424210 0최빈거리거리난점35기 0 4 9 9 9 9 9 8⑦2:00.16    1.715.940.914.4 -2 -6  .00 7 9  0 1.85297639236 9 3 8 90 2 5.02 8.07 2.7 6.6  7.9   12.8   20.3   21.0  .0 9 3-4 1 1-4▼-1.840.00  .1337.93119.1  .66 2.67 5.97 2 510  .12 2.00 4.97 8
20260517일 9180010외441 9 96 4혼전 4451맑음건조 3 810럭키붐          LOOKIN ABEDANKEN 4056.00미거 5 0 0 2 1   62      33000혼4이관호황은호   1 412 21529 1 3 025  0권중석43654.565평무하 5  1  1 6 5.028.0 6.91341 6214111201914252220191818 02575↘→선15.041.040.613.8 81542.639.1122.8121.3 13  9  0 9   15.20   13.50 2 -5  2NN동54.34271818-1.2 8.8 7.6464610 0최빈거리거리난점68기 0 5 910101010 9⑧2:02.8코   1.315.739.113.4 -1 -2  .00 8 9  0 2.3899913744510 710100 1 2.04 4.08 3.4 5.7  3.7   11.3   19.3    9.4  .01111-1 1 2-1▽-1.640.20  .0839.68119.2  .87 1.67 6.91 1 4 8 2.30 4.42 7.0810
20260502토 9180011외341 6 96 5혼전 4453흐림건조 3 810럭키붐          LOOKIN ABEDANKEN 4056.00미거 5 0 0 1 1   32      41250혼3이관호황은호   1 511 11429 2 3 024  0조한별43852.559평자보25 15 15 4 4.026.0 4.2132710214111201917 02220122118 02575↗↘입15.041.040.613.7 91540.941.1120.9120.1 14  9  0 9   15.10   13.90 4  5 -5NH동54.34271818-2.6 9.2 6.6525210 0최빈거리거리난점40기 010 7 7 7 71011⑪2:00.91    2.115.240.713.5  2  2  .0011 9  0 2.8767965802411 9 9110 2 6.07 6.11 2.8 5.3 16.6  146.1  325.8  193.1  .0 9 5-3 1 1-3▼-1.940.10  .1538.51119.2  .30 1.46 4.16 1 2 5 1.79 4.51 9.1311
20260404토 7180011외422 8 76 6 1강 1151맑음양호 7 810럭키붐          LOOKIN ABEDANKEN 4056.00미거 5 0 0 1 1   78      33000혼4이관호황은호   1 610 61329 1 3 023  0조한별43657.559평무보 5  1  1 3 1.028.0 7.5132710214111201917 02220122118 02575↗↘입15.041.040.613.7 51340.441.4120.4119.2 14 14  014   15.70   13.60 5 -3  0NL동54.34271818-2.8 9.4 6.6464610 0최빈거리거리난점48기 0 5 9 9 910 9 9⑩2:00.4코   1.615.140.713.9  1  4  .0010 9 -1 2.1555872753410 510100 1 1.03 7.06 1.6 3.1  1.6    5.8    8.3  101.7  .0 9 4-3 1 1-3▼-1.540.00  .0837.60119.2  .62 3.75 7.46 1 3 6  .93  .93 3.9711
20260228토 8180010외450 2106 7혼전 4451맑음건조 3 810럭키붐          LOOKIN ABEDANKEN 4056.00미거 5 0 0 9 1  108      33000혼4이관호황은호   1 7 9 51229 2 3 022  0코지  43257.587평무상44 54 54 336.065.036.4325718214111201929 02220233018 02575↗↘입15.041.040.613.8 91241.541.9119.7120.8 15 20  010   15.60   13.70 4 -3  3NB동54.34271818-2.8 8.4 5.6535310 0교체성공최근최상67기 0 8101010 7 810⑨1:59.74    2.015.740.713.6 -1 -6  .00 910  0 2.0869281942211 7 5 30 2 7.03 3.07 2.8 7.3  7.1   44.1   52.4   57.212.73147 2 6 7 2― 1.040.20 -.5739.23119.213.0824.3536.39143047 5.8314.8123.15 7
20260201일 8180011외422 9 76 8 1강 1159맑음건조 2 810럭키붐          LOOKIN ABEDANKEN 4056.00미거 5 0 0 1 1   45      33000혼4이관호황은호   1 8 8 41129 1 2 021  0코지  43854.587평무보 5  1  11410.050.027.3325718214111201929 02220233018 03367↗↘입15.041.040.613.7 81741.240.3119.8117.9 11 16  0 5   15.10   15.00 5  9 -1VN동54.24241818-2.8 8.4 5.6525210 0최빈거리거리난점 5기 01111111111 9 4①1:59.8목   -.115.641.013.7 -9 11  .00 110  3  .0208248699411 510 63 110.0811.01 2.1 4.0 75.3  655.0 1430.9 1153.6  .01844 0 4 7 0―  .039.80 -.3736.34119.2 7.7717.4227.34 51222 4.11 9.0911.04 9
20251228일 8180011외420 7 76 9 2강 2251맑음다습12 810럭키붐          LOOKIN ABEDANKEN 4056.00미거 4     9 1   8816:10 33000혼4이관호황은호   1 9 7 31029 6 2 0 0  0정우주42755.059평무상19 14 14 7 3.031.0 9.41356 8214111201916 82220163012 03367↗→입15.040.940.713.7131241.442.6123.6123.4 11 16  011   15.40   13.70 4 -6 -2UNUP54.24241818-2.8 8.4 5.6434310 1최빈거리거리난점44기 0 2 7 8 8 91010⑩2:03.68    4.115.143.115.0  3  3  .0910 7  1 4.198888996 811 8 8100 6 1.02 3.08     2.9  1.5    2.9    3.5    5.2  .0 912-2 1 2-2▽-1.540.60  .0441.79119.2  .92 4.94 9.36 1 4 8  .12 1.76 4.7511
20251130일10170011외432 5 8610 1강 1159흐림다습10 810럭키붐          LOOKIN ABEDANKEN  548.00미거 4 0 0 9 1   6817:30 33000혼4이관호황은호   110 6 2 429 5 2 019  0정우주42457.059평무상14 16 16 7 9.042.022.31356 8214111201916 82220163012 03367↗→입15.040.341.213.7151941.140.5113.5113.4 11 11  011   15.50   14.10 5  2  6NBDN54.24241818-2.8 8.4 5.6434310-1일반주행거리속성79기 1 8101010 9 8 8⑦1:53.5착변  .715.440.913.7  1  2  .00 7 6 -5 1.9459338715911 2 9 60 5 2.03 6.03     4.2  4.8   13.5   22.1  104.4  .02027 0 3 4 0― -.240.80 -.2031.87114.1 4.9212.9922.26 3 816 3.85 7.2314.17 7
20251025토10180011외352 6 5611 2강 2251맑음건조 5 810럭키붐          LOOKIN ABEDANKEN 4056.00미거 4 0 0 9 1  189      41250혼3이관호황은호   111 5 1 929 4 2 018  0정우주42251.059평무보 5  2  2 0 1.025.0 5.21356 8214111201916 82220163012 03367↗→입15.040.940.713.6121341.141.8118.8120.5 12 12  012   15.30   15.10 4  0 -6NU동54.24241818-1.2 7.2 6.0434310 0최빈거리거리난점40기 0 61111111011 9⑥1:58.83    1.015.540.714.1 -5 -5  .00 611  1 1.7808281915111 711113 4 3.05 3.11 2.2 4.8  4.6   19.7   36.1   23.1  .0 9 2-4 1 1-4▼-1.740.20  .1338.90119.2  .35 1.46 5.24 0 1 4  .78  .79 3.4011
20250927토 8180011외440 5 9612 1강 1151맑음다습11 810럭키붐          LOOKIN ABEDANKEN 4056.00미거 4 0 0 9 2  256      33000혼4이관호황은호   112 418 829 3 2 017  0정우주42756.567평무상48 39 39 7 7.037.013.71150 5215017201916 82220163012 03367→↗입15.040.840.613.6151741.843.7122.7123.1 13 13  013   15.50   14.40 6  1  1NU동54.24241818-1.0 6.4 5.4515110 0최빈거리거리난점44기 0 6101111 6 810⑩2:02.714   4.315.343.915.1  0  1  .001010  5 4.497949599 710 8 7100 3 2.0711.05 2.9 8.3  4.9   31.4   43.9   85.4  .01110-1 2 2-1▽ -.840.70 -.0141.74119.1 3.14 7.0613.67 1 5 9 1.90 4.9012.00 9
20250817일 9180010외420 5 7613혼전 4451맑음양호 7 810럭키붐          LOOKIN ABEDANKEN 4056.00미거 4 0 0 2 2  37117:00 33000혼4이관호황은호   113 317 729 2 2 016  0정우주42656.067평무상37 45 451934.052.026.11150 5215017201916 82220163012 03367→↗입14.940.840.513.5152541.140.9120.0118.3 13  7  013   14.80   14.50 7 -6  3NB동54.24241818 -.6 6.2 5.6535310 0최빈거리거리난점67기 0 5 9 8 8 3 3 3④2:00.03     .715.541.714.4 -1  5  .00 4 5 -5 2.62481627963 9 7 5 52 2 2.04 1.07     4.3  5.0   30.6   49.2    7.812.73124 2 5 6 2―  .240.10 -.2537.00119.0 6.9716.6726.14 81728 8.0018.5229.30 5
20250628토 8180011외410 7 6614혼전 4459흐림다습11 810럭키붐          LOOKIN ABEDANKEN 4056.00미거 4 0 0 9 3  50717:30 33000혼4이관호황은호   114 216 629 1 1 015  0정우주42153.573평무하15  2  214 7.035.013.0203310152611201916 82220163012 0 099↘→입15.040.940.413.3143740.740.9119.2118.8  7  7  014   15.10   14.40 2  4  1VNUP54.54251818 -.2 5.8 5.6545410 1최빈거리거리난점43기 011 810 9 3 3 1①1:59.2¾    .014.841.414.5 -9 -6  .00 110  4  .0376862709211 4 9 92 110.0211.01     6.3 44.9  133.8  386.1  380.3  .01218 0 2 4 0―-1.140.00  .0437.45119.0 1.70 6.1113.00 1 4 8 3.45 7.7515.7210
20250614토 7170011외442 3 9615 2강 2253맑음건조 3 810럭키붐          LOOKIN ABEDANKEN  548.00미거 4 0 0 2 3  54816:30 33000혼4이관호황은호   115 115 329 9 1 014  0임다빈42753.077평무하33 39 3919 8.045.015.21848 6152611201914 62220142424 0 099↗→추15.040.440.513.3146540.242.1112.6114.1  8  8  015   14.90   14.70 6  3 -2NHDN54.54251818  .2 5.4 5.6616110-1일반주행거리속성54기 1 7 9 9 9 9 8 8⑦1:52.6¾   2.415.141.514.4  1 -2  .00 7 6  1 2.5666678851711 2 5 90 9 4.02 9.06     4.0  6.6   14.0   28.7   16.5  .01723 0 3 4 0― -.440.80  .2733.20113.7 3.10 7.9915.20 2 714 1.67 4.31 7.08 9
20261010토 9180011국2 3 3  2 0혼전 4451           9 1학산다크호스    사우스비세인트에 8436.00한수 4 0 1   1    017:25 495002등문세영황봉기   2 016 8 220 5 4 720  1이동하   54.591우입보50 69 699275.064.047.6315015182213232333324425252419 05050↗↘선13.939.939.713.54676                   71 71 2929   13.90   13.20 6 -6  0UH동55.94701814  .0 3.2 3.2797914 0편성탐색전개최상74기 1 1                            13.9    13.2        .0                       8 2 2 2 12                                              .04189 3 9 9 3★ 1.139.70 -.25     118.419.6835.0147.5518375320.0032.4646.84 2
20260829토 8180011국254 1 52 1혼전 4451맑음다습12 9 1학산다크호스    사우스비세인트에 8436.00한수 4 0 1 9 1  106      495002등문세영황봉기   2 115 7 120 4 4 719  1이동하47554.591강추하90 89 897372.060.034.8315015182213232333324425252419 05050↗↘선13.840.039.813.5516939.939.8116.3118.8 75 75 3131   13.90   12.90 7 -2 -1NHUP55.94701814 -.2 3.8 3.6777714 2부중유리작전마주42기 0 7 3 3 4 5 6 4④1:56.31½   .613.938.813.2  2 -2  .00 4 2  1 1.34440302163 6 3 2 4211 1.03 6.08 2.5 5.0  2.5    6.5    9.4   14.010.53155 0 8 8 0▲  .640.90 -.0239.00118.511.0222.7034.7912264113.4025.8437.07 3
20260711토10160010국253 6102 2혼전 4451맑음다습14 9 1학산다크호스    사우스비세인트에 8339.00한수 4 0 1 2 1  122      495002등문세영황봉기   2 214 6 420 3 4 618  1이동하47755.090강입상96 95 951477.063.041.9315015182213232333324425252419 05050↗↘선13.936.439.313.5625336.438.8 99.9101.9 73 73 2040   14.40   12.40 5 -1 -3NHUP55.94701614 -.2 3.8 3.6777714 4적정체중작전마주78기 1 9 7   7 7 6 4②1:39.9목    .013.937.912.9  1  3  .00 2 1 -5  .01747241987 5 3 2 3310 2.01 5.09 3.4 7.9  4.9    9.4   19.5   21.510.53670 3 8 9 3▲ 1.139.30 -.0226.21102.915.1929.1741.9112264116.8332.0842.86 3
20260607일 9120011국433 2 82 3혼전 4451맑음양호 6 9 1학산다크호스    사우스비세인트에 9318.00한수 4 0 1 1 1   82      41250국4홍대유황봉기   2 313 5 620 2 4 517  1이동하47458.091강입보94 97 977982.064.034.3315015194312152124322014252419 05743↗↘선13.936.938.113.6648337.637.1 73.9 75.0 64 64 2936   13.80   13.10 6  4  2BB동55.64701614  .6 2.8 3.4777714 0승부최상작전마주45기 01010    10 7 3②1:13.9머리  .014.436.612.4 -4  0  .00 2 6  5  .01368 3 879 6 5 1 23 9 1.0611.10 2.6 5.8  2.6   10.6   16.0   46.910.53470 1 8 8 1▲ 1.038.40  .42  .0475.5012.8223.7934.2518375319.8232.1344.72 1
20260425토11120011국453 4102 4 1강 1157맑음건조 3 9 1학산다크호스    사우스비세인트에 9318.00한수 4 0 1 9 1  111      41250국4김윤섭황봉기   2 412 4 520 1 3 516  1이동하47456.091강입보88 82 828593.067.067.1315015142012 8423232 9 2252419 05050↗↘선13.936.838.113.6718336.938.0 74.0 74.9 69 69 3831   14.00   13.30 4 -4  1NNDN55.54691614  .4 3.2 3.6757514-2마방연대승부최상64기 1 6 6     6 4 1①1:14.03    -.613.837.313.1  0 -3  .00 1 1 -5  .01432221395 6 4 1 12 8 1.02 6.04 3.2 6.5  3.2    6.5   10.1   31.9  .04597 4 9 9 4☆ 1.738.40 -.48  .0375.4537.4056.0767.0838597046.9977.3084.38 1
20260329일10140011국451 5102 5혼전 4451맑음건조 3 9 1학산다크호스    사우스비세인트에 8339.00한수 4 0 1 9 1   64      41250국4김윤섭황봉기   2 511 3 720 1 3 515  1코지  47755.587강입하82 72 728468.062.032.0325718142012 842 023 9 2233018 05050↗↘입13.936.539.213.6795337.438.5 87.8 88.4 75 67 4225   14.10   13.30 8  2 -1BH동55.54691614  .0 2.6 2.6797914 0승부최상마방연대92기 110 7     7 9 9⑦1:27.81½   .614.038.413.3  1 -1  .00 7 6  4  .92665192465 4 8 4 60 6 2.09 1.09 3.9 6.5  4.6   63.2   84.0   65.5  .03484 1 7 8 1▲  .939.30  .2512.6588.3811.1921.5232.0218375312.3922.5035.05 4
20260201일10140010국450 6 52 6혼전 4451맑음건조 2 9 1학산다크호스    사우스비세인트에 8339.00한수 4 0 1 1 1  137      41250국4김윤섭황봉기   2 610 2 620 7 3 514  1이동하47856.590강입하94 87 878783.070.056.5315015142012 8423232 9 2252419 05050↗↘선13.936.539.113.6825737.539.3 87.6 88.9 75 67 4225   13.70   13.50 6 -3  0NN동55.54691614  .0 1.8 1.8858514 0전개최상승부최상 5관 0 8 5     7 9 8⑦1:27.6목   1.314.138.413.3  5 -5  .09 7 2 -3 1.94671445644 2 6 2 10 7 6.05 1.07 2.3 5.0 11.2   70.7  140.2  260.910.67096 4 9 9 4☆ 2.239.40 -.3413.3488.3230.8248.4756.5238597021.4938.3345.41 1
20251221일10140011국312 2 62 7혼전 4451맑음다습13 9 1학산다크호스    사우스비세인트에 8339.00한수 3 0 1 2 1  10817:30 41250국3김윤섭황봉기   2 7 9 1 520 6 3 513  1이동하48356.590강추하75 79 799281.066.041.8315015142012 8423232 9 2252419 05050↗↘선13.836.439.113.5866136.839.5 85.9 88.1 82 73 1827   13.70   14.20 6  8  0VNDN55.54691612  .0 1.8 1.8858514-2연대우수전개최상82기 111 6     5 3 5⑥1:25.92½   .913.738.413.5  1  6  .00 6 5  3 2.02137534352 2 7 4 22 6 1.04 4.05     4.6  1.5    6.1    8.5   18.1  .04694 4 9 9 4☆ 1.439.30  .1212.6088.2515.8030.9341.7834536615.3328.6839.33 2
20251109일 8160010국452 3 52 8 3강 3351맑음건조 3 9 1학산다크호스    사우스비세인트에 8339.00한수 3 0 1 2 1  136      41250혼3김윤섭황봉기   2 8 8 3 320 5 3 512  1이동하47756.590강추보94 95 951490.069.045.8315015142012 8423232 9 2252419 05050↗↘선13.936.039.613.6844935.940.6102.0103.2 82 73 3618   13.70   14.10 5  2  1HN동55.54691612 -.4 2.0 1.6888814 0승부최상연대우수52기 0 3 3   3 3 5 7⑥1:42.0코    .913.740.414.2  4  8  .09 6 2  1 1.16016776752 3 4 1 22 5 4.05 7.08 3.1 4.1  8.9   32.4   86.2   39.8  .04687 4 9 9 4☆ 1.739.60 -.0727.56102.819.5234.2445.8214304723.2439.8649.49 2
20251004토 9160010국350 2 52 9혼전 4451맑음다습10 9 1학산다크호스    사우스비세인트에 8339.00한수 3 0 1 1 2  223      41250국3김윤섭황봉기   2 9 7 2 220 4 3 411  1이동하46956.091강추보95 93 931484.069.055.3254715275019 8423232 9 2252419 05050↘↗선13.936.139.513.6775335.739.5100.8102.1 80 70 3020   13.70   13.10 5 -6  4UN동55.54691612 -.2 2.2 2.0888814 0마방선전승부최상52기 1 1 1   1 2 3 2②1:40.81½   .013.739.514.1  1 -2  .00 2 1  0  .32412522777 2 5 1 11 4 4.01 4.01 2.8 4.7  7.4   11.7   28.0   27.510.56493 4 9 9 4☆ 1.739.50 -.2926.46102.824.0941.4455.3012264120.3536.7050.91 2
20250830토 9160010국354 2 5210혼전 4451맑음포화18 9 1학산다크호스    사우스비세인트에 8339.00한수 3 0 1 9 2  33919:35 41250국3김윤섭황봉기   210 6 1 120 3 2 410  1이동하47152.091강입상92 93 931481.066.049.0254715275019 8423232 9 2252419 06040↘↗선13.936.239.613.6734936.438.9 99.0101.5 78 67 3322   13.60   13.10 5  2 -6NUUP56.24681612 -.2 2.8 2.6818114 2승부최상마방선전58기 1 7 4   4 5 5 3①1:39.0½    .013.737.713.1  0  5  .00 1 1 -2  .01045332876 3 6 1 13 3 1.06 7.03     5.0  2.5   19.5   30.6  135.510.55290 4 9 9 4☆ 1.439.60 -.2325.70102.920.6337.3448.9934536622.3439.2049.84 1
20250727일 9140011국423 2 7211 2강 2241맑음건조 3 9 1학산다크호스    사우스비세인트에 8339.00한수 3 0 1 9 3  41715:05 33000국4김윤섭황봉기   211 5 3 420 2 2 3 9  1이동하46658.092강추보85 93 938492.069.060.73344212043 4 8423232 9 2252419 05050↘↘선13.936.639.213.7725336.838.6 86.2 87.9 75 63 3825   13.60   13.60 5  0  1NB동55.84691412  .0 2.6 2.6818114 0승부최상승부최상82기 2 5 5     4 4 3②1:26.23     .013.637.913.1 -1  0  .00 2 3  0  .6112821 976 6 3 3 12 2 1.03 7.05     3.7  2.4    7.2   11.8    6.4  .04594 4 9 9 4☆ 1.639.10 -.5712.0588.4526.9347.0860.7134536625.1847.8863.20 2
20250621토 51400 8국434 5 3212혼전 4451흐림포화19 9 1학산다크호스    사우스비세인트에 8339.00한수 3 0 1 2 3  53014:40 33000국4김윤섭황봉기   212 4 2 320 1 2 2 8  1이동하46657.092강입보88 94 947882.067.052.43344212043 4 8423232 9 2252419 06733↘↘선13.936.739.013.6696536.239.8 86.3 88.4 71 57 2929   14.20   14.20 5 -2  2NL동55.34701412-1.0 3.4 2.4828214 0승부최상승부최상58기 2 5 5     5 5 2②1:26.31¾   .013.638.713.6 -1  1  .00 2 3  2  .327 7642981 7 2 2 23 1 5.03 8.05     3.1 13.5   24.1   65.8   15.010.54593 3 9 9 3★ 1.439.10 -.2712.7088.3819.5137.3452.39 9223521.3639.2256.31 2
20250517토 8140010국433 7 8213혼전 4451흐림포화16 9 1학산다크호스    사우스비세인트에 8339.00한수 3 0 0 2 4  62817:00 33000국4김윤섭황봉기   213 3 1 220 2 2 1 7  0마이아46555.592우추상81 87 878382.071.056.9335032205010 8423757 9 23533 7 06733↘→선13.736.939.113.5476136.539.1 87.9 88.1 67 50 1733   13.40   14.10 5 -1 -2NNUP55.34701412 -.8 5.0 4.2646413 1승부최상승부최상78기 2 7 8     4 2 2②1:27.9½    .014.239.414.2  1 -4  .00 2 1 -1  .01815421689 8 2 3 12 2 2.0110.07     4.4  4.2    5.5   11.3    5.510.66495 4 9 9 4☆ 1.738.80 -.5912.1288.5928.2545.5156.8634536618.6436.3651.08 2
20250413일 4130011국543 8 9214 1강 1157흐림포화16 9 1학산다크호스    사우스비세인트에 8339.00한수 3 0 0 2 4  72712:45 24750국5김윤섭황봉기   214 2 5 220 1 1 1 6  0마이아46957.092기추보59 66 668585.072.061.6335032205010 8423757 9 23533 7 05050↘→선13.737.438.813.3498936.240.1 80.4 82.0 60 40  040   14.00   14.00 3 -3  1NL동54.54711412-1.3 5.8 4.5585813 0연대우수승부최상 1기 1 8 4     3 2 2①1:20.43    -.613.439.314.1 -1  2  .00 1 2  0  .010 2752996 8 3 1 12 1 2.03 8.09     4.2  3.9    8.4   16.7   29.3  .07598 4 9 9 4☆ 2.039.40 -.51 5.7682.7832.0551.6361.5834536625.4942.6543.81 1
20250323일 3130011국553 310215혼전 4451맑음건조 4 9 1학산다크호스    사우스비세인트에 8339.00한수 3 0 0 2 4  79111:25 24750국5김윤섭황봉기   215 1 4 120 5 1 1 5  0코지  46756.085기추보47 50 507345.065.034.6325619205010 842 023 9 2233018 05050↗↘입13.737.438.913.1478737.638.7 82.5 83.0 50 50  050   15.00   12.80 4  2  1VNUP54.54711412-1.3 5.7 4.3616112 1일반주행연대우수 1기 11110     8 7 4③1:22.5목    .014.039.414.0  1 -5  .00 3 2 -4  .3425131307811 3 4 43 5 1.05 6.02     6.1  2.2    8.8   13.4   14.213.23750 0 6 8 0▲ 1.039.70  .17 6.6982.8412.6923.6434.57122641 9.5218.1820.82 7
20261010토 9180011국3 3 3  4 0혼전 4451           9 2에클레어파워    컬러즈플에클레어 4946.00한거 5 0 0   1    017:25 495002등전승규(주)엑스-3 016 5 723 3 4 322  0송재철   52.575우추보50 54 547532.049.023.31745 91744 6221522112018192620 8 883→→입14.140.339.413.3 580                   56 61  661   15.30   13.60 5 -4 -2HUUP55.24802017-2.0 7.0 5.0595917 1배당마주배당마주 1   0 2                            15.3    13.6        .0                       9 1 8 5 10                                              .02352 0 5 6 0― -.139.40  .28     118.4 6.5414.8623.30 51222 3.3312.5717.94 7
20260905토 3170010국243 1 44 1 3강 3351맑음양호 9 9 2에클레어파워    컬러즈플에클레어 4333.00한거 5 0 0 1 1   91      82500국O전승규(주)엑스-3 115 4 623 2 4 321  0송재철47554.075우추상85 75 758849.051.029.61745 91744 6221522112018192620 8 883→→입14.140.339.913.3139140.340.3109.7112.1 59 59  665   15.60   13.90 6  0  2NNDN55.24802018-2.6 6.2 3.6696917-1숨은복병배당마주 5   0 6101010 9 9 9⑧1:49.7목   1.515.339.513.6  1  3  .00 8 7  1 2.3117326403410 1 6 40 9 3.04 4.10 1.8 3.9  6.7   22.4   46.5   12.810.92971 2 6 5 2―  .440.60  .3031.88113.2 8.2418.1629.64 61425 8.1517.7426.45 6
20260725토 9180011국234 6 84 2혼전 4451맑음다습10 9 2에클레어파워    컬러즈플에클레어 4946.00한거 5 0 0 9 1  103      495002등전승규(주)엑스-3 214 3 623 1 4 320  0송재철47252.575우추상73 51 515728.039.014.01745 91744 6221522112018192620 9 982→→입14.140.939.313.3 68742.040.0116.4118.6 56 56  669   14.70   13.70 4 -4  0NUDN55.44802017-2.4 5.2 2.8787813-2숨은복병거리속성 5   0 61111111110 6⑤1:56.41     .915.639.913.9 -1 -6  .00 5 6 -3  .9309536785611 1 8103 8 9.07 9.07 2.0 3.8 32.2  270.4  636.5  229.2  .02064 0 5 6 0― -.740.00  .3438.35118.6 3.45 8.0413.95 1 4 8 5.2210.4918.00 9
20260627토 9200010국251 2104 3혼전 4431맑음건조 4 9 2에클레어파워    컬러즈플에클레어 4946.00한거 5 0 0 9 1   72      495002등전승규(주)엑스-3 313 2 223 1 4 319  0임다빈47852.575강추하50 14 149022.039.013.71530 91744 62215 6 02018142424 9 982→↗추14.140.040.013.2 28340.738.2131.6130.9 60 73  773   14.80   12.3024  1  0VU동55.44802017-2.2 4.0 1.8888818 0편성탐색보통주행 5   010 7 7 7 7 7 8⑦2:11.62    1.414.739.113.7 -2-13  .00 7 9  7 1.64495 9374010 210 90 1 1.04 5.09 3.5 8.1  3.5   13.6   19.0   48.7  .02973 0 5 4 0― -.839.70  .2050.93131.5 3.07 7.1213.68 2 510 4.4012.8120.19 8
20260111일 8200010국252 7104 4혼전 4451맑음양호 6 9 2에클레어파워    컬러즈플에클레어 4946.00한거 5 0 0 2 3  447      495002등전승규(주)엑스-3 412 1 123 1 4 318  0송재철49152.579강추상96 93 938171.053.036.32057 8273610221522112018192620 9 982↘→입14.140.040.113.3 38039.944.0137.0136.2 67 73  773   15.70   12.1015 -2 -1LUUP55.44802017 -.4 2.4 2.0858513 2부중유리강단마필 5기 0 910 8 8 81010⑩2:17.011   5.914.744.316.1  8 10  .0110 2 -7 6.796769495 910 2 1 40 7 3.05 4.10 2.3 5.8  5.1   17.9   32.6  100.310.54371 1 8 7 1△  .340.10 -.3856.14131.613.1926.0936.32 8172815.3831.5244.18 2
20250928일 8180012국312 1 64 5혼전 4451흐림불량20 9 2에클레어파워    컬러즈플에클레어 4946.00한거 4 0 0 9 2  28916:05110000국3전승규(주)엑스-3 511 2 523 7 4 217  0씨씨웡48153.090강추상93 90 907278.069.045.8265211245710221535 02018212522101080↘→선14.140.839.413.3 88541.837.4113.9116.4 57 71  764   15.00   12.90 4  0 -3LU동55.74801817 -.4 2.4 2.0858513 0추입무난거리속성 5   0111212121211 9②1:53.9½    .015.736.912.1 -7 -3  .00 2 9  5  .0 295 1127812 1 3 23 7 3.09 4.11     7.8  6.7   58.5  109.8   53.410.54086 3 9 8 3▲ 1.539.80 -.3936.20118.619.9135.8645.8318375311.3522.6434.73 4
20250831일 9180011국342 2 94 6 1강 1151맑음포화17 9 2에클레어파워    컬러즈플에클레어 4946.00한거 4 0 0 9 2  329      41250국3전승규(주)엑스-3 610 1 423 6 4 216  0씨씨웡48455.590강추보86 90 907987.060.042.5265211245710221535 02018212522111178↘→선14.140.939.413.3 58940.639.2115.2117.7 54 69  862   16.20   12.80 4  6  2VN동55.74801817 -.2 1.8 1.6878713 0적정체중거리속성 5   01110101010 9 5③1:55.2코    .015.038.012.9 -1  3  .00 3 4  1  .2116716257711 1 2 23 6 2.05 6.01 2.8 5.3  4.0   23.8   38.1   52.112.03270 2 8 7 2▲ 1.139.90 -.3437.40118.716.0129.8642.5312274119.1533.7047.91 3
20250802토 71800 9국433 6 84 7혼전 4451맑음건조 3 9 2에클레어파워    컬러즈플에클레어 4946.00한거 4 0 0 1 3  405      41250혼3전승규토마스리 2 7 9 5 323 5 3 215  0씨씨웡48154.090강추보93 97 977484.067.054.72745 6273610222435 02018212522131375↗↘선14.140.939.313.3 49141.739.3118.6118.4 50 67  858   16.10   12.30 4 -3 -2NHUP55.94801817  .6 1.4 2.0878713 1최근최상작전마주86기 1 5 9 9 9 9 8 3①1:58.6½    .016.238.412.8 -2 -5  .00 1 3  2  .02793175784 9 1 1 23 5 3.01 5.06 2.1 3.8  4.0    3.8    8.5    8.210.54084 3 9 8 3▲ 1.440.00 -.5938.21118.619.9239.2154.6818375323.2341.6760.00 2
20250706일 6170010국453 5104 8혼전 4451맑음건조 3 9 2에클레어파워    컬러즈플에클레어 4333.00한거 4 0 0 1 3  48014:25 33000국4전승규토마스리 2 8 8 4 523 4 2 214  0씨씨웡48656.091우추상96 98 988683.070.062.62745 6273610222435 02018212522141471↗↘선14.140.340.313.4169441.937.3112.4111.8 45 64  955   15.30   13.00 4  7  1BN동55.94791814  .0 2.4 2.4818113 0추입무난작전마주 5관 0 810101010 8 2①1:52.46   -1.016.136.912.3  0  7  .00 1 1 -2  .0 699 1 69610 3 1 13 4 1.06 8.09     7.7  3.2   19.0   31.3  108.310.54689 4 9 9 4☆ 1.840.50 -.6831.17113.531.4950.6362.6136597130.5950.8360.87 1
20250607토 61700 8국453 6 54 9 1강 1151맑음건조 3 9 2에클레어파워    컬러즈플에클레어 4333.00한거 4 0 0 2 3  56715:35 33000국4전승규토마스리 2 9 7 3 423 3 2 113  0씨씨웡47955.591우추하46 51 517961.062.041.12745 6273610222435 02018212522171767↗↘선14.140.240.413.5239240.738.8112.5111.9 40 60 1050   15.80   15.70 3  0  1UNDN55.94791814  .2 2.0 2.2848413-1전개최상거리속성 5   0 1 7 7 7 7 5 2②1:52.51¼   .015.338.513.0 -1 -7  .00 2 3  2  .2 785 31189 8 3 4 43 3 1.03 4.01     4.0  2.5    6.4   11.5    5.712.03467 2 7 8 2▲  .940.60 -.1631.30113.512.4726.0241.10 92235 5.9720.6334.86 4
20250518일 6180011국452 910410혼전 4451맑음다습11 9 2에클레어파워    컬러즈플에클레어 4946.00한거 4 0 0 2 4  62014:25 33000국4전승규토마스리 210 6 2 223 2 2 112  0씨씨웡48654.591우추보80 82 829681.068.046.42333 5243614222435 02018212522171767↘↗선14.140.639.713.5168941.942.4120.4120.9 40 60 1050   15.80   13.60 7 -6  2UNUP55.94791814 -.2 2.4 2.2848413 1승부최상전개최상88기 1 1101010 9 7 6⑥2:00.45    2.315.843.315.7  5  6  .09 6 1  0 2.38595879722 9 1 2 10 2 5.0210.06     6.3  8.7   23.8   56.8   46.4  .04394 4 9 9 4☆ 1.540.60 -.4240.56118.721.1736.5446.3634536619.4435.6245.54 1
20250330일 7170011국451 310411혼전 4451눈  건조 3 9 2에클레어파워    컬러즈플에클레어 4333.00한거 4 0 0 9 4  76615:15 33000국4전승규토마스리 211 5 1 323 1 2 111  0씨씨웡48053.091우추보90 96 968874.063.035.52333 5243614222435 02018212522171767↘↗선14.140.140.413.4279440.739.9111.1112.5 44 56 1156   15.00   13.30 4 -2 -4LU동55.94791814-1.2 3.6 2.4838313 0발주불량승부최상 1   0 71111111110 5③1:51.11½   .315.839.613.6  2 -2  .00 3 1  0 1.0188421437111 3 2 33 1 7.02 9.06    10.7 14.0   48.4  124.7   55.010.54592 2 8 9 2▲ 1.040.80  .0231.97113.413.4824.9335.4818375317.1432.1141.86 2
20250302일 6170011국551 210412혼전 4451흐림건조 4 9 2에클레어파워    컬러즈플에클레어 4333.00한거 4 0 0 1 5  85114:25 24750국5전승규토마스리 212 4 5 223 1 1 110  0송재철48256.572우추보84 90 908670.063.044.21856 52050 9222422 02018192620202060↗↘입14.139.940.613.5368741.039.0112.0112.7 38 50 1350   15.90   13.40 3  6  1BNDN55.84781814-1.0 3.8 2.8797913-1뒷심문제작전마주 1기 0 911111111 9 3①1:52.0¾   -.215.039.613.3  0  2  .00 1 1  0  .02491 52189 6 2 1 13 6 1.02 9.05     8.3  4.1    8.3   15.9   11.010.52986 2 8 7 2▲ 1.041.10 -.1932.21113.418.4132.1844.1618405419.4835.0945.99 1
20250209일 6180011국540 7 9413 1강 1148맑음건조 4 9 2에클레어파워    컬러즈플에클레어 4946.00한거 4 0 0 1 5  91614:25 24750국5전승규토마스리 213 3 4 123 1 1 1 9  0김동수48056.068우추적76 78 787774.058.051.41233122050 9222421 02018102127202060↘↗추14.140.240.313.6416142.138.2120.5118.6 29 57 1443   14.70   13.60 4  0  1HVUP55.84781814-1.4 4.4 3.0787813 4편성만만작전마주 1   0 311111111 6 3③2:00.5½    .015.939.013.4  2  0  .00 3 1 -5  .13397 23987 2 3 1 23 1 5.04 4.01     5.2 12.7   27.6   78.4   28.5  .02866 1 8 7 1▲  .640.70 -.5838.14118.719.5638.0751.3618375332.1459.3274.23 2
20250112일 3140010국521 5 7414 2강 2251맑음건조 4 9 2에클레어파워    컬러즈플에클레어 4333.00한거 4 0 0 2 5  98511:25 24750국5전승규토마스리 214 2 3 423 2 1 1 8  0송재철48055.072기추적29 32 3230 6.041.016.81856 52050 9222422 0201819262025 075↗↘입13.937.239.213.6296537.438.6 89.0 88.2 33 50 1750   13.90   14.60 5 -2  0HU동56.04781712-2.4 6.4 4.0626213 0교체실패기복전력 1기 1 3 9     6 5 5③1:29.03     .514.739.013.6 -3  5  .00 3 6  4  .81966222966 5 5 8 82 5 1.02 5.02     2.8  1.6    2.8    3.6    8.7  .02033-1 3 3-1▽ -.738.50  .2211.7588.86 3.41 9.0716.75 31119  .81 4.02 9.78 8
20241208일 4140011국551 610415혼전 4461맑음다습13 9 2에클레어파워    컬러즈플에클레어 4333.00한거 3 0 0 2 6 109413:10 24750국5전승규토마스리 215 1 2 323 1 1 1 7  0송재철47555.078기추보39 40 4031 8.038.010.41333 41550 5222422 0201819262025 075→↗입13.937.239.313.6306136.341.1 89.7 90.3 33 50 1750   14.10   14.20 4 -2  0NUDN56.04781712-3.0 7.3 4.3585813-3일반주행기복전력 1   0 5 3     1 1 7⑧1:29.7¾   2.213.940.514.6  6 -6  .09 8 2  1 2.383 8887421 4 710111 4 1.0810.09     7.1  2.4   25.7   33.5  128.6  .01537-2 3 2-2▽-1.039.00  .3413.8088.93 1.73 4.9410.41 1 2 5 2.38 5.26 8.4011
20261010토 9180011외2 3 3  2 0혼전 4451           9 3감사의힘        INDEPENDUNBRIDLE 19     미수 3 0 1   1    017:25 495002등최용건우태율   1 011 1 410 3 3 210  1코지     53.587우선적50 71 718980.064.054.832571828541223295347261423301850 0 0↗↘입13.936.440.613.17030                   63 75 3825   13.80   13.30 3  0 -3HHUP55.14731812 -.2 2.6 2.4757517 2부중효과승부최상55기 0 3                            13.8    13.3        .0                       1 7 1 1  3                                              .07096 4 9 9 4☆ 1.440.60  .35     117.423.9343.3654.7634536622.2238.7450.83 1
20260919토 9160010외354 3102 1혼전 4451맑음건조 2 9 3감사의힘        INDEPENDUNBRIDLE 1925.00미수 3 0 0 9 1   44      41250혼3최용건우태율   1 110 5 110 2 2 2 9  0코지  48156.087우도상78 84 841485.068.049.232571828541223295347261423301867 0 0↗↘입13.936.139.913.1812736.438.8100.5101.9 57 71 4329   13.40   13.20 5 -2  3HNUP54.84701812  .4 2.4 2.8717117 2마방연대부중효과54기 0 3 2   2 4 6 2①1:40.52    -.413.838.413.3 -2  8  .00 1 3  1  .01645252094 3 5 6 10 2 3.02 3.04 3.3 6.9  4.2    9.3   17.9   32.8  .04086 3 9 9 3★ 1.539.90 -.3325.91103.022.3338.9949.2134536621.3135.2947.97 2
20260817월 61400 8외353 3 52 2 3강 3352흐림다습13 9 3감사의힘        INDEPENDUNBRIDLE 1925.00미수 3 0 0 2 1   87      41250혼3최용건우태율   1 2 9 4 210 1 1 2 8  0코지  47353.587기도적46 41 418866.065.058.132571828541223295347261423301899 0 0↗↘입13.936.639.313.1813436.938.7 87.3 88.2 50 67 5033   13.60   14.50 4  4 -2NHDN55.54691812  .4 3.6 4.0616117-4교체실패마방연대 5   0 5 2     4 5 3①1:27.3코    .013.438.313.2 -1 -4  .00 1 2  0  .02137241580 3 4 5 20 1 2.03 5.03 2.7 3.3  3.0   10.1   19.5   29.6  .03082 1 8 9 1▲ 1.039.20 -.5612.3188.5222.6541.5458.1238567117.4636.2350.44 3
20260718토 9180011외344 3 92 3 3강 3351흐림포화18 9 3감사의힘        INDEPENDUNBRIDLE 19     미수 3 0 0 2 1   52      41250혼3최용건우태율   1 3 8 3 310 1 1 2 7  0정도윤47755.591기선보25 24 247327.047.021.621 015285412232913 0261411252699 0 0↗↗추14.039.640.513.0733438.142.9116.9119.4 50 67 6733   14.10   14.3013 -9  1UN동55.54691812  .2 3.8 4.0616117 0일반주행작전마주 5   0 1 2 1 1 2 2 4⑧1:56.91¼  1.613.641.714.5  6 10  .03 8 2  0 2.753 1915532 2 710 71 1 1.08 6.03 2.2 6.6  2.2   18.5   32.2  164.711.22069 0 5 5 0― -.241.40  .1939.30118.6 4.8012.6121.62 3 713 6.0613.2720.72 8
20260418토 9180011외352 3102 4 1강 1151맑음건조 4 9 3감사의힘        INDEPENDUNBRIDLE 19     미수 3 0 1 2 2  254      41250혼3최용건우태율   1 4 7 2 210 2 1 2 6  1김효정46754.575기선보56 62 623061.051.025.11645 52275 523291420261420221799 0 0↘↗선14.039.640.513.0733439.341.6118.3120.5 50 67 6733   13.90   14.80 4  9  2BN동55.54691812  .2 3.8 4.0616117 0부중유리기복전력52기 110 2 2 2 2 2 3⑤1:58.33    1.314.140.414.3  3 -1  .06 5 2  1 2.97714754940 2 7 5 61 6 1.03 9.04 2.2 5.3  2.2    8.3   12.2   65.1  .03136-1 6 5-1▽  .241.50  .1240.40118.6 7.2616.8125.12 41221 7.0223.2135.51 4
20260321토10180011외333 3 82 5혼전 4451맑음건조 5 9 3감사의힘        INDEPENDUNBRIDLE 19     미수 3 0 0 2 1   75      41250혼3최용건우태율   1 5 6 1 110 1 1 1 5  0김효정46852.568기선하18 10 105631.046.019.41747 728541223291420261420221799 0 0↗→선13.939.640.013.1735738.342.2117.9118.1 40 60 4040   14.00   14.70 3 -6 -5UUUP55.54691812  .2 3.8 4.0616117 4거리늘어작전마주74기 0 1 1 1 1 1 1 1②1:57.9머리  .013.942.014.8  1 -5  .00 2 1 -5  .023 2854389 2 310 91 5 2.01 5.01 2.9 5.6  3.7    5.6   12.3   15.7  .03256 0 6 6 0― -.341.20  .4038.53118.4 4.7610.6619.41 2 510 5.2615.1721.30 7
20260301일 71400 9외434 1 32 6혼전 4451맑음건조 3 9 3감사의힘        INDEPENDUNBRIDLE 1925.00미수 3 0 1 1 1   56     110000혼4최용건우태율   1 6 5 5 110 1 1 1 4  1루이스47357.064우선보93 96 969078.064.031.02144102854122329 0 0261419271799 0 0↗↘입13.936.538.613.1837337.940.4 90.5 90.9 50 75 5050   14.20   12.80 5  2  2NLDN55.54691712  .0 3.3 3.3747417-3여유우승작전마주 5   0 7 7     8 9 7⑦1:30.54    3.114.040.614.7  1 -5  .00 7 6  5 5.28985788911 4 2 7 70 1 2.08 1.04 1.9 2.8  3.4   86.6  142.5  144.910.55280 2 8 8 2▲ 1.139.80  .6515.7787.97 8.9119.0431.00 41117 9.2018.9932.19 7
20260124토 8170011외441 5 92 7혼전 4441맑음건조 3 9 3감사의힘        INDEPENDUNBRIDLE 1925.00미수 3 0 0 2 1   77      33000혼4최용건우태율   1 7 4 4 110 4 0 1 3  0김효정47855.069우입보83 80 808273.062.035.41747 728541223291420261420221799 0 0↗→선13.739.240.613.1846139.139.4110.8111.4 33 67 6733   13.30   12.70 5 -6  1NNUP56.04601712  .0 4.0 4.0666610 5부중유리작전마주 5기 0 5 1 1 1 1 1 1①1:50.87   -1.214.238.612.8  0  8  .00 1 1 -1  .0 316 9 197 2 3 3 51 4 1.09 5.01 2.6 5.4  2.6   29.2   46.0   43.4  .03173 1 8 7 1▲  .941.60  .3931.55112.911.8323.3435.36 9223517.5832.2941.45 2
20251220토 9120011외412 3 62 8 1강 1156흐림포화16 9 3감사의힘        INDEPENDUNBRIDLE        미수 2 0 1 2 1   9917:00 33000혼4최용건우태율   1 8 3 3 210 3 0 1 2  1김효정47054.070기도보43 42 429062.064.046.11747 728541223291420261420221799 0 0↗→선13.836.938.012.1668036.638.4 72.9 75.1 50 50 5050   13.60   13.90 5  4 -2VU동56.04601210 -.5 5.0 4.5616110 0전개최상작전마주66기 011 5     4 4 4③1:12.9¾    .213.337.312.7  1  7  .00 3 2 -6  .51819351672 3 1 5 22 3 1.05 4.09     4.0  1.3    5.8    7.3    9.4  .03470 1 7 8 1▲ 1.238.40  .13  .2075.4518.3233.2046.13183855 9.6517.9421.62 6
20251116일 8120011외454 1102 9혼전 4451맑음건조 3 9 3감사의힘        INDEPENDUNBRIDLE        미수 2 0 1 2 1  114     110000혼O최용건우태율   1 9 2 2 110 2 0 1 1  1김효정46356.070강도보98 96 969983.069.037.81747 728541223291420261420221799 0 0↗→선13.836.638.012.1949837.239.1 75.2 77.0100100100**   13.70   12.30 3  6  0BUUP56.04601210  .0 2.0 2.0858510 2승부조율전개최상 5   0 7 6     6 7 7⑦1:15.21    1.413.639.013.9 -1  3  .00 7 8  6 1.57447605637 2 1 5 40 2 1.02 4.06 2.9 7.8  2.9    7.8   12.1   22.810.55596 4 9 9 4☆ 1.639.20  .52 2.3575.2813.8226.4637.77 8172816.5629.8732.68 2
20251025토 2100011외411 4 1210 1강 1155맑음건조 5 9 3감사의힘        INDEPENDUNBRIDLE        미수 2     9 1  197      41250혼4최용건우태율   110 1 1 110 1 0 0 0  0김효정46056.070평무보96 35 3582  .051.026.31747 7285412232914202614202217      ↗→선14.236.937.312.3979936.436.9 60.6 61.4              14.20   12.50 4  0  0NL동       10 0         1.0     0 0일반주행부중효과44기 0 1 1     1 1 2②1:00.6½    .013.736.512.3  0-12  .00 2 2  0  .0 81110 377 6 3 5 51 1 3.02 7.01 1.4 3.0  5.8   14.1   21.9    3.3  .01953 0 5 6 0―  .037.80  .66-12.862.32 6.4616.0226.29 61425 7.8016.3028.18 2
20261010토 9180011국2 3 3  5 0혼전 4451           9 4지산포스        크리솔라태후의날 9133.00한수 4 0 0   1    017:25 495002등안병기홍승오  99 015 4 714 1 5 114  0유승완   54.068우자적50 60 606443.046.022.01961 92254 9183222391810152722501733→↘입14.339.540.613.67625                   50 67 5042   14.40   13.70 5  1 -1HHUP54.74852018 -.6 4.6 4.0666614 1마방연대연대우수52기 0 4                            14.4    13.7        .0                       6 9 4 8  3                                              .03766 0 5 5 0― -.340.60  .19     118.6 5.6612.4822.00 2 71410.0018.8526.91 4
20260905토 3170010국243 1 45 1 3강 3351맑음양호 9 9 4지산포스        크리솔라태후의날 4132.00한수 4 0 0 1 1   91      82500국O안병기홍승오  99 114 3 314 1 5 113  0정도윤48555.091우자하28 28 286528.044.022.521 0152254 91832 0 01810112526501733↗↗추14.339.241.213.6903039.540.5109.7112.1 55 64 5545   14.20   15.50 6 -1  0HNDN54.74852018  .0 3.6 3.6696914-1마방연대마방연대 5   0 3 7 7 6 7 8 8⑥1:49.71    1.514.439.713.7 -2  8  .00 6 8 -2 2.31136322235 5 8 9 70 1 3.04 4.10 1.8 3.9  6.7   22.4   46.5   12.8  .03083 1 5 5 1― -.141.70  .3531.68113.4 5.9013.6322.50 31119 5.1911.2919.83 8
20260725토 9180011국234 6 85 2혼전 4451맑음다습10 9 4지산포스        크리솔라태후의날 9133.00한수 4 0 1 9 1  103      495002등안병기홍승오  99 213 2 614 1 5 112  1유승완47755.068우자하50 12 125619.038.012.51961 92254 9183222391810152722501733→↘입14.339.740.813.6881239.143.4119.4121.6 60 50 6030   13.90   13.6031 -2  2HNDN54.74852018 -.6 4.2 3.6696914-2숨은복병마방연대56기 0 4 6 6 6 7 711⑪1:59.42½  3.914.243.315.5  1 -7  .001110  9 3.99010948510 51011110 2 9.07 9.07 2.0 3.8 32.2  270.4  636.5  229.2  .02174 0 5 6 0― -.841.60  .2741.05118.7 2.83 6.4812.52 1 2 5 3.73 8.9917.2510
20251220토11200010국241 3 95 3혼전 4451흐림포화16 9 4지산포스        크리솔라태후의날 9133.00한수 3 0 1 2 4  620      495002등안병기홍승오  99 312 1 214 1 5 111  1씨씨웡48453.091우자보65 75 758167.057.031.62333 5226712183232331810212522501733↘↗선14.239.240.813.6803439.343.0132.0132.1 60 60 6030   14.10   13.20 4 -4 -5NHUP54.74852018  .0 4.0 4.0626214 2마방연대가격혈통 5기 0 6 1 1 1 1 3 8⑨2:12.013   5.013.743.616.6  8 -1  .02 9 1 -2 5.168489191 6 3 6 6 41 4 3.1010.07 2.4 5.4  4.5   96.4  165.9  175.112.73180 2 8 9 2▲  .640.60 -.2252.10131.510.5221.1831.64 8172811.8620.3431.67 5
20251123일 9180010국343 2 45 4 2강 2251맑음건조 3 9 4지산포스        크리솔라태후의날 9133.00한수 3 0 1 2 1   91      41250국3안병기홍승오  99 411 2 514 1 4 110  1유승완48557.568우자보65 69 698279.052.035.11961 92254 918322239181015272260 040→↘입14.339.640.913.6921039.239.9116.8118.5 56 56 5633   14.30   13.30 2  2  4VB동54.14842018 -.2 4.2 4.0626214 0일반주행마방연대50기 110 3 3 3 3 3 1①1:56.83    -.514.138.713.2 -2 -8  .00 1 3  2  .0291235 993 1 6 4 32 1 3.0510.01 2.0 3.4  5.1   51.8   84.3   23.2  .02182 0 7 6 0―  .341.30 -.2237.96118.710.3923.2035.1314304418.9735.7851.34 3
20251108토 9180011국312 4 65 5 1강 1159흐림건조 3 9 4지산포스        크리솔라태후의날 9133.00한수 3 0 0 2 1  146      41250국3안병기홍승오  99 510 1 414 3 3 1 9  0씨씨웡49353.593기자보53 52 524675.059.046.83456112254 918323233181021252250 050→↘선14.339.740.913.684 739.839.7116.9117.5 50 50 6338   14.00   13.00 5  5  1NN동54.34822018  .2 4.6 4.8494914 0일반주행기복전력76기 1 8 2 2 2 1 2 1①1:56.92½  -.414.338.613.3  0  5  .00 1 1  0  .0 832281594 3 7 4 31 3 1.02 8.06 1.3 5.2  1.3    5.2    6.8   14.8  .02454 1 7 6 1―  .741.10 -.5236.91118.815.1432.4046.7914304722.2238.5156.18 3
20251003금 8180011국441 8 95 6 3강 3355흐림다습11 9 4지산포스        크리솔라태후의날 9133.00한수 3 0 0 1 2  23518:30 33000국4안병기홍승오  99 6 9 4 314 2 2 1 8  0씨씨웡48852.590기추보39 31 315151.061.042.42652112155 918323233181021252233 067↘→선14.440.040.813.6691238.938.5116.0116.5 43 43 5729   14.40   14.30 5 -8  0HUUP54.84802014  .0 4.2 4.2595914 1마방연대기복전력50기 1 3 1 1 1 1 1 1①1:56.016  -2.814.038.713.0  0 22  .00 1 1 -2  .0 2 7 4 099 3 8 5 31 2 1.03 3.05     7.5  3.3    7.9   13.9   10.5  .03051 1 7 6 1―  .840.70 -.4735.70118.915.2729.2642.3618405415.1927.3339.84 2
20250831일 7170011국433 5 85 7혼전 4451비  다습13 9 4지산포스        크리솔라태후의날 4132.00한수 3 0 0 9 2  33115:15 33000국4안병기홍승오  99 7 8 3 214 1 2 1 7  0씨씨웡46652.590우추적37 32 327843.059.033.32652112155 918323233181021252233 067↘→선14.339.241.213.4863739.142.4110.9113.4 50 50 5033   14.10   16.3011  4 -5VUDN54.84802014  .0 2.4 2.4757514-3연대우수마방연대68기 111 5 5 5 4 3 4④1:50.92    1.114.441.414.3  1-11  .00 4 3-10 1.64515836947 4 6 7 52 1 1.07 2.07     5.5  2.3   15.7   25.5   44.712.73282 2 6 8 2▲  .941.90  .1233.00113.411.7222.3433.32 9213310.7121.0529.03 4
20250615일 8200014국414 5 15 8혼전 4451맑음건조 3 9 4지산포스        크리솔라태후의날 9133.00한수 3 0 1 2 3  53816:05385000국4안병기홍승오  99 8 7 2 114 6 2 1 6  1코지  47757.093우추하72 70 704353.053.024.22541 535502018322838181023301833 067↘↗입14.339.840.413.4395738.643.6133.7133.8 60 60 4040   14.30   14.10 5 -1  4NBUP54.84802014 -.3 2.5 2.3787814 3전개최상연대우수 5   0 7 91010111211⑪2:13.73    3.914.143.816.3 -2 -1  .001113 11 4.088179390 710 5 5 60 6 3.0910.11     3.4  8.1  142.6  343.5 1119.3  .03725-1 6 6-1▽  .040.10 -.1553.56131.7 7.6416.2524.23 81728 6.2514.0714.17 8
20250510토 7170010국443 6 95 9 3강 3352흐림불량20 9 4지산포스        크리솔라태후의날 4132.00한수 3 0 1 2 4  65016:05 33000국4안병기홍승오  99 9 6 1 114 5 2 1 5  1코지  47853.085우추상93 97 979490.066.059.132561922671218322838181023301833 067↗↘입14.039.640.613.2637638.841.1110.8113.0 75 75 2550   14.20   14.40 6  2 -1NUDN54.84801814  .0 2.7 2.7717114-1마주신뢰전개최상 1   0 8 3 3 3 3 3 3③1:50.83     .614.341.814.1  1 -5  .00 3 2  0 1.232 7552065 6 1 1 22 5 1.04 1.07     4.1  3.1   10.1   16.1    7.0  .04692 4 9 9 4☆ 1.541.40 -.3732.81113.226.6346.9259.1014304730.5655.2852.70 1
20250329토 5180010국520 9 7510 1강 1156맑음건조 3 9 4지산포스        크리솔라태후의날 9133.00한수 3 0 1 9 4  77814:25 24750국5안병기홍승오  9910 5 2 214 4 1 1 4  1코지  48353.585강추적72 69 699083.068.065.6325619226712183228381810233018 0 099↗↘입14.240.739.813.2237638.940.1118.9117.3 67 67  067   14.80   14.50 5 -5  0NU동55.54791814-1.0 2.5 1.5909014 0전개최상마주신뢰 1기 0 6 2 2 2 2 2 1①1:58.94    -.614.241.114.4 -1  3  .00 1 2 -1  .0 5 742 898 8 2 2 11 4 2.06 6.05     3.4  3.7   23.9   36.6   12.7  .03784 3 9 9 3★ 1.540.00 -.9336.78118.731.6153.6765.5636597139.3964.3476.71 1
20250223일 5180011국550 810511혼전 4452맑음건조 3 9 4지산포스        크리솔라태후의날 9133.00한수 3 0 1 9 5  87313:35 24750국5안병기홍승오  9911 4 1 114 3 1 1 3  1코지  48053.578강추보95 95 959780.066.056.61640111225 9183228381810233018 0 099↗↗입14.240.439.812.7419140.540.9121.0119.6100100  0**   14.50   12.80 7 10 -3VUUP55.54791814-2.0 4.0 2.0858514 4전개최상전개최상 1기 111 9 910 8 8 4⑤2:01.0½   1.614.841.714.5  2 -2  .00 5 3  2 2.46163626735 3 1 1 13 3 4.05 4.02     8.0  7.9   18.6   37.0   16.310.54692 4 9 8 4▲ 1.440.60 -.6339.42118.626.0146.0256.6034536625.3243.0254.84 1
20250104토 3140011국620 5 7512 3강 3359맑음건조 3 9 4지산포스        크리솔라태후의날 4132.00한수 3 0 1 1 6 101811:25 16500국6안병기홍승오  9912 3 3 214 2 0 1 2  1코지  48256.088강추보97 35 3595  .074.064.82041 71017 8183228381810233018 0 099↘↗입14.237.238.712.9419537.937.0 89.7 87.7100100  0**   14.20   13.00 5-10  1UV동55.04761414         2.0    14 0마방연대전개최상 1기 3 1 6     6 6 2①1:29.72½  -.414.538.112.8  0  6  .00 1 1 -3  .0 886 1 492 5 111 23 2 1.04 1.09     2.4  1.8    7.6   10.2    6.512.24193 3 8 8 3▲ 1.738.40 -.7411.8088.5229.8650.8664.7918405420.7535.2099.00 3
20241201일 3140011국651 610513혼전 4459맑음포화17 9 4지산포스        크리솔라태후의날 4132.00한수 2 0 0 1 6 111712:05 16500국6안병기홍승오  9913 2 2 114 1 0 0 1  0코지  47655.088평무하10 35 3579  .058.034.72041 71017 8183228381810233018      ↘↗입13.336.241.215.199 137.138.1 88.8 88.0              13.30   15.40 5  4  0NLUP       14 0         7.0     0 2마방기습마방연대 1기 111 8     8 5 3②1:28.83     .014.238.513.0 -2  0  .00 2 4  1  .5154910 884 111 9 33 1 5.0410.11     6.7  6.1   15.4   28.9   18.7  .03265 0 5 6 0―  .539.50 -.8710.6189.5511.6922.3834.6614304413.5824.7249.51 5
20241027일 1120010국211 7 1514 1강 1155흐림다습12 9 4지산포스        크리솔라태후의날 6226.00한수 2     9 7 122710:35 247502등안병기홍승오  9914 1 1 114 1 0 0 0  0문세영47655.093평무보   35 3540  .049.025.24253 02563 7183244 01810293615      ↗→입13.436.738.515.1    35.941.4 77.0 77.4              13.40   15.40        LN동       12 0                 0 0일반주행마방기습 1   0 7 2     2 2 3⑦1:17.0코   1.813.341.415.4  4  7  .01 7 3  0 2.983 2958129 6 6 6 61 1 1.04 1.05     3.4  1.3    6.1    8.2   27.6  .02562 0 6 5 0―  .139.30  .56 2.2075.61 6.0715.1825.18 4122110.0020.0030.00 7
20261010토 9180011국2 3 3  4 0혼전 4451           9 5우마포이        퍼지    에스에스 3633.00한수 5       1    017:25 495002등서범석기무라요99 016 1 1 0 1 4 4 0  0임다빈   52.575평선하57 58 58 019.033.0 9.41530 91347 4191910 018161424248614 0→↗추14.137.840.813.88010                   53 53 4721   14.20   13.2025 -5  0NH동53.14972018  .2 4.6 4.8616117 0일반주행휴양불리46관 0 5                            14.2    13.2        .0                       311 511  1                                              .01514-3 3 2-3▼-1.440.80  .92     118.0 2.05 4.02 9.38 1 2 5 5.5612.5721.93 8
20260412일 9180011국252 3104 1혼전 4452맑음다습11 9 5우마포이        퍼지    에스에스 3633.00한수 5 0 0 2 3  488      495002등서범석기무라요99 115 41523 2 4 422  0루이스49252.576우선하31 26 263310.031.011.12550 01114 7191916 018161927178614 0→↘입14.139.640.813.8831239.843.2120.5122.1 56 56 5022   13.60   14.30 3  4 -1LHUP53.14972018  .0 4.2 4.2656517 4일반주행조교부실41관 010 4 4 4 4 710⑩2:00.59    3.514.142.415.0  4 -4  .0010 6  3 4.095379391 9 3 9 6 90 2 4.01 4.09 3.4 6.1  6.1   11.3   29.3   13.0  .01524-1 3 2-1▽-1.441.70  .3441.72118.7 2.55 4.8911.10 2 510 3.66 8.1913.58 8
20260321토11140011국214 4 14 2혼전 4431맑음건조 5 9 5우마포이        퍼지    에스에스 4942.00한수 5 0 0 2 1   53      495002등서범석기무라요99 214 3 223 1 4 421  0루이스49653.064우도보64 73 736829.037.010.52144101347 4191916 018161927178614 0↗↘입14.036.739.013.8854137.040.3 88.2 89.8 56 61 4428   14.20   13.70 8 -2  1NNDN53.14972018-1.2 5.0 3.8636317-4숨은복병보통주행61관 0 6 5     5 5 5⑧1:28.2목   2.113.639.914.3  5 -8  .05 8 3  0 2.57342757124 6 8 6102 1 1.05 1.03 1.3 3.2  1.3   11.9   13.3   13.7  .01952-1 4 5-1▽-1.039.40  .8114.1388.38 1.75 4.9710.53 1 2 5 3.73 8.7015.16 8
20260125일 9180010국223 4 74 3혼전 4451맑음건조 3 9 5우마포이        퍼지    에스에스 3633.00한수 5 0 0 2 1  138      495002등서범석기무라요99 313 21423 1 4 420  0김효정50452.568우선보62 65 654331.039.015.71747 71347 41919 0 018162022178614 0↗→선14.039.740.713.8771338.741.8117.6119.0 59 71 4129   13.90   13.50 4  3 -1NH동53.14972018-1.2 5.0 3.8636317 0부중유리보통주행 5관 2 8 2 2 2 2 3 3⑤1:57.6코    .314.240.613.7  2 -3  .00 5 3 -2 1.346 6794573 4 8 4 91 1 4.06 6.10 2.8 3.4  9.3   66.7  157.8  237.3  .03152 0 5 5 0― -.541.30  .2338.56118.7 3.32 8.5615.72 1 4 8 4.1313.2819.71 6
20251227토11180011국212 2 64 4혼전 4451흐림다습14 9 5우마포이        퍼지    에스에스 3633.00한수 4     9 1   7518:00 495002등서범석기무라요99 412 11323 1 4 4 0  0씨씨웡50753.093평선상62 55 55 635.043.016.93456111347 4191930 018162125228317 0→↘선14.039.740.913.878 839.339.9116.4118.4 56 63 4425   13.80   13.8013 -3 -1NH동53.14962018 -.6 5.0 4.4565617 0마방승부휴양불리53관 0 5 2 2 2 2 2 2③1:56.4목    .013.939.813.5 -2 -2  .00 3 5  3  .53117371278 6 9 5 91 3 7.10 8.10     5.5 17.3  149.5  241.9  470.8  .02444-2 5 2-2▽ -.541.20  .1537.82118.8 3.87 9.5616.85 1 4 7 6.7314.6125.22 7
20250927토 9180011국343 8 44 5 1강 1159맑음다습11 9 5우마포이        퍼지    에스에스 3633.00한수 4 0 0 9 2  25519:35 41250국3서범석기무라요99 511 21223 2 3 418  0마이아50953.593평선상40 28 286979.068.062.5406311288815191929 018163533 78020 0→↘선14.039.740.813.880 738.839.5116.3117.0 53 53 4713   13.90   14.60 4  3 -1NH동53.04932018 -.2 4.8 4.6535317 0일반주행마방승부29관 0 8 1 1 1 1 1 1①1:56.34    -.713.839.813.8 -1 -6  .00 1 2 -5  .0 4 723 298 1 8 3 11 3 2.01 8.04     3.1  3.7    3.1    7.1   10.7  .03781 3 8 8 3▲ 1.641.00 -.8636.54118.731.9350.9462.5038597023.1641.9452.04 2
20250831일 9180011국342 2 94 6 1강 1151맑음포화17 9 5우마포이        퍼지    에스에스 3633.00한수 4 0 0 9 2  329      41250국3서범석기무라요99 610 11123 1 3 417  0마이아51554.093평선하15 15 15 716.041.016.1406311288815191929 018163533 78020 0→↘선14.039.840.813.8691039.141.7116.4118.9 57 57 4314   14.30   14.7012  0 -2NH동53.04932018 -.2 4.6 4.4575717 0일반주행휴양불리53관 1 5 2 2 2 2 2 4⑤1:56.42½  1.213.940.514.6 -2  8  .00 5 7  3 1.44112795443 5 910 81 2 2.05 6.01 2.8 5.3  4.0   23.8   38.1   52.1  .01539-3 4 3-3▽ -.641.10  .1738.30118.8 3.80 9.2316.14 2 511 2.84 7.3313.35 9
20250608일 91800 9국444 6 94 7 3강 3351맑음건조 3 9 5우마포이        퍼지    에스에스 3633.00한수 4 0 0 2 3  555      41250혼3서범석기무라요99 7 9111023 2 3 416  0씨씨웡50756.090우선상76 62 624661.057.038.72745 61114 7191930 018162125228020 0↗↘선14.039.840.813.6681739.043.1120.5121.0 62 62 3815   14.00   13.40 5 -1  2NL동53.04932018 -.8 4.2 3.4707017 0부중유리보통주행34관 0 5 3 3 4 4 5 6⑦2:00.53    2.014.342.114.7  3  6  .00 7 4 -3 3.586 9938126 3 8 3 42 2 1.05 6.04 2.8 4.9  2.8   18.8   29.8   90.8  .03155 1 7 5 1―  .541.40 -.3440.35118.812.7725.1138.73 92235 8.8927.9641.01 3
20250503토10180011국313 3 64 8 3강 3341맑음포화18 9 5우마포이        퍼지    에스에스 3633.00한수 4 0 0 1 4  66818:00 41250국3서범석기무라요99 8 810 923 1 3 415  0씨씨웡50154.091평선보42 42 42 316.045.017.92333 5 933 4191930 018162125228020 0↘↗선14.039.841.013.6681040.039.8115.4117.9 67 58 4217   14.40   15.2010 -5 -1NH동53.04932018 1.0 4.6 5.6575717 0일반주행휴양탐색 1기 0 6 4 4 4 3 3 3③1:55.43     .614.039.213.4 -4 -4  .00 3 7  2 1.21541302261 510 7 82 1 1.06 7.01     5.1  1.8    7.6   10.0   30.5  .01545-1 4 2-1▽ -.541.00  .0737.10118.9 4.7910.5717.90 3 713 4.21 9.8015.94 8
20250223일 9180011국334 9 84 9혼전 4441맑음건조 3 9 5우마포이        퍼지    에스에스 3633.00한수 4 0 1 9 5  86917:00 41250국3서범석기무라요99 9 7 9 823 1 3 414  1이동하50554.585평선하34 32 32 829.057.031.71638 92071141919 0 018162524198020 0→↗선13.939.841.113.1661539.542.0119.2118.8 73 64 4518   13.40   14.70 4  8  0VNUP53.04932018 -.2 6.0 5.8595917 2직전탐색최근최상 1기 011 5 7 8 6 5 5⑥1:59.22     .914.442.815.2  1 -9  .00 6 5  4 1.33722837057 410 5 42 1 8.01 8.05     3.8 35.9   24.3  109.4  145.8  .03755 0 6 7 0―  .541.10 -.2837.86118.910.5620.5931.74 92235 4.8110.6818.33 6
20250126일 9160010국324 4 7410 3강 3351맑음건조 3 9 5우마포이        퍼지    에스에스 4942.00한수 4 0 1 9 5  93517:00 41250국3서범석기무라요9910 6 8 123 1 3 413  1마이아51454.593평도하58 58 581463.063.046.0344822207114191929 018163533 78020 0→↘선13.936.339.313.1646536.540.1103.0103.0 73 64 4518   14.10   14.40 5  0 -1HNDN53.04932018 -.4 6.0 5.6616117-2트립기대탄력호전 1기 0 3 2   2 2 2 4⑦1:43.01    1.513.440.714.7  6 10  .01 7 1  0 1.75552667136 2 8 6 11 1 2.04 2.04     7.5  3.8   13.7   25.6   40.410.93173 2 7 8 2▲ 1.039.30 -.0727.38102.818.9432.9646.0134536611.6928.0537.09 2
20241222일 9180011국352 710411 3강 3351맑음양호 6 9 5우마포이        퍼지    에스에스 3633.00한수 3 0 1 2 6 104617:00 41250국3서범석기무라요9911 5 7 723 2 3 412  1이혁  50455.589우선하47 56 565957.053.025.72345 4183312191915 018162821188020 0→↗선13.939.941.113.1681539.041.0119.6118.7 73 64 4518   13.80   13.70 4 -3  3HN동53.04932018  .0 5.0 5.0676717 0일반주행보통주행 1기 1 3 1 2 1 1 1 1⑥1:59.6½    .814.141.414.4  5  1  .09 6 1  0  .934 9663060 211 7 61 2 7.08 1.11    10.8 13.0  125.4  262.4  578.0  .02050 0 6 6 0―  .341.00 -.1737.66118.9 8.6317.7025.66 82135 7.5017.5728.46 5
20241123토10180010국343 1 9412 2강 2258맑음건조 4 9 5우마포이        퍼지    에스에스 3633.00한수 3 0 1 2 6 114317:30 41250국3서범석기무라요9912 4 6 623 1 3 311  1이혁  50353.089우선하28 27 274622.042.023.82345 4183312191915 018162821188020 0→↗선13.939.841.113.1691539.439.4117.7118.7 70 70 4020   14.00   15.00 6 -5  0NH동53.04932018  .4 4.8 5.2676717 0교체실패보통주행 1기 0 6 1 1 1 1 2 2②1:57.74     .013.839.213.7  1  0  .00 2 1  0  .6341921 676 210 5 51 1 2.01 8.06     4.4  4.4    6.2   13.6    9.0  .02063 0 4 3 0― -.441.10 -.1037.75118.9 5.6913.7023.81 92133 4.0813.6118.13 4
20241012토 9180011국332 7 8413 3강 3351맑음건조 3 9 5우마포이        퍼지    에스에스 3633.00한수 3 0 1 2 7 127417:00 41250국3서범석기무라요9913 3 5 523 1 3 310  1송재철50353.081강선보67 76 767376.063.049.62242151457 4191919 018161926208020 0→→입13.939.741.013.1781940.141.2118.8120.0 70 70 4020   13.50   13.30 5  0 -2VHUP53.04932018 -.6 3.2 2.6868617 6편성만만보통주행 1기 011 2 2 4 3 3 3⑥1:58.82½  2.014.041.215.0  5  6  .09 6 1 -5 2.57144706527 210 3 22 3 3.06 3.06     4.6  3.7   16.9   28.6   19.412.13788 3 8 9 3▲ 1.041.40 -.6239.31118.819.6436.0849.6318375324.3940.7255.47 2
20240907토 6120014국354 110414혼전 4451맑음다습11 9 5우마포이        퍼지    에스에스  740.00한수 3 0 1 2 7 136118:10 82500국3서범석기무라요9914 2 4 223 2 3 3 9  1신형철49755.071강도보93 95 957743.047.011.9 413 01457 4191924 018161513278020 0↘↗추13.937.038.113.0859137.438.3 74.2 76.2 78 78 4422   14.00   13.40 5  8  3BNDN53.04932018  .6 1.0 1.6919117-6부중유리마번불리 1   01110    12 910④1:14.2목    .613.537.713.3 -2 -1  .00 4 6  4 1.0515932376110 5 4133 2 2.01 7.06     6.3  4.7    6.3   13.1   19.510.53155 0 5 3 0― -.338.60  .99 1.0575.56 2.54 6.2411.92       4.76 9.9415.2512
20240804일131800 8국351 4 5415 1강 1153맑음건조 3 9 5우마포이        퍼지    에스에스 3633.00한수 3 0 1 1 8 143217:25 41250국3서범석기무라요9915 1 3 423 1 3 2 8  1신형철49852.076강선적40 41 414056.055.047.62350122599 6191924 018161513277525 0→↘추13.839.741.013.0752539.239.8115.6118.1 75 75 3825   14.10   17.50 7 -2 -5HUDN53.34922018  .4 1.4 1.8898917-2일반주행최근최상 1기 1 3 1 1 1 1 1 1②1:55.61½   .014.039.313.4  0 -6  .00 2 2 -7  .3191332 881 1 8 4 31 1 3.02 6.03     5.0  4.1    8.0   18.3    6.2  .03785 3 7 8 3▲  .841.10 -.5737.40118.813.3329.8647.5512274110.0027.4538.96 3
20261010토 9180011외2 3 3  3 0혼전 4451           9 6최고게임        FROSTED DR. MELF 1855.00미수 5 0 0   1    017:25 495002등강성오이기선  -3 016 7 424 1 4 224  0정도윤   57.091기추적50 54 544321.049.023.221 0152453102218 0 027 8112526 01457↗↗추14.240.340.413.81737                   33 52 1429   14.90   13.3011  4 -1NN동54.64821914-1.8 6.6 4.8555517 0배당마주배당마주41관 0 6                            14.9    13.3        .0                      10 4 9 6  1                                              .02352 0 4 6 0― -.140.40 -.01     118.8 6.5014.8123.22 41117 4.4410.4719.93 9
20260725토 9180011외234 4 83 1혼전 4441맑음다습10 9 6최고게임        FROSTED DR. MELF 1855.00미수 5 0 0 9 1  196      495002등강성오이기선  -3 115 6 324 1 4 223  0조재로47657.588기추하22 22 225120.050.018.9345314245310221830 027 8192622 01457↗↘입14.240.640.513.8143740.340.4116.5118.6 35 55 1530   14.90   13.80 8 -8  0ULDN54.64821914 -.6 5.6 5.0505018-1숨은복병배당마주54기 0 2 8 7 71011 8⑥1:56.5½   1.014.940.113.3 -5 -3  .00 611  6 1.0365749515210 710 83 3 9.07 9.07 2.0 3.8 32.2  270.4  636.5  229.2  .01957 0 5 6 0― -.140.30 -.0437.46119.0 4.9911.6518.86 2 714 2.24 6.7412.0011
20260530토 9190010외211 9 63 2혼전 4451맑음양호 7 9 6최고게임        FROSTED DR. MELF 1855.00미수 5 0 0 9 1  152      495002등강성오이기선  -3 214 5 124 1 4 222  0이동하47957.591평입상57 70 703462.064.043.13150152453102218172027 8252419 01457↗↘선14.239.540.913.8225741.239.7127.9126.5 32 58 1137   14.50   13.00 7  6  5VBUP54.64821914-2.0 6.0 4.0626217 1배당마주거리부담57기 110 9 9 9 9 9 7⑥2:07.9½   1.414.940.313.8  1  2  .00 6 5  1 2.76796417444 8 3 5 23 6 1.02 8.09 1.3 3.7  1.3    3.7    4.2   14.1  .03774 3 7 9 3▲ 1.141.30 -.1846.14124.516.6730.8343.0818375310.6818.6930.46 7
20260412일 9180011외252 1103 3혼전 4452맑음다습11 9 6최고게임        FROSTED DR. MELF 1855.00미수 5 0 0 2 1  124      495002등강성오이기선  -3 313 4 224 2 3 221  0조재로47752.588우입적58 42 425751.057.043.6345314245310221830 027 8192622 01767↗↘입14.340.440.113.9255740.838.0116.5118.1 39 56 1733   14.90   13.30 4 -6  0HH동54.94821814-2.6 6.8 4.2595918 0배당마주배당마주70기 0 4 8 9 8 8 4 2①1:56.53    -.514.538.313.0 -3 -5  .00 1 4 -4  .02276 1 693 9 2 5 40 2 4.01 4.09 3.4 6.1  6.1   11.3   29.3   13.0  .03777 3 6 8 3▲  .640.40 -.4337.57118.716.3931.2443.59 9223514.6325.7338.49 3
20260314토10180011외253 3103 4 3강 3331흐림양호 7 9 6최고게임        FROSTED DR. MELF 1855.00미수 5 0 0 2 1   75      495002등강성오이기선  -3 412 3 124 1 3 220  0조재로48252.588기입하16 13 133117.044.017.9345314245310221830 027 8192622 01767↗↘입14.240.340.313.9364540.739.8117.6117.7 41 53 1835   14.20   14.00 5  1  1BNUP54.94821814-3.0 6.4 3.4636317 2숨은복병배당마주43기 010 7 8 8 9 8 4⑤1:57.61¾   .514.938.613.3 -3  0  .00 5 8  3 2.01270304267 7 7 9 73 1 6.03 9.02 3.3 9.3  8.3   22.9   54.1   54.3  .01937-1 5 5-1▽ -.540.50  .1337.07118.8 4.04 9.9017.92 51222 1.68 7.9315.00 8
20260207토10160010외251 1103 5 2강 2257맑음건조 2 9 6최고게임        FROSTED DR. MELF 85     미수 5 0 0 2 1   85      495002등강성오이기선  -3 511 2 724 3 3 219  0이동하48252.090우입하57 53 531439.048.033.43150152453102218172027 8252419 01767↗↘선14.237.039.813.9253436.541.0102.0104.5 38 56 1331   14.30   13.60 5  6 -2LUUP54.94821714-3.8 6.2 2.4777717 2배당마주보통주행43기 0 9 7   7 7 7 7⑥1:42.04    1.914.239.814.0  1 -3  .00 6 5 -1 3.88651818526 910 4 30 5 3.06 2.01 3.5 6.6  5.2   22.3   45.9  178.5  .02329 1 6 7 1―  .239.80 -.3127.70103.510.9923.4633.44143044 5.0012.9026.56 5
20260103토11140011외254 6103 6혼전 4451흐림다습13 9 6최고게임        FROSTED DR. MELF 85     미수 5 0 0 1 1   95      495002등강성오이기선  -3 610 1 824 2 3 218  0이동하48553.590우입적97 99 995168.062.032.63150152453102218172027 8252419 01767↗↘선14.237.239.113.9315337.739.2 87.5 89.4 40 60 2033   14.00   13.50 4 -8 -2UH동54.94821714-3.8 5.6 1.8878717 0승부최상배당마주44기 0 310    11 9 9⑦1:27.51    1.914.338.513.6  1  4  .00 7 6 -1 2.36783446530 8 7 5 40 4 1.03 6.09 3.2 5.6  3.2    7.9   15.2  169.010.54181 3 8 9 3▲ 1.038.80 -.1413.1488.8011.8922.0632.56 92235 8.9218.1830.00 6
20251206토11140011외342 2 93 7혼전 4451흐림양호 9 9 6최고게임        FROSTED DR. MELF 85     미수 4 0 0 1 1   7818:00 41250혼3강성오이기선  -3 7 9 4 724 1 2 217  0이동하48155.590우입적76 77 776858.062.041.73150152453102218172027 8252419 02060↗↘선14.237.339.113.9225336.838.8 85.9 87.8 29 50 2136   14.20   13.2012  6 -1VNDN54.84831714-2.2 4.6 2.4858517-2탐색주행승부최상49기 011 6     5 5 2①1:25.92    -.314.037.913.5 -6 -1  .00 1 7  5  .01238281991 9 7 4 33 3 7.0611.04     5.8 12.2   60.0  140.1   96.1  .04593 3 7 8 3▲ 1.038.40 -.4411.4188.8615.5529.3741.74 9223510.8922.8632.21 5
20250914일 61600 8외340 1 43 8 1강 1141맑음다습13 9 6최고게임        FROSTED DR. MELF 85     미수 4 0 0 2 2  290      41250혼3강성오이기선  -3 8 8 3 624 2 2 216  0김용근48256.581우입상59 74 741474.058.045.71943 82340142218242227 8302714 02060↗→선14.337.239.813.8153437.038.5101.6103.0 36 57 1436   13.80   13.80 7 -1  2NB동54.84831714-1.2 3.8 2.6818117 0숨은복병보통주행50기 1 5 4   4 5 6 5⑤1:41.62    1.314.238.313.2  3  1  .09 5 2  0 1.65685223640 8 6 2 22 6 1.07 8.06 2.0 3.7  2.0   20.1   29.0   32.212.03057 2 8 8 2▲ 1.039.80 -.7126.00103.614.0329.1645.6618385522.5043.7559.75 2
20250727일12160010외333 2 33 9 1강 1131맑음건조 3 9 6최고게임        FROSTED DR. MELF 85     미수 4 0 0 9 3  414      41250혼3강성오이기선  -3 9 7 2 524 1 2 215  0김용근48155.086우입상92 95 951483.056.035.61831101958 82218242227 8302714 02060↘↗선14.337.239.813.8153436.340.6102.3103.9 36 57 1436   14.40   12.90 6 -4  2NNUP54.84831714  .0 3.0 3.0787817 2승부최상보통주행77기 1 6 6   6 7 7 6⑤1:42.34    1.013.840.013.8  3 -4  .09 5 2 -6 1.9783677774810 7 1 20 5 6.01 4.05 1.7 3.1 18.2   12.1   33.2  140.3  .03465 1 7 6 1―  .739.80 -.4726.93103.6 9.8022.3735.5812274121.8538.0248.55 2
20250615일10140011외353 210310혼전 4451맑음건조 3 9 6최고게임        FROSTED DR. MELF 85     미수 4 0 0 2 3  53617:30 41250혼3강성오이기선  -310 6 1 624 1 2 114  0이동하48553.092우입상92 94 946881.064.034.43344211958 82218172027 8252419 02550↘↘선14.337.339.313.9263737.837.5 86.9 88.0 31 54 1531   14.20   13.80 7  4 -5BHDN55.34821714  .8 2.8 3.6646417-2적정체중승부최상58기 11010     8 8 5②1:26.91¼   .014.436.912.9 -6  6  .00 2 8  2  .31482 2 87711 8 1 23 2 1.0811.10     8.0  2.8   31.7   39.3  105.410.54598 4 9 9 4▲ 1.238.40 -.3511.3789.0013.0924.1234.3618375313.6426.0934.85 1
20250427일 7160010외452 910311 3강 3351맑음양호 7 9 6최고게임        FROSTED DR. MELF 85     미수 4 0 0 9 4  68215:15 33000혼4강성오이기선  -311 514 424 3 1 113  0김용근47958.087우입상90 93 931486.069.047.12656 72558152218242227 8302714 03333↗↘선14.336.939.914.0332736.139.0102.5101.7 25 50 1733   14.10   13.50 6  2  3NB동54.34831714  .2 3.0 3.2666617 0마주성향마주성향 1기 0 6 7   7 8 8 5①1:42.5목    .014.239.513.8 -5  1  .00 1 6  2  .01324362192 9 8 4 33 4 6.02 6.08     7.5 12.0   15.7   40.2   16.811.24869 3 8 9 3▲ 1.639.90 -.6424.86103.518.6733.9547.1414304719.1235.5740.32 2
20250315토 7160010외440 8 9312 1강 1151맑음양호 6 9 6최고게임        FROSTED DR. MELF 85     미수 4 0 0 2 5  81816:05 33000혼4강성오이기선  -312 413 324 2 0 112  0김용근47855.588평입보80 78 781494.072.065.91835 81463 02218242227 8302714 0 050→↗선14.436.839.914.1392237.437.2103.1101.0 18 45 1827   15.20   14.50 4 -3  0HLDN53.84861714  .2 3.0 3.2626217-1편성만만마주성향 1기 1 4 3   3 3 2 2①1:43.11¼  -.314.137.913.5 -3  1  .00 1 4  1  .0 395 31094 6 5 1 12 3 4.02 4.02     5.4  4.6   13.6   23.2   10.2  .04679 4 9 9 4☆ 2.139.90-1.0524.32103.432.9654.0465.8538597041.0068.6681.25 1
20250215토 8170011외452 610313혼전 4451흐림건조 4 9 6최고게임        FROSTED DR. MELF 85     미수 4 0 0 2 5  90316:05 33000혼4강성오이기선  -313 312 124 1 0 111  0김용근47755.588평입보74 76 763173.065.041.01835 81463 02218242227 8302714 0 050→↗선14.139.441.214.0703440.340.8111.9112.6 20 40 2030   14.20   13.70 4 -4  1NBUP53.84861714 -.2 3.4 3.2626214 3연대우수거리속성 1관 1 71010 9 6 5 3④1:51.9목    .215.241.814.5  1 -3  .00 4 3  1 1.41968485874 4 8 2 32 2 1.04 8.04    13.8  4.7   20.1   41.2  134.3  .03260 1 7 8 1▲ 1.141.60 -.1631.95113.516.1429.1641.0318375317.9831.7926.20 1
20250118토 6140011외451 410314 3강 3359맑음건조 4 9 6최고게임        FROSTED DR. MELF 85     미수 4 0 0 2 5  97114:25 33000혼4강성오이기선  -314 211 524 1 0 110  0문세영48054.593평입상75 71 717884.071.057.74153 01463 0221842 027 8293615 0 050→→입14.136.839.514.0622537.638.1 89.0 88.2 11 33 2222   14.60   13.20 4  4  0VNDN53.84861612 -.6 4.4 3.8585814-2마주성향연대우수 1기 011 6     7 6 3④1:29.0머리  .014.238.513.7  2  0  .00 4 2 -2  .62076102179 3 5 1 10 1 5.08 8.04     7.7  8.3  165.8  291.6  225.012.13790 2 9 8 2▲ 1.839.00 -.8011.8788.8029.4946.5957.6638597027.0645.7137.92 1
20241222일101600 9외451 910315혼전 4459맑음양호 6 9 6최고게임        FROSTED DR. MELF 85     미수 3 0 0 2 6 104517:30 33000혼4강성오이기선  -315 110 224 1 0 1 9  0김용근48054.587평입하29 21 211440.060.048.72846221346 32218242227 8302714 0 0 0→→선14.136.240.214.374 837.737.5104.4102.0 13 25 2513   13.90   14.50 4  2  1NNUP53.04911612 -.8 5.8 5.0606014 2승부최상마주성향 1기 0 7 7   7 9 8 3③1:44.43     .514.638.513.2 -1  2  .00 3 4  2  .72298 52669 2 6 3 33 1 1.02 2.09     5.4  2.8    5.4    8.9   11.2  .03449 1 7 8 1▲  .740.20 -.5125.60103.316.1033.5648.65 92235 5.9717.2715.00 6
20261010토 9180011외2 3 3  3 0혼전 4451           9 7새파랑          프레저베CAT DANC 7942.00미수 5 0 0   1    017:25 495002등최영주최현우   0 016 41724 2 3 424  0장추열   54.593평추보50 56 565138.057.032.8305012295018201836 02413202722 03367→→입14.642.640.013.31549                   33 57  033   15.50   13.30 6  3 -1NH동53.34802018-1.6 7.4 5.8595912 0최빈거리보통주행60관 0 7                            15.5    13.3        .0                      11 3 7 4  6                                              .02134 1 5 6 1―  .540.00 -.79     119.611.0821.3132.83 9223510.0018.8527.91 5
20260829토 8180011외254 1 53 1혼전 4451맑음다습12 9 7새파랑          프레저베CAT DANC 7942.00미수 5 0 0 9 1  106      495002등서범석최현우   0 115 31624 1 3 423  0장추열48055.093평추보14  7  74216.047.022.83050121347 419 032 01816202722 03367→→입14.640.740.213.3183742.639.7117.1119.6 35 60  035   14.00   14.30 7 -4  3HNUP53.34802018-1.6 7.4 5.8535312 2최빈거리보통주행49관 1 410101010 8 8⑧1:57.1¾   1.415.538.713.3  1 -9  .00 8 7 -1 2.16599278439 9 6 8 50 5 1.03 6.08 2.5 5.0  2.5    6.5    9.4   14.0  .02052 0 5 5 0― -.240.30 -.0738.70118.9 4.9113.2422.82 51222 4.12 9.5714.66 8
20260711토10160010외253 6103 2혼전 4451맑음다습14 9 7새파랑          프레저베CAT DANC 9525.00미수 5 0 0 2 1  122      495002등서범석최현우   0 214 2 324 1 3 422  0조성환48952.553평추보71 75 751430.048.020.5 718 61347 419 0 0 01816 91720 03367↘→추14.737.138.313.3186936.741.0102.5104.5 37 53  032   14.90   13.30 4  2 -3LHDN53.34802018-1.4 6.8 5.4585812-2편성만만보통주행64관 0 8 9   9 8 8 8⑧1:42.51¼  2.614.040.114.3  0  5  .00 8 8  2 2.68567808619 9 1 5 70 3 2.01 5.09 3.4 7.9  4.9    9.4   19.5   21.5  .02835 0 5 5 0― -.138.30  .6129.11102.7 5.0412.3820.53 41117 4.9513.2121.88 6
20260614일 9180011외241 5 93 3 1강 1151흐림건조 3 9 7새파랑          프레저베CAT DANC 7942.00미수 5 0 0 2 1   62      495002등서범석최현우   0 313 11524 1 3 421  0장추열48455.093평추상52 64 645766.060.041.23050121347 419 032 01816202722 02080→→입14.540.840.013.3184540.939.4117.7118.4 39 56  044   14.60   13.00 6  0  1NN동53.04792018-1.8 6.6 4.8606012 0적정체중조교부실33관 0 6 7 7 7 6 6 3⑤1:57.71     .314.938.813.3 -1  1  .00 5 6  0  .7247519357410 3 5 42 4 2.01 2.10 3.0 6.5  4.1    6.5   12.9    7.512.03175 2 7 7 2△  .840.10 -.4537.64118.913.3027.1741.19122641 7.5917.9927.01 4
20260502토 9180011외341 8 93 4혼전 4453흐림건조 3 9 7새파랑          프레저베CAT DANC 7942.00미수 5 0 0 1 1  112      41250혼3서범석최현우   0 412 61424 2 2 420  0조성환48354.053평추상44 33 333025.044.027.0 718 61347 419 0 0 01816 91720 0 099↘→추14.540.940.213.3113739.938.9118.1117.8 35 47  041   15.10   13.40 8  0  2NN동52.84782018 -.8 7.0 6.2454512 0최빈거리급신장세44관 1 6 3 3 3 3 3 1①1:58.14    -.714.638.613.0 -5 -1  .00 1 6 -4  .01337 9 598 8 4 6 52 2 6.07 6.11 2.8 5.3 16.6  146.1  325.8  193.112.73127 2 4 4 2― -.339.90 -.2236.68119.0 7.5915.9627.00 81728 8.9319.5530.00 5
20260308일 9180011외353 3103 5 3강 3351맑음다습12 9 7새파랑          프레저베CAT DANC 7942.00미수 5 0 0 2 1  149      41250혼3최영주최현우   0 511 51324 1 2 419  0조성환48452.553평추하12  2  210 4.032.0 7.5 718 62950182018 0 02413 91720 0 099↘→추14.641.040.313.4 93041.238.8117.1118.2 38 50  031   15.00   14.60 8 -3 -5NH동52.84762018 -.4 6.4 6.0343412 0일반주행보통주행70기 0 61010 8 910 6⑦1:57.11     .415.139.513.4 -3  1  .00 710  3  .72583 8266911 511113 1 5.06 7.02 4.410.6  7.9   30.9   63.7  207.1  .01512-2 2 2-2▽-1.439.90  .1536.92119.0 1.32 2.89 7.52 1 2 5  .81 2.43 5.6611
20260110토10180010외341 5 93 6혼전 4451눈  양호 8 9 7새파랑          프레저베CAT DANC 7942.00미수 5 0 0 2 1  148      41250혼3최영주최현우   0 610 41224 3 2 418  0김정준48357.574평추하25 11 113114.042.018.61433 9295018201818 02413132026 0 099↗↗추14.741.040.213.3 93741.041.7121.3121.1 40 60  033   15.40   13.50 4  0  0LL동52.84762018 -.2 5.6 5.4373718 0일반주행최적거리 5관 2 9 6 6 7 6 8 8⑧2:01.35    3.015.041.814.6  1 -7  .00 8 7  2 3.3897880881310 3 8 70 3 2.03 1.08 2.5 5.3  3.5    8.1   19.2   14.9  .01822 0 3 3 0― -.640.20 -.0739.94119.0 4.1210.4918.62 41117 3.30 7.8215.11 7
20251214일10180011외321 5 73 7혼전 4451맑음포화18 9 7새파랑          프레저베CAT DANC 7942.00미수 4 0 0 2 1   67      41250혼3최영주최현우   0 7 9 31124 2 2 417  0김정준49057.574평추보29 34 34 639.048.020.41433 9295018201818 02413132026 0 099↗↗추14.640.840.413.3213041.040.0117.2119.7 43 57  036   14.80   13.40 4  6  0BL동52.84762018 -.2 4.8 4.6464612 0교체성공최근최상49관 2 91111111111 9⑥1:57.24    1.415.439.113.5  1  0  .00 6 5  0 1.6658138603911 4 9 93 2 3.01 1.04     5.5  8.6    8.1   26.3  181.7  .03039 0 5 6 0― -.140.20 -.0938.50119.0 5.7812.8820.37 2 714 5.5012.6723.21 9
20251115토 41800 8외321 3 73 8 1강 1146맑음건조 3 9 7새파랑          프레저베CAT DANC 7942.00미수 4 0 0 2 1  129      41250혼3최영주최현우   0 8 8 21024 1 2 316  0김정준49057.574평추보24  6  63914.035.020.71433 9295018201818 02413132026 0 099↗↗추14.440.840.413.2183039.940.5118.0119.2 38 54  038   14.90   14.10 4 -3  7HBDN52.84762018  .2 4.6 4.8424212-2최빈거리보통주행66관 2 3 5 5 5 4 2 2②1:58.06     .014.839.313.4 -3  2  .00 2 5 -3 1.15039524280 8 3 6 62 1 2.05 5.03 2.1 3.3  3.0   16.6   28.8    8.9  .01531 0 3 4 0―-1.140.20 -.1137.98119.0 3.08 9.8820.71 41117 3.90 9.9318.92 6
20251018토112000 9외241 6 93 9혼전 4451흐림포화19 9 7새파랑          프레저베CAT DANC 7942.00미수 4 0 0 2 2  210      495002등최영주최현우   0 9 7 1 124 1 2 315  0정우주48851.067평추상47 10 103722.036.0 9.91150 5 617 0201820 02413163012 0 099→↗입14.440.041.113.2243440.839.9132.0131.6 42 58  042   15.00   13.80 4 -3 -7NUUP52.84762018 -.4 3.8 3.4545412 2거리늘어거리부담62관 0 6 9 9 9 9 9 9⑧2:12.0½   2.014.940.714.1  0  3  .00 8 8  1 2.85996447529 9 6 9 90 1 4.03 4.09 2.1 4.7  7.6   11.9   27.0   12.3  .03220-3 4 2-3▼-1.239.80 -.3450.54132.4 1.24 4.32 9.85 2 510 4.0813.0017.37 9
20250920토 8180011외310 1 6310혼전 4451맑음포화16 9 7새파랑          프레저베CAT DANC 7942.00미수 4 0 0 2 2  27719:10 41250혼3최영주최현우   010 6 9 924 2 2 314  0장추열48557.593평추하20 14 145423.048.021.4325017 617 0201836 02413202722 0 099↗→입14.440.640.013.2324940.341.2116.1118.6 45 64  045   15.30   13.8011  6  0BL동52.84761818  .2 3.0 3.2575712 0전개최상휴양불리 5관 1 911111110 8 7⑥1:56.1¾   2.515.040.013.8 -1  1  .00 6 7  4 2.8325369701510 111 70 3 3.0111.03     4.2  9.8    5.6   23.6   71.7  .03436 0 4 4 0― -.240.30  .0638.00118.8 4.7412.5121.35 41117 6.0011.0618.13 7
20250705토 71800 8외343 3 9311 1강 1154맑음건조 3 9 7새파랑          프레저베CAT DANC 7942.00미수 4 0 0 1 3  48816:30 41250혼3최영주최현우   011 5 8 824 1 2 313  0장추열48457.593우추하74 82 829291.068.080.63050 5224011201836 02413202722 0 099↘↗입14.440.639.613.2296940.641.4119.6120.8 50 70  050   14.70   13.90 5  1  2HB동52.84761818  .0 2.6 2.6696918 0연대우수전개최상32관 1 3 7 7 7 7 6 5⑤1:59.66    2.115.340.213.8  2 -1  .00 5 3  2 2.48565738022 7 1 1 10 2 4.01 6.04     4.3  7.3    5.7   17.0    8.1  .05298 4 9 9 4☆ 1.740.60-1.1740.64118.638.8363.9380.6038567140.7474.5196.82 1
20250531토 81800 9외350 7 5312 2강 2251맑음건조 4 9 7새파랑          프레저베CAT DANC 7942.00미수 4 0 0 9 3  58617:00 41250혼3최영주최현우   012 4 7 724 2 2 212  0임다빈48556.077강추상81 65 658785.060.041.71848 6224011201826502413142424 0 099↗→추14.140.739.513.1278040.040.5118.5118.7 44 78  056   14.60   13.80 6 -1 -2HN동52.84761818 -.2 2.6 2.4727218 0전개최상연대우수60기 2 2 3 3 3 4 4 3②1:58.510    .014.739.813.9  1  3  .00 2 1 -3 1.73541534489 9 1 4 32 8 2.01 6.02     3.5  3.1    3.5    7.0   25.4  .03780 3 7 8 3▲  .840.20 -.3038.49118.613.7727.4641.74 9223518.0633.8348.10 3
20250419토 9180011외311 8 6313혼전 4457비  다습10 9 7새파랑          프레저베CAT DANC 7942.00미수 4 0 0 2 4  71117:30 41250혼3최영주최현우   013 3 6 624 1 2 211  0임다빈48257.583강추상91 83 839585.067.039.51944 41756 7201826502413142424 0 099↘↗추14.140.739.413.0238540.739.7117.3118.4 50 75  063   14.70   13.50 6  0  5HB동52.84761818 -.6 2.8 2.2767618 0연대우수전개최상 1기 3 3 8 8 91010 4③1:57.34     .614.640.613.8 -1  1  .00 3 4  0 1.4287030426611 1 1 33 7 1.0611.04     4.5  1.6   12.7   17.0   32.2  .04396 4 9 9 4☆ 1.440.20 -.2038.33118.613.6228.1139.4712264121.8537.5050.43 1
20250309일101800 9외353 3 5314 1강 1152맑음양호 8 9 7새파랑          프레저베CAT DANC 7942.00미수 4 0 0 2 5  82617:30 41250혼3최영주최현우   014 2 5 524 1 1 210  0장추열48153.093우추하42 27 279044.056.042.52638 31443 7201836 02413202722 0 099↘↗입14.140.839.413.0158540.139.6116.1117.8 43 71  071   15.00   14.9012 -7 -1HV동52.84741818  .6 2.8 3.4686818 0전개최상연대우수 1관 1 3 7 6 6 7 5 1①1:56.1머리  .014.740.113.5 -3  1  .00 1 4  0  .01347252183 9 1 4 43 1 4.07 3.02     4.5  6.6  106.3  199.5   87.1  .03778 1 6 7 1△  .540.00 -.3237.60118.614.6528.4342.54 9223510.0021.3035.59 4
20241214토11180010외342 3 9315 2강 2259맑음양호 8 9 7새파랑          프레저베CAT DANC 7942.00미수 3 0 0 2 6 107718:00 41250혼3최영주최현우   015 1 4 424 1 1 2 9  0문세영48053.593우추하83 56 569488.067.070.74149331638 7201853 02413293615 0 099→→입14.140.839.313.0138941.441.6120.9121.5 43 71  071   14.60   13.60 7  1  1VN동52.84741818  .4 2.8 3.2777718 0전개최상전개최상 1기 310 9 8 9 7 7 9⑨2:00.96    2.415.042.314.9  5 -2  .09 9 4  1 3.3918978911710 1 2 10 1 5.06 5.02     7.0 11.1   58.6  135.4  326.2  .05398 4 9 9 4☆ 1.640.50 -.9241.41118.633.9855.9870.7334536621.5441.3556.76 2
20261010토 9180011국2 3 3  2 0혼전 4451           9 8아르고리치      컬러즈플어너러리 4946.00한수 6 0 0   1    017:25 495002등최용건우태율   1 016141232 1 5 731  0다실바   56.579평자보50 44 442328.044.018.31863102854122329 0 02614202814423325↗↗입14.138.540.513.55025                   46 46 2511   14.00   13.90 3  5  0LLDN54.64982018 -.6 7.2 6.6444412-2뒷심부족조교부실37관 0 8                            14.0    13.9        .0                       5 610 9  1                                              .02336 0 4 5 0― -.540.50  .60     118.1 4.6210.6618.31 2 510 7.7814.6623.92 6
20260920일102000 9국240 2 42 1 3강 3355맑음건조 2 9 8아르고리치      컬러즈플어너러리 4946.00한수 6 0 0 9 1   33      495002등최용건우태율   1 11513 432 1 5 730  0서승운50556.586평자보14  2  24612.044.028.6213710285412232918132614272616363627↗→선14.139.641.213.5312538.539.4131.5130.1 48 44 2211   14.30   14.40 5 -7  1HL동54.54972018  .6 7.2 7.8323212 0일반주행보통주행55관 0 3 1 1 1 1 1 2⑤2:11.5코    .414.040.013.9 -2 -5  .00 5 7 -4  .42713311169 3 8 9 51 1 3.02 7.06 2.5 3.9  4.1    7.3   14.5   17.611.21541 0 4 5 0― -.440.10 -.6149.26132.2 8.3517.7228.64 61425 4.3515.6526.70 5
20260817월 9200011국221 5 72 2 2강 2251비  다습13 9 8아르고리치      컬러즈플어너러리 4946.00한수 6 0 0 2 1   84      495002등최용건우태율   1 21412 332 1 5 729  0정도윤51056.091평자하11  7  72723.040.018.821 015285412232913 02614112526363627↗↗추14.139.341.213.6542740.240.3133.5131.8 50 42 2712   14.80   14.00 9  5  1BLUP54.54972018  .8 5.8 6.6484812 2일반주행조교부실19관 010101010101010⑧2:13.55    3.314.341.414.4 -3  1  .00 811  4 3.66388557213 2 810 70 1 4.06 4.08 3.3 6.6  7.5   35.4   80.0   48.9  .01533 0 4 5 0― -.640.50 -.2051.31131.9 4.5211.0718.78 31119 5.3610.8618.07 7
20260614일 9180011국241 6 92 3 1강 1151흐림건조 3 9 8아르고리치      컬러즈플어너러리 4946.00한수 6 0 0 2 1  142      495002등최용건우태율   1 313111132 1 5 728  0우인철50955.572평자보25 44 44 556.053.030.32048102854122329 0 02614112823363627↗↘입14.139.840.713.5641740.840.7119.4120.0 52 56 1228   14.20   13.70 5 -2  2NN동54.54972018  .2 5.8 6.0474710 0일반주행최근최상48기 0 5 6 6 6 9 9 9⑩1:59.41½  2.014.840.114.0  3 -1  .0010 7  3 2.46872546628 2 9 6 50 1 2.01 2.10 3.0 6.5  4.1    6.5   12.9    7.512.03153 2 6 7 2―  .341.30 -.1139.47118.7 9.6420.5330.27 81728 5.5215.1121.33 6
20260509토 91800 9국212 7 12 4혼전 4452맑음건조 5 9 8아르고리치      컬러즈플어너러리 4946.00한수 6 0 0 2 1   92      495002등최용건우태율   1 412101032 1 5 727  0권중석51054.065평자보13 11 113321.039.020.31341 6285412232917 02614191818363627↘→선14.139.940.713.5581739.540.3118.1118.6 50 54 2125   14.20   13.00 4  5 -4LH동54.54972018  .4 5.2 5.6474710 0일반주행보통주행48기 0 7 1 2 3 3 3 4④1:58.1코    .014.240.713.7  0 -2  .00 4 4 -3 2.13224432190 4 7 7 62 1 3.05 1.05 1.6 3.0  6.2   45.3   89.6   60.5  .01832 0 4 5 0― -.541.00  .0837.98118.8 4.6011.2920.30 31119 4.6010.9322.06 7
20260412일 9180011국252 2102 5혼전 4452맑음다습11 9 8아르고리치      컬러즈플어너러리 4946.00한수 6 0 0 2 1   64      495002등최용건우태율   1 511 9 932 1 5 726  0김태훈51257.569평자하14  3  32611.035.014.91758 82854122329 0 02614122521363627↗→입14.139.840.713.6681340.639.4118.5120.0 52 57 3017   15.20   14.20 4 -6  1HH동54.54972018  .0 5.2 5.2484810 0일반주행보통주행72기 0 2 5 6 610 9 9⑥1:58.53    1.514.239.813.0 -1  0  .00 6 7  0 2.07366182736 7 810 73 1 4.01 4.09 3.4 6.1  6.1   11.3   29.3   13.0  .01531 0 3 4 0―-1.141.30  .2239.49118.7 2.21 7.2514.92 2 714 2.44 7.0212.45 9
20260314토10180011국253 3102 6 3강 3351흐림양호 7 9 8아르고리치      컬러즈플어너러리 4946.00한수 6 0 0 2 1   75      495002등최용건우태율   1 610 8 832 2 5 725  0정정희51257.080우자상75 74 74 943.044.018.0204410285412232915332614202515363627→→입14.139.940.613.6582239.942.3120.1120.2 55 45 3223   14.50   14.10 4  7  2BL동54.54972018-1.8 5.2 3.4636310 0일반주행최근최상47기 0 8 9 7 6 81011⑪2:00.15    3.015.241.114.2  4  4  .0011 7  3 4.57739868212 4 9 6 60 2 6.03 9.02 3.3 9.3  8.3   22.9   54.1   54.312.11541 0 5 5 0― -.541.20  .1639.67118.7 4.08 9.9618.00 41117 7.5615.8623.82 6
20260214토10180011국220 6 72 7혼전 4451맑음건조 3 9 8아르고리치      컬러즈플어너러리 4946.00한수 6 0 0 2 1   64      495002등최용건우태율   1 7 9 7 732 1 5 624  0정정희50855.080평자보14  7  72223.042.014.7204410285412232915332614202515403030→→입14.039.940.713.5601739.540.0116.4116.8 52 52 2914   14.30   13.50 3 -2  4UNUP54.44962014-1.4 5.8 4.4474712 2일반주행거리속성72기 0 1 3 2 3 3 3 3②1:56.45     .014.540.214.1 -2 -2  .00 2 4 -3  .9 320411889 3 910 82 1 1.04 9.01 2.3 3.7  2.3   11.6   17.5   54.2  .01841 0 5 4 0― -.640.80  .1936.15118.8 3.24 8.2614.66 2 714 5.0010.2117.05 8
20260124토11160010국253 1102 8혼전 4451맑음건조 3 9 8아르고리치      컬러즈플어너러리 4333.00한수 6 0 0 2 1   53      495002등최용건우태율   1 8 8 6 532 1 5 623  0조성환51051.553평자하37 43 431414.036.014.1 718 62854122329 0 02614 91720403030↘→추14.136.139.513.6773036.140.2101.1103.6 55 55 2515   14.10   14.00 4  0 -6HUDN54.44962014-1.4 4.6 3.2626212-2숨은복병보통주행 5기 0 3 8   8 7 8 7⑦1:41.1¾   2.114.339.013.5  0 11  .00 7 7  4 2.57031666123 5 8 9100 1 1.04 7.05 2.3 6.3  2.3    6.5    9.7    8.1  .01915 0 3 4 0―-1.039.50  .6928.00102.8 2.91 7.3214.06 1 4 8 2.52 5.8611.7610
20251227토11180011국212 2 62 9혼전 4451흐림다습14 9 8아르고리치      컬러즈플어너러리 4946.00한수 5 0 1 9 1   7518:00 495002등최용건우태율   1 9 7 5 632 1 5 622  1루이스49957.563평자상49 53 532338.045.020.22144102854122329 0 02614192717403030↗↘입14.139.740.713.5781539.740.9117.9119.9 55 60 2025   13.70   13.20 6  1  3HHUP54.44962014-1.6 5.2 3.6585813 2교체성공거리속성62기 1 3 5 5 5 7 810⑨1:57.91¼  1.514.140.814.0  6 10  .04 9 3  2 2.07130644836 5 8 6 70 1 7.10 8.10     5.5 17.3  149.5  241.9  470.8  .03041-1 5 5-1▽ -.341.40  .1439.52118.7 4.7111.1420.17 51221 8.6516.4424.35 5
20251115토11160010국241 3 9210 2강 2251맑음건조 3 9 8아르고리치      컬러즈플어너러리 4333.00한수 5 0 0 2 1  12218:00 495002등최용건우태율   110 6 4 432 1 5 521  0김철호48954.565우자보63 50 501440.037.017.4 943 4285412232918282614142025403030↘↗추14.136.239.213.5744536.639.0101.4102.0 53 68 1632   13.60   14.40 4  0 -1HNDN54.44962014-1.6 5.2 3.6585810-4연대우수작전마주70기 0 2 1   1 1 1 2②1:41.4½    .013.738.813.2  1  0  .00 2 1 -6  .02357353682 2 3 4 81 6 4.01 1.02     6.0  6.7    8.5   23.5   10.6  .03229 0 5 5 0― -.539.20  .7126.62102.7 3.94 9.6717.44 1 4 7 3.5410.3921.30 7
20251018토112000 9국241 6 9211혼전 4451흐림포화19 9 8아르고리치      컬러즈플어너러리 4946.00한수 5 0 1 2 2  210      495002등최용건우태율   111 5 3 232 1 5 520  1씨씨웡48955.090우자상86 69 696576.062.042.62652112275 5232941652614212522403030↘→선14.139.341.213.4623439.140.4131.4131.0 56 72 1733   13.90   12.7013 -4  0HNUP54.44962014-1.0 4.0 3.0686810 4적정체중연대우수47기 0 2 4 3 5 5 4 5④2:11.48    1.413.641.214.4 -3-11  .00 4 7  0 2.24640565142 3 7 5 32 1 4.03 4.09 2.1 4.7  7.6   11.9   27.0   12.312.73787 2 8 9 2▲ 1.040.40 -.7750.54131.915.1228.8642.6318375320.4134.0038.68 1
20250719토 91600 9국253 1 5212 1강 1151흐림포화17 9 8아르고리치      컬러즈플어너러리 4333.00한수 5 0 0 2 3  446      495002등최용건우태율   112 4 2 332 2 5 419  0김철호50055.063우자보61 43 431422.029.010.61367 9275712232918282614142025443322↘↗추14.135.939.313.4894536.738.2 98.7101.2 53 71 1829   13.80   15.10 4 -4  0NNDN54.34962014 -.4 3.2 2.8707010-4일반주행작전마주78기 1 6 5   5 5 5 4②1:38.72     .013.937.012.7 -5 -5  .00 2 7  0  .4 568151777 1 4 7 93 5 1.07 3.06 2.7 4.8  2.7   26.9   35.5   23.7  .02035 0 4 3 0―-1.539.30  .9426.00102.6 1.05 5.7210.55 2 510 3.0510.8819.58 7
20250622일 8200011국252 610213혼전 4451맑음다습12 9 8아르고리치      컬러즈플어너러리 4946.00한수 5 0 1 2 3  51816:05 495002등최용건우태율   113 3 1 132 1 5 418  1김철호50555.064우자보77 86 864566.048.020.41367 9275712232918282614142025443322↘↗추14.239.241.113.3714138.941.8133.7131.6 56 75 1931   14.30   14.70 4  4 -1BNUP54.34962014 -.4 3.4 3.0737310 2거리늘어작전마주48기 010 4 4 4 5 6 7⑦2:13.77    3.413.843.015.1  0  5  .00 7 7  6 4.05828817414 3 7 2 92 4 1.04 4.09     7.8  3.3   11.1   18.0   20.4  .03240-1 7 5-1▽ -.340.60 -.1151.25131.8 5.5911.8620.42 51222 9.5721.1930.89 3
20250525일 9180010국330 8 8214혼전 4441맑음양호 8 9 8아르고리치      컬러즈플어너러리 4946.00한수 5 0 0 2 3  59617:00 41250국3최용건우태율   114 2 8 532 1 4 417  0김성현50056.063평자보69 56 563452.059.040.3165010275712232914 02614162319383825→→입14.140.040.213.3634938.841.6118.2118.2 53 73 1333   14.50   14.00 4 -5 -2NN동54.14951814 -.4 5.4 5.0555510 0숨은복병작전마주69기 1 6 2 2 1 1 1 1①1:58.22½  -.414.341.814.7  0 -1  .00 1 1 -3  .023 5784096 3 7 4 21 1 1.07 6.08     4.6  2.5   42.3   53.6   49.712.73058 2 7 8 2▲  .740.90 -.2538.03118.613.8827.9140.3118375313.2525.2732.88 2
20250426토 9180011국351 5 5215 2강 2251맑음양호 8 9 8아르고리치      컬러즈플어너러리 4946.00한수 5 0 1 9 4  69017:30 41250국3최용건우태율   115 1 7 432 3 4 416  1김철호50158.059평자보62 50 50 449.053.027.42040172450 7232918282614142025432929↗↘추14.140.040.413.2604139.540.0117.6117.9 57 71 1436   14.10   13.50 3  9  3VL동53.64941814  .2 5.6 5.8484810 0최근최상거리속성 1관 011 5 3 3 3 3 4④1:57.6½    .514.541.014.0  0  3  .00 4 4  3  .71622361567 3 8 5 42 3 2.03 9.04     4.8  3.8    8.9   14.1   61.6  .02137 0 6 6 0―  .340.80 -.0137.53118.7 7.2717.5927.42 82135 8.2117.6727.83 5
20261010토 9180011국2 3 3  6 0혼전 4451           9 9드래곤스퀘어    퍼지    퀸즈블레 3633.00한거 5       1    017:25 495002등김동균(주)메타-1 016 1 1 0 3 3 6 0  0푸르칸   56.079기자적64 57 572111.035.010.02355151750 62029242919 8142421423325↗→추14.538.540.613.96512                   38 42 2117   15.00   12.40 8  7  1BLDN54.35182018 -.4 5.8 5.4555517-2일반주행기복전력24관 0 9                            15.0    12.4        .0                       4 8 610 12                                              .01516-1 3 2-1▽-1.240.60  .75     118.2 1.46 4.7010.00 1 4 8 2.22 6.2810.9611
20260817월 9200011국221 3 76 1 2강 2251비  다습13 9 9드래곤스퀘어    퍼지    퀸즈블레 3633.00한거 5 0 0 2 1  136      495002등김동균(주)메타-1 115 4 128 2 3 627  0푸르칸55255.079기자상43 55 55 160.046.019.32355151750 62029242919 8142421423325↗→추14.539.741.313.9401940.541.4134.5132.6 38 42 2117   14.00   13.90 6 -5 -1HNUP54.35182018 -.2 6.2 6.0434317 2최근최상기복전력 5   0 2111111111111⑩2:14.55    4.314.642.515.0  5  6  .0110 5  1 4.67593758710 711 3 6011 4.06 4.08 3.3 6.6  7.5   35.4   80.0   48.9  .02113-3 6 5-3▽ -.540.10 -.4951.61132.3 4.5911.0019.31 41121 9.8221.7229.82 4
20260705일 9180011국413 9 66 2혼전 4458비  건조 4 9 9드래곤스퀘어    퍼지    퀸즈블레 3633.00한거 5 0 0 1 1   82      41250국4김동균(주)메타-1 214 31528 1 2 626  0푸르칸54656.079기자상40 39 393452.064.055.12355151750 62029242919 8142421363627↗→추14.640.440.613.9431739.340.1116.2115.8 39 39 2613   14.30   13.50 2  3  1LL동54.25151818 -.2 6.2 6.0434317 0일반주행기복전력53관 0 7 1 1 1 1 1 1①1:56.28   -1.414.039.913.9 -3 -1  .00 1 4 -1  .0 116371299 5 6 5 1110 4.01 7.02 1.5 4.2 12.0    4.8   15.0   52.7  .04686 4 7 9 4▲ 1.440.20 -.8234.82118.925.2144.4455.1338567113.5827.2235.82 2
20260620토 9180011국422 3 76 3혼전 4451비  불량20 9 9드래곤스퀘어    퍼지    퀸즈블레 3633.00한거 5 0 0 2 1   32      41250국4김동균(주)메타-1 313 21428 1 2 625  0마이아54755.593기자적16 36 365642.057.028.73555121750 6202927 019 83533 7403030↘↗선14.640.140.713.9571340.239.7114.4116.9 36 36 2718   14.90   14.80 4  2  1VN동54.15121818 -.6 6.2 5.6454517 0교체성공기복전력 5관 0 4 7 7 7 5 3 2④1:54.4코    .114.339.113.5 -1 -1  .00 4 5 -3  .3 349252275 7 9 9 42 2 1.1110.08 1.7 3.7  1.7   48.3   59.0   91.4  .03087 1 5 5 1―  .540.60 -.1836.10118.9 9.8718.5428.70 92235 9.4117.6227.36 6
20260523토 9180011국343 9 96 4혼전 4451맑음다습13 9 9드래곤스퀘어    퍼지    퀸즈블레 3633.00한거 5 0 0 2 1   72      41250국3김동균(주)메타-1 412 11328 1 2 524  0푸르칸54855.079기자적 5  4  4 5 9.033.0 8.52355151750 62029242919 8142421442233↗→추14.539.940.713.9731340.840.6119.5118.8 33 33 2919   14.60   16.20 9 -7 -1HN동53.95081818 -.6 6.2 5.6454517 0능력한계기복전력22관 0 2101011 5 4 2②1:59.54     .014.941.614.8 -6 29  .00 2 8  2  .63673526793 6 711112 9 1.08 4.02 2.9 6.2  2.9   50.4   62.9  726.5  .01214-4 2 3-4▼-1.541.00  .3638.15118.8  .90 4.70 8.49 1 2 5 3.41 6.5212.50 9
20260321토10180011국433 7 86 5혼전 4451맑음건조 5 9 9드래곤스퀘어    퍼지    퀸즈블레 3633.00한거 5 0 0 2 1  177      41250국4김동균(주)메타-1 511 41228 1 2 523  0마이아51955.593평자하12  8  85917.052.021.93555121750 6202927 019 83533 7442233↘↗선14.539.840.613.9801340.045.2121.8122.0 35 40 3520   14.40   15.50 6  0 -1LN동53.95081818-2.4 6.4 4.0616117 0교체실패보통주행55기 0 9 5 5 5 3 410⑩2:01.815   3.914.645.416.2  4 -5  .0010 6  0 3.99446989810 4 811 60 1 2.01 5.01 2.9 5.6  3.7    5.6   12.3   15.7  .02065 0 4 5 0―  .041.50  .1041.56118.7 5.4812.9921.90 51222 2.11 8.5315.7410
20260208일 9180011국441 8 46 6 1강 1151맑음건조 2 9 9드래곤스퀘어    퍼지    퀸즈블레 3633.00한거 5 0 0 2 1   96      41250국4김동균(주)메타-1 610 31128 1 2 522  0김용근52456.084기자적41 38 38 6 7.037.010.92651131750 62029244619 8302714442233→↘선14.540.140.513.9632238.745.4121.9122.2 37 42 1616   14.90   13.4015  3  1BL동53.95081818-3.0 6.6 3.6666617 0숨은복병휴양불리64관 1 9 4 4 5 4 410⑩2:01.91¼  3.414.444.515.5  4 -3  .0010 6  0 5.795 5989611 6 6 7 80 1 4.01 3.01 2.6 3.3  8.2    7.2   15.9   31.9  .01920-3 3 2-3▽-1.141.20  .2841.63118.8 1.23 4.7710.94 1 4 8 1.43 4.0210.17 8
20251025토 9180011국311 3 16 7 3강 3351맑음건조 5 9 9드래곤스퀘어    퍼지    퀸즈블레 3633.00한거 4 0 0 9 2  317      41250국3김동균(주)메타-1 7 9 21028 1 2 521  0박태종52755.576우자적73 72 725724.042.018.527 0241836102029 0 019 8192421442233→↘입14.539.940.513.9651940.440.0117.2119.4 39 50 2217   13.90   13.90 8  5  1NN동53.95081818-2.8 6.8 4.0666617 0일반주행보통주행43관 1 6 7 7 7 6 4 4④1:57.21½  1.314.938.813.4 -2 -7  .00 4 6  1 1.85858394240 5 5 5 72 1 1.04 4.02 1.6 2.9  1.6    6.4    7.9    6.512.12157 0 5 4 0― -.441.10  .1639.04118.7 4.6810.7018.51 41121 4.6310.4819.54 6
20250831일 9180011국342 2 96 8 1강 1151맑음포화17 9 9드래곤스퀘어    퍼지    퀸즈블레 3633.00한거 4 0 0 9 2  329      41250국3김동균김병진  -2 8 8 1 928 3 2 420  0푸르칸53454.584평입상80 73 73 926.043.018.024781418361020 0242419 8142421382538↘↗추14.539.940.413.8702538.840.8115.2117.7 35 35 2424   14.50   13.4010 -4  2UN동53.95051818-2.2 6.0 3.8696917 0마주성향휴양탐색67관 1 1 1 1 1 1 1 1②1:55.21     .013.939.613.9 -3 15  .00 2 5 -3  .211 7611977 6 6 4 71 8 2.05 6.01 2.8 5.3  4.0   23.8   38.1   52.1  .02531-2 4 3-2▽ -.440.90  .2237.40118.7 4.5510.2417.99 3 816 4.2611.7218.85 6
20250621토 9180011국431 3 86 9 3강 3351흐림포화17 9 9드래곤스퀘어    퍼지    퀸즈블레 3633.00한거 4 0 0 2 3  526      41250혼3김동균김병진  -2 9 7 6 828 2 2 319  0푸르칸51952.578평입상59 70 704857.058.030.433712322471120 0242419 8142421292943→↘추14.539.940.413.8712739.240.8115.0117.5 31 31 1925   14.40   15.10 4 -3  1NN동54.15031818-1.2 5.0 3.8696917 0부중유리마주성향38관 0 5 9 8 5 1 1 1②1:55.01¾   .014.539.613.4 -6  8  .00 2 8  1  .3 814613085 5 5 4 41 7 3.0810.05 1.8 4.5  5.9   71.2  122.1   32.512.13159 0 6 5 0―  .540.90 -.0537.20118.7 9.8819.5230.37 82135 7.5617.8029.83 6
20250525일 9180010국330 8 8610혼전 4451맑음양호 8 9 9드래곤스퀘어    퍼지    퀸즈블레 3633.00한거 4 0 0 2 3  59617:00 41250국3김동균김병진  -210 6 5 728 1 2 218  0푸르칸51152.078평입보60 39 394535.055.030.233712322471120 0242419 8142421173350→↘추14.539.940.213.8713439.742.0118.6118.6 27 33 2027   14.70   15.30 6  5 -1BU동54.45021817 -.6 4.6 4.0636317 0일반주행부중영향39관 0 8 4 4 4 2 2 2②1:58.62½   .014.442.215.1 -5  4  .00 2 7  0  .43328837488 2 6 6 51 6 1.07 6.08     4.6  2.5   42.3   53.6   49.7  .02474 1 5 7 1△  .441.00  .0138.53118.6 9.3619.7330.19 81728 8.4317.5829.79 7
20250412토 7180011국333 7 8611혼전 4452비  양호 8 9 9드래곤스퀘어    퍼지    퀸즈블레 3633.00한거 4 0 0 2 4  73418:15 41250국3토니  김병진  -211 5 4 628 1 2 217  0김태훈50753.070기입적40 32 324613.043.019.3 933 517   9201426292619122521173350↘↗입14.540.139.913.8595339.941.3119.2118.9 29 36 2129   14.80   14.30 8  0  1HN동54.45021817-1.2 4.6 3.4646417 0숨은복병기복전력 1기 0 3 4 3 3 3 5 7⑧1:59.22    1.514.742.515.3  1  0  .00 8 7  3 1.74137726239 6 2 8 72 4 3.01 4.02     6.2  4.3    6.2   14.8    8.5  .01942 0 4 4 0― -.240.80  .2838.90118.5 3.6910.6219.29 2 613 3.61 7.8215.85 9
20250216일11180011국351 410612 1강 1155흐림건조 4 9 9드래곤스퀘어    퍼지    퀸즈블레 3633.00한거 4 0 0 2 5  88918:00 41250국3토니  김병진  -212 4 3 528 5 2 216  0빅투아50752.588기입적71 58 583968.060.042.71742 61420 8201418302619222818173350↘↗선14.540.239.713.8526140.241.3120.7120.6 29 36 2129   14.20   14.30 3 -4  0HUUP54.45021817-1.4 3.8 2.4757517 2숨은복병기복전력 1   0 3 7 7 5 5 611⑩2:00.7목   2.014.841.514.3  6 -7  .0910 4 -3 2.48150726924 5 4 3 30 7 8.01 8.10     7.3 18.2   31.9   82.7  156.012.03153 2 7 8 2▲ 1.040.90 -.2340.68118.516.0429.9742.6718385517.2831.4048.35 3
20250126일 9160010국324 3 7613 3강 3351맑음건조 3 9 9드래곤스퀘어    퍼지    퀸즈블레 4942.00한거 4 0 0 9 5  93517:00 41250국3토니  김병진  -213 3 2 128 4 2 215  0빅투아51452.588기추적50 42 421433.053.031.81742 61420 8201418302619222818173350↘↗선14.536.738.813.7454936.339.6102.8102.8 31 38 2331   14.10   15.00 5 -1 -1LUDN54.45021817-1.2 4.0 2.8656517-2숨은복병기복전력 1기 0 7 6   6 6 5 6⑥1:42.82½  1.314.240.214.3 -1  0  .00 6 7  3 1.54837555042 6 2 8 52 6 2.04 2.04     7.5  3.8   13.7   25.6   40.411.22438 1 5 6 1―  .338.80  .3027.28102.811.1522.4531.82 81728 9.0918.2928.36 8
20241222일 9180011국352 410614 3강 3351맑음양호 6 9 9드래곤스퀘어    퍼지    퀸즈블레 3633.00한거 3 0 0 2 6 104617:00 41250국3토니  김병진  -214 2 1 428 3 2 214  0빅투아51453.581기추상80 71 716947.052.023.6308612284611201418302619222818173350↗↘선14.540.539.713.7356139.142.4121.0120.1 31 38 2331   14.30   13.00 5  7 -2BHUP54.45021817-1.2 4.2 3.0606017 1전개최상기복전력 1기 1 8 2 1 2 2 2 9⑪2:01.01½  2.214.142.815.0  7  5  .0211 4  3 2.3721188712410 1 5 71 5 7.08 1.11    10.8 13.0  125.4  262.4  578.012.13446 0 5 6 0―  .140.60  .1139.86118.6 6.5614.7923.58 61425 8.3315.9026.83 6
20241116토 81700 8국411 6 6615 1강 1153비  건조 3 9 9드래곤스퀘어    퍼지    퀸즈블레 4942.00한거 3 0 0 2 6 116716:30 33000국4토니  김병진  -215 1 5 628 2 1 213  0빅투아50955.081기추상93 91 919494.072.096.7308612284611201418302619222818 04060↗↘선14.639.840.013.7528339.738.3110.6111.2 25 33 2525   14.10   13.90 3 -7  3UNDN54.35001817-1.0 3.8 2.8676718-1교체성공전개최상 1기 0 1 1 1 1 1 1 1①1:50.69   -1.714.338.113.0  0 -4  .00 1 1 -2  .0 242 1 096 3 1 1 11 4 1.02 1.03     4.2  1.4    4.9    6.8   14.7  .04886 3 9 9 3★ 2.040.90-1.0331.36112.953.1683.0496.6838597056.9495.0099.00 1
20261010토 9180011외2 3 3  2 0혼전 4451           910케이드래곤      GOLDENCECLARE'S  4438.00캐거 4 1 1   1    017:25 495002등이준철김형란  -3 0 9 3 5 8 2 4 1 8  1김용근   57.584우선보50 66 664563.059.035.62651133147163033404231223027146733 0→↘선13.939.540.714.28713                   71 57 7114   13.80   13.80 6  2  1BB동54.74521818-1.6 5.4 3.8727218 0승부최상연대우수65기 010                            13.8    13.8        .0                       710 3 3  7                                              .03771 1 8 8 1▲  .640.70 -.16     118.612.0423.9735.5512264110.0024.0832.89 3
20260829토 8180011외254 1 52 1혼전 4451맑음다습12 910케이드래곤      GOLDENCECLARE'S  4438.00캐거 4 1 1 9 1  106      495002등이준철김형란  -3 1 8 2 4 8 1 4 0 7  1김용근44156.584우선적73 84 847477.065.052.72651133147163033404231223027146040 0→↘선13.939.440.614.2901539.540.2115.7118.2 67 50 8317   13.70   14.00 5 -1  3NB동54.34541812-1.4 5.0 3.6757518 0마방연대승부최상45기 0 8 1 2 2 2 2 2②1:55.74     .013.839.213.8 -1 -3  .00 2 3 -6  .72524422177 2 7 3 21 6 1.03 6.08 2.5 5.0  2.5    6.5    9.4   14.0  .05398 4 9 9 4☆ 1.441.50 -.4938.20118.521.5040.4352.6718375317.5332.5440.52 2
20260725토 9180011외234 5 82 2혼전 4451맑음다습10 910케이드래곤      GOLDENCECLARE'S  4438.00캐거 4 1 1 9 1   83      495002등이준철김형란  -3 2 7 1 3 8 1 3 0 6  1김태훈44454.069우선적50 82 826672.055.024.71758 8314716303321 031221225217525 0↗→입14.039.440.514.2871538.640.1115.5117.7 60 40 6020   13.80   14.50 8  1 -1LH동54.44561812 -.8 4.4 3.6787812 0승부최상마방연대86기 1 9 4 3 3 3 2 2①1:55.5코    .013.740.014.0 -8 -9  .00 1 9  5  .010 338 484 2 5 5 62 1 9.07 9.07 2.0 3.8 32.2  270.4  636.5  229.2  .03483 1 7 9 1△  .441.40  .1837.75118.5 6.9315.4624.74 51222 9.7020.2232.25 5
20260531일 91800 9외323 9 72 3 2강 2256맑음양호 6 910케이드래곤      GOLDENCECLARE'S  4438.00캐거 4 0 0 9 1  142      41250혼3이준철김형란  -3 3 6 4 2 8 1 2 0 5  0김용근45354.584우선적62 64 647395.067.071.82651133147163033404231223027146733 0→↘선14.039.540.314.2822538.842.0119.9118.6 50 75 7525   14.40   14.4010  5  2LN동54.34571812 -.3 4.5 4.3727218 0전개최상승부최상40기 0 8 1 1 1 1 1 1①1:59.911  -2.013.842.514.5 -3 -8  .00 1 4 -4  .031 7804899 2 1 2 11 5 4.06 8.07 2.6 3.4  8.3   40.6   61.0   75.0  .05296 4 9 9 4☆ 1.741.40 -.8538.79118.535.1157.7171.8318405433.6361.8476.82 1
20260321토10180011외333 7 82 4혼전 4451맑음건조 5 910케이드래곤      GOLDENCECLARE'S  4438.00캐거 4 1 1 2 1  197      41250혼3이준철김형란  -3 4 5 3 1 8 1 2 0 4  1장추열46153.093우선적30 23 239862.063.046.9305012314716303328 0312220272299 0 0→→입13.739.339.912.5935739.941.2118.3118.3 67 6710067   13.30   13.90 7 -2  0HUUP55.04561812  .7 3.3 4.0727212 6전개최상전개최상86기 2 3 4 4 4 5 3 3⑤1:58.3½    .414.441.614.4 -3  2  .00 5 8  5  .42740675972 1 2 8 22 1 2.01 5.01 2.9 5.6  3.7    5.6   12.3   15.7  .06498 4 8 9 4▲ 1.341.60 -.1139.07118.218.2234.2746.8518375311.5818.9630.56 4
20260131토10120011외354 2102 5 3강 3351맑음건조 2 910케이드래곤      GOLDENCECLARE'S         캐거 4     9 1  127      41250혼3이준철김형란  -3 5 4 2 4 8 4 2 0 0  0김용근45953.086강도보98 99 999885.069.044.126511331471630334042312230271499 0 0→↘선13.736.538.412.5969636.640.5 75.4 77.4 67 6710033   14.20   12.4015 -6  0NU동55.04561212-2.5 3.5 1.0989812 0승부조율전개최상 5기 0 5 1     3 4 9⑨1:15.43    2.413.339.513.9  6 -8  .03 9 3  0 2.48318887617 4 6 1 10 4 5.07 4.11 3.0 7.7  9.8   77.0  203.7  406.311.26497 4 9 9 4☆ 1.739.50  .18 2.4875.4521.6634.8144.1218375314.2125.9436.88 3
20251018토10120011외354 3102 6 3강 3351흐림포화19 910케이드래곤      GOLDENCECLARE'S         캐거 3 1 1 2 2  31717:30 41250혼3이준철김형란  -3 6 3 1 3 8 3 2 0 2  1김용근46753.082강도보99 99 999985.067.042.31943 835581130334042312230271499 0 0↗→선13.736.538.112.5979636.640.7 75.2 77.410010010050   13.40   13.40 7 10 -4VU동55.04561212-2.5 3.5 1.0989812 0전개최상전개최상52기 111 5     5 610⑩1:15.21½  2.113.439.614.2  7 10  .0010 3  2 2.88420918221 5 2 1 10 3 2.06 7.04     6.4  4.4   24.8   41.7  142.911.26497 4 9 9 4☆ 1.639.50  .41 2.8075.2818.5832.0142.3018375314.2126.2436.80 3
20250830토 7120010외433 1 32 7 3강 3351맑음포화18 910케이드래곤      GOLDENCECLARE'S         캐거 3 1 1 9 2  341      33000혼4이준철김형란  -3 7 2 2 2 8 2 1 0 1  1김용근45757.082강도상99 99 999978.070.057.21943 835581130334042312230271499 0 0↗→선13.636.538.212.5969936.238.1 72.2 74.4100100100**   13.30   12.80 6 -7  4UB동53.04541212-5.0 6.0 1.0999912 0승부최상전개최상73기 1 1 1     1 1 1①1:12.23    -.613.437.013.4  0  3  .00 1 1 -5  .0 4 525 392 1 2 1 11 2 1.03 1.04 1.7 2.9  1.7    2.2    2.9   20.411.27599 4 9 9 4☆ 2.238.60 -.08 -.3075.3325.8545.2957.1512264114.9527.6529.07 3
20250719토 5120011외454 2102 8혼전 4451흐림포화19 910케이드래곤      GOLDENCECLARE'S         캐거 3     2 3  450      33000혼4이준철김형란  -3 8 1 1 1 8 1 0 0 0  0김용근45453.086평무보   25 2540  .070.051.0183110384523303340423122302714      ↘↗선13.636.738.512.6    36.437.0 72.2 74.1              13.60   12.90 4  0  0LN동       12 0                 0 0숨은복병승부최상47기 1 8 1     1 1 1①1:12.25   -1.013.336.812.8 -5  5  .00 1 6  0  .0 2 9 3 094 2 211 11 1 6.04 8.04 2.8 7.1 10.7   47.5   93.6  214.510.65592 4 8 9 4▲ 1.738.30 -.18-1.0875.6124.7540.2551.0418375311.4622.9273.70 4
20261010토 9180011외2 3 3  2 0혼전 4451           911블루피오라      테이크차LIVE THE 4232.00미암 4 0 0   1    017:25 495002등박윤규최병욱   3 016 3 216 3 2 314  0서승운   53.086기자적50 41 415321.050.023.12137101450 71729 0 017 9272616502525↗→선14.037.540.513.16041                   45 55 2755   14.00   13.60 5  3 -1VHUP54.15101814-1.0 7.8 6.8434317 6일반주행작전마주58관 011                            14.0    13.6        .0                       2 511 7  3                                              .02039 0 5 6 0― -.140.50  .78     117.8 6.4614.7723.14 81728 4.4410.4719.9310
20260905토 71200 9외254 1 52 1혼전 4451맑음양호 7 911블루피오라      테이크차LIVE THE 1529.00미암 4 0 0 1 1   87      825002등박윤규최병욱   3 115 2 416 2 2 313  0서승운51154.086기자보63 64 645941.055.028.72137101450 71729 0 017 9272616502525↗→선14.037.138.213.1637637.537.8 74.1 75.8 45 55 2755   14.80   12.70 4 -1  2LNDN54.15101814  .2 6.6 6.8434317-2발주불량기복전력 5   0 8 7     7 6 6⑦1:14.1½   1.714.037.413.6  5 -2  .09 7 2  0 1.84165172530 5 4 5 50 2 1.05 1.02 2.0 5.0  2.0    9.2   12.5   15.4  .02261 0 5 6 0―  .438.40  .39  .5175.67 7.3517.2328.71 81728 7.4815.3826.30 6
20260808토10140011외254 5102 2혼전 4451맑음건조 2 911블루피오라      테이크차LIVE THE 1737.00미암 4 0 0 1 1   82      495002등박윤규최병욱   3 214 1 616 1 2 312  0서승운51352.586기자보71 65 656150.047.019.02137101450 71729 0 017 9272616502525↗→선14.036.938.813.1557338.237.9 87.4 88.3 45 45 2755   13.40   13.00 4  2 -1BU동54.15101814  .2 6.6 6.8434317 0부중유리기복전력36관 1 911    111110⑤1:27.4¾    .314.837.112.7  3  3  .02 5 2 -5  .62693 63273 7 1 7 83 1 7.04 3.02 4.1 8.1 14.6   29.3   85.5   37.3  .03175 0 5 4 0― -.238.90  .5912.6488.38 4.1311.1119.00 2 714 5.2210.6920.61 9
20260712일 71400 8외352 6102 3혼전 4451맑음다습10 911블루피오라      테이크차LIVE THE 1737.00미암 4 0 0 2 1   44      41250혼3박윤규최병욱   3 313 7 516 1 1 311  0안드레51053.068기추보12  9  94816.044.019.92042 31450 7172925 017 93426 767 033→↘선14.137.038.813.0576936.537.8 84.4 86.4 40 50 2040   13.60   15.50 4 -3 -1LHDN54.55101814  .2 6.6 6.8434317-2숨은복병기복전력80기 0 7 4     3 2 1①1:24.411  -1.913.437.013.0 -6 -7  .00 1 7 -3  .0 119 5 199 5 3 8 82 1 7.05 7.04 2.7 5.2 15.1   46.4  124.0  123.7  .01947 0 4 4 0― -.538.30  .5010.5688.45 4.9311.5519.85 41117 4.6511.3618.96 8
20260613토 8160010외352 4102 4혼전 4451맑음건조 3 911블루피오라      테이크차LIVE THE 1737.00미암 4 0 0 2 1   73      41250혼3박윤규최병욱   3 412 6 116 4 1 310  0김용근51754.084기추적21 21 211440.050.018.12651131450 7172933 017 930271467 033→↘선14.236.438.513.0588536.441.9103.5104.8 44 67 2244   14.20   13.6015  0  1VNUP54.55101814  .6 4.8 5.4565617 4일반주행작전마주30관 010 3   3 2 3 9⑩1:43.54    2.913.641.815.5  0  0  .001010  3 2.98840919112 4 110 91 4 3.01 4.08 3.1 7.0  5.3    7.0   16.7   10.3  .02027 0 5 6 0―  .038.50  .9129.93102.4 4.1310.1218.07 2 510 2.99 9.2718.75 9
20260301일10120010외314 3 12 5혼전 4451맑음건조 3 911블루피오라      테이크차LIVE THE 1529.00미암 4 0 0 1 2  299      41250혼3박윤규최병욱   3 511 5 316 3 1 3 9  0김용근51753.582기추적79 82 8266  .062.032.01943 81038 4172933 017 930271467 033↗→선14.237.238.013.0708338.239.0 76.0 77.4 44 56 2244   13.60   12.50 4  5 -1VHDN54.55101814 1.6 3.8 5.4565617-2출주제외기복전력60기 010 7     9 910⑩1:16.06    1.914.238.213.6  3  6  .0510 7    2.1849057802610 2 3 50 3 3.02 2.05 1.3 3.2  9.3   23.1   49.2  392.8  .02462 1 7 7 1―  .938.80  .36 2.1975.6111.0321.2631.99122641 9.2417.6766.74 6
20260201일10140010외350 5 52 6혼전 4451맑음건조 2 911블루피오라      테이크차LIVE THE 1737.00미암 4 0 0 1 1   43      41250혼3박윤규최병욱   3 610 4 416 2 1 3 9  0김용근  054.584기추적70 73 736168.060.028.72651131450 7172933 017 930271467 033→↘선14.237.038.713.06073                   44 56 2244   13.70   13.00 5  3  0NN동54.55101814 1.6 3.8 5.4565617 0기습선행기복전력31기 0 5                    경제    13.7    13.0     0  .07                     10 2 5 40 2 6.05 1.07 2.3 5.0 11.2   70.7  140.2  260.9  .03858 1 6 5 1― 1.038.70  .33     88.38 9.1218.3928.7210193411.5722.5034.86 2
20251227토10140011외312 3 62 7혼전 4451흐림다습14 911블루피오라      테이크차LIVE THE 1737.00미암 3 0 0 9 1   9717:30 49500혼3박윤규최병욱   3 7 9 3 416 1 1 2 8  0김용근51154.584기추적27 23 235460.059.035.72651131450 7172933 017 930271450 050→↘선14.437.138.713.0587637.038.3 86.1 87.5 38 38 2538   13.60   14.40 2  1 -1HN동54.55091814 1.6 3.8 5.4565617 0교체실패기복전력79기 1 2 2     2 2 2②1:26.1½    .013.737.813.0 -6 -9  .00 2 8  0  .1 84612 986 9 211 41 1 4.08 5.02     8.5  9.0   87.8  159.2  190.1  .04883 3 7 9 3▲ 1.138.50  .0911.7488.4512.1324.1535.74 82135 8.4618.6826.70 5
20251213토10140011외334 2 82 8혼전 4451비  불량20 911블루피오라      테이크차LIVE THE 1737.00미암 3 0 0 2 1   35      41250혼3박윤규최병욱   3 8 8 2 316 1 1 2 7  0정정희52055.080우추적20 20 208525.046.025.62044101450 7172911 017 920251550 050→→입14.437.238.613.0578336.840.7 87.4 89.6 43 57 2943   13.80   20.3016 -7  3UL동54.55091812 1.2 2.6 3.8707017 0승부최상작전마주50기 0 1 5     7 9 9⑩1:27.43    2.213.639.614.4  2 18  .0010 8  2 3.3683184782010 111 50 1 1.10 4.08     3.8  2.0   46.9   78.2  462.012.73476 2 6 6 2―  .138.90  .3513.8088.45 7.3816.3625.56 61325 6.4914.6123.63 6
20250823토 9140011외334 1 82 9혼전 4451맑음건조 4 911블루피오라      테이크차LIVE THE 1737.00미암 3 0 1 2 2  360      41250혼3박윤규최병욱   3 9 7 1 216 1 1 2 6  1코지  50252.586강추보91 98 988586.065.038.72155101038 4172916 017 923301850 050↗↗입14.437.238.513.0528736.947.5 95.0 97.2 50 67 3350   14.00   13.7013  6 -4BUDN54.55091812  .6 1.8 2.4818114-3전개최상승부최상55기 0 8 7     9 910⑪1:35.0대차 9.813.846.420.3  5 -5  .0011 6  5 9.999369999 110 1 1 20 1 1.08 1.05 1.9 3.8  1.9   24.7   30.3  207.510.54695 4 9 9 4☆ 1.640.50  .0721.5088.3815.3627.4738.6810193419.2634.0945.62 1
20250524토 91700 9외411 5 6210 1강 1151맑음다습12 911블루피오라      테이크차LIVE THE 1737.00미암 3 0 0 2 4  606      41250혼4박윤규최병욱   310 6 7 116 1 0 2 5  0마이아50756.092우추보81 83 8395  .071.078.4335032287119172939 017 93533 7 0 099↘→선14.739.840.213.0478939.239.9111.0112.3 40 60 2060   13.80   12.50 8 -3  1UBDN53.05111812  .4 2.4 2.8707014-1승부최상전개최상48관 2 2 2 2 2 2 1 1①1:51.07   -1.314.038.913.7  0 -7  .00 1 1     .0151720 597 5 1 1 11 3 1.04 2.06 1.9 4.5  1.9    7.7   11.0    6.9  .07599 4 9 9 4☆ 2.041.10 -.7032.34113.140.7365.0378.3534536614.8628.7699.00 3
20250329토 9180011외440 8 9211혼전 4451맑음건조 3 911블루피오라      테이크차LIVE THE 4232.00미암 3 0 0 9 4  77417:30 33000혼4박윤규최병욱   311 5 6 116 3 0 2 5  0씨씨웡  055.091우추보66 67 678680.072.054.82333 5287119172911 017 9212522 0 099↘↗선14.740.339.713.03980                   40 60 2060   14.80   12.80 5  2  2NL동53.05111812  .0 2.8 2.8686814 0편성만만승부최상 1기 0 5                    취소    14.8    12.8     0  .07                      6 1 3 10 3 1.02 3.02     4.2  3.0    4.2    6.8    7.410.64693 4 9 9 4☆ 1.839.70 -.53     118.526.3342.9654.7734536620.6238.3450.66 2
20250222토10180011외450 310212혼전 4456맑음건조 3 911블루피오라      테이크차LIVE THE 4232.00미암 3 0 1 9 5  87917:30 33000혼4박윤규최병욱   312 4 5 116 2 0 2 4  1씨씨웡51453.586우추상74 66 666981.068.055.32658131133 6172911 017 9212522 0 099↘↘선13.840.439.913.1347340.338.7119.4118.6 50 75 2550   13.80   13.80 4 -3  1UVUP53.05111812  .3 2.7 3.0626214 4최근최상작전마주 1기 1 3 3 3 3 4 3 5③1:59.4¾    .114.839.012.8  2  3  .00 3 1 -2  .73254 7 874 5 1 1 12 2 2.03 4.10     8.9  4.1   15.9   26.6   15.5  .04388 4 9 9 4☆ 1.640.50 -.6238.28118.726.2643.6655.2538567126.2547.5657.52 1
20250125토 8140011외450 210213혼전 4451맑음건조 3 911블루피오라      테이크차LIVE THE 1737.00미암 3 0 0 9 5  94716:05 33000혼4박윤규최병욱   313 3 4 116 1 0 1 3  0씨씨웡51153.086평추보78 76 767383.075.046.02658131133 6172911 017 9212522      ↘↘선13.937.438.713.0188036.538.7 88.7 88.0 33 67  067   13.90   13.10 4 -1  0NHUP       1412  .5 3.0 3.5515112 2승부최상작전마주 1기 0 6 3     5 5 3②1:28.7¾    .013.839.413.8 -1 -3  .00 2 3  1  .2141827 976 6 2 3 23 1 7.03 4.06     8.6  9.7   21.7   44.2  185.210.64185 3 8 8 3▲ 1.938.30 -.3611.8788.6617.9834.0645.9736597120.4736.6527.14 1
20241228토 2120012외430 3 8214혼전 4455맑음건조 5 911블루피오라      테이크차LIVE THE 1529.00미암 2 0 0 9 6 104211:00 41250혼4박윤규최병욱   314 2 3 216 1 0 0 2  0마이아51453.093우추보72 61 617781.067.050.1314619122011172939 017 93533 7      ↘→선13.937.937.913.0 89737.337.9 75.8 75.5  0 50  050   14.10   13.00 4  1  0LHDN       1312-1.0 4.0 3.0454512-1교체실패승부최상 1기 0 7 6     6 7 4②1:15.88     .013.938.413.1  0  4  .00 2 2  0 1.4265519218510 6 1 23 2 3.02 5.07     3.8  6.6   12.1   23.7  173.7  .05399 4 9 9 4☆ 1.637.50 -.49 -.3375.9522.3438.9750.1118375315.3328.7812.23 1
20241130토 2130011외441 6 4215혼전 4455흐림포화18 911블루피오라      테이크차LIVE THE 1737.00미암 2 0 0 9 6 112911:00 41250혼4박윤규최병욱   315 1 2 116 1 0 0 1  0이혁  51053.090우추보73 35 3546  .052.035.52345 4122011172922 017 9282118      →↗선13.938.138.612.7109837.839.0 81.8 83.3  0100  0**   13.90   12.50 5  3  0LHUP       1312         3.0    12 1승부최상거리속성 1기 1 6 8     7 7 5④1:21.81     .814.138.213.0  2  4  .00 4 2 -2 1.45259434757 9 4 7 33 1 1.08 3.01     3.3  2.4   39.1   57.2   72.1  .03467 0 5 5 0―  .139.00 -.08 6.5883.1011.5523.9935.4712264110.0019.2134.43 5
20261010토10120011외4 4 4  5 0 3강 3351          10 1전광석화        UNIFIED EVERYBOD        미암 3 0 0   1    017:55 33000국4이동국이태인   2 0 6 6 6 5 1 0 2 5  0다실바   53.079우자보50 54 545422.048.021.61863101367 61015 0 0201120281450 050↗↗입13.637.038.413.45283                   40 40 4020   13.20   14.00 8  0  1UN동53.34621212-2.0 5.8 3.8636312 0숨은복병최적거리67조 1 1                            13.2    14.0        .0                       8 5 7 7  1                                            11.21958 0 4 6 0― -.138.40  .54     75.72 5.5713.1521.59 41121 3.9612.6819.74 6
20260817월10120011외454 4105 1혼전 4451흐림다습1310 1전광석화        UNIFIED EVERYBOD        미암 3 0 0 2 1  135      33000혼4이동국이태인   2 1 5 5 5 5 2 0 1 4  0조재로46852.588평추상76 81 817556.063.027.03453141367 6101535 0201119262250 050↗↘입13.837.238.313.4348736.139.3 74.2 75.6 25 50 2525   13.20   13.50 8-10  0UU동53.34621212-2.5 6.8 4.3575712 0교체성공최적거리 5   0 1 1     1 1 1②1:14.26     .013.238.514.0  0 12  .00 2 2 -6 1.031 4662782 8 3 5 61 2 1.02 4.01 3.2 6.2  3.2    6.2   11.8   10.0  .03076 1 6 6 1―  .938.20  .34  .0575.78 7.2416.3026.97 51222 6.9017.1423.02 8
20260621일10120011외452 5105 2혼전 4451맑음포화1610 1전광석화        UNIFIED EVERYBOD        미암 3 0 0 2 1  121      33000혼4이동국이태인   2 2 4 4 4 5 1 0 0 3  0조재로45652.588평추보58 43 434527.051.020.83453141367 6101535 02011192622 0 099↗↘입14.037.738.313.5178536.339.0 73.4 75.6  0  0  033   13.90   13.50 5  5  0VU동54.04671212-1.3 6.3 5.0474712 0마방승부최적거리 5조 111 1     1 1 1②1:13.41½   .013.237.913.5 -6-15  .00 2 8  0  .329 856238611 4 9 61 1 1.08 4.11 3.5 5.1  3.5   23.7   31.5   54.6  .02477-1 5 5-1▽ -.137.70  .23 -.4276.06 5.2312.6720.82 51222 7.0615.5622.92 8
20260516토 6120010외423 4 25 3혼전 4451맑음건조 310 1전광석화        UNIFIED EVERYBOD        미암 3 0 0 2 1   95      33000혼4이동국이태인   2 3 3 3 3 5 1 0 0 2  0유승완47152.572평추보58 50 505427.046.017.51961 91367 61015 0132011152722 0 099→↘입14.137.938.213.5 69437.139.0 75.6 76.0  0  0  050   14.10   13.90 7 -3 -2NU동54.04671212 -.5 5.5 5.0515112 0숨은복병마방승부84기 1 6 4     3 4 5⑤1:15.62    1.313.938.613.5 -3 13  .00 5 8  5 1.74945575340 9 1 4 72 1 2.03 7.11 1.8 2.1  3.0   21.3   33.5  119.8  .02273-1 4 4-1▽ -.437.70  .29 -.0676.12 4.05 9.8417.48 51222 6.7414.8919.44 7
20260328토 2120011외430 6 35 4혼전 4459맑음건조 310 1전광석화        UNIFIED EVERYBOD        미암 3 0 0 9 1  144      41250혼4이동국이태인   2 4 2 2 2 5 2 0 0 1  0김철호45854.065평추보65 63 635429.048.027.7 943 41367 61015 0 02011142025 0 099↘↗추15.438.538.312.9 19937.538.7 76.3 76.0  0  0  0**   15.40   13.00 6  2  0NU동54.04671212-3.0 8.0 5.0606012 0일반주행작전마주30관 0 9 8     8 8 5⑤1:16.32    1.314.138.613.9  2 -9  .00 5 3 -5 1.4516546554211 5 2 53 2 2.01 6.12 1.7 2.7  3.9    2.7    6.3   47.6  .02060 0 5 4 0― -.237.10 -.42 -.7676.51 7.4818.0627.73 81728 4.9510.73 7.74 9
20260214토 2120012외420 8 75 5 1강 1155맑음건조 310 1전광석화        UNIFIED EVERYBOD        미암 3     2 1  114      41250혼4이동국이태인   2 5 1 1 1 5 1 0 0 0  0김철호46754.065평무보   25 2540  .035.010.1 943 41367 61015 0 02011142025      ↘↗추15.336.738.512.7    39.137.0 76.5 75.9              15.30   13.00 4  0  0LL동       12 0                 0 0일반주행작전마주56기 1 712    1212 9⑤1:16.52½   .715.437.113.0 -3  4  .00 5 8  0  .84198 24760 1 1 4113 1 2.05 9.02 1.5 2.6  4.1   39.9   52.9   15.0  .02045-1 3 3-1▽ -.938.80  .99  .6575.61 2.36 5.3310.12 0 4 7 7.9715.8829.29 8
20261010토10120011국4 4 4  3 0 3강 3351          10 2라온파이널      머스킷맨라온챔버 8424.00한암 3 0 0   1    017:55 33000국4이강서손천수   1 011 2 810 1 2 110  0최범현   54.593평선보50 59 599780.068.054.43162144778333344 050412518321799 0 0→→입13.636.539.213.99630                   38 38 88 0   13.50   13.60 7 -1  2HL동52.84651312 -.6 4.0 3.4676712 0전개최상전개최상57기 1 2                            13.5    13.6        .0                       211 5 1  4                                            12.24197 3 8 9 3▲ 1.539.20 -.55     75.8925.3543.4754.3938567119.8036.1050.33 2
20260823일 7120010국454 3103 1혼전 4451맑음포화1510 2라온파이널      머스킷맨라온챔버 8424.00한암 3 0 0 2 1  117      33000국4이강서손천수   1 110 1 710 1 2 1 9  0조한별45753.062기도보44 45 459263.059.039.81327104778333344 0 0412512211899 0 0↗↘입13.536.539.013.0962736.639.1 73.7 75.9 43 43 86 0   13.20   14.9012 -2  1HVDN52.84651312  .4 3.8 4.2636312-1전개최상전개최상65기 0 3 5     5 5 5⑤1:13.7목    .913.538.113.6  0-17  .00 5 5  0 1.04418603652 2 710 22 1 4.02 7.01 3.7 7.6  7.4   13.8   31.0   26.112.74186 2 7 8 2▲  .739.00 -.04  .4075.7814.1427.8439.8112264110.7122.7732.28 4
20260531일10130010국554 4103 2혼전 4451맑음양호 610 2라온파이널      머스킷맨라온챔버 7931.00한암 3 0 0 9 2  212      41250국5박종곤손천수   1 2 9 7 310 1 2 1 8  0우인철47452.582우도하53 58 589659.062.033.71514 7325319283127 0281011282399 0 0↘↗입13.636.639.613.0983736.341.2 82.9 83.8 50 50 83 0   13.40   14.00 6  3 -1NHUP52.84651312  .2 3.2 3.4717112 1전개최상전개최상43기 0 5 1     1 1 2⑤1:22.94    1.013.241.014.9  0 -2  .00 5 5  2 1.172 3916949 1 9 7 31 1 1.03 8.11 3.0 6.6  3.0    8.4   12.3   29.3  .04187 1 7 8 1▲  .940.70  .26 7.6382.7811.6922.7633.66122641 8.5716.8931.12 5
20260418토 7120011국534 4 83 3 3강 3351맑음건조 510 2라온파이널      머스킷맨라온챔버 8424.00한암 3 0 0 2 1  116      33000국5박종곤손천수   1 3 8 6 610 5 2 1 7  0조재로47653.588우도적86 88 889489.070.045.734531435502128314550281019262299 0 0↗↘입13.536.539.513.0952236.239.6 75.0 75.9 60 60 80 0   13.50   13.30 5 -9  1HN동52.84651312 1.6 2.8 4.4666612 0전개최상전개최상60기 0 2 1     1 1 2④1:15.01¾  1.113.439.314.0  1  7  .00 4 3 -3 1.143 6744247 3 8 1 31 5 1.04 6.01 2.4 4.5  2.4   10.9   14.4   91.112.24190 3 9 9 3★ 1.639.00 -.49 -.1376.0617.8633.2045.7134536623.4840.1653.68 1
20260314토 8120011국554 4103 4 1강 1151흐림양호 710 2라온파이널      머스킷맨라온챔버 8424.00한암 3 0 0 2 1   98      33000국5박종곤손천수   1 4 7 5 510 4 2 0 6  0조재로46952.588기도적29 29 299677.069.064.934531435502128314550281019262299 0 0↗↘입13.636.539.113.3951336.638.3 74.6 74.9 50 50 75 0   13.40   15.70 5  1  0VHDN53.04631312 3.0 2.0 5.0616112-1인기탐색전개최상37기 011 1     1 1 1②1:14.6목    .013.538.213.3 -4 -1  .00 2 6  2  .11216301182 1 9 9 11 4 1.06 7.11 2.2 5.5  2.2   13.0   18.7   34.5  .04394 4 9 9 4☆ 1.638.70 -.81 -.6975.8432.3652.7264.9138567119.7736.9650.00 2
20260207토 7130011국534 3 83 5혼전 4451맑음건조 210 2라온파이널      머스킷맨라온챔버 7931.00한암 3 0 0 2 1   88      33000국5박종곤손천수   1 5 6 4 210 3 2 0 5  0조재로47052.588기도적53 64 648686.069.054.234531435502128314550281019262299 0 0↗↘입13.636.640.413.3971036.742.6 83.9 85.4 50 50 75 0   13.30   13.60 5  9  0BHUP53.04631312 4.0 2.3 6.3484812 1전개최상마번불리43기 010 4     4 5 9⑩1:23.93    4.213.441.715.7  6  9  .0910 4  3 4.393 99894 4 111 6 10 3 1.02 2.01 2.8 3.9  2.8    3.9    7.1    3.8  .04078 3 9 8 3▲ 1.541.00 -.78 8.4183.2925.6443.5654.1834536626.8042.2556.01 1
20260103토 5120011국554 6103 6혼전 4451맑음다습1310 2라온파이널      머스킷맨라온챔버 8424.00한암 3 0 0 1 1  101      24750국5박종곤손천수   1 6 5 3 410 2 1 0 4  0조재로46152.588기선적46 47 479881.069.052.434531435502128314550281019262299 0 0↗↘입13.636.540.013.9931036.038.4 73.3 74.3 33 33 67 0   13.40   14.30 5-10  1UN동53.54651312 4.0 2.3 6.3484812 0전개최상전개최상45기 0 1 1     1 1 1①1:13.38   -1.313.338.313.6  0 -9  .00 1 1 -2  .0 4 335 597 111 5 21 2 1.05 1.09 3.0 7.8  3.0    8.9   16.8  159.4  .04193 3 9 9 3★ 1.538.50 -.94-2.1776.3422.1340.7152.4018375323.0839.5951.34 2
20251130일 4120011국524 4 73 7 3강 3351흐림다습1010 2라온파이널      머스킷맨라온챔버 8424.00한암 2 0 0 9 1   9612:45 24750국5박종곤손천수   1 7 4 2 310 1 1 0 3  0조재로47052.088기선보39 39 399378.068.050.734531435502128314550281019262299 0 0↗↘입13.636.639.613.9891936.539.6 75.3 76.2 33 33 67 0   13.50   14.20 5  0  0VUDN53.54651312 3.5 1.5 5.0565612-1마방승부전개최상68기 111 5     4 5 5⑥1:15.3목   1.013.439.814.3  3 -1  .09 6 3 -1 1.05413745049 210 7 22 1 1.02 1.07     2.4  2.2    2.4    4.3    5.712.24194 3 8 9 3▲ 1.439.00 -.74  .0076.1719.9838.2450.6818375316.4931.4147.80 3
20251025토 5130011국553 2103 8혼전 4451맑음건조 510 2라온파이널      머스킷맨라온챔버 7931.00한암 2 1 1 9 1  194      24750국5박종곤손천수   1 8 3 1 110 3 1 0 2  1최범현47152.093기도보87 77 777493.071.054.631621435502128314050281018321799 0 0→→입13.636.840.713.987 636.840.6 83.1 83.9 50 50 50 0   13.40   14.20 8  2 -2VUUP53.54651312 8.0 1.0 9.0191912 1연대우수마방승부 5   011 3     4 4 7⑨1:23.14    1.713.540.414.2  5  6  .00 9 4  2 1.97215846629 211 3 10 3 2.10 4.06 2.1 6.6  5.0   92.7  163.2   59.610.64186 3 9 9 3★ 1.640.50-1.11 6.4483.6126.6543.1754.5834536633.0552.9462.97 1
20250830토 4120010국640 8 43 9 1강 1156맑음불량2010 2라온파이널      머스킷맨라온챔버 8424.00한암 2     9 2  344      16500국6박종곤손천수   1 9 2 2 210 2 0 0 0  0최범현46553.593하무하25 26 2659  .072.069.7336921325319283140502810183217      ↘→입13.637.040.414.671 636.238.6 74.4 74.6  0  0  0 0   13.90   13.10 5  4  0BH동       1212         1.0    12 0최빈거리연대우수31기 0 9 2     2 2 2①1:14.41¼  -.213.438.914.2 -1 -6  .00 1 2  1  .0 7 5451191 410 5 11 2 2.01 9.01 1.9 3.6  3.9    3.6    7.9    4.0  .04174 3 8 8 3▲ 1.738.10-1.96-2.7976.8433.8656.2369.6834536610.4821.1553.17 6
20250727일 2120011국640 8 9310혼전 4451맑음건조 310 2라온파이널      머스킷맨라온챔버 8424.00한암 2     9 3  42411:05 16500국6박종곤손천수   110 1 1 110 3 0 0 0  0최범현47153.590평무보   35 3540  .072.061.33240272346 5283140502810183217      ↘↘입13.436.738.514.2    37.040.6 79.2 77.3              13.40   14.50        LN동       12 0                 0 0일반주행마방기습45기 1 5 4     3 5 8⑨1:19.21¼  2.213.641.714.9  8 -3  .00 9 1  0 3.38138908621 1 111 10 1 4.07 8.06     5.0  6.7   64.9  122.0   82.510.65288 4 8 9 4▲ 1.939.20 -.47 2.0975.6125.4546.4861.2834536613.7526.9997.08 4
20261010토10120011국4 4 4  3 0 3강 3351          10 3은빛유혹        한센    금빛유혹 7225.00한암 3 0 0   1    017:55 33000국4심승태이종욱   0 012 1 511 4 1 311  0김정준   52.574우선보50 57 578229.040.017.11433 91347 71118121711131320266733 0↗↗추13.736.538.713.58653                   40 40 5010   13.50   14.50 4 -7  0HUDN53.54351413-1.0 5.2 4.2656512-2숨은복병보통주행64관 1 3                            13.5    14.5        .0                       3 7 6 9  5                                              .01948 0 4 4 0― -.538.70  .79     75.61 4.00 9.5317.12 1 4 8 4.9510.7318.75 7
20260913일 7140011국543 4 43 1 1강 1151맑음건조 310 3은빛유혹        한센    금빛유혹 5730.00한암 3 0 0 2 1   57      41250혼4심승태이종욱   0 111 6 111 3 1 310  0김정준44452.574우자하46 53 536117.039.010.81433 91347 71118121711131320266733 0↗↗추13.736.539.513.5744536.640.2 88.4 89.0 44 44 4411   13.00   14.10 2  1  0BUUP53.54351413 -.4 3.8 3.4757512 2전개최상단기승부38관 010 2     2 2 6⑥1:28.41¾  1.513.540.214.5 -2 -1  .00 6 8  3 1.54718725335 3 6 9101 4 2.01 4.05 2.8 3.1  3.2    3.1    6.5    5.0  .03431-1 3 3-1▽ -.939.40  .6212.9788.59 2.52 5.5610.83 2 510 1.18 6.0012.20 9
20260829토 9120011국552 3 53 2혼전 4451맑음다습1210 3은빛유혹        한센    금빛유혹 7225.00한암 3 0 0 9 1   32      33000국5심승태이종욱   0 210 5 411 2 1 3 9  0김정준44552.574우도상93 95 959173.061.034.71433 91347 71118121711131320266733 0↗↗추13.736.738.513.4826937.338.8 74.8 76.7 50 50 5013   13.50   13.70 9 -1 -2LU동53.54351313 -.6 3.0 2.4848412 0교체성공전개최상38관 0 9 7    101010⑦1:14.81¼  1.213.038.514.1  2 10  .00 7 5  1 1.37157505343 3 4 2 53 3 1.03 2.06 2.3 4.1  2.3    6.5   10.3    6.210.54172 1 7 7 1△  .939.10  .28 1.4875.6110.7822.4334.65 6132515.3830.2441.31 4
20260628일 6120011국544 5 93 3혼전 4451맑음건조 310 3은빛유혹        한센    금빛유혹 7225.00한암 3 0 0 9 1  156      24750국5심승태이종욱   0 3 9 4 311 1 0 3 8  0김정준43554.074우자상84 87 878471.060.031.81433 91347 71118121711131320265050 0↗↗추13.736.838.413.4747335.939.0 74.6 74.8 57 43 4329   13.50   14.40 4  8  2BNDN53.34361313 -.2 3.0 2.8797912-1교체성공우수혈통63관 010 3     1 1 1①1:14.64    -.713.538.713.7 -3 -3  .00 1 4  1  .010 2561295 6 2 2 21 2 4.0210.09 3.5 7.3  6.0   13.4   29.0   43.2  .03080 1 7 7 1△ 1.038.40  .36 -.4575.6110.8621.2631.7518385515.3829.2941.08 2
20260530토 5130011국553 3103 4혼전 4451맑음양호 710 3은빛유혹        한센    금빛유혹 5730.00한암 3 0 0 9 1   56      24750국5심승태이종욱   0 4 8 3 511 1 0 2 7  0루이스43852.564우자상58 66 666528.042.015.52144101347 71118 0 01113192717 099 0↗↘입13.837.138.913.4717636.340.0 82.2 82.6 33 50 1733   13.70   13.90 5 -2  0VU동54.04331313  .0 3.2 3.2767612 0일반주행조교부실29관 0 2 2     1 1 1②1:22.2목    .013.540.114.4 -1  2  .00 2 3 -3  .127 2702480 6 3 6101 1 6.03 3.02 2.3 6.4 17.0   42.1  139.2  273.813.21559 0 4 4 0― -.439.90  .90 6.6382.65 3.92 8.7315.46 0 2 4 6.2512.9621.36 7
20260425토 6130011국550 1 53 5혼전 4451맑음건조 310 3은빛유혹        한센    금빛유혹 5730.00한암 3 0 0 9 1   96      24750국5심승태이종욱   0 5 7 2 411 1 0 2 6  0김정준43652.574우입하49 53 534826.044.018.81433 91347 7111812171113132026 099 0↗↗추13.737.139.113.3726937.339.2 82.0 83.0 40 40 2040   13.70   13.80 8  3  0VU동54.04331312  .0 4.0 4.0676712 0일반주행거리속성45기 0 4 3     2 2 3⑤1:22.02     .613.739.113.9 -1  6  .00 5 6  3 1.04336483660 5 3 6 71 1 4.0110.03 2.1 4.9  8.5    8.1   21.5   20.5  .02060 0 5 5 0― -.139.90  .68 6.7882.78 4.6011.3418.80 1 4 7 7.3216.8423.76 6
20260228토 6130011국514 6 13 6혼전 4451맑음건조 310 3은빛유혹        한센    금빛유혹 5730.00한암 3 0 0 9 1  173      24750국5심승태이종욱   0 6 6 1 311 5 0 2 5  0최범현43052.593기입보79 80 807353.063.028.23162141347 7111829 01113183217 099 0→→입13.737.039.213.4756137.539.8 83.9 83.6 40 40 2020   13.60   13.10 5 -1 -2UU동54.04331312 -.3 4.8 4.5626212 0전개최상기복전력59트 0 1 4     7 910⑧1:23.9머리 1.213.740.213.8  5 -2  .02 8 3  2 1.26143686244 8 2 4 60 5 6.02 4.06 1.6 3.4 23.4   36.9  114.1  864.313.23458 0 6 7 0―  .940.20  .43 7.3682.78 9.2918.2928.22 92235 7.2116.3129.43 6
20260125일 2130011국620 2 73 7혼전 4451맑음건조 310 3은빛유혹        한센    금빛유혹 5730.00한암 3 0 0 2 1   72      16500국6심승태이종욱   0 7 5 5 211 4 0 1 4  0최범현43254.593평자하61 90 909474.073.055.73162141347 7111829 01113183217 099 0→→입13.836.839.413.4884937.738.2 81.1 81.5 50 25 50 0   13.60   14.30 4 -8  1VV동54.04331312 -.3 4.8 4.5626212 0전개최상전개최상 5트 1 2 3     6 5 4②1:21.12     .013.638.013.1  1 -3  .00 2 1  0  .4 457161875 1 5 4 13 4 5.01 1.02 2.3 5.3  9.8    7.1   17.9    7.510.54191 3 8 9 3▲ 1.839.90 -.35 5.2782.7825.5042.7055.7434536618.3734.1546.01 1
20251228일 2130011국651 7103 8혼전 4451흐림다습1210 3은빛유혹        한센    금빛유혹 5730.00한암 2 0 0 9 1   7311:00 16500국6심승태이종욱   0 8 4 4 111 3 0 0 3  0최범현43554.093기자상83 88 889180.074.054.83162141347 7111829 01113183217 099 0→→입13.837.338.913.0578536.940.2 82.9 83.1 33 33 33 0   13.70   13.10 4  9  0BNUP54.04331312 -.7 6.0 5.3545412 1편성만만전개최상31기 010 6     6 2 2②1:22.94     .013.640.414.3  1  2  .00 2 1 -3  .75017785883 3 1 1 12 3 8.01 5.10     8.4 16.2   18.3   54.2   31.810.54685 4 9 8 4▲ 1.939.80 -.32 6.8582.7820.6140.6854.8434536621.2838.1440.58 2
20251129토 2120011국653 4 53 9혼전 4451맑음다습1010 3은빛유혹        한센    금빛유혹 7225.00한암 2     9 1   8711:00 16500국6심승태이종욱   0 9 3 3 211 2 0 0 0  0최범현43354.093기추보63 81 817261.066.047.33162141347 7111829 01113183217      →→입13.737.138.312.8488337.237.8 74.4 75.0  0  0 50 0   14.40   13.60 9-10  1HN동       1210 -.5 7.0 6.5434312 0일반주행기복전력42기 1 1 4     4 5 4③1:14.4½    .113.738.013.1 -1 -2  .00 3 4  0  .21246151374 6 2 3 42 2 5.01 4.03     4.4  8.2   13.7   32.7   35.8  .02469 1 7 6 1― 1.138.10 -.18 -.4475.7217.2032.5747.26 92235 9.0927.5131.58 4
20250927토 3120010국612 9 1310 1강 1159맑음다습1110 3은빛유혹        한센    금빛유혹 7225.00한암 2 0 0 9 2  261      16500국6심승태이종욱   010 2 2 111 1 0 0 1  0최범현43553.593하선보16 11 117225.050.033.0336921 5 0 0111829 01113183217      ↘→입13.736.540.414.898 337.838.0 77.1 75.8  0  0100 0   13.60   15.10 5  8  0BHUP       1210-1.010.0 9.0191910 2일반주행부진마필58기 011 8     9 9 8④1:17.12     .514.638.513.0  0 -3  .00 4 4 -6 1.73678214068 310 7 43 1 1.07 5.08 1.6 3.0  1.6   15.3   18.9   36.9  .01560 0 5 4 0―  .239.00 -.62-1.1576.56 9.7222.4333.04101934 4.8512.4411.46 7
20250823토 1100011국610 3 6311 1강 1155흐림건조 410 3은빛유혹        한센    금빛유혹 7225.00한암 2     2 2  368      24750국6심승태이종욱   011 1 1 111 1 0 0 0  0조상범43853.557평무보   35 3540  .044.029.0 867 3 5 0 01118 7291113132116      →↗입13.737.137.814.9    36.140.0 63.6 64.0              13.70   15.20 4  0  0NN동       10 0                 0 0일반주행우수혈통37기 0 3 1     1 1 3⑨1:03.6½   2.213.639.815.1 -1  3  .00 910  0 2.280 2956418 1 1 2 41 1 1.08 5.09 2.1 6.8  2.1   28.6   43.9   55.2  .01649 0 4 4 0― -.538.20  .22-10.962.71 8.8518.6129.04 92235 8.8718.0328.99 4
20261010토10120011국4 4 4  5 0 3강 3351          10 4사이클론스타    지롤라모나스티캣 3526.00한거 5 0 0   1    017:55 33000국4강환민신승열  -2 016 31623 1 3 121  0송재철   55.076기입적50 54 543916.046.021.81745 9195411231712 01920192620202060→→입13.837.038.713.86057                   33 39 1722   13.90   13.90 3  3  1HN동55.14601412-2.2 7.0 4.8606014 0숨은복병기복전력62기 0 4                            13.9    13.9        .0                       7 8 9 5  1                                              .01945 0 3 4 0― -.238.70  .37     75.89 4.6212.5021.84 3 713 3.96 9.7616.78 8
20260919토10120010국452 3105 1혼전 4451맑음건조 210 4사이클론스타    지롤라모나스티캣 3526.00한거 5 0 0 9 1   43      33000국4강환민신승열  -2 115 21523 4 3 120  0김정준47254.074기입하43 47 475114.042.014.21433 91954112317 9 01920132026202060↗↗추13.837.038.813.8615337.239.0 75.7 76.6 35 41 1824   13.70   13.8016 -2 -1UH동55.14601412-1.2 6.6 5.4545414 0일반주행기복전력52관 0 1 2     4 5 7⑧1:15.7목   1.413.938.413.9 -2 12  .00 810  5 1.66851595837 51011112 4 3.02 6.02 2.5 6.0  5.4   14.3   31.8    9.3  .01530 0 3 3 0― -.638.70  .54  .8475.95 3.36 8.0314.22 1 2 5 2.50 5.8311.2911
20260530토10120011국454 4 55 2혼전 4451맑음양호 710 4사이클론스타    지롤라모나스티캣 3526.00한거 5 0 0 9 2  303      33000국4강환민신승열  -2 214 11423 3 3 119  0김정준46054.581기자적74 76 766838.056.026.82258 81444 92317 9 01920132026202060↘↗추13.836.938.913.8704937.738.5 76.3 76.3 38 50 1925   13.80   13.20 4 -2  0UH동55.14601412-2.0 6.8 4.8616114 0뒷심문제기복전력 5   0 3 7     910 8⑥1:16.3½   1.113.738.913.8  1 -2  .00 6 5 -1 1.56175415747 7 7 5 53 3 1.0411.10 3.1 4.4  3.1   13.0   15.1    9.3  .02963 1 6 6 1―  .538.80  .17  .5275.95 7.6516.1226.82 81728 7.5615.3824.71 6
20260502토 6120011국534 6 85 3 1강 1141흐림건조 310 4사이클론스타    지롤라모나스티캣 3526.00한거 5 0 0 1 1   75      33000국5강환민신승열  -2 313 91323 2 3 118  0김정준46254.574기자보40 43 435917.049.021.81433 91954112317 9 01920132026252550↗↗추13.836.739.113.8843737.338.1 75.2 75.4 40 47 2033   13.60   14.30 4  1  0NH동55.34591412-1.2 7.6 6.4474714 0일반주행기복전력 5   0 5 4     7 7 4③1:15.2목    .113.837.813.2 -3  0  .00 3 6  0  .22757252876 3 7 6 73 2 1.07 1.08 1.8 3.2  1.8   18.4   26.7   82.8  .01842 0 4 3 0― -.138.70  .31 -.3975.95 5.7213.5121.82 51222 1.60 7.3214.45 7
20260404토 9120011국552 5 55 4혼전 4461맑음양호 610 4사이클론스타    지롤라모나스티캣 3526.00한거 5 0 0 1 1   76      33000국5강환민신승열  -2 412 81223 1 3 117  0김정준46254.574기자적75 76 767542.059.032.71433 91954112317 9 01920132026252550↗↗추13.836.839.113.8783736.439.9 76.0 76.3 36 50 2136   13.60   13.40 4  0  1UN동55.34591412 -.6 7.2 6.6474714 0교체성공기복전력 5   0 4 4     4 4 4⑤1:16.01¼  1.013.639.814.3 -1  0  .00 5 6 -2 1.45810805750 3 9 4 42 1 2.01 2.01 1.8 3.4  4.0    3.4    7.1   10.8  .03071 0 6 5 0―  .738.80 -.06  .3976.00 8.8820.7832.74 61325 7.6216.4326.47 5
20260308일 6120011국444 6 95 5혼전 4451맑음다습1310 4사이클론스타    지롤라모나스티캣 3526.00한거 5 0 0 2 1   68      33000국4강환민신승열  -2 511 71123 1 3 016  0최범현46254.093기자적18 15 155422.051.025.23162141954112317 0 01920183217252550→→입13.836.939.013.8714136.838.6 74.0 75.1 38 46 1531   13.80   15.00 5 -3 -2UH동55.34591412  .6 5.8 6.4474714 0일반주행기복전력 5   0 4 5     4 3 2②1:14.06     .013.637.913.4 -6-10  .00 2 8  0 1.11525402381 5 811 42 2 1.08 2.04 2.0 5.4  2.0   22.3   31.8   88.2  .01774 0 4 6 0―  .038.40  .17 -.8376.00 6.5315.5525.22 92235 5.1914.9422.42 4
20260201일 6120011국453 5105 6혼전 4451맑음건조 210 4사이클론스타    지롤라모나스티캣 3526.00한거 5 0 0 1 1   78      33000국4강환민신승열  -2 610 61023 2 3 015  0코지  47255.588우자적29 32 325423.043.016.53257181954112317 0 01920233018252550↗↘입13.936.938.713.9655737.240.6 77.1 77.8 42 50  025   13.70   15.20 4 -1  2NNDN55.34591412 -.8 5.2 4.4646414-2교체실패보통주행 5기 0 7 6     5 510⑪1:17.13    3.113.840.515.0  3  7  .0011 8  1 3.28947898811 4 810 90 6 2.03 1.09 2.9 6.5  4.0   10.7   21.7   59.9  .02031-2 4 4-2▽ -.739.20  .57 2.2275.84 4.33 9.8616.53 2 510 6.3212.3119.54 6
20260103토 9140011국414 8 65 7 1강 1151흐림다습1310 4사이클론스타    지롤라모나스티캣 4134.00한거 5 0 0 1 1   7616:55 33000국4강환민신승열  -2 7 9 5 323 1 3 014  0코지  46554.087우자보70 78 786693.065.046.23257181954112317 0 01920233018252550↗↘입13.836.739.713.8693736.441.9 89.3 90.4 42 50 2533   13.30   14.30 3  4  1NN동55.34591412 -.6 4.6 4.0666614 0부중유리마주성향42기 0 8 4     4 5 6⑨1:29.32    2.313.741.415.2  2  3  .05 9 7  1 2.78519949022 6 8 3 20 5 1.04 5.02     4.1  1.1    4.1    4.5   11.012.03179 2 8 8 2▲ 1.139.50 -.5513.9688.8616.3332.1346.1618375325.6647.0160.85 2
20251213토 6140011국454 6105 8혼전 4451비  불량2010 4사이클론스타    지롤라모나스티캣 4134.00한거 4 0 0 2 1   61      33000국4강환민신승열  -2 8 8 4 223 1 3 013  0최범현46253.593기입하19 17 174532.055.030.93162141954112317 0 01920183217 03367→→입13.937.039.413.8445336.340.0 86.8 88.1 36 45  936   13.80   15.40 3 -5 -3UUUP55.84581412 -.6 4.6 4.0666612 2일반주행기복전력45기 0 4 2     1 1 1③1:26.8¾    .013.339.314.3 -3-10  .00 3 6 -4  .62012704585 8 6 8 31 1 3.05 9.03     6.9  5.9   24.4   56.6  108.912.73172 2 5 6 2―  .438.70 -.1511.7188.86 9.9120.4230.86122641 3.8513.7120.14 9
20251123일 7120011국434 1 85 9혼전 4451맑음건조 310 4사이클론스타    지롤라모나스티캣 3526.00한거 4 0 0 2 1   93      33000국4강환민신승열  -2 9 7 3 923 1 3 012  0해리카47256.068우입적33 32 324314.038.015.3144411195411231716 01920172612 03367→→입13.937.338.313.8418537.140.9 76.8 78.7 40 50 1030   13.60   15.00 5  6  2NN동55.84581412 -.4 3.2 2.8717112 0승부최상보통주행52기 0 9 9     9 511⑪1:16.86    3.513.840.715.4  1 10  .001110  6 3.895419290 6 9 811100 1 2.03 5.06 3.0 4.5  3.4    6.3   12.0   43.0  .03439 0 3 5 0― -.539.10  .63 3.0875.84 3.31 8.3215.27 0 1 4 2.73 5.9811.7311
20251019일 6120011국444 4 4510혼전 4451맑음포화1710 4사이클론스타    지롤라모나스티캣 3526.00한거 4 0 0 2 2  204      33000국4안병기신승열  -210 6 2 823 1 3 011  0마이아46254.593우입보72 73 737262.066.042.04063112155 9182439 018103533 7 03367→↘선13.937.438.213.8298937.840.6 77.3 78.8 40 50 1030   13.80   14.10 9 -2 -2UH동55.84581412-1.0 3.2 2.2737312 0승군시기승부최상64기 0 3 4     7 7 9⑪1:17.3½   3.513.640.515.0  7 17  .0911 4  0 3.695768993 810 3 4 40 4 1.02 5.02 1.9 3.5  1.9    3.5    5.4   25.9  .04594 3 8 8 3▲ 1.239.00 -.15 3.1675.8415.2929.0441.99 9223510.0918.1029.82 4
20250817일 7120011국452 410511 1강 1151맑음양호 710 4사이클론스타    지롤라모나스티캣 3526.00한거 4 0 0 2 2  37315:15 33000국4안병기신승열  -211 5 1 723 4 3 010  0코지  44556.086우입보90 93 937085.055.030.02155102155 9182428 01810233018 03367↗↗입13.937.338.213.8359136.839.3 75.9 76.2 44 56 1133   14.10   13.40 8 -6 -1NN동55.84581412-1.4 4.0 2.6737312 0뒷심문제승군시기 5   0 5 4     4 5 5⑥1:15.9¾   1.013.839.714.1  2-16  .00 6 4  3 2.25124654849 7 3 1 42 4 1.0210.07     5.1  2.1    5.1    7.9   23.4  .02867 1 7 6 1―  .638.30  .25  .6675.78 8.0918.3729.96 6182922.2240.5444.70 3
20250621토 4120011국544 5 9512혼전 4451흐림포화1910 4사이클론스타    지롤라모나스티캣 3526.00한거 4 0 0 2 3  53113:45 24750국5안병기신승열  -212 4 2 623 3 2 0 9  0코지  46157.092우자적81 85 857575.064.039.12541 5355020182428 01810233018 05050↘↗입13.937.438.313.9348337.537.2 74.4 74.9 38 50 1325   14.00   13.30 8  0  3VL동55.34571412 -.6 4.6 4.0606012 0부중유리보통주행 5   01110    10 8 4①1:14.4½    .014.137.613.4  0  3  .00 1 1 -4  .01164 5108410 2 2 23 3 1.0511.09     6.5  2.7    9.3   15.8  132.312.73181 2 8 8 2▲ 1.037.80 -.12 -.8375.8915.0927.0739.0518375317.6528.7042.34 2
20250426토 5120011국524 4 7513 3강 3351맑음양호 810 4사이클론스타    지롤라모나스티캣 3526.00한거 4 0 0 9 4  69414:25 24750국5안병기신승열  -213 3 1 523 2 1 0 8  0코지  45854.087기자적86 82 825977.067.043.9325619226712182428 01810233018 0 099↗↘입13.837.338.614.0386537.138.2 75.2 75.4 29 43 1429   14.20   13.60 8  3 -3VU동56.54551412  .2 5.2 5.4464612 0교체성공기복전력 1기 011 5     5 4 4①1:15.2¾   -.214.038.313.3 -4  3  .00 1 5  2  .02339282190 9 7 3 22 2 5.0211.08     4.6  8.3   13.0   31.9   10.610.93073 1 7 7 1△ 1.238.10 -.37 -.5276.0018.6732.5843.9034536616.0431.7834.14 3
20250302일 1120011국610 7 6514 3강 3359흐림건조 410 4사이클론스타    지롤라모나스티캣 3526.00한거 4 0 0 1 5  85610:35 16500국6안병기신승열  -214 210 423 1 0 0 7  0코지  45556.579기자적33 35 353920.049.031.81640111225 9182428 01810233018      ↗↗입13.837.238.814.3464537.037.3 75.9 74.2 17 33 1717   13.90   15.60 5 -1  0NNDN       1412 -.2 6.8 6.6414113-2연대우수기복전력 1기 0 8 7     5 5 1①1:15.92½  -.514.238.313.6 -2  1  .00 1 3  0  .0 237 6 495 6 2 3 53 1 3.06 8.05     5.5 10.5   38.3   84.6   20.1  .03240-1 5 3-1▽ -.237.80 -.08-1.8276.06 8.2020.3731.76 61425 4.6212.0012.41 7
20250126일 2140011국610 7 1515 3강 3359맑음건조 310 4사이클론스타    지롤라모나스티캣 4134.00한거 4 0 0 9 5  94211:00 16500국6안병기신승열  -215 1 9 123 2 0 0 6  0마이아45456.593기자보15 20 205349.070.055.53448221225 9182439 018103533 7      →↘선13.836.939.814.3592236.341.2 92.0 90.0 17 33 1717   14.00   15.30 5  1  1NNUP       1412  .0 7.5 7.5363613 1승부최상연대우수 1기 0 9 2     3 3 4⑧1:32.0코   2.013.942.315.6  5-11  .01 8 3  0 2.37710907825 2 6 5 20 3 6.04 2.01     2.7 19.6   68.4  186.4  969.410.93776 3 7 8 3▲ 1.439.20-1.0013.3089.0723.5243.5655.5318405410.5820.3711.35 6
20261010토10120011국4 4 4  5 0 3강 3351          10 5청산돌풍        섀클포드올백     6423.00한수 3 0 1   1    017:55 33000국4이관호황은호   1 012 3 811 3 1 511  1임기원   55.589우입보50 67 677276.066.046.21940 9214111201932472220233316 07525↘↗입13.836.938.313.86765                   60 60 2030   13.70   12.90 8 -2  1NL동54.64401412  .0 3.4 3.4767610 0연대우수연대우수76기 1 5                            13.7    12.9        .0                       6 4 3 3  9                                            10.93774 3 8 9 3▲ 1.238.30 -.04     75.6118.5433.1246.1518405419.8033.1748.36 3
20260816일10120011국444 3 95 1혼전 4451흐림다습1310 5청산돌풍        섀클포드올백     6423.00한수 3 0 1 2 1  145      33000국4이관호황은호   1 111 2 711 2 1 410  1임기원43954.589우입하56 59 596145.056.028.11940 9214111201932472220233316 06733↘↗입13.837.038.313.9646536.938.3 73.8 75.5 56 56 2233   13.80   14.40 6  1 -1NNDN54.74411412  .6 3.0 3.6747410-2연대우수연대우수 5   0 7 7     6 4 3②1:13.82     .013.737.412.9 -3 -2  .00 2 5 -1  .4283532228610 3 5 62 8 2.05 1.07 3.9 6.6  4.2   22.5   36.1   26.4  .03749 0 6 7 0―  .338.40  .42  .1775.67 9.2219.4228.13 81728 7.7715.5323.34 6
20260705일 71400 9국451 3105 2 3강 3351흐림건조 410 5청산돌풍        섀클포드올백     6326.00한수 3 0 1 1 1   84      33000국4이관호황은호   1 210 1 111 1 1 4 9  1임기원44155.090강입보96 98 987881.060.036.31940 9214111201932472220233316 06733↘↗입13.836.539.313.8864137.240.1 88.4 89.7 75 63 2525   14.10   13.40 4 -1 -1NNUP54.74411412 -.2 2.8 2.6838310 2승부최상연대우수68기 2 6 3     4 5 7⑦1:28.41    1.413.839.714.4  1 -2  .00 7 6  5 3.26853686837 4 6 2 42 7 1.03 5.02 3.1 6.2  3.1    7.6   13.3   11.210.93779 1 8 8 1▲  .739.60  .0913.8688.45 9.2422.0236.29 9223515.4430.2342.15 4
20260607일 3120011국532 6 35 3 3강 3351맑음양호 610 5청산돌풍        섀클포드올백     6423.00한수 3 0 1 1 1   68      24750국5이관호황은호   1 3 9 7 611 1 0 4 8  1장추열44355.593우입보90 92 928986.067.058.5305012214111201923112220202722 05050→→입13.736.738.614.0864537.237.6 75.2 74.8 57 29 2914   13.80   13.30 5  5  3NB동54.34401312  .2 3.0 3.2777710 0전개최상승부최상78기 1 7 4     3 2 1①1:15.24    -.614.137.813.4  0  4  .00 1 1 -1  .0 84511 995 3 2 1 22 3 1.03 7.02 2.0 2.6  2.0    5.3    7.1   70.5  .04592 3 9 8 3▲ 1.438.50 -.44 -.5475.6723.4244.7558.4718405434.6757.6972.24 1
20260502토 5120010국533 6 35 4 1강 1151흐림건조 310 5청산돌풍        섀클포드올백     6423.00한수 3 0 0 1 1   96      24750국5이관호황은호   1 4 8 6 511 2 0 3 7  0임기원43953.089우입하75 81 819286.064.040.11940 9214111201932472220233316 0 099↘↗입13.636.638.714.0883736.738.2 74.5 74.8 50 33 3317   13.50   14.70 2 -4  0UHDN55.54401312  .4 2.8 3.2777710-1연대우수전개최상51기 1 2 4     4 4 2②1:14.5½    .013.837.913.3  0 -7  .00 2 2 -1  .11121301384 3 2 2 22 6 1.0211.02 1.6 2.7  1.6    2.7    3.8    3.9  .04183 1 8 7 1▲ 1.038.60  .08 -.5175.6715.4228.0740.1218375321.1437.9750.86 3
20260419일 5130011국553 4105 5혼전 4451맑음건조 410 5청산돌풍        섀클포드올백     6326.00한수 3 0 1 2 1   27      24750국5이관호황은호   1 5 7 5 211 1 0 3 6  1임기원44653.090우입보76 81 818466.063.030.31940 9214111201932472220233316 0 099↘↗입13.636.839.113.9905336.440.1 82.2 82.7 60 80 4020   14.00   13.50 6 -3  0NHUP55.54401312 -.8 3.4 2.6787810 1일반주행연대우수50기 0 6 3     3 3 2⑤1:22.2½    .113.540.114.7  2  7  .00 5 3  0  .832 3743474 3 4 4 62 5 6.04 4.10 3.2 6.4 11.4   43.3   75.2  128.4  .03779 1 7 7 1△  .940.20  .55 6.8482.58 9.7119.8930.33 92235 9.4821.3732.95 5
20260307토 4120011국554 5105 6혼전 4461맑음포화1710 5청산돌풍        섀클포드올백     6423.00한수 3 0 1 2 1  123      24750국5이관호황은호   1 6 6 4 411 2 0 3 5  1장추열43953.093우입하87 89 898575.069.050.1305012214111201923112220202722 0 099→→입13.636.738.614.0874537.238.3 74.4 75.3 75 50 5025   14.20   13.80 4  0  0NH동55.54401312-1.0 3.5 2.5808010 0탐색주행작전마주54기 1 9 9     9 6 3③1:14.42½   .314.037.813.5  0  2  .00 3 3  2 1.02350292870 4 5 3 13 2 4.0111.01 2.9 6.3  5.5    8.1   17.5    8.110.53780 3 8 8 3▲ 1.538.60 -.21  .0275.6723.7840.0850.0636597118.0030.3945.05 2
20260207토 4120011국554 8105 7혼전 4451맑음건조 210 5청산돌풍        섀클포드올백     6423.00한수 3 0 1 2 1   70      24750국5이관호황은호   1 7 5 3 311 1 0 3 4  1장추열43753.093우입하74 84 847072.061.030.1305012214111201923112220202722 0 099→→입13.736.938.413.9655737.138.3 75.8 75.1 75 50 2525   13.50   14.20 5  0  1NN동55.54401312 -.3 3.0 2.7787810 0연대우수작전마주80기 2 9 7     5 4 4⑤1:15.81     .614.238.813.8  4 -2  .09 5 1 -4  .71843322764 7 3 2 52 1 7.08 1.06 3.2 8.8 10.7   52.4  142.9  166.0  .03287 1 8 7 1▲  .838.40  .36 -.1875.67 8.8518.6230.11 5122211.6123.2835.73 5
20260103토 5120011국554 6105 8혼전 4451맑음다습1310 5청산돌풍        섀클포드올백     6423.00한수 3 0 1 1 1  101      24750국5이관호황은호   1 8 4 2 211 4 0 2 3  1임기원43952.089우입하80 83 837977.067.047.71940 9214111201932472220233316 0 099↘↗입13.736.938.313.8696936.539.2 74.6 75.6 67 33  033   13.40   14.60 4  5  1NNDN55.54401310 -.3 3.0 2.7787810-1전개최상연대우수48기 1 9 4     4 3 3②1:14.68     .013.539.114.2 -3 -1  .00 2 5  3 1.33615633880 6 2 2 32 4 1.05 1.09 3.0 7.8  3.0    8.9   16.8  159.412.73777 2 9 8 2▲ 1.338.50 -.10  .4375.6116.2333.5447.7412264118.6834.5247.32 3
20251207일 8130011국551 5 55 9혼전 4451흐림양호 910 5청산돌풍        섀클포드올백     6326.00한수 2 0 1 1 1   7016:05 24750국5이관호황은호   1 9 3 1 111 3 0 2 2  1임기원44051.590강입보64 87 879477.067.046.11940 9214111201932472220233316 0 099↘↗입13.837.138.813.3748337.139.7 82.1 82.8100 50  050   13.80   14.40 5 -6 -5UUUP55.54401310-1.5 3.5 2.0858510 1전개최상전개최상55기 1 4 2     2 4 3④1:22.11¼   .613.439.614.6  2 -5  .00 4 2  1  .93425654763 4 1 1 22 3 1.04 9.10     4.5  2.5    8.8   13.6   11.2  .04187 3 9 9 3★ 1.339.90  .11 6.9182.5816.4632.7346.1418375318.2834.1747.96 2
20251102일 1120012국632 9 8510혼전 4461맑음양호 710 5청산돌풍        섀클포드올백     6423.00한수 2 0 1 1 1  165      24750국6이관호황은호   110 2 2 111 2 0 1 1  1임기원44556.089강추상98 99 999677.071.051.41940 9214111201932472220233316 0 099↘↗입13.937.238.112.6549937.038.9 77.1 75.6100100  0**   13.90   12.50 5 -1  1NVUP55.54401210-4.0 6.0 2.0858510 2교체성공전개최상76기 110 5     3 3 3②1:17.19     .013.840.014.4  1  5  .00 2 1 -5 1.53233544290 5 1 1 22 2 7.01 8.10 1.8 5.0 22.7   15.6   56.4   20.910.56598 4 9 9 4☆ 1.938.20 -.24  .3375.6721.1839.1351.4418375313.6027.3121.59 3
20250927토 1100012국630 3 8511 3강 3355맑음다습1210 5청산돌풍        섀클포드올백     6423.00한수 2     9 2  263      24750국6이관호황은호   111 1 1 111 1 0 0 0  0임기원44055.587평무보43 35 3557  .046.037.8304527215017201932472220233316      ↗↘입14.137.238.313.480 137.236.6 61.0 61.4              14.10   13.70 4  0  0LL동       10 0         8.0     0 0일반주행우수혈통54기 211 6     6 5 3②1:01.0½    .013.936.412.5 -4 -8  .00 2 6  0  .1 840 6 884 6 8 7 33 1 1.06 9.11 2.7 6.2  2.7   19.7   26.5   20.2  .01841-1 4 5-1▽ -.437.50 -.36-14.163.0416.0827.7137.83122641 9.0217.8926.9510
20261010토10120011국4 4 4  6 0 3강 3351          10 6퍼플신화        한센    칼라하리 7225.00한거 6 0 0   1    017:55 33000국4박윤규퍼플라인 2 016 1 337 4 2 337  0김태희   54.562평무보50 40 4034 4.036.011.11142 71450 71720101617 9152416631313↘→입14.137.238.713.76741                   16 22 19 9   14.50   14.60 3  3  2NNDN53.64531818-2.8 9.0 6.2424217-6선행무리조교부실42관 0 6                            14.5    14.6        .0                      10 91111  5                                              .01314-1 2 3-1▽ -.938.70  .57     76.00 2.64 5.7911.11 0 1 4  .99 2.93 6.9111
20260919토 8180011국551 9106 1혼전 4451맑음건조 210 6퍼플신화        한센    칼라하리 4637.00한거 6 0 0 9 1   45      33000혼4박윤규퍼플라인 2 115111237 3 2 336  0김태희45952.560평무보 5  4  421 3.033.0 8.41142 71450 71720101617 9152416631313↘→입14.140.040.813.7621238.541.5119.0117.4 16 19 1610   14.10   15.40 3 -5 -2HH동53.64531818-2.2 9.2 7.0363617 0최빈거리거리난점54관 0 3 1 1 1 1 2 2⑥1:59.0½    .814.542.214.6 -2  0  .00 6 8  0 1.0 8 3753260 6 810111 4 1.07 8.04 3.710.3  3.7   20.4   31.9  167.1  .0 9 9-2 1 2-2▽-1.440.80  .3036.56118.9 1.70 3.40 8.36 1 2 5  .12 2.22 5.1711
20260830일 61800 9국541 5 96 2 2강 2251흐림다습1110 6퍼플신화        한센    칼라하리 4637.00한거 6 0 0 9 1   46      33000국5박윤규퍼플라인 2 214101137 2 2 335  0김태희45954.060평무상54 57 5723 4.038.020.21142 71450 71720101617 9152416631313↘→입14.140.140.813.6531938.943.9120.1121.1 17 20 2013   14.10   14.00 3  4  0LN동53.64531818-2.0 9.0 7.0505017 0최빈거리거리난점29관 0 8 3 3 3 2 4 6⑦2:00.15    4.514.143.515.4 -1  8  .00 7 8 -2 4.789 79689 5 3 9 4 72 3 5.04 2.01 3.0 5.1 13.6   26.9   69.5   75.0  .01011-1 2 1-1▽ -.741.10  .0040.22118.9 5.0711.8620.15 3 716 1.12 3.51 8.54 8
20260808토 5180011국550 9 56 3 1강 1159맑음건조 210 6퍼플신화        한센    칼라하리 4637.00한거 6 0 0 1 1   67      24750국5박윤규퍼플라인 2 313 91037 1 1 334  0김태희45154.060평무상 8 10 10 6 6.042.021.91142 71450 71720101617 9152416571414↘→입14.240.140.913.6511238.940.2118.2117.1 14 10 1017   14.10   13.50 3  1 -2HNUP53.54541814 -.6 9.0 8.4363617 6일반주행거리속성53관 0 4 1 1 1 1 1 1①1:58.28   -1.314.140.314.0 -9  3  .00 110  0  .0 5 842 999 4 8 9 51 210.01 4.08 2.6 4.3 30.5   68.1  221.6   66.5  .01525 0 2 5 0― -.340.60 -.0736.09118.9 5.4412.3621.86 3 816 1.92 6.2012.80 9
20260718토 6120011국554 7106 4혼전 4451흐림불량2010 6퍼플신화        한센    칼라하리 7225.00한거 6 0 0 2 1   35      24750국5박윤규퍼플라인 2 412 8 237 1 1 333  0안드레44855.569평무하49 50 5040 9.039.017.12042 31450 7172025 017 93426 7571414→↘선14.237.438.713.5474137.339.4 75.3 76.5 14 11 1114   14.00   14.1024 -4  4HBDN53.54541814  .0 9.2 9.2292917-2일반주행건성마필 5   0 3 6     6 710⑦1:15.34    1.214.138.613.5 -3 -9  .00 710  1 1.76251696845 7 4 6 90 1 7.0411.09 2.3 6.2 17.2   69.3  172.5  261.6  .01517-2 2 2-2▽ -.838.30  .29  .3776.12 4.57 9.5917.08 2 613 4.92 8.3315.58 8
20260201일 4140011국520 7 76 5혼전 4451맑음건조 210 6퍼플신화        한센    칼라하리 5730.00한거 6 0 0 1 3  468      24750국5박윤규퍼플라인 2 511 7 637 1 1 332  0권중석45751.558평무하10 11 11 7 3.030.0 8.7 0 0 01525 51720 7 017 9191818571414→→선14.237.039.513.5612537.241.6 90.6 90.9 15 15 1111   14.50   13.70 2 -3 -4NHUP53.54541818-1.2 9.4 8.2313117 1가는대로조교부실20관 0 7 7     5 510⑩1:30.61¾  3.114.240.914.4  1  1  .0010 9  0 3.58948929212 7 710110 1 1.02 5.04 1.7 4.0  1.7    4.0    5.5   14.4  .0 7 1-4 1 1-4▼-1.539.30  .3714.3888.93  .77 4.57 8.67 0 1 4  .12 2.52 6.1011
20260118일 5130011국541 2 96 6혼전 4461흐림건조 510 6퍼플신화        한센    칼라하리 5730.00한거 6 0 0 2 1   2714:00 24750국5박윤규퍼플라인 2 610 6 437 1 1 331  0김성현45655.558평무하25 25 2523 6.040.016.51440 91450 71720132217 9162319571414↗↘입14.137.239.313.5744138.339.9 83.2 84.3 15 23 1215   14.20   13.20 3 -1 -1LNUP53.54541818-1.6 9.6 8.0292917 1일반주행거리속성70관 11010     9 910⑩1:23.22    1.914.539.113.7  1  1  .0010 9  6 2.48281728423 5 810 90 4 4.06 8.04     8.3  5.8   18.4   43.2   39.0  .01524 0 2 3 0― -.740.20  .54 7.8082.97 4.5910.1116.53 1 4 8 1.25 4.35 9.1811
20251228일 4120011국512 5 16 7 1강 1153맑음다습1210 6퍼플신화        한센    칼라하리 7225.00한거 5 0 0 9 1   5012:45 24750국5박윤규퍼플라인 2 7 9 5 137 3 1 330  0김효정45556.570평무상41 39 394620.054.032.61747 71450 71720 7 017 9202217571414↗→선14.237.438.713.5494138.138.1 76.2 76.1 15 12 1919   14.10   13.70 3  1 -1VNDN53.54541818-1.2 9.2 8.0181817-2일반주행탄력호조29관 011 6     6 6 7⑦1:16.2½   1.014.238.513.2  4 -4  .05 7 3 -4 2.1508624534910 4 4 5210 1.0610.01     1.8  1.3   14.5   17.4  110.2  .03136 0 3 5 0―  .338.20 -.17 -.0176.1210.4122.6032.57 81728 2.94 8.7017.77 7
20251206토 5140011국530 6 86 8 3강 3351흐림양호 910 6퍼플신화        한센    칼라하리 5730.00한거 5 0 0 1 1   6213:35 24750국5박윤규퍼플라인 2 8 8 4 537 2 1 329  0김효정45957.069평무보12 12 1239 7.041.019.11747 71450 71720 7 017 9202217671717↗→선14.136.939.613.5662236.939.4 89.1 88.8 16 16 1620   14.60   14.70 3  3  5BBDN52.94531818-1.2 9.2 8.0181812-4일반주행급신장세47기 010 7     3 2 3⑦1:29.1½    .414.139.213.7  0 -4  .00 7 7 -3  .54136524270 2 911 60 9 1.03 2.07     3.8  2.5    6.8   10.6   20.6  .01519 0 2 3 0― -.539.00  .1012.2988.93 4.4710.8419.05 41121 2.94 6.7114.6910
20251116일10180010국412 8 66 9혼전 4451맑음건조 310 6퍼플신화        한센    칼라하리 4637.00한거 5 0 0 2 1  112      33000국4박윤규퍼플라인 2 9 7 3 937 1 1 328  0김효정46352.068평무보 5  2  2 5 4.029.0 6.71747 71450 71720 7 017 9202217671717↗→선14.139.941.013.5621039.243.3121.0120.5 17 17 1321   14.30   14.80 4  0  0NH동52.94531818-2.0 9.4 7.4252512 0최빈거리거리난점49기 0 7 3 2 2 2 3 7⑧2:01.0½   1.614.642.614.7 -2  7  .00 810 -1 2.28013938636 51010101 8 2.0110.09 1.9 4.5  5.5    5.8   11.6    7.3  .0 9 3-4 1 1-4▼-1.841.20  .2939.60118.9  .77 3.27 6.74 1 4 8 1.32 3.66 8.1710
20251018토 8180011국412 7 6610 1강 1152흐림포화1910 6퍼플신화        한센    칼라하리 4637.00한거 5 0 0 2 2  213      33000국4박윤규퍼플라인 210 6 2 837 1 1 327  0해리카45652.070평무상 9  2  2 2 4.029.010.21657 61038 41720183117 9172612671717→→입14.139.940.913.5621339.543.3120.7121.9 17 17 1322   14.30   14.10 4 -2 -1NH동52.94531814-2.6 8.6 6.0373712 0일반주행거리속성76기 0 7 6 4 3 5 911⑪2:00.73    3.914.343.014.8  0  4  .001111  1 4.793239389 9 5 911100 1 1.05 3.01 1.3 4.6  1.3    6.2    7.6   13.2  .01515-2 1 1-2▽-1.341.40  .2541.09118.9 1.62 4.8810.22 0 4 7 1.22 3.57 7.9210
20250921일10180010국441 6 9611 1강 1151맑음다습1310 6퍼플신화        한센    칼라하리 4637.00한거 5 0 0 2 2  26517:30 33000국4박윤규퍼플라인 211 5 1 737 7 1 326  0김효정45252.575평무보 8  2  2 2 3.030.010.11645 51038 41720 7 017 9202217671717↘↗선14.139.941.013.4661240.140.9119.0120.0 18 18 1423   14.30   13.80 3  0  1LNUP52.94531814-1.4 8.2 6.8343412 2일반주행거리속성 5관 0 9 4 4 5 5 5 5⑤1:59.05    2.214.340.914.1 -5 -6  .00 510  0 2.67146625722 51010102 7 2.01 8.10     4.5  3.8    4.5   10.3   27.2  .015 6-3 2 1-3▼-1.441.20  .2239.12118.9 2.11 4.1710.12 0 4 7  .12 2.19 5.5410
20250830토 8160010국552 310612 1강 1151맑음포화1810 6퍼플신화        한센    칼라하리 5730.00한거 5 0 0 9 2  34019:10 33000국5박윤규퍼플라인 212 4 3 137 6 1 325  0김효정45852.076평도하25 20 2014 3.034.0 7.71645 51038 41720 7 017 9202217671717↘↗선14.136.339.913.4653036.640.4101.9103.8 19 19 1424   14.70   14.10 5  8 -1BHDN52.94531814-1.8 8.0 6.2343412-2일반주행조교부실36관 0 9 6   6 7 7 8⑨1:41.9목   2.314.339.513.8 -1  4  .00 910  5 2.97461727917 5 5 9100 6 6.05 2.06     6.5 15.4   43.3  119.3   29.3  .015 3-4 2 1-4▼-1.539.90  .5527.55103.2  .62 3.91 7.73 2 510  .12 1.85 4.7310
20250727일111800 9국552 7 5613 2강 2259맑음건조 310 6퍼플신화        한센    칼라하리 4637.00한거 5 0 0 9 3  41516:15 33000국5박윤규퍼플라인 213 3 2 637 5 1 324  0김효정45453.072평선상16 23 232633.049.033.32441161525 51720 7 017 9202217671717↘↘선14.140.040.913.4631740.041.5119.7119.8 20 20 1525   14.70   13.50 4 -8  1UNUP52.94531814-2.4 8.6 6.2383812 1숨은복병거리속성60관 0 1 5 6 6 8 8 7⑦1:59.72½  2.414.740.714.1  2  0  .00 7 5 -6 2.56739756919 3 6 4 50 5 1.04 6.03     4.2  2.8   10.6   15.1   11.0  .02137 1 5 5 1―  .241.10 -.3038.94118.9 9.6521.9333.34 61325 8.5419.7433.62 5
20250628토 6170011국433 7 8614혼전 4441흐림다습1110 6퍼플신화        한센    칼라하리 5730.00한거 5 0 0 9 3  50915:35 33000국4박윤규퍼플라인 214 2 1 537 4 1 323  0김효정45452.073평선상18 19 19 711.036.011.72441161525 51720 7 017 92022178020 0↘↘선14.139.341.413.4763039.341.6112.4113.5 21 21 1626   14.40   13.60 4  8 -1BHDN53.14531814-1.2 8.6 7.4262617-1일반주행마번불리27관 0 9 7 7 6 810 9⑤1:52.4½    .514.741.213.5 -6  2  .00 511  4  .84923695568 7 810103 4 2.05 7.08     4.9  3.5   12.0   23.4   55.0  .01515-1 3 3-1▽-1.141.80  .4532.80113.6 1.52 5.3811.67 1 2 5 2.06 5.8511.2910
20250601일101800 9국550 5 5615 3강 3359맑음건조 310 6퍼플신화        한센    칼라하리 4637.00한거 5 0 0 1 3  57417:30 33000국5박윤규퍼플라인 215 1 5 537 3 1 322  0김효정45252.572평무하 5  4  4 6 7.039.022.72441161525 51720 7 017 92022177525 0↘↘선14.140.040.913.4602239.440.8120.3120.0 22 22 1128   14.80   14.60 3  0  0UH동53.34531814-2.2 9.0 6.8333317 0발길대로거리속성48기 1 1 4 4 2 2 2 4④2:00.31¾   .614.439.813.6 -3 -6  .00 4 7 -1  .77020613663 2 8 6 71 3 2.06 9.04     4.9  4.0   18.0   27.2   50.3  .01212-1 2 4-1▽ -.741.10 -.0739.10118.9 6.5614.1322.71 31119 4.8810.9922.09 7
20261010토10120011국4 4 4  5 0 3강 3351          10 7벽송            레볼루셔시라이트 2129.00한암 4 0 0   1    017:55 33000국4박천서함평제일 1 016 11418 3 2 218  0김성현   51.060평추보50 54 543110.037.011.21440 91057 5 612141613 5162319291457↗↘입13.937.338.213.63776                   43 50 1421   13.80   13.60 5 -1  0NU동52.34271412-3.0 7.6 4.6636312 0일반주행최적거리48관 0 7                            13.8    13.6        .0                      11 2 810 11                                              .01527-3 2 3-3▽-1.138.20  .80     75.78 1.33 4.8711.18 0 2 4 2.97 6.8311.8410
20260905토 2120013국524 1 75 1 3강 3351맑음양호 910 7벽송            레볼루셔시라이트 2129.00한암 4 0 0 1 1   92      82500국O박천서함평제일 1 115 51318 2 2 217  0김성현44151.060우추상75 83 835025.043.012.21440 91057 5 612141613 5162319291457↗↘입13.937.338.113.6338337.638.5 74.2 76.4 46 54 1523   13.80   13.00 6  2  0LU동52.34271412-3.6 7.0 3.4767612 0뒷심문제최적거리 5   0 8 7     9 9 9⑩1:14.21¼  2.113.837.513.6 -2 -1  .001012  4 2.3617138522012 7 910010 6.01 2.07 1.9 3.5 24.3   12.8   48.3   35.2  .02860-1 4 3-1▽ -.638.40  .82 1.0075.72 2.64 6.8112.20 1 4 8 2.73 7.3913.7510
20260725토 7120011국514 4 65 2 3강 3351맑음다습1010 7벽송            레볼루셔시라이트 2129.00한암 4 0 0 9 1  105      33000국5박천서함평제일 1 214 41218 1 2 116  0김성현44251.060우추보45 48 4839 7.037.012.81440 91057 5 612141613 5162319331750↗↘입13.837.338.313.7327337.238.3 73.8 75.7 42 67 1717   13.80   14.00 4 -1  0NU동52.54251412-3.2 7.4 4.2666612 0일반주행작전마주30관 0 6 6     5 5 5②1:13.83     .013.837.513.0 -6  0  .00 2 8 -2  .53652323281 7 4 6103 9 1.0811.06 1.3 3.5  1.3    8.3    9.1   23.4  .02055-1 3 2-1▽ -.838.10  .68  .0575.84 2.32 6.0812.75 1 4 8 2.15 5.2110.9410
20260627토 6120011국454 3105 3혼전 4451맑음건조 410 7벽송            레볼루셔시라이트 2129.00한암 4 0 0 9 1   75      33000국4박천서함평제일 1 313 31118 1 2 115  0정우주44251.061우추하76 74 744612.039.0 8.91356 81057 5 612 73013 5163012331750↗→입13.837.438.113.6278337.039.7 75.0 76.9 45 55 1827   14.20   13.70 9  6  0LUDN52.54251412-3.8 7.0 3.2737312-2탐색주행최적거리49기 1 7 5     4 6 6⑧1:15.0머리 1.413.838.614.0 -2  8  .00 810  8 1.4733776683711 4 7112 1 5.02 1.04 2.3 5.4 11.6   22.4   55.0  105.1  .03168 0 3 3 0― -.938.40  .85 1.4175.78 2.06 4.58 8.94 1 4 8 1.61 7.1113.5310
20260426일 6140011국411 9 65 4 1강 1153맑음건조 310 7벽송            레볼루셔시라이트 4734.00한암 4 0 0 9 1  145      33000국4박천서함평제일 1 412 2 218 8 2 114  0김성현43451.058우추상32 29 2948 6.036.017.11440 91057 5 612141613 5162319331750↗↘입13.837.239.213.6294937.439.1 90.6 88.8 45 64 1818   13.60   14.20 7 -2  0UUUP52.54251412-3.4 7.6 4.2646412 2일반주행보통주행56기 1 1 4     8 910⑨1:30.61    1.014.239.913.7  7  6  .05 9 2 -2 1.13968344455 8 4 9 80 811.10 5.10 1.9 7.7 64.6  647.2  901.5 1566.0  .01542 0 3 4 0― -.738.70  .2212.3988.86 3.99 9.7117.07 0 4 7  .98 4.02 9.0610
20260308일 6120011국444 5 95 5혼전 4451맑음다습1310 7벽송            레볼루셔시라이트 2129.00한암 4 0 0 2 1  131      33000국4박천서함평제일 1 511 11018 7 2 113  0김성현42851.060우추상85 89 895340.047.022.11440 91057 5 612141613 5162319331750↗↘입13.837.538.213.7247636.840.7 76.2 77.2 45 55 1827   13.80   12.70 5  0 -4HU동52.54251412-3.4 7.6 4.2646412 0뒷심문제최적거리70기 0 3 4     5 610⑩1:16.21½  2.213.639.914.2  6 -5  .0210 4  2 3.3812791852111 3 3 50 7 1.08 2.04 2.0 5.4  2.0   22.3   31.8   88.210.52866 0 6 5 0― -.338.40  .37 1.5175.89 5.5712.6322.14 81728 5.1913.7925.62 5
20260201일 5120010국554 7105 6혼전 4451맑음건조 210 7벽송            레볼루셔시라이트 2129.00한암 4 0 0 1 1   79      24750국5박천서함평제일 1 61011 918 6 2 012  0김성현43355.060우추상85 86 865451.056.028.91440 91057 5 612141613 5162319402040↗↘입13.837.538.513.7227337.437.4 74.6 74.6 40 50 2020   13.50   13.30 6 -5  4HB동52.04231412-3.4 7.6 4.2646412 0부중유리작전마주 5기 1 3 4     5 5 4②1:14.6½    .013.837.612.7  0  4  .00 2 2 -4  .1 856 81088 9 8 2 53 6 1.02 1.03 3.4 6.9  3.4    6.9   11.7   20.6  .03171 1 7 5 1△  .637.60  .00-1.3976.06 8.1418.2528.93 6132514.4624.5836.04 3
20251221일 5120011국524 4 75 7 3강 3351맑음다습1410 7벽송            레볼루셔시라이트 2129.00한암 3 0 0 2 1  11313:35 24750국5박천서함평제일 1 7 910 818 5 1 011  0김성현42951.060평추상74 79 794533.059.030.91440 91057 5 612141613 516231950 050↗↘입13.837.538.713.8265737.037.7 73.5 74.7 33 67 2211   15.10   13.10 6  3 -1BU동52.34221412-2.6 7.2 4.6626212 0일반주행최적거리46기 0 8 3     3 3 1①1:13.5½    .013.537.313.3 -5  7  .00 1 6 -3  .0 93814108010 5 5 52 5 6.01 8.06     2.6 25.0    8.0   48.7   15.4  .02465 1 5 7 1―  .737.60 -.17-1.5376.17 7.6418.5930.91 61425 5.5612.9922.35 7
20251109일 6120011국554 4105 8 1강 1151맑음건조 310 7벽송            레볼루셔시라이트 2129.00한암 3 0 0 2 1  138      24750국5박천서함평제일 1 8 8 9 718 4 1 010  0김성현42251.560평추상36 38 3820 7.042.018.91440 91057 5 612141613 516231967 033↗↘입13.937.439.113.9314138.336.9 75.3 75.5 25 38 25 0   13.90   14.10 5  3 -1NHDN52.54211412-1.2 6.2 5.0525212-1숨은복병최적거리63기 0 511    1111 5④1:15.3목    .015.137.413.1 -5 -3  .00 4 9 -1  .42692 2218110 9 8 73 4 2.08 7.08 2.8 7.3  4.4   63.3   90.9  168.6  .01938 0 2 3 0― -.638.00  .01-1.0376.34 4.7911.5218.87 2 714 1.83 4.6911.08 9
20251003금 6130011국553 4105 9혼전 4434흐림다습1110 7벽송            레볼루셔시라이트 4734.00한암 3 0 0 1 2  237      24750국5박천서함평제일 1 9 7 8 318 3 1 0 9  0김성현42552.565평자상50 60 602823.048.019.1 6 0 61199 0 612141613 516231967 033→↗입13.937.139.613.8724138.339.5 82.7 83.7 29 43 29 0   14.00   13.40 4  1  2HNUP52.54211412-1.6 6.0 4.4595912 1일반주행거리속성40기 0 211    10 9 6⑥1:22.72    1.413.939.314.1 -4  5  .00 610  2 1.56582587736 6 9 4 83 3 6.04 5.07 3.7 9.5  8.7   32.1   69.9   33.213.41547 0 4 4 0― -.240.10  .37 6.9883.10 3.9310.9019.13 2 714 7.0612.7719.87 8
20250907일 6120011국553 510510 1강 1151맑음다습1410 7벽송            레볼루셔시라이트 2129.00한암 3 0 0 1 2  31014:05 24750국5박천서함평제일 110 6 7 618 2 1 0 8  0김성현42051.064기자적24 28 2842 8.041.017.9 6 0 61199 0 612141613 516231967 033→↗입13.937.039.213.9653737.438.1 74.3 75.7 33 50 33 0   13.60   15.60 6 -3  0UUDN52.54211412 -.8 4.8 4.0616112-2일반주행기복전력55기 0 1 8     8 8 5③1:14.32     .314.037.713.4 -5 -3  .00 3 8  4 1.13358252972 6 9 9 93 2 2.07 6.07     5.3  4.2   24.6   41.7  275.9  .01539-1 2 4-1▽ -.538.50  .21 -.5276.17 4.1710.0117.88 1 5 9 2.67 6.1011.41 9
20250726토 3140010국521 8 7511 1강 1151맑음건조 410 7벽송            레볼루셔시라이트 4734.00한암 3 0 0 9 3  43212:15 24750국5박천서함평제일 111 5 6 118 1 1 0 7  0김성현42351.063우자보41 47 475935.043.021.0165010 0   0 612141613 516231967 033→→입13.936.740.213.9751735.943.1 91.1 91.1 33 50 33 0   14.30   13.70 6  3 -1HUUP52.54211412-2.2 5.4 3.2707012 2일반주행탐색우려36관 1 4 2     3 5 8⑧1:31.13    2.613.642.815.6  4  2  .01 8 4 -1 3.591 2989417 1 9 6 62 1 8.02 5.10     4.7 36.9   78.9  286.4   34.8  .01547 0 5 5 0― -.339.70 -.2014.1589.21 4.4411.1921.02 41221 7.5316.6729.90 6
20250614토 5120011국554 310512 1강 1151맑음건조 310 7벽송            레볼루셔시라이트 2129.00한암 3 0 0 2 3  55014:40 24750국5최봉주함평제일 112 4 5 518 5 1 0 6  0박태종42152.061우입상72 78 786642.045.019.3 550 32267151432243317 419242167 033↗→입13.936.939.214.0763438.138.4 76.1 76.9 40 60 40 0   13.80   14.50 4 -8  1UNDN52.54211312-2.5 5.8 3.3696912-1부중유리최적거리42기 0 111    1010 9⑦1:16.12½  1.314.338.713.7  2  2  .00 7 5  1 1.97286376440 7 9 5 93 5 1.07 2.08     7.0  2.3   17.6   32.7  145.7  .03143-2 5 3-2▽ -.338.90  .23  .7776.12 4.5110.5919.26 1 5 9 6.3013.2317.09 9
20250517토 41300 9국511 9 6513혼전 4449맑음포화1610 7벽송            레볼루셔시라이트 4734.00한암 3 0 0 2 4  63213:35 24750국5최봉주함평제일 113 3 4 218 4 1 0 5  0박태종41951.561강입적19 40 408440.057.040.4 899 5 220 01432243317 419242199 0 0↘↗입13.936.939.613.8894937.240.4 82.6 83.0 50 75 50 0   14.30   14.20 3  7 -1VUUP53.04231312-4.0 6.3 2.3818112 1전개최상작전마주69기 2 9 6     6 6 4③1:22.61½   .313.840.014.5 -1 -8  .00 3 4  0  .84130817274 2 5 2 33 4 1.05 4.01     5.8  2.4    7.4   11.0   10.513.43481 0 7 7 0―  .540.20 -.09 6.4782.9714.5627.1740.37 92235 7.4118.9034.62 5
20250426토 5120011국524 4 7514 3강 3351맑음양호 810 7벽송            레볼루셔시라이트 2129.00한암 3 0 0 9 4  69414:25 24750국5최봉주함평제일 114 2 3 418 3 1 0 4  0박태종42752.063강도하75 82 829458.057.029.3 899 5 220 01432243317 419242199 0 0↘↗입13.736.838.613.3868037.339.7 76.9 77.1 67100 67 0   13.30   14.50 7  0 -1UUDN53.04231312-3.0 5.0 2.0858512-1탐색주행전개최상 1기 0 2 6     6 6 6⑥1:16.9½   1.514.339.814.2  2  1  .00 6 4  2 1.77750767434 5 6 2 52 3 5.0211.08     4.6  8.3   13.0   31.9   10.612.24180 1 7 6 1△  .539.10  .34 1.6875.72 9.6418.7929.32 8172810.3822.4325.42 4
20250308토 3130011국544 6 9515 1강 1151맑음다습1110 7벽송            레볼루셔시라이트 4734.00한암 3 0 0 2 5  84312:45 24750국5최봉주함평제일 115 1 2 118 2 1 0 3  0박태종42653.069강도상81 87 879076.061.045.31857 33056121432243317 419242199 0 0↗↘입13.736.939.313.3886935.741.5 81.6 83.4 67100 67 0   13.80   13.80 4 -8  1UNUP53.04231312-5.0 8.0 3.0858512 1마방연대작전마주 1기 0 2 1     1 1 3⑧1:21.6코    .613.340.414.5  6  0  .01 8 2 -7 1.255 0935763 4 7 1 21 2 5.01 7.01     6.5  9.7   20.5   47.6   27.513.43178 2 8 7 2▲ 1.140.20 -.05 7.1782.7817.3732.8045.3418385525.6442.5042.49 1
20261010토10120011국4 4 4  5 0 3강 3351          10 8거센대로        카우보이거센질주 6226.00한수 3 0 0   1    017:55 33000국4이신우강석대  -1 010 1 4 9 1 2 210  0이혁     54.080우자적50 64 648544.052.027.22259 72060 8202327222114282118333333↗↘선13.636.938.113.76485                   71 57 2943   14.00   15.40 5 -2  1NNDN53.55191712  .6 2.8 3.4747413-5인기탐색보통주행60기 0 8                            14.0    15.4        .0                       5 1 4 4  1                                            10.93373 1 6 7 1△  .338.10  .62     75.50 8.2918.0227.16 82135 8.9117.5627.63 5
20260906일10170011국510 4 65 1혼전 4451맑음양호 610 8거센대로        카우보이거센질주 5533.00한수 3 0 0 1 1   74      33000혼4이신우강석대  -1 1 9 4 1 9 1 2 2 9  0이동하52353.090우자보49 52 524030.048.019.83150152060 82023 0 02114252419333333↗↘선13.639.640.713.7606938.843.6113.2114.6 71 57 2943   13.80   14.80 4  0  0LHUP53.55191712  .0 3.6 3.6676713 1조교만전거리속성48기 110 4 4 2 2 3 8⑩1:53.24    2.514.043.315.4  7 -6  .0110 3  2 2.676 7938416 5 6 8 91 1 5.07 8.07 2.0 5.2  9.6   61.5  116.3  745.4  .02663 0 5 5 0―  .041.70  .4734.26113.3 4.5611.3619.76 1 5 9 5.7514.4323.08 7
20260808토 71600 9국430 5 85 2 1강 1151맑음건조 210 8거센대로        카우보이거센질주 5533.00한수 3     1 1   85      33000국4이신우강석대  -1 2 8 3 3 9 3 2 2 0  0푸르칸52953.079우자보50 74 741456.052.024.22355152060 8202325182114142421333333↗→추13.636.839.613.6364936.441.6104.1104.0 71 57 2943   14.00   12.9018  6  0BH동53.55191612  .0 3.6 3.6676713 0뒷심문제조교만전56기 210 4   4 4 5 5⑥1:44.14    1.513.840.914.8  5  3  .03 6 1 -1 2.77652889040 4 7 5 62 3 2.03 6.02 3.1 5.5  3.2    6.8   13.6   55.8  .02949 0 6 6 0―  .239.60  .0827.60103.3 6.3315.3224.23 61425 6.4016.6724.39 7
20260329일 7160010국451 8 55 3혼전 4451맑음건조 310 8거센대로        카우보이거센질주 5533.00한수 3 0 1 9 2  348      33000국4이신우강석대  -1 3 7 2 2 9 2 2 2 7  1푸르칸52653.083우자보87 89 891469.058.036.02478141762 2202325182114142421333333↘↗추13.637.139.013.3228336.040.3102.6102.6 67 67 1750   13.70   13.60 4  1  1HN동53.55191612  .0 3.6 3.6676713 0부중유리보통주행79기 0 4 3   3 3 3 3③1:42.61     .013.640.714.6  1  9  .00 3 2  0  .24122675784 7 1 3 32 2 3.01 2.03 2.8 3.4  6.1    6.6   15.4    4.810.53159 1 8 7 1▲  .739.00 -.0626.53103.110.3122.9535.9914304414.2927.2340.59 2
20260301일 6160010국412 4 65 4 2강 2251맑음건조 310 8거센대로        카우보이거센질주 5533.00한수 3 0 1 1 1   78      33000국4이신우강석대  -1 4 6 1 1 9 1 2 1 6  1푸르칸51752.579우추보84 86 861465.049.023.32355152060 820232518211414242150 050↗→추13.636.439.413.4586537.038.6102.3102.0 40 60 2040   13.50   14.00 5 -6 -4UUUP54.05201612-2.2 5.6 3.4696913 3전개최상추입유리51관 0 3 2   2 3 2 2②1:42.34     .013.738.813.6  0-14  .00 2 2  1  .71876202887 4 3 3 62 1 3.02 4.03 1.4 3.5  7.4   22.4   50.7  108.0  .03444 0 6 6 0―  .039.40  .3926.23102.9 5.2713.4023.32 92133 8.1124.1937.01 3
20260125일 5130010국522 4 75 5 2강 2251맑음건조 310 8거센대로        카우보이거센질주 5533.00한수 3 0 0 2 1   69      24750국5이신우강석대  -1 5 5 3 2 9 1 2 0 5  0마이아53156.593우추보81 80 809392.070.055.13555122060 8202337 021143533 750 050↘↗선13.637.138.713.3698936.639.0 81.6 81.9 50 50  050   13.50   13.20 4  3  4LL동54.05201312-3.0 6.8 3.8656513 0부중유리전개최상 5기 0 9 1     1 1 1②1:21.61     .013.538.814.0  1  3  .00 2 1  0  .110 7421083 4 1 3 21 1 3.01 3.09 1.7 2.8  9.8    7.7   29.6   17.0  .04197 3 9 9 3★ 1.539.70 -.08 6.0782.5225.8743.8355.1134536629.9153.9169.66 1
20251227토 6130011국541 5 95 6 1강 1151흐림다습1410 8거센대로        카우보이거센질주 5533.00한수 2     9 1   8014:25 24750국5이신우강석대  -1 6 4 2 1 9 3 1 0 0  0김용근52852.584기추하17 25 255714.047.024.12651132060 8202322 02114302714 0 099→↘선13.938.038.713.3168937.038.0 80.3 81.4 33 33  033   14.70   13.9010  3 -4NUUP55.55121312-4.0 8.7 4.7585812 1일반주행기복전력44기 0 6 1     1 1 1①1:20.3목    .013.537.613.2  0  1  .00 1 1 -7  .0 42313 47611 210 51 3 1.02 6.02     4.2  1.8    4.2    5.2   14.4  .02037 0 5 4 0―  .138.70  .23 4.6783.10 6.2114.8224.06 3 816 2.97 6.6413.2910
20251019일 7120012국514 6 65 7혼전 4451맑음포화1710 8거센대로        카우보이거센질주 6226.00한수 2 1 1 2 2  20315:15110000국5이신우강석대  -1 7 3 1 3 9 2 1 0 2  1김용근52956.082우추보68 76 767729.043.010.01943 81762 2202322 02114302714 0 099↗→선13.937.838.013.2149638.738.0 75.7 77.3 50 50  050   13.90   13.80 9 -5  1UV동55.55121212-6.5 9.0 2.5737312 0승부최상최적거리 5   0 312    121110⑨1:15.71    1.814.738.013.9  1  8  .00 9 8  2 2.4809621683011 110120 2 1.02 9.04     4.1  1.4    4.1    5.0    6.5  .03468 0 5 3 0― -.538.10  .66 1.4775.95 1.87 5.06 9.98 0 1 2 2.75 6.30 8.9812
20250817일 8120010국614 3 65 8혼전 4451맑음양호 710 8거센대로        카우보이거센질주 6226.00한수 2 1 1 2 2  372      82500국O이신우강석대  -1 8 2 2 2 9 1 1 0 1  1김용근52155.082강추상94 99 999033.064.025.41943 81762 2202322 02114302714 0 099↗→선14.037.838.112.7139837.638.3 75.2 76.0100100  0**   14.00   12.80 4 -1 -1NU동55.55121212 -1112.0 1.0949412 0마방승부승부최상 5   0 8 8     7 7 6④1:15.22     .913.938.513.8 -2  9  .00 4 6 -6 2.1476731425310 1 7 83 1 1.07 9.03 1.7 4.2  1.7   13.1   15.5  108.710.54596 2 7 7 2△ 1.037.80  .17  .1376.00 7.0815.2225.40 2 714 3.85 8.9614.5810
20250720일 1120012국630 7 85 9혼전 4455맑음포화1710 8거센대로        카우보이거센질주 6226.00한수 2     2 3  445      24750국6이신우강석대  -1 9 1 1 1 9 1 0 0 0  0조상범51255.560평무보   25 2540  .051.026.81270 41963 92023 6 02114132116      ↘→입14.236.738.512.4    37.637.5 74.7 75.2              14.20   12.70 4  0  0LL동       12 0                 0 0일반주행마방승부50기 1 9 6     7 7 5①1:14.7¾   -.214.037.812.8-11  1  .00 112  0  .01769 91791 1 1 1 53 112.02 9.05 3.4 8.3 60.2  129.8  392.1  147.1  .02253 0 5 5 0―  .238.60  .50 -.0275.61 8.9518.7326.75 61829 8.3316.6725.00 9
20261010토10120011국4 4 4  5 0 3강 3351          10 9두손으뜸        투아너앤레드리본 6427.00한암 4 0 0   1    017:55 33000국4정호익이도명   3 016 11619 1 2 519  0임다빈   57.075우선적50 70 709658.051.021.71530 921321023201935221314242499 0 0→↗추13.636.438.914.19445                   47 53 6713   13.50   14.30 4  6  2BBDN53.84691412-2.0 5.0 3.0808014-2전개최상전개최상46기 0 9                            13.5    14.3        .0                       110 2 6  8                                            10.94174 0 7 6 0― -.138.90  .59     75.67 5.5913.2621.72 6142510.8923.4134.54 4
20260913일 7140011국543 4 45 1 1강 1151맑음건조 310 9두손으뜸        투아너앤레드리본 4732.00한암 4 0 0 2 1   57      41250혼4정호익이도명   3 115 3 219 2 2 518  0권중석48455.066우도적96 97 979589.061.036.51341 62132102320 0 0221319181899 0 0↘→선13.636.239.914.1961936.439.6 87.6 88.2 50 50 6414   13.50   14.60 4 -2  3HL동53.64671412-1.6 4.2 2.6858514 0전개최상전개최상63기 0 3 1     1 1 2④1:27.61     .713.539.614.3 -2  6  .00 4 6  1  .72012542460 1 9 2 41 2 2.01 4.05 2.8 3.1  3.2    3.1    6.5    5.012.04187 2 8 7 2▲  .939.60 -.1012.0788.6612.2223.7536.45 9223518.2433.3348.80 3
20260816일 51400 8국542 7 95 2 1강 1159흐림다습1310 9두손으뜸        투아너앤레드리본 4732.00한암 4 0 0 2 1   77      33000국5정호익이도명   3 214 2 119 1 2 417  0권중석47852.566우도상95 93 939191.066.081.91341 62132102320 0 0221319181899 0 0↘→선13.636.239.914.1962235.940.1 88.4 87.9 46 54 6215   13.50   14.4010  3 -2NHUP53.84651412-1.4 4.0 2.6858513 2전개최상전개최상 5   0 5 1     1 1 1②1:28.41¾   .013.540.314.6 -3  6  .00 2 5 -2  .313 3682589 1 6 1 11 1 1.05 8.05 2.8 5.0  2.8   15.2   24.4   24.2  .06295 4 9 9 4☆ 1.839.50-1.3111.8088.6641.4166.8581.9338597055.9392.6899.00 1
20260606토 6120011국454 3105 3혼전 4451맑음양호 710 9두손으뜸        투아너앤레드리본 6427.00한암 4 0 0 1 1  175      33000국4정호익이도명   3 313 11519 1 2 416  0우인철47254.075우도적54 56 569839.055.023.22048102132102320 0 0221311282399 0 0↗↘입13.636.438.714.1965335.639.6 75.4 75.3 50 50 67 8   13.40   15.40 4 -6 -4HN동53.84641312-2.8 4.6 1.8888813 0전개최상전개최상50기 0 2 1     2 1 1⑥1:15.4목    .413.539.914.4 -1 -1  .00 6 7  3  .420 0741967 1 8 5 71 1 4.10 5.09 2.610.6  8.0   42.1   83.4  175.7  .04179 0 6 8 0―  .438.90  .68  .2175.56 6.3914.3023.22 41117 5.6112.0719.5711
20260510일10120010국552 5 55 4혼전 4454맑음건조 510 9두손으뜸        투아너앤레드리본 6427.00한암 4 0 0 2 1   61      33000국5정호익이도명   3 412 51419 1 2 415  0이혁  47357.580우도적35 36 369833.060.051.52259 721321023202550221328211899 0 0↗↘선13.636.439.014.1973735.642.0 77.5 77.4 50 50 75 8   13.40   16.90 5  5  1NB동53.84641312-1.8 5.2 3.4747413 0전개최상전개최상60기 0 8 1     2 2 5⑧1:17.52½  2.313.442.015.4  4 -1  .06 8 4  1 2.384 0978520 1 5 5 21 1 5.03 6.04 2.6 4.9  6.6   16.1   38.4   87.712.74186 2 7 7 2△  .839.60 -.32 1.9875.7219.1036.6351.5218375311.1122.3935.94 4
20260404토 9120011국552 5 55 5혼전 4451맑음양호 610 9두손으뜸        투아너앤레드리본 6427.00한암 4 0 0 1 1   96      33000국5정호익이도명   3 511 41319 1 2 414  0이용호47456.565우도적53 56 569528.046.020.11652 7213210232020 0221319182099 0 0→↘자13.636.438.914.1974536.144.5 80.3 80.6 50 50 83 8   13.20   14.60 4 -4  4HB동53.84641312-1.8 5.2 3.4747413 0전개최상전개최상38기 0 3 2     2 211⑪1:20.314   5.313.444.416.9  8  0  .0911 3  1 5.799 49999 4 1 7 7 71 1 2.01 2.01 1.8 3.4  4.0    3.4    7.1   10.8  .04168 0 5 4 0―  .040.60  .65 5.3075.67 4.3811.4520.09 3 716 6.6713.5323.53 7
20260308일 6120011국444 5 95 6혼전 4451맑음다습1310 9두손으뜸        투아너앤레드리본 6427.00한암 4 0 0 2 1   68      33000국4정호익이도명   3 610 31219 1 2 413  0조성환47452.554우도적91 95 959965.057.033.4 718 62132102320 4 02213 9172099 0 0↘→추13.636.439.114.1973436.740.5 75.8 76.9 50 42 83 0   13.50   13.40 5 -2 -4NH동53.84641312-1.8 5.2 3.4747413 0전개최상전개최상69기 1 7 3     3 2 5⑦1:15.85    1.813.239.814.6  5  6  .09 7 2 -1 2.97220887730 1 9 2 30 1 1.08 2.04 2.0 5.4  2.0   22.3   31.8   88.210.54185 0 8 7 0―  .539.40  .17 1.3775.7811.0221.8033.3612264111.6929.8940.57 3
20260201일 6120011국453 5105 7혼전 4451맑음건조 210 9두손으뜸        투아너앤레드리본 6427.00한암 4 0 0 1 1   78      33000국4정호익이도명   3 7 9 21119 2 2 312  0정우주46856.061우도적93 97 979563.051.025.81356 8213210232014 0221316301299 0 0↗→입13.636.439.114.1973436.837.9 74.0 74.7 45 36 55 9   13.30   13.10 5  8  5LB동53.34631312-1.8 5.2 3.4747413 0전개최상전개최상28기 0 9 1     1 1 1②1:14.0½    .013.537.813.4 -1  5  .00 2 3 -1  .1 92619 985 110 3 61 2 2.03 1.09 2.9 6.5  4.0   10.7   21.7   59.910.54172 0 7 5 0―  .138.80  .37 -.7875.78 7.1016.3225.84 51222 9.4723.5933.22 5
20251227토 4120011국454 4105 8혼전 4451흐림다습1410 9두손으뜸        투아너앤레드리본 6427.00한암 3 0 0 9 1  10312:45 33000국4정호익이도명   3 8 8 11019 1 1 311  0정우주46351.061우도보90 92 929971.056.030.81356 8213210232014 0221316301299 0 0↗→입13.636.439.414.1983036.637.7 72.9 74.3 40 40 60 0   13.20   14.40 4 -6 -4UU동53.94641312-1.6 5.0 3.4737313 0전개최상전개최상73기 1 1 1     1 1 1①1:12.95    -.913.337.213.1 -3 -5  .00 1 4  2  .0 41913 496 111 2 41 1 4.10 1.07    10.0  6.7   94.3  173.1  264.810.54189 1 8 7 1▲  .638.60  .06-1.4875.9510.0520.1530.82 9213313.2126.6138.28 4
20251130일 4120011국524 4 75 9 3강 3351흐림다습1010 9두손으뜸        투아너앤레드리본 6427.00한암 3 0 0 9 1   7412:45 24750국5정호익이도명   3 9 7 4 919 5 1 210  0임다빈46854.575기도적73 79 799769.060.033.51530 921321023201935221314242499 0 0→↗추13.636.439.514.1982735.939.2 74.3 75.2 33 33 67 0   13.10   14.30 6  0  1NNDN53.74621312-1.6 6.6 5.0585813-1선행반복전개최상33기 0 7 1     1 1 1②1:14.3½    .013.239.414.4  0  1  .00 2 2 -2  .017 1621680 1 9 2 51 7 1.02 1.07     2.4  2.2    2.4    4.3    5.712.24166 0 7 5 0―  .638.90 -.09 -.7276.0010.2521.4933.50 8172813.4027.2341.69 4
20251018토 4130011국554 310510혼전 4451흐림불량2010 9두손으뜸        투아너앤레드리본 4732.00한암 3 0 0 2 2  217      24750국5정호익이도명   310 6 3 119 4 1 1 9  0임다빈46754.076기도적79 76 768548.055.021.41950 82448 623201935221314242499 0 0→→추13.736.640.014.1972736.240.0 81.1 82.5 25 25 63 0   13.20   13.7013 -3  2NNUP53.54601312-1.4 6.8 5.4494912 1전개선전기복전력74기 2 7 1     1 1 1②1:21.1½    .013.139.614.3 -2  9  .00 2 4 -6  .125 2722580 111 5 81 6 3.0410.07 2.6 9.0  6.0   25.2   36.0  148.613.42766 0 6 5 0―  .340.40  .37 5.9383.03 6.0113.6221.41 41117 8.2620.0028.49 4
20250720일 4120011국544 3 9511 1강 1151맑음포화1710 9두손으뜸        투아너앤레드리본 6427.00한암 3 0 0 2 3  442      24750국5정호익이도명   311 5 2 819 3 1 0 8  0임다빈45852.077기도적18 18 188734.051.027.81848 622561023201935221314242499 0 0↗→추13.836.539.814.1931936.438.4 73.6 75.2 14 14 57 0   13.30   15.80 4  0  0LU동55.04611212  .6 5.6 6.2343412 0일반주행기복전력38기 110 1     1 1 1②1:13.6½    .013.238.213.7 -8 -5  .00 210  4  .117 9341086 111 9 51 5 9.10 8.10 1.8 4.4 38.2  463.6  900.9 1495.0  .01869 0 5 6 0―  .138.80 -.14-1.1576.23 7.4717.4127.76 81728 7.2317.2428.20 5
20250621토 4120011국544 5 9512혼전 4451흐림포화1910 9두손으뜸        투아너앤레드리본 6427.00한암 3 0 0 2 3  53113:45 24750국5정호익이도명   312 4 1 719 2 1 0 7  0임다빈46352.077기도적74 77 777955.056.026.91848 622561023201935221314242499 0 0↗→추13.836.639.814.1911936.141.3 77.1 77.6 17 17 50 0   13.70   14.10 6  8 -3BU동55.04611212  .0 6.4 6.4323212 0교체성공마번불리50기 210 3     3 3 7⑩1:17.11¾  2.613.341.715.8  4  2  .0010 6  3 2.785 4958415 2 9 5 60 4 1.0511.09     6.5  2.7    9.3   15.8  132.3  .03071 0 6 6 0―  .339.40 -.16 1.1776.28 8.8418.3326.85 92235 7.8420.3732.43 5
20250511일 11200 8국641 9 4513 2강 2259흐림포화1910 9두손으뜸        투아너앤레드리본 6427.00한암 3 0 0 2 4  64610:35 16500국6정호익이도명   313 3 7 619 1 0 0 6  0임다빈46155.082하선보 9  7  77426.044.030.91944 41029 3232019352213142424      ↘↗추13.836.839.814.1811735.938.8 76.1 74.4  0  0 40 0   13.60   16.80 4 -5  0HN동       1212  .8 7.6 8.4141412 0일반주행작전마주 1   0 2 1     1 1 1①1:16.12½  -.513.739.814.1 -2  3  .00 1 3 -7  .0 4 250 997 2 6 5 41 3 3.01 2.05     2.9  4.4    4.6   11.1    3.5  .02052-2 4 3-2▽ -.438.20 -.39-2.2476.39 7.1817.5330.90 92133 7.0619.1622.93 4
20250413일 1120011국631 8 3514 3강 3357비  포화1610 9두손으뜸        투아너앤레드리본 6427.00한암 3 0 0 2 4  73010:35 16500국6정호익이도명   314 2 6 519 1 0 0 5  0씨씨웡45855.090하입보28 22 224316.042.015.72333 51029 3232021 02213212522      ↘↗선14.037.039.814.1691935.842.6 79.2 78.2  0  0 25 0   13.90   15.20 6  4  1NL동       1212 1.0 7.0 8.0151512 0일반주행부진마필 1   0 7 2     2 2 4⑩1:19.2목   3.113.643.216.8  0 -5  .001010  6 3.192 1999311 2 8 8 61 1 1.07 2.06     2.8  2.0   17.8   24.8   32.1  .01531-2 3 1-2▽ -.739.20 -.07 1.3876.51 2.90 8.0315.66 41117 3.60 9.3512.66 8
20250302일 1120011국610 7 6515 3강 3349흐림건조 410 9두손으뜸        투아너앤레드리본 6427.00한암 3 0 0 1 5  85610:35 16500국6정호익이도명   315 1 5 419 2 0 0 4  0임다빈46354.074하입보27 19 193926.045.027.1254219256012232019352213142424      ↗↘추14.036.939.914.1711536.739.7 78.0 76.3  0  0 25 0   14.30   14.50 9 -7  0HN동       1212 1.7 7.7 9.3 7 712 0교체실패부진마필 1기 3 3 3     4 2 3⑥1:18.02½  1.613.940.715.2  2 18  .05 6 4 -1 2.15522766134 4 7 6 70 2 3.06 8.05     5.5 10.5   38.3   84.6   20.1  .02019-1 4 4-1▽ -.438.70 -.39 -.5276.51 8.4517.3127.06 41121 9.2321.3317.52 5
20261010토10120011국4 4 4  7 0 3강 3351          1010러브오마인      크리솔라상류     6226.00한암 5 0 0   1    017:55 33000국4전승규한춘택  -3 016 1 52410 2 124  0김용근   52.586평추보50 47 473120.048.021.42651131744 6221310 02018302714 04060→↘선14.237.238.414.04657                   18 23 2318   13.90   14.00 4  1  0BHDN52.94581817-1.4 5.8 4.4535317-4배당마주배당마주65기 010                            13.9    14.0        .0                       9 610 8 12                                              .02336 0 4 5 0― -.138.40  .45     75.84 5.4813.0721.42 31119 2.97 8.7815.79 9
20260912토 8160010국521 5 77 1혼전 4441맑음건조 31010러브오마인      크리솔라상류     4132.00한암 5 0 0 2 1   66      33000혼4전승규한춘택  -3 115 5 624 9 2 123  0김용근46252.584평추보42 44 441421.051.024.12651131744 6221310 02018302714 04060→↘선14.236.539.814.0561936.539.9102.4103.3 19 24 2419   13.70   14.40 4  2  0BH동52.94581817-1.2 5.2 4.0585817 0마주성향배당마주63기 0 9 5   5 5 4 5⑥1:42.43    1.313.939.714.0  0 -3  .00 6 6  2 1.76054565840 4 7 8 7211 1.03 6.05 1.5 2.6  1.5    6.3    8.5   71.8  .02516 0 4 6 0―  .039.80  .1327.00103.2 6.3614.6724.09 41117 4.6511.5621.13 8
20260816일 71600 9국513 9 67 2 1강 1151흐림다습131010러브오마인      크리솔라상류     4132.00한암 5 0 0 2 1   75      41250국5전승규한춘택  -3 214 4 524 8 2 122  0김용근46552.584평추상70 74 741457.061.043.82651131744 6221310 02018302714 04060→↘선14.336.739.813.9452235.941.4103.4103.5 20 25 1520   14.00   13.50 5 -2  0NH동52.94581817-1.6 5.8 4.2555517 0배당마주마주성향 5   0 7 4   4 4 4 4④1:43.45    1.413.741.014.4  0  6  .00 4 4 -2 3.06621858242 8 2 4 3210 2.01 6.01 1.8 3.6  5.9    6.5   17.1    7.3  .02440 1 6 6 1― 1.139.80 -.4327.00103.314.4429.1843.77101934 6.8217.2130.79 4
20260712일 8160010국511 7 67 3혼전 4451맑음다습101010러브오마인      크리솔라상류     4132.00한암 5 0 0 2 1   63      33000국5전승규한춘택  -3 313 3 424 7 2 121  0김용근45952.584평추보55 54 541434.055.035.12651131744 6221310 02018302714 02575→↘선14.336.939.613.9292736.339.5100.8102.4 16 21 1621   14.80   13.40 4  0  0LHDN53.04581817-1.6 6.4 4.8505017-1배당마주배당마주69기 0 9 7   7 5 4 3③1:40.8¾    .014.038.713.5 -3 -8  .00 3 6 -1  .23139463987 7 4 6 42 9 9.0210.02 2.2 7.3 23.2   91.2  192.1  269.012.72940 2 5 5 2―  .739.60 -.2225.87103.310.2922.4635.11 92133 7.1415.9625.60 7
20260613토 61700 8국450 4 57 4 2강 2251맑음건조 31010러브오마인      크리솔라상류     4132.00한암 5 0 0 2 1   75      33000국4전승규한춘택  -3 412 2 624 6 2 120  0김용근46752.584평추보43 34 344527.052.026.72651131744 6221310 02018302714 0 099→↘선14.239.541.013.9643740.340.1112.5113.5 22 22 1722   14.30   14.40 2  5  0BHUP53.24541817 -.4 6.4 6.0424217 1배당마주배당마주44기 0 9 5 5 4 5 5 4④1:52.52½   .814.839.113.4 -3  3  .00 4 7  1  .84568233157 3 8 8 62 8 4.01 2.07 2.8 4.8  7.5    8.9   25.7   19.7  .02340 0 4 6 0―  .341.60  .2132.97113.4 6.7416.4426.65 51221 4.3210.9419.71 6
20260531일 7160010국412 8 67 5 1강 1151맑음양호 61010러브오마인      크리솔라상류     4132.00한암 5 0 0 9 1   24      33000국4전승규한춘택  -3 511 1 324 5 2 119  0김용근46452.584평추보63 49 491422.046.021.52651131744 6221310 02018302714 0 099→↘선14.236.939.613.9313035.940.4104.0103.1 24 24  624   14.80   13.50 4  2  0VHDN53.24541817 -.8 7.4 6.6444417-2배당마주배당마주63기 0 4 7   7 5 4 5⑤1:44.03    1.214.340.914.4 -1 -1  .00 5 6  3 1.45116695646 8 5 6 72 7 3.02 3.07 1.5 3.7  9.8   25.1   52.4   68.1  .02322 0 4 5 0―  .039.60  .0926.56103.3 4.7112.1921.54 3 816 2.9610.2417.70 7
20260503일 7180010국511 3 17 6혼전 4448흐림다습111010러브오마인      크리솔라상류     9133.00한암 5 0 0 1 1   64      33000국5전승규한춘택  -3 61012 424 4 2 118  0김용근46552.584평추상19 15 152615.042.018.82651131744 6221310 02018302714 0 099→↘선14.240.040.814.0531240.939.4118.2118.4 25 25 1319   14.60   14.00 5 -5  0HHUP53.24541817 -.8 7.6 6.8414117 2배당마주배당마주40기 0 2 6 6 6 7 7 6④1:58.2목    .514.840.113.5  1  1  .00 4 3 -4 1.33179193764 3 7 5 63 6 1.02 8.06 1.3 2.1  1.3    2.1    2.7    8.5  .02318-1 4 3-1▽ -.540.90  .0437.59118.9 4.6310.6818.83 51221 5.8013.4223.18 5
20260328토 8160010국512 9 17 7 3강 3351맑음건조 31010러브오마인      크리솔라상류     4132.00한암 5 0 0 9 1   98      33000국5전승규한춘택  -3 7 911 224 3 2 117  0김용근46452.584평추상46 46 461457.066.047.02651131744 6221310 02018302714 0 099→↘선14.036.340.014.0651336.539.7103.8103.3 27 27  720   14.30   13.10 3 -2  0NHUP53.24541817  .0 6.6 6.6454517 4배당마주배당마주82기 2 7 9   9 6 6 4⑤1:43.8코   2.014.640.114.0 -2  2  .00 5 7 -2 2.05445514828 1 7 6 32 5 4.01 1.02 1.2 1.9 19.1    8.1   45.5    6.812.24159 3 7 9 3▲ 1.340.00 -.4227.01103.217.4234.0447.0414304710.0021.9934.77 4
20260308일 6120011국444 6 97 8혼전 4451맑음다습131010러브오마인      크리솔라상류     6226.00한암 5 0 0 2 1   47      33000국4전승규한춘택  -3 8 810 424 2 2 116  0김용근46252.586평추하25 22 223615.047.022.02651131744 6221310 02018302714 0 099→↘선14.037.338.514.1444938.337.8 74.8 76.0 21 36 1421   13.70   14.50 6  5  1BN동53.24541817 1.0 5.2 6.2484817 0교체실패배당마주67기 0 911    1010 8⑥1:14.81¼   .814.337.213.1 -3  1  .00 6 9  2 1.94591144858 9 7 8 73 4 1.08 2.04 2.0 5.4  2.0   22.3   31.8   88.2  .02039 0 3 4 0― -.338.20  .31  .1675.95 5.5112.5722.02 41117 5.1911.4919.22 7
20260124토10120011국423 5 27 9 1강 1151맑음건조 31010러브오마인      크리솔라상류     6226.00한암 5 0 0 2 1  106      33000국4전승규한춘택  -3 9 7 9 324 1 2 115  0김용근46151.586평추상52 52 525047.058.043.02651131744 6221310 02018302714 0 099→↘선13.937.138.514.0544937.040.2 76.4 77.3 23 31 1523   13.90   13.40 5  2 -2VUDN53.24541817  .8 5.0 5.8484817-2배당마주배당마주 6기 0 4 4     5 5 9⑩1:16.42½  2.213.740.114.5  3  5  .0010 7 -4 2.98136868021 7 5 7 30 3 1.05 3.02 1.7 2.2  1.7    8.8   12.3   20.412.03080 2 5 6 2―  .738.80 -.18 1.6675.8413.4528.6842.95122641 8.7716.4529.03 5
20251220토 8140011국412 4 6710혼전 4451비  포화161010러브오마인      크리솔라상류     4132.00한암 4 0 0 2 1  10016:05 33000국4전승규한춘택  -310 6 8 224 1 2 114  0송재철45653.075평추보34 41 415019.045.014.91745 91744 6221322 02018192620 0 099→→입14.036.639.514.0811737.239.3 87.1 88.9 25 33 1725   13.60   15.00 3 -2  1HNDN53.24541817 1.8 3.4 5.2525217-2숨은복병배당마주21관 0 2 9     91010⑧1:27.11¾   .913.938.413.4 -3 -4  .00 811  7 1.55163445155 3 710100 1 3.07 4.07     6.1 10.4   40.3   96.0   22.9  .01941-1 3 4-1▽ -.539.30  .4512.8288.66 3.48 8.2314.93 1 4 8 4.5910.8620.1810
20251130일 9160010국422 6 2711 1강 1151흐림다습101010러브오마인      크리솔라상류     4132.00한암 4 0 0 9 1   69      33000국4전승규한춘택  -311 5 7 124 2 2 113  0김용근46052.084평추보27 21 211425.047.027.02651131744 6221310 02018302714 0 099→↘선14.336.340.013.9671736.041.4103.3103.5 36 36  927   14.20   15.00 6  0 -1VUDN53.24541817  .8 3.6 4.4626217-2교체실패보통주행58기 1 4 3   3 4 4 5⑤1:43.33    1.013.641.715.0  1 -8  .00 5 4 -4 1.66923878550 2 6 7 52 2 7.01 3.08 2.1 2.0 28.0   17.7   73.8  101.8  .02024 0 4 5 0―  .040.00  .0627.23103.2 6.6616.2727.00 61829 5.4913.9025.27 5
20251018토 8180011국412 7 6712 1강 1152흐림포화191010러브오마인      크리솔라상류     9133.00한암 4 0 0 2 2  213      33000국4전승규한춘택  -312 4 6 324 1 2 112  0김용근46852.581평추하49 42 423418.045.024.21943 8245710221310 02018302714 0 099↗→선14.340.240.613.9542239.942.7120.1121.3 36 36  927   14.50   14.7014 -3 -1VHUP53.24541817 -.8 4.8 4.0707017 1배당마주배당마주69기 0 4 4 5 5 6 5 6⑩2:00.13    3.314.242.415.0  2  4  .0310 8  6 4.18938908812 8 5 6 40 1 1.05 3.01 1.3 4.6  1.3    6.2    7.6   13.2  .02338 0 4 5 0― -.141.00 -.0740.49118.9 5.8514.7424.19 61829 4.8810.7120.38 7
20250713일 8170010국453 610713 1강 1141흐림양호 61010러브오마인      크리솔라상류     4132.00한암 4 0 0 2 3  45816:05 33000국4전승규한춘택  -313 3 5 524 2 2 111  0이혁  46453.081우추하29 32 3254 9.042.019.2213210273610221314 02018282118 0 099↗↘선14.339.241.213.8903039.541.5113.1113.4 40 40 1030   14.50   14.80 3  6 -2NHDN53.24541817-1.2 6.4 5.2656517-1교체실패배당마주38트 0 7 5 5 6 7 7 4④1:53.12    1.214.541.514.7  2  5  .00 4 2  1 1.94633655647 3 5 6 83 2 4.01 4.03     6.7  7.3   10.4   22.8   16.7  .02036-1 3 5-1▽ -.441.90  .4433.03113.4 4.6510.8719.23 2 511 2.59 5.3610.98 7
20250621토 61800 9국442 8 9714 2강 2258흐림포화191010러브오마인      크리솔라상류     9133.00한암 4 0 0 2 3  52915:35 41250국4전승규한춘택  -314 2 4 224 1 2 110  0이혁  45954.579우추보65 70 707964.060.059.8213210273610221314 02018282118 0 099↗↘선14.340.340.713.8462239.542.1119.9120.7 40 40 1030   15.60   13.60 9-10  2ULUP53.24541817-1.2 6.0 4.8676717 1편성만만마주성향68기 3 1 6 6 5 6 6 6⑤1:59.95    2.014.541.714.8  4  2  .09 5 1 -1 2.48324847226 7 4 1 12 1 5.04 7.08     5.7 10.4   21.4   48.0   27.9  .02888 1 7 7 1△  .740.90 -.9339.71118.922.9643.7759.8034536617.1430.2641.95 2
20250419토 6170011국452 710715 2강 2257비  양호 81010러브오마인      크리솔라상류     4132.00한암 4 0 0 2 4  71415:15 33000국4전승규한춘택  -315 1 3 424 1 2 1 9  0김철호45752.560우추하48 41 416919.046.027.5204017243614221321 02018142025 0 099↗↘추14.339.440.913.9784541.139.2111.7112.4 44 33 1122   14.30   15.50 4  5  0VHDN53.24541817-2.8 6.8 4.0727217-1배당마주거리내려 1기 011 9 9101110 7④1:51.7¾    .315.640.113.6  2  2  .00 4 2 -4 1.41794 83374 4 3 5 43 6 4.03 1.04     7.9  6.8   17.4   32.1   18.0  .02360 1 5 6 1―  .041.50  .3132.13113.3 6.5516.5927.49 82135 4.6711.7624.38 4
20261010토10120011국4 4 4  3 0 3강 3351          1011지플렉스        지몰로지헥사메테 9113.00한수 3 0 1   1    017:55 33000국4박윤규최동근  99 0 8 1 7 7 1 2 3 8  1서승운   57.586강선보50 71 719681.064.046.32137101450 71721 0 017 927261699 0 0↗→선13.636.638.313.88573                   71100 5729   13.40   13.80 5  4  2VB동54.04841412  .6 1.8 2.4848412 0전개최상전개최상34관 011                            13.4    13.8        .0                       4 3 1 2  1                                            12.24192 3 9 9 3★ 1.238.30  .13     75.4518.5933.2646.3414304720.7938.0549.34 1
20260905토10120011국523 2 23 1혼전 4451맑음양호 71011지플렉스        지몰로지헥사메테 9113.00한수 3 0 1 1 1   84      33000혼4박윤규최동근  99 1 7 3 6 7 2 2 2 7  1마이아49056.093강도하93 95 959784.070.055.33555121450 7172139 017 93533 799 0 0↘↗선13.736.738.413.8816936.438.5 74.2 75.2 67100 5033   13.30   13.30 4 -2  2NB동54.04841412 1.0 2.0 3.0808012 0전개최상전개최상41관 0 7 3     3 3 1②1:14.21½   .013.438.413.8  1 -9  .00 2 1  0  .22010401378 2 4 1 12 2 5.01 6.07 1.8 2.1 19.3   10.2   41.0   48.510.54696 4 9 9 4☆ 1.738.60 -.24  .1075.5627.6244.2355.3034536625.5642.3357.93 1
20260808토 8120011국513 3 63 2혼전 4451맑음건조 21011지플렉스        지몰로지헥사메테 9113.00한수 3 0 1 1 1   84      33000국5박윤규최동근  99 2 6 2 5 7 1 2 1 6  1마이아49954.593강도보88 92 929884.069.049.93555121450 7172139 017 93533 799 0 0↘↗선13.736.738.313.8867336.238.6 74.0 75.1 60100 6040   13.40   13.50 6  5  3BN동54.04841412  .8 2.0 2.8828212 0전개최상전개최상68관 1 9 1     1 1 1②1:14.0¾    .013.338.013.3  1  7  .00 2 1 -1  .117 6421186 2 3 1 11 1 9.01 7.09 1.5 5.0 30.6   16.5   51.9   67.810.57599 4 9 9 4☆ 1.938.60 -.04  .0775.5020.6238.1949.9218375322.3337.9151.69 1
20260627토 6120011국454 2103 3혼전 4451맑음건조 41011지플렉스        지몰로지헥사메테 9113.00한수 3 0 0 9 1   95      33000국4박윤규최동근  99 3 5 1 4 7 1 2 0 5  0김용근49252.086강도상96 98 989587.066.040.92651131450 7172133 017 930271499 0 0→↘선13.736.738.614.0844936.538.9 73.6 75.6 50 75 5025   13.60   12.8017 -1 -2VU동55.04801412 1.0 2.0 3.0828212 0적정체중전개최상35관 0 4 2     2 1 1②1:13.6½    .013.437.913.5  0 20  .00 2 2 -2  .03111542577 3 7 2 11 1 5.02 1.04 2.3 5.4 11.6   22.4   55.0  105.110.54699 4 9 9 4☆ 1.438.70  .05  .3075.6715.9030.3540.8612264121.7736.3648.54 1
20260228토 5120011국544 4 93 4혼전 4451맑음건조 31011지플렉스        지몰로지헥사메테 9113.00한수 3 0 0 9 2  335      24750국5박윤규최동근  99 4 4 3 3 7 4 1 0 3  0김태희47954.060우도하87 88 889072.061.030.01160 31038 41721101517 915241699 0 0↗↘입13.736.639.214.0893436.637.9 74.0 74.6 33 67 67 0   13.50   13.80 5 -5  1NN동56.04801412 2.3 1.3 3.7777714 0전개최상보통주행83기 0 5 1     1 1 1①1:14.02½  -.413.637.512.8 -3 -9  .00 1 4  3  .0 71719 692 3 9 5 51 4 4.05 5.01 3.1 8.9  6.2   18.1   31.9  127.410.53467 2 7 8 2▲  .838.50  .08-1.2475.95 9.2619.0530.01 8213510.3221.1833.68 4
20260124토 7120011국533 6 83 5혼전 4451맑음건조 31011지플렉스        지몰로지헥사메테 9113.00한수 3 1 1 2 1   78      24750국5박윤규최동근  99 5 3 2 2 7 3 1 0 2  1김태희48853.562강도보93 98 989585.068.049.61142 71450 71721101517 915241699 0 0↘→입13.836.838.413.1778336.838.7 75.1 75.3 50100 5050   13.60   13.90 3  1  0BUDN56.04801412 1.5 1.5 3.0808012-2전개최상전개최상 5관 010 2     3 3 3⑤1:15.11¼   .413.538.813.8  4 -1  .00 5 1 -1  .62527462970 3 3 1 22 3 2.08 2.09 2.3 4.8  3.6   48.9   79.4   65.510.54394 4 9 9 4☆ 1.538.50 -.16  .1275.6122.3038.6449.5512264126.0042.2553.47 1
20260104일 3140011국512 6 63 6혼전 4451맑음다습121011지플렉스        지몰로지헥사메테 5435.00한수 3 1 1 1 1   5012:05 24750국5박윤규최동근  99 6 2 1 1 7 2 1 0 1  1김태희48953.561강도보99 99 999784.066.041.61142 71450 71721101517 915241699 0 0↘→입13.836.539.213.1889236.539.5 88.1 88.1100100100**   13.70   13.40 5  8 -3BUUP56.04801412  .0 1.0 1.0969612 2전개최상전개최상43관 1 9 1     1 1 1⑤1:28.1½    .613.639.613.9  3  9  .00 5 2  1  .92222523264 3 1 1 21 2 5.09 6.05     6.0 13.9  158.0  471.0   90.210.56494 4 9 9 4☆ 1.539.20 -.0112.4288.3817.7532.1941.5618375319.4932.9244.80 1
20251129토 1120012국610 6 63 7 1강 1155맑음다습101011지플렉스        지몰로지헥사메테 9113.00한수 2     9 1  11010:35 24750국6박윤규최동근  99 7 1 1 1 7 1 0 0 0  0김태희48056.062평무보97 25 2591  .062.053.11142 71450 71721101517 9152416      ↘→입14.036.738.412.9999836.837.6 74.3 74.6              14.00   13.20        NN동       12 0         2.0     0 0일반주행전개최상49기 0 1 1     1 1 1①1:14.32½  -.413.738.113.4  0  8  .00 1 1  0  .0 62512 594 3 4 4 31 1 1.03 1.02     4.4  1.6    5.3    7.5   69.6  .04160 1 6 7 1―  .838.40 -.19 -.5275.5618.6037.2553.09143047 8.3316.6725.00 1
