20260815토 1100010국6 0 6  5 0 2강 2251           1 1루움축제        CONNECT 루움     3312.00한암 2 0 0   1    012:55 24750국6안병기김종근  -1 0 3 2 2 2 2 0 0 2  0김용근   52.586하무하50 37 376449.056.038.82754142358 718 0 0 01810312614      ↘↘선13.836.938.114.28010                    0  0 50 0   13.90   15.30 6  0 -1HHDN       1310 2.0 5.5 7.5131310-3교체실패최적거리 1   0 1                            13.9    15.3        .0                       3 5 8 3  2                                              .01949 0 5 5 0―  .538.10 -.12     62.7610.9825.0238.81153246 8.5120.5435.05 5
20260704토 31300 9국653 7 55 1 1강 1155흐림건조 5 1 1루움축제        CONNECT 루움     8930.00한암 2 0 0 1 1   98      16500국6안병기김종근  -1 1 2 2 1 2 1 0 0 1  0김용근47653.585하무보13  9  91813.034.015.62754142358 718 0 0 01810312614      ↘↘선13.837.340.614.261 436.741.9 84.8 84.6  0  0  0 0   13.80   14.50 5 -8  1HNUP       1310  .0 6.0 6.0 8 810 3일반주행거리속성74기 1 1 5     4 3 7⑨1:24.81¾  2.413.942.215.3  4-11  .00 9 5 -1 2.68411958819 710 7 70 1 2.01 9.06 2.8 3.8  3.1    3.8    7.2   12.2  .01523-2 2 2-2▽-1.040.10 -.29 6.7083.87 2.41 7.9215.57 3 817 2.27 8.8120.96 5
20260530토 1100010국610 9 15 2혼전 4455맑음양호 7 1 1루움축제        CONNECT 루움     3312.00한암 2     9 1  100      24750국6안병기김종근  -1 2 1 2 1 2 1 0 0 0  0송재철48753.077평무보74 25 2539  .037.020.01744 82358 718 021 01810192520      ↘→입14.537.837.412.8478937.339.9 65.3 64.4              14.50   13.10 4  0  0LN동       10 0         2.0     0 0일반주행보통주행33기 0 9 4     4 8 7⑥1:05.33    3.213.840.314.5  0 12  .00 6 6  0 3.28542938413 9 6 6 70 1 1.02 2.01 1.4 3.0  1.4    3.0    3.8    8.5  .01524-2 3 3-2▽-1.137.60  .32-10.962.87 5.5111.9019.95 2 61010.0020.0030.00 9
20260815토 1100010국6 0 6  5 0 2강 2251           1 2라온폴리스                              한암 2       1    012:55 24750국6이강서손천수   1 0 1 1 1 0 1 0 0 0  0장추열   52.593평무보62 84 8497  .071.071.8295012759950 086 0 060  202722      ↘↗입14.036.837.613.69979                                14.00   13.90        NN동       10 0         5.0     0 0일반주행전개최상 1   0 2                            14.0    13.9        .0                       2 1 1 1  1                                              .04184 2 8 8 2▲ 1.637.60 -.77     62.4333.4957.2671.7937566912.7723.7834.02 2
20260815토 1100010국6 0 6  5 0 2강 2251           1 3수미강자        미스터크루비캔터 8117.00한암 2 0 0   1    012:55 24750국6이동국김길중  -2 0 2 1 2 1 2 0 0 1  0송재철   52.577평무보50 44 4410  .038.016.91744 81360 7 81021 021 6192520      ↘→입14.438.038.313.815 1                                14.40   14.10 7 -7 -1NN동       10 0        11.0     0 0교체실패탐색우려 1   0 3                            14.4    14.1        .0                       7 9 7 7  2                                              .019 9-2 3 3-2▽ -.838.30 -.16     63.48 3.26 7.8616.94 2 71612.7723.7834.02 3
20260627토 1100011국610 7 65 1혼전 4455맑음건조 4 1 3수미강자        미스터크루비캔터 8117.00한암 2     9 1  120      24750국6이동국김길중  -2 1 1 1 1 1 1 0 0 0  0송재철46753.077평무보13 25 25 4  .030.0 7.41744 81360 7 81021 021 6192520      ↘→입14.438.438.313.5 5 137.739.3 64.3 64.6              14.40   13.80 4  0  0LN동       10 0         4.0     0 0일반주행탐색우려46기 01011    11 8 8⑪1:04.32½  1.814.439.014.1  2  2  .0111 9  0 2.28765858329111011 90 1 4.02 8.05 1.2 3.5 14.2   29.4   60.3   77.8  .015 3-4 2 2-4▼-1.737.00 -.07-12.163.70 1.00 2.58 7.43 2 610 8.8917.6027.1610
20260815토 1100010국6 0 6  5 0 2강 2251           1 4시티오브드림    레이스데해피우먼 6028.00한암 2 0 0   1    012:55 24750국6박재우(주)제주 0 0 2 1 2 1 2 0 0 1  0루이스   52.571하입보50 55 557453.055.034.02042111845 922 017 02113192517      ↗↘입13.636.738.214.39212                    0  0100 0   13.60   14.10 5 -6 -1HH동       1010  .0 8.0 8.0444410 0일반주행보통주행 1   0 4                            13.6    14.1        .0                       1 7 3 4  2                                              .01545 0 6 4 0―  .438.20  .07     62.71 9.5221.2034.04 82233 8.5120.5434.02 6
20260712일 1100011국640 7 95 1혼전 4459맑음다습12 1 4시티오브드림    레이스데해피우먼 6028.00한암 2     2 1   70      24750국6박재우(주)제주 0 1 1 1 1 1 1 0 0 0  0루이스44153.571평무보73 25 2543  .036.019.12042111845 922 017 02113192517      ↗↘입14.136.738.413.899 236.640.0 63.7 64.3              14.10   14.10 4  0  0LN동       10 0         5.0     0 0일반주행보통주행52기 110 5     5 5 7⑧1:03.71    1.213.639.414.1  0 -2  .00 8 8  0 2.48315937444 2 9 7 82 1 1.02 4.07 2.2 5.5  2.2    5.5    9.0   33.6  .01532-1 3 3-1▽ -.938.60  .40-10.862.82 5.6412.8619.10 2 61212.0022.3433.61 6
20260815토 1100010국6 0 6  5 0 2강 2251           1 5화이트선더      한센    어바이드 7424.00한암 2 0 0   1    012:55 24750국6최용건양동희   2 0 2 1 2 1 1 0 0 1  0코지     52.586평무하50 72 727991.069.066.8285418285312221638 02714233119      ↗↘입13.636.937.913.28037                    0  0  0 0   13.60   13.50 6 -6 -1NH동       1010 4.0 2.0 6.0676710 0교체실패연대우수 1   0 5                            13.6    13.5        .0                       4 3 2 2  1                                              .03783 2 8 9 2▲ 1.537.90 -.82     62.6529.8454.3466.8019405535.1160.5475.26 1
20260704토 1100011국610 8 15 1혼전 4455흐림건조 5 1 5화이트선더      한센    어바이드 7424.00한암 2     1 1  100      24750국6최용건양동희   2 1 1 1 1 1 1 0 0 0  0서승운45053.586평무보87 25 2575  .051.026.9253817285312221621 02714283016      ↗↘선15.037.437.412.7769936.938.8 63.1 63.1              15.00   13.00 4  0  0NN동       10 0         2.0     0 0일반주행우수혈통57기 111 6     6 7 8⑥1:03.1머리  .513.638.613.5  4 -9  .00 6 2  0  .65027715066 6 2 6 50 1 8.11 5.03 1.8 3.3 29.5  616.0 1167.1  964.5  .01945 0 5 6 0―  .037.70  .33-11.762.65 6.5216.9726.93 8172911.3221.5732.71 8
20260815토 1100010국6 0 6  5 0 2강 2251           1 6쏘아라타타                              한암 2       1    012:55 24750국6이관호현태봉   1 0 1 1 1 0 3 0 0 0  0임다빈   52.576평무보26 15 15 5  .027.0 7.91527 8214011202714442222142424      →↗추14.338.438.313.4 2 1                                14.30   13.70        LN동       10 0         8.0     0 0일반주행부진마필 1   0 6                            14.3    13.7        .0                      101010 9  1                                              .015 1-4 1 2-4▼-1.738.30 -.10     63.70 1.03 2.71 7.92 1 4 912.7723.7834.02 4
20260815토 1100010국6 0 6  5 0 2강 2251           1 7퀸즈임팩트      닉스고  티즈디터        한암 2 0 0   1    012:55 24750국6박재우박남성  -1 0 2 1 2 1 1 0 0 1  0다실바   52.585하무보50 49 496233.046.025.714 0101845 92230 0 02113223013      ↗↗입14.037.237.613.46969                    0  0  0 0   14.00   13.7011  3 -1LH동       1010-1.0 4.0 3.0323210 0마방연대마방연대26관 0 7                            14.0    13.7        .0                       6 2 5 5  1                                              .02942-1 4 4-1▽ -.237.60  .36     62.65 6.1915.2725.69 71425 7.4515.1424.74 7
20260530토 1100010국610 9 15 1혼전 4455맑음양호 7 1 7퀸즈임팩트      닉스고  티즈디터        한암 2     9 1  200      24750국6박재우박남성  -1 1 1 1 1 1 1 0 0 0  0코지  45253.086평무보61 25 2558  .054.041.22854181845 9223020 02113233119      ↗↘입14.337.338.112.9762737.038.3 63.7 62.7              14.30   13.20 4  0  0NN동       10 0         9.0     0 0일반주행마방연대44기 0 4 7     7 5 3③1:03.79    1.614.038.713.7 -1 -5  .00 3 4  0 1.63635544136 6 8 8 30 1 1.02 2.01 1.4 3.0  1.4    3.0    3.8    8.5  .02146 0 5 6 0―  .237.70 -.38-12.762.9816.0330.3241.1718375310.0020.0030.00 4
20260815토 1100010국6 0 6  5 0 2강 2251           1 8브릴리언트      한센    특별스타 7424.00한암 2 0 0   1    012:55 24750국6서인석홍상기   2 0 2 1 2 1 2 0 0 1  0이용호   52.566하무보50 55 5518 3.032.011.91755 71846 9181017251912191820      →↘자14.438.237.913.01244                    0  0  0 0   14.40   13.30 7  4 -1BH동       1010-2.011.0 9.0444410 0우수혈통거리난점 1   0 8                            14.4    13.3        .0                       9 4 4 8  2                                              .021 7-3 2 1-3▼-1.337.90  .08     63.37 1.45 4.9211.91 1 613  .12 2.16 6.19 9
20260627토 1100011국610 7 65 1혼전 4455맑음건조 4 1 8브릴리언트      한센    특별스타 7424.00한암 2     9 1  120      24750국6서인석홍상기   2 1 1 1 1 1 1 0 0 0  0이용호42153.066평무보52 25 2542  .030.0 7.51755 71846 9181017251912191820      →↘자14.537.437.913.2694138.138.6 63.7 64.0              14.50   13.50 4  0  0NN동       10 0         8.0     0 0일반주행우수혈통44기 1 410    1010 9⑨1:03.71    1.214.438.313.3 -2 -1  .00 911  0 1.67677667844 4 4 5 80 1 4.02 8.05 1.2 3.5 14.2   29.4   60.3   77.8  .01511-3 2 2-3▼-1.637.90  .62-11.362.93 1.21 2.82 7.54 2 714 8.8917.6027.16 5
20260815토 1100010국6 0 6  5 0 2강 2251           1 9블루호라이즌    에어포스윈에이저 1022.00한암 2 0 0   1    012:55 24750국6토니  페가수스 0 0 3 2 3 2 2 0 0 2  0조상범   52.558하입상50 45 452713.039.018.4 926 62652131921 0 02519132217      ↗→입13.837.038.214.28013                    0  0  0 0   13.80   14.00 5  3 -1NH동       1010-2.5 9.5 7.0282810 0일반주행보통주행 1   0 9                            13.8    14.0        .0                       5 8 6 6  2                                              .01515-2 3 3-2▽ -.738.20  .38     62.87 3.20 8.6918.37 51221 2.13 7.5716.49 8
20260712일 1100011국640 7 95 1혼전 4459맑음다습12 1 9블루호라이즌    에어포스윈에이저 1022.00한암 2 0 0 2 1   70      24750국6토니  페가수스 0 1 2 2 2 2 1 0 0 1  0조상범41853.558하무보 8  7  721 5.025.0 9.7 926 62652131921 0 02519132217      ↗→입13.836.938.214.981 936.939.6 63.5 64.1  0  0  0 0   13.80   15.20 6 -4  1NN동       1010-1.0 9.0 8.0 5 510 0최빈거리부진마필70기 0 6 6     6 6 4⑥1:03.51¼  1.013.839.014.0 -4  9  .00 610  1 2.27928897150 4 7 4112 1 1.02 4.07 2.2 5.5  2.2    5.5    9.0   33.6  .0 9 6-3 1 1-3▼-1.738.40  .66-11.062.82 1.77 3.87 9.68 0 1 5 1.00 3.05 5.7411
20260530토 1100010국610 9 15 2혼전 4455맑음양호 7 1 9블루호라이즌    에어포스윈에이저 1022.00한암 2     9 1  120      24750국6토니  페가수스 0 2 1 2 1 2 1 0 0 0  0푸르칸40953.079평무보37 25 2527  .042.026.3215615265213192111 02519142421      ↗↗추14.437.338.313.076 136.840.7 65.8 64.8              14.40   13.30 4  0  0NN동       10 0         7.0     0 0일반주행보통주행42기 010 5     5 4 6⑧1:05.82½  3.713.841.115.2 -1 -1  .00 8 9  0 3.79024989010 510 9 60 1 1.02 2.01 1.4 3.0  1.4    3.0    3.8    8.5  .01521-1 3 6-1▽ -.738.20 -.06-10.863.09 6.3214.1926.25 5132210.0020.0030.0010
20260815토 1100010국6 0 6  5 0 2강 2251           110풀스윙          콘서트투블루드리 11 9.00한암 2 0 0   1    012:55 24750국6심승태장지만   0 0 2 1 2 1 1 0 0 1  0김태훈   52.572하무보50 28 28 6 3.029.0 7.71856 81450 812 015 01313122521      ↗→입14.238.138.112.91312                    0  0  0 0   14.20   13.20 4  0 -1HH동       1010-2.011.0 9.0 8 810 0최빈거리거리난점 1   010                            14.2    13.2        .0                       8 6 910  1                                              .0 9 8-4 1 4-4▼-1.638.10  .15     63.43 1.10 2.78 7.72 1 4 8  .12 2.16 6.1910
20260718토 1100011국630 4 85 1 1강 1135비  불량20 110풀스윙          콘서트투블루드리 11 9.00한암 2     2 1   60      24750국6심승태장지만   0 1 1 1 1 1 1 0 0 0  0조상범42553.558평무보15 25 2518  .024.0 3.1 926 61450 812 0 7 01313132217      ↗→입14.337.938.312.935 138.139.9 64.1 65.4              14.30   13.20 4  0  0LN동       10 0         6.0     0 0일반주행보통주행 5   01010    101010⑨1:04.18    3.214.238.813.2 -2 -1  .00 911  0 3.495769394 8 9 910110 1 7.03 8.06 2.5 4.7 28.5   53.5  183.2  149.1  .015 4-4 1 2-4▼-2.037.70  .30-10.863.43  .12 1.64 3.10 1 3 5 6.3813.6623.9010
20260815토 2140011국6 3 9  9 0혼전 4451           2 1에클레어윈드    위드디스에클레어 2230.00한암 3 0 0   1    013:45 16500국6전승규(주)엑스 0 0 6 6 3 5 5 0 1 5  0송재철   54.077평추보50 67 673925.045.021.01744 81948 6222023 01819192520      ↘→입14.237.340.013.93422                   20 20  0 0   14.60   14.10 5 -6 -1HH동       1412 -.6 5.6 5.0575714 0일반주행최적거리 1   0 1                            14.6    14.1        .0                       8 8 3 7  5                                              .01526-3 4 1-3▼ -.640.00 -.44     89.48 6.0313.1321.03 41118 7.3517.8127.39 6
20260711토 31400 8국631 9 89 1 2강 2251맑음다습14 2 1에클레어윈드    위드디스에클레어 2230.00한암 3 0 0 2 1   78      24750국6전승규(주)엑스 0 1 5 5 2 5 4 0 0 4  0송재철44555.077평추보68 63 634216.050.031.51744 81948 6222023 01819192520      ↘→입14.237.340.113.8351937.239.6 89.2 88.3  0  0  0 0   14.20   14.10 4 -2  0NN동       1412 -.3 6.0 5.8505014 0일반주행최적거리54관 0 7 7     8 7 5②1:29.210    .014.639.914.1 -2 -6  .00 2 4 -4 1.82254545591 5 4 4 53 4 1.04 1.07 2.0 3.5  2.0    7.7   11.7    8.4  .01540 0 3 3 0―  .038.50 -.7910.8989.55 6.8218.4431.50 51325 3.4510.4720.99 6
20260614일 3140011국630 8 89 2 3강 3351흐림건조 3 2 1에클레어윈드    위드디스에클레어 2230.00한암 3 0 0 2 1   68      24750국6전승규(주)엑스 0 2 4 4 1 5 3 0 0 3  0송재철45155.077평추보41 61 613123.047.020.61744 81948 6222023 01819192520      ↘→입14.237.340.113.8341937.139.5 89.9 88.6  0  0  0 0   14.50   14.10 6  1  0BNUP       1412 -.7 5.3 4.7515112 1일반주행거리부담 5   0 9 8     7 7 8⑨1:29.91    1.114.240.114.1  1-12  .00 9 8  3 1.33044504547 5 8 7 70 3 3.04 1.06 2.1 5.0  5.5   18.5   35.6   14.9  .01530 0 3 4 0― -.238.50 -.5011.1989.55 4.4711.4320.58 31016 4.9012.1222.22 7
20260502토 2130011국651 9 59 3 3강 3351흐림건조 3 2 1에클레어윈드    위드디스에클레어 2230.00한암 3 0 0 1 1  119      16500국6전승규(주)엑스 0 3 3 3 1 5 2 0 0 2  0송재철46355.077평추보35 39 3918 8.033.016.61744 81948 6222023 01819192520      ↘→입14.237.839.613.7334837.639.9 84.9 83.6  0  0  0 0   14.20   13.90 4  2  0BNUP       1312-1.0 5.5 4.5474712 1일반주행거리속성 5   0 811    1010 9⑤1:24.9½    .714.540.614.1  0  2  .00 5 5  0 1.0624969676210 3 6 53 2 1.02 9.06 2.0 4.8  2.0    4.8    7.3    7.7  .015 7-4 2 1-4▼-1.339.40 -.01 6.2483.55 2.56 7.9016.56 31222 2.94 6.8513.04 7
20260404토 1120010국630 7 89 4 1강 1151맑음양호 7 2 1에클레어윈드    위드디스에클레어 5425.00한암 3 0 0 1 1   84      16500국6전승규(주)엑스 0 4 2 2 2 5 1 0 0 1  0송재철46155.077평무보68 83 834821.041.021.41744 81948 6222023 01819192520      ↘→입14.537.938.513.2138537.239.3 76.9 76.4  0  0  0 0   14.50   13.50 3  5  1BN동       1212-1.0 6.0 5.0646412 0최빈거리거리난점 5   0 6 7     7 7 5④1:16.91¼  1.714.239.613.9 -1 -8  .00 4 5 -1 1.86050676531 7 4 4 53 1 1.03 1.08 1.9 3.6  1.9    4.9    7.5   15.1  .01136-1 3 2-1▽ -.537.80  .01 -.0376.28 5.0412.7321.41 71828 3.20 8.7012.23 7
20260314토 1120011국620 6 29 5 1강 1155맑음양호 7 2 1에클레어윈드    위드디스에클레어 5425.00한암 3     2 1   63      24750국6전승규(주)엑스 0 5 1 1 1 5 1 0 0 0  0장추열46954.093평무보72 25 2550  .032.014.62950121948 6222027 01819202722      ↘↗입14.738.038.412.9269437.538.5 76.0 75.8              14.70   13.20 4  0  0NL동       12 0         5.0     0 0일반주행보통주행 5   0 1 9     7 6 6⑤1:16.01¼   .614.538.513.5 -1 15  .00 5 6  0 1.8396636476210 6 8 80 1 1.03 5.02 1.6 2.2  1.6    5.2    6.7   43.6  .01522-3 2 1-3▼-1.237.50  .18 -.5776.28 2.44 7.5614.64 3 817 7.6414.8625.93 3
20260815토 2140011국6 3 9  8 0혼전 4451           2 2피엔에스미      파워블레미스블루 6734.00한암 5 0 0   1    013:45 16500국6박윤규피엔에스 2 016301731 1 0 031  0다실바   54.087하입보50 54 543714.050.027.014 0101546 817 9 0 017 9223013 099 0↗↗입13.937.339.814.02722                    3  7 13 3   14.50   14.40 3 -8  1HN동53.74741714-2.0 8.6 6.6414117 0일반주행보통주행 1   0 2                            14.5    14.4        .0                       9 4 8 5  1                                              .01546-1 3 4-1▽ -.139.80 -.48     89.34 7.7115.6426.96 81729 4.41 9.5918.67 9
20260725토 3140011국641 9 98 1혼전 4451맑음다습11 2 2피엔에스미      파워블레미스블루 6734.00한암 5 0 0 9 1   38      16500국6박윤규피엔에스 2 115291631 2 0 030  0권중석47653.067평입상55 73 735145.061.042.11341 51546 817 9 71117 9181819 099 0↘→선13.937.339.714.0252737.840.5 91.8 90.8  3  7 14 3   14.00   14.30 3  4  0BH동53.74741714-2.4 8.4 6.0474714 0착차만회작전마주 5   010 9     91011⑩1:31.85    2.814.540.814.4  2 -1  .0010 8  2 3.58882798816 7 1 2 40 2 2.01 4.05 3.1 4.9  3.2    4.9    8.7  159.3  .02353 0 6 5 0―  .839.00 -.8113.7789.2814.2428.3642.1210223512.5018.6733.75 5
20260705일 11400 8국630 9 38 2 2강 2255흐림건조 4 2 2피엔에스미      파워블레미스블루 6734.00한암 5 0 0 1 1   50      16500국6박윤규피엔에스 2 214281531 1 0 029  0권중석47753.067하입상45 47 4730 7.038.026.81341 51546 817 9 71117 9181819 099 0↘→선13.937.439.714.0182437.039.5 90.3 88.6  0  7 11 4   14.40   14.10 3  0 -1NHUP54.04721714-2.0 9.0 7.0434313 1최빈거리보통주행 5   0 6 4     5 5 4④1:30.31¼   .214.040.314.3 -2  1  .00 4 6 -5  .53442565076 4 3 4 52 1 3.04 1.04 2.0 3.0  3.5   17.1   27.8   16.4  .01323-2 3 2-2▽ -.838.40 -.4811.4889.34 6.3413.7326.76 71425 5.5611.7622.60 5
20260613토 2130011국622 8 78 3 1강 1141맑음건조 3 2 2피엔에스미      파워블레미스블루 6734.00한암 5 0 0 2 1   59      16500국6박윤규피엔에스 2 31327 231 3 0 028  0김성현47654.058하입보 8 33 3322 6.039.020.41540101546 817 913 717 9162319 099 0↗↘입14.037.639.414.0354138.039.1 84.0 82.9  0  4 11 4   14.00   14.50 2 -3  0NNDN54.04721714-1.4 8.8 7.4404014-1일반주행거리속성 5   0 6 7     8 8 7⑤1:24.02½  1.214.439.814.1 -6  2  .00 511  2 1.43470415345 7 2 8 63 4 2.07 7.05 1.9 5.4  4.7   16.4   30.5   67.8  .01528-1 2 2-1▽ -.639.40  .15 5.8783.29 4.9211.7420.36 3 817 1.69 7.4615.00 7
20260531일 3140011국610 9 18 4 2강 2257맑음양호 7 2 2피엔에스미      파워블레미스블루 6734.00한암 5 0 0 9 1   28      16500국6박윤규피엔에스 2 412261431 2 0 027  0김성현47454.058하입보17 22 2226 5.038.018.21540101546 817 913 717 9162319 099 0↗↘입13.937.439.714.0172237.339.7 92.0 90.0  0  4 12 0   14.40   14.60 4 -1  0LN동54.04701714-1.2 8.6 7.4383814 0최빈거리작전마주 5   0 9 5     5 5 6⑥1:32.02½   .914.040.814.5 -3  2  .00 6 9  0  .97660576255 7 3 7 52 3 3.02 3.11 1.4 2.6  9.3   23.3   60.4  154.8  .02020-1 2 2-1▽ -.838.70 -.2412.9089.34 3.38 8.3718.23 71425 1.56 4.72 9.81 5
20260503일 2140011국651 9 58 5 1강 1139비  다습10 2 2피엔에스미      파워블레미스블루 6734.00한암 5 0 0 1 1   69      24750국6박윤규피엔에스 2 511251331 1 0 026  0김성현47254.058하입보34 45 4521 8.036.016.41540101546 817 913 717 9162319 099 0↗↘입13.937.439.714.0172237.740.5 91.4 90.5  0  4  8 0   14.50   14.00 6 -1 -1LN동54.04701714-1.2 8.0 6.8444414 0최빈거리급신장세 5   010 8     7 6 7⑧1:31.43    2.214.440.714.6 -1 11  .00 8 9  2 2.88579798823 8 2 4 60 2 2.01 1.03 2.5 4.6  3.9    4.6    9.4   13.6  .0 917-2 2 1-2▽-1.038.90 -.1913.4089.34 2.76 8.9916.40 71425 4.17 9.5216.85 5
20260322일 2140011국641 9 98 6 3강 3359맑음건조 5 2 2피엔에스미      파워블레미스블루 6734.00한암 5 0 0 2 1  114      16500국6박윤규피엔에스 2 610241231 1 0 025  0송재철46155.077평입보32 48 483643.056.031.41744 81546 817 9 02217 9192520 099 0↘→입13.937.339.714.0262238.439.0 91.4 89.5  0  4  8 0   14.40   13.80 5  4  1VN동54.04701714-1.4 7.6 6.2454514 0일반주행급신장세 5   011 7     7 7 7⑦1:31.4코   1.114.539.814.0  0 -5  .00 7 7 -2 1.86395337248 5 2 3 50 1 2.01 5.02 3.0 5.8  3.5    5.8   11.2   11.3  .02056 0 6 5 0―  .438.70 -.5212.4989.28 8.2718.9531.44102236 9.8423.7035.94 4
20260215일 3140011국641 9 98 7혼전 4451맑음건조 3 2 2피엔에스미      파워블레미스블루 6734.00한암 5 0 0 2 1   81      16500국6박윤규피엔에스 2 7 9231131 1 0 024  0김성현46654.058하입보21 26 2626 7.034.0 9.01540101546 817 913 717 9162319 099 0↗↘입14.037.339.814.0301938.539.0 91.3 89.4  0  0  9 0   15.10   14.80 5 -3 -1NNDN54.04701714-1.6 8.0 6.4363614-3일반주행최적거리 5   0 7 9     9 8 8⑨1:31.3목   1.014.440.013.8  0 -1  .00 9 9 -1 1.16196357753 7 3 7 80 1 3.01 6.03 2.7 6.5  5.2    6.5   15.8   12.6  .01520-2 2 2-2▽-1.338.70 -.0112.3089.34  .84 3.24 9.01 2 714 2.50 5.9212.74 9
20260110토 4170011국651 8108 8혼전 4451강풍양호 8 2 2피엔에스미      파워블레미스블루 6734.00한암 5 0 0 2 1  102      16500국6박윤규피엔에스 2 8 822 831 1 0 023  0김용근46755.085하입보28 34 342722.054.021.92754141546 817 933 017 9312614 099 0↘↘선14.039.741.514.0512440.642.1115.5114.4  0  0  9 0   14.10   13.90 2  3  0BNUP54.04701714-1.0 7.2 6.2333314 3일반주행거리속성 5   010101010 8 8 8⑦1:55.55    1.715.142.514.8 -3 -3  .00 710  2 1.87382768832 5 6 6 50 1 5.04 6.03 2.8 7.0  9.2   28.5   62.7   30.3  .01551 0 4 5 0―  .241.50 -.0533.16113.9 4.7912.6921.85 81729 4.5511.4321.90 5
20251228일 3140011국621 8 28 9 1강 1141흐림다습12 2 2피엔에스미      파워블레미스블루 6734.00한암 4 0 0 9 1   3011:25 16500국6박윤규피엔에스 2 9 7211031 1 0 022  0김태희47055.061하입보29 35 3536 8.036.013.61145 61546 817 911 317 9152416 099 0↘→입13.936.939.813.9591937.439.9 90.1 89.4  0 10 14 5   14.40   13.80 3  2  4NL동54.04701714-1.0 7.2 6.2363617 0일반주행급신장세 5   0 7 6     8 8 8⑥1:30.12    1.214.140.313.9 -2 -6  .00 6 8  2 2.16568687546 4 7 9 80 6 1.06 1.10     2.3  1.7   13.5   18.9   34.6  .01521-2 2 2-2▽-1.039.10  .1112.7489.07 2.38 7.1913.59 1 3 6 2.11 5.0310.07 9
20251206토 4140011국631 7 8810 2강 2251맑음양호 9 2 2피엔에스미      파워블레미스블루 6734.00한암 4 0 0 1 1   6312:45 16500국6박윤규피엔에스 210 620 931 2 0 021  0우인철47651.073하입상53 49 495466.067.044.82048101546 817 9 0 017 9102623 099 0↘↘입13.936.839.814.0671937.239.7 89.6 89.3  0 10 20 0   14.60   14.10 3  3  0NUDN54.04701714-1.8 7.6 5.8393914-3일반주행작전마주58기 0 5 8     7 7 6⑤1:29.61¾  1.114.439.613.8 -1  4  .00 5 6  1 2.66054606248 2 4 5 40 2 3.0211.07     3.4  3.8    5.8   13.0  119.6  .03057 2 6 6 2― 1.339.20 -.6512.7289.0012.6528.1544.81 82233 8.7322.2232.11 4
20251115토 5170011국621 9 2811 2강 2252맑음건조 3 2 2피엔에스미      파워블레미스블루 6734.00한암 4 0 0 2 1  128      16500국6박윤규피엔에스 211 519 731 1 0 020  0우인철47251.073하입보 8  9  9 9 3.033.012.52048101546 817 9 0 017 9102623 099 0↘↘입13.939.541.714.0641739.540.6115.1112.8  0  5 21 0   14.70   15.50 3 -8 -4HU동54.04701714-1.0 8.2 7.2303014 0일반주행거리속성 5   0 2 3 3 2 5 4 3④1:55.1½   1.014.640.914.1 -1 -7  .00 4 5 -6 1.42731392653 3 510 52 1 1.04 6.05 1.6 2.1  1.6   12.8   17.8    8.7  .01522-3 2 1-3▼-1.241.50  .1631.62113.9 1.59 5.6112.54 71425  .12 2.78 8.78 6
20251026일 4170011국611 9 6812혼전 4439흐림양호 6 2 2피엔에스미      파워블레미스블루 6734.00한암 4 0 0 9 1  184      16500국6박윤규피엔에스 212 418 631 1 0 019  0해리카47955.066하입보15 14 14 7 7.032.0 7.61444111546 817 9181317 9172612 099 0↗→입13.939.641.514.0572739.743.0117.3115.2  0  6 22 0   13.80   14.60 3  9  3BNUP54.04701714 -.6 6.8 6.2333314 3일반주행거리속성 5   010 6 6 5 5 5 9⑩1:57.33    3.114.743.815.5 -1  8  .001011  5 3.48641908914 5 511110 4 1.06 3.06 2.0 8.1  2.0   16.0   22.1  136.0  .01510-4 2 1-4▼-1.541.70  .3334.05113.8 1.26 3.57 7.58 1 2 5 3.57 7.3013.9811
20251003금 4140011국631 8 8813 3강 3353흐림다습11 2 2피엔에스미      파워블레미스블루 6734.00한암 4 0 0 1 2  23915:20 16500국6박윤규피엔에스 213 317 831 2 0 018  0이상규47152.055하입상61 59 594839.053.027.0 4 0 41043 317 9 4 017 9132314 099 0→↘입13.937.139.713.9402437.140.8 91.5 90.5  0  6 24 0   13.90   14.00 3 -8  0UU동54.04701714 -.4 6.4 6.0363614 0착차만회최적거리 5   0 1 5     4 4 5⑥1:31.52    2.813.841.014.6  0  1  .00 6 6 -2 3.08546858414 5 3 3 62 2 2.0111.10     3.6  3.3    3.6    6.8   18.4  .02346 0 5 3 0―  .139.10 -.3013.6789.14 6.1316.4126.97 31222 6.7421.2827.84 5
20250913토 5140010국621 9 7814 1강 1151맑음포화19 2 2피엔에스미      파워블레미스블루 6734.00한암 4     2 2  30116:35 16500국6박윤규피엔에스 214 216 731 1 0 0 0  0이상규47052.055하입상19 16 16 6 5.030.0 9.1 4 0 41043 317 9 4 017 9132314 099 0→↘입14.037.339.713.9282736.039.9 89.0 88.1  0  0 19 0   14.40   14.0038 -1 -2LU동54.04701714 -.6 6.4 5.8282814 0일반주행휴양불리35기 0 9 2     3 3 2⑥1:29.0머리  .613.939.814.0 -2  0  .00 6 8  0 1.416 4682765 5 4 8 92 1 3.07 4.03     4.1  8.6   45.2   89.4  171.6  .015 8-4 1 1-4▼-1.538.40  .0511.0589.28 1.52 4.27 9.07 1 4 9 1.54 4.35 7.4710
20241215일 3140010국630 8 3815 2강 2255맑음양호 8 2 2피엔에스미      파워블레미스블루 6734.00한암 3 0 0 2 6 107412:05 16500국6박윤규피엔에스 215 115 631 3 0 016  0김태희47054.057하입하 6  6  618 4.029.0 5.61050 811201017 911 317 9152416      →→입14.037.439.513.9243336.739.7 90.9 88.9  0  0 20 0   15.00   14.70 4  3  0NH동       1714 -.6 6.4 5.8292914 0발길대로보통주행 1   010 4     4 4 4③1:30.94     .714.040.814.2 -5  2  .00 3 8  0  .94528614760 5 5 9102 5 2.01 5.06     2.8  2.9    2.8    5.7   22.7  .013 6-4 1 1-4▼-1.838.50  .2012.0089.21  .27 1.89 5.55 1 4 8 1.05 3.35 7.5510
20260815토 2140011국6 3 9  9 0혼전 4451           2 3클레어프리덤    프리덤차스마트파 7223.00한암 3 0 0   1    013:45 16500국6문병기박민지   2 0 7 7 4 6 2 0 1 6  0김효정   54.067기선적50 67 678446.059.042.61752 726511027201820282919221799 0 0↗→선13.536.640.013.37717                   50 50 50 0   13.60   14.90 5  2 -1HU동55.04441414 -.6 5.4 4.8585814 0전개최상작전마주 1   0 3                            13.6    14.9        .0                       1 5 2 3  6                                              .03466 0 6 5 0―  .640.00 -.59     89.0017.1231.6742.6112264116.1826.0337.34 4
20260712일 31400 8국641 9 49 1혼전 4451맑음다습12 2 3클레어프리덤    프리덤차스마트파 7223.00한암 3 0 0 2 1   68      16500국6문병기박민지   2 1 6 6 3 6 1 0 1 5  0김효정44655.067기선적79 86 869474.071.067.01752 726511027201820282919221799 0 0↗→선13.536.840.413.3641936.540.6 89.7 88.0 40 40 40 0   13.60   13.90 4 -2  0UN동55.04441412 -.8 6.8 6.0454514 0승부최상전개최상63관 0 1 1     2 2 2④1:29.7목    .113.640.814.9  2  3  .00 4 2  1 2.81518806578 1 8 1 11 5 1.05 5.03 2.1 3.0  2.1   12.6   16.6  140.310.64694 3 9 9 3★ 1.738.90-1.5910.8489.4128.9951.1766.9818375326.7950.0058.60 1
20260614일 3140011국630 8 89 2 3강 3351흐림건조 3 2 3클레어프리덤    프리덤차스마트파 7223.00한암 3 0 0 2 1   68      24750국6문병기박민지   2 2 5 5 2 6 1 0 1 4  0장추열44355.093기무적58 74 748583.074.059.929501226511027204731282920272299 0 0↘↗입13.436.740.313.3651036.738.9 88.9 87.6 25 25 50 0   13.60   14.30 3 -8  0UN동55.04441412-1.5 8.3 6.8373714 0전개선전승부최상31관 0 3 2     2 2 2③1:28.9¾    .113.639.513.9  2 -1  .00 3 1 -9  .3 522281177 210 4 11 1 3.04 1.06 2.1 5.0  5.5   18.5   35.6   14.912.14596 3 8 8 3▲ 1.738.90-1.2910.5989.2826.2944.5359.8638587220.5941.4152.53 2
20260524일 3140011국650 9109 3 1강 1159맑음다습11 2 3클레어프리덤    프리덤차스마트파 7223.00한암 3 0 0 2 1   48      16500국6문병기박민지   2 3 4 4 1 6 4 0 0 3  0김효정44455.067하무보16 18 1821 9.038.018.11752 7265110272018202829192217      ↗→선13.737.140.213.337 636.339.7 89.2 87.9  0  0 33 0   13.70   14.30 2  4  0NNUP       1412  .7 7.7 8.3212113 1일반주행거리부담55관 111 2     2 2 1②1:29.21¾   .013.639.914.3 -8 -7  .00 210  3  .31110572591 5 9 8 51 4 5.10 7.11 3.6 9.6  6.6  159.3  236.7 1192.3  .01515-2 2 2-2▽ -.838.60 -.3710.5889.48 3.73 8.6218.08 71425 3.95 7.8912.84 7
20260509토 4130011국640 9 99 4 1강 1151맑음건조 5 2 3클레어프리덤    프리덤차스마트파 7223.00한암 3 0 0 2 1   37      16500국6문병기박민지   2 4 3 3 1 6 3 0 0 2  0김효정45155.067하무보13 10 10 1 4.029.0 4.41752 7265110272018202829192217      ↗→선14.238.240.213.3 71236.840.7 85.2 83.8  0  0  0 0   14.60   13.60 5  4  0NNUP       1312 1.0 8.0 9.0131312 1걸음없음거리속성21관 0 7 5     5 7 8⑦1:25.23    1.413.741.414.3  0  6  .00 7 7  0 2.0691285664011 9 9 90 3 2.05 2.04 3.7 6.1  3.7   17.5   28.0   19.9  .012 1-4 1 4-4▼-1.839.10 -.26 5.4184.19  .22 1.41 4.40 1 4 9  .95 3.13 7.45 7
20260404토 1120010국630 7 89 5 1강 1151맑음양호 7 2 3클레어프리덤    프리덤차스마트파 8823.00한암 3 0 0 1 1  104      16500국6문병기박민지   2 5 2 2 2 6 2 0 0 1  0김효정44555.069하무보 8  8  8 6 4.030.0 7.71752 7265110272018202829192217      ↗→선14.238.040.114.2 2 938.439.3 78.1 77.5  0  0  0 0   14.20   14.50 5 -9  1HN동       1212 1.0 9.010.0151512 0우수혈통부진마필67기 1 310    1010 9⑧1:18.1¾   2.914.639.613.6  1 -6  .00 8 7 -2 3.08593668713 811 7 90 2 1.03 1.08 1.9 3.6  1.9    4.9    7.5   15.1  .021 2-4 1 4-4▼-1.638.00 -.57 -.6577.23  .99 2.59 7.68 31121  .80 2.61 5.04 9
20260228토 1120011국640 9 99 6 1강 1155맑음건조 3 2 3클레어프리덤    프리덤차스마트파 8823.00한암 3     9 1  115      24750국6문병기박민지   2 6 1 1 1 6 1 0 0 0  0김효정45154.069평무보37 25 2522  .032.019.51752 7265110272018202829192217      ↗→선14.438.039.612.8201238.140.0 78.9 77.9              14.40   13.10 4  0  0LL동       12 0         5.0     0 0일반주행우수혈통45기 112 8     8 910⑩1:18.93    2.514.240.414.5  1 14  .0010 9  0 3.18988819119 9 710 60 1 1.02 4.10 2.7 6.5  2.7    7.6   15.8   38.4  .01516-2 2 2-2▽-1.138.10 -.63  .2776.95 4.3211.4519.52 31121 9.2318.1828.4110
20260815토 2140011국6 3 9  9 0혼전 4451           2 4퍼펙트게임      투아너앤그릴리메 5932.00한수 4 0 0   1    013:45 16500국6박지헌김정성   0 01111 510 1 0 110  0서승운   56.084기무적50 50 505628.057.039.62538172249132010 0 0201828301699 0 0↗↘선13.836.840.014.866 6                   11 11 2211   13.70   13.90 8  3  1VNUP57.04661713  .2 6.4 6.6333313 1일반주행기복전력 1   0 4                            13.7    13.9        .0                       2 610 4  1                                              .02556 1 5 5 1―  .540.00 -.64     89.1414.0128.3839.61102235 4.4119.1828.63 5
20260621일 1130010국650 6109 1혼전 4452맑음포화19 2 4퍼펙트게임      투아너앤그릴리메 5932.00한수 4 0 0 2 1  130      16500국6박지헌김정성   0 11010 510 1 0 1 9  0우인철47055.073기무적16 11 1134 4.032.012.12048102249132010 0 0201810262399 0 0↘↘입13.837.239.715.565 437.539.4 82.0 83.1 13 13 2513   13.80   16.20 5 -8  1UN동57.04661714 -.2 8.2 8.0232313 0숨은복병기복전력 5관 0 1 4     5 4 4④1:22.04    1.013.738.913.9  2  0  .00 4 2 -1 1.64347544950 4 2 8 82 1 6.04 9.05 2.3 5.5 14.3   49.1  134.4   70.4  .01913-3 1 1-3▼-1.539.90  .44 6.1983.23 2.60 6.1812.10 2 714 2.38 5.8811.23 9
20260516토 3130011국642 9 99 2 1강 1152맑음건조 3 2 4퍼펙트게임      투아너앤그릴리메 5932.00한수 4 0 0 2 1   98      16500국6박지헌김정성   0 2 9 9 410 1 0 1 8  0권중석47054.067기무적54 52 52 626.034.012.31341 52249132010 0 0201818181999 0 0↘→선13.837.339.715.555 336.542.9 87.0 85.4 13 13 2513   14.00   13.7011  6 -3LU동57.04661714  .4 9.0 9.4 7 713 0능력한계기복전력50기 0 9 3     4 3 7⑩1:27.02    3.013.843.816.2  7  4  .0310 3 -1 3.293 6989414 6 5 3 90 1 4.01 2.10 2.6 5.3  6.9   10.5   24.5   57.4  .012 4-4 2 1-4▼-1.240.30  .38 8.4183.29 1.62 5.5612.29 3 817 9.4618.4225.84 5
20260302월 2130010국650 9109 3 1강 1159비  건조 4 2 4퍼펙트게임      투아너앤그릴리메 5932.00한수 4 0 0 1 2  217      13750국6박지헌김정성   0 3 8 8 310 3 0 0 7  0빅투아46657.090하무보 5  5  510 5.034.018.4304618213314201025 02018222818      →→선13.937.440.115.447 337.138.0 82.8 81.3  0  0 14 0   14.10   15.70 8 -6  0HNDN       1714  .4 9.0 9.4 7 717-1능력한계거리탄력74기 0 3 3     2 2 2②1:22.84     .014.038.913.7 -2  0  .00 2 4 -1  .7 22811 492 3 6 9 71 3 3.04 7.03 2.6 7.1  6.0   18.3   33.3   14.6  .013 2-4 1 4-4▼-1.439.30 -.10 3.7683.61 3.46 9.1718.44 71828 4.5511.7620.79 5
20260104일 2140010국631 9 89 4 1강 1156흐림다습12 2 4퍼펙트게임      투아너앤그릴리메 5932.00한수 4 0 0 1 1  135      16500국6박지헌김정성   0 4 7 7 410 2 0 0 6  0빅투아46657.092하무상 5  5  5 9 5.031.0 7.6305313224913201025 02018222818      →→선13.937.240.315.430 136.542.3 91.9 90.6  0  0 17 0   13.80   15.50 6  3  0LN동       1714 -.2 9.6 9.4 6 617 0최빈거리거리난점 5관 1 9 6     3 3 5⑦1:31.91¼  2.114.143.015.7  2  3  .00 7 5 -5 3.68818969325 6 710 80 2 1.02 8.01 1.7 3.7  1.7    3.8    6.1   40.0  .0 9 3-4 1 1-4▼-1.539.10 -.2313.0989.62 1.06 3.40 7.59 3 817 1.11 3.37 7.84 8
20251122토 4140011국642 7 49 5 3강 3351맑음건조 3 2 4퍼펙트게임      투아너앤그릴리메 5932.00한수 3     2 1  12912:45 16500국6박지헌김정성   0 5 6 6 310 1 0 0 0  0빅투아46357.092하무보30 30 302611.041.018.3305313224913201025 02018222818      →→선14.137.641.514.213 336.242.8 91.6 91.3  0  0  0 0   14.70   13.00 7 -1  0NN동       1713 -.2 9.2 9.0 7 717 0일반주행건성마필44관 0 6 5     3 6 7⑨1:31.64    3.913.842.915.5 -1 -1  .00 910 -1 4.293 89795 7 911 5 52 1 3.01 8.03     3.4  4.4    4.4   11.3    4.8  .01532 0 2 3 0― -.638.80-1.4812.1890.72 3.69 9.8318.33 51325 2.00 7.4515.22 5
20251004토 3140011국651 9109 6 2강 2251맑음다습10 2 4퍼펙트게임      투아너앤그릴리메 5932.00한수 3 0 0 1 2  229      16500국6박지헌김정성   0 6 5 5 210 2 0 0 4  0조상범46457.055하무보 5  5  5 2 2.028.0 3.5 880 3213314201012 02018132217      →↗입14.237.740.514.2 6 436.743.9 94.8 93.0  0  0  0 0   14.30   15.00 7  1  0NNUP       1713 -.3 8.8 8.5 8 813 1숨은복병부진마필64기 0 7 6     6 911⑪1:34.816   5.214.144.716.6  0 -3  .001111  0 5.599249999 6101010110 4 1.0211.03 2.9 7.4  2.9    9.7   16.4   20.7  .019 1-4 1 2-4▼-1.839.10 -.5314.8090.10  .16 1.10 3.49 0 2 4  .12  .87 3.2111
20250817일 1130011국651 7109 7혼전 4441맑음양호 8 2 4퍼펙트게임      투아너앤그릴리메 5932.00한수 3 0 0 2 2  379      16500국6박지헌김정성   0 7 4 4 210 1 0 0 3  0조상범46757.055하무하 5  5  5 1 5.027.0 4.7 880 3213314201012 02018132217      →↗입14.238.240.414.2121238.241.8 86.6 86.3  0  0  0 0   15.70   14.9013 -1  0NNDN       1713 -.3 8.0 7.7101013-1최빈거리거리난점31관 0 6 8     91011⑪1:26.61    4.514.342.015.0  0 23  .001111  3 4.797779597 5111110110 3 3.0411.10 4.3 7.3  4.5   14.2   25.4   14.1  .0 9 1-4 1 1-4▼-2.439.60 -.41 7.6984.32 4.81 4.72 4.72 0 1 5 1.10 3.16 5.1611
20250517토 2140011국610 8 69 8 1강 1156맑음포화17 2 4퍼펙트게임      투아너앤그릴리메 5932.00한수 3 0 0 2 4  63411:25 16500국6박지헌김정성   0 8 3 3 110 1 0 0 2  0이혁  44457.083하무보 6  6  6 6 4.029.0 7.01427 81436 3201024292018282119      →↗선14.237.940.414.2 8 639.340.5 92.9 91.6  0  0  0 0   15.40   14.50 5  0  0NNDN       1713-1.0 8.0 7.0131313-3걸음없음보통주행27관 0 7 9     9 9 9⑨1:32.91¾  3.915.741.314.9  1 -5  .00 9 8  0 4.294998197 711 910100 1 4.03 6.02     3.9 10.4   21.9   68.9   11.0  .013 2-4 1 4-4▼-1.738.60 -.6913.2990.17  .84 2.26 6.95 1 4 9 1.16 3.59 7.3210
20250412토 31700 9국610 7 19 9 1강 1157흐림양호 7 2 4퍼펙트게임      투아너앤그릴리메 5932.00한수 3 0 0 2 4  73815:05 16500국6박지헌김정성   0 9 2 2 110 2 0 0 1  0조상범44957.056하무보13  9  9 0 4.023.0 3.01371 81436 3201012 02018132217      →↘입14.240.442.514.2111740.542.3116.2115.6  0  0  0 0   14.20   14.50 4  3  1LNUP       1713-1.0 8.0 7.0101013 4걸음없음거리속성 1기 0 7 8 8 8 8 9 8⑦1:56.23    2.515.443.114.5 -1  8  .00 7 8  0 5.29076828918 9 9 7 90 2 1.02 9.02     3.2  1.5    3.2    4.2    3.6  .012 1-4 1 2-4▼-2.141.00 -.5032.65115.0  .63 1.21 2.98 1 4 9 1.41 4.29 8.82 8
20250315토 11300 8국650 6 5910 1강 1155맑음양호 8 2 4퍼펙트게임      투아너앤그릴리메 5932.00한수 3     2 5  82410:35 24750국6박지헌김정성   010 1 1 110 1 0 0 0  0조상범44156.057평무보   35 3540  .035.014.81050 82170 0201012 02018132217      →→입14.237.539.613.8    38.439.8 85.5 84.3              14.20   14.10        NN동       13 0                 0 0일반주행거리속성 1기 1 4 7     8 8 8⑦1:25.54    2.914.240.914.5 -1 -2  .00 7 8  0 3.38084678312 1 1 2 70 1 1.03 6.05     4.7  2.6    6.9   13.6   13.9  .01532-2 3 3-2▽-1.239.90  .24 7.2083.35 2.12 6.7614.75 4111813.4826.1941.29 3
20260815토 2140011국6 3 9  8 0혼전 4451           2 5더퀸로즈        섀클포드더퀸실버 6626.00한암 3 0 0   1    013:45 16500국6리카디김성래  -5 0 8 8 3 7 5 0 0 7  0정정희   54.080평선보50 60 606248.062.045.422461134531236 030 0382620241599 0 0→→입13.836.940.013.95822                   20 20 20 0   13.70   14.10 7  4 -1NU동55.04501412 -.2 5.2 5.0494914 0마주성향배당마주50기 0 5                            13.7    14.1        .0                       3 7 6 2  5                                              .02553 1 6 7 1―  .940.00 -.83     89.2118.3533.9245.4233536516.1828.7737.34 2
20260627토 3140011국650 7108 1 1강 1152맑음건조 4 2 5더퀸로즈        섀클포드더퀸실버 6626.00한암 3 0 0 9 1  118      16500국6리카디김성래  -5 1 7 7 2 7 4 0 0 6  0정정희44555.080하자상45 65 655981.072.061.622461134531236 030 0382620241599 0 0→→입13.837.140.013.9402236.439.5 88.8 88.2 25  0  0 0   14.10   14.20 3 -6  0UN동55.04501412 -.8 6.3 5.5434314 0숨은복병마주성향58관 1 1 2     1 1 2③1:28.82½   .413.739.814.1  2 -5  .00 3 1 -4  .51913522370 3 7 3 11 4 3.0611.03 3.610.3  5.5   20.9   40.0   30.112.03259 2 8 7 2▲ 1.838.70-1.4011.0889.3431.5750.6761.5538597125.8445.8853.26 1
20260606토 2140011국650 9 58 2 1강 1154맑음양호 7 2 5더퀸로즈        섀클포드더퀸실버 6626.00한암 3 0 0 1 1   39      16500국6리카디김성래  -5 2 6 6 1 7 3 0 0 5  0정정희45055.080하입상27 24 245943.059.042.822461134531236 030 03826202415      →→입13.837.040.213.8461237.138.8 90.9 88.9  0  0 33 0   14.20   13.50 4  5  0NNUP       1412 -.3 6.7 6.3333312 2배당마주거리부담42기 0 7 1     1 1 1③1:30.91¼   .214.139.914.2 -2 -4  .00 3 5 -2  .34348252376 1 9 8 21 3 2.01 9.04 2.0 4.0  4.7    4.0   10.3   14.1  .02351 1 6 6 1―  .938.90 -.9611.7089.4114.7729.6042.80204258 9.8422.2233.48 3
20260509토 2120011국614 9 18 3 2강 2251맑음건조 5 2 5더퀸로즈        섀클포드더퀸실버 6620.00한암 3 0 0 2 1   79      16500국6리카디김성래  -5 3 5 5 4 7 2 0 0 4  0정정희45455.081하입보25 46 463951.061.035.322461134531236 030 03826202415      →→입13.837.039.914.466 538.338.5 78.0 76.3  0  0 50 0   13.70   14.30 4  0  0HN동       1312  .5 6.5 7.0373712 0배당마주배당마주44기 0 2 7     8 9 9⑤1:18.01½  1.914.239.213.5 -2  5  .00 5 7  2 2.35792417328 9 8 5 53 2 1.02 1.03 1.5 2.9  1.5    3.8    4.7    3.9  .02346 1 5 7 1―  .938.60 -.67 -.6576.56 9.5522.2335.32 71425 7.8718.1825.89 5
20260411토 1120011국642 9 98 4 2강 2251흐림포화15 2 5더퀸로즈        섀클포드더퀸실버 6620.00한암 3 0 0 2 1   83      16500국6리카디김성래  -5 4 4 4 3 7 1 0 0 3  0정정희44955.081하무보 6  6  623 5.033.012.122461134531236 030 03826202415      →→입13.737.439.814.140 636.640.3 76.4 76.4  0  0  0 0   13.90   15.00 9 -9  1HN동       1313  .0 8.0 8.0131313 0배당마주배당마주52기 0 2 4     5 6 4⑥1:16.41     .713.740.014.3  1-11  .00 6 5 -2 1.26119867361 7 5 8 62 1 3.0410.04 3.0 4.4  4.0    9.6   18.4    7.6  .02312-4 2 2-4▼-1.338.30 -.18 -.8576.73 1.51 4.9612.06 51221 1.01 3.08 5.95 7
20260208일 1120011국611 8 68 5 1강 1159맑음건조 2 2 5더퀸로즈        섀클포드더퀸실버 6620.00한암 3 0 0 2 1  167      24750국6최용구김성래  -5 5 3 3 2 7 2 0 0 2  0장추열46054.093하무하 6 25 2539  .049.025.7295012194314203336642010202722      ↘↗입13.737.239.914.152 437.541.5 79.6 78.5  0  0  0 0   13.70   14.40 6 -1  0HHDN       1313         8.0    13-1교체실패배당마주66관 111 5     6 610⑩1:19.6¾   3.613.941.715.0  3 -2  .0510 7 -1 4.194639596 8 5 8 8 40 2 3.08 4.09 1.2 3.9 12.9  225.0  438.5  408.9  .01935 0 4 4 0― -.139.10 -.53 1.4076.67 6.4113.9425.69102236 9.5218.8036.14 7
20251228일 1130010국632 6 38 6혼전 4451흐림다습13 2 5더퀸로즈        섀클포드더퀸실버 6626.00한암 2 0 0 9 1  116      24750국6최용구김성래  -5 6 2 2 1 7 1 0 0 1  0장추열46254.093평무하 7 25 2524  .045.015.7295012194314203336642010202722      ↘↗입13.738.240.614.3 1 137.441.0 84.4 84.7              13.70   14.60 5  7  0BLUP       13 0        11.0     0 1교체실패배당마주34관 012 5     7 8 9⑧1:24.42    2.613.740.914.4  0 -9  .00 8 8  1 3.08841898715101111 80 1 1.04 1.07 2.0 2.5  2.0    7.9   11.5    5.4  .01941-1 3 4-1▽ -.539.30 -.84 5.9284.45 3.49 8.8115.70 41118 8.2815.6036.89 9
20251122토 1120012국611 4 18 7 2강 2251맑음건조 3 2 5더퀸로즈        섀클포드더퀸실버 6620.00한암 2     2 1  11010:35 24750국6최용구김성래  -5 7 1 1 1 7 1 0 0 0  0조인권47154.073평무보53 25 2553  .039.014.51750 8194314203321222010242513      →→선14.036.839.913.399 138.040.6 78.9 78.8              14.00   13.60        LN동       12 0         2.0     0 0숨은복병배당마주54기 1 5 4     4 710⑪1:18.91¼  4.013.741.214.6  4 14  .0111 7  0 5.595839094 4 310 8 60 1 1.02 4.03     2.8  1.5    2.8    4.5    5.3  .01929-2 3 5-2▽ -.939.60  .01 2.0676.45 2.94 8.2714.53 51322 7.6915.8832.10 5
20260815토 2140011국6 3 9  9 0혼전 4451           2 6원더풀다르샨    제이피즈콰드릴   5225.00한수 4 0 0   1    013:45 16500국6강성오지성배   0 01010 3 9 2 0 0 9  0조재로   56.088평추보50 65 655022.048.025.23353132455 922 028 025 7192522      ↗↘입14.137.139.113.35127                   33 17 17 0   14.20   13.50 5 -3 -1NN동       1712 -.4 5.4 5.0555517 0일반주행보통주행 1   0 6                            14.2    13.5        .0                       5 2 4 6  2                                              .01532-1 4 4-1▽ -.339.10  .13     88.73 7.5116.1025.15 51322 5.8813.7024.90 7
20260712일 31400 8국641 9 49 1혼전 4451맑음다습12 2 6원더풀다르샨    제이피즈콰드릴   5225.00한수 4 0 0 2 1   68      16500국6강성오지성배   0 1 9 9 2 9 1 0 0 8  0조재로43457.088평추보39 62 625455.062.041.23353132455 922 028 025 7192522      ↗↘입14.137.139.113.3512738.138.9 89.8 88.1 20  0 20 0   14.90   13.80 6  7  2LLDN       1712-1.0 5.8 4.8515117-3주행고전보통주행72기 0 9 7     7 7 7⑤1:29.81     .214.239.113.5  1  6  .00 5 4  2 2.91891306276 5 2 3 40 1 1.05 5.03 2.1 3.0  2.1   12.6   16.6  140.3  .03681 0 7 6 0―  .838.60 -.2911.9488.7311.4525.6041.1510223512.5032.2644.65 3
20260530토 3170011국611 9 19 2 1강 1154맑음양호 7 2 6원더풀다르샨    제이피즈콰드릴   5225.00한수 4 0 0 9 1  118      16500국6강성오지성배   0 2 8 8 4 9 4 0 0 7  0우인철42855.073하추하47 56 563150.057.047.12048102455 922 0 8 025 7102623      ↘↘입14.239.640.713.3594140.340.7116.4114.0 20  0 20 0   14.30   14.20 5 -5  0HH동       1712 -.8 5.5 4.8515112 0일반주행거리속성46기 0 2 5 5 6 7 8 7④1:56.4머리  .514.941.613.8  2 -4  .05 4 2 -5  .56069395069 5 1 2 23 4 1.03 3.09 1.5 3.4  1.5    6.7    8.3   18.9  .01825 0 5 5 0―  .741.60 -.1533.70113.313.5529.9647.0720425811.9425.8541.92 2
20260425토 4170011국630 9 89 3 1강 1151맑음건조 3 2 6원더풀다르샨    제이피즈콰드릴   5225.00한수 4 0 0 9 1   98      16500국6강성오지성배   0 3 7 7 3 9 3 0 0 6  0우인철43255.073하추하21 24 2437 9.044.017.42048102455 922 0 8 025 7102623      ↘↘입13.840.140.812.8295238.842.3114.4113.3 25  0  0 0   15.30   13.50 6 -1  1NN동       1712 -.8 5.5 4.8515117 0일반주행최적거리92기 0 7 3 3 3 6 4 4⑤1:54.41¼  1.014.342.314.2 -2  1  .00 5 7  5 1.541 7795453 7 3 8 72 3 1.02 4.02 2.1 4.4  2.1    4.4    7.5   17.3  .01518-1 3 4-1▽ -.541.00  .2332.44113.7 4.4110.5717.41 31016 3.00 6.1911.26 8
20260314토 3170010국650 7109 4혼전 4454맑음양호 7 2 6원더풀다르샨    제이피즈콰드릴   5225.00한수 4 0 0 2 1  124      16500국6강성오지성배   0 4 6 6 2 9 2 0 0 5  0우인철43154.073하추보30 65 654255.060.033.12048102455 922 0 8 025 7102623      ↘↘입13.840.240.912.9244141.140.2115.0114.3 25  0  0 0   14.40   12.60 5  6  0NH동       1712  .7 4.7 5.3393917 0일반주행최적거리47기 0 81010101010 9⑥1:55.04    2.815.340.513.5  4  4  .09 6 2 -6 3.57293266015 6 3 1 33 2 3.06 3.01 3.3 8.5  5.5   15.4   32.5   30.9  .01930 0 6 6 0―  .841.00 -.2533.23113.810.4421.5733.09 7142512.5026.8537.94 1
20260207토 3170011국651 9109 5 1강 1133맑음건조 2 2 6원더풀다르샨    제이피즈콰드릴   5225.00한수 4 0 0 2 1   92      16500국6강성오지성배   0 5 5 5 1 9 1 0 0 4  0우인철42754.073하추하12 21 21 5 6.033.0 9.42048102455 922 0 8 025 7102623      ↘↘입13.840.541.713.0 53739.740.6114.3113.7  0  0  0 0   14.40   14.10 5 -4  1HNUP       1712  .7 4.7 5.3393912 3연대우수거리속성52기 0 2 4 4 61010 6③1:54.3¾    .014.440.212.6 -5 -6  .00 3 8  4 1.5554037299211 7 9103 1 2.11 6.03 2.6 6.6  4.1  121.2  154.3  495.8  .033 8-4 1 2-4▼-1.340.60 -.2731.45114.6 1.04 3.71 9.44 0 3 4 1.41 6.3712.99 8
20260104일 2140010국631 9 89 6 1강 1156흐림다습12 2 6원더풀다르샨    제이피즈콰드릴   5225.00한수 4 0 0 1 1   93      16500국6강성오지성배   0 6 4 4 1 9 1 0 0 3  0권중석43353.067평추보50 48 483465.057.037.61341 52455 922 038 025 7181819      ↘→선13.837.739.412.9 36537.940.0 91.7 90.1  0  0  0 0   13.80   13.50 4  1 -4NHUP       1412  .0 5.0 5.0464612 2일반주행연대우수70기 0 6 7     8 8 7⑥1:31.7¾   1.914.440.814.1  2  3  .00 6 4  0 3.48190698729 9 1 3 40 1 1.02 8.01 1.7 3.7  1.7    3.8    6.1   40.0  .03752 0 6 6 0―  .738.50 -.7712.9589.3410.3323.5637.64 9183514.4430.3444.78 3
20251207일 2120011국631 7 89 7 2강 2258맑음다습10 2 6원더풀다르샨    제이피즈콰드릴    840.00한수 3 0 0 1 1   7611:00 16500국6강성오지성배   0 7 3 3 3 9 3 0 0 2  0김용근43057.086평추보45 69 696456.058.045.42754142455 922 023 025 7312614      ↘↘선14.338.138.412.9 18537.838.3 76.4 76.0  0  0  0 0   14.30   13.30 5 -6  0NH동       1212-2.0 6.0 4.0545412 0일반주행최적거리48기 0 5 4     4 7 7⑥1:16.4½   1.413.839.013.5  2  5  .00 6 4 -2 1.74778325238 9 1 2 30 3 5.01 4.10     3.4 13.2    8.8   28.7   12.3  .01555 0 6 3 0―  .637.40 -.74 -.4976.3414.5029.8945.35153246 9.1822.9224.09 3
20251101토 2120010국641 9 49 8 1강 1159맑음건조 5 2 6원더풀다르샨    제이피즈콰드릴    840.00한수 3 0 0 1 1  175      16500국6강성오지성배   0 8 2 2 2 9 2 0 0 1  0김용근42557.086평무보20 25 2514  .033.016.02754142455 922 023 025 7312614      ↘↘선14.338.140.013.6 1 438.338.3 78.3 76.3              14.30   13.9016  9  0HL동       12 0        10.0     0 0교체실패보통주행64기 011 6     7 8 6④1:18.32½   .914.339.413.3 -2-11  .00 4 6 -1 1.95691326656 9 610 63 2 1.02 2.08 2.4 3.0  2.4    3.0    5.9   10.2  .01910-4 2 2-4▼-1.337.50 -.80-1.8077.23 1.93 6.6015.96 3122210.5320.6639.70 8
20250712토 2120011국611 8 69 9 1강 1159맑음건조 5 2 6원더풀다르샨    제이피즈콰드릴    840.00한수 3     2 3  473      16500국6강성오지성배   0 9 1 1 1 9 1 0 0 0  0김용근43657.086평무보23 25 2530  .029.013.21727111450 622 023 025 7312614      ↘↗선14.437.639.813.147 138.239.4 79.1 77.1              14.40   13.40 4  0  0NL동       12 0         5.0     0 0일반주행보통주행45관 0 2 4     6 710⑩1:19.11    2.414.340.513.9  3 -3  .0110 7  0 3.57788698518 6 5 8 70 1 1.0310.07 1.5 3.6  1.5    3.6    5.0    5.2  .01515-3 2 1-3▼-1.438.30 -.32 -.3076.84 2.03 5.6613.17 3 817 9.0918.4136.24 3
20260815토 2140011국6 3 9  9 0혼전 4451           2 7로드투스피어    퍼지    매직로드 4840.00한암 4 0 0   1    013:45 16500국6임채덕강현찬   0 01616 715 4 0 014  0김태현   54.053평추상50 62 6227  .040.017.0 650 3 750 3 9 0 0 0 7 0211116 0 099→↘선14.137.339.413.42541                    0 23  023   13.60   12.70 5  0 -1NH동55.04321714 -.8 6.8 6.0505014 0출주제외최적거리 1   0 7                            13.6    12.7        .0                       6 3 5 8  6                                              .01822-2 2 2-2▽ -.839.40  .03     89.07 3.98 8.6317.00 2 71417.6530.1441.08 1
20260712일 31400 8국641 9 49 1혼전 4451맑음다습12 2 7로드투스피어    퍼지    매직로드 4840.00한암 4 0 0 2 1   68      16500국6임채덕강현찬   0 11515 615 3 0 014  0김태현  055.053평추상66 73 734236.049.023.1 650 3 750 3 9 0 0 0 7 0211116 0 099→↘선14.137.339.313.42344                    0 23  023   14.00   13.50 4  3  0NN동55.04321714 -.6 6.6 6.0474714 0편성만만최적거리34기 0 7                    경제    14.0    13.5     0  .07                      6 3 2 50 5 1.05 5.03 2.1 3.0  2.1   12.6   16.6  140.3  .03039-2 5 2-2▽ -.239.30 -.06     89.00 4.9313.1023.05 8172914.2924.1937.67 4
20260614일 3140011국630 8 89 2 3강 3351흐림건조 3 2 7로드투스피어    퍼지    매직로드 4840.00한암 4 0 0 2 1   68      24750국6임채덕강현찬   0 21414 615 2 0 013  0김태현42955.053평추상57 70 705640.054.027.1 650 3 750 3 9 0 0 0 7 0211116 0 099→↘선14.137.439.413.4214137.838.4 89.3 88.0  0 17  017   14.80   13.30 3 -1  0HN동55.04341714 -.6 6.6 6.0474714 0걸음늘어최적거리38기 0 4 5     9 8 7⑤1:29.3½    .514.039.013.5 -1 -6  .00 5 6 -3  .71280133067 7 1 6 53 4 3.04 1.06 2.1 5.0  5.5   18.5   35.6   14.912.12765 1 5 3 1―  .438.30 -.3011.1989.14 6.7815.6727.08 51325 5.8813.1324.24 5
20260524일 3140011국650 9109 3 1강 1159맑음다습11 2 7로드투스피어    퍼지    매직로드 4840.00한암 4 0 0 2 1   48      16500국6임채덕강현찬   0 31313 515 1 0 012  0김태현43555.053하추하 7 15 1523 3.031.012.8 650 3 750 3 9 0 0 0 7 0211116 0 099→↘선14.137.339.513.4273338.338.7 89.7 88.4  0  9  018   14.70   15.20 4 -4  0NNDN55.04331713 1.0 5.6 6.6434314-3발길대로최적거리50기 0 511    1010 7③1:29.73     .514.838.913.3 -6  1  .00 3 9  1  .82494226169 7 1 9103 3 5.10 7.11 3.6 9.6  6.6  159.3  236.7 1192.3  .01415-3 1 1-3▼-1.338.50  .0711.5889.14 1.67 5.3912.83 1 4 9  .12 2.63 7.0010
20260425토 4170011국630 9 89 4 1강 1151맑음건조 3 2 7로드투스피어    퍼지    매직로드 4840.00한암 4 0 0 9 1   78      16500국6임채덕강현찬   0 41212 115 2 0 011  0김철호43455.065하추보21 54 5434 8.035.011.21046 4 750 3 9 013 0 7 0142025 0 099↘↗추14.140.440.713.4 96539.443.7116.7115.5  0  0  020   15.00   13.50 3  3  0LNUP55.04331713  .8 5.6 6.4515114 3숨은복병탐색우려89관 1 9 7 7 7 91110⑩1:56.7목   3.314.744.015.2  2  1  .0010 8  2 3.8892794911310 2 5 90 4 1.02 4.02 2.1 4.4  2.1    4.4    7.5   17.3  .019 6-3 1 1-3▼-1.141.00  .2634.42113.8 2.16 5.7311.16 1 3 6 2.00 5.1510.24 9
20260405일 3140010국610 9 69 5 2강 2258맑음양호 6 2 7로드투스피어    퍼지    매직로드 4840.00한암 4 0 0 1 1   50      24750국6임채덕강현찬   0 51111 415 1 0 010  0김철호43355.065하무하12 40 4034 4.037.018.01046 4 750 3 9 013 0 7 0142025      ↘↗추14.137.539.313.5 84139.038.0 91.6 89.6  0  0  011   13.80   14.40 4 -3  0NN동       1413 1.0 5.6 6.6444414 0일반주행보통주행 5   0 6 9    1010 8⑤1:31.6½    .715.039.013.5 -1  1  .00 5 6  1  .96799 86463 8 1 7 83 3 2.04 4.07 1.5 4.0  5.3   18.8   35.2   33.2  .01520-1 2 2-1▽ -.838.60 -.0512.8089.14 4.12 9.2617.99 1 613 1.79 4.96 8.97 9
20260308일 3140010국651 9109 6혼전 4459맑음다습13 2 7로드투스피어    퍼지    매직로드 4840.00한암 4 0 0 2 1   71      24750국6임채덕강현찬   0 61010 315 2 0 0 9  0김태현43255.053하무보50 52 524223.050.039.5 650 3 750 3 9 0 0 0 7 0211116      →↘선14.537.639.013.2 56137.740.2 91.1 90.6  0  0  013   14.10   12.70 6  7  0LN동       1413  .2 6.2 6.4393914 0일반주행보통주행 5   0 9 3     5 5 6⑦1:31.1½   1.013.840.414.4  2 -9  .00 7 5  0 1.48778748453 9 2 1 32 2 4.01 8.02 3.7 7.8  6.4   15.6   35.0   19.3  .01926 0 4 4 0―  .038.70 -.5114.0189.0012.7627.2839.53 81729 8.2018.1822.68 6
20260124토 3140011국641 9 99 7 1강 1159맑음건조 3 2 7로드투스피어    퍼지    매직로드 4840.00한암 4 0 0 2 1  113      16500국6임채덕강현찬   0 7 9 9 215 1 0 0 8  0김태현44155.053하무하25 36 3611 6.032.016.2 650 3 750 3 9 0 0 0 7 0211116      →↘선14.437.639.813.6 73039.237.2 90.5 88.6  0  0  0 0   13.60   14.30 7  1  4HNUP       1413  .6 6.0 6.6343413 1일반주행보통주행 5기 1 2 4    101110⑤1:30.52    1.114.138.112.7  0 15  .00 5 5  1 2.13599 14350 7 5 4 53 1 4.01 1.05 2.6 4.7  6.3    6.9   14.0    6.6  .01510-2 1 1-2▽-1.138.20 -.3811.1689.55 3.05 8.3016.23 71828 1.33 6.5814.10 5
20251206토 3130011국620 9 29 8 2강 2258흐림양호 9 2 7로드투스피어    퍼지    매직로드 4840.00한암 3 0 0 1 1  14911:25 16500국6이동국최종복   0 8 8 8 415 1 0 0 7  0조성환42651.053하무하29 34 3420 5.033.014.0 718 61360 7 8 0 4 021 6101519      ↘→추14.538.139.413.6 84837.540.2 84.2 83.6  0  0  0 0   14.70   13.70 3 -7 -4HHDN       1412-1.0 7.4 6.4363613-1일반주행보통주행58기 0 1 3     7 8 5⑥1:24.21¾  1.013.640.514.3  2 -4  .00 6 4 -4 1.7684779765311 3 3 40 1 1.07 6.03     1.8  1.6   46.8   61.3   18.813.41510-2 2 1-2▽-1.239.10  .02 6.1483.61 1.81 6.3514.00 71425 1.20 4.0510.40 4
20251116일 3140011국650 9109 9 1강 1159맑음건조 3 2 7로드투스피어    퍼지    매직로드 4840.00한암 3 0 0 2 1  119      16500국6이동국최종복   0 9 7 7 115 1 0 0 6  0송재철43055.077하무보25 18 18 6 4.031.0 8.11744 81360 7 8 021 021 6192520      ↘→입14.537.639.913.6112738.339.2 91.2 89.6  0  0  0 0   14.00   13.50 8 -3  0NNUP       1412-1.0 7.8 6.8272713 1일반주행탐색우려 5   0 810    1010 9⑨1:31.2목   1.114.739.813.7  1 -1  .00 9 8  2 1.86794457848 9 4 7110 1 5.02 5.04 2.2 6.8  9.1   22.7   49.3   15.7  .015 4-4 1 3-4▼-1.538.40 -.2312.0989.62 1.14 3.60 8.08 2 711 1.82 4.69 9.91 9
20250921일 3130010국652 410910혼전 4431맑음다습14 2 7로드투스피어    퍼지    매직로드 4840.00한암 3 0 0 2 2  272      16500국6이동국최종복   010 6 6 315 1 0 0 5  0문세영43155.073하입보28 24 2439 9.038.010.62735 0 725 0 8 033 021 6293615      ↗↗입14.538.039.613.6174137.939.3 83.4 83.6  0  0  0 0   14.10   14.00 8  6  0BN동       1312-1.3 8.3 7.0282813 0일반주행보통주행 6기 011 7     8 8 8⑥1:23.43    2.014.039.313.5  0 -5  .00 6 6 -2 2.06465526122 8 7 9 90 1 5.04 7.06 3.2 6.8  7.0   17.8   39.8   23.113.41523-4 3 1-4▼-1.239.20  .04 6.0483.68 1.64 5.1110.55 2 714 3.23 6.38 9.1410
20250726토 1130011국612 7 6911혼전 4451맑음건조 4 2 7로드투스피어    퍼지    매직로드 4840.00한암 3 0 0 9 3  43410:35 16500국6이동국최종복   011 5 5 215 2 0 0 4  0정우주43655.074하입보74 65 651013.042.015.221331211 011 8 0 0 021 6163013      →↘입14.538.139.613.6143738.239.4 84.1 83.6  0  0  0 0   14.10   14.00 4 -2  0NN동       1312-1.0 8.3 7.3282812 0일반주행거리속성36관 0 5 7     8 8 7⑥1:24.12½  1.814.139.614.0 -2 -6  .00 6 8  6 1.9637754703010 7 5 70 2 1.02 2.04     4.2  1.7    5.6    8.1   22.313.41524 0 2 2 0― -.639.10 -.13 5.9283.74 3.10 8.0515.23 41118 2.38 7.7813.79 7
20250628토 2130010국611 9 6912 1강 1159흐림다습11 2 7로드투스피어    퍼지    매직로드 4840.00한암 3     9 3  51311:30 16500국6안해양최종복   012 4 4 115 1 0 0 0  0정우주44255.074하입상55 51 51 716.040.023.3213312 940 017 0 0 02113163013      →↘입14.538.139.613.6143737.539.0 83.7 82.5  0  0  0 0   14.60   13.00 7  3  0NNUP       1312-2.510.5 8.0323212 1일반주행거리속성36관 0 7 7     7 7 4⑤1:23.7코    .314.139.714.0  3 -8  .01 5 2 -2 1.02248433974 9 5 2 50 1 1.0810.06     4.9  1.3    7.8   10.8   27.213.41524-2 3 2-2▽ -.738.80 -.35 4.7683.74 4.5612.1323.33 71425 4.4113.7424.88 3
20250511일 11200 8국641 9 4913 1강 1159흐림포화19 2 7로드투스피어    퍼지    매직로드 1137.00한암 3 0 0 2 4  64610:35 16500국6안해양최종복   013 3 3 315 2 0 0 2  0김철호45055.063하추상18 23 232419.037.019.61840151443 517 0 0 02113142025      ↗↘추14.137.939.312.8143037.839.5 78.7 77.0  0  0  0 0   14.10   13.2011 -7  1HN동       1212 1.010.011.0 2 212 0최빈거리최적거리 1   0 4 6     6 5 5⑥1:18.71    2.114.640.514.6  2 12  .00 6 4 -7 2.67478728124 5 2 3 52 2 3.01 2.05     2.9  4.4    4.6   11.1    3.5  .01428-2 3 2-2▽ -.837.90 -.41 -.2476.73 3.17 8.5419.58 71828 4.2914.7120.45 5
20250223일 1120011국640 8 4914 2강 2259맑음건조 3 2 7로드투스피어    퍼지    매직로드 1137.00한암 3 0 0 9 5  87710:35 16500국6안해양최종복   014 2 2 215 1 0 0 1  0김철호43854.064하무보 5 35 35 4  .026.0 4.0 6 0 01138 417 0 0 02113142025      ↘↗추14.337.840.315.317 238.238.2 78.4 76.4  0  0  0 0   14.30   15.60 5  0 -1HH동       1212        11.0    12 0최빈거리거리난점 1관 011 5     6 8 7⑤1:18.42     .614.139.313.2 -6 -7  .00 511  1 1.65989296062 8 911113 1 2.05 8.05     3.2  3.8   28.2   48.2   72.1  .0 9 3-4 1 1-4▼-2.137.90 -.45-1.7077.23 1.11 1.95 4.03 1 2 512.1222.8047.00 6
20250118토 1120011국610 9 1915 1강 1155맑음건조 4 2 7로드투스피어    퍼지    매직로드 1137.00한암 3     2 5  97610:35 16500국6안해양최종복   015 1 1 115 1 0 0 0  0해리카44554.572평무보   35 3540  .030.016.51450 81138 417 0 0 02113172612      ↘↗입14.036.738.514.9    37.542.5 82.0 80.0              14.00   15.20        NN동       12 0                 0 0일반주행보통주행 1관 011 4     4 810⑪1:22.0¾   4.714.343.615.6  1 -1  .001110  0 5.098659898 7 2 2 5 60 1 6.01 2.10     2.1 27.4   12.6   53.7   19.9  .01524-2 2 2-2▽-1.240.10  .82 4.8075.61 2.64 8.1616.48 3 817 9.5218.6433.49 9
20260815토 2140011국6 3 9  9 0혼전 4451           2 8원더풀캐시      퍼지    노블볼트 4840.00한암 4 0 0   1    013:45 16500국6서범석지대섭   2 015151014 6 0 014  0조상범   54.057평입보50 56 5614 8.033.0 9.8 926 61444 51910 4141913132217 0 0 0↗→입13.837.440.013.81630                    0 10  0 0   14.00   14.30 6  6 -1LH동55.04851714 -.8 6.8 6.0424214 0최빈거리보통주행 1   0 8                            14.0    14.3        .0                      10 9 711  6                                              .013 6-3 1 1-3▼-1.440.00 -.22     89.55 1.72 4.45 9.77 1 2 5 2.94 6.8512.4511
20260705일 31400 8국611 9 19 1 2강 2249흐림건조 4 2 8원더풀캐시      퍼지    노블볼트 4840.00한암 4 0 0 1 1   88      16500국6서범석지대섭   2 11414 914 5 0 013  0조상범47355.057평입보19 38 382310.038.022.6 926 61444 51910 4141913132217 0 0 0↗→입13.837.440.013.8193036.939.6 90.9 88.9  0 11  0 0   15.50   14.60 5 -5  0HNDN55.04851714 -.8 6.8 6.0464614-3최빈거리최적거리28관 0 2 4     5 5 5④1:30.94    1.614.040.514.3  1 12  .00 4 3 -4 2.44439544636 6 3 3 52 5 1.06 4.06 1.5 3.0  1.5    8.2   10.6   27.0  .01414-2 3 2-2▽ -.838.50 -.5611.5089.55 4.0910.2222.61 71425 4.9213.2222.67 5
20260530토 3170011국611 9 19 2 1강 1154맑음양호 7 2 8원더풀캐시      퍼지    노블볼트 4840.00한암 4 0 0 9 1   98      16500국6서범석지대섭   2 21313 114 4 0 012  0조상범46155.057평입상36 52 521820.042.027.1 926 61444 51910 4141913132217 0 0 0↗→입13.939.741.813.8513341.141.3117.2115.0  0 13  0 0   14.50   13.70 4 -1  0NNUP55.04851714-2.0 7.2 5.2494914 3숨은복병거리속성66관 1 7 8 8 9 9 9 9⑦1:57.22½  1.315.542.114.6  0 -1  .00 7 7 -1 1.38093578344 7 5 3 50 4 1.03 3.09 1.5 3.4  1.5    6.7    8.3   18.9  .01924 0 4 2 0― -.341.60 -.3233.45114.1 6.0815.5127.09 71828 4.4813.6124.89 6
20260503일 2140011국651 9 59 3 1강 1159비  다습10 2 8원더풀캐시      퍼지    노블볼트 4840.00한암 4 0 0 1 1   69      24750국6서범석지대섭   2 31212 814 3 0 011  0조상범46255.057평입하11 25 2526 3.032.017.9 926 61444 51910 4141913132217 0 0 0↗→입13.837.140.213.9451538.038.8 90.2 89.3  0 14 14 0   14.20   14.90 4  5  0LN동55.04851414-1.4 7.0 5.6515114 0일반주행조교부실31관 0 810     9 8 5④1:30.22½  1.014.539.013.7 -4 -4  .00 4 8  1 1.65688275753 4 4 5 53 3 2.01 1.03 2.5 4.6  3.9    4.6    9.4   13.6  .01515 0 1 1 0▽-1.138.90 -.3712.0089.48 3.71 9.8017.92 51221  .12 3.8110.1110
20260405일 3140010국610 9 69 4 2강 2258맑음양호 6 2 8원더풀캐시      퍼지    노블볼트 4840.00한암 4 0 0 1 1   71      24750국6서범석지대섭   2 41111 714 2 0 010  0조상범46655.057기입적16 45 4522 5.034.015.0 926 61444 51910 4141913132217 0 0 0↗→입13.837.040.313.9481036.941.5 93.1 91.1  0 14 29 0   14.20   14.10 4 -4  0HN동55.04851414 -.4 6.8 6.4424214 0일반주행기복전력46관 1 3 4     4 4 9⑨1:33.1목   2.214.242.514.9  2 -3  .05 9 7 -1 2.49138919024 4 8 6 90 2 2.04 4.07 1.5 4.0  5.3   18.8   35.2   33.2  .01515-1 2 1-1▽-1.139.40 -.2913.8089.48 3.62 8.7115.02 1 4 8 1.79 4.96 8.97 8
20260308일 3140010국651 9109 5혼전 4459맑음다습13 2 8원더풀캐시      퍼지    노블볼트 4840.00한암 4 0 0 2 1   71      24750국6서범석지대섭   2 51010 614 1 0 0 9  0조상범46955.057기무적16 24 2422 5.030.0 9.8 926 61444 51910 4141913132217 0 0 0↗→입13.636.940.313.7531237.740.0 90.7 90.2  0 17 33 0   14.30   14.60 5 -1  0NN동55.04851414 -.4 6.8 6.4424214 0최빈거리기복전력60관 0 7 6     4 3 5⑤1:30.71¾   .614.240.214.1 -3  7  .00 5 8  0 1.08078698164 3 9 6 92 1 4.01 8.02 3.7 7.8  6.4   15.6   35.0   19.3  .012 9-2 1 1-2▽-1.639.30 -.0913.0189.41 1.86 3.80 9.82 2 610 1.64 4.55 7.2211
20260131토 3140010국620 9 29 6 2강 2251맑음건조 2 2 8원더풀캐시      퍼지    노블볼트 4840.00한암 4     9 1   92      16500국6서범석지대섭   2 6 9 9 514 1 0 0 0  0이용호46255.064기무적17 26 2631 4.034.011.11755 71444 51910 8 01913191820 0 0 0→↘자13.736.740.313.7681237.740.4 91.4 90.2  0 20 20 0   14.30   14.0020 -2  0LN동55.04851412-1.2 6.8 5.6484814 0숨은복병휴양불리 5관 0 8 8     7 610⑩1:31.45    2.014.340.414.6  2 -2  .0010 8  6 3.28280788727 1 7 7 80 1 2.01 1.03 1.8 1.9  3.2    1.9    5.3    5.4  .01927-1 2 2-1▽-1.039.50  .0013.1889.28 1.57 5.4111.12 1 613  .98 3.14 7.81 7
20250913토 5140010국621 9 79 7 1강 1151맑음포화19 2 8원더풀캐시      퍼지    노블볼트 4840.00한암 3 0 0 2 3  40716:35 16500국6서범석지대섭   2 7 8 8 414 4 0 0 7  0마이아46455.092하무적54 73 736572.071.075.83448331114 7191024 019133532 8 0 0 0→→선13.636.940.313.8581035.842.8 91.7 90.8  0 20 20 0   14.10   13.90 7  5  0VN동55.04851412-1.8 7.8 6.0464614 0일반주행탄력호전19관 010 1     1 1 9⑩1:31.76    3.313.842.715.8  8-15  .0910 2  1 4.190 2979212 3 8 3 11 5 3.07 4.03     4.1  8.6   45.2   89.4  171.6  .02954 1 6 4 1― 1.639.40-1.8313.6289.4138.1162.2575.8338597121.5437.6845.91 2
20250726토 21400 8국610 9 69 8 2강 2254맑음건조 4 2 8원더풀캐시      퍼지    노블볼트 4840.00한암 3 0 0 9 3  433      16500국6서범석지대섭   2 8 7 7 314 3 0 0 6  0마이아47955.092하무상47 54 545667.071.064.73448331114 7191024 019133532 8 0 0 0→→선13.737.040.313.7491237.039.1 90.0 88.1  0 20 20 0   13.80   13.70 4 -6  0NN동55.04851412 -.3 7.3 7.0444414 0일반주행탄력호전40기 0 5 3     2 1 2④1:30.0½    .214.139.413.9  3 -1  .09 4 1 -2  .31643413476 3 6 3 21 4 4.02 7.06 1.8 5.2  8.0   23.1   54.7   49.0  .03054 1 6 6 1― 1.538.70-1.6010.7589.4826.6249.8264.7118375315.4829.9443.72 5
20250629일 2140011국621 7 79 9 3강 3351흐림양호 9 2 8원더풀캐시      퍼지    노블볼트 4840.00한암 3 0 0 9 3  504      16500국6서범석지대섭   2 9 6 6 214 2 0 0 5  0마이아48055.092하무상30 43 436242.064.045.83448331114 7191024 019133532 8 0 0 0→→선13.737.040.613.851 436.639.6 88.8 88.3  0  0  0 0   13.90   14.80 5  9  0VN동55.04851412  .0 7.5 7.5373714 0적정체중보통주행40기 011 4     6 5 4④1:28.81½   .913.839.613.7  1 -2  .00 4 3 -6 1.22320583655 2 9 7 32 3 2.0110.07 2.0 3.2  2.8    3.2    6.5    6.9  .02561 1 5 5 1―  .938.80-1.2910.6889.6916.3532.5445.75132946 8.1421.9825.82 4
20250524토 2140010국650 910910혼전 4451흐림다습13 2 8원더풀캐시      퍼지    노블볼트 4840.00한암 3 0 0 2 4  61311:25 16500국6서범석지대섭   210 5 5 114 1 0 0 4  0마이아48255.092하무상26 56 565134.067.046.7335032 833 3191024 019133532 8 0 0 0→→선14.037.040.813.859 636.640.5 90.3 88.9  0  0  0 0   14.40   14.50 6 -1  0HNUP55.04851412-2.0 8.0 6.0545412 2숨은복병거리부담67기 2 2 3     2 2 3③1:30.35     .913.940.714.8 -6 -3  .00 3 9  2 2.14723806857 6 9 5 31 2 2.08 1.03     8.7  4.2   18.1   26.6  123.812.73076 2 5 6 2― 1.338.90-1.4411.1489.8317.2832.9546.73122641 5.1915.1224.44 6
20250412토 1120011국640 9 9911 2강 2259비  건조 5 2 8원더풀캐시      퍼지    노블볼트 1137.00한암 3 0 0 2 4  74013:25 16500국6서범석지대섭   211 4 4 414 1 0 0 3  0씨씨웡48555.090하무보 5 35 3520  .036.016.32337 5 833 3191030 01913212522      ↘↗선14.037.939.913.8 9 537.639.5 79.1 77.1  0  0  0 0   14.40   14.30 7  2  1HN동       1212         9.0    12 0최빈거리보통주행 1관 0 3 7     7 8 7⑥1:19.1목    .814.440.614.5 -1  4  .00 6 7  0  .97766727759 61011 70 1 3.01 2.09     8.4  6.1    8.5   20.2   19.8  .01323-3 1 1-3▼-1.038.00 -.63 -.7077.06 3.29 9.5916.29 5122114.2927.5056.74 3
20250222토 1120011국651 910912 1강 1151맑음건조 3 2 8원더풀캐시      퍼지    노블볼트 1137.00한암 3 0 0 9 5  88810:35 16500국6서범석지대섭   212 3 3 314 2 0 0 2  0이동하48154.583하무보14 35 3521  .032.012.01438 92071131910 0 01913252419      →↗선14.037.839.913.8171037.940.4 80.3 78.3  0  0  0 0   14.50   14.80 5 -8  1HL동       1212         8.0    12 0교체실패거리난점 1기 0 1 9     9 910⑨1:20.32    2.214.441.514.3  2  3  .00 9 7  1 2.29379889323 8 810 80 2 6.01 5.07     8.5  8.2   11.7   26.9   36.0  .019 9-3 1 1-3▼-1.338.50 -.46  .6077.01 1.51 5.0711.96 1 613 8.3316.8641.05 4
20250119일 1120011국612 7 1913 1강 1155맑음건조 3 2 8원더풀캐시      퍼지    노블볼트 1137.00한암 3 0 0 2 5  96510:35 16500국6서범석지대섭   213 2 2 214 1 0 0 1  0이동하47854.083평무보38 35 3543  .033.011.91438 92071131910 0 01913252419      →↗선14.037.139.913.8691237.839.8 78.8 77.4  0  0  0 0   14.00   14.10 5  2  1NN동       1212         6.0    12 0최빈거리보통주행 1관 1 9 8     8 8 8⑧1:18.81    2.014.540.914.8  2 -5  .05 8 6 -2 2.58375798525 6 8 9 70 1 2.09 1.08     2.8  7.4  574.0  900.4   84.0  .01321-3 2 1-3▼-1.138.90 -.07  .4076.62 2.13 5.9811.92 3 817 9.0918.1831.13 8
20241215일 1120012국650 8 5914혼전 4455흐림양호 8 2 8원더풀캐시      퍼지    노블볼트 1137.00한암 2     2 6 107610:35 24750국6서범석지대섭   214 1 1 114 1 0 0 0  0마이아48353.093평무보   35 3540  .040.014.8334621193314191024 019133532 8      ↘↘선13.836.738.513.6    36.939.7 77.8 76.5              13.80   13.90        LN동       12 0                 0 0일반주행보통주행 1기 0 7 6     9 8 8⑥1:17.82     .914.040.414.1 -2 11  .00 6 8  0 1.56232776754 4 4 6 80 1 4.0112.11     3.9 10.2    8.5   21.2   51.6  .01544-2 3 3-2▽ -.739.00  .85 1.2875.61 2.57 7.0014.84 1 613 8.5716.7328.05 8
20260815토 2140011국6 3 9  9 0혼전 4451           2 9그레이팬텀      한센    상류     6131.00한암 4 0 0   1    013:45 16500국6이동국김길중  -2 016221521 3 0 121  0오수철   54.061평추상50 72 725644.060.047.9 720 61360 7 810 2 021 6112215 0 099↘↗입13.837.538.913.51069                   14 33  033   14.20   13.00 4  8 -1BN동53.84331714-1.8 6.6 4.8656513 0마주성향마주성향 1   0 9                            14.2    13.0        .0                      11 1 1 1  3                                            12.72953 2 6 5 2―  .838.90 -.60     88.8618.8634.6347.8518375317.6527.4038.59 3
20260718토 3140011국620 9 79 1혼전 4451흐림불량20 2 9그레이팬텀      한센    상류     6131.00한암 4 0 0 2 1   58      16500국6이동국김길중  -2 115211421 2 0 120  0오수철42555.061평추상77 86 866149.060.032.9 720 61360 7 810 2 021 6112215 0 099↘↗입13.837.439.113.5155737.437.7 88.5 87.7 10 30  030   14.20   12.90 3 -6  0UL동53.54351714-1.4 6.8 5.4606013 0마주성향마주성향 5   0 1 6     7 7 4③1:28.51¼   .214.238.313.0 -4  1  .00 3 7  0  .6 767 4 677 7 1 2 43 2 1.02 3.04 2.3 4.4  2.3    4.4    7.1   17.9  .02254 1 6 5 1―  .938.20 -.2711.1688.9310.3522.1532.92 7182812.5026.5741.80 4
20260627토 3140011국650 9109 2 1강 1152맑음건조 4 2 9그레이팬텀      한센    상류     6131.00한암 4 0 0 9 1   58      16500국6이동국김길중  -2 214201321 1 0 119  0오수철42455.061평추보60 72 723745.055.030.7 720 61360 7 810 2 021 6112215 0 099↘↗입13.837.439.413.5164838.138.0 89.1 88.5 11 16  021   14.10   13.10 2  5  3NL동53.04391714 -.6 6.6 6.0575713 0최빈거리마주성향49기 0 7 7    1010 8⑤1:29.1½    .714.238.312.9 -2 -8  .00 5 7  0  .82789 72861 7 2 1 53 1 3.0611.03 3.610.3  5.5   20.9   40.0   30.1  .02152 0 5 5 0―  .538.40 -.4011.7189.14 8.5419.9130.66 91835 8.9916.4729.35 6
20260614일 3140011국630 7 89 3 3강 3351흐림건조 3 2 9그레이팬텀      한센    상류     6131.00한암 4 0 0 2 1    8      24750국6이동국김길중  -2 313191221 5 0 118  0권중석43252.067평추상55 75 754847.058.032.91341 51360 7 810 0 021 6181819 0 099↘→선13.937.439.613.6204138.437.8 89.7 88.7 11 17  022   14.50   13.10 3 -4  0HH동53.04391714 -.8 7.0 6.2525213 0마주성향탄력호전32관 0 2 7    1111 9⑧1:29.7¾    .914.138.213.1  1-10  .00 8 7  1 1.13495 43254 6 2 3 43 6 3.04 1.06 2.1 5.0  5.5   18.5   35.6   14.912.12244 1 6 4 1―  .638.40 -.5811.6689.28 9.4620.4532.9010223611.7622.2230.30 4
20260524일 3140011국650 9109 4 1강 1159맑음다습11 2 9그레이팬텀      한센    상류     6131.00한암 4 0 0 2 1   48      16500국6이동국김길중  -2 412181121 4 0 117  0권중석44252.067평추상30 60 604364.062.053.41341 51360 7 810 0 021 6181819 0 099↘→선13.937.339.713.6213738.438.2 89.7 88.4 12 12  024   14.90   13.20 5  0  0NH동53.54371714  .2 6.6 6.8494913 0마주성향마주성향46관 0 610    1111 9④1:29.7½    .514.538.413.1 -2  4  .00 4 6  0  .82495104769 6 3 1 23 5 5.10 7.11 3.6 9.6  6.6  159.3  236.7 1192.312.03045 2 7 6 2― 1.038.50-1.1011.3889.2820.3238.5853.3619405514.4731.5849.03 2
20260419일 31400 9국621 9 79 5 1강 1159맑음건조 4 2 9그레이팬텀      한센    상류     6131.00한암 4 0 0 2 1   89      16500국6이동국김길중  -2 511171021 3 0 116  0권중석43852.067평추상11 36 363325.045.032.31341 51360 7 810 0 021 6181819 0 099↘→선13.937.439.813.6203039.437.8 91.2 89.2 13 13  013   14.10   14.30 2  4  0NH동55.04361714  .8 6.2 7.0434313 0최빈거리마주성향31기 0 6 8     9 8 8④1:31.21     .414.938.713.2 -2 -2  .00 4 6 -2  .95899 57170 7 1 3 53 4 3.04 7.03 1.6 3.1 10.9   41.8   80.2  301.5  .02129-1 4 3-1▽ -.538.60 -.6812.0089.4111.0822.6232.25 8172913.5128.2640.24 3
20260405일 3140010국610 9 69 6 2강 2258맑음양호 6 2 9그레이팬텀      한센    상류     6131.00한암 4 0 0 1 1   29      24750국6이동국김길중  -2 61016 921 2 0 115  0권중석44052.067평추하 9 34 3428 8.038.020.01341 51360 7 810 0 021 6181819 0 099↘→선13.937.539.713.6123336.740.4 91.9 89.9 13 20  0 7   14.10   14.20 4  1  1HN동55.04361714 1.4 5.2 6.6464613 0최빈거리보통주행44기 0 2 2     3 3 5⑥1:31.91¼  1.014.141.414.3 -2  6  .00 6 8  2 1.27527776753 7 3 8 72 3 2.04 4.07 1.5 4.0  5.3   18.8   35.2   33.2  .01423 0 2 2 0― -.738.60 -.3612.7089.41 4.3210.6720.02 2 716 3.57 8.2612.82 7
20260308일 3140010국651 9109 7혼전 4459맑음다습13 2 9그레이팬텀      한센    상류     6131.00한암 4 0 0 2 1   71      24750국6이동국김길중  -2 7 915 821 1 0 114  0권중석43451.067평추보15 29 293311.038.020.31341 51360 7 810 0 021 6181819 0 099↘→선13.937.539.613.6114137.840.4 91.2 90.7 14 21  021   14.80   13.70 4 -7  0UUDN55.04361714  .6 5.4 6.0494913-3최빈거리보통주행74기 0 1 5     6 4 7⑧1:31.2¾   1.114.140.614.2  2  0  .00 8 6 -3 1.58882788848 7 4 5 70 2 4.01 8.02 3.7 7.8  6.4   15.6   35.0   19.3  .01441 0 2 2 0― -.938.80 -.3013.6189.34 6.0613.1420.30 41118 3.2810.6114.43 8
20260207토 3170011국651 9109 8 1강 1153맑음건조 2 2 9그레이팬텀      한센    상류     6131.00한암 4 0 0 2 1   71      16500국6이동국김길중  -2 8 814 121 1 0 113  0조성환43451.053평추하41 59 5931 8.034.010.0 718 61360 7 810 4 021 6101519 0 099↘→추13.940.340.913.7146540.142.2116.0115.2 15 23  023   14.40   14.10 3 -1 -4NUUP55.04361714  .4 4.8 5.2545413 3마주성향탐색우려38관 0 8 9 910111110⑨1:56.0코   1.814.841.713.7  0 12  .00 9 9  5 3.28765788432 9 1 4 90 1 2.11 6.03 2.6 6.6  4.1  121.2  154.3  495.8  .02210-2 1 1-2▽-1.041.10  .2333.98113.9 1.47 5.0310.02 1 4 9 2.82 6.3711.8110
20260117토 3140011국642 9 49 9 2강 2251맑음건조 5 2 9그레이팬텀      한센    상류     6131.00한암 4 0 0 2 1   61      16500국6이동국김길중  -2 9 713 721 2 0 112  0장추열42255.093평추하70 61 613745.055.035.62950121360 7 810 9 021 6202722 0 099↘↗입13.937.539.413.7105237.639.4 90.7 89.1 17 25  017   13.90   13.30 5 -1  0LN동55.04361414 -.4 5.2 4.8515113 0최빈거리마주성향50조 1 9 9    1110 7⑦1:30.7½    .914.440.114.1  3  1  .00 7 4  0 1.25680506755 9 3 3 33 2 2.0610.03 2.2 3.4  3.2   26.5   34.4  141.7  .02130-2 5 4-2▽  .338.50 -.5912.1989.21 9.4622.5035.55153246 8.1615.3026.30 4
20251214일 5140011국630 7 8910혼전 4451맑음포화18 2 9그레이팬텀      한센    상류     6131.00한암 3 0 0 2 1   93      16500국6이동국김길중  -210 612 621 1 0 111  0장추열42155.093평추하73 83 835853.062.039.72950121360 7 810 9 021 6202722 0 099↘↗입13.837.439.313.7125737.339.2 88.4 88.6 18 27  027   15.10   13.70 5  8  4BN동55.04361414 -.4 5.4 5.0555513 0마주성향보통주행54조 110 5     6 6 4⑤1:28.4¾   1.413.938.913.3  1 -1  .00 5 4  1 1.54068435339 6 1 2 42 1 3.09 1.02     5.0  5.0   74.2  107.2   47.5  .02275 0 6 5 0―  .838.40 -.5811.9489.0713.4926.8639.71 8172912.5024.2037.79 4
20251109일 31400 9국642 9 4911 2강 2258맑음건조 3 2 9그레이팬텀      한센    상류     6131.00한암 3 0 0 2 1  141      16500국6이동국김길중  -211 511 521 1 0 110  0권중석42251.067평추상79 83 836160.061.061.01341 51360 7 810 0 021 6181819 0 099↘→선13.837.439.413.6185238.138.7 90.7 88.7 20 20  010   14.70   13.60 5 -8 -4HU동55.04361413-1.4 6.4 5.0565613 0마주성향마주성향68조 0 2 9     9 9 6④1:30.7½    .515.139.313.7  1  4  .00 4 3 -4  .63890245868 8 1 1 23 1 2.01 1.04 2.4 3.6  3.8    3.6    7.4   13.8  .02271 0 6 6 0―  .938.50-1.1911.9089.1423.2544.3961.0419405527.5948.7066.32 2
20251004토 3140011국651 910912 2강 2251맑음다습10 2 9그레이팬텀      한센    상류     6131.00한암 3 0 0 1 2  229      16500국6이동국김길중  -212 410 421 2 0 1 9  0이용호41855.062평추상76 72 724020.049.022.21257 0 725 0 810 01521 6191820 0 099↗→자13.837.339.613.7214137.938.5 90.3 88.5 22 22  011   14.50   13.20 6  8  0BNUP55.04361413-1.6 6.6 5.0545413 1편성만만마주성향31조 11010    1011 8⑤1:30.31½   .714.739.313.6 -2 -1  .00 5 7  1 1.03084214562 5 6 4 73 4 1.0211.03 2.9 7.4  2.9    9.7   16.4   20.7  .03042-1 4 2-1▽  .038.50 -.2311.6089.21 4.5212.9522.21 2 716 2.46 8.7015.24 7
20250824일 2130010국612 4 6913 2강 2251흐림건조 4 2 9그레이팬텀      한센    상류     6131.00한암 3 0 0 2 2  35711:00 16500국6이동국김길중  -213 3 9 421 1 0 1 8  0이용호41955.062평추보69 58 5837 3.036.011.21257 0 725 0 810 01521 6191820 0 099↗→자13.837.639.413.8345238.737.9 82.3 82.4 25 13  0 0   14.40   13.70 8  1  0HNDN55.04361413-1.0 6.8 5.8484813-1일반주행최적거리40관 1 210    10 9 7⑤1:22.3¾    .914.537.913.2 -1 -5  .00 5 6  0 1.22191 94052 7 4 4 83 3 1.04 6.03     5.1  1.9    7.5   11.8   90.3  .01514-4 2 2-4▼-1.239.30  .41 5.4183.29 1.50 5.1011.15 2 612  .12 2.27 6.9210
20250629일 2140011국621 7 7914 3강 3351흐림양호 9 2 9그레이팬텀      한센    상류     6131.00한암 3 0 0 9 3  50411:00 16500국6안해양김길중  -214 2 8 321 2 0 1 7  0정우주42455.074평추보47 67 673112.039.016.3213312 940 01719 0 02113163013 0 099→↘입13.837.439.713.8203737.439.6 89.4 88.9 29 14  0 0   14.10   14.30 4 -5  0UN동55.04361413-1.6 6.8 5.2585813 0마주성향조교부실40관 0 1 9     9 9 5⑤1:29.43    1.514.439.613.7 -1 -5  .00 5 6  1 1.84464586537 6 4 4 73 2 2.0110.07     3.2  2.8    3.2    6.5    6.912.12219-3 3 1-3▼ -.938.50 -.1911.7889.34 3.89 9.9516.26 31016 3.49 7.6913.35 7
20250531토 3140010국630 9 8915 2강 2251맑음건조 4 2 9그레이팬텀      한센    상류     6131.00한암 3 0 0 9 3  59112:45 16500국6안해양김길중  -215 1 7 221 1 0 1 6  0정우주42955.074평추상52 71 714656.059.033.4213312 940 01719 0 02113163013 0 099→↘입13.737.739.613.7 54836.939.7 90.6 88.9 33 17  0 0   14.70   13.80 5 -1  0NNUP55.04361413-1.6 7.2 5.6515113 1착차만회마주성향41관 0 6 3     3 3 4⑥1:30.6½    .814.139.914.3  1 -7  .00 6 5 -3 1.54437625459 7 3 3 52 1 2.03 9.07     4.2  2.7    5.9   10.7    3.6  .02563 0 6 5 0―  .638.20 -.7711.5589.48 9.5621.4533.43 81729 8.1821.0532.25 5
20260815토 2140011국6 3 9  8 0혼전 4451           210삼정블루        컬러즈플인디언파 4535.00한거 3 0 0   1    013:45 16500국6강환민김호선  -1 0 9 9 3 8 1 0 0 8  0조성환   52.053하추보50 52 522410.037.012.8 718 61851112316 0 01820101519 099 0↘→추14.337.340.113.93337                    0 33  0 0   14.50   13.40 4  0 -5LU동57.04521413-1.0 6.6 5.6393914 0일반주행최적거리 1   010                            14.5    13.4        .0                       710 9 9  1                                              .01525-1 2 2-1▽-1.040.10 -.30     89.55 2.53 7.3312.81 2 610 4.4110.9616.18 8
20260718토 3140011국620 9 78 1혼전 4441흐림불량20 210삼정블루        컬러즈플인디언파 4535.00한거 3 0 0 2 1   58      16500국6강환민김호선  -1 1 8 8 2 8 4 0 0 7  0푸르칸45357.078하추상46 46 463121.048.019.2215615185111231616 01820142421 099 0↗↗추14.337.440.213.9293337.638.4 89.4 88.6  0 33  0 0   14.30   13.90 3  8  0BN동57.04521413-1.0 7.8 6.8303014 0일반주행최적거리 5   01010    10 9 6⑥1:29.4½   1.114.539.013.4  3  1  .09 6 3 -1 1.53176152849 8 8 7 73 4 1.02 3.04 2.3 4.4  2.3    4.4    7.1   17.9  .01523-1 4 4-1▽ -.138.40 -.5810.9689.69 4.2410.0619.22 31121 6.2513.9920.90 6
20260627토 3140011국650 7108 2 1강 1152맑음건조 4 210삼정블루        컬러즈플인디언파 4535.00한거 3 0 0 9 1   58      16500국6강환민김호선  -1 2 7 7 1 8 3 0 0 6  0푸르칸45257.078하추상50 45 453333.054.032.5215615185111231616 01820142421      ↗↗추14.437.640.314.0232737.139.2 89.1 88.5  0 20  0 0   14.70   14.10 3 -4  0HNUP       1413-1.0 7.8 6.8303013 1일반주행거리부담58기 1 2 8     6 6 6④1:29.11¾   .714.339.513.9  0  2  .00 4 4 -2  .8274541366110 8 7 42 3 3.0611.03 3.610.3  5.5   20.9   40.0   30.1  .02039 0 4 5 0―  .638.20-1.1310.6189.8910.2821.8932.51 71828 7.8716.4726.09 4
20260606토 3130011국613 7 68 3 3강 3357맑음양호 7 210삼정블루        컬러즈플인디언파 4535.00한거 3 0 0 1 1   38      16500국6강환민김호선  -1 3 6 6 3 8 2 0 0 5  0푸르칸45057.078하추상26 23 233714.046.022.9215615185111231616 01820142421      ↗↗추14.437.740.114.1472238.438.7 83.8 82.5  0  0  0 0   14.70   14.20 5  5  0NN동       1313-1.0 8.3 7.3242413 0일반주행최적거리70기 0 6 9     9 8 5⑤1:23.83     .914.739.514.1 -1 -6  .00 5 6 -3 1.1238230545510 6 8 73 2 7.02 8.05 1.6 4.3 20.4   43.3  139.6  109.313.41538 0 3 4 0― -.239.20 -.42 4.6883.80 5.7313.7622.93 31016 3.37 7.7816.25 8
20260503일 1130011국620 9 78 4 1강 1159비  다습10 210삼정블루        컬러즈플인디언파 4535.00한거 3 0 0 1 1   90      16500국6강환민김호선  -1 4 5 5 2 8 1 0 0 4  0푸르칸45657.078하무보 5  7  718 7.034.011.5215615185111231616 01820142421      ↗↗추14.437.440.113.764 738.039.5 84.2 83.3  0  0  0 0   14.40   15.10 3 -9  0HN동       1310  .0 8.0 8.0222212 0일반주행거리속성43기 0 110    10 9 5⑤1:24.22    1.714.739.914.2 -4 -2  .00 5 9  1 1.85571566834 3 6 9 63 1 1.02 9.04 2.2 2.6  2.2    2.6    4.5   15.413.41516-3 2 2-3▽-1.139.70  .08 5.8283.61 1.80 5.4511.50 2 711 2.30 5.7111.34 8
20260411토 3130011국641 6 98 5 1강 1156흐림다습14 210삼정블루        컬러즈플인디언파 4535.00한거 3 0 0 2 1   61      16500국6강환민김호선  -1 5 4 4 1 8 3 0 0 3  0장추열45857.093하무보28 23 23 7 9.038.013.8295012185111231624291820202722      ↘↗입14.537.940.413.7361237.341.3 84.3 84.9  0  0  0 0   14.50   14.00 8  7  1BNUP       1310  .5 8.0 8.5242412 1주행중지거리속성48트 11011     5 7 9⑦1:24.39    2.414.441.515.1 -1-10  .00 7 8  3 2.98835928818 810 6 80 3 1.10 1.09 2.1 5.2  2.1  111.1  130.9  426.013.41211-3 2 1-3▼ -.839.60 -.48 6.6384.13 2.49 6.2113.80 2 711 4.29 7.7413.41 8
20260214토 1120011국610 9 68 6혼전 4451맑음건조 3 210삼정블루        컬러즈플인디언파 2926.00한거 3 0 0 2 1  157      16500국6강환민김호선  -1 6 3 3 1 8 2 0 0 2  0장추열46856.093하무보21 19 192010.037.013.1295012185111231624291820202722      ↘↗입14.538.039.913.714 9                    0  0  0 0   14.90   14.30 4 -7 -1HH동       1210  .010.010.0171712 0일반주행부진마필74트 1 3          99        중지    14.9    14.3     4  .07   5 -1               7 8 5 80 2 1.03 6.08 1.4 4.2  1.4    7.1    7.0   10.0  .015 9-3 2 2-3▼-1.039.90 -.60     77.12 2.17 6.9513.08 31016 2.44 6.84 7.4710
20260118일 1120010국650 9108 7 2강 2251흐림건조 5 210삼정블루        컬러즈플인디언파 2926.00한거 3     2 1   73      16500국6강환민김호선  -1 7 2 2 1 8 1 0 0 0  0장추열46456.593하무보49 48 4821 7.037.015.2295012185111231624291820202722      ↘↗입14.538.040.213.711 937.939.2 78.1 76.6  0  0  0 0   14.30   13.3019  8  1NNUP       1210  .010.010.0171710 2일반주행보통주행 5트 010 8     8 6 6⑦1:18.11    1.714.940.214.3  1  3  .00 7 6 -4 2.26783637834 810 4 50 1 1.09 3.05 3.2 5.7  3.2   56.3   87.7   48.3  .01518-3 2 1-3▼-1.137.70 -.82-1.6377.29 2.37 7.3115.23 51325 1.87 5.3210.93 6
20250906토 1100010국611 4 68 8 1강 1155흐림다습12 210삼정블루        컬러즈플인디언파 2926.00한수 2     1 2  39012:50 24750국6강환민김호선  -1 8 1 1 1 8 1 0 0 0  0김용근46155.582평무보   25 2540  .057.056.82045 81450 6231632 01820312614      ↗↘선14.537.137.813.7    37.839.1 64.3 64.4              14.50   14.00        NN동       10 0                 0 0일반주행보통주행50기 2 2 9     91010⑩1:04.34    2.414.539.014.0  0  7  .001010  0 2.48567828116 1 1 3 20 1 9.07 5.07     5.7 29.7  113.4  352.4  282.9  .01567 0 6 6 0―  .438.30 -.59-10.662.7122.6643.4156.79183753 9.9219.8234.14 2
20260815토 2140011국6 3 9  9 0혼전 4451           211청강겨울        지롤라모남행열차 4232.00한암 3 0 0   1    013:45 16500국6성상현김관호   0 0 4 4 2 3 2 0 0 3  0임다빈   54.077하선보50 45 452711.037.011.71527 81874 31529 0 02816142424      →↗추13.637.040.613.644 6                    0  0 33 0   14.30   13.90 3  9 -1NH동       1412  .3 7.7 8.0272714 0일반주행보통주행 1   011                            14.3    13.9        .0                       4111110  2                                              .01510-4 2 1-4▼-1.240.60 -.40     89.69 2.14 6.1111.73 1 4 8 2.94 9.5917.4310
20260725토 3140011국641 9 99 1혼전 4451맑음다습11 211청강겨울        지롤라모남행열차 4232.00한암 3 0 0 9 1   38      16500국6성상현김관호   0 1 3 3 1 3 1 0 0 2  0임다빈46555.077하도보26 23 235012.035.010.51527 81874 31529 0 02816142424      →↗추13.636.740.614.066 337.539.8 90.5 89.5  0  0 50 0   13.70   15.30 6 -2  0HNUP       1412 1.0 7.0 8.0232312 2일반주행거리부담39기 0 2 6     7 7 7⑧1:30.51    1.514.340.113.9 -1 -2  .00 8 9  0 2.26369627139 310 9 80 1 2.01 4.05 3.1 4.9  3.2    4.9    8.7  159.3  .01536-1 2 2-1▽-1.239.30 -.1812.1789.48 1.71 5.1110.52 2 714 4.69 9.3317.50 8
20260614일 11200 9국653 9109 2 3강 3358흐림건조 3 211청강겨울        지롤라모남행열차 4624.00한암 3 0 0 2 1  110      16500국6성상현김관호   0 2 2 2 2 3 2 0 0 1  0김아현46755.059하무하18 15 15 8 6.025.0 5.9 867 01874 31529 0 02816152013      →→입14.237.940.014.0 8 936.041.1 77.9 76.5  0  0  0 0   14.20   14.3013 -2  1HN동       1212 4.0 5.0 9.0191912 0우수혈통보통주행40기 0 4 4     2 3 6⑦1:17.9¾   1.813.741.515.3 -2  4  .00 7 9  4 1.964 3947929 9 8 6 91 2 4.0110.08 3.1 5.5  6.7    9.9   23.2   18.1  .021 4-4 1 1-4▼-1.837.80 -.40-1.3677.12  .61 2.38 5.91 0 1 5 1.19 5.5610.1510
20260315일 1120011국631 9 89 3 2강 2239흐림양호 6 211청강겨울        지롤라모남행열차 4624.00한암 3     2 2  256      16500국6성상현김관호   0 3 1 1 1 3 1 0 0 0  0김아현46354.561평무보23 25 2522  .024.0 4.81150 63850171529 0 02816152013      ↘→입15.238.538.912.9 25737.739.9 78.8 77.0              15.20   13.20 4  0  0LL동       12 0         7.0     0 0일반주행우수혈통44기 1 6 9     91010⑨1:18.8¾   2.214.240.614.3  4-14  .00 9 5  0 2.5777480862310 3 9 90 1 6.0210.02 1.6 3.6 26.7   55.4  152.8   21.9  .015 4-4 1 1-4▼-2.137.40 -.09 -.3676.84 1.08 2.24 4.77 1 4 811.2121.5742.30 2
20260815토 3130011국6 2 9  8 0 1강 1157           3 1미스터카이      미스치비카이제린 2030.00한수 3 0 0   1    014:35 16500국6박지헌(주)디알 2 0 6 6 3 5 2 0 0 5  0서승운   56.084하입적50 48 486547.057.047.52538172249132013 0 0201828301699 0 0↗↘선13.937.039.816.682 5                    0  0 25 0   13.50   15.50 8 -7 -1UUUP56.54641312 1.0 5.5 6.5323213 1일반주행작전마주 1   0 1                            13.5    15.5        .0                       3 4 5 2  2                                            13.22054 0 5 4 0―  .439.80 -.47     83.1618.0335.0347.4518375321.0533.5939.65 2
20260620토 2120011국642 8 98 1 1강 1151비  불량20 3 1미스터카이      미스치비카이제린 7621.00한수 3 0 0 2 1  139      16500국6박지헌(주)디알 2 1 5 5 3 5 1 0 0 4  0서승운47357.086하입적41 44 444350.048.025.02538172249132013 0 0201828301699 0 0↗↘선13.936.939.416.673 336.742.0 78.1 78.1  0  0 25 0   14.00   14.1012  6  1BVDN56.54641312 2.0 5.7 7.7202013-1능력한계탄력호전 5기 0 8 2     2 410⑩1:18.15    3.813.541.715.5  5  9  .0310 5  0 4.191209795 7 3 4 5 60 1 2.10 3.06 2.3 5.0  4.1   92.1  146.5   66.3  .01435-2 4 3-2▽ -.339.30 -.05 1.7876.23 6.5114.8725.01 51325 6.9016.3124.68 7
20260329일 2130010국620 8 28 2 2강 2252맑음건조 3 3 1미스터카이      미스치비카이제린 2030.00한수 3 0 0 9 2  233      16500국6박지헌(주)디알 2 2 4 4 2 5 1 0 0 3  0유승완46456.566하입보 5  9  953 9.033.014.21133 8213314201314202018152722      →→입13.936.840.216.690 337.339.1 83.6 82.6  0  0 33 0   13.80   15.20 6  1  1HN동       1312 2.0 5.7 7.7202013 0일반주행작전마주 5   0 2 2     2 2 3③1:23.62½   .514.039.714.1 -2  7  .00 3 5  0  .82733412767 1 7 7 71 1 1.07 3.01 1.5 2.2  1.5   36.6   52.3   59.0  .02030-4 2 1-4▼-1.340.20  .32 5.6383.29 2.08 6.4914.19 2 716 4.11 8.1612.69 7
20260215일 2130011국652 6108 3 2강 2251맑음건조 3 3 1미스터카이      미스치비카이제린 2030.00한수 3 0 0 2 1  103      16500국6박지헌(주)디알 2 3 3 3 1 5 3 0 0 2  0최범현45756.093하입보 8 13 132731.043.018.7346214224913201333102018193117      ↗→입13.936.840.216.689 337.241.2 85.2 84.8  0  0 50 0   13.90   16.70 5 -7 -1HHUP       1312 1.5 6.0 7.5181812 1능력한계거리속성78기 1 1 4     4 4 5⑧1:25.24    2.013.841.815.2  3  6  .00 8 5  1 2.18629918524 2 8 8 70 3 2.0111.08 2.2 7.5  4.6    7.5   15.2   13.5  .01231-1 4 3-1▽ -.440.70  .18 7.7883.29 3.72 9.2518.70 2 716 4.8113.8625.51 5
20260110토 11200 9국610 9 18 4 2강 2255강풍양호 8 3 1미스터카이      미스치비카이제린 7621.00한수 3 0 0 2 1  105      24750국6박지헌(주)디알 2 4 2 2 2 5 2 0 0 1  0최범현45156.593하무보 5  5  53948.049.040.8346214224913201333102018193117      ↗→입13.837.440.214.640 336.143.0 79.3 78.5  0  0  0 0   13.80   14.90 6  5  1BN동       1212 2.0 8.010.0 7 712 0교체실패작전마주 5기 0 8 6     6 3 5⑤1:19.35    1.713.943.316.7  1-12  .00 5 4 -4 2.094 4999633 2 8 2 42 2 1.02 7.01 1.3 2.1  1.3    2.1    2.8   10.1  .02022-3 5 3-3▽ -.338.90-1.24  .9376.9513.4528.0040.7810223511.3423.3316.33 8
20251129토 1120012국610 6 68 5 2강 2255맑음다습10 3 1미스터카이      미스치비카이제린 7621.00한수 2     9 1  13110:35 24750국6박지헌(주)디알 2 5 1 1 1 5 1 0 0 0  0최범현46356.093평무보 8 25 2536  .035.013.4346214224913201333102018193117      ↗→입14.437.640.013.847 137.440.8 78.1 78.4              14.40   14.10        NN동       12 0         8.0     0 0일반주행가격혈통 5   0 3 3     3 5 8⑩1:18.1목   3.413.841.314.9  2  5  .0010 8  0 3.893579292 9 6 9 8 60 1 1.03 1.02     4.4  1.6    5.3    7.5   69.6  .01512-4 2 5-4▼-1.238.70 -.43  .7776.95 2.32 6.6113.38 51221 8.3316.6725.00 3
20260815토 3130011국6 2 9  9 0 1강 1157           3 2비바참          레볼루셔비호바람 6734.00한암 4 0 0   1    014:35 16500국6전승규김명식   1 0 7 7 3 6 2 0 0 6  0김태현   54.053기추적50 54 546549.055.047.4 650 31948 62215 0 01819211116 0 099→↘선14.438.138.913.41579                    0 40  020   14.70   12.80 4 -9 -1UUUP55.04051312-3.0 8.0 5.0424213 1착차만회기복전력 1   0 2                            14.7    12.8        .0                       9 1 3 3  2                                              .02347 1 6 6 1―  .438.90 -.59     83.2918.0135.0147.4212264114.0429.0144.93 3
20260718토 2120011국622 9 79 1 2강 2251흐림불량20 3 2비바참          레볼루셔비호바람 2122.00한암 4 0 0 2 1   59      16500국6전승규김명식   1 1 6 6 4 6 1 0 0 5  0김태현40455.053하입적45 43 4321 4.034.013.3 650 31948 62215 0 01819211116 0 099→↘선14.437.938.613.7 98237.938.0 75.4 75.3  0 25  025   13.70   14.30 3  9  0VUDN55.04061312-3.0 8.0 5.0383813-1숨은복병부중유리 5   01110    1010 7⑤1:15.41¾   .714.737.812.8 -3  4  .00 5 8  7  .8217922416110 3 5 83 1 1.05 5.07 2.2 4.0  2.2   12.9   25.7   46.4  .01921-2 2 1-2▽-1.137.40  .18-1.1676.34 2.60 6.8613.30 1 613 1.02 3.02 6.98 9
20260627토 2130011국650 5109 2 1강 1151맑음건조 4 3 2비바참          레볼루셔비호바람 6734.00한암 4 0 0 9 1   59      16500국6전승규김명식   1 2 5 5 2 6 2 0 0 4  0김태희40055.061하입적93 75 755151.053.024.11145 61948 6221521 81819152416 0 099↘→입14.438.039.413.7196537.140.4 83.5 83.5  0 25  025   14.50   13.60 2 -6  0UU동55.04061312-3.0 8.7 5.7262613 0착차만회최적거리20관 0 2 3     5 5 8⑦1:23.53    1.413.740.314.3  6 -6  .09 7 1 -5 1.95925786437 6 4 4 52 2 7.05 4.01 2.9 6.4 17.3   84.4  189.4  623.1  .02349-1 4 4-1▽  .139.20 -.20 6.1183.55 5.4114.5224.05 81729 8.2618.1128.33 5
20260613토 2130011국622 8 79 3 1강 1151맑음건조 3 3 2비바참          레볼루셔비호바람 6734.00한암 4 0 0 2 1   19      16500국6전승규김명식   1 3 4 4 1 6 1 0 0 3  0김태희40655.061하입적50 30 3010 8.035.012.91145 61948 6221521 81819152416      ↘→입14.437.840.114.0322738.537.7 83.0 81.8  0  0  0 0   14.50   12.5042  4  0LHUP       1312-3.0 8.7 5.7262612 1착차만회거리속성40기 1 8 8     9 9 3③1:23.01     .214.538.413.6 -3-11  .00 3 6 -3  .4 785 52275 8 9 9 93 1 2.07 7.05 1.9 5.4  4.7   16.4   30.5   67.8  .02322-3 2 1-3▼-1.039.00 -.20 3.9083.87 2.28 6.9712.88 2 711 3.39 7.4613.64 8
20250816토 3120011국611 9 69 4 1강 1151맑음다습12 3 2비바참          레볼루셔비호바람 2122.00한암 3 0 0 2 5  874      16500국6전승규김명식   1 4 3 3 3 6 1 0 0 2  0디에고41755.055하입보55 47 47 7 6.029.0 8.8 0 0 01950 82215 0 01819132321      ↘→입14.437.839.314.0204437.341.3 79.1 78.2  0  0  0 0   14.50   14.40 5 -1  0HH동       1212-3.5 8.5 5.0353512 0최빈거리보통주행 5트 0 4 7     6 7 6⑦1:19.16    3.514.241.514.8 -2  4  .00 7 9  3 3.99351959411 9 9 6100 1 1.05 3.06 2.3 7.7  2.3    9.0   13.2   20.7  .013 4-4 1 1-4▼-1.538.40 -.04 1.1176.67 1.56 4.24 8.81 0 3 4  .93 4.72 6.7911
20250712토 2120011국611 8 69 5 1강 1159맑음건조 5 3 2비바참          레볼루셔비호바람 2122.00한암 3 0 0 2 3  473      16500국6전승규김명식   1 5 2 2 2 6 1 0 0 1  0정정희41355.078하무상69 52 522615.040.028.0247110293611221527331819202415      ↘↘입14.237.739.113.6265737.739.0 78.2 76.2  0  0  0 0   14.20   13.90 6 -3  0NH동       1212-6.011.0 5.0353512 0최빈거리작전마주68기 0 5 5     5 5 4⑤1:18.23    1.514.540.114.4 -1 -9  .00 5 6 -5 2.65371576835 8 4 2 42 1 1.0310.07 1.5 3.6  1.5    3.6    5.0    5.2  .02028-2 3 2-2▽ -.637.90 -.42 -.6076.51 6.7416.3627.99 91835 2.27 6.69 6.0410
20250531토 2120011국641 9 99 6 1강 1159맑음건조 4 3 2비바참          레볼루셔비호바람 2122.00한암 3     9 3  592      16500국6전승규김명식   1 6 1 1 1 6 1 0 0 0  0코지  42255.092평무보   25 2540  .037.020.93047 7293611221532 01819233119      ↘→입14.136.738.513.2    37.438.8 77.6 75.9              14.10   13.50 4  0  0LL동       12 0                 0 0일반주행작전마주40트 0 8 8     8 7 6⑤1:17.61¾  1.514.239.913.9 -6 -3  .00 511  0 1.84058505438 2 2 8 60 1 3.02 2.06 3.0 5.8  4.1    5.8   14.2    7.1  .02041-2 3 3-2▽ -.838.80  .68  .6775.61 4.9910.9220.92 3 817 9.8419.4739.94 6
20260815토 3130011국6 2 9  9 0 1강 1157           3 3믿음의질주      오버애널믿음의빛 2641.00한암 3 0 0   1    014:35 16500국6배휴준강종우   4 0 6 6 3 5 6 0 0 5  0유승완   54.070하추상50 37 37 3 6.032.011.01962 8 833 810 4 7 811 9152722      →↘입14.438.240.013.9 824                    0  0  0 0   14.60   14.20 4  2 -1HH동       1412 -.8 9.0 8.2161612 0탄력저조거리탄력 1   0 3                            14.6    14.2        .0                      10 7 9 9  6                                              .013 2-4 1 1-4▼-1.640.00 -.33     84.06 2.22 4.7210.96 41118 1.75 7.6314.54 8
20260719일 2130011국651 9109 1 1강 1156흐림포화16 3 3믿음의질주      오버애널믿음의빛 2641.00한암 3 0 0 2 1   49      16500국6배휴준강종우   4 1 5 5 2 5 5 0 0 4  0유승완45655.070하추상19 16 1623 4.032.011.91962 8 833 810 4 7 811 9152722      →↘입14.438.239.913.9 82738.341.0 84.8 85.1  0  0  0 0   14.40   14.40 2 -7  0HH동       1412-1.0 8.8 7.8161613 0일반주행최적거리 5   0 110     91010⑩1:24.8½   2.614.640.914.2  0  1  .001010  2 3.4908289941810 8 8100 5 4.05 7.05 2.8 6.0  9.1   42.1   92.4   30.1  .015 8-4 1 1-4▼-1.539.40 -.29 7.0484.00 2.83 6.6611.86 1 4 8 1.67 4.35 9.1310
20260704토 31300 9국653 7 59 2 1강 1155흐림건조 5 3 3믿음의질주      오버애널믿음의빛 2641.00한암 3 0 0 1 1   38      16500국6배휴준강종우   4 2 4 4 1 5 4 0 0 3  0유승완45555.070하추하10  8  8 4 3.031.010.51962 8 833 810 4 7 811 9152722      →↘입14.638.339.913.5 53737.840.0 84.0 83.8  0  0  0 0   14.60   14.80 3  0  0LHDN       1412 -.3 9.0 8.7111112-1발길대로거리속성47트 2 8 9     8 8 8⑤1:24.03    1.614.440.314.4 -3 -2  .00 5 8 -1 1.8676370753510 2 9 93 4 2.01 9.06 2.8 3.8  3.1    3.8    7.2   12.2  .012 4-4 1 2-4▼-1.538.90 -.33 5.5984.06 1.58 4.8210.50 1 4 9  .12 2.52 7.86 9
20260614일 3140011국630 7 89 3 3강 3351흐림건조 3 3 3믿음의질주      오버애널믿음의빛 2641.00한암 3 0 0 2 1   48      24750국6배휴준강종우   4 3 3 3 1 5 3 0 0 2  0유승완45755.070하추상17 12 12 2 4.028.0 2.81962 8 833 810 4 7 811 9152722      →↘입14.937.940.113.5 23338.140.8 92.2 91.1  0  0  0 0   15.00   13.70 4  4  0BHUP       1412-1.5 9.0 7.5121212 2걸음없음탐색우려56트 0 811    101011⑪1:32.23    3.414.641.314.8  2 12  .0011 9 -1 3.690898292 911 910100 3 3.04 1.06 2.1 5.0  5.5   18.5   35.6   14.9  .0 5 1-4 1 2-4▼-2.038.50 -.4113.0989.96  .12 1.41 2.80 1 3 5  .98 3.03 7.0710
20260516토 2120010국621 9 29 4 2강 2242맑음건조 3 3 3믿음의질주      오버애널믿음의빛 5829.00한암 3 0 0 2 1   79      16500국6배휴준강종우   4 4 2 2 2 5 2 0 0 1  0유승완44555.073하무보14 10 10 2 3.026.0 4.91962 8 833 810 4 7 811 9152722      →↘입14.938.339.813.7 11338.738.7 78.8 77.0  0  0  0 0   14.90   14.00 2  3  0NH동       1212 1.0 8.0 9.0 8 812 0최빈거리거리난점30관 0 4 9    1010 9⑥1:18.83    2.415.039.213.7 -4  7  .00 610  2 3.8759648842111 6 6113 2 1.02 6.08 1.5 1.5  1.5    1.5    2.0    3.4  .0 9 1-4 1 1-4▼-2.037.50 -.48-1.1577.23  .27 2.66 4.87 1 4 9  .12 2.29 6.04 7
20260502토 1120010국631 9 39 5 1강 1155흐림건조 3 3 3믿음의질주      오버애널믿음의빛 5829.00한암 3     1 1   40      16500국6배휴준강종우   4 5 1 1 1 5 1 0 0 0  0유승완43855.073평무보11 25 25 9  .025.0 6.91962 8 833 810 4 7 811 9152722      →↘입15.138.539.913.2 1 138.339.5 79.3 77.4              15.10   13.50 4  0  0NL동       12 0         5.0     0 0일반주행보통주행34트 0 1 9     9 9 9⑨1:19.32½  3.214.940.214.0  1 12  .00 9 8  0 3.78392728912 8 7 9 90 1 3.01 3.06 2.2 2.2  4.6    4.6   11.3    2.5  .015 5-4 1 2-4▼-1.837.50 -.71-1.0577.40  .59 2.63 6.92 1 4 9 8.1616.4229.69 3
20260815토 3130011국6 2 9  9 0 1강 1157           3 4피엔에스러너    생일기쁨검향            한거 4       1    014:35 16500국6박윤규피엔에스 2 011 1 1 0 1 0 0 0  0조한별   56.061하무보82 55 552715.029.011.71423111546 817 9 8 017 9122118      →↘입13.637.039.816.578 3                    0  0 20 0   14.10   12.80 3 -2 -1HH동       1313 -.4 9.4 9.0212112 0최빈거리작전마주 5관 0 4                            14.1    12.8        .0                       4 5 2 8  1                                              .02013-3 2 1-3▼-1.739.80  .50     83.16 2.26 4.9911.68 1 2 5 5.2612.2119.82 6
20260725토 2130011국611 8 69 1 1강 1141맑음다습11 3 4피엔에스러너    생일기쁨검향            한거 4 0 0 9 1   39      16500국6박윤규피엔에스 2 11010 610 2 0 0 9  0안드레45357.085하무상13 22 22 6 3.030.012.92375 61546 817 9 0 017 93319 7      ↗→선13.637.139.816.571 336.645.0 87.4 87.9  0  0 11 0   13.50   14.70 3  2  0NN동       1313 -.4 8.8 8.4212113 0최빈거리거리난점 5   0 6 3     3 410⑪1:27.414   5.513.645.017.0  1  0  .001110  2 6.199 99999 4 5 511100 2 1.02 8.05 1.6 5.4  1.6    5.4    8.5   10.9  .0 9 3-3 1 1-3▼-1.341.10  .4110.9883.23 1.89 5.7712.92 0 3 4  .12 3.13 8.0410
20260705일 2130010국651 7109 2 1강 1159흐림건조 4 3 4피엔에스러너    생일기쁨검향            한거 4 0 0 1 1   49      16500국6박윤규피엔에스 2 2 9 9 510 1 0 0 8  0안드레45357.085하무보 5  5  5 0 3.028.0 6.32375 61546 817 9 0 017 93319 7      ↗→선13.737.439.816.556 336.640.6 83.7 83.5  0  0  0 0   13.80   15.50 4 -2  1HN동       1312 -.2 9.2 9.0111112 0걸음없음거리속성 5   0 4 2     1 1 3⑦1:23.7코    .913.540.714.7 -1  4  .00 7 8 -2 1.160 9846253 6 3 9 91 1 3.07 5.03 3.8 8.2  4.9   72.3  109.4   95.8  .012 1-4 1 3-4▼-2.039.80  .42 6.2883.42  .18 3.75 6.27 41118  .12 4.2610.78 9
20260607일 1130010국642 8 49 3혼전 4451맑음양호 6 3 4피엔에스러너    생일기쁨검향            한거 4 0 0 1 1   70      16500국6박윤규피엔에스 2 3 8 8 410 1 0 0 7  0김성현44956.058하무상 5  7  7 0 4.028.0 3.21540101546 817 913 717 9162319      ↗↘입13.737.439.816.550 337.143.0 86.9 86.3  0  0  0 0   14.20   14.10 2 -4  2NNUP       1312  .0 9.2 9.2101012 1능력한계거리속성 5   0 6 3     3 6 8⑩1:26.92    3.813.843.415.5  0 -9  .001010  0 4.997249897 7 6 7 9 90 1 2.0510.03 2.5 2.9  2.9   20.6   30.4   12.5  .012 1-4 1 3-4▼-2.040.40  .50 9.1283.42  .12 1.57 3.22 2 610 1.28 3.73 8.3710
20260523토 1120011국611 9 69 4 2강 2249흐림다습13 3 4피엔에스러너    생일기쁨검향            한거 4 0 0 2 1   40      16500국6박윤규피엔에스 2 4 7 7 410 1 0 0 6  0권중석45854.068하무상 5  5  5 3 7.031.0 5.51341 51546 817 9 71117 9181819      ↘→선13.737.439.916.538 238.239.6 78.1 76.9  0  0  0 0   13.80   15.20 2  7 -3BH동       1312  .0 9.2 9.2 5 512 0최빈거리거리난점 5   010 7     91010⑨1:18.12½  1.814.239.714.1 -1  3  .00 910  1 2.07588748831 7 8 6100 1 2.04 3.02 1.4 3.8  7.5   15.7   39.6    7.0  .0 9 1-4 2 2-4▼-2.038.40 -.03 -.3776.78  .12 3.36 5.46 41118 2.53 6.41 9.30 9
20260510일 1120010국623 9 29 5혼전 4451맑음건조 5 3 4피엔에스러너    생일기쁨검향            한거 4 0 0 2 1   30      16500국6박윤규피엔에스 2 5 6 6 310 1 0 0 5  0김태현45557.053하입보 5  5  5 5 4.027.0 3.5 650 31546 817 9 0 017 9211116      →↘선13.737.540.116.527 237.341.7 79.6 78.3  0  0  0 0   13.80   16.70 2  2  0HNDN       1313  .2 9.4 9.6 2 212-1걸음없음단기승부 5   0 3 8     9 9 9⑧1:19.62    2.413.842.115.2 -1  7  .00 8 9  2 2.6935697962111 911110 1 5.01 1.08 1.6 1.9 16.2   12.9   53.8   23.9  .0 8 1-4 1 3-4▼-2.138.80 -.17  .7376.95 1.08 1.73 3.53 1 2 5 1.32 3.75 7.0510
20260426일 11300 8국631 7 39 6 3강 3352맑음건조 3 3 4피엔에스러너    생일기쁨검향            한거 4 0 0 9 1   30      16500국6박윤규피엔에스 2 6 5 5 310 1 0 0 4  0해리카44857.066하무보 5  5  5 0 4.028.0 3.81444111546 817 9181317 9172612      ↗→입13.737.640.315.336 237.443.3 87.6 86.8  0  0  0 0   13.70   15.90 7 -9  0HN동       1312  .010.010.0 2 212 0걸음없음거리속성15   0 1 4     5 6 8⑧1:27.614   4.413.843.916.7  1 -5  .00 8 7 -3 4.598439998 6 7 8 9102 1 2.01 2.07 1.6 2.8  4.1    2.8    7.5    9.611.212 1-4 1 3-4▼-2.040.30  .05 8.8683.87  .13 1.98 3.76 1 3 6 1.28 3.80 7.55 9
20260307토 2130010국623 8 29 7 2강 2251맑음포화17 3 4피엔에스러너    생일기쁨검향            한거 4 0 0 2 1  146      16500국6박윤규피엔에스 2 7 4 4 210 1 0 0 3  0김효정45357.067하무하 5  5  5 0 2.029.0 5.51752 71546 817 9 81417 9192217      ↗→선14.037.940.515.325 237.544.4 87.2 88.7  0  0  0 0   14.00   16.5016  1  0NN동       1312  .010.010.0 2 212 0걸음없음휴양탐색 5   010 5     6 810⑩1:27.27    5.713.743.715.9  0-23  .001010  0 5.999439999 4 7 810110 1 8.01 7.05 1.7 1.4 51.3   22.8  132.3  223.3  .0 8 1-4 1 3-4▼-1.840.50 -.3110.2884.19  .23 1.81 5.54 1 4 8  .12 1.15 4.2111
20251116일 2130011국641 8 99 8 3강 3351맑음건조 3 3 4피엔에스러너    생일기쁨검향            한수 3 0 0 2 2  320      16500국6박윤규피엔에스 2 8 3 3 110 2 0 0 2  0김옥성47657.057하무보 6  6  6 0 4.025.0 5.7 6 0 61043 317 9 7 617 9141618      ↗→추14.338.240.815.3 8 237.843.5 88.7 87.4  0  0  0 0   14.30   15.60 2  6  0BLUP       1312 -.510.0 9.5 3 312 1걸음없음거리속성 5   0 9 8     81011⑪1:28.718   5.614.044.116.5  1  4  .001110  0 5.799629999 4111110 90 2 3.02 6.11 3.1 6.0  4.3    6.9   14.6    9.011.212 1-4 1 1-4▼-2.339.90 -.68 8.4284.58  .12 1.76 5.70 0 1 5  .84 2.59 6.3411
20251101토 2120010국641 9 49 9 1강 1159맑음건조 5 3 4피엔에스러너    생일기쁨검향            한수 3     1 1  175      16500국6박윤규피엔에스 2 9 2 2 210 1 0 0 0  0김옥성47257.058하무보 5  5  5 2 4.023.0 8.0 7 0 61546 817 9 7 617 9141618      →→추14.538.040.616.410 237.841.9 81.4 79.4  0  0  0 0   14.50   16.70 4 -5  3HB동       1212  .010.010.0 1 112 0최빈거리거리난점50기 0 3 5     5 5 9⑨1:21.46    4.014.343.015.6 -1  4  .00 910  0 5.097779798 9 8 8 4 80 1 1.02 2.08 2.4 3.0  2.4    3.0    5.9   10.2  .0 9 1-4 1 1-4▼-2.438.60 -.85  .8077.51 8.21 8.05 7.99 0 1 5  .88 2.82 4.02 9
20251003금 3120010국640 9 4910 3강 3359흐림다습11 3 4피엔에스러너    생일기쁨검향            한수 3     1 2  240      16500국6박윤규피엔에스 210 1 1 110 1 0 0 0  0이상규46854.055평무보   35 3540  .025.011.7 4 0 41043 317 9 4 017 9132314      →↘입14.336.738.516.3    37.743.9 82.6 81.4              14.30   16.60 4  0  0LL동       12 0                 0 0일반주행작전마주 5   0 8 9     91010⑩1:22.615   5.914.544.316.7  0  3  .001010  0 7.399729999 6 2 2 8 80 1 3.08 6.09 2.5 3.8  4.8   81.4  127.0   51.611.22011-3 1 1-3▼-1.740.50  .94 6.1675.61 1.84 4.4111.65 1 3 612.7723.9146.50 7
20260815토 3130011국6 2 9  9 0 1강 1157           3 5비카델라        언캡처드댄싱비카 4827.00한암 3 0 0   1    014:35 16500국6서인석부건영   4 0 4 4 2 3 1 0 0 3  0조재로   54.088평입보50 67 677775.062.065.23353131846 918 425 01912192522      ↗↘입13.536.839.713.88937                    0 33 33 0   13.50   14.10 4 -1 -1NH동       1312 1.3 3.0 4.3606012 0일반주행작전마주 1   0 5                            13.5    14.1        .0                       2 3 1 1  1                                            13.42082 0 6 5 0―  .839.70 -.78     82.9727.9050.3765.2333536526.3245.8058.15 1
20260719일 3130010국650 8 59 1 3강 3351흐림포화16 3 5비카델라        언캡처드댄싱비카 4827.00한암 3 0 0 2 1   48      16500국6서인석부건영   4 1 3 3 1 3 3 0 0 2  0김태훈48555.070우입보76 96 966176.056.032.21856 81846 918 413 01912122521      ↗→입13.536.939.613.8854437.040.2 83.4 83.6  0 50 50 0   13.60   14.30 3  2  0NHUP       1312  .5 2.5 3.0656512 1일반주행거리속성 5   0 6 1     1 1 5⑦1:23.41    1.013.540.114.1  3  6  .00 7 4  2 1.76022766051 2 4 3 51 3 2.01 8.01 2.1 4.4  4.6    4.4   10.9   10.513.41959 0 6 4 0―  .340.30  .13 7.0782.97 9.1020.5332.19 5132515.3833.0047.84 3
20260628일 2120011국612 9 19 2 2강 2254맑음건조 3 3 5비카델라        언캡처드댄싱비카 6423.00한암 3 0 0 9 1   49      16500국6서인석부건영   4 2 2 2 2 3 2 0 0 1  0김태훈47955.072강입보96 99 997465.055.064.51856 81846 918 413 01912122521      ↗→입13.637.438.413.3419436.139.6 76.7 75.3  0100  0 0   13.90   13.50 6 -1  0HH동       1212  .0 3.0 3.0717112 0우수혈통작전마주79기 1 4 2     3 3 3③1:16.74     .713.640.014.3  1  0  .00 3 2 -1 1.220 3733462 7 2 2 22 2 1.04 5.11 1.3 2.5  1.3    5.7    6.4    6.1  .02166 0 6 4 0―  .337.90 -.89 -.5175.9523.6448.1664.4818375310.7423.6829.78 2
20260516토 2120010국621 9 29 3 2강 2252맑음건조 3 3 5비카델라        언캡처드댄싱비카 6423.00한암 3     2 1   99      16500국6서인석부건영   4 3 1 1 1 3 1 0 0 0  0김태훈47955.072평무보27 25 2554  .026.0 6.71856 81846 918 413 01912122521      ↗→입14.236.840.013.598 137.238.2 76.8 74.9              14.20   13.80 4  0  0LL동       12 0         2.0     0 0일반주행우수혈통48기 0 5 3     3 3 3③1:16.82½   .413.938.713.5  0 -1  .00 3 3  0 1.81449282672 3 911 82 1 1.02 6.08 1.5 1.5  1.5    1.5    2.0    3.4  .015 8-4 1 1-4▼-1.838.40  .19-1.8676.51  .53 2.48 6.73 0 2 412.2425.1455.37 4
20260815토 3130011국6 2 9  8 0 1강 1157           3 6엑설런트스톰    트리플나스테인드 6230.00한암 3 0 0   1    014:35 16500국6안병기박준배   1 0 7 7 3 6 1 0 0 6  0권중석   52.067하무보50 28 28 1 6.031.0 6.41341 52358 718 0 0 01810181819      ↘→선14.038.240.213.61015                    0  0  0 0   14.50   14.90 4 -5 -3NH동       1312 -.410.410.0 6 612 0걸음없음거리탄력 1   0 6                            14.5    14.9        .0                      11 91111  1                                              .013 1-4 1 4-4▼-1.940.20 -.31     84.19  .29 1.72 6.35 1 4 8 1.75 7.6314.54 9
20260719일 3130010국650 8 58 1 3강 3351흐림포화16 3 6엑설런트스톰    트리플나스테인드 6230.00한암 3 0 0 2 1   48      16500국6안병기박준배   1 1 6 6 2 6 6 0 0 5  0오수철44355.061하무보 5  5  5 0 4.028.0 1.1 720 62358 718 0 9 01810112215      ↘↗입14.038.040.113.6141938.841.9 86.4 86.6  0  0  0 0   14.00   14.60 3  1  0BN동       1312-1.210.6 9.4101012 0탄력저조거리속성 5   011 9    101010⑩1:26.41¼  4.014.541.814.9  0  7  .001010 -1 4.797929598 7101111110 6 2.01 8.01 2.1 4.4  4.6    4.4   10.9   10.5  .012 1-4 1 1-4▼-2.239.90  .01 8.4784.00  .10 1.03 1.06 1 3 5  .96 3.00 6.9811
20260627토 2130011국650 5108 2 1강 1151맑음건조 4 3 6엑설런트스톰    트리플나스테인드 6230.00한암 3 0 0 9 1   59      16500국6안병기박준배   1 2 5 5 1 6 5 0 0 4  0오수철43655.061하무상11  9  9 0 3.029.0 2.7 720 62358 718 0 9 01810112215      ↘↗입14.438.340.013.6 52238.041.1 85.2 85.2  0  0  0 0   14.60   14.10 6  7  0BNUP       1312-1.510.5 9.0101012 1탄력저조거리속성 5   010 8     81011⑪1:25.2코   3.114.041.014.6  0  4  .001111  2 3.69168899210 9 810110 5 7.05 4.01 2.9 6.4 17.3   84.4  189.4  623.1  .012 1-4 1 3-4▼-2.039.30 -.17 6.9184.13  .12 1.41 2.74 1 2 5  .12 1.65 5.0011
20260516토 2120010국621 9 28 3 2강 2252맑음건조 3 3 6엑설런트스톰    트리플나스테인드 6422.00한암 3 0 0 2 1   99      16500국6안병기박준배   1 3 4 4 4 6 4 0 0 3  0오수철43255.061하추보 6  6  6 2 2.029.011.8 720 62358 718 0 9 01810112215      ↘↗입14.438.139.613.6 21738.539.7 79.6 77.7  0  0  0 0   14.40   14.50 5 -7  0HN동       1212-1.311.0 9.7111112 0능력한계최적거리 5   0 3 7     8 910⑦1:19.65    3.214.640.214.1 -2 -6  .00 7 9 -2 4.68894769213 9 5 8 60 4 1.02 6.08 1.5 1.5  1.5    1.5    2.0    3.4  .014 3-4 1 1-4▼-1.538.00 -.46  .0477.01 1.95 5.5311.75 2 716  .12 1.14 4.0310
20260412일 1120011국642 6 48 4 3강 3351맑음다습12 3 6엑설런트스톰    트리플나스테인드 6422.00한암 3 0 0 2 1   92      16500국6안병기박준배   1 4 3 3 3 6 3 0 0 2  0오수철43855.061하추보 8  8  8 1 3.028.0 2.7 720 62358 718 0 9 01810112215      ↘↗입14.538.239.513.6 22738.040.7 78.0 78.6  0  0  0 0   14.50   14.30 5  1  1BN동       1212-2.011.0 9.0141412 0걸음없음최적거리 5   01010     8 811⑪1:18.0½   3.714.440.414.5  0  3  .001111  0 3.995869195 711 6 8110 3 1.03 2.01 2.1 3.4  2.1    8.0   12.4    6.9  .014 1-4 1 4-4▼-2.138.20 -.20  .9277.01  .77 1.34 2.72 1 3 5  .12 2.29 5.3411
20260307토 1120011국612 7 18 5 1강 1159맑음포화17 3 6엑설런트스톰    트리플나스테인드 6422.00한암 3 0 0 2 1  105      24750국6안병기박준배   1 5 2 2 2 6 2 0 0 1  0오수철43554.061하추상28 21 21 5 3.026.0 8.2 720 62358 718 0 9 01810112215      ↘↗입14.738.339.313.6 13738.440.7 78.5 78.8  0  0  0 0   14.70   13.70 4  6  0BH동       1212-4.011.0 7.0232312 0발길대로최적거리 5   0 910    101010⑪1:18.53    4.114.540.514.3  0 -1  .001111  0 4.495939096 610 7 4120 2 1.05 7.10 1.5 3.2  1.5    9.0   10.1   10.7  .014 7-4 1 1-4▼-1.638.10 -.29 1.1876.95 1.23 3.04 8.17 1 3 5  .12 1.61 3.1912
20260208일 1120011국611 9 68 6 1강 1159맑음건조 2 3 6엑설런트스톰    트리플나스테인드 6422.00한암 3     2 1   62      24750국6안병기박준배   1 6 1 1 1 6 1 0 0 0  0오수철43654.061평무보11 25 25 5  .024.0 3.6 720 62358 718 0 9 01810112215      ↘↗입14.738.440.113.6 1 138.638.6 78.0 76.6              14.70   13.90 4  0  0NL동       12 0         9.0     0 0일반주행우수혈통 5   0 310    1111 9⑦1:18.02½  2.014.739.313.7 -4 -5  .00 711  0 2.5669542782711 911113 1 3.08 4.09 1.2 3.9 12.9  225.0  438.5  408.9  .015 4-4 1 3-4▼-2.037.30 -.67-1.9277.45  .21 2.03 3.59 0 1 5 9.5218.8036.14 2
20260815토 3130011국6 2 9  9 0 1강 1157           3 7다나은루비      킹삭스  대압승    922.00한암 3 0 0   1    014:35 16500국6김동균이진경  -2 0 9 9 4 8 1 0 0 8  0우인철   53.073하선보50 48 488445.054.040.02048101755 6202216 019 810262399 0 0↘↘입13.436.740.714.496 9                    0 14 86 0   13.80   14.80 6  4  2NNDN54.54341413  .0 6.8 6.8323214-1부중유리보통주행 1   0 7                            13.8    14.8        .0                       111 7 4  1                                              .03169 0 5 3 0―  .240.70 -.64     83.5515.2130.5139.9510223514.0421.3735.68 4
20260705일 31400 8국611 9 19 1 2강 2259흐림건조 4 3 7다나은루비      킹삭스  대압승    922.00한암 3 0 0 1 1   88      16500국6김동균이진경  -2 1 8 8 1 8 1 0 0 7  0조성환44451.053하도하 6  9  982 4.030.013.1 718 61755 62022 0 019 810151999 0 0↘→추13.436.340.314.493 236.339.5 90.1 88.1  0  0 83 0   13.50   16.50 7 -6 -4UUUP54.54341413 1.8 6.2 8.0282813 1일반주행거리부담26관 0 3 1     1 1 2③1:30.15     .813.840.414.8 -2  9  .00 3 5  0 1.61711512159 1 6 6 61 1 1.06 4.06 1.5 3.0  1.5    8.2   10.6   27.0  .01547-3 2 1-3▼-1.439.40  .2011.5089.00 1.80 5.3013.06 51221 1.64 4.9612.21 6
20260517일 11300 9국651 9 59 2혼전 4451맑음건조 3 3 7다나은루비      킹삭스  대압승    922.00한암 3 0 0 2 1  130      16500국6김동균이진경  -2 2 7 7 3 8 3 0 0 6  0유승완43555.070하도하21 19 198216.040.021.21962 81755 6202220 019 815272299 0 0→↘입13.436.740.214.497 535.943.4 86.7 85.2  0  0 80 0   13.40   16.00 6  2  0VN동54.54341310 2.2 6.0 8.2303013 0일반주행도주호기38관 1 9 1     2 2 5⑧1:26.73    2.913.544.216.5  3 16  .00 8 5  0 3.091 1999415 1 7 5 61 3 3.02 5.06 1.6 3.1  8.2   12.7   32.1  205.9  .01536-3 3 1-3▼ -.940.90  .19 8.3483.23 5.5313.2721.16 51322 5.7715.0022.47 6
20260405일 2130011국641 9 99 3혼전 4452맑음양호 6 3 7다나은루비      킹삭스  대압승    922.00한암 3 0 0 1 1  112      16500국6김동균이진경  -2 3 6 6 2 8 2 0 0 5  0유승완41955.070하도상42 44 447326.050.034.11962 81755 6202220 019 815272299 0 0→↘입13.436.740.614.496 635.942.4 85.1 83.9  0  0 75 0   13.40   14.70 2 -1  1NN동54.54341310 2.0 6.3 8.3323213 0전개선전탄력호전62관 1 7 1     1 1 2⑧1:25.11    2.013.442.916.0  3-15  .00 8 5 -6 2.172 0978427 211 5 31 2 1.02 1.03 2.1 4.5  2.1    4.5    7.3   15.913.22856 0 4 3 0― -.140.60 -.41 6.6483.4810.4820.7134.0512264113.7323.5328.51 4
20260322일 1130011국651 6109 4 1강 1151맑음건조 5 3 7다나은루비      킹삭스  대압승    922.00한암 3 0 0 2 1   31      16500국6김동균이진경  -2 4 5 5 1 8 1 0 0 4  0유승완43454.570하도하 8  8  819 7.031.0 8.41962 81755 6202220 019 8152722      →↘입13.437.140.514.566 436.840.1 83.9 83.3  0  0 67 0   14.10   15.00 3  5  1NNUP       1310 4.7 4.7 9.3222210 1전개최상거리속성28관 0 8 1     1 1 1⑤1:23.92½   .713.440.414.7 -6  4  .00 511  3  .85111744759 411 9111 1 6.0711.02 2.5 6.1 19.9  203.8  338.2 1445.2  .03411-4 1 1-4▼-1.640.00  .12 5.7283.68 1.39 3.21 8.38 1 2 5 2.70 6.3311.50 9
20260301일 2120011국634 9 89 5혼전 4451맑음건조 3 3 7다나은루비      킹삭스  대압승   2415.00한암 3 0 0 1 1   61      16500국6김동균이진경  -2 5 4 4 2 8 1 0 0 3  0장추열43054.093하도하15 13 139341.060.030.82950121755 6202233 019 8202722      ↘↗입13.436.540.114.597 437.441.2 79.4 78.3  0  0100 0   14.00   15.30 8 -5 -1HN동       1210 6.0 3.0 9.0292910 0전개최상전개최상56관 0 3 8     8 810⑩1:19.44    3.314.141.615.0  2-11  .0010 8  3 4.49363949512 211 9 50 1 1.03 8.10 2.2 3.8  2.2    5.2    7.4  111.6  .04181 0 5 5 0―  .639.80 -.39 1.7376.39 8.9819.5630.84 81729 7.0715.3122.10 7
20260104일 1120011국621 9 29 6 1강 1154흐림다습12 3 7다나은루비      킹삭스  대압승   2415.00한암 3 0 0 1 1  136      16500국6김동균이진경  -2 6 3 3 1 8 3 0 0 2  0송재철44154.577하도하25 24 249242.047.033.61744 81755 62022163419 8192520      ↘→입13.436.540.414.596 337.441.3 79.6 78.3  0  0100 0   13.60   14.90 9  1  1NNUP       1210 5.0 4.0 9.0212110 2마주성향전개최상 5관 0 8 7     7 811⑪1:19.69    3.714.042.315.3  6 -9  .0111 5  3 3.89362959510 111 4 40 3 2.0110.06 1.5 2.2  3.2    2.2    6.1   15.0  .04165 0 4 2 0―  .039.70 -.64 1.3676.56 7.7321.0533.62 91835 6.6719.4220.62 6
20251101토 1100012국651 8109 7혼전 4455맑음건조 5 3 7다나은루비      킹삭스  대압승   2415.00한암 2 0 0 1 1  19810:35 24750국6김동균이진경  -2 7 2 2 2 8 2 0 0 1  0송재철45054.077하도하18 14 146940.046.027.71744 81755 62022163419 8192520      ↘→입13.436.638.214.5971236.339.6 64.2 63.5  0  0100 0   13.40   14.80 9 -3  1NN동       1010 5.0 4.0 9.0212110 0교체실패마주성향34관 0 7 1     1 1 2⑨1:04.2머리 1.413.639.914.9  7 15  .00 9 2 -2 1.566 6915938 5 7 1 51 2 9.0112.09     7.7 18.1   34.0  125.4   42.4  .02138-3 5 2-3▽ -.538.60  .30-11.362.65 8.6418.4327.70 81729 4.3510.20 8.1112
20250830토 2100010국650 4 59 8 2강 2255맑음불량20 3 7다나은루비      킹삭스  대압승   2415.00한암 2     9 2  346      24750국6김동균이진경  -2 8 1 1 1 8 1 0 0 0  0송재철43553.576평무보62 25 2526  .029.0 8.91929122042122022163419 8192520      ↗↘입14.137.937.712.5355736.339.8 63.6 64.0              14.10   12.80 4  0  0NN동       10 0         2.0     0 0일반주행보통주행49기 110 2     2 2 3⑨1:03.63    2.113.439.614.8  5  1  .00 9 4  0 2.579 7936421 9 6 9 91 1 1.02 5.09 2.4 3.8  2.4    3.8    6.1    5.5  .01510-4 2 2-4▼-1.537.40  .43-11.663.09 1.30 3.96 8.86 1 4 9 9.0918.4131.0610
20260815토 3130011국6 2 9  8 0 1강 1157           3 8금성샤이니      피스룰즈리비어덕 3634.00한암 3 0 0   1    014:35 16500국6박재우조창규   2 0 4 4 3 3 2 0 0 3  0김태희   54.061하무보50 42 4211 7.032.012.21145 61845 92214 8 02113152416      ↘→입14.338.140.213.31515                    0  0  0 0   14.30   13.60 6 -2 -1NH동       1313 -.7 9.0 8.3242413 0최빈거리거리난점 1   0 8                            14.3    13.6        .0                       8 8 8 7  2                                              .0 9 6-3 1 1-3▼-1.540.20 -.42     84.13 2.74 6.8312.21 2 714 3.51 7.6314.5410
20260705일 2130010국651 9108 1 1강 1159흐림건조 4 3 8금성샤이니      피스룰즈리비어덕 3634.00한암 3 0 0 1 1   89      16500국6박재우조창규   2 1 3 3 2 3 1 0 0 2  0김태희42555.061하무보 5  5  5 1 3.025.0 4.61145 61845 92214 8 02113152416      ↘→입14.338.139.913.616 638.239.2 83.7 83.5  0  0  0 0   14.30   15.40 5 -1  0HH동       1312  .5 9.0 9.5 9 912 0숨은복병거리속성65기 010 9     8 8 8⑥1:23.71¼   .914.339.313.6 -3 -1  .00 6 9 -1 1.15978476653 9 510100 1 3.07 5.03 3.8 8.2  4.9   72.3  109.4   95.8  .019 4-4 1 1-4▼-2.139.10 -.04 5.5383.93 1.48 2.40 4.57 1 4 8  .12 4.2610.7810
20260530토 2130010국623 6 78 2 3강 3351맑음양호 7 3 8금성샤이니      피스룰즈리비어덕 3634.00한암 3 0 0 9 1   99      16500국6박재우조창규   2 2 2 2 1 3 2 0 0 1  0김효정42655.067하무보 9  8  8 0 5.027.0 1.81752 71845 9221418142113192217      ↗→선14.738.440.213.6 41238.142.3 86.8 86.3  0  0  0 0   14.70   13.90 5  1  0NHUP       1312 1.0 8.0 9.0141412 1걸음없음거리속성43기 011 8     7 710⑩1:26.84    4.114.342.915.4  0  5  .001010  2 4.996719798 610 9 9110 2 4.01 9.02 1.6 3.0 12.4    5.4   21.6    8.8  .012 1-4 1 2-4▼-2.239.40 -.32 7.6584.32  .30 2.05 1.82 1 4 8 1.54 4.26 8.37 9
20260425토 1120011국630 9 38 3 1강 1155맑음건조 3 3 8금성샤이니      피스룰즈리비어덕 5823.00한암 3     9 1  101      16500국6박재우조창규   2 3 1 1 1 3 1 0 0 0  0김효정42155.069평무보13 25 2528  .026.0 5.71752 71845 9221418142113192217      ↗→선14.337.039.913.790 138.440.0 79.3 78.1              14.30   14.00 4  0  0LL동       12 0         6.0     0 0일반주행보통주행47기 01010    111111⑨1:19.3목   2.614.740.213.9  1 -2  .00 9 8  0 2.79294819318 4 810 90 1 2.03 8.02 1.8 2.7  3.6    9.9   18.8   20.9  .015 6-4 1 2-4▼-2.139.20  .16 1.1676.56 2.07 3.31 5.70 2 61010.5320.5631.99 8
20260815토 3130011국6 2 9  9 0 1강 1157           3 9플레이스테이    레이스데템플테이 9129.00한수 4 0 0   1    014:35 16500국6이동국김창만   0 01010 4 9 1 0 0 9  0조성환   52.053하선보50 48 48 815.034.016.2 718 61360 7 8 0 4 021 6101519      ↘→추13.837.140.314.871 7                    0  0 63 0   13.90   15.50 6  7 -5BH동       1712 -.8 7.6 6.8323212 0일반주행거리속성 1   0 9                            13.9    15.5        .0                       610 6 6  3                                              .01511-3 2 1-3▼-1.340.30  .02     83.55 2.51 7.7216.22 51322 5.2612.2118.50 7
20260704토 31300 9국653 7 59 1 1강 1155흐림건조 5 3 9플레이스테이    레이스데템플테이 9129.00한수 4 0 0 1 1   98      16500국6이동국김창만   0 1 9 9 3 9 1 0 0 8  0오수철56057.061하도상22 19 1921 7.033.016.6 720 61360 7 8 0 2 021 6112215      ↘↗입13.837.140.314.869 736.641.6 84.5 84.3  0  0 57 0   14.60   15.00 4 -8  3HN동       1712 -.4 7.4 7.0353512 0마번불리거리속성40관 1 2 6     3 4 4⑧1:24.5¾   2.113.941.915.5  1 13  .00 8 7 -3 2.379 9948324 6 8 6 60 1 2.01 9.06 2.8 3.8  3.1    3.8    7.2   12.2  .02013-3 2 1-3▼-1.140.30 -.01 6.9083.55 2.98 8.2816.60 2 711 2.27 6.2914.41 6
20260606토 3130011국613 7 69 2 3강 3357맑음양호 7 3 9플레이스테이    레이스데템플테이 9129.00한수 4 0 0 1 1   78      16500국6이동국김창만   0 2 8 8 2 9 2 0 0 7  0권중석54754.067평선상34 32 323715.040.016.41341 51360 7 8 0 0 021 6181819      ↘→선13.837.040.314.780 737.940.2 85.0 83.7  0  0 67 0   14.10   14.80 4  3  0BHUP       1712  .2 6.0 6.2404012 1숨은복병마번불리63관 110 8     7 7 8⑨1:25.0¾   2.114.640.915.0 -1-11  .00 910  0 2.36462737824 6 9 5 80 2 7.02 8.05 1.6 4.3 20.4   43.3  139.6  109.3  .01922-1 3 2-1▽ -.740.20  .09 6.4183.48 2.95 7.8116.36 2 612 3.37 8.8916.25 7
20260509토 2120011국614 9 19 3 2강 2251맑음건조 5 3 9플레이스테이    레이스데템플테이 6028.00한수 4 0 0 2 1   79      16500국6이동국김창만   0 3 7 7 5 9 1 0 0 6  0권중석55854.068하도하14 17 1750 4.032.0 7.71341 51360 7 8 0 0 021 6181819      ↘→선13.736.639.814.994 436.639.9 77.7 76.0  0  0 80 0   13.80   16.10 3 -2 -3LHDN       1712 2.0 5.0 7.0333312-1일반주행조교부실35관 0 7 6     5 5 3④1:17.74    1.614.140.614.8 -6  7  .00 410  3 2.04619816634 4 6 9 92 1 1.02 1.03 1.5 2.9  1.5    3.8    4.7    3.9  .01516-4 1 1-4▼-1.438.90  .38 -.4576.28  .91 2.95 7.65 1 613  .79 2.48 5.33 9
20260419일 21300 9국622 8 79 4 1강 1159맑음건조 4 3 9플레이스테이    레이스데템플테이 9129.00한수 4 0 0 2 1   50      16500국6이동국김창만   0 4 6 6 1 9 1 0 0 5  0김태희55157.061하도하10 15 1520 3.029.0 5.71145 61360 7 8 0 6 021 6152416      ↘→입13.837.140.215.170 436.342.8 85.9 85.1  0  0 75 0   14.00   14.70 7  2  4NNUP       1712 2.0 4.5 6.5393912 1마번불리탐색우려36관 0 9 5     2 2 4⑨1:25.91½  2.913.843.316.1  2 -5  .00 9 7  2 4.291 3989313 6 9 8 91 2 4.02 4.03 1.9 2.5 14.1   11.2   32.7   37.5  .020 3-4 1 1-4▼-1.840.40  .36 7.8183.48  .29 1.92 5.68 2 610  .12 2.78 7.41 9
20260301일 2120011국634 8 89 5혼전 4451맑음건조 3 3 9플레이스테이    레이스데템플테이 6028.00한수 4 0 0 1 1  145      16500국6이동국김창만   0 5 5 5 4 9 2 0 0 4  0조성환55653.053하도보50 59 594318.039.011.7 718 61360 7 8 0 4 021 6101519      ↘→추13.836.739.815.186 337.440.8 78.7 78.0  0  0 75 0   13.80   14.10 4  1  0BH동       1712 2.7 4.7 7.3282812 0일반주행마번불리53관 0 7 6     5 7 9⑨1:18.71½  2.614.041.014.7  4 -7  .09 9 5  1 3.79162919215 5 6 6 80 2 1.03 8.10 2.2 3.8  2.2    5.2    7.4  111.6  .01526-1 2 2-1▽ -.939.50  .21 1.4876.34 2.25 6.3911.66 2 714 5.0511.4817.00 8
20260201일 1120011국651 9109 6혼전 4452맑음건조 2 3 9플레이스테이    레이스데템플테이 6028.00한수 4 0 0 1 1   52      16500국6이동국김창만   0 6 4 4 3 9 1 0 0 3  0조성환56353.053하입보18 26 2618 9.029.0 7.2 718 61360 7 8 0 4 021 6101519      ↘→추14.037.140.215.054 436.639.2 76.5 75.3  0  0  0 0   13.70   15.10 4  4 -4LH동       1712 2.7 4.7 7.3282812 0선행무리거리탄력27기 0 6 2     2 2 2④1:16.5목    .313.839.914.1  0 -6  .00 4 4 -2 1.62520634374 411 5 71 1 1.09 4.03 2.7 5.2  2.7   73.1   93.5  155.1  .013 8-3 1 1-3▼-1.738.20 -.09-1.9676.78  .73 2.18 7.16 2 714 3.33 6.82 7.64 9
20260103토 2120011국641 9 99 7 1강 1151맑음다습13 3 9플레이스테이    레이스데템플테이 6028.00한수 4 0 0 1 1   8311:00 16500국6이동국김창만   0 7 3 3 2 9 1 0 0 2  0송재철56957.077하입보20 29 293728.041.020.81744 81360 7 8 021 021 6192520      ↘→입14.137.140.414.964 436.740.4 77.7 76.6  0  0 50 0   14.20   15.30 9 -4  0HH동       1712 2.5 4.0 6.5232312 0교체실패보통주행70기 0 2 2     2 2 4⑨1:17.7½   1.413.741.115.1  3  5  .00 9 6  3 2.76722887840 511 6 61 1 8.02 1.09     5.0 33.8   66.6  207.2  107.1  .01937-1 3 3-1▽ -.538.60 -.61 -.9476.90 4.9812.3220.82 31121 2.6312.3318.60 6
20251101토 2120011국641 9 49 8 1강 1159맑음건조 5 3 9플레이스테이    레이스데템플테이 6028.00한수 3     1 1  19711:00 16500국6이동국김창만   0 8 2 2 1 9 1 0 0 0  0문세영56457.073하무보55 56 56 873.045.025.83845 01360 7 8 033 021 6293615      ↗↘입15.138.141.716.0 5 136.440.5 78.6 76.6  0  0  0 0   14.10   12.1018  5  0BHDN       1717 3.0 5.0 8.0 1 117-5일반주행탐색우려43기 0 6 4     3 2 3⑤1:18.61¾  1.214.241.615.3  2 14  .00 5 3 -2 2.266108974471011 2 42 1 1.02 2.08     3.0  2.4    3.0    5.9   10.2  .01511-4 4 1-4▼ -.737.60-2.00-3.2078.18 4.9012.6425.7510223614.0430.0523.12 2
20250628토 31700 8국620 7 29 9 2강 2253흐림다습11 3 9플레이스테이    레이스데템플테이 9129.00한수 3     9 3  512      16500국6안해양김창만   0 9 1 1 1 9 1 0 0 0  0김태희55057.064평무보   25 2540  .028.0 8.4 733 3 940 017 0 6 02113152416      →↗입14.939.841.216.0    40.446.7122.1121.3              14.90   16.30 4  0  0NL동       17 0                 0 0일반주행거리속성49기 0 1 7 7 6 6 8 8⑧2:02.119   8.515.146.616.3  3  9  .00 8 5  0 9.099739999 4 1 1 8 70 1 2.03 4.06 1.6 2.2  3.9   14.3   21.8    4.8  .01518-3 2 1-3▼-1.542.50  .3840.26113.8 1.08 3.46 8.41 2 71611.6523.2885.31 4
20260815토 3130011국6 2 9  9 0 1강 1157           310라이징윈드      레볼루셔금아선더 6734.00한암 3 0 0   1    014:35 16500국6배휴준하늬바람 1 01010 4 9 4 0 1 9  0김정준   54.072평도상50 51 514820.046.031.9163810 833 810 5 62411 9142026 099 0↗↗추13.737.139.913.77230                   13 13  0 0   13.60   13.90 6  7 -1BH동55.04641412 -.6 7.2 6.6373713 0착차만회보통주행 1   010                            13.6    13.9        .0                       5 6 4 5  8                                              .02322-1 3 3-1▽ -.439.90 -.17     83.29 9.1319.0831.91 81729 5.2615.2725.11 5
20260705일 2130010국651 7109 1 1강 1159흐림건조 4 310라이징윈드      레볼루셔금아선더 6734.00한암 3 0 0 1 1   89      16500국6배휴준하늬바람 1 1 9 9 3 9 3 0 0 8  0김정준46455.072하무상19 17 1730 6.036.025.6163810 833 810 5 62411 9142026      ↗↗추13.737.339.813.4644137.039.3 82.8 82.6  0  0  0 0   13.90   15.00 3  2  0HN동       1412 -.8 7.6 6.8333313 0탄력저조작전마주51관 0 3 3     4 3 2②1:22.81     .013.639.413.9 -5 -4  .00 2 7 -3  .22723512987 4 2 5 52 7 3.07 5.03 3.8 8.2  4.9   72.3  109.4   95.8  .02012-2 2 1-2▽-1.139.70 -.07 5.5383.35 7.3315.2925.62 51322 2.7810.6419.76 6
20260613토 2130011국622 8 79 2 1강 1151맑음건조 3 310라이징윈드      레볼루셔금아선더 6734.00한암 3 0 0 2 1   59      16500국6배휴준하늬바람 1 2 8 8 2 9 2 0 0 7  0김정준46855.072하무하 5 15 1531 4.032.012.0163810 833 810 5 62411 9142026      ↗↗추13.737.339.713.4624437.340.7 84.9 83.8  0  0  0 0   14.50   14.90 2 -3  0HNDN       1412 -.4 7.4 7.0373713-1교체실패조교부실29관 0 1 4     6 5 6⑨1:24.94    2.113.941.415.0 -1 -2  .00 910  4 2.36636847823 4 411100 6 2.07 7.05 1.9 5.4  4.7   16.4   30.5   67.8  .019 4-4 1 1-4▼-1.339.90  .38 6.7783.29 1.57 5.0412.00 0 3 4 1.69 4.48 9.55 9
20260531일 3140011국610 9 19 3 2강 2257맑음양호 7 310라이징윈드      레볼루셔금아선더 6734.00한암 3 0 0 9 1   28      16500국6배휴준하늬바람 1 3 7 7 3 9 1 0 0 6  0김정준47055.072하무보 5 14 1422 3.035.017.2163810 833 810 5 62411 9142026      ↗↗추13.737.340.113.4283037.840.2 93.0 91.0  0 17  0 0   13.90   15.40 3  1  4NN동       1412 -.8 8.8 8.0333313 0선행무리거리탄력52관 0 4 8     8 9 9⑪1:33.0½   1.914.541.314.9  5  0  .0511 6  1 1.99082718529 4 7 8 60 5 3.02 3.11 1.4 2.6  9.3   23.3   60.4  154.8  .01319 0 2 1 0― -.939.10 -.4113.6089.55 3.6810.0217.24 51221  .12 3.15 8.41 7
20260510일 2140010국610 9 19 4 1강 1159맑음건조 5 310라이징윈드      레볼루셔금아선더 6734.00한암 3 0 0 2 1   49      16500국6배휴준하늬바람 1 4 6 6 2 9 1 0 0 5  0조성환47051.053하무상12 20 20 8 2.028.0 9.6 718 6 833 810 5 0 011 9101519      ↘→추14.037.640.213.5192236.942.3 93.2 91.9  0  0  0 0   14.10   14.40 2 -5 -4HHUP       1412 -.8 8.8 8.0333313 1일반주행조교부실17관 0 3 1     2 3 4⑥1:33.28    1.913.943.215.4  1  4  .00 6 5 -3 2.29534969529 6 8 4101 1 1.06 4.06 1.6 3.2  1.6   15.1   20.5   16.3  .015 3-4 1 1-4▼-1.938.90 -.4714.0589.83  .29 2.32 9.60 1 4 8  .12 2.38 6.90 9
20260426일 11300 8국631 7 39 5 3강 3352맑음건조 3 310라이징윈드      레볼루셔금아선더 6734.00한암 3 0 0 9 1   30      16500국6배휴준하늬바람 1 5 5 5 1 9 1 0 0 4  0김옥성46655.058하무하 9 15 15 5 3.030.010.3 7 0 6 833 810 5 0 011 9141618      →→추14.037.739.713.4364438.739.4 84.8 84.0  0  0  0 0   14.00   15.00 8  7  1NNDN       1412 -.5 9.0 8.5323212-1일반주행거리속성42기 0 8 8     8 8 7⑥1:24.84    1.614.140.014.4 -2 19  .00 6 8  2 1.77291538135 8 5 8 80 1 2.01 2.07 1.6 2.8  4.1    2.8    7.5    9.6  .015 6-3 1 1-3▼-1.439.60  .19 6.5683.55 1.54 4.3310.33 2 612  .12 2.53 6.4710
20260301일 3140011국650 9 59 6 3강 3351맑음건조 3 310라이징윈드      레볼루셔금아선더 6734.00한암 3 0 0 1 1  165      16500국6이신우하늬바람 1 6 4 4 1 9 4 0 0 3  0김정준44754.072하추적44 52 522721.048.019.31638102063 8192421242113142026      ↗↗추14.337.739.913.4 44136.941.9 92.9 91.2  0  0  0 0   14.40   13.50 5  0 -1HHUP       1412-2.010.0 8.0363612 2착차만회거리부담55기 0 1 3     4 810⑩1:32.9½   2.114.042.715.0  4-10  .0010 6 -3 2.19237949325 9 4 5 70 4 1.0711.09 2.3 4.7  2.3   22.2   28.6   54.6  .02334 0 4 4 0― -.238.70 -.5813.6489.69 4.0410.5919.31 41118 3.81 9.4315.99 7
20260125일 1120011국613 9 69 7 2강 2251맑음건조 3 310라이징윈드      레볼루셔금아선더 2122.00한암 3 0 0 2 1   73      16500국6이신우하늬바람 1 7 3 3 3 9 3 0 0 2  0김정준45754.573하무보 9 19 19 3 2.028.0 6.91638102063 8192421242113142026      ↗↗추14.338.139.813.4 11037.937.8 76.6 75.3  0  0  0 0   14.60   13.70 5 -2  1HN동       1212  .010.510.5212112 0최빈거리거리탄력 5트 1 1 8     8 8 6③1:16.62½   .514.438.613.5 -6  1  .00 3 9  0 1.0228215376811 7 6103 3 6.01 2.09 1.4 3.7 37.3   15.5   82.3  189.3  .013 3-4 1 1-4▼-1.737.20 -.43-2.6577.12  .77 2.12 6.92 1 4 9  .12  .90 3.0810
20251220토 1120012국610 9 19 8 1강 1159흐림포화16 310라이징윈드      레볼루셔금아선더 2122.00한암 2 0 0 2 1  10710:35 24750국6이신우하늬바람 1 8 2 2 2 9 2 0 0 1  0김정준45654.073하무보 5  5  5 3 3.026.0 5.71638102063 8192421242113142026      ↗↗추14.338.240.114.2 1 638.339.3 77.2 77.4  0  0  0 0   14.30   14.50 3 -3  0HH동       1212-1.012.011.0 4 412 0최빈거리부진마필56트 0 311    101010⑩1:17.21¾  1.414.639.213.7  1-12  .0010 9 -3 3.08492658640 910 4100 2 1.08 5.12     3.4  1.1   32.1   40.1  107.6  .0 9 1-4 1 1-4▼-2.137.80 -.62 -.9177.34 1.86 2.84 5.74 1 4 8  .12 1.95 2.7412
20251129토 1120012국610 6 69 9 2강 2255맑음다습10 310라이징윈드      레볼루셔금아선더 2122.00한암 2     9 1   88      24750국6이신우하늬바람 1 9 1 1 1 9 1 0 0 0  0김정준46854.073평무보 5 25 25 4  .025.0 3.91638102063 8192421242113142026      ↗↗추15.538.640.113.8 1 138.740.1 78.7 79.0              15.50   14.10 4  0  0LL동       12 0         9.0     0 0일반주행보통주행 5   0 6 8    101111⑪1:18.73    4.014.340.614.5 -1 -3  .001112  0 4.496968495 6121112120 1 1.03 1.02 1.6 4.4  1.6    5.3    7.5   69.6  .015 4-4 1 2-4▼-2.037.90 -.79  .2877.57  .12 2.18 3.93 0 2 4 8.3316.6725.00 6
20260815토 3130011국6 2 9  9 0 1강 1157           311사하라로즈      아임유어메가폰Ⅱ 2433.00한암 5 0 0   1    014:35 16500국6이동국(주)쎄쎄 0 01617 616 2 0 016  0오수철   54.061하추상50 34 34 4 6.031.010.6 720 61360 7 8 0 2 021 6112215      ↘↗입14.038.039.613.51737                    0  0  013   14.30   13.90 5  8 -1NN동       1714-1.0 9.2 8.2121212 0걸음없음거리속성 1   011                            14.3    13.9        .0                       7 21010  5                                              .012 2-4 1 3-4▼-1.739.60  .04     83.68 1.66 4.0410.59 2 610 1.75 7.6314.5411
20260711토 21300 9국643 9 49 1 2강 2251맑음포화15 311사하라로즈      아임유어메가폰Ⅱ 2433.00한암 5 0 0 2 1   79      16500국6이동국(주)쎄쎄 0 11516 516 1 0 015  0오수철41155.061하추보 5  5  5 1 2.027.0 4.3 720 61360 7 8 0 2 021 6112215      ↘↗입14.037.939.513.5194138.539.4 83.8 83.5  0  0  013   14.40   14.80 5 -5  2HLDN       1714 -.4 9.0 8.6202012-1탄력저조거리속성31관 0 3 8     8 8 5④1:23.86    2.614.339.413.9 -5  6  .00 4 9 -1 2.75886527619 7 3 6 93 4 4.01 5.08 2.1 2.9  6.2    5.1   14.0   42.5  .012 2-4 1 1-4▼-2.039.30  .35 6.1183.55  .10 2.08 4.27 2 714  .12 1.31 4.76 9
20260606토 2140011국650 9 59 2 1강 1154맑음양호 7 311사하라로즈      아임유어메가폰Ⅱ 2433.00한암 5 0 0 1 1   99      16500국6이동국(주)쎄쎄 0 21415 616 1 0 014  0우인철40553.073하무보 5  9  919 3.031.0 4.62048101360 7 8 015 021 6102623      ↘↘입14.037.639.713.4143337.441.2 93.7 91.7  0  0  014   14.90   14.40 4  7 -2LH동       1714-1.6 9.2 7.6222212 0최빈거리거리난점38관 1 8 5     4 510⑩1:33.75    3.014.442.314.8  0  1  .001010  1 3.19563899114 9 3 9110 1 2.01 9.04 2.0 4.0  4.7    4.0   10.3   14.1  .0 9 6-4 1 1-4▼-1.838.90 -.0314.4089.48  .25 1.57 4.58 0 3 4  .12 2.78 7.7310
20260510일 2140010국610 9 19 3 1강 1159맑음건조 5 311사하라로즈      아임유어메가폰Ⅱ 2433.00한암 5 0 0 2 1   69      16500국6이동국(주)쎄쎄 0 31314 516 2 0 013  0오수철40455.061하추하 9  7  722 3.028.0 9.8 720 61360 7 8 0 2 021 6112215      ↘↗입14.037.539.813.4113038.740.4 93.3 92.0  0  0  015   14.20   14.40 4 -4  0HL동       1712-1.0 9.0 8.0191912 0일반주행부진마필54관 0 1 9     7 9 9⑧1:33.3½   2.014.941.314.4 -1  6  .00 8 9  1 2.39698769427 3 3 9 90 3 1.06 4.06 1.6 3.2  1.6   15.1   20.5   16.3  .015 3-4 1 1-4▼-1.939.10 -.1514.6789.48  .44 2.50 9.82 2 610  .12 4.7610.34 6
20260411토 2140011국631 7 39 4 1강 1159흐림다습14 311사하라로즈      아임유어메가폰Ⅱ 2433.00한암 5 0 0 2 1   82      16500국6이동국(주)쎄쎄 0 41213 416 1 0 012  0오수철39855.061하추보 8  7  7 7 2.028.0 9.8 720 61360 7 8 0 2 021 6112215      ↘↗입14.037.739.713.5 83337.140.8 90.2 90.2  0  0  0 0   14.90   14.20 6 -2  4NL동       1712-2.2 9.4 7.2222212 0탄력저조부진저하19관 0 5 7     6 5 7⑨1:30.22½  2.914.240.714.4  1  1  .00 9 8 -2 3.68050848413 9 1 9 80 2 3.02 2.01 1.5 2.7  5.2    7.8   15.7    2.6  .0 7 3-4 1 3-4▼-1.738.50 -.2212.7589.55 1.43 3.56 9.82 1 4 9  .12 1.56 5.9411
20260302월 3140011국640 9 99 5혼전 4451비  양호 6 311사하라로즈      아임유어메가폰Ⅱ 2433.00한암 5 0 0 1 1  113      16500국6이동국(주)쎄쎄 0 51112 316 3 0 011  0조성환39751.053하추상21 32 3224 6.034.010.7 718 61360 7 8 0 4 021 6101519      ↘→추14.037.639.613.5 94138.141.5 94.1 92.1  0  0  0 0   14.40   14.10 6  5  0NH동       1712-3.4 9.6 6.2343412 0일반주행거리탄력54기 0 710    101011⑩1:34.1½   4.414.642.414.8  0  0  .001010  2 5.296919297 8 8 3 7 80 3 1.02 1.02 3.4 5.9  3.4    5.9    9.9   15.1  .01515-1 1 1-1▽-1.139.00 -.1214.9089.41 1.93 5.2910.71 1 4 8 1.54 6.6212.69 8
20260117토 3140011국642 9 49 6 2강 2231맑음건조 5 311사하라로즈      아임유어메가폰Ⅱ 2433.00한암 5 0 0 2 1  103      16500국6이동국(주)쎄쎄 0 61011 216 2 0 010  0조성환39751.053하추상19 16 16 8 2.029.0 8.2 718 61360 7 8 0 4 021 6101519      ↘→추14.037.639.913.4102437.639.9 90.7 89.6  0  0  0 0   14.20   13.70 4 -2  0HH동       1712-3.010.0 7.0252514 0일반주행최적거리 5기 0 2 8     9 9 6⑥1:30.7머리  .914.440.314.1 -2  3  .00 6 8 -3 1.2717964775511 5 6103 2 2.0610.03 2.2 3.4  3.2   26.5   34.4  141.7  .015 5-4 1 1-4▼-1.738.50 -.2312.1289.62  .96 2.61 8.17 1 4 9  .12 1.09 3.9010
20251220토 3140011국610 9 19 7 1강 1157흐림포화16 311사하라로즈      아임유어메가폰Ⅱ 2433.00한암 4 0 0 2 1   8411:25 16500국6이동국(주)쎄쎄 0 7 910 116 1 0 0 9  0조성환39451.053하무하10  8  8 4 2.028.011.3 718 61360 7 8 0 4 021 6101519      ↘→추14.037.839.613.1 95237.239.6 89.4 89.4  0  0  011   14.90   14.40 5 -6 -2HHDN       1712-1.6 9.8 8.2222212-3숨은복병탐색우려68기 0 4 9     8 8 6⑤1:29.42½  2.114.239.513.7 -6 -3  .00 511  3 2.5666356632510 4 7 83 1 1.02 1.10     2.3  1.2    2.3    2.6   36.3  .019 3-4 1 2-4▼-1.738.20 -.2412.0489.55 1.52 4.0511.26 0 3 4  .12 1.61 5.0411
20251115토 5170011국621 9 29 8 2강 2252맑음건조 3 311사하라로즈      아임유어메가폰Ⅱ 2433.00한암 4 0 0 2 1  128      16500국6이동국(주)쎄쎄 0 8 8 9 116 1 0 0 8  0김성현39753.058하무상27 19 19 6 1.029.0 8.41540101360 7 8 0 0 021 6162319      ↗↘입14.040.341.513.1184840.441.6117.4115.1  0  0  025   14.20   13.10 9  0  1LNUP       1712-2.210.2 8.0272712 5숨은복병탐색우려60기 010 7 7 8 9 911⑩1:57.45    3.314.941.914.4  2 -2  .0010 8 -2 3.7857467791210 4 6 90 2 1.04 6.05 1.6 2.1  1.6   12.8   17.8    8.7  .019 1-4 1 2-4▼-1.741.00 -.0433.32114.3  .86 2.64 8.40 1 4 8  .12  .13 2.9311
20250913토 4120010국611 3 19 9혼전 4454맑음포화19 311사하라로즈      아임유어메가폰Ⅱ 6526.00한암 4 0 0 2 2  302      16500국6이동국(주)쎄쎄 0 9 7 8 416 1 0 0 7  0이상규39952.055하무상45 50 5033 8.037.014.5 4 0 4 725 0 8 0 0 021 6132314      →↘입14.037.938.813.1 86938.337.9 75.5 76.3  0  0  014   14.30   13.50 7  1 -1NH동       1313-1.810.4 8.6262612 0착차만회탄력호전45관 110 9     9 9 9⑤1:15.55    1.914.238.113.1 -5 -4  .00 510 -1 2.25590185224 8 2 3 63 1 4.02 1.03 1.5 3.2  8.4   22.0   50.9    7.7  .02328-3 2 2-3▽-1.137.70  .04 -.4476.45 2.76 7.4214.45 51322 3.57 7.52 9.35 8
20250727일 2120011국640 8 9910혼전 4451맑음건조 3 311사하라로즈      아임유어메가폰Ⅱ 6526.00한암 4 0 0 9 3  42411:05 16500국6이동국(주)쎄쎄 010 6 7 316 1 0 0 6  0김성현40353.065하추보10  9  9 2 4.028.0 3.215401111 011 8 0 0 021 6162319      →→입14.037.839.213.3101738.137.9 77.6 75.7  0  0  0 0   14.00   15.20 4  6 -2BHDN       1313-1.0 9.8 8.8191912-1탄력저조부진마필57관 0 910    1010 7⑤1:17.62     .614.339.013.5 -6 -1  .00 511  1 1.7338719486310 610113 1 4.07 8.06     5.0  6.7   64.9  122.0   82.5  .0 5 1-4 1 2-4▼-1.937.70  .19-1.3176.62  .12  .55 3.22 1 4 8 1.20 3.33 7.1911
20250628토 2130010국611 9 6911 1강 1159흐림다습11 311사하라로즈      아임유어메가폰Ⅱ 2433.00한암 4     9 3  51311:30 16500국6안해양(주)쎄쎄 011 5 6 416 1 0 0 0  0임다빈40455.078하무하 5  5  5 5 2.029.0 6.11846 5 940 017 010 02113142424      ↗→추14.138.239.913.3141937.342.0 86.4 85.2  0  0  0 0   15.20   14.6027 -8  1HN동       1313-1.4 9.8 8.4212112 0최빈거리거리난점38관 1 3 4     6 610⑩1:26.48    3.014.042.715.2  0 27  .001010  0 3.7913896951410 810100 1 1.0810.06     4.9  1.3    7.8   10.8   27.2  .0 9 4-4 1 1-4▼-1.839.40 -.13 7.0684.00  .42 2.25 6.08 1 4 9  .12 1.53 5.8510
20241222일 3130011국650 7 5912 3강 3351맑음양호 7 311사하라로즈      아임유어메가폰Ⅱ 2433.00한암 3 0 0 2 6 105212:05 16500국6안해양주식회사 012 4 5 316 2 0 0 4  0푸르칸37754.068하무상21 21 21 0 3.030.0 6.821831016331317 010 02113142421      ↘↘추14.138.040.013.3202239.940.4 87.9 86.8  0  0  0 0   14.20   13.60 3  6 -1NH동       1312-2.0 9.8 7.8252512 0발길대로거리속성 1관 01111    111111⑪1:27.94    4.515.241.514.6  1-10  .001110  0 5.398998198 51010 7100 3 1.02 3.04     2.6  1.7    2.6    4.3   15.1  .012 1-4 1 1-4▼-1.739.90 -.10 8.7683.93  .68 2.04 6.75 1 3 6  .12 1.71 3.9011
20241201일 2130011국640 9 9913 1강 1159맑음포화17 311사하라로즈      아임유어메가폰Ⅱ 2433.00한암 3 0 0 1 6 111811:00 16500국6안해양주식회사 013 3 4 216 1 0 0 3  0푸르칸38755.068하무보 5  9  9 2 2.029.0 7.121831016331317 010 02113142421      ↘↘추14.138.140.213.8172238.139.6 83.7 83.6  0  0  0 0   14.30   14.10 6  4  0LN동       1312-2.3 9.7 7.3232312 0발길대로거리속성 1관 0 510     9 9 8⑨1:23.7목   1.614.239.413.6 -1-21  .00 910 -1 2.56372617335 9 9 4 90 2 1.0611.08     4.1  1.7   10.9   12.6   11.9  .012 4-4 1 1-4▼-1.739.10 -.28 5.3184.13  .75 2.22 7.13 1 3 6  .12  .91 1.9310
20241019토 4130011국653 610914 2강 2253흐림포화19 311사하라로즈      아임유어메가폰Ⅱ 2433.00한암 3     2 7 125713:10 16500국6안해양(주)쎄쎄 014 2 3 116 1 0 0 0  0오수철40855.058하무보30 25 25 1 2.027.0 3.8 450 219601217 013 02113112215      ↘↗입14.137.740.413.8401338.739.4 84.9 84.6  0  0  0 0   14.10   14.10 6 -1  1HNUP       1312-2.0 9.0 7.0242412 1일반주행거리속성 1관 0 1 8    10 9 8⑧1:24.93    2.114.339.714.1 -3  7  .00 811  3 2.28590538122 710 6110 1 6.07 2.08     5.7 12.1   99.5  270.9   71.6  .015 3-4 1 2-4▼-1.939.70 -.08 6.5084.00  .12  .73 3.78 1 2 5  .12  .92 2.6211
20240908일 2120011국612 8 6915 1강 1159맑음다습11 311사하라로즈      아임유어메가폰Ⅱ 6526.00한암 3 0 0 2 7 135411:25 16500국6안해양나기두   115 1 2 216 1 0 0 1  0장추열40154.091하무보14 12 1221 4.031.011.31837 619601217 032 02113202722      →↗입14.437.540.014.041 537.639.2 77.7 76.6  0  0  0 0   14.40   14.30 6 -1 -1HH동       1212-2.010.0 8.0181812 0최빈거리부진마필 1관 0 2 6     7 7 6⑥1:17.71    1.714.140.014.1 -2  8  .00 6 8 -2 1.7656565703110 9 5 80 1 2.01 9.11     4.3  5.4    4.3   11.3    8.4  .0 910-4 1 1-4▼-1.638.20 -.32 -.9176.90 1.76 4.2411.26 2 714  .98 2.97 3.8510
20260815토 4130011국5 1 8  8 0 1강 1154           4 1포마드          머스킷맨위너스마 7429.00한암 3 0 0   1    015:25 24750국5서인석(주)디알 2 010 4 2 9 3 1 1 9  0최범현   53.093평입하50 55 554045.052.026.83462141846 91822 010191219311799 0 0↗→입13.937.339.013.76061                   25 25 1325   15.20   13.40 8 -9 -1UHDN54.04751414  .6 3.0 3.6595914-1일반주행거리속성 1   0 1                            15.2    13.4        .0                       7 4 5 5  6                                              .01540 0 5 4 0―  .339.00  .39     82.84 7.7917.2526.75 71828 8.8914.5127.27 4
20260621일 5140010국531 6 88 1혼전 4451맑음포화17 4 1포마드          머스킷맨위너스마 7429.00한암 3 0 0 2 1  126      24750국5서인석(주)디알 2 1 9 3 6 9 2 1 1 8  0최범현47253.593평입보67 61 614033.049.020.13462141846 91822 010191219311799 0 0↗→입13.937.139.313.7444137.438.9 87.8 88.5 25 25 1325   14.30   13.50 4  0  1NN동54.04751414  .6 3.0 3.6606014 0일반주행최적거리 5기 11010     8 810⑧1:27.82     .515.238.313.4  4 -3  .09 8 4 -1  .52865293766 7 5 7 80 5 7.09 3.06 2.5 3.9 26.5  428.6  886.9 1549.7  .01539 0 5 3 0― -.138.70  .1312.0988.86 4.5310.4920.09 31016 7.8714.3623.76 7
20260524일 4140011국552 8108 2혼전 4451맑음다습11 4 1포마드          머스킷맨위너스마 7429.00한암 3 0 0 2 1   67      24750국5서인석(주)디알 2 2 8 2 5 9 1 1 1 7  0최범현47552.593평입하76 68 684646.058.034.93462141846 91822 010191219311799 0 0↗→입13.837.139.313.7474437.039.7 89.1 88.9 29 29 1429   14.20   13.40 7  8 -1BU동54.04751414  .6 3.0 3.6606014 0부중유리최적거리42기 010 6     3 3 7⑧1:29.1목   1.414.339.613.5  3 -1  .00 8 5  3 1.84144585341 7 5 6 50 4 2.01 4.03 2.8 6.3  4.4    6.3   14.3    9.7  .03172 0 6 6 0―  .538.80 -.2612.4588.8611.4124.3134.8810223513.1020.5430.72 6
20260404토 4140011국512 8 18 3혼전 4454맑음양호 7 4 1포마드          머스킷맨위너스마 7429.00한암 3 0 0 1 1  141      24750국5서인석(주)디알 2 3 7 1 4 9 1 1 1 6  0이혁  47653.579평입보50 65 654650.054.030.02156 51846 9182213 0191228211999 0 0↗↘선13.837.139.613.9451737.538.6 90.2 88.5 33 17 1717   13.80   14.70 5 -9 -1UU동54.04751414  .6 3.8 4.4545414 0숨은복병작전마주83기 0 2 3     5 5 4③1:30.27    1.214.238.813.4  1  1  .00 3 2  1 1.43173213446 6 7 2 32 1 1.04 3.07 1.3 2.2  1.3    7.5    7.7    8.0  .02059 0 6 5 0―  .438.70 -.3211.7589.0710.2620.0930.0212253814.2928.5742.67 2
20260301일 3140011국650 9 58 4 3강 3351맑음건조 3 4 1포마드          머스킷맨위너스마 7429.00한암 3 0 0 1 1  102      16500국6서인석(주)디알 2 4 6 6 3 9 3 0 1 5  0최범현47554.093기자보76 94 946889.074.058.63462141846 91822 0101912193117      ↗→입13.937.339.513.9312236.540.5 90.8 89.0 20 20  020   13.80   13.70 5  6 -1NH동       1414  .6 4.8 5.4505014 0기습선행작전마주55관 111 2     2 2 1①1:30.8머리  .013.841.514.7  0 -3  .00 1 1  0  .04615806390 7 1 1 21 3 1.0711.09 2.3 4.7  2.3   22.2   28.6   54.610.93976 2 9 7 2▲ 1.838.60-1.1312.1689.1426.3744.3058.6418375328.5747.1762.07 1
20260124토 3140011국641 9 98 5 1강 1159맑음건조 3 4 1포마드          머스킷맨위너스마 7429.00한암 3 0 0 2 1   82      16500국6서인석(주)디알 2 5 5 5 2 9 2 0 0 4  0최범현47854.593평입상56 48 484378.062.057.03462141846 91822 0101912193117      ↗→입14.137.439.713.8261537.338.5 89.4 87.4  0  0  0 0   14.00   13.20 6  1  1NN동       1410  .5 5.8 6.3414114 0일반주행보통주행 5기 0 5 1     1 1 2②1:29.46     .013.839.113.7  1  9  .00 2 1 -5 1.0 665192592 4 3 3 21 2 4.01 1.05 2.6 4.7  6.3    6.9   14.0    6.6  .01848 0 7 5 0― 1.038.20-1.2710.3089.3418.6339.3456.9820425826.6750.0065.38 2
20251214일 5140011국630 8 88 6혼전 4451맑음포화18 4 1포마드          머스킷맨위너스마 7429.00한암 2 0 0 2 1  114      16500국6서인석(주)디알 2 6 4 4 1 9 1 0 0 3  0최범현46954.093하입보28 36 362622.047.019.63462141846 91822 0101912193117      ↗→입14.037.539.714.1141736.739.5 88.3 88.2  0  0  0 0   14.10   14.40 4  1  0NNUP       1410 1.3 5.7 7.0414110 2연대우수거리부담92기 1 4 6     4 3 5④1:28.31¼  1.314.039.313.2 -2-14  .00 4 6  1 1.4253151374310 5 5 72 1 3.09 1.02     5.0  5.0   74.2  107.2   47.5  .03346-2 4 3-2▽ -.438.30 -.3611.0089.41 4.4910.2519.59 41118 6.2512.7422.90 7
20251115토 11200 9국630 8 38 7 1강 1155맑음건조 3 4 1포마드          머스킷맨위너스마 8627.00한암 2 0 0 2 1  132      24750국6서인석(주)디알 2 7 3 3 1 9 3 0 0 2  0이동하48354.091하추보20 22 223055.058.045.83153131846 91822 7391912252419      ↗↘선14.038.038.714.1 84137.539.0 77.7 76.6  0  0  0 0   14.70   13.90 4 -1  0HNDN       1310  .5 6.0 6.5393910-1연대우수연대우수48기 0 3 6     6 6 6⑧1:17.7¾   1.214.140.114.4  3 11  .00 8 5 -1 1.76461586344 6 3 2 22 3 4.01 8.07 2.4 3.0 11.1   10.8   27.1    7.3  .03735-2 6 4-2▽  .537.70 -.88 -.1576.4513.6130.7245.83204258 5.9818.1016.03 8
20251019일 2130011국632 6 88 8혼전 4451맑음포화17 4 1포마드          머스킷맨위너스마 7429.00한암 2 0 0 2 2  208      16500국6서인석(주)디알 2 8 2 2 1 9 2 0 0 1  0이동하47254.090평무보53 73 738364.069.037.12644171426 41822 7391912252419      →↗선14.037.438.912.5579139.039.7 83.6 84.7  0  0  0 0   14.00   12.80 4  1  1NNUP       1310  .0 6.0 6.0646410 3편성만만연대우수65기 0 411    1110 6⑦1:23.6½   2.514.739.213.9  1 12  .00 7 6  0 2.58695659016 5 2 2 53 2 1.03 9.11 1.7 3.6  1.7    3.6    4.6    4.6  .03764 0 7 7 0― 1.340.10  .11 8.4482.8410.3523.1337.10 8172911.3423.5339.75 5
20250920토 1100012국621 1 78 9혼전 4455흐림불량20 4 1포마드          머스킷맨위너스마 8627.00한암 2     2 2  28413:15 24750국6서인석(주)디알 2 9 1 1 1 9 1 0 0 0  0이동하46053.590평무보62 25 2545  .042.018.72644171426 41822 7391912252419      →↗선14.737.738.113.2572737.337.3 61.3 62.8              14.70   13.50        NN동       10 0         5.0     0 0일반주행우수혈통 5기 0 3 8     8 8 6⑥1:01.31¾   .614.036.712.8  0 -4  .00 6 6  0 1.54246242459 7 8 9 70 1 1.04 2.01     2.7  1.5   13.0   14.7   34.0  .01518-3 4 5-3▽ -.837.30  .04-13.063.20 4.61 9.5518.66 51322 8.8917.6726.80 3
20260815토 4130011국5 1 8  9 0 1강 1154           4 2새내라니아      섀클포드메니체리 6626.00한암 3 0 0   1    015:25 24750국5함완식문금철   2 010 1 4 9 1 0 1 9  0안드레   53.085기입보50 50 502011.035.012.42375 62255121511 0 022113319 7      ↗→선13.737.039.914.07922                   13 25 13 0   13.50   14.60 6 -4 -2HH동       1412  .8 3.2 4.0565614 0마방연대기복전력 1   0 2                            13.5    14.6        .0                       410 810  1                                              .02922-1 2 2-1▽ -.939.90  .44     83.23 2.73 7.1512.37 0 3 4 2.22 7.2514.1410
20260704토 31300 9국653 7 59 1 1강 1155흐림건조 5 4 2새내라니아      섀클포드메니체리 6626.00한암 3 0 0 1 1   98      16500국6함완식문금철   2 1 9 9 3 9 1 0 0 8  0서승운48055.084평입하41 58 587764.061.050.6253817225512151150 02211283016      ↗↘선13.737.139.914.0722236.140.1 82.4 82.2  0 14  0 0   13.70   15.30 5  1  0NNDN       1412  .0 5.0 5.0454514-1가격혈통마방연대34관 0 6 1     1 1 2②1:22.4¾    .013.540.414.6  1-24  .00 2 1  0  .215 2742688 5 1 3 21 1 2.01 9.06 2.8 3.8  3.1    3.8    7.2   12.2  .02472-1 6 5-1▽  .739.80 -.70 5.2083.2914.0631.5150.6220425812.5030.1955.02 2
20260531일 3140011국610 9 19 2 2강 2257맑음양호 7 4 2새내라니아      섀클포드메니체리 6626.00한암 3 0 0 9 1   88      16500국6함완식문금철   2 2 8 8 3 9 1 0 0 7  0최범현50455.093하입보64 50 506874.069.073.1346214225512151128 02211193117      ↗→입13.737.040.214.0511536.640.6 91.7 89.7  0 14  0 0   13.80   13.90 7  3  0NN동       1412 -.4 6.8 6.4404014 0숨은복병가격혈통64기 0 5 1     1 1 2⑤1:31.71¼   .613.741.715.3  4 11  .09 5 1 -1  .66619806564 1 8 3 21 2 3.02 3.11 1.4 2.6  9.3   23.3   60.4  154.8  .02583 1 7 6 1△ 1.539.10-1.7612.5089.4132.5159.7773.0619405523.4448.8258.88 2
20260412일 2140011국631 9 39 3혼전 4451맑음다습12 4 2새내라니아      섀클포드메니체리 6626.00한암 3 0 0 2 1  131      16500국6함완식문금철   2 3 7 7 2 9 2 0 0 6  0이동하49355.091하자하23 49 494330.059.039.73153132255121511 0 02211252419      ↗↘선13.837.040.314.148 837.239.2 89.3 88.1  0  0 17 0   13.80   14.20 5 -9  1HN동       1412 -.4 6.8 6.4404014 0뒷심부족조교부실25관 0 2 2     3 3 3③1:29.39    1.613.839.713.9  1  8  .00 3 2  0 2.21652424137 4 8 4 42 2 5.01 7.03 2.4 3.1 12.8   11.5   39.8   10.3  .02351 1 5 4 1―  .738.70 -.9510.8089.4810.7723.9639.74102235 4.8815.7626.51 4
20260308일 3140010국651 9109 4혼전 4439맑음다습13 4 2새내라니아      섀클포드메니체리 6626.00한암 3 0 0 2 1   92      24750국6함완식문금철   2 4 6 6 1 9 1 0 0 5  0이동하48554.591하무보34 39 393429.053.039.13153132255121511 0 02211252419      ↗↘선13.837.140.214.343 437.140.3 90.4 89.9  0  0 20 0   13.90   14.50 3  2  1BNUP       1412-1.0 8.0 7.0282813 1숨은복병거리부담83기 111 4     1 1 1③1:30.41½   .313.840.414.2  1  0  .00 3 2 -3  .77448767572 4 8 3 41 1 4.01 8.02 3.7 7.8  6.4   15.6   35.0   19.3  .01934 0 5 3 0―  .139.00 -.9212.5889.4813.1427.9139.07122641 9.8419.7021.65 5
20260214토 3130011국630 8 89 5혼전 4451맑음건조 3 4 2새내라니아      섀클포드메니체리 6626.00한암 3 0 0 2 1   50      16500국6함완식문금철   2 5 5 5 2 9 1 0 0 4  0최범현48554.093하무보29 22 222710.043.018.0346214225512151128 02211193117      ↗→입13.737.740.014.1321036.940.3 84.5 83.1  0  0  0 0   14.20   13.60 4  2 -1LHUP       1312-1.5 8.8 7.3191913 1일반주행부진마필54관 1 9 4     4 4 5⑥1:24.51¼   .713.940.814.5  1  5  .00 6 5 -1 1.24816785860 8 8 8 72 1 3.04 6.07 1.9 3.3  4.9   23.6   29.1  287.4  .01533 0 2 3 0― -.439.40 -.22 5.3983.74 3.46 8.7518.04 2 716 4.4810.6017.21 7
20260117토 2120011국632 7 89 6 1강 1156맑음건조 5 4 2새내라니아      섀클포드메니체리 6620.00한암 3 0 0 2 1   83      16500국6함완식문금철   2 6 4 4 3 9 1 0 0 3  0코지  48054.586하추상17 14 14 9 5.033.012.62854182255121511 7 02211233119      ↗↘입13.737.739.814.113 638.038.3 76.4 76.0  0  0  0 0   13.80   14.30 7 -3  1NNDN       1312-2.0 9.7 7.7151513-1최빈거리부진마필 5기 1 7 7     8 8 8⑥1:16.4¾   1.614.238.913.6  0 -5  .00 6 6 -4 1.84983335833 9 9 8 70 1 1.05 3.08 2.0 4.2  2.0   15.1   17.5   17.9  .0 915-4 1 1-4▼-1.337.80 -.38-1.5076.90 1.45 5.1112.59 2 716 1.12 3.51 7.0710
20251130일 2130011국610 5 19 7 1강 1151흐림다습10 4 2새내라니아      섀클포드메니체리 6626.00한암 2 0 0 9 1  14011:00 16500국6함완식문금철   2 7 3 3 1 9 3 0 0 2  0조인권48554.072하추보 8  8  8 0 4.029.0 2.71750 8225512151113 02211242513      →→선13.738.140.214.1 6 937.540.4 83.4 83.7  0  0  0 0   14.30   14.00 4  6  0BHUP       1312-1.5 9.5 8.0 9 912 1걸음없음거리속성55기 110 7     7 7 9⑦1:23.4½   1.813.840.414.3 -3-14  .00 710 -1 1.96947838127 911 9110 3 1.06 6.03     3.4  1.4   10.6   14.2   18.7  .012 1-4 1 4-4▼-2.139.10 -.17 5.3784.13  .59 1.10 2.65 0 1 5  .88 2.91 5.00 9
20251102일 1120012국632 9 89 8혼전 4451맑음양호 7 4 2새내라니아      섀클포드메니체리 6620.00한암 2 0 0 1 1  165      24750국6함완식문금철   2 8 2 2 2 9 2 0 0 1  0조인권49954.073하추보20 12 12 8 8.029.0 3.31750 8225512151113 02211242513      →→선13.737.839.913.9 71338.939.8 79.9 78.4  0  0  0 0   13.70   14.30 4 -2  0HH동       1212-2.0 8.0 6.0 8 812 0가격혈통최적거리67기 1 4 7     91212⑩1:19.911   2.814.340.914.0 -1  7  .001011  3 4.39497799515 6 9 7120 2 7.01 8.10 1.8 5.0 22.7   15.6   56.4   20.9  .02410-4 1 1-4▼-1.838.50 -.20  .7377.01  .19 1.05 3.27 0 1 3 1.56 4.02 5.4511
20251004토 11200 9국650 9 59 9 1강 1149맑음다습10 4 2새내라니아      섀클포드메니체리 6620.00한암 2     1 2  231      24750국6함완식문금철   2 9 1 1 1 9 1 0 0 0  0조인권49254.073평무보46 25 2545  .028.0 7.91838121367 3151113 02211242513      ↘→선14.237.239.813.176 237.839.6 78.4 77.1              14.20   13.40 4  0  0LL동       12 0         5.0     0 0일반주행가격혈통39기 1 6 8     8 9 8⑥1:18.4¾   3.213.740.714.3 -2 12  .00 6 8  0 4.17777748312 4 8 9 93 1 1.03 9.04 2.8 4.8  2.8    6.2    9.5   12.4  .01510-4 2 2-4▼-1.638.70  .05  .1176.62 1.13 2.80 7.94 1 4 912.6324.5852.68 4
20260815토 4130011국5 1 8  8 0 1강 1154           4 3트리플에스      레볼루셔스타드퀸 6734.00한암 4 0 0   1    015:25 24750국5임채덕투애니포 0 010 2 5 9 1 1 0 9  0김효정   53.067하무보50 50 5011 6.034.0 8.91752 7 750 3 9 0 0 0 7 0192217 099 0↗→선13.937.439.713.94537                   11  0  0 0   13.40   14.70 8  1  0HU동55.04331413-1.6 7.0 5.4474713 0최빈거리거리난점 1   0 3                            13.4    14.7        .0                       8 9 911  3                                              .0 9 7-4 2 1-4▼-1.239.70  .40     83.35 1.31 4.09 8.93 1 3 5 1.11 5.1811.1111
20260621일 4130010국543 5 98 1혼전 4451맑음포화19 4 3트리플에스      레볼루셔스타드퀸 6734.00한암 4 0 0 2 1  127      24750국5최봉주투애니포 0 1 9 1 4 9 1 1 0 8  0최범현43253.093하입상30 48 484530.053.024.33462141350 6141030 017 4193117 099 0↗→입13.937.639.713.9433737.340.7 82.7 84.3 13  0  0 0   14.00   14.00 3 -1 -2UUDN55.04331413-2.4 7.6 5.2464613-1일반주행최적거리 5조 0 2 4     5 5 7⑨1:22.76    2.313.440.014.7  2 -1  .00 9 7  4 3.1793785791910 8 7 60 1 4.02 1.09 2.3 4.0  6.4    7.6   15.9   68.7  .01567-2 5 5-2▽  .039.80 -.13 6.9883.48 6.2315.4524.33 51322 4.5513.4721.64 6
20260531일 3140011국610 9 18 2 2강 2257맑음양호 7 4 3트리플에스      레볼루셔스타드퀸 6734.00한암 4 0 0 9 1   48      16500국6최봉주투애니포 0 2 8 8 3 9 2 0 0 7  0김태훈43355.070하무상41 48 4828 9.045.027.11856 81350 6141019 017 4122521      ↗→입14.037.440.214.0221536.939.1 91.1 89.1  0  0  0 0   14.10   13.80 6 -1  0HHUP       1413-2.8 9.2 6.4404013 1일반주행보통주행34조 0 3 4     3 4 4①1:31.1머리  .014.040.214.0 -2 11  .00 1 3 -6  .05037362690 6 9 4 42 2 3.02 3.11 1.4 2.6  9.3   23.3   60.4  154.8  .01522 0 3 3 0― -.338.60 -.7911.5089.69 6.4515.6927.11 82233 4.69 9.4515.42 4
20260418토 2130011국632 8 88 3혼전 4451맑음건조 5 4 3트리플에스      레볼루셔스타드퀸 6734.00한암 4 0 0 2 1  121      16500국6최봉주투애니포 0 3 7 7 3 9 1 0 0 6  0김태훈42255.070하무보 9 12 1220 4.030.0 7.71856 81350 6141019 017 4122521      ↗→입14.037.939.814.2192438.238.8 84.3 83.2  0  0  0 0   14.10   14.1010 -3  0HHDN       1412-3.0 9.6 6.6343413-1일반주행보통주행58관 0 4 8     8 9 8⑥1:24.3½    .914.139.413.8 -3  7  .00 6 9  0 1.04977335255 9 5 9 93 1 3.01 6.03 1.7 4.0  5.5    4.4   14.5   11.9  .015 7-4 1 1-4▼-1.639.20  .06 5.4683.74 1.08 2.64 7.66 2 610 1.37 3.92 7.4711
20260208일 3140011국611 8 68 4 1강 1159맑음건조 2 4 3트리플에스      레볼루셔스타드퀸 6734.00한암 4 0 0 2 1  186      16500국6최봉주투애니포 0 4 6 6 2 9 2 0 0 5  0정우주41555.059하무상29 41 41 4 6.036.015.21255 71350 61410 7 017 4163013      ↗→입13.937.640.214.3101037.440.8 90.7 90.8  0  0  0 0   14.40   14.1013 -2  0NH동       1412-2.4 8.8 6.4323214 0착차만회휴양불리33관 0 7 7     9 8 7⑦1:30.71½  2.414.140.314.1 -2-24  .00 7 9  2 3.18866848818 9 6 7 80 2 1.03 4.01 1.8 6.1  1.8    6.9   11.8   23.9  .02311-1 2 1-1▽ -.838.70 -.5912.9589.83 2.91 7.0215.19 1 4 9 1.72 8.0015.35 9
20251109일 41400 9국640 9 98 5 1강 1159맑음건조 3 4 3트리플에스      레볼루셔스타드퀸 6734.00한암 3 0 0 2 2  267      16500국6최봉주투애니포 0 5 5 5 1 9 1 0 0 4  0정우주43955.067하입보10  8  8 9 5.035.017.71050 51525101410 7 017 4163013      ↘↗입13.937.440.114.719 437.339.7 91.1 89.1  0  0  0 0   13.80   14.30 7  4  0NHUP       1412-2.3 9.3 7.0252513 1숨은복병거리부담61조 1 9 9     9 8 6④1:31.12     .714.440.414.1 -3  4  .00 4 7 -3 1.05664596563 5 6 8 73 1 2.01 3.07 3.0 5.7  3.2    5.7   10.9   16.0  .01917-2 2 2-2▽ -.938.60 -.4911.6089.62 3.7610.2517.66 3 817 1.72 5.0010.94 7
20250921일 3130010국652 4108 6혼전 4451맑음다습14 4 3트리플에스      레볼루셔스타드퀸 6734.00한암 3 0 0 2 2  272      16500국6최봉주투애니포 0 6 4 4 2 9 2 0 0 3  0김효정43555.076하입상57 47 471412.042.017.41542 5152510141011 017 4192217      ↘↗선14.038.039.914.6211537.640.6 84.3 84.5  0  0  0 0   14.10   13.90 4 -2  0NH동       1312-2.3 9.0 6.7303013 0일반주행탄력호전 5기 0 5 4     3 4 9⑧1:24.34    2.913.840.614.3 -2  4  .00 810 -1 2.98451858411 9 9 4 70 2 5.04 7.06 3.2 6.8  7.0   17.8   39.8   23.1  .01526-2 2 2-2▽ -.739.40 -.31 6.6483.87 3.46 8.7317.41 41118 3.23 7.4511.42 9
20250823토 3130011국642 6 98 7 1강 1151흐림건조 4 4 3트리플에스      레볼루셔스타드퀸 6734.00한암 3 0 0 2 2  366      16500국6최봉주투애니포 0 7 3 3 1 9 1 0 0 2  0김효정43155.076하입상27 19 19 1 6.031.0 8.51542 5152510141011 017 4192217      ↘↗선14.038.239.914.6 61537.839.3 82.9 82.9  0  0  0 0   14.60   13.60 6 -1  0NHUP       1312-1.5 8.0 6.5171712 1일반주행거리속성42트 1 7 9     7 7 9⑦1:22.9¾    .814.139.413.9 -4 -9  .00 711  0 1.7396152585511 5 9110 1 1.0310.01 2.1 5.4  2.1    7.0   11.7    8.2  .01514-4 1 3-4▼-1.738.80 -.18 4.8284.00 1.11 2.85 8.48 1 4 8  .83 4.41 8.6410
20250712토 2120011국611 8 68 8 1강 1159맑음건조 5 4 3트리플에스      레볼루셔스타드퀸 2122.00한암 3 0 0 2 3  47311:30 16500국6최봉주투애니포 0 8 2 2 2 9 2 0 0 1  0박태종44055.061하입보 7  6  6 3 9.028.0 6.5 550 3235017141024 017 4192421      ↗→자14.038.040.214.6 4 539.038.2 78.7 76.7  0  0  0 0   14.10   15.00 4  0  0NH동       1212 1.0 5.0 6.0101012 0숨은복병부진마필64기 0 8 7     9 9 7⑦1:18.71    2.014.639.313.6 -4 -2  .00 711  6 3.16898297924 9 9 5110 2 1.0310.07     3.6  1.5    3.6    5.0    5.2  .019 5-4 1 3-4▼-1.837.80 -.59-1.5077.29  .38 2.29 6.51 2 711 2.27 5.02 4.8311
20250615일 11200 8국630 8 38 9혼전 4441맑음건조 3 4 3트리플에스      레볼루셔스타드퀸 2122.00한암 3     2 3  54510:35 16500국6최봉주투애니포 0 9 1 1 1 9 1 0 0 0  0박태종44255.061평무보 5 25 25 5  .026.0 2.9 550 3235017141024 017 4192421      ↗→자15.038.440.013.4 1 138.040.4 79.7 78.1              15.00   13.70        NN동       12 0         6.0     0 0일반주행보통주행40기 0 8 6     6 6 6⑥1:19.79    2.914.141.515.0  1 -1  .00 6 5  0 4.29182889312 8 7 8 72 1 1.03 6.07     2.0  1.4    2.8    3.7    1.7  .015 6-4 1 3-4▼-2.137.80 -.59 -.3477.40  .58 1.15 2.92 4111813.4825.5872.61 6
20260815토 4130011국5 1 8  8 0 1강 1154           4 4파라이바        섀클포드플래시플 6626.00한암 3 0 0   1    015:25 24750국5정호익배은정   3 010 4 6 9 4 0 1 9  0이혁     52.579평추보50 53 536519.048.023.82156 52033 724 826 02314282119333333↗↘선13.837.438.913.44779                   25 25 1325   14.20   12.90 4 -5  0HU동53.84461413-2.0 6.6 4.6565612 0일반주행작전마주 1   0 4                            14.2    12.9        .0                       9 2 7 6  4                                              .02035 0 3 3 0―  .038.90  .48     82.84 5.6614.6223.81 31121 3.3310.3618.18 8
20260718토 4130011국543 5 98 1혼전 4451흐림불량20 4 4파라이바        섀클포드플래시플 6626.00한암 3 0 0 2 1   57      24750국5정호익배은정   3 1 9 3 5 9 3 0 1 8  0이혁  44552.579평추하66 68 685614.044.012.72156 52033 724 826 02314282119333333↗↘선13.837.338.913.4567938.838.8 81.8 84.0 29 29 1429   13.90   13.10 5  3  0NU동53.84461413-1.6 5.2 3.6656512 0일반주행보통주행 5   0 9 9    101111⑧1:21.81¾  1.914.237.712.9 -3  4  .00 811  8 2.17292326927 8 4 7113 3 1.02 6.02 2.3 6.5  2.3    7.2   11.7    9.2  .01534-2 3 2-2▽ -.640.00  .84 7.7782.78 2.67 6.7212.66 1 2 5 2.36 5.5611.8411
20260614일 5130011국551 4108 2혼전 4451흐림건조 3 4 4파라이바        섀클포드플래시플 6626.00한암 3 0 0 2 1   86      24750국5정호익배은정   3 2 8 2 4 9 2 0 1 7  0이혁  44152.579우추상64 69 695917.038.012.12156 52033 724 826 02314282119333333↗↘선13.837.239.213.5676137.938.3 82.6 82.8 33 67 1717   14.40   13.20 5 -3  0NU동53.84461412-1.8 5.2 3.4707013 0착차만회최적거리34기 0 6 7     9 9 9④1:22.6½    .713.938.413.1  1 -3  .00 4 3 -6  .93167162460 4 5 4103 2 7.04 2.07 4.414.3 10.3   29.0   56.9   65.0  .02360-2 3 2-2▽-1.039.80  .74 6.3682.90 2.45 6.7912.08 2 610 8.5713.5823.08 7
20260509토 6130011국531 8 88 3혼전 4451맑음건조 5 4 4파라이바        섀클포드플래시플 6626.00한암 3 0 0 2 1   95      24750국5정호익배은정   3 3 7 1 3 9 1 0 1 6  0이혁  44452.579우추상63 76 767555.052.024.62156 52033 724 826 023142821195050 0↗↘선13.737.039.613.8814138.438.3 83.4 82.7 40 40 40 0   13.90   14.40 5  7 -3NU동54.54481412-1.6 5.0 3.4676713 0교체성공최적거리60기 0 9 6     8 8 7⑤1:23.4¾    .614.438.613.2 -4 -1  .00 5 9  6  .92984164063 3 8 3 63 1 5.01 8.06 3.0 4.8 13.9   23.1   71.0   86.1  .03084 0 6 5 0―  .240.00  .27 6.0983.03 7.0915.9524.62153246 9.0924.3936.23 3
20260404토 2130011국631 9 38 4 1강 1142맑음양호 7 4 4파라이바        섀클포드플래시플 6626.00한암 3 0 0 1 1  103      16500국6정호익배은정   3 4 6 6 2 9 1 0 0 5  0이용호44555.064평추하34 55 553034.047.037.11755 72033 724 820 02314191820 099 0→↘자13.837.239.813.8662737.039.7 84.4 82.7 25 25 25 0   14.10   15.30 5 -8  1UVDN54.04501412-1.8 5.5 3.8626212-1승부최상거리속성37기 0 2 2     1 1 2②1:24.45     .013.940.414.4 -1  9  .00 2 3  1  .83022644491 7 4 3 41 1 1.03 1.02 1.8 2.9  1.8    3.9    5.5    3.4  .03424-3 5 4-3▽ -.339.80 -.31 5.6783.2910.9824.3737.14 91835 8.7025.0037.93 4
20260301일 3140011국650 9 58 5 3강 3351맑음건조 3 4 4파라이바        섀클포드플래시플 6626.00한암 3 0 0 1 1  102      16500국6정호익배은정   3 5 5 5 1 9 1 0 0 4  0마이아43654.093평추보58 70 705480.075.061.13452162033 724 840 023143532 8 099 0↘↗선13.837.040.013.8492236.941.2 92.1 90.3 25 25 25 0   13.80   13.50 4  1 -1NUUP54.04501412-1.3 5.0 3.7686812 1숨은복병승부최상60기 010 8     3 4 4⑥1:32.1목   1.314.142.215.3  4 -1  .01 6 2 -5 1.38133898644 5 5 3 12 1 1.0711.09 2.3 4.7  2.3   22.2   28.6   54.612.14593 3 9 9 3★ 1.939.20-1.3113.2689.2826.8747.2961.0733536517.1433.9647.96 3
20260201일 2130011국631 5 88 6혼전 4451맑음건조 2 4 4파라이바        섀클포드플래시플 6626.00한암 3 0 0 1 1   51      16500국6정호익배은정   3 6 4 4 1 9 2 0 0 3  0임다빈43754.577평추상66 92 923128.048.021.01527 82033 724 819182314142424 099 0→↗추13.837.339.413.7545737.639.6 82.5 83.1 33  0 33 0   14.00   13.80 4 -2  0NVUP54.04501312-1.3 5.0 3.7686812 1일반주행거리속성26기 0 9 7     7 8 6④1:22.56    1.213.839.113.5 -3 -2  .00 4 7  3 2.05052636243 6 5 5 53 4 2.01 4.01 1.7 3.5  4.7    3.5    9.8    4.610.51523-3 4 2-3▽ -.339.80  .31 6.4283.10 4.9612.0021.01 81729 2.9713.4619.60 6
20260103토 2120011국641 9 98 7 1강 1151맑음다습13 4 4파라이바        섀클포드플래시플 6620.00한암 3 0 0 1 1   8311:00 16500국6정호익배은정   3 7 3 3 3 9 1 0 0 2  0임다빈43954.576우입보78 99 996676.055.037.81527 82033 724 819182314142424 099 0→↗추13.837.238.713.7466537.538.5 76.6 75.5 50 50 50 0   13.70   14.40 4  0  1NV동54.04501212-1.5 5.5 4.0666612 0일반주행작전마주52기 111 7     7 7 7③1:16.61¾   .314.039.213.8 -1-11  .00 3 4  1 1.63065394874 6 3 2 43 3 8.02 1.09     5.0 33.8   66.6  207.2  107.1  .02061 0 6 4 0―  .538.20 -.20 -.4476.0010.0023.8437.81 9183514.0429.0738.81 3
20251207일 1120012국610 8 18 8 1강 1151맑음다습10 4 4파라이바        섀클포드플래시플 6620.00한암 2 0 0 1 1   7710:35 24750국6정호익배은정   3 8 2 2 2 9 2 0 0 1  0임다빈45054.076평추보48 52 525124.045.020.21527 82033 724 819182314142424      →↗추14.138.038.313.1 49536.739.0 75.9 75.5  0  0  0 0   14.10   13.40 4  5  0BH동       1212-3.0 8.0 5.0464612 0우수혈통최적거리76기 111 5     5 3 4③1:15.9코    .013.739.714.4  0 -1  .00 3 3 -5  .72821573779 9 1 4 62 2 4.02 8.05     3.0 22.6   25.8   85.1   40.4  .02150 0 4 3 0― -.437.40  .09 -.8176.23 3.91 9.9020.15 31222 3.9111.5711.68 9
20251108토 1120011국643 6 98 9혼전 4441흐림건조 3 4 4파라이바        섀클포드플래시플 6620.00한암 2     2 1  154      24750국6정호익배은정   3 9 1 1 1 9 1 0 0 0  0임다빈45154.076평무보83 25 2550  .027.0 5.81527 82033 724 819182314142424      →↗추13.936.739.612.8991238.038.0 76.7 76.2              13.90   13.10 4  0  0LL동       12 0         4.0     0 0일반주행우수혈통44기 0 6 7     9 9 8⑤1:16.72½  1.114.138.813.4 -3  0  .00 5 8  0 1.25483234746 5 8 8103 1 2.01 1.11 1.7 4.3  4.4    4.5   11.0  137.7  .01512-4 2 1-4▼-1.738.90  .49 -.0676.23  .61 1.78 5.82 0 1 5 9.3017.4636.22 5
20260815토 4130011국5 1 8  9 0 1강 1154           4 5하남레이저      레볼루셔대싱카누 6734.00한암 3 0 0   1    015:25 24750국5김동균송한우   2 0 6 2 5 5 1 0 1 5  0서승운   52.584평자보50 54 545428.056.032.32538171755 620 017 019 8283016333333↗↘선13.437.039.614.07641                   20 40 4020   13.80   13.50 8 -6  1NN동53.84851313-2.6 7.8 5.2545413 0일반주행최적거리 1   0 5                            13.8    13.5        .0                       5 8 6 4  1                                              .01564 0 5 6 0―  .639.60  .07     83.0310.5621.5532.27 91835 3.3314.5123.23 5
20260620토 4130011국543 5 49 1혼전 4451비  불량20 4 5하남레이저      레볼루셔대싱카누 6734.00한암 3 0 0 2 1  137      24750국5홍대유송한우   2 1 5 1 4 5 3 0 1 4  0김성현47551.558평자보60 68 685813.039.013.4154010194312151215 01914162319333333↗↘입13.436.839.714.0874138.239.4 81.8 84.0 25 50 5025   13.50   14.70 6 10 -3VU동53.84851313-3.5 7.3 3.8616113 0뒷심부족최적거리 5기 011 6     7 910⑪1:21.8¾   2.013.838.413.5  1-14  .001110  7 2.07278547124 31010100 3 4.01 2.09 2.9 3.8  9.7   12.1   32.6  102.9  .02337-3 3 2-3▽ -.940.50  .66 7.5082.97 3.14 8.1413.42 0 1 5 2.25 6.9314.6311
20260509토 4130011국640 9 99 2 1강 1151맑음건조 5 4 5하남레이저      레볼루셔대싱카누 6734.00한암 3 0 0 2 1  117      16500국6홍대유송한우   2 2 4 4 3 5 2 0 1 3  0김성현48954.058평입상86 99 998485.069.059.0154010194312151215 01914162319 05050↗↘입13.537.039.514.0764836.040.4 84.1 82.8 33 33 3333   14.00   13.60 6 -4  1UV동53.84841313-4.7 8.7 4.0575713 0적정체중작전마주38기 0 1 1     1 1 1③1:24.11¾   .313.540.914.7  0  7  .00 3 3 -2  .934 1793074 2 2 1 21 2 2.05 2.04 3.7 6.1  3.7   17.5   28.0   19.9  .02575 1 8 7 1▲ 1.540.00 -.62 6.3382.9718.0942.3159.0312253822.8643.7559.57 3
20260328토 1130010국610 9 69 3 3강 3351맑음건조 3 4 5하남레이저      레볼루셔대싱카누 6734.00한암 3 0 0 9 1  125      16500국6홍대유송한우   2 3 3 3 2 5 1 0 0 2  0김성현48253.558하입상32 55 557368.070.063.2154010194312151215 01914162319 099 0↗↘입13.636.940.314.6851237.738.3 83.6 82.3  0  0 50 0   13.60   14.80 4  1 -1NU동54.04851312-5.510.5 5.0434313 0부중유리보통주행47기 0 5 6     8 8 5②1:23.64     .014.039.213.6 -3 -3  .00 2 5 -5  .81956182091 1 7 3 33 1 1.05 8.05 1.3 3.9  1.3    5.7    7.1   10.311.83284 2 8 8 2▲ 1.440.00-1.15 5.1183.4219.9543.3763.1913294612.1722.9731.40 3
20260301일 1130011국642 7 99 4 2강 2259맑음건조 3 4 5하남레이저      레볼루셔대싱카누 6734.00한암 3 0 0 1 1   83      24750국6홍대유송한우   2 4 2 2 1 5 1 0 0 1  0임다빈48554.077하무상43 26 26 5 2.029.0 7.61527 8194312151225 01914142424      →↗추14.037.740.514.0401537.040.2 84.2 83.6  0  0  0 0   14.00   14.30 5 -3 -1HHUP       1312-4.011.0 7.0191912 1일반주행거리속성58기 0 4 4     4 3 2③1:24.23     .513.640.914.8 -7  3  .00 310 -1  .8602276596610 9 5 92 1 2.0111.05 2.4 6.8  3.7    6.8   12.8  113.4  .01520-3 1 1-3▼-1.739.50 -.25 5.3584.06  .95 2.57 7.60 1 4 8  .12  .71 2.1012
20260124토 1120012국611 9 69 5 1강 1145맑음건조 3 4 5하남레이저      레볼루셔대싱카누 2122.00한암 3     2 1   84      24750국6홍대유송한우   2 5 1 1 1 5 1 0 0 0  0문정균48254.574평무보13 25 25 8  .027.0 5.51118 6194312151217 01914131923      ↘↗추14.638.140.113.715 137.539.1 77.5 76.1              14.60   14.00 4  0  0LL동       12 0         6.0     0 0일반주행보통주행 5기 2 7 6     8 7 6⑦1:17.5½   2.214.039.914.3 -4-14  .00 711  0 3.15164596523 91212100 1 1.05 9.03 1.3 4.2  1.3    7.6    9.5   14.4  .015 8-4 1 3-4▼-1.937.50 -.56-2.1477.29  .19 1.29 5.51 1 4 9 7.3214.9726.54 8
20260815토 4130011국5 1 8  9 0 1강 1154           4 6파워매직        파워블레더파워오 6734.00한암 3 0 0   1    015:25 24750국5이강서이선호  -1 0 6 1 3 5 3 1 0 5  0이동하   53.591우입보50 56 568475.060.040.3315313759950 0 0 03860  25241999 0 0↗↘선13.636.740.214.69815                   25 75 75 0   13.60   14.50 6 -3 -2NU동55.04741312 1.0 2.5 3.5616113 0연대우수연대우수 1   0 6                            13.6    14.5        .0                       211 4 2  3                                            12.03779 2 7 8 2▲ 1.140.20 -.33     83.2314.9327.8840.3020425816.6731.0944.44 3
20260704토 31300 9국653 7 59 1 1강 1155흐림건조 5 4 6파워매직        파워블레더파워오 6734.00한암 3 0 0 1 1   98      16500국6이강서이선호  -1 1 5 5 2 5 2 0 0 4  0이동하46355.091기입적98 94 948897.074.099.0315313759950 0 0 03860  25241999 0 0↗↘선13.636.740.214.6981336.239.8 82.2 82.0  0 67 67 0   13.70   14.90 4  6  0VN동55.04851312 1.7 2.7 4.3515113 0뒷심부족연대우수48기 1 9 2     2 2 1①1:22.2¾   -.213.640.114.5 -1-22  .00 1 2 -3  .010 2662092 2 6 1 11 2 2.01 9.06 2.8 3.8  3.1    3.8    7.2   12.2  .04090 3 9 9 3★ 2.140.10-1.96 5.1083.2356.9089.0799.0038597167.0595.0099.00 1
20260606토 3130011국613 7 69 2 3강 3357맑음양호 7 4 6파워매직        파워블레더파워오 6734.00한암 3 0 0 1 1   78      16500국6우창구이선호  -1 2 4 4 1 5 1 0 0 3  0이동하48555.091하입적15 29 294534.055.025.73153132053 9202629382110252419      ↗↘선13.736.940.214.6901536.040.3 83.2 81.9  0 50 50 0   13.70   15.30 4 -1  0HNUP       1312 3.5 1.5 5.0393912 1일반주행거리속성77기 1 3 2     1 1 1③1:23.21¾   .313.741.014.9 -2  7  .00 3 5  3  .5 8 1752273 5 7 7 51 1 7.02 8.05 1.6 4.3 20.4   43.3  139.6  109.310.91571 0 4 5 0―  .239.90 -.07 4.8183.35 7.4916.7025.68102236 4.4914.4423.83 5
20260510일 1120010국623 9 29 3혼전 4451맑음건조 5 4 6파워매직        파워블레더파워오 6628.00한암 3 0 0 2 1   70      16500국6우창구이선호  -1 3 3 3 3 5 3 0 0 2  0송재철47855.077우입하85 75 756560.047.034.01744 82053 9202613 02110192520      ↘→입13.637.039.614.1703336.441.7 78.7 77.3  0100  0 0   13.90   14.30 6  2  1NN동       1212 4.0 1.0 5.0444412 0신마혈통보통주행47기 0 4 4     5 5 5⑤1:18.7½   1.513.742.115.3  3 -2  .00 5 2  1 1.78211969138 7 7 2 32 3 5.01 1.08 1.6 1.9 16.2   12.9   53.8   23.9  .03335-2 5 2-2▽ -.438.90 -.48  .6876.3910.2220.6834.0312264121.0535.0042.28 2
20260329일 1120010국640 9 99 4 2강 2251맑음건조 3 4 6파워매직        파워블레더파워오 6628.00한암 3 0 0 9 1  114      16500국6우창구이선호  -1 4 2 2 2 5 2 0 0 1  0송재철48054.577평무보49 25 2574  .057.037.61744 82053 9202613 02110192520      ↘→입14.137.140.114.073 937.038.9 77.4 75.4              14.10   14.3014 -4  1NL동       12 0         4.0     0 0교체실패신마혈통64기 0 2 3     3 3 3⑤1:17.4¾   1.213.939.614.3  4 -6  .00 5 1 -1 1.32836544446 4 7 8 52 2 5.0210.05 3.1 5.4  9.4   12.9   32.6   18.5  .03756 0 5 4 0―  .638.30 -.93-1.7876.7310.1723.8137.61 71425 8.9617.3936.23 6
20251220토 1120012국610 9 19 5 1강 1149흐림포화16 4 6파워매직        파워블레더파워오 6628.00한암 2     2 2  285      24750국6우창구이선호  -1 5 1 1 1 5 1 0 0 0  0송재철48654.076평무보56 25 2540  .028.011.61929122030 4202613 02110192520      ↗↘입14.737.838.612.9357937.039.3 75.8 76.2              14.70   13.20 4  0  0LL동       12 0         4.0     0 0일반주행우수혈통 5기 0 6 7     7 6 2④1:15.8머리  .014.139.014.3  2  5  .01 4 2  0 1.65439645790 6 2 6 60 1 1.08 5.12 1.1 3.4  1.1   32.1   40.1  107.6  .01512-4 2 1-4▼-1.837.80  .27 -.1976.28 1.26 5.0511.64 4111811.1121.4634.25 4
20260815토 4130011국5 1 8  7 0 1강 1154           4 7럭키데이        레이스데스페셜럭 9129.00한암 4 0 0   1    015:25 24750국5토니  페가수스 0 013 9 412 3 2 012  0조상범   56.057평입상50 62 625129.045.019.2 926 62652131921 0 02519132217 06717↗→입13.937.139.214.07561                   18 36 2727   14.10   14.10 5  0 -1NNDN53.04181412-3.0 6.2 3.2787814-1일반주행부중편성 1   0 7                            14.1    14.1        .0                       6 6 3 8  3                                              .01522-2 5 3-2▽ -.339.20  .61     82.84 4.6711.0419.21 2 711 6.6713.4721.21 6
20260712일 41400 9국510 8 67 1 1강 1151맑음다습12 4 7럭키데이        레이스데스페셜럭 9129.00한암 4 0 0 2 1   67      24750국5토니  페가수스 0 112 8 412 2 2 011  0조상범40456.557평입하64 62 625624.053.031.0 926 62652131921 0 02519132217 06717↗→입13.936.939.413.9575236.940.1 88.2 88.3 20 30 3030   14.50   13.50 4 -4  1NBUP53.04181412-3.2 7.0 3.8777714 1휴양탐색부중편성44기 0 7 8     7 6 4③1:28.22½   .514.139.714.1  0  2  .00 3 3 -2 1.52439706367 5 2 4 43 2 8.05 4.08 1.5 3.9 24.7  163.6  523.5  334.1  .02432 0 5 5 0―  .338.90 -.0912.0488.80 9.0819.9131.04 71425 4.9014.0023.49 6
20260614일 5130011국551 3107 2혼전 4451흐림건조 3 4 7럭키데이        레이스데스페셜럭 9129.00한암 4 0 0 2 1   66      24750국5토니  페가수스 0 211 7 312 1 2 010  0조상범40256.057평입상55 58 585912.043.019.2 926 62652131921 0 02519132217 06717↗→입13.937.239.013.9687338.538.9 83.4 83.7 20 30 3020   14.50   13.3039  3  4VBDN53.04181412-3.4 8.0 4.6727214-1일반주행부중편성47기 01111    101010⑨1:23.41¼  1.514.538.913.5  4-23  .03 9 5  1 1.76486336234 3 3 5 80 1 7.04 2.07 4.414.3 10.3   29.0   56.9   65.0  .01525-1 3 3-1▽ -.640.00  .68 7.5282.78 5.3711.6619.18 2 714 4.29 8.6417.31 9
20250914일 41400 9국552 6107 3혼전 4451맑음다습13 4 7럭키데이        레이스데스페셜럭 9129.00한암 3 0 0 2 4  780      24750국5토니  김창호   6 310 6 312 1 1 0 9  0송재철42552.086평입상90 89 896265.071.055.530501017   9192023 02519192520 080 0→↘입13.937.039.614.0524436.438.6 86.1 87.0 11 33 2222   13.70   13.40 3  6 -1LHUP53.24161412-3.4 8.0 4.6727214 1일반주행승부최상 5기 1 8 7     5 5 2①1:26.11¼  -.213.838.013.2 -3  4  .00 1 4 -4  .0 11419 492 5 6 3 13 3 4.02 8.05 3.7 7.4  5.9    8.1   22.8   30.510.54595 3 8 9 3▲ 1.738.50 -.9110.3589.0025.3042.2855.4933536513.2725.8438.59 4
20250824일 5130011국552 1107 4혼전 4451맑음건조 4 4 7럭키데이        레이스데스페셜럭 9129.00한암 3 0 0 2 2  354      24750국5토니  김창호   6 4 9 5 212 1 1 0 8  0김태훈42152.576평입상72 78 786262.065.033.11740 61746 8192026 02519122521 075 0↘↗입13.937.339.414.1615737.239.0 80.5 82.4 13 13 1325   14.00   13.50 4 -4  1HNDN53.44151412-2.8 7.0 4.2717114-1착차만회부중편성74기 1 2 5     4 4 6③1:20.5½    .013.738.313.4 -5  3  .00 3 8  2  .32029412574 6 6 3 32 3 2.04 3.09 4.0 8.4  4.7   16.4   32.9  121.5  .03776 3 8 8 3▲ 1.339.60 -.02 5.6683.1010.6822.0233.1215324611.5021.4631.27 5
20250727일 4140010국550 7107 5혼전 4441맑음건조 3 4 7럭키데이        레이스데스페셜럭 9129.00한암 3 0 0 9 3  422      24750국5토니  김창호   6 5 8 4 212 2 1 0 7  0송재철41852.082평입상67 74 745965.067.041.71550 72883 7192023 02519192520 067 0↘↗입13.936.840.214.2691937.538.1 89.1 88.0 14  0 1414   14.10   14.30 3  0  0NH동53.84141412-2.4 6.8 4.4717114 0승부최상부중영향43기 0 6 3     5 4 3④1:29.11¼   .314.038.313.5 -2  7  .00 4 6 -4  .61472101773 210 3 42 2 3.07 8.07 3.1 7.4  5.0   36.5   64.5  160.312.73478 2 8 8 2▲ 1.338.90 -.8110.9589.2813.9528.4141.7012264116.4631.2136.92 1
20250706일 2140011국532 8 87 6혼전 4451맑음건조 3 4 7럭키데이        레이스데스페셜럭 9129.00한암 3 0 0 1 3  48411:00 24750국5토니  김창호   6 6 7 3 112 1 1 0 6  0송재철41152.082평자상65 67 675348.064.035.71550 72883 7192023 02519192520 050 0↘↗입13.936.940.214.2572436.639.8 89.7 88.7 17  0 1717   14.50   13.70 4  2  0NHUP54.84151412-1.8 6.6 4.8656513 2연대우수승부최상53기 1 6 8     5 5 5⑤1:29.7머리  .314.140.114.3 -5-10  .00 510  3  .83922644573 411 4 32 1 2.09 2.08     5.1  4.8   79.0  144.8  583.6  .04593 3 7 8 3▲ 1.139.00 -.7211.6289.3412.5223.9335.7012264110.1920.5921.08 5
20250608일 3120011국532 5 87 7혼전 4451맑음건조 3 4 7럭키데이        레이스데스페셜럭 6028.00한암 3 0 0 2 3  56112:45 24750국5토니  김창호   6 7 6 2 512 2 1 0 5  0정정희42152.078평입상51 63 635343.061.038.12471102883 7192036 02519202415 050 0↘↘입13.937.139.614.7651538.337.4 76.3 75.7 20  0 20 0   14.00   14.60 3 -7 -1VHDN54.84151312-2.0 7.0 5.0555513-1연대우수연대우수59기 1 4 9    1010 7⑥1:16.31     .714.538.113.7 -1 -4  .00 6 7 -2 1.03590 73259 611 5 33 2 8.01 7.02     4.3 48.7   57.6  272.9   35.812.73769 2 6 7 2― 1.038.40 -.65 -.9976.4512.4625.1738.14 82233 6.9817.4927.37 5
20250518일 4130011국554 7107 8혼전 4452맑음다습13 4 7럭키데이        레이스데스페셜럭 9129.00한암 3 0 0 2 4  62212:45 24750국5토니  김창호   6 8 5 1 112 1 1 0 4  0정정희42553.075평입상42 58 585163.064.039.91740 417   9192036 02519202415 050 0↗↘입13.937.340.114.7651337.139.7 83.7 83.2 25  0 25 0   14.00   14.80 5  9 -2VHUP54.84151312-1.5 6.5 5.0535312 1착차만회연대우수70기 011 6     2 2 3⑤1:23.7¾    .514.040.314.6 -4  7  .00 5 9  6 1.54924634467 611 3 21 1 2.03 1.06     6.9  4.1    3.5    7.7    8.812.73784 2 8 8 2▲ 1.139.80 -.64 5.7983.5515.6028.7039.9333536514.4627.9337.87 2
20250412토 1120011국640 9 97 9 2강 2259비  건조 5 4 7럭키데이        레이스데스페셜럭 6028.00한암 3 0 0 2 4  74013:25 16500국6토니  김창호   6 9 4 4 412 2 0 0 3  0김태훈41855.069하입보49 64 643968.065.066.71033 617   9192026 02519122521 0 0 0→↗입14.037.539.514.9351236.639.6 78.2 76.2  0  0  0 0   14.10   13.90 2  1  1VB동54.54121212-1.3 7.7 6.3424212 0일반주행작전마주 1기 0 2 4     4 3 1①1:18.2¾    .014.040.714.8 -2  6  .00 1 3 -2  .05315745390 4 5 1 12 2 3.01 2.09     8.4  6.1    8.5   20.2   19.8  .02046 0 6 6 0― 1.138.10-1.65 -.8076.6230.2552.9166.7237566916.6730.0022.94 2
20250330일 1120011국641 8 9710 2강 2254맑음건조 3 4 7럭키데이        레이스데스페셜럭 6028.00한암 3 0 0 9 4  77210:35 16500국6토니  김창호   610 3 3 312 1 0 0 2  0김태훈41254.569하입보31 37 372017.044.025.21033 617   9192026 02519122521      →↗입14.037.739.714.9251037.039.2 77.9 75.9  0  0  0 0   14.60   14.10 7 -7  3HL동       1212-2.0 9.0 7.0282812 0일반주행부중잇점 1기 1 1 4     5 7 7⑤1:17.9½    .414.140.313.9  0 -9  .00 5 5 -4  .84238645568 6 7 6 50 1 4.0110.07     5.8  4.7    6.2   12.1  105.7  .01536 0 4 4 0― -.337.80 -.66-1.5076.84 5.6414.1025.17 71425 4.72 9.3611.52 8
20250208토 2120011국631 8 8711 1강 1149맑음건조 5 4 7럭키데이        레이스데스페셜럭 6028.00한암 3 0 0 1 5  93111:00 16500국6토니  김창호   611 2 2 212 2 0 0 1  0이상규42151.565하입보10  8  819 8.029.0 8.018 0171317 8192015 02519132314      →↘입14.037.440.214.948 437.838.5 78.4 76.4  0  0  0 0   14.20   15.10 8  2  1NN동       1212-2.0 9.0 7.0101012 0일반주행부중유리 1기 0 810     9 7 4⑦1:18.4목   1.114.639.614.1 -2-11  .00 7 9  0 1.95978405847 711 4 90 2 1.06 5.04     5.3  2.8   18.5   27.4   39.3  .01511-4 2 1-4▼-1.538.30 -.29-1.2076.95 1.15 3.56 7.97 0 3 4 1.90 4.95 4.8411
20241214토 1120011국550 7 5712 1강 1155맑음양호 8 4 7럭키데이        레이스데스페셜럭 6028.00한암 2     2 6 108710:35 24750국5토니  김창호   612 1 1 112 1 0 0 0  0이상규43251.060평무보   35 3540  .039.022.9 9 0 8325012192015 02519132314      →→입14.036.738.514.6    37.240.8 79.2 77.7              14.00   14.90        LN동       12 0                 0 0일반주행작전마주 1기 0 6 7     6 6 6⑦1:19.26    2.914.241.415.1 -2  6  .00 7 9  0 3.28744918912 1 1 4 52 1 3.08 2.10     4.8  4.8  137.8  216.7  238.7  .02046 0 3 4 0― -.539.40  .62 2.4975.61 6.1814.3522.92 3112111.3221.5735.01 4
20260815토 4130011국5 1 8  6 0 1강 1154           4 8학산대세        사우스비질풍대세 8437.00한암 5 0 0   1    015:25 24750국5문세영황봉기   2 016251037 1 1 237  0빅투아   52.592평추보50 42 422321.043.019.230531321501433 0 0235099222818 03367→→선14.137.738.913.53469                   14 25  729   14.80   14.10 4  0  0LH동52.54441714 -.2 7.0 6.8333312 0발길대로거리속성 1   0 8                            14.8    14.1        .0                      11 311 9  1                                              .01235-1 3 3-1▽ -.338.90  .43     83.03 4.6611.0319.19 1 4 9 4.4410.3617.17 9
20260719일 4130011국523 5 76 1 1강 1151흐림포화16 4 8학산대세        사우스비질풍대세 8437.00한암 5 0 0 2 1   47      24750국5문세영황봉기   2 11524 937 2 1 236  0이동하45052.591평추하14 15 156924.052.027.231531321501433 0 0345099252419 03367↗↘선14.137.538.813.5437639.540.5 84.3 86.0 15 26  730   14.50   13.80 5 -2  0LH동52.54441714  .0 5.8 5.8484812 0교체실패작전마주 5   0 810    101010⑧1:24.33    3.114.839.814.1 -1 -2  .00 8 9  0 3.69698819710 9 110 50 7 1.04 1.10 2.0 3.7  2.0    8.6   12.4    8.5  .02039 0 5 5 0―  .440.30  .39 9.6782.84 7.4616.9427.20 71828 6.7617.5026.09 5
20260614일 5130011국551 4106 2혼전 4451흐림건조 3 4 8학산대세        사우스비질풍대세 8437.00한암 5 0 0 2 1   86      24750국5홍대유황봉기   2 21423 837 1 1 235  0이동하45252.591평추상40 53 537547.059.040.1315313194312152023341914252419 03367↗↘선14.137.438.813.5527939.039.5 84.6 84.8 15 27  831   14.00   13.90 6 -1  0LHDN52.54441714-1.2 5.2 4.0636312-1착차만회작전마주65관 01010    111111⑪1:24.65    2.714.539.613.8  2 -5  .0011 9  4 2.98695568714 9 1 6 40 6 7.04 2.07 4.414.3 10.3   29.0   56.9   65.0  .02373 1 6 6 1―  .740.10  .10 8.5682.7815.2527.9340.0612264117.1427.1634.62 2
20260502토 4140011국532 9 86 3혼전 4451흐림건조 3 4 8학산대세        사우스비질풍대세 8437.00한암 5 0 0 1 1  117      24750국5홍대유황봉기   2 313221537 1 1 234  0조재로45752.588평추보70 57 575335.058.036.13353131943121520 0 01914192522 04060↗↘입14.137.238.913.5346537.539.3 90.7 89.0 16 24 1236   14.40   13.50 4 10  0VH동52.54411714-2.0 6.4 4.4595912 0일반주행작전마주30관 111 9     9 9 7③1:30.72½   .414.040.013.9 -2 10  .00 3 5  0  .74570445571 7 2 4 53 1 1.07 6.10 2.5 3.8  2.5   32.9   45.3   96.3  .02056 0 5 6 0―  .638.70 -.1012.8788.6612.2024.8536.10 81729 6.4918.9926.95 5
20260404토 4140011국512 9 16 4혼전 4454맑음양호 7 4 8학산대세        사우스비질풍대세 8437.00한암 5 0 0 1 1   81      24750국5홍대유황봉기   2 412211437 1 1 233  0이동하44752.591평추하36 34 345821.055.033.9315313194312152023341914252419 04060↗↘선14.137.339.013.5276137.438.9 90.6 88.7 17 29  825   14.20   14.10 3 -6  0UH동52.54411714-2.2 7.4 5.2585812 0교체실패작전마주70기 0 1 6     4 4 6⑤1:30.61    1.614.439.413.5  0 -7  .00 5 5  1 1.83867324137 8 3 6 22 5 1.04 3.07 1.3 2.2  1.3    7.5    7.7    8.0  .02071 0 5 6 0―  .538.60 -.1712.4388.8011.6723.4433.85204258 7.1415.0422.67 5
20260315일 3140010국550 6106 5혼전 4458흐림양호 6 4 8학산대세        사우스비질풍대세 8437.00한암 5 0 0 2 1   50      24750국5홍대유황봉기   2 511201337 1 1 232  0정정희45452.580평추하51 48 484311.046.024.42246111943121520 0131914202415 04060→→입14.137.239.113.4405737.240.4 91.1 90.3 17 29  825   14.10   13.40 2  2  0LHUP52.54411714-2.2 7.4 5.2585812 1일반주행작전마주10관 0 7 9     5 7 9⑨1:31.12    2.214.240.614.1  5  3  .09 9 4 -3 2.28252777822 6 3 4 70 1 3.02 8.03 2.3 5.2  7.2   17.6   38.8   14.5  .02046 0 3 3 0― -.239.00  .0914.0188.80 6.9915.4924.37 2 716 3.28 9.9317.65 8
20260302월 5130011국542 3 96 6혼전 4451비  양호 9 4 8학산대세        사우스비질풍대세 8437.00한암 5 0 0 1 1   27      24750국5홍대유황봉기   2 61019 737 1 1 231  0이동하45152.591평추하56 48 485018.053.018.6315313194312152023341914252419 04060↗↘선14.137.438.813.4567938.738.8 82.6 83.6 17 30  430   14.20   13.60 4 -2 -1NH동52.54411714-2.2 7.4 5.2585812 0일반주행거리속성33기 0 510    1110 9⑦1:22.62½  1.314.138.513.4  0 -4  .00 7 7  4 1.46491336839 9 2 9 93 4 6.04 1.11 2.1 5.5 20.2   53.4  151.6  293.813.21858 0 5 5 0―  .239.80  .68 7.4282.78 5.0811.6418.61 2 610 4.10 9.8415.9210
20260207토 5130011국542 7 96 7혼전 4451맑음건조 2 4 8학산대세        사우스비질풍대세 8437.00한암 5 0 0 2 1   38      24750국5홍대유황봉기   2 7 918 637 4 1 230  0정우주45553.559평추상67 70 703727.054.023.71255 71943121520 6 01914163013 04060↗→입14.137.438.913.4557338.539.3 83.2 83.2 17 26  435   13.80   13.10 4  6  3LNDN52.54411714-3.2 8.6 5.4545412-1부중유리거리속성38기 0 7 9    1111 9⑦1:23.24    1.914.239.013.6  4  7  .09 7 3  0 2.15386537728 9 4 5 63 4 6.10 1.03 1.6 4.9 18.5  324.7  772.5  720.8  .03134 0 5 5 0―  .439.70  .48 6.9082.84 6.2114.2823.73 51221 5.6813.3321.28 7
20260110토 7140011국522 4 26 8혼전 4451강풍양호 8 4 8학산대세        사우스비질풍대세 8437.00한암 5 0 0 2 1   78      24750국5홍대유황봉기   2 8 8171237 3 1 229  0정우주44851.059평추상71 74 746960.069.054.21255 71943121520 6 01914163013 02575↗→입14.137.139.313.5444836.738.6 87.8 88.0 14 27  932   13.90   13.10 3 -3 -1UU동52.94401714-3.2 8.6 5.4545412 0일반주행탄력호조54기 2 1 4     2 4 3③1:27.8코    .013.838.413.1  0 -1  .00 3 3 -3  .31932201079 7 5 5 12 3 2.05 5.06 2.2 2.3  2.7   15.3   19.7   28.5  .04681 3 7 9 3▲ 1.638.60 -.7611.6288.8624.5342.5154.1533536515.5327.7239.87 4
20251220토 4140011국511 7 66 9 3강 3351흐림포화16 4 8학산대세        사우스비질풍대세 8437.00한암 4 0 0 2 1   6212:45 24750국5홍대유황봉기   2 9 7161137 2 1 128  0정우주44952.059평추상59 48 483923.047.023.01255 71943121520 6 01914163013 03367↗→입14.137.239.313.5414837.039.0 86.9 88.3 10 19 1029   14.30   12.80 3 -1  0HH동53.24361714-2.6 9.0 6.4424212 0숨은복병급신장세63기 4 4 8    1011 9②1:26.91     .013.938.313.1 -4  4  .00 2 6 -5  .2274535308710 5 7 63 2 1.0611.04     4.6  1.4    7.8   10.3  154.1  .02254 1 4 4 1― -.238.60  .0011.8388.93 5.7813.7123.04 41118 5.0512.4422.07 6
20251129토 4140011국532 3 8610혼전 4451흐림다습10 4 8학산대세        사우스비질풍대세 8437.00한암 4 0 0 9 1   85      24750국5홍대유황봉기   210 6151037 1 1 127  0정우주44552.059평추보22 21 2126 5.034.0 9.71255 71943121520 6 01914163013 03367↗→입14.137.139.413.6424137.837.8 88.1 88.4 10 20 1025   14.30   14.30 2  3  1NN동53.24361714-1.2 7.8 6.6363612 0가는대로단기승부78기 2 5 8     9 9 7⑤1:28.11¼  1.014.337.612.8 -6 -8  .00 511  1 1.22883 51748 8 6 8103 1 3.01 4.11 2.7 4.9  4.3    5.5   12.7    6.2  .01220 0 1 1 0▽-1.238.70  .3411.9488.93 1.40 4.49 9.72 1 4 8 1.05 3.19 7.0511
20251115토 7140010국540 7 9611혼전 4451맑음건조 3 4 8학산대세        사우스비질풍대세 8437.00한암 4 0 0 2 1  126      24750국5홍대유황봉기   211 514 937 1 1 126  0권중석45351.067평추보22 26 2621 5.033.0 9.41341 51943121520 0 01914181819 03367↘→선14.137.239.413.6404437.739.5 90.2 89.7 11 21 1126   14.30   14.40 2 -4 -1HUDN53.24361714-1.8 7.6 5.8454512-3일반주행조교부실24관 0 2 8    101010⑨1:30.22½  1.814.339.714.3 -1 -2  .00 910  3 2.27079567230 9 6 9100 1 1.07 3.08 2.7 5.0  2.7   29.6   36.1  123.4  .01512-3 1 1-3▼-1.338.90  .3113.0789.00 1.02 3.63 9.37 1 3 5 1.05 3.33 7.5010
20251101토 5170011국550 610612 1강 1154맑음건조 5 4 8학산대세        사우스비질풍대세 8437.00한암 4 0 0 1 1  17213:35 24750국5홍대유황봉기   212 413 337 7 1 125  0해리카45552.066평추상46 46 463945.056.032.41444111943121520 5 91914172612 03367↗→입14.139.940.913.6385739.142.5113.8114.5 11 22  628   14.40   14.10 6  1  0NU동53.24361714-1.4 7.2 5.8414112 0착차만회거리속성63기 0 6 2 2 4 6 7 7⑦1:53.81½  1.414.342.014.4  0  3  .00 7 7 -2 1.57413846940 9 3 5 40 8 1.0510.07     6.8  2.6    9.3   14.8   58.7  .02544 1 5 6 1―  .841.30 -.0633.67113.6 9.6720.4432.39 91835 9.0914.5827.18 6
20250920토 5170011국551 610613 1강 1152맑음포화16 4 8학산대세        사우스비질풍대세 8437.00한암 4 0 0 2 2  28016:35 24750국5홍대유황봉기   213 312 237 6 1 124  0해리카45252.071평추상32 26 264310.042.018.21557 61838 41520 5 91914172612 03367→↗입14.040.240.813.5226939.441.7110.7113.2 12 24  629   14.20   13.30 3  0  0NUUP53.24361714 -.2 7.2 7.0353512 3일반주행거리속성 5기 1 5 5 5 5 4 4 3④1:50.7머리  .514.441.014.1 -5  6  .00 4 9  1 1.7392471586610 3 7 72 7 7.04 8.10     6.3 26.5   79.0  209.1  289.2  .01525 0 3 3 0― -.540.80  .1632.20113.8 4.7111.0818.15 31016 3.09 8.2914.05 7
20250831일 3140011국512 9 6614혼전 4435맑음다습13 4 8학산대세        사우스비질풍대세 8437.00한암 4 0 0 9 2  33511:25 24750국5홍대유황봉기   214 211 837 5 1 123  0해리카44652.071평추하15 16 162111.038.013.21557 61838 41520 5 91914172612 03367→↗입14.037.539.013.5116937.439.2 88.9 89.2 13 25  631   15.30   12.90 4  0  0NUDN53.24361712 -.6 7.0 6.4444412-3일반주행보통주행44기 0 511    101110⑦1:28.9머리 1.814.239.113.3 -1  7  .00 7 8  3 2.1546745553111 5 9113 6 1.06 3.07     4.7  1.5    7.5    9.3   14.4  .01510-4 3 3-4▽-1.138.50  .2612.6588.93 3.35 7.5813.21 1 2 5 2.86 8.6413.1710
20250803일 71700 8국551 310615 1강 1151흐림건조 3 4 8학산대세        사우스비질풍대세 8437.00한암 4 0 0 1 2  39613:55 24750국5홍대유황봉기   215 110 137 4 1 122  0해리카43952.071평추보53 57 573323.045.028.31557 61838 41520 5 91914172612 03367→↗입14.040.040.813.5346941.139.5116.4115.3 13 27  727   14.60   13.70 4  0  0NUUP53.24361712-1.6 7.0 5.4595912 3일반주행거리속성54기 1 5 7 7 8 8 8 7⑥1:56.41½  2.115.339.112.9  1 -1  .00 6 5  2 2.28793134321 7 3 6 60 5 4.03 7.06     7.2  8.4   19.7   36.2   50.5  .01521 0 3 3 0― -.141.40  .0334.46113.6 6.9015.4528.34 71828 6.3315.8927.62 5
20260815토 4130011국5 1 8  9 0 1강 1154           4 9청강여름        레이스데천하일색 9129.00한암 3 1 1   1    015:25 24750국5성상현김관호   0 0 4 2 1 3 4 2 0 3  1김태희   56.561우입보50 63 639177.060.038.21145 61874 3152938 028161524165050 0↘→입13.536.739.614.19427                   67 67 67 0   13.60   14.4015  3  3NBDN54.54701412-1.3 4.0 2.7787814-1연대우수전개최상 1   0 9                            13.6    14.4        .0                       1 7 2 3  4                                            12.04188 2 8 8 2▲ 1.039.60  .09     82.8413.3326.3738.1512253823.3337.3149.49 2
20260502토 4140011국532 9 89 1혼전 4451흐림건조 3 4 9청강여름        레이스데천하일색 9129.00한암 3 1 1 1 2  277      24750국5성상현김관호   0 1 3 1 1 3 3 1 0 2  1김태희46754.058우도보85 97 977477.062.042.91260 3385017152938 0281615241699 0 0↗↘입13.536.839.812.9623736.240.0 90.0 88.3 50 50 50 0   13.70   13.90 4  0 -1NUUP55.04721412-2.0 5.5 3.5707012 2연대우수연대우수32기 0 6 3     3 3 1①1:30.01½  -.313.640.814.4  0 -5  .00 1 1 -1  .022 9673695 3 8 1 42 3 1.07 6.10 2.5 3.8  2.5   32.9   45.3   96.310.53776 3 8 8 3▲ 1.039.00 -.5911.7089.0015.4930.5042.8510223527.2745.5757.42 1
20260405일 1120011국611 9 69 2 1강 1159맑음양호 6 4 9청강여름        레이스데천하일색 6028.00한암 3 0 0 1 1   73      16500국6성상현김관호   0 2 2 2 2 3 2 0 0 1  0김태희47255.062평무보64 54 544050.056.046.31145 61874 3152938 02816152416      ↘→입14.137.938.512.9 67936.438.7 76.4 74.8  0  0  0 0   14.10   13.20 4 -5  1NN동       1212-3.0 9.0 6.0414112 0최빈거리연대우수66기 0 6 2     2 2 1①1:16.44    -.813.739.413.9 -1  0  .00 1 2 -7  .011 9471798 8 3 1 21 2 2.06 6.07 1.3 4.1  8.8   32.0   53.2   11.9  .03744 0 6 5 0―  .637.30 -.71-1.6076.2815.1431.4246.28204258 8.7020.7723.59 7
20260307토 1120011국612 8 19 3 1강 1149맑음포화17 4 9청강여름        레이스데천하일색 6028.00한암 3     2 1   84      24750국6성상현김관호   0 3 1 1 1 3 1 0 0 0  0김태희47254.062평무보66 25 2536  .033.014.61145 61874 3152938 02816152416      ↘→입14.437.639.212.9474137.838.4 75.7 75.9              14.40   13.20 4  0  0NL동       12 0         6.0     0 0일반주행보통주행44기 011 9     9 8 8⑥1:15.71¾  1.314.138.313.2 -3  1  .00 6 9  0 1.64279325342 5 5 9 70 1 1.05 7.10 1.5 3.2  1.5    9.0   10.1   10.7  .01522-2 3 3-2▽-1.137.90 -.04 -.8976.51 2.98 7.7914.55 2 711 8.6317.6735.58 7
20260815토 4130011국5 1 8  4 0 1강 1154           410레인스타        티즈원더야후비올 4942.00한암 5 0 0   1    015:25 24750국5심승태김선식   5 016261930 3 2 130  0김정준   52.572평입상50 45 453929.046.020.01638101450 8121014181313142026103050↗↗추14.137.539.113.85057                   10 17  710   13.90   13.40 5  7  0LH동52.84791713 -.4 7.4 7.0393913 0부중유리보통주행 1   010                            13.9    13.4        .0                      10 510 7 17                                            13.43131-1 4 4-1▽ -.239.10  .40     83.03 4.9111.8820.03 3 817 6.6713.4721.21 7
20260711토 5130010국541 6 94 1 2강 2231맑음다습14 410레인스타        티즈원더야후비올 4942.00한암 5 0 0 2 1   76      24750국5심승태김선식   5 115251830 2 2 129  0김정준48052.572평입상31 32 323917.049.029.71638101450 8121014181313142026103050↗↗추14.137.439.113.8525737.639.1 82.0 83.0 10 17  710   14.30   13.60 4 -5 -1HH동52.84791713 -.8 8.0 7.2414113 0숨은복병급신장세62기 0 3 5     4 4 4③1:22.07    1.213.938.913.4 -4  1  .00 3 7 -3 1.33950444245 4 5 8 4216 3.01 6.04 3.1 7.5  4.5    8.1   18.0   33.813.41942 0 4 5 0―  .039.70  .19 6.4782.97 7.9519.3129.74102236 6.8212.8724.49 6
20260614일 5130011국551 3104 2혼전 4451흐림건조 3 410레인스타        티즈원더야후비올 4942.00한암 5 0 0 2 1   66      24750국5심승태김선식   5 214241730 1 2 128  0김정준47953.072평입하15 16 1633 7.034.011.11638101450 8121014181313142026103050↗↗추14.137.439.313.8524838.038.8 82.9 83.2 11 18  711   15.10   13.90 5  5 -1NN동52.84791713  .8 7.2 8.0363613 0교체실패보통주행41기 0 8 9     8 8 7⑦1:22.91¼  1.014.338.813.6 -3-11  .00 710  2 1.24769304248 6 61011015 7.04 2.07 4.414.3 10.3   29.0   56.9   65.013.41914-3 1 1-3▼-1.339.70  .59 6.5283.10 1.59 4.8511.09 1 2 5 2.86 6.1712.6911
20260509토 6130011국531 7 84 3혼전 4451맑음건조 5 410레인스타        티즈원더야후비올 4942.00한암 5 0 0 2 1   95      24750국5심승태김선식   5 313231630 1 2 127  0최범현49053.593평입하19 24 244617.046.022.13462141450 8121029 01313193117103050↗→입14.137.439.313.7574838.639.4 84.7 84.0 11 22  411   14.40   13.60 7 -2  0HN동52.84791713  .2 6.6 6.8444414 0일반주행보통주행48관 0 310     9 9 9⑪1:24.71    1.915.139.713.9  3  3  .0011 8  3 2.27289527828 8 5 9 70 3 5.01 8.06 3.0 4.8 13.9   23.1   71.0   86.113.41548 0 4 4 0― -.239.90  .29 7.2983.10 5.5013.2222.14 2 716 7.7913.4122.64 8
20260322일 5130011국520 6 74 4 2강 2259맑음건조 5 410레인스타        티즈원더야후비올 4942.00한암 5 0 0 2 1  131      24750국5심승태김선식   5 412221530 3 2 126  0김정준48753.572평입보22 25 254513.045.023.11638101450 8121014181313142026103050↗↗추14.137.339.213.7615238.339.4 84.1 84.1 12 23  412   14.90   13.50 3 -5  1NN동52.84791713  .0 6.6 6.6484813 0일반주행보통주행34기 0 510    111110⑦1:24.1코   1.414.439.513.6  2  0  .00 7 5 -2 2.07580567440 5 3 6 5314 1.0210.08 2.4 2.6  2.4    2.6    4.8    5.013.41525 0 3 4 0― -.340.00  .38 7.5782.97 5.3413.1723.13 71425 2.70 9.1520.34 6
20260301일 4130011국551 1104 5혼전 4451맑음건조 3 410레인스타        티즈원더야후비올 4942.00한암 5 0 0 1 1   59      24750국5심승태김선식   5 511211430 2 2 125  0김정준48753.072평입상46 49 494315.045.016.61638101450 8121014181313142026103050↗↗추14.137.339.113.8645739.038.3 83.3 83.7 12 20  8 8   14.10   13.10 4  8 -2LN동52.84791713  .0 6.4 6.4545413 0일반주행급신장세58기 01011    11 9 7⑦1:23.3머리 1.514.938.713.5  0 -3  .00 7 7 -3 2.06495176332 9 5 7 9013 1.03 6.02 3.0 5.2  3.0    8.3   15.1   27.513.41535 0 3 3 0― -.439.90  .61 7.2582.90 3.53 8.4116.62 2 610 2.78 7.5513.93 9
20260201일 3130011국533 7 84 6혼전 4451맑음건조 2 410레인스타        티즈원더야후비올 4942.00한암 5 0 0 1 1   50      24750국5심승태김선식   5 610201330 1 2 124  0김정준49054.572평입하16 22 224212.041.012.51638101450 8121014181313142026103050↗↗추14.137.239.213.8705237.539.2 82.7 82.5 13 21  8 8   14.40   14.50 4 -9  1UL동52.84791713  .8 5.0 5.8595913 0일반주행최적거리 5기 0 2 9     8 810④1:22.71¾   .814.138.913.1 -6 -4  .00 410  4 1.32945504559 8 51111312 5.03 4.01 1.9 5.7 14.9   35.0   88.4  230.213.41549-1 3 3-1▽ -.839.80  .71 6.1482.90 2.53 5.9212.52 1 2 5 2.73 6.3313.2011
20260104일 4130011국530 8 84 7 3강 3351맑음다습12 410레인스타        티즈원더야후비올 4942.00한암 5 0 0 1 1   7013:10 24750국5심승태김선식   5 7 9191230 1 2 123  0유승완49453.570평입보56 64 644629.049.021.61962 81450 8121010 01313152722103050→↘입14.137.339.113.8645737.840.4 84.4 84.5 17 22  4 9   14.00   14.00 8  6  1VN동52.84791713 -.6 4.6 4.0727213 0일반주행최적거리42기 01110    101010⑪1:24.4¾   2.014.440.414.5  5  4  .0011 6  1 2.38462828526 5 8 4 60 1 1.03 1.09     4.7  2.2    5.6    8.7   34.313.41543 0 4 4 0― -.140.10  .47 8.0782.90 4.8111.1221.59 31222 5.4512.3820.26 6
20251109일 5130011국511 5 64 8혼전 4451맑음건조 3 410레인스타        티즈원더야후비올 4942.00한암 4 0 0 2 1  16113:35 24750국5심승태김선식   5 8 8181130 2 2 122  0최범현49053.093평입하50 58 585343.059.032.03462141450 8121029 01313193117112256↗→입14.137.339.013.8646537.239.5 82.4 82.9 14 18  514   13.90   14.00 3  0 -1NN동52.74771713-1.6 5.4 3.8767613 0일반주행최적거리42기 0 5 7     5 4 5⑤1:22.41¾   .514.039.314.0  0 -2  .00 5 5  0  .73929574165 7 3 5 52 2 1.07 6.03     4.9  1.6   18.8   25.0   84.513.42045 0 6 6 0―  .639.70  .26 6.6382.8411.3322.4832.00 51325 6.6717.3026.62 5
20251018토 4130011국554 3104 9혼전 4451흐림불량20 410레인스타        티즈원더야후비올 4942.00한암 4 0 0 2 2  217      24750국5심승태김선식   5 9 7171030 1 2 121  0최범현49254.093평입보73 74 745639.059.025.7316919 3 0 0121029 01313193117112256↘↗입14.137.239.113.8665737.639.6 81.9 83.3 14 14  510   14.10   13.00 4 -5  1NL동52.74771713-2.2 6.4 4.2727213 0편성만만최적거리56기 0 510     7 7 4⑥1:21.9¾    .813.939.214.0  1  2  .00 6 5 -1  .95451606053 5 7 6 40 1 3.0410.07 2.6 9.0  6.0   25.2   36.0  148.613.43075 0 6 5 0―  .739.90  .42 7.0382.84 7.3315.7625.73 82233 5.8817.3926.57 4
20250920토 4130011국531 1 8410 3강 3351맑음포화18 410레인스타        티즈원더야후비올 4942.00한암 4 0 0 2 2  281      24750국5심승태김선식   510 616 930 5 2 120  0김정준49053.079평입상71 75 755022.052.025.31960 6 3 0 0121014181313142026132550↘↗추14.137.239.313.9674438.138.1 80.2 82.4 15 10  5 5   13.80   13.00 9  2  1NN동52.74761713-2.8 7.4 4.6656513 0적정체중최적거리 5기 01010    1010 7⑥1:20.2목    .514.137.013.0  0 10  .00 6 6  3  .62173132562 5 6 4 6311 3.07 9.04 1.8 4.6  6.7   46.7  100.6   48.112.12538 0 4 3 0―  .039.70  .32 5.9082.97 6.1815.5925.31 51322 4.2110.2619.54 7
20250720일 51300 9국554 110411혼전 4451맑음포화17 410레인스타        티즈원더야후비올 4942.00한암 4 0 0 2 3  44113:35 24750국5심승태김선식   511 515 830 4 1 119  0김정준48052.075평입상49 61 614839.061.039.5254017183311121014181313142026141457→↘추14.137.339.513.9614137.238.6 80.1 82.3 16  5  5 5   14.30   13.80 4 -1  0NH동52.84751713-2.8 9.0 6.2555513 0일반주행최적거리56기 2 8 6     5 4 4①1:20.1머리  .013.837.613.0 -2 -2  .00 1 3 -1  .01830291574 9 8 7 4210 3.02 8.05     9.0  5.4    9.0   22.0   28.713.43260 2 6 7 2―  .939.60 -.25 5.5083.1613.6527.0039.48122641 6.2519.9030.39 6
20250622일 3130011국533 7 8412혼전 4451맑음포화15 410레인스타        티즈원더야후비올 4942.00한암 4 0 0 2 3  52311:25 24750국5심승태김선식   512 414 730 3 1 018  0김정준48252.075평입상42 51 514837.059.033.5254017183311121014181313142026171750→↘추14.137.339.514.0673737.938.9 82.1 82.9 11  6  6 6   14.00   13.80 4  1  0NH동52.94741713-2.8 9.8 7.0515113 0일반주행탄력호전70기 0 910     8 6 4②1:22.15     .014.338.713.8 -2  0  .00 2 4 -5  .93666394986 7 6 5 43 9 2.0411.09     4.5  4.3   17.1   33.8   10.413.42958 2 6 7 2―  .839.70 -.08 6.0583.16 9.4520.7733.46 71425 8.3321.5129.37 5
20250525일 51300 9국551 4 5413 1강 1151맑음양호 8 410레인스타        티즈원더야후비올 4942.00한암 4 0 0 2 3  60013:35 24750국5심승태김선식   513 313 630 2 1 017  0김정준48252.075하입상20 20 204010.048.025.3254017183311121014181313142026202040→↘추14.137.239.614.0693037.739.1 82.0 82.9  6  6  6 6   14.10   14.40 4 -1  0NHDN53.14721713-1.8 9.4 7.6373713-1일반주행급신장세30관 1 8 9     9 8 5④1:22.0코    .014.038.813.8 -5 -4  .00 4 9 -1  .63754444477 4 6 9 63 8 2.03 9.07     4.6  3.7   12.6   25.3   33.213.41942 0 3 4 0― -.239.80  .14 6.0683.16 6.7515.5725.34 51322 2.31 6.5012.65 6
20250427일 2140011국543 5 9414 3강 3351맑음양호 7 410레인스타        티즈원더야후비올 4942.00한암 4 0 0 9 4  68711:00 24750국5심승태김선식   514 212 430 2 1 016  0김동수48652.067평입보28 26 2634 6.040.011.31433 9 5   6121013 81313102127202040↗→추14.136.940.014.0601737.139.8 90.7 89.5  6  6  6 6   14.20   14.20 2  5  0NHUP53.14721713-2.2 9.2 7.0414114 2일반주행단기승부 1기 0 9 7     7 910⑧1:30.71½  1.414.140.414.4 -2  0  .00 810 -1 2.16448646237 51111110 2 2.06 5.04     5.4  3.5   17.0   23.9  238.6  .01527 0 2 3 0― -.839.10  .0612.5889.21 1.96 4.9011.26 1 2 5  .88 4.44 9.7111
20250412토 5120011국513 5 1415 1강 1151흐림양호 7 410레인스타        티즈원더야후비올 7036.00한암 4 0 0 2 4  73616:45 24750국5심승태김선식   515 111 430 1 1 015  0김동수48652.068평입보25 26 264810.046.022.91433 9 5   6121013 81313102127202040↗→추14.137.239.114.0593037.439.1 77.0 76.5  7  7  7 7   14.10   14.00 6  0  0UHDN53.14721713-1.4 8.6 7.2454514-1일반주행보통주행 1관 0 4 8     8 8 8⑧1:17.0½   1.614.239.514.2 -3  9  .00 811  0 1.76359616433 7 811 40 1 1.02 7.06     2.6  1.5    2.6    3.4    7.5  .01948 0 3 4 0―  .038.50  .01  .2276.23 5.1714.1722.87 3 817 2.40 6.8412.10 8
20260815토 4130011국5 1 8  9 0 1강 1154           411포인트아이      머스킷맨나우아이 7429.00한암 3 0 1   1    015:25 24750국5강성오파인트리99 0 5 1 3 4 5 0 2 4  1장추열   53.093강선보50 64 649783.067.059.02950122455 922 038 025 720272299 0 0↘↗입13.636.938.813.08494                   50 75 5050   13.70   13.00 5  3 -2VU동55.05191312  .8 2.5 3.3777713 0신뢰마주전개최상 1   011                            13.7    13.0        .0                       3 1 1 1  5                                              .04689 3 9 9 3★ 1.738.80 -.12     82.4529.4547.0958.9538597123.3342.4952.53 1
20260711토 21300 9국643 9 49 1 2강 2251맑음포화15 411포인트아이      머스킷맨나우아이 7429.00한암 3 0 0 2 1   79      16500국6강성오파인트리99 1 4 4 2 4 4 0 1 3  0장추열51155.093우도적99 99 998891.070.082.92950122455 922 038 025 720272299 0 0↘↗입13.637.039.813.4725237.037.9 81.2 80.9 33 67 6733   14.20   13.70 5  6  0BU동55.05191312  .7 3.0 3.7757513 0전개최상신뢰마주44트 0 8 4     4 3 2②1:21.2½    .013.737.913.0  1 -2  .00 2 1  0  .1 121 8 292 3 4 1 12 4 4.01 5.08 2.1 2.9  6.2    5.1   14.0   42.5  .03788 3 9 9 3★ 1.539.60-1.46 4.1183.1635.2763.8282.9133536544.0073.2086.90 1
20260606토 3130011국613 7 69 2 3강 3357맑음양호 7 411포인트아이      머스킷맨나우아이 7429.00한암 3 0 1 1 1   98      16500국6강성오파인트리99 2 3 3 1 4 3 0 1 2  1장추열51355.093우선보90 99 999987.070.059.62950122455 922 038 025 720272299 0 0↘↗입13.636.640.313.6991938.038.4 83.2 81.9 50 50100 0   13.70   13.90 4 -1  0UUUP55.05191312 -.5 4.0 3.5767612 1전개최상전개최상52기 0 2 5     8 6 4④1:23.2코    .314.239.113.7  3 -6  .00 4 1 -1  .5 867162573 1 8 1 10 3 7.02 8.05 1.6 4.3 20.4   43.3  139.6  109.312.24193 3 9 9 3★ 1.540.20 -.88 5.0183.2327.6248.9559.6219405635.9652.2267.15 1
20260509토 2120011국614 9 19 3 2강 2251맑음건조 5 411포인트아이      머스킷맨나우아이 8627.00한암 3 0 0 2 1   79      16500국6강성오파인트리99 3 2 2 2 4 2 0 0 1  0장추열51955.093하도보41 77 779278.074.062.42950122455 922 038 025 7202722      ↘↗입13.636.540.114.398 436.138.8 76.1 74.4  0  0100 0   13.50   14.60 4 -4  0HH동       1212-1.0 6.0 5.0676712 0가격혈통전개최상75기 0 3 2     2 2 2②1:16.12½   .013.739.513.9  0 -2  .00 2 2 -4  .4 4 4521590 3 9 2 11 2 1.02 1.03 1.5 2.9  1.5    3.8    4.7    3.9  .04179 1 8 6 1▲ 1.838.50-1.28-2.2576.3927.1547.7862.4037566915.7531.4038.83 3
20260411토 1120011국642 9 99 4 2강 2251흐림포화15 411포인트아이      머스킷맨나우아이 8627.00한암 3     2 1   83      16500국6강성오파인트리99 4 1 1 1 4 1 0 0 0  0장추열52155.093평무보48 25 2546  .049.026.82950122455 922 038 025 7202722      ↘↗입14.537.539.812.957 436.040.7 76.2 76.2              14.50   13.20 4  0  0LL동       12 0         8.0     0 0일반주행가격혈통38관 0 7 1     2 1 2⑤1:16.2½    .513.540.414.6 -1 -8  .00 5 6  0 1.054 3906968 9 611 51 1 3.0410.04 3.0 4.4  4.0    9.6   18.4    7.6  .02034-1 5 5-1▽ -.138.10 -.67-1.1576.78 6.4014.3026.79 7142512.1222.5653.54 5
20260815토 5120010국5 4 7  4 0혼전 4459           5 1분당쓰나미      섀클포드어트리비 6620.00한수 5 0 0   1    016:15 24750국5조현수이상진   2 016212026 3 1 226  0조상범   53.058평무보50 39 3922 7.037.016.4 926 61257 81014 0 011 3132217502525↗→입13.637.239.013.83841                   13 22 2213   14.10   13.60 6 -7  1UN동53.94791312 -.610.0 9.4262610 0최빈거리건성마필34트 0 1                            14.1    13.6        .0                       7 6 910  4                                              .0 9 7-3 1 3-3▼-1.139.00  .26     76.17 4.32 9.5616.41 1 4 8 4.17 8.0615.28 9
20260704토 4120011국542 3 44 1 1강 1151흐림건조 5 5 1분당쓰나미      섀클포드어트리비 6620.00한수 5 0 0 1 1   97      24750국5조현수이상진   2 115201926 2 1 225  0조상범48352.558평무보20 18 1810 4.031.0 9.4 926 61257 81014 0 011 3132217502525↗→입13.637.239.013.8414138.338.9 76.5 77.2 14 23 2314   14.90   13.60 4 -3  0NH동53.94791312  .8 9.0 9.8252510 0최빈거리조교부실35관 0 8 7     9 9 9⑨1:16.51½  1.914.138.613.6 -2 -4  .00 911  2 2.67990537824 7 810110 3 1.02 1.02 2.5 3.9  2.5    3.9    7.0   49.9  .0 9 3-3 1 1-3▼-1.338.70  .46 1.0176.17 1.11 3.87 9.43 1 3 5  .80 2.59 6.2710
20260607일 3120011국532 6 34 2 3강 3351맑음양호 6 5 1분당쓰나미      섀클포드어트리비 6620.00한수 5 0 0 1 1   68      24750국5조현수이상진   2 214191826 1 1 224  0조상범48752.558평무하13 14 1431 5.032.012.6 926 61257 81014 0 011 3132217502525↗→입13.637.039.113.8563339.038.1 77.5 77.1 14 14 1914   14.00   14.20 4  3  0VH동53.94791312  .0 8.2 8.2363610 0최빈거리건성마필60관 01111    111110⑩1:17.55    1.714.938.313.6  1 -2  .0010 9 -1 2.37598247631 6 9 8 90 2 1.03 7.02 2.0 2.6  2.0    5.3    7.1   70.5  .011 8-1 1 1-1▽-1.138.90  .41  .9676.12 2.69 6.8312.59 1 3 5 1.25 3.66 8.3711
20260509토 5120011국553 5 54 3혼전 4451맑음건조 5 5 1분당쓰나미      섀클포드어트리비 6620.00한수 5 0 0 2 1   76      24750국5조현수이상진   2 313181726 2 1 223  0김옥성48952.558기선보19 21 213910.035.011.7 7 0 61257 81014 62211 3141618502525→→추13.636.839.113.9703037.939.8 77.5 77.6 15 25 25 5   13.70   15.50 3 -1  0NHDN53.94791312  .0 7.0 7.0454510-1일반주행기복전력20관 0 8 7     7 9 9⑪1:17.52½  2.614.039.714.2  1  1  .001110 -1 2.98780778615 4 911110 6 5.02 2.04 2.3 4.5  8.7   19.0   48.4   12.7  .01518-1 2 1-1▽ -.939.20  .55 1.6876.00 2.77 6.9411.72 0 1 5 2.86 7.5511.8910
20260419일 5130011국553 4104 4혼전 4431맑음건조 4 5 1분당쓰나미      섀클포드어트리비 6626.00한수 5 0 0 2 1   47      24750국5조현수이상진   2 41217 526 1 1 222  0김옥성48852.558평선보20 27 271110.037.0 9.4 7 0 61257 81014 62211 3141618502525→→추13.637.139.513.8614436.441.7 84.0 84.6 16 21 21 5   13.80   13.90 6  2 -1LHUP53.94791312-1.4 6.8 5.4575710 1숨은복병거리속성62기 0 9 4     4 4 8⑩1:24.02    1.913.741.815.5 -1 -3  .001011  2 2.684 3958125 5 9 9100 5 6.04 4.10 3.2 6.4 11.4   43.3   75.2  128.4  .01916-2 2 2-2▽-1.140.30  .70 7.9883.03 1.72 4.66 9.41 1 4 8 2.75 7.0511.2110
20260307토 4120011국554 5104 5혼전 4451맑음포화17 5 1분당쓰나미      섀클포드어트리비 6620.00한수 5 0 0 2 1  123      24750국5조현수이상진   2 511161626 1 1 221  0조상범49153.558기선적41 38 3839 9.038.012.5 926 61257 81014 0 011 3132217502525↗→입13.537.038.813.8555237.039.7 75.6 76.5 22 28 17 6   14.10   13.90 3  1 -1NN동53.94791312 -.8 6.8 6.0545410 0일반주행기복전력36기 0 7 6     5 5 7⑦1:15.6목   1.513.839.213.9 -2 -2  .00 7 9  3 2.26439756835 8 6 9112 1 4.0111.01 2.9 6.3  5.5    8.1   17.5    8.1  .01520-2 2 3-2▽ -.838.70  .57  .7275.95 2.41 5.6112.53 0 2 4 3.30 6.0310.6110
20260214토 6120011국514 7 64 6혼전 4451맑음건조 3 5 1분당쓰나미      섀클포드어트리비 6620.00한수 5 0 0 2 1   47      24750국5조현수이상진   2 610151526 4 1 220  0김옥성49354.058기선적80 82 825847.057.025.0 7 0 61257 81014 62211 3141618502525→→추13.537.038.813.8545238.138.8 77.1 76.6 24 24 24 6   13.70   13.80 5  0  1NN동53.94791312-2.4 7.4 5.0555510 0착차만회기복전력58기 0 6 8     8 910⑪1:17.12½  2.114.139.113.9  5  0  .0011 6  1 2.46785497224 7 6 3 70 4 1.02 3.05 1.7 4.3  1.7    4.3    6.0   10.9  .02339 0 6 6 0―  .538.70  .23  .8275.95 6.7815.8525.03 4111810.1719.3025.64 5
20260111일 5120011국534 8 84 7 1강 1151맑음양호 6 5 1분당쓰나미      섀클포드어트리비 6620.00한수 5 0 0 2 1   90      24750국5조현수이상진   2 7 9141426 3 1 119  0김옥성49353.058기선보58 56 564024.047.023.4 7 0 61257 81014 62211 314161867 033→→추13.537.138.813.8485736.638.9 76.2 75.2 19 19 19 6   13.30   13.70 3  1  0NH동54.24741312-2.4 8.4 6.0434310 0일반주행기복전력 5기 0 6 6     4 4 3②1:16.21     .013.739.313.8 -3  3  .00 2 5  1  .22219533081 9 5 5 72 310.05 8.06 1.8 4.8 57.2  283.3  716.3  310.3  .01930 0 4 5 0―  .138.20  .23 -.6776.00 5.5314.4923.35 3 817 5.0013.0820.56 7
20251221일 5120011국524 2 74 8 3강 3351맑음다습14 5 1분당쓰나미      섀클포드어트리비 6620.00한수 4 0 0 2 1   5013:35 24750국5조현수이상진   2 8 8131326 2 1 118  0김옥성49053.058기선적65 67 675338.049.020.5 7 0 61257 81014 62211 314161867 033→→추13.537.138.713.7496137.138.4 74.3 75.8 13 20 2713   13.80   13.70 4 -3  2NN동54.24741312-2.8 9.8 7.0393910 0부중유리기복전력52기 1 5 1     1 1 4⑤1:14.31     .813.338.213.7  1 -5  .00 5 4 -6  .83839382954 8 4 6 61 2 6.01 8.06     2.6 25.0    8.0   48.7   15.412.13146 0 5 4 0―  .038.40  .34 -.0175.95 4.0111.6720.53 31222 6.4011.9121.11 7
20251123일 6120010국524 3 74 9혼전 4451맑음건조 3 5 1분당쓰나미      섀클포드어트리비 6620.00한수 4 0 0 2 1   94      24750국5조현수이상진   2 9 7121226 1 1 017  0김옥성49551.558기선하21 17 1728 5.032.010.8 7 0 61257 81014 62211 314161899 0 0→→추13.537.139.013.8444437.237.9 75.0 75.3 14 14 21 7   13.90   14.80 3  0 -1LU동55.54641312-1.0 9.2 8.2272710 0일반주행기복전력70기 0 8 5     5 5 3②1:15.01½   .013.838.313.7 -8  3  .00 210  1  .32249191884 9 710103 1 3.10 5.08 1.7 3.3  9.8  316.6  614.6 1014.4  .01518-3 1 1-3▼-1.338.20  .46 -.7876.12 1.31 4.4810.77 1 4 9 1.54 4.03 8.6110
20251102일 4120011국524 7 7410 1강 1153맑음양호 7 5 1분당쓰나미      섀클포드어트리비 6620.00한수 4 0 0 1 1  162      24750국5조현수이상진   210 6111126 4 1 016  0조한별49252.063기선적26 20 2033 8.039.017.11423111257 81014 21811 312211899 0 0→↘입13.537.238.913.8374837.440.0 78.4 77.2 15 15 23 8   13.30   14.20 7  6  0LU동55.54641312-1.0 9.2 8.2252510 0일반주행기복전력19관 0 8 5     4 5 9⑩1:18.41    2.213.941.014.8  1  2  .0010 9  0 3.47960828322 7 4 9100 4 3.05 3.11 2.0 5.4  8.5   40.2   78.0   43.0  .01521-1 3 3-1▽ -.638.70  .29 1.0776.12 3.88 9.6017.05 0 3 4 2.50 6.0211.0311
20250914일 9120010국552 210411혼전 4451맑음다습12 5 1분당쓰나미      섀클포드어트리비 6620.00한수 4 0 0 2 2  28717:00 24750국5조현수이상진   211 5101026 3 1 015  0조한별49052.060기선적26 19 1942 9.039.016.2 950 412 0101014 21811 312211899 0 0↗→입13.537.338.913.8264836.240.4 75.2 76.9 17 17 17 8   13.70   14.50 3 -9 -1HU동55.54641312 -.2 8.8 8.6222210 0일반주행기복전력58기 0 2 2     2 1 6⑥1:15.21    1.713.339.614.2 -3  3  .00 6 9 -1 1.772 5886628 6 5 8 91 3 6.04 8.10     6.0 14.5   59.0  168.5   58.3  .01527 0 2 2 0― -.738.50  .26  .6776.17 3.02 7.9616.24 1 4 8 4.05 7.7914.34 9
20250824일 6120011국524 3 7412혼전 4451맑음건조 4 5 1분당쓰나미      섀클포드어트리비 6620.00한수 4 0 0 2 2  35314:25 24750국5조현수이상진   212 4 9 926 2 1 014  0조한별48752.560기선상32 24 2434 7.034.0 8.3 950 412 0101014 21811 312211899 0 0↗→입13.437.438.613.1197637.239.3 75.5 76.9 18 18 18 9   14.00   13.90 5  3  1VNDN55.54641312  .2 9.0 9.2191910-1최빈거리기복전력35기 011 5     6 6 7⑦1:15.51½  1.913.739.314.5 -3 15  .00 710 -1 2.1724766622410 511102 2 4.02 7.03     3.7  9.3   14.8   34.4   45.4  .01217-1 1 1-1▽-1.238.40  .60  .8876.06 1.03 3.61 8.33 1 4 8 2.38 5.3811.5411
20250719토 3130011국522 2 7413 3강 3351비  불량20 5 1분당쓰나미      섀클포드어트리비 6626.00한수 4 0 0 2 3  45212:50 24750국5조현수이상진   213 3 8 426 1 1 013  0조한별47252.065기선보11  8  827 7.033.010.51050 61567101014 21811 312211899 0 0→↗입13.437.439.313.1446937.739.4 82.4 83.4 20 20 2010   14.70   13.70 6 -2  0LU동55.54641312  .4 9.0 9.4121210 0일반주행기복전력74기 0 8 8     8 7 8⑩1:22.41    1.414.039.013.9 -1  1  .001011  4 1.65654565735 8 610100 1 1.02 2.11     3.7  2.2    3.7    5.7   21.1  .01513-4 2 1-4▼-1.339.80  .59 6.6983.10 1.22 4.1810.52 0 1 5 2.38 5.7512.2710
20250608일 2130010국511 6 1414 3강 3357맑음건조 3 5 1분당쓰나미      섀클포드어트리비 6626.00한수 4 0 0 2 3  56211:25 24750국5유재길이상진   214 2 7 326 4 1 012  0문정균47152.060기선하 5  4  445 8.034.013.31499 810   4 813 4 011 013192399 0 0↘→추13.437.139.313.1636938.639.1 83.5 83.5 22 22 2211   14.60   13.80 5  1 -1VUUP55.54641312 -.4 9.4 9.0202010 1발길대로기복전력42관 11010     9 910⑧1:23.55    2.114.739.213.7  1-11  .00 8 7 -2 2.45988467524 2 5 8 90 4 1.02 1.07     2.7  1.2    2.7    2.9    5.5  .012 7-4 2 2-4▼-1.340.10  .71 7.0982.90 1.78 5.8613.33 2 612 2.22 5.99 9.90 6
20250504일 3120011국513 4 1415 1강 1151맑음포화15 5 1분당쓰나미      섀클포드어트리비 6620.00한수 4 0 0 1 4  66511:25 24750국5유재길이상진   215 1 6 826 3 1 011  0문정균48252.567기선보13 13 134615.038.015.91650 7 8 0 2 813 4 011 013192399 0 0→↘추13.437.138.613.1497638.439.6 77.4 78.1 25 25 2513   14.00   13.70 4  5 -1BU동55.54641312 -.8 8.0 7.2373710 0일반주행마번불리 1관 0 911    111110⑩1:17.44    2.814.639.513.8  1  5  .0010 9  2 3.09193739011 3 510 80 3 1.10 2.04     2.7  1.5  146.3  177.5  294.2  .01521-1 3 2-1▽ -.839.10  .54 2.4075.89 3.25 7.6915.86 1 613 2.59 7.4414.61 7
20260815토 5120010국5 4 7  9 0혼전 4459           5 2나인스피어      카우보이우주대왕 5728.00한암 4 0 0   1    016:15 24750국5정하백명마조합 0 012 1 811 2 1 111  0권중석   52.568우선보50 59 599558.053.040.81341 5245417211711 0291918181999 0 0↘→선13.636.639.314.19324                   44 33 56 0   13.40   14.00 5 -2 -1UH동54.34251312 -.8 4.4 3.6737312 0전개최상전개최상 1   0 2                            13.4    14.0        .0                       2 9 1 1  4                                              .04181 1 7 6 1△  .339.30 -.29     76.0015.5129.9540.8012264118.7532.2644.44 2
20260712일 21200 8국634 9 39 1 1강 1151맑음다습12 5 2나인스피어      카우보이우주대왕 5728.00한암 4 0 0 2 1   69      16500국6정하백명마조합 0 11111 711 1 0 110  0권중석42853.068평도보66 86 869271.060.046.21341 5245417211711 0291918181999 0 0↘→선13.636.739.314.1852736.039.1 74.5 74.8 38 25 50 0   13.40   13.30 3  0  0HH동55.04231312  .0 4.8 4.8636313 0전개최상전개최상68기 1 4 4     2 1 1①1:14.52½  -.413.439.014.0 -1  5  .00 1 2 -1  .0 9 2601794 2 3 2 31 3 2.03 4.06 2.2 2.7  3.0    6.6   12.1   19.5  .04165 0 6 4 0―  .738.50 -.49-1.1876.0613.4529.3146.1712253815.4837.5051.64 2
20260620토 2120011국642 8 99 2 1강 1151비  불량20 5 2나인스피어      카우보이우주대왕 5728.00한암 4 0 0 2 1   59      16500국6정하백명마조합 0 21010 611 1 0 1 9  0우인철42353.074평선보60 78 789784.072.067.72048102454172117 0 0291910262399 0 0↘↘입13.636.839.214.17530                   38 25 50 0   13.70   14.60 2 -3  1HNDN55.04231312 1.0 4.6 5.6575713-1선행실패전개최상 5기 0 4          99        중지    13.7    14.6    -1  .07   3 -1               1 2 3 10 1 2.10 3.06 2.3 5.0  4.1   92.1  146.5   66.312.04190 2 8 7 2▲ 1.539.20-1.12     76.0633.1256.8867.7338587220.6937.7744.73 2
20260607일 1130010국642 9 49 3혼전 4451맑음양호 6 5 2나인스피어      카우보이우주대왕 5932.00한암 4 0 0 1 1   30      16500국6정하백명마조합 0 3 9 9 311 1 0 1 8  0권중석42452.067평도보74 87 878964.069.064.21341 5245417211711 0291918181999 0 0↘→선13.636.839.814.1902736.740.4 83.7 83.1 43 43 43 0   13.60   14.80 3  3 -3NU동55.04231312 1.0 4.6 5.6575713 0편성만만최적거리73기 1 7 2     2 1 3④1:23.72½   .613.740.814.6  0  2  .00 4 4  0 1.743 9805462 1 5 4 21 2 2.0510.03 2.5 2.9  2.9   20.6   30.4   12.5  .03789 3 7 8 3▲ 1.540.30 -.82 6.4583.0326.4049.4264.1518375314.1029.8150.20 4
20260517일 11300 9국651 8 59 4혼전 4451맑음건조 3 5 2나인스피어      카우보이우주대왕 5932.00한암 4 0 0 2 1   50      16500국6정하백명마조합 0 4 8 8 211 1 0 1 7  0조상범42255.057평입상55 80 804659.060.057.9 926 62454172117 0 0291913221799 0 0↗→입13.636.839.914.3891936.040.9 84.0 82.7 33 33 33 0   13.90   14.20 4 -3  3HNUP55.04241312  .6 4.6 5.2595912 1부중유리거리속성48기 0 4 2     1 1 2④1:24.01     .213.641.614.8  0 -4  .00 4 4 -2  .332 1874674 2 5 2 21 2 3.02 5.06 1.6 3.1  8.2   12.7   32.1  205.9  .03168 1 6 4 1―  .740.20 -.71 6.0083.1021.8040.2057.9318375321.1533.3344.93 4
20260418토 1120010국634 8 39 5 1강 1151맑음건조 5 5 2나인스피어      카우보이우주대왕 5728.00한암 4 0 0 2 1   82      16500국6정하백명마조합 0 5 7 7 611 1 0 1 6  0권중석42652.068하선하14 20 2056 7.035.020.61341 5245417211711 0291918181999 0 0↘→선13.636.839.414.3781237.038.7 76.5 75.5 20  0 60 0   13.70   16.20 2 -3 -2NU동55.04241312 1.4 5.0 6.4454512 0숨은복병부중유리72기 1 7 4     5 3 3③1:16.5½    .013.939.314.2 -3 -1  .00 3 6  3 1.02941463979 5 2 4 52 1 3.08 6.10 1.5 3.1  5.0   92.4  159.8  509.9  .01944-4 2 2-4▽-1.138.60  .12 -.7576.17 3.8310.5420.58 71828 2.13 5.6510.19 6
20260405일 1120011국611 9 69 6 1강 1159맑음양호 6 5 2나인스피어      카우보이우주대왕 5728.00한암 4 0 0 1 1   31      16500국6정하백명마조합 0 6 6 6 511 1 0 1 5  0김성현42754.060평선하31 46 466954.054.038.11540102454172117 020291916231999 0 0↗↘입13.636.839.414.3751336.642.5 80.4 78.8 20  0 60 0   13.60   14.90 7  4 -1NUDN55.04241312 1.8 4.8 6.5454512-1일반주행부중유리 5   010 4     4 5 6⑩1:20.41½  3.213.743.216.2  7  8  .0510 3 -3 4.09616989612 3 6 2 30 1 2.06 6.07 1.3 4.1  8.8   32.0   53.2   11.9  .01559 0 6 6 0―  .439.60 -.37 2.6276.1710.8524.0938.09122538 9.7821.8624.32 6
20260215일 2130011국652 9109 7 2강 2251맑음건조 3 5 2나인스피어      카우보이우주대왕 5932.00한암 4 0 0 2 1  124      16500국6정하백명마조합 0 7 5 5 111 1 0 1 4  0조한별41955.061하입보59 56 563346.057.033.0142311245417211728 0291912211899 0 0→↘입13.637.039.914.3771336.940.7 84.4 84.1 25  0 50 0   13.70   13.30 9 -5  0NUUP55.04241312 1.8 4.8 6.5454512 1일반주행거리속성76기 1 6 1     1 2 3⑥1:24.4½   1.213.641.314.9  0-10  .00 6 6  2 1.37417857043 4 5 3 41 1 2.0111.08 2.2 7.5  4.6    7.5   15.2   13.513.21851 0 5 5 0―  .640.30 -.14 7.1883.23 9.7221.4032.95 8223310.5818.8130.61 3
20251213토 3120010국652 9109 8 1강 1152비  포화16 5 2나인스피어      카우보이우주대왕 5728.00한암 3 0 0 2 1  190      16500국6손영표명마조합 0 8 4 4 411 3 0 1 3  0해리카42955.068평입하34 39 394511.036.012.3144411 0   010 0 8 012 717261299 0 0↗→입13.736.939.614.1721937.338.8 75.5 75.7 33 33 67 0   13.80   14.40 4  0  0LU동55.04241212 1.3 5.0 6.3444412 0일반주행부중유리 5기 011 6     6 8 8⑦1:15.5½   1.113.738.513.3  3  2  .00 7 4  1 1.23758485250 4 4 5 60 3 2.01 8.04 2.3 5.2  3.7    5.5    9.6   28.1  .01521-3 2 1-3▼-1.038.60  .21 -.8176.34 1.73 6.0712.33 31121 2.00 7.2214.84 6
20251115토 2120011국633 6 89 9혼전 4452맑음건조 3 5 2나인스피어      카우보이우주대왕 5728.00한암 3 0 1 2 1  131      16500국6손영표명마조합 0 9 3 3 311 2 0 1 2  1해리카42755.068하도보48 85 858145.057.036.9144411 0   010 0 8 012 717261299 0 0↗→입13.536.639.813.587 937.539.2 77.4 76.8 50  0 50 0   13.40   13.80 8  1  0VU동55.04241212 -.5 6.0 5.5515112 0착차만회부중유리68기 011 4     6 6 8⑧1:17.4목   1.613.840.014.4  5  3  .00 8 3 -1 1.77063636832 3 8 2 32 2 1.02 1.07 3.1 5.0  3.1    5.0    9.2   40.9  .02361-1 5 4-1▽  .539.20 -.45  .3776.2811.6125.3936.89153246 9.5216.8719.80 8
20250920토 2120011국650 6 5910 1강 1152맑음포화18 5 2나인스피어      카우보이우주대왕 5728.00한암 3     2 2  283      16500국6손영표명마조합 010 2 2 211 1 0 0 0  0해리카42455.072하도보65 69 694258.042.020.11557 6 899 310 0 8 012 7172612      →↗입13.536.940.914.772 436.539.4 74.9 75.9  0  0  0 0   13.80   12.9018  8  0BH동       1212 1.0 8.0 9.0161612 0최빈거리보통주행 5기 010 1     2 2 1②1:14.9½    .013.438.713.8 -2  9  .00 2 4 -4  .14311684182 411 3 51 1 2.04 8.10 2.6 3.7  3.0    9.7   14.2   21.4  .01317-4 4 2-4▽ -.738.60 -.74-1.8677.06 3.50 9.6220.11 71828 8.2619.1421.05 6
20250517토 1120011국653 810911 2강 2251맑음포화17 5 2나인스피어      카우보이우주대왕 5728.00한암 3     2 4  63510:35 16500국6김동균명마조합 011 1 1 111 1 0 0 0  0조상범41555.058평무보   35 3540  .027.0 7.51371 8174510201014 019 8132217      →↘입13.636.738.514.3    36.940.7 78.4 77.4              13.60   14.60        NN동       12 0                 0 0일반주행보통주행48기 1 2 2     3 4 8⑨1:18.41¾  2.413.541.815.0  1  8  .00 9 8  0 2.58230918618 1 110 70 1 2.03 8.09     6.2  3.3    6.3    9.6   21.9  .01523-2 2 2-2▽-1.739.30 1.05 2.1675.61  .85 2.37 7.54 2 61010.8119.6461.71 3
20260815토 5120010국5 4 7  5 0혼전 4459           5 3정성바이스      올드패션바이스댄 7122.00한거 6 0 0   1    016:15 24750국5전승규전성열   5 016 71629 1 1 329  0김태훈   57.072평입보50 42 4210 8.039.018.61856 81948 622 029 0181912252175 025↗→입13.837.438.814.03027                   25 29 2513   14.30   13.30 3  0  1HB동53.44491812-2.0 9.2 7.2323214 0발길대로보통주행 1   0 3                            14.3    13.3        .0                       9 5 8 9  3                                              .01316-2 2 3-2▽ -.938.80  .18     76.17 5.3212.2118.60 2 610 4.17 8.0613.8910
20260725토 6120011국514 5 65 1혼전 4431맑음다습10 5 3정성바이스      올드패션바이스댄 7122.00한거 6 0 0 9 1   35      24750국5전승규전성열   5 115 61529 1 1 328  0김태현44856.053평입상30 27 2711 6.032.0 6.6 650 31948 622 0 0 0181921111675 025→↘선13.837.238.814.0412438.338.8 75.9 77.2 26 30 2613   14.20   13.70 3 -1 -1HN동53.44491812-2.0 9.0 7.0303014 0일반주행보통주행59관 0 3 9    101010⑧1:15.9목   1.814.338.313.3  0-13  .00 8 8 -2 3.47890497628 9 6 9110 1 1.03 4.05 1.5 4.2  1.5    5.1    7.1   24.3  .015 4-4 1 1-4▼-1.538.70  .63 1.1676.06 1.15 3.08 6.58 1 2 5  .97 4.7810.6510
20260704토 4120011국542 4 45 2 1강 1141흐림건조 5 5 3정성바이스      올드패션바이스댄 7122.00한거 6 0 0 1 1   57      24750국5전승규전성열   5 214 51429 3 1 327  0정우주46157.061평입상22 21 213611.044.020.81255 71948 622 0 0 0181916301375 025↗→입13.837.138.914.0541937.838.6 75.9 76.4 27 27 23 5   14.10   13.50 6  0  0HL동53.44491812 -.6 8.2 7.6292912 0일반주행탄력호조 5   0 4 9     8 7 7⑥1:15.94    1.314.238.413.7 -4 -4  .00 610  3 2.06176436039 6 6 8 70 5 1.02 1.02 2.5 3.9  2.5    3.9    7.0   49.9  .03029 0 3 4 0― -.238.60  .23  .4276.06 5.1612.6120.80 3 817 1.60 6.0312.54 7
20260524일 5120011국543 6 45 3 2강 2251맑음다습11 5 3정성바이스      올드패션바이스댄 7122.00한거 6 0 0 2 1  106      24750국5서인석전성열   5 313 41329 2 1 326  0정우주46557.061평입보16 15 1527 4.032.0 9.41255 71846 91812 5 0191216301375 025↗→입13.836.938.914.0671937.839.0 75.6 76.9 29 29 2410   14.20   14.10 9 -4  6HB동53.44491812 -.4 8.0 7.6292912 0발길대로보통주행39기 0 4 6     6 6 6⑤1:15.63    1.714.138.113.5 -2 -3  .00 5 7 -4 2.17276566932 3 6 7 92 4 1.02 3.10 1.9 3.4  1.9    3.4    5.4    6.9  .013 5-3 1 1-3▼-1.438.90  .69 1.1175.95 1.34 3.82 9.39 1 4 8  .79 2.60 5.95 7
20260321토 7120011국414 6 65 4 1강 1151맑음건조 5 5 3정성바이스      올드패션바이스댄 7122.00한거 6 0 0 2 1  180      33000국4서인석전성열   5 412 31229 1 1 325  0정우주46851.061평입상21 24 2426 9.039.017.31255 71846 91812 5 0191216301375 025↗→입13.836.838.814.0742237.739.6 77.2 77.3 30 30 3510   14.70   14.10 8 -1 -2LUDN53.44491812 -.4 7.2 6.8333312-6숨은복병급신장세65조 0 8 8     8 9 9⑩1:17.21¼  2.214.239.514.1 -1 11  .001011  1 2.58273748122 5 710 80 3 1.03 1.02 1.5 4.3  1.5    4.3    6.0   14.9  .01934 0 2 4 0― -.539.20  .57 1.7375.84 4.4210.5017.34 2 612 2.24 4.48 8.78 9
20260125일 8180011국422 8 75 5 1강 1151맑음건조 3 5 3정성바이스      올드패션바이스댄 6237.00한거 6 0 0 2 1  139      33000국4서인석전성열   5 511 2 129 1 1 324  0오수철45752.560평입보 5  2  2 4 4.027.0 9.5 720 61846 91812 7 0191211221575 025↘↗입13.839.840.714.0641339.342.4120.7120.3 32 37 3221   14.00   14.00 6  5  1BNUP53.44491812 -.8 6.6 5.8424212 2일반주행거리속성 5관 0 9 4 4 4 4 4 7⑦2:00.7목   1.214.741.614.1 -3 -7  .00 710  3 1.27819877446 2 8 8102 1 4.01 8.02 2.0 2.6  8.7    7.5   17.7    5.4  .015 8-3 1 1-3▼-1.541.30  .3639.77118.7 1.60 4.60 9.47 1 3 5  .99 3.17 7.66 9
20251213토 81600 8국413 5 65 6 3강 3351비  불량20 5 3정성바이스      올드패션바이스댄 6830.00한거 5 0 0 2 1  122      33000국4서인석전성열   5 610 1 329 1 1 323  0정우주46452.059평선하24 22 221411.034.018.01255 71846 91812 5 0191216301375 025↗→입13.736.339.913.9671236.041.0101.8103.9 33 39 2222   13.70   15.40 6 -3 -1HU동53.44491712-1.8 6.4 4.6575712 0일반주행보통주행43기 0 4 5   5 5 6 8⑦1:41.86    2.514.040.414.0  0  9  .00 7 7  1 2.77826817817 4 4 7 72 2 1.02 2.03     3.5  1.5    3.5    5.1    5.5  .01514 0 3 3 0― -.939.90  .3227.72103.2 4.4010.7817.98 31016 2.70 9.0317.80 7
20251101토 8160010국513 8 65 7 1강 1153맑음건조 5 5 3정성바이스      올드패션바이스댄 6830.00한거 5 0 0 1 1  169      33000혼4서인석전성열   5 7 9 5 229 1 1 322  0정정희45552.580평선상49 43 431421.045.021.12246111846 9181215 0191220241575 025→→입13.736.240.013.8741235.941.7105.6104.1 35 35 24 6   14.20   14.40 9 -2  0NHDN53.44491712-2.4 6.6 4.2585812-1일반주행작전마주48기 0 7 5   5 6 6 9⑨1:45.61¼  1.613.742.615.4  3  9  .00 9 6  0 1.78118908735 7 1 4 62 5 1.07 2.03 2.2 6.3  2.2   15.0   20.4   25.1  .02044-1 4 4-1▽ -.240.00  .2527.90103.2 4.8012.0821.05 31121 4.1710.0517.47 6
20250831일 7170011국433 5 85 8혼전 4451비  다습13 5 3정성바이스      올드패션바이스댄 6830.00한거 5 0 0 9 2  331      33000국4서인석전성열   5 8 8 4 129 1 1 321  0정우주44652.567평선상67 48 483113.046.019.81050 51426 41812 5 0191216301375 025↘↗입13.739.540.813.7625238.942.5111.3113.8 38 38 19 6   13.80   13.50 5  5 -1BHUP53.44491712-1.8 6.0 4.2585812 4숨은복병작전마주62기 0 9 3 3 4 3 4 5⑤1:51.31¾  1.514.241.514.4 -1 -4  .00 5 6 -1 2.05810846637 8 1 6 72 1 1.07 2.07 2.3 5.5  2.3   15.7   25.5   44.7  .02034 0 3 5 0― -.341.60  .4733.50113.3 4.9811.7519.83 51322 2.11 7.2915.95 9
20250727일 8130011국452 2105 9혼전 4451맑음건조 3 5 3정성바이스      올드패션바이스댄 6830.00한거 5 0 0 9 3  41814:30 33000국4서인석전성열   5 9 7 3 529 1 1 320  0정정희45053.076우선하29 36 3639 8.034.0 9.2247110173910181215 0191220241575 025↘↘입13.737.039.113.7745237.539.0 81.9 83.0 40 40 20 7   13.50   14.30 4 -4 -1HHDN53.44491612-2.4 6.0 3.6595912-1일반주행거리속성27트 0 4 3     4 3 5⑥1:21.93    1.313.838.613.5 -1 -3  .00 6 7  4 1.34245403438 6 6 6 92 4 2.10 6.10    12.3  4.8   80.5  125.2  115.6  .01533-2 2 4-2▽-1.340.10 1.01 6.9082.71 1.04 3.60 9.17 2 610 2.30 5.6510.87 9
20250629일 6140011국443 2 9510혼전 4451맑음양호 8 5 3정성바이스      올드패션바이스댄 6830.00한거 5 0 0 9 3  50014:25 33000국4서인석전성열   510 6 2 429 2 1 319  0빅투아45353.589평선상77 67 675648.058.035.129561617391018122525191222281875 025↘→선13.736.939.213.7513736.540.6 88.6 89.8 40 40 20 7   13.60   13.60 4  3  2LNDN53.44491612-1.2 6.0 4.8484812-2교체성공탄력호전48트 0 8 4     2 2 7⑦1:28.62    1.313.540.214.3  4 -6  .06 7 3 -4 2.7731782693910 2 7 31 7 2.07 1.05     6.6  3.9   24.8   38.1   23.6  .03058 0 6 7 0―  .539.20 -.0713.7288.6611.7824.2835.1012264111.2220.7928.04 5
20250531토 61600 8국441 3 9511 2강 2251맑음건조 4 5 3정성바이스      올드패션바이스댄 6830.00한거 5 0 0 9 3  58815:15 33000국4서인석전성열   511 5 1 129 1 1 218  0빅투아45952.089평선상71 56 561475.060.039.229561617391018122525191222281867 033↘→선13.736.639.913.7522236.638.5102.1101.5 36 36 21 7   13.80   12.60 4 -2 -1NUUP53.84451612-1.2 6.4 5.2373712 3교체성공탄력호조58트 1 5 2   2 2 2 2②1:42.11¼   .013.638.813.6 -5  5  .00 2 7  1  .2 958201981 5 7 5 31 6 1.07 2.05     4.4  2.0   14.1   22.1   20.0  .03084 1 6 8 1▲  .739.90 -.3224.95103.310.5424.0039.2013294612.6126.2040.99 3
20250503토 3130011국532 6 8512 1강 1161흐림포화18 5 3정성바이스      올드패션바이스댄 6830.00한거 5 0 0 1 4  67512:45 24750국5서인석전성열   512 4 9 429 1 0 217  0김성현45452.568평선보25 25 253317.045.018.91440 42144111812 0 0191216231999 0 0→→입13.737.039.513.9713737.638.4 80.6 82.2 31 31 23 8   13.90   14.20 4  4 -4LUDN54.54411412 -.6 6.0 5.4414112-1일반주행거리속성 1기 0 7 6     6 7 4①1:20.6½   -.113.837.512.6 -5  1  .00 1 6 -1  .01651212091 3 8 8 63 1 6.07 7.03     5.0 20.2  120.0  323.3   89.5  .01538 0 3 4 0― -.439.90  .48 5.7382.97 4.14 9.7618.93 51322 5.7710.7820.13 6
20250406일 4140011국514 5 6513혼전 4451맑음포화19 5 3정성바이스      올드패션바이스댄 6830.00한거 5 0 0 1 4  74812:45 24750국5서인석전성열   513 3 8 329 1 0 216  0김태훈45356.069평선보47 39 394014.039.013.01033 6214411181213 0191212252199 0 0→↗입13.636.839.813.8583336.640.6 88.5 89.6 33 33 25 8   13.80   13.80 4  0  1HN동54.54411412-1.6 6.4 4.8505012 0일반주행보통주행 1기 0 3 6     6 6 7⑦1:28.51½  1.513.940.614.2  0  3  .00 7 7  4 1.96721827135 5 8 8 92 2 5.0310.02     4.5 15.4   35.3  122.7   24.9  .01522-2 3 3-2▽ -.939.30  .2012.9889.00 2.90 7.6913.01 2 610 2.97 6.7314.81 8
20250309일 4140011국523 6 7514혼전 4453맑음다습10 5 3정성바이스      올드패션바이스댄 6830.00한거 5 0 0 2 5  83212:45 24750국5서인석전성열   514 2 7 229 1 0 215  0정정희45055.076평선상58 50 505350.049.028.91345 61946 7181215 0191220241599 0 0→↗입13.636.739.813.8643337.039.5 88.7 89.0 36 36 27 9   14.00   13.90 4  0  2HN동54.54411412 -.6 5.4 4.8595914 0부중유리최적거리 1트 0 3 2     2 2 4⑤1:28.71    1.413.839.113.8  2  0  .00 5 3 -4 1.84740564939 3 7 3 41 3 2.01 1.04     2.5  2.8    2.5    5.1    8.5  .03148 0 6 4 0―  .039.20 -.1612.4688.93 7.9219.1828.86 8223313.3328.7943.05 3
20250208토 5140011국512 4 6515혼전 4451맑음건조 5 5 3정성바이스      올드패션바이스댄 6830.00한거 5 0 0 1 5  92813:35 24750국5서인석전성열   515 1 6 129 1 0 214  0이상규45053.564우선하44 44 447433.044.022.118 0171946 71812 0 0191213231499 0 0→↘입13.636.639.913.8722436.939.1 89.7 88.6 40 40 3010   13.80   14.10 6  0 -3HHUP54.54411412-1.0 4.8 3.8696912 1일반주행보통주행 1기 0 3 2     3 2 3③1:29.77    1.214.039.513.9 -4 -3  .00 3 7  0 1.63334392743 111 8 62 1 1.03 7.11     4.7  1.6    4.7    6.1   28.8  .02261 1 5 5 1― -.139.20  .0312.0688.93 5.9312.5522.08 2 612 8.1414.8919.94 7
20260815토 5120010국5 4 7  5 0혼전 4459           5 4스톰체이서      트리플나금희     6422.00한암 3 0 0   1    016:15 24750국5김동균최임규   1 012 5 711 1 1 011  0박재이   53.576평입보50 50 504316.045.027.31050 01755 62017 0 019 8 9272299 0 0↘↗입13.837.138.713.95044                    9  9 18 9   13.90   12.80 8  1  1HN동54.04411312 -.8 7.2 6.4515113 0일반주행급신장세43관 0 4                            13.9    12.8        .0                       6 3 4 7  1                                              .01554 0 3 3 0― -.438.70  .17     75.95 7.7015.6027.26 41118 6.2514.5223.61 7
20260621일 3120011국523 4 25 1혼전 4456맑음포화19 5 4스톰체이서      트리플나금희     6422.00한암 3 0 0 2 1  128      24750국5김동균최임규   1 111 4 611 2 1 010  0김아현44152.559평입상24 31 3136 9.038.016.5 867 01755 6201710 019 815201399 0 0→→입13.837.039.314.1602438.038.0 73.9 76.1 10 10 2010   14.40   13.90 3 -7  0HUDN54.04411312-1.0 8.0 7.0474713-1일반주행조교부실20관 0 3 9     9 8 7⑤1:13.91¾   .813.936.912.8 -1  7  .00 5 6 -2 2.04883214654 411 7 73 2 1.02 7.08 1.6 2.3  1.6    2.3    3.5    6.8  .01521 0 2 2 0― -.738.60  .21 -.2076.23 3.00 7.8216.49 2 716 3.85 7.4112.79 7
20260531일 5130011국542 5 45 2혼전 4457맑음양호 6 5 4스톰체이서      트리플나금희     6230.00한암 3 0 0 9 1   46      24750국5김동균최임규   1 210 3 411 1 1 0 9  0김아현43452.558평입보15 21 2143 5.033.017.3 867 01755 6201710 019 815201399 0 0→→입13.836.739.914.2911538.539.5 83.3 83.8 11 11 2211   14.30   14.00 2  4 -2BUUP54.04411312-1.0 8.2 7.2505013 1일반주행조교부실33관 01010     9 8 8⑦1:23.31    1.414.439.413.9 -1-11  .00 7 8 -1 1.46886567839 110 6 80 1 3.01 8.03 2.7 3.6  6.2    7.5   16.4    4.0  .01538-2 2 1-2▽-1.340.60  .48 7.2383.03 3.02 8.4717.29 2 714 2.86 6.3212.14 9
20260517일 4120011국524 7 75 3 1강 1151맑음건조 3 5 4스톰체이서      트리플나금희     6422.00한암 3 0 0 2 1   27      24750국5김동균최임규   1 3 9 2 511 3 1 0 8  0유승완44554.573기입하24 28 2837 5.040.015.01962 81755 62017202419 815272299 0 0→↘입13.836.739.314.2831737.440.3 77.2 77.5 13 13 1313   13.20   15.00 5 -4  1NVDN54.04411312-1.4 8.4 7.0515113-1선행무리기복전력59관 1 6 7     8 8 8⑧1:17.22½  1.514.340.014.0 -1  1  .00 8 9 -1 2.08662878837 7 8 9110 3 7.05 9.10 2.6 5.5 18.8   67.5  172.5  104.0  .01321-1 3 3-1▽ -.639.30  .40 1.5476.06 3.12 8.1215.00 0 3 4  .74 2.33 5.7511
20260411토 4130011국551 2105 4혼전 4451흐림다습14 5 4스톰체이서      트리플나금희     6230.00한암 3 0 0 2 1  100      24750국5김동균최임규   1 4 8 1 311 2 1 0 7  0유승완44454.070기입적70 76 765028.046.015.01962 81755 62017202419 815272299 0 0→↘입13.837.039.714.2782436.141.7 82.4 84.5 14 14 1414   13.70   13.40 6  3  0BN동54.04411312-2.2 8.4 6.2535313 0교체성공기복전력44기 010 2     1 1 5⑪1:22.41¾  1.913.241.215.0  1  3  .001110  7 2.082 1947624 611 4 91 2 6.01 5.11 3.3 9.9  9.3   16.8   37.8   36.1  .03042-2 5 3-2▽ -.440.40  .48 7.7583.10 2.91 7.1514.96 2 610 2.8612.3319.83 8
20260302월 2130010국650 9105 5 1강 1159비  건조 4 5 4스톰체이서      트리플나금희     6230.00한암 3 0 0 1 1  114      13750국6김동균최임규   1 5 7 7 211 1 0 0 6  0유승완44154.070하입상25 31 316246.066.099.01962 81755 62017202419 8152722      →↘입14.037.140.114.2711237.037.6 82.1 80.6  0  0  0 0   14.30   14.30 5 -3 -1NNUP       1312-2.410.2 7.8363612 1숨은복병작전마주68기 0 7 1     1 1 1①1:22.14    -.713.738.413.4 -2-11  .00 1 3 -7  .0 119 6 198 1 5 1 11 1 3.04 7.03 2.6 7.1  6.0   18.3   33.3   14.6  .02072 0 7 8 0▲ 1.239.40-2.00 3.4383.4257.3093.7999.0038597150.0074.5189.11 1
20260125일 1120011국613 9 65 6 2강 2251맑음건조 3 5 4스톰체이서      트리플나금희     6422.00한암 3 0 0 2 1   73      16500국6김동균최임규   1 6 6 6 411 3 0 0 5  0문정균45254.574하입보21 34 343010.048.026.81118 61755 62017101019 8131923      ↘↗추13.937.339.614.2441537.339.2 77.4 76.1  0  0 20 0   13.60   14.50 4  8  1BNDN       1312-2.0 9.8 7.8303012-1일반주행조교부실 5관 010 7     6 5 7⑧1:17.4½   1.314.340.014.3 -2  3  .00 810  1 1.85155626442 4 4 5 52 3 6.01 2.09 1.4 3.7 37.3   15.5   82.3  189.3  .01823 0 3 4 0―  .038.30 -.44 -.8576.56 5.4715.3826.77 71425 2.59 7.2110.80 8
20251228일 2130011국651 7105 7혼전 4441흐림다습12 5 4스톰체이서      트리플나금희     6230.00한암 2 0 0 9 1   7311:00 16500국6김동균최임규   1 7 5 5 111 2 0 0 4  0문정균44954.076하입상43 32 32 6 8.039.010.71118 61755 62017101019 8131923      ↘↗추14.137.939.913.8223736.940.7 83.9 84.1  0  0  0 0   13.90   13.80 4 -4  0HNUP       1312-2.310.0 7.8252512 1일반주행거리속성36관 0 2 2     4 6 8⑧1:23.91½  1.013.640.914.5 -1-11  .00 8 9 -1 1.77817867250 8 9 8 92 2 8.01 5.10     8.4 16.2   18.3   54.2   31.8  .01518-1 2 2-1▽ -.939.40 -.09 6.2583.80 1.82 5.5510.65 2 610 2.15 5.10 8.72 9
20251129토 2120011국653 4 55 8혼전 4451맑음다습10 5 4스톰체이서      트리플나금희     6422.00한암 2 0 0 9 1   8711:00 16500국6김동균최임규   1 8 4 4 311 1 0 0 3  0문정균46054.074하무상22 19 1910 6.033.010.41118 61755 62017101019 8131923      ↘↗추14.038.039.913.7 52237.538.7 75.6 76.2  0  0  0 0   14.30   14.00 5  0  0NN동       1212-2.010.0 8.0191912 0최빈거리부진마필54관 0 6 6     6 6 6⑦1:15.61¼  1.313.938.913.8 -3 11  .00 710  0 1.4516245523910 9 7 72 1 5.01 4.03     4.4  8.2   13.7   32.7   35.8  .01111-1 1 2-1▽-1.337.60 -.51-1.7477.12 1.15 4.0810.41 2 714 1.08 5.32 9.71 9
20251026일 1120011국640 5 45 9 3강 3351흐림건조 5 5 4스톰체이서      트리플나금희     6422.00한암 2 0 0 9 1  187      24750국6김동균최임규   1 9 3 3 211 3 0 0 2  0김동수44954.069하무보 7  7  7 1 4.028.0 3.914 0 01755 6201719 019 8102127      ↗↘추14.037.939.913.8 9 638.338.3 77.4 76.6  0  0  0 0   14.00   14.60 9 -1  1NN동       1210-1.510.0 8.5111112 0능력한계부진마필 5   0 6 8    10 8 8⑦1:17.41¼  1.514.339.314.0 -3 -5  .00 710 -2 1.765913166341010 8120 3 5.03 5.01 1.8 2.9 34.1   54.5  193.5   30.6  .0 6 1-4 1 3-4▼-1.937.80 -.28-1.2377.06  .12  .76 3.91 1 2 5  .76 2.40 4.2012
20250824일 1120012국622 4 2510 1강 1153흐림건조 4 5 4스톰체이서      트리플나금희     6422.00한암 2 0 0 2 2  358      24750국6김동균최임규   110 2 2 111 2 0 0 1  0김동수45453.568하무보 5  5  5 5 5.027.0 4.1 8 0 0204212201719 019 8102127      ↘↗추14.538.040.013.8 9 437.740.1 77.4 77.9  0  0  0 0   14.50   14.10 6  4  0BHUP       1210  .0 8.0 8.0101010 2가격혈통부진마필42기 0 7 9     8 8 8⑨1:17.44    2.714.040.414.6 -3  2  .00 912  4 3.09074838812 911 6110 2 3.02 2.05 2.1 2.3  9.4    9.3   27.0    4.3  .024 2-4 1 2-4▼-1.938.20 -.40 -.0677.17  .12  .80 4.13 1 2 5  .68 2.14 2.9212
20250712토 11000 9국620 5 7511 1강 1155맑음건조 5 5 4스톰체이서      트리플나금희     6422.00한암 2     2 3  47410:35 24750국6김동균최임규   111 1 1 111 1 0 0 0  0김동수45253.571평무보 5 35 3522  .031.010.01850 9204410201719 019 8102127      →↘추14.537.938.314.035 138.039.5 64.9 64.9              14.50   14.30        NN동       10 0         6.0     0 0일반주행가격혈통45기 1 3 9     9 8 8⑧1:04.97    2.914.539.414.1  0 10  .00 8 8  0 3.79373899011 5 8 8 70 1 3.01 8.05     2.5  9.8    6.3   23.1   20.1  .01513-4 2 3-4▼-1.437.60  .09-11.363.43 1.44 4.18 9.96 3 81711.1122.2233.33 3
20260815토 5120010국5 4 7  8 0혼전 4459           5 5마천월드        테스타마노벨신화 4530.00한암 4 0 0   1    016:15 24750국5서범석마용숙   0 013 6 612 1 0 211  0김정준   52.573평입보50 49 493612.044.027.21638101444 519 017 01913142026 099 0↗↗추14.137.638.213.42979                   20 20  020   13.90   13.50 8 -6  1NNDN53.34711814 -.6 7.4 6.8474714-2일반주행급신장세36관 0 5                            13.9    13.5        .0                      10 1 5 8  2                                              .01941 0 2 3 0― -.438.20  .17     75.95 7.6915.5927.24 2 714 6.2511.2919.44 8
20260621일 5140010국531 6 88 1혼전 4451맑음포화17 5 5마천월드        테스타마노벨신화 5136.00한암 4 0 0 2 1  126      24750국5서범석마용숙   0 112 5 612 1 0 210  0김태희47351.561평입하 7 10 10 4 4.030.0 5.81145 61444 519 0 0 01913152416 099 0↘→입14.137.638.913.3166936.939.2 87.9 88.6 22 22  022   14.10   15.30 5  1 -2BH동55.04691812  .0 6.2 6.2494912 0발길대로조교부실 5관 011 6     5 6 9⑨1:27.9머리  .613.938.613.5 -1 11  .00 910  0  .6323740296211 311112 1 7.09 3.06 2.5 3.9 26.5  428.6  886.9 1549.7  .0 6 1-4 1 1-4▼-1.638.20  .4412.0988.93  .76 1.96 5.75 0 1 5 1.12 3.08 6.9311
20260517일 3140011국521 8 78 2 1강 1151맑음건조 3 5 5마천월드        테스타마노벨신화 5136.00한암 4 0 0 2 1   88      24750국5서범석마용숙   0 211 4 512 1 0 2 9  0루이스46253.069평입하31 30 3027 4.038.014.42042111444 519 015 01913192517 099 0↗↘입14.137.638.813.3117637.242.0 92.9 91.8 25 25  025   15.10   13.70 6 -1  1LN동55.04691812 -.8 5.8 5.0585814 0숨은복병조교부실28관 010 6     7 911⑪1:32.99    4.214.142.515.3  1 -3  .001110  7 4.895529595 711 1 9100 2 1.02 1.09 1.8 4.1  1.8    4.1    6.2    9.9  .01922 0 2 2 0― -.638.90  .3015.4388.86 3.13 7.8814.35 1 4 9  .94 2.87 6.6911
20260404토 4140011국512 9 18 3혼전 4454맑음양호 7 5 5마천월드        테스타마노벨신화 5136.00한암 4 0 0 1 1  121      24750국5서범석노환영   0 310 3 412 1 0 2 8  0빅투아46552.592평입하42 48 484232.046.026.53053131444 51922 7 01913222818 099 0→→선14.137.538.913.3196938.538.8 91.5 89.6 25 25  025   14.80   12.90 5  9  0VHDN55.04691812-1.2 5.2 4.0666614-4일반주행보통주행38기 01111    10 9 9⑨1:31.51¼  2.515.139.313.7  6 -5  .05 9 3 -8 2.7689729742010 2 3 60 1 1.04 3.07 1.3 2.2  1.3    7.5    7.7    8.0  .01864 0 5 3 0―  .038.60 -.0213.1888.86 7.4817.5126.45 31121 8.9321.0529.33 3
20260301일 5180011국550 5108 4혼전 4455맑음건조 3 5 5마천월드        테스타마노벨신화 4642.00한암 4 0 0 1 1  100      24750국5서범석노환영   0 4 9 2 112 1 0 2 7  0김정준47052.572평입하39 40 40 611.036.0 9.01638101444 5192217 01913142026 099 0↗↗추13.940.540.413.4285241.239.7121.2119.6 29 29  014   14.40   14.00 5 -5  2UNUP55.04691812-1.2 5.2 4.0666614 4일반주행거리속성70기 0 2 5 5 5 6 6 7⑦2:01.2½   1.114.839.012.9 -4  6  .00 711  7 1.56585265446 8 7 9112 110.01 9.05 3.3 6.3 26.3   47.6  163.4  120.9  .01521-3 3 2-3▼-1.240.50  .2538.74118.9 1.37 4.20 9.01 1 2 5 2.35 7.6514.43 9
20260125일 4140011국521 9 28 5 3강 3351맑음건조 3 5 5마천월드        테스타마노벨신화 5136.00한암 4 0 0 2 1   70      24750국5서범석노환영   0 5 8 1 312 1 0 2 6  0권중석46451.067기입보89 90 903344.041.015.21341 51444 51922 0 01913181819 099 0↘→선13.937.239.213.2316537.639.3 90.3 89.0 33 33  017   13.90   13.20 5 -3 -4NU동55.04691412-1.4 6.0 4.6636314 0일반주행기복전력 5관 0 7 9     9 8 6⑤1:30.34    1.414.439.814.0  1 -5  .00 5 4  2 2.65176456042 7 2 3 83 1 2.03 3.01 1.4 1.9  3.8   11.0   18.2  117.911.21527-2 5 2-2▽ -.738.70  .2712.5988.86 2.36 6.8915.19 3101611.2120.2031.63 4
20251220토 3140011국610 9 18 6 1강 1157흐림포화16 5 5마천월드        테스타마노벨신화 5136.00한암 3 0 0 2 1  10511:25 16500국6서범석노환영   0 6 7 7 212 1 0 1 5  0루이스46955.069평무하58 71 713729.044.031.32042111444 5192215 01913192517      ↗↘입13.837.439.413.3224836.638.2 87.3 87.0 20 20  0 0   14.50   13.60 5  4  0LH동       1412-1.2 7.4 6.2484814 0일반주행보통주행46기 010 5     4 2 2②1:27.32½   .013.938.213.2  0 -1  .00 2 2 -2  .4 32711 392 3 3 2 32 1 1.02 1.10     2.3  1.2    2.3    2.6   36.3  .01522-3 5 1-3▼ -.538.10 -.4010.2489.14 8.7420.9431.28122538 9.5220.9726.47 4
20251116일 3140011국650 9108 7 1강 1139맑음건조 3 5 5마천월드        테스타마노벨신화 5136.00한암 3 0 0 2 1  119      16500국6서범석노환영   0 7 6 6 112 1 0 1 4  0조상범47055.057평입상58 53 533425.045.024.6 926 61444 51922 4 01913132217      ↗→입13.837.339.413.3245237.439.0 90.5 88.9 25 25  025   14.10   13.00 3  1  0NHUP       1412-2.0 8.3 6.3424212 2일반주행거리부담72기 0 6 8     7 7 7⑥1:30.5코    .414.539.613.6  2  9  .00 6 4 -4 1.14565374670 5 2 1 50 1 5.02 5.04 2.2 6.8  9.1   22.7   49.3   15.7  .01525-1 5 3-1▽ -.238.60 -.1812.1989.07 5.3814.2724.61 71828 9.0920.3131.13 5
20251026일 2120010국640 3 48 8혼전 4451흐림건조 5 5 5마천월드        테스타마노벨신화 4530.00한암 3 0 0 9 1  186      16500국6서범석노환영   0 8 5 5 512 4 0 1 3  0박태종46155.087평입상64 87 874541.052.020.72550 01444 5192217 01913192421      ↘→자13.837.539.113.7284137.937.8 75.9 75.7 33 33  0 0   14.00   13.80 3 -4  0NH동       1212-1.7 8.3 6.7404012 0일반주행탄력호전27관 0 5 8     8 8 7⑤1:15.93    1.014.138.513.0 -3 -7  .00 5 8  0 1.33581153647 8 7 3 73 4 1.06 2.10 2.1 3.8  2.1   26.6   36.1   95.2  .01524-3 5 2-3▽ -.138.00 -.10 -.8776.39 4.3210.4620.71 41118 6.2514.1617.81 8
20251003금 3120011국640 9 48 9 3강 3359흐림다습11 5 5마천월드        테스타마노벨신화 4530.00한암 3 0 0 1 2  24014:30 16500국6서범석노환영   0 9 4 4 412 3 0 0 2  0박태종46855.079하무보27 19 19 8 5.032.017.627 024288815192217 01913192421      →↘자14.438.039.213.2 44136.739.0 76.7 75.5  0  0  0 0   14.40   14.30 5  4  0BH동       1212  .5 8.5 9.0171712 0최빈거리조교부실34관 0 9 6     4 4 3②1:16.78     .014.039.413.8 -6 -3  .00 2 8  0 1.4262057369010 7 4 62 3 3.08 6.09     3.8  4.8   81.4  127.0   51.6  .0 9 7-3 1 1-3▼-1.337.40 -.35-1.7476.73 2.65 8.2217.62 51325 1.06 3.26 3.9710
20250830토 4120011국640 7 4810혼전 4456맑음불량20 5 5마천월드        테스타마노벨신화 4530.00한암 3 0 0 9 2  34415:45 16500국6서범석노환영   010 3 3 312 2 0 0 1  0박태종47155.079하무보17 12 1221 6.029.0 6.927 024288815192217 01913192421      →↘자15.538.538.913.2 16137.639.2 76.4 76.6  0  0  0 0   15.50   13.50 4  2  0NH동       1212 1.0 9.010.0 8 812 0우수혈통거리난점51관 1 510     7 8 8⑧1:16.4½   1.814.439.514.3  0 -1  .00 8 8 -1 2.0666865722810 2 7 90 2 2.01 9.01     3.6  3.9    3.6    7.9    4.0  .021 7-4 1 2-4▼-1.737.20 -.15 -.7976.84  .80 2.20 6.93 2 610 1.06 5.29 6.64 9
20250803일 2120011국613 8 6811혼전 4441흐림건조 3 5 5마천월드        테스타마노벨신화 4530.00한암 3     1 3  40111:05 16500국6서범석노환영   011 2 2 212 1 0 0 0  0박태종47255.061평무보 5 35 35 7  .027.0 4.1 550 31114 7192217 01913192421      ↗→자15.138.539.712.9 1 139.138.7 79.2 77.2              15.10   13.20 6 -3  0NL동       12 0         7.0     0 0우수혈통우수혈통35기 0 311    111111⑩1:19.22    3.215.539.813.5  1-11  .0010 9    3.3799847881011 711 90 1 7.04 6.09     7.3 15.0   40.2   37.6   56.2  .021 7-4 1 1-4▼-1.937.40 -.51-1.0077.29  .12  .80 4.07 2 61011.2120.6643.28 3
20250621토 2120011국650 8 5812 1강 1159흐림포화19 5 5마천월드        테스타마노벨신화 4530.00한암 3     2 3  53311:30 16500국6서범석노환영   012 1 1 112 1 0 0 0  0씨씨웡  055.091평무보 5 35 35 9  .033.010.02842 61114 7192230 01913212522      ↗↘선15.138.539.712.9 1 1                                15.10   13.20        LN동       12 0         7.0     0 0일반주행우수혈통47기 0 6                    경제    15.1    13.2     0  .07      0              11 611 80 1 4.03 7.02     4.2  9.4   22.9   62.6   16.1  .015 9-4 2 5-4▼-1.539.70 -.68     77.29 1.67 4.7410.01 3112112.3723.0457.72 2
20260815토 5120010국5 4 7  5 0혼전 4459           5 6퀸아비게일      카우보이하버걸   5728.00한암 5 0 0   1    016:15 24750국5김동균이수행  -1 01624 732 1 1 132  0서승운   52.586평입보50 46 465124.053.034.02538171755 620 017 019 8283016144329↗↘선14.137.338.513.74461                    7 18  711   13.30   14.70 7  1  0NHDN52.94531813-1.2 8.0 6.8414114-1일반주행보통주행 1   0 6                            13.3    14.7        .0                       8 2 7 3  1                                              .01853 0 4 5 0―  .238.50 -.03     75.9512.6824.8233.9510223510.4222.5830.56 4
20260628일 5130011국554 2105 1혼전 4451맑음건조 3 5 6퀸아비게일      카우보이하버걸   5932.00한암 5 0 0 9 1  106      24750국5최봉주이수행  -1 115231632 4 1 131  0정우주45852.559평입상55 52 5231 8.039.012.31255 71350 614 7 71017 4163013144329↗→입14.137.239.213.7685737.040.6 82.5 83.8  7 19  711   13.90   13.80 5  0  0NHDN52.94531813-2.8 8.2 5.4525214-1선행무리탄력호전30관 0 5 4     7 5 7⑨1:22.52    1.813.340.514.7  2  2  .00 9 7  0 2.16620847126 9 4 6 7010 1.02 8.03 2.9 5.7  2.9    5.7   10.0    8.4  .01415 0 2 1 0― -.840.00  .74 7.3782.90 2.09 5.2812.26 41118 1.77 4.81 9.97 8
20260524일 4140011국552 8105 2혼전 4451맑음다습11 5 6퀸아비게일      카우보이하버걸   5932.00한암 5 0 0 2 1   67      24750국5최봉주이수행  -1 21422 432 3 1 130  0정우주45652.559평입상48 43 432711.041.016.71255 71350 614 7 71017 4163013144329↗→입14.236.939.613.7583036.839.5 88.6 88.4 12 27  412   14.20   14.10 4  3  0NH동52.94531813-2.8 8.0 5.2555513 0일반주행조교부실28관 0 5 3     2 2 3⑥1:28.6½    .913.939.413.8 -1 -4  .00 6 7 -1 1.32332513856 5 7 7 81 9 2.01 4.03 2.8 6.3  4.4    6.3   14.3    9.7  .01515 0 3 3 0― -.738.90  .1511.8588.93 3.40 8.5216.68 2 714 2.38 7.5714.33 8
20260425토 7140011국534 8 85 3혼전 4451맑음건조 3 5 6퀸아비게일      카우보이하버걸   5932.00한암 5 0 0 9 1   75      24750국5최봉주이수행  -1 31321 332 2 1 129  0정우주46052.559평입보22 29 293710.044.020.61255 71350 614 7 71017 4163013144329↗→입14.136.839.713.7692737.239.7 89.6 88.9 12 24  812   13.80   14.50 5 -2  0HHUP52.94531813-3.0 8.0 5.0626213 1일반주행보통주행99기 0 2 6     5 5 4④1:29.6¾   1.314.240.114.1 -4  6  .00 4 8 -2 1.34759596343 6 710 82 8 1.03 3.05 2.5 3.9  2.5    6.2   10.0   11.7  .01936 0 3 4 0― -.339.10  .0512.3888.93 5.7412.3220.61 1 4 8 3.23 8.3313.64 9
20260321토 5130011국523 4 75 4혼전 4451맑음건조 5 5 6퀸아비게일      카우보이하버걸   5932.00한암 5 0 0 2 1  101      24750국5최봉주이수행  -1 412201532 1 1 128  0정우주45452.559평입보59 58 5840 6.036.010.61255 71350 614 7 71017 4163013144329↗→입14.237.139.213.7735737.340.8 83.8 84.6 13 25  413   14.40   13.20 3 -7  0HHUP52.94531813-3.2 7.8 4.6656513 1일반주행조교부실38관 0 4 6     7 7 9⑨1:23.83    1.613.840.714.5 -1 -1  .00 910  2 2.1853387813210 5 9110 7 1.03 1.03 2.6 5.6  2.6   20.5   27.7   25.0  .01518-1 1 1-1▽ -.940.30  .84 8.3382.84 2.17 5.9110.56 0 2 4 1.08 5.0810.5811
20260228토 5120011국544 5 95 5혼전 4451맑음건조 3 5 6퀸아비게일      카우보이하버걸   5728.00한암 5 0 0 9 1   69      24750국5최봉주이수행  -1 51119 632 1 1 127  0임다빈45552.576평입상87 88 885614.049.017.91527 81350 614 7 7 017 4142424144329→↗추14.237.438.413.7386937.738.1 75.5 75.8  9 22  413   14.10   13.30 5  2  0VH동52.94531813-2.8 7.8 5.0656513 0일반주행보통주행58관 01110    10 8 7⑥1:15.51    1.114.437.813.2 -2 -9  .00 6 8  0 1.5417623404810 4 4 90 1 4.05 5.01 3.1 8.9  6.2   18.1   31.9  127.410.51558 0 3 3 0― -.138.10  .43  .0275.95 3.99 9.0717.87 1 3 6 2.63 5.8112.2010
20260124토 7120011국533 6 85 6혼전 4451맑음건조 3 5 6퀸아비게일      카우보이하버걸   5728.00한암 5 0 0 2 1   78      24750국5최봉주이수행  -1 61018 532 3 1 026  0정우주46452.561평입상83 76 765026.052.021.61255 71350 614 7 71017 4163013175017↗→입14.237.438.513.7396537.537.6 74.7 74.9  5 18  914   13.50   13.70 5  8  1LNDN53.04521813-2.4 7.6 5.2595913-1편성만만탄력호전 5관 0 9 7     7 7 5②1:14.71¼   .014.137.713.3 -6  7  .00 2 8  2  .21464111783 8 4 5 73 6 2.08 2.09 2.3 4.8  3.6   48.9   79.4   65.5  .03037 0 4 4 0―  .137.80  .26 -.9876.00 5.1913.5021.58 41118 6.5412.9021.36 5
20251220토 5130011국543 1 45 7혼전 4451흐림포화16 5 6퀸아비게일      카우보이하버걸   5932.00한암 4 0 0 2 1  10313:35 24750국5최봉주이수행  -1 7 9171432 2 1 025  0정우주45752.059평입상47 56 565137.056.032.81255 71350 614 7 71017 4163013175017↗→입14.237.439.313.6625236.639.4 79.7 81.9  5 14  514   14.00   14.00 5  0  1UNUP53.04521813-2.4 8.0 5.6545413 1부중유리최적거리82기 1 1 4     3 3 5⑤1:19.71¼   .513.538.313.7 -1 -2  .00 5 6 -2 1.112 7572262 9 8 5 32 5 1.0410.07     3.5  2.2    6.5   10.2    7.013.23157 2 6 5 2―  .639.40 -.02 5.2083.1010.4021.7132.83 82233 6.7319.6124.28 5
20251116일 5120011국523 6 75 8 1강 1141맑음건조 3 5 6퀸아비게일      카우보이하버걸   5728.00한암 4 0 0 2 1  117      24750국5최봉주이수행  -1 8 816 432 1 1 024  0정우주45951.061평무보27 32 3226 4.037.016.81255 71350 614 7 71017 4163013204020↗→입14.237.738.613.6315737.338.3 76.0 75.6 10 25  015   14.10   14.00 4 -5 -1UUDN53.44501813-1.6 8.2 6.6424213-1일반주행조교부실44관 0 1 8     6 5 4③1:16.01¼   .214.039.014.0 -5  2  .00 3 8 -1  .7325231317410 5 9 92 4 7.01 3.08 1.6 3.6 17.6   11.8   45.6  113.1  .01524-1 1 2-1▽ -.737.70  .18 -.6776.23 3.24 8.2916.77 1 4 9 1.25 3.49 7.81 9
20251019일 4130010국513 3 65 9혼전 4441맑음포화17 5 6퀸아비게일      카우보이하버걸   5932.00한암 4 0 0 2 2  206      24750국5최봉주이수행  -1 9 7151332 7 1 023  0조상범45752.055평무보43 36 3633 5.035.0 8.9 880 315251014 711 817 4132217204020→↗입14.237.439.313.6644837.739.9 82.2 84.2 11 26  016   14.00   13.30 4  3  0NU동53.44501813-1.4 8.4 7.0343413 0최빈거리보통주행59조 0 6 7     7 6 6⑦1:22.2½   1.014.139.014.0 -2  3  .00 7 9  1 2.37853707147 9 7 8 8013 1.02 7.03 2.1 7.5  2.1    7.5   12.2   17.8  .013 9-1 1 1-1▽-1.139.90  .65 7.5283.10 1.50 4.28 8.90 2 610  .85 2.49 6.0010
20250920토 4130011국531 1 8510 3강 3351맑음포화18 5 6퀸아비게일      카우보이하버걸   5932.00한암 4     2 2  28115:45 24750국5최봉주이수행  -110 6141232 6 1 0 0  0조상범45452.055기무적56 57 5727 7.034.0 9.9 880 315251014 711 817 4132217204020→↗입14.237.439.413.6634437.939.0 80.7 82.9 11 28  017   14.30   12.7014 -2  0HU동53.44501813-1.4 9.0 7.6272713 0최빈거리기복전력 5관 0 3 7     9 9 9⑧1:20.7목   1.014.037.913.3  0  1  .00 8 8  4 1.1386541504610 8 6 9012 3.07 9.04     4.6  6.7   46.7  100.6   48.1  .012 8-2 1 1-2▽-1.339.60  .55 6.1083.16 1.24 3.98 9.87 1 4 8 2.11 5.1310.75 9
20250615일 2130011국521 6 7511 1강 1154맑음건조 3 5 6퀸아비게일      카우보이하버걸   5932.00한암 4 0 0 2 3  54411:00 24750국5최봉주이수행  -111 5131132 5 1 021  0조상범45352.059기무상24 22 2228 6.037.016.31470 623501714 711 817 4132217204020↘→입14.237.439.413.6614137.241.1 83.9 84.3 11 28  017   13.90   14.30 4  1  0NU동53.44501813 -.4 9.4 9.0181813 0최빈거리기복전력39관 0 5 5     5 5 6⑩1:23.9머리 2.514.041.114.8  6  4  .0910 4 -3 3.37932918517 8 4 910011 1.10 6.03     4.2  2.5   47.6   46.2  179.1  .01413 0 2 2 0― -.639.90  .39 7.4583.16 3.85 9.1016.29 1 3 5 1.27 5.8112.31 9
20250517토 3130010국543 8 9512 1강 1151맑음포화17 5 6퀸아비게일      카우보이하버걸   5932.00한암 4 0 0 2 4  63312:45 24750국5최봉주이수행  -112 4121032 4 1 020  0조상범44952.056기입상16 14 1418 4.031.0 9.91371 8 225 014 711 817 4132217204020→↘입14.237.439.313.5664837.440.0 81.8 83.3 12 29  018   14.00   13.60 2 -2  0HUUP53.44501813 -.8 9.2 8.4232313 1일반주행기복전력49관 0 4 7     8 7 3③1:21.85     .913.939.314.3 -4 -5  .00 3 7 -1 2.25442716555 8 4 610310 1.03 9.01     4.6  2.4    4.7    7.1   32.9  .015 4-4 1 1-4▼-1.339.70  .62 6.6283.10 1.13 3.92 9.93 0 3 4  .99 3.16 7.02 8
20250504일 3120011국513 4 1513 1강 1151맑음포화15 5 6퀸아비게일      카우보이하버걸   5728.00한암 4 0 0 1 4  66511:25 24750국5최봉주이수행  -113 311 332 3 1 019  0조상범45452.058기입상23 18 1818 6.033.010.81371 8 225 014 711 817 4132217204020→↘입14.237.838.413.5246937.838.7 75.9 76.6 13 31  019   14.40   14.90 3 -2  0NUDN53.44501813 -.6 8.6 8.0323213-6선행무리기복전력 1조 0 6 6     8 8 7⑦1:15.91¾  1.314.038.613.6 -1  0  .00 7 8 -1 1.5667746633911 3 9110 9 1.10 2.04     2.7  1.5  146.3  177.5  294.2  .013 8-2 1 1-2▽-1.237.90  .41  .4076.17 1.65 5.2110.75 0 2 4  .86 4.6510.71 9
20250412토 41800 9국541 6 4514 2강 2259흐림양호 7 5 6퀸아비게일      카우보이하버걸   5139.00한암 4 0 0 2 4  73715:55 24750국5최봉주이수행  -114 210 132 2 1 018  0조상범45452.055기입상 7  6  6 5 3.030.010.51371 8 225 014 711 817 4132217204020→↘입14.240.440.913.5382239.542.7120.7120.3 13 33  020   15.30   14.80 3  1  0NUUP53.44501813 -.4 8.6 8.2333313 1일반주행기복전력 1기 0 8 3 2 2 2 3 6⑧2:00.75    2.514.442.914.9 -1 -2  .00 8 9 -1 3.17624908417 4 9 8 81 8 1.03 5.02     3.8  1.8    4.1    7.1    9.0  .015 6-3 1 1-3▼-1.440.70  .0838.99119.0 1.69 4.4710.54 1 4 8  .12 1.99 6.36 9
20250323일 5170011국511 6 6515혼전 4459맑음건조 4 5 6퀸아비게일      카우보이하버걸   5932.00한암 4 0 0 2 4  78913:35 24750국5최봉주이수행  -115 1 9 332 1 1 017  0조상범45652.056기입보29 23 23 9 5.032.011.01371 8 225 014 711 817 4132217204020→↘입14.239.741.113.5564840.641.4114.4114.6 14 36  021   14.20   14.00 2 -1  0NUUP53.44501713-1.0 7.6 6.6474713 3일반주행기복전력 1기 0 7 9 910 9 8 9⑨1:54.41    2.815.342.414.8 -1 -6  .00 910 -1 2.97680648014 7 4 5100 7 4.01 6.03     3.7  8.9    4.2   14.2    5.6  .01511-2 1 1-2▽-1.241.60  .4233.77113.6 1.69 5.2910.98 1 4 9 2.22 5.6110.7110
20260815토 5120010국5 4 7  9 0혼전 4459           5 7카오스          투아너앤로드란   5525.00한암 3 0 0   1    016:15 24750국5신삼영표종순   0 0 6 1 5 5 2 1 0 4  0코지     54.086기선보50 51 519457.057.040.12854181353 3 8 0 0 011 323311999 0 0↗↘입13.536.440.114.298 7                   25 75100 0   13.30   14.50 3 -1 -1NU동55.04811212  .0 4.0 4.0525212 0전개최상전개최상 1   0 7                            13.3    14.5        .0                       110 3 2  2                                              .04171 0 7 5 0―  .440.10 -.59     76.3414.9128.3840.1433536514.5835.4847.22 1
20260726일 2120011국633 8 39 1 1강 1151맑음다습10 5 7카오스          투아너앤로드란   5525.00한암 3 0 0 9 1   29      16500국6신삼영표종순   0 1 5 5 4 5 1 0 0 3  0코지  48155.086기도보80 94 949693.068.089.12854181353 3 8 0 0 011 3233119      ↗↘입13.536.440.814.798 636.239.7 75.4 75.5  0 67100 0   13.90   13.5011  3  0NN동       1212  .3 4.7 5.0414112 0일반주행전개최상39기 0 8 1     1 1 1①1:15.4¾    .013.339.714.5 -1  9  .00 1 2     .025 4764277 111 1 11 1 2.01 8.05 1.9 3.0  3.6    3.0    6.4    4.0  .04185 1 7 5 1△ 1.339.00-2.00-1.7476.7343.8973.8489.1133536533.9358.2268.79 1
20260510일 1120010국623 9 29 2혼전 4451맑음건조 5 5 7카오스          투아너앤로드란   5525.00한암 3 0 0 2 2  210      16500국6최용구표종순   0 2 4 4 3 5 1 0 0 3  0씨씨웡  055.090하선보63 63 638842.056.049.62654111856 420 015 02010212522      ↘→선13.536.440.514.798 3                    0 33100 0   13.70   15.00 8  0  1NN동       1212 -.5 6.5 6.0252512 0전개최상거리탄력38기 0 5                    취소    13.7    15.0     0  .07                      111 5 20 1 5.01 1.08 1.6 1.9 16.2   12.9   53.8   23.9  .03467-1 5 3-1▽  .340.50-1.10     76.5619.8438.5149.62183753 9.2125.0029.19 5
20260315일 1120011국631 9 89 3 2강 2259흐림양호 6 5 7카오스          투아너앤로드란   5525.00한암 3 0 0 2 1  156      16500국6최용구표종순   0 3 3 3 3 5 2 0 0 2  0장추열47254.593하도보54 51 519894.074.099.029501219431420 036 02010202722      ↘↗입13.336.440.515.098 336.139.6 76.9 75.1  0  0100 0   13.50   15.30 6 -6  0NN동       1212 -.5 6.5 6.0262612 0단독선행전개최상78기 2 5 1     1 1 1③1:16.91¾   .313.740.315.0  2-11  .00 3 1 -3  .619 4743972 111 2 11 2 6.0210.02 1.6 3.6 26.7   55.4  152.8   21.9  .04194 2 9 6 2▲ 1.838.90-2.00-1.7876.5674.3095.0099.0033536535.5162.7550.76 1
20260131토 2120010국610 9 69 4 2강 2259맑음건조 2 5 7카오스          투아너앤로드란   5525.00한암 3     9 1  114      16500국6최용구표종순   0 4 2 2 2 5 1 0 0 0  0장추열48354.593하무보 5  5  556 3.032.015.729501219431420 036 02010202722      ↘↗입13.436.540.817.296 236.140.0 77.0 75.5  0  0100 0   13.40   17.6017  4  1BN동       1212  .0 9.0 9.0 1 112 0최빈거리조교부실 5관 011 1     1 1 1③1:17.05    1.013.540.815.3 -1  8  .00 3 4 -5 1.430 3814952 211 8 71 1 2.01 2.10 1.6 4.7  7.1    5.0   10.9   12.5  .0 943-3 2 1-3▼-1.538.90 -.35-1.7876.78 3.20 8.2515.68 51322  .12 2.55 4.8910
20251004토 11200 9국650 9 59 5 1강 1159맑음다습10 5 7카오스          투아너앤로드란   5525.00한암 2     1 2  33710:35 24750국6최용구표종순   0 5 1 1 1 5 1 0 0 0  0임다빈47554.077평무보   25 2540  .032.013.42050 81856 420 013 02010142424      →→추13.536.738.517.1    36.345.0 81.8 80.6              13.50   17.40        LN동       12 0                 0 0일반주행보통주행54기 2 7 2     3 3 9⑨1:21.819   6.613.445.717.6  0 29  .00 9 9  0 7.599 89999 5 1 1 6 80 1 1.03 9.04     4.8  2.8    6.2    9.5   12.4  .01545-1 2 3-1▽-1.040.30  .91 5.4475.61 2.30 7.1413.38 2 71112.6324.5852.68 5
20260815토 5120010국5 4 7  6 0혼전 4459           5 8세븐카이저      카우보이지봉스타 5728.00한수 3 0 0   1    016:15 24750국5박윤규이방훈  99 0 9 4 6 8 1 0 2 8  0안드레   54.585평선보50 55 558349.050.031.42375 61546 81716 0 017 93319 799 0 0↗→선13.636.638.812.99227                   43 71 86 0   13.30   14.50 4 -3  2LNDN55.55111412 1.6 2.8 4.4636312-1전개최상신뢰마주 1   0 8                            13.3    14.5        .0                       3 4 2 5  1                                              .03456 0 6 4 0― -.138.80  .28     75.72 9.5318.6731.39 8172916.6730.6547.22 3
20260718토 4130011국543 5 96 1혼전 4451흐림불량20 5 8세븐카이저      카우보이지봉스타 5932.00한수 3 0 0 2 1   57      24750국5박윤규이방훈  99 1 8 3 1 8 1 0 2 7  0마이아51253.093우도하75 81 819781.071.047.13452161546 8171638 017 93532 899 0 0↘↗선13.636.739.512.9934836.641.9 83.0 85.2 50 83 83 0   13.80   13.80 8  9  2VNUP55.55111412  .8 2.4 3.2707012 1전개최상전개최상 5   011 1     4 4 9⑩1:23.03    3.113.340.814.5  3  7  .0010 7  5 3.390 7958611 110 4 10 2 1.02 6.02 2.3 6.5  2.3    7.2   11.7    9.210.64799 4 9 9 4☆ 1.740.90 -.10 8.9782.7821.7735.9347.1433536518.1130.9538.68 2
20260523토 3120011국524 8 76 2혼전 4451맑음다습13 5 8세븐카이저      카우보이지봉스타 5728.00한수 3 0 0 2 1  158      24750국5박윤규이방훈  99 2 7 2 5 8 1 0 2 6  0우인철50551.574우도하78 78 789971.062.040.32048101546 81716 0 017 910262399 0 0↘↘입13.536.639.012.9895236.539.1 75.6 75.3 40 80 80 0   13.60   13.10 9 -2 -3HU동55.55111412  .4 2.6 3.0686812 0전개최상전개최상50관 1 2 1     2 2 2④1:15.6½    .013.839.113.8  2 -5  .00 4 2  0  .52114603479 2 5 4 31 2 7.06 3.09 2.2 2.7 28.4  250.7  629.4  132.6  .04196 3 7 8 3▲ 1.038.70 -.09 -.2775.8414.7028.5140.2712264112.8728.8537.61 4
20260321토 4120010국554 7106 3 1강 1151맑음건조 5 5 8세븐카이저      카우보이지봉스타 5728.00한수 3 0 0 2 1  183      24750국5박윤규이방훈  99 3 6 1 4 8 1 0 2 5  0김효정51054.069우선보92 94 949995.061.042.91752 71546 81716 8 017 919221799 0 0↗→선13.536.538.912.9924837.638.3 76.1 75.8 40 80 80 0   13.60   14.30 8 -5 -3VH동55.55111412  .3 3.0 3.3646410 0전개최상전개최상62관 0 4 2     6 9 9⑥1:16.1코    .613.638.513.1  4 -9  .02 6 2  1  .83869334464 1 5 1 23 1 4.0310.06 3.1 6.3  6.4   14.9   33.1   47.512.04189 2 8 8 2▲ 1.139.00 -.07  .3675.7216.2830.1342.8520425831.2052.5464.35 1
20260125일 1120011국613 9 66 4 2강 2251맑음건조 3 5 8세븐카이저      카우보이지봉스타 5728.00한수 3 0 0 2 1  146      16500국6박윤규이방훈  99 4 5 5 3 8 1 0 1 4  0마이아51956.593우도보93 99 999695.071.069.33452161546 8171638 017 93532 899 0 0↘↗선13.536.739.012.9815236.139.2 76.1 75.0 25 50 50 0   13.50   13.50 8  6  1BL동55.55111412  .3 3.0 3.3646410 0전개최상전개최상 5기 0 9 2     2 2 1②1:16.13     .013.639.614.3  1 20  .00 2 1  0  .514 4612291 3 1 1 21 1 6.01 2.09 1.4 3.7 37.3   15.5   82.3  189.3  .04999 4 9 9 4☆ 1.838.50 -.98 -.7175.8931.7552.8569.2719405533.6255.8654.76 2
20251129토 2120011국653 6 56 5혼전 4441맑음다습10 5 8세븐카이저      카우보이지봉스타 5728.00한수 2 0 0 9 1  17211:00 16500국6박윤규이방훈  99 5 4 4 2 8 1 0 0 3  0김용근49956.086우도하75 78 789876.068.053.92754141546 81716332717 931261499 0 0↘↘선13.436.638.812.9854836.538.3 74.3 74.6  0 67 67 0   13.50   14.60 5  2  4HLDN55.55111410  .0 3.7 3.7575710-2전개최상전개최상56기 0 3 1     1 1 1②1:14.3¾    .013.538.413.5  1 -8  .00 2 1 -2  .1 816331382 3 5 4 21 3 5.01 4.03     4.4  8.2   13.7   32.7   35.8  .04193 3 8 9 3▲ 1.438.50 -.38 -.8175.7218.7537.5453.8818375317.2035.1142.35 2
20251025토 3140011국641 7 96 6혼전 4451맑음건조 5 5 8세븐카이저      카우보이지봉스타 5932.00한수 2 0 0 9 1  196      16500국6박윤규이방훈  99 6 3 3 1 8 1 0 0 2  0우인철50752.073우도보91 83 839570.068.039.12048101546 81716 0 017 910262399 0 0↘↘입13.536.639.512.9756136.440.0 89.9 88.8  0100 50 0   13.40   13.60 4-10 -4UUUP55.55111410 -.5 4.0 3.5595910 2전개최상전개최상80기 1 1 1     1 1 3④1:29.91½   .913.540.514.6  1 -8  .00 4 3 -2 1.34314704653 2 3 4 41 1 2.04 4.06 3.1 5.5  3.5   13.0   22.1  141.712.74186 2 7 7 2△ 1.339.30 -.1812.7288.6612.7926.1939.0612264114.7527.7133.50 3
20250928일 1120012국651 3 56 7혼전 4451비  불량20 5 8세븐카이저      카우보이지봉스타 5728.00한수 2 0 0 9 2  253      24750국6박윤규이방훈  99 7 2 2 1 8 2 0 0 1  0김용근51555.582우도보90 99 999881.070.046.22045 81043 31716332717 931261499 0 0↗↘선13.336.538.912.9976137.138.2 74.0 75.4  0100100 0   13.30   13.20 4  8  0BUUP55.55111210  .0 3.0 3.0757510 2단독선행전개최상52기 111 1     1 1 3④1:14.02    1.213.437.913.6 -1  4  .00 4 5  2 1.32541272142 2 6 3 31 2 2.0110.12 2.0 4.7  4.2    4.7    9.0   16.810.54192 2 8 7 2▲ 1.538.90 -.15  .0375.7219.0036.1746.1518375315.9727.8624.30 3
20250830토 2100010국650 4 56 8 2강 2255맑음불량20 5 8세븐카이저      카우보이지봉스타 5728.00한수 2     9 2  34614:05 24750국6박윤규이방훈  99 8 1 1 1 8 1 0 0 0  0김용근51155.582평무보96 25 2579  .049.031.82045 81043 31716332717 9312614      ↗↘선13.836.637.713.7996936.338.0 61.7 62.1              13.80   14.00        NN동       10 0         3.0     0 0일반주행보통주행55기 1 3 1     1 1 2③1:01.71     .213.337.813.2  0  5  .00 3 3  0  .622 7471672 4 5 6 41 1 1.02 5.09     3.8  2.4    3.8    6.1    5.5  .01546 0 5 5 0―  .038.20  .44-12.262.38 7.0319.1131.77 82233 9.0918.4131.06 4
20260815토 5120010국5 4 7  3 0혼전 4459           5 9마이티아미      ARMY MUL얼터너티 1925.00한암 4 0 0   1    016:15 24750국5조현수조병태   1 016 7 715 1 2 115  0정도윤   56.083기선적50 38 385822.054.033.914 0 91257 810 011 011 31029217525 0↗↗입13.637.039.113.55433                   30 40 4010   14.10   13.70 6  2  3LBDN52.04351414  .8 7.8 8.6242410-1일반주행기복전력38트 0 9                            14.1    13.7        .0                       5 710 4  1                                              .02170 0 4 5 0―  .239.10 -.20     76.1212.6324.7733.87183753 8.3316.1327.78 6
20260704토 5130011국553 7103 1혼전 4451흐림건조 4 5 9마이티아미      ARMY MUL얼터너티 9121.00한암 4 0 0 1 1   96      24750국5조현수조병태   1 115 6 315 1 2 114  0권중석45053.567기선상15 19 194821.041.019.61341 51257 810 028 011 31818197525 0↘→선13.637.039.713.5743339.238.7 83.8 84.3 33 44 4411   13.50   14.40 5  5 -1NN동52.04351414 -.4 8.2 7.8353510 0전개유리기복전력40트 0 710    101110⑩1:23.8코   2.214.138.513.7  3-12  .0010 7  1 2.27997297721 4 9 8 80 1 5.06 4.02 2.1 6.9  9.9   57.6  142.2  195.1  .02423 0 4 3 0― -.740.30  .34 7.5783.10 4.4010.3619.59 41118 5.4812.5820.16 8
20260531일 5130011국542 5 43 2혼전 4457맑음양호 6 5 9마이티아미      ARMY MUL얼터너티 9121.00한암 4 0 0 9 1   86      24750국5조현수조병태   1 214 5 215 1 2 113  0루이스46254.569기선적12 12 126521.043.031.72042111257 810 0 0 011 31925177525 0↗↘입13.737.139.613.5653736.340.5 83.0 83.6 38 38 3813   14.00   14.20 3 -8 -1UN동52.04351414  .6 8.4 9.0252510 0일반주행기복전력42기 0 2 1     1 1 5⑤1:23.0코   1.113.540.414.4 -1  7  .00 5 6 -4 1.159 3814347 3 8 8 51 1 3.01 8.03 2.7 3.6  6.2    7.5   16.4    4.0  .01541 0 4 3 0― -.540.10  .01 6.8683.1012.3323.3431.70 8172911.4321.0529.48 4
20260509토 6130011국531 7 83 3혼전 4451맑음건조 5 5 9마이티아미      ARMY MUL얼터너티 9121.00한암 4 0 0 2 1   55      24750국5구자흥조병태   1 313 4 115 1 2 112  0김성현45555.558기도적18 16 163015.037.014.315401015301013 0 6 015 61623197525 0↗↘입13.637.139.613.5644137.140.2 84.4 83.6 43 57 43 0   13.80   14.20 7  7  5BBUP52.04351414 1.0 6.8 7.8363610 1일반주행기복전력72기 010 3     4 4 8⑧1:24.41½  1.614.040.714.2 -2  2  .00 810  3 1.96127776434 4 910100 1 5.01 8.06 3.0 4.8 13.9   23.1   71.0   86.1  .01522 0 3 2 0― -.840.10  .50 6.8683.10 2.74 6.5714.27 1 4 9 3.90 9.7616.98 9
20260321토 7120011국414 6 63 4 1강 1151맑음건조 5 5 9마이티아미      ARMY MUL얼터너티 1925.00한암 4 0 0 2 1  140      33000국4구자흥조병태   1 412 3 615 1 2 111  0우인철45351.074기도적63 64 646861.049.024.820481015301013 0102615 61026237525 0↘↘입13.636.838.913.5714437.239.7 77.0 77.1 43 57 57 0   14.30   12.9014 -8 -1HUDN52.04351414  .6 5.2 5.8555510-2일반주행기복전력50기 1 3 4     4 6 7⑨1:17.01    2.013.839.714.2  2  5  .03 9 7 -2 2.37952777526 4 9 6 62 1 1.03 1.02 1.5 4.3  1.5    4.3    6.0   14.9  .01863 0 5 4 0―  .039.10  .28 1.3675.89 5.8115.2524.81 31222 6.7219.4030.32 6
20251213토 6140011국454 7103 5 3강 3351비  불량20 5 9마이티아미      ARMY MUL얼터너티 9121.00한암 3 0 0 2 2  281      33000국4구자흥조병태   1 511 2 515 1 2 110  0푸르칸44852.082기선적18 15 155441.049.025.926751719401513 0 01315 61424217525 0↘↗추13.636.639.713.4693737.743.2 92.0 93.2 50 67 3317   13.70   14.70 5  2  1VN동52.04351414  .6 5.2 5.8555510 0체중불리기복전력 5관 011 9     91011⑪1:32.08    5.314.042.715.5  2  3  .0011 9  2 5.899769899 6 2 8 9 70 1 3.05 9.03 2.7 6.9  5.9   24.4   56.6  108.9  .02043 0 6 7 0―  .040.20  .0516.9088.80 6.9216.6425.88 2 714 7.0715.5324.45 8
20251108토 8140011국422 5 73 6혼전 4451흐림건조 3 5 9마이티아미      ARMY MUL얼터너티 9121.00한암 3 0 0 2 1  147      33000국4구자흥조병태   1 610 1 415 3 2 1 9  0김태희44551.061우선적72 73 736263.054.027.41145 615301013 0 72115 61524167525 0↘→입13.636.739.613.5654136.441.2 89.9 90.5 60 80 4020   14.00   13.6011  7  0BU동52.04351414  .0 4.2 4.2707010 0숨은탄력보통주행82기 0 9 2     2 510⑨1:29.92    2.213.740.914.7  2 19  .00 9 7 -2 2.38513907921 6 9 5 50 4 9.01 3.10 2.5 3.6 62.8  104.7  312.0  240.812.73059 2 6 8 2▲  .439.50  .0214.1588.80 8.4717.8427.44 8172911.2123.2630.32 4
20250823토 6140011국551 4103 7혼전 4451맑음건조 4 5 9마이티아미      ARMY MUL얼터너티 9121.00한암 3     2 2  363      33000혼4서홍수조병태   1 7 9 7 315 2 2 1 0  0김태희42651.058우도적21 22 228022.040.014.51260 31129 52529192126191524166733 0↗↘입13.536.839.813.5553336.739.5 87.5 88.4 75 75 5025   14.40   15.10 5 -1  0UU동52.34371412  .8 3.0 3.8696910 0전개최상부중유리13관 0 2 1     2 2 3⑥1:27.5코    .314.038.713.6 -3  2  .00 6 9  2  .82728533770 2 9 8 81 3 5.0811.05 2.7 7.1 10.0  158.6  239.4  188.3  .03464 0 5 4 0― -.839.00  .1411.8189.00 3.16 7.0614.54 2 714 5.4811.8321.43 7
20250720일 9140011국452 5103 8혼전 4451맑음포화17 5 9마이티아미      ARMY MUL얼터너티 9121.00한암 3 0 0 2 3  43717:00 33000국4서홍수조병태   1 8 8 6 215 1 2 1 7  0김태희42451.064강선하46 47 479865.062.039.5 733 32447132529192126191524166733 0→↗입13.536.439.213.5936137.942.3 91.6 93.1100100 6733   13.40   15.90 4  2 -1UU동52.34371412 -.3 1.7 1.3919110 0전개최상전개최상80기 1 3 9     81010⑪1:31.64    5.414.441.615.1  4 -9  .0011 7  3 5.499849698 4 1 4 6 30 2 6.05 6.07     8.1 10.0   43.0   91.6   80.6  .04190 3 8 9 3▲ 1.040.40  .1117.5388.3214.6928.1539.5112264115.1227.1439.22 3
20250621토 51400 8국434 5 33 9혼전 4451흐림포화19 5 9마이티아미      ARMY MUL얼터너티 9121.00한암 3 0 1 2 3  53014:40 33000국4서홍수조병태   1 9 7 5 115 1 2 1 6  1문세영43352.073강도보59 62 629973.067.051.63745 02447132529464226192936156733 0↘↗입13.536.339.213.5956535.844.3 90.5 92.6100100 6733   13.40   14.2010-10  0UUUP52.34371412 -.5 1.5 1.0959510 2만회노력전개최상35기 0 1 1     1 2 7⑧1:30.56    4.213.443.215.9  4 12  .01 8 4  1 4.598 19998 6 2 4 4 21 5 5.03 8.05     3.1 13.5   24.1   65.8   15.0  .04698 3 9 9 3★ 1.440.40 -.1517.1088.2517.7735.3051.6318375314.8131.2246.78 4
20250413일10120011국424 4 2310혼전 4451흐림포화17 5 9마이티아미      ARMY MUL얼터너티 1925.00한암 3 0 1 2 4  72117:30 33000국4서홍수조병태   110 6 4 515 1 2 1 5  1김태희42152.072강도보65 77 779978.067.054.81743 53146162529192126191524166733 0↘→입13.536.538.113.5979237.540.0 76.8 77.8100100 6733   13.70   14.10 6  1  0VU동52.34371212-1.0 2.0 1.0939310 0편성불리전개최상 1기 011 4     4 710⑩1:16.8½   2.313.440.314.2  7-11  .0510 3 -1 2.88863838519 1 1 2 20 1 2.04 4.02     2.2  2.4   18.3   25.0    7.8  .06098 4 9 9 4☆ 1.739.60  .04 3.1775.2824.4741.8754.7513294621.0538.3835.58 2
20250301토 6120011국442 1 9311혼전 4451흐림건조 3 5 9마이티아미      ARMY MUL얼터너티 1925.00한암 3 1 1 1 5  86115:15 33000국4서홍수조병태   111 5 3 415 1 2 1 4  1이동하43252.083강도보83 35 3590  .062.036.21438 92858102529332026192524196733 0→↗선13.536.838.513.5737336.939.7 75.9 77.0100100 6733   13.60   13.70 6  5  0BU동52.34371212         8.0    10 0전개최상도주강력 1기 110 3     3 4 7⑧1:15.9코   1.013.739.714.1  4 -1  .09 8 4  3 2.07530766547 3 911 20 1 1.09 8.07     6.0  2.9   32.1   53.1   34.4  .03478 1 7 8 1▲  .939.10  .19 1.7175.6712.5124.9436.1818375313.3323.5378.12 3
20250119일 8120011국414 2 6312혼전 4451맑음건조 3 5 9마이티아미      ARMY MUL얼터너티 1925.00한암 3 1 1 2 5  95816:05 41250국4서홍수조병태   112 4 2 315 4 2 1 3  1문세영43352.093강도보94 35 3598  .070.053.04053 02858102529464226192936156733 0↗→입13.536.738.313.5858237.038.7 75.9 76.3100100 6733   13.70   13.50 5 -2  0NU동52.34371212         2.0    10 0전개최상전개최상 1기 0 5 3     3 3 5⑧1:15.9½    .913.639.113.7  7 -6  .09 8 1 -1 1.35438483851 2 410 10 4 2.04 2.06     5.2  7.1   38.9   72.1   57.210.66493 3 9 8 3▲ 1.638.90 -.13 1.2575.5024.6341.8552.9633536512.3722.3465.89 5
20241215일 61200 9국414 4 1313 2강 2251맑음양호 8 5 9마이티아미      ARMY MUL얼터너티 1925.00한암 2 1 1 2 6 107114:50 33000국4서홍수조병태   113 3 1 215 3 2 0 2  1문세영43952.093강도보97 35 3598  .070.063.440493029451025294642261929361599 0 0→↗입13.536.538.412.7967936.838.4 75.3 75.410010010050   13.40   14.30 6  4  0NU동52.54371210         1.0    10 0전개최상전개최상 1기 0 7 3     3 3 3②1:15.32     .013.738.513.5  0 -1  .00 2 2  1  .42425362082 2 4 9 22 3 4.02 6.07     3.4  7.7   18.3   37.4    4.8  .04998 4 9 9 4☆ 1.838.90 -.36  .5075.4528.2248.6963.43375669 9.4519.7378.30 5
20241103일 61200 9국534 4 8314 1강 1151맑음양호 7 5 9마이티아미      ARMY MUL얼터너티 1925.00한암 2 1 1 1 6 120014:50 24750국5서홍수조병태   114 2 1 115 2 1 0 1  1문세영44052.093강도보97 35 3599  .070.084.440493029451025294642261929361599 0 0→↗입13.536.538.312.7989736.438.5 75.0 74.9100100100**   13.60   13.00 5 -7 -1UUUP53.04331210         1.0    10 2마방기습전개최상 1기 0 3 1     1 1 1①1:15.03    -.513.438.714.3  0  7  .00 1 1 -1  .011 9391293 1 1 9 11 2 1.06 3.08     4.9  1.9   10.2   14.6   16.6  .06099 4 9 9 4☆ 2.538.70 -.91  .1075.3953.8573.2484.4038597118.4629.9396.68 4
20240928토 1100012국640 1 4315 1강 1155맑음건조 5 5 9마이티아미      ARMY MUL얼터너티 1925.00한암 2     9 7 132510:35 24750국6서홍수조병태   115 1 1 115 1 0 0 0  0문세영43353.093평무보   35 3540  .068.060.14455 0226314252946422619293615      →→입13.537.137.812.6    36.137.1 61.6 61.6              13.50   12.90        LN동       10 0                 0 0일반주행마방기습 1기 010 2     2 1 1①1:01.6목   -.113.637.513.0 -1 15  .00 1 2  0  .011 316 287 7 7 8 11 1 2.0810.07     3.1  3.0   41.9   60.5  143.612.03074 2 7 7 2△ 1.537.60 -.67-13.362.7131.4050.8460.14385971 8.8217.2526.72 9
20260815토 5120010국5 4 7  6 0혼전 4459           510터보차지        언캡처드선기어   6423.00한암 4 0 0   1    016:15 24750국5강환민송암축산 2 01614 818 6 1 218  0김태현   52.553평입보50 47 474525.048.030.3 650 318511123 9301318202111167525 0→↘선13.636.739.214.37913                   17 11 44 6   13.60   14.50 4  4  0VHDN53.54631712-2.0 8.2 6.2434313-1일반주행보통주행 1   010                            13.6    14.5        .0                       4 8 6 6  6                                              .01924 0 4 5 0― -.239.20  .03     76.00 9.6720.4330.28 5132210.4220.9730.56 5
20260719일 4130011국523 5 76 1 1강 1151흐림포화16 510터보차지        언캡처드선기어   4827.00한암 4 0 0 2 1   47      24750국5강환민송암축산 2 11513 518 5 1 217  0김태현47752.553평선상40 37 373711.044.020.7 650 318511123 9301318202111167525 0→↘선13.636.939.714.2781936.941.4 82.9 84.6 18 12 41 6   13.30   14.10 3 -3  0NH동53.54631712-2.6 9.0 6.4494913 0일반주행최적거리 5   0 6 4     4 4 6⑥1:22.96    1.713.640.714.5 -1  6  .00 6 7 -2 2.28319928430 4 8 6 62 5 1.04 1.10 2.0 3.7  2.0    8.6   12.4    8.513.41524 0 4 3 0― -.240.50  .37 7.9783.03 4.9012.2720.65 3 817 2.70 8.7516.60 7
20260628일 5130011국554 2106 2혼전 4451맑음건조 3 510터보차지        언캡처드선기어   4827.00한암 4 0 0 9 1   46      24750국5강환민송암축산 2 21412 418 4 1 216  0김태현47152.553평선보20 19 1928 7.039.011.5 650 318511123 9301318202111167525 0→↘선13.636.939.714.2781536.840.0 81.9 83.2 19 13 3113   13.50   14.80 2  0  0LHDN53.54631712-1.8 9.0 7.2414113-1숨은복병최적거리64기 0 9 6     5 6 8⑥1:21.9½   1.213.339.914.1 -3-16  .00 6 9 -2 1.54713714441 5 911 82 4 1.02 8.03 2.9 5.7  2.9    5.7   10.0    8.413.41922-1 2 3-1▽ -.940.20  .65 6.5783.03 2.21 6.2611.45 2 714 1.77 4.8110.96 9
20260613토 3140011국554 6106 3혼전 4451맑음건조 3 510터보차지        언캡처드선기어   4827.00한암 4 0 0 2 1   18      24750국5강환민송암축산 2 31311 518 3 1 215  0김태현48752.553평선상52 62 625119.048.017.7 650 318511123 9301318202111167525 0→↘선13.636.639.914.269 836.741.1 90.5 90.1 20 20 4013   13.50   14.60 6 -1  0LH동53.54631712-1.8 8.6 6.8474713 0일반주행탄력호전55관 0 9 2     2 2 8⑩1:30.5½   2.113.541.314.8 -1 11  .001011  4 3.07725878024 211 7 81 3 2.0110.07 3.3 6.6  4.0    6.6   13.0    8.1  .01534 0 4 4 0― -.239.60  .1313.5588.93 4.1310.3417.72 2 714 2.63 9.1716.36 8
20260502토 4140011국532 9 86 4혼전 4451흐림건조 3 510터보차지        언캡처드선기어   4827.00한암 4 0 0 1 1  117      24750국5강환민송암축산 2 41210 418 2 1 114  0김태현47652.553평입보21 21 213913.040.013.7 650 318511123 9301318202111166733 0→↘선13.636.639.914.270 835.541.3 90.3 88.6 14 14 3614   14.00   13.80 4  6  0BHUP53.84581712-1.0 8.6 7.6383813 2일반주행조교부실15관 010 2     2 1 2②1:30.31½   .013.542.014.6 -5  9  .00 2 7  0  .331 1905591 1 9 9 81 2 1.07 6.10 2.5 3.8  2.5   32.9   45.3   96.3  .01524-2 3 3-2▽ -.939.20  .2312.0788.93 3.07 8.1613.69 2 714 2.60 8.8618.75 6
20260405일 51200 9국532 7 86 5혼전 4451맑음양호 6 510터보차지        언캡처드선기어   6423.00한암 4 0 0 1 1   69      24750국5강환민송암축산 2 511 9 718 1 1 113  0김태현46752.553평입상50 55 554828.045.021.8 650 318511123 9301318202111166733 0→↘선13.636.839.214.2731537.938.8 77.0 76.6 15 15 3115   14.10   13.0021  0  1UN동53.84581712-1.2 8.8 7.6404013 0일반주행급신장세40기 0 4 8     8 7 7⑦1:17.0코   1.614.039.113.8  0 -6  .00 7 7 -4 1.96880516935 4 6 4 60 1 1.05 9.07 2.2 4.8  2.2    8.5   14.3   13.4  .01531 0 5 4 0― -.438.90  .20  .6376.06 4.8611.1621.80 51322 3.7516.1825.75 6
20251109일 6120011국554 6106 6 1강 1151맑음건조 3 510터보차지        언캡처드선기어   6423.00한암 3     2 3  422      24750국5강환민송암축산 2 610 8 618 1 1 1 0  0푸르칸47352.080평입하10 10 1026 4.034.010.73271211554 023 916 018201424216733 0→↘추13.636.839.214.2701737.338.8 75.9 76.2 17 17 3317   14.20   15.90 5 -2  0UUDN53.84581712  .2 7.6 7.8383813-5발길대로보통주행 5기 0 4 8     7 8 8⑦1:15.9¾    .613.938.713.5 -4  2  .00 711  2 1.05255505162 51011110 1 2.08 7.08 2.8 7.3  4.4   63.3   90.9  168.6  .01315-3 2 2-3▼-1.338.80  .52  .1876.06 1.41 4.5010.69 1 2 5  .97 2.80 7.4111
20251004토 5170011국552 6106 7혼전 4451맑음다습10 510터보차지        언캡처드선기어   4827.00한암 3 0 0 1 2  227      24750국5강환민송암축산 2 7 9 7 118 1 1 111  0이혁  47152.080평입상37 38 382328.056.029.51331 51450 623 925 018202821196733 0↘↗선13.639.141.714.2851339.545.3117.5117.6 18 18 3618   13.80   13.90 4 -3  0NUUP53.84581712  .8 7.2 8.0424213 5숨은탄력거리속성70기 0 6 5 5 6 91110⑩1:57.519   5.114.245.615.9  1 -9  .0010 9  0 5.598319898 5 3 8 8 50 1 3.04 8.01 2.2 5.3  5.4   26.5   46.1   63.112.73070 2 5 6 2―  .542.60 -.0236.80113.6 8.4218.9329.53 81729 3.2314.8923.15 6
20250907일 6120011국553 5106 8 1강 1151맑음다습14 510터보차지        언캡처드선기어   6423.00한암 3 0 0 1 2  310      24750국5강환민송암축산 2 8 8 6 518 3 1 110  0임다빈48052.077평선보29 34 346118.047.025.72050 81450 623 936 018201424246733 0→→추13.636.839.214.2741537.238.9 74.9 76.3 20 20 4020   13.60   15.00 6  3  0LUDN53.84581412 1.4 6.2 7.6464613-2일반주행조교부실20관 0 9 6     6 5 6⑧1:14.92½   .913.838.513.9 -1 18  .00 8 9  2 1.75548535152 3 8 8 52 3 2.07 6.07 2.2 5.3  4.2   24.6   41.7  275.9  .01539 0 4 3 0―  .038.80  .09  .2876.06 6.5316.0625.71 3 817 6.0213.1120.76 8
20250726토 3140010국521 8 76 9 1강 1151맑음건조 4 510터보차지        언캡처드선기어   4827.00한암 3 0 0 9 3  43212:15 24750국5강환민송암축산 2 9 7 5 318 2 1 1 9  0임다빈46252.078평선상37 38 385954.055.032.21846 51554 023 936 018201424246733 0↗→추13.636.739.814.0651535.941.9 89.8 89.8 22 22 3322   13.70   14.80 6 -2 -1NUUP53.84581412 1.6 5.0 6.6575713 1일반주행작전마주24관 0 6 3     4 3 5⑥1:29.81¾  1.313.641.615.0 -1  6  .00 6 7 -1 2.272 2958343 2 5 7 52 2 8.02 5.10     4.7 36.9   78.9  286.4   34.8  .02050 0 6 6 0―  .539.40 -.2413.2588.93 8.9520.6132.21 9183510.3421.7434.49 4
20250614토 4130011국554 510610혼전 4451맑음건조 3 510터보차지        언캡처드선기어   4827.00한암 3 0 0 2 3  55113:45 24750국5강환민송암축산 210 6 4 318 1 1 1 8  0임다빈45652.578평선하24 37 375135.054.025.51846 51554 023 936 018201424246733 0↗→추13.537.039.413.8714137.040.4 82.9 83.2 25 25 3825   14.10   14.30 4  4 -2NH동53.84581412 1.4 4.2 5.6656513 0숨은탄력최적거리74기 1 8 6     6 4 6⑦1:22.9¾   1.213.740.414.8 -1  2  .00 7 8  3 1.54822816743 5 6 8 72 1 3.01 4.05     5.8  5.3    5.8   12.1   12.613.41954 0 5 6 0―  .340.10  .38 6.7682.90 7.6516.8525.48 41118 5.1015.0822.48 7
20250518일 4130011국554 710611혼전 4452맑음다습13 510터보차지        언캡처드선기어   4827.00한암 3 0 0 2 4  62212:45 24750국5강환민송암축산 211 5 3 218 6 1 1 7  0이동하45454.086기선적38 39 397344.059.032.831621220561223 9233118202524196733 0↗↘선13.536.939.513.8803738.138.9 84.2 83.7 29 29 4329   13.60   15.20 3 -3  2UNDN53.84581412  .6 4.2 4.8686813-1일반주행기복전력52기 1 4 7     8 9 8⑧1:24.21    1.014.139.514.3  3  2  .00 8 5 -2 2.06572365151 3 8 7 60 7 2.03 1.06     6.9  4.1    3.5    7.7    8.813.42958 2 6 7 2―  .740.30  .16 7.2982.9010.7921.7832.83 5132214.4622.3530.90 6
20250427일 2140011국543 5 9612 3강 3351맑음양호 7 510터보차지        언캡처드선기어   4827.00한암 3 0 0 9 4  68711:00 24750국5강환민송암축산 212 4 2 218 5 1 1 6  0이동하45252.086평선하55 66 666430.053.019.631621220561223 9233118202524196733 0↗↘선13.636.839.613.8593036.341.4 91.2 90.0 33 33 3333   14.30   14.30 5  0 -2NUUP53.84581412 -.6 4.0 3.4686813 2일반주행보통주행 1기 1 7 3     2 2 8⑪1:31.2½   1.913.642.015.2  4-12  .0011 7  3 2.67710918126 3 9 7 81 6 2.06 5.04     5.4  3.5   17.0   23.9  238.612.11847 0 5 4 0―  .239.30  .1313.5888.86 5.1412.0219.56 41118 3.5111.5619.41 8
20250322토 5120011국554 810613혼전 4451맑음건조 4 510터보차지        언캡처드선기어   6423.00한암 3 0 0 2 4  79914:25 24750국5강환민송암축산 213 3 1 418 4 1 1 5  0이동하46454.088기선보89 92 925965.064.037.031621220561223 9233118202524196733 0↗↘선13.637.138.713.7515237.439.1 77.8 76.3 40 40 4040   13.70   13.70 5  1 -1NVDN53.84581412-1.6 5.2 3.6585813-1일반주행작전마주 1관 1 7 9    1010 9⑥1:17.81     .414.340.114.3  2  2  .00 6 4  3  .95559596370 8 5 2 33 5 3.11 3.02     7.2  5.0  156.2  254.3  694.210.52060 0 7 7 0― 1.038.50 -.12  .4875.9513.4126.2236.9712264113.4025.7130.38 3
20250216일 2130011국652 4 5614혼전 4451흐림건조 4 510터보차지        언캡처드선기어   4827.00한암 3 0 0 2 5  89811:00 16500국6강환민송암축산 214 2 5 118 3 0 1 4  0이동하46254.584평도상78 85 855165.067.034.01438 91845 823 9233118202524195050 0→↗선13.637.239.513.7553737.038.2 82.5 81.7 25 25 5025   14.10   13.50 6 -3  1NNDN53.54571412-2.0 6.3 4.3505014-1일반주행거리속성 1기 0 6 1     1 1 1①1:22.51½  -.213.739.213.7  0  4  .00 1 1 -3  .0 62215 490 3 8 3 51 4 1.06 6.01     4.1  2.2   22.0   29.7   18.413.42249 1 7 5 1― 1.239.60 -.05 5.0483.1011.7922.2933.96 8172910.3222.1317.80 3
20250104토 3140011국620 5 7615 3강 3359맑음건조 3 510터보차지        언캡처드선기어   4827.00한암 3 0 0 1 6 101811:25 16500국6강환민송암축산 215 1 4 118 2 0 0 3  0이동하45854.091하자상43 50 507378.074.067.72747 72150 923 923311820252419 099 0→→선13.536.739.913.7661237.338.0 90.1 88.1  0  0 67 0   13.30   14.20 4  3  1NVUP53.04551412-2.0 7.0 5.0383812 2뒷심부족작전마주 1관 0 9 1     1 1 1②1:30.12½   .014.139.113.5 -2  3  .00 2 4 -1  .41860 8 980 1 8 2 11 3 1.04 1.09     2.4  1.8    7.6   10.2    6.5  .03783 3 8 7 3▲ 1.739.00-1.2511.5089.0030.3152.4567.7138587231.7553.1551.34 1
20260815토 6170011국5 3 8  7 0혼전 4455           6 1블랙러시안      카우보이라이브옥 5932.00한거 4 0 0   1    017:05 24750국5성상현박재용  99 01610 323 3 0 222  0서승운   52.584평입보50 53 532840.063.042.32538171874 31532 0 02816283016502525↗↘선13.939.441.314.17327                   11 21 32 0   14.00   13.70 4  0  0UHDN53.54511814-2.2 7.8 5.6565614-1일반주행거리속성 1   0 1                            14.0    13.7        .0                       5 7 7 2  3                                            12.72956 2 6 8 2▲ 1.041.30 -.24     113.617.5031.0742.34194056 8.8216.0526.64 6
20260718토 5180010국541 5 97 1혼전 4452흐림불량20 6 1블랙러시안      카우보이라이브옥 5139.00한거 4 0 0 2 1   56      24750국5성상현박재용  99 115 9 323 2 0 221  0서승운46752.585평입보20 33 333330.057.034.72538171874 31532 0 02816283016502525↗↘선13.940.140.814.2561539.941.0118.0119.8 11 22 33 0   14.10   14.20 6  0  0UH동53.54511814-2.0 8.2 6.2505014 0뒷심부족거리속성 5   0 1 4 3 3 4 3 3⑤1:58.0¾    .714.040.013.7  1  5  .00 5 4  0 1.96339615158 3 8 8 52 2 1.02 4.08 3.0 6.3  3.0    6.4   10.0   27.1  .02559 1 6 5 1―  .640.90 -.3438.88118.911.8923.9634.68 51325 5.2614.5323.74 8
20260606토 5180011국531 8 37 2 1강 1151맑음양호 7 6 1블랙러시안      카우보이라이브옥 5139.00한거 4 0 0 1 1  116      24750국5성상현박재용  99 214 8 223 1 0 220  0서승운46252.585평입상48 42 422852.061.049.62538171874 31532 0 02816283016333333↗↘선13.840.240.814.1481739.041.9122.0120.5 12 24 29 0   13.70   13.80 4  0  1UNUP53.84471814-1.8 8.8 7.0424214 4부중유리거리속성72기 1 1 1 1 2 2 2 2③2:02.01½   .314.141.514.2 -1  2  .00 3 4 -5  .476 9805272 4 6 6 21 1 3.01 4.06 2.0 2.5  7.0    7.0   21.3   28.512.03269 2 7 6 2― 1.240.90 -.7139.46118.919.9535.8049.64204258 7.3220.2436.76 5
20260510일 3140011국511 7 67 3 1강 1153맑음건조 5 6 1블랙러시안      카우보이라이브옥 5932.00한거 4 0 0 2 1   68      24750국5성상현박재용  99 313 7 823 3 0 219  0임기원46051.588평입보51 43 434044.058.044.51938101874 31532 0 0281623321650 050↘↗입13.937.039.714.2501337.438.8 90.0 88.5 13 19 25 0   13.90   13.50 4 -8 -1UU동55.04411814 -.4 8.6 8.2353514 0일반주행최적거리50기 0 1 2     3 3 3③1:30.03     .613.739.513.8 -6 -5  .00 3 9 -2  .92764243065 6 8 6 22 3 1.02 8.09 1.4 3.5  1.4    3.5    4.6   21.1  .02052 0 6 5 0―  .838.80 -.6811.7689.0715.1530.5144.4820425815.0025.1637.05 4
20260412일 6140011국541 7 97 4혼전 4451맑음다습12 6 1블랙러시안      카우보이라이브옥 5932.00한거 4 0 0 2 1   67      24750국5성상현박재용  99 412 6 723 2 0 218  0임기원46552.088평입보34 28 2846  .056.025.81938101874 31532 0 0281623321650 050↘↗입13.936.939.714.3631037.538.9 88.7 88.5 13 13 27 0   13.70   13.00 3  0 -1NU동55.04411814  .4 6.6 7.0424213 0교체실패보통주행60관 1 9 7     6 6 8⑧1:28.7코   1.013.938.913.5 -3 -1  .00 811    2.53171314352 4 8 8 72 2 1.0310.04 2.4 4.3  2.4    7.3   10.4   92.7  .01936 0 5 6 0―  .438.90 -.1411.9489.00 7.7316.5125.82 4111812.3721.6754.78 4
20260321토 6140010국550 9 57 5혼전 4451맑음건조 5 6 1블랙러시안      카우보이라이브옥 5932.00한거 4 0 0 2 1   58      24750국5성상현박재용  99 511 5 623 1 0 218  0임기원  052.588평입보34 32 325636.054.024.51938101874 31532 0 0281623321650 050↘↗입13.936.739.814.374 8                   13 13 27 0   14.50   13.30 5 -2 -1NUUP55.04411814  .4 5.2 5.6525213 2마방연대부중유리34관 1 9                    취소    14.5    13.3     0  .07                      3 7 8 60 1 2.04 7.04 2.7 4.7  4.5   11.0   19.7   19.0  .02960 0 5 5 0―  .439.80 -.03     88.93 6.4614.7924.46 51221 8.4215.3826.56 6
20260214토 6120011국514 7 67 6혼전 4451맑음건조 3 6 1블랙러시안      카우보이라이브옥 5728.00한거 4 0 0 2 1   89      24750국5성상현박재용  99 610 4 423 1 0 217  0김태훈46653.572하입하21 27 275629.052.019.61856 81874 315322511281612252150 050↗→입13.936.939.114.3851538.138.2 76.6 76.2 14  0 21 0   14.10   14.20 4  7  1VNDN55.04411814  .4 5.2 5.6525213-5마방기습마방연대94기 11111    111111⑨1:16.6½   1.614.538.213.3 -2  8  .00 911  5 1.95588275835 61010 80 4 1.02 3.05 1.7 4.3  1.7    4.3    6.0   10.9  .03157 0 4 5 0―  .138.70  .26  .2276.06 4.5712.2919.62 2 610 5.0811.4017.95 9
20260117토 6170011국551 4107 7 1강 1141맑음건조 5 6 1블랙러시안      카우보이라이브옥 5932.00한거 4 0 0 2 1   79      24750국5성상현박재용  99 7 9 3 223 1 0 216  0장추열45853.093평입보26 29 295325.049.021.02950121874 31532 0 0281620272250 050↘↗입13.939.241.614.3851039.142.2113.6114.7 15  0 15 0   14.20   14.30 5 -2 -1VUDN55.04411814 -.2 5.0 4.8565613-1마방승부마방기습26관 0 4 3 3 2 4 5 7⑧1:53.6목   1.714.141.114.2  2  3  .00 8 6 -1 2.68016796331 211 9 52 1 4.02 5.02 2.8 5.5  8.2    9.0   23.9   26.8  .02578 0 4 4 0― -.142.10  .1933.89113.6 4.5010.8821.03 31016 3.7910.8319.53 6
20251214일 7180011국550 4107 8 1강 1152맑음포화18 6 1블랙러시안      카우보이라이브옥 5139.00한거 3 0 0 2 1   91      24750국5성상현박재용  99 8 8 2 123 2 0 215  0씨씨웡45553.593평입하34 32 325320.053.027.43456111874 31532 0 0281621252250 050→↘선13.839.541.014.392 539.641.8118.9120.8 17  8 33 0   14.10   15.20 2 -3  0NHUP55.04411814-1.4 5.4 4.0636313 1마방연대마방승부46기 0 6 4 4 4 2 2 4⑦1:58.94    1.714.240.814.3  0 -5  .00 7 7 -1 2.48427806829 1 8 7 61 2 1.06 5.10     5.3  2.7   34.9   53.9   60.2  .02958 0 5 4 0―  .441.70 -.0440.25118.7 7.8917.2127.44 71828 3.3011.3020.43 5
20251129토 6170011국550 4107 9혼전 4451맑음다습10 6 1블랙러시안      카우보이라이브옥 5932.00한거 3 0 0 9 1   83      24750국5성상현박재용  99 9 7 1 123 1 0 214  0씨씨웡46053.593평입보73 77 777255.065.038.33456111874 31532 0 0281621252250 050→↘선13.839.041.714.395 938.942.6113.6113.9 18 18 36 0   14.10   14.30 3  2  1NNUP55.04411714-1.4 4.8 3.4636313 3전개최상마방연대70기 0 9 3 3 2 3 2 5⑨1:53.63    1.814.142.815.2  1  6  .00 9 8  7 2.061 9856828 110 5 40 1 1.04 5.02 2.6 6.3  2.6    9.6   12.9   13.1  .03490 1 7 7 1△ 1.142.20 -.1533.23113.613.7426.5038.29183753 8.7522.1032.32 5
20251109일 41400 9국640 9 9710 1강 1159맑음건조 3 6 1블랙러시안      카우보이라이브옥 5932.00한거 3 0 0 2 1  140      16500국6성상현박재용  9910 614 623 3 0 113  0우인철45453.073평입보47 84 849286.072.085.62048101874 31532 0 0281610262350 050↘↘입13.836.539.914.388 736.240.3 90.4 88.4 10 10 30 0   13.80   14.30 3  5  0NU동55.04411414-2.4 6.4 4.0575713 0신뢰마주전개최상43기 0 7 4     4 2 1②1:30.42     .014.140.914.3  1  8  .00 2 1 -3  .328 8765091 1 4 1 12 3 2.01 3.07 3.0 5.7  3.2    5.7   10.9   16.012.04187 2 8 7 2▲ 1.739.30-1.6012.0388.8642.0468.6985.5738597141.3875.0095.31 1
20251018토 3140011국631 9 8711 2강 2251흐림불량20 6 1블랙러시안      카우보이라이브옥 5932.00한거 3 0 0 2 2  21811:25 16500국6성상현박재용  9911 513 523 2 0 012  0우인철44653.063평입상61 62 626870.069.055.91620 83850171532 0 02816102623 0 099→↘입13.836.639.814.376 936.340.3 89.5 89.0  0 11 22 0   13.80   14.10 4 -5  0UU동57.04361414-1.8 6.8 5.0474713 0신뢰마주신뢰마주65기 0 2 2     2 3 1②1:29.51¼   .013.840.314.3 -2  1  .00 2 4 -1  .349 8765190 4 3 5 21 2 2.04 4.02     5.5  5.1   44.9   73.8  129.8  .03770 3 7 6 3△ 1.639.30 -.8112.6188.8625.2144.1555.8519405518.5634.0446.98 2
20250920토 3140011국621 9 7712 1강 1148맑음포화18 6 1블랙러시안      카우보이라이브옥 5932.00한거 3 0 0 2 2  28214:55 16500국6성상현박재용  9912 412 423 1 0 011  0우인철44557.063하입보31 35 355829.059.043.91620 83850171532 0 02816102623 0 099→↘입13.836.839.814.3601036.440.3 89.1 88.4  0  0 13 0   14.70   13.80 3 -3  0NNUP57.04361412-1.8 7.0 5.2454513 1신뢰마주신뢰마주 6기 0 7 4     4 3 4④1:29.11¼  1.013.840.414.1 -1  9  .00 4 5  0 1.12614765753 4 2 4 32 1 3.02 9.01     3.5  6.7    9.6   27.4   15.3  .02746 0 5 5 0―  .739.00 -.6211.7789.0013.2728.0543.86 91835 8.0017.5722.34 4
20250831일 2130011국611 5 1713 1강 1159맑음다습13 6 1블랙러시안      카우보이라이브옥 5932.00한거 3 0 0 9 2  33611:00 16500국6성상현박재용  9913 311 423 1 0 010  0김정준43657.079하입보46 56 565672.065.048.41960 63850171532 0 02816142026 0 099↘↗추13.837.139.614.3682439.039.2 83.1 83.5  0  0 13 0   13.70   14.1010  5  0LN동57.04361412 -.6 6.6 6.0383813 0신뢰마주신뢰마주51관 01010     9 9 9⑧1:23.12½  1.614.739.213.8  3  0  .05 8 5 -4 1.85995498433 4 3 2 30 1 3.1011.08     2.7 10.0  303.6  511.1   88.3  .02776 0 6 6 0― 1.140.10 -.44 6.7983.1016.0632.0848.4112253820.5935.1437.28 3
20250622일 2130011국650 810714혼전 4459맑음포화15 6 1블랙러시안      카우보이라이브옥 5932.00한거 3 0 0 2 3  52411:00 16500국6함완식박재용  9914 210 323 1 0 0 9  0조인권43657.068하입하25 30 305315.047.026.11729 817331415 513 02211242513      →↘선13.837.239.514.4643036.940.2 82.5 83.0  0  0  0 0   14.10   15.20 8 -1  0NLDN       1412-1.0 7.4 6.4424213-1일반주행신뢰마주10관 0 5 4     6 7 7③1:22.53     .513.740.014.1 -6  2  .00 3 9  4  .94317775666 5 2 6 73 2 1.0511.08     7.0  3.3   11.1   23.3  159.413.22750 0 3 3 0― -.339.90  .17 6.3283.10 7.7016.2026.06 41118 4.00 9.9410.32 7
20250426토 3140010국620 9 7715 1강 1169맑음양호 9 6 1블랙러시안      카우보이라이브옥 5932.00한거 3 0 0 9 4  69612:45 16500국6함완식박재용  9915 1 9 323 2 0 0 8  0김태훈43457.069하무상19 29 292813.044.021.51033 62150 515 513112211122521      →↗입13.737.239.714.1302436.841.2 91.8 89.8  0  0  0 0   14.00   14.90 4 -1  1NL동       1412 -.2 8.0 7.8333313 0일반주행거리탄력 1기 1 6 4     4 4 3⑥1:31.82    1.714.142.015.2  1  0  .00 6 5 -4 1.87329908633 3 3 5 82 3 7.01 9.02     2.9 22.1   18.4   62.0   16.4  .01523 0 3 3 0― -.238.90 -.2012.9089.21 4.9812.6021.46 3 817 2.60 8.7512.66 8
20260815토 6170011국5 3 8  8 0혼전 4455           6 2알파피메일      투아너앤다크레이 5932.00한암 4 0 0   1    017:05 24750국5이동국(주)쎄쎄 0 014 3 513 1 1 013  0오수철   52.561기선적50 52 524224.046.026.6 720 61360 7 8 0 2 021 611221599 0 0↘↗입13.939.142.114.991 4                   27 18 64 0   13.60   15.10 4  0 -1HUUP55.04782017  .6 4.8 5.4535317 4일반주행기복전력 1   0 2                            13.6    15.1        .0                       111 9 4  1                                              .02248 1 5 5 1―  .042.10 -.16     113.9 7.5017.3726.62 2 612 7.3517.2825.48 3
20260719일 4130011국523 5 78 1 1강 1151흐림포화16 6 2알파피메일      투아너앤다크레이 5932.00한암 4 0 0 2 1   47      24750국5이동국(주)쎄쎄 0 113 2 413 1 1 012  0송재철48353.077기선보18 21 2172 7.038.016.41744 81360 7 8 021 021 619252099 0 0↘→입13.936.840.014.9971036.943.0 84.6 86.3 27 18 64 0   13.40   14.90 3 -7  1HNDN55.04782017  .4 4.2 4.6525217-1마번불리기복전력 5   0 2 3     3 6 8⑨1:24.61½  3.413.642.315.1  4 -5  .09 9 5 -2 3.997199896 9 111 9 82 1 1.04 1.10 2.0 3.7  2.0    8.6   12.4    8.5  .02048-1 3 2-1▽ -.641.00  .39 9.4783.16 3.66 9.1516.39 1 4 9 2.70 6.2513.04 8
20260628일 4140011국553 4108 2혼전 4451맑음건조 3 6 2알파피메일      투아너앤다크레이 5932.00한암 4 0 0 9 1   47      24750국5이동국(주)쎄쎄 0 212 1 313 1 1 011  0이혁  48852.579기선보51 46 463315.034.0 8.02156 51360 7 8 0 0 021 628211999 0 0↗↘선13.936.540.214.991 636.341.5 89.8 90.3 30 20 60 0   13.80   13.5035  6 -3BUDN55.04782017  .4 4.2 4.6525217-3강단마필마번불리34관 0 9 5     3 3 8⑪1:29.8머리 2.213.441.514.9  4  9  .0011 7  6 2.280 9918019 311 7100 2 1.03 4.06 2.8 5.4  2.8    3.4    5.7    8.1  .02316-4 2 1-4▼-1.439.70  .2713.5689.07 1.04 3.21 7.96 1 4 8 3.33 8.5616.01 8
20251026일 4170011국611 8 68 3혼전 4459흐림양호 6 6 2알파피메일      투아너앤다크레이 5932.00한암 3 0 0 9 4  692      16500국6이동국공이공팔-1 31111 413 1 0 010  0문세영47955.073평입보18 36 367857.066.050.3455525 899 0 813335421 629361599 0 0→↘입13.939.242.015.081 339.240.4113.9112.1 22 11 56 0   14.20   14.40 4  0  0HN동55.04772013  .4 5.0 5.4383817 0일반주행마방승부 5관 0 3 1 1 1 1 1 1①1:53.92    -.314.141.014.3  0 -1  .00 1 1 -1  .0 81729 993 110 6 21 1 1.06 3.06 2.0 8.1  2.0   16.0   22.1  136.012.72988 2 7 7 2△ 1.241.70 -.6930.93113.922.0337.1150.2918375312.5032.1243.22 1
20250927토 4170011국650 8 58 4 2강 2251맑음다습11 6 2알파피메일      투아너앤다크레이 5932.00한암 3 0 0 9 2  260      16500국6이동국공이공팔-1 41010 313 1 0 0 9  0조재로48055.087평입상51 55 555948.052.029.12338 7 725 0 81335 021 619252299 0 0→↗입13.939.242.114.983 339.141.6114.9114.1 22 11 56 0   14.10   14.30 4  0  0HN동55.04772013 -.2 6.4 6.2303017 0뒷심부족최적거리28관 1 3 2 2 2 2 2 2⑤1:54.91¾   .914.241.614.4  3  0  .09 5 2  0 1.36513694753 111 5 31 5 1.04 1.02 1.9 4.2  1.9    7.8   11.5   20.3  .02367-1 5 4-1▽  .142.00 -.2632.78114.0 6.8718.5129.0515324614.2927.2739.30 3
20250830토 11700 8국610 9 18 5 1강 1154맑음불량20 6 2알파피메일      투아너앤다크레이 5932.00한암 3 0 0 9 2  347      16500국6이동국공이공팔-1 5 9 9 213 1 0 0 8  0장추열48055.093하입보 6  8  83723.055.045.8335118 725 0 813 94221 620272299 0 0↗↘입13.839.342.114.980 338.740.8111.6112.2 13  0 50 0   14.10   16.9012 -6  0HNDN55.04772013 -.2 6.0 5.8363617-3숨은복병휴양불리68기 1 3 1 1 1 1 1 1③1:51.61½   .214.140.614.3  1  4  .00 3 2 -7  .511 5481278 1 6 7 31 1 1.04 4.02 1.4 2.7  1.4    6.2    8.4    6.3  .01975 0 5 5 0―  .541.60 -.7030.76114.011.5928.2145.82122538 8.6219.8337.29 4
20250608일 72000 9국611 7 18 6 1강 1159맑음건조 3 6 2알파피메일      투아너앤다크레이 7636.00한암 3 0 0 2 3  55716:05275000국6안해양공이공팔-1 6 8 8 113 4 0 0 7  0조재로47655.087하입상 6 20 203027.045.024.1284418 940 0172218 0211319252299 0 0↘→입13.839.141.314.9731039.245.2139.1137.8 14  0 57 0   14.20   15.30 3  0  0NNUP55.04772013 -.2 6.6 6.4232317 3뒷심부족거리부담 5   0 9 6 6 5 7 8 8⑧2:19.119   7.414.145.716.9 -1 -1  .00 8 9  4 7.898459797 5 7 8 4 60 4 2.01 2.07     2.2  6.1    2.2    9.9    2.7  .02315-3 4 2-3▽ -.641.10 -.2757.44131.8 6.0414.0524.07 51322 3.8810.0810.36 9
20250518일 3170011국610 9 68 7 1강 1156맑음다습14 6 2알파피메일      투아너앤다크레이 5932.00한암 3 0 0 2 4  62311:25 16500국6안해양공이공팔-1 7 7 7 113 3 0 0 6  0조재로47755.083하입하 8  9  931 9.042.018.02965 71443 5172218 02113192522      ↗↘입13.839.142.014.993 538.943.3114.7114.0  0  0 50 0   13.70   15.90 5  5  0BNUP       1713 -.8 7.6 6.8222213 3일반주행거리속성78관 2 9 1 1 1 1 1 1④1:54.7¾    .214.243.215.3 -1 -4  .00 4 5  1  .361 9928476 1 811 81 311.01 1.11     4.2 85.3   75.9  368.4  264.6  .01535-2 3 3-2▽ -.542.10  .1032.85113.8 4.3710.6017.96 2 711 3.23 6.9413.58 8
20250413일 2140010국611 9 18 8 2강 2259흐림포화16 6 2알파피메일      투아너앤다크레이 5932.00한암 3 0 0 2 4  72911:00 16500국6안해양공이공팔-1 8 6 6 213 2 0 0 5  0조재로48155.083하입보12 14 145624.048.029.92965 71443 5172218 02113192522      ↗↘입13.836.740.514.675 435.843.3 92.3 91.1  0  0 40 0   13.90   15.40 6  3  1HN동       1413-1.0 8.3 7.3212113 0일반주행보통주행 1관 1 4 3     3 4 7⑦1:32.39    2.813.744.015.9  3 -4  .00 7 4 -1 2.891 1989416 2 5 5 52 2 5.01 5.09     2.7  6.6    8.3   18.0   40.6  .01541 0 4 3 0― -.139.70 -.6213.8589.41 6.9616.0729.91 71425 5.4915.5620.63 5
20250302일 3140010국650 9108 9 1강 1156흐림건조 4 6 2알파피메일      투아너앤다크레이 5932.00한암 3 0 0 1 5  85411:25 16500국6안해양공이공팔-1 9 5 5 113 1 0 0 4  0조재로48554.085하입상14 13 134516.044.018.31638 91138 4172218 02113192522      ↘↗입13.936.940.414.661 536.041.7 92.1 90.1  0  0 25 0   14.20   14.30 6  0  0HNUP       1413 -.7 8.0 7.3161613 1일반주행거리부담 1관 0 1 1     1 1 4⑤1:32.12½  1.913.942.715.4  0 -7  .00 5 5 -4 2.079 3938129 2 810 91 110.01 5.03     5.6 60.4   89.2  322.7   93.5  .01539-1 3 4-1▽ -.439.30 -.3712.8089.48 3.88 9.1818.31 1 4 8 2.97 8.5715.94 9
20250119일 3130011국631 3 8810 2강 2257맑음건조 3 6 2알파피메일      투아너앤다크레이 5932.00한암 3 0 0 2 5  96311:25 16500국6안해양공이공팔-110 4 4 313 2 0 0 3  0빅투아49254.088하입상 9 10 1019 6.032.0 8.61745 61138 4172217452113222818      ↘↗선13.737.040.015.080 337.639.5 84.3 83.8  0  0 33 0   14.30   14.20 7 -4  0HN동       1313 -.5 8.5 8.0 8 813 0연대우수부진마필 1기 0 1 6     6 6 7⑦1:24.32½  1.514.240.214.3 -2 12  .00 7 9  2 3.56850575533 5 7 8102 2 3.02 2.07     4.0  5.9   10.8   25.9    7.6  .033 4-4 1 1-4▼-1.440.20  .46 6.7883.29 1.15 3.46 8.55 1 4 9 1.22 6.25 8.68 9
20241130토 11300 9국620 9 7811 1강 1155흐림포화18 6 2알파피메일      투아너앤다크레이 5932.00한암 2 0 0 9 6 113010:35 24750국6안해양공이공팔-111 3 3 213 1 0 0 2  0빅투아48054.082하입보 5  5  52322.044.015.5308611163313172217452113222818      ↗↘선13.736.840.415.092 337.939.8 83.7 83.7  0  0 50 0   13.60   15.10 6 -1  1NN동       1312  .0 9.0 9.0 6 612 0걸음없음연대우수 1관 1 5 9     8 5 4⑥1:23.71¾  1.614.339.614.2 -1 12  .00 6 7 -1 1.86564677435 6 9 3 70 1 4.01 2.07     3.6 15.6    4.7   17.2   10.4  .03712-4 4 7-4▽ -.940.40  .14 6.4783.42 2.91 8.4415.54 91835 4.0410.64 9.62 8
20241020일 11300 8국620 9 2812 2강 2255맑음포화15 6 2알파피메일      투아너앤다크레이 5932.00한암 2 0 0 2 7 124910:35 24750국6안해양공이공팔-112 2 2 113 1 0 0 1  0조상범46853.062하무보11 35 3528  .027.0 4.712 013196012172212 02113132217      ↗→입13.736.740.614.998 337.242.4 86.0 85.4  0  0100 0   13.70   15.20 5 -3  0NHUP       1312         9.0    12 1일반주행거리속성 1관 1 6 4     5 5 7⑦1:26.04    2.913.642.815.1 -1 -8  .00 7 8 -1 4.89330979614 3 7 6 82 1 2.01 4.03     1.5  4.5    1.5    6.3    2.3  .015 8-4 1 1-4▼-1.940.90  .39 8.1383.48  .12  .89 4.70 2 714 9.8420.3738.75 6
20240914토 2120011국510 7 6813 2강 2255맑음포화16 6 2알파피메일      투아너앤다크레이 5525.00한암 2     2 7 134515:10 24750국5안해양공이공팔-113 1 1 113 1 0 0 0  0이혁  47653.090평무보   35 3540  .042.018.32761 3196012172225 02113282119      ↗→선13.836.738.514.9    36.441.6 77.7 77.8              13.80   15.20        LN동       12 0                 0 0일반주행보통주행 1관 1 9 5     3 3 4⑨1:17.7¾   3.513.741.615.2  0 13  .00 9 9  0 4.789 99690 9 3 3 4 70 1 5.01 8.07     5.4 10.7    7.0   19.9   47.0  .01544-2 3 4-2▽ -.739.40  .76 2.6175.61 3.58 8.9518.33 31222 8.5116.8628.47 9
20260815토 6170011국5 3 8  8 0혼전 4455           6 3크리솔피스      크리솔라에블린   3932.00한수 4 0 0   1    017:05 24750국5안병기요시다가 0 012 7 411 1 1 011  0정도윤   53.585기추보50 54 547225.050.026.514 0 92358 71826 0 01810102921 0 099↗↗입14.440.140.313.42773                   13 38  025   15.70   14.20 9 -7  0UU동57.04601818 -.2 4.8 4.6595917 0일반주행기복전력 1   0 3                            15.7    14.2        .0                       9 1 5 5  1                                              .02055 0 4 5 0―  .140.30  .26     113.4 7.8017.9226.52 51325 7.3516.0525.48 7
20260613토 4170011국552 8108 1혼전 4451맑음건조 3 6 3크리솔피스      크리솔라에블린   3932.00한수 4 0 0 2 1  157      24750국5안병기요시다가 0 111 6 311 2 1 010  0씨씨웡45853.593기추적46 54 547948.064.035.03456112358 7182632 01810212522 0 099→↘선14.440.140.113.4288240.641.4113.2113.4 14 43  029   15.70   13.70 5 -1  0LUDN57.04601818-1.0 4.8 3.8666617-1일반주행기복전력72기 010101010 7 6 7⑤1:53.21¼   .615.740.714.2  0 -7  .00 5 5 -1 1.5448358766311 1 7 40 3 1.03 8.03 2.9 7.3  2.9    8.9   14.6    8.212.72965 2 6 6 2― 1.141.00  .1833.20113.212.3823.9035.0010223511.1120.1926.95 5
20260510일 5180010국551 9108 2 3강 3351맑음건조 5 6 3크리솔피스      크리솔라에블린   9231.00한수 4 0 0 2 1   86      24750국5안병기요시다가 0 210 5 411 1 1 0 9  0씨씨웡46553.593기추적67 63 636563.061.043.53456112358 7182632 01810212522 0 099→↘선14.440.639.613.3227342.139.8120.4119.4 17 33  033   14.80   14.10 4  2  0BU동57.04601818 -.4 4.0 3.6707017 0연대우수기복전력39관 0111010101010 9④2:00.41½   .915.740.613.7 -2  4  .00 4 6  3 1.5579729765611 1 3 13 2 2.01 3.01 3.1 5.9  3.8    5.9    9.5   23.0  .03368 0 7 6 0―  .840.40 -.3239.24118.617.0331.1043.4933536515.7927.7837.63 3
20260411토 8180010국540 7 48 3 2강 2257맑음다습13 6 3크리솔피스      크리솔라에블린   9231.00한수 4 0 0 2 1   76      24750국5안병기요시다가 0 3 9 4 311 1 1 0 8  0코지  46153.586기추적47 47 478382.067.055.32854182358 7182628451810233119 0 099↗↘입13.940.639.713.1267340.339.9118.7117.8 20 40 2060   15.40   12.50 6  5  0NU동57.04601812 -.6 5.6 5.0595917 0착차만회연대우수44관 1 9 8 8 6 3 4 4⑤1:58.71¾   .714.841.114.1  2 -5  .00 5 3 -4 1.01656333461 7 1 3 22 4 1.08 1.04 2.2 3.6  2.2   22.5   37.2   69.3  .03780 3 8 8 3▲ 1.340.20 -.6237.52118.721.7540.8255.3019405626.9747.6765.63 2
20260301일 5180011국550 6108 4혼전 4455맑음건조 3 6 3크리솔피스      크리솔라에블린   9231.00한수 4 0 0 1 1  121      24750국5안병기요시다가 0 4 8 3 211 1 1 0 7  0씨씨웡46653.593기추적16 17 174822.053.022.73456112358 7182632 01810212522 0 099→↘선13.940.440.413.3375242.137.8120.7118.7 25 50  050   14.60   15.40 8  3  0HUUP57.04601812 -.3 5.3 5.0585817 1숨은복병기복전력64기 0 4 9 9 91010 6⑤2:00.7½    .615.437.512.5 -2  3  .00 5 7  3 1.04097 12762 7 610 73 110.01 9.05 3.3 6.3 26.3   47.6  163.4  120.9  .02063 0 5 5 0―  .240.50 -.0437.94118.9 6.6814.7822.65 41118 4.7110.9320.62 8
20260103토 6170011국511 8 68 5 1강 1151맑음다습13 6 3크리솔피스      크리솔라에블린   3932.00한수 4 0 0 1 1  142      24750국5안병기요시다가 0 5 7 2 211 3 1 0 6  0유승완46353.570기추적34 42 426621.047.019.91962 82358 7182623 01810152722 0 099→↘입13.939.640.913.3626539.444.3115.5116.9 25 75 2525   14.80   13.20 3-10  0UUDN57.04601812 -.7 6.0 5.3585817-1일반주행기복전력 5기 0 1 4 4 5 5 610⑩1:55.511   2.914.643.715.4  6  1  .0510 4  1 4.79731969614 6 6 8 80 3 1.06 5.02 1.8 5.9  1.8   17.1   20.4   52.8  .01549 0 4 4 0― -.242.00  .3636.37113.4 5.0111.8519.93 1 3 6 3.23 8.6215.00 8
20251214일 7180011국550 4108 6 1강 1152맑음포화18 6 3크리솔피스      크리솔라에블린   9231.00한수 3 0 0 2 1   49      24750국5안병기요시다가 0 6 6 1 111 2 1 0 5  0유승완46253.569기입적50 60 604364.054.031.21962 82358 7182623 01810152722 0 099→↘입14.040.440.513.4394840.140.2118.0119.8 33 67  033   15.10   13.10 6  0 -4NUUP57.04601812 -.7 6.0 5.3585817 1교체성공기복전력92기 111 9 8 9 9 8 5④1:58.03     .814.839.213.2  1  2  .00 4 3 -2 1.56947454055 5 4 3 43 2 1.06 5.10     5.3  2.7   34.9   53.9   60.2  .03057 0 6 6 0―  .540.70 -.2538.94118.9 9.0420.2431.16 9183512.0927.1245.16 3
20251102일 3170011국642 9 98 7혼전 4453맑음양호 7 6 3크리솔피스      크리솔라에블린   3932.00한수 3 0 0 1 1  163      16500국6안병기요시다가 0 7 5 5 111 1 0 0 4  0유승완46057.070하입적16 17 171010.038.010.61962 82358 7182623 01810152722      →↘입14.039.542.413.8712740.339.4114.8112.7  0 50  0 0   13.60   15.60 4  6  0NNUP       1712 1.0 6.5 7.5383812 3교체실패거리속성46기 01110101010 8 7①1:54.82½  -.515.140.113.1 -4 -2  .00 1 5  2  .02271101697 5 911103 1 5.0611.02 2.5 5.5 16.1   99.5  194.9  141.0  .01928-3 2 3-3▽-1.041.50 -.1630.77114.4 1.84 5.6610.60 1 4 8 4.1110.0016.03 8
20251004토 3140011국651 9108 8 2강 2251맑음다습10 6 3크리솔피스      크리솔라에블린   3932.00한수 3 0 0 1 2  229      16500국6안병기요시다가 0 8 4 4 111 1 0 0 3  0마이아46257.093하입보30 22 223943.055.024.93965 5215610182639 018103532 8      →↘선14.037.040.813.8491736.142.1 92.0 90.2  0 50  0 0   13.40   14.40 5  1  0NNUP       1412 1.011.012.0 1 112 1연대우수거리부담68기 1 5 1     1 1 5⑩1:32.04    2.413.642.915.6  7  6  .0110 3  1 2.781 4958920 411 9 51 1 1.0211.03 2.9 7.4  2.9    9.7   16.4   20.7  .03362 0 5 4 0―  .439.20 -.8512.4089.83 6.1114.6924.91 71425 4.9213.9120.86 5
20250831일 2130011국611 5 18 9 1강 1159맑음다습13 6 3크리솔피스      크리솔라에블린   3932.00한수 3 0 0 9 2  33611:00 16500국6안병기요시다가 0 9 3 3 111 3 0 0 2  0코지  45657.088하입보84 46 4656  .054.031.92160 8215610182628451810233119      →↗입14.037.139.713.8786536.640.1 82.3 82.7  0 50  0 0   14.10   14.20 7  1  0HNUP       1312         3.0    12 1연대우수연대우수39기 0 4 2     2 2 4⑥1:22.3코    .813.440.114.4  4 -1  .01 6 2  0 1.030 8754556 6 6 4 41 3 3.1011.08     2.7 10.0  303.6  511.1   88.3  .03743-1 5 3-1▽  .339.90 -.06 5.8983.16 8.3219.7231.91 9183517.6529.7373.70 4
20250712토 2120011국611 8 6810 1강 1159맑음건조 5 6 3크리솔피스      크리솔라에블린   6817.00한수 3     2 3  47311:30 16500국6안병기요시다가 010 2 2 211 2 0 0 0  0코지  45757.092하무보50 26 2666  .046.035.13047 7335019182628451810233119      ↘→입14.036.940.316.2877336.938.5 76.9 74.9  0  0  0 0   14.00   13.3026 -3  1HN동       1212         2.0    12 0최빈거리연대우수48기 1 3 3     3 3 3③1:16.9¾    .214.139.614.2  1 10  .00 3 2 -9 1.31129402574 411 4 32 2 1.0310.07     3.6  1.5    3.6    5.0    5.2  .03740-1 4 2-1▽ -.238.30 -.84-2.3076.73 8.9921.7735.05122538 9.0918.4136.24 4
20250111토 1120012국641 5 9811 3강 3355맑음건조 5 6 3크리솔피스      크리솔라에블린   6817.00한수 3     2 5  99810:35 24750국6안병기요시다가 011 1 1 111 2 0 0 0  0코지  44756.079평무보   35 3540  .032.012.6164011122510182628451810233119      ↗↗입13.836.738.515.9    37.342.9 81.7 80.1              13.80   16.20        LN동       12 0                 0 0일반주행보통혈통 1기 2 6 3     3 512⑫1:21.78    5.314.043.916.5  1 -1  .001211  0 6.299509998 3 8 810 90 1 4.03 1.09     4.7  8.8    9.9   23.2   22.9  .02012-3 2 2-3▼-1.340.10  .91 4.8575.61 1.88 5.7812.55 1 3 5 8.6316.8628.14 7
20260815토 6170011국5 3 8  6 0혼전 4455           6 4서브미션        컬러즈플설트리조 4535.00한거 3 0 0   1    017:05 24750국5차우호말사모   1 011 6 610 1 1 010  0유승완   54.070평자하50 59 595918.045.018.71962 8 0   0 0 0 015    152722333333→↘입14.139.940.413.43687                   29 14 1443   14.40   14.8017  1 -1HH동55.25101812  .4 3.4 3.8666617 0마방기습작전마주 1   0 4                            14.4    14.8        .0                       8 2 310  4                                              .03148-2 4 3-2▽ -.540.40  .50     113.3 5.7311.9818.65 1 3 6 7.3514.8123.1710
20260418토 5170011국552 7106 1혼전 4431맑음건조 5 6 4서브미션        컬러즈플설트리조 4535.00한수 3 0 0 2 2  318      24750국5안병기말사모   1 110 5 510 1 1 0 9  0장추열50055.093평자보36 35 356946.066.035.4335118215610181643 01810202722333333↗↘입14.139.940.513.4417939.543.2114.3114.9 29 14 1443   14.30   15.40 4  2  0UH동55.25101812  .2 3.8 4.0616117 0일반주행마방기습77기 1 3 3 3 3 4 3 7⑨1:54.31    2.614.442.514.8  7 -9  .09 9 2 -1 2.98134908818 7 2 9 40 1 8.04 4.01 2.2 6.1 22.8   81.4  188.7  222.1  .02489 0 7 8 0▲ 1.141.40  .0834.51113.412.5224.0935.4112264110.6818.3628.13 5
20260322일 4170011국543 9 46 2혼전 4451맑음건조 5 6 4서브미션        컬러즈플설트리조 4535.00한수 3 0 0 2 1   70      24750국5안병기말사모   1 2 9 4 410 3 1 0 8  0유승완50955.070평자보56 63 637537.058.031.01962 82358 7181623151810152722333333→↘입14.039.740.613.4517338.743.8114.6114.4 29 14 1443   14.30   13.20 3 -5  1UNDN55.25101812  .2 3.8 4.0616117-1일반주행작전마주40기 0 1 4 4 4 4 5 6⑥1:54.61½  2.514.343.515.4  3 -5  .09 6 3  1 2.672 4948520 6 1 5 52 3 1.08 6.09 2.5 3.2  2.5   31.9   38.5  154.9  .02260 1 5 6 1―  .641.50  .2234.05113.310.7721.1831.02 81729 7.1419.5126.58 4
20260301일 5180011국550 6106 3혼전 4455맑음건조 3 6 4서브미션        컬러즈플설트리조 5144.00한수 3 0 0 1 1   58      24750국5안병기말사모   1 3 8 3 110 2 1 0 7  0유승완51454.069평자보31 52 522341.055.030.51962 82358 7181623151810152722333333→↘입14.040.140.113.4486140.539.4120.6118.8 33 17 1733   14.60   13.40 4 -5  1NNUP55.25101812  .2 3.8 4.0616117 1숨은복병거리속성67기 0 6 2 2 2 2 2 3④2:00.62     .514.338.913.2  2  6  .00 4 2 -1  .94264212966 4 3 4 51 210.01 9.05 3.3 6.3 26.3   47.6  163.4  120.912.72949 2 6 6 2―  .540.80 -.0238.63118.6 9.0219.9130.45 81729 8.2417.4926.80 7
20260131토 5170011국520 7 76 4혼전 4451맑음건조 2 6 4서브미션        컬러즈플설트리조 4535.00한수 3 0 0 9 1   59      24750국5안병기말사모   1 4 7 2 310 1 1 0 6  0유승완50853.570기추적28 31 317421.047.026.51962 82358 718162315181015272250 050→↘입13.939.440.713.3707339.940.2114.0113.6 20 20  020   14.10   14.20 2  8  0VU동56.05111712  .2 4.8 5.0545417 0연대우수작전마주 5기 011 4 4 4 5 3 2③1:54.0머리  .014.639.513.4  0-11  .00 3 3  2  .65454262690 3 3 5 72 1 1.02 3.01 2.5 4.2  2.5    4.2    7.0    9.4  .03352 0 4 4 0― -.241.70  .4433.45113.1 8.2817.4426.47 41118 7.6916.2623.50 7
20260117토 6170011국551 4106 5 1강 1151맑음건조 5 6 4서브미션        컬러즈플설트리조 4535.00한수 3 0 0 2 1   3714:25 24750국5안병기말사모   1 5 6 1 210 4 1 0 5  0마이아51953.593평추상84 83 838994.069.046.53452162358 7181639 018103532 850 050↘↗선13.939.440.813.3686939.042.0113.4114.3 20 20 2020   14.30   13.50 6  0 -3UU동56.05111712  .3 5.8 6.0434317 0연대우수연대우수50기 0 3 2 2 4 3 4 6⑥1:53.4¾   1.514.140.914.2  5  7  .02 6 1  0 2.47514765736 4 3 2 22 4 4.02 5.02     5.5  8.2    9.0   23.9   26.812.04072 2 8 9 2▲ 1.341.80 -.0934.14113.216.1433.0446.5319405628.7953.3369.23 1
20251207일 3170011국651 9 56 6혼전 4451맑음다습10 6 4서브미션        컬러즈플설트리조 4535.00한수 2 0 0 1 1  11711:25 16500국6안병기말사모   1 6 5 5 110 3 0 0 4  0마이아51256.093평추상57 59 598067.072.056.43452162358 7181639 018103532 8 0 099↘↗선13.739.840.913.3476939.139.2113.2110.9  0 25  0 0   13.90   13.70 5 -8  0UNUP56.05091712  .3 5.8 6.0434314 3일반주행연대우수77기 1 3 3 3 3 2 2 1①1:53.24   -2.514.339.813.5  0  3  .00 1 1 -3  .0 116 8 199 6 3 5 21 3 1.09 3.05     3.4  2.1   39.9   49.6   36.610.63763 1 7 8 1▲ 1.640.90 -.5730.19113.623.5442.4956.4318375318.3132.0541.86 2
20251101토 3140011국651 7 56 7 3강 3351맑음건조 5 6 4서브미션        컬러즈플설트리조 4535.00한수 2 0 0 1 1  174      16500국6안병기말사모   1 7 4 4 110 2 0 0 3  0마이아50956.093하추보40 28 285645.067.057.73452162358 7181639 018103532 8      ↘↗선13.737.439.113.0167637.139.1 90.0 88.7  0  0  033   13.80   13.00 5  6  1NNUP       1412  .7 6.3 7.0373712 2일반주행작전마주49기 011 5     6 7 6③1:30.04     .713.939.713.7 -1 10  .00 3 4 -3  .83946393460 9 1 6 23 2 3.01 7.06 2.6 4.7  4.7    5.2   12.7   11.7  .02262 1 6 6 1― 1.238.50 -.9312.2288.9327.0745.2657.71183753 9.2015.8224.55 5
20250928일 1120012국651 3 56 8혼전 4451비  불량20 6 4서브미션        컬러즈플설트리조 2926.00한수 2 0 0 9 2  253      24750국6안병기말사모   1 8 3 3 310 1 0 0 2  0마이아49955.593하추보37 45 455049.069.042.23965 5215610181639 018103532 8      →↘선13.737.538.313.0238738.337.9 74.9 76.3  0  0  0 0   13.50   14.20 5  2  0NH동       1212  .5 6.0 6.5464612 0선행무리최적거리69기 1 5 9     9 8 6⑧1:14.9½   2.113.837.613.0  1  4  .00 8 7  3 2.25791185220 8 4 6 40 1 2.0110.12 2.0 4.7  4.2    4.7    9.0   16.812.73084 2 6 6 2― 1.438.20 -.26  .5375.9514.2528.9942.18102235 5.5613.5716.86 9
20250824일 1120012국622 4 26 9 1강 1153흐림건조 4 6 4서브미션        컬러즈플설트리조 2926.00한수 2 0 0 2 2  35810:35 24750국6안병기말사모   1 9 2 2 210 1 0 0 1  0코지  49555.588평추보42 54 544543.057.032.32160 8215610181628261810233119      →↗입14.538.238.213.0 19637.039.4 76.0 76.5  0  0  0 0   14.50   13.10 5 -5  0HH동       1212  .0 8.0 8.0505012 0일반주행최적거리43기 1 3 2     2 3 4⑤1:16.05    1.313.539.714.2  1  3  .00 5 4 -4 1.6643768603911 3 3 41 1 3.02 2.05     2.3  9.4    9.3   27.0    4.3  .01563 0 5 5 0―  .437.50 -.31  .1476.28 8.7420.1732.27102235 4.0811.3910.85 9
20250720일 1120012국630 6 8610혼전 4455맑음포화17 6 4서브미션        컬러즈플설트리조 2926.00한수 2     2 3  44510:35 24750국6안병기말사모   110 1 1 110 1 0 0 0  0씨씨웡49255.591평무보35 35 3543  .044.022.82842 6335019181632 01810212522      ↗↘선15.238.638.112.3 19938.338.0 75.9 76.4              15.20   12.60        LN동       12 0        10.0     0 0일반주행보통주행50기 1 812    121210⑧1:15.9½   1.014.538.313.1  0 17  .00 8 8  0 1.25991215750 9 3 5 73 112.02 9.05     8.3 60.2  129.8  392.1  147.1  .01539 0 3 5 0― -.437.10 -.22 -.3276.45 6.4213.3222.84 31222 8.3316.6725.00 8
20260815토 6170011국5 3 8  8 0혼전 4455           6 5더선커밍        카우보이스톰커밍 5932.00한수 4 0 0   1    017:05 24750국5조현수한명로  -1 0 9 1 5 8 2 1 0 8  0권중석   52.067평자보50 53 534325.042.017.71341 51257 8102028 011 31818195050 0↘→선14.239.441.213.77637                   14 14 14 0   13.80   13.40 8 -4 -2NU동53.54691717-1.0 4.4 3.4565617 0부중민감최적거리 1   0 5                            13.8    13.4        .0                       4 6 611  5                                              .02541-1 4 3-1▽ -.641.20  .36     113.5 4.8010.4517.67 0 1 5 7.3516.0525.48 8
20260621일 2170011국650 9108 1 3강 3357맑음포화19 6 5더선커밍        카우보이스톰커밍 5932.00한수 4 0 0 2 1  129      16500국6조현수한명로  -1 1 8 8 4 8 1 0 0 7  0권중석46754.067평입보46 48 483636.048.028.81341 51257 8102028 011 3181819 099 0↘→선14.239.641.213.7653339.240.5110.4112.3  0  0 17 0   14.30   14.20 5  3 -3LVUP53.04701712-1.4 5.4 4.0454517 3연대우수부중민감 5기 1 9 2 2 2 2 2 1①1:50.44    -.613.839.613.4  0 -7  .00 1 1 -4  .01220331394 4 3 3 41 4 1.03 9.05 3.8 8.0  3.8    9.4   21.2   11.8  .03335-2 5 3-2▽ -.341.30  .0131.46113.6 7.6417.6528.7910223616.0025.0039.71 4
20260517일 21400 8국610 9 18 2 1강 1151맑음건조 3 6 5더선커밍        카우보이스톰커밍 5932.00한수 4 0 0 2 1   89      16500국6조현수한명로  -1 2 7 7 1 8 1 0 0 6  0이혁  47457.079평입하64 76 764884.065.056.22156 51257 81020204711 3282119 099 0↗↘선14.337.239.613.7492437.339.5 91.2 89.2  0  0 20 0   14.40   13.20 9 -5  0NLDN53.04701712-1.2 5.8 4.6505017-3일반주행연대우수42트 0 6 6     6 6 6⑤1:31.2½   1.314.340.514.2  0 -5  .00 5 5  0 2.15362495644 5 4 1 22 1 1.03 7.08 1.4 3.4  1.4    3.8    4.6    7.0  .03759 0 7 6 0―  .838.80-1.0512.4089.1418.1635.9456.2119405626.0949.4468.77 1
20260314토 3170010국650 7108 3혼전 4454맑음양호 7 6 5더선커밍        카우보이스톰커밍 5932.00한수 4 0 0 2 1  185      16500국6조현수한명로  -1 3 6 6 3 8 1 0 0 5  0송재철47957.077평입상48 64 645655.061.033.11744 81257 81020 03011 3192520 099 0↘→입14.239.741.113.7594139.845.2117.7117.0  0  0 20 0   14.40   14.10 7  6  4BB동53.04701712-1.5 6.5 5.0454517 0착차만회탄력호전53트 011 8 8 6 4 5 8⑩1:57.79    5.514.945.516.3  5  9  .0410 5  2 6.297449898 5 3 4 2 40 1 3.06 3.01 3.3 8.5  5.5   15.4   32.5   30.9  .02363 0 6 6 0―  .841.90 -.0936.24113.610.4321.5533.0615324612.5026.8537.94 2
20260125일 3170011국641 9 98 4 2강 2252맑음건조 3 6 5더선커밍        카우보이스톰커밍 5932.00한수 4 0 0 2 1  123      16500국6조현수한명로  -1 4 5 5 2 8 3 0 0 4  0권중석47053.067하추상43 51 515952.060.036.81341 51257 8102028 011 3181819      ↘→선14.339.941.213.5463739.041.5113.9113.2  0  0  0 0   14.60   13.10 5 -2  0NH동       1712-1.5 6.5 5.0454517 0착차만회최적거리 5트 0 5 3 3 3 4 4 2③1:53.92     .314.441.614.1  0-15  .00 3 3 -4  .94212633773 6 3 4 32 3 5.0211.10 3.0 7.5 11.3   15.0   31.8   25.0  .02354 1 5 5 1―  .741.20 -.3332.12113.810.8323.3636.83132946 6.5217.7131.96 3
20251221일 4170011국631 4 88 5 1강 1141맑음다습14 6 5더선커밍        카우보이스톰커밍 5932.00한수 3 0 0 2 1   9312:45 16500국6조현수한명로  -1 5 4 4 1 8 2 0 0 3  0권중석48553.067평입보28 24 2420 4.031.0 9.81341 51257 8102028 011 3181819      ↘→선14.340.441.513.6133739.340.9111.8113.2  0  0  0 0   14.60   13.70 4 -4  0NHUP       1712 -.7 6.3 5.7414112 4일반주행탐색우려40트 0 7 8 8 61010 5③1:51.85     .814.640.113.1 -4  6  .00 3 7  1 1.0452348305610 7 7 83 2 2.0110.06     4.5  4.5    4.5   10.6   20.2  .015 6-4 1 1-4▼-1.440.70 -.1431.34114.4 1.40 4.09 9.77 2 711 1.25 3.66 8.20 8
20251123일 4130011국612 9 68 6 1강 1154맑음건조 3 6 5더선커밍        카우보이스톰커밍 5932.00한수 3 0 0 2 1   96      16500국6조현수한명로  -1 6 3 3 1 8 1 0 0 2  0권중석47953.067평입보41 56 563031.042.020.21341 51257 8102028 011 3181819      ↘→선14.238.139.113.5167338.539.5 84.1 84.0  0  0  0 0   14.20   13.70 5  6 -4NHUP       1312 -.5 6.5 6.0545412 1일반주행탐색우려40기 01110     9 9 7⑤1:24.12    2.614.639.813.7 -1 -5  .00 5 6  0 3.07487598116 8 2 3 63 1 1.03 5.01 1.3 3.5  1.3    3.5    4.1    5.0  .01513-3 4 3-3▽ -.839.20  .04 6.8183.42 4.29 9.7820.15 51322 6.4916.8724.67 6
20251018토 2120010국611 9 68 7 1강 1159흐림불량20 6 5더선커밍        카우보이스톰커밍 5728.00한수 3 0 0 2 2  219      16500국6조현수한명로  -1 7 2 2 2 8 2 0 0 1  0김효정48457.075하무보39 72 723335.051.028.01542 512 0101020 6 011 3192217      ↘↗선14.437.938.812.9165737.938.4 76.8 76.2  0  0  0 0   14.40   13.20 4  1  0NH동       1212 1.0 7.0 8.0666612 0최빈거리거리난점62기 0 5 7     6 6 5④1:16.86    1.314.239.013.7 -2  2  .00 4 6 -1 2.15481345744 6 6 1 62 2 1.02 4.02 1.4 4.5  1.4    4.5    5.7   11.9  .01230 0 5 3 0―  .037.70 -.36 -.4776.45 6.3417.0527.96 51322 4.2712.9310.1510
20250920토 2120011국650 6 58 8 1강 1152맑음포화18 6 5더선커밍        카우보이스톰커밍 5728.00한수 3     2 2  28314:05 16500국6조현수한명로  -1 8 1 1 1 8 1 0 0 0  0김효정48257.075평무보   25 2540  .034.015.21542 512 0101020 6 011 3192217      ↘↗선14.536.738.513.1    37.638.8 75.4 76.4              14.50   13.40        NN동       12 0                 0 0일반주행보통주행 5기 2 411    10 7 8⑧1:15.4목    .514.438.113.2  1  9  .00 8 7  0  .66166495865 1 1 9 60 1 2.04 8.10     3.7  3.0    9.7   14.2   21.4  .01528-3 3 3-3▽-1.139.00  .85 1.2475.61 2.99 7.8915.17 3 81711.0121.0554.61 4
20260815토 6170011국5 3 8  8 0혼전 4455           6 6투어킹          지몰로지브라이디 3935.00한거 3 0 0   1    017:05 24750국5배휴준이경호  -4 011 3 810 1 1 210  0김태훈   56.070기선적50 57 575634.051.026.51856 8 833 81030 3 011 91225216733 0↗→입14.139.141.714.79312                   33 33 56 0   14.30   14.50 5 -5  1NN동56.24781717-2.0 6.6 4.6616117 0마주성향마방연대 1   0 6                            14.3    14.5        .0                       210 4 6  1                                              .02268 0 5 5 0―  .041.70  .07     113.6 7.4217.2726.47102236 5.8816.0525.48 9
20260712일 5170011국553 8108 1혼전 4451맑음다습12 6 6투어킹          지몰로지브라이디 3935.00한거 3 0 0 2 1   66      24750국5배휴준이경호  -4 110 2 710 1 1 1 9  0임다빈48055.577기선적10 13 1337 5.037.012.61527 8 833 81030 0 011 914242499 0 0→↗추14.039.141.313.594 739.141.6111.5112.7 25 25 50 0   15.20   15.20 4  2  2VN동56.54781717-1.0 6.6 5.6484817 0숨은복병마주성향38기 011 5 5 5 3 3 2②1:51.53     .014.340.914.5 -6 -1  .00 2 8  1  .52215654286 4 711 92 1 2.08 3.11 2.9 6.3  4.8   69.2   87.2  306.8  .02147-2 2 2-2▽-1.141.90  .5832.31113.4 2.80 6.9012.60 2 610 1.16 3.51 8.2011
20260613토 4170011국552 8108 2혼전 4451맑음건조 3 6 6투어킹          지몰로지브라이디 3935.00한거 3 0 0 2 1   77      24750국5배휴준이경호  -4 2 9 1 610 4 1 1 8  0오수철48154.061기선상66 75 753018.040.011.3 720 6 833 8103010 011 911221599 0 0↘↗입14.039.141.813.597 840.644.2117.0117.2 29 29 57 0   14.10   13.80 5  6 -3BU동56.54781717-2.2 7.4 5.2535317 0마주성향기복전력48기 0 9 8 8 8101111⑪1:57.014   4.415.243.515.2  4  3  .0011 7  5 5.397819598 7 211 4110 5 1.03 8.03 2.9 7.3  2.9    8.9   14.6    8.2  .02240-2 4 2-2▽ -.842.60  .3636.31113.7 2.06 5.1011.31 1 2 5 5.0511.5417.96 8
20260509토 11700 9국642 9 48 3 1강 1139맑음건조 5 6 6투어킹          지몰로지브라이디 3935.00한거 3 0 0 2 1  100      16500국6배휴준이경호  -4 3 8 8 510 3 0 1 7  0오수철47857.061평선보10 22 225612.046.031.3 720 6 833 8103010 011 911221599 0 0↘↗입14.139.142.313.592 739.041.9113.8112.8 17 17 50 0   14.70   13.20 4 -7  0UN동56.04771717-1.6 8.8 7.2333317 0마주성향마주성향68기 0 3 2 2 2 1 1 1①1:53.87   -1.314.141.613.8 -1  2  .00 1 2 -1  .02110704598 2 9 4 41 4 2.01 3.02 2.2 2.6  3.5    2.6    5.7   32.1  .02253 0 4 3 0― -.441.90 -.3631.36114.0 6.0615.4931.26102235 6.2513.4626.01 4
20260412일 4170011국651 6 58 4 1강 1155맑음다습12 6 6투어킹          지몰로지브라이디 3935.00한거 3 0 0 2 1   69      16500국6배휴준이경호  -4 4 7 7 410 2 0 1 6  0오수철47657.061평선상47 58 584662.053.031.8 720 6 833 8103010 011 911221599 0 0↘↗입14.139.242.013.585 640.839.9115.4114.9 17 17 50 0   14.10   13.80 6  6  1BN동56.04771717-1.2 9.8 8.6222217 0마주성향마주성향45기 010101010 8 8 7⑥1:55.4¾   1.214.739.613.2  3 -1  .09 6 3 -3 1.48187174145 1 8 3 40 3 2.05 5.03 3.2 4.4  3.2   11.1   15.9   34.8  .02254-2 6 3-2▽  .242.10 -.2733.67113.9 9.3221.0331.83 9183520.3137.0452.61 3
20260228토 4170011국621 7 78 5 2강 2258맑음건조 3 6 6투어킹          지몰로지브라이디 3935.00한거 3 0 0 9 1  133      16500국6배휴준이경호  -4 5 6 6 310 1 0 0 5  0오수철47756.061하무보13 17 1726 3.034.012.9 720 6 833 8103010 011 9112215      ↘↗입14.139.341.413.584 638.841.2113.3112.6  0  0 40 0   14.20   15.30 5 -3 -1HN동       1717-1.2 9.8 8.6222214 0배당마주마주성향74기 0 4 2 2 1 1 1 1②1:53.3½    .014.141.213.8 -4 -8  .00 2 6 -4  .122 7532089 4 5 7 91 2 1.06 7.04 1.7 2.7  1.7   15.4   19.2   83.9  .02331-2 1 1-2▽-1.141.70  .4331.94113.6 2.47 6.6312.91 1 4 8  .12 2.45 7.3210
20260125일 3170011국641 9 98 6 2강 2252맑음건조 3 6 6투어킹          지몰로지브라이디 3935.00한거 3 0 0 2 1   71      16500국6배휴준이경호  -4 6 5 5 210 2 0 0 4  0해리카48556.566하무상10 10 1011 7.038.014.5144411 833 81030 5 011 9172612      ↗→입14.039.641.613.561 738.643.8115.3114.4  0  0 25 0   14.00   14.10 5  4  1NN동       1710 -.8 9.8 9.0202014 0배당마주배당마주 5관 0 7 2 2 2 2 2 4⑦1:55.31½  1.714.243.615.3 -3 -8  .00 710  2 2.375 4958534 5 5 9 91 2 5.0211.10 3.0 7.5 11.3   15.0   31.8   25.0  .02315-1 2 4-1▽ -.841.60  .1433.20113.9 2.61 6.5514.48 1 3 6 2.17 5.2111.34 9
20251221일 4170011국631 4 88 7 1강 1151맑음다습14 6 6투어킹          지몰로지브라이디 3935.00한거 2 0 0 2 1   9312:45 16500국6배휴준이경호  -4 7 4 4 110 1 0 0 3  0해리카49356.066하무상13 13 13 7 3.030.0 8.0144411 833 81030 5 011 9172612      ↗→입14.040.442.313.512 938.742.8113.0114.4  0  0  0 0   14.00   13.90 3 -5  0HNUP       1710 -.710.3 9.7191914 3배당마주배당마주46기 0 3 3 3 3 5 7 8⑦1:53.01½  2.014.042.014.1 -1  4  .00 7 8 -3 2.276 68869231111 9 90 1 2.0110.06     4.5  4.5    4.5   10.6   20.2  .023 5-4 1 4-4▼-1.740.80 -.5131.74114.9 1.00 2.65 7.96 1 4 9  .12 2.44 7.03 9
20251129토 3140011국620 8 28 8 2강 2259맑음다습10 6 6투어킹          지몰로지브라이디 3935.00한거 2 0 0 9 1   86      16500국6배휴준이경호  -4 8 3 3 110 1 0 0 2  0오수철48956.061하무보 5  5  5 0 2.028.0 6.1 720 6 833 8103010 011 9112215      ↘↗입14.237.840.013.5 4 137.539.9 90.6 89.6  0  0  0 0   14.20   14.1010 -3  1NNUP       1410  .010.010.0151510 2거리적응배당마주72기 0 8 7    1010 9⑨1:30.6¾   1.914.040.313.9 -2 -7  .00 911  2 3.5676966742810 610110 1 1.02 5.02 1.4 2.1  1.4    2.1    2.6    4.3  .020 7-4 1 4-4▼-1.838.30 -.3611.7789.83  .31 2.09 6.05 1 613  .12 1.23 4.2711
20250920토 2120011국650 6 58 9 1강 1152맑음포화18 6 6투어킹          지몰로지브라이디 7921.00한수 2 0 0 2 2  283      16500국6배휴준이경호  -4 9 2 2 110 1 0 0 1  0유승완49655.567하무보 9 13 13 8 3.028.0 8.31133 8 867 21030 7 011 9152722      →→입14.338.039.913.5 6 838.442.6 80.0 81.0  0  0  0 0   14.30   13.80 5  6  0NHUP       1210-2.011.0 9.0282810 2배당마주배당마주 5기 111 9    111111⑪1:20.0대차 5.114.241.914.1  2  6  .0011 9 -2 5.299929999 3 8 7 5 90 1 2.04 8.10 2.6 3.7  3.0    9.7   14.2   21.4  .023 9-4 1 1-4▼-1.639.10 -.45 3.1477.12 1.11 2.87 8.27 2 711  .12 1.91 3.9511
20250816토 1100012국630 4 3810혼전 4455맑음다습12 6 6투어킹          지몰로지브라이디 7921.00한수 2     2 2  38810:35 24750국6배휴준이경호  -410 1 1 110 1 0 0 0  0이혁  49055.579평무보 7 35 3511  .032.0 8.91331 5 867 2103024 011 9282119      ↘↗선14.838.638.313.0 1 238.239.1 64.5 64.7              14.80   13.30        LN동       10 0         8.0     0 0숨은복병배당마주40기 0 5 8     8 910⑨1:04.53    1.814.339.013.8 -2 13  .00 911  0 2.78978838826 8 8 8100 1 5.01 6.04     2.4 16.7   18.3   55.0   27.5  .01913-4 2 3-4▼-1.636.80 -.23-12.263.81 1.58 3.36 8.92 2 610 8.3316.6725.00 5
20260815토 6170011국5 3 8  8 0혼전 4455           6 7프리메로        인디밴드깍쟁이   7038.00한거 3 0 0   1    017:05 24750국5강성오김철    99 010 4 4 9 2 1 2 9  0조재로   56.588강선보50 64 646865.057.033.93353132455 9221828 025 71925225050 0↗↘입14.039.340.713.68052                   63 38 2513   13.90   13.20 4 -1  1NNDN55.44641814 -.4 2.6 2.2838314-1마주신뢰마주신뢰 1   0 7                            13.9    13.2        .0                       3 3 1 3  2                                              .03655 1 7 6 1―  .540.70  .31     113.111.5623.2133.9413294619.1233.3346.33 1
20260718토 5180010국541 5 98 1혼전 4452흐림불량20 6 7프리메로        인디밴드깍쟁이   8343.00한거 3 0 0 2 1   56      24750국5강성오김철    99 1 9 3 1 9 1 1 1 8  0조재로46255.587우선상71 81 818274.063.039.23353132455 9221828 025 71925225050 0↗↘입14.039.740.213.6824139.940.6117.3119.1 57 43 2914   14.30   13.60 5  5  1NNUP55.44641814 -.6 3.0 2.4818114 1신뢰마주마주신뢰 5   0 8 3 4 4 2 2 2②1:57.37     .013.939.613.2  0  5  .00 2 2 -1 1.24439503980 1 3 1 31 1 1.02 4.08 3.0 6.3  3.0    6.4   10.0   27.1  .03685 1 8 8 1▲  .841.30 -.1439.18118.513.2026.3939.2413294619.7434.6445.32 1
20260613토 4170011국552 8108 2혼전 4451맑음건조 3 6 7프리메로        인디밴드깍쟁이   7038.00한거 3 0 0 2 1   97      24750국5강성오김철    99 2 8 2 3 9 3 1 0 7  0최범현45754.593우선보75 81 818566.058.026.43462142455 92218 0 025 71931176733 0↗→입13.939.340.813.7805238.841.1112.6112.8 50 33 1717   14.60   13.50 4 -3 -1UH동55.74661714-1.0 4.2 3.2727214 0신뢰마주신뢰마주46기 0 3 1 1 2 3 4 4②1:52.65     .014.340.413.6 -1  1  .00 2 3  1  .924 7511789 5 3 3 52 3 1.03 8.03 2.9 7.3  2.9    8.9   14.6    8.2  .02770 0 8 5 0―  .541.70  .4432.72113.1 7.2616.7326.36 8172911.1124.0434.13 3
20260516토 5170011국551 7108 3혼전 4451맑음건조 3 6 7프리메로        인디밴드깍쟁이   7038.00한거 3 0 0 2 1   76      24750국5강성오김철    99 3 7 1 2 9 2 1 0 6  0최범현45655.093우선상65 76 768263.059.030.53462142455 92218 0 025 71931176733 0↗→입13.739.640.613.6586139.141.1112.9112.9 40 20  020   13.90   12.50 5  1 -2NH동55.74661714-2.0 6.0 4.0646414 0신뢰마주신뢰마주58기 1 6 1 1 1 1 1 1③1:52.9½    .114.640.713.5  1 -8  .00 3 2  0  .22415492477 3 1 2 31 2 3.0811.01 2.9 7.2  6.5   93.4  169.4  105.6  .02773 0 8 7 0▲  .741.40  .2732.68113.2 9.0119.0530.5415324615.0028.2539.93 2
20260412일 4170011국651 6 58 4 1강 1155맑음다습12 6 7프리메로        인디밴드깍쟁이   7038.00한거 3 0 0 2 1   89      16500국6강성오김철    99 4 6 6 1 9 1 0 0 5  0최범현46457.093평자상71 87 877285.071.079.73462142455 92218 0 025 71931175050 0↗→입13.739.541.513.6644139.839.3114.0113.2 25 25  0 0   13.80   13.80 4 -5  4NLUP55.04671714-2.3 7.0 4.8565614 3부중유리신뢰마주60관 1 5 1 1 1 1 1 1①1:54.01¼  -.213.939.112.5 -1 -1  .00 1 2 -2  .03943 7 392 2 5 1 11 1 2.05 5.03 3.2 4.4  3.2   11.1   15.9   34.8  .03187 0 8 7 0▲ 1.641.60-1.2732.22113.838.8965.1779.6938597137.5062.2279.62 1
20260315일 2140011국650 8108 5 3강 3356흐림양호 6 6 7프리메로        인디밴드깍쟁이   7038.00한거 3 0 0 2 1   72      16500국6강성오김철    99 5 5 5 3 9 1 0 0 4  0우인철46553.573평추하32 39 395317.049.025.02048102455 92218 8 025 710262399 0 0↘↘입13.736.940.013.6523037.039.2 90.1 88.5 33 33  0 0   14.20   14.20 4  1 -3BU동56.54691410-2.7 8.0 5.3515114 0신뢰마주최적거리44기 010 4     4 4 5③1:30.11½   .313.839.813.8 -1 -1  .00 3 4  2  .53042433773 2 5 4 52 1 8.01 6.04 3.1 8.7 22.6   22.6   72.7   54.110.92671 0 4 4 0― -.138.90 -.3111.5889.21 6.5113.9024.99 31222 9.6816.3026.32 6
20260215일 3140011국641 9 98 6혼전 4451맑음건조 3 6 7프리메로        인디밴드깍쟁이   7038.00한거 3 0 0 2 1   60      16500국6강성오김철    99 6 4 4 2 9 4 0 0 3  0김철호46656.065평추상72 77 775047.058.030.01046 42455 9221820 025 714202599 0 0↘↗추13.837.239.913.6323737.840.1 91.9 89.9 33 33  0 0   13.80   14.00 4  6 -1LU동56.54691410-3.510.0 6.5373714 0선행무리신뢰마주83기 1 9 7     6 7 9⑩1:31.94    1.614.241.114.2  8 -3  .0910 2 -2 1.77782718435 6 5 2 50 4 3.01 6.03 2.7 6.5  5.2    6.5   15.8   12.6  .02746 0 6 3 0―  .538.90 -.5612.8289.34 6.8017.3029.99 8172915.0026.0434.75 5
20260118일 31400 8국620 9 28 7 2강 2254흐림건조 5 6 7프리메로        인디밴드깍쟁이   7038.00한거 3 0 0 2 1   71      16500국6강성오김철    99 7 3 3 1 9 3 0 0 2  0김철호46956.565하추보46 44 4439 9.043.033.41046 42455 9221820 025 7142025      ↘↗추14.237.639.813.5114436.639.7 89.7 88.3  0  0  0 0   14.20   13.40 4 -8  1HNUP       1410-3.510.0 6.5373712 2일반주행거리부담 5기 0 3 1     2 2 3③1:29.7½    .113.840.214.0 -1  1  .00 3 4 -5  .62521604078 6 3 4 31 3 2.05 8.04 1.7 2.1  3.0   17.9   26.7   35.8  .01529 0 3 3 0― -.438.20 -.8210.8989.55 8.1018.3833.38153246 4.05 8.9617.65 3
20251221일 1120012국621 7 28 8 1강 1152맑음포화16 6 7프리메로        인디밴드깍쟁이   1442.00한거 2 0 0 2 1   7510:35 24750국6강성오김철    99 8 2 2 1 9 2 0 0 1  0김철호46856.066하무상33 35 3523 4.033.012.91046 42455 9221820 025 7142025      ↘↗추14.237.939.613.3102737.938.5 75.4 76.1  0  0  0 0   14.20   13.60 7  6  0BHUP       1210-4.011.0 7.0373710 2일반주행보통주행48기 01110    1010 8⑥1:15.4¾   1.414.238.113.4 -3 -2  .00 6 9 -2 1.95180406038 9 8 4 83 2 2.01 1.03     2.1  3.0    2.1    5.3    5.2  .01514-1 2 1-1▽-1.037.70 -.38-1.3976.90 2.14 6.7812.86 2 711  .84 2.63 3.8511
20251101토 1100012국651 8108 9혼전 4455맑음건조 5 6 7프리메로        인디밴드깍쟁이   1442.00한수 2     1 1  176      24750국6강성오김철    99 9 1 1 1 9 1 0 0 0  0김철호47056.066평무보 7 25 25 9  .026.0 4.31046 42455 9221820 025 7142025      ↘↗추14.738.138.313.726 138.038.5 64.2 63.5              14.70   14.00 4  0  0LL동       10 0         5.0     0 0일반주행보통주행52기 0 5 6     6 910⑦1:04.2½   1.414.238.813.6 -4 -3  .00 711  0 1.56672657438101010110 1 9.0112.09 3.8 7.7 18.1   34.0  125.4   42.4  .015 5-4 1 1-4▼-2.037.10  .17-12.963.54  .12 2.41 4.29 1 2 5 8.7017.2526.69 5
20260815토 6170011외4 3 8  3 0혼전 4455           6 8나로마스타      AMERICANLUNA DEL 4343.00일수 3 0 0   1    017:05 24750국5서인석송창오   1 01111 410 1 0 010  0다실바   56.587하무보50 39 395647.067.044.814 0101846 9183040 01912223013      ↗↗입14.240.240.813.32365                    0 11  033   14.60   13.60 7  5 -1LN동       1712  .6 7.0 7.6373710 0마방연대마방연대 1   0 8                            14.6    13.6        .0                      10 411 1  1                                              .02971 1 6 8 1▲ 1.140.80 -.47     113.819.6132.9444.8338587217.6527.1634.75 2
20260627토 5170010국542 6 93 1혼전 4451맑음건조 4 6 8나로마스타      AMERICANLUNA DEL 4343.00일수 3 0 0 9 1  116      24750국5서인석송창오   1 11010 310 1 0 0 9  0김정준48357.072하추하21 18 184315.046.018.81638101846 9183010101912142026      ↗↗추14.240.141.313.3274140.440.3113.0113.8  0 13  038   14.40   12.60 6  2  5HBUP       1712 1.2 6.8 8.0313110 5마방기습마방연대72기 0 3 7 7 710 910⑦1:53.02    1.214.639.413.6  0  3  .00 7 7  2 1.65575264045 9 811 80 2 3.01 1.07 2.0 4.7  5.5    5.0   13.5   45.1  .03142 0 3 4 0― -.241.00 -.0832.37114.0 4.4310.8518.79 1 613 3.37 8.5114.90 8
20260516토 6120010외423 5 23 2 2강 2251맑음건조 3 6 8나로마스타      AMERICANLUNA DEL 43     일수 3 0 0 2 1   95      33000혼4서인석송창오   1 2 9 9 410 1 0 0 8  0조재로48052.588하추보56 51 513461.065.041.53353131846 9183025351912192522      ↗↘입14.137.838.813.4 86138.737.8 76.0 76.4  0 14  029   14.10   13.60 6 -3  0HHDN       1712  .4 7.0 7.4383810-4일반주행마방기습38기 0 1 7     8 9 7⑦1:16.02½  1.714.437.412.6  2  4  .00 7 5 -1 2.16396166530 8 6 4 30 5 2.03 7.11 1.8 2.1  3.0   21.3   33.5  119.8  .03088 2 6 7 2△ 1.237.90 -.71 -.1676.3914.7628.5441.51153246 7.1421.3130.56 4
20260405일 7160010외412 9 63 3혼전 4451맑음양호 6 6 8나로마스타      AMERICANLUNA DEL 4343.00일수 3 0 0 1 1  107      33000혼4서인석송창오   1 3 8 8 110 1 0 0 7  0김정준47652.572하추하 5  1  11411.040.014.51638101846 9183010101912142026      ↗↗추14.237.140.913.5211737.338.6104.1102.4  0  0  0 0   14.70   14.50 7 -4  0HHDN       1712  .2 6.8 7.0343410-1탄력저조보통주행59기 0 4 5   5 7 8 7⑦1:44.1머리  .614.139.413.6  1-10  .00 7 6  0 1.32590183767101010 80 1 4.03 1.10 1.8 4.1  8.6   21.0   54.1   93.4  .01316-1 3 5-1▽ -.840.90 -.4324.35104.2 2.78 6.5714.54 2 714 2.90 8.4816.22 7
20260215일 9170011외441 4 93 4혼전 4451맑음건조 3 6 8나로마스타      AMERICANLUNA DEL 4343.00일수 3 0 0 2 1  117      33000혼4서인석송창오   1 4 7 7 210 1 0 0 6  0루이스48652.569하추보24 22 224322.051.019.52042111846 9183013 01912192517      ↗↘입14.140.441.513.4114440.143.4115.1116.3  0  0  0 0   14.10   14.10 7  5  1NN동       1712-1.0 7.2 6.2393912 0일반주행마방연대70기 0 8 7 7 8 91011⑪1:55.1¾   3.714.742.914.5  5  3  .0011 6  4 4.495609294 810 7 8 70 1 1.02 7.01 2.6 4.7  2.6    4.7    8.1    8.8  .02253 1 4 5 1―  .141.10 -.3634.44114.4 4.2511.6919.54 2 714 3.67 9.1316.44 7
20251227토 9170011외413 3 63 5혼전 4452흐림다습14 6 8나로마스타      AMERICANLUNA DEL 4343.00일수 2 0 0 9 1  140      33000혼4서인석송창오   1 5 6 6 110 2 0 0 5  0조재로48352.088하추하23 16 162422.051.023.13353131846 9183025351912192522      ↗↘입14.140.441.613.4124438.941.9112.1114.1  0  0  0 0   14.10   13.30 6 -8 -4HHUP       1712  .0 6.3 6.3383810 5마방연대거리속성 5기 0 3 2 2 1 3 3 4⑤1:52.11     .914.141.014.1  3  8  .01 5 2 -9  .9681171475410 9 9 62 4 1.06 7.06 1.7 6.7  1.7    8.0   10.4   92.5  .02939 1 4 4 1―  .140.80 -.4932.09114.4 5.8314.6523.13 41118 4.7610.4219.61 8
20251116일 8120011외454 2103 6혼전 4451맑음건조 3 6 8나로마스타      AMERICANLUNA DEL 43     일수 2 0 0 2 1  11416:05110000혼4서인석송창오   1 6 5 5 310 1 0 0 4  0조재로47556.088하입하19  9  93623.054.017.93353131846 9183025351912192522      ↗↘입14.237.838.713.4 96938.238.0 75.1 76.9  0  0  025   14.10   13.90 6  6  4NBDN       1412  .0 6.3 6.3383812-2일반주행마방연대 5   01110    1010 9⑥1:15.12    1.314.137.913.3 -5 -1  .00 611  5 1.4728921534111 810 83 3 1.02 4.06     7.8  2.9    7.8   12.1   22.8  .02170 0 5 6 0―  .338.00  .04  .3576.34 4.2310.4317.86 2 610 3.09 7.9513.5510
20251003금 9140011외452 6103 7혼전 4451흐림다습11 6 8나로마스타      AMERICANLUNA DEL 4343.00일수 2 0 0 1 2  234      33000혼4서인석송창오   1 7 4 4 110 1 0 0 3  0유승완47652.066평입상47 44 443429.050.021.71133 81426 4183019171912152722      →→입14.237.639.313.4126937.740.4 89.8 90.7  0  0  033   13.80   13.30 5 -3 -4NHUP       1412-1.0 6.3 5.3464612 2마방연대거리부담73기 1 510    111110⑨1:29.81    2.614.140.113.9  3  1  .00 9 6  0 3.0887979881611 7 7 70 1 5.03 1.02 3.3 6.1  8.1   15.2   39.3   18.6  .02938 0 5 5 0―  .038.70 -.2313.7889.21 4.8513.0021.74 41118 4.9611.3516.28 7
20250830토 3120012외431 3 83 8혼전 4459맑음불량20 6 8나로마스타      AMERICANLUNA DEL        일수 2 0 0 9 2  345      41250혼4서인석송창오   1 8 3 3 210 1 0 0 2  0장추열47555.593하입보41 29 295468.071.052.73351181426 4183036381912202722      ↗↘입14.238.038.513.3 58237.438.1 74.1 76.2  0  0  050   14.10   13.20 7  4  0BLUP       1210 -.5 6.5 6.0353512 2마방습성마방연대36트 0 810    10 9 8④1:14.1머리  .513.837.713.3 -2 -3  .00 4 6  1 1.35158263065 9 9 2 13 1 7.05 2.12 3.0 5.4 29.1  174.2  500.4  474.610.64090 3 8 9 3▲ 1.737.60 -.97 -.3476.3423.6340.1852.6618375310.3718.6816.24 2
20250713일 11000 8외441 3 93 9 1강 1155흐림건조 4 6 8나로마스타      AMERICANLUNA DEL        일수 2 0 0 2 3  46510:35 41250혼4서인석송창오   1 9 2 2 110 2 0 0 1  0조재로47855.587하무보45 23 235668.068.055.8284418173910183025351912192522      ↘→입14.138.237.313.2 59837.937.9 62.9 63.3  0  0  0**   14.10   13.50 6 -1  4HBDN       1212-1.0 8.0 7.0303012-2마방습성마방습성44기 0 4 5     5 6 6⑤1:02.93    1.314.137.713.2  0  5  .00 5 5 -3 1.86068455740 6 3 1 22 2 1.02 8.01     4.2  2.5    4.2    8.7   31.7  .03766 3 7 9 3▲ 1.436.90 -.87-12.263.0419.4638.6055.8212264115.0526.9718.63 1
20250531토 7120011외452 510310 1강 1159맑음건조 4 6 8나로마스타      AMERICANLUNA DEL        일수 2     9 3  58716:05 33000혼4서인석송창오   110 1 1 110 1 0 0 0  0조재로47352.087평무보25 35 3534  .052.024.3284418173910183025351912192522      ↘→입14.538.338.912.8 25738.337.8 76.2 76.3              14.50   13.10        LN동       12 0         4.0     0 0일반주행마방습성48기 0 5 5     7 7 8⑦1:16.24    1.714.138.313.5 -1  6  .00 7 8  0 1.7579017503110 410 70 1 5.0110.07    10.6 10.6   12.4   30.7   37.8  .02745 0 5 6 0―  .137.40 -.52 -.8776.73 5.8915.4724.31 4111811.6521.7850.46 5
20260815토 6170011국5 3 8  7 0혼전 4455           6 9뷰티풀화성      투아너앤다이아몬 5932.00한거 5 0 0   1    017:05 24750국5이관호명마조합 0 01615 827 3 1 326  0김성현   53.558평입보50 45 452212.047.021.31540102140112025 82022221623195050 0↗↘입14.039.541.414.06330                   22 17 22 9   14.00   14.80 5 -1 -1LHUP53.04441714-1.2 9.0 7.8373713 3일반주행거리속성 1   0 9                            14.0    14.8        .0                       6 910 8 13                                              .01534 0 3 5 0― -.341.40  .13     113.7 6.1213.0421.34 31016 4.41 8.6416.2211
20260711토 41400 8국540 9 47 1 2강 2251맑음다습14 6 9뷰티풀화성      투아너앤다이아몬 5932.00한거 5 0 0 2 1   77      24750국5이관호명마조합 0 11514 927 2 1 325  0김성현44954.058평무보24 21 2111 3.035.0 9.31540102140112025 82022221623195050 0↗↘입14.137.039.813.9512237.339.8 89.6 88.7 23 18 23 9   14.80   14.1011 -1 -2LN동53.04441714 -.6 8.2 7.6373713 0최빈거리휴양불리34기 010 5     6 4 5⑥1:29.62    1.114.040.114.8 -1  7  .00 6 7 -4 3.33862596451 4 8 610212 1.03 5.08 2.3 2.4  2.3    5.7    9.1   17.2  .0 910-2 1 2-2▽-1.238.90  .1811.9489.14 1.13 4.03 9.34 2 714  .12 1.75 5.86 8
20260426일 3140011국542 7 97 2 1강 1151맑음건조 3 6 9뷰티풀화성      투아너앤다이아몬 5932.00한거 5 0 0 9 2  208      24750국5이관호명마조합 0 21413 827 1 1 324  0김성현44256.062평입보31 30 3036 7.038.011.4 620 42050142025 82022221623195050 0→↗입14.136.939.813.9642438.339.2 90.6 89.8 24 19 1919   15.10   14.10 5  0  3VN동53.04441714 -.6 7.2 6.6454513 0숨은복병보통주행82기 01111    10 9 8⑧1:30.64    1.914.839.614.1 -3-11  .00 811  2 2.87193417529 510 9 9011 1.05 5.03 2.0 4.5  2.0   18.2   28.9   22.6  .01922-2 2 3-2▽-1.039.20  .1913.1489.07 1.92 5.9111.37 2 610 1.74 4.5510.28 9
20260321토 6140010국550 9 57 3혼전 4451맑음건조 5 6 9뷰티풀화성      투아너앤다이아몬 5932.00한거 5 0 0 2 1  100      24750국5이관호명마조합 0 31312 727 1 1 323  0권중석45353.067평입상27 26 264810.036.0 9.11341 5214011202514 022221818195050 0↘→선14.036.639.914.0831538.738.7 90.5 89.3 25 20 2515   13.80   14.60 5  5 -2BH동53.04441717-2.0 7.0 5.0585813 0일반주행조교부실35관 01110    1010 9⑨1:30.53    1.515.139.414.1  0  4  .00 9 9 -1 1.55798257439 110 9110 1 2.04 7.04 2.7 4.7  4.5   11.0   19.7   19.0  .01528-3 3 1-3▼-1.039.40  .3712.7688.93 1.37 4.54 9.08 0 2 4 3.16 8.2112.79 9
20260215일 4140011국541 7 97 4혼전 4451맑음건조 3 6 9뷰티풀화성      투아너앤다이아몬 5932.00한거 5 0 0 2 1   80      24750국5이관호명마조합 0 41211 627 1 1 322  0김성현44955.058평자보19 36 366621.051.022.01540102140112025 82022221623195050 0↗↘입14.036.539.914.0911338.039.6 90.4 89.7 26 26 3216   14.60   14.80 6  3  3NNDN53.04441717-1.6 6.8 5.2555513-3일반주행급신장세42관 0 6 2     3 3 6⑨1:30.4¾   2.313.840.014.6 -1 -1  .00 910  2 2.96888577920 1 9 8 7010 1.0210.11 2.9 5.4  2.9    5.4   10.5   41.8  .02562 1 4 5 1―  .139.60  .0813.2688.86 5.0213.4621.95 41118 3.39 8.8915.32 8
20260103토 6170011국511 9 67 5 1강 1151맑음다습13 6 9뷰티풀화성      투아너앤다이아몬 5932.00한거 5 0 0 1 1  121      24750국5이관호명마조합 0 51110 727 1 1 321  0우인철45052.573평자하25 26 263615.052.022.2204810214011202511 022221026235050 0↘↘입14.039.041.713.9951739.042.4113.3114.3 28 22 2811   14.30   15.80 5 -4 -3HH동53.04441713-1.4 5.6 4.2606013 0숨은복병거리속성 5기 0 3 5 5 4 3 3 3⑦1:53.3코    .714.642.014.8 -1  1  .00 7 8  3 2.57212826563 110 9 70 1 1.06 5.02 1.8 5.9  1.8   17.1   20.4   52.8  .02067 0 5 6 0―  .242.20  .2233.61113.6 6.4514.2722.16 31222 2.42 6.9013.2410
20251129토 6170011국550 4107 6혼전 4451맑음다습10 6 9뷰티풀화성      투아너앤다이아몬 5932.00한거 4 0 0 9 1  10514:25 24750국5이관호명마조합 0 610 9 627 4 1 320  0김성현44955.058평자보33 41 412219.043.015.11540102140112025 82022221623195050 0↗↘입14.139.141.713.9931739.643.6114.8115.1 28 22 22 6   14.30   15.20 4 -2  0NN동53.04441713-2.6 6.8 4.2626213 0일반주행거리속성54기 2 7 8 8 9 5 410⑪1:54.82    3.014.343.815.8  6  2  .0911 5  2 3.28535949311 21110 80 9 1.04 5.02     6.3  2.6    9.6   12.9   13.1  .01526-1 4 4-1▽ -.642.20  .3334.32113.6 3.35 8.3915.07 2 714 3.7511.0518.18 8
20251101토 5170011국550 6107 7 1강 1154맑음건조 5 6 9뷰티풀화성      투아너앤다이아몬 5932.00한거 4 0 0 1 1  172      24750국5이관호명마조합 0 7 9 8 527 3 1 319  0김성현44755.058평자보56 59 594353.057.032.61540102140112025 82022221623195050 0↗↘입14.039.141.613.9882438.343.3113.5114.2 29 24 1818   14.30   15.00 4  6  0BN동53.04441713-2.4 7.2 4.8555513 0착차만회거리속성80기 2 9 4 4 1 1 1 1⑤1:53.54    1.114.342.815.2  2 -2  .00 5 3 -3 1.267 1926948 1 8 2 31 8 1.0510.07 2.6 6.8  2.6    9.3   14.8   58.7  .02360 1 6 6 1―  .842.10 -.0433.47113.6 9.7220.5632.58122538 9.0919.7933.22 5
20251004토 5170011국552 6107 8혼전 4451맑음다습10 6 9뷰티풀화성      투아너앤다이아몬 5932.00한거 4 0 0 1 2  227      24750국5이관호명마조합 0 8 8 7 427 2 1 318  0김성현44955.062평자상70 69 693145.052.023.3 620 42050142025 82022221623196733 0→↗입14.039.241.713.8862439.341.8112.9113.0 31 25 1919   14.30   13.70 4 -3  3HN동52.34421713-1.4 7.4 6.0404013 0부중유리거리속성58기 0 3 6 6 5 5 4 2③1:52.92½   .514.342.115.0 -3 10  .00 3 6 -2  .93222735866 4 9 3 62 7 3.04 8.01 2.2 5.3  5.4   26.5   46.1   63.1  .03145 0 6 4 0―  .041.80  .0932.10113.7 5.4814.2323.26 51322 8.6014.8927.18 5
20250907일 3170011국552 4107 9 1강 1151맑음포화16 6 9뷰티풀화성      투아너앤다이아몬 5932.00한거 4     1 2  31311:25 24750국5이관호명마조합 0 9 7 6 327 1 0 3 0  0김성현43952.062평자하35 34 3426 8.042.015.2 620 42050142025 82022221623195050 0→↗입13.939.341.613.8793039.140.8109.2111.7 27 20 1320   14.30   13.2011  1 -2NH동52.54441713-1.4 5.8 4.4575713 0일반주행휴양불리28기 0 6 4 4 3 1 1 1①1:49.24    -.714.339.813.7 -7 -7  .00 1 8 -1  .0 513482194 5 8 8 91 6 8.01 6.09     6.7 36.0   37.5  153.7   54.4  .01534-2 3 5-2▽ -.541.50  .2730.80113.7 3.42 8.7515.22 1 4 9 1.77 4.50 9.38 8
20250622일 5170011국542 9 9710 3강 3351맑음포화15 6 9뷰티풀화성      투아너앤다이아몬 5932.00한거 4 0 0 2 3  52113:35 24750국5이관호명마조합 010 6 5 227 2 0 316  0임다빈44653.578평자보62 68 684556.054.022.41846 5163012202514 022221424245050 0↗→추13.939.341.413.8783739.145.7116.3117.1 29 21  721   14.20   13.90 4  4  2NN동52.54441713-2.0 6.4 4.4575717 0일반주행최적거리47기 1 5 8 8 6 7 710⑩1:56.312   5.015.045.616.2  1  4  .0010 9  7 5.797139998 8 5 7 5 80 3 2.0410.03     9.2  4.6   10.5   22.6   32.012.11540-1 5 6-1▽  .142.30  .2236.39113.6 5.5614.0222.40 2 612 8.2618.7227.73 5
20250525일 4170010국540 8 9711 1강 1141맑음다습10 6 9뷰티풀화성      투아너앤다이아몬 5932.00한거 4 0 0 2 4  60112:45 24750국5이관호명마조합 011 5 4 127 1 0 215  0임다빈44252.083평자상46 47 473039.051.028.82046 42150 7202514 02222142424 099 0↘↗추13.839.741.113.8505238.541.6112.7112.9 23 15  023   14.10   14.80 5 -5  1UNUP53.04451713-1.2 5.6 4.4545413 3일반주행거리속성56기 1 1 1 1 1 1 1 2②1:52.71¾   .014.241.113.9  0 -3  .00 2 2 -7  .329 3672788 2 6 5 41 2 1.0210.01     4.3  2.0    4.3    6.9   25.0  .01958 0 5 5 0―  .141.30  .0132.10113.6 6.2917.3828.78102236 5.9420.4133.57 4
20250419토 3140011국541 5 9712혼전 4451흐림양호 8 6 9뷰티풀화성      투아너앤다이아몬 5932.00한거 4 0 0 2 4  71712:45 24750국5이관호명마조합 012 4 3 527 1 0 214  0김성현44551.068평자보52 49 492217.042.017.31440 42150 72025 8202222162319 099 0→→입13.837.139.513.7404436.939.9 90.7 89.3 25 17  025   14.40   13.70 6 -3 -2NU동53.04451413 -.8 4.8 4.0626213 0일반주행부중잇점 1기 0 6 5     4 4 4⑤1:30.7¾    .814.140.814.8 -4  5  .00 5 9  1 2.65939676056 6 7 4 92 5 3.01 2.10     6.5  4.9    7.0   15.7   40.4  .01546-1 3 4-1▽ -.538.90  .0912.7189.00 4.8810.9017.32 1 4 8 7.5012.8717.86 6
20250309일 4140011국523 6 7713혼전 4453맑음다습10 6 9뷰티풀화성      투아너앤다이아몬 5932.00한거 4 0 0 2 5  83212:45 24750국5이관호명마조합 013 3 2 427 1 0 213  0문정균44052.559평자보43 39 393112.043.023.21175 8266013202513 02222131923 099 0→→추13.837.139.513.7444437.638.8 88.8 89.1 27 18  027   14.20   14.40 3  1  0LH동53.04451413  .4 4.2 4.6606013 0일반주행보통주행 1기 0 9 9     7 8 6⑥1:28.8코   1.514.438.413.7 -2 -8  .00 6 8 -1 1.95173304537 5 6 6 60 1 2.01 1.04     2.5  2.8    2.5    5.1    8.5  .01942 0 3 5 0― -.338.80 -.0612.4689.00 6.5014.4523.22 51221 5.0010.6120.18 8
20250215토 6140011국520 3 2714 1강 1151흐림건조 4 6 9뷰티풀화성      투아너앤다이아몬 5932.00한거 4 0 0 2 5  90514:25 24750국5이관호명마조합 014 2 1 327 1 0 212  0이용호44852.574평자보62 66 663433.043.015.02773102660132025 0 02222191820 099 0↗↘자13.837.139.413.7414837.140.0 89.6 89.3 30 20  030   14.10   14.10 4  3 -1NH동53.04451413  .4 4.4 4.8606013 0기습선행보통주행 1기 0 8 8     7 6 5⑦1:29.6½   2.014.240.114.4 -2  4  .00 7 9  8 2.36048696723 8 7 6 90 1 2.01 1.04     2.3  2.7    2.3    4.6    5.9  .03948-1 4 3-1▽ -.538.90  .2112.8488.93 3.41 8.5014.98 1 3 6 3.93 9.4017.43 7
20250118토 2140011국610 9 6715혼전 4453맑음건조 4 6 9뷰티풀화성      투아너앤다이아몬 5932.00한거 4 0 0 2 5  97511:00 16500국6이관호명마조합 015 113 227 4 0 111  0김성현44453.563평입보51 81 816873.064.053.51644102660132025 8202222162319 099 0↘→입13.837.139.513.7414437.638.4 90.7 88.7 22 22  022   14.10   13.60 4  1  1NN동53.04451413 1.0 4.2 5.2585813 0일반주행보통주행 1기 0 5 3     2 2 1②1:30.74     .014.139.514.1  1 -1  .00 2 1 -4  .73875183183 1 4 1 11 4 4.01 2.05     7.2  8.4    9.2   28.9   25.9  .02258 1 7 5 1― 1.138.80 -.8512.1089.0023.9241.1653.4837566925.0043.8445.54 1
20260815토 6170011국5 3 8  7 0혼전 4455           610파워풀슬루      테스타마집시캡컴 5136.00한수 3 0 0   1    017:05 24750국5문세영(주)녹원 2 0 8 4 3 7 2 1 0 7  0김용근   53.585기추적50 53 535124.050.022.827541421501433 0 0 0509931261450 050↘↘선15.140.440.813.21761                   17 33  017   14.60   13.40 4  7 -1BUDN56.04701814 1.0 4.2 5.2565617-1일반주행기복전력 1   010                            14.6    13.4        .0                      11 5 8 7  2                                              .01528 0 4 5 0― -.140.80 -.07     113.9 6.2212.6222.78 31222 7.3517.2825.48 4
20260718토 5180010국541 5 97 1혼전 4452흐림불량20 610파워풀슬루      테스타마집시캡컴 4642.00한수 3 0 0 2 1   56      24750국5문세영(주)녹원 2 1 7 3 2 7 1 1 0 6  0김용근49154.085기추적23 21 2118 7.031.0 9.927541421501433 0 0 0509931261450 050↘↘선15.140.940.313.2124841.340.9118.3120.1 20 40  020   15.30   13.3020  2  1HN동56.04701814 2.2 3.0 5.2565617 0일반주행휴양불리 5   0 3 9 9 8 7 7 7⑥1:58.31½  1.014.639.913.4 -3  7  .00 6 9  3 2.2708758814910 5 9100 1 1.02 4.08 3.0 6.3  3.0    6.4   10.0   27.1  .01510-3 1 1-3▼-1.340.20  .1338.88119.0 1.26 4.13 9.91 1 3 5 2.63 5.5911.8710
20260301일 5180011국550 8107 2혼전 4435맑음건조 3 610파워풀슬루      테스타마집시캡컴 4642.00한수 3 0 0 1 3  404      24750국5리카디(주)녹원 2 2 6 2 1 7 6 1 0 5  0정정희48453.576우추하56 51 517443.049.020.424711043641636253031382620241550 050↘↘입15.140.739.913.1267342.641.2122.6121.4 25 50  025   14.90   13.8010  0  1UNUP56.04701814 1.5 2.3 3.8676717 1숨은복병마방승부66기 0 1111110 3 3 9⑪2:02.64    2.516.640.914.1  5  7  .0011 6  4 2.9899968951811 1 5 80 610.01 9.05 3.3 6.3 26.3   47.6  163.4  120.9  .02244 0 5 6 0― -.240.50  .0840.79118.8 5.1912.2820.38 2 714 7.0617.4926.80 6
20251220토 6170011국552 5107 3혼전 4451흐림포화16 610파워풀슬루      테스타마집시캡컴 5136.00한수 2 0 0 2 1  186      24750국5리카디(주)녹원 2 3 5 1 2 7 5 1 0 4  0정정희47753.080평추하95 91 919072.060.027.622461134531236253031382620241550 050→→입15.040.140.313.1328740.341.4111.2113.3 25 25  025   15.20   13.70 3 -8 -3UU동56.04701714 2.0 2.7 4.7575717 0일반주행최적거리 5기 0 1 8 810 7 7 7⑦1:51.24    1.214.940.413.8  5  4  .02 7 2  1 1.8467459734410 1 3 60 5 9.10 5.04 3.1 9.7 17.6   88.0  164.5  311.510.51955 0 7 6 0―  .741.00  .2432.91113.4 8.0917.3427.55 8172912.3921.4935.15 4
20251130일 3170011국650 8 57 4혼전 4453흐림다습10 610파워풀슬루      테스타마집시캡컴 5136.00한수 2 0 0 9 1   75      16500국6리카디(주)녹원 2 4 4 4 1 7 4 0 0 3  0정정희47356.080평추하74 77 778077.071.062.3224611345312362530313826202415 0 099→→입14.440.140.413.1338540.040.0112.9111.3  0 33  033   14.70   13.50 5  0  0LNUP56.04671714 1.0 3.5 4.5616114 3부진만회작전마주43기 0 91010 9 2 2 2①1:52.91½  -.315.240.913.7  0  3  .00 1 1  0  .0 256242493 6 1 1 11 4 1.05 9.07 2.9 4.3  2.9   11.3   20.9   12.512.73264 2 8 8 2▲ 1.640.70 -.6030.83113.428.1848.6662.2633536526.5843.1148.84 1
20251025토 3140011국641 7 97 5혼전 4451맑음건조 5 610파워풀슬루      테스타마집시캡컴 5136.00한수 2 0 0 9 1  196      16500국6리카디(주)녹원 2 5 3 3 2 7 3 0 0 2  0정정희47056.080우추보88 94 947882.066.037.9224611345312362530313826202415 0 099→→입14.437.538.613.0168737.838.7 90.0 88.9  0 50  050   14.50   13.60 3  7  0BN동56.04671410 3.0 3.0 6.0505014 0일반주행작전마주46기 0 911    1110 8⑤1:30.01    1.014.739.213.5  4  3  .00 5 1 -3 1.44684265051 7 1 3 53 3 2.04 4.06 3.1 5.5  3.5   13.0   22.1  141.710.52977 2 8 6 2▲ 1.238.40 -.1512.8288.6613.6525.3737.88 8172919.6735.5042.64 2
20251004토 3140011국651 9107 6 2강 2251맑음다습10 610파워풀슬루      테스타마집시캡컴 5136.00한수 2 0 0 1 2  22911:25 16500국6리카디(주)녹원 2 6 2 2 1 7 2 0 0 1  0정정희46756.081평추보78 25 2551  .064.037.8214812325312362530313826202415      ↘→입14.437.738.712.6 99637.138.8 89.9 88.1  0  0  0**   14.40   12.50 3 -4  1HNUP       1410         6.0    10 4거리적응작전마주64기 0 2 8     9 7 4③1:29.92     .314.539.613.6 -1 -6  .00 3 4  1  .61846312673 9 111 43 2 1.0211.03     7.4  2.9    9.7   16.4   20.7  .03067 2 6 7 2― 1.138.00 -.3311.7088.8612.0724.8137.83 82233 9.8419.1365.78 4
20250913토 1100010국650 2107 7 1강 1155맑음포화19 610파워풀슬루      테스타마집시캡컴 4530.00한수 2     2 2  30513:15 24750국6리카디(주)녹원 2 7 1 1 1 7 1 0 0 0  0정정희47355.582평무보   25 2540  .057.059.2214812325312362530313826202415      ↘→입14.537.137.812.3    38.136.8 61.6 62.5              14.50   12.60        LN동       10 0                 0 0일반주행작전마주37기 0 6 8     810 9⑥1:01.6½   1.014.436.412.5  3  1  .00 6 3  0 1.63575 83246 1 1 2 23 1 1.06 2.08     6.8  3.1   13.1   21.6   56.5  .02067 0 6 7 0―  .537.80 -.65-12.462.7121.0942.4859.1918375310.4320.7532.31 6
20260815토 6170011국5 3 8  9 0혼전 4455           611블랙선          어플릿익핫걸     7327.00한암 3 0 0   1    017:05 24750국5정호익정우종합 0 013 2 412 3 0 212  0임다빈   52.577평추보50 60 602824.044.018.81527 82033 7241719 02314142424 0 099→↗추14.039.841.313.64744                   22 22  011   14.10   13.90 5  5 -1VUUP55.04801714-1.2 4.6 3.4707010 3일반주행거리속성 1   011                            14.1    13.9        .0                       7 8 2 9  5                                              .01528-1 4 2-1▽ -.541.30  .08     113.8 5.7812.1318.83 1 3 5 7.3517.2825.48 5
20260712일 41400 9국510 8 69 1 1강 1151맑음다습12 611블랙선          어플릿익핫걸     7327.00한암 3 0 0 2 1   67      24750국5정호익정우종합 0 112 1 712 2 0 211  0임다빈48153.577평추하87 82 824257.053.031.41527 82033 7241719 02314142424 0 099→↗추14.037.339.713.6253037.140.2 88.6 88.7 22 22  011   14.00   13.60 4  0 -2NU동55.04801714-1.4 5.4 4.0585810 0숨은복병선추겸비60기 0 6 7     8 8 7⑤1:28.61¾   .914.139.813.9  3  1  .02 5 2 -2 1.93851727255 7 6 2 33 4 8.05 4.08 1.5 3.9 24.7  163.6  523.5  334.1  .01947 0 6 5 0―  .338.60 -.5211.7489.28 9.1920.1231.37153246 6.8622.0036.30 5
20260614일 3140011국630 8 89 2 3강 3351흐림건조 3 611블랙선          어플릿익핫걸     7327.00한암 3 0 0 2 1   68      24750국6정호익정우종합 0 21111 612 1 0 110  0임다빈48055.077평추하32 71 714625.052.022.91527 82033 7241719 02314142424 0 099→↗추14.037.339.813.6242437.138.4 88.8 87.5 13 13 13 0   15.50   13.70 3  0  0NNDN55.04791714-1.4 5.4 4.0585810-3일반주행단기승부38기 0 6 6     6 5 3②1:28.8¾    .014.039.013.6 -2  0  .00 2 4  2  .2 44413 988 4 5 5 63 3 3.04 1.06 2.1 5.0  5.5   18.5   35.6   14.912.11868 0 4 3 0―  .238.30 -.3810.3989.34 5.7513.6822.86 31222 4.9013.1322.22 6
20260523토 2170010국630 9 89 3 1강 1151흐림다습13 611블랙선          어플릿익핫걸     7327.00한암 3 0 0 2 1   59      16500국6정호익정우종합 0 31010 312 3 0 1 9  0이용호48055.064평추상59 77 775071.064.044.11755 72033 7241720 02314191820 0 099→↘자14.039.841.313.6474141.140.6115.4114.7 13 13 13 0   15.00   13.60 4 -5  0NN동55.04791714-1.2 5.0 3.8636310 0일반주행거리속성40기 0 6 9 9 9 9 9 8⑥1:55.4머리  .315.540.713.7  4  2  .09 6 2 -2 1.77693346773 3 3 3 33 3 1.08 9.05 1.7 3.2  1.7   74.9   88.1  114.9  .02242 1 7 6 1― 1.241.50 -.5033.62113.815.9430.1844.0812253813.4031.2545.16 3
20260425토 4170011국630 9 89 4 1강 1151맑음건조 3 611블랙선          어플릿익핫걸     7327.00한암 3 0 0 9 1   78      16500국6정호익정우종합 0 4 9 9 212 2 0 1 8  0이용호47855.064평추상42 85 854366.058.027.71755 72033 7241720 02314191820 0 099→↘자14.039.941.413.6423740.040.9114.2113.0 14 14  0 0   14.50   13.40 3  4  0VNUP55.04791714-1.2 5.0 3.8636310 3일반주행거리속성44기 0111010111110 5④1:54.21     .815.041.213.6  0 -1  .00 4 4  0 1.33256464959 5 8 3 53 2 1.02 4.02 2.1 4.4  2.1    4.4    7.5   17.3  .01533 0 6 4 0―  .441.10 -.2331.72114.0 7.7017.2627.67 5132511.0025.7738.91 4
20260405일 3140010국610 9 69 5 2강 2258맑음양호 6 611블랙선          어플릿익핫걸     7327.00한암 3 0 0 1 1   50      24750국6정호익정우종합 0 5 8 8 512 1 0 0 7  0이용호47955.064평추하20 54 543138.047.028.41755 72033 7241720 02314191820      →↘자14.037.339.813.7262437.738.7 90.9 88.9 17 17 17 0   14.40   13.80 4  2  1NN동       1714 -.2 5.0 4.8494910 0일반주행선추겸비46기 1 7 6     7 7 3②1:30.91¼   .014.539.713.4 -2  0  .00 2 4  1  .24579264490 6 4 3 43 1 2.04 4.07 1.5 4.0  5.3   18.8   35.2   33.2  .01533 0 5 3 0― -.138.60 -.5011.8089.34 7.8716.7028.37 7142514.2923.1430.77 5
20260308일 3140010국651 9109 6혼전 4459맑음다습13 611블랙선          어플릿익핫걸     7327.00한암 3 0 0 2 1   71      24750국6정호익정우종합 0 6 7 7 412 1 0 0 6  0푸르칸47954.578평추상36 46 464239.055.044.42156152033 72417 0 02314142421      ↗↗추14.037.339.813.7292738.139.3 90.4 89.9 20 20  0 0   15.30   13.80 6 -1  0NNDN       1714 -.6 5.6 5.0424210-3일반주행보통주행78기 1 5 7     8 7 4④1:30.4머리  .314.439.513.8  1 -4  .00 4 3 -5  .77590477572 6 5 2 23 1 4.01 8.02 3.7 7.8  6.4   15.6   35.0   19.3  .01847 0 5 5 0―  .338.80 -.9312.8189.3417.5532.1644.40183753 9.8430.3031.96 3
20260125일 3170011국641 9 99 7 2강 2252맑음건조 3 611블랙선          어플릿익핫걸     7327.00한암 3 0 0 2 1  102      16500국6정호익정우종합 0 7 6 6 112 3 0 0 5  0장추열48354.593평추상32 31 313634.054.025.02950122033 7241728 02314202722      ↘↗입14.040.141.613.6303740.042.0114.6113.7 25 25  0 0   14.50   13.90 4 -2  1NNUP       1714  .0 5.0 5.0414110 3일반주행거리속성 5기 0 6111111 9 9 8⑤1:54.61    1.015.341.713.8 -3 -2  .00 5 8  0 1.65961758053 8 6 5 53 3 5.0211.10 3.0 7.5 11.3   15.0   31.8   25.0  .01936 0 5 5 0―  .241.00 -.3832.00114.2 6.7615.9625.02102236 4.3513.5422.68 4
20251227토 5140011국651 9109 8혼전 4451흐림다습14 611블랙선          어플릿익핫걸     7327.00한암 2 0 0 9 1   8113:35 16500국6정호익정우종합 0 8 5 5 312 2 0 0 4  0장추열48554.093기입적12 13 132014.040.012.82950122033 7241728 02314202722      ↘↗입14.037.339.913.7243037.839.5 90.2 89.2  0 33  0 0   14.80   14.6012  2  0LN동       1410 1.0 4.0 5.0454510 0교체실패휴양불리50기 0 811    1010 9⑤1:30.21¼  1.814.540.113.9 -3-12  .00 5 8  5 2.15985537431 9 710 83 2 1.02 4.07     5.5  2.3    5.5    8.3    8.3  .01917-3 3 1-3▼ -.938.70 -.1711.9789.41 2.67 7.3812.83 2 714 3.41 7.6915.90 8
20251003금 4140011국631 8 89 9 3강 3353흐림다습11 611블랙선          어플릿익핫걸     7327.00한암 2 0 0 1 2  23915:20 16500국6정호익정우종합 0 9 4 4 212 1 0 0 3  0장추열49754.093하입적53 57 574579.073.058.73351182652 7241728 02314202722      ↗↘입14.037.539.913.6123038.241.6 93.3 92.3  0 33 33 0   14.00   13.30 4  5  1NNUP       1410 1.0 5.0 6.0282810 4숨은복병신저혈통65기 1 610    101011⑪1:33.32½  4.614.841.814.6  8  4  .0911 3  1 4.897929397 5 8 5 4 20 1 2.0111.10     3.6  3.3    3.6    6.8   18.411.83082 2 7 7 2△ 1.539.10-1.5014.8789.5524.4345.6358.7038587220.2237.2343.11 2
20250906토 1100010국611 4 6910 1강 1155흐림다습12 611블랙선          어플릿익핫걸     1910.00한암 2 0 0 1 2  326      24750국6정호익정우종합 010 3 3 212 1 0 0 2  0조인권49353.573하추보24 25 253921.043.031.51838122652 7241722 02314242513      ↘→선14.237.937.613.9276136.737.6 62.0 62.0  0  0  0 0   14.50   14.20 3 -5  0HHDN       1410-1.0 6.0 5.0414110-4일반주행최적거리42기 1 1 6     6 4 1③1:02.0½    .114.037.513.3  1 -4  .00 3 2 -2  .12120321774 9 4 1 52 1 9.07 5.07 1.5 5.7 29.7  113.4  352.4  282.9  .01539-2 4 3-2▽ -.736.90 -.15-13.563.04 8.0718.4131.47 81729 3.31 9.01 6.8310
20250817일 2140011국640 9 9911 1강 1151맑음양호 8 611블랙선          어플릿익핫걸     7327.00한암 2 0 0 2 2  378      16500국6정호익정우종합 011 2 2 112 2 0 0 1  0임다빈49753.576하무보36 35 3522  .037.014.72050 82652 7241719 02314142424      →→추14.237.540.313.0212238.139.6 92.4 90.4  0  0  0 0   14.20   13.30 5 -3  0NHUP       1410         5.0    10 4일반주행거리부담43기 0 610     91010⑦1:32.4코   2.514.540.514.2  3 12  .00 7 4 -2 3.18491588219 6 911 93 2 1.03 8.09 2.1 5.2  2.1    7.7   11.6    9.0  .01511-3 3 2-3▽ -.938.70 -.5912.6089.83 2.95 8.4414.67 1 4 914.6325.8882.69 3
20250712토 11000 9국620 5 7912 1강 1155맑음건조 5 611블랙선          어플릿익핫걸     1910.00한암 2     2 3  47410:35 24750국6정호익정우종합 012 1 1 112 1 0 0 0  0임다빈48553.578평무보20 35 35 6  .028.0 7.81846 5204710241719 02314142424      ↗→추14.738.538.312.7 2 337.738.3 63.3 63.3              14.70   13.00        NN동       10 0         3.0     0 0일반주행보통주행49기 1 9 7     7 7 7⑤1:03.34    1.314.238.213.3 -1 12  .00 5 6  0 2.16263586140 9 9 9 90 1 3.01 8.05     2.5  9.8    6.3   23.1   20.1  .015 7-4 2 2-4▼-1.636.60 -.16-13.563.76 1.03 2.70 7.75 2 71111.1122.2233.33 9
20260815토 7180010국4 3 5  8 0혼전 4451           7 1밸리드영        섀클포드밸리드발 9130.00한수 3 0 1   1    018:25 33000혼4문병기(주)디알 2 0 8 2 4 7 3 3 2 7  1빅투아   56.592강선보50 73 737778.061.050.0305313265110275424372829222818502525→→선13.939.940.513.67144                   71 43 2929   14.20   13.20 6 -1  0UL동55.05141818  .6 1.4 2.0808017 0연대우수연대우수 1   0 1                            14.2    13.2        .0                       6 5 1 1  6                                              .03775 1 8 7 1▲  .840.50 -.54     118.719.4135.7050.0033536528.9946.9157.74 1
20260704토 71800 8국441 6 48 1 2강 2251흐림건조 4 7 1밸리드영        섀클포드밸리드발 9130.00한수 3 1 1 1 1   94      33000국4문병기(주)디알 2 1 7 1 3 7 2 3 1 6  1빅투아50856.592우추보72 87 878592.063.061.9305313265110275424372829222818502525→→선13.939.940.713.6673739.939.6118.8118.7 67 50 3333   14.40   13.90 5 -1  3UB동55.05141814 1.0 1.4 2.4757517 0승부최상연대우수36기 0 2 2 2 2 2 2 1②1:58.82     .014.238.813.2  1 -4  .00 2 1  0  .43439221484 3 4 1 21 5 2.01 4.02 2.5 3.5  3.5    3.5    8.2    5.1  .03778 3 9 8 3▲ 1.141.00 -.8738.14118.823.9944.4261.9218375331.9355.9667.52 1
20260530토 8180010국520 9 78 2 2강 2251맑음양호 7 7 1밸리드영        섀클포드밸리드발 9130.00한수 3 0 1 9 1   93      33000국5문병기(주)디알 2 2 6 2 2 7 1 2 1 5  1빅투아51254.092우자하77 76 768293.068.059.6305313265110275424372829222818333333→→선13.839.940.713.6653339.840.1121.0118.6 60 60 4040   13.70   14.10 5 -7  2UN동55.35151814  .4 2.0 2.4787817 0연대우수승부최상46기 1 3 1 1 1 1 1 1①2:01.0½    .014.440.413.9  0 -3  .00 1 1 -1  .02832382392 3 8 3 21 4 1.02 3.05 1.8 2.9  1.8    2.9    4.6    9.7  .04698 3 9 9 3★ 1.541.00 -.8238.00118.826.2347.5559.5633536528.7951.6765.85 1
20260425토10180010국422 6 28 3혼전 4451맑음건조 3 7 1밸리드영        섀클포드밸리드발 9130.00한수 3 1 1 9 1   92      33000국4문병기(주)디알 2 3 5 1 1 7 1 2 1 4  1조재로51552.587강추보93 95 957784.065.053.9335313265110275445132829192522333333↗↘입13.940.040.513.7644138.841.7118.8118.4 75 75 2525   14.20   13.80 5  4 -4VUUP55.35151814  .0 2.0 2.0838317 1연대우수연대우수47기 010 2 2 2 2 2 3④1:58.81     .813.741.114.1  2  1  .00 4 2  1 1.332 7764158 6 7 2 11 1 1.07 4.09 1.7 2.1  1.7   12.1   17.1  227.510.54090 3 9 9 3★ 1.340.90 -.6637.94118.723.6440.9853.9037566925.0046.0758.59 1
20260322일 4170011국543 9 48 4혼전 4451맑음건조 5 7 1밸리드영        섀클포드밸리드발 6626.00한수 3 0 1 2 1   91      24750국5문병기(주)디알 2 4 4 3 1 7 4 1 1 3  1빅투아51456.592강추보97 97 978782.067.043.730531326511027542437282922281850 050→→선13.740.140.713.5308238.441.4112.0111.9 67 67  033   13.80   13.20 5 -5  3NBUP54.85151714  .0 2.3 2.3828212 3승부최상연대우수53기 1 6 2 2 3 3 3 1①1:52.0¾    .014.241.013.8  0 -2  .00 1 1 -1  .0 6 2601692 9 2 2 12 3 1.08 6.09 2.5 3.2  2.5   31.9   38.5  154.910.53778 2 9 8 2▲ 1.340.70 -.3431.07113.617.4932.0343.6933536524.4940.0053.16 1
20260215일 4140011국541 7 98 5혼전 4451맑음건조 3 7 1밸리드영        섀클포드밸리드발 6626.00한수 3 1 1 2 1   80      24750국5문병기(주)디알 2 5 3 2 2 7 3 1 0 2  1빅투아51653.592우추보81 89 897482.069.051.3305313265110275424372829222818 0 099→→선14.037.339.313.5306937.837.5 88.1 87.4 50 50  0 0   14.20   13.50 5  1  0VU동56.05141412  .0 2.5 2.5808012 0연대우수승부최상74기 111 3     2 2 2②1:28.14     .013.837.913.2  0  3  .00 2 2  1  .6 483 31090 7 5 3 21 2 1.0210.11 2.9 5.4  2.9    5.4   10.5   41.810.55896 4 9 9 4☆ 1.638.30 -.8010.7689.0022.4939.4151.3418375320.3436.4450.45 3
20260110토 7140011국522 4 28 6혼전 4451강풍양호 8 7 1밸리드영        섀클포드밸리드발 6626.00한수 3 1 1 2 1   99      24750국5문병기(주)디알 2 6 2 1 1 7 2 1 0 1  1빅투아51353.592강추보98 98 987275.066.042.9305313265110275424372829222818 0 099→→선14.037.339.113.3328537.338.9 88.4 88.6100100  0 0   14.00   13.40 5  2 -3NUUP56.05141412-3.0 4.0 1.0989812 2마방기습연대우수 5기 010 6     7 7 4④1:28.44     .614.238.713.5  3 -1  .00 4 1 -3  .93764293560 8 4 1 23 1 2.05 5.06 2.2 2.3  2.7   15.3   19.7   28.510.53787 2 9 9 2▲ 1.238.60 -.4712.2488.8616.9530.2542.8918375314.5629.7041.77 3
20251207일 1120012국610 8 18 7 1강 1151맑음다습10 7 1밸리드영        섀클포드밸리드발 6620.00한수 2     1 1   9810:35 24750국6문병기(주)디알 2 7 1 1 1 7 1 0 0 0  0문세영51456.073평무보10 25 2526  .056.026.73845 0265110275449432829293615      ↗↘입14.738.439.813.0 1 137.437.6 75.2 74.8              14.70   13.30        LN동       12 0         7.0     0 0일반주행마방기습48기 2 8 7     8 6 5①1:15.24    -.714.038.313.4 -3 -9  .00 1 4  0  .0 95911159612 912 53 1 4.02 8.05     3.0 22.6   25.8   85.1   40.4  .02454-2 6 5-2▽  .136.80-1.17-3.4177.29 5.9716.5726.68102236 9.3818.1839.82 6
20260815토 7180010외4 3 5  4 0혼전 4451           7 2아모스골드      DIALED IFOXY SAR 4744.00미수 3 0 0   1    018:25 33000혼4최용건홍애란   0 0 4 4 1 3 1 0 0 3  0정도윤   52.585평입보50 48 483739.056.041.314 0 92853122223 0 02714102921      ↗↗입14.238.240.413.72644                    0 33  033   14.30   12.80 4 -4  0HHUP       1812  .0 5.0 5.0555512 6일반주행거리속성 1   0 2                            14.3    12.8        .0                       1 3 7 3  2                                              .02558 1 5 5 1―  .540.40  .19     118.014.3629.1941.28102235 8.7024.6935.09 2
20260718토 7120010외452 6104 1 1강 1151흐림불량20 7 2아모스골드      DIALED IFOXY SAR 23     미수 3 0 0 2 1   54      33000혼4최용건홍애란   0 1 3 3 2 3 2 0 0 2  0빅투아51252.591우입보67 60 605948.045.017.7305313285312222321392714222818      →→선14.237.538.313.7327338.237.9 74.4 75.9  0 50  0 0   14.20   14.30 5  1  0NHDN       1412 -.5 4.5 4.0555512-2편성탐색보통주행 5   0 610     9 8 8⑦1:14.4¾    .814.337.012.8  1 -4  .00 7 6  4 1.2418817475610 3 6 90 2 7.10 8.01 3.4 8.4 10.5  233.0  367.3  355.7  .02953 0 5 4 0― -.238.00  .43  .1175.95 3.4210.0317.73 2 711 7.1014.4321.38 6
20260613토 51400 8외432 4 84 2 2강 2251맑음건조 3 7 2아모스골드      DIALED IFOXY SAR 2360.00미수 3 0 0 2 1   96      33000혼4최용건홍애란   0 2 2 2 1 3 1 0 0 1  0빅투아51652.592우입상91 78 787454.055.034.2305313285312222321392714222818      →→선14.137.538.813.0188737.239.8 88.3 89.1  0100  0**   14.00   12.90 4  2  0NHUP       1412-4.0 7.0 3.0606012 2일반주행조교부실32관 0 5 6     5 4 5⑤1:28.34    1.014.239.714.3  3  2  .00 5 2 -5 1.44748615949 8 1 6 52 1 3.01 3.01 2.4 4.9  4.5    6.2   11.8   16.7  .03088 2 6 6 2―  .638.40 -.1712.7788.80 9.1421.1334.16 71425 7.5018.5232.25 4
20260516토 6120010외423 5 24 3 2강 2241맑음건조 3 7 2아모스골드      DIALED IFOXY SAR        미수 3     2 1   75      33000혼4최용건홍애란   0 3 1 1 1 3 1 0 0 0  0정도윤51452.583평무보14 25 2534  .035.010.314 0 92853122223 0 02714102921      ↗↗입15.138.239.813.215 137.538.0 75.0 75.3              15.10   13.50 4  0  0NN동       12 0         5.0     0 0일반주행보통주행42기 1 3 5     5 5 4③1:15.04     .714.037.612.9 -4-12  .00 3 7  0 1.12262202759111111102 1 2.03 7.11 1.8 2.1  3.0   21.3   33.5  119.8  .01526-3 2 2-3▽-1.137.10 -.57-2.7377.17 1.81 5.1710.34 1 4 9 9.5218.0344.24 5
20260815토 7180010외4 3 5  3 0혼전 4451           7 3마이던          BRETHRENSOUTHERN        미수 3 0 0   1    018:25 33000혼4정호익권경자   2 01414 213 3 0 112  0서승운   52.585평입상50 49 492839.059.045.12538172033 72419 0 02314283016 067 0↗↘선14.339.340.914.07115                   11 33 1111   14.20   13.20 4 -6  0HVUP52.35061812-1.6 6.0 4.4565617 1일반주행거리속성 1   0 3                            14.2    13.2        .0                       3 8 6 2  3                                              .02555 1 6 6 1―  .740.90 -.37     118.616.9431.6545.07183753 8.7024.6935.09 3
20260718토 8170011외422 3 73 1혼전 4451흐림포화18 7 3마이던          BRETHRENSOUTHERN        미수 3 0 0 2 1   53      33000혼4정호익권경자   2 11313 213 2 0 011  0서승운49852.584평입상75 67 673362.068.044.92538172033 72419 0 02314283016 050 0↗↘선14.239.341.514.1792439.340.9109.2111.7  0 25 1313   14.50   14.30 5  7  0LVDN52.35101812 -.6 5.2 4.6494918-1일반주행거리속성 5   0 9 6 6 5 3 3 1②1:49.2목    .014.239.713.2 -6 -4  .00 2 8  2  .1 422432584 4 6 4 22 2 1.08 4.09 2.2 2.6  2.2   21.1   27.7   16.3  .04075 3 7 8 3▲ 1.441.50 -.3630.90113.616.2931.4944.8512264113.0023.9235.13 4
20260613토 71800 9외451 9103 2 1강 1159맑음건조 3 7 3마이던          BRETHRENSOUTHERN        미수 3 0 0 2 1   94      33000혼4정호익권경자   2 21212 113 1 0 010  0서승운50252.585평입보20 20 204255.062.045.42538172033 72419 0 02314283016 0 0 0↗↘선14.240.040.814.0562239.341.5118.9118.2  0 14  014   14.20   14.10 4 -3  0UVUP52.05171812-1.0 5.6 4.6515112 2일반주행거리속성21관 0 2 3 3 3 3 4 3⑤1:58.9½    .514.541.314.3 -1 -4  .00 5 6 -1  .61815724670 2 7 7 32 1 5.02 8.07 2.7 6.6  7.9   12.8   20.3   21.0  .04084 3 7 7 3△ 1.040.90 -.5437.44118.914.9930.7745.3810223511.2927.7841.92 3
20260516토 8160010외412 9 63 3혼전 4453맑음건조 3 7 3마이던          BRETHRENSOUTHERN        미수 3 0 0 2 1   73      33000혼4정호익권경자   2 31111 113 2 0 0 9  0루이스50652.569평입보57 53 531443.054.031.72042112033 7241916202314192517 0 0 0↗↘입14.236.740.614.1451336.440.0104.0103.3  0 17  017   14.30   13.00 3  4  0NVDN52.05171712 -.4 6.0 5.6484812-1일반주행급신장세31기 0 5 5   5 6 6 5⑤1:44.02½   .814.240.614.1 -2  4  .00 5 7    1.85943595860 710 4 52 3 5.01 2.04 2.2 6.9  8.4    9.7   25.5   19.5  .02023 0 5 6 0―  .440.60 -.5126.02103.8 9.1419.9031.71 82233 8.7021.0531.45 4
20260426일 5170010외433 3 83 4 1강 1151맑음건조 3 7 3마이던          BRETHRENSOUTHERN        미수 3 0 0 9 1   46      33000혼4정호익권경자   2 41010 113 1 0 0 9  0루이스50452.569평입보21 11 1120 6.039.014.52042112033 7241916202314192517 0 0 0↗↘입14.239.641.514.16027                    0 17  017   14.30   14.80 3-10  0UVUP52.05171712 -.4 6.4 6.0454513 3일반주행거리속성52기 1 1                    경제    14.3    14.8     2  .07                      71010 90 2 1.04 3.08 1.9 3.3  1.9    9.2   11.6   16.3  .01538 0 3 3 0― -.741.50  .19     113.8 2.62 6.9514.49 1 4 8 1.03 4.8310.61 9
20260404토10140011외411 5 63 5혼전 4451맑음양호 6 7 3마이던          BRETHRENSOUTHERN        미수 3 0 0 1 1   54      33000혼4정호익권경자   2 5 9 9 213 1 0 0 8  0푸르칸50252.578평입하18 10 104316.045.021.62156152033 72419 0 02314142421 0 0 0↗↗추14.137.039.814.1511537.440.5 90.5 90.3  0 17  017   14.00   14.30 7 10  0VV동52.05171412 -.4 6.4 6.0454513 0일반주행보통주행70기 111 8     7 7 8⑨1:30.54    2.314.340.714.8  2  1  .05 9 7  3 3.38265808521 4 7 9 80 1 4.05 1.02 1.4 3.7 10.3   31.6   82.0   71.5  .02041 0 4 4 0― -.239.20 -.1613.4789.14 5.4613.0421.56 2 716 3.6110.1117.59 8
20260214토11140011외430 6 83 6혼전 4451맑음건조 3 7 3마이던          BRETHRENSOUTHERN        미수 3 0 0 2 1  126      33000혼4정호익권경자   2 6 8 8 113 1 0 0 7  0조재로50152.588평입보49 37 375047.062.030.63353132033 72419 0 02314192522 0 0 0↗↘입14.137.039.814.2521537.840.4 89.9 90.6  0 17  017   13.90   13.90 6 -5  0UVUP52.05171412 -.4 6.4 6.0454513 2숨은복병거리부담66기 0 1 8     9 910⑩1:29.9½   2.214.040.414.3  6-21  .0110 4  0 2.48680778722 610 8 40 1 3.07 5.06 2.6 3.4  3.7   32.1   53.5   24.412.73269 2 6 8 2▲ 1.039.30 -.4013.7789.14 9.4219.8730.55 5132510.3419.2121.79 3
20260104일 9120011외453 7103 7 3강 3361맑음다습12 7 3마이던          BRETHRENSOUTHERN        미수 3 0 0 1 1  107      33000혼4정호익권경자   2 7 7 7 513 1 0 0 6  0루이스52252.571평입하48 30 304817.048.019.82042112033 7241916202314192517 0 0 0↗↘입14.137.339.014.1473037.238.7 75.5 75.8  0 20  020   13.70   14.40 4 -5  0NVDN52.05171312 -.4 6.4 6.0454512-1일반주행보통주행 5기 1 6 8     7 7 4④1:15.53    1.113.939.013.9  0  4  .00 4 4 -1 1.53949454349 8 910 63 1 7.01 1.03 3.3 8.7 10.4   22.2   44.6   34.211.21851 0 4 3 0― -.138.20  .09 -.5576.23 4.5910.3519.78 51322 6.1211.0619.48 7
20251207일 9130011외421 2 73 8혼전 4451흐림양호 9 7 3마이던          BRETHRENSOUTHERN        미수 2 0 0 1 1   6917:00 33000혼4정호익권경자   2 8 6 6 113 5 0 0 5  0조인권51852.572평입하54 55 552228.049.017.11750 82033 7241922242314242513 0 0 0→→선14.437.539.313.9495737.539.9 81.8 83.3  0 25  025   14.00   14.00 4  4  1VVUP52.05171312 -.8 6.8 6.0505012 1일반주행거리속성48기 111 6     5 4 4⑥1:21.8목   2.013.739.414.4  1 -5  .00 6 5  4 3.7534469652210 6 5 92 5 1.0410.03     4.4  1.8    9.1   11.9   85.5  .01527 0 5 5 0― -.139.60  .36 6.5183.16 3.71 8.7717.08 2 714 3.0612.7918.55 8
20251109일 7120011외422 3 73 9혼전 4442맑음건조 3 7 3마이던          BRETHRENSOUTHERN        미수 2 0 0 2 1  137      33000혼4정호익권경자   2 9 5 5 413 4 0 0 4  0조인권52352.073평입보51 46 463922.046.019.41750 82033 7241922242314242513 0 0 0→→선14.437.538.513.9336937.138.5 75.3 75.9  0 25  025   13.80   13.90 3 -1 -2NU동52.05171212 -.7 7.7 7.0505012 0적정체중보통주행54기 1 7 6     6 6 4④1:15.31¼   .314.038.814.0  3  2  .09 4 1 -3  .34140403271 8 6 5 82 4 4.07 9.02 2.4 4.0  8.9   32.1   67.7  144.7  .02531 0 4 3 0― -.438.00  .29 -.1276.06 4.4210.2819.37 41118 5.7112.7422.90 9
20251018토 6120011외414 5 6310 3강 3351흐림포화19 7 3마이던          BRETHRENSOUTHERN        미수 2 0 0 2 2  215      33000혼4정호익권경자   210 4 4 313 3 0 0 3  0조인권52154.073하입적68 57 573344.058.025.81838122652 7241922242314242513 0 0 0↘→선14.637.638.913.9264837.238.7 75.3 76.2  0 33  033   13.70   12.90 5 -1  2NN동52.05171212  .5 7.5 8.0373712 0뒷심문제보통주행63기 0 8 6     4 4 4③1:15.36    1.013.838.913.9 -1  4  .00 3 4 -4 1.95148454251 9 7 5 52 3 1.02 9.04 1.5 3.6  1.5    3.6    4.9    8.911.22833 0 5 6 0―  .538.00 -.19 -.3576.34 6.6415.6925.79 31222 9.1616.3925.69 5
20250913토 8120011외424 1 7311혼전 4451맑음포화17 7 3마이던          BRETHRENSOUTHERN        미수 2 0 0 2 2  29819:10 33000혼4정호익권경자   211 3 3 213 2 0 0 2  0조인권51752.073하입보33 22 223011.036.012.91838122652 7241922242314242513      ↘→선14.637.639.413.9284137.137.5 72.9 75.1  0  0  0 0   14.10   14.00 4  0 -1LH동       1210  .0 6.0 6.0353512 0일반주행보통주행42기 0 9 7     7 7 7⑤1:12.9¾    .113.736.812.9 -3  0  .00 5 8 -1  .2154110 87310 9 9100 2 2.07 2.08     2.6  3.2   32.7   53.5  102.8  .01523 0 2 2 0― -.737.70 -.10-1.9076.62 2.10 5.8512.88 0 3 4 2.15 7.0713.86 8
20250817일 7120011외452 510312 1강 1151맑음양호 7 7 3마이던          BRETHRENSOUTHERN        미수 2 0 0 2 2  37315:15 33000혼4정호익권경자   212 2 2 113 1 0 0 1  0조인권51752.573하입보31 35 3526  .038.011.71838122652 7241922242314242513      ↘→선14.637.739.413.9324137.638.9 76.3 76.6  0  0  0 0   14.50   13.80 5  6 -3BHUP       1210         6.0    10 2마방습성보통주행47기 0 9 8     9 710⑩1:16.3목   1.414.139.314.0  1  0  .0010 9  3 2.66467526138 9 811100 1 1.0210.07     5.1  2.1    5.1    7.9   23.4  .03121-2 3 3-2▽ -.838.00 -.12 -.5476.67 1.90 5.1311.68 3 81710.0019.1367.36 5
20250713일 11000 8외441 3 9313 1강 1155흐림건조 4 7 3마이던          BRETHRENSOUTHERN        미수 2     2 3  46510:35 41250혼4정호익권경자   213 1 1 113 1 0 0 0  0마이아51755.593평무보   35 3540  .072.068.9344833204710241940 023143532 8      →→선14.637.137.813.6    37.538.2 63.1 63.5              14.60   13.90        NN동       10 0                 0 0일반주행마방습성47기 1 3 6     6 5 5⑥1:03.11½  1.514.538.013.8  0 22  .00 6 6  0 2.06753575534 1 1 3 12 1 1.02 8.01     4.2  2.5    4.2    8.7   31.7  .04088 3 8 9 3▲ 1.738.10 -.94-11.462.7132.0953.4068.8533536512.9024.7244.12 4
20260815토 7180010외4 3 5  5 0혼전 4451           7 4별콩            TARZINO ROMEO'S         뉴거 5 0 0   1    018:25 33000혼4서인석이태인   2 016181217 1 1 017  0조재로   54.087평입보50 46 462633.053.030.63353131846 9182125 01912192522 06733↗↘입14.641.040.713.73622                   19 25 19 6   14.80   14.50 5  3  1HN동52.24501818 -.4 5.0 4.6525218 0교체실패최적거리 1   0 4                            14.8    14.5        .0                       9 6 9 5  1                                              .01959 0 5 6 0―  .240.70 -.49     119.210.5921.6430.63 8172910.1417.2827.17 5
20260712일 91800 8외453 8 55 1혼전 4444맑음다습10 7 4별콩            TARZINO ROMEO'S         뉴거 5 0 0 2 1   62      33000혼4서인석이태인   2 115171117 1 1 016  0우인철45353.572평입보32 36 363935.056.040.42048101846 9182133 01912102623 06733↘↘입14.640.440.513.7423041.041.2120.2120.2 20 27 20 7   14.90   14.20 6 -7 -3UN동52.24501818-1.6 5.4 3.8676718 0일반주행최적거리78기 1 1 6 6 6 7 7 8⑦2:00.26    3.014.841.914.5  3 -8  .00 7 4 -2 3.27280668113 5 4 4 30 1 6.03 4.02 2.1 2.5 23.1   60.2  178.8  413.5  .01874 0 6 6 0―  .540.70 -.4639.28118.912.5026.7140.36153246 8.6223.2633.82 4
20260530토 8180010외420 9 75 2 2강 2251맑음양호 7 7 4별콩            TARZINO ROMEO'S         뉴거 5 0 0 9 1  113      33000혼4서인석이태인   2 214161017 3 1 015  0유승완46156.569기입적57 49 492327.046.020.61962 81846 9182119 01912152722 06733→↘입14.640.240.613.7582740.640.9122.1119.7 21 14 21 7   14.80   14.20 8  6  2NB동52.24501818-1.2 4.8 3.6696918 0과중문제기복전력 5   0 8 4 4 4 3 4 4⑤2:02.11¾  1.014.941.214.2 -1  9  .00 5 6  2 1.15964596654 5 7 4 62 3 1.02 3.05 1.8 2.9  1.8    2.9    4.6    9.7  .02224-1 5 4-1▽ -.440.80  .0038.90118.9 4.2810.1820.58 51322 3.7910.0019.21 5
20260404토 7180011외422 8 75 3 1강 1151맑음양호 7 7 4별콩            TARZINO ROMEO'S         뉴거 5 0 0 1 1  158      33000혼4서인석이태인   2 31315 917 2 1 014  0유승완45254.569기입적64 65 654058.055.031.61962 81846 9182119 01912152722 06733→↘입14.540.240.613.7582440.141.5119.8118.5 21 36 14 7   14.80   13.10 5 -1  2UL동52.24501818 -.6 4.6 4.0676718 0일반주행기복전력52기 0 2 7 7 7 7 7 7⑧1:59.8코   1.014.841.014.2  4 -4  .09 8 4 -3 1.53351737352 5 4 3 40 2 1.03 7.06 1.6 3.1  1.6    5.8    8.3  101.7  .02250 1 6 5 1―  .740.70 -.2537.67118.9 9.1219.7831.56 91835 8.4919.3231.79 3
20260228토 8180010외450 2105 4혼전 4441맑음건조 3 7 4별콩            TARZINO ROMEO'S         뉴거 5 0 0 9 1  108      33000혼4서인석이태인   2 41214 817 1 0 013  0유승완45652.569기입적42 45 453322.041.013.01962 81846 9182119 01912152722 05050→↘입14.540.140.713.7652739.839.9117.7118.8 15 31 1515   14.60   14.10 6 -2  0UV동52.04481818 -.6 4.6 4.0676718 0교체실패기복전력67기 0 3 6 6 6 5 4 4①1:57.7동착  .014.838.713.1 -6  1  .00 1 7  4  .04137332375 410 8102 1 7.03 3.07 2.8 7.3  7.1   44.1   52.4   57.2  .01940-1 4 3-1▽ -.840.80  .1938.03118.9 2.72 6.1712.98 1 4 8 3.92 9.3517.8610
20260117토 7180011외451 6105 5혼전 4451맑음건조 5 7 4별콩            TARZINO ROMEO'S         뉴거 5 0 0 2 1   99      33000혼4서인석이태인   2 51113 717 1 0 012  0씨씨웡45552.593기입보57 48 482643.055.033.33456111846 9182125 01912212522 05050→↘선14.540.340.613.5493740.241.5118.8119.4 17 33  817   14.70   13.80 8 -1  0NV동52.04481818-1.0 5.4 4.4575718 0일반주행기복전력 5기 0 5 6 7 7 6 6 6⑤1:58.81½   .814.641.414.1  2 -2  .00 5 3 -2 1.36047777557 6 5 3 52 2 2.01 6.01 2.9 5.2  3.1    5.2    9.3    9.5  .01862 0 6 4 0―  .540.70 -.3038.49118.9 9.9321.9633.27 71425 7.8919.1629.66 4
20251122토 9180011외450 6105 6혼전 4458맑음건조 3 7 4별콩            TARZINO ROMEO'S         뉴거 4 0 0 2 1  16617:00 33000혼4서인석이태인   2 61012 617 1 0 011  0김용근45752.585기입적56 64 643445.055.039.92754141846 9182116 01912312614 05050↘↘선14.440.340.713.6463039.241.5118.5118.8 18 27 18 9   14.50   13.50 8  2  0NV동52.04481818-2.2 6.2 4.0606018 0일반주행작전마주74기 1 6 3 3 2 5 4 3⑤1:58.52     .814.740.713.8  0 10  .00 5 5 -1 1.43816755257 6 6 2 22 1 1.02 7.08     5.9  2.7    6.1    9.7    8.8  .02058 0 6 5 0―  .540.60 -.4937.76118.913.4927.8639.9220425815.6923.9338.57 3
20250927토 8180011외440 7 95 7 1강 1151맑음다습11 7 4별콩            TARZINO ROMEO'S         뉴거 4 0 0 9 2  256      33000혼4서인석이태인   2 7 911 517 1 0 010  0씨씨웡44752.590기무보50 40 402731.056.034.32654111426 4182125 01912212522 0 099↘→선14.340.140.913.7571540.339.7118.4118.8 10 20 2010   14.50   13.80 9 -3 -1HV동51.54481818-2.0 7.2 5.2525217 0과중문제기복전력50기 1 4 3 3 3 3 3 3③1:58.4머리  .014.539.913.5 -3  5  .00 3 6  3  .13954282988 310 6 42 1 2.0711.05 2.9 8.3  4.9   31.4   43.9   85.4  .02251 0 5 5 0―  .740.80 -.3537.84118.910.5422.0534.26 91835 4.9013.7324.67 6
20250727일111800 9외452 7 55 8 2강 2259맑음건조 3 7 4별콩            TARZINO ROMEO'S         뉴거 4 0 0 9 3  415      33000혼4서인석이태인   2 8 810 417 2 0 0 9  0문정균44253.561평무상26 31 313356.055.041.51499 81739101821 0 01912131923 0 099↘→추14.440.440.913.5351939.041.0118.0118.1 11 11 1111   14.60   13.60 4 -1  2NN동51.54481814-2.4 8.6 6.2464617 0부중유리작전마주88기 1 7 4 4 4 4 6 3④1:58.03     .714.540.213.8  1 -6  .00 4 3 -3  .820 8652861 4 7 2 32 2 1.04 6.03 2.8 4.2  2.8   10.6   15.1   11.0  .03140 2 6 6 2―  .640.40 -.6236.84119.013.3627.8941.5215324611.5427.8541.25 4
20250628토 8180011외410 9 65 9혼전 4459흐림다습11 7 4별콩            TARZINO ROMEO'S         뉴거 4 0 0 9 3  50717:30 33000혼4안해양이태인   2 9 7 9 317 1 0 0 8  0문정균44851.561하무보 5  1  110 3.029.0 7.11499 8 940 01718 0 02113131923      ↘→추14.440.640.913.6271940.440.1119.4119.0  0 13 1313   14.80   15.50 6 -3 -1NH동       1814-2.2 9.4 7.2343417 0일반주행거리탄력52관 2 8 6 6 8 7 6 5③1:59.4½    .114.640.613.6 -3  4  .00 3 6 -1  .24356394179 81111113 110.0211.01     6.3 44.9  133.8  386.1  380.3  .015 8-3 1 1-3▼-1.740.40  .1137.45119.1  .93 2.41 7.06 1 2 5  .12 2.80 7.5311
20250518일 6180011외452 910510 3강 3351맑음다습11 7 4별콩            TARZINO ROMEO'S         뉴거 4 0 0 2 4  62014:25 33000혼4안해양이태인   210 6 8 217 1 0 0 7  0조인권44452.062하무상31 23 23 2 6.044.017.3 833 31443 5171818 02113242513      ↗→선14.440.540.713.6263040.843.0121.5122.0  0 14 1414   14.50   13.70 9  3  0NH동       1814-2.410.0 7.6343418 0착차만회최근최상82관 211 5 7 8 8 9 9⑦2:01.56    3.414.843.915.5  0  1  .00 7 7 -2 3.49472929512 7 910 90 3 5.0210.06     6.3  8.7   23.8   56.8   46.411.22337 0 3 3 0― -.240.80 -.0240.76119.0 3.94 9.8517.27 1 3 6  .86 4.31 9.6511
20250316일 9180011외410 8 1511 2강 2255맑음양호 6 7 4별콩            TARZINO ROMEO'S         뉴거 4 0 0 2 5  80617:00 33000혼4안해양이태인   211 5 7 117 2 0 0 6  0김철호44352.064하무상11  2  2 4 3.033.016.6 6 0 01138 41718 0 02113142025      ↘↗추13.940.540.713.0301240.240.1118.9118.3  0  0 1717   14.40   14.90 4 -3  0NHUP       1814-1.010.2 9.2222217 1일반주행거리속성 1관 2 8 5 5 5 6 5 4③1:58.92½   .414.540.513.7 -6-13  .00 3 9 -2 2.32352393870 6 9 8 62 2 1.02 1.06     2.4  1.3    2.4    2.9   15.3  .01512-1 1 1-1▽-1.140.40 -.0237.05119.0 3.99 9.5016.64 2 716  .12 2.80 8.0710
20250215토 8170011외452 610512혼전 4451흐림건조 4 7 4별콩            TARZINO ROMEO'S         뉴거 4 0 0 2 5  90316:05 33000혼4안해양이태인   212 4 6 117 1 0 0 5  0김철호45652.067하무상 7  1  1 0 4.028.0 3.2 6 0 01138 41718 0 02113142025      ↘↗추13.940.441.913.0111739.141.9112.7113.4  0  0  020   14.60   13.70 5  4  1NNUP       1714 -.610.0 9.4151514 3능력한계거리속성 1관 011 3 3 3 4 4 6⑨1:52.71    1.014.442.914.9 -2-16  .00 911  1 2.244127655521110 9110 1 1.04 8.04    13.8  4.7   20.1   41.2  134.3  .012 1-4 1 1-4▼-1.940.70 -.1931.05114.6  .12  .58 3.17 1 2 5  .97 2.91 5.4311
20250111토 7140011외432 2 8513 1강 1153맑음건조 5 7 4별콩            TARZINO ROMEO'S         뉴거 4 0 0 2 5  99215:15 33000혼4안해양이태인   213 3 5 317 2 0 0 4  0김태희47251.563하무상 9  1  1 2 3.028.0 3.61944111138 41718 6 02113152416      →↘입13.937.740.513.0 41037.939.4 89.8 90.3  0  0  025   14.60   13.30 7 -4 -1NH동       1614 -.510.0 9.5111114 0최빈거리부진마필 1관 1 711    11 9 9⑨1:29.81¼  1.714.639.413.7 -1  1  .00 910  0 2.183875274281111 9110 2 3.01 6.05     7.2  4.9    7.2   16.4   20.4  .0 9 1-4 1 1-4▼-1.938.50 -.5612.1290.10  .12  .66 3.55 1 2 5  .12 1.80 4.8010
20241124일 9140011외451 1 5514 2강 2259맑음건조 4 7 4별콩            TARZINO ROMEO'S         뉴거 3 0 0 2 6 113317:00 33000혼4안해양이태인   214 2 4 217 1 0 0 3  0김태희47152.057하무보 5  1  1 1 2.030.010.51050 81633131718 6 02113152416      →→입13.937.640.113.3 5 438.238.3 89.4 89.9  0  0  0 0   14.30   14.30 8  7 -1NHDN       1613  .010.010.0 9 914-2능력한계보통주행 1관 011 8    101010⑧1:29.4¾   2.314.638.113.3 -2  0  .00 810  0 2.47693145016 810 9 90 1 3.05 9.08     4.6  4.3   16.4   33.6   14.4  .013 1-4 1 3-4▼-1.738.50 -.4112.2389.76 1.52 3.7710.46 2 610  .12 1.45 4.2411
20240929일 8160010외450 2 5515 1강 1151맑음건조 4 7 4별콩            TARZINO ROMEO'S         뉴거 3 0 0 9 7 130816:30 33000혼4안해양이태인   215 1 3 117 1 0 0 2  0박현우47152.056하자보 5  1  114 3.029.0 4.1 0 0 0196012171816 02113172213      →→입13.937.440.913.3 5 537.041.4104.5105.8  0  0  0 0   13.90   14.10 9 -6  0NHUP       1613  .510.010.5111114 2능력한계보통주행 1기 1 4 6   6 810 9⑨1:44.59    4.214.340.914.3 -1 12  .00 910  0 4.696858894 310 9 9100 1 7.06 1.09     3.4 25.4  159.8  400.0  141.2  .013 1-4 1 3-4▼-1.940.90 -.3027.47104.3  .12  .82 4.12 1 3 5  .12 1.68 5.1310
20260815토 7180010외4 3 5  4 0혼전 4451           7 5클로버톱        CONNECT FASHION  89     미거 3 0 0   1    018:25 33000혼4전승규박철근   2 0 9 9 1 8 1 0 0 8  0이용호   52.563하무보50 26 26 0 5.030.0 8.21755 71948 62212 0 01819191820      →↘자13.941.341.213.41013                    0  0  0 0   15.50   13.70 6 -5  2NNUP       1812 -.6 8.8 8.2161617 1발길대로거리속성32트 0 5                            15.5    13.7        .0                      10101010  1                                              .012 2-4 1 1-4▼-1.741.20 -.20     119.5 1.22 2.92 8.22 1 4 8 1.45 3.70 7.9210
20260705일 8170010외430 6 84 1 1강 1151흐림건조 4 7 5클로버톱        CONNECT FASHION  8930.00미거 3 0 0 1 1   83      33000혼4전승규박철근   2 1 8 8 1 8 1 0 0 7  0우인철46151.073하무상10  2  2 1 3.034.0 9.52048101948 62212 0 01819102623      ↘↘입13.940.342.213.417 841.340.5113.9114.5  0  0  0 0   14.20   14.10 4  3 -2NHUP       1712 -.8 9.2 8.4141413 3능력한계거리속성57기 11010101010 9 9⑧1:53.93    2.315.539.613.7  0 -3  .00 8 8  0 2.57297327221101010 90 1 4.01 4.08 2.3 4.5  9.4   10.9   31.7   10.1  .012 5-4 1 3-4▼-1.340.90 -.4331.96114.8 1.02 3.77 9.49 2 711  .12 1.84 5.8110
20260606토 71400 8외423 6 24 2 3강 3352맑음양호 6 7 5클로버톱        CONNECT FASHION  8930.00미거 3 0 0 1 1   74      33000혼4전승규박철근   2 2 7 7 3 8 1 0 0 6  0김태훈46452.570하무보 5  1  1 3 4.034.010.81856 81948 6221229221819122521      ↗→입13.937.640.313.411 237.540.0 89.8 90.0  0  0  0 0   15.10   14.30 9 -3  0LH동       1412 -.2 9.6 9.4 7 713 0숨은복병부진마필82기 2 7 5     7 7 8⑥1:29.86    1.514.240.114.1 -2 -2  .00 6 8 -3 2.07469667436 8 8 8 80 2 5.01 3.05 1.7 1.8 15.1   11.4   51.6    6.6  .019 5-4 1 4-4▼-1.538.60 -.5512.1389.89 2.07 5.3910.77 31016 1.59 4.7610.50 8
20260404토10140011외411 5 64 3혼전 4451맑음양호 6 7 5클로버톱        CONNECT FASHION  8930.00미거 3 0 0 1 1  175      33000혼4배휴준박철근   2 3 6 6 2 8 1 0 0 5  0김효정46652.567하무보 5  1  1 1 4.030.0 6.31752 7 833 810 0 6 011 9192217      ↗→선13.937.640.513.410 238.341.0 91.6 91.6  0  0  0 0   14.30   14.10 5  9 -2BHUP       1412  .0 9.2 9.2 6 613 2능력한계부진마필46기 01011    111111⑪1:31.66    3.415.141.014.3  0-17  .001111  3 4.494948695 9101111110 1 4.05 1.02 1.4 3.7 10.3   31.6   82.0   71.5  .0 6 1-4 1 2-4▼-1.638.90 -.5513.5190.03  .87 2.18 6.30 0 2 4 1.20 3.37 7.2411
20260302월 8120010외421 8 24 4 2강 2259비  다습11 7 5클로버톱        CONNECT FASHION  3312.00미거 3 0 0 1 1   87      33000혼4배휴준박철근   2 4 5 5 3 8 1 0 0 4  0김태훈48354.072하무상 5  1  1 4 3.028.0 4.71856 8 833 810 0 32211 9122521      ↗→입13.937.839.613.4 8 337.839.9 77.6 77.5  0  0  0 0   13.90   14.10 9 -5  2HNDN       1412  .0 9.5 9.5 5 513-1최빈거리거리난점64기 0 1 8     8 6 7⑧1:17.63    3.014.339.714.1  0-10  .00 8 8 -1 3.38576788613 7 810100 1 2.01 3.06 1.5 2.0  3.9    2.0    5.8   20.8  .0 9 4-4 1 1-4▼-1.938.20 -.09  .1476.84  .11  .91 4.66 1 4 8  .12 1.96 5.68 8
20251228일 7130011외451 4 54 5 1강 1155맑음다습12 7 5클로버톱        CONNECT FASHION  8930.00미수 2 0 0 9 1  152      33000혼4배휴준박철근   2 5 4 4 1 8 2 0 0 3  0오수철49352.061하무상11  1  1 0 4.028.0 3.8 720 6 833 810 010 011 9112215      ↘↗입14.038.040.313.415 437.740.9 83.8 85.3  0  0  0 0   14.00   13.70 2  4 -1NHUP       1412  .3 9.710.0 4 412 1능력한계탐색우려 8기 1 6 8     9 9 9⑧1:23.8½   3.013.940.514.1 -1 -3  .00 8 9 -1 4.19354898911 51010110 2 2.01 2.01 2.4 4.6  4.0    4.6    9.3   19.5  .0 6 1-4 1 2-4▼-2.039.60 -.20 6.9784.13  .12 2.05 3.76 1 4 8 1.02 3.28 7.50 9
20251213토 9120011외412 1 14 6 2강 2251비  불량20 7 5클로버톱        CONNECT FASHION  3312.00미수 2 0 0 2 1   36      33000혼4배휴준박철근   2 6 3 3 2 8 1 0 0 2  0오수철49652.561하무보 5  1  1 2 2.026.0 2.7 720 6 833 810 010 011 9112215      ↘↗입14.237.940.115.010 237.839.7 75.7 77.9  0  0  0 0   14.40   15.30 3  1  1HNDN       1412 1.0 9.510.5 2 214-2최빈거리거리난점27관 0 2 8    1010 9⑨1:15.7¾   3.214.038.913.7 -1-11  .00 910  0 3.689767784 7111111110 1 1.0611.06     2.1  1.3    9.4   11.5   19.1  .0 9 2-4 1 1-4▼-2.038.20 -.37 -.1077.17  .12 1.31 2.68 1 2 5  .12  .84 3.6010
20251123일 8140011외434 3 84 7혼전 4451맑음건조 3 7 5클로버톱        CONNECT FASHION  8930.00미수 2     2 1   92      33000혼4배휴준박철근   2 7 2 2 1 8 1 0 0 0  0해리카50752.066하무보 5  1  1 0 4.024.0  .9144411 833 810 0 5 011 9172612      ↗→입14.237.841.615.1 5 137.442.8 91.4 92.7  0  0  0 0   14.70   13.70 7 -8 -4HHUP       1412 1.0 9.010.0 1 112 2능력한계탐색우려48기 0 110     91011⑪1:31.46    4.514.442.315.3  1 16  .001110  1 4.698669798 3111111110 1 1.06 2.05 2.1 4.0  2.1   16.9   25.2   39.5  .0 6 1-4 1 1-4▼-2.238.90-1.2213.2690.92  .10  .81  .94 1 2 5 1.05 3.00 7.1210
20251003금 2120010외440 5 94 8 1강 1155흐림다습11 7 5클로버톱        CONNECT FASHION  3312.00미수 2     1 2  241      41250혼4배휴준박철근   2 8 1 1 1 8 1 0 0 0  0조재로49156.086평무보   25 2540  .031.0 7.82338 7 867 210 018 011 9192522      →↗입14.336.738.515.2    38.042.8 80.1 81.0              14.30   15.50 4  0  0LL동       12 0                 0 0일반주행보통주행54기 2 9 9    101010⑩1:20.114   5.914.242.415.4  1  0  .0010 9  0 6.399849999 3 4 4 5100 1 7.03 8.02 3.3 5.5 28.4   37.5  124.0   39.5  .01532-3 2 2-3▼-1.540.40 1.05 5.7875.61 1.23 3.61 7.81 1 4 810.8121.1532.50 8
20260815토 7180010국4 3 5  8 0혼전 4451           7 6미스터카라      언캡처드몬아치라 5524.00한거 4 0 0   1    018:25 33000혼4서범석명주환   0 016 2 515 4 2 215  0루이스   52.568평선보50 68 682245.049.026.52042111444 519 015 01913192517671717↗↘입14.039.740.913.98522                   31 23 38 0   13.90   13.50 6  5 -2NU동55.94971812-1.8 4.8 3.0767617 0선행실패거리속성 1   0 6                            13.9    13.5        .0                       5 9 2 6  6                                              .02726-3 6 4-3▽ -.340.90 -.07     118.8 7.8316.8126.53 5132211.5917.2830.57 6
20260704토 71800 8국441 6 48 1 2강 2251흐림건조 4 7 6미스터카라      언캡처드몬아치라 5524.00한거 4 0 0 1 1   94      33000국4서범석명주환   0 115 1 415 3 2 214  0루이스50054.068평선보21 56 565668.058.046.22042111444 519 015 01913192517602020↗↘입14.139.641.113.9911539.740.1119.3119.2 33 25 42 0   14.10   13.90 4 -3 -3UH동56.34971812-1.6 4.2 2.6808017 0적정체중거리속성42관 0 1 1 1 1 1 1 3④1:59.32½   .513.939.313.5  0  1  .00 4 4  1  .94931362167 1 7 4 31 5 2.01 4.02 2.5 3.5  3.5    3.5    8.2    5.1  .02570 0 7 8 0―  .541.40 -.5338.54118.813.9530.8546.2212264111.7622.0236.66 4
20260606토 5180011국531 8 38 2 1강 1151맑음양호 7 7 6미스터카라      언캡처드몬아치라 5524.00한거 4 0 0 1 1   76      24750국5서범석명주환   0 214 5 315 2 1 213  0루이스49957.068평선상46 58 584355.059.040.92042111444 519 015 01913192517502525↗↘입14.139.640.913.9902238.641.5121.6120.1 27 18 36 0   14.10   14.80 4 -4  0HN동56.14961812-1.8 4.6 2.8787817 0적정체중거리속성46관 0 4 2 2 1 1 1 1①2:01.61    -.114.141.113.9 -2  4  .00 1 3 -4  .068 4743091 1 7 4 31 4 3.01 4.06 2.0 2.5  7.0    7.0   21.3   28.5  .02555 0 6 7 0―  .841.50 -.3639.55118.712.7026.8240.92122538 8.5423.8137.94 3
20260510일 5180010국551 9108 3 3강 3351맑음건조 5 7 6미스터카라      언캡처드몬아치라 5524.00한거 4 0 0 2 1   66      24750국5서범석명주환   0 313 4 215 1 1 212  0루이스49557.068평입보55 62 622434.053.026.92042111444 519 015 01913192517502525↗↘입14.039.840.813.9783038.242.9120.1118.9 30 30 30 0   13.80   13.90 5  2  0BNUP56.14961812-1.2 4.0 2.8777717 4숨은복병거리속성63관 0 8 2 2 1 1 1 1③2:00.14     .614.143.314.8 -4  4  .00 3 7  2 1.243 2905866 3 6 5 61 3 2.01 3.01 3.1 5.9  3.8    5.9    9.5   23.011.21941 0 5 5 0―  .241.10 -.0738.28118.8 9.3719.0126.87 81729 5.2614.4422.37 7
20260405일 4140011국552 6108 4 3강 3351맑음양호 6 7 6미스터카라      언캡처드몬아치라 4827.00한거 4 0 0 1 1   90      24750국5서범석명주환   0 412 3 215 1 1 211  0이혁  49157.079기선적34 35 3558 7.045.019.82156 51444 519 016 01913282119502525↗↘선14.136.739.713.9823037.039.2 89.7 89.1 33 33 33 0   14.70   14.70 4 -1  0LNDN56.14961812-1.4 4.2 2.8696917-3숨은복병기복전력41관 0 6 4     5 5 5⑥1:29.71¼   .713.839.413.9  1-12  .00 6 5  4 1.15047403659 2 710 82 4 1.03 4.02 3.3 5.5  3.3    6.6   11.4   16.5  .01947 0 3 4 0― -.439.20  .1312.6588.86 4.6710.4519.76 2 612 1.85 4.6710.2511
20260307토 6170011국552 5108 5혼전 4451맑음포화15 7 6미스터카라      언캡처드몬아치라 4827.00한거 4 0 0 2 1   79      24750국5최영주명주환   0 511 2 415 2 1 210  0루이스50357.069기선하74 84 844548.059.033.4204211315021191540 02212192517502525↗↘입14.139.141.513.9913040.043.2114.1116.3 33 22 33 0   14.30   13.20 6  5  4BNDN56.14961812-1.4 4.8 3.4656517-1연대우수기복전력50관 0 7 8 8 6 6 811⑪1:54.16    4.114.742.314.7 10  3  .0411 1 -4 4.294589193 7 2 9 6 40 2 6.1011.05 3.610.5  8.3  133.9  211.4  174.4  .03351 0 6 6 0―  .642.40  .0235.65113.512.0123.5833.4412264111.5822.1128.66 4
20260124토 5180011국551 7108 6 3강 3354맑음건조 3 7 6미스터카라      언캡처드몬아치라 5524.00한거 4 0 0 2 1  111      24750국5최영주명주환   0 610 1 115 1 0 2 9  0루이스50053.568기입보72 70 705062.056.037.3204211315021191540 02212192517333333↗↘입14.039.841.113.9781939.439.4119.2118.5 25 38 25 0   13.90   13.60 5 -4  1HNUP57.04951812-1.4 4.8 3.4656517 1연대우수연대우수 6기 0 2 2 1 1 1 1 1①1:59.23    -.614.339.513.2 -4  3  .00 1 5  4  .0341721 694 410 1 41 1 5.06 2.08 3.9 9.3  9.0   44.9   85.2  731.512.13764 0 7 5 0―  .341.10 -.3937.59118.913.5626.4437.2910223522.0337.3150.23 2
20251221일 4170011국631 4 88 7 1강 1151맑음다습14 7 6미스터카라      언캡처드몬아치라 4827.00한거 3 0 0 2 1   9312:45 16500국6최영주명주환   0 7 9 9 315 2 0 1 8  0이혁  49757.079기입적88 99 998491.073.080.12156 5315021191536 02212282119333333↗↘선14.039.241.613.9883338.241.5111.0112.4 14 29 14 0   14.30   14.00 3 -1  0LN동57.04951712-2.4 6.8 4.4585817 0연대우수연대우수30관 0 6 2 2 1 1 1 1②1:51.0¾    .013.940.713.6  1  2  .00 2 1 -4  .221 1651782 1 8 1 11 3 2.0110.06     4.5  4.5    4.5   10.6   20.212.03784 2 8 8 2▲ 1.841.70-1.1631.64113.642.2066.8380.1138597141.2568.2985.55 1
20251130일 3170011국650 8 58 8혼전 4453흐림다습10 7 6미스터카라      언캡처드몬아치라 4827.00한거 3 0 0 9 1   75      16500국6최영주명주환   0 8 8 8 215 1 0 0 7  0이혁  49557.079기입적35 35 355947.068.052.72156 5315021191536 02212282119 05050↗↘선14.039.941.613.9443039.040.3113.2111.6  0 17  0 0   14.80   14.30 5  2  0BN동57.04951712-1.8 7.6 5.8434314 0숨은복병연대우수64기 0 7 1 1 1 1 1 1②1:53.21½   .014.341.214.0 -3 10  .00 2 5  2  .3 41232 889 3 9 5 21 2 1.05 9.07 2.9 4.3  2.9   11.3   20.9   12.5  .03780 3 7 8 3▲ 1.440.90 -.9230.13114.118.7536.8552.6718375315.1926.3529.90 4
20251026일 4170011국611 9 68 9혼전 4459흐림양호 6 7 6미스터카라      언캡처드몬아치라 4827.00한거 3 0 0 9 1  184      16500국6최영주명주환   0 9 7 7 115 1 0 0 6  0김철호48557.065하입보60 55 55 726.046.019.31046 43150211915 3 02212142025 05050↘↗추14.039.841.813.9472240.240.8116.0113.9  0 17  0 0   14.30   13.40 5  3  0NNUP57.04951712-1.2 8.4 7.2333314 3일반주행거리속성 5   0 5 7 7 7 8 8 8⑦1:56.03    1.814.841.614.3  4 -8  .01 7 3 -1 2.15966465432 6 9 2 60 1 1.06 3.06 2.0 8.1  2.0   16.0   22.1  136.0  .01516-3 5 3-3▽ -.541.30 -.1932.25114.2 5.3012.0919.34 5132212.5020.4430.51 4
20250920토 3140011국621 9 7810 1강 1158맑음포화18 7 6미스터카라      언캡처드몬아치라 4827.00한거 3 0 0 2 2  28214:55 16500국6최영주명주환   010 6 6 115 1 0 0 5  0이혁  49357.080하입보20 20 2031 7.041.021.11331 5 617 0191536 02212282119 099 0↘↗선14.037.040.414.253 837.538.8 88.8 88.1  0  0  0 0   13.90   14.50 5  1  0HNUP57.04961412-1.5 9.0 7.5373712 1일반주행거리부담 6기 0 2 7     8 7 5③1:28.84     .714.338.913.4 -1  2  .00 3 4 -2  .81772294262 5 8 7 53 1 3.02 9.01     3.5  6.7    9.6   27.4   15.3  .01530-3 3 1-3▼ -.638.70 -.5010.6789.55 4.7311.7321.09 71828 2.67 6.7611.70 6
20250817일 1130011국651 710811혼전 4451맑음양호 8 7 6미스터카라      언캡처드몬아치라 4827.00한거 3 0 0 2 2  37910:35 16500국6최영주명주환   011 5 5 115 1 0 0 4  0문정균49157.077하입상49 48 482112.038.013.22467 0 617 01915 9 02212131923 099 0→↘추14.137.440.114.0562237.340.8 84.3 84.0  0  0  0 0   14.00   14.30 5-10  0UNUP57.04961312 -.7 9.3 8.7252512 1일반주행거리속성30관 0 1 4     5 5 7⑥1:24.34    2.213.941.014.5  0 -5  .00 6 6 -2 2.47336868121 4 8 6 92 2 3.0411.10     7.3  4.5   14.2   25.4   14.113.41528-2 2 1-2▽ -.939.90  .05 6.4983.61 2.98 7.7213.17 1 3 6 3.30 7.3711.06 9
20250713일 2120011국653 810812 2강 2252흐림건조 4 7 6미스터카라      언캡처드몬아치라 6423.00한거 3 0 0 2 3  46411:00 16500국6최영주명주환   012 4 4 415 1 0 0 3  0조재로49657.087하무상31 27 2718 8.036.011.1284418235013191528 02212192522      ↘→입13.937.540.013.626 437.039.0 76.5 76.0  0  0  0 0   13.90   13.90 5  9  0NN동       1212 1.0 8.5 9.5101012 0최빈거리부진마필50기 111 7     5 5 4④1:16.5코    .314.039.814.3 -4  4  .00 4 8 -3  .44635564672 7 9 6102 1 5.06 9.05     6.4  9.2   53.9  137.9 1213.2  .0 928-3 2 2-3▼-1.238.10 -.32-1.5076.90 1.67 5.2511.09 2 610 1.98 5.2610.3810
20250608일 1120011국651 810813 2강 2259맑음건조 3 7 6미스터카라      언캡처드몬아치라 6423.00한거 3 0 0 2 3  56310:35 16500국6최영주명주환   013 3 3 315 1 0 0 2  0문정균49257.063하무보 7  7  7 8 3.026.0 4.91499 82350131915 9 02212131923      ↘→추14.037.640.214.535 437.039.0 77.1 76.0  0  0  0 0   14.40   15.30 8  1  0HN동       1212 2.0 8.010.0111112 0최빈거리거리난점59기 1 2 6     7 7 9⑦1:17.1½    .913.940.113.9 -4  2  .00 711  2 1.24435584855 611 7100 1 1.0810.08     8.7  3.6   17.3   30.5  192.2  .0 9 4-4 1 1-4▼-1.837.90 -.31-1.8477.06  .31 1.66 4.89 1 4 9  .12 2.02 3.3310
20250413일 1120011국631 8 3814 3강 3357비  포화16 7 6미스터카라      언캡처드몬아치라 6423.00한거 3 0 0 2 4  73010:35 16500국6최영주명주환   014 2 2 215 1 0 0 1  0정정희49057.075하무보 9 35 35 8  .028.0 2.91740 41450 41915 0 02212202415      ↗↘입14.037.440.214.540 437.740.7 79.2 78.2  0  0  0 0   14.00   14.8016 -2  2HB동       1212        10.0    12 0우수혈통거리난점 1관 0 110     9 810⑨1:19.27    3.114.441.315.3  0 -6  .00 9 9  1 3.19271909311 71111100 1 1.07 2.06     2.8  2.0   17.8   24.8   32.1  .021 4-4 1 2-4▼-2.038.80 -.14  .5876.95  .12 1.34 2.91 2 61010.0019.1369.80 4
20241222일 1120012국550 810815 3강 3355맑음양호 7 7 6미스터카라      언캡처드몬아치라 6423.00한거 2     2 6 105410:35 24750국5최영주명주환   015 1 1 115 1 0 0 0  0임다빈49655.072평무보   35 3540  .032.011.1 844 01538 6191528 02212142424      ↘↗추13.836.738.514.2    37.240.7 79.5 77.8              13.80   14.50        NN동       12 0                 0 0일반주행우수혈통 1기 0 3 4     5 610⑩1:19.52½  2.814.041.614.8  2  3  .0010 8  0 3.18949919014 5 5 6110 1 6.0512.09     6.1 10.2   47.3  126.0   74.3  .01512-3 2 2-3▼-1.339.40  .96 2.6175.61 1.64 5.0211.14 1 6 8 8.8917.4626.78 3
20260815토 7180010외4 3 5  6 0혼전 4451           7 7이스트비치      OMAHA BEPECTORAL 88     호수 4 0 0   1    018:25 33000혼4토니  이민정   0 0 8 8 2 7 7 1 1 7  0이혁     56.577기선적50 47 474039.056.036.22156 5265213193027 0251928211999 0 0↗↘선13.938.740.914.083 7                   29 29 43 0   14.10   14.00 7 -4  1NB동52.55181812  .4 5.0 5.4525218 0일반주행기복전력50기 0 7                            14.1    14.0        .0                       2 7 8 4  7                                              .02044 0 6 6 0―  .440.90  .01     118.412.4224.7136.16122641 8.7024.6935.09 4
20260627토 8180011외412 7 66 1 1강 1157맑음건조 4 7 7이스트비치      OMAHA BEPECTORAL 88     호수 4 0 0 9 1  113      33000혼4토니  이민정   0 1 7 7 1 7 6 1 0 6  0이혁  50755.577평선상38 39 39 242.052.032.32156 5265213193027 0251928211999 0 0↗↘선13.839.740.914.066 838.742.1117.5118.3 17 17 33 0   14.00   13.40 6  9  3VBUP52.55181812 1.4 4.6 6.0393912 2최근최상거리속성38기 011 3 3 2 2 2 3②1:57.56     .014.141.214.0 -3-11  .00 2 5  0 1.121 5835289 2 8 4 41 6 1.05 6.11 1.2 3.5  1.2    8.0    9.8   12.5  .02038 0 5 5 0―  .141.20 -.1937.67118.8 9.6522.2132.27122641 9.8625.1634.25 4
20260516토 8160010외412 9 66 2혼전 4453맑음건조 3 7 7이스트비치      OMAHA BEPECTORAL 88     호수 4 0 0 2 1   93      33000혼4토니  이민정   0 2 6 6 3 7 5 0 0 5  0이혁  51852.579하입하16  3  31433.054.031.82156 5265213193027 02519282119      ↗↘선13.736.240.414.071 535.639.3102.2101.6  0  0 20 0   14.30   13.80 3 -8  0HHDN       1712 3.0 4.2 7.2313114-1일반주행거리탄력49기 0 2 3   3 1 1 1①1:42.26   -1.014.039.913.4 -4  3  .00 1 5 -1  .0 8 6411299 2 8 9 41 5 5.01 2.04 2.2 6.9  8.4    9.7   25.5   19.5  .01531 0 5 6 0―  .440.40 -.2024.99103.4 9.1819.9331.77 7142510.1418.4229.03 5
20260426일 5170010외433 3 86 3 1강 1151맑음건조 3 7 7이스트비치      OMAHA BEPECTORAL 88     호수 4 0 0 9 1   46      33000혼4토니  이민정   0 3 5 5 1 7 4 0 0 4  0이혁  51552.579하선보35 17 171122.047.020.02156 5265213193027 02519282119      ↗↘선13.539.342.113.9761039.741.9114.2115.0  0  0 25 0   13.70   14.00 4  5  0NHUP       1712 3.0 3.8 6.8333312 1일반주행거리속성92기 010 5 5 5 4 6 9⑨1:54.25    2.214.341.413.8  3  4  .00 9 6  1 2.48341726920 311 9 82 4 1.04 3.08 1.9 3.3  1.9    9.2   11.6   16.3  .01527-1 3 4-1▽ -.242.00 -.1033.61114.0 4.9212.0720.03 1 613 4.12 9.6619.29 8
20260328토 8160010외412 9 16 4혼전 4451맑음건조 3 7 7이스트비치      OMAHA BEPECTORAL 88     호수 4 0 0 9 1   77      33000혼4토니  이민정   0 4 4 4 2 7 3 0 0 3  0이혁  51152.579하선하39 28 281434.051.026.02156 5265213193027 02519282119      ↗↘선13.536.342.313.868 536.240.4103.8103.4  0  0 33 0   14.60   13.4018 -5  1NNUP       1612 3.7 3.3 7.0373712 2일반주행휴양불리47조 0 5 4   4 3 3 5⑥1:43.8코   2.013.740.914.0  1 -2  .00 6 5  1 2.05630696328 310 8 52 3 4.01 1.02 1.2 1.9 19.1    8.1   45.5    6.8  .01520 0 4 5 0―  .042.30 -.9724.77104.5 6.4916.4825.98 51322 4.7614.6923.83 5
20251123일 8140011외434 6 86 5혼전 4451맑음건조 3 7 7이스트비치      OMAHA BEPECTORAL 88     호수 3 0 0 2 2  355      33000혼4토니  이민정   0 5 3 3 1 7 2 0 0 2  0이혁  51352.080하도보29 17 175842.059.033.81331 51746 8193027 02519282119      ↘↗선13.536.441.014.482 437.140.1 88.6 89.4  0  0 50 0   13.40   14.90 4  7  0BHDN       1612 3.0 3.0 6.0404012-2교체실패마번불리 5기 010 8     7 7 8⑨1:28.6목   1.714.040.214.1  5  0  .00 9 4  1 1.86148696833 210 8 40 2 1.06 2.05 2.1 4.0  2.1   16.9   25.2   39.5  .02554 1 5 7 1―  .739.60 -.8512.0189.55 9.7020.8633.80102235 7.3720.0029.49 5
20251025토 7160010외411 3 66 6 1강 1151맑음건조 5 7 7이스트비치      OMAHA BEPECTORAL 88     호수 3 0 0 9 1  192      33000혼4토니  이민정   0 6 2 2 1 7 1 0 0 1  0이혁  51352.079하도하38 42 421453.057.038.12156 5265213193027 02519282119      ↗↘선13.535.841.914.498 336.440.4103.4103.4  0  0100 0   13.20   14.70 8 -1 -4HHUP       1612 4.0 3.0 7.0555512 4마방습성도주호기38조 0 3 1   1 1 1 4⑤1:43.41¾  2.013.440.614.9  2 15  .00 5 3  0 2.36745717423 110 7 31 1 1.04 7.04 1.6 5.5  1.6    6.0    8.3   12.3  .03167 1 6 6 1―  .541.90 -.8425.72104.011.7625.0838.11122641 9.8820.8834.86 5
20250830토 3120012외431 3 86 7혼전 4459맑음불량20 7 7이스트비치      OMAHA BEPECTORAL 8830.00호수 3     9 2  345      41250혼4토니  이민정   0 7 1 1 1 7 1 0 0 0  0코지  49856.088평무보   25 2540  .066.039.42160 81746 8193040422519233119      →↗입13.536.738.514.5    35.740.1 74.4 76.5              13.50   14.80 4  0  0NL동       12 0                 0 0일반주행마방습성58기 2 4 1     2 2 3⑦1:14.4¾    .813.239.714.7  4  0  .00 7 3  0 1.661 1844154 4 410 31 1 7.05 2.12 3.0 5.4 29.1  174.2  500.4  474.612.72975 2 6 8 2▲ 1.239.00  .16 1.2675.6114.7326.8939.37122641 8.8917.1236.32 3
20260815토 7180010국4 3 5  6 0혼전 4451           7 8대한파워        파워블레탱고스텝 9929.00한수 3 1 1   1    018:25 33000혼4강성오이종수   0 0 7 1 1 6 1 3 1 6  1조성환   53.053우추보50 67 676245.044.023.0 718 62455 92225 0 025 7101519 0 099↘→추14.139.540.013.24265                   67 67  067   14.40   13.40 6  0 -3LHUP54.24531812  .4 3.0 3.4757517 1주행고전거리속성 1   0 8                            14.4    13.4        .0                       4 1 3 7  1                                              .03645 0 6 5 0― -.540.00  .34     118.3 7.2515.4022.97 4111811.5917.2830.57 7
20260705일 8170010국530 6 86 1 1강 1151흐림건조 4 7 8대한파워        파워블레탱고스텝 6734.00한수 3 1 1 1 1   83      33000혼4강성오이종수   0 1 6 3 2 6 1 3 0 5  1임다빈46055.577우추상94 97 979073.058.038.21527 82455 9222528 025 7142424 0 099→↗추13.939.640.613.1627939.540.0111.6112.2 60 60  060   14.80   12.90 6  0  3LN동54.24531712 -.6 4.2 3.6696917 0연대우수최적거리54기 0 8 3 3 3 4 5 1②1:51.61¼   .014.439.113.4  1  5  .00 2 1 -1  .2103319 988 3 2 1 42 1 4.01 4.08 2.3 4.5  9.4   10.9   31.7   10.1  .03379 1 7 6 1△  .841.30  .1131.96113.211.3924.6038.19 7182814.6829.4944.52 5
20260523토 8170011국551 7106 2혼전 4451맑음다습13 7 8대한파워        파워블레탱고스텝 6734.00한수 3 1 1 2 1  113      33000국5강성오이종수   0 2 5 2 1 6 3 2 0 4  1장추열45552.593기추적81 84 848081.075.053.82950122455 9222538 025 7202722 0 099↘↗입14.040.040.713.1367939.639.7111.1111.7 50 50  050   14.20   13.40 5  4 -1BUUP55.04531712 -.5 4.8 4.3626213 4연대우수연대우수77기 0 8 7 7 7 7 6 3①1:51.12½  -.514.839.612.9 -1  2  .00 1 2 -4  .0 43014 598 7 4 3 13 3 2.04 8.07 3.6 6.7  3.7   16.2   29.3   17.610.64088 3 9 9 3★ 1.940.80 -.5231.02113.624.0642.2353.8033536520.5434.5144.55 2
20260419일 5130011국553 4106 3혼전 4451맑음건조 4 7 8대한파워        파워블레탱고스텝 6734.00한수 3 0 0 2 1   87      24750국5강성오이종수   0 3 4 1 1 6 2 1 0 3  0장추열45353.593기입적69 71 715864.062.032.12950122455 9222538 025 7202722 0 099↘↗입14.037.939.113.0187337.838.0 81.4 81.9 33 33  0 0   14.40   13.30 4 -3 -3HUUP56.54521312 1.0 4.3 5.3505010 1연대우수연대우수42관 0 4 9     9 8 4①1:21.4     -.714.238.113.4 -5  1  .00 1 6  3  .0105811139410 5 5 53 2 6.04 4.10 3.2 6.4 11.4   43.3   75.2  128.4  .03768 0 6 7 0―  .838.90 -.17 4.9383.29 9.5420.1332.06 8172910.0921.1536.21 5
20260321토 2120010국632 9 36 4 3강 3359맑음건조 5 7 8대한파워        파워블레탱고스텝 6628.00한수 3 0 0 2 1   83      16500국6강성오이종수   0 4 3 3 2 6 1 0 0 2  0장추열45256.593하입적55 63 633984.070.067.32950122455 9222538 025 7202722      ↘↗입14.037.738.912.9135238.038.0 77.1 75.4  0  0  0 0   14.50   12.8033  5  1BN동       1210 2.5 5.0 7.5282810 0숨은복병연대우수42관 0 7 8     9 8 3①1:17.1머리 -.114.438.713.3 -2  1  .00 1 3  0  .02783204592 8 3 1 23 1 3.02 7.06 1.5 2.5  6.5   10.7   21.1    3.0  .03753 0 7 8 0▲ 1.037.70-1.43-1.1676.3925.4749.6467.2738587219.3536.9730.58 1
20250803일 1120012국651 7106 5 2강 2255흐림건조 3 7 8대한파워        파워블레탱고스텝 6628.00한수 2 0 0 1 4  644      24750국6강성오이종수   0 5 2 2 1 6 1 0 0 1  0이동하45155.588평입상78 73 737772.063.039.1316212255814222517 025 7252419      ↗↘선13.937.438.212.8429238.041.7 80.6 79.8  0  0  0 0   13.90   12.80 6 -2  1HNUP       1210-4.0 7.0 3.0545410 2편성만만보통주행 5기 0 2 9     81011⑫1:20.69    4.914.342.215.5  9 -2  .0012 3 -4 4.998859698 3 4 2 2 30 1 8.0512.10 2.4 5.6 38.2  131.9  387.7  118.0  .03077 0 7 5 0―  .839.30 -.06 4.2375.8411.7724.8939.08122641 8.5417.6314.08 2
20250621토 1100010국610 3 16 6혼전 4455흐림포화19 7 8대한파워        파워블레탱고스텝 6628.00한수 2     2 3  534      24750국6강성오이종수   0 6 1 1 1 6 1 0 0 0  0김용근45355.086평무보   25 2540  .050.033.61727111450 6222523 025 7312614      ↘↗선14.037.137.812.6    37.437.5 62.1 62.6              14.00   12.90 4  0  0NL동       10 0                 0 0일반주행우수혈통40기 0 4 4     4 4 5③1:02.15     .913.937.312.8 -4-20  .00 3 7  0 1.13648303251 2 2 3 42 1 5.01 1.05 1.3 3.3 15.4    9.2   33.1   75.2  .01657 0 5 4 0―  .137.80  .07-12.462.71 9.8322.8433.5815324610.9121.4632.77 4
20260815토 7180010외4 3 5  5 0혼전 4451           7 9나비드          MR. MONEFASHION         미거 4 0 0   1    018:25 33000혼4전승규박철근   2 01620 619 4 1 119  0김태훈   55.570기추보50 59 595313.041.017.71856 81948 6221229221819122521 05050↗→입14.840.840.013.42061                   19 31  025   15.30   13.40 6  4 -1LNUP52.64651817-2.2 6.0 3.8727214 1일반주행기복전력 1   0 9                            15.3    13.4        .0                       8 2 4 9  4                                              .01516-3 3 2-3▽ -.840.00  .07     118.9 4.04 8.8417.65 2 610 2.90 8.6418.11 9
20260705일 8170010외430 6 85 1 1강 1151흐림건조 4 7 9나비드          MR. MONEFASHION         미거 4 0 0 1 1   83      33000혼4전승규박철근   2 11519 619 3 1 118  0김태훈46556.070기추적81 90 908580.069.061.61856 81948 6221229221819122521 05050↗→입14.840.140.513.3327640.839.6112.4113.0 20 27  020   15.20   13.10 4  2  3NB동52.64651817-3.0 6.8 3.8717114 0걸음늘어작전마주69기 0 5 9 9 9 8 8 6⑤1:52.4코    .815.338.713.4  0  4  .00 5 5  0 1.02988113256 9 1 2 13 3 4.01 4.08 2.3 4.5  9.4   10.9   31.7   10.1  .03769 3 8 8 3▲ 1.740.90 -.6532.36113.528.5748.7761.6138597116.5133.1849.35 3
20260606토 81700 9외451 6105 2 2강 2251맑음양호 6 7 9나비드          MR. MONEFASHION         미거 4 0 0 1 1   73      33000혼4전승규박철근   2 21418 519 2 0 117  0김태훈46153.070평추보29 44 4442 9.042.017.61856 81948 6221229221819122521 06733↗→입14.840.140.713.3306940.339.5112.7112.5 14 21  029   15.70   13.20 3 -3  1HNDN52.54671818-2.4 7.4 5.0555514-1일반주행부중잇점47기 0 3 7 7 7 8 8 3①1:52.71½  -.315.239.613.1 -4 -8  .00 1 5  0  .01465111393 7 5 6 83 2 5.02 3.05 3.8 6.6  7.8   14.8   39.3   17.4  .01529 0 3 3 0― -.540.80  .2631.66113.6 3.9710.0617.55 2 612 2.33 4.92 9.76 8
20260517일 9180010외441 9 95 3 1강 1151맑음건조 3 7 9나비드          MR. MONEFASHION         미거 4 0 0 2 1   42      33000혼4전승규박철근   2 31317 519 1 0 116  0김태훈46952.570평추보42 36 362611.050.024.81856 81948 6221229221819122521 06733↗→입14.740.740.713.4272741.638.8122.1119.9 15 23  815   14.80   12.90 3  2  0NHUP52.54671817-2.0 7.8 5.8434314 1일반주행부중영향74기 0 610 9 9 9 9 6⑤2:02.1¾    .615.738.713.2  0 -1  .00 5 5  0 1.67093 84167 810 7 63 1 2.04 4.08 3.4 5.7  3.7   11.3   19.3    9.4  .02245 0 4 6 0―  .040.40 -.2638.54119.1 5.8015.1424.78 31016 1.79 6.1912.88 9
20260426일 5170010외433 3 85 4 1강 1141맑음건조 3 7 9나비드          MR. MONEFASHION         미거 4 0 0 9 1   46      33000혼4전승규박철근   2 41216 419 2 0 115  0김옥성47052.558기추적67 59 594637.047.023.8 7 0 61948 62212 9 01819141618 05050→→추14.639.941.413.5424140.239.9112.4113.2 17 25  017   14.80   13.70 3  3  0VHDN52.54651818-3.0 9.0 6.0414114-1일반주행기복전력49기 0 4 6 6 6 6 5 5⑤1:52.4머리  .414.839.412.9  0 -1  .00 5 5 -5  .6396618246710 9 3 62 2 1.04 3.08 1.9 3.3  1.9    9.2   11.6   16.3  .02240 1 5 4 1―  .041.20 -.1431.91114.0 5.6514.8123.75 2 716 7.2219.3227.01 5
20260404토 7180011외422 8 75 5 1강 1151맑음양호 7 7 9나비드          MR. MONEFASHION         미거 4 0 0 1 1   57      33000혼4전승규박철근   2 51115 419 1 0 114  0김옥성47152.557평추상21  9  931 4.034.012.5 7 0 61948 62212 9 01819141618 0 099→→추14.240.941.013.3122439.741.0118.9117.7  9 18  918   14.90   13.20 2 -9  2UNUP52.54591813-2.0 9.2 7.2323214 6일반주행부중잇점50기 0 1 6 5 5 5 5 5③1:58.9½    .114.840.313.7 -7 -1  .00 310  1  .61330634777 910 9 92 1 1.03 7.06 1.6 3.1  1.6    5.8    8.3  101.7  .01528 0 2 1 0― -.839.90 -.1335.81119.3 2.25 5.6112.51 1 4 9  .94 2.90 6.9510
20260322일 8120011외432 7 35 6 2강 2251맑음건조 5 7 9나비드          MR. MONEFASHION         미거 4 0 0 2 1   24      33000혼4전승규박철근   2 61014 219 1 0 113  0권중석47251.068평추보13  2  233 5.037.016.01341 51948 62212 0 01819181819 0 099↘→선14.238.338.713.4156138.337.7 76.6 76.0 10 20  010   15.40   13.80 6 -1 -2LUDN52.54591813-1.6 9.4 7.8232314-6숨은복병부중영향62트 01010     9 8 7⑤1:16.6¾   1.014.938.013.2 -4 11  .00 5 9  1 2.2469213485211 510 83 1 1.1011.05 1.6 3.1  1.6   56.7   59.2  192.9  .02243-3 2 4-3▽ -.937.30 -.18 -.9976.62 3.35 9.2515.98 1 613  .99 3.33 7.1910
20260207토 9180011외411 7 15 7 1강 1144맑음건조 2 7 9나비드          MR. MONEFASHION         미거 4 0 0 2 1  107      33000혼4전승규박철근   2 7 913 319 1 0 112  0김용근46152.585기추적 5  1  126 3.031.010.12754141948 6221210 01819312614 0 099↘↘선14.240.441.213.4381341.142.5121.1121.3 11 22 1111   14.90   13.90 7  5  1VN동52.54591813-1.0 9.0 8.0222214 0일반주행기복전력25관 01110101010 9 9⑦2:01.15    2.715.441.613.8 -1  4  .00 7 8  1 5.89083889517 71111100 1 1.03 3.05 1.2 3.4  1.2    3.4    3.9    4.4  .01517-3 2 1-3▼-1.240.80  .0139.66119.2 1.33 4.5810.11 1 4 9  .12 2.60 7.6310
20251220토 7180011외421 6 75 8혼전 4458흐림포화16 7 9나비드          MR. MONEFASHION         미거 3 0 0 2 1  143      33000혼4전승규박철근   2 8 812 219 2 0 111  0김태희45752.060기추적12  6  62815.041.022.81145 61948 6221221111819152416 0 099↘→입14.240.840.913.4162739.742.0119.5121.8 13 25  0 0   15.40   13.70 3 -5 -2NUUP52.54591813-1.2 8.0 6.8343414 1일반주행기복전력49기 0 6 9 8 6 9 9 9⑨1:59.51    3.414.940.913.9  2 -3  .00 9 7 -4 3.893308374 8 9 8 7 50 7 1.02 5.09 1.9 2.5  1.9    2.5    4.0   14.9  .01935 0 4 5 0― -.340.50 -.3140.05119.2 6.3014.0622.82 71828 5.2612.0320.36 5
20251130일10170011외432 5 85 9 1강 1159흐림다습10 7 9나비드          MR. MONEFASHION         미거 3 0 0 9 1   68      33000혼4전승규박철근   2 9 711 319 1 0 110  0김태희46054.061기추적20  9  933 9.034.012.41145 61948 6221221111819152416 0 099↘→입14.239.841.613.2524441.140.5113.5113.4 14 29  029   14.70   14.10 2  2  1VNUP52.54591813-1.4 7.4 6.0393914 4일반주행기복전력54기 01111111110 9 9⑥1:53.51     .715.440.913.7 -5  2  .00 611  0 1.94593387159 9 811113 6 2.03 6.03 2.1 4.2  4.8   13.5   22.1  104.4  .01523-1 2 3-1▽ -.941.30  .0831.97114.0 2.69 7.1912.37 1 3 5 3.85 7.4113.41 8
20251116일 6130011외433 7 8510혼전 4459맑음건조 3 7 9나비드          MR. MONEFASHION         미거 3 0 0 2 1  116      33000혼4전승규박철근   210 610 319 1 0 1 9  0이동하45853.591기추적 7  1  16127.058.039.13153131948 6221233 01819252419 0 099↗↘선14.237.838.913.2218938.439.7 83.7 83.7 17 33  033   14.80   14.70 3  3  0BVDN52.54591813-2.4 7.6 5.2414114-3숨은복병기복전력63관 0 911    10 7 9⑨1:23.71    1.714.739.914.1 -2  3  .00 911  1 1.9668364813211 411 30 1 7.01 8.01 3.0 4.9 18.1   28.2   88.2   28.1  .02569 1 5 8 1▲  .639.40 -.18 7.0183.1014.4927.8639.14122641 6.1714.6320.69 6
20251025토 7160010외411 3 6511 1강 1151맑음건조 5 7 9나비드          MR. MONEFASHION         미거 3     9 1  19215:15 33000혼4전승규박철근   211 5 9 119 1 0 1 0  0김효정45553.567평추하60 51 5114 6.035.011.51752 71948 62212 0 01819192217 0 099↗→선14.237.339.213.2108536.041.8105.7105.7 20 40  040   14.90   12.9017 -2 -1NVUP52.54591813-2.6 7.8 5.2494914 3일반주행휴양불리27관 0 6 9   9 6 7 9⑧1:45.73    4.314.842.014.7 -2  6  .00 810  4 4.695219189 410 4 5100 1 1.04 7.04     5.5  1.6    6.0    8.3   12.3  .015 7-3 2 2-3▼-1.339.20  .3229.22103.3 1.46 4.7311.53 1 4 8 1.23 5.4911.62 9
20250629일 8130011외434 2 8512 3강 3358맑음양호 8 7 9나비드          MR. MONEFASHION         미수 3 0 0 9 3  49816:05 33000혼4서인석박철근   212 4 8 219 2 0 1 7  0조재로44954.586평추하12 10 1062 9.052.031.5284418173910181825 01912192522 0 099↘→입14.238.238.813.2189438.539.9 82.9 84.3 25 50  050   15.00   15.80 6  5 -1LNDN52.54591814-3.8 8.3 4.5595914-5교체실패부중잇점58기 1 811     910 9⑧1:22.94    2.914.539.414.0  2 -4  .00 8 6  2 3.8798669861011 2 6 40 2 1.03 5.09     3.2  1.9    5.3    7.3   19.011.21943 0 4 6 0―  .039.10 -.14 7.2683.29 8.4421.0131.46 51325 4.23 7.5911.36 7
20250518일 6180011외452 610513 3강 3351맑음다습11 7 9나비드          MR. MONEFASHION         미수 3 0 0 2 4  62014:25 33000혼4서인석박철근   213 3 7 119 1 0 1 6  0조재로45355.582평추보58 47 475420.050.019.42965 7214411181825 01912192522 0 099↗↘입14.240.840.113.2167640.743.3121.8122.3 25 50  050   14.60   13.70 4  2  2HNUP52.54591814-5.310.3 5.0555514 4승부최상부중잇점82기 3 3 8 8 7 7 8 8⑧2:01.81¼  3.715.044.215.8  4-11  .01 8 4  2 3.7956993961110 4 8 80 1 5.0210.06     6.3  8.7   23.8   56.8   46.411.23456 1 5 4 1―  .240.60  .0241.36118.9 5.2012.0019.43 2 612 2.59 8.6216.67 8
20250420일 9140011외420 6 7514혼전 4451맑음양호 8 7 9나비드          MR. MONEFASHION         미수 3 0 0 2 4  70117:00 33000혼4서인석박철근   214 2 6 219 1 0 1 5  0장추열46454.093평추보58 61 617363.071.059.34369 5214411181836 01912202722 0 099↗↘입14.237.839.013.2128537.638.3 89.7 88.1 33 33  033   15.10   14.20 4 -1  0UHDN52.54591712-5.011.5 6.5404014-3주행고전승부최상 1기 0 110     9 7 4③1:29.72     .414.639.413.7  1  2  .00 3 2  0 1.1187615286911 4 3 23 1 1.04 7.02     3.7  2.0   10.5   13.7    7.910.64596 3 8 8 3▲ 1.637.90-1.1311.3289.1424.5744.7859.2833536516.4431.4545.24 3
20250322토 6170011외451 810515혼전 4439맑음건조 4 7 9나비드          MR. MONEFASHION         미수 3 0 0 2 4  79815:15 33000혼4서인석박철근   215 1 5 219 5 0 1 4  0김태희46254.072평추상63 53 535832.050.028.91743 5214411181814111912152416 0 099↘→입14.240.040.913.2387640.239.9113.3113.2 33 33  033   14.90   14.50 5  0 -1UH동52.54591712-3.011.0 8.0464614 0일반주행작전마주 1기 1 2 6 6 6 7 8 7⑤1:53.3코    .015.141.114.2  3 -6  .09 5 2  0  .64068212889 6 4 2 33 5 4.05 5.07     6.1  8.8   33.7   72.8   78.6  .02033 0 6 5 0―  .041.10 -.0532.34113.7 6.9918.0428.90 82233 9.2621.5429.60 3
20260815토 7180010국5 3 5  6 0혼전 4451           710탱글이          투아너앤노던파크 7636.00한수 6 0 0   1    018:25 33000혼4홍윤화차청일   0 016 21538 2 1 438  0조상범   52.556평입보50 51 512218.042.021.5 926 62154 719 7 0 03117132217 04444↗→입14.540.240.413.62127                   22 17  325   14.70   14.50 7  6  0VHUP54.34721818-1.6 7.0 5.4505013 1일반주행부중영향 1   010                            14.7    14.5        .0                       7 4 5 8  4                                              .02239 0 3 4 0― -.640.40  .06     118.8 5.9313.1621.48 2 714 7.2514.8122.64 8
20260628일 71700 8국453 8 56 1혼전 4451맑음건조 3 710탱글이          투아너앤노던파크 5932.00한수 6 0 0 9 1  104      33000국4홍윤화차청일   0 115 11138 1 1 437  0조상범47152.557평입보38 36 362813.040.017.4 926 62154 719 7 0 03117132217 04444↗→입14.539.940.813.6414440.242.6115.1115.6 23 17  326   14.50   14.20 8  0  0HHDN54.34721818-1.8 6.4 4.6565613-1일반주행부중영향38기 0 4 8 8 8 8 8 8⑧1:55.16    2.714.742.014.5  0  4  .00 8 8  3 3.48967848918 6 4 6 70 3 2.05 9.02 2.1 4.3  4.7   18.5   32.3   29.3  .02244 0 3 5 0― -.741.50  .3334.90113.6 3.15 8.0517.41 41118 2.60 7.7817.08 9
20260503일 7180010국511 4 16 2혼전 4458흐림다습11 710탱글이          투아너앤노던파크 7636.00한수 6 0 0 1 1  124      33000국5홍윤화차청일   0 214231438 1 1 436  0김태희46752.560평입하22 28 282730.053.031.91145 62154 719 7 0 03117152416 04444↘→입14.540.640.313.6313340.240.5118.9119.3 23 23  326   14.80   13.80 2  0  0HH동54.34721818-1.4 5.4 4.0626213 0일반주행부중영향49관 0 4 3 3 3 4 5 5⑦1:58.9목   1.214.541.114.2  2 -5  .05 7 5 -4 2.05451504843 9 4 3 32 1 1.02 8.06 1.3 2.1  1.3    2.1    2.7    8.5  .02552 1 5 7 1―  .440.40 -.2838.44118.9 9.2520.6831.94153246 6.0617.8128.45 4
20260419일 6180011국552 5 56 3혼전 4451맑음건조 4 710탱글이          투아너앤노던파크 7636.00한수 6 0 0 2 1   26      33000국5홍윤화차청일   0 313221338 1 1 435  0송재철47252.577평입하30 28 2826 8.040.016.81744 82154 719 7 0 03117192520 04444↘→입14.540.540.313.6403340.739.7120.7120.0 29 26  629   15.20   14.60 3 -4  1HN동54.34721818-1.4 5.4 4.0626213 0일반주행부중잇점21관 0 4 5 4 4 5 4 5⑥2:00.71½  1.314.840.113.8 -3  2  .00 6 9  4 1.67269283942 9 410 82 1 6.04 5.06 2.3 4.7 16.6   57.6  168.0  122.9  .01529 0 2 2 0― -.840.60  .1039.16118.9 4.12 8.6616.83 2 714 2.74 6.2511.5810
20260329일 8180011국521 8 76 4 2강 2241맑음건조 3 710탱글이          투아너앤노던파크 7636.00한수 6 0 0 9 1   45      33000국5홍윤화차청일   0 412211238 1 1 434  0정우주47051.558평입상64 75 754879.062.040.81255 72154 719 7 0 03117163013 04444↗→입14.540.340.413.6533041.341.4120.6119.5 30 30  630   14.50   12.50 4 -1 -3NU동54.34721817-2.4 5.6 3.2747413 0부중효과부중영향64기 0 8111111 7 6 7⑦2:00.63    1.915.241.214.6  2 -9  .00 7 5 -5 2.66386738829 4 4 3 30 2 2.0111.09 2.3 2.4  2.4    2.4    4.6   75.8  .03080 2 7 7 2△  .940.70 -.4238.84118.812.1826.7540.8013294615.9333.1849.48 3
20260301일 5180011국550 6106 5혼전 4455맑음건조 3 710탱글이          투아너앤노던파크 7636.00한수 6 0 0 1 1   79      24750국5홍윤화차청일   0 511201138 1 0 433  0코지  47954.586평입보25 43 435154.065.044.32854182154 719 740 03117233119 03850↗↘입14.540.340.713.6552240.838.4119.7117.9 28 16  325   14.70   13.60 5  6  0LH동54.34711817-1.4 5.0 3.6707013 0부중효과부중효과54관 0 9 3 3 3 4 4 1①1:59.72    -.414.537.812.5 -9  6  .00 110  7  .01875 41193 610 7 12 110.01 9.05 3.3 6.3 26.3   47.6  163.4  120.912.73281 2 7 8 2▲ 1.240.50 -.5736.94118.918.9732.2244.3133536510.5921.8634.02 4
20260124토 5180011국551 5106 6 3강 3354맑음건조 3 710탱글이          투아너앤노던파크 7636.00한수 6 0 0 2 1   80      24750국5홍윤화차청일   0 610191038 1 0 432  0빅투아47354.592평입보25 32 324830.059.045.73053132154 719 735 03117222818 03850→→선14.540.440.613.6493040.440.3120.1119.4 26 29  329   14.60   13.80 2 -2 -1HH동54.34711817-2.6 6.4 3.8646413 0일반주행부중효과 5관 0 3 6 6 5 2 2 2⑤2:00.1½    .314.740.413.6  2 -5  .00 5 3 -2  .96055474871 8 5 7 21 6 5.06 2.08 3.9 9.3  9.0   44.9   85.2  731.511.82982 2 6 7 2△  .740.60 -.6238.40118.917.7832.0945.72122641 6.7819.4029.86 5
20260111일 4180011국531 8 86 7혼전 4451맑음양호 7 710탱글이          투아너앤노던파크 7636.00한수 6 0 0 2 1   2813:10 24750국5홍윤화차청일   0 7 918 938 1 0 431  0루이스47855.068평입보19 38 381013.043.020.82042112154 719 7 0 03117192517 03850↗↘입14.440.440.813.6491739.242.5120.9120.2 23 20  727   14.60   13.20 4 -4  2NN동54.34711817-2.0 7.0 5.0606013 0일반주행거리속성45기 0 5 6 6 5 6 6 5④2:00.9목   1.214.641.613.8 -1  8  .00 4 5  1 1.47714887545 9 9 7 72 2 3.06 2.06     6.2  4.5   32.2   56.6   41.3  .01528 0 4 3 0― -.440.70 -.1139.02119.0 5.1911.2120.82 31016 2.41 7.2516.11 9
20251214일 7180011국550 4106 8 1강 1152맑음포화18 710탱글이          투아너앤노던파크 7636.00한수 5 0 0 2 1   70      24750국5홍윤화차청일   0 8 817 838 1 0 430  0김태훈47053.570평입상20 40 402213.050.027.51856 82154 719 7 0 03117122521 03850↗→입14.440.540.813.6391739.740.2117.5119.3 24 17  724   14.70   14.10 3 -2  1LN동54.34711817-2.0 7.8 5.8565613 0부중유리부중잇점99기 1 9 7 6 6 6 4 3③1:57.51¼   .314.639.213.2 -1 -8  .00 3 4 -2 1.0563145287010 7 5 52 1 1.06 5.10     5.3  2.7   34.9   53.9   60.2  .03147 0 4 5 0―  .340.50 -.2838.04119.0 8.0517.9027.47 31121 2.20 7.9117.20 8
20251123일 5180011국530 7 86 9혼전 4455맑음건조 3 710탱글이          투아너앤노던파크 7636.00한수 5 0 0 2 1   95      24750국5홍윤화차청일   0 9 716 738 1 0 429  0루이스47853.068평입상18 30 302826.053.032.12042112154 719 7 0 03117192517 02957↗↘입14.440.640.813.6301939.542.3119.3119.2 25 14  425   15.20   13.30 2  1 -1VH동54.44701817-1.6 7.8 6.2484813 0적정체중부중잇점42기 011 7 6 7 4 4 2③1:59.3코    .014.741.414.1 -3  5  .00 3 6 -1  .2492387778610 4 8 52 1 9.01 6.03 2.2 4.3 42.6   34.6  148.4  106.9  .02566 0 5 6 0―  .340.40 -.4237.76119.110.8022.3032.09 51325 8.7517.0726.47 6
20251108토 6180011국551 810610혼전 4449흐림건조 3 710탱글이          투아너앤노던파크 7636.00한수 5 0 0 2 1  149      24750국5홍윤화차청일   010 615 638 1 0 428  0디에고47353.555평입상 5 13 1311 6.033.015.4 850 02154 719 7 0 03117132321 03350→→입14.440.540.913.6381540.639.7119.9118.6 22 15  426   14.90   14.60 2 -1  1LN동54.64701817-1.0 7.8 6.8434313 0일반주행부중잇점43기 010 8 7 7 7 7 3③1:59.91     .115.239.213.3 -4 -8  .00 3 7 -3  .43266293877 9 8 6 63 2 6.01 5.09 2.6 5.6 16.4   16.7   56.2   97.1  .01524-2 2 1-2▽-1.140.40 -.0437.17119.1 3.50 8.6315.44 1 613 2.08 8.7016.10 7
20251025토 6180011국550 8 5611 3강 3351맑음건조 5 710탱글이          투아너앤노던파크 7636.00한수 5 0 0 9 1  19314:25 24750국5홍윤화차청일   011 514 538 1 0 427  0디에고48153.055평입하 5  7  7 6 4.031.010.0 850 02154 719 7 0 03117132321 03350→→입14.440.540.913.5351740.142.8120.3121.2 23 15  427   15.10   14.40 8  2 -1VH동54.64701817 -.2 7.4 7.2373713 0발길대로부중잇점48기 111 8 8 8 5 5 5⑥2:00.32    1.214.941.914.6 -4 -9  .00 610  2 2.28846919045 7 810102 1 3.01 2.08     5.0  4.6    5.7   14.4    6.2  .01510-3 1 1-3▼-1.440.70  .0739.79119.1 1.52 4.33 9.98 1 3 5 1.30 3.85 9.8010
20250830토 5180011국530 8 8612혼전 4451맑음포화18 710탱글이          투아너앤노던파크 7636.00한수 5 0 0 9 2  34316:35 24750국5김동철김종식   212 413 438 3 0 426  0박태종49053.576평입상15 19 192721.052.032.227 0242675121719 0 01614192421 03350→↘자14.440.440.913.5421940.841.8120.2121.2 24 16  428   14.70   13.90 8  8 -1BHUP54.64701817  .0 7.0 7.0363613 1부중효과부중잇점55기 0 9 91111111110⑩2:00.2½   2.115.141.214.4  2 -4  .0010 8  0 2.48873808723 7 7 6 40 3 1.1111.04     4.0  2.8   83.6  102.2   86.4  .02739 0 5 6 0―  .240.80 -.3939.89119.010.7822.9932.17102235 5.4113.1617.06 6
20250706일 5170010국552 7 5613혼전 4451맑음건조 3 710탱글이          투아너앤노던파크 5932.00한수 5 0 0 1 3  48113:35 24750국5김동철김종식   213 3121038 2 0 425  0박태종49454.061평입보 9 17 174518.042.016.5 550 32343 71719 0 01614192421 03350↗→자14.439.941.113.5454139.841.1113.8113.6 25 17  429   14.80   13.50 5  0  0UHDN54.64701817  .6 5.8 6.4404013-1부중효과부중효과82기 1 1 5 5 6 7 8 6⑦1:53.81¾   .914.740.813.9 -1  9  .00 7 8  2 1.05247565456 6 6 9 90 210.02 7.08     4.2 46.7   72.0  304.1   52.7  .02744 0 3 3 0― -.541.20  .2032.62113.8 4.17 9.6816.46 1 4 9 6.0213.7121.82 6
20250531토 51800 9국521 5 7614 1강 1151흐림건조 4 710탱글이          투아너앤노던파크 7636.00한수 5 0 0 9 3  58914:25 24750국5김동철김종식   214 211 338 1 0 424  0박태종48554.061평입상13 17 174819.043.024.3 550 32343 71719 0 01614192421 03350↗→자14.440.340.413.5494140.941.1120.9121.2 26 17  430   14.20   13.80 4 -2 -1UHUP54.64701817  .6 5.2 5.8494913 1일반주행부중효과29관 0 1 8 8 8 8 8 6⑤2:00.91    1.214.840.013.5 -1  5  .00 5 6 -1 2.08875687943 6 3 7 53 1 1.02 5.09     2.6  1.5    2.6    3.4    5.3  .02066 0 3 3 0― -.340.90 -.0440.45118.8 5.6413.6624.31 71425 3.4911.8321.60 5
20250503토 51700 9국520 4 7615 1강 1151흐림포화18 710탱글이          투아너앤노던파크 5932.00한수 5 0 0 1 4  67314:25 24750국5김동철김종식   215 110 938 2 0 423  0조상범48055.056평입보16 18 184220.043.017.51371 82171 0171910 01614132217 03350→↘입14.439.840.713.5496539.441.4111.5114.0 27 18  532   14.10   14.70 4 -3 -1HHUP54.64701817 -.2 5.2 5.0555513 3마방승부작전마주 1기 0 3 4 4 4 5 7 6⑥1:51.5½    .914.240.213.8 -1  0  .00 6 7 -1 1.26227635052 3 3 8 70 2 1.05 9.04     4.2  2.1    9.7   14.8   20.2  .02531 0 4 4 0― -.541.40  .4133.46113.4 4.1510.1817.50 2 714 2.80 9.4318.75 7
20260815토 8160010국3 2 2  5 0혼전 4451           8 1누리천왕        페더럴리볼드퀸   5437.00한수 4       1    018:55 495002등이준철허도행   2 016 1 1 0 1 4 4 0  0유승완   52.570강자보56 74 741476.062.043.31962 8314715314740243126152722176717→↘입14.236.739.113.54261                   79 79 1443   14.30   12.60 7 -3 -4UU동54.44651818  .4 2.6 3.0797913 0인기탐색연대우수 1   0 1                            14.3    12.6        .0                       8 2 2 2 13                                              .04684 3 9 9 3★ 1.139.10 -.10     102.917.2431.1943.3418375317.0231.5844.86 2
20260627토 7160010국324 4 25 1혼전 4451맑음건조 4 8 1누리천왕        페더럴리볼드퀸   5437.00한수 4 0 1 9 1  114      41250국3이준철허도행   2 115 2 315 3 4 414  1우인철46956.073강입하40 47 471451.061.046.8204810314715314741 03126102623176717↘↘입14.236.739.113.5426136.340.8101.4103.0 85 85 1546   14.40   15.40 5 -6  0HLDN54.44651818  .4 2.2 2.6797913-2연대우수마방기습45기 0 4 3   3 2 2 2⑥1:41.4½    .913.540.014.8  2  0  .00 6 4  2 2.25242777653 6 3 8 31 3 1.05 6.09 1.9 2.2  1.9   14.4   17.3    9.0  .03778 3 7 8 3▲  .939.10 -.1827.20102.917.4433.7946.8218375311.1123.7835.92 4
20260523토 9180011국343 9 95 2혼전 4451맑음다습13 8 1누리천왕        페더럴리볼드퀸   3841.00한수 4 0 1 2 1   72      41250국3이준철허도행   2 214 1 615 2 4 413  1우인철46956.072강입보83 91 917583.065.052.7204810314715314741 03126102623176717↘↘입14.239.940.313.5654839.943.3123.4122.7 85 85 1554   14.00   13.30 4  0  1LLUP54.44651818  .8 1.6 2.4818114 2승부최상연대우수50기 110 5 6 6 91011⑪2:03.412   3.914.444.315.4  9 -4  .0911 2 -2 4.59639939212 5 2 1 10 2 1.08 4.02 2.9 6.2  2.9   50.4   62.9  726.510.54688 3 9 9 3★ 1.341.50 -.5542.45118.622.4039.6652.7433536523.6041.6251.66 1
20260426일 8160010국453 4 55 3 3강 3351맑음건조 3 8 1누리천왕        페더럴리볼드퀸   5437.00한수 4 0 1 9 1   63      41250국4이준철허도행   2 31311 215 1 4 312  1우인철47355.073강입보96 98 981487.067.051.9204810314715314741 03126102623206020↘↘입14.236.439.213.5625737.337.8103.1102.1 75 92 1733   13.70   13.80 3  9  1VN동54.34641818  .8 1.6 2.4818118 0연대우수승부최상87기 010 5   5 3 3 3②1:43.11¾   .014.038.413.3 -2 -2  .00 2 4  3  .41992 71793 2 5 2 22 1 3.04 8.10 2.3 4.5  5.2   20.0   32.6  159.911.26095 4 9 9 4☆ 1.739.20 -.2226.54102.822.3938.8651.8713294623.5334.8148.06 2
20260404토 8160010국444 5 95 4혼전 4451맑음양호 7 8 1누리천왕        페더럴리볼드퀸   5437.00한수 4 0 1 1 1   56      41250국4이준철허도행   2 41210 11512 3 311  1유승완47554.570강입보95 97 971485.067.051.11962 8314715314740243126152722255025→↘입14.336.339.213.5645736.539.0101.7101.9 82 82 1845   14.40   14.80 3 -5  2UNDN54.34611818  .6 2.0 2.6797918-2연대우수연대우수45기 0 1 3   3 3 3 1①1:41.73    -.613.739.013.8  0 -2  .00 1 1 -1  .01346292596 3 2 1 1212 1.04 1.09 2.8 4.6  2.8    7.9   14.8   54.810.54781 4 9 9 4☆ 1.439.20 -.1426.36102.819.5936.8351.1212264122.4340.1955.81 1
20260315일 9180011국352 9105 5혼전 4451맑음양호 6 8 1누리천왕        페더럴리볼드퀸   3841.00한수 4 0 1 2 1   44      41250국3이준철허도행   2 511 9 51511 3 310  1유승완47753.069강입하62 77 776882.066.042.21962 8314715314740243126152722255025→↘입14.340.240.013.3576539.141.6118.3117.8 80 70 2060   14.50   13.90 6  5  1NN동54.34611818  .4 1.8 2.2818117 0승부최상연대우수81기 2 6 5 5 5 4 4 2③1:58.3½    .014.442.114.8  1  2  .00 3 2  0 1.01412764994 7 4 4 121111.07 9.02 3.5 7.4 41.7  251.3  510.6  268.7  .04790 4 9 9 4☆ 1.440.60 -.3037.59118.616.8530.4842.2433536518.3231.4243.30 1
20260131토 9180011국333 5 85 6혼전 4451맑음건조 2 8 1누리천왕        페더럴리볼드퀸   3841.00한수 4 0 1 9 1  107      41250국3이준철허도행   2 610 8 41510 3 3 9  1유승완47552.569강입하82 68 688977.066.056.71962 8314715314740243126152722255025→↘입14.340.339.713.2498240.240.2118.6118.7 78 89 1156   14.40   13.30 6 -1 -2UU동54.34611818  .4 2.0 2.4818117 0승부최상승부최상 5기 0 1 4 5 4 3 3 3③1:58.61¼   .214.540.213.9  1  6  .00 3 2  0  .74149454277 8 2 6 1210 1.05 3.06 2.0 4.1  2.0    9.2   12.6   10.2  .04795 4 9 9 4☆ 1.440.60 -.5738.72118.523.9342.8556.6833536519.8133.4945.79 1
20251221일 9180011국342 3 95 7혼전 4451맑음다습13 8 1누리천왕        페더럴리볼드퀸   3841.00한수 3 0 1 2 1  10917:00 41250국3이준철허도행   2 7 9 7 315 9 3 3 8  1유승완46954.069강입보94 95 957783.067.054.41962 8314715314740243126152722255025→↘입14.240.339.713.3438240.139.4117.0118.5 88 88 1375   14.20   13.40 8 -5 -1UH동54.34611812  .4 2.0 2.4868618 0전개최상승부최상55기 1 2 3 3 3 4 4 3④1:57.02½  1.014.439.513.3  2  2  .00 4 2  1 1.13243231850 9 2 1 12 9 1.08 5.06     4.2  2.2   44.3   56.5  234.710.54994 4 9 9 4☆ 1.540.60 -.5138.45118.524.7344.0254.3933536519.4435.8145.61 2
20251026일 7180011국521 6 75 8 2강 2259흐림양호 7 8 1누리천왕        페더럴리볼드퀸   3841.00한수 3 0 1 9 1  181      33000혼4이준철허도행   2 8 8 6 215 8 2 3 7  1유승완46754.569강입상90 89 899291.068.079.01962 8314715314740243126152722 06733→↘입14.340.439.713.3388540.138.8117.8117.5 86 86 1471   14.40   13.00 6  0  1NN동54.24591812-1.6 4.0 2.4858518 0연대우수전개최상71기 1 7 2 2 2 2 2 1①1:57.84    -.714.238.913.4  0  0  .00 1 1 -2  .0 845 8 69510 1 1 21 8 1.02 7.05 1.5 2.6  1.5    2.6    3.3   11.2  .04994 4 9 8 4▲ 1.640.40-1.1037.41118.636.2762.6078.9919405532.0459.8967.18 2
20250914일 51800 9국551 4 55 9혼전 4441맑음다습13 8 1누리천왕        페더럴리볼드퀸   3841.00한수 3 0 1 2 2  291      33000혼4이준철허도행   2 9 7 5 115 7 2 2 6  1유승완46753.565강입보77 85 854876.063.053.61133 8355813314740243126152722 05050→→입14.240.240.213.3555740.338.5116.6117.6 83 83 1767   14.80   13.7016 -3 -3NHUP54.54551812-1.2 3.6 2.4858514 1전개최상연대우수44기 0 7 4 4 3 3 3 1②1:56.62     .014.438.313.0 -1 13  .00 2 3  2  .31055 4 580 5 2 1 22 7 7.03 5.07 2.9 4.3 24.0   97.2  246.0  217.012.73777 2 8 8 2▲ 1.140.60 -.6337.23118.721.9638.8853.5519405522.8643.7158.78 1
20250525일 4170010국540 8 9510 1강 1151맑음다습10 8 1누리천왕        페더럴리볼드퀸   5437.00한수 3 0 1 2 4  60112:45 24750국5이준철허도행   210 6 4 115 6 1 2 5  1유승완45456.580강추보89 93 939692.071.079.41123 6426319314740243126152722 0 099↘↗입14.039.840.513.2478739.340.8112.4112.6 80 80 2080   14.40   13.60 4 -1  0VLUP52.54551712-1.8 4.4 2.6838314 3승부최상전개최상54기 110 5 5 5 4 4 1①1:52.41¾  -.314.840.313.7  0 -2  .00 1 1 -2  .02123462793 4 1 1 12 6 1.0210.01     4.3  2.0    4.3    6.9   25.0  .06495 4 9 9 4☆ 2.141.20 -.8932.30113.343.9868.3679.4338587237.6262.2475.81 1
20250427일 2140011국543 5 9511 3강 3351맑음양호 7 8 1누리천왕        페더럴리볼드퀸   5437.00한수 3 0 1 9 4  68711:00 24750국5이준철허도행   211 5 3 115 5 1 2 4  1유승완45656.580강입하75 82 828683.068.048.41123 6426319314740243126152722 0 099↘↗입14.037.338.813.2338237.338.4 89.4 88.2 75 75 2575   14.00   13.30 8  1  1VLUP52.54551412-2.5 4.8 2.3858513 1승부최상승부최상 1기 011 8     810 7④1:29.4½    .114.439.013.6  1 -4  .00 4 3  1  .82059161875 8 2 3 23 5 2.06 5.04     5.4  3.5   17.0   23.9  238.611.24995 4 9 9 4☆ 1.638.50 -.4112.0888.6621.1436.8648.3812264118.4236.4445.88 3
20250302일 5130011국552 410512혼전 4451흐림건조 4 8 1누리천왕        페더럴리볼드퀸   5437.00한수 3 0 1 1 5  85213:35 24750국5이준철허도행   212 4 2 215 4 1 2 3  1유승완46056.083강추상92 95 958977.070.054.02753131953 6314740243126152722 0 099→↘입13.837.538.813.2478937.838.4 82.5 83.0100100 3367   14.30   12.80 6  3  4NL동52.54551312-4.0 5.7 1.7888813 0승부최상승부최상 1기 110 6     4 4 6④1:22.5머리  .314.038.913.3  2  5  .00 4 2 -9  .44162202568 9 3 1 12 4 1.05 7.05     5.7  2.8   14.4   23.6   26.610.54693 3 9 9 3★ 1.939.60 -.35 6.6882.8426.6944.1654.0038597121.4334.9546.30 1
20250118토 4130011국551 410513혼전 4451맑음건조 4 8 1누리천왕        페더럴리볼드퀸   5437.00한수 3 0 1 2 5  97312:45 24750국5이준철허도행   213 3 1 115 3 0 2 2  1유승완45552.583강입보66 86 868181.068.037.92753131953 6314740243126152722      →↘입13.837.139.313.5766938.236.5 81.4 81.7100100 5050   14.00   13.80 5 -4 -3NHUP       1312-1.0 3.0 2.0858512 1승부최상승부최상 1기 1 7 9     9 8 3①1:21.41¾  -.314.337.212.8-10 -5  .00 111 10  .0 576 1 190 8 9 2 33 311.02 7.01     7.2 39.8   62.1  267.4  113.9  .04691 3 9 9 3★ 1.539.70  .03 5.2782.9014.6628.2037.9312264116.6729.0025.61 2
20241215일 1120012국650 8 5514혼전 4435흐림양호 8 8 1누리천왕        페더럴리볼드퀸   6131.00한수 2 0 1 2 6 107610:35 24750국6이준철허도행   214 2 2 215 2 0 1 1  1유승완46055.081강추보86 99 998575.069.053.62144 93369 7314740243126152722      ↗→입14.037.738.413.3199836.539.2 76.9 75.6100100  0**   14.00   13.50 5  3  0LH동       1212-3.0 5.0 2.0858512 0마방기습승부최상 1기 111 8     6 4 2②1:16.93     .014.039.913.8  1  3  .00 2 1 -4  .6301464388010 7 1 22 2 4.0112.11     3.9 10.2    8.5   21.2   51.610.54592 3 8 8 3▲ 1.537.70 -.77 -.5276.1223.6143.4453.5737566910.7122.8112.99 1
20241110일 1120012국310 4 6515 1강 1155흐림건조 5 8 1누리천왕        페더럴리볼드퀸   6131.00한수 2     2 6 118310:35 24750국3이준철허도행   215 1 1 115 1 0 0 0  0유승완45755.081평무보   35 3540  .059.035.62144 93369 7314740243126152722      ↗→입14.036.738.513.0    37.537.8 76.0 75.5              14.00   13.30        LN동       12 0                 0 0일반주행마방기습 1기 1 810     8 8 5②1:16.06     .014.038.413.5 -3 -2  .00 2 5  0 1.12663152281 3 3 3 43 1 1.05 4.08     3.8  1.6   11.3   15.0   12.7  .02570 1 7 8 1▲  .938.70  .25  .2775.6111.8124.3935.62 91835 8.3316.6725.00 8
20260815토 8160010국2 2 2  1 0혼전 4451           8 2우승콩코드      콩코드포윌링미스 7127.00한거 5 0 0   1    018:55 495002등강성오박재범   0 016 9 521 1 6 121  0조성환   54.053기입적50 49 491446.046.022.0 718 62455 922 0 0 025 7101519173333↘→추14.036.439.413.76048                   53 73 2733   13.80   13.70 8 -1 -2HH동55.15111814 1.0 5.2 6.2484812 0일반주행기복전력43관 0 2                            13.8    13.7        .0                       6 610 8  1                                            12.73231 2 6 7 2― -.139.40  .40     102.9 5.5111.9422.00 2 61011.7018.1828.04 5
20260621일 91600 9국253 4101 1혼전 4459맑음포화16 8 2우승콩코드      콩코드포윌링미스 7127.00한거 5 0 0 2 1  122      495002등강성오박재범   0 115 8 421 1 6 120  0우인철50156.073기입상63 46 461445.046.025.72048102455 922 0 8 025 7102623173333↘↘입14.036.639.813.6493735.939.7 99.8102.3 50 71 2136   13.90   13.70 4  0  2HNUP55.15111814  .4 5.2 5.6505012 2일반주행기복전력 5기 1 3 6   6 5 3 2④1:39.8머리  .013.838.913.7  2 -1  .00 4 2 -5  .12919523481 6 5 4 72 1 3.01 5.10 3.1 6.3  5.4    7.6   15.6   20.1  .01935 0 5 7 0― -.339.80  .0425.90103.3 7.7016.0225.72 4111812.9019.5833.75 5
20260524일10140011국252 4101 2혼전 4451맑음다습10 8 2우승콩코드      콩코드포윌링미스 7127.00한거 5 0 0 2 1   61      495002등강성오박재범   0 214 7 921 1 6 119  0권중석50254.567기입보20 25 253439.042.014.31341 52455 922 038 025 7181819173333↘→선14.036.839.213.6574837.239.1 86.5 88.3 54 62 4638   13.80   14.60 6 -2 -4HHDN55.15111814  .4 4.2 4.6575712-2부중효과기복전력44기 0 3 4     3 3 3⑥1:26.5목   1.113.938.213.7 -1 -6  .00 6 7 -1 1.22253363650 6 811 92 2 3.02 9.04 3.9 7.1  5.3    7.1   17.4    7.8  .02742 0 5 7 0― -.639.00  .5412.3088.59 3.19 7.8014.27 2 610 4.3514.3923.37 7
20260411토11160010국252 5 51 3혼전 4451맑음다습13 8 2우승콩코드      콩코드포윌링미스 7127.00한거 5 0 0 2 1  113      495002등강성오(주)디알 2 313 6 321 1 6 118  0루이스50858.569우자적31 29 291436.042.016.32042112455 92218 02725 7192517173333↗↘입13.936.439.713.6633736.541.0102.2104.3 67 58 5050   14.30   14.5011 -5  5NL동55.15111814  .0 3.2 3.2727212 0마방승부부중효과64기 0 5 6   6 7 7 8⑧1:42.21¾  1.913.840.614.6  0-12  .00 8 8  2 2.18152788029 6 4 7 90 1 5.06 4.03 2.0 3.7 11.6   76.6  183.2   31.1  .02552 0 5 7 0― -.639.70  .4128.24103.1 3.93 9.2416.34 2 610 6.1112.2022.19 8
20260124토11160010국253 1101 4혼전 4451맑음건조 3 8 2우승콩코드      콩코드포윌링미스 7127.00한거 5 0 0 2 2  210      495002등강성오(주)디알 2 412 5 221 1 6 117  0권중석52054.058강자하89 94 941462.051.027.51575 0254016221838 025 7181819173333→↘선13.836.639.213.4506536.041.8102.4104.9 73 64 4536   14.10   13.3010  5 -4VH동55.15111814 -.6 3.0 2.4838312 0승부최상마방승부 5기 010 9   9 6 6 8⑨1:42.42½  3.414.340.614.5  3  9  .00 9 6  3 3.888188986 8 7 5 4 62 1 1.04 7.05 2.3 6.3  2.3    6.5    9.7    8.110.53462 1 7 6 1―  .139.20  .2629.10102.9 8.1018.8527.54 8172911.0220.4130.25 4
20251115토11160010국241 4 91 5 2강 2251맑음건조 3 8 2우승콩코드      콩코드포윌링미스 7127.00한거 4 0 0 2 2  20718:00 495002등강성오(주)디알 2 511 4 121 7 6 116  0임다빈51158.076우자하79 80 801489.065.057.22050 82540162218281425 7142424173333→→추13.936.339.213.4656536.638.7101.7102.0 70 70 3060   14.10   13.80 3  0  0NLUP55.15111814  .0 3.6 3.6737312 2부중효과승부최상90기 2 5 4   4 7 4 5④1:41.71½   .314.138.813.3  1  7  .00 4 3  0  .32162262873 4 4 2 10 7 4.01 1.02     6.0  6.7    8.5   23.5   10.6  .05193 4 9 9 4☆ 1.539.20 -.2926.45102.825.7845.5957.1819405524.1941.3257.56 2
20251025토11140011국224 1 71 6혼전 4451맑음건조 5 8 2우승콩코드      콩코드포윌링미스 7127.00한거 4 0 0 9 1  188      495002등강성오(주)디알 2 610 3 821 6 6 115  0임다빈50458.077우자보89 73 734040.040.0 8.61527 82455 92218281425 7142424173333→↗추13.936.738.913.4696936.839.5 86.8 88.7 70 70 3050   14.20   13.50 4 -4  1NBDN55.15111814  .2 3.4 3.6747412-4마방선전부중효과46기 0 511    10 8 7⑥1:26.8½    .714.138.913.8  3 -6  .09 6 3  1  .93833554358 7 5 7110 6 1.0711.01 2.4 3.6  2.4   25.4   37.1   66.9  .02527-4 5 4-4▽-1.039.20  .9213.1188.32 1.32 4.35 8.61 1 2 5 3.55 8.2015.9310
20250928일 8180012국212 1 61 7혼전 4451흐림불량20 8 2우승콩코드      콩코드포윌링미스 9537.00한거 4 0 1 9 2  246     110000국O강성오(주)디알 2 7 9 2 321 5 6 114  1임다빈51057.075우자보62 77 776567.051.021.02050 82540162218281425 7142424173333→→추13.939.740.213.4715739.839.5115.2117.7 70 70 3050   13.90   13.3013  2  3BBUP55.15111814  .4 3.2 3.6767612 4부중효과마방선전54기 1 9 6 6 7 6 7 7⑨1:55.2½   1.314.238.913.5  7  4  .02 9 2  0 1.31133241339 3 5 8 70 5 3.09 4.11 2.3 7.8  6.7   58.5  109.8   53.4  .02757-1 7 7-1▽  .041.10  .2737.80118.5 4.6312.6121.04 41118 9.7718.3826.54 6
20250628토 9140011국234 2 81 8혼전 4451맑음다습11 8 2우승콩코드      콩코드포윌링미스 7127.00한거 4 0 0 9 3  50618:00 495002등강성오(주)디알 2 8 8 1 721 4 5 113  0임다빈50654.578우입상84 90 906470.050.027.21846 51450 62218281425 7142424204020↗→추13.936.738.913.4696937.338.4 86.0 88.2 67 67 3344   14.10   13.20 4  3 -4NH동55.25121814  .8 2.8 3.6777712 0숨은복병부중효과89기 1 7 8     8 6 3①1:26.02½  -.413.937.613.3 -1  3  .00 1 2  0  .02161182194 7 5 4 53 4 2.03 7.11     4.4  2.9    8.3   11.6   18.710.52065 0 7 7 0―  .039.10  .4512.6088.32 7.3918.0727.19 8172912.3324.5234.02 4
20250531토 9140011국334 3 81 9혼전 4441맑음건조 4 8 2우승콩코드      콩코드포윌링미스 7127.00한거 4 0 0 9 3  58517:30 41250국3강성오(주)디알 2 9 7 8 621 3 4 112  0임다빈50358.078강입적95 95 958785.064.042.71846 51450 62218281425 7142424255025↗→추13.936.638.913.4746936.838.6 86.2 87.9 63 63 3850   13.80   12.60 4  2  5HB동54.55141814 1.0 2.0 3.0818112 0종반뒷심작전마주44관 1 4 9     7 2 1①1:26.2¾    .014.137.513.2 -1 -2  .00 1 2 -1  .01232221085 2 3 2 30 3 2.05 4.01     4.4  3.0   15.7   24.2   14.510.53665 1 9 8 1▲ 1.039.10  .0912.3988.2516.3231.1942.6812264125.8140.5853.50 1
20250504일 9140011국354 210110혼전 4451맑음다습13 8 2우승콩코드      콩코드포윌링미스 7127.00한거 4 0 0 1 4  65917:00 41250국3강성오(주)디알 210 6 7 521 2 3 111  0임다빈50553.583우입보87 89 898077.064.035.32046 42558142218281425 71424243367 0↘↗추13.936.639.013.5806536.438.3 84.8 87.0 57 57 2943   13.80   14.20 4 -7  0HU동54.85171814  .6 1.0 1.6898912 0편성만만작전마주 1기 0 2 7     5 5 2①1:24.85    -.813.837.212.6 -2 -5  .00 1 3 -2  .0 21414 295 3 5 2 43 2 3.01 2.05     5.6  5.8    6.7   15.6    8.510.53074 2 8 9 2▲ 1.138.90  .2311.4088.3211.7123.5135.2910223516.9429.1540.54 2
20250406일 8140011국324 1 7111혼전 4451맑음포화17 8 2우승콩코드      콩코드포윌링미스 7127.00한거 4 0 0 1 4  74416:05 41250국3강성오(주)디알 211 5 6 421 1 3 110  0임다빈51053.583강입적58 58 587348.053.024.32046 42558142218281425 71424243367 0↘↗추13.836.638.913.1777636.739.8 86.8 88.9 67 67 3350   14.10   14.00 5 -2  0LUUP54.85171814  .8 1.0 1.8878712 2휴양탐색작전마주 1관 1 9 3     4 2 4⑤1:26.8¾    .613.839.214.2  0 -2  .00 5 5  2 1.24528645161 4 4 6 72 1 8.01 2.04     4.3 25.9   35.1  141.1   33.6  .02469 0 6 6 0―  .239.30  .5913.3988.25 7.7616.3824.29 4111811.4621.1127.95 4
20250301토 9120011국313 1 6112혼전 4451흐림건조 3 8 2우승콩코드      콩코드포윌링미스 7522.00한거 4 0 0 1 5  85817:30 41250국3강성오(주)디알 212 4 5 321 1 3 1 9  0씨씨웡51253.586강입적49 54 548955.058.029.72658131463 0221820 025 72125223367 0↘↘선13.836.838.113.1779237.639.5 76.4 77.7 67 67 3350   14.20   13.8011  6  0VUDN54.85171814 1.0 1.0 2.0838312-2인기탐색작전마주 1기 111 9     8 811⑪1:16.4¾   2.414.139.514.0  8-11  .0311 3 -3 2.78768727817 3 6 7 60 2 1.04 4.03     4.6  1.7    5.5    8.2   44.9  .03182 0 7 7 0―  .639.30  .59 2.8375.45 9.9719.8329.69 81729 7.2918.8729.72 5
20241215일10140011국354 110113혼전 4451맑음양호 8 8 2우승콩코드      콩코드포윌링미스 7127.00한수 3 0 1 2 6 106717:30 41250국3강성오(주)디알 213 3 4 321 1 3 1 8  1씨씨웡52353.571우입하43 45 458759.058.027.81942101346 3221820 025 72125223367 0↗↘선13.836.438.913.1897637.540.1 90.0 90.9 80 80 4060   14.30   13.80 4  2  0NU동54.85171812 1.5 1.0 2.5747412 0인기탐색작전마주 1기 0 5 9     8 910⑩1:30.0¾   2.114.240.213.8  4  3  .0010 6  4 2.19069738021 2 6 8 70 1 7.04 9.01    11.0 11.0   30.5   50.9   37.3  .03177 1 7 7 1△  .639.90  .6015.5588.11 9.0818.5827.75 41118 7.4314.2925.74 7
20241117일10140011국343 1 9114혼전 4451맑음양호 6 8 2우승콩코드      콩코드포윌링미스 7127.00한수 3 0 1 2 6 115417:30 41250국3강성오(주)디알 214 2 3 221 1 3 1 7  1이혁  52053.590평입보30 27 277431.048.017.52345 41346 3221826 025 72821193367 0→↗선13.836.539.013.1827338.539.1 88.6 90.6 80 80 4060   14.20   15.50 7 -3  1HNDN54.85171812 2.0 1.0 3.0636312-4마방선전부중효과 1기 1 310    111111⑨1:28.61    2.214.338.313.8  7  6  .09 9 2  1 2.38697388020 4 7 9 70 1 4.08 8.07     4.3 10.0   63.0  152.7  186.0  .02560-1 5 5-1▽ -.339.80  .7515.0588.25 3.86 9.6017.54 41118 3.25 9.8913.64 9
20240929일 7180014국352 410115혼전 4451맑음건조 4 8 2우승콩코드      콩코드포윌링미스 9537.00한수 3 1 1 9 7 130915:40110000국3강성오(주)디알 215 1 2 221 7 3 1 6  1문세영51453.093강입보97 35 3586  .068.036.04455 02540162218404325 72936153367 0→→입13.840.439.913.1417939.044.1119.8121.6 80 80 4060   14.30   13.50 8  2  0NU동54.85171812         3.0    12 0전개최상마방선전 1   0 6 8 7 5 6 812⑫1:59.87    4.014.243.515.5 11  6  .0212 1  0 4.492 99692 410 314 20 7 2.13 4.08     9.7  4.7  266.0  438.2  776.712.73489 2 8 8 2▲ 1.440.90 -.1941.30118.713.7325.9735.95335365 7.5913.4651.60 7
20260815토 8160010외2 2 2  1 0혼전 4451           8 3탑티어          INSTAGRAEQUITABL 4422.00미수 4 0 0   1    018:55 495002등차우호안영환   1 01615 420 2 3 320  0조재로   54.588기입보50 51 511431.050.022.0335313 0   0 0 0 0 0    192522402040↗↘입13.937.139.513.72344                   35 47 1835   14.60   13.00 8 -7  1HN동55.14711612-1.0 6.0 5.0545412 0부중유리기복전력 1   0 3                            14.6    13.0        .0                      10 7 8 9  2                                              .03120 0 5 6 0― -.139.50  .04     103.4 5.4911.9121.95 41118 5.3213.4023.36 7
20260621일 91600 9외253 4101 1혼전 4459맑음포화16 8 3탑티어          INSTAGRAEQUITABL 4422.00미수 4 0 0 2 1  122      495002등우창구안영환   1 11514 320 1 3 219  0조재로47453.588기자적56 58 581448.056.035.83353132053 92016 0 02110192522402040↗↘입13.937.040.113.7282236.638.1 99.7102.2 31 44 1931   14.40   12.50 2  0 -2LHUP55.14711612-1.6 8.0 6.4414112 2교체성공작전마주22관 010 9   9 9 9 5②1:39.7목    .014.637.313.0  1  3  .00 2 1 -3  .0266212 984 9 9 2 43 1 3.01 5.10 3.1 6.3  5.4    7.6   15.6   20.1  .03071 0 7 7 0―  .340.10 -.5225.10103.712.7725.0935.8212264117.7429.3737.50 2
20260606토10140010국342 4 41 2혼전 4451흐림양호 6 8 3탑티어          INSTAGRAEQUITABL 4422.00미수 4 0 0 1 1   31      41250국3우창구안영환   1 21413 720 1 3 118  0권중석47155.067기자적34 32 323013.038.015.11341 52053 92016 0 02110181819502525↘→선13.937.239.513.8292737.937.7 87.5 88.1 27 40 2027   13.90   12.50 2  5  1VNUP55.14711612-1.2 9.2 8.0272712 2일반주행기복전력24관 010 8     7 7 6②1:27.5½    .014.437.512.5 -2 -1  .00 2 4 -3  .01784 31381 6 9 8 93 1 2.04 4.10 2.6 3.3  3.6   12.0   24.2   72.4  .01529-1 3 3-1▽ -.838.50  .0811.4189.07 3.15 7.2315.12 1 4 8 2.41 7.6917.65 9
20260523토10120010외344 4 41 3혼전 4451맑음다습13 8 3탑티어          INSTAGRAEQUITABL 1833.00미수 4 0 0 2 1   31      41250혼3우창구안영환   1 313121020 1 3 117  0조성환47254.053기입보11 15 1510 5.031.0 6.5 718 62053 92016 0 02110101519502525↘→추13.937.538.613.9205737.638.1 74.2 75.7 29 36 2136   13.80   13.90 4  4  2NN동55.14711612-1.8 9.8 8.0272712 0최빈거리기복전력57기 0 5 6     7 7 8④1:14.21½   .613.937.212.5 -3 -1  .00 4 7 -1 1.03567253562111011113 1 4.02 6.02 2.3 3.4  7.7   13.5   31.8   22.5  .012 8-3 1 1-3▼-1.537.90  .61 -.4576.12 1.06 2.96 6.47 1 2 5  .91 2.68 6.1611
20260426일10120011외244 2 41 4 3강 3351맑음건조 3 8 3탑티어          INSTAGRAEQUITABL 1833.00미수 4 0 0 9 1   61      495002등우창구안영환   1 41211 920 1 3 116  0조상범47352.558기입보11  3  330 4.030.0 7.8 926 62053 9201612 02110132217502525↗→입13.937.538.413.9186537.539.8 75.5 77.7 31 38 2346   14.40   14.90 2 -9  0UUDN55.14711612-1.6 9.0 7.4292912-4최빈거리기복전력15관 1 1 6     5 6 7⑧1:15.54    2.013.838.713.9  0 -1  .00 8 8 -2 2.1876478812510 610102 1 3.0110.04 2.4 3.6  5.7    8.2   17.8    5.0  .01212-3 1 1-3▼-1.438.60  .66 1.7976.00 1.03 3.00 7.80 1 3 5  .83 2.60 6.2310
20260411토11160010외252 5 51 5혼전 4451맑음다습13 8 3탑티어          INSTAGRAEQUITABL 4422.00미수 4 0 0 2 1   32      495002등우창구안영환   1 51110 220 2 3 115  0송재철47452.577기자적19  9  91411.038.012.61744 82053 9201613 02110192520502525↘→입13.937.139.913.9203736.441.4102.9105.0 33 50 2533   14.10   13.40 3  3 -1VUUP55.14711612-2.2 8.4 6.2363612 2숨은복병기복전력89기 110 9   9 910 9⑨1:42.94    2.614.441.014.9 -1 -2  .00 910 -1 2.8894585871810 610100 2 5.06 4.03 2.0 3.7 11.6   76.6  183.2   31.1  .01918-1 3 3-1▽ -.939.90  .0728.04103.6 2.84 7.3712.55 1 4 8 1.53 5.6911.5110
20260321토11140011외214 4 11 6혼전 4451맑음건조 5 8 3탑티어          INSTAGRAEQUITABL 4422.00미수 4 0 0 2 1   53      495002등우창구안영환   1 610 9 620 1 3 114  0송재철47653.577기자보20 13 1324 9.037.0 9.91744 82053 9201613 02110192520502525↘→입13.937.039.313.9424438.438.7 88.3 89.9 36 55 2736   14.10   14.30 3 -2  1NN동55.14711612-1.4 6.6 5.2474712 0일반주행기복전력24관 0 710    101011⑨1:28.3목   2.214.138.313.4 -2  5  .00 911  1 2.67595256623 81111110 1 1.05 1.03 1.3 3.2  1.3   11.9   13.3   13.7  .01527-2 2 3-2▽-1.139.10  .4613.6388.80 1.91 5.05 9.92 1 2 5 2.19 4.55 8.4811
20260302월10140011외243 6 91 7혼전 4451비  다습11 8 3탑티어          INSTAGRAEQUITABL 4422.00미수 4 0 0 1 1   43      495002등우창구안영환   1 7 9 8 520 1 3 113  0루이스47153.069우자상87 71 716652.051.021.22042112053 92016 0 02110192517502525↗↘입13.937.039.113.9465737.740.5 89.7 91.0 40 60 3040   14.60   13.10 4 -1  1NN동55.14711612-1.2 5.6 4.4555512 0편성만만보통주행74기 1 9 9     91011⑩1:29.76    2.614.140.314.3  0  2  .001010  0 2.99077798718 9 6 5 90 1 7.04 5.10 3.2 7.0 12.8   26.3   49.1  177.8  .03065 0 6 6 0―  .139.40  .3014.9188.66 5.4213.7821.23 41118 5.2613.8824.73 8
20260131토11140011외214 4 61 8혼전 4451맑음건조 2 8 3탑티어          INSTAGRAEQUITABL 4422.00미수 4 0 0 9 1   53      495002등우창구안영환   1 8 8 7 420 1 3 112  0이동하46952.591우입하58 42 425933.044.015.33153132053 9201629 02110252419502525↗↘선13.936.839.314.0584138.038.1 86.7 88.1 44 56 3333   13.90   14.10 4  9 -2BU동55.14711612  .0 3.8 3.8595912 0일반주행보통주행 5기 01011    1111 8④1:26.72     .514.637.013.1 -6 -3  .00 410  6 1.52190 93567 8 910103 1 1.02 5.04 2.1 6.1  2.1    6.1   10.4   15.3  .01571 0 5 4 0― -.538.90  .4512.0288.66 4.01 9.2215.29 1 4 8 5.0710.0417.9110
20260103토11140011외254 6101 9혼전 4451흐림다습13 8 3탑티어          INSTAGRAEQUITABL 4422.00미수 4 0 0 1 1   7417:55 495002등우창구안영환   1 9 7 6 320 2 3 111  0코지  47254.585우입적94 71 718373.064.037.22854182053 92016 0 02110233119502525↗↘입13.836.639.313.9754437.139.7 87.2 89.1 50 63 3838   13.60   13.50 3 -8  1UN동55.14711612 -.2 3.2 3.0707012 0편성불리단기승부78기 1 1 5     5 5 4⑤1:27.22½  1.613.939.014.1  1 -6  .00 5 4 -3 2.05855616236 510 7 32 2 1.03 6.09     5.6  3.2    7.9   15.2  169.0  .03773 3 8 9 3▲ 1.139.40  .0013.2488.5214.4526.3637.2012264110.6022.1532.86 5
20251213토11140011외254 210110혼전 4441눈  불량20 8 3탑티어          INSTAGRAEQUITABL 4422.00미수 3 0 0 2 1   56      495002등우창구안영환   110 6 5 220 1 3 110  0코지  47854.085기입적52 71 716168.065.040.82854182053 92016 0 02110233119502525↗↘입13.836.639.513.8803736.639.2 85.6 87.8 57 57 4343   13.50   13.70 5  0  0NHUP55.14711612 2.0 2.2 4.2636312 2인기탐색기복전력50기 0 9 4     3 4 3③1:25.66    1.013.638.113.5 -4  4  .00 3 7  5 1.21225452651 6 9 5 22 1 8.01 5.07     8.0 19.2   61.0  188.2  209.612.73170 2 7 8 2▲ 1.139.10 -.2311.7088.6616.5029.6940.7533536511.1119.1230.08 6
20251108토11120011외254 110111혼전 4461흐림건조 3 8 3탑티어          INSTAGRAEQUITABL 1833.00미수 3 0 0 2 1  144      495002등우창구안영환   111 5 4 820 2 3 1 9  0장추열47454.093우입보88 88 888878.065.035.02950122053 9201626 02110202722502525↘↗입13.936.838.313.8777636.638.8 74.1 76.3 57 57 4343   13.50   13.30 7 -2 -1NH동55.14711612 1.6 2.0 3.6686812 0승부최상우수능력70기 0 9 5     5 5 5⑤1:14.11     .413.538.513.7  3  9  .09 5 2  0  .85616512670 8 6 3 42 5 4.05 4.11 3.3 7.3  6.6   27.9   53.0   50.010.53472 2 8 8 2▲ 1.138.80  .33 1.2075.5612.7824.4335.0312264114.8127.4437.50 2
20250920토10120011외232 1 8112혼전 4451맑음포화16 8 3탑티어          INSTAGRAEQUITABL 1833.00미수 3 0 1 2 2  275      495002등우창구안영환   112 4 3 720 1 3 1 8  1장추열46555.093우입보62 71 719078.062.039.23351182030 4201626 02110202722502525↗↘입13.936.838.313.9837336.438.1 72.5 74.7 67 50 3350   13.70   12.80 7  3  0VN동55.14711612 1.2 1.6 2.8747412 0편성불리승부최상 5기 411 4     4 3 2④1:12.51¼   .313.537.113.3  2-11  .00 4 2 -3 1.2 8 925 671 5 6 3 22 4 3.01 5.04 3.5 8.2  5.3    8.2   17.3  250.512.74591 2 8 8 2▲  .938.40  .22 -.4075.5615.0628.2139.2233536520.4137.0748.26 1
20250803일12120011외253 110113 3강 3341흐림건조 3 8 3탑티어          INSTAGRAEQUITABL 1833.00미수 3 0 1 1 2  39116:50 495002등우창구안영환   113 3 2 620 1 3 1 7  1정우주47655.067우입적38 41 416827.035.013.61050 52030 4201617 02110163013502525↘↗입13.936.738.313.9857337.937.5 74.6 76.2 80 60 4040   14.20   14.3011  2  1NN동55.14711612 1.5 1.8 3.3717112 0승군불리보통주행62기 2 8 4     5 7 8⑥1:14.6½    .913.737.512.8  1  3  .00 6 5  4 1.25281 92655 5 5 6110 1 3.01 9.10     7.7  6.1    7.7   19.4   13.3  .02748-1 4 3-1▽ -.938.90  .99 1.1875.50 3.43 8.2213.55 0 1 5 5.0011.2720.00 7
20250517토 7120011외253 210114혼전 4451맑음포화16 8 3탑티어          INSTAGRAEQUITABL 1833.00미수 3 1 1 2 4  62916:05 495002등우창구안영환   114 2 1 520 1 3 1 6  1김용근47354.087우입보76 91 917980.057.029.32957 72442 5201616 02110312614502525↗↘선13.936.838.413.9836937.739.8 76.2 78.0 80 60 4040   13.70   13.90 5  3 -3NH동55.14711612 2.0 2.0 4.0676712 0승부최상작전마주78기 1 6 8     9 9 9⑨1:16.25    2.014.239.314.3  8  2  .02 9 1  0 2.49073798525 5 9 1 50 1 9.04 9.01     9.7 17.5   80.3  251.9  486.110.53477 1 8 7 1△  .539.40  .45 2.8075.61 9.0319.2629.33 8172915.6530.5142.50 1
20250413일11120011외324 3 7115혼전 4451맑음포화17 8 3탑티어          INSTAGRAEQUITABL 1833.00미수 3 0 1 2 4  72018:00 41250혼3우창구안영환   115 1 4 420 3 2 1 5  1장추열47157.093강입보99 99 998284.069.051.54369 52442 5201626 021102027226733 0↗↘입13.936.938.013.9738537.038.0 74.0 75.7 75 75 5050   13.60   13.00 5  2  4HB동54.54711612 -.5 2.0 1.5929212 0전개최상승부최상 1관 2 3 8     8 6 3①1:14.0¾    .013.738.013.9  0 -3  .00 1 1  0  .03336211488 8 2 1 13 3 1.03 3.06     4.2  2.4   11.9   15.9   71.010.54991 4 9 9 4☆ 1.638.60 -.05  .7875.4523.8040.2751.5233536519.5135.2046.03 1
20260815토 8160010외2 2 2  3 0혼전 4451           8 4서클에이        HIGHER PROUGH ST        미수 3 0 1   1    018:55 495002등리카디이기선   1 010 1 3 910 4 1 9  1푸르칸   54.578강선보50 81 811483.062.047.32156153453123632364438261424216040 0↗↗추14.035.839.913.39448                   56 78 5611   13.40   13.90 6  2 -2HH동54.84721814  .4 1.8 2.2868617 0승부최상연대우수 1   0 4                            13.4    13.9        .0                       1 9 1 1 10                                              .06190 4 9 9 4▲ 1.239.90 -.14     102.921.1235.2047.3033536522.3439.2348.60 1
20260704토 8160010외314 5 63 1 1강 1151흐림건조 4 8 4서클에이        HIGHER PROUGH ST        미수 3 0 1 1 1   93      41250혼3리카디이기선   1 1 9 3 2 9 9 3 1 8  1푸르칸46756.578강도하87 94 941492.066.067.82156153453123632364438261424215050 0↗↗추14.135.839.913.3934835.140.2 99.8101.3 50 75 5013   13.50   14.20 3 -7 -1HN동54.44741814 -.2 2.4 2.2868617 0연대우수승부최상45기 0 2 3   3 2 2 1①1:39.82    -.313.439.513.9  0  2  .00 1 1 -3  .0 6 2642393 1 7 1 11 9 1.05 2.08 1.7 5.8  1.7    7.0   10.2   14.9  .06195 4 9 9 4☆ 1.839.90 -.6425.64102.934.8855.7267.8238587233.0457.2868.63 1
20260613토 8160010외352 4103 2혼전 4451맑음건조 3 8 4서클에이        HIGHER PROUGH ST        미수 3 0 1 2 1   53      41250혼3리카디이기선   1 2 8 2 1 9 8 3 1 7  1푸르칸46557.078강도상90 98 981482.066.038.82156153453123632364438261424215050 0↗↗추14.235.939.913.2924836.339.6101.0102.3 57 71 5729   14.00   14.7012  4  4BBDN54.44741814 -.4 2.2 1.8828217-2승부최상연대우수47기 0 9 1   1 1 1 2⑥1:41.0¾    .413.539.514.2  2 -5  .00 6 4  2  .43033504268 1 8 2 21 8 3.01 4.08 3.1 7.0  5.3    7.0   16.7   10.310.54785 4 9 9 4☆ 1.439.90  .0026.51102.913.1826.4538.7518375316.5530.8343.19 2
20260321토10180011외333 8 83 3혼전 4451맑음건조 5 8 4서클에이        HIGHER PROUGH ST        미수 3 0 1 2 2  237      41250혼3리카디이기선   1 3 7 1 2 9 7 2 1 6  1푸르칸47053.583우입보87 93 938283.066.050.92675173253123632364438261424213367 0↘↗추14.239.740.813.2783339.041.5117.9118.3 50 67 5033   14.10   13.30 5 -2 -3NHUP54.74751814  .2 2.2 2.4767617 1연대우수승부최상47기 0 5 2 2 2 2 2 2①1:57.9머리  .014.041.914.7 -1 -4  .00 1 2  1  .02511724089 311 1 11 7 2.01 5.01 2.9 5.6  3.7    5.6   12.3   15.710.56094 4 9 9 4☆ 1.541.20 -.5837.82118.723.5141.5650.8533536520.7937.9646.99 1
20260215일 9170011외441 5 93 4혼전 4451맑음건조 3 8 4서클에이        HIGHER PROUGH ST        미수 3 0 0 2 1   75      33000혼4리카디이기선   1 4 6 6 1 9 6 1 1 5  0푸르칸47456.578우자하70 82 827983.068.043.0215615345312363236443826142421 099 0↗↗추14.039.441.313.3744439.040.4110.7111.9 40 40 4040   14.00   14.40 4  6  1LBDN53.84751814  .2 2.6 2.8727214-1연대우수연대우수70기 0 7 2 2 2 2 2 1①1:50.74    -.714.139.913.3  0 -6  .00 1 1  0  .0 71232 995 5 6 1 31 6 1.02 7.01 2.6 4.7  2.6    4.7    8.1    8.8  .04686 3 9 9 3★ 1.541.40 -.2631.15113.617.1632.7642.9612264119.2737.4442.74 1
20260117토 7180011외451 6103 5혼전 4451맑음건조 5 8 4서클에이        HIGHER PROUGH ST        미수 3 0 0 2 1   78      33000혼4리카디이기선   1 5 5 5 1 9 5 1 0 4  0푸르칸48055.579우입상87 84 848785.069.061.7215615345312363236443826142421 099 0↗↗추14.140.140.013.3517338.442.2118.0118.6 25 75 2525   13.90   13.10 4 -9  4UBUP53.84751814  .0 3.0 3.0686814 4연대우수연대우수49기 0 1 1 1 1 1 1 1②1:58.03     .014.042.114.4  1  7  .00 2 1 -3  .539 2874883 3 2 2 11 5 2.01 6.01 2.9 5.2  3.1    5.2    9.3    9.5  .04087 3 9 9 3★ 1.640.80 -.7238.52118.630.4350.3661.7137566931.5850.3063.88 1
20251221일 7140011외454 4103 6혼전 4451맑음다습13 8 4서클에이        HIGHER PROUGH ST        미수 2 0 0 2 1   6915:15 33000혼4리카디이기선   1 6 4 4 2 9 4 0 0 3  0푸르칸47352.078우입하80 64 646477.065.040.7215615345312363236443826142421 099 0↗↗추14.037.238.913.2377936.338.7 85.2 87.4  0 67  033   14.00   14.10 3  6  0BU동55.54771410 1.0 2.7 3.7595910 0연대우수연대우수72기 010 8     3 2 1①1:25.21¾  -.313.937.813.1 -3  1  .00 1 4  1  .0 51423 592 9 2 3 32 4 4.0910.09     8.6  8.1   76.8  137.7  107.812.73766 2 8 9 2▲ 1.138.40 -.2311.2888.6615.7328.5040.7412264120.7935.6447.42 3
20251130일 6140011외450 6103 7혼전 4431흐림다습10 8 4서클에이        HIGHER PROUGH ST        미수 2 0 0 9 1   72      33000혼4리카디이기선   1 7 3 3 1 9 3 0 0 2  0푸르칸47252.078우입보64 64 647274.066.045.5215615345312363236443826142421 099 0↗↗추14.037.338.813.2308737.139.3 88.3 88.6  0 50  050   14.00   13.50 5  3  0HUUP55.54771410 1.0 2.5 3.5656510 2전개최상연대우수50기 0 4 9     8 6 7④1:28.33    1.114.039.414.1  1 -1  .00 4 3  1 1.13350484649 9 3 4 20 3 1.1111.09 2.7 6.9  2.7  144.3  180.9  190.112.73782 2 8 9 2▲ 1.338.50 -.3612.4888.6617.5732.6745.5437566917.4433.1644.18 3
20251026일 8120011외443 3 93 8혼전 4451흐림양호 7 8 4서클에이        HIGHER PROUGH ST        미수 2 0 0 9 1  180      33000혼4리카디이기선   1 8 2 2 1 9 2 0 0 1  0푸르칸47352.079우입보88 90 909684.069.055.3215615345312363236443826142421 099 0↗↗추14.037.038.112.9689837.838.0 75.0 76.1  0100  0**   13.80   12.70 4 -7 -4UUUP55.54771210  .0 3.0 3.0787810 2연대우수전개최상64기 0 1 9     8 8 7④1:15.02     .914.038.213.5  2 -4  .00 4 2 -1 1.14776213951 7 1 3 23 2 4.0310.03 2.6 4.2  6.1   13.4   25.7    9.110.54994 4 9 9 4☆ 1.638.60 -.24  .9575.5624.6342.8855.2812264124.0042.9354.89 2
20250927토 2100010외410 1 13 9혼전 4455맑음다습12 8 4서클에이        HIGHER PROUGH ST        미수 2     9 2  26214:05 41250혼4리카디이기선   1 9 1 1 1 9 1 0 0 0  0푸르칸47755.583평무보89 25 2558  .063.042.9267517325312363236443826142421      ↘↗추14.137.737.311.9479937.037.0 60.7 62.1              14.10   12.10        LN동       10 0         2.0     0 0일반주행연대우수42기 0 8 3     3 4 3③1:00.7목    .113.836.412.7  0  0  .00 3 3  0  .62432141174 6 3 4 32 1 5.01 6.04     2.9 20.4    6.5   33.1    7.612.73762 2 7 8 2▲ 1.037.10 -.23-12.962.7614.3329.7042.9112264110.5320.5632.20 7
20260815토 8160010국2 2 2  1 0혼전 4451           8 5찬페이머스      한센    인터처블 6131.00한수 4 0 0   1    018:55 495002등서범석슘호천   3 016 5 816 2 5 017  0루이스   54.069우추보50 61 611440.042.017.82042111444 5191915 01913192517 0 099↗↘입14.536.639.213.35152                   54 46 1538   14.30   13.1012  4  1NN동54.74761818 -.4 4.4 4.0656513 0마방선전선추겸비 1   0 5                            14.3    13.1        .0                       7 4 510  2                                              .02526 1 5 6 1― -.539.20  .50     102.9 4.9611.2217.81 1 4 8 6.3812.4421.50 9
20260523토 7160010국211 5 11 1 3강 3351맑음다습13 8 5찬페이머스      한센    인터처블 6131.00한수 4 0 0 2 2  214      495002등서범석슘호천   3 115 4 716 1 5 016  0루이스47653.060우추보64 71 711474.053.032.51299 7288815191915 01913192517 0 099↘↗입14.536.539.313.3535236.539.4100.7103.1 50 50 1742   14.60   13.40 6 -6 -1UH동54.74761818  .0 4.0 4.0646413 0일반주행마방선전39기 0 1 8   8 6 7 4④1:40.7¾    .214.338.213.1 -1  5  .00 4 5  1 1.95653404076 7 5 5 43 1 1.03 3.09 1.2 2.8  1.2    4.5    5.1   28.912.12965 2 7 8 2▲  .539.30  .1427.34102.9 9.8021.2532.51 5132511.8126.1637.61 4
20260411토11160010국252 5 51 2혼전 4451맑음다습13 8 5찬페이머스      한센    인터처블 6131.00한수 4 0 0 2 1  113      495002등서범석슘호천   3 214 3 616 1 5 015  0코지  47153.585우추하76 64 641446.045.018.62854181444 51919 0 01913233119 0 099↗↘입14.536.639.313.3515236.339.2100.7102.8 55 55  055   14.80   13.80 4  3  1NNDN54.94771818 -.2 3.6 3.4676713-2편성탐색보통주행39기 0 710  1010 9 7④1:40.7목    .414.638.813.4  0-14  .00 4 4  0  .64137342571 9 2 5 83 1 5.06 4.03 2.0 3.7 11.6   76.6  183.2   31.1  .02956 0 6 6 0― -.439.30  .4326.94103.0 4.20 9.4918.56 2 714 8.4015.4524.66 7
20260314토10180011국253 3101 3혼전 4451흐림양호 7 8 5찬페이머스      한센    인터처블 4235.00한수 4 0 0 2 1   75      495002등서범석슘호천   3 313 2 316 7 5 014  0씨씨웡48553.093우추보64 57 576563.058.038.43456111444 5191930291913212522 0 099→↘선14.540.439.813.2327340.140.9118.4118.5 60 50 1050   14.20   13.50 7  2  1HNUP54.94771813 -.6 3.2 2.6767613 2숨은복병거리속성64기 0 4 6 6 7 6 7 9⑦1:58.43    1.314.839.713.8  3  6  .00 7 4 -1 2.83247605741 8 2 7 40 8 6.03 9.02 3.3 9.3  8.3   22.9   54.1   54.312.73266 2 7 8 2▲  .740.50 -.2038.27118.612.1425.1038.4010223511.4323.3634.58 4
20260124토11160010국253 1101 4혼전 4451맑음건조 3 8 5찬페이머스      한센    인터처블 6131.00한수 4 0 0 2 1  126      495002등서범석슘호천   3 412 1 516 6 5 013  0씨씨웡47952.593강추적95 99 991479.061.044.53456111444 5191930291913212522 0 099→↘선14.036.838.813.2357336.139.5100.1102.6 67 67 2256   14.70   13.4011 -5 -4UH동54.94771813-2.2 4.2 2.0848413 0마방선전작전마주 5기 0 2 5   5 5 5 4④1:40.14    1.114.238.313.5 -1 -5  .00 4 5  1 1.53927463447 9 1 2 12 7 1.04 7.05 2.3 6.3  2.3    6.5    9.7    8.110.54075 3 9 9 3▲ 1.038.80 -.0227.00102.818.4833.0244.4733536515.2528.5739.24 3
20251109일 8160010국352 4 51 5 3강 3351맑음건조 3 8 5찬페이머스      한센    인터처블 6131.00한수 3 0 0 2 2  22116:05 41250국3서범석슘호천   3 511 7 416 5 4 012  0씨씨웡48456.590우추하76 80 801482.071.049.2265411288815191930291913212522 0 099↘→선14.036.738.713.1417636.138.3100.9101.6 63 63 1350   14.00   13.90 5  4 -1NN동54.54761813-1.6 4.2 2.6717113 0마방선전마방선전 5   0 710  10 9 8 6①1:40.91    -.214.738.213.4 -3  4  .00 1 4  1  .0123316 791 9 1 3 13 6 4.05 7.08     4.1  8.9   32.4   86.2   39.8  .04986 4 9 9 4☆ 1.838.70 -.0626.21102.721.4736.9349.2019405615.6928.8741.48 3
20251004토 9160010국350 2 51 6혼전 4451맑음다습10 8 5찬페이머스      한센    인터처블 6131.00한수 3 0 0 1 2  223      41250국3서범석슘호천   3 610 6 316 4 4 011  0씨씨웡48057.590우추적84 72 721470.071.059.0265411288815191930291913212522 0 099↘→선14.037.038.612.9268936.339.2101.2102.5 71 57  071   14.00   13.40 4-10  2HBUP54.54761813-3.0 5.0 2.0777713 4탐색주행마방선전63기 1 3 5   5 7 7 4④1:41.22½   .414.039.213.9  1 -5  .00 4 3  0  .73841433767 9 1 5 13 5 4.01 4.01 2.8 4.7  7.4   11.7   28.0   27.510.64990 4 9 9 4☆ 1.838.60 -.3926.86102.826.1444.9959.0033536516.3629.3641.12 4
20250906토 4120012국324 1 71 7혼전 4451흐림다습13 8 5찬페이머스      한센    인터처블 7424.00한수 3 0 0 1 2  323      82500국O서범석슘호천   3 7 9 5 216 3 4 010  0씨씨웡48556.090우추보94 91 918773.070.036.3265411288815191930291913212522 0 099↘→선14.037.437.912.9409737.238.4 73.5 75.7 71 57  071   14.80   12.70 3  4  4BBDN54.54761813-4.0 6.0 2.0787813-4마방선전마방선전 5   01312    1211 9⑦1:13.52½  1.114.037.313.4  4  3  .02 7 3  1 1.7344736324614 1 6 23 4 2.0110.03 2.1 4.6  4.0    4.6    9.8   18.210.53786 3 8 9 3▲ 1.538.10  .19  .4075.6715.6628.9936.31183753 9.2518.3424.60 3
20250816토 91600 9국321 4 21 8혼전 4451맑음다습10 8 5찬페이머스      한센    인터처블 6131.00한수 3 0 0 2 2  38018:00 41250국3서범석슘호천   3 8 8 4 216 2 3 0 9  0씨씨웡48252.590기추보84 79 791475.072.058.0265411288815191930291913212522 0 099↘→선14.037.038.513.0268736.936.8101.7101.2 67 50  067   14.50   12.40 4  0  0VH동55.24741813-4.2 7.2 3.0636313 0부중유리마방선전54기 1 9 7   7 5 5 4①1:41.7머리  .014.837.312.7 -1  0  .00 1 2  0  .0 479 1 182 8 1 2 13 3 2.01 9.08     2.2  3.3    2.2    5.0    4.610.64684 3 9 9 3★ 2.038.50 -.3125.66102.825.9744.5657.9838597115.3129.8543.14 2
20250720일 8160010국314 4 61 9 1강 1151맑음포화17 8 5찬페이머스      한센    인터처블 6131.00한수 3 0 0 2 3  43816:05 41250국3서범석슘호천   3 9 7 3 116 1 3 0 8  0씨씨웡48252.592기추적48 52 521428.054.029.32842 61114 7191930291913212522 0 099↗↘선14.036.939.313.1347336.937.4100.6101.3 60 40  060   14.30   13.80 5  1 -2NHDN55.24741813-3.0 6.5 3.5585813-2일반주행기복전력56기 1 9 9   9 9 9 8③1:40.6코    .014.536.812.4  1  7  .00 3 2 -1  .9 677 4 482 8 4 5 63 2 1.09 2.10     4.0  1.6   22.5   27.4   30.5  .01942 0 5 6 0―  .439.30  .0625.05103.2 8.0318.1929.32 71425 2.3811.8120.18 6
20250614토 8180011국350 310110혼전 4451맑음건조 3 8 5찬페이머스      한센    인터처블 4235.00한수 3 0 0 2 3  54717:30 41250국3서범석슘호천   310 6 2 216 2 3 0 7  0마이아47554.593우추보21 17 176237.061.036.23448331114 7191924 019133532 8 0 099→→선14.040.640.113.1247339.141.1118.3119.5 60 40  060   14.00   15.00 5  7 -3NH동55.24741813-4.0 7.3 3.3676713 0숨은복병거리속성61기 1 8 3 3 3 5 4 6⑦1:58.32     .814.339.913.8  4 -7  .09 7 3 -3 1.1571268365610 5 9 52 3 2.0410.11     8.0  5.5    9.6   22.5   39.6  .03774 3 7 9 3▲  .940.40 -.3138.75118.812.0324.7136.15 81729 8.5420.5127.36 5
20250511일 7180016국323 5 7111혼전 4451맑음포화17 8 5찬페이머스      한센    인터처블 4235.00한수 3 1 1 2 4  64015:15550000국3서범석슘호천   311 5 1 116 1 3 0 6  1마이아48257.093기추보35 42 424338.051.024.3335032 833 3191924 019133532 8 0 099→→선14.040.840.313.1166139.443.7119.0121.5 60 40  060   14.00   13.4011 -1  0ULUP55.24741813-3.0 7.5 4.5525213 4거리늘어휴양불리 1   0 1 3 2 2 6 812⑬1:59.07    3.914.043.315.0  7  5  .0113 6 -4 4.291209592 513 9 6 60 2 1.1013.07     3.0  1.5   71.1   92.5   90.0  .03263 0 6 5 0―  .040.50 -.1540.40119.0 6.3715.6524.27 51322 4.73 8.86 8.0313
20250223일 8140013국454 110112혼전 4451맑음건조 3 8 5찬페이머스      한센    인터처블 6131.00한수 3 1 1 9 5  87016:05110000국4서범석슘호천   312 4 2 216 1 2 0 4  1씨씨웡47857.085기추보16  3  32831.050.014.9265813207113191930291913212522 0 099↘↘선14.137.639.413.0 75236.938.3 87.9 88.5 50 50  050   14.10   13.50 5 -3  5UB동54.34721413  .0 8.0 8.0 9 913 0승부호기기복전력 1   0 2 9     9 8 4①1:27.9¾    .014.038.513.4 -9  8  .00 110  6  .0323714 777131213113 110.04 2.01     5.6 38.1  170.2  457.4  278.9  .03350-2 5 6-2▽ -.238.20 -.1011.5489.28 3.75 8.8114.94 1 4 8 2.87 8.4613.5910
20250119일 7140011국424 1 7113혼전 4441맑음건조 3 8 5찬페이머스      한센    인터처블 6131.00한수 3 1 1 2 5  95915:15 33000국4서범석슘호천   313 3 1 116 3 2 0 3  1김정준47052.067강추적99 35 3585  .061.032.0185614207113191917 01913142026 0 099→→추14.237.338.812.8359736.939.7 89.1 89.5 67 67  067   14.20   13.30 4 -6 -2NUUP54.34721413         1.0    13 1부중유리승부호기 1기 0 5 9     710 7④1:29.1목   1.714.139.813.5  0 -3  .00 4 4 -3 2.0653459492911 311 63 3 2.01 2.07     4.0  2.9    4.0    7.2   11.6  .03182 1 7 8 1▲  .838.70  .0113.4088.66 9.2619.9432.00 51322 9.3817.5357.55 6
20241221토 5130011국511 5 6114혼전 4451흐림양호 8 8 5찬페이머스      한센    인터처블 6131.00한수 2 1 1 2 6 106114:00 24750국5서범석슘호천   314 2 1 216 2 1 0 2  1김정준47353.568우추적93 35 3581  .062.028.6163313193314191917 01913142026 0 099↗→추14.337.938.812.6279937.637.5 82.5 81.6 50 50  050   14.30   12.90 5  5 -2VU동55.04701312         1.0    13 0교체성공최적거리 1기 111 8     6 6 3①1:22.53    -.614.238.413.3 -6  3  .00 1 7  0  .0 452 3 39410 511 63 2 7.0611.09     4.5 20.4  175.4  429.4   78.8  .03084 1 7 7 1△  .938.80  .10 4.8883.10 8.0918.0128.55 8172911.2119.6462.64 6
20241117일 1130011국610 3 6115 2강 2255흐림양호 7 8 5찬페이머스      한센    인터처블 6131.00한수 2 0 0 2 6 116310:35 24750국6서범석슘호천   315 1 2 116 1 0 0 1  0김정준47055.068하무보11 35 35 5  .033.011.1163313193314191917 01913142026      ↗→추14.838.439.813.1 43038.037.2 82.5 82.0  0  0  0 0   14.80   13.40 7 -5  0NHUP       1312         8.0    12 1발길대로거리속성 1기 2 6 8     7 6 2①1:22.51    -.214.338.012.9 -6 -1  .00 1 7 -1  .01068 1 489 91011103 1 7.04 6.02     3.7 39.6  172.7  527.0  251.9  .01217-3 2 3-3▼-1.338.40 -.33 3.7984.06 1.37 4.6511.05 1 3 5 9.2317.6732.99 6
20260815토 8160010외2 2 2  4 0혼전 4451           8 6나노마신        GOLDENCEABOUNDIN 8031.00미거 5 0 0   1    018:55 495002등강환민씨유네트-1 016 21131 5 3 331  0장추열   53.593평선보50 57 571428.052.025.42950121851112314242018202027225743 0↘↗입14.036.039.413.88317                   32 28 2816   13.70   14.50 5 -1 -2NH동55.95071814-2.2 8.0 5.8595914 0일반주행부중효과 1   0 6                            13.7    14.5        .0                       2 5 6 5  5                                              .01933-1 5 5-1▽  .039.40  .51     102.7 6.4616.2225.35 51322 3.1913.4021.50 8
20260711토10160010외253 2104 1혼전 4451맑음다습14 8 6나노마신        GOLDENCEABOUNDIN 8031.00미거 5 0 0 2 1   71      495002등강환민씨유네트-1 115 11031 4 3 330  0장추열51155.093평선상93 81 811447.060.034.62950121851112314242018202027225743 0↘↗입14.036.039.413.8841736.341.2102.3104.5 33 29 2917   13.60   12.90 3  0 -3NNUP55.95071814-3.4 8.0 4.6757514 2적정체중탄력호전76기 1 7 6   6 6 7 7⑦1:42.33    2.413.740.314.5  1  0  .00 7 6 -2 2.48545838522 2 4 4 50 4 2.01 5.09 3.4 7.9  4.9    9.4   19.5   21.5  .02551 1 7 7 1―  .839.40  .2829.11102.711.1222.8234.55 8172910.0819.2125.79 5
20260621일 8140011외353 3104 2혼전 4451맑음포화16 8 6나노마신        GOLDENCEABOUNDIN 8031.00미거 5 0 0 2 1   43      41250혼3강환민씨유네트-1 214121231 3 3 229  0장추열51157.593평입상64 85 857048.062.033.52950121851112314242018202027225050 0↘↗입14.036.639.013.8822437.238.2 85.3 87.5 30 30 3013   14.20   15.00 4 -4  1NBDN55.75061814-2.8 7.6 4.8696914-4착차만회거리내려 5기 0 7 4     2 2 1②1:25.3½    .013.637.112.9 -6 -5  .00 2 8 -1  .1 452 9 886 4 5 5 41 3 9.08 6.07 4.111.8 29.6  102.3  263.2  228.7  .02356 0 6 5 0―  .839.00  .2611.9088.3211.3422.5933.50102235 9.5717.8025.86 6
20260523토 9180011국343 9 94 3혼전 4441맑음다습13 8 6나노마신        GOLDENCEABOUNDIN 5638.00미거 5 0 0 2 1   72      41250국3강환민씨유네트-1 31311 331 2 3 228  0장추열51657.093평선상66 60 604049.063.043.92950121851112314242018202027226040 0↘↗입14.039.640.413.7811738.740.7119.6118.9 32 27 2714   14.10   14.20 5  0 -1VNUP55.45041814-2.0 7.2 5.2656514 4선행실패거리속성66기 011 4 3 3 4 3 1③1:59.6¾    .014.241.715.0 -6  4  .00 3 9  0  .739 5551493 2 5 4 22 2 1.08 4.02 2.9 6.2  2.9   50.4   62.9  726.5  .02756 1 7 7 1― 1.041.30 -.2838.85118.517.2631.8643.91183753 8.9919.2933.77 6
20260419일 9140010외352 6104 4혼전 4451맑음건조 3 8 6나노마신        GOLDENCEABOUNDIN 8031.00미거 5 0 0 2 1   83      41250혼3강환민씨유네트-1 412101131 1 3 227  0장추열51258.093평입보52 51 515830.056.024.32950121851112314242018202027225050 0↘↗입14.036.639.113.8771936.639.6 88.6 88.5 29 24 2410   13.80   14.60 3  0  0LL동54.85031814-2.2 7.2 5.0626214 0선행무리최적거리44기 011 6     2 2 4⑧1:28.6머리  .514.139.814.2 -1  0  .00 8 9  1  .63325573968 3 611 71 1 2.03 6.01 4.6 8.8  5.1    9.5   23.5   12.6  .01859 0 5 5 0―  .439.20  .4712.8088.38 7.0115.2724.31 51322 3.5411.4018.5410
20260329일10140011외351 1104 5혼전 4461맑음건조 3 8 6나노마신        GOLDENCEABOUNDIN 8031.00미거 5 0 0 9 1   43      41250혼3강환민씨유네트-1 511 91031 1 3 226  0푸르칸51258.078평입하36 35 353414.043.014.42156151851112314161018201424215050 0↗↗추14.036.739.113.7752236.340.5 88.6 89.1 30 25 2510   14.10   14.00 4  2  1VBDN54.85031814-2.4 6.8 4.4616114-2과중문제최적거리47기 011 4     2 3 6⑨1:28.64    1.413.840.414.6  1  1  .00 9 8  4 1.75210795741 5 610111 2 2.09 1.09 3.9 6.5  4.6   63.2   84.0   65.5  .02233-1 4 4-1▽ -.639.30  .6713.3388.45 3.37 7.9914.36 2 610 2.46 5.6212.1610
20260302월 9160010외333 7 84 6혼전 4451비  다습11 8 6나노마신        GOLDENCEABOUNDIN 8031.00미거 5 0 0 1 1   65      41250혼3강환민씨유네트-1 610 8 931 4 3 225  0해리카51157.066평입상77 87 871468.060.027.21444111851112314161818201726125050 0↗→입14.036.139.613.7811537.140.1102.9104.1 30 30 2515   13.80   13.00 4  8  3LBUP54.85031814-1.2 5.8 4.6585814 2부중효과보통주행67기 0 9 7   7 6 6 7⑧1:42.9코   2.414.139.614.0  4  5  .04 8 4 -2 2.67680617621 1 7 2 6211 2.01 3.04 2.1 4.4  4.9    4.4   10.1    6.0  .02726 0 7 7 0―  .939.60  .3328.37102.9 7.6816.6727.20 7182810.1418.0529.69 7
20260201일10140010외350 2 54 7혼전 4451맑음건조 2 8 6나노마신        GOLDENCEABOUNDIN 8031.00미거 5 0 0 1 1   43      41250혼3강환민씨유네트-1 7 9 7 931 3 2 224  0해리카50654.066평입보58 60 607046.056.028.41444111851112314161818201726123367 0↗→입14.036.639.213.7811936.838.4 85.7 87.0 26 32 2611   13.80   14.20 4 -8  0UH동55.05011814-1.2 5.8 4.6585814 0부중효과부중효과 5기 0 1 2     2 1 1①1:25.73    -.613.837.513.0 -5  4  .00 1 6  0  .0 23417 896 3 7 9 4110 6.05 1.07 2.3 5.0 11.2   70.7  140.2  260.9  .02769 1 6 5 1―  .838.90  .3011.1588.45 8.4117.5828.43 31121 9.6515.0824.39 8
20260104일10140011외312 5 64 8 1강 1151맑음다습12 8 6나노마신        GOLDENCEABOUNDIN 8031.00미거 5 0 0 1 1   6417:55 41250혼3강환민씨유네트-1 8 8 6 831 2 2 223  0해리카50254.066평입상78 72 726876.059.032.51444111851112314161818201726123367 0↗→입14.036.639.113.6772436.839.6 87.5 88.8 28 33 2811   13.60   13.60 3  3 -2LH동55.05011814-1.6 5.8 4.2666614 0편성만만부중효과48기 0 9 5     5 5 4③1:27.55     .813.839.514.2 -3 -8  .00 3 6 -1 1.14438574958 4 4 5 52 9 1.04 8.02     3.7  1.2    3.7    4.4   15.5  .03067 1 6 6 1―  .939.30  .2513.0588.38 9.7520.9132.48 7182811.3524.2637.99 5
20251213토10140011외334 2 84 9혼전 4451비  불량20 8 6나노마신        GOLDENCEABOUNDIN 8031.00미거 4 0 0 2 1   57      41250혼3강환민씨유네트-1 9 7 5 731 1 2 222  0해리카51055.566평입상36 48 484015.042.019.21444111851112314161818201726123367 0↗→입14.036.639.113.6762236.339.8 85.8 88.0 29 24 2412   13.60   14.60 5  4  2NNDN55.05011814-1.6 5.6 4.0646414-2부중효과최적거리98기 2 6 6     5 4 5⑤1:25.82     .613.638.713.6 -2  4  .00 5 7 -2 1.71712653762 4 4 7 92 8 1.10 4.08     3.8  2.0   46.9   78.2  462.0  .02742 0 3 3 0― -.439.10  .5912.3088.38 4.7110.1919.21 1 4 8 3.70 8.8915.4610
20251109일 8160010외352 3 5410 3강 3351맑음건조 3 8 6나노마신        GOLDENCEABOUNDIN 8031.00미거 4 0 0 2 1  136      41250혼3강환민씨유네트-110 6 4 831 1 2 221  0푸르칸50654.078평자보26 40 401421.045.016.32156151851112314161018201424213367 0↗↗추14.136.239.413.6731935.940.8102.0103.2 38 19 19 6   13.80   13.90 5 -8  0HH동55.05011814-2.0 4.8 2.8737314 0숨은복병부중효과68트 0 2 1   1 2 2 2⑦1:42.0코    .913.640.614.6 -2 -4  .00 7 9  3 1.16016807251 6 3 9 91 1 4.05 7.08 3.1 4.1  8.9   32.4   86.2   39.8  .01936 0 5 7 0― -.239.40  .6427.56102.8 3.30 8.8616.26 1 3 6 2.61 7.0412.59 9
20251003금101600 9외352 310411혼전 4451흐림다습11 8 6나노마신        GOLDENCEABOUNDIN 8031.00미거 4 0 0 1 2  233      41250혼3강환민씨유네트-111 5 3 731 1 2 220  0해리카51054.071우자하44 53 531417.034.013.81557 61450 62314161818201726123367 0→↗입14.136.339.413.5692236.340.5101.6104.1 40 20 20 7   14.40   13.3015  9  1LNUP55.05011814-1.6 4.8 3.2727214 2부중효과보통주행40기 010 6   6 6 5 5⑥1:41.6½   1.613.839.913.9  0 10  .00 6 6  2 1.68138747532 5 6 4102 7 2.03 3.05 3.1 6.2  3.8    6.2    9.5    7.0  .02720 0 4 5 0―-1.139.40  .6428.40102.9 3.12 7.5913.82 1 4 8 7.6912.7921.98 7
20250615일10140011외353 210412혼전 4451맑음건조 3 8 6나노마신        GOLDENCEABOUNDIN 8031.00미거 4 0 0 2 3  53617:30 41250혼3강환민씨유네트-112 4 2 631 3 2 219  0마이아50053.092우자상54 77 777862.062.028.73448331554 02314203018203532 83367 0→→선14.136.839.013.5623038.338.5 88.3 89.4 40 20 20 7   14.00   14.30 6 -8 -1UHDN55.05011814-1.4 5.0 3.6707014-2부중효과부중효과60기 1 1 9    101010⑩1:28.3¾   1.414.437.913.3  6  1  .0910 4  3 1.76194195838 5 2 5 70 4 1.0811.10     8.0  2.8   31.7   39.3  105.4  .04089 1 7 8 1▲  .939.20  .2713.5788.45 9.4919.1628.68102235 9.0917.4225.87 7
20250504일 7160010외342 4 9413혼전 4451맑음다습14 8 6나노마신        GOLDENCEABOUNDIN 8031.00미거 4 0 0 1 4  66115:15 41250혼3강환민씨유네트-113 3 1 631 2 2 118  0마이아49954.092평자상83 84 841475.064.053.23350322056122314203018203532 83367 0→→선14.036.339.413.4642435.340.8101.0103.2 36 21 14 7   14.00   12.80 4 -1 -3LH동55.05011814 -.4 4.4 4.0676714 0교체성공부중효과 1기 0 9 7   7 3 3 1②1:41.0½    .014.040.214.3  1 -7  .00 2 1 -5  .162 3795480 3 5 1 22 3 5.01 1.09     6.4 12.7   29.6   71.7   33.7  .03073 1 8 8 1▲ 1.039.40 -.2927.53102.921.7338.8953.1733536520.0037.0450.00 2
20250405토 8160010외450 410414 1강 1151비  포화17 8 6나노마신        GOLDENCEABOUNDIN 8031.00미거 4 0 0 1 4  75418:55 33000혼4강환민씨유네트-114 216 531 1 1 117  0마이아50657.092평자보46 47 471456.066.047.73350322056122314203018203532 85050 0→→선14.036.439.413.5612236.637.8 99.6101.0 31 15 15 0   13.70   14.00 4  1  0VLUP54.04991814  .6 4.2 4.8585814 2일반주행보통주행 1기 010 5   5 5 2 2①1:39.6목   -.114.037.512.8 -5  4  .00 1 6  0  .0 35910 790 2 3 5 32 2 6.0410.02     7.5  7.1   28.8   62.2   34.812.02974 2 7 8 2▲ 1.239.40 -.2125.18102.918.3733.8347.71183753 7.3819.6430.56 5
20250308토 7140011외432 2 3415혼전 4451맑음다습11 8 6나노마신        GOLDENCEABOUNDIN 8031.00미거 4 0 0 2 5  83916:05 33000혼4강환민씨유네트-115 115 531 2 1 116  0해리카50257.071평선상69 74 745861.052.024.21450 81845 82314161818201726125050 0↘↗입14.036.939.013.3613036.440.2 87.0 88.9 33 17  8 0   13.80   14.20 4  7  4LBDN54.04991814 1.6 4.0 5.6464614-2부중효과부중편성 1기 1 9 6     4 3 3④1:27.01½   .813.739.414.0 -2  3  .00 4 6  1 1.94511755355 6 3 3 72 6 1.02 1.05     3.1  2.3    3.1    5.3    4.4  .02729-1 6 5-1▽  .139.00  .3412.9988.52 6.1615.4424.19 51221 9.7826.8031.49 2
20260815토 8160010외2 2 2  5 0혼전 4451           8 7블루넬로        GIFT BOXPRINCESS        미수 4 0 0   1    018:55 495002등박윤규최병욱   3 016 3 217 2 2 317  0서승운   53.084우자보50 73 731466.057.034.42538171546 81733 0 017 9283016402040↗↘선14.236.338.913.66952                   57 57 1436   13.50   13.00 5  6 -1NH동53.15381818  .8 3.0 3.8767614 0마방기습마방기습 1   0 7                            13.5    13.0        .0                       5 1 3 4  2                                            12.73166 2 7 7 2―  .638.90  .39     102.612.0723.9134.3710223511.7023.9234.58 3
20260711토10160010외253 6105 1혼전 4451맑음다습14 8 7블루넬로        GIFT BOXPRINCESS        미수 4 0 0 2 1   71      495002등박윤규최병욱   3 115 2 117 1 2 316  0서승운54153.584우입보86 94 941480.064.042.02538171546 81733 0 017 9283016252550↗↘선14.336.438.913.6605236.039.5100.0102.2 54 54 1538   14.20   13.20 4 -3  2UNDN53.05371818 1.4 2.8 4.2737314-2편성만만마방기습66관 0 1 1   1 1 1 3③1:40.0½    .013.538.613.0 -1  2  .00 3 4  0  .12625463186 4 2 3 31 1 2.01 5.09 3.4 7.9  4.9    9.4   19.5   21.510.54090 3 8 9 3▲ 1.238.90  .1626.91102.617.5130.4941.9612264115.1331.4443.84 2
20260614일 9180011외241 5 95 2 1강 1151흐림건조 3 8 7블루넬로        GIFT BOXPRINCESS        미수 4 0 0 2 1   62      495002등박윤규최병욱   3 214 11217 1 2 315  0루이스53952.068우입하55 67 676449.042.020.32042111546 81733 0 017 9192517 03367↗↘입14.440.240.113.6564439.340.0117.6118.3 50 50 1742   14.00   14.10 4 -4 -6HH동53.35361818 1.6 2.2 3.8757514 0연대우수조교부실36관 0 4 2 2 2 2 2 5④1:57.61     .214.239.413.2  0 -4  .00 4 4  2  .62116361178 5 4 4 61 1 2.01 2.10 3.0 6.5  4.1    6.5   12.9    7.5  .03367 0 5 5 0― -.340.70  .1738.04118.7 5.0011.9020.29 31222 5.7614.7927.35 5
20260516토 71800 9외350 7105 3혼전 4451맑음건조 3 8 7블루넬로        GIFT BOXPRINCESS        미수 4 0 0 2 1   74      41250혼3박윤규최병욱   3 313111117 3 2 314  0해리카54358.066우입보89 92 927379.061.053.31444111546 81733184217 9172612 03367↗→입14.440.439.813.5446538.541.3118.6119.1 55 55  055   14.60   13.20 6  4  1NB동53.35361818 1.6 2.0 3.6808014 0마방기습연대우수49기 0 8 1 2 2 2 2 1④1:58.61½   .714.040.814.1  2  8  .00 4 2  1  .849 4702463 7 1 1 2112 6.07 3.07 3.3 7.3 10.3   45.8  103.0   85.310.53767 2 8 7 2▲  .840.60 -.5538.94118.619.8237.4853.3018375325.7144.8757.83 1
20260405일 91800 9외332 7 85 4 1강 1131맑음양호 6 8 7블루넬로        GIFT BOXPRINCESS        미수 4 0 0 1 1  105      41250혼3박윤규최병욱   3 412101017 2 2 213  0해리카53557.066강입보83 82 827988.060.050.91444111546 81733184217 9172612 03367↗→입14.540.339.713.5466939.739.0117.1116.6 50 70 1050   14.50   13.30 4  0  1HB동53.35361818 1.0 2.4 3.4828214 0연대우수마방기습67기 0 4 4 4 4 4 3 3②1:57.1목    .014.639.513.2  1 -6  .00 2 1 -3  .0 23512 591 6 1 2 3211 3.01 5.04 3.0 4.2  4.5    6.5   14.0   24.712.03383 2 8 8 2▲ 1.140.40 -.4436.57118.518.4135.3950.9012253829.4755.2573.28 1
20260308일 9180011외353 4105 5혼전 4451맑음다습12 8 7블루넬로        GIFT BOXPRINCESS        미수 4 0 0 2 1   65      41250혼3박윤규최병욱   3 511 9 917 1 2 212  0해리카54156.066우입보55 72 725444.047.017.71444111546 81733184217 9172612 03367↗→입14.540.340.013.6465240.939.3117.0118.4 56 44  044   15.00   14.00 4 -4 -1HN동53.35361818 1.0 2.2 3.2787814 0일반주행연대우수92기 3 4 6 6 7 8 8 7⑥1:57.0¾    .314.539.613.3  2-13  .00 6 4  1  .63076173372 9 3 5 7010 5.06 7.02 4.410.6  7.9   30.9   63.7  207.1  .03766 0 5 4 0― -.340.60  .2238.11118.7 3.87 9.7917.72 4111810.3416.9525.91 5
20260208일 9180011외341 8 45 6 1강 1151맑음건조 2 8 7블루넬로        GIFT BOXPRINCESS        미수 4 0 0 2 1   54      41250혼3박윤규최병욱   3 610 8 817 1 2 211  0푸르칸55456.579강입적75 75 758472.058.036.12156151546 8173315 017 9142421 03367↗↗추14.540.239.613.5497640.540.7118.9118.7 63 63  063   14.70   13.80 4 -2  0NL동53.35361818 1.0 1.8 2.8797914 0승부최상작전마주48기 0 8 7 7 7 7 6 4⑤1:58.91¼   .415.041.014.0  2 10  .00 5 3  2 2.74062586371 7 1 4 30 1 4.01 3.01 2.6 3.3  8.2    7.2   15.9   31.912.03484 2 7 7 2△  .840.70 -.0438.89118.511.1923.2836.1015324612.0723.1138.74 3
20260110토10180010외341 5 95 7혼전 4461눈  양호 8 8 7블루넬로        GIFT BOXPRINCESS        미수 4 0 0 2 1   75      41250혼3박윤규최병욱   3 7 9 7 717 1 2 210  0장추열54456.593강입보73 84 848879.066.051.22950121546 81733 0 017 9202722 03367↘↗입14.440.039.913.6655740.439.8118.9118.8 63 50  038   14.60   13.20 4  6  1VL동53.35361818  .0 2.6 2.6818114 0연대우수승부최상65기 210 4 4 4 5 5 5⑥1:58.9½    .614.739.913.8  5 -6  .09 6 1  0  .94057323563 3 1 2 22 1 2.03 1.08 2.5 5.3  3.5    8.1   19.2   14.9  .04594 3 8 8 3▲ 1.340.90 -.4138.86118.518.7735.8951.2118375320.6937.4350.00 3
20251214일10180011외321 5 75 8혼전 4451맑음포화18 8 7블루넬로        GIFT BOXPRINCESS        미수 3 0 0 2 1   67      41250혼3박윤규최병욱   3 8 8 6 617 5 2 1 9  0해리카55055.566우추보58 77 778377.062.038.71444111546 81733184217 9172612 03367↗→입14.340.139.813.6606539.640.0115.8118.3 57 43  043   14.50   13.10 4  3 -1HN동53.35361818  .0 2.6 2.6818114 0연대우수연대우수98기 2 4 4 4 5 4 3 2②1:55.81¼   .014.639.113.2  1 -2  .00 2 1  0  .22628382082 8 1 3 32 9 3.01 1.04     5.5  8.6    8.1   26.3  181.7  .04081 3 8 7 3▲ 1.040.80 -.1438.40118.514.7327.9238.7412264119.4432.7342.86 1
20251115토 41800 8외321 3 75 9 2강 2256맑음건조 3 8 7블루넬로        GIFT BOXPRINCESS        미수 3 0 0 2 1  129      41250혼3박윤규최병욱   3 9 7 5 517 4 2 1 8  0해리카55256.066우추보54 71 719079.058.063.81444111546 81733184217 9172612 03367↗→입14.440.239.913.6526139.640.1118.0119.2 50 50  050   14.50   13.90 3  0  0UL동53.35361818-1.6 4.0 2.4818114 0연대우수연대우수50기 0 1 3 4 4 5 5 4③1:58.0목    .014.538.913.1  2 -1  .00 3 1  0 1.15027412280 5 1 2 22 8 2.05 5.03 2.1 3.3  3.0   16.6   28.8    8.9  .03769 1 7 5 1―  .640.80 -.7639.08118.623.9545.4163.8018375321.9543.2161.80 2
20251025토10180011외352 6 5510혼전 4451맑음건조 5 8 7블루넬로        GIFT BOXPRINCESS        미수 3 0 0 9 1  189      41250혼3박윤규최병욱   310 6 4 417 3 2 1 7  0해리카55356.066우추하81 83 836568.061.038.61444111546 81733184217 9172612 03367↗→입14.440.340.113.6434839.641.5118.1119.8 50 50  050   14.50   12.40 5-10  4UL동53.35361818-2.2 5.6 3.4717114 0최근최상연대우수81기 2 1 6 7 7 8 8 6④1:58.11¼   .314.540.413.9  3 13  .09 4 1 -2 1.06627766173 9 1 3 43 7 3.05 3.11 2.2 4.8  4.6   19.7   36.1   23.112.73776 2 8 7 2▲  .940.80 -.2839.40118.712.7725.8438.5510223514.4324.8737.87 3
20250920토 8180011외310 1 6511혼전 4451맑음포화16 8 7블루넬로        GIFT BOXPRINCESS        미수 3 0 0 2 2  27719:10 41250혼3박윤규최병욱   311 5 3 317 2 1 1 6  0해리카54052.071우추하54 58 582715.035.010.71557 61043 31733184217 9172612 05050→↗입14.440.440.613.8394139.538.6113.3115.8 40 40  040   14.40   14.10 4  5  1VN동54.05351812-3.3 6.3 3.0757514 0연대우수거리속성 5기 111 8 8 8 7 7 2①1:53.31½  -.314.537.412.4 -2  1  .00 1 3  2  .0 122 6 191 7 7 6113 6 3.0111.03     4.2  9.8    5.6   23.6   71.7  .03336-1 4 4-1▽-1.140.20  .1734.80118.9 2.16 5.5410.72 1 2 5 3.03 7.3713.4311
20250823토 8180010외353 210512 1강 1154맑음건조 4 8 7블루넬로        GIFT BOXPRINCESS        미수 3 0 0 2 2  36117:00 41250혼3박윤규최병욱   312 4 2 217 1 1 1 5  0해리카53951.071우추하41 55 555940.050.032.51557 61043 31733184217 9172612 05050→↗입14.440.440.813.8373338.842.0116.9119.1 40 40  040   14.80   13.20 5  3  0NU동54.05351812-5.0 8.0 3.0767614 0주행고전연대우수55기 1 6 7 6 6 7 6 7⑥1:56.93     .814.440.814.1  5 -2  .09 6 1 -2 3.149 6835254 8 8 3 60 5 2.0910.03     6.4  4.3   77.1  121.8  124.4  .03771 0 6 5 0―  .040.60 -.3837.94119.0 8.5521.2832.54 81729 6.7414.2925.71 5
20250719토 7180010외352 310513혼전 4451흐림포화17 8 7블루넬로        GIFT BOXPRINCESS        미수 3 0 1 2 3  44816:30 41250혼3박윤규최병욱   313 3 1 117 1 1 1 4  1김용근54151.087우추적54 58 584051.055.028.71727111625 6173333 017 9312614 05050↘↗선13.940.441.013.9363340.240.5116.5119.0 50 50  050   13.90   13.50 4 -7 -7UUUP54.05351812-5.5 9.5 4.0666614 4연대우수거리속성83기 2 3 8 8 8 5 6 6⑤1:56.54     .814.839.313.2  2  0  .00 5 3  2 1.24451525056 710 3 52 1 1.06 6.09     8.6  4.1   16.7   24.7   14.612.73388 2 8 8 2▲  .540.60 -.3537.60119.1 8.2118.7428.66 81729 8.6219.3029.65 6
20250622일10140011외451 710514혼전 4451맑음다습12 8 7블루넬로        GIFT BOXPRINCESS        미수 3 0 1 2 3  51617:30 33000혼4박윤규최병욱   314 2 4 217 4 1 1 3  1해리카54158.074기추적76 78 784555.062.032.21840 91625 61733184217 9172612 05050→→입13.937.439.814.0274137.238.1 87.9 87.7 67 33  033   14.10   13.50 4  7  4LB동54.05351412-5.011.0 6.0464614 0뒷심문제연대우수58기 110 5     5 6 2③1:27.91¾   .313.938.213.5  2  3  .00 3 1 -4  .3 85210 872 6 7 3 63 4 5.02 8.04     7.0  8.3   14.6   36.8   14.1  .03762 1 7 5 1―  .838.20 -.6810.5089.41 8.7419.3232.22 31222 7.6119.7025.46 7
20250524토 71400 9외450 8 5515혼전 4451맑음다습12 8 7블루넬로        GIFT BOXPRINCESS        미수 3 0 1 2 4  60816:05 33000혼4박윤규최병욱   315 1 3 117 3 0 1 2  1해리카53854.074우추상58 35 3554  .064.044.61725 72671181733184217 9172612 0 099↗→입14.437.340.814.2371537.337.9 88.0 87.4 50  0  0 0   14.40   14.50 5 -7  0UUUP54.05311412         2.0    12 2부중유리보통주행62기 1 3 3     3 3 1①1:28.04    -.614.137.813.5 -4  7  .00 1 5 -3  .0 459 6 696 4 9 9 32 3 5.08 3.06     4.0 13.4   99.7  213.6  154.412.73177 2 7 8 2▲ 1.338.30-1.58 9.2990.0313.7529.0544.5912253817.3930.3495.27 3
20260815토 8160010국2 2 2  2 0혼전 4451           8 8쏘아라스타      투아너앤블루엠파 5932.00한수 4 0 1   1    018:55 495002등이관호현태봉   1 016 7 117 2 6 317  1임다빈   57.077강자하50 71 711452.053.023.91527 8214011202714442222142424294329→↗추13.936.239.213.47173                   85 69 4638   14.30   14.60 6  4  1NBUP54.95161612-1.6 3.6 2.0808012 2탐색주행연대우수 1   0 8                            14.3    14.6        .0                       4 3 4 7 14                                              .03750 0 6 8 0―  .239.20  .54     102.7 7.3416.0023.91 81729 6.3816.2728.04 6
20260704토10140010국250 3102 1혼전 4451흐림건조 4 8 8쏘아라스타      투아너앤블루엠파 5932.00한수 4 0 1 1 1   91      495002등이관호현태봉   1 115 6 717 1 6 316  1임다빈51056.077강자하51 48 488361.057.027.21527 8214011202714442222142424294329→↗추13.936.638.813.4778237.839.6 88.0 89.7 85 69 4638   14.40   14.70 6  3  0HN동54.95161412 -.4 2.4 2.0818112 0전개최상작전마주79기 1 410    10 8 8⑨1:28.01    1.714.339.214.6  4 -2  .09 9 5  0 1.86983557432 3 2 8 6013 4.02 9.08 2.8 5.2  7.5   14.1   35.3   34.7  .03787 3 8 8 3▲ 1.039.50  .5714.2988.18 7.2916.7827.22 31121 7.6321.3131.84 5
20260524일10140011국252 3102 2혼전 4451맑음다습10 8 8쏘아라스타      투아너앤블루엠파 5932.00한수 4 0 1 2 1  101      495002등이관호현태봉   1 214 5 617 1 6 315  1유승완51256.070강자하94 99 999186.065.041.01962 8214011202722 02222152722294329→↘입13.936.638.813.4788537.740.7 88.5 90.7 85 85 3854   13.80   13.3012 -4  4UN동54.95161412 -.4 2.4 2.0818112 0뒷심문제전개최상40기 0 1 9     6 6 7⑩1:28.52½  3.114.439.614.7  5  0  .0310 5 -2 3.28577818912 2 2 1 30 1 3.02 9.04 3.9 7.1  5.3    7.1   17.4    7.810.54993 4 9 8 4▲ 1.339.70  .2015.2788.1815.0328.8640.9910223517.3932.3745.98 1
20260302월10140011국243 6 92 3혼전 4451비  다습11 8 8쏘아라스타      투아너앤블루엠파 5932.00한수 4 0 1 1 2  229      495002등이관호현태봉   1 313 4 51712 5 314  1임다빈51252.576강자하67 64 647862.056.027.12050 8205014202714442222142424333333→→추13.836.538.913.4807637.038.6 86.8 88.1 83 75 5033   14.00   14.20 4 -4  0NU동55.35171412 -.4 2.4 2.0818112 0연대우수작전마주62기 0 5 4     5 4 1①1:26.81¾  -.313.838.113.3 -6 -9  .00 1 7  4  .02046211795 4 2 6 6212 7.04 5.10 3.2 7.0 12.8   26.3   49.1  177.8  .03380 1 7 8 1△  .539.20  .5712.7088.18 8.0417.7727.08 5132211.4020.4129.52 5
20260131토11140011국214 4 62 4혼전 4451맑음건조 2 8 8쏘아라스타      투아너앤블루엠파 5932.00한수 4 0 1 9 1   53      495002등이관호현태봉   1 412 3 41711 5 313  1임다빈52152.577강자보88 87 878365.056.024.41527 8214011202714442222142424333333→↗추13.836.538.913.4807937.140.0 87.9 89.3 83 75 4233   14.10   13.80 4 -1 -2NU동55.35171412 -.8 2.4 1.6909012 0연대우수연대우수 5기 0 9 8     8 7 9⑧1:27.93    1.714.038.914.2  5  6  .05 8 3  1 2.76254676932 3 5 5 7011 1.02 5.04 2.1 6.1  2.1    6.1   10.4   15.3  .03770 0 7 7 0―  .439.50  .6513.9288.18 7.0515.1124.41 81729 9.4219.3529.85 6
20260103토11140011국254 6102 5혼전 4451흐림다습13 8 8쏘아라스타      투아너앤블루엠파 5932.00한수 4 0 1 1 1   7417:55 495002등이관호현태봉   1 511 2 31710 5 312  1임다빈51554.077강자보97 99 998178.061.033.71527 8214011202714442222142424333333→↗추13.936.538.913.4827937.139.3 86.8 88.7 91 73 5536   13.60   13.10 5  4 -3BHUP55.35171412 -.8 2.4 1.6909014 2전개최상연대우수 5   010 8     7 4 3④1:26.81½  1.214.138.613.8  2 -3  .00 4 2 -3 1.64455474948 4 3 2 4010 1.03 6.09     5.6  3.2    7.9   15.2  169.010.55079 2 8 8 2▲  .839.40  .3913.3488.1811.3322.4433.6710223513.2526.3036.43 4
20251130일 7120013국254 1 52 6혼전 4451흐림다습10 8 8쏘아라스타      투아너앤블루엠파 5525.00한수 3 0 1 9 1   9315:151100002등이관호현태봉   1 610 1 817 9 5 311  1임다빈51857.076강자보97 99 999174.055.020.31527 8214011202714442222142424333333→↗추13.936.838.013.3759636.637.6 72.7 74.9 90 70 5050   13.40   13.60 6  0  0NLDN55.35171412 -.4 1.6 1.2919114-2연대우수전개최상 5   0 6 7     9 6 5③1:12.7머리  .013.637.113.1 -2 -2  .00 3 5  3 1.0121712 385 8 2 2 73 9 6.02 8.05     5.0 16.9   27.9   69.6  102.210.54173 0 8 7 0―  .338.40  .93  .1075.39 5.4812.7720.33 41118 8.7219.0827.27 7
20251018토 9140011국353 4102 7혼전 4451흐림포화19 8 8쏘아라스타      투아너앤블루엠파 5932.00한수 3 0 1 2 2  212      41250국3이관호현태봉   1 7 9 1 217 8 4 310  1임다빈52057.076강자상98 98 988582.064.033.12050 8205014202714442222142424204040→→추13.936.738.813.3708736.239.3 85.6 87.8 89 78 4467   13.70   13.50 5  0  5NB동54.95161412  .2 1.4 1.6909014 0전개최상연대우수50기 1 6 2     2 2 1①1:25.6¾   -.113.438.213.6 -1 -4  .00 1 2  0  .010 8481491 5 2 1 41 8 2.08 6.07 3.1 7.0  3.8   52.4   74.1  164.810.53782 2 9 9 2▲ 1.139.00  .3512.3088.2510.8521.8733.1312264116.2229.7141.90 1
20250913토101400 8국441 3 42 8 2강 2251맑음포화17 8 8쏘아라스타      투아너앤블루엠파 5932.00한수 3 0 1 2 2  296      41250혼3이관호현태봉   1 8 8 4 117 7 3 3 9  1임다빈52452.576강자보97 99 999394.070.065.92050 8205014202714442222142424252550→→추13.936.738.913.2717936.838.4 85.0 87.2 88 75 5063   13.80   13.40 4 -4 -4NUUP55.55141412  .0 1.6 1.6909012 2연대우수전개최상70기 1 6 3     3 3 2①1:25.0½    .013.737.413.5 -1  9  .00 1 2  1  .0 33218 886 2 3 1 12 7 2.04 6.07 1.8 3.4  4.1   15.9   25.9    5.9  .06095 4 9 9 4☆ 1.838.80 -.5811.6088.3230.2250.5865.9037566930.1653.1171.56 1
20250817일 7120011국452 4102 9 1강 1151맑음양호 7 8 8쏘아라스타      투아너앤블루엠파 5525.00한수 3 0 1 2 2  37315:15 33000국4이관호현태봉   1 9 7 3 717 6 2 3 8  1임다빈51556.077우자하84 82 828388.063.039.82050 820501420271444222214242433 067→→추13.936.938.213.2708936.737.2 73.7 74.0 86 71 4357   14.10   12.50 3  4  2BN동55.35141312 1.4 1.6 3.0727212 0연대우수연대우수42기 010 5     5 3 1①1:13.77   -1.213.837.613.4  0  4  .00 1 1  0  .0 119 4 196 5 2 2 32 6 1.0210.07     5.1  2.1    5.1    7.9   23.4  .03778 1 9 9 1▲ 1.238.00  .19-1.1475.5614.1327.3739.7812253823.3343.4850.13 2
20250726토 5120011국413 2 6210혼전 4451맑음건조 4 8 8쏘아라스타      투아너앤블루엠파 5525.00한수 3 0 1 9 3  43014:30 33000국4이관호현태봉   110 6 2 617 5 2 3 7  1임다빈51154.078우자보78 90 908178.062.033.21846 516301220271444222214242433 067↗→추13.936.838.213.2778738.036.6 74.0 75.3 86 71 4357   13.90   13.20 6  1  1NN동55.35141312 1.6 1.4 3.0727212 0전개최상연대우수49기 1 6 7     7 5 6④1:14.0½    .614.136.712.5  3  3  .09 4 1 -1  .72082 1 763 4 3 2 50 5 4.0311.08     7.0  7.5   19.7   41.3   33.310.53774 0 8 8 0▲  .838.50  .44  .2875.5010.3921.5033.22 8172918.0231.8041.80 2
20250614토 6120011국414 1 6211혼전 4451맑음건조 3 8 8쏘아라스타      투아너앤블루엠파 5525.00한수 3 0 1 2 3  54915:35 33000국4이관호현태봉   111 5 1 517 4 2 2 6  1임다빈50853.578우자보84 90 909284.061.028.81846 516301220271444222214242433 067↗→추13.936.738.213.2858537.237.8 73.8 75.7 83 83 5050   14.10   12.80 6  3 -4NU동55.35141312 1.2 2.0 3.2707012 0전개최상전개최상69기 3 5 8     5 5 3②1:13.87     .013.937.613.2  0 -9  .00 2 2  1 1.23447151486 2 2 2 63 4 7.02 9.05     5.4 23.2   59.7  175.0  139.110.54191 2 8 7 2▲  .938.80  .61  .8075.45 8.1818.4528.78 8172918.0532.4742.86 2
20250504일 3120011국513 4 1212 1강 1151맑음포화15 8 8쏘아라스타      투아너앤블루엠파 5525.00한수 3 0 1 1 4  66511:25 24750국5이관호현태봉   112 4 4 417 3 1 2 5  1임다빈51757.082우선적76 81 819996.068.068.12046 42150 720271444222214242450 050↘↗추13.936.838.513.4828237.537.5 74.4 75.1 80 80 6040   13.80   13.40 4 -8  0UL동54.55121312 1.0 2.3 3.3666612 0전개최상전개최상 1기 1 2 7     5 5 5①1:14.41¼  -.214.137.412.8  0  3  .00 1 1  0  .01564 81490 1 4 3 13 3 1.10 2.04     2.7  1.5  146.3  177.5  294.2  .04194 3 9 9 3★ 1.638.50 -.73 -.2075.6734.8457.5568.1337566942.2466.9880.84 1
20250406일 5120010국523 2 7213 1강 1151맑음포화18 8 8쏘아라스타      투아너앤블루엠파 5525.00한수 3 0 1 1 4  74713:35 24750국5이관호현태봉   113 3 3 317 2 1 2 4  1임다빈51457.082기도적81 82 829896.071.084.22046 42150 720271444222214242450 050↘↗추13.836.738.513.2898936.438.7 73.9 75.5 75 75 5050   14.00   13.30 5  4  3VB동54.55121312 2.0 2.0 4.0606012 0전개최상전개최상 1기 110 6     5 1 1③1:13.9코    .013.838.513.4  2  4  .00 3 1 -2  .428 9481879 1 4 1 12 2 4.03 5.03     3.2 10.3   29.5   66.3   14.1  .04693 3 9 9 3★ 1.738.70-1.13  .3275.6143.8670.7084.2133536544.9573.4788.30 1
20250301토 5120011국553 210214 3강 3353흐림건조 3 8 8쏘아라스타      투아너앤블루엠파 5525.00한수 3 0 1 1 5  86214:25 24750국5이관호현태봉   114 2 2 217 1 0 2 3  1임다빈51054.074강도적54 51 519561.062.041.524421926601320271444222214242499 0 0↗↘추13.836.738.113.3919137.337.6 75.0 75.3 67 67 6733   14.10   15.20 5 -2  1NNDN55.05141313 -.5 2.5 2.0858512-1전개최상전개최상 1기 2 6 5     5 5 3①1:15.0코    .014.038.013.3 -2 -1  .00 1 3  2  .02054121378 4 2 6 33 1 3.01 6.05     5.1  6.2    5.1   12.7   10.012.24191 3 8 9 3▲ 1.138.60  .30  .4775.3916.6629.9341.5313294610.5927.5132.20 3
20250125토 6130011국522 2 7215 3강 3351맑음건조 3 8 8쏘아라스타      투아너앤블루엠파 5932.00한수 3 0 1 9 5  94914:25 24750국5이관호현태봉   115 1 1 217 3 0 2 2  1정우주51153.564강도보89 99 999885.066.058.2164413266013202717 0222216301399 0 0→→입13.836.738.913.3969537.140.6 84.9 84.710010010050   13.80   14.00 4 -3 -2NU동55.05141312-2.0 4.0 2.0858512 0승부조율전개최상 1기 4 8 7     3 4 6⑧1:24.91½  2.914.141.315.2  7 -2  .00 8 1  0 3.286278473 9 2 4 1 20 3 6.05 9.02     6.1 16.0   52.9  136.3  916.3  .06095 4 9 9 4☆ 1.740.80 -.04 9.0982.3926.4745.0458.2019405624.4944.4457.34 2
20260815토 8160010국2 2 2  4 0혼전 4451           8 9그레이트스톰    오버애널에이원   2641.00한거 5 0 0   1    018:55 495002등이강서우순근  99 016 8 320 1 5 420  0최범현   55.593평자상50 50 501429.049.025.3346214759950 0 0 0 060  193117185518↗→입14.036.939.613.43357                   50 61 2222   13.70   13.30 5  2  2LNUP54.54741812-2.0 7.8 5.8494917 2교체성공보통주행 1   0 9                            13.7    13.3        .0                       9 8 9 6  1                                              .03058 0 5 5 0―  .039.60  .02     103.3 6.4316.1925.29 2 714 6.3812.4419.6310
20260712일101400 8국451 7 54 1 2강 2251맑음다습10 8 9그레이트스톰    오버애널에이원   2641.00한거 5 0 0 2 1   61      41250혼3이강서우순근  99 115 7 520 1 4 419  0조성환48554.053평입상17 15 1520 6.037.015.7 718 6759950 0 0 0 060  101519206010↘→추14.037.239.313.4345737.038.8 86.3 87.7 47 59 2424   14.00   13.5010  4  0NHUP54.64731812 -.8 7.6 6.8424217 2발길대로보통주행37기 0 7 6     6 5 4①1:26.31¼  -.213.738.213.3 -6 10  .00 1 7 -2  .0 841271994 5 5 8 83 1 7.02 7.01 2.8 4.3 18.6   30.0   80.2   47.3  .01421 0 2 4 0― -.938.40  .1811.1888.93 3.18 8.8615.67 2 714  .88 4.9311.74 8
20260503일101200 9국212 2 64 2 1강 1151흐림다습11 8 9그레이트스톰    오버애널에이원   5829.00한거 5 0 0 1 1  181      495002등우창구우순근  99 214 6 520 1 4 418  0조상범47554.058평입보29 42 423711.035.012.0 926 62053 9203412 02110132217206010↗→입14.037.338.513.4487337.938.7 74.9 77.1 50 63 1925   13.70   14.80 2 -8  1HNDN54.64731812-1.0 6.6 5.6565617-2일반주행단기승부76기 1 3 6     6 9 9⑦1:14.9½   1.914.037.613.5 -2 -8  .00 7 9  0 2.27681456628 8 8 6 80 1 5.01 4.08 1.5 4.2 14.1    5.8   20.6   52.8  .01523-1 2 3-1▽-1.238.60  .60 1.3075.95 1.97 5.7712.03 2 714 1.54 5.6912.35 9
20260419일10140011국251 8104 3혼전 4459맑음건조 3 8 9그레이트스톰    오버애널에이원   2641.00한거 5 0 0 2 1   22      495002등우창구우순근  99 313 5 420 1 4 417  0정우주48353.559평입하24 27 272410.033.010.31255 72053 9203417 02110163013206010↗→입14.037.139.313.4455736.640.9 89.9 89.9 53 67 2720   14.30   13.60 2  3  1VNUP54.64731812 -.6 5.2 4.6626213 2마방연대조교부실36관 011 5     4 4 5⑧1:29.9¾   1.313.741.114.8 -1 -2  .00 8 9  2 1.97520857444 710 4110 3 2.07 9.06 2.9 6.6  4.8   19.4   41.4   18.1  .02918-2 2 3-2▽-1.339.00  .4013.5188.86 1.41 4.4410.29 1 2 5 3.61 8.3312.5010
20260405일10120011국252 2104 4혼전 4451맑음양호 6 8 9그레이트스톰    오버애널에이원   5829.00한거 5 0 1 1 1   22      495002등우창구우순근  99 412 4 420 1 4 416  1김태희48552.562우입상70 81 818541.048.023.61145 62053 9203414332110152416206010↘→입14.037.138.313.4587938.338.8 76.0 77.4 57 71 2129   14.10   13.1011  5  0NH동54.64731812-1.4 4.8 3.4757517 0마방연대마방연대59관 0 8 9     9 9 7⑧1:16.0½   2.214.338.213.6  1  0  .00 8 7  0 2.88392497721 610 5 70 7 1.05 3.01 2.6 5.1  2.6   12.9   20.3   31.1  .02973 1 5 6 1― -.138.90  .48 2.0175.72 6.1213.1223.61 41118 7.1415.3124.68 5
20260117토11120011국254 1104 5 1강 1151맑음건조 5 8 9그레이트스톰    오버애널에이원   5829.00한거 5 0 1 2 2  210      495002등우창구우순근  99 511 3 320 1 4 415  1루이스48552.563우입하58 66 668335.044.018.91299 72030 42034 0 021101925172267 0↘↗입14.037.038.413.4667637.737.9 73.9 76.0 62 77 2323   14.10   14.20 3 -1 -1HHDN54.84711813 -.8 3.6 2.8797917-6탐색주행마방연대 5관 0 310    101010⑤1:13.91¼   .514.137.113.1 -2  2  .00 5 7  3  .74473173067 9 8 8 83 1 1.03 6.05 4.6 9.1  4.6   12.3   23.8  263.8  .03075 0 5 3 0― -.338.50  .62  .5775.72 4.5310.9818.87 1 613 2.70 8.7715.20 8
20251227토11180011국212 2 64 6혼전 4451흐림다습14 8 9그레이트스톰    오버애널에이원   8241.00한거 4 0 1 9 1   5418:00 495002등우창구우순근  99 610 2 320 2 4 414  1김태희48353.560강입보73 75 756252.047.025.41145 62053 92034143321101524162267 0↘→입13.939.740.513.4734839.741.0117.7119.8 62 77 2323   14.40   13.50 5 -3  2HNUP54.84711813-1.0 2.8 1.8848417 4마주신뢰거리속성73기 0 4 6 6 6 4 4 8⑧1:57.71½  1.314.140.914.2  4 -8  .05 8 4 -2 1.86632665241 4 5 4 50 6 7.10 8.10     5.5 17.3  149.5  241.9  470.812.73366 2 6 5 2―  .041.30  .0939.59118.6 6.4415.6525.38 51221 6.0615.7428.01 5
20251122토11140011국241 1 94 7혼전 4451맑음건조 3 8 9그레이트스톰    오버애널에이원   2641.00한거 4 0 1 2 1  10018:00 495002등우창구우순근  99 7 9 1 320 1 4 413  1김태희49151.561강입상94 99 995871.050.022.41145 62053 92034143321101524162575 0↘→입14.036.739.313.4745737.439.2 86.7 88.9 67 83 1733   13.70   13.80 7  3 -6NUDN55.24691813-1.0 2.8 1.8848417-2승부최상마주신뢰57기 0 7 9     8 7 5⑥1:26.71     .714.438.213.5  0  5  .00 6 6  2  .94567455458 6 8 1 80 5 4.01 5.03     4.9  9.0    6.4   20.6    8.910.53664 0 7 8 0―  .039.20  .3312.9088.59 5.5614.0822.36 2 714 9.6321.9831.74 4
20251004토 9160010국350 2 54 8혼전 4451맑음다습10 8 9그레이트스톰    오버애널에이원   2641.00한거 4 0 1 1 2  223      41250국3우창구우순근  99 8 8 5 220 1 3 412  1장추열48657.093강입하86 90 901480.070.053.83351182030 4203426 021102027221486 0↗↘입14.036.339.813.4675235.539.5100.5101.8 64 82  936   13.60   13.8012 -6  0HLUP54.94661813-1.0 2.8 1.8848417 2마주신뢰승부최상62관 0 4 2   2 1 1 1①1:40.51½  -.313.739.513.8 -3 -3  .00 1 4  2  .016 7522192 5 6 3 31 2 4.01 4.01 2.8 4.7  7.4   11.7   28.0   27.510.54793 4 9 9 4☆ 1.639.80 -.4925.66103.121.4140.0653.8418375316.3633.0347.66 3
20250713일101400 9국342 4 94 9혼전 4451흐림양호 6 8 9그레이트스톰    오버애널에이원   2641.00한거 4 0 1 2 3  456      41250국3우창구우순근  99 9 7 4 220 2 3 411  1정우주48957.074강입상98 97 976874.062.038.2213312225018203417 021101630131486 0→↘입14.036.839.113.3696936.939.6 87.8 88.7 70 90 1040   13.70   13.30 6  9  4BB동54.94661813-2.0 3.4 1.4909017 0마주신뢰마주신뢰 5   010 4     4 4 3③1:27.82½   .413.639.413.8  1  7  .00 3 2 -3 2.13734584870 7 4 1 42 2 1.06 6.02 2.1 4.3  2.1   17.3   23.7   21.610.53660 2 8 8 2▲ 1.039.10 -.0312.7988.5212.8725.9238.1910223514.8528.9740.82 4
20250531토 9140011국334 3 8410혼전 4451맑음건조 4 8 9그레이트스톰    오버애널에이원   2641.00한거 4     9 3  58517:30 41250국3우창구우순근  9910 6 3 120 1 3 3 0  0정우주48253.574강입하93 94 946273.060.040.7213312225018203417 02110163013 099 0→↘입14.037.039.013.3587336.239.2 86.3 88.0 67 89  044   14.50   13.0050 -8  2UNDN55.24641813-1.2 2.6 1.4909017-4강단마필마주신뢰47관 1 1 1     1 1 2②1:26.3¾    .013.738.113.3 -3  7  .00 2 5  4  .114 7431085 7 5 3 41 1 2.05 4.01     4.4  3.0   15.7   24.2   14.510.53673 2 8 8 2▲  .838.70 -.1711.9988.5914.3227.9540.6910223517.2030.9243.95 3
20240609일10180011국350 310411혼전 4451맑음양호 9 8 9그레이트스톰    오버애널에이원   8241.00한거 3 0 1 2 8 159618:00 41250국3우창구우순근  9911 5 2 220 1 3 2 9  1문세영47552.093강입하96 92 928778.068.057.04553252371 6203448632110293615 099 0→→입14.040.140.113.3546939.839.8118.5117.6 63 88  050   14.10   13.90 4  4  0NU동55.24641813-1.4 2.8 1.4909017 0마주신뢰승부최상 1기 2 9 5 2 3 2 2 2②1:58.51¾   .014.640.414.1  1 -3  .00 2 1  0  .31035321989 2 5 1 11 3 2.01 5.09     6.8  4.1    7.6   13.6    9.110.57599 4 9 9 4☆ 1.840.70 -.6337.43118.626.3244.2656.9933536519.4235.3546.93 1
20240511토11180011국351 310412혼전 4451비  포화16 8 9그레이트스톰    오버애널에이원   8241.00한거 3 0 1 2 9 168918:00 41250국3우창구우순근  9912 4 1 120 4 3 2 8  1김태희47852.063강입보97 95 956667.054.026.41338 31856 0203414332110152416 099 0→→입14.040.040.213.3576538.940.9117.6118.1 63 88  050   13.90   13.10 5  3 -4NUUP55.24641813-1.6 3.6 2.0878717 2마주신뢰마주신뢰 1관 1 5 3 5 5 5 4 3⑤1:57.61     .314.141.113.9  4  2  .01 5 1 -1  .419 8622375 3 7 1 62 4 7.09 9.06     7.8 18.7  189.4  386.1 1117.510.53658 0 8 6 0―  .340.80  .0737.89118.6 8.1317.5926.36 4111813.4023.3632.63 4
20240406토 91600 8국441 4 4413혼전 4451맑음양호 6 8 9그레이트스톰    오버애널에이원   2641.00한거 3 0 1 1 9 180020:00 33000국4우창구우순근  9913 3 1 120 3 2 2 7  1김태희47656.065강입상99 98 981465.054.039.41338 31856 0203414332110152416 099 0→→입14.036.539.913.4554836.538.1103.0101.4 57 86  043   14.70   13.40 6 -7 -1UNDN55.04611713-1.4 4.0 2.6777717-1신뢰마주마주신뢰 1관 1 2 3   3 3 3 2①1:43.0½    .013.938.713.1 -1  4  .00 1 2 -2  .0 85313 988 3 5 1 42 3 2.03 2.05     3.6  2.7    4.7    9.4   24.610.53647 0 7 7 0―  .639.90 -.2724.95103.313.7826.7439.37 9183515.6630.0043.96 2
20240225일 9170012국551 510414혼전 4451맑음포화19 8 9그레이트스톰    오버애널에이원   2641.00한거 3 0 1 910 192117:00 24750국5우창구우순근  9914 2 2 120 2 1 2 6  1김태희47256.560우입상97 96 967068.055.027.81150 81033 0203414332110152416 099 0↘→입13.939.640.813.4627639.640.6111.5111.6 50 83  050   13.70   13.50 4 -2  3NLUP54.64591713-1.0 4.2 3.2696913 4신뢰마주신뢰마주 1기 0 9 8 8 9 5 3 1①1:51.52½  -.414.740.613.4 -3  9  .00 1 4 -1  .0 438403094 4 7 1 52 2 4.03 9.07     6.9  5.5   21.8   47.5   31.910.52774 1 7 6 1△  .441.20  .2431.20113.4 8.7718.4127.80 5132214.8924.7429.84 4
20240127토 5130011국554 510415 2강 2251맑음다습10 8 9그레이트스톰    오버애널에이원   2641.00한거 3 0 0 911 200214:00 24750국5우창구우순근  9915 1 1 320 1 0 2 5  0김태희46353.557우입보91 91 917364.048.021.91399112664 4203414332110152416 099 0↗↘입13.937.339.013.4587637.038.2 81.8 81.6 40 80  040   13.90   13.30 4  2 -2VU동55.04571312-1.5 5.0 3.5656513 0승부최상신뢰마주 1기 011 5     4 2 1①1:21.82½  -.413.738.913.5 -4  8  .00 1 5  4  .0 42216 593 7 4 2 52 1 5.0811.08     5.3  9.4  151.5  328.5  225.6  .03472 0 6 5 0― -.239.40  .53 5.2682.84 4.9412.9221.85 5132510.8923.4124.51 3
20260815토 8160010외2 2 2  3 0혼전 4451           810슈프림삭스      FLAMEAWAROYAL MA 9026.00미거 4 0 0   1    018:55 495002등리카디김창식   2 01510 614 3 5 114  0빅투아   57.592기입보50 53 531454.060.038.73053133453123631401938262228182060 0→→선13.736.240.513.77412                   55 45 55 0   13.50   13.10 5  5  1VB동54.54932014 -.8 5.4 4.6545417 0일반주행기복전력 1   010                            13.5    13.1        .0                       310 7 3 13                                            12.73041 2 7 8 2▲  .840.50 -.41     103.413.3426.1938.70122641 9.5719.1429.91 4
20260711토10160010외253 6103 1혼전 4451맑음다습14 810슈프림삭스      FLAMEAWAROYAL MA 9026.00미거 4 0 0 2 1   71      495002등리카디김창식   2 114 9 514 2 4 113  0빅투아49556.592기선적54 63 631468.066.043.13053133453123631401938262228182550 0→→선13.736.240.713.8731036.239.2 99.9102.1 50 40 60 0   13.50   13.30 3  0  4NB동54.04932014 -.8 6.2 5.4444417 0교체성공기복전력77기 0 5 5   5 3 3 1①1:39.9목    .013.538.313.1 -1 -3  .00 1 2 -1  .02337372886 310 7 2212 2.01 5.09 3.4 7.9  4.9    9.4   19.5   21.5  .04067 3 8 8 3▲ 1.340.70 -.5925.21103.616.3131.3843.0633536511.7620.9632.66 4
20260621일 91600 9외253 4103 2혼전 4459맑음포화16 810슈프림삭스      FLAMEAWAROYAL MA 9026.00미거 4 0 0 2 1   42      495002등리카디김창식   2 213 8 414 1 3 112  0빅투아49852.592기도적24 29 291458.059.048.53053133453123631401938262228183367 0→→선13.736.140.913.7771036.039.4 99.7102.2 44 33 56 0   13.90   13.80 3  0 -1NUDN54.54912014 -.2 5.8 5.6444417-3일반주행기복전력29관 0 5 3   3 4 5 3①1:39.7목    .013.538.713.3 -2 -4  .00 1 3 -4  .02419462881 210 7 1011 3.01 5.10 3.1 6.3  5.4    7.6   15.6   20.112.73274 2 7 9 2▲  .840.90 -.7925.20103.619.1534.1948.5433536514.5227.9740.00 4
20260530토 9190010외211 9 63 3혼전 4441맑음양호 7 810슈프림삭스      FLAMEAWAROYAL MA 90     미거 4 0 0 9 1   52      495002등리카디김창식   2 312 7 114 2 3 111  0정정희50253.080기입상11 17 174561.057.035.32246113453123631301938262024153367 0→→입13.738.841.813.8861539.640.7127.8126.4 50 38 63 0   13.20   14.60 7  4  1NNUP54.54912014  .2 4.6 4.8565617 3마방연대기복전력26관 0 5 1 1 1 1 2 5⑤2:07.81¾  1.313.941.313.8 -2  0  .00 5 7  0 2.66352676348 1 9 7 51 2 1.02 8.09 1.3 3.7  1.3    3.7    4.2   14.112.73257 2 7 9 2▲  .642.00 -.1445.84124.712.2824.1635.25 81729 9.5724.8835.96 3
20260411토11160010외252 6 53 4혼전 4451맑음다습13 810슈프림삭스      FLAMEAWAROYAL MA 9026.00미거 4 0 0 2 1  133      495002등리카디김창식   2 411 6 314 1 3 110  0정정희50252.580우입적16 16 161451.053.027.72246113453123631301938262024153367 0→→입13.835.940.813.891 836.241.0101.3103.3 57 43 86 0   14.30   15.6011 -8  0UUDN54.54912014 -.2 4.0 3.8646417-2숨은복병마방연대63기 0 1 2   2 1 1 3⑥1:41.31½  1.013.240.614.6 -1  3  .00 6 7 -1 1.25728807853 310 8 61 1 5.06 4.03 2.0 3.7 11.6   76.6  183.2   31.1  .02575 1 7 9 1△  .340.80 -.1426.61103.4 8.4518.1327.65 41118 7.6317.8927.95 6
20260125일 9180010외223 4 73 5혼전 4451맑음건조 3 810슈프림삭스      FLAMEAWAROYAL MA 90     미거 4 0 0 2 2  201      495002등리카디김창식   2 510 5 11410 3 1 9  0빅투아49952.591우입보51 50 505864.060.035.13046183253123631401938262228183367 0→→선13.839.441.113.6892439.244.1120.3121.1 67 67 83 0   13.80   13.90 2  8  0BUDN54.54912014-2.4 4.4 2.0808017-2유망전력거리속성 5기 0 9 3 3 4 3 410⑩2:00.311   3.014.343.215.6  2 -3  .0010 8  2 4.08914969313 210 7 4010 4.06 6.10 2.8 3.4  9.3   66.7  157.8  237.312.73371 2 8 9 2▲  .941.80 -.2240.64118.710.8522.9235.12153246 9.3220.4335.90 4
20260111일 8200010외252 7103 6혼전 4451맑음양호 6 810슈프림삭스      FLAMEAWAROYAL MA 90     미거 4 0 1 2 1   2416:30 495002등리카디김창식   2 6 9 4 114 9 3 1 8  1빅투아50252.592강입하46 45 458049.054.037.43053133453123631401938262228183367 0→→선13.838.741.313.7932739.240.4132.6132.0 80 80100 0   13.70   14.00 7 -5  1UNUP54.54912014-1.6 4.0 2.4828217 6전개최상보통주행32기 0 1 1 1 1 1 3 5⑤2:12.65    1.513.840.813.9 -1  0  .00 5 6  1 2.36339585141 1 8 6 31 9 3.05 4.10     5.8  5.1   17.9   32.6  100.312.73452 2 7 8 2▲  .541.10 -.3451.97131.511.9125.4437.42153246 8.8919.0033.44 5
20251122토11140011외241 1 93 7혼전 4451맑음건조 3 810슈프림삭스      FLAMEAWAROYAL MA 9026.00미거 3 0 1 2 1  14318:00 495002등리카디김창식   2 7 8 3 414 8 3 1 7  1빅투아50252.092강입보52 48 489661.064.042.23053133453123631401938262228183367 0→→선13.836.339.913.7982736.940.6 88.0 90.2 80 80100 0   13.60   14.10 8 -1 -1NUDN54.54911714-2.3 4.8 2.5818117-2연대우수전개최상70기 1 6 6     6 810⑪1:28.0코   2.013.739.514.0  6  0  .0911 5  2 2.28239827824 110 9 20 8 4.01 5.03     4.9  9.0    6.4   20.6    8.9  .04994 4 9 9 4☆ 1.339.90 -.3214.0088.7316.6330.9542.17183753 6.6719.0528.72 5
20250927토10160010외232 1 83 8혼전 4451맑음다습11 810슈프림삭스      FLAMEAWAROYAL MA 9026.00미거 3 1 1 9 2  254      495002등리카디김창식   2 8 7 2 214 7 3 1 6  1빅투아50253.090우입보88 84 841475.066.048.83046183253123631401938262228183367 0→→선13.835.840.613.7982235.741.4101.6104.1 80 60100 0   13.40   13.70 5  0  0NUUP54.54911714-3.0 6.0 3.0757517 2승부최상연대우수40기 0 7 4   4 4 6 8⑧1:41.61½  2.713.640.714.1  5 12  .09 8 3  2 3.78111888014 110 3 32 7 1.04 1.10 2.0 3.8  2.0   16.9   24.5   22.1  .04088 3 9 9 3★ 1.340.60 -.5127.70103.319.0935.1348.7518375315.3129.7042.58 3
20250823토10140011외254 1 53 9혼전 4451맑음건조 4 810슈프림삭스      FLAMEAWAROYAL MA 9026.00미거 3 1 1 2 2  359      495002등리카디김창식   2 9 6 1 314 6 3 1 5  1빅투아49053.090우입보51 78 788974.064.046.33046183253123631401938262228183367 0→→선13.836.340.113.7981936.639.4 85.8 88.0 80 60100 0   13.60   13.50 4  2 -5NUDN54.54911714-3.0 7.0 4.0666617-2마방강공승부최상40기 0 7 3     3 3 4⑤1:25.83     .613.438.313.7  4 -1  .02 5 1  0  .61519512863 111 5 22 6 5.03 2.05 2.8 3.9 11.4   22.6   61.7  380.4  .04994 4 9 9 4☆ 1.339.40 -.5511.6088.8618.6434.4746.3018375313.2726.2736.86 4
20250727일12160010외333 2 3310 1강 1151맑음건조 3 810슈프림삭스      FLAMEAWAROYAL MA 9026.00미거 3 1 1 9 3  41416:50 41250혼3리카디김창식   210 5 2 114 5 3 0 4  1빅투아49157.589기입보76 81 811496.072.066.82956164364163631401938262228183367 0↘→선13.835.840.613.7983335.640.5101.3102.9 75 75100 0   13.40   13.60 3 -2  4NBUP54.54911714 3.0 4.0 7.0464617 2전개최상마방강공67기 0 5 2   2 3 2 1②1:41.35     .013.639.913.5  1  4  .00 2 1  0  .953 7755676 110 2 12 5 6.01 4.05     3.1 18.2   12.1   33.2  140.3  .05190 4 9 9 4☆ 2.240.60 -.9426.53103.336.3258.2966.7538597141.8862.8873.89 1
20250706일101400 8외354 4 5311 1강 1155맑음건조 3 810슈프림삭스      FLAMEAWAROYAL MA 9026.00미거 3 1 1 1 3  47617:30 41250혼3리카디김창식   211 4 1 214 4 2 0 3  1빅투아48754.089강입적99 35 3594  .068.077.42956164364163631401938262228185050 0↘→선14.036.440.113.7982436.238.7 86.5 87.4 67 67100 0   14.00   13.70 3 -2 -3NHDN54.84931712         1.0    17-3승부최상전개최상42기 0 7 3     3 3 1①1:26.56   -1.113.438.413.6  0 -4  .00 1 1 -3  .0 4 727 496 1 7 8 12 4 1.02 7.08     3.2  1.8    3.2    4.7    6.9  .05194 4 9 9 4☆ 1.739.20-1.4210.8788.9336.4161.6577.4337566912.7724.3185.05 4
20250614토 7170011외442 3 9312 3강 3363맑음건조 3 810슈프림삭스      FLAMEAWAROYAL MA 9026.00미거 3 1 1 2 3  54816:30 33000혼4리카디김창식   212 3 3 114 3 1 0 2  1빅투아49156.589우입적96 35 3590  .072.056.2295616436416363140193826222818 099 0↘→선13.839.041.813.7984138.141.4110.1111.6 50 50100 0   13.50   14.10 5  0  4LBUP53.04941712         1.0    14 3부중유리승부최상54기 0 9 3 3 3 2 2 1①1:50.1¾   -.114.040.813.7 -3 -3  .00 1 4 -6  .0 4 1631189 11111 21 3 4.02 9.06     4.0  6.6   14.0   28.7   16.5  .07597 4 8 9 4▲ 2.141.80 -.6130.80113.628.8446.1256.1718375313.7923.4077.12 3
20250510토 5140011외423 6 7313혼전 4454흐림불량20 810슈프림삭스      FLAMEAWAROYAL MA 9026.00미거 3 0 0 2 4  65214:25 33000혼4리카디김창식   213 2 2 114 2 0 0 1  0빅투아49453.083하무보30 35 3580  .072.054.0284219334322363140193826222818      ↗↘선13.836.341.014.498 236.239.3 87.8 88.0  0  0100 0   13.80   14.70 7  7 -3BHUP       1412         7.0    12 2마방연대거리부담 1관 0 9 7     5 3 2①1:27.8목    .013.540.414.1 -9  8  .00 110  6  .016 7491485 21111 12 210.07 9.01     4.0 43.3  414.7  707.0 1444.410.63771 3 8 9 3▲ 1.739.40-1.3110.7389.4825.1642.0954.0133536514.2925.7383.43 4
20250322토 2120011외421 6 2314혼전 4459맑음건조 5 810슈프림삭스      FLAMEAWAROYAL MA        미거 3     2 5  80211:25 41250혼4리카디김창식   214 1 1 114 1 0 0 0  0빅투아48656.087평무보61 35 3569  .062.031.31745 6315013363140193826222818      ↘↗선14.136.840.013.599 436.040.7 77.7 76.6              14.10   13.80        NN동       12 0         6.0     0 0일반주행마방연대 1기 1 2 3     3 2 4⑦1:17.7코   1.113.841.514.7  3-11  .00 7 4  0 1.566 2906846 41010 30 1 1.02 9.05     1.7  1.6    1.7    2.6    3.8  .02163 0 6 8 0▲  .938.90 -.50 -.2076.51 8.7619.7431.2815324611.0121.5737.65 1
20260815토 9140011국4 4 4  7 0혼전 4451           9 1레드드래곤      파워블레드림리시 6734.00한암 4 0 1   1    019:25 33000국4강환민김형란  -3 013 1 712 8 3 311  1김용근   55.585우선적50 70 709468.064.041.027541418511123393242182031261480 020↘↘선13.836.739.013.06876                   75 75 2538   13.40   14.30 5 -4 -2UN동54.14781714 -.4 3.0 2.6797912 0연대우수전개최상 1   0 1                            13.4    14.3        .0                       5 1 1 1 11                                              .04185 3 9 9 3★ 1.139.00  .02     88.3816.8530.0941.0418375315.2225.0036.77 3
20260711토 7140011국544 8 47 1혼전 4451맑음다습14 9 1레드드래곤      파워블레드림리시 6734.00한암 4 0 1 2 1   74      41250혼4강환민김형란  -3 112 3 612 7 3 310  1김용근48157.085우선보83 88 887865.063.037.527541418511123393242182031261480 020↘↘선13.836.839.013.0627636.641.1 90.2 90.2 75 75 2538   13.50   13.50 3  4  4NBDN54.14781714 1.0 3.0 4.0656512-2연대우수연대우수62기 0 5 3     3 6 7⑦1:30.2머리 2.213.441.114.3  6  1  .04 7 1  0 2.78024878123 6 2 4 2210 5.04 9.10 2.8 3.7 11.9   28.8   69.6   25.810.53765 1 7 8 1▲ 1.039.40  .0414.3888.4513.7726.4937.5112264114.1325.9637.74 4
20260620토 71600 9국412 6 67 2혼전 4451비  불량20 9 1레드드래곤      파워블레드림리시 6734.00한암 4 0 1 2 1   54      33000국4강환민김형란  -3 211 2 112 6 2 3 9  1김용근48053.585우선상86 94 941479.067.054.627541418511123393242182031261475 025↘↘선13.836.339.312.9677936.539.3100.1101.9 57 71 2943   13.70   13.70 4 -6  0UHUP54.34781714 1.0 3.0 4.0656512 2연대우수연대우수 5기 0 1 1   1 1 1 1①1:40.11    -.213.538.513.5  0 -8  .00 1 1 -1  .01649414093 2 3 1 11 9 1.05 1.10 1.7 4.9  1.7    6.5    9.6   47.010.54083 3 9 9 3★ 1.439.30 -.2926.29102.822.8140.0154.6333536521.4339.5552.55 2
20260523토 6140011국423 9 77 3혼전 4451맑음다습13 9 1레드드래곤      파워블레드림리시 6734.00한암 4 0 1 2 1   75      33000국4강환민김형란  -3 310 1 512 5 1 3 8  1김용근48853.585기선상86 73 737078.067.038.427541418511123393242182031261467 033↘↘선13.836.939.012.9568236.139.5 88.3 88.0 50 67 1750   13.60   14.40 4  2 -2NH동54.54741714 1.4 2.8 4.2636312 0연대우수연대우수37트 0 7 4     2 2 1①1:28.3½   -.113.739.613.7 -1  5  .00 1 2 -1  .014 6491495 6 3 3 31 8 2.01 7.02 1.7 2.7  3.8    2.7    7.9    7.0  .03767 1 8 9 1▲ 1.138.80 -.0312.1288.5214.1426.4838.3613294619.4238.0048.42 2
20260425토 7140011국534 8 87 4혼전 4451맑음건조 3 9 1레드드래곤      파워블레드림리시 6734.00한암 4 0 0 9 1   75      24750국5강환민김형란  -3 4 9 8 412 4 1 2 7  0김용근48355.585우자보70 74 747783.065.048.327541418511123393242182031261450 050↘↘선13.937.238.912.9388535.839.8 88.3 87.6 40 60  040   13.80   13.40 6  2  2NL동54.04701714 1.2 2.8 4.0656512 0연대우수연대우수86트 0 5 2     2 2 2②1:28.3코    .013.640.214.4 -1 11  .00 2 3  1  .0 8 3621889 8 1 3 21 7 1.03 3.05 2.5 3.9  2.5    6.2   10.0   11.7  .03779 3 8 8 3▲ 1.338.40 -.4111.4888.6620.8236.0448.3419405522.5842.7154.55 1
20260315일 3140010국550 6107 5혼전 4458흐림양호 6 9 1레드드래곤      파워블레드림리시 6734.00한암 4 0 0 2 1  113      24750국5강환민김형란  -3 5 8 7 312 3 1 1 6  0김용근47254.085기입보50 44 446160.061.042.2275414185111233932421820312614 0 099↘↘선14.137.439.012.9257936.938.6 88.9 88.1 25 50  050   14.90   13.20 5 -8  1VNUP54.04681713 1.5 3.0 4.5606012 1연대우수연대우수42기 0 3 2     1 1 1②1:28.9목    .013.838.813.4  0 14  .00 2 2 -5  .0183723148410 2 5 21 6 3.02 8.03 2.3 5.2  7.2   17.6   38.8   14.5  .03760 1 6 6 1―  .938.30 -.4411.7188.8616.2230.3142.1719405526.2339.7252.94 1
20260208일 5130011국543 4 97 6혼전 4451맑음건조 2 9 1레드드래곤      파워블레드림리시 6734.00한암 4     2 1   79      24750국5강환민김형란  -3 6 7 6 212 2 1 1 0  0김용근45853.585우입보66 68 688680.067.042.9275414185111233932421820312614 0 099↘↘선14.137.638.812.9469138.838.9 82.4 82.9 67 67  067   14.30   12.5018  7 -1VH동54.04681712 2.0 1.7 3.7676712 0숨은복병연대우수47트 01111    10 9 7⑦1:22.42½  1.414.938.313.2  0-10  .00 7 7    2.34191397437 8 2 3 30 5 1.10 4.02 2.3 5.4  2.3   59.1   73.0   75.4  .03785 3 8 9 3▲ 1.339.40 -.11 6.5282.9015.3829.8442.8712264116.2232.8845.81 2
20251004토 4130010국551 8107 7혼전 4453맑음다습10 9 1레드드래곤      파워블레드림리시 6734.00한암 3     1 2  355      24750국5강환민김형란  -3 7 6 5 112 1 1 1 0  0김용근  054.081강입보45 47 479354.064.044.92045 81450 6233932421820312614 0 099↗↘선14.137.638.712.94596                   67 67  067   15.20   16.7018 -5  1VNDN54.04681712 -.5 2.0 1.5909012-4연대우수전개최상36트 0 4                    취소    15.2    16.7     0  .07                     10 1 6 20 4 2.0110.08 2.1 5.9  4.7    6.7   16.0   30.4  .04191 3 8 9 3▲ 1.238.70 -.10     82.8420.0433.3644.8618375311.6923.6730.18 4
20250525일 41700 9국540 8 97 8 1강 1151맑음다습10 9 1레드드래곤      파워블레드림리시 6734.00한암 3 0 1 2 4  601      24750국5강환민김형란  -3 8 5 4 112 1 1 1 4  1해리카46853.074강입하70 72 728178.065.054.61725 7205612233916 01820172612 0 099↗→입14.139.940.612.9448939.746.4118.4118.6 33 67  067   14.10   14.20 4  0 -2VHUP54.04681712-2.0 3.0 1.0959513 3배당마주연대우수63기 1 9 7 7 6 5 7 9⑨1:58.410   5.715.245.916.7  5 -1  .01 9 4  1 6.099439999 5 6 4 3 30 1 1.0210.01 2.0 4.3  2.0    4.3    6.9   25.0  .04086 3 8 9 3▲ 1.342.00 -.4338.10113.418.0637.1754.5613294619.8038.7855.23 3
20250427일 5140011국540 4 97 9혼전 4451맑음양호 7 9 1레드드래곤      파워블레드림리시 6734.00한암 3 0 1 9 4  684      24750국5강환민김형란  -3 9 4 3 212 2 1 1 3  1김용근46955.087강입하81 35 3553  .057.029.12957 7205612233932421820312614 0 099↗↘선14.137.239.512.9395237.139.6 90.9 90.1 33 67  067   14.10   14.60 6  1  1BL동54.04681412         8.0    13 0숨은복병배당마주 1트 0 9 7     91010⑦1:30.93    1.914.140.114.2  4  9  .09 7 3  2 2.0794757552510 410 63 3 2.0411.01 3.7 8.7  4.6    8.7   18.1   13.4  .02249 1 6 6 1―  .539.00 -.2913.3789.07 8.8019.0129.07 5132211.8820.4762.39 6
20250316일 4140011국520 7 7710혼전 4451흐림양호 7 9 1레드드래곤      파워블레드림리시 6734.00한암 3 1 1 2 5  81112:45 24750국5강환민김형란  -310 3 2 112 1 1 1 2  1김용근46054.087강입보98 35 3570  .060.030.41630 81845 8233932421820312614 0 099→↗선14.137.238.712.9419637.140.6 92.8 91.2 50100  0**   14.00   13.30 8  3  2BNUP54.04681412         2.0    13 1승부최상부중잇점 1트 1 8 7     910 9⑧1:32.81½  2.114.141.514.6  7  8  .00 8 1  0 2.4935182822410 210 60 2 4.05 6.05     3.3 11.6   55.8  136.7   88.912.73477 2 7 6 2△  .939.20  .1815.3288.52 9.3919.9430.37 8223311.7621.2662.67 4
20250119일 4130011국531 6 8711혼전 4451맑음건조 3 9 1레드드래곤      파워블레드림리시 6734.00한암 3 1 1 2 5  96212:45 24750국5강환민김형란  -311 2 1 112 1 1 0 1  1문세영45252.593강추보89 35 3586  .069.047.14053 01845 8233943 01820293615 0 099↗→입14.437.838.712.6369837.637.7 81.4 82.1100100  0**   14.40   12.80 5  3 -2LUUP54.04681312         1.0    12 1마방기습승부최상 1트 0 5 5     5 4 2②1:21.44     .014.038.113.3  1-16  .00 2 1 -2  .71250 6 57511 411 12 1 4.0111.05     5.6 14.3   16.7   42.2   26.112.74592 2 8 9 2▲ 1.439.00 -.29 5.5982.9719.1035.1247.0933536513.9523.2877.90 4
20241214토 1120011국650 7 5712 1강 1155맑음양호 8 9 1레드드래곤      파워블레드림리시 6628.00한암 2     2 6 108710:35 24750국6강환민김형란  -312 1 1 112 1 0 0 0  0김용근46854.088평무보   35 3540  .069.080.82846222150 9233932421820312614      →→선14.236.738.512.3    37.537.3 76.0 74.5              14.20   12.60        NN동       12 0                 0 0숨은복병마방기습 1트 1 2 9     8 7 5①1:16.01½  -.314.437.912.8 -2 -6  .00 1 3  0  .0 560 6 993 2 2 5 13 1 3.08 2.10     4.8  4.8  137.8  216.7  238.7  .03784 3 7 9 3▲ 1.738.40-1.05 -.7175.6141.9866.8180.8138597111.3221.5735.01 1
20260815토 9140011국4 4 4  8 0혼전 4451           9 2라온스나이퍼    머스킷맨라온볼드 7429.00한암 3 0 0   1    019:25 33000국4이강서손천수   1 011 1 510 2 2 210  0서승운   53.584우입보50 69 698870.064.040.8253817759950 086 0 060  2830166040 0↗↘선13.736.639.113.78037                   50 50 1338   13.40   13.60 5 -8  1UN동52.84711412-1.8 4.2 2.4787814 0마방기습마방기습 1   0 2                            13.4    13.6        .0                       3 2 3 2  2                                              .03785 3 8 9 3▲ 1.139.10  .02     88.3816.7529.8940.7533536519.5733.3342.58 1
20260711토 7140011국544 8 48 1혼전 4451맑음다습14 9 2라온스나이퍼    머스킷맨라온볼드 7429.00한암 3 0 0 2 1   74      41250혼4이강서손천수   1 110 3 410 1 2 1 9  0서승운45953.084우입하50 46 467049.059.031.8253817759950 086 0 060  2830167525 0↗↘선13.836.639.213.8783036.639.0 88.0 88.0 43 43 1443   14.30   14.00 5  8  2BN동52.84751412 -.2 3.8 3.6656514 0숨은복병마방기습68기 110 4     4 4 2②1:28.02½   .013.439.013.6 -2-11  .00 2 4  2  .51324341689 3 4 6 52 1 5.04 9.10 2.8 3.7 11.9   28.8   69.6   25.8  .02475 0 7 8 0▲  .639.10  .1912.1888.4510.9121.7231.81 81729 8.7018.2732.08 5
20260606토 91400 9국552 7 58 2 1강 1151흐림양호 6 9 2라온스나이퍼    머스킷맨라온볼드 7429.00한암 3 0 0 1 1   92      33000국5박종곤손천수   1 2 9 2 310 1 2 1 8  0우인철47051.073기입적74 75 757584.066.043.3204810355121283127 027 91026237525 0↘↘입13.736.739.313.9692437.339.6 89.9 89.4 43 43 2943   13.90   14.10 6 -9 -3UU동52.84751412  .2 3.6 3.8626214 0승부최상작전마주65기 0 2 7     8 8 7⑤1:29.92    1.814.339.814.0  3 -8  .09 5 2  1 2.06059535730 3 3 3 33 2 3.01 6.08 2.8 3.5  5.9    6.9   18.1   14.1  .03480 1 8 7 1▲ 1.339.30 -.2313.4488.5914.2428.9643.3112253821.2439.2954.89 2
20260426일 6140011국411 9 68 3 1강 1153맑음건조 3 9 2라온스나이퍼    머스킷맨라온볼드 7429.00한암 3 0 0 9 1  105      33000국4박종곤손천수   1 3 8 1 210 1 2 1 7  0이동하47853.591기입적86 91 918694.071.069.03153133551212831303027 92524197525 0↗↘선13.736.639.313.9772236.739.4 90.0 88.4 43 57 5729   13.70   13.40 6  9  3VN동52.84751412  .2 3.6 3.8626214 0마방연대승부최상42기 111 2     2 2 3⑤1:30.0¾    .413.940.214.1  4  5  .02 5 1 -2  .52324462772 2 6 1 11 511.10 5.10 1.9 7.7 64.6  647.2  901.5 1566.0  .04998 4 9 9 4☆ 2.139.20 -.8512.4688.5241.5661.4369.0038597136.8963.0576.97 1
20260314토 6140011국553 8108 4혼전 4451맑음양호 7 9 2라온스나이퍼    머스킷맨라온볼드 7429.00한암 3 0 0 2 1  121      24750국5박종곤손천수   1 4 7 3 110 1 1 1 6  0우인철47351.073기입적80 78 787062.067.036.6204810355121283127 027 91026236733 0↘↘입13.736.739.413.9721536.338.7 88.2 87.1 33 50 5017   14.10   13.30 5 -2 -2UUUP53.34751412  .2 3.6 3.8626212 2승부최상마방연대44기 1 2 2     2 3 1①1:28.27   -1.213.738.913.4 -2 -1  .00 1 3 -2  .0 21025 498 5 3 4 41 1 3.02 2.10 2.9 7.9  5.8   12.7   25.5   80.2  .03477 0 7 8 0▲ 1.138.80 -.1311.0388.6612.7524.4536.6210223511.8222.2232.65 4
20260207토 4120011국554 8108 5혼전 4441맑음건조 2 9 2라온스나이퍼    머스킷맨라온볼드 8627.00한암 3 0 0 2 1   91      24750국5박종곤손천수   1 5 6 2 610 1 1 1 5  0최범현47452.593기입하52 56 566673.069.042.73462143551212831405227 919311799 0 0↗→입13.737.038.814.2612237.238.0 75.6 74.9 40 40 4020   13.50   14.40 5 -5  1UN동53.84761212  .6 3.8 4.4535312 0마번불리승부최상44기 0 4 5     4 5 6③1:15.62½   .414.138.513.3 -2  9  .00 3 5  1  .51349222170 8 8 9 22 1 7.08 1.06 3.2 8.8 10.7   52.4  142.9  166.0  .04591 3 8 9 3▲ 1.538.20 -.29 -.9075.9517.9732.8142.7218375313.1125.8137.70 3
20260104일 5120011국544 6 98 6혼전 4451맑음다습12 9 2라온스나이퍼    머스킷맨라온볼드 8627.00한암 3 0 1 1 1   90      24750국5박종곤손천수   1 6 5 1 510 4 1 1 4  1이동하46552.091우선적90 86 865858.051.029.13153133551212831303027 925241999 0 0↗↘선13.737.338.713.9463036.639.8 76.2 76.2 50 50  050   13.60   13.40 5  5 -2BU동53.84761212  .5 3.8 4.3535312 0일반주행마번불리49기 1 9 3     3 3 4⑤1:16.21    1.013.540.214.4  1 -7  .00 5 4 -1 1.6552077615110 4 4 52 4 3.02 4.08 2.7 5.9  4.8   10.6   21.5   33.4  .01556 0 6 5 0―  .138.30  .00  .1876.06 8.6119.8529.10 5122111.6923.5335.82 4
20251129토 2120011국653 8 58 7혼전 4451맑음다습10 9 2라온스나이퍼    머스킷맨라온볼드 8627.00한암 2 0 0 9 1  10911:00 16500국6박종곤손천수   1 7 4 4 410 3 0 1 3  0이동하47254.091기입적39 35 355160.065.045.83153133551212831303027 925241999 0 0↗↘선13.737.438.713.9332737.037.8 74.2 74.8 33 33  033   13.70   14.00 5 -2  0UV동53.54791212 2.0 3.3 5.3434312 0숨은복병기복전력71기 1 4 3     2 2 2①1:14.2¾    .013.638.013.4 -4 -6  .00 1 5  3  .0 935161080 7 4 5 41 3 5.01 4.03     4.4  8.2   13.7   32.7   35.8  .02561 1 7 8 1▲ 1.137.80 -.54-1.3276.1215.7830.9845.8110223517.2029.7937.06 3
20251026일 2120010국640 3 48 8혼전 4451흐림건조 5 9 2라온스나이퍼    머스킷맨라온볼드 8627.00한암 2 0 1 9 1  186      16500국6박종곤손천수   1 8 3 3 310 2 0 1 2  1이동하47854.091우입보93 99 996881.068.045.93153133551212831303027 925241999 0 0↗↘선13.737.438.613.9323737.239.7 77.1 76.9 50 50  050   13.60   12.40 7  2  1NV동53.54791212  .0 4.0 4.0545412 0기습선행작전마주 5   0 6 3     4 4 8⑧1:17.11¼  2.213.740.414.0  6 -1  .00 8 2  0 2.57449767319 7 4 1 30 2 1.06 2.10 2.1 3.8  2.1   26.6   36.1   95.210.53971 1 8 7 1▲ 1.338.40 -.49  .9376.0615.5531.8745.9012264120.5434.5133.56 2
20250907일 2120011국651 7108 9 2강 2259맑음포화16 9 2라온스나이퍼    머스킷맨라온볼드 8627.00한암 2 0 0 1 2  314      16500국6박종곤손천수   1 9 2 2 210 1 0 0 1  0이동하47953.590하입보61 35 357885.068.073.22644173050142831303027 9252419      →↗선13.636.939.913.9781038.036.7 74.6 74.6  0  0  0 0   13.70   14.30 5 -3  0HH동       1212  .0 6.0 6.0232312 0마방연대작전마주37기 0 4 1     1 1 2②1:14.62     .013.636.812.4  0  2  .00 2 2 -4  .3 782 1 888 1 7 2 21 1 1.0210.04 3.1 5.6  3.1    6.1   11.2    5.6  .02986 0 7 6 0― 1.338.20-1.71-2.1976.5127.2352.8973.2419405530.7756.3858.54 1
20250803일 2120011국613 8 6810혼전 4451흐림건조 3 9 2라온스나이퍼    머스킷맨라온볼드 8627.00한암 2     1 3  40111:05 16500국6박종곤손천수   110 1 1 110 1 0 0 0  0송재철47753.581평무보42 35 3559  .041.014.21550 72446 62831273327 9192520      ↘↗입13.936.840.113.798 136.839.8 78.0 76.0              13.90   14.00        LN동       12 0         4.0     0 0일반주행마방연대50기 1 7 1     1 4 6⑥1:18.01¼  2.013.740.914.3  0 -7  .00 6 6  0 2.14626796624 41010 72 1 7.04 6.09     7.3 15.0   40.2   37.6   56.2  .02129-4 4 4-4▽ -.938.80 -.07 -.9076.56 2.90 7.9314.22 4111811.2120.6643.28 5
20260815토 9140011국4 4 4  6 0혼전 4451           9 3원평강자        퍼지    금순이   4840.00한거 5 0 0   1    019:25 33000국4함완식김용재  99 016 11018 1 1 218  0안드레   52.585우자적50 53 534621.044.018.32375 62255121520 0 022113319 7173333↗→선13.837.039.613.44737                   31 50 1919   13.40   13.70 7 -4 -5HU동55.84821714-1.2 5.6 4.4585813 0마방기습보통주행 1   0 3                            13.4    13.7        .0                       810 8 9  1                                              .03166 0 4 6 0― -.439.60  .06     89.00 4.39 9.7418.25 1 4 8 4.3510.4216.45 8
20260627토 4140011국553 4106 1혼전 4451맑음건조 4 9 3원평강자        퍼지    금순이   4840.00한거 5 0 0 9 1  117      24750국5함완식김용재  99 11513 918 1 1 117  0서승운48157.084기입적60 63 636670.068.043.6253817225512152050 02211283016 04040↗↘선13.937.139.613.4423736.239.3 87.0 87.8 27 47 1320   13.80   14.00 4  0  3NB동55.54821714 -.8 5.2 4.4585813 0탐색주행마방기습64조 2 7 3     2 2 1②1:27.01¼   .013.439.113.7 -2 -5  .00 2 4  3  .2 9 745128010 7 7 11 1 5.04 8.07 4.0 7.8  8.5   25.5   63.6  264.5  .04090 3 8 8 3▲ 1.538.60 -.6811.1089.0719.1334.3743.5833536515.0027.0036.57 3
20260531일 4140011국540 7 46 2 2강 2231맑음양호 7 9 3원평강자        퍼지    금순이   4840.00한거 5 0 0 9 1   47      24750국5함완식김용재  99 21412 818 1 1 116  0권중석48654.067평입상73 71 712672.051.034.21341 52255121520 8 02211181819 04040↘→선13.937.039.613.4523336.639.9 90.1 89.0 27 40 1320   14.00   13.0012  2 -3NH동55.54821714 -.2 4.6 4.4616113 0마방기습휴양불리62기 1 7 1     4 6 5④1:30.1½    .413.840.414.0  3  2  .03 4 1 -6 1.14521624371 5 5 3 42 1 4.0310.03 2.4 3.4  6.9   27.3   61.5   86.6  .03135-1 6 5-1▽  .138.90 -.3512.3589.00 9.8723.7834.21 8223320.2935.1454.66 3
20260308일 4140011국522 7 76 3혼전 4451맑음다습13 9 3원평강자        퍼지    금순이   4840.00한거 5 0 0 2 2  234      24750국5함완식김용재  99 31311 718 2 1 115  0루이스48457.060기입적81 81 815472.065.037.51299 71367 3152055 02211192517 05025↘↗입13.937.039.713.4503737.538.4 87.7 88.4 29 43 1421   14.00   13.40 6  4  1NB동55.14821714 -.2 4.6 4.4616113 0마방기습마방기습59기 0 5 9     8 8 5③1:27.71¼   .314.038.113.0 -4  2  .00 3 7  1  .92667152273 6 8 5 33 2 1.08 9.11 2.5 2.9  2.5   24.9   29.9   98.9  .03780 3 7 7 3△ 1.238.80 -.5211.7389.0714.0025.6637.5412264111.7621.2232.01 4
20260124토 6140011국553 6106 4혼전 4451맑음건조 3 9 3원평강자        퍼지    금순이   4840.00한거 5     2 1  110      24750국5함완식김용재  99 41210 618 1 1 1 0  0루이스48256.569평입하59 58 584656.058.027.6204211225512152055 02211192517 06733↗↘입13.937.139.713.4433337.438.5 87.6 87.8 23 31 1515   14.30   13.50 5 -2  4UBDN54.74821714  .6 4.0 4.6555513-3일반주행마방기습 5기 0 1 8     7 5 4③1:27.61     .014.038.713.4 -3-10  .00 3 6 -1  .81165202786 7 8 9 70 1 5.01 7.03 2.3 6.0  8.1    7.3   21.2   47.9  .02464 0 6 7 0―  .538.60 -.3210.9689.14 7.7417.3327.60 81729 7.6918.7228.29 5
20251220토 6170011국552 4106 5혼전 4451흐림포화16 9 3원평강자        퍼지    금순이   4840.00한거 4 0 0 2 1  10214:25 24750국5함완식김용재  99 511 9 118 2 1 113  0우인철49252.573평입보91 80 803936.054.018.72048102255121520 0 02211102623 06733↘↘입13.839.740.813.4547339.845.6116.3118.7 25 42 1717   14.30   13.2013  0  0HUUP54.74821714 -.6 3.8 3.2686813 3신뢰마주휴양불리67기 0 3 6 6 6 91011⑪1:56.318   6.314.344.615.5  4  5  .0011 7  3 6.999489999 3 9 5 6 90 2 9.10 5.04     9.7 17.6   88.0  164.5  311.5  .02637 0 5 5 0―  .242.20  .3938.16113.4 5.0611.8718.74 2 610 7.0812.4022.07 8
20250921일 5140010국552 7106 6혼전 4451맑음다습14 9 3원평강자        퍼지    금순이   4840.00한거 4 0 0 2 2  270      24750국5함완식김용재  99 610 8 518 1 1 112  0우인철48752.563평입보92 92 926666.064.048.61620 81367 31520 0 02211102623 06733→↘입13.936.939.413.5554837.838.2 88.6 88.4 27 36 18 9   13.70   13.70 5  2 -3HU동54.74821412 -.2 4.0 3.8666613 0신뢰마주신뢰마주 5기 0 3 8     8 8 4③1:28.66    1.114.338.413.2 -1  8  .00 3 4  2 1.62680122849 5 3 1 33 1 1.0210.04 2.6 6.8  2.6    7.7   11.6   10.510.52968 2 7 7 2― 1.138.90 -.5712.0988.8017.6833.7948.5912264116.1832.6845.78 3
20250816토 5140011국552 9106 7혼전 4451맑음다습12 9 3원평강자        퍼지    금순이   4840.00한거 4 0 0 2 2  384      24750국5함완식김용재  99 7 9 7 418 1 1 011  0이혁  47955.080평입상87 84 847073.069.047.41331 51367 3152025 02211282119 099 0↘↗선13.937.139.413.5454836.739.1 88.7 87.8 20 30 2010   13.80   13.40 6 -6  1UVUP54.54831412-1.4 5.6 4.2626213 1부중유리신뢰마주53기 1 1 3     6 5 3②1:28.72½   .013.739.613.7  0  0  .00 2 2 -2  .4 925402192 6 2 2 23 1 3.02 9.01 2.1 5.4  7.7   15.3   28.0   10.912.73186 2 8 9 2▲ 1.538.60 -.6411.2688.9320.1037.2947.4219405514.6829.0941.44 2
20250706일 31300 9국551 4106 8 3강 3351맑음건조 3 9 3원평강자        퍼지    금순이   4840.00한거 4 0 0 1 3  48311:25 24750국5함완식김용재  99 8 8 6 218 3 1 010  0임다빈47954.078평입하61 61 615433.053.030.71846 51733141520 0262211142424 099 0↗→추13.937.339.113.5586537.238.7 81.6 82.2 11 22 2211   14.00   13.20 6  3 -1NUUP55.04871412-1.8 5.6 3.8646413 1신뢰마주보통주행62기 0 7 6     4 4 2③1:21.6¾    .013.838.513.4 -1 -2  .00 3 4  1  .31431311779 5 3 5 72 3 1.08 6.04     5.4  2.2   28.3   40.0   43.713.42640 0 4 5 0―  .139.60  .22 5.7682.90 8.6520.4630.68 41118 8.8616.0925.90 7
20250524토 51200 9국532 5 86 9 1강 1151맑음다습12 9 3원평강자        퍼지    금순이   1137.00한거 4 0 0 2 4  61014:25 24750국5함완식김용재  99 9 7 5 418 2 1 0 9  0임다빈48155.082평입상80 77 777582.063.039.32046 42150 51520 0262211142424 099 0↘↗추13.937.238.613.5546137.438.4 75.4 75.9 13 25 2513   14.10   13.10 5 -1  1UN동55.04871412-2.2 6.4 4.2636313 0편성만만신뢰마주36기 0 4 6     6 6 6④1:15.4¾    .814.038.113.2  1  5  .00 4 3 -3 1.24257373955 7 3 2 32 2 1.07 8.03     3.4  1.8   17.6   30.3   71.7  .03061 1 7 6 1― 1.138.30 -.17  .1075.9512.6726.2239.2512253822.0240.2047.46 2
20250420일 5120011국534 3 8610혼전 4452맑음양호 9 9 3원평강자        퍼지    금순이   1137.00한거 4     2 4  70513:35 24750국5함완식김용재  9910 6 4 318 1 1 0 0  0임다빈47654.582평입하51 50 504010.039.011.52046 42150 51520 0262211142424 099 0↘↗추13.836.939.013.7703737.837.6 76.2 75.3 14 14 29 0   13.80   13.7047  0  0NHDN55.04871414-2.4 7.0 4.6585813-2일반주행보통주행 1기 0 5 4     6 5 8④1:16.21     .514.138.413.1 -2-15  .00 4 6  1 1.82174112463 4 8 5 92 1 1.02 4.08     3.8  1.7    3.8    5.4    6.4  .01525-3 3 1-3▼ -.838.40  .57 -.5976.00 1.93 4.9911.48 1 4 8 3.26 8.6011.80 7
20240519일 3140011국511 2 1611혼전 4451맑음양호 8 9 3원평강자        퍼지    금순이   4840.00한수 3 0 0 2 9 166512:05 24750국5안해양김용재  9911 5 3 318 1 1 0 7  0다실바49154.587기입적46 45 454223.051.023.43050101660 01713 0 02113223013 099 0↗↘입13.836.839.813.7672236.839.7 88.8 89.3 17 17 33 0   14.10   14.00 8  4  0NH동55.04871410-2.4 7.2 4.8626213 0숨은복병기복전력 1트 1 5 2     3 3 5⑥1:28.83    1.413.839.313.7  1 17  .00 6 5  3 2.25831604737 4 9 7 72 1 1.0210.04     2.6  1.1    2.6    3.1    9.3  .01955 0 5 5 0―  .339.20 -.0612.6889.00 5.8214.1323.42 3 817 6.4913.7919.19 8
20240323토 7140011국531 8 8612혼전 4443맑음양호 6 9 3원평강자        퍼지    금순이   4840.00한수 3 0 0 210 184615:40 24750국5안해양김용재  9912 4 2 218 3 1 0 6  0임기원47454.586기입적49 52 525635.053.034.3213813 923 6171320 02113233216 099 0↗→입13.836.939.913.7591937.139.8 91.1 89.3 17 17 33 0   14.00   13.60 8 -3  1UN동55.04871410  .2 5.8 6.0515113 0일반주행기복전력 1관 0 1 4     3 3 7⑨1:31.1½   1.614.140.414.0  7 -2  .09 9 2 -8 1.65847646235 210 4 30 310.01 8.10     4.9 58.9   97.5  355.0  124.4  .01849 0 5 4 0―  .239.10 -.4812.4889.1413.2425.5434.3318375310.8727.7833.50 2
20240127토 4140011국553 710613혼전 4451맑음다습10 9 3원평강자        퍼지    금순이   4840.00한수 3 0 0 911 200313:10 24750국5안해양김용재  9913 3 1 118 2 1 0 5  0임기원47654.090기입적67 69 696256.060.035.32331201767 6171320 02113233216 099 0↗↗입13.836.740.013.7701537.338.8 88.8 88.7 20 20 40 0   14.00   13.20 4 -7 -1UUUP55.04871410 1.0 6.3 7.3404013 1교체성공기복전력 1기 1 4 7     7 6 4④1:28.81¾   .614.038.913.6 -6-11  .00 410  6 1.33759303365 3 9 7 30 2 5.02 6.10     5.6  9.0   19.6   38.7   12.5  .03061 0 6 6 0―  .839.20 -.4411.9889.0710.9222.7235.34153246 8.6520.0921.20 5
20231231일 3130011국610 6 6614 2강 2259흐림불량20 9 3원평강자        퍼지    금순이   4840.00한수 2 0 0 911 207911:25 13750국6안해양김용재  9914 2 5 118 1 0 0 4  0임기원48755.090하입보34 37 374577.071.056.62331201767 6171320 02113233216      ↗↗입13.736.940.014.187 937.239.0 81.5 82.0  0  0 50 0   13.70   14.30 6  6  0NHUP       1310 1.7 6.0 7.7373712 1숨은탄력거리속성 1관 011 6     6 3 2①1:21.51¾  -.214.038.613.2 -3  4  .00 1 4 -3  .01130392491 2 8 4 22 1 4.0111.09     4.3  7.4    7.9   21.7   11.013.43786 3 7 8 3▲ 1.639.90 -.81 5.1083.2323.7642.2856.6118375326.2542.8637.22 1
20231119일 3120011국623 6 7615 1강 1151맑음다습13 9 3원평강자        퍼지    금순이   1137.00한수 2 0 0 212 221311:25 13750국6안해양김용재  9915 1 4 218 1 0 0 3  0조재로48355.075하선상31 35 356241.054.029.51750 9245014171318 02113192522      ↘→입13.637.139.413.1511336.440.0 76.9 76.4  0  0 33 0   13.70   14.70 4 -6  0NH동       1210 4.0 4.5 8.5343412 0일반주행보통주행 1관 1 5 4     4 4 7⑥1:16.91½  1.013.740.514.3 -1  0  .00 6 7 -2 1.26110836249 2 9 7 52 1 3.05 8.10     2.6  7.0   31.9   71.0   52.2  .02058 0 4 5 0―  .338.60 -.28 -.0676.34 8.4418.7329.47 81729 5.9314.3519.35 6
20260815토 9140011국4 4 4  5 0혼전 4451           9 4컴플리트브로    피스룰즈포트스덕 3634.00한거 5 0 0   1    019:25 33000국4강성오장석영   0 013 1 512 6 2 212  0임기원   52.588우선보50 68 689250.056.030.61938102455 92224282225 72332168020 0↘↗입13.736.539.613.68437                   67 78 3311   13.30   14.30 4  0  0HH동54.44811714  .0 3.4 3.4767613 0선행실패전개최상 1   0 4                            13.3    14.3        .0                       2 9 4 5  6                                              .04169 1 6 6 1―  .539.60  .04     88.66 9.7620.8630.57 81729 8.7019.7930.97 4
20260719일 8140011국543 7 95 1혼전 4451맑음다습14 9 4컴플리트브로    피스룰즈포트스덕 3634.00한거 5 0 0 2 1   43      33000혼4강성오장석영   0 112 4 412 5 2 211  0임기원47652.588우선적53 47 478745.059.037.31938102455 92224282225 72332168020 0↘↗입13.836.639.513.6814136.240.1 87.3 88.2 63 75 2513   13.30   14.10 4  1  0HH동54.44811712 -.8 3.4 2.6767613 0편성탐색보통주행 5   0 4 1     1 1 2⑤1:27.3코    .013.339.914.3  2 -2  .00 5 3  1  .320 8703989 3 6 7 41 5 4.05 2.05 3.4 7.2  5.1   17.4   40.8  113.4  .02973 1 6 6 1―  .739.20 -.1312.1188.6612.5824.8137.27102235 8.5114.8127.36 5
20260620토 6140011국544 2 95 2 1강 1151비  불량20 9 4컴플리트브로    피스룰즈포트스덕 3634.00한거 5 0 0 2 1   75      33000국5강성오장석영   0 211 3 312 4 2 210  0임기원47852.588우선하92 95 957467.048.019.21938102455 92224282225 72332168020 0↘↗입13.836.539.613.6843736.740.9 87.7 89.9 38 63 38 0   13.80   13.40 7 -2  1HN동54.44811712 -.8 3.2 2.4797914 0일반주행최적거리 5   0 3 2     4 4 8⑨1:27.71    3.013.340.014.1  7  2  .09 9 2  0 3.27223867710 4 6 4 60 4 8.01 5.01 2.4 5.1 23.7   23.3  103.8   63.0  .02659 0 5 4 0― -.239.60  .3513.8088.66 4.5811.2319.17 31222 8.2316.7227.00 6
20260503일 5140010국454 8105 3혼전 4451비  다습10 9 4컴플리트브로    피스룰즈포트스덕 3634.00한거 5 0 0 1 1  126      33000국4강성오장석영   0 310 2 212 3 2 1 9  0임기원47652.088기도적75 83 839079.073.053.71938102455 92224282225 72332167525 0↘↗입13.736.539.413.5844836.738.9 87.4 87.9 29 43 57 0   14.30   14.50 4 -5  1NNDN55.04831712 -.8 3.2 2.4797913-3직전탐색기복전력58기 0 5 2     2 2 2②1:27.42½   .013.838.613.4  0  0  .00 2 2  1  .41128291589 2 4 3 11 3 5.02 1.05 3.1 7.6  7.1   12.1   27.0   12.110.63780 3 8 9 3▲ 1.839.20 -.4511.9888.5226.4142.5853.6937566913.9528.6939.56 4
20260405일 8170011국452 5105 4혼전 4451맑음양호 6 9 4컴플리트브로    피스룰즈포트스덕 3634.00한거 5 0 0 1 1   66      33000국4강성오장석영   0 4 9 1 312 2 2 1 8  0임기원47651.588우선적94 90 906473.063.053.51938102455 92224282225 72332167525 0↘↗입13.739.141.213.5905239.341.4112.5113.3 43 43 57 0   14.40   13.50 5  4  1BN동55.04831712-2.4 4.6 2.2828213 0전개선전거리속성 5   010 3 3 2 2 2 3⑤1:52.5¾    .314.341.414.5  4 -4  .06 5 1  0  .74221604273 2 8 1 11 2 4.09 5.03 1.9 5.1  9.9  152.9  303.6  383.410.53776 3 8 8 3▲ 1.142.00 -.2932.97113.324.9340.1053.4833536521.3341.2953.49 1
20260302월 7170011국553 2105 5혼전 4431비  다습10 9 4컴플리트브로    피스룰즈포트스덕 3634.00한거 5 0 0 1 1   88      33000국5강성오장석영   0 5 8 5 212 1 2 1 7  0임기원48051.088우선적79 80 806266.064.033.31938102455 92224282225 72332167525 0↘↗입13.739.141.113.5895739.740.4110.4112.1 43 57 43 0   14.30   13.90 5  0 -2NU동55.04831712-2.4 4.6 2.2828214 0숨은복병거리속성64기 0 6 3 3 3 3 3 3④1:50.41¾   .314.439.913.5  3 -9  .09 4 1 -2 1.01139322369 2 4 3 42 1 6.02 4.10 2.9 7.4 11.8   30.5   56.9  142.6  .02082 0 8 8 0▲ 1.141.80  .2331.94113.211.2821.9033.3320425813.4128.9040.57 3
20260124토 8170011국541 6 95 6혼전 4451맑음건조 3 9 4컴플리트브로    피스룰즈포트스덕 3634.00한거 5 0 1 2 1   77      33000국5강성오장석영   0 6 7 4 112 7 2 1 6  1조한별48952.561강선적95 95 956570.059.033.11423112455 92224211425 71221187525 0→↘입13.639.141.013.5896139.341.1112.7113.3 50 67 5017   13.50   13.20 5 -1  1NNUP55.04831712-2.4 4.6 2.2828214 3승군시기거리속성 5   0 6 2 2 2 2 3 3④1:52.7목    .714.340.313.9  1  3  .00 4 3 -4 1.94524513361 1 6 1 51 7 1.09 5.01 2.6 5.4  2.6   29.2   46.0   43.410.53071 2 8 7 2▲  .741.90  .2833.15113.110.1921.0633.14 8172918.7532.9942.86 3
20251220토 8140011국512 5 65 7혼전 4451비  포화16 9 4컴플리트브로    피스룰즈포트스덕 3634.00한거 4 0 0 2 1  10016:05 33000국5강성오장석영   0 7 6 3 112 6 2 0 5  0조한별48652.061우도적82 81 818542.049.020.31423112455 92224211425 712211899 0 0→↘입13.636.540.013.1882736.539.1 86.2 88.0 60 60 6020   13.60   14.30 5  3 -5LUUP56.04811412 -.6 4.4 3.8666613 1전개최상승군시기 5   0 7 3     3 3 2②1:26.23     .013.538.213.2 -5 10  .00 2 7  5  .61924371882 210 4 82 6 3.07 4.07     6.1 10.4   40.3   96.0   22.9  .03476 1 5 5 1―  .139.20  .0711.5288.93 4.5812.4520.33 1 613 7.0717.5425.14 6
20251115토 8130011국544 7 95 8혼전 4451맑음건조 3 9 4컴플리트브로    피스룰즈포트스덕 3634.00한거 4 1 1 2 1  125      24750국5강성오장석영   0 8 5 2 212 5 2 0 4  1조한별47657.061우도적91 87 879364.057.035.71423112455 92224211425 712211899 0 0→↘입13.736.739.713.1944137.039.4 82.7 82.6 50 50 75 0   13.50   13.40 9 -4  3HN동56.04811312-1.3 5.0 3.8666613 0부중유리전개최상 5   0 4 2     2 2 1④1:22.7½    .513.639.614.3  2-11  .00 4 2 -1  .52520563267 1 8 1 41 5 4.03 9.08 3.2 5.6  6.4   11.3   24.7   31.9  .04177 1 7 6 1△  .540.30  .09 6.1582.9011.9924.8535.6910223515.7129.2745.99 3
20250914일10130010국551 2105 9 2강 2251맑음다습12 9 4컴플리트브로    피스룰즈포트스덕 3634.00한거 4 0 0 2 2  286      24750국5강성오장석영   0 9 4 1 112 4 1 0 3  0조한별48754.058기도보88 87 877382.056.030.5 950 42540162224211425 712211899 0 0↗→입13.736.740.113.2972437.138.7 80.5 81.8 33 33100 0   13.60   13.50 4  5 -3BUUP57.04791312-1.0 5.7 4.7595912 1전개최상기복전력 5   0 8 1     1 1 1①1:20.5코    .013.538.213.4 -2  5  .00 1 3  2  .0 825301475 110 2 41 4 3.02 8.09 2.9 6.6  4.7    6.8   14.8   23.2  .03462 0 7 5 0―  .540.10 -.03 5.0383.16 8.2519.2130.53 8223319.8336.1250.91 3
20250816토 3120011국611 8 6510 1강 1151맑음다습12 9 4컴플리트브로    피스룰즈포트스덕 5823.00한거 4 0 0 2 2  38612:50 16500국6강성오장석영   010 3 3 312 3 0 0 2  0조한별48257.060하도적45 72 729585.072.071.1 950 42540162224211425 712211899 0 0↗→입13.836.639.913.695 836.538.3 75.2 74.6  0  0100 0   13.70   13.90 5  1  0VU동57.04751212-1.5 8.0 6.5414112 0전개최상전개최상 5   0 3 1     1 1 1①1:15.22    -.413.638.513.5  0  7  .00 1 1 -9  .0 613311094 411 2 11 3 1.05 3.06     7.7  2.3    9.0   13.2   20.7  .04178 0 8 6 0▲ 1.638.50-1.48-1.9076.3434.5957.8071.1138597122.2239.6234.57 1
20250713일 2120011국653 810511 2강 2252흐림건조 4 9 4컴플리트브로    피스룰즈포트스덕 5823.00한거 4 0 0 2 3  46411:00 16500국6강성오장석영   011 2 2 212 2 0 0 1  0조한별47557.065하도하 5  5  59235.042.020.21050 61450 62224211425 7122118      →↗입13.736.640.515.797 236.639.3 76.4 75.9  0  0100 0   13.70   16.00 5 -4  0HH동       1212 4.0 6.010.0 7 712 0일반주행전개최상 5   0 2 3     2 3 6③1:16.41¼   .213.740.113.9 -7 -8  .00 310  4  .34216664274 11111 51 2 5.06 9.05     6.4  9.2   53.9  137.9 1213.2  .04164 0 4 3 0― -.638.90 -.35-1.2076.67 4.9811.6120.15 81729 4.9515.7923.88 4
20250608일 1120011국651 710512 2강 2259맑음건조 3 9 4컴플리트브로    피스룰즈포트스덕 5823.00한거 4     2 3  56310:35 16500국6강성오장석영   012 1 1 112 1 0 0 0  0조한별48357.065평무보20 35 3528  .031.011.71050 61450 62224211425 7122118      →↗입14.137.239.913.469 136.342.1 79.5 78.4              14.10   13.70        LN동       12 0         5.0     0 0일반주행보통주행 5관 0 6 3     1 110⑩1:19.54    3.313.743.216.0  4  0  .0010 6  0 3.693 6989410 41010 81 1 1.0810.08     8.7  3.6   17.3   30.5  192.2  .015 9-3 2 3-3▼-1.339.10 -.12 1.2676.67 1.35 4.7311.72 1 4 811.8822.2251.11 5
20260815토 9140011국4 4 4  3 0혼전 4451           9 5스마트뮤직      더킹    메니뮤직 3443.00한수 4 0 0   1    019:25 33000국4박재우박민지   2 016 1 715 1 3 015  0코지     54.585기추적50 36 362120.047.019.42854181845 9221220 02113233119204020↗↘입13.937.239.513.83222                   23 38  838   13.60   13.60 5 -2 -1NHDN54.54441714 -.2 8.2 8.0363613-2마방기습기복전력 1   0 5                            13.6    13.6        .0                      10 811 8  1                                              .03143 0 4 6 0― -.339.50 -.02     89.07 5.2511.8419.42 2 714 3.2610.4218.39 9
20260712일 8160010국511 7 63 1혼전 4451맑음다습10 9 5스마트뮤직      더킹    메니뮤직 3443.00한수 4 0 0 2 1   63      33000혼4박재우박민지   2 115 3 215 1 3 014  0마이아45255.093기추하53 53 531473.070.054.23452161845 9221247 021133532 8252525↘↗선13.937.139.913.8232736.639.8100.9102.5 25 42  842   14.60   12.90 9 -1 -1NHUP54.44421714  .4 8.4 8.8292913 2일반주행마방기습40기 0 7 2   2 4 3 2④1:40.9½    .213.639.013.6 -3 -8  .00 4 7 -1  .33459546075 9 5 7 22 1 9.0210.02 2.2 7.3 23.2   91.2  192.1  269.010.63786 3 8 9 3▲ 1.639.90 -.9025.47103.624.5042.0354.2037566917.0231.5344.81 2
20260510일 6140010국541 6 93 2 1강 1155맑음건조 5 9 5스마트뮤직      더킹    메니뮤직 3443.00한수 4 0 0 2 1  165      33000국5박재우박민지   2 214 2 615 1 3 013  0조상범46055.557기추상21 27 2721 9.038.012.4 926 61845 9221214162113132217252525↗→입13.837.239.313.8294137.243.5 93.7 94.0 27 36  945   14.60   14.70 5  0 -1NNDN54.44421714  .6 7.4 8.0404013-3일반주행기복전력44기 0 8 7     81010⑨1:33.77    5.713.843.715.8  1  1  .00 9 8 -3 5.999539999 4 9 4 5 80 1 1.02 7.06 3.2 5.6  3.2    7.0   11.2    7.7  .01535 0 2 4 0― -.939.80  .2917.4988.93 2.54 6.9712.42 2 714 2.88 5.6310.61 9
20260405일 8170011국452 5103 3혼전 4451맑음양호 6 9 5스마트뮤직      더킹    메니뮤직 3443.00한수 4 0 0 1 1   86      33000국4박재우박민지   2 313 1 315 1 3 012  0김태희45956.061기추적 7  3  318 6.029.0 7.91145 61845 92212 8 02113152416252525↘→입13.839.740.913.7495240.341.4113.3114.1 30 40 1050   14.40   15.1012  4  3NN동54.44421714  .6 6.6 7.2404013 0일반주행휴양불리54기 0 8 5 5 7 7 8 8⑩1:53.3머리 1.114.641.414.7 -1-10  .001011  4 1.56469607049 6 411110 1 4.09 5.03 1.9 5.1  9.9  152.9  303.6  383.4  .015 8-3 2 2-3▼-1.741.50  .5933.45113.5 1.20 2.76 7.90 1 2 5 1.33 6.4512.7911
20260111일 7170011국533 9 83 4혼전 4451맑음양호 6 9 5스마트뮤직      더킹    메니뮤직 3443.00한수 4 0 0 2 2  224      33000국5박재우박민지   2 412 2 215 2 3 011  0권중석46953.058평추상50 51 518155.060.032.41575 01660 5221213 02113181819252525→↘선13.840.140.213.7258739.743.8118.1117.6 33 56  056   14.60   14.10 9 -7  0HUUP54.44421714 -.2 5.4 5.2595913 3숨은탄력작전마주 5기 0 4 3 3 4 91011⑪1:58.19    5.514.444.215.1  4  7  .0011 7 -1 5.698399494 811 1 4 40 2 2.06 5.10 2.8 5.1  3.7   19.5   26.9   55.012.73271 2 7 8 2▲ 1.141.60  .1937.26113.310.9921.7732.36 31121 7.6920.0030.87 4
20251108토 8140011국422 5 73 5혼전 4451흐림건조 3 9 5스마트뮤직      더킹    메니뮤직 3443.00한수 3 0 0 2 1  19016:05 33000국4박재우박민지   2 511 1 515 1 3 010  0권중석46253.067우추보36 42 426434.039.013.41341 51845 9221213 02113181819252525↘→선13.937.438.513.6138537.239.4 88.6 89.1 38 63 1375   15.20   13.30 9  3 -3VU동54.44421714  .0 4.2 4.2676713 0최빈거리작전마주68기 01111    1010 6⑥1:28.6머리  .914.639.114.1 -2  3  .00 6 8  0 1.0566153585511 1 7 93 1 9.01 3.10     3.6 62.8  104.7  312.0  240.8  .02063 0 5 5 0― -.838.60  .6313.2488.52 2.76 6.3813.39 2 610 3.7412.0917.55 8
20250906토11140011국554 5103 6 1강 1151비  포화16 9 5스마트뮤직      더킹    메니뮤직 3443.00한수 3 0 0 1 2  316      33000혼4박재우박민지   2 610 6 415 1 3 0 9  0김성현45955.562우자하30 31 315915.038.013.8 620 41660 52212 0 02113162319252525→↗입13.937.138.613.6387639.038.2 87.5 89.7 43 57 1457   14.90   15.20 5  6 -2LN동54.44421712  .0 2.8 2.8797913 0승부최상작전마주36기 0 811    111111⑧1:27.5¾   1.315.237.313.3  0  7  .00 8 8  4 1.47099137041 9 1 9 93 1 2.09 7.03 3.0 6.5  4.6   56.6   78.2  129.7  .03451 0 4 2 0― -.939.00  .7313.9688.38 3.09 8.0813.82 2 610 2.80 7.6914.61 8
20250802토 51400 9국554 5103 7혼전 4451맑음건조 3 9 5스마트뮤직      더킹    메니뮤직 3443.00한수 3 0 0 1 3  407      33000혼4박재우박민지   2 7 9 5 315 1 3 0 8  0장추열45257.593우자하81 79 798679.068.055.33047 41328 3221233312113202722252525↘↗입13.937.238.613.6347637.741.9 91.9 92.1 43 57 1457   14.50   13.60 9 -2  0ULDN54.44421712 -.2 3.0 2.8808013-2편성탐색승부최상74기 1 2 8     7 8 8⑨1:31.9½   4.414.941.615.2  5  4  .09 9 4  1 4.696809497 5 6 1 2 10 6 3.01 7.08 3.4 7.7  4.9    7.9   17.9  105.1  .04698 3 9 9 3★ 1.539.40 -.4116.2688.4525.2644.2455.3018375316.6733.3339.67 2
20250531토 61600 8국441 3 93 8 2강 2251맑음건조 4 9 5스마트뮤직      더킹    메니뮤직 3443.00한수 3 0 0 9 3  58815:15 33000국4박재우박민지   2 8 8 4 115 1 3 0 7  0해리카44857.574강추적75 74 741457.055.031.61840 91328 3221222 02113172612252525→→입13.936.839.313.6405236.738.4102.9102.3 50 67 1750   15.10   13.60 5  1  0HLDN54.44421712-1.0 3.6 2.6858513-1전개최상부중잇점33관 1 4 7   7 7 7 5⑤1:42.91¼   .814.538.713.6  2  2  .00 5 3  2 1.03065181954 6 3 3 50 1 1.07 2.05     4.4  2.0   14.1   22.1   20.0  .03456 1 7 7 1―  .439.30  .0326.15103.1 7.7718.7931.55 51325 5.8819.2131.68 4
20250427일10170011국421 2 73 9혼전 4451맑음양호 6 9 5스마트뮤직      더킹    메니뮤직 3443.00한수 3 1 1 9 4  67917:30 33000국4박재우박민지   2 9 7 3 115 5 3 0 6  1장추열44657.593강추보60 68 689265.066.049.94369 5215010221233312113202722252525↗↘입13.939.740.213.6508540.740.1112.5113.7 50 67 1750   14.60   13.90 9 -3  1HBUP54.44421712-1.3 4.3 3.0828213 3유망전력전개최상 1기 0 3 8 8 8 81010⑧1:52.51¼  1.315.139.713.6  7 -2  .01 8 1 -6 1.55483254941 9 1 4 20 5 2.0910.07     3.5  3.9   51.3   93.1  186.4  .04177 3 8 9 3▲ 1.341.40 -.0133.77113.020.6737.4949.8818375314.2928.2739.34 3
20250223일 8140013국454 110310혼전 4451맑음건조 3 9 5스마트뮤직      더킹    메니뮤직 3443.00한수 3 1 1 9 5  87016:05110000국4박재우박민지   210 6 2 215 4 3 0 5  1장추열44857.093우자보89 97 977376.070.038.42739 3254019221233312113202722252525↘↗입13.936.938.913.5566137.838.6 89.1 89.7 60 80 2060   13.60   13.90 8  4  4NB동54.44421412-1.3 5.0 3.7787814 0부중유리마방선전 1   0 613    1313 9⑥1:29.1½   1.114.638.813.9 -1 -1  .00 6 7  6 1.2718222454511 3 4 13 410.04 2.01     5.6 38.1  170.2  457.4  278.910.53783 3 8 9 3▲ 1.539.20  .0413.9488.4517.7430.9838.36335365 9.2019.9426.09 4
20241229일 6140011국443 4 9311 3강 3351맑음건조 4 9 5스마트뮤직      더킹    메니뮤직 3443.00한수 2 1 1 9 6 102614:50 33000국4박재우박민지   211 5 1 115 3 2 0 4  1장추열44953.086우입상90 91 917486.066.042.63054192643142212333121132027223333 0↗↘입13.937.438.913.2196136.439.0 87.9 87.9 50 75  075   14.10   12.60 5 -7 -2UUUP54.84401412-2.0 7.0 5.0686813 1승부최상작전마주 1기 0 2 6     7 5 1①1:27.93    -.613.639.213.9  0  3  .00 1 1 -1  .01313381294 9 3 2 23 3 1.05 2.03     9.2  2.5   10.7   16.3   66.8  .03787 3 9 9 3★ 1.338.30 -.4111.6188.8017.2031.2742.6013294618.1834.8847.91 2
20241123토 5130011국513 1 1312 2강 2253맑음건조 4 9 5스마트뮤직      더킹    메니뮤직 3443.00한수 2 0 0 2 6 114814:00 24750국5박재우김태성  9912 4 1 115 2 1 0 3  0장추열44654.586우입보92 94 948888.068.068.0305419264314222433 021132027225050 0↗↘입13.937.439.013.2546538.435.6 80.9 81.4 33 67  067   13.70   12.80 4  6 -1BUUP55.04371312-5.010.0 5.0737312 1승부최상승부최상 1기 0 9 8     7 4 2①1:20.91½  -.214.136.312.6 -1  9  .00 1 2  1  .0 283 1 088 7 3 1 20 2 2.01 9.08     2.8  5.5    2.8    7.9   17.7  .04792 4 9 9 4☆ 1.639.30 -.80 4.9682.9030.7554.0667.9919405537.3368.0353.63 1
20241026토 3120011국620 7 2313 2강 2259맑음다습14 9 5스마트뮤직      더킹    메니뮤직        한수 2 0 0 9 7 123611:25 16500국6박재우김태성  9913 3 3 315 1 0 0 2  0장추열43755.091우입보85 35 3578  .074.095.31837 62143 7222433 02113202722 099 0→↗입14.037.838.013.2 89436.836.7 73.6 73.3  0 50  050   14.10   12.80 4 -3  0UU동55.04361212         5.0    12 0일반주행승부최상 1   0 3 2     2 2 1①1:13.68   -1.313.736.912.8  0  0  .00 1 1 -3  .0 123 1 098 6 4 9 11 1 1.02 3.08     1.9  1.7    1.9    2.8    4.8  .04997 4 8 9 4▲ 2.036.90-1.78-2.5375.9544.2475.9395.3337566912.9024.7239.81 1
20240928토 2120012국641 3 9314혼전 4455맑음건조 5 9 5스마트뮤직      더킹    메니뮤직        한수 2 0 0 9 7 132411:00 24750국6박재우김태성  9914 2 2 215 1 0 0 1  0임기원43755.084평입상52 35 3548  .062.033.11633112143 7222426 02113233216 099 0→↗입14.037.438.613.2386938.037.3 74.9 75.5  0  0  0 0   13.90   13.30 6 -2  0NU동55.04361212         5.0    12 0신뢰마주부중잇점 1기 1 6 6     7 7 6⑤1:14.9½    .614.137.212.8  1  1  .00 5 4 -6  .82784 62359101010 50 1 3.02 2.12     4.7  3.9    4.8   10.7    5.0  .02684 1 5 6 1―  .938.00 -.11 -.5076.0611.0322.2133.14122641 8.3316.6725.00 6
20240817토 1120010국441 5 9315혼전 4455맑음건조 4 9 5스마트뮤직      더킹    메니뮤직        한수 2     2 8 143010:35 24750국4박재우김태성  9915 1 1 115 1 0 0 0  0김효정43655.070평무보   35 3540  .045.021.91843 72343 3222418182113192217      →→선14.036.738.512.9    37.338.6 76.0 76.2              14.00   13.20        LN동       12 0                 0 0일반주행신뢰마주 1기 1 8 4     3 5 6⑤1:16.0½    .313.938.913.3 -5  9  .00 510  0  .35250444371 2 2 3 72 1 8.03 6.09     6.0 22.6   34.3  102.5   39.7  .02749 0 5 4 0― -.138.90  .65  .9975.61 5.2311.6021.89 3 81710.3420.7532.41 7
20260815토 9140011국4 4 4  2 0혼전 4451           9 6한우리          컬러즈플러브마이 4535.00한수 5 0 0   1    019:25 33000국4김동철김경철   0 016 11422 2 3 122  0오수철   56.061평자보50 44 44 8 8.033.0 7.6 720 627571417 0 0 01614112215434314↘↗입13.937.339.413.91933                   32 37 1137   14.80   14.50 7 -4 -2NNDN54.64941814-1.8 7.4 5.6474714-2최빈거리최적거리 1   0 6                            14.8    14.5        .0                      11 5 911  3                                              .014 9-3 2 2-3▼-1.439.40  .27     89.07 1.22 3.29 7.58 1 2 5 2.17 5.21 9.6811
20260628일 8160010국551 8102 1 1강 1159맑음건조 3 9 6한우리          컬러즈플러브마이 4535.00한수 5 0 0 9 1  103      33000혼4배휴준김경철   0 115 3 322 1 3 121  0오수철51157.561평자상47 49 491460.057.044.0 720 6 833 810 010 011 9112215434314↘↗입13.937.340.013.8112736.240.1102.9103.2 33 39 1139   14.30   13.90 3  6  5VBUP54.64941814-2.0 8.8 6.8404014 2착차만회단기승부66기 01010  101010 5③1:42.93     .514.840.414.5 -1  1  .00 3 4 -3 1.65736635967 9 4 2 23 2 1.05 2.03 3.1 6.6  3.1   10.4   17.0   24.112.03049 2 6 7 2―  .840.00 -.8025.88103.814.2628.6843.9820425823.8838.1053.16 2
20260606토 71400 8국523 6 22 2 3강 3352맑음양호 6 9 6한우리          컬러즈플러브마이 4535.00한수 5 0 0 1 1   34      33000국5배휴준김경철   0 214 21322 2 3 120  0조성환51053.053기자적 9  9  918 4.030.014.3 718 6 833 810 0 0 011 9101519503317↘→추13.837.439.313.8153737.538.9 88.4 88.6 29 47 1235   14.70   14.80 2 -1 -1HHDN54.84911814-1.0 8.4 7.4323214-4승군불리기복전력15관 0 4 6     6 5 4④1:28.4코    .114.339.013.9 -3  5  .00 4 7  1  .63171294176 7 4 7 72 4 5.01 3.05 1.7 1.8 15.1   11.4   51.6    6.6  .02722-1 2 1-1▽-1.238.40  .1111.8689.07 2.51 7.1914.33 2 612 1.59 4.7610.50 7
20260524일 7180010국453 8 52 3 2강 2251맑음다습10 9 6한우리          컬러즈플러브마이 5144.00한수 5 0 0 2 1   24      33000국4배휴준김경철   0 313 1 222 1 3 119  0조성환50553.553평자하17 11 11 9 7.034.013.9 718 6 833 810 0 0 011 9101519503317↘→추13.840.540.213.8195240.841.9122.2121.6 31 44 1338   15.00   14.00 3 -2 -4NH동54.84911814-1.8 8.4 6.6414114 0일반주행거리속성72기 1 5 7 7 7 8 810⑧2:02.2½   3.114.743.014.8  2  4  .00 8 6  0 3.49275798813 8 3 6 70 3 1.02 4.06 2.5 4.1  2.5    4.1    7.5   38.0  .01528 0 2 3 0―-1.040.80  .1940.88118.8 2.36 7.3113.85 2 716 1.77 4.7411.38 7
20260503일 7180010국511 3 12 4혼전 4458흐림다습11 9 6한우리          컬러즈플러브마이 5144.00한수 5 0 0 1 1   44      33000국5배휴준김경철   0 412 4 122 1 3 118  0오수철50157.560평자상20 17 1714 5.033.010.6 720 6 833 810 010 011 9112215503317↘↗입13.840.440.113.9285741.539.7119.0119.4 31 44 1325   14.30   14.30 4 -4  7NBUP54.84911814-2.0 8.0 6.0545414 4일반주행탐색우려45기 0 7 7 7 8 8 8 8⑧1:59.0¾   1.315.040.414.0  2 -1  .01 8 6 -3 2.15990286140 8 2 4100 1 1.02 8.06 1.3 2.1  1.3    2.1    2.7    8.5  .015 5-3 1 1-3▼-1.240.60  .3138.85118.7 1.53 5.0210.56 1 4 9 1.52 4.11 9.0510
20260404토11140011국353 6102 5혼전 4451맑음양호 6 9 6한우리          컬러즈플러브마이 4535.00한수 5 0 0 1 1   74      41250국3배휴준김경철   0 511 31222 2 3 117  0조성환50251.053평무상49 54 542715.041.018.5 718 6 833 810 0 0 011 9101519503317↘→추13.837.238.813.8306538.239.6 89.7 90.1 33 47 1327   14.20   12.7014 10  0VUUP54.84911614-2.0 8.0 6.0545414 2최빈거리휴양불리51관 011 9     910 8⑦1:29.74    2.114.339.714.3 -2 -9  .00 7 9 -2 2.67893568325 8 3 8 83 2 1.0210.02 2.8 6.3  2.8    6.5   12.7    7.8  .02241 1 3 3 1― -.339.00  .4414.0988.59 4.3110.3918.48 2 612 2.59 7.1113.35 8
20251228일 9120011국344 4 92 6 2강 2251맑음다습12 9 6한우리          컬러즈플러브마이 2926.00한수 4 0 0 9 2  265      41250국3김동철김경철   0 610 2 122 1 3 116  0조성환51151.053우무보61 38 3834 4.026.0 6.6 599 026751217 0 0 01614101519503317→↘추13.837.537.913.7248938.037.9 74.1 76.2 36 50 1429   14.00   13.60 2 -1 -3UUDN54.84911614 -.6 6.8 6.2474714-2일반주행부중잇점 5기 0 110     9 8 9⑥1:14.1¾    .614.237.112.7 -5  5  .00 611  0 1.0538416406511 3 9110 1 1.02 6.08 3.1 6.2  3.1    6.2   10.9   61.0  .01539-2 2 2-2▽-1.538.10  .97  .8175.72 1.03 2.95 6.61 0 1 5  .61 2.03 5.1610
20251213토10140011국334 2 82 7혼전 4451비  불량20 9 6한우리          컬러즈플러브마이 4535.00한수 4 0 0 2 1   35      41250국3김동철김경철   0 7 9 11122 2 3 115  0조재로50653.588평선하45 28 286123.044.019.333531327571417 022131614192522503317↗↘입13.937.138.813.7426937.340.0 86.9 89.1 38 46 1531   14.90   13.70 5 -9  2UN동54.84911614 -.6 5.8 5.2474714 0교체실패최적거리73기 0 2 9    101010⑨1:26.91½  1.714.038.913.6 -2  9  .00 911  6 2.85260707329 9 2 8 80 3 1.10 4.08     3.8  2.0   46.9   78.2  462.0  .01939-1 5 4-1▽ -.438.90  .4713.2088.52 4.7510.2119.26 1 613 6.1713.3322.68 8
20251108토10140011국431 2 82 8혼전 4451흐림건조 3 9 6한우리          컬러즈플러브마이 4535.00한수 4 0 0 2 1  145      41250혼3김동철김경철   0 8 8 81022 1 3 114  0조재로49752.088평선상78 55 556250.060.027.433531327571417 022131614192522503317↗↘입13.937.038.913.7476537.739.0 88.1 89.3 42 50 1733   14.90   13.40 8  9  0VU동54.84911614 -.4 5.6 5.2525214 0착차만회최적거리64관 01111     9 9 8⑦1:28.1¾   1.514.938.513.7  2 -3  .00 7 5 -1 1.75978385734 8 3 5 50 2 7.01 9.07 2.8 4.5 22.1   14.5   48.4   61.0  .02580 1 6 7 1△  .739.00  .2613.4088.52 7.5516.3727.39102236 7.1416.7424.37 6
20250913토101400 8국441 3 42 9 2강 2251맑음포화17 9 6한우리          컬러즈플러브마이 4535.00한수 4 0 0 2 2  296      41250혼3서인석김경철   0 9 7 7 922 1 3 113  0정정희50052.081평선하20 15 155420.044.020.72148121426 4182415 019122024156040 0↘→입13.936.938.913.7566137.838.5 85.9 88.1 45 45 1836   14.30   14.90 7  1  0UU동55.44891614  .0 4.6 4.6606014 0숨은복병최적거리37트 0 2 8     8 7 5④1:25.94     .814.937.513.4 -2 -6  .00 4 6  2  .91883214354 5 4 8 73 6 2.04 6.07 1.8 3.4  4.1   15.9   25.9    5.9  .01953 0 4 4 0― -.338.80  .4812.3088.45 4.3811.2020.71 2 716 2.38 8.3017.43 7
20250727일13140011국354 2 5210혼전 4451맑음건조 3 9 6한우리          컬러즈플러브마이 4535.00한수 4 0 0 9 3  41317:25 41250국3서인석김경철   010 6 6 822 1 3 112  0조재로50652.086우선보63 70 706866.055.021.62844181739101824251319121925226040 0↘→입13.936.938.913.7556537.841.0 89.4 90.9 45 45 1836   13.90   13.80 3 -2  0UU동55.44891614  .6 3.4 4.0636314 0거리내려최적거리74기 1 1 9     8 5 8⑩1:29.44    3.614.340.414.9  6  6  .0910 4 -3 3.790828894 710 5 8 80 1 3.02 9.06     4.9  5.6   11.7   26.6    8.7  .02286 1 6 7 1△  .439.40  .4615.1488.45 5.9113.0221.64 2 714 7.0516.8426.45 7
20250706일 91400 9국334 3 8211혼전 4458맑음건조 3 9 6한우리          컬러즈플러브마이 4535.00한수 4 0 0 1 3  47717:00 41250국3서인석김경철   011 5 5 722 4 3 111  0정정희50052.076우선하61 52 527551.050.033.2247110173910182415 019122024156040 0↘↘입13.836.938.813.6527337.039.2 87.5 88.6 40 50 2040   15.20   13.60 4  1  0HUDN55.44891614 -.4 3.4 3.0747414-2일반주행거리내려40트 0 3 5     6 3 3④1:27.5목    .013.938.813.8 -3  2  .00 4 7  2 1.03341463880 8 1 2 52 5 4.03 8.07     5.8  9.7   13.2   28.6   18.7  .01854 0 6 6 0―  .038.90  .2312.8688.38 9.4821.5033.22 5132215.3828.9542.15 2
20250608일 81600 9국342 4 4212 1강 1151맑음건조 3 9 6한우리          컬러즈플러브마이 4535.00한수 4 0 0 2 3  55617:00 41250국3서인석김경철   012 4 4 222 3 3 110  0정정희49852.076우선상71 67 671459.052.033.0247110173910182415 019122024156040 0↘↘입13.836.439.113.6596536.338.7103.0103.0 44 56 2244   14.00   14.00 5 -1  0UUUP55.44891614  .0 2.4 2.4868614 2일반주행추입유리59기 2 2 9   9 9 9 8⑦1:43.03    1.715.238.813.6  2  0  .00 7 5 -1 1.95535261732 5 4 4 50 4 3.04 7.06     3.5  7.1   16.3   38.9    9.6  .01942 0 6 7 0―  .139.10  .2827.48102.8 9.1322.1133.03 81729 9.8219.2335.84 5
20250504일 9140011국354 210213혼전 4451맑음다습13 9 6한우리          컬러즈플러브마이 4535.00한수 4 0 0 1 4  65917:00 41250국3서인석김경철   013 3 3 622 2 3 1 9  0정정희49852.075우선보90 87 879067.060.031.61740 4214411182415 019122024156040 0↗↘입13.836.738.613.2699137.239.9 87.2 89.4 50 63 2550   14.10   14.00 4  0  0UU동55.44891614 -.2 1.8 1.6888814 0전개최상최적거리 1기 0 3 8     8 8 6④1:27.22    1.614.038.814.0 -2  8  .00 4 6  2 2.46255676932 7 2 4 63 3 3.01 2.05     5.6  5.8    6.7   15.6    8.512.73486 2 7 8 2▲  .839.30  .5014.1088.11 9.1119.8031.63 5132210.4820.2429.19 6
20250406일 8140011국324 1 7214혼전 4451맑음포화17 9 6한우리          컬러즈플러브마이 4535.00한수 4 0 1 1 4  74416:05 41250국3서인석김경철   014 2 2 522 1 3 1 8  1정정희49052.075강선하57 53 539249.053.028.91740 4214411182415 019122024156040 0↗↘입13.836.838.613.2669137.239.4 86.9 89.0 57 71 2957   14.20   15.00 4 -2  0UU동55.44891613 -.2 2.4 2.2848414 0승군불리전개최상 1관 0 3 8     7 6 5⑦1:26.9½    .714.138.814.0  3  1  .00 7 4  1 1.34856515457 5 1 9 40 2 8.01 2.04     4.3 25.9   35.1  141.1   33.612.74184 2 7 6 2△  .339.10  .5213.5988.18 9.4019.5528.89 51322 8.3319.1031.68 6
20250308토 8140011국344 2 9215혼전 4451맑음다습11 9 6한우리          컬러즈플러브마이 4535.00한수 4 0 1 2 5  83817:00 41250국3서인석김경철   015 1 1 422 1 3 1 7  1씨씨웡48952.085우선보96 93 937871.056.028.12658131946 7182425 019122125226040 0↘↘선13.836.838.713.2658737.141.5 88.5 90.7 57 71 2957   13.70   13.50 4  0 -2NUDN55.44891613  .6 3.2 3.8717114-2승부최상최적거리 1기 0 5 9     5 4 9⑩1:28.58    2.514.240.415.0  7  4  .0210 3  2 3.38850929216 7 3 2 50 2 2.06 9.11     7.2  5.2   53.4   86.3  270.410.53481 0 7 7 0―  .439.50  .4915.2088.25 8.2817.7728.13 8172910.9224.6934.71 4
20260815토 9140011국4 4 4  5 0혼전 4451           9 7남산미남        콩코드포빅토리캠 7127.00한거 5 0 0   1    019:25 33000국4강성오이강운   1 013 1 512 1 3 012  0권중석   53.567기선보50 58 588749.056.030.51341 52455 9222638 025 71818198020 0↘→선13.736.339.813.79333                   30 30 6010   13.40   13.60 8 -3 -4NHUP55.15521412-1.6 4.2 2.6808014 2전개최상기복전력 1   0 7                            13.4    13.6        .0                       111 7 6  2                                              .03475 1 6 7 1△  .539.80  .04     88.66 9.7420.8430.51 51322 8.7019.7932.90 5
20260621일10120011국552 5105 1혼전 4451맑음포화16 9 7남산미남        콩코드포빅토리캠 7522.00한거 5 0 0 2 1  121      33000혼4강성오이강운   1 11210 612 1 3 011  0김용근54857.586기도적50 54 549452.063.040.22754142455 92226232725 73126147525 0↘↘선13.636.538.913.7945236.539.3 73.9 76.1 33 33 5611   13.90   13.4033 -1  4LBDN54.55541412-1.8 4.2 2.4797914-2일반주행전개최상 5기 010 3     2 2 3⑤1:13.92½   .513.438.213.6 -1-12  .00 5 6  3  .84714654066 1 6 7 31 3 1.08 4.11 3.5 5.1  3.5   23.7   31.5   54.612.74172 2 7 7 2△ 1.039.10  .02  .6875.7215.1328.6740.24122641 8.0018.2831.74 5
20251102일 6140011국544 7 95 2 3강 3351맑음양호 6 9 7남산미남        콩코드포빅토리캠 7127.00한거 4 0 0 1 4  668      33000국5강성오이강운   1 211 9 412 1 3 010  0권중석56053.559기도보76 80 809266.063.030.8 0 0 0255814222638 025 71818197525 0↘→선13.636.340.013.7932436.440.3 89.8 89.2 33 44 5611   13.40   13.90 4  7 -3VH동54.55541412-1.4 5.2 3.8666614 0전개최상전개최상 5기 011 1     1 2 5⑧1:29.82½   .813.740.514.3  5 -1  .09 8 3  1 1.05413734959 110 3 51 1 1.06 7.08 2.5 6.9  2.5   11.7   19.6   24.312.24185 0 8 7 0▲  .939.70 -.0912.9188.8010.2120.8130.75102235 9.7320.0027.47 3
20251003금 9140011국552 6105 3혼전 4451흐림다습11 9 7남산미남        콩코드포빅토리캠 7127.00한거 4 0 0 1 2  234      33000혼4강성오이강운   1 310 8 312 2 3 0 9  0김용근56156.581기도보62 68 689464.068.043.32045 82540162226232725 73126147525 0↗↘선13.636.440.013.7892436.139.9 87.5 88.4 38 38 5013   13.40   13.80 4 -3  4UN동54.55541412  .4 5.0 5.4505014 0전개최상전개최상79기 1 4 1     1 1 3③1:27.51¾   .313.439.613.9  1 -5  .00 3 2  0  .726 5683173 1 8 5 21 2 5.03 1.02 3.3 6.1  8.1   15.2   39.3   18.6  .04185 3 8 8 3▲ 1.439.40 -.4711.9888.8615.2230.0543.34183753 9.0920.9632.56 5
20250906토11140011국554 5105 4 1강 1151비  포화16 9 7남산미남        콩코드포빅토리캠 7127.00한거 4 0 0 1 2  316      33000혼4강성오이강운   1 4 9 7 212 1 2 0 8  0김용근56652.581기도적66 70 709593.070.063.22045 82540162226232725 73126146733 0↗↘선13.636.439.913.7873036.339.6 86.1 88.3 29 29 4314   13.30   14.30 3 -2 -3NU동55.25491412  .4 5.0 5.4505014 0선행반복전개최상56기 0 7 1     1 1 1①1:26.1½   -.113.438.713.8 -1 13  .00 1 2 -1  .022 8582591 1 8 3 11 1 2.09 7.03 3.0 6.5  4.6   56.6   78.2  129.7  .04196 3 9 9 3★ 1.639.40 -.9411.9688.8031.0850.9863.2333536535.5159.6270.13 1
20250816토 5140011국552 9105 5혼전 4451맑음다습12 9 7남산미남        콩코드포빅토리캠 7127.00한거 4 0 0 2 2  38414:40 24750국5강성오이강운   1 5 8 6 112 4 1 0 7  0김태훈55355.076기선적53 53 536973.060.031.41740 62540162226292925 71225215050 0↘↗입13.736.540.013.7882436.039.5 88.3 87.4 17 17 3317   13.50   13.70 5  8  0NHUP55.35481412 2.0 4.0 6.0454513 1선행실패기복전력34관 0 9 1     1 1 1①1:28.32½  -.413.340.014.3 -2 -1  .00 1 3  2  .0 4 3541397 210 7 51 4 3.02 9.01     5.4  7.7   15.3   28.0   10.912.73051 2 7 8 2▲  .939.10 -.2210.8688.93 9.6220.4531.4315324614.6829.0941.44 4
20250712토 41300 9국531 6 85 6 2강 2251맑음건조 5 9 7남산미남        콩코드포빅토리캠 7127.00한거 4 0 0 2 3  47113:45 24750국5강성오이강운   1 6 7 5 212 3 1 0 6  0김태훈55455.066기선적37 39 398880.055.041.72150111450 62226292925 71225215050 0↗↘입13.736.839.613.7944137.038.5 82.1 82.1 17 17 3317   13.60   13.80 4 -3  1UNUP55.35481312 3.0 3.5 6.5414113 1부중유리기복전력74기 0 1 1     1 1 2④1:22.1목    .013.538.613.7  3 -5  .09 4 1 -7  .1122224 983 1 8 7 31 3 3.04 8.02     5.1  3.7   16.9   33.1   17.2  .03173 1 6 6 1―  .540.00 -.09 5.6582.9013.4128.4041.6815324617.8238.3056.25 3
20250614토 5120011국554 3105 7 1강 1151맑음건조 3 9 7남산미남        콩코드포빅토리캠 7522.00한거 4 0 0 2 3  55014:40 24750국5강성오이강운   1 7 6 4 512 2 1 0 5  0김태훈55954.569기선적55 58 587870.054.032.12150111450 62226292925 712252199 0 0↗↘입13.736.739.112.9893336.938.6 75.1 75.9 20 20 4020   13.90   14.3011 -3 -1UUDN56.05361312 3.0 2.3 5.3515113-1일반주행기복전력53기 0 4 3     3 3 3③1:15.11½   .313.638.913.8 -5 22  .00 3 8  2  .94031453070 4 7 8 22 2 1.07 2.08     7.0  2.3   17.6   32.7  145.7  .02062 0 6 6 0―  .638.80  .03  .0775.9510.1020.9332.1312253812.5924.1529.73 2
20250329토 4130011국552 5105 8혼전 4451맑음건조 3 9 7남산미남        콩코드포빅토리캠 7127.00한거 4 0 0 9 4  77913:35 24750국5강성오이강운   1 8 5 3 112 1 1 0 4  0김태훈53755.569기선적 8 19 198125.046.019.61033 62558142226292925 712252199 0 0→↗입13.636.838.912.9936136.739.9 83.8 83.1 25 25 2525   13.70   15.50 7 -4  1NNUP56.05361312  .5 3.0 3.5717112 1일반주행작전마주 1기 0 7 1     2 2 2④1:23.81¼   .713.940.814.3 -2-10  .00 4 6 -1 1.64511694058 1 5 9 71 1 3.02 1.02     6.6  4.6    6.6   11.8   38.513.22051 0 5 5 0― -.340.30  .95 7.3882.45 4.6811.3719.64 41118 5.1013.2717.69 7
20250208토 4120011국544 4 95 9혼전 4451맑음건조 5 9 7남산미남        콩코드포빅토리캠 7522.00한거 4 0 0 1 5  92912:45 24750국5강성오이강운   1 9 4 2 412 1 1 0 3  0정정희54755.076기선적25 21 217225.041.013.51345 61463 02226123025 720241599 0 0→↗입13.636.639.212.9941237.041.4 78.9 78.4 33 33 3333   13.80   14.8016  6 -1NU동56.05361212 3.0 3.0 6.0434312 0전개최상기복전력 1기 011 5     5 510⑩1:18.99    3.013.742.115.5  3-11  .0010 7  6 3.69334959310 3 710 80 1 3.02 7.09     7.7  5.2   11.4   22.9   42.3  .03455-2 4 4-2▽ -.839.70  .54 2.5875.95 2.47 6.1613.54 2 714 4.8512.1520.25 7
20241013일 6120011국542 5 9510 1강 1156맑음건조 3 9 7남산미남        콩코드포빅토리캠 7522.00한거 3 1 1 2 7 126614:50 24750국5강성오이강운   110 3 1 312 3 1 0 2  1이동하55856.087우도적99 35 3599  .071.064.62538172540162226172125 725241999 0 0→→선13.636.738.412.9879837.041.0 77.4 78.0 50 50 5050   13.60   13.20 4 -6  0NU동56.05361212         1.0    12 0부중효과전개최상 1기 0 5 6     4 4 5⑨1:17.44    2.813.840.714.8  8 22  .00 9 1 -2 3.49033939012 1 4 9 10 3 2.0410.08     4.7  4.4   10.5   22.6   16.6  .04696 3 9 9 3★ 2.039.50 -.53 2.8975.5632.7352.6364.5538597113.1924.3160.63 4
20240915일 2120011국652 710511혼전 4452맑음다습14 9 7남산미남        콩코드포빅토리캠 7522.00한거 3 0 0 2 7 133411:00 16500국6강성오이강운   111 2 2 212 2 0 0 1  0이동하53656.087평도보49 35 3589  .066.037.52538172540162226172125 7252419      →→선13.636.640.214.5971036.737.2 74.1 73.8  0  0100 0   13.60   14.80 4  3  0NH동       1212         6.0    12 0일반주행부중효과 1기 111 1     1 1 1①1:14.16   -1.113.637.513.2 -2-21  .00 1 3  0  .0 122 5 296 310 9 41 2 3.0111.05     5.6  4.6    8.5   16.6   11.8  .02077 0 7 7 0― 1.138.30 -.67-3.0476.5112.0324.9137.49102235 8.2816.7937.89 8
20240818일 1120011국454 810512혼전 4459맑음건조 4 9 7남산미남        콩코드포빅토리캠 7522.00한거 3     2 8 142010:35 16500국4강성오이강운   112 1 1 112 3 0 0 0  0이동하55756.088평무보   35 3540  .048.023.02342121858 52226172125 7252419      ↗→선13.636.738.514.4    36.339.8 76.5 76.2              13.60   14.70        LN동       12 0                 0 0일반주행작전마주 1기 1 8 3     2 2 2⑥1:16.51½  1.213.640.214.8  3  7  .00 6 3  0 1.454 7785043 1 1 6 81 1 1.07 6.04     6.8  2.5   19.7   25.8   39.1  .02032 0 5 5 0― -.238.90  .62 1.0275.61 6.4514.5222.96 4111812.6322.3442.05 4
20260815토 9140011국4 4 4  3 0혼전 4451           9 8굿카보          카우보이해피댄서 5932.00한거 6 0 0   1    019:25 33000국4박윤규김지훈   3 016 4 629 1 3 228  0다실바   53.087평자하50 58 585318.054.026.914 0101546 81719 0 017 9223013292943↗↗입13.836.739.413.66930                   25 21 2517   13.50   14.90 5  6 -1LHUP53.44961712-3.8 9.4 5.6666613 2승부최상부중효과 1   0 8                            13.5    14.9        .0                       4 4 6 7  1                                              .03463 0 5 5 0―  .339.40  .13     88.66 8.6718.4526.92 41118 5.4312.5019.35 7
20260712일 6120011국454 4103 1혼전 4451맑음다습10 9 8굿카보          카우보이해피댄서 5728.00한거 6 0 0 2 1   65      33000국4박윤규김지훈   3 115 31329 1 3 227  0마이아49854.093평자상68 76 766262.072.049.43452161546 8171938 017 93532 8292943↘↗선13.837.238.213.6396936.740.8 75.9 77.7 25 21 2517   14.00   13.40 9 -7  1HN동53.44961712-2.4 9.2 6.8565613 0적정체중승부최상61기 1 2 5     5 6 6⑨1:15.93    2.013.540.114.9  5  0  .09 9 4 -4 2.1872291832411 2 6 12 1 3.10 8.11 2.8 5.8  7.3  217.9  478.4  227.110.64593 3 8 9 3▲ 1.738.90 -.24 2.3175.7223.0538.0149.36335365 9.4918.3228.10 5
20260510일 9120011국434 5 83 2혼전 4451맑음건조 5 9 8굿카보          카우보이해피댄서 5728.00한거 6 0 0 2 1  162      33000국4박윤규김지훈   3 214 21229 2 3 226  0조상범49853.558평자상67 77 775959.061.035.2 926 61546 81719 7 017 9132217333333↗→입13.837.238.113.6377336.938.7 75.1 75.6 22 17 2217   14.00   13.30 4  2  2BN동53.34951712-2.4 9.2 6.8565613 0적정체중작전마주66관 0 9 8     8 6 3③1:15.1½    .014.038.513.4 -5  4  .00 3 8 -1  .12829442981 7 2 3 33 2 5.01 3.06 2.3 3.9 19.3   16.5   66.6   65.612.73276 2 8 7 2▲  .938.20  .22  .2775.6712.6424.2335.2012264111.4620.8333.01 4
20260411토 6120010국454 6 53 3 1강 1151맑음다습14 9 8굿카보          카우보이해피댄서 5728.00한거 6 0 0 2 1   78      33000국4박윤규김지훈   3 313 11129 1 3 125  0조상범49452.058평자하42 33 3324 6.035.013.8 926 61546 81719 7 017 9132217333333↗→입13.837.338.213.6326937.138.2 74.3 75.5 18 27 3227   14.10   13.60 4  3 -1NH동53.34951712-1.6 9.0 7.4484813 0일반주행부중영향36관 0 710     9 8 3②1:14.36     .014.038.013.3 -7 -5  .00 2 9  1 1.13147302682 7 2 6 93 1 2.09 5.07 2.2 4.3  4.4  182.3  244.2   63.5  .02234-3 3 3-3▼-1.238.10  .71  .0075.78 2.55 7.2613.82 2 610 1.27 5.7112.22 9
20260314토 8120011국554 6103 4혼전 4451흐림양호 7 9 8굿카보          카우보이해피댄서 5728.00한거 6 0 0 2 1   77      33000국5박윤규김지훈   3 412 41029 3 3 124  0김효정49952.569평자상67 62 625834.060.041.31752 71546 81719 8 017 9192217333333↗→선13.837.238.213.6416537.638.8 76.1 76.4 19 24 3329   14.00   13.60 6 -4 -2HH동53.34951712-2.6 9.0 6.4515113 0일반주행작전마주75기 0 4 7     7 7 7⑨1:16.1머리 1.514.138.713.6  1-11  .00 9 8 -3 1.66167485835 7 1 4 30 3 1.06 7.11 2.2 5.5  2.2   13.0   18.7   34.5  .02556 1 6 6 1―  .738.50 -.01 1.0175.7214.7027.6741.26132946 6.3516.9926.51 6
20260131토 6120011국552 6103 5혼전 4451맑음건조 2 9 8굿카보          카우보이해피댄서 5728.00한거 6 0 0 9 1  110      33000국5박윤규김지훈   3 511 3 929 2 3 123  0김효정51054.069평자상61 61 614526.050.021.11752 71546 81719 8 017 9192217333333↗→선13.837.138.313.5486537.338.3 75.4 75.5 20 30 3520   13.90   13.50 3  5  1BN동53.34951712-1.2 8.0 6.8474713 0부중효과조교부실 5관 0 8 6     6 5 5⑧1:15.4코    .814.038.413.6 -3 -2  .00 811  0 1.53052333356 5 3 5 92 2 1.05 3.04 2.4 5.7  2.4   17.5   24.8   29.1  .02736 0 5 4 0―  .038.30  .57  .1275.72 4.6712.4421.08 2 610 6.7312.5021.43 9
20260111일 6120011국413 6 63 6혼전 4451맑음양호 6 9 8굿카보          카우보이해피댄서 5728.00한거 6 0 0 2 1   4714:50 33000국4박윤규김지훈   3 610 2 829 1 3 122  0김효정51253.069평자하34 26 265015.044.018.21752 71546 81719 8 017 9192217402040↗→선13.737.038.413.5516137.038.8 76.2 75.8 21 26 3732   15.20   14.2010 -4 -1HH동53.44921712  .2 7.4 7.6353513 0일반주행부중효과44관 0 3 4     5 4 7⑥1:16.2½    .513.938.913.5 -5  6  .00 611  4  .94142504366 6 4 9102 1 7.01 7.09     4.9 19.8    8.2   33.9   21.2  .01956 0 4 5 0― -.438.50  .65  .3775.72 4.31 9.4518.23 1 4 9 3.23 7.8414.2910
20251101토 9120011국454 3103 7혼전 4451맑음건조 5 9 8굿카보          카우보이해피댄서 5728.00한거 5 0 0 1 2  21117:00 33000국4박윤규김지훈   3 7 9 1 729 1 3 121  0김용근50653.582평자상50 31 316433.052.022.02045 81043 31719333317 9312614402040↗↘선13.736.838.613.5754438.538.1 77.0 76.9 22 22 3322   14.80   13.20 8  0  3LNDN53.44921712  .2 7.6 7.8303013-2숨은복병작전마주80기 0 711    111110⑨1:17.0½   1.415.238.914.2  2 13  .00 9 7 -1 1.47394276837 3 4 8 60 5 2.08 8.04     5.5  4.0   86.0  142.0  974.1  .02060 0 5 7 0―  .239.00  .54 1.4875.72 6.2814.3721.99 71425 7.0013.7923.38 5
20250906토10140010국524 5 73 8 1강 1151흐림포화16 9 8굿카보          카우보이해피댄서 5932.00한거 5 0 0 1 2  317      33000혼4박윤규김지훈   3 8 8 9 529 1 3 120  0이상규49351.055평자상40 35 357755.054.038.7 4 0 41043 31719 4 017 9132314402040→↘입13.736.339.613.6951538.038.7 87.4 88.8 24 24 3524   14.00   13.70 5  1 -2LU동53.44921712 1.2 7.0 8.2323213 0부중효과작전마주48기 0 7 9     9 8 7⑤1:27.45    1.214.837.913.2 -3 -4  .00 5 8  0 1.94388265545 1 4 7 33 1 3.01 2.06 1.5 3.5 11.0    7.6   24.2   25.9  .02774 1 6 6 1―  .639.60 -.0512.9388.5212.7626.0438.66 91835 6.9321.1634.41 4
20250802토 51400 9국554 3103 9혼전 4451맑음건조 3 9 8굿카보          카우보이해피댄서 5932.00한거 5 0 0 1 3  407      33000혼4박윤규김지훈   3 9 7 8 429 1 3 119  0푸르칸49753.076평자하10 13 137743.056.032.03271211625 6171915 017 9142421402040→↘추13.736.339.613.5941736.839.4 88.4 88.6 25 25 3825   13.70   15.20 3  2 -1NH동53.44921712 1.6 7.4 9.0323213 0숨은복병부중효과62관 1 6 5     5 6 5④1:28.41     .914.039.113.7 -4 -7  .00 4 8  2 1.13333503653 1 8 8 72 1 3.01 7.08 3.4 7.7  4.9    7.9   17.9  105.112.73080 2 6 7 2△  .539.50  .1312.6688.52 9.2420.3132.00 51322 5.5615.2421.49 8
20250712토 7140011국454 510310 1강 1151맑음건조 5 9 8굿카보          카우보이해피댄서 5932.00한거 5 0 0 2 3  46816:30 33000국4박윤규김지훈   310 6 7 329 1 3 118  0김용근50454.087평자보12  3  37234.054.025.91727111625 61719333317 9312614402040↘↗선13.736.439.513.5902236.241.6 90.5 90.1 27 27 3327   14.00   15.10 4  1  2HNDN53.44921712 -.2 7.4 7.2434313-3일반주행작전마주74관 1 4 5     3 3 8⑩1:30.5¾   1.613.742.015.2  4  7  .0010 6 -2 2.080 6938334 2 510 50 4 5.04 6.01     5.7 10.6   34.7   66.1  478.1  .02070 0 5 7 0―  .339.80  .2914.2188.52 6.9416.4925.90 81729 2.8010.0818.18 6
20250614토 7170011국442 4 9311 3강 3353맑음건조 3 9 8굿카보          카우보이해피댄서 5932.00한거 5     2 3  54816:30 33000국4박윤규김지훈   311 5 6 129 1 3 1 0  0김성현49752.063평자보33 39 394834.051.020.41540111625 6171913 017 9162319402040→→입13.739.341.013.5764438.343.6113.2114.7 29 29 2929   14.20   13.3014 -7 -4HUUP53.44921712 -.8 6.2 5.4595913 5일반주행작전마주42관 0 3 2 2 2 4 5 6⑩1:53.22½  3.014.043.015.1  2-15  .0010 8    3.178 1947811 3 5 5 60 1 4.02 9.06     4.0  6.6   14.0   28.7   16.5  .02053 0 5 7 0―  .042.00  .4734.41113.3 3.9511.3720.43 41118 4.6013.8318.64 6
20250309일 6120011국452 110312 3강 3351맑음양호 9 9 8굿카보          카우보이해피댄서 5728.00한거 5 0 0 2 5  83014:25 33000국4박윤규김지훈   312 4 5 629 1 3 117  0정우주  055.566평자보26 29 2945 7.038.016.81644131133 61719 0 017 9163013402040→→입13.736.938.213.56369                   29 29 2929   13.60   16.2010  6  0BLDN53.44921412-1.2 5.4 4.2717113-2일반주행작전마주 1기 010                    경제    13.6    16.2     0  .07                      3 3 6 80 1 3.02 9.01     5.4  6.4   12.8   27.1   37.911.22021-2 2 2-2▽ -.938.20  .85     75.56 4.5710.8616.83 2 612 2.41 5.9212.36 9
20241229일 6140011국443 4 9313 3강 3351맑음건조 4 9 8굿카보          카우보이해피댄서 5932.00한거 4 0 0 9 6 102614:50 33000국4박윤규김지훈   313 3 4 229 1 3 116  0씨씨웡51255.571평자하49 62 626132.057.028.31942101120101719113317 9212522402040↗↘선13.737.138.713.5346935.843.4 91.6 91.6 31 31 2331   13.30   13.90 8  1  1HLUP53.44921412-1.2 5.0 3.8727214 2일반주행작전마주 1관 0 4 7     2 2 5⑩1:31.67    3.113.643.616.2  2 10  .0010 8  3 3.794 2999610 7 1 7 51 2 1.05 2.03     9.2  2.5   10.7   16.3   66.8  .02263 1 5 4 1―  .539.40  .3015.8088.45 8.7118.6428.28 51325 3.7910.8517.28 8
20241102토 9120011국454 110314 3강 3351맑음양호 7 9 8굿카보          카우보이해피댄서 5728.00한거 4 0 0 1 7 120817:00 33000국4박윤규김지훈   314 2 3 629 1 3 115  0코지  50254.592평자보66 74 747054.063.029.02756111333 7171916 017 9233119402040↘↗입13.837.437.813.4259536.339.7 74.3 76.5 33 33 1733   13.40   14.00 8  2  2HN동53.44921412-1.2 3.8 2.6787814 0유망전력부중잇점 1기 0 3 3     3 5 4⑦1:14.31     .913.338.713.9  2  7  .00 7 5 -5  .963 777495311 1 6 52 1 3.0710.06     6.5  6.9   71.2  130.8  118.012.13389 2 6 7 2△ 1.038.30  .45 1.3075.61 8.7818.6928.96 81729 5.6613.0322.50 8
20240907토 6120014국454 110315혼전 4451맑음다습11 9 8굿카보          카우보이해피댄서 5728.00한거 4 0 0 2 7 136118:10 82500국4박윤규김지훈   315 1 2 529 2 3 114  0김용근49553.091평자상81 89 897576.070.033.82841151333 71719333317 9312614402040↘→선13.837.437.913.4229237.138.8 74.4 76.4 36 36 1836   13.70   12.9017 -3  1UN동53.44921413  .0 3.6 3.6717114 0교체성공부중잇점 1   0 1 6     9 7 3⑧1:14.4머리  .813.438.214.0 -2 -3  .00 810  4 1.2584250445414 2 6 30 3 2.01 7.06     6.3  4.7    6.3   13.1   19.510.54090 3 8 9 3▲ 1.638.30  .25 1.0575.6714.5825.6533.83183753 8.5617.6526.87 5
20260815토 9140011국4 4 4  6 0혼전 4451           9 9무제한급        올드패션큐트앤새 6830.00한수 3 0 0   1    019:25 33000국4문병기남석우   4 0 7 4 2 6 7 3 0 7  0빅투아   54.092강입보50 70 706870.061.033.6305313265110272824 02829222818 06733→→선14.336.939.113.66465                   80 80  040   14.00   14.40 6  0 -2NH동54.34901712  .2 2.2 2.4818112 0인기탐색작전마주 1   0 9                            14.0    14.4        .0                       7 3 2 3  7                                              .03157 0 8 7 0▲  .739.10  .02     88.5911.5822.7733.5712264119.5733.3342.58 2
20260705일 71400 9국451 3106 1혼전 4451흐림건조 4 9 9무제한급        올드패션큐트앤새 6830.00한수 3 1 1 1 1   84      33000국4문병기남석우   4 1 6 3 1 6 6 3 0 6  1빅투아50856.092강입보50 70 707358.056.026.7305313265110272824 02829222818 06733→→선14.336.939.013.6707337.440.0 88.3 89.6100100  050   14.60   12.7022 -1  3VLDN54.34901712 -.3 1.8 1.5919112-3강단마필우수혈통48기 1 9 8     7 4 6⑥1:28.32    1.314.039.614.4  2  5  .00 6 4  3 3.16564657140 6 5 6 60 6 1.03 5.02 3.1 6.2  3.1    7.6   13.3   11.2  .02362 0 7 6 0―  .439.20  .2613.6688.52 6.8715.9026.66 51322 8.0417.3228.83 6
20260131토 8170011국430 9 86 2혼전 4451맑음건조 2 9 9무제한급        올드패션큐트앤새 6830.00한수 3 1 1 9 3  435      33000국4문병기남석우   4 2 5 2 2 6 5 3 0 5  1빅투아50353.589강입하82 94 949280.070.054.7295616335713272824 02829222818 06733↘→선14.039.240.613.5898539.641.0112.5112.7100100 3333   14.40   14.70 4  2  0BH동54.34901712-1.0 2.0 1.0979712 0전개최상전개최상 5기 110 6 6 7 5 5 4③1:52.51¼   .214.940.613.9  2 -8  .00 3 1  0  .32030483478 2 2 1 12 5 8.03 7.04 1.7 3.3 43.9  177.0  620.8   58.310.54994 4 9 9 4☆ 1.741.80 -.0732.91112.926.8443.2354.7233536520.2235.1246.93 1
20260104일 6170011국412 8 66 3혼전 4451맑음다습12 9 9무제한급        올드패션큐트앤새 6830.00한수 3 1 1 1 1   6814:50 33000국4문병기남석우   4 3 4 1 1 6 4 3 0 4  1빅투아51153.592강입보99 99 999682.068.052.4305313265110272824 02829222818 06733→→선14.139.140.713.5928539.042.1113.0113.5100100 3367   14.10   13.0016 -5 -2LHUP54.34901712-1.5 2.5 1.0979713 5종반뒷심전개최상63기 0 8 2 2 3 3 2 2④1:53.0¾    .414.441.814.7  3  1  .01 4 1  0  .55313796070 2 1 1 12 4 2.04 2.11     3.5  7.8   50.1  101.3   64.410.56096 4 9 9 4☆ 1.642.00  .0033.67112.923.6440.3952.3618375322.6435.8147.86 2
20250914일 8120013국554 2106 4혼전 4451맑음다습13 9 9무제한급        올드패션큐트앤새 7122.00한수 2 1 1 2 2  31016:05110000국5문병기남석우   4 4 3 2 2 6 3 2 0 2  1빅투아49655.090강입보98 99 998777.064.024.83046182862 9272824 02829222818 099 0→→선14.137.038.413.6789537.037.5 73.0 75.1100100  050   14.00   13.50 7 11  2VNDN54.04881312-1.5 2.5 1.0979712-1전개최상작전마주 5   01313    12 7 4①1:13.03    -.614.136.713.0  0  7  .00 1 1  0  .0163811 897 6 6 1 73 3 1.0213.11     8.5  2.9    8.5   12.9   22.810.53479 2 8 7 2▲ 1.138.30  .45 -.3175.72 7.8216.0424.82 2 71413.2122.1526.04 3
20250727일 61300 8국511 4 66 5 1강 1151맑음건조 3 9 9무제한급        올드패션큐트앤새 6830.00한수 2 1 1 9 3  420      24750국5문병기남석우   4 5 2 1 1 6 2 1 0 1  1빅투아48953.089강입보92 95 959687.068.078.9295616335713272824 02829222818 099 0↘→선14.137.039.213.5859837.138.8 81.3 82.0100100  0**   14.00   13.90 4  0 -2UUUP55.04861312-3.0 4.0 1.0****12 1교체성공전개최상45기 0 2 6     5 3 1①1:21.31¼  -.214.038.613.5  0  3  .00 1 1 -3  .01127331790 3 3 1 12 2 1.02 2.07 1.8 3.8  1.8    4.2    6.6    4.7  .04995 4 9 9 4☆ 1.939.80 -.98 5.8082.7838.7664.0978.9338597143.8463.5179.15 1
20250629일 1120011국640 9 96 6 2강 2259흐림양호 9 9 9무제한급        올드패션큐트앤새 7122.00한수 2     9 3  505      16500국6문병기남석우   4 6 1 1 1 6 1 0 0 0  0빅투아48655.090평무보   25 2540  .060.060.1295616335713272824 02829222818      ↘→선14.136.738.513.2    36.837.5 75.2 73.7              14.10   13.50 4  0  0NL동       12 0                 0 0일반주행작전마주48기 0 2 7     6 4 1①1:15.210  -1.714.038.613.9 -3  4  .00 1 4  0  .0 127 9 498 1 1 8 22 1 4.03 2.04 2.3 4.4  6.5   15.1   30.6    9.4  .02274 1 6 7 1△  .738.10 -.44-1.4975.6124.7044.0960.0618375312.1222.4551.32 5
20260815토 9140011국4 4 4  6 0혼전 4451           910퀸다이아        레이스데리마커블 9129.00한암 4 0 0   1    019:25 33000국4이관호김아라   3 016 11320 4 3 221  0장추열   55.093평자보50 60 603150.059.033.3295012214011201922172222202722292943↘↗입13.937.139.513.83441                   38 44 1919   13.90   13.60 4  5  1BN동53.44431814 -.2 4.0 3.8696913 0부중유리부중잇점 1   010                            13.9    13.6        .0                       9 7 5 4  6                                              .03141 1 6 6 1―  .739.50 -.32     89.0011.4722.5733.28102235 8.7019.7930.97 6
20260719일 8140011국543 7 96 1혼전 4451맑음다습14 910퀸다이아        레이스데리마커블 9129.00한암 4 0 0 2 1   43      33000혼4이관호김아라   3 115 81220 3 3 120  0장추열43754.093평자보63 62 622640.056.030.0295012214011201922172222202722333333↘↗입13.937.139.613.8343736.939.2 87.2 88.1 33 40 2020   13.80   14.30 4 -2 -2NHDN53.34441814  .2 4.4 4.6575713-2일반주행부중잇점 5   0 5 7     6 6 5②1:27.21     .013.939.013.6 -3 -9  .00 2 5  1  .21737423289 9 8 4 63 5 4.05 2.05 3.4 7.2  5.1   17.4   40.8  113.4  .01534 0 5 5 0―  .438.60 -.3211.4189.07 9.2519.4029.96 81729 6.3813.7623.31 7
20260620토 71600 9국412 8 66 2혼전 4451비  불량20 910퀸다이아        레이스데리마커블 9129.00한암 4 0 0 2 1   74      33000국4이관호김아라   3 214 7 220 2 3 119  0장추열44655.593평자상78 80 801463.060.038.1295012214011201922172222202722333333↘↗입13.936.940.113.8303336.240.3101.3102.8 29 43 1429   15.10   14.00 6 -1  1NLDN53.34441814  .4 4.4 4.8595913-2뒷심문제작전마주 5기 1 7 7   7 2 2 4④1:41.35    1.013.839.614.3  0  0  .00 4 4  0 1.24626676152 8 6 2 31 4 1.05 1.10 1.7 4.9  1.7    6.5    9.6   47.0  .02833 0 7 6 0―  .740.10 -.5225.84103.613.2325.0438.1012264114.2928.2540.51 3
20260509토 31800 7국421 9 26 3 1강 1154맑음건조 5 910퀸다이아        레이스데리마커블 7242.00한암 4 0 0 2 1  118      33000국4이관호김아라   3 313 6 120 1 3 118  0장추열44655.093평자보54 52 52 282.067.066.3295012214011201922172222202722404020↘↗입13.939.941.013.8572241.340.1119.9118.5 23 38 1523   14.40   13.90 2  0  1NNUP53.04441814  .4 4.6 5.0565613 4최근최상거리속성40기 0 8 7 7 7 6 6 3③1:59.9¾    .115.141.114.0 -1 -3  .00 3 4  0  .23086386579 2 8 3 23 3 6.02 7.05 1.9 1.8 28.9   43.0  166.2   50.4  .03780 3 8 9 3▲ 1.341.00-1.0437.61118.924.0446.5766.3038587228.9252.9071.79 2
20260426일 6140011국411 9 66 4 1강 1133맑음건조 3 910퀸다이아        레이스데리마커블 9129.00한암 4 0 0 9 1   25      33000국4이관호김아라   3 412 51120 2 3 117  0우인철44954.073평자보65 60 603076.057.034.0204810214011201911 02222102623404020↘↘입13.936.939.813.9492737.139.3 90.1 88.5 25 33 3325   14.40   13.70 6  6  2NN동53.04441614  .2 4.8 5.0494913 0일반주행작전마주49기 0 8 8     5 3 4⑥1:30.1½    .514.440.113.9  2 -1  .00 6 4  1  .62947444070 410 2 32 211.10 5.10 1.9 7.7 64.6  647.2  901.5 1566.0  .02041 0 7 7 0―  .638.90 -.4111.7689.0710.6022.3434.0312253815.5332.5147.37 3
20260314토 7140011국454 8 56 5혼전 4431맑음양호 7 910퀸다이아        레이스데리마커블 9129.00한암 4 0 0 2 1  120      33000국4이관호김아라   3 511 41020 1 3 116  0우인철45052.573평자보31 24 243130.053.029.4204810214011201911 02222102623404020↘↘입13.836.839.913.9562437.139.3 89.1 88.6 27 36 2727   14.00   14.20 6 -6 -4UHDN53.04441614  .2 4.6 4.8474713-2숨은복병부중영향64기 0 2 6     4 4 5④1:29.11     .514.439.413.7  1  3  .00 4 3 -4  .73347454268 81110 52 1 7.0511.03 2.3 4.1 20.0  159.8  409.4  175.9  .02261 0 5 7 0―  .339.00 -.2911.8789.07 8.7218.8629.35 71425 4.4413.6822.15 6
20260201일 7160010국443 5 96 6 1강 1151맑음건조 2 910퀸다이아        레이스데리마커블 9129.00한암 4 0 0 1 1   98      33000국4이관호김아라   3 610 3 120 1 3 115  0마이아44756.093평자보64 59 591462.058.035.0345216214011201910 022223532 8404020↘↗선13.936.640.113.7514136.340.4103.2103.8 30 50 2040   13.60   14.00 7 -2  0NLUP53.04441614 -.4 4.2 3.8616113 2일반주행탄력호전 5기 1 8 7   7 4 4 5⑥1:43.21    1.914.040.214.2 -1  6  .00 6 7  3 1.97536706727 6 7 6 52 1 2.05 1.05 2.4 5.6  3.9   24.7   36.9   15.2  .02056 0 6 7 0―  .640.10 -.3127.14103.411.1623.5135.04102235 8.7218.0529.44 6
20251214일 8140011국442 5 96 7혼전 4451맑음포화18 910퀸다이아        레이스데리마커블 9129.00한암 3 0 0 2 1  132      41250국4이관호김아라   3 7 9 2 920 1 3 114  0김정준44156.072우자상52 64 644649.038.014.8163810214011201915312222142026404020↗↗추13.836.839.513.7624836.340.1 86.7 88.5 44 44 2233   14.20   14.00 5  5  1BB동53.04441414 -.6 3.6 3.0696913 0일반주행보통주행73기 110 2     2 2 3⑤1:26.73     .813.639.414.0  1 -5  .00 5 4 -1  .93414704757 6 7 310110 1.07 8.06     5.6  3.0   35.7   54.3  543.6  .01537-1 5 3-1▽ -.839.00  .3312.1988.80 3.08 7.0914.83 1 4 8 9.6422.2237.23 4
20251108토 8140011국422 5 76 8혼전 4431흐림건조 3 910퀸다이아        레이스데리마커블 9129.00한암 3 0 0 2 1  147      33000국4이관호김아라   3 8 8 1 820 2 3 113  0장추열44655.093우자하44 49 495945.050.021.32950122140112019221722222027225050 0↘↗입13.836.639.613.7764137.139.4 88.3 88.9 50 50 1350   13.90   14.10 3  0 -1NN동52.54431414 -.6 3.0 2.4767613 0숨은복병보통주행69기 0 5 8     7 7 5④1:28.33     .614.239.114.0 -1 -7  .00 4 5  0  .74448504764 5 8 6 73 2 9.01 3.10 2.5 3.6 62.8  104.7  312.0  240.8  .01941 0 6 6 0― -.139.30  .2312.6588.73 5.3611.5921.27 41118 7.4813.0221.54 7
20251019일10140011국514 9 66 9혼전 4451맑음포화16 910퀸다이아        레이스데리마커블 9129.00한암 3 0 0 2 1  200      41250혼4이관호김아라   3 9 7 6 720 1 3 112  0장추열45356.093우자하66 72 727557.063.025.72950122140112019221722222027225050 0↘↗입13.836.639.513.7794837.040.0 89.4 89.6 57 57 1457   13.70   14.10 3 -4  0NL동52.54431414-2.2 3.8 1.6878713 0편성탐색부중편성48기 1 510     8 8 7⑥1:29.4목   1.713.939.814.1  1 10  .00 6 5  3 2.26743696534 7 2 5 70 1 8.04 3.09 2.0 6.5 19.0   55.1  129.0   83.9  .02984 0 7 8 0▲  .939.40  .1613.4788.66 6.8615.8625.73 41118 5.9818.2627.79 7
20250928일 3140011국414 3 6610혼전 4451비  불량20 910퀸다이아        레이스데리마커블 9129.00한암 3 0 0 9 2  25111:25 33000국4이관호김아라   310 6 5 620 3 3 111  0김정준44356.079우자상71 80 807245.054.026.11960 62050142019153122221420265050 0↘↗추13.836.539.613.7834436.740.4 87.1 89.3 57 57 1457   14.20   14.00 6  5  1NB동52.54431414-2.4 4.2 1.8797913 0숨은복병보통주행62기 1 9 5     4 3 7⑧1:27.11¼  1.113.739.314.1  6  9  .05 8 2  0 1.95925776646 4 7 5 70 9 1.05 8.02     5.8  1.8    7.3   11.1  155.7  .02060 0 6 7 0―  .339.50  .1613.2088.66 8.0517.3426.07 41118 7.6912.7323.55 7
20250817일 6140011국452 610611혼전 4451맑음양호 7 910퀸다이아        레이스데리마커블 9129.00한암 3 0 0 2 2  37414:25 33000국4이관호김아라   311 5 4 520 2 3 110  0김정준43455.579우입상92 93 938265.059.043.11960 62050142019153122221420265050 0↘↗추13.836.639.313.7806137.139.7 88.7 89.2 67 67 1767   13.50   13.50 8 -4  4UB동52.54431414-1.6 4.4 2.8676713 0교체성공작전마주49기 0 410    101010③1:28.74     .814.239.714.0  1  7  .00 3 2 -3 1.05749626057 5 4 2 43 8 3.01 3.10     5.3  7.1    8.2   23.1    7.910.53061 0 8 7 0▲  .639.40 -.1613.3388.5217.2532.2943.1310223518.5733.9646.69 2
20250621토 51400 8국434 5 3612혼전 4451흐림포화19 910퀸다이아        레이스데리마커블 9129.00한암 3 0 0 2 3  53014:40 33000국4이관호김아라   312 4 3 420 1 2 1 9  0김정준42752.075우입하55 52 527446.055.028.92540171630122019153122221420266733 0→↘추13.936.739.113.6747636.039.8 86.0 88.1 60 60  080   14.20   14.60 5  4 -1VU동52.74481413-2.0 5.3 3.3595914 0휴양탐색부중영향50기 1 8 3     3 1 1①1:26.01¾  -.313.538.713.5 -4 -9  .00 1 5  2  .018 3642293 6 3 5 52 7 5.03 8.05     3.1 13.5   24.1   65.8   15.0  .02481 1 6 8 1△  .439.00  .2712.3088.45 7.5517.2228.86 8172910.1918.5430.51 5
20250518일 9140010국452 910613혼전 4456맑음다습11 910퀸다이아        레이스데리마커블 9129.00한암 3 0 0 2 4  61717:00 33000국4이관호김아라   313 3 2 320 1 2 1 8  0유승완43653.080평입보34 24 248138.055.027.91123 62150 7201922 022221527226733 0↘↗입13.936.739.213.6727336.640.6 89.3 89.3 60 60  080   14.10   14.4013 -5  1UV동52.74481413-2.3 6.3 4.0454514 0숨은복병작전마주67기 1 4 9     9 7 6⑥1:29.3½   1.014.240.414.6  3  3  .03 6 3 -1 1.26021817054 5 1 7 70 110.04 5.01     7.0 47.3  163.7  429.6  687.4  .02274 1 6 7 1△  .739.30  .2313.4388.52 7.8817.2527.94 3 817 8.9915.0524.16 7
20250215토 7140011국444 2 9614 3강 3351흐림건조 4 910퀸다이아        레이스데리마커블 9129.00한암 3 0 1 2 5  90415:15 41250국4이관호김아라   314 2 1 220 4 2 1 6  1김정준44652.067평입상83 64 645466.047.017.51856142660132019153122221420266733 0→→추13.936.739.313.6726937.439.7 89.5 89.9 60 60  080   14.00   13.20 5  3  0NU동52.74481413  .0 5.0 5.0252514 0부중유리작전마주 1기 1 9 8     7 5 5⑧1:29.51¼  1.414.139.614.4  4 -1  .09 8 4  3 2.37666606735 5 4 5 80 6 1.06 5.07     5.6  2.0   12.1   15.1   14.9  .03141-2 5 4-2▽ -.439.40  .4413.9188.59 3.63 8.7017.50 2 714 8.9421.3732.66 4
20250111토 61400 9국531 3 3615 2강 2252맑음건조 5 910퀸다이아        레이스데리마커블 9129.00한암 3 0 0 2 5  99314:25 24750국5이관호김아라   315 1 1 120 3 1 1 5  0김정준44752.067평자상92 81 818891.062.055.01856142660132019153122221420265050 0→→추13.936.939.013.6588236.637.5 88.4 86.9 50 50  075   13.70   13.30 5 -3 -1NUUP53.04491413  .0 6.0 6.0323213 1전개최상작전마주 1기 1 6 2     1 1 1①1:28.48   -1.414.038.013.2  0 -5  .00 1 1 -1  .0 120 3 095 2 1 2 21 5 1.07 6.09     2.5  1.6   25.4   35.3   18.1  .03468 0 8 7 0▲  .938.60 -.4810.9588.5221.6839.9455.0419405539.2970.8993.19 1
20260815토 9140011국4 4 4  2 0혼전 4451           911베스트선        테이크차아이월이 2237.00한거 6 0 0   1    019:25 33000국4박천서베스트샤-1 016 6 924 1 4 023  0조성환   53.553평선보50 43 434322.045.018.1 718 61271 5 730 0 015 51015196040 0↘→추13.736.739.513.66933                   24 33 3810   14.00   14.30 7  3  1VN동54.64751812 -.8 7.4 6.6444410 0일반주행마방연대 1   011                            14.0    14.3        .0                       6 61010  1                                              .02136 0 4 5 0― -.439.50  .32     88.73 4.31 9.6618.10 2 610 4.3510.4219.3510
20260627토10140011국452 2102 1혼전 4451맑음건조 4 911베스트선        테이크차아이월이 2237.00한거 6 0 0 9 1  111      41250혼3박천서베스트샤-1 115 5 824 1 4 022  0송재철49652.577기선적20 19 195919.044.019.81744 81271 5 730272915 51925206040 0↘→입13.736.639.513.6783337.839.6 87.9 89.8 25 35 4010   13.90   13.20 5 -2  0LHUP54.64751812 -.6 6.8 6.2515110 2전개최상기복전력36관 1 8 9     9 9 8⑨1:27.91½  2.114.039.114.3  1 11  .00 9 8 -2 2.17182557421 211 8 7015 1.06 9.02 3.4 6.9  3.4   21.5   32.1   44.1  .03444 0 4 5 0― -.539.50  .3213.6788.66 5.9113.0619.76 41118 3.5710.3617.65 8
20260523토10120010국444 3 42 2혼전 4451맑음다습13 911베스트선        테이크차아이월이 1728.00한거 6 0 0 2 1   71      41250국4박천서베스트샤-1 214 4 724 5 4 021  0조한별48552.563평선보64 67 679858.064.038.71423111271 5 730 3 015 51221186040 0→↘입13.736.638.513.6915738.438.7 75.6 77.1 26 37 47 5   13.50   13.90 4  9  0VH동54.64751812 -.8 6.6 5.8575710 0전개유리전개최상47기 010 7     91010⑧1:15.66    2.013.937.913.2 -2 -5  .00 810  6 2.47892487724 1 9 4 30 5 4.02 6.02 2.3 3.4  7.7   13.5   31.8   22.512.74183 2 7 7 2△ 1.139.30  .22 1.9875.5614.4826.7538.67122641 8.1817.8628.15 6
20260425토11120011국453 4102 3 1강 1157맑음건조 3 911베스트선        테이크차아이월이 1728.00한거 6 0 0 9 1   71      41250국4박천서베스트샤-1 313 3 624 4 4 020  0조한별49052.563기도적34 34 348513.043.023.41423111271 5 730 3 015 51221186040 0→↘입13.736.738.713.7874436.639.4 75.1 76.0 28 33 56 6   13.60   14.70 6 -4  0UH동54.64751814 -.8 7.6 6.8464610 0일반주행기복전력79관 1 1 1     2 3 2⑤1:15.11¼   .513.538.713.9  1  8  .00 5 4 -1 1.14916674466 3 9 8 61 4 1.02 6.04 3.2 6.5  3.2    6.5   10.1   31.9  .01540 0 4 3 0― -.238.90  .51  .6475.72 6.6014.6823.44 1 4 9 2.35 8.4318.46 7
20260315일10120011국454 3 52 4혼전 4451맑음양호 6 911베스트선        테이크차아이월이 1728.00한거 6 0 0 2 1  106      41250국4박천서베스트샤-1 412 2 524 3 4 019  0조한별48252.563기도적61 48 486521.048.019.01423111271 5 730 3 015 51221186040 0→↘입13.736.738.713.7864436.640.3 75.9 77.2 28 33 44 6   14.10   14.50 4 -3  0NHDN54.64751814-1.8 7.6 5.8545410-6마방승부기복전력46관 0 5 4     3 4 7⑨1:15.91½  1.413.639.814.7  4  2  .09 9 5 -1 2.38119867438 3 8 6 80 3 1.02 2.09 2.7 4.7  2.7    4.7    7.8    6.9  .02534 0 5 6 0― -.139.20  .62 1.8275.72 4.38 9.9018.96 1 613 4.4910.7515.60 9
20260214토 9180011국321 5 72 5혼전 4453맑음건조 3 911베스트선        테이크차아이월이 4332.00한거 6 0 0 2 1   65      41250국3박천서베스트샤-1 511 1 324 2 4 018  0조한별48052.560평선상64 48 483758.060.050.81423111271 5 730 3 015 51221186040 0→↘입13.739.540.913.7771738.841.3119.0118.9 29 35 41 6   13.30   13.70 9  5 -1LHUP54.64751814-1.8 7.6 5.8545410 4거리늘어마방승부31기 0 8 1 1 1 1 2 5⑧1:59.01½  1.514.141.414.5  2-12  .00 8 6 -3 1.745 5733438 110 3 11 2 3.07 7.02 2.1 4.9  9.7   52.4  132.9   75.012.73263 2 8 9 2▲  .841.40 -.5638.47118.720.7837.4250.8033536512.6825.9736.78 3
20251213토10140011국434 4 82 6혼전 4451비  불량20 911베스트선        테이크차아이월이 2237.00한거 5 0 0 2 1  183      41250국4박천서베스트샤-1 61010 724 1 4 017  0조한별49253.561평선하25 28 285921.042.017.91423111271 5 730 3 015 51221186040 0→↘입13.736.539.613.6792736.139.8 85.4 87.6 31 31 3113   13.60   14.20 6  0  2HNUP54.64751814  .2 7.0 7.2414110 2일반주행보통주행43기 0 3 1     1 3 2③1:25.41½   .213.338.713.7 -6  4  .00 3 9  4 1.3 8 6622674 211 9101 1 1.10 4.08 2.0 3.8  2.0   46.9   78.2  462.0  .01537-1 4 5-1▽ -.539.10  .3811.5088.66 5.2911.4017.90 1 4 9 4.9411.1117.53 9
20251101토10120011국414 2 62 7혼전 4451맑음건조 5 911베스트선        테이크차아이월이 1728.00한거 5 0 0 1 1  167      41250혼3박천서베스트샤-1 7 9 9 424 2 4 016  0송재철48852.077기선적73 54 546527.051.021.81744 81271 5 730272915 51925206040 0↘→입13.736.838.513.5785736.939.0 75.4 76.4 33 40 4013   13.30   13.10 5 -1 -1HHDN54.64751814 -.8 7.8 7.0434310-2숨은탄력기복전력68기 0 3 3     4 5 5⑦1:15.41¾   .913.639.314.2  2  3  .00 7 5 -4 1.15932554352 6 9 5 6214 1.02 9.11 2.3 6.9  2.3    8.5   13.5   15.3  .01750 0 5 5 0―  .038.90  .59 1.1075.67 4.9413.3921.84 51322 4.5510.3016.3010
20250928일10140011국452 1102 8혼전 4451흐림포화18 911베스트선        테이크차아이월이 2237.00한거 5     9 2  244      41250혼3박천서베스트샤-1 8 8 8 624 1 4 0 0  0송재철48552.575기도하44 46 464329.044.014.2192912 7   0 730272915 51925206040 0↗↘입13.736.639.413.5753336.738.8 85.6 87.8 36 36 4314   14.20   13.0023 -3  2HNUP54.64751814  .0 6.8 6.8464610 2일반주행휴양불리44기 1 4 4     6 8 7⑥1:25.6¾    .813.337.713.1 -3 -7  .00 6 9  0 1.11026291455 4 810 9013 1.06 5.06 3.0 6.9  3.0   16.9   26.1   21.1  .01534 0 4 5 0― -.539.10  .5411.8088.59 3.44 8.4014.23 2 610 4.9210.5317.36 9
20250420일11120011국344 1 92 9혼전 4451맑음양호 8 911베스트선        테이크차아이월이 1728.00한거 5 0 0 2 4  69918:00 41250국3구자흥베스트샤-1 9 7 7 324 2 4 014  0김성현49251.068평도상44 65 656633.048.019.71440 4 867 013 0 6 015 61623196040 0→→입13.736.838.513.5795736.841.3 77.0 78.6 38 38 4615   13.50   14.10 5 -2 -1NU동54.64751814 -.6 6.4 5.8565610 0마번불리급신장세 1관 2 7 1     3 4 9⑩1:17.07    3.013.540.815.0  1 -3  .0010 9  3 3.29425959110 4 9 6 60 2 2.01 3.04     5.7  3.6    5.7   10.1    8.2  .02046 0 5 4 0― -.139.50  .65 3.2775.67 4.5310.4119.65 51221 6.7312.8421.43 6
20250315토 8120011국333 4 8210혼전 4451맑음양호 6 911베스트선        테이크차아이월이 1728.00한거 5 0 0 2 5  81717:00 41250국3구자흥베스트샤-110 6 6 224 1 4 013  0김성현49552.065기도적18 25 255810.037.012.91644101950 713 0 6 015 61623196040 0↘→입13.736.738.413.5826136.839.1 75.4 76.2 33 42 5017   13.30   15.6013  3 -1BUDN54.64751814 -.6 6.0 5.4606010-2일반주행마번불리 1기 0 9 2     2 2 2③1:15.4½    .113.538.814.1 -3  7  .00 3 6  0 2.05126604476 3 710111 1 3.11 7.06     6.3  4.9  130.3  193.0  623.1  .01531-1 2 2-1▽ -.838.90  .96 1.0675.56 2.58 6.1112.94 0 2 4 3.45 8.6514.38 9
20241215일11140011국352 2 5211혼전 4451맑음양호 8 911베스트선        테이크차아이월이 2237.00한거 4 0 0 2 6 106618:00 41250국3구자흥베스트샤-111 5 5 52410 4 012  0송재철48852.580평도상56 68 687536.053.026.11335 41167 513 0282915 61925206040 0→↗입13.736.639.213.5764835.742.8 91.1 91.6 36 45 4518   14.00   13.30 6 -4  1NNUP54.64751814-1.8 5.4 3.6777710 2선입실패주력우수 1관 0 6 1     1 1 9⑩1:31.1머리 3.013.343.015.6  4  7  .0010 6 -3 4.395 1979111 3 7 4 6112 3.01 9.03     4.5  7.2    4.5   12.8   14.8  .02940 0 5 4 0―  .339.90  .3515.8388.45 7.4516.9126.10 51221 7.4113.7024.47 6
20241102토10120010국354 110212 3강 3351맑음양호 7 911베스트선        테이크차아이월이 1728.00한거 4     1 7 120717:30 41250국3구자흥베스트샤-112 4 4 124 9 4 0 0  0송재철48152.083우선하41 43 437724.045.017.6234216 767 313 0282915 61925206040 0↘→입13.736.838.213.4817337.638.3 73.9 76.1 40 50 5020   14.20   15.2038  0 -1VUDN54.64751814-1.4 4.8 3.4757510-6숨은복병보통주행 1관 010 7     5 6 6⑥1:13.91¾   .714.037.213.3 -3 20  .00 6 9  5 1.14968324457 4 6 8 9211 2.06 8.03     6.5  4.8   29.2   50.8   22.4  .01947 0 5 5 0― -.438.80  .88 1.1075.50 3.62 8.7217.59 2 610 4.1011.1618.33 7
20240204일10180012국352 910213 1강 1151맑음양호 6 911베스트선        테이크차아이월이 4332.00한거 4 0 0 110 196417:30 41250국3이희영베스트샤-113 3 3 224 8 4 010  0송재철46153.079우선보53 68 684655.054.023.62072 42329 81827232913 01925206040 0→→입13.739.540.513.4803339.542.2121.7120.4 40 50 5020   14.10   13.70 9  3  1BN동54.64751814-1.8 5.2 3.4737310 0마방선전거리속성 1관 010 3 3 4 81011⑪2:01.75    3.214.242.915.2  7-15  .0911 4  0 3.47923857515 1 9 5 5010 6.02 1.02    10.1  8.9   14.3   30.4   24.7  .02556 0 7 7 0―  .241.60  .1740.43118.5 6.6915.5123.57 51325 5.8817.1727.12 6
20231202토 9180011국354 410214 1강 1152맑음양호 6 911베스트선        테이크차아이월이 4332.00한거 3 0 0 111 217417:00 41250국3이희영베스트샤-114 2 2 124 7 4 0 9  0송재철47652.578우선보63 68 686181.064.044.12145122883201827232913 01925206040 0→→입13.639.540.513.3834139.740.5119.0119.4 44 56 5622   13.30   13.90 5  3  0LUUP54.64751814-1.6 4.2 2.6787810 4편성만만마방선전 1관 1 7 2 2 3 4 5 5⑤1:59.01½   .314.140.413.7  1-17  .00 5 4 -3  .95428523471 4 5 3 22 9 2.01 3.02     9.0  4.9    9.0   17.1   15.412.03076 2 8 9 2▲ 1.141.50 -.2839.35118.516.3630.8144.1218375319.4934.6744.68 2
20231029일10140011국314 2 6215혼전 4451맑음양호 6 911베스트선        테이크차아이월이 2237.00한거 3 1 1 912 227117:30 41250국3이희영베스트샤-115 1 1 424 1 4 0 8  1송재철49352.582우도상86 89 898749.046.013.91932 61950 41827232913 01925206040 0↗→입13.636.539.213.3834836.539.7 87.2 88.7 50 63 5025   13.20   13.50 5 -7   HN동54.64751714-1.0 4.0 3.0686810 0마방선전선행강점 1관 1 4 2     2 3 2⑤1:27.2머리  .613.339.213.9 -2 12  .00 5 7  3 1.03916623760 3 6 4111 8 1.02 1.11     6.7  2.2    6.7   10.8   13.810.52564-1 5 5-1▽ -.239.40  .7313.0388.38 2.92 7.6413.94 1 3 5 5.6313.4321.1610
20260815토101200 8국3 1 2  2 0 2강 2252          10 1우아센          한센    우아등선 7424.00한암 5 0 1   1    019:55 41250혼3토니  최상일   1 010 1 5 9 2 3 2 8  1코지     54.086우입적50 63 639295.067.064.82854182652131926403825192331195050 0↗↘입13.736.738.213.47779                   71 71 4343   13.20   14.10 5 -3  1UNDN54.44401612 -.8 3.8 3.0717113-2교체성공전개최상 1   0 1                            13.2    14.1        .0                       3 4 3 2  2                                              .04687 3 9 9 3★ 1.538.20 -.42     75.4527.9349.9164.8437566935.4561.0875.53 1
20260712일 71400 8국452 6102 1혼전 4451맑음다습1010 1우아센          한센    우아등선 6131.00한암 5 0 1 2 1   64      41250혼3토니  최상일   1 1 9 6 3 9 1 3 1 7  1코지  44253.085우입보31 33 337350.057.035.82854182652131926403825192331195050 0↗↘입13.836.838.913.4576536.140.0 86.3 88.3 67 67 3350   14.10   13.8015 -1  0UUUP54.44401612 -.2 3.0 2.8747413 2전개최상작전마주33관 0 4 1     2 1 2②1:26.311    .013.239.214.1 -3-15  .00 2 5 -2 1.921 7673386 3 5 6 41 1 7.05 7.04 2.7 5.2 15.1   46.4  124.0  123.7  .03471 0 6 7 0―  .539.00  .1412.5588.3811.3423.9435.84102235 9.6420.9934.41 4
20260328토11120011국444 2 42 2혼전 4441맑음건조 310 1우아센          한센    우아등선 7424.00한암 5 1 1 9 2  295      41250국4홍윤화최상일   1 2 8 5 4 9 7 3 1 6  1빅투아45753.090강입보88 91 919582.066.035.5304618 9 0 619 0352331172228185050 0→→선13.836.837.913.3779737.539.9 75.8 77.7 80 80 6080   14.10   14.4052 -5  0NUDN54.44401612 -.2 1.8 1.6909012-4승부최상전개최상63기 0 5 9     9 9 9⑦1:15.85    2.314.139.013.8  0 30  .00 7 7  3 2.38665808319 4 1 3 30 7 1.04 1.03 2.2 3.5  2.2    5.9    9.0   32.010.54185 3 9 8 3▲ 1.339.30  .55 2.9675.3312.6124.5335.4912264118.6031.1841.79 2
20250322토 9160010국344 4 92 3 1강 1141맑음건조 410 1우아센          한센    우아등선 6131.00한암 4 1 1 2 6 1058      41250국3리카디최상일   1 3 7 4 1 9 6 3 1 5  1빅투아42753.082강입보99 97 971493.069.063.23086113860193626402338262228185050 0↗↘선13.735.939.013.0897936.839.4103.1102.4100100 7550   13.80   12.90 5  5 -3VUUP54.44401612  .0 1.3 1.3959512 2전개최상승부최상 5기 110 6   6 6 6 3③1:43.13     .514.140.614.4 -1 -5  .00 3 4  3 1.32868425165 1 4 1 13 6 2.01 4.05 3.1 5.1  3.8    6.4   12.1   10.1  .06095 4 9 9 4☆ 1.739.00 -.1627.50102.429.9549.9863.1733536521.9739.4952.43 1
20250215토 7140011국544 2 92 4 3강 3351흐림건조 410 1우아센          한센    우아등선 6131.00한암 4 1 1 2 5  904      41250혼4리카디최상일   1 4 6 3 2 9 5 2 1 4  1빅투아43255.588강도보98 99 999689.070.057.61745 63150133626402338262228186733 0↘↗선13.836.638.712.8799636.538.1 87.2 87.6100100 67**   14.00   12.90 5 -4  3NLUP54.04431412  .0 1.3 1.3949412 2전개최상전개최상 1기 0 5 4     4 4 1①1:27.25    -.913.838.012.9  0  1  .00 1 1 -1  .0 717 9 294 4 2 1 12 5 1.06 5.07 2.0 5.6  2.0   12.1   15.1   14.9  .04996 4 9 9 4☆ 1.739.00 -.1812.3188.1127.7245.4457.5833536524.3942.7456.73 1
20250112일 6120010국454 1102 5혼전 4451맑음건조 310 1우아센          한센    우아등선 7424.00한암 4     2 5  982      33000국4리카디최상일   1 5 5 2 3 9 4 2 0 0  0빅투아43153.087강도하97 98 989985.070.053.01745 631501336264023382622281899 0 0↘↗선13.736.637.912.4899837.237.1 74.4 75.0100100100**   14.00   13.3025  3  1BNDN54.54491412  .0 1.0 1.0999912-2전개최상전개최상 1기 1 9 5     3 2 3②1:14.4½    .014.037.412.9  0-17  .00 2 2  1  .11449 4 482 2 1 2 12 4 1.0211.09 3.6 7.7  3.6    7.7   12.5   15.410.54997 4 9 9 4☆ 1.738.60  .15  .5275.2226.4042.3153.0433536519.5134.8545.90 1
20240714일 61400 9국412 2 12 6 1강 1151맑음양호 610 1우아센          한센    우아등선 6131.00한암 3 1 1 2 8 150015:40 33000국4리카디최상일   1 6 4 1 1 9 3 2 0 2  1빅투아44852.082강도보99 99 999990.066.075.428541536432236264023382622281899 0 0↗↘선13.736.438.612.4919637.138.5 86.9 88.0100100100**   13.40   12.90 6  2 -2NUUP54.54491412  .0 1.0 1.0999912 1전개최상전개최상 1기 1 6 2     2 2 3③1:26.9¾    .114.038.013.3  2 -1  .01 3 1  0  .41446191474 2 1 1 11 3 2.03 1.09     3.3  6.9   24.4   44.2    5.3  .06099 4 9 9 4☆ 1.739.30 -.4412.9987.9035.5259.1675.4218375328.3053.7370.53 1
20240602일 3130010국513 2 62 7 1강 1151맑음건조 310 1우아센          한센    우아등선 6131.00한암 3 1 1 1 9 162313:10 24750국5리카디최상일   1 7 3 1 1 9 2 1 0 1  1빅투아44954.086강도보92 25 2599  .071.070.61524 638533236264023382622281899 0 0↘↗선13.636.738.712.4969837.038.1 80.2 82.0100100100**   13.50   12.70 4  0 -1UUUP55.04491312         1.0    12 1마방연대전개최상 1기 1 4 3     1 1 1①1:20.26   -1.113.437.612.9  0  0  .00 1 1  0  .0102013 394 2 110 11 2 1.05 4.01     3.7  1.3    8.7   11.0   41.9  .07599 4 9 9 4☆ 2.540.10 -.28 6.5982.2644.5560.6370.6038597112.3722.6881.67 6
20240505일 1120011국632 4 32 8 2강 2254비  양호 910 1우아센          한센    우아등선 7424.00한암 3     1 9 170910:35 16500국6리카디최상일   1 8 2 2 2 9 1 0 0 0  0빅투아44955.084평무보   25 2540  .067.056.01524 6385332362640233826222818      ↘↗선    36.738.5        36.537.4 73.5 73.9              13.80   13.60 6  1  1NB동       12 0                 0 0출주취소마방연대 1기 0 4 3     2 2 1①1:13.57   -1.113.537.212.7  0 -1  .00 1 1     .0 114 7 195 2 210 21 1 1.02 4.06     2.4  2.1    2.4    4.6    7.9  .03080 2 7 8 2▲ 1.338.20 -.33-1.3375.6124.3942.5056.0219405514.1225.8863.77 3
20240323토 2120011국350 9102 9혼전 4455맑음양호 610 1우아센          한센    우아등선 7424.00한암 3     210 185111:00 16500국3리카디최상일   1 9 1 1 1 9 1 0 0 0  0장추열  054.591평무보   25 2540  .065.058.52848 92967 73626 0 03826202722      ↗↘입    36.738.5                                        13.80   13.60        NN동       12 0                 0 0일반주행우수혈통 1기 3 3                    취소    13.8    13.6     0  .07      0               3 3 3 10 1 1.02 5.07     6.8  3.2    7.1   14.1   10.312.73063 2 7 9 2▲ 1.138.50 -.39     75.6125.6743.7458.45335365 9.0918.1827.27 3
20260815토101200 8국3 1 2  2 0 2강 2252          10 2금세            페더럴리창세     6131.00한수 5 0 0   1    019:55 41250혼3박재우이종천   2 016 21924 2 2 624  0루이스   52.571우선적50 59 599775.055.037.82042111845 9222917 02113192517603010↗↘입13.736.638.613.89061                   45 45 55 5   13.50   13.60 8 -6  0HH동53.45051412-1.8 6.8 5.0646413 0단독선행전개최상 1   0 2                            13.5    13.6        .0                       2 5 4 3  3                                              .04185 0 7 6 0―  .538.60  .19     75.6110.2923.0437.78 8223313.6429.5646.81 3
20260621일 7120010국324 4 22 1 1강 1151맑음포화1710 2금세            페더럴리창세     6131.00한수 5 0 0 2 1  124      41250국3박재우이종천   2 115 11824 1 2 523  0루이스50352.571기도보81 73 738872.054.023.82042111845 9222917 02113192517563311↗↘입13.736.638.713.8895736.738.4 73.2 75.4 42 42 58 5   14.00   13.2012 -1  2LN동53.45051412 -.6 6.8 6.2555513 0일반주행기복전력29기 0 8 1     2 2 2②1:13.24     .013.537.313.6 -3-17  .00 2 5 -5  .72321351785 3 9 3 61 2 1.05 2.08 2.0 2.2  2.0   15.2   20.2  102.5  .02165 0 7 5 0―  .238.80  .54  .1075.67 6.7015.4223.83 81729 9.5220.0834.77 4
20260328토11120011국444 3 42 2혼전 4451맑음건조 310 2금세            페더럴리창세     6131.00한수 5 0 0 9 2  235      41250국4박재우이종천   2 214 41724 1 2 522  0정우주52051.067기도적58 70 707431.051.018.61050 51660 5222910 02113163013563311↘↗입13.736.738.713.8775736.042.1 76.7 78.3 50 44 44 6   13.50   13.90 4  2  0BU동53.45051412 -.2 6.6 6.4575713 0편성불리마번불리42기 0 9 4     3 3 3⑩1:16.7코   3.213.541.316.1  0  5  .001010  2 3.293 39892 9 310 8100 5 1.04 1.03 2.2 3.5  2.2    5.9    9.0   32.0  .02358-1 5 4-1▽  .039.60  .62 2.8975.72 4.1511.0318.61 2 610 3.8810.6518.6610
20260301일10120010국414 3 12 3 1강 1151맑음건조 310 2금세            페더럴리창세     6131.00한수 5 0 0 1 1   74      41250국4박재우이종천   2 313 31624 1 2 521  0김태희51551.062기도적18 21 2158 8.044.015.21145 61845 92229 8 02113152416632513↘→입13.736.738.913.8784436.539.1 74.4 75.9 47 53 47 6   13.40   16.80 7  4 -2NU동53.85041412  .2 5.6 5.8606013 0숨은복병기복전력67기 1 7 3     3 3 2⑤1:14.4½    .313.538.413.9 -3 -4  .00 5 8  5  .54314603370 41011112 1 3.02 2.05 1.3 3.2  9.3   23.1   49.2  392.8  .01946 0 4 5 0― -.538.80  .63  .3175.84 3.80 8.9515.18 1 2 5 1.20 3.13 6.6711
20260110토111200 8국314 3 12 4 1강 1151눈  양호 810 2금세            페더럴리창세     6131.00한수 5 0 0 2 1  116      41250국3박재우이종천   2 412 21524 1 2 520  0루이스51953.071기도적54 74 748075.059.039.02042111845 9222917 02113192517632513↗↘입13.736.838.713.8765735.943.1 77.9 79.2 47 47 53 6   13.60   14.00 5 -7  1HN동53.85041412 -.4 6.4 6.0565613 0마번불리기복전력 5기 0 3 3     3 2 4⑦1:17.98    3.413.442.716.8  4  1  .05 7 3  0 4.897 29996 8 6 6 5 40 1 1.02 5.02 1.3 2.9  1.3    2.9    3.5    6.4  .02087 0 6 6 0―  .839.70 -.01 3.6575.7811.2924.3538.99 91835 8.3319.4233.67 5
20251207일10120011국314 1 62 5혼전 4451흐림양호 910 2금세            페더럴리창세     6131.00한수 4 0 0 1 1   8917:30 41250국3박재우이종천   2 511 11424 2 2 519  0조한별51852.063기도적55 54 545937.046.021.51423111845 9222922 02113122118632513→↘입13.736.838.513.7746936.638.4 73.8 75.9 44 50 50 6   13.60   14.10 5  6  0BU동53.85041412 -.4 6.4 6.0565613 0착차만회마번불리72기 010 3     2 2 3④1:13.8목    .013.638.214.0  1  1  .00 4 3 -5 1.94417371687 3 8 4 81 2 6.02 4.09     7.4  9.2   24.4   61.5   48.8  .02347 0 5 5 0― -.338.70  .59  .6475.67 6.0613.1221.52 2 714 7.9521.1628.67 5
20251101토10120011국414 2 62 6혼전 4451맑음건조 510 2금세            페더럴리창세     6131.00한수 4 0 0 1 1  167      41250혼3박재우이종천   2 610 61324 1 2 518  0조한별51752.063기도적44 48 486624.045.016.61423111845 9222922 02113122118711414→↘입13.736.838.413.7767336.838.6 74.9 75.9 47 53 53 7   13.70   14.1013  3 -1HU동54.05021412 -.4 5.8 5.4626213 0일반주행기복전력50기 0 4 4     3 3 2④1:14.92     .413.638.914.1 -4 15  .00 4 8  3  .64227422568 5 7 6 82 1 1.02 9.11 2.3 6.9  2.3    8.5   13.5   15.3  .01552 0 4 4 0― -.438.70  .79  .7075.61 3.41 8.3216.56 2 714 4.5512.0216.30 7
20250802토 8120010국334 2 82 7 3강 3351맑음건조 310 2금세            페더럴리창세     6131.00한수 4 0 0 1 3  404      41250국3박재우이종천   2 7 9 51224 1 2 517  0이혁  50253.080기도적28 31 318927.054.029.42029101328 32229 6 02113282119711414↗↘선13.736.838.613.7746536.938.9 75.3 76.4 50 57 57 7   13.90   14.10 6 -1  1UN동54.05021412 -.6 6.6 6.0565613 0일반주행기복전력50기 1 1 4     3 3 3⑧1:15.3¾   1.313.739.114.1  3-14  .00 8 5 -4 1.45931554142 3 7 9 40 1 4.0310.11 3.3 6.1  9.9   10.9   24.6  129.910.92272 1 5 5 1―  .438.90  .34  .9975.72 8.6518.7329.42102236 5.3211.7121.02 7
20250621토 8120011국354 1102 8혼전 4451흐림포화1710 2금세            페더럴리창세     6131.00한수 4 0 0 2 3  52717:30 41250국3박재우이종천   2 8 8 41124 1 2 516  0유승완51652.569우선적47 53 537817.039.011.2 930 01328 3222913 02113152722711414↗→입13.736.738.413.7797337.838.9 75.6 77.3 54 62 62 8   13.40   14.50 6  0  0HH동54.05021412 -.6 5.0 4.4686813 0숨은복병보통주행52기 1 2 6     5 8 9⑪1:15.66    2.413.938.814.1  2  8  .0011 9  6 2.48276536819 6 6 9100 2 4.0710.08     7.3  6.4   56.0   83.7   82.7  .01952 0 4 3 0― -.839.30 1.02 2.2375.56 2.05 4.9911.19 1 4 8 4.20 8.0614.89 8
20250510토 9120011국344 1 92 9혼전 4451흐림불량2010 2금세            페더럴리창세     6131.00한수 4 0 0 2 4  64817:30 41250국3박재우이종천   2 9 7 31024 4 2 515  0정우주50852.570우도적67 83 838470.056.022.2183312215010222910 02113163013711414→→입13.736.838.413.7737636.640.0 74.7 76.9 54 62 62 8   13.40   14.30 4 -4  1HN동54.05021412 -.2 4.8 4.6666613 0착차만회선행강점 1   0 2 4     4 3 5⑨1:14.7목   1.713.439.114.5  6  0  .09 9 3  0 2.17316826531 6 5 3 80 4 9.10 8.09     6.8 25.2  343.6  557.6  354.3  .02357 0 7 7 0―  .439.00  .65 1.7075.61 6.2313.5622.19 2 71414.5224.6233.50 2
20250413일11120011국324 3 7210혼전 4451맑음포화1710 2금세            페더럴리창세     6131.00한수 4 0 0 2 4  72018:00 41250국3박재우이종천   210 6 2 924 3 2 414  0정우주50852.070우도적72 76 768549.050.021.8183312215010222910 0211316301383 017→→입13.736.838.313.5728236.139.0 74.1 75.8 50 67 58 8   13.70   13.80 5 -4  0NUDN54.35011412-1.6 5.6 4.0696913-2마방선전보통주행 1관 0 6 4     3 2 1②1:14.1¾    .013.439.014.3 -1 -5  .00 2 3 -4  .137 3561788 4 7 5 62 3 1.03 3.06     4.2  2.4   11.9   15.9   71.0  .02562 0 6 6 0―  .038.70  .70  .6875.56 5.0313.1821.83 51322 6.5015.2026.98 6
20250308토 8140011국344 2 9211혼전 4451맑음다습1110 2금세            페더럴리창세     5437.00한수 4 0 0 2 5  83817:00 41250국3박재우이종천   211 5 1 224 2 2 413  0정우주51352.064우도적84 86 866152.048.020.1164413254019222910 0211316301383 017→→입13.636.639.213.5746536.739.5 86.4 88.6 55 73 64 9   13.90   14.30 7  2 -4BU동54.35011412 -.8 5.0 4.2676714 0승부최상마방선전 1관 010 5     2 2 2⑤1:26.4½    .413.738.413.8 -2  0  .00 5 7  2 1.23427553867 5 7 4 71 2 2.06 9.11     7.2  5.2   53.4   86.3  270.4  .03463-1 5 6-1▽ -.339.20  .5012.8088.45 5.0111.7320.07 41118 5.0413.9925.62 7
20250118토 6140011국451 410212 3강 3359맑음건조 410 2금세            페더럴리창세     5437.00한수 4     2 5  97114:25 33000국4박재우이종천   212 4 7 124 1 1 4 0  0정우주51355.564강도적42 43 437868.062.042.2164413254019222910 0211316301380 020→→입13.636.639.113.5776936.538.7 88.4 87.6 50 70 6010   13.40   15.3016  4  1BNUP54.14991412-1.6 3.8 2.2838313 2전개최상승부최상 1기 0 8 2     1 1 1①1:28.42½  -.513.939.114.3 -4 24  .00 1 5 -4  .0 61826 893 2 3 3 21 1 5.08 8.04     7.7  8.3  165.8  291.6  225.011.24593 3 9 9 3▲ 1.039.00 -.0111.8788.3816.7330.7142.2018375316.0927.1228.08 2
20240928토 9120011국424 1 7213혼전 4451맑음건조 510 2금세            페더럴리창세     6131.00한수 3 0 0 9 7 131717:00 33000국4박재우이종천   213 3 6 824 1 1 411  0임기원48955.084우도하48 57 579224.049.016.01633112143 7222926 0211323321680 020→↗입13.636.738.413.5857637.040.8 76.6 78.2 56 78 6711   13.80   14.40 9 -2 -1VN동54.14991312-2.0 6.0 4.0696913 0전개최상전개최상 1관 1 4 6     6 6 8⑪1:16.61    2.813.440.415.3  2  2  .0011 9  8 3.29238928912 6 4 6 90 1 2.11 2.05     2.7  4.9  190.5  302.9  481.9  .04165-1 5 4-1▽ -.239.50  .88 3.1175.56 3.51 9.0316.01 1 3 6 3.8210.6116.42 9
20240728일10120011국454 310214혼전 4451맑음다습1210 2금세            페더럴리창세     6131.00한수 3 0 1 9 8 145815:40 33000국4박재우이종천   214 2 5 724 1 1 410  1문세영48756.093우도하89 92 929976.070.050.64553252343 3222943 0211329361580 020→→입13.636.638.413.5897636.939.9 75.2 77.0 56 78 6711   13.80   13.20 8  1  2NL동54.14991312-2.2 6.0 3.8717113 0전개최상전개최상 1기 3 6 9     7 6 6⑩1:15.2목   1.213.839.314.4  9-10  .0910 1  0 1.37430807042 2 8 2 10 2 4.07 1.08     6.0  9.3   74.7  182.0  152.810.54999 4 9 9 4☆ 1.739.20 -.07 1.9775.5024.1539.6250.5833536515.6928.5740.68 2
20240601토 6120011국424 5 7215 3강 3351맑음건조 310 2금세            페더럴리창세     6131.00한수 3 0 1 1 9 163114:50 33000국4박재우이종천   215 1 4 624 1 1 4 9  1씨씨웡49754.593우도하84 87 879689.067.047.93050 62968 6222930 0211321252280 020↘→선13.636.638.513.5926937.337.8 74.2 75.3 63 75 75 0   13.50   13.40 6  1  1NN동54.14991312  .2 4.0 4.2686813 0전개최상전개최상 1관 0 5 4     4 4 3③1:14.2½    .113.837.213.2  2 -2  .00 3 1  0  .12053151675 2 4 1 32 1 4.10 4.02     3.5 11.5  284.1  579.9  145.912.24194 3 9 9 3★ 1.438.70 -.04  .1575.5616.8933.1147.8512264126.0945.0549.25 1
20260815토101200 8외3 1 2  2 0 2강 2252          10 3마이티짱        레이스데WINGS OF 6028.00미수 5 0 0   1    019:55 41250혼3조현수조제형   1 01612 529 1 3 129  0박재이   58.076평입보50 38 3848 9.044.024.01050 01257 810 0 0 011 3 92722444411↘↗입13.737.039.114.05930                   24 28 36 4   13.70   15.00 6 -7  4HBDN54.75151814-1.810.0 8.2282814-4일반주행건성마필52관 0 3                            13.7    15.0        .0                       5 7 7 6  1                                              .01942 0 4 4 0― -.339.10  .09     76.12 5.5413.0924.03 51221 2.73 5.9110.64 6
20260704토 8160010외314 5 62 1 1강 1151흐림건조 410 3마이티짱        레이스데WINGS OF 9129.00미수 5 0 0 1 1   93      41250혼3조현수조제형   1 11511 629 1 3 128  0조성환51654.053평입상39 32 3214 6.035.013.4 718 61257 810 0 8 011 3101519444411↘→추13.736.440.614.0591036.142.1103.0104.5 25 29 38 4   15.20   13.40 4  6  2VNUP54.75151814-1.2 9.8 8.6303014 2일반주행조교부실35관 010 5   5 6 710⑧1:43.01    2.913.741.415.0 -2-17  .00 810  1 3.28531929213 610 8100 1 1.05 2.08 1.7 5.8  1.7    7.0   10.2   14.9  .01510 0 2 2 0― -.940.60  .0727.54103.6 2.81 7.8113.42 1 3 5  .87 4.6910.7810
20260607일101400 9외213 4 62 2혼전 4451맑음양호 610 3마이티짱        레이스데WINGS OF 9129.00미수 5 0 0 1 1   61      495002등조현수조제형   1 214101429 1 3 127  0김옥성53352.558평입상25 23 233717.042.018.9 7 0 61257 810 0 6 011 3141618444411→→추13.736.640.014.0751238.238.7 89.0 89.2 26 35 35 4   13.70   14.50 7 -3 -2HH동54.75151814 -.8 8.6 7.8323214 0숨은복병최적거리64관 0 4 9     8 7 8⑦1:29.04    1.015.238.613.4 -2 14  .00 7 9 -1 1.94892215651 411 7 70 1 3.04 5.02 1.9 4.5  7.2   20.9   32.6  157.5  .02032 0 4 4 0― -.539.40  .0412.5689.00 5.6012.0218.85 2 714 6.5911.5819.67 8
20260419일10140011외251 8102 3혼전 4459맑음건조 310 3마이티짱        레이스데WINGS OF 9129.00미수 5 0 0 2 1  122      495002등구자흥조제형   1 313 91329 2 3 126  0김태희51954.561평입상27  3  34225.043.018.91145 615301013 0 71415 6152416444411↘→입13.736.540.013.9781237.040.2 89.6 89.5 27 36 36 9   14.00   14.70 5  2  2NNDN54.75151814 -.8 8.4 7.6262614-4일반주행최적거리38관 0 7 4     5 5 4⑥1:29.62½  1.013.740.514.5 -4  4  .00 610  0 1.66240716654 21111 82 4 2.07 9.06 2.9 6.6  4.8   19.4   41.4   18.1  .01841 0 5 4 0― -.539.50  .1012.9988.93 5.8212.3218.90 2 714 6.0213.5421.15 7
20260314토10180011외253 3102 4혼전 4451흐림양호 710 3마이티짱        레이스데WINGS OF 7242.00미수 5 0 0 2 1   96      495002등구자흥조제형   1 412 8 329 1 3 125  0김태희51553.060평입보 5  1  1 6 5.031.0 7.91145 615301013 0 71415 6152416444411↘→입13.739.741.113.969 939.342.5119.2119.3 29 33 3310   14.10   15.4011  4 -2NH동54.75151814  .4 7.6 8.0262614 0마방연대휴양불리62기 0 5 2 2 3 3 3 8⑨1:59.21½  2.114.041.314.7 -1 -5  .00 910 -1 3.65617887623 31111100 3 6.03 9.02 3.3 9.3  8.3   22.9   54.1   54.3  .02913-3 1 1-3▼-1.541.30  .3038.47118.9 1.31 3.70 7.87 1 4 8  .95 2.80 6.5411
20251227토11180011외212 2 62 5혼전 4451흐림다습1410 3마이티짱        레이스데WINGS OF 7242.00미수 4 0 0 9 2  211      495002등서홍수조제형   1 511 7 229 1 3 124  0푸르칸52055.083평입하 8  1  14621.044.020.62675171129 5253120362619142421444411↘↗추13.739.841.113.9601339.742.7119.8121.9 30 35 35 5   14.00   14.30 5 -8  2UNUP54.75151814 -.2 6.6 6.4404014 4마방연대마방연대 5기 0 1 4 4 4 5 611⑪1:59.810   3.414.142.815.4  0  1  .001111  2 3.994299186 9 71011 80 5 7.10 8.10 1.9 5.5 17.3  149.5  241.9  470.8  .02953 0 4 5 0― -.341.50 -.0240.96118.9 5.3811.8920.61 1 613 4.04 9.2615.3610
20251122토11140011외241 1 92 6혼전 4451맑음건조 310 3마이티짱        레이스데WINGS OF 9129.00미수 4 0 0 2 1  10018:00 495002등서홍수조제형   1 610 61229 1 3 123  0해리카51953.066평입보36 43 436459.056.028.21444111951 8253118132619172612444411↗→입13.736.439.913.9861737.140.7 88.0 90.2 32 37 4216   13.60   14.40 4  5  0BHDN54.75151814 -.8 5.4 4.6545414-2가격혈통마방연대69기 1 9 7     7 6 8⑩1:28.03    2.014.039.714.3  1  5  .0010 9  6 2.28150848424 21110 60 2 4.01 5.03     4.9  9.0    6.4   20.6    8.9  .02471 1 7 8 1△  .539.80 -.0113.9088.80 8.4518.5628.15 41118 8.1514.6526.45 8
20251026일10160010외223 5 72 7혼전 4446흐림양호 710 3마이티짱        레이스데WINGS OF 9129.00미수 4 0 0 9 1  178      495002등서홍수조제형   1 7 9 5 529 2 3 122  0푸르칸51453.078평입상25 15 151445.053.029.32156151951 8253120362619142421444411↗↗추13.735.940.513.8891736.140.5102.0102.9 33 39 4417   13.70   14.20 4  2 -2HH동54.75151814 -.8 5.8 5.0565614 0마방연대가격혈통66기 0 4 3   3 4 5 4③1:42.04     .713.640.314.4  0 -4  .00 3 3 -6 1.25227747061 310 9 52 4 1.0810.01 1.5 2.5  1.5   17.3   21.9   57.112.73033 2 6 7 2―  .440.50 -.0326.48103.3 8.5918.6629.28 8223310.6716.5729.56 6
20250927토10160010외232 1 82 8혼전 4451맑음다습1110 3마이티짱        레이스데WINGS OF 9129.00미수 4 0 0 9 2  254      495002등서홍수조제형   1 8 8 4 429 1 3 121  0푸르칸51854.582평입하38 29 291435.051.025.72675171129 5253120362619142421444411↘↗추13.736.040.513.8861935.941.0101.2103.7 35 41 4118   13.50   13.70 5 -7  0HHUP54.75151814  .2 5.0 5.2606014 2일반주행마방연대42기 0 2 5   5 5 5 5⑤1:41.22½  2.313.740.314.2 -4 13  .00 5 9  3 3.37318837719 3 9 9 52 3 1.04 1.10 2.0 3.8  2.0   16.9   24.5   22.1  .02154 0 6 7 0―  .140.50 -.0127.20103.3 6.6316.4125.68 51322 5.1014.8522.26 5
20250823토10140011외254 1 52 9혼전 4451맑음건조 410 3마이티짱        레이스데WINGS OF 9129.00미수 4 0 0 2 2  35918:00 495002등서홍수조제형   1 9 7 31129 2 3 120  0김태희50554.558평입보49 73 737042.050.021.01260 31129 5253119142619152416444411↗↘입13.736.439.813.8912737.539.4 87.2 89.4 38 44 4419   14.10   13.50 4  3  1BNDN54.75151814 -.4 4.0 3.6666614-4적정체중최적거리42기 0 9 5     91111⑪1:27.22    2.013.538.313.7  5-13  .0011 6  0 2.06268516124 210 7 70 2 5.03 2.05     3.9 11.4   22.6   61.7  380.4  .02559 0 5 5 0― -.139.60  .2313.2088.73 5.1811.3720.99 41118 6.1916.9524.86 5
20250726토 91800 8외232 2 8210 1강 1151맑음건조 410 3마이티짱        레이스데WINGS OF 7242.00미수 4 0 0 9 3  42618:00 495002등서홍수조제형   110 6 2 129 1 3 119  0김태희51853.563우선하30 31 314337.044.029.5 733 3244713253119142619152416503813→↗입13.739.540.813.7803338.840.9117.8119.6 40 47 4020   13.30   14.50 4 -2  1NNUP54.85151814 -.8 4.2 3.4686814 4연대우수거리속성59기 1 6 3 3 3 3 3 3③1:57.81¼   .214.139.713.5 -3 -1  .00 3 6  1  .762 6632074 1 6 6 62 1 3.05 8.04     4.7  5.0   18.0   25.4   68.7  .03345 0 6 7 0―  .041.50 -.0539.33118.7 6.7417.7829.54 31121 7.6921.0530.43 6
20250628토 9140011외234 2 8211혼전 4451맑음다습1110 3마이티짱        레이스데WINGS OF 9129.00미수 4 0 0 9 3  50618:00 495002등서홍수조제형   111 5 11029 2 3 118  0푸르칸51952.576우선보82 88 887078.059.041.6327121244713253120362619142421503813→↘추13.736.639.613.7754136.640.6 87.7 89.9 40 47 4020   13.30   14.10 5  7 -5LH동54.85151614 -.6 4.4 3.8666614 0마방연대연대우수74기 0 8 3     4 3 5⑨1:27.71½  1.313.339.814.5  4 -1  .02 9 5  2 1.77522837241 5 9 5 30 2 2.03 7.11     4.4  2.9    8.3   11.6   18.710.53772 2 8 9 2▲  .839.50 -.3213.7088.7315.3129.2241.5812264113.7029.1239.43 3
20250525일101400 9외343 2 9212 1강 1151맑음양호 810 3마이티짱        레이스데WINGS OF 9129.00미수 4 0 0 2 3  59517:30 41250혼3서홍수조제형   112 4 9 929 1 2 117  0푸르칸52057.076평입보77 75 757382.060.035.5327121244713253120362619142421434314→↘추13.736.639.513.7724436.239.4 86.2 88.1 36 43 3621   13.60   14.10 5-10  1UB동54.55141614 -.8 3.8 3.0717114 0편성만만마방연대27관 0 1 1     1 1 1①1:26.22½  -.413.338.814.1 -2 -3  .00 1 3 -2  .017 6501592 4 7 4 41 1 3.02 1.02     5.8  5.5    7.2   18.6   16.0  .03069 0 7 8 0▲  .739.10 -.1011.9888.6610.2421.8635.5110223516.9031.6646.54 4
20250420일10140011외353 1 5213혼전 4451맑음양호 810 3마이티짱        레이스데WINGS OF 9129.00미수 4 0 0 2 4  70017:30 41250혼3서홍수조제형   113 3 8 829 1 2 116  0씨씨웡52356.091평선하67 62 627256.061.033.12337 5314616253128132619212522503317↘↗선13.736.539.513.7784836.439.3 87.5 88.3 38 38 3123   13.30   15.1013 10 -1VNDN54.35121614-1.2 3.2 2.0828214-2탐색주행휴양불리 1기 011 3     3 3 2⑤1:27.51¼   .513.639.414.1  0  6  .00 5 5  2  .72311461763 210 5 42 3 6.02 8.01     4.7 14.4   24.2   77.7   95.9  .03074 0 7 7 0―  .839.30  .0512.2988.5911.1321.9533.10102235 8.0418.4127.89 5
20250118토 8160010외354 210214혼전 4451맑음건조 410 3마이티짱        레이스데WINGS OF 9129.00미수 4 0 0 2 5  96916:05 41250혼3서홍수조제형   114 2 7 329 3 2 115  0코지  51757.078평선하54 68 681459.066.041.2164011285810253133 02619233119503317↗↗입13.736.240.313.7743036.740.4102.6103.2 38 38 3123   13.80   14.10 4 -7  1UBUP54.35121614-1.8 4.0 2.2868614 2일반주행가격혈통 1기 0 1 2   2 2 2 5⑦1:42.61¼  1.813.341.515.1  4-10  .09 7 3 -2 2.06163728027 4 7 8 21 3 4.01 6.07     9.6  6.2   15.8   37.2   39.7  .03748 3 7 8 3▲ 1.340.30 -.3726.69103.315.0529.1141.20183753 9.9117.7825.55 7
20241221토10140011외324 3 2215혼전 4451흐림양호 810 3마이티짱        레이스데WINGS OF 9129.00미수 3 0 0 2 6 105617:30 41250혼3서홍수조제형   115 1 6 729 2 2 114  0코지  52756.588우선보95 86 867075.066.035.02041 7294510253133 02619233119503317↗↗입13.736.639.513.7704436.940.0 89.8 89.7 42 42 3325   13.50   13.60 4  2  0LL동54.35121614 -.4 3.2 2.8797914 0편성탐색작전마주 1기 0 8 6     8 8 9⑥1:29.83    1.313.840.514.1  1  8  .00 6 5  4 2.67034696040 5 9 2 40 2 1.0310.01     2.0  1.7    9.9   12.4   83.6  .03782 3 9 9 3★ 1.339.50 -.0713.5988.6611.2923.1835.0010223512.4025.8621.93 2
20260815토101200 8국3 1 2  1 0 2강 2252          10 4두손오픈        아임유어원더데이 6526.00한암 4 0 0   1    019:55 41250혼3정호익이도명   3 016 31518 1 3 318  0권중석   51.068기입적50 53 534542.052.033.31341 52033 72420 0 023141818195743 0↘→선13.737.138.713.94848                   43 43 3636   14.30   14.2013 -3 -2HU동52.14751412-1.2 7.8 6.6565610 0부중효과기복전력 1   0 4                            14.3    14.2        .0                       6 6 5 5  1                                              .02746 0 5 6 0―  .338.70  .00     75.95 9.1320.3633.27 71425 6.3619.7030.85 5
20260516토10120011국334 3 81 1혼전 4451맑음건조 310 4두손오픈        아임유어원더데이 6526.00한암 4 0 0 2 2  231      41250국3정호익이도명   3 115 21418 1 3 317  0빅투아48453.090평입상46 53 535132.054.021.03046182652 7242017 023142228185743 0→→선13.737.038.613.9545237.740.1 76.6 78.0 46 46 3838   14.60   14.20 2  1 -2NNDN52.14751412-1.4 7.4 6.0636310-2부중효과부중효과25관 0 7 8     91010⑪1:16.65    2.614.339.414.2  3  3  .0011 8 -3 3.49071838816 8 8 7 90 1 2.01 2.03 2.7 3.8  3.0    3.8    8.2    4.5  .02772 0 5 6 0―  .339.20  .45 2.4175.84 5.3712.8820.98 2 610 3.8510.6917.05 9
20260502토10140011국354 6 51 2혼전 4451흐림건조 310 4두손오픈        아임유어원더데이 2433.00한암 4 0 0 1 1   31      41250국3정호익이도명   3 214 1 318 1 3 316  0이용호48155.064평입상59 61 615034.050.021.01755 72033 7242020 023141918205743 0→↘자13.736.639.613.9763037.839.4 89.2 89.4 50 50 4233   13.80   13.50 9  0  4NUUP52.14751412 -.8 6.2 5.4626210 2거리늘어부중효과21관 0 610    1110 9⑨1:29.23    1.314.639.514.2 -2  8  .00 911  1 1.66285487044 5 9 8 80 1 1.02 7.05 2.6 5.0  2.6    9.0   13.4    9.3  .03265-1 5 6-1▽ -.139.40  .2313.1688.73 5.2211.4220.95 2 714 3.7011.7619.41 8
20260301일10120010국414 3 11 3 1강 1151맑음건조 310 4두손오픈        아임유어원더데이 6526.00한암 4 0 0 1 1  179      41250국4정호익이도명   3 313 31318 1 3 315  0조성환47351.053평입하38 32 324627.053.020.4 718 62033 72420 4 023141015196733 0↘→추13.736.838.713.9764836.938.7 74.6 76.0 55 55 4545   13.50   14.10 6 -1 -4NU동52.34751412 -.6 5.4 4.8595910 0부중효과부중영향65기 0 6 5     5 5 6⑧1:14.6¾    .513.838.113.5 -2  0  .00 810  5  .74632473366 8 910 82 1 3.02 2.05 1.3 3.2  9.3   23.1   49.2  392.8  .02755 0 5 8 0―  .238.70  .54  .4675.78 5.6412.7620.40 41118 2.99 7.5014.0010
20260117토10120010국414 3 61 4혼전 4451맑음건조 510 4두손오픈        아임유어원더데이 6526.00한암 4 0 0 2 1   96      41250국4정호익이도명   3 412 21218 1 3 314  0루이스47354.571우입상46 45 455638.047.028.12042112033 7242016 023141925176733 0↗↘입13.636.738.813.9804437.039.7 75.5 77.2 55 55 4545   13.60   13.70 4  5 -2NN동52.34751412-1.4 5.8 4.4646410 0부중효과부중효과 5기 0 7 5     5 7 9⑩1:15.51½  2.513.539.514.1  5 -5  .0510 5  1 2.58140777116 4 8 8 70 1 6.07 1.03 2.3 5.8 11.2   73.8  136.6  583.0  .02759 0 6 6 0― -.339.20  .31 1.6975.78 8.6817.9428.05 51322 9.7615.1424.83 7
20251220토10120011국353 2101 5혼전 4451흐림포화1610 4두손오픈        아임유어원더데이 6526.00한암 3 0 0 2 1   7717:30 41250국3정호익이도명   3 511 11118 3 3 313  0조인권47856.073우입상67 68 688352.049.020.91750 82033 7242022 023142425136733 0→→선13.736.738.813.9794136.839.4 74.1 76.3 55 55 3645   13.70   13.90 6 -2  1UBDN52.34751412-1.4 5.8 4.4646410-2편성불리부중효과54기 1 2 3     4 511⑪1:14.11¾  1.613.638.313.7  7  0  .0911 4  1 2.25727685433 210 7 70 3 8.10 7.06     8.0 25.5  228.8  441.5  512.7  .02360 0 6 6 0― -.138.90  .51  .8075.78 5.3211.4120.93 2 714 4.9214.0524.93 7
20251108토10140011국431 2 81 6혼전 4451흐림건조 310 4두손오픈        아임유어원더데이 2433.00한암 3 0 1 2 1  145      41250혼3정호익이도명   3 610 8 218 2 3 312  1조인권47855.072기입적72 75 758682.069.043.41750 82033 7242022 023142425136733 0→→선13.636.539.813.9802237.039.1 87.3 88.5 60 50 5040   13.30   12.90 7 -6  3HBUP52.34751412  .2 5.0 5.2525210 2적정체중작전마주74기 0 4 1     1 2 3④1:27.32½   .713.738.613.9  1  6  .00 4 3 -4  .93042423558 110 2 21 2 7.01 9.07 2.8 4.5 22.1   14.5   48.4   61.0  .04085 3 9 9 3★ 1.539.30 -.4112.2088.8017.5232.9143.3938587221.4336.1242.64 1
20250921일11120010국454 1101 7혼전 4451맑음다습1310 4두손오픈        아임유어원더데이 6526.00한암 3 0 0 2 2  264      41250혼3정호익이도명   3 7 9 71018 1 2 311  0조인권47252.073기입적37 49 495846.054.025.21838122652 7242022 023142425136040 0↘→선13.736.739.013.9844436.438.2 72.5 74.7 56 44 4444   13.60   14.3011  4 -1VU동52.44751412 -.4 4.2 3.8626210 0부중민감기복전력14관 010 2     2 2 1①1:12.55    -.813.337.112.9 -6 -6  .00 1 7  1  .0 8 929 794 511 7 71 1 7.0510.07 2.7 5.6 19.1  120.6  301.5  479.3  .02553 0 6 7 0―  .338.50  .28-1.0075.89 7.3816.7125.17 41118 8.4615.5124.66 7
20250706일 8120011국324 2 71 8혼전 4451맑음건조 310 4두손오픈        아임유어원더데이 6526.00한암 3 0 1 1 3  47816:05 41250국3정호익이도명   3 8 8 6 918 1 2 310  1임다빈47852.578우입하46 55 556648.046.016.81846 52047102420193523141424246040 0↗→추13.736.738.713.9806137.139.3 75.5 76.8 63 50 5050   13.50   14.60 6 -1  1NVDN52.44751412 -.6 3.4 2.8747410-2승부최상부중민감37기 0 6 7     4 4 8⑧1:15.51¼  1.113.639.314.3  2  9  .00 8 6  1 1.47140655847 5 5 6 90 4 1.03 4.03     2.6  1.8    7.2   10.5   22.6  .03451-1 6 5-1▽ -.439.10  .68 1.4375.72 3.65 8.4816.75 2 71410.5818.9226.63 5
20250525일111400 9국343 1 91 9혼전 4441맑음양호 810 4두손오픈        아임유어원더데이 2433.00한암 3 0 1 2 3  59418:00 41250국3정호익이도명   3 9 7 5 118 2 2 3 9  1이혁  46952.080강입상65 70 708880.067.050.82029102047102420265023142821196040 0↗↘선13.636.639.313.7766136.540.6 88.5 89.7 71 57 4357   13.80   13.70 4 -4  0NUUP52.44751412 -.4 2.6 2.2818110 2전개최상승부최상57기 3 7 3     4 4 5⑥1:28.54    1.413.540.214.6  1 -8  .00 6 5 -1 1.77015826637 2 3 3 22 7 1.03 2.01     4.9  3.2    4.9    9.0   23.3  .04591 3 9 9 3★ 1.539.50 -.3713.7988.5221.1539.2250.7619405520.4537.3151.00 2
20250427일 9120011국314 3 6110혼전 4451맑음양호 610 4두손오픈        아임유어원더데이 6526.00한암 3 0 1 9 4  68017:00 41250국3정호익이도명   310 6 4 818 1 2 3 8  1이혁  47752.082강입하66 80 809277.065.035.21427 81029 32420265023142821196040 0→↗선13.636.738.213.6819437.138.9 75.0 76.3 83 67 5067   13.90   13.70 6  3 -1VU동52.44751212  .2 2.0 2.2818110 0전개최상전개최상 1기 111 7     6 6 6⑤1:15.01½  1.013.838.413.7 -1  6  .00 5 6  4 1.25541544750 4 3 6 42 6 7.01 5.04     4.9 28.2   15.5   53.8   25.0  .04194 3 8 9 3▲ 1.238.90  .44 1.3775.4513.8524.6535.1810223514.1925.6232.54 4
20250315토 8120011국333 4 8111혼전 4451맑음양호 610 4두손오픈        아임유어원더데이 6526.00한암 3 0 1 2 5  81717:00 41250국3정호익이도명   311 5 3 718 1 2 3 7  1임다빈47152.574강입보89 94 949682.066.055.72442192664132420193523141424246040 0↗↘추13.636.738.213.6839537.439.0 75.9 76.7 83 67 5067   13.60   13.90 4  5  1LV동52.44751212 -.3 1.8 1.5929210 0전개최상전개최상 1기 1 8 6     6 7 8⑥1:15.91     .613.938.713.7  4 -3  .09 6 2 -3 2.56759576162 2 5 1 10 3 3.11 7.06     6.3  4.9  130.3  193.0  623.110.56295 4 9 9 4☆ 1.639.10 -.16 1.7675.4527.7045.8355.7237566927.5944.3257.53 1
20250215토10120011국354 110112 3강 3351흐림건조 410 4두손오픈        아임유어원더데이 6526.00한암 3 0 1 2 5  90117:30 41250국3정호익이도명   312 4 2 618 1 2 2 6  1이혁  47452.088강선하85 77 779884.068.043.92457 32664132420265023142821197525 0↗→선13.536.738.213.5809736.738.9 74.8 75.9 80 80 4080   13.70   13.50 6 -2  0UU동52.54761212  .0 1.7 1.7909010 0전개최상전개최상 1기 0 3 2     3 4 4②1:14.86     .013.638.813.9 -3 -8  .00 2 5  2  .94119533079 3 6 3 32 5 3.05 5.03     9.4  5.9   17.3   28.5   15.7  .04999 4 9 9 4☆ 1.538.80  .18  .9875.4517.3633.4243.8518375318.3235.0641.04 2
20250104토11120011국354 110113혼전 4451맑음건조 310 4두손오픈        아임유어원더데이 6526.00한암 3 0 1 1 6 101018:00 41250국3정호익이도명   313 3 1 518 1 2 2 5  1임다빈48252.072강도하89 90 909881.062.033.0 844 01639 02420193523141424247525 0↘↗추13.536.638.213.4869836.938.6 74.8 76.1100100 50**   13.50   13.90 3  2 -3NU동52.54761212  .0 2.0 2.0858510 0전개최상전개최상 1기 1 5 3     4 5 7⑤1:14.8¾   1.413.738.613.5  2 -5  .00 5 3  2 1.55030453038 2 5 3 42 2 2.06 2.01     8.3  4.7   24.3   42.2   77.810.54195 3 9 9 3▲ 1.039.00  .56 1.3275.3911.0722.3533.0412264119.6632.1033.87 2
20241215일 61200 9국414 3 1114 2강 2251맑음양호 810 4두손오픈        아임유어원더데이 6526.00한암 2 1 1 2 6 107114:50 33000국4정호익이도명   314 2 2 418 3 2 2 4  1이혁  48755.089강도보99 99 999995.070.069.42345 41639 02420265023142821197525 0→↗선13.536.538.213.4959936.539.1 75.7 75.8100100 50**   13.60   13.30 4 -1  3UB동52.54761212  .0 2.0 2.0858510 0전개최상전개최상 1기 1 3 1     1 1 2③1:15.72     .413.539.213.9  2  6  .09 3 1 -1  .83812613268 1 2 1 11 4 4.02 6.07     3.4  7.7   18.3   37.4    4.8  .07599 4 9 9 4☆ 2.039.00 -.42 1.1075.3331.3054.0669.4119405530.7155.6158.52 1
20241117일 5120011국444 4 4115 3강 3351맑음양호 610 4두손오픈        아임유어원더데이 6526.00한암 2 0 1 2 6 115914:00 33000국4정호익이도명   315 1 1 318 2 1 2 3  1이혁  48152.089강선보99 35 3595  .070.054.22345 41639 024202650231428211999 0 0→↗선13.436.938.412.9669936.637.7 73.8 74.4100100 33**   13.50   13.20 4  0  0UU동52.74741212         1.0    10 0전개최상전개최상 1기 1 4 3     3 2 1①1:13.85    -.913.637.413.3 -1  3  .00 1 2  1  .0 41513 396 7 411 22 3 2.04 4.08     3.4  3.8   13.6   23.0    6.012.24194 2 9 9 2▲ 1.538.20 -.33 -.8875.6724.0743.4154.2033536511.0119.9174.23 5
20260815토101200 8국4 1 2  1 0 2강 2252          10 5엠제이베스트    카우보이주얼리파 5728.00한수 8 0 0   1    019:55 41250혼3문병기박정재   2 016261463 1 4 664  0조상범   52.558기추보50 34 3426 8.041.020.8 926 62651102714 7152829132217152055↗→입13.837.637.913.3 794                   28 38  640   15.00   12.70 3 -5 -1NH동53.64902014-1.0 9.6 8.6323213 0가는대로기복전력 1   0 5                            15.0    12.7        .0                       8 1 8 7  1                                              .01928 0 3 4 0― -.537.90  .51     75.78 5.1011.9420.82 1 613 1.82 4.9310.64 8
20260726일10120010국451 1101 1혼전 4451맑음양호 910 5엠제이베스트    카우보이주얼리파 5728.00한수 8 0 0 9 1   21      41250혼3문병기박정재   2 115251363 3 4 663  0김성현48853.060기추상37 30 303610.042.013.1154010265110271413 02829162319152055↗↘입13.837.638.013.3 79239.137.4 75.6 77.2 28 39  739   14.20   13.60 2  4 -1VHDN53.64902014 -.6 9.4 8.8343413-2일반주행기복전력42기 01010    101010⑨1:15.69    3.315.036.812.7 -1  1  .00 910  2 3.57998 763 810 610100 5 2.01 2.07 2.8 7.1  4.6    7.1   15.6   10.5  .01529-1 3 4-1▽ -.738.30  .68 1.6175.84 2.09 5.9813.06 1 4 8 2.80 7.4812.1510
20260712일101400 8국451 7 51 2 2강 2251맑음다습1010 5엠제이베스트    카우보이주얼리파 5932.00한수 8 0 0 2 1   21      41250국4문병기박정재   2 214241363 2 4 662  0김성현48753.558기추상21 20 203936.050.030.5154010265110271413 02829162319152055↗↘입13.937.438.913.3 86937.739.5 87.8 89.2 29 42  947   14.40   13.20 3  5 -2NHUP53.64902014 -.610.0 9.4282813 2숨은복병기복전력62기 0 6 8     8 8 8⑦1:27.82½  1.314.238.813.6 -1 -1  .00 7 8 -2 1.55676536845 8 2 6 40 4 7.02 7.01 2.8 4.3 18.6   30.0   80.2   47.3  .02944 2 5 6 2―  .138.60 -.0912.8988.80 7.0819.0030.52 81729 7.0214.7828.83 5
20260621일 7120010국324 4 21 3 1강 1151맑음포화1710 5엠제이베스트    카우보이주얼리파 5728.00한수 8 0 0 2 1   44      41250국3문병기박정재   2 313231263 1 4 661  0김성현48855.060기추적21 17 1724 4.034.0 9.9154010265110271413 02829162319152055↗↘입13.937.638.113.3 98537.938.2 74.3 76.5 30 45  741   14.40   13.60 2 -4  2ULDN53.64902014 -.610.2 9.6222213-2일반주행기복전력 5기 1 1 7     7 7 8⑨1:14.31½  1.114.437.113.2 -1 -2  .00 910  0 1.8628127504910 710 90 3 1.05 2.08 2.0 2.2  2.0   15.2   20.2  102.5  .01537-2 2 2-2▽-1.338.10  .71  .8075.89 1.19 4.00 9.86 2 610  .68 2.32 5.66 9
20260606토10140010국342 4 41 4혼전 4451흐림양호 610 5엠제이베스트    카우보이주얼리파 5932.00한수 8 0 0 1 1   31      41250국3문병기박정재   2 412221263 1 4 660  0조성환49053.053기추보 7 10 10 6 5.033.0 8.8 718 62651102714 0 02829101519152055↘→추13.837.439.013.4136138.438.9 89.1 89.7 30 42  742   14.80   13.30 3 -3 -4NHUP53.64902014 -.810.0 9.2212113 2최빈거리기복전력39기 0 5 7     8 8 8⑧1:29.12    1.614.438.713.6 -2 -7  .00 810  0 1.66995286935 8 510100 1 2.04 4.10 2.6 3.3  3.6   12.0   24.2   72.4  .012 8-4 1 4-4▼-1.438.70  .4213.3188.86 1.41 3.77 8.78 1 4 9 1.20 3.30 7.7210
20260516토10120011국334 3 81 5혼전 4451맑음건조 310 5엠제이베스트    카우보이주얼리파 5728.00한수 8 0 0 2 1   51      41250국3문병기박정재   2 511211163 1 4 659  0김성현49757.060기추하10 10 10 6 6.033.0 5.9154010265110271413 02829162319152055↗↘입13.837.538.113.3158238.738.4 75.8 77.3 31 40  743   14.30   13.10 3  6  5LB동53.64902014-1.8 9.8 8.0242413 0발길대로기복전력73기 1 811    111111⑩1:15.81¼  1.814.837.513.3  0 -4  .001010  1 2.6829635782911 411110 2 2.01 2.03 2.7 3.8  3.0    3.8    8.2    4.5  .01211-4 1 3-4▼-1.438.40  .89 1.6575.84  .74 2.28 5.87 1 2 5  .77 3.82 8.5311
20260426일10120011국244 2 41 6 3강 3351맑음건조 310 5엠제이베스트    카우보이주얼리파 5728.00한수 8 0 0 9 1   41      495002등문병기박정재   2 610201063 6 4 658  0김효정50152.569기추보15 15 1514 6.033.011.11752 7265110271418132829192217152055↗→선13.837.538.113.4168538.838.5 75.8 77.8 32 39 1244   14.40   13.60 3 -7  0HH동53.64902014-3.210.2 7.0333313 0발길대로기복전력34기 0 2 9    101010⑩1:15.81¼  2.314.337.713.1  1  3  .0010 9 -2 2.48997408220 9 3 9 9013 3.0110.04 2.4 3.6  5.7    8.2   17.8    5.011.21217-2 2 2-2▽-1.138.60  .74 2.1875.84 1.98 5.3211.10 1 3 6  .83 4.33 9.79 8
20260405일10120011국252 2101 7혼전 4451맑음양호 610 5엠제이베스트    카우보이주얼리파 5728.00한수 8 0 0 1 1   43      495002등문병기박정재   2 7 919 963 5 4 657  0김효정49852.569기추보27 23 2337 9.038.014.01752 7265110271418132829192217152055↗→선13.837.538.013.4168938.439.2 76.5 77.9 33 45 1043   13.80   14.60 9  8  0BHDN53.64902014-3.610.2 6.6404013-2일반주행기복전력72기 0 910    101010⑩1:16.51½  2.714.438.613.6 -1 -4  .001011  0 3.3909363861511 310 9012 1.05 3.01 2.6 5.1  2.6   12.9   20.3   31.1  .01532 0 3 4 0― -.938.60  .71 2.3975.78 3.40 8.6414.02 2 610 3.06 5.7410.4410
20260131토11140011국214 5 61 8혼전 4451맑음건조 210 5엠제이베스트    카우보이주얼리파 5932.00한수 8 0 0 9 1  168      495002등문병기박정재   2 8 8181163 4 4 656  0김효정50252.567기추적39 33 3322 8.036.010.01752 7265110271418132829192217152055↗→선13.837.438.913.4126937.140.7 88.6 90.1 31 49  841   14.30   13.60 4 -1 -2UH동53.64902014-4.0 9.6 5.6474713 0최빈거리기복전력24관 0 1 6     6 610⑩1:28.63    2.413.839.714.6 -1  5  .001011  2 3.4794683822111 71111011 1.02 5.04 2.1 6.1  2.1    6.1   10.4   15.3  .01217-1 3 2-1▽-1.138.80  .4613.8488.80 2.05 5.09 9.99 1 2 5 1.45 3.58 7.4611
20260103토11140011국254 6101 9혼전 4451흐림다습1310 5엠제이베스트    카우보이주얼리파 5932.00한수 8 0 0 1 1   7417:55 495002등문병기박정재   2 9 7171063 3 4 655  0김효정49754.567평추상77 56 564221.045.017.81752 7265110271418132829192217152055↗→선13.837.438.813.3137637.639.3 87.4 89.3 34 47  850   13.90   13.30 3 -8  1HN동53.64902014-2.8 8.8 6.0505013 0최빈거리조교부실26관 0 2 9     9 8 8⑥1:27.4¾   1.814.338.613.6 -3  5  .00 6 9  0 2.2648047653110 2 9 9010 1.03 6.09     5.6  3.2    7.9   15.2  169.0  .01834 0 4 4 0― -.338.60  .3213.1488.73 4.5610.4817.80 2 610 2.65 6.9212.14 9
20251213토11140011국254 210110혼전 4451눈  불량2010 5엠제이베스트    카우보이주얼리파 5932.00한수 7 0 0 2 1   56      495002등문병기박정재   210 616 963 2 4 654  0김효정49254.067평추상54 60 603626.048.020.71752 7265110271418132829192217152055↗→선13.837.338.813.3167637.339.0 85.8 88.0 35 46  854   15.20   13.00 3  2  2BN동53.64902014-3.4 9.2 5.8585813 0최빈거리급신장세70기 01011     9 8 6④1:25.81½  1.213.937.913.3 -5 -8  .00 4 9 -2 1.4176537454510 5 8 73 9 8.01 5.07     8.0 19.2   61.0  188.2  209.6  .02252 1 5 5 1― -.138.40  .3011.9088.66 5.2411.3720.72 41118 5.5611.1619.00 9
20251122토11140011국241 1 9111혼전 4451맑음건조 310 5엠제이베스트    카우보이주얼리파 5932.00한수 7 0 0 2 1  100      495002등문병기박정재   211 515 863 1 4 653  0김효정50052.567평추보19 28 284010.038.012.11752 7265110271418132829192217162153↗→선13.937.338.813.3157338.238.4 86.5 88.7 36 50  850   14.80   13.10 2  5 -2LHUP53.74892014-1.4 8.4 7.0454513 2최빈거리단기승부37기 0 811    10 9 7⑤1:26.5½    .515.237.413.0 -6  7  .00 511  0  .7389317546411 311103 8 4.01 5.03 2.1 4.9  9.0    6.4   20.6    8.9  .01942 0 3 4 0― -.838.60  .5312.6088.66 2.40 5.6412.08 1 4 8 2.22 5.8610.5810
20251108토11120011국254 110112혼전 4451흐림건조 310 5엠제이베스트    카우보이주얼리파 5728.00한수 7 0 0 2 1  144      495002등문병기박정재   212 414 863 1 4 652  0이용호49354.566평추보53 55 554827.048.017.91755 7265110271433152829191820162153→↘자13.937.538.013.3189238.837.3 74.8 77.0 37 51  949   14.10   13.30 5  0  2HNDN53.74892014-1.4 7.2 5.8525213-2숨은복병보통주행64기 0 311    111110⑧1:14.8목   1.114.837.013.1 -3  2  .00 811  3 1.57597 6514811 5 5 93 2 4.05 4.11 3.3 7.3  6.6   27.9   53.0   50.0  .02255 1 5 5 1― -.138.40  .60 1.5075.78 4.12 9.4317.94 2 610 3.70 8.6616.1810
20251003금11140011국244 3 9113혼전 4451흐림다습1110 5엠제이베스트    카우보이주얼리파 5932.00한수 7 0 0 1 2  23220:00 495002등문병기박정재   213 313 763 3 4 651  0김효정49153.076평추하61 47 474022.044.019.21542 52862 9271418132829192217162153↘↗선13.937.238.813.3237637.639.2 87.0 89.2 38 53  950   14.10   12.70 2  2 -3HHUP53.74892014-1.4 7.4 6.0565613 2일반주행단기승부53기 0 3 8     910 8⑤1:27.01¼  1.014.138.313.3 -3 -9  .00 5 8  3 1.1567643595011 4 9 83 7 1.04 7.06     4.6  1.9    8.8   11.1    9.6  .01532 0 4 5 0― -.338.80  .4113.2088.59 4.5610.7919.19 2 612 3.45 8.6217.44 8
20250920토10120011국232 1 8114혼전 4431맑음포화1610 5엠제이베스트    카우보이주얼리파 5728.00한수 7 0 0 2 2  27520:00 495002등문병기박정재   214 212 763 2 4 650  0김효정50055.575평추상84 85 857258.060.037.81542 52862 9271418132829192217162153↘↗선13.937.438.013.3239437.837.7 73.5 75.7 39 55  948   13.70   13.00 4 -2  2UUDN53.74892014-3.4 8.6 5.2626213-2뒷심문제작전마주 5기 0 110    1011 9⑧1:13.5½   1.314.136.712.7  3  8  .00 8 5 -6 2.2347613294111 5 1 33 6 3.01 5.04     8.2  5.3    8.2   17.3  250.5  .02874 0 7 6 0―  .738.10  .08  .3075.7213.7825.8837.81183753 9.1819.5130.28 6
20250823토10140011국254 1 5115혼전 4451맑음건조 410 5엠제이베스트    카우보이주얼리파 5932.00한수 7     2 2  35918:00 495002등문병기박정재   215 111 663 1 4 6 0  0김효정49254.076평추하16 15 1526 8.034.0 9.51542 52862 9271418132829192217172250↘↗선13.937.338.913.3206937.138.1 85.3 87.5 38 53  947   15.10   12.40 3 -1 -1HNUP53.64892014-2.0 8.6 6.6505013 2최빈거리보통주행37기 0 3 9     8 7 5③1:25.3머리  .013.737.013.0 -8  6  .00 311  4  .1 64610 67910 6 9103 5 5.03 2.05     3.9 11.4   22.6   61.7  380.4  .01335-2 3 3-2▽-1.338.30  .5511.3088.73 1.22 3.95 9.45 1 4 8 1.77 4.24 8.5710
20260815토101200 8외3 1 2  1 0 2강 2252          10 6크레이지스타    OMAHA BETOOK     8830.00호거 4 0 0   1    019:55 41250혼3신삼영서창식   2 012 7 911 5 2 110  0이혁     54.580우입적50 71 719789.067.065.12156 51353 3 81223 011 32821195050 0↗↘선13.636.538.113.89273                   57 43 5743   13.80   14.0010 -2  1NN동54.64951412  .0 2.2 2.2838312 0전개최상전개최상 1   0 6                            13.8    14.0        .0                       1 2 1 1  5                                              .04691 3 9 9 3★ 1.538.10 -.25     75.2827.9850.0765.0619405527.2749.2670.21 2
20260607일 9120011외333 2 81 1혼전 4451맑음양호 610 6크레이지스타    OMAHA BETOOK     8830.00호거 4 0 0 1 1  162      41250혼3신삼영서창식   2 111 6 811 4 2 1 9  0이혁  47954.080우입보51 65 659467.063.033.52156 51353 3 81223 011 32821195050 0↗↘선13.636.538.113.8936936.739.7 75.6 76.7 57 43 5743   13.60   13.50 4  1  0LH동54.64951412  .6 2.2 2.8787812 0전개최상전개최상 5   0 8 5     3 3 4⑧1:15.62½  1.713.839.214.0  5 -7  .09 8 3  2 1.76720755931 1 4 7 20 4 1.0611.10 2.6 5.8  2.6   10.6   16.0   46.912.74180 2 8 8 2▲ 1.039.30  .64 2.1175.2812.4923.6533.5418375310.0019.4628.57 5
20260509토10120011외353 4 51 2혼전 4451맑음건조 510 6크레이지스타    OMAHA BETOOK     8830.00호거 4 0 0 2 1   71      41250혼3신삼영서창식   2 210 5 711 3 2 1 8  0이혁  48654.080우입보78 91 919382.067.034.62156 51353 3 81223 011 32821195050 0↗↘선13.636.538.313.9925737.339.5 76.1 76.9 57 43 5743   13.30   13.50 4  0  0NH동54.64951412  .6 2.2 2.8787812 0전개최상전개최상 5   0 7 2     6 810⑪1:16.11    1.313.639.113.5 10  3  .0911 1 -1 2.97552717142 1 6 2 30 3 6.11 9.10 3.1 4.0 16.4  553.4  795.3 2151.710.54186 3 9 9 3★ 1.339.30  .50 2.1375.3912.1223.8334.5812264117.1430.9443.19 1
20260412일10120011외354 3101 3혼전 4451맑음다습1110 6크레이지스타    OMAHA BETOOK     8830.00호거 4 0 0 2 1   63      41250혼3신삼영서창식   2 3 9 4 611 2 2 1 7  0이혁  48354.080우입보91 95 959482.067.033.72156 51353 3 81223 011 32821195050 0↗↘선13.636.538.313.9935736.339.0 73.5 75.6 50 50 5050   13.70   13.10 3  4  1LN동54.64951412  .6 2.2 2.8787812 0유망전력전개최상 5   0 7 1     1 1 1③1:13.5목    .013.338.013.5  1 -1  .00 3 2  0  .234 9582687 2 6 3 31 2 3.01 8.02 2.4 7.0  7.5    9.9   22.3   13.110.54182 2 9 8 2▲ 1.338.90  .53  .7975.3911.5623.1333.6718375316.4428.1839.44 3
20260322일10120011외324 4 71 4혼전 4451맑음건조 510 6크레이지스타    OMAHA BETOOK     8830.00호거 4 0 0 2 1   43      41250혼3신삼영서창식   2 4 8 3 511 1 2 0 6  0이혁  48453.580우입보52 53 5385  .053.029.12156 51353 3 81223 011 32821193367 0↗↘선13.636.538.313.9865736.837.7 73.9 74.7 40 40 6040   13.10   12.30 3  0  1UN동55.04981412 1.4 2.6 4.0666612 0출주제외작전마주 5   0 3 1     1 1 1②1:13.91     .013.737.413.1  0-13  .00 2 2     .2 92713 684 2 5 6 41 1 1.02 5.03 2.7 3.6  2.7    3.6    5.9   16.8  .02074 0 6 7 0―  .538.70  .67 -.0675.39 8.5618.7529.07 7182814.4625.5860.95 3
20260301일10120010외314 3 11 5 1강 1151맑음건조 310 6크레이지스타    OMAHA BETOOK     8830.00호거 4 0 0 1 1   53      41250혼3신삼영서창식   2 5 7 2 411 1 2 0 6  0빅투아48952.591기입보42 44 446845.053.020.43053131353 3 812 0 011 32228183367 0→→선13.636.638.414.08052                   40 40 6040   13.50   14.30 4 -7  0UHDN55.04981412 1.8 3.0 4.8585812-2숨은복병기복전력60관 0 3                    경제    13.5    14.3    -8  .07                      3 6 8 70 1 3.02 2.05 1.3 3.2  9.3   23.1   49.2  392.8  .01974 0 6 6 0―  .238.40  .82     75.50 5.6612.7820.44 51322 4.79 8.7518.00 9
20260201일10140010외350 5 51 6혼전 4451맑음건조 210 6크레이지스타    OMAHA BETOOK     88     호거 4 0 0 1 1   43      41250혼3신삼영서창식   2 6 6 1 111 1 2 0 5  0임다빈49752.577기입보72 84 846966.056.023.61527 81353 3 81217 811 31424243367 0→↗추13.636.439.313.9813036.740.8 88.1 89.4 40 40 6040   13.10   12.90 6  6 -4VHUP55.04981412 1.8 3.0 4.8585812 2전개최상탐색우려 5   010 1     1 2 6⑧1:28.13    1.813.539.914.3  7 -7  .01 8 1  0 2.46329857830 1 9 3 81 5 6.05 1.07 2.3 5.0 11.2   70.7  140.2  260.9  .03456 0 7 5 0―  .539.60  .4713.6588.38 6.2314.4523.57 3 817 9.6519.8430.89 5
20251220토 9120011외412 3 61 7 1강 1156흐림포화1610 6크레이지스타    OMAHA BETOOK     8830.00호거 3 0 0 2 1  12017:00 33000혼4신삼영서창식   2 7 5 5 411 1 1 0 4  0마이아50456.093기입보51 56 569286.074.074.13452161353 3 812 0 011 33532 8 099 0↘↗선13.736.738.313.9796136.138.4 72.4 74.6 25 25 5050   13.50   14.40 5  1 -1VN동54.54951212 1.8 3.0 4.8585812 0일반주행전개최상 5   0 4 3     1 1 1①1:12.42    -.313.137.312.9  0  5  .00 1 1 -3  .0 8 435 791 1 3 3 11 1 1.05 4.09     4.0  1.3    5.8    7.3    9.4  .04696 3 9 9 3★ 2.038.40 -.73 -.4075.5038.4260.7774.0937566918.9036.1441.69 2
20251116일 8120011외454 2101 8혼전 4451맑음건조 310 6크레이지스타    OMAHA BETOOK     8830.00호거 3 0 0 2 1  114     110000혼O신삼영서창식   2 8 4 4 311 4 1 0 3  0임다빈49957.076기입상85 87 877768.062.024.51527 81353 3 81217 811 3142424 099 0→↗추13.636.838.013.6728236.239.5 74.6 76.4 33 33 3367   13.40   12.30 7  0  5UB동52.04911212 2.3 2.7 5.0595912 0거리혈통기복전력 5   0 3 4     3 2 2④1:14.62½   .813.539.414.4  0  8  .00 4 4  2  .958 5713557 6 3 6 72 4 1.02 4.06 2.9 7.8  2.9    7.8   12.1   22.8  .02649 0 6 6 0―  .838.90  .81 1.5575.39 6.4214.3624.47 41118 8.6415.8923.41 6
20250928일 9120010외441 2 41 9 2강 2241흐림포화1810 6크레이지스타    OMAHA BETOOK     8830.00호거 3 0 0 9 2  245      33000혼4신삼영서창식   2 9 3 3 211 3 0 0 2  0임다빈49152.077하입하35 37 376669.053.022.32050 8 850 0 81217 811 3142424      →→추13.636.739.114.4702736.836.9 71.9 74.1  0  0 5050   13.30   14.30 4 -8 -4HH동       1210 4.0 3.0 7.0414112 0일반주행거리혈통 5   0 3 2     4 3 1①1:11.91    -.213.435.812.3 -1  1  .00 1 2  0  .0 224 2 189 3 7 7 62 3 2.04 3.09 1.8 2.9  4.4   21.1   33.5    7.7  .02042 0 6 5 0―  .238.30  .31-1.7075.95 6.1014.0422.28 8172910.7621.9226.29 4
20250830토 3120012외431 3 8110혼전 4459맑음불량2010 6크레이지스타    OMAHA BETOOK     8830.00호거 3     9 2  34514:55 41250혼4신삼영서창식   210 2 2 111 2 0 0 0  0임다빈49056.077하무하32 18 183027.038.010.92050 8 850 0 81217 811 3142424      →→추16.138.638.212.8 19736.039.7 74.3 76.4  0  0  0**   14.30   12.60 7  6  0BHUP       1210 4.0 4.0 8.0232310 2일반주행탐색우려 5   011 4     3 3 4⑥1:14.31     .713.339.314.3  4 14  .00 6 2 -2 1.558 277375812 6 4102 2 7.05 2.12     5.4 29.1  174.2  500.4  474.6  .01517 0 3 2 0― -.937.10  .07 -.4476.51 2.12 6.0110.88 1 4 8 3.70 9.34 9.4010
20250713일 11000 8외441 3 9111 1강 1155흐림건조 410 6크레이지스타    OMAHA BETOOK     8830.00호거 3     2 3  46510:35 41250혼4신삼영서창식   211 1 1 111 1 0 0 0  0임다빈47656.078평무보   35 3540  .044.019.61846 5 825 7 81217 811 3142424      ↗→추16.237.137.812.9    39.437.1 63.6 64.0              16.20   13.20        LN동       10 0                 0 0일반주행작전마주49기 1 5 8     8 8 8⑧1:03.62    2.016.136.913.1  4-12  .00 8 4  0 2.57995177423 2 2 4 60 1 1.02 8.01     4.2  2.5    4.2    8.7   31.7  .02052-1 4 5-1▽ -.538.20  .48-10.962.71 4.7511.5219.61 4111812.9024.7244.12 5
20260815토101200 8외3 1 2  2 0 2강 2252          10 7힐링헤이븐      SHAMAN GFORMBY          미암 6 0 0   1    019:55 41250혼3조현수이장운   2 01612 837 2 2 237  0김효정   52.569평무보50 48 4842 9.042.020.81752 71257 81013 62011 3192217631325↗→선13.737.238.113.43879                   18 32 1226   13.50   13.40 4  3  0NHDN53.14641814-1.6 8.0 6.4434313-2일반주행보통주행 1   0 7                            13.5    13.4        .0                       7 3 6 8 10                                              .01524 0 3 3 0― -.538.10  .62     75.67 5.0811.9220.78 2 716 2.73 5.9110.64 7
20260719일10140010외352 7102 1혼전 4451맑음다습1410 7힐링헤이븐      SHAMAN GFORMBY          미암 6 0 0 2 1   41      41250혼3조현수이장운   2 115111437 1 2 236  0김효정46352.567평무상30 19 1914 7.035.011.11752 71257 81013 62011 3192217571429↗→선13.737.239.113.4274837.238.5 87.1 87.7 15 30 1224   13.20   13.80 3 -6  1HN동53.14641814 -.8 8.4 7.6313113 0최빈거리보통주행 5   0 4 2     2 3 3③1:27.1½    .013.538.413.4 -2 -3  .00 3 5 -4  .7 756181891 8 611111 9 3.0110.06 3.5 6.6  4.5    6.7   14.4   21.3  .01316-1 2 2-1▽ -.938.40  .4311.3688.80 2.44 6.3711.05 0 1 5 1.92 4.81 9.9711
20260627토10140011외352 2102 2혼전 4451맑음건조 410 7힐링헤이븐      SHAMAN GFORMBY          미암 6 0 0 9 1   51      41250혼3조현수이장운   2 214101337 1 2 235  0정우주46651.559평자보10  8  823 6.033.010.81255 71257 81013 5 011 3163013571429↗→입13.737.239.113.4255236.939.7 87.5 89.4 19 41 1331   13.70   14.20 5 -1 -1LHUP53.14641812-1.0 8.2 7.2363614 2일반주행최적거리41기 010 1     5 710⑦1:27.52    1.713.239.113.8 -2 -4  .00 7 9  0 1.75933574630 9 310100 2 1.06 9.02 3.4 6.9  3.4   21.5   32.1   44.1  .01522-2 2 1-2▽-1.338.80  .4313.1288.80 1.44 4.7010.76 1 4 8 1.19 5.1810.7810
20260523토10120010외344 3 42 3혼전 4451맑음다습1310 7힐링헤이븐      SHAMAN GFORMBY          미암 6 0 0 2 1   71      41250혼3조현수이장운   2 313 9 737 2 2 234  0김효정47052.569평자보45 47 474319.045.017.21752 71257 81013 62011 3192217571429↗→선13.737.338.013.4368537.240.7 76.4 77.9 23 39 1332   13.60   13.60 4  0 -2LH동53.14641812-1.0 7.4 6.4474713 0일반주행급신장세51관 011 4     4 5 9⑨1:16.45    2.813.739.914.2  0  2  .00 9 9  2 3.29045918912 9 1 8100 8 4.02 6.02 2.3 3.4  7.7   13.5   31.8   22.5  .01940 0 3 6 0― -.438.80  .74 2.5875.67 3.75 8.6717.23 2 610 2.73 8.9315.8410
20260425토11120011외353 4102 4 1강 1137맑음건조 310 7힐링헤이븐      SHAMAN GFORMBY          미암 6 0 0 9 1   71      41250혼3조현수이장운   2 412 8 637 1 2 233  0김효정46854.069평무상55 48 486426.045.022.21752 71257 81013 62011 3192217571429↗→선13.737.137.913.3469137.039.3 75.4 76.3 20 30 1330   14.10   13.00 5  2 -1VN동53.14641814-2.8 8.0 5.2555513 0일반주행작전마주30관 011 4     4 6 7⑦1:15.4½    .813.638.613.6  0 -2  .00 7 7 -3 1.45935655555 8 1 3102 7 1.02 6.04 3.2 6.5  3.2    6.5   10.1   31.9  .02045-1 4 2-1▽ -.338.60  .76 1.3475.50 6.1113.4622.17 71828 8.2416.8726.54 4
20260322일10120011외324 4 72 5혼전 4451맑음건조 510 7힐링헤이븐      SHAMAN GFORMBY          미암 6 0 0 2 1   85      41250혼3조현수이장운   2 511 7 537 1 2 232  0정우주47055.061평무하37 31 3142 7.037.013.81255 71257 81013 5 011 3163013571429↗→입13.737.137.913.3538937.938.1 75.4 76.2 21 34 1431   13.60   15.50 5  4 -1LNDN53.14641814-2.4 8.0 5.6545413-2일반주행작전마주40트 0 9 7     7 7 7⑥1:15.41    1.514.137.813.0 -4 -5  .00 610  5 1.75681264937 9 2 7110 1 1.02 5.03 2.7 3.6  2.7    3.6    5.9   16.8  .02025 0 2 2 0― -.738.50  .99 1.2375.50 2.50 6.5213.78 1 3 5 2.41 5.8110.4811
20260215일10140010외312 7 12 6혼전 4451맑음건조 310 7힐링헤이븐      SHAMAN GFORMBY          미암 6 0 0 2 1   74      49500혼3조현수이장운   2 610 61237 1 2 231  0김용근47555.585평무보63 48 484516.046.015.82754141257 8101313 011 3312614571429↘↘선13.736.938.913.4536536.641.8 90.4 90.7 21 34 1428   14.60   13.70 7 -3 -1NN동53.14641814-2.8 7.0 4.2666613 0최빈거리작전마주70기 1 5 4     4 4 7⑨1:30.44    2.913.642.115.5  4  4  .05 9 5 -2 3.28823939015 9 310100 1 2.01 1.04 1.3 3.0  8.2    3.0   14.2    4.9  .02031 0 4 4 0― -.339.40  .6114.9088.45 3.66 8.9215.79 1 4 8 2.14 6.2712.3810
20251227토10140011외312 3 62 7혼전 4451흐림다습1410 7힐링헤이븐      SHAMAN GFORMBY          미암 5 0 0 9 1  139      49500혼3조현수이장운   2 7 9 51137 4 2 230  0김효정47156.067평무보90 74 742618.045.015.21752 71257 81013 62011 3192217571429↗→선13.736.938.913.4546137.939.2 88.0 89.5 21 39 1432   13.50   13.60 4  2  2NB동53.14641814-2.8 7.0 4.2666614 0최빈거리거리난점 5기 0 811    111110⑨1:28.03    1.914.638.713.7  2 -6  .00 9 7 -1 2.06888416826 7 6 6 90 6 4.08 5.02 2.3 8.5  9.0   87.8  159.2  190.1  .01015-1 4 4-1▽ -.539.10  .6413.7488.45 3.84 9.1015.20 2 610 4.17 9.6016.1310
20251129토10140011외352 1102 8혼전 4451흐림다습1010 7힐링헤이븐      SHAMAN GFORMBY          미암 5 0 0 9 1   7917:30 41250혼3조현수이장운   2 8 8 41037 3 2 229  0김효정47754.567평무보95 83 832017.042.010.71752 71257 81013 62011 3192217571429↗→선13.736.938.813.3556937.239.0 86.1 88.3 19 44 1537   13.40   13.0012  1  3NLUP53.14641812-2.0 6.2 4.2696914 2일반주행휴양불리 5   0 6 4     5 4 5⑤1:26.12     .913.538.113.6 -3  2  .00 5 8  3 1.1245436365310 4 8112 5 4.0510.02     8.6  8.1   42.0   78.6  165.0  .015 9-3 3 2-3▼ -.838.90  .8112.6088.38 1.93 4.7610.72 1 2 5 4.29 7.8914.6311
20250906토 81200 9외344 1 42 9 3강 3351흐림포화1610 7힐링헤이븐      SHAMAN GFORMBY          미암 5 0 0 1 2  319      82500혼O조현수이장운   2 9 7 3 437 2 2 228  0김효정47552.075평무상93 95 957346.054.027.71542 512 0101013 62011 319221767 033↘↗선13.737.137.913.2479136.338.2 72.4 74.6 19 42 1238   13.50   13.40 2 -4  0NHDN53.34631814-2.2 7.4 5.2616114-2걸음늘어단기승부 5   0 5 4     5 5 6⑤1:12.41¼   .613.437.113.0  0  6  .00 5 5 -5  .6 6 729 661 8 1 3 72 4 4.01 8.02 2.3 3.6  6.7    6.9   16.8    5.511.22745 0 5 4 0―  .238.00  .59 -.4075.50 8.5618.3627.66 8172910.7818.3628.94 5
20250824일10140011외311 2 6210혼전 4451맑음건조 410 7힐링헤이븐      SHAMAN GFORMBY          미암 5 0 0 2 2  349      41250혼3조현수이장운   210 6 2 937 1 1 227  0김효정46952.076평무보37 33 332810.039.014.91542 512 0101013 62011 319221760 040↘↗선13.737.338.913.2236536.138.5 84.9 86.9 16 40  836   13.80   13.80 5  8  0LH동53.64611812 -.8 7.2 6.4494914 0일반주행최적거리43기 0 9 1     1 1 1①1:24.92½  -.413.537.413.4 -9  2  .00 110  0  .0 1 520 292 9 2 8101 310.01 9.03 1.9 7.9 32.0   22.8   75.0  106.9  .01844 0 3 4 0― -.838.20  .4010.6988.73 3.29 7.3214.89 1 4 8 3.37 8.4714.48 8
20250720일10140011외323 4 7211혼전 4451맑음포화1610 7힐링헤이븐      SHAMAN GFORMBY          미암 5 0 0 2 3  43617:30 41250혼3조현수이장운   211 5 1 837 1 1 226  0조한별46752.065평무보79 78 784550.053.023.01050 61567101013 2 011 312211860 040→↗입13.737.338.813.2167337.040.1 87.2 89.4 17 42  838   13.80   13.60 4 -3 -4UH동53.64611812-1.0 7.2 6.2575714 0숨은복병최적거리68기 0 1 4     7 8 8⑧1:27.21¾  1.613.839.013.8 -2  0  .00 810  8 1.86243726933 9 3 3 50 1 2.0410.08     3.7  3.7   13.4   25.8    6.9  .01936 0 6 7 0―  .138.70  .2413.3088.66 5.2714.0423.03 51325 7.4817.5929.00 5
20250622일10140011외451 710212혼전 4451맑음다습1210 7힐링헤이븐      SHAMAN GFORMBY          미암 5 0 0 2 3  51617:30 33000혼4조현수이장운   212 410 737 1 1 125  0최범현46756.089평추보59 58 586162.070.049.6345029156710101329 011 319311750 050↘↘입13.737.438.813.2107337.038.2 87.6 87.4 13 39  935   13.80   14.10 4 -5  0HL동53.04601812-2.4 9.0 6.6535314 0일반주행작전마주44기 0 4 2     2 1 1②1:27.6목    .013.838.313.6  0  8  .00 2 2 -2  .0 44112 790 9 1 6 21 2 5.02 8.04     7.0  8.3   14.6   36.8   14.110.64685 3 8 9 3▲ 1.638.20 -.5311.2088.7319.9536.4149.5513294614.1324.6329.44 3
20250524토 71400 9외450 8 5213혼전 4451맑음다습1210 7힐링헤이븐      SHAMAN GFORMBY          미암 5 0 0 2 4  60816:05 33000혼4조현수이장운   213 3 9 637 1 1 124  0코지  45956.083평추보14 12 124336.065.054.8315319 6   71013 0 011 323311950 050↗↘입13.737.538.713.2 77637.139.1 89.0 88.4 14 36  936   14.10   13.50 4 -1  4VBUP53.04601812-3.210.0 6.8525214 2가는대로최적거리51기 2 9 2     2 2 3⑤1:29.0½    .413.839.014.1  1-13  .00 5 4 -7 1.02647393570 8 1 6 21 1 5.08 3.06     4.0 13.4   99.7  213.6  154.4  .04778 4 7 8 4▲ 1.638.30 -.6612.1988.7321.3039.7054.8120425811.5920.6927.36 4
20250427일 9120011외314 3 6214혼전 4451맑음양호 610 7힐링헤이븐      SHAMAN GFORMBY          미암 5 0 0 9 4  68017:00 41250혼3조현수이장운   214 2 8 337 1 1 123  0이용호47252.078평추보31 35 3543 8.040.010.42058 4 6   7101313 011 319182050 050↘↗자13.737.637.913.2 99238.338.6 75.9 77.2 14 38 1038   14.80   14.10 6  7  0BHDN53.04601812-2.8 9.6 6.8484814-2일반주행보통주행 1기 01010    111111⑩1:15.9½   1.914.138.113.5 -1 22  .001011  2 2.1799043732611 110110 3 7.01 5.04     4.9 28.2   15.5   53.8   25.0  .01543 0 3 4 0― -.838.30  .83 1.6775.78 1.86 4.6210.35 1 2 5 1.35 3.56 6.5111
20250316일11140011외341 4 9215혼전 4451맑음양호 610 7힐링헤이븐      SHAMAN GFORMBY          미암 5 0 0 2 5  80418:00 41250혼3조현수이장운   215 1 7 537 1 1 122  0빅투아45052.088평추보37 49 494317.050.019.91745 61025 4101316 011 322281850 050↘↗선13.737.438.813.2 97338.139.7 88.8 89.9 15 40 1040   14.50   13.30 4 -7  0HHUP53.04601812-2.8 9.8 7.0444414 2일반주행최적거리 1기 0 311    10 8 8⑦1:28.83    1.514.839.414.1 -2-10  .00 7 9 -1 1.67490608335 9 7 8 70 1 1.06 5.04     5.2  1.9    8.8   14.2   60.2  .02071 0 5 5 0―  .038.70  .2613.6688.73 4.3111.7719.90 41118 4.62 8.9116.26 8
20260815토101200 8외3 1 2  4 0 2강 2252          10 8위즈리얼리티    TOM'S D'INTO REA 4622.00미거 4 0 0   1    019:55 41250혼3전승규최몽주   2 011 5 410 2 2 010  0송재철   52.577우입상50 66 667464.055.033.41744 81948 62229232618191925205050 0↘→입13.736.739.214.28627                   43 57 57 0   13.50   13.90 4  5  0VHDN55.64911812-2.4 5.8 3.4717114-2뒷심부족작전마주 1   0 8                            13.5    13.9        .0                       4 8 2 4  2                                              .02363 0 7 6 0―  .439.20 -.06     76.00 8.9919.7033.4015324610.0023.6544.68 4
20260719일10140010외352 7104 1혼전 4451맑음다습1410 8위즈리얼리티    TOM'S D'INTO REA 46     미거 4 0 0 2 1   41      41250혼3전승규최몽주   2 110 4 210 1 2 0 9  0송재철49352.577우입하33 30 308523.045.018.61744 81948 62229232618191925205050 0↘→입13.736.440.214.289 937.039.2 87.5 88.1 50 50 67 0   14.40   14.9013 -3  0HHDN55.64911812-1.0 4.6 3.6646412-4교체실패보통주행 5   0 3 1     1 1 2④1:27.52½   .513.539.113.9 -4  8  .00 4 8  4 1.11545423669 11110 91 1 3.0110.06 3.5 6.6  4.5    6.7   14.4   21.3  .02072 0 5 7 0― -.139.30  .0411.4689.00 4.37 9.6818.58 1 3 6 4.8111.5419.94 9
20260418토 9180011외352 2104 2 3강 3351맑음건조 410 8위즈리얼리티    TOM'S D'INTO REA 46     미거 4 0 0 2 2  254      41250혼3박지헌최몽주   2 2 9 3 210 1 2 0 8  0이혁  48552.579우입상70 71 714239.047.024.01331 52133142027241620182821195050 0↘↗선13.739.541.014.2861539.843.4120.5122.7 50 50 67 0   14.20   14.1010  0  0NH동55.64911812 -.6 3.6 3.0696912 0뒷심부족휴양탐색50기 1 6 4 4 4 4 610⑪2:00.57    3.514.442.214.9  7 -9  .0911 4 -3 5.196309391 7 111 4 60 2 1.03 9.04 2.2 5.3  2.2    8.3   12.2   65.112.12381 0 5 4 0― -.341.90  .0242.20118.7 6.8714.8124.04 51322 7.3222.2233.45 4
20260208일 9180011외341 9 44 3 1강 1151맑음건조 210 8위즈리얼리티    TOM'S D'INTO REA 46     미거 4 0 0 2 1  180      41250혼3박지헌최몽주   2 3 8 2 110 1 2 0 7  0임다빈49452.576우입상70 61 615054.045.020.11527 82249132027 51820181424245050 0→↗추13.639.441.214.3891238.941.9118.7117.8 40 40 80 0   13.40   14.10 9  1  1NNUP55.64911812 -.6 3.6 3.0696914 4일반주행거리속성56기 1 6 2 2 2 3 3 3④1:58.7½    .214.241.914.1 -3  2  .00 4 7  2 2.516 6804979 111 5 62 1 4.01 3.01 2.6 3.3  8.2    7.2   15.9   31.9  .01867 0 6 6 0― -.241.40  .0837.24118.8 4.7711.8120.05 2 716 7.7617.7829.73 5
20251206토11140011외342 2 94 4혼전 4451흐림양호 910 8위즈리얼리티    TOM'S D'INTO REA 46     미거 3 0 0 1 1  183      41250혼3박지헌최몽주   2 4 7 1 110 1 2 0 6  0이혁  49252.079우입상79 87 878972.055.029.62156 52249132027241620182821193367 0↗↘선13.636.440.214.3901336.339.7 86.7 88.2 50 50 75 0   13.70   14.00 4 -4 -5NUUP56.84901612 -.5 3.3 2.8707012 2우수혈통작전마주70기 0 5 2     2 3 5④1:26.7머리  .513.439.314.1 -1  2  .00 4 5  1  .82512603264 111 2 51 1 7.0611.04 3.3 5.8 12.2   60.0  140.1   96.1  .02180 0 7 6 0―  .339.40 -.2511.6189.00 8.8719.4429.64 8172914.5825.1239.69 4
20251109일 7120011외422 3 74 5혼전 4442맑음건조 310 8위즈리얼리티    TOM'S D'INTO REA 4622.00미거 3 0 0 2 1  137      33000혼4박지헌최몽주   2 5 6 6 310 1 1 0 5  0장추열49057.093평입하63 54 547953.064.040.82950122249132027131720182027225050 0↘↗입13.536.639.114.4802736.838.5 75.0 75.6 33 33 67 0   13.60   14.6010  6  0BVDN56.84911612  .3 3.0 3.3646412-4교체실패우수혈통44기 0 9 4     4 4 3①1:15.0코    .013.738.814.0 -3 -8  .00 1 4  2  .03024402286 2 9 4 42 2 4.07 9.02 2.4 4.0  8.9   32.1   67.7  144.7  .02281 1 6 7 1△ 1.038.80 -.18 -.1275.8915.0629.7640.8212264111.4324.2037.79 3
20250830토 8160010외452 3104 6혼전 4451맑음포화1810 8위즈리얼리티    TOM'S D'INTO REA 46     미수 3 0 0 9 2  340      33000혼4박지헌최몽주   2 6 5 5 210 1 1 0 4  0문세영49857.073평입하48 43 431462.063.037.02735 02133142027394320182936155050 0↗↗입13.536.140.514.479 235.641.5101.2103.1 33 33 67 0   14.40   13.70 5  1 -1NVUP56.84911612 1.0 2.0 3.0676712 3휴양탐색승부기대77기 1 3 2   2 2 2 4⑥1:41.21    1.613.640.614.6  4  0  .09 6 2 -2 2.257 9898030 3 9 7 41 2 6.05 2.06 2.2 6.5 15.4   43.3  119.3   29.3  .04572 0 7 7 0―  .940.50 -.3126.45103.411.8324.5236.9612264114.9427.0339.08 3
20250726토 6130011외454 5104 7혼전 4451맑음건조 410 8위즈리얼리티    TOM'S D'INTO REA 46     미수 3 0 0 9 3  42915:40 33000혼4박지헌최몽주   2 7 4 4 110 1 1 0 3  0장추열49857.593평입하62 80 807564.065.038.63047 41833 52027131720182027225050 0↘↗입13.536.739.414.4943738.639.5 83.3 84.1 33 33 67 0   13.40   14.6013 -1  0HNDN56.84911612-1.0 2.0 1.0989812-3교체실패작전마주49기 0 2 9    101011⑨1:23.31¾  1.614.439.413.7  5  5  .01 9 4 -1 1.77688598134 3 5 2 20 1 5.02 3.11     7.2  8.8   13.2   41.9   22.9  .02587 1 7 7 1△ 1.340.60  .18 8.0082.7113.7026.9038.5920425812.3624.3733.25 2
20250427일 7160010외452 9104 8혼전 4451맑음양호 710 8위즈리얼리티    TOM'S D'INTO REA 46     미수 3 1 1 9 4  68215:15 33000혼4박지헌최몽주   2 8 3 3 110 1 1 0 2  1문세영49357.573기도적61 35 3514  .055.023.94555251436 320273943201829361599 0 0→↘입13.636.940.413.4335735.541.2103.2102.4 50 50 50 0   14.40   13.70 4  2  1NNUP56.04881612         5.0    12 4전개최상기복전력 1기 0 3 3   3 3 3 3④1:43.2½    .713.441.714.6 -1 -3  .00 4 5  3  .734 5857263 71010 62 1 6.02 6.08     7.5 12.0   15.7   40.2   16.8  .03441 0 6 6 0―  .340.40 -.3325.06103.8 5.8714.4523.94 5132210.7120.2871.57 6
20250329토 7120011외424 5 74 9혼전 4451맑음건조 310 8위즈리얼리티    TOM'S D'INTO REA 4622.00미수 3 1 1 9 4  77616:05 33000혼4박지헌최몽주   2 9 2 2 210 1 1 0 1  1유승완49657.078강도보99 35 3599  .061.030.31123 61436 320271438201815272299 0 0↘↗입13.636.638.713.7979437.538.3 77.3 76.0100100100 0   13.80   14.00 5 -3  1UV동56.04881212         1.0    12 0교체성공전개최상 1기 0 1 5     6 7 6⑤1:17.31½  1.514.439.313.7  3  8  .00 5 2  0 1.54663344137 1 610 50 1 1.07 5.11     3.2  1.8   44.3   53.2   86.1  .04191 1 8 6 1▲  .938.90  .36  .7175.67 8.8319.2330.30 8223312.0021.1563.37 5
20250222토 2120012외352 610410혼전 4459맑음건조 310 8위즈리얼리티    TOM'S D'INTO REA 4622.00미거 3     9 5  88711:00 41250혼3박지헌최몽주   210 1 1 110 1 0 0 0  0마이아48856.093평무보   35 3540  .051.026.53350202170 02027 0 020183532 8      ↘→선13.636.738.513.3    36.338.1 76.0 74.5              13.60   13.60        NN동       12 0                 0 0일반주행작전마주 1기 1 4 1     1 1 1①1:16.05    -.813.839.214.0 -1-28  .00 1 2  0  .0 4 625 496 2 2 7 41 1 2.07 4.12     7.9  4.3   44.0   75.0  159.1  .02061 0 5 5 0―  .238.40  .50 -.7575.61 8.3217.9226.5215324610.6221.0537.40 2
