20260919토 1100011국6 0 6  5 0 3강 3351           1 1송당퍼스트                              한암 2       1    010:35 24750국6이강서제주축산 0 0 1 1 1 0 1 0 0 0  0조상범   52.558평무보85 99 9988  .065.055.2 926 652802930 0 0 04525132116      ↗→입14.637.237.412.78999                                14.60   13.00        NN동       10 0         1.0     0 0일반주행강단마필38기 0 1                            14.6    13.0        .0                       5 2 1 2  1                                            11.24769 1 7 7 1△ 1.037.40 -.37     62.5423.0940.9555.19204155 9.0918.1827.27 1
20260919토 1100011국6 0 6  5 0 3강 3351           1 2시실리                                  한암 2       1    010:35 24750국6토니  정태봉   0 0 1 1 1 0 1 0 0 0  0코지     52.588평무보34 24 2431  .044.018.733592030591620 044 02820233119      ↗↘입15.037.938.313.944 1                                15.00   14.20        NN동       10 0         7.0     0 0일반주행마방연대40기 0 2                            15.0    14.2        .0                       6 8 8 5  1                                            11.22224-4 5 3-4▽ -.838.30 -.17     63.43 5.5910.7318.73 51425 9.0918.1827.27 2
20260919토 1100011국6 0 6  5 0 3강 3351           1 3학산윈드                                한암 2       1    010:35 24750국6안병기황봉기   2 0 1 1 1 0 1 0 0 0  0정정희   52.580평무보37 34 3448  .032.012.62043102356 9181518171810202515      →→입14.436.938.313.898 1                                14.40   14.10        NN동       10 0         8.0     0 0일반주행보통주행39기 0 3                            14.4    14.1        .0                       4 7 710  1                                            11.21529-2 2 3-2▽-1.338.30  .52     62.87 2.13 6.2512.55 0 1 4 9.0918.1827.27 3
20260919토 1100011국6 0 6  5 0 3강 3351           1 4투혼의함성                              한암 2       1    010:35 24750국6이관호황의영  -1 0 1 1 1 0 1 0 0 0  0임기원   52.588평무보32 20 2021  .037.016.71839 9213911202232382321233316      ↘↗입15.338.838.312.7 1 2                                15.30   13.00        NN동       10 0         5.0     0 0일반주행부진마필44기 1 4                            15.3    13.0        .0                      1110 9 7  1                                            11.21513-3 3 3-3▽-1.038.30 -.57     63.92 3.13 8.3616.68 31017 9.0918.1827.27 4
20260919토 1100011국6 0 6  5 0 3강 3351           1 5베스트러브                              한암 2       1    010:35 24750국6문병기베스트샤-1 0 1 1 1 0 1 0 0 0  0송재철   52.577평무보49 56 5660  .038.018.71644 72551 926 016282726192520      ↘↗입14.136.838.313.599 1                                14.10   13.80        LN동       10 0         4.0     0 0일반주행보통주행34기 0 5                            14.1    13.8        .0                       3 6 6 6  1                                            11.21538-1 3 3-1▽ -.838.30  .40     62.82 5.5510.6918.66 41222 9.0918.1827.27 5
20260919토 1100011국6 0 6  5 0 3강 3351           1 6에버위닝                                한암 2       1    010:35 24750국6문세영최몽주   2 0 1 1 1 0 1 0 0 0  0이용호   52.565평무보81 96 9675  .061.051.81658 624291738 0 0135750191820      →↘자14.036.738.313.199 2                                14.00   13.40        LN동       10 0         2.0     0 0일반주행작전마주42기 0 6                            14.0    13.4        .0                       2 5 2 3  1                                            11.22569 1 6 5 1―  .838.30 -.50     62.7620.2737.9951.81142947 9.0918.1827.27 6
20260919토 1100011국6 0 6  5 0 3강 3351           1 7나이트선더                              한암 2       1    010:35 24750국6이강서우순근  99 0 1 1 1 0 1 0 0 0  0서승운   52.584평무보85 83 8377  .066.057.223351352802930 044 04525272717      ↗↘선15.238.637.312.3 299                                15.20   12.50        LN동       10 0         1.0     0 0일반주행마방연대37기 0 7                            15.2    12.5        .0                       9 1 3 1  1                                            11.22580 1 7 7 1△ 1.137.30-1.10     63.2625.4345.0157.17375771 9.0918.1827.27 7
20260919토 1100011국6 0 6  5 0 3강 3351           1 8학산스마티                              한암 2       1    010:35 24750국6정호익황봉기   2 0 1 1 1 0 1 0 0 0  0루이스   52.567평무보73 69 6927  .033.013.72144102033 9241619112313202715      ↗↘입14.538.038.112.53225                                14.50   12.80        LN동       10 0         3.0     0 0일반주행보통주행45기 0 8                            14.5    12.8        .0                       7 3 5 9  1                                            12.11513-3 2 3-3▼-1.238.10  .03     63.37 2.31 7.8913.70 1 4 7 9.0918.1827.27 8
20260919토 1100011국6 0 6  5 0 3강 3351           1 9하트퀸                                  한암 2       1    010:35 24750국6토니  김한수   1 0 1 1 1 0 1 0 0 0  0이혁     52.580평무보26 15 1519  .035.016.62359 8305916202533 02820282118      ↗↘선14.838.738.312.9 1 1                                14.80   13.20        LN동       10 0         6.0     0 0일반주행부진마필42기 0 9                            14.8    13.2        .0                      10 911 8  1                                            11.21517-2 3 2-2▽-1.038.30 -.52     63.87 3.05 8.2916.55 2 511 9.0918.1827.27 9
20260919토 1100011국6 0 6  5 0 3강 3351           110해피젬                                  한암 2       1    010:35 24750국6서인석박철근   2 0 1 1 1 0 1 0 0 0  0우인철   51.575평무보29 16 16 7  .033.0 9.82048101949 9182532 02011112722      →↘입14.638.438.213.8 6 1                                14.60   14.10        LN동       10 0         7.0     0 0일반주행부진마필52기 110                            14.6    14.1        .0                       8 41011  1                                            11.215 4-4 2 5-4▼-1.538.20 -.11     63.65 1.37 4.97 9.77 1 3 6 9.0918.1827.2710
20260919토 1100011국6 0 6  5 0 3강 3351           111실버웨이브                              한암 2       1    010:35 24750국6송문길선형조   0 0 1 1 1 0 1 0 0 0  0장추열   52.593평무보54 74 7482  .050.029.22949121738 9272529292627202722      ↘↗입13.736.638.413.999 1                                13.70   14.20        NN동       10 0         7.0     0 0일반주행보통주행36기 011                            13.7    14.2        .0                       111 4 4  1                                            12.11555 0 4 4 0― -.138.40  .17     62.76 8.0518.9029.17 92034 9.0918.1827.2711
20260919토 2120011국6 2 6  5 0혼전 4451           2 1퀸즈레이스      레이스데퀸즈스텝 5725.00한암 3 0 0   1    011:25 16500국6안병기박병현   0 0 3 2 3 2 2 0 0 2  0조상범   54.058하추보50 45 453910.032.0 6.9 926 62356 918 0 0 01810132116      ↗→입13.737.339.814.15122                    0 50 50 0   14.40   14.40 3 -9  0HH동       1212-2.0 8.5 6.5242412 0일반주행최적거리15관 0 1                            14.4    14.4        .0                       5101010  2                                              .01527-3 2 1-3▼-1.539.80  .02     76.67  .81 3.07 6.91 1 4 7 2.86 6.0310.5910
20260829토 2120010국650 7 55 1 1강 1159흐림다습14 2 1퀸즈레이스      레이스데퀸즈스텝 5725.00한암 3 0 0 9 1   60      16500국6안병기박병현   0 1 2 2 2 2 1 0 0 1  0조상범41154.058우무보84 54 549053.051.039.1 926 62356 918 0 0 01810132116      ↗→입13.736.640.114.2931037.639.2 77.5 76.5  0100100 0   13.70   14.5010  1 -1NH동       1212-3.011.0 8.0303012 0최빈거리보통주행59기 010 9     8 8 6⑤1:17.53    2.314.440.014.4 -1 -8  .00 5 6 -5 3.06671637320 110 1 33 1 1.05 3.06 2.6 4.9  2.6   12.0   17.9   59.012.02877 2 6 5 2―  .539.10 -.68 -.2176.4510.6723.8239.11132843 9.6820.5129.58 8
20260620토 2120011국642 9 95 2 1강 1131비  불량20 2 1퀸즈레이스      레이스데퀸즈스텝 5725.00한암 3     2 1  190      16500국6안병기박병현   0 2 1 2 1 2 1 0 0 0  0오수철41955.060평무보58 25 2543  .026.0 6.8 733 52356 918 0 9 01810112115      ↘↗입14.537.040.113.694 436.439.8 76.0 75.6              14.50   13.90 4  0  0LL동       12 0         6.0     0 0일반주행보통주행 5기 0 9 5     5 2 2⑧1:16.01½  1.713.739.714.5 -3 -9  .00 811  0 2.03312795733 61110110 1 2.10 3.06 2.3 5.0  4.1   92.1  146.5   66.3  .015 6-4 1 1-4▼-1.738.40  .02-1.5276.67  .72 3.00 6.77 1 3 6 9.9120.2845.45 5
20260919토 2120011국6 2 6  5 0혼전 4451           2 2누리비상                                한수 3       1    011:25 16500국6이준철허도행   2 0 1 1 1 0 1 0 0 0  0유승완   56.072평무보65 66 6648  .053.023.11960 8304614304537233124152722      →↘입15.037.539.613.66637                                15.00   13.90        NN동       12 0         4.0     0 0일반주행마방기습47기 1 2                            15.0    13.9        .0                       6 7 5 6  1                                              .02557 0 5 5 0―  .239.60 -.44     76.67 5.4513.9623.14 5132210.4818.9729.12 5
20260919토 2120011국6 2 6  5 0혼전 4451           2 3블랙타임        에어포스한얼공주 1919.00한암 2 0 0   1    011:25 16500국6박지헌강승호  -2 0 3 2 2 2 2 0 0 2  0임다빈   52.575하선보50 52 529031.049.022.21327 722451221 6 5 02218142424      →↗추13.536.440.013.898 3                    0  0100 0   13.20   14.60 4  2  0HHUP       1210  .0 6.5 6.5343410 2전개최상조교부실37관 0 3                            13.2    14.6        .0                       111 9 7  2                                              .03459 0 4 2 0―  .040.00 -.02     76.28 5.7913.9322.17 41118 3.8111.2115.88 9
20260823일 11000 8국611 7 15 1혼전 4455맑음포화16 2 3블랙타임        에어포스한얼공주 1919.00한암 2 0 0 2 1   71      24750국6박지헌강승호  -2 1 2 2 2 2 1 0 0 1  0임다빈44352.575하도보25 21 219854.065.061.61327 722451221 6 5 02218142424      →↗추13.536.538.213.8981035.939.7 62.3 63.4  0  0100 0   13.40   14.10 5 -4 -1HH동       1010  .0 8.0 8.0272710 0숨은복병전개최상80기 1 1 1     1 1 3⑤1:02.32    1.313.239.014.6  0  6  .00 5 5 -3 1.365 2915243 1 4 1 31 1 4.02 8.04 1.7 3.3  7.4   18.2   41.7    7.1  .04290 3 7 6 3△ 1.238.60 -.63-11.362.6023.8543.6461.59122640 7.2319.8826.35 8
20260718토 1100011국630 4 85 2 1강 1155비  불량20 2 3블랙타임        에어포스한얼공주 1919.00한암 2     2 1   91      24750국6박지헌강승호  -2 2 1 2 1 2 1 0 0 0  0유승완43753.572평무보68 25 2549  .031.010.31960 822451221 614 02218152722      →↘입14.336.838.313.6991035.840.2 62.7 64.0              14.30   13.90 4  0  0LN동       10 0         4.0     0 0일반주행보통주행 5   0 5 2     2 2 3⑧1:02.74    1.813.439.114.1  0 -4  .00 8 8  0 2.076 1956226 4 6 5 91 1 7.03 8.06 2.5 4.7 28.5   53.5  183.2  149.1  .01531-2 2 1-2▽-1.438.50  .66-11.162.82 2.00 4.6910.29 2 510 6.5114.3326.85 5
20260919토 2120011국6 2 6  5 0혼전 4451           2 4샤프가이        콩코드포샤프레이 7623.00한수 2 0 0   1    011:25 16500국6문병기(주)디알 2 0 2 1 1 1 2 0 0 1  0최범현   54.593평선보50 57 579272.070.048.53159132551 9265248 92726183217      →→입13.736.839.813.48613                    0  0  0 0   13.80   13.70 5  3  0NHUP       1210-1.0 6.0 5.0454510 2마방연대전개최상45관 0 4                            13.8    13.7        .0                       2 9 7 2  2                                            12.74285 2 8 9 2▲ 1.439.80 -.91     76.3917.8034.7448.5034536512.3825.0038.82 2
20260817월 1100010국610 7 15 1혼전 4459흐림다습13 2 4샤프가이        콩코드포샤프레이 7623.00한수 2     2 1   92      24750국6문병기(주)디알 2 1 1 1 1 1 1 0 0 0  0최범현47454.593평무보11 25 2587  .068.046.13159132551 9265248 92726183217      →→입14.036.838.314.599 136.738.8 62.8 63.2              14.00   14.80 4  0  0NL동       10 0         9.0     0 0일반주행마방연대 5   0 1 1     1 1 3⑤1:02.81¼  1.213.838.213.7 -1 10  .00 5 6  0 2.05720765046 2 8 6 21 1 1.09 2.06 1.0 3.2  1.0    7.7    9.5   26.5  .02278 0 7 7 0― 1.238.30 -.37-11.962.8221.1634.9446.1219405610.8920.7533.79 1
20260919토 2120011국6 2 6  5 0혼전 4451           2 5누리여왕        올드패션행복거탑 7718.00한암 3 0 1   1    011:25 16500국6김동균허도행   2 0 2 1 2 1 2 0 1 1  1우인철   53.075강추보50 87 877960.062.035.92048101751 620 9152919 8112722 0 099→↘입15.538.438.312.9 299                  100100  0**   15.50   13.1012 -6  0NU동53.04681212-2.0 4.0 2.0858512 0교체성공작전마주54관 1 5                            15.5    13.1        .0                      10 3 2 4  2                                              .03083 1 7 6 1△  .938.30 -.59     76.4511.6123.0635.87102235 7.6222.4133.53 3
20260628일 2120011국612 8 15 1 1강 1154맑음건조 3 2 5누리여왕        올드패션행복거탑 7718.00한암 3     9 2  221      16500국6김동균허도행   2 1 1 1 1 1 1 0 0 0  0우인철46853.076평무보37 25 2528  .027.013.11614 721421220 9152919 8112722      ↘→입15.338.637.912.1 19738.136.8 76.0 74.7              15.30   12.30 4  0  0NN동       12 0         5.0     0 0일반주행탐색우려37관 01111    1110 5②1:16.03     .015.537.313.1 -2 -3  .00 2 4  0  .5 988 1148611 1 6 73 1 1.04 5.11 1.3 2.5  1.3    5.7    6.4    6.1  .01510-2 1 1-2▽-1.736.50  .18-1.8476.34 1.36 5.8713.10 51322 8.5318.1136.12 8
20260919토 2120011국6 2 6  5 0혼전 4451           2 6블루로즈        인디밴드스파이스 6129.00한암 3 0 1   1    011:25 16500국6이신우범한산업 2 0 2 1 2 1 2 0 1 1  1김정준   54.074강입보50 88 888963.066.039.51436 92161 8202522112114132026 099 0↗↗추13.736.938.513.47298                  100100  0**   13.70   13.70 3  0  0NU동54.04631212-3.0 5.0 2.0858512 0교체성공작전마주55조 1 6                            13.7    13.7        .0                       3 4 1 3  2                                            10.53076 1 8 7 1▲ 1.138.50  .05     75.7213.3427.0039.46122640 9.5219.8329.12 4
20260829토 2120010국650 7 55 1 1강 1159흐림다습14 2 6블루로즈        인디밴드스파이스 6129.00한암 3     9 1   60      16500국6이신우범한산업 2 1 1 1 1 1 1 0 0 0  0김정준46354.074평무보25 25 2511  .028.0 9.11436 92161 8202522112114132026      ↗↗추14.838.239.813.010 736.837.7 75.2 74.2              14.80   13.30 4  0  0LL동       12 0         7.0     0 0일반주행보통주행39트 0 6 5     5 2 2②1:15.24     .013.738.513.7 -3-11  .00 2 5  0  .7 33013 78810 511 92 1 1.05 3.06 2.6 4.9  2.6   12.0   17.9   59.0  .01511-3 2 1-3▼-1.536.80 -.54-3.8177.17 1.08 4.23 9.12 1 4 911.8322.5633.80 4
20260919토 2120011국6 2 6  5 0혼전 4451           2 7라온카리스걸    머스킷맨라온카리 8326.00한암 2 0 1   1    011:25 16500국6이강서라온랜드 1 0 2 1 2 1 1 0 1 1  1서승운   52.584강추보50 85 859383.069.058.6233513528029304644 04525272717 0 099↗↘선14.138.038.012.5 499                  100100  0**   14.10   12.30 4  3  0LUUP52.54871210  .0 2.0 2.0858510 2마방연대전개최상39기 0 7                            14.1    12.3        .0                       8 1 3 1  1                                              .06699 4 9 9 4☆ 1.838.00 -.86     76.0630.0647.4658.5818375420.9534.4845.88 1
20260823일 11000 8국611 7 15 1혼전 4465맑음포화16 2 7라온카리스걸    머스킷맨라온카리 8326.00한암 2     2 1   71      24750국6이강서손천수   1 1 1 1 1 1 1 0 0 0  0김태희48752.562평무보61 25 2557  .058.045.81246 75280293052 0194525152416      ↘→입14.137.638.212.5541738.236.7 61.0 62.1              14.10   12.80 4  0  0NN동       10 0         2.0     0 0일반주행마방연대42기 0 4 6     6 6 5②1:01.0코    .014.136.012.3  0  7  .00 2 2  0  .02282 63183 6 6 6 43 1 4.02 8.04 1.7 3.3  7.4   18.2   41.7    7.1  .02259 1 6 6 1―  .637.20 -.74-13.763.2013.6428.1545.7610223513.2525.7339.09 3
20260919토 2120011국6 2 6  5 0혼전 4451           2 8큐피드천궁                              한수 2       1    011:25 16500국6박재우서순배  -1 0 1 1 1 0 1 0 0 0  0조한별   54.562평무보43 40 4010  .028.0 6.21421102045 9232323 72216122118      ↗↘입14.638.039.713.41725                                14.60   13.70        LN동       12 0         6.0     0 0일반주행보통주행47기 0 8                            14.6    13.7        .0                       9 81111  1                                              .01513-2 1 2-2▽-1.639.70 -.29     77.01  .89 2.24 6.21 1 2 410.4818.9729.12 6
20260919토 2120011국6 2 6  5 0혼전 4451           2 9화이트스톰                              한암 3       1    011:25 16500국6이강서우순근  99 0 1 1 1 0 1 0 0 0  0김태희   54.062평무보78 71 7157  .043.019.21246 752802930 0 0334525152416      ↘→입15.838.738.212.5 199                                15.80   12.80        LN동       12 0         3.0     0 0일반주행보통주행40기 0 9                            15.8    12.8        .0                      11 2 4 8  1                                              .02250 1 3 4 1― -.338.20 -.21     76.56 3.8911.0219.24 2 71410.4818.9729.12 7
20260919토 2120011국6 2 6  5 0혼전 4451           210세명페이커      점보블레베트파티 2449.00한수 2 0 0   1    011:25 16500국6조현수이기철   4 0 3 2 2 2 2 0 0 2  0김태훈   54.572하무보50 57 5721 9.035.0 9.41755 71250 7 9 0 0 0 9 3122421      ↗→입14.237.739.513.12619                    0  0  0 0   14.30   13.40 5  0  0NHUP       1210 -.5 8.5 8.0414110 2작전마주보통주행50관 010                            14.3    13.4        .0                       7 6 8 9  2                                              .02013-2 2 1-2▽-1.239.50 -.09     76.73 1.20 4.71 9.39 2 510 1.90 5.17 9.7111
20260817월 1100010국610 7 15 1혼전 4459흐림다습13 210세명페이커      점보블레베트파티 2449.00한수 2 0 0 2 1   92      24750국6조현수이기철   4 1 2 2 2 2 1 0 0 1  0김태훈46154.572하무보28 47 472421.047.023.11755 71250 7 9 0 0 0 9 3122421      ↗→입14.237.837.813.6315337.538.9 63.3 63.7  0  0  0 0   14.20   13.90 7  1 -1NH동       1010-2.010.0 8.0505010 0최빈거리작전마주 5   010 7     7 7 7⑧1:03.3머리 1.714.338.313.4  1 -4  .00 8 7 -3 2.57255787332 8 4 2 70 1 1.09 2.06 1.0 3.2  1.0    7.7    9.5   26.5  .02039-1 5 3-1▽ -.237.40  .03-11.963.09 5.9613.4623.11 2 715 2.97 8.4913.1011
20260627토 1100011국610 7 65 2 3강 3355맑음건조 4 210세명페이커      점보블레베트파티 2449.00한수 2     9 1  120      24750국6조현수이기철   4 2 1 2 1 2 1 0 0 0  0루이스46555.067평무보26 25 25 6  .025.0 1.32144101250 7 9 0 0 0 9 3202715      ↗↘입14.637.538.413.966 137.438.7 63.5 63.8              14.60   14.20 4  0  0LL동       10 0         9.0     0 0일반주행탐색우려44기 0 9 8     8 7 6⑧1:03.51¼  1.014.238.413.9 -2 18  .00 810  0 1.47152696450 511 7110 1 4.02 8.05 1.2 3.5 14.2   29.4   60.3   77.8  .015 1-4 1 1-4▼-2.137.70  .51-12.163.26  .17  .78 1.25 1 2 4 8.4017.1927.84 9
20260919토 2120011국6 2 6  5 0혼전 4451           211세븐포스        레이스데땡큐마더 5725.00한수 2 0 0   1    011:25 16500국6이관호강석대  -1 0 3 2 2 2 3 0 0 2  0임기원   54.588평입보50 64 645747.061.030.61839 9213911202432152321233316      ↘↗입13.837.139.514.06419                    0  0  0 0   13.90   14.00 5  7  0NH동       1210 1.0 4.5 5.5494912 0일반주행보통주행57기 111                            13.9    14.0        .0                       4 5 6 5  3                                              .02143 0 6 6 0―  .639.50 -.39     76.39 9.1918.8230.55 81829 9.5218.9729.12 8
20260816일 11200 9국640 7 95 1혼전 4451흐림다습13 211세븐포스        레이스데땡큐마더 5725.00한수 2 0 0 2 1  102      24750국6이관호강석대  -1 1 2 2 1 2 2 0 0 1  0임기원48954.588평무보35 64 646540.055.026.31839 9213911202432152321233316      ↘↗입13.836.939.713.3771037.039.3 76.4 76.1  0  0  0 0   13.80   13.60 5 -4 -1HHUP       1210 2.0 3.0 5.0606010 2교체실패보통주행 5   0 4 3     4 4 4⑥1:16.41½  1.413.939.214.0  0  3  .00 6 6  3 1.75539676039 3 8 6 42 2 3.02 3.09 3.0 5.1  4.2    7.0   15.8    6.1  .02033 0 5 4 0―  .238.70 -.25 -.4676.39 6.3616.0326.25 51425 6.3213.6124.43 7
20260712일 1100011국640 7 95 2혼전 4459맑음다습12 211세븐포스        레이스데땡큐마더 5725.00한수 2     2 1   70      24750국6이관호강석대  -1 2 1 2 1 2 1 0 0 0  0임기원48655.588평무보68 25 2557  .049.027.91839 9213911202432152321233316      ↘↗입14.137.238.212.8821736.939.2 63.2 63.8              14.10   13.10 4  0  0LL동       10 0         7.0     0 0일반주행보통주행46기 0 8 8     8 7 5⑤1:03.2¾    .713.838.613.6  2  5  .00 5 3  0 1.97128826159 5 7 9 60 1 1.02 4.07 2.2 5.5  2.2    5.5    9.0   33.6  .01534-1 4 4-1▽ -.338.00 -.01-11.662.98 7.6918.3227.85 5132211.5821.8935.81 5
20260919토 3130011국6 2 8  5 0 3강 3351           3 1파카레이서                              한거 3       1    012:45 16500국6전승규디디에스 0 0 1 1 1 0 1 0 0 0  0김아현   56.057평무보66 69 6939  .037.016.1 867 01745 622 5 0 02019152013      →→입16.038.938.711.9 199                                16.00   12.10        NN동       13 0         6.0     0 0일반주행거리속성40관 0 1                            16.0    12.1        .0                      11 1 3 8  1                                            12.11523-1 3 2-1▽ -.938.70 -.10     83.68 4.49 9.0516.13 2 51114.4726.1936.53 2
20260919토 3130011국6 2 8  9 0 3강 3351           3 2동백            언비터블슈퍼갤러        한암 3 0 0   1    012:45 16500국6이동국김교완   0 0 8 8 3 7 4 0 0 7  0오수철   54.060평자상50 66 667944.059.041.4 733 51363 610 0 4 02011112115 099 0↘↗입13.636.740.014.49615                    0 17 50 0   13.40   14.70 8 -9 -1HU동55.04931312-1.4 5.8 4.4595913 0걸음늘어마방강공37기 0 2                            13.4    14.7        .0                       1 5 4 3  5                                            12.12782 0 6 5 0―  .540.00 -.24     83.1014.3727.9241.4014294710.5323.8132.10 3
20260725토 2130011국611 9 69 1 1강 1151맑음다습11 3 2동백            언비터블슈퍼갤러        한암 3 0 0 9 1  151      16500국6이동국김교완   0 1 7 7 2 7 3 0 0 6  0오수철49955.060평입보60 69 693149.050.028.3 733 51363 610 0 4 02011112115 099 0↘↗입13.636.939.914.4831736.041.1 82.5 83.0  0 20 40 0   13.70   14.70 6 10  0NNUP55.04931312 -.8 5.6 4.8595912 1숨은복병거리속성83기 011 2     2 1 1④1:22.5½    .613.440.814.7 -4 13  .00 4 8  5 1.243 1905864 3 7 2 41 4 1.02 8.05 1.6 5.4  1.6    5.4    8.5   10.9  .01932-1 5 4-1▽  .140.10  .06 6.1583.16 7.4216.9528.2610203513.0425.3343.39 3
20260614일 11200 9국653 9109 2혼전 4468흐림건조 3 3 2동백            언비터블슈퍼갤러        한암 3 0 0 2 1  110      16500국6이동국김교완   0 2 6 6 5 7 2 0 0 5  0오수철48655.060평입보53 81 816851.061.055.0 733 51363 610 0 4 02011112115 099 0↘↗입13.737.039.414.5651236.240.1 77.1 75.7  0  0 25 0   13.80   15.10 5-10  0UN동55.04931312-1.5 6.3 4.8616112 0일반주행최적거리72기 0 1 3     4 5 4⑤1:17.11¼  1.013.740.514.7  2 -7  .00 5 3  0 1.136 6845952 4 2 2 12 3 4.0110.08 3.1 5.5  6.7    9.9   23.2   18.1  .02558 1 6 4 1―  .938.50 -.97 -.6676.2822.7439.4555.0319405615.6629.1927.84 1
20260510일 1120010국623 9 29 3 1강 1151맑음건조 5 3 2동백            언비터블슈퍼갤러        한암 3 0 0 2 1   90      16500국6이동국김교완   0 3 5 5 4 7 1 0 0 4  0오수철49355.060평입상56 66 664210.040.023.5 733 51363 610 0 4 02011112115      ↘↗입13.737.139.314.2572536.140.7 77.6 76.0  0  0 33 0   13.70   13.50 4  0  0LN동       1312-2.0 7.3 5.3585812 0일반주행보통주행46기 011 9     4 3 2③1:17.62½   .413.841.315.1  0  2  .00 3 3 -5  .646 3907071 8 3 4 62 2 5.01 1.08 1.6 1.9 16.2   12.9   53.8   23.9  .01525-1 2 2-1▽ -.838.40 -.05 -.4376.28 7.7614.3823.49 81829 3.30 7.7811.58 6
20260412일 1120011국642 6 49 4 1강 1151맑음다습12 3 2동백            언비터블슈퍼갤러        한암 3 0 0 2 1   72      16500국6이동국김교완   0 4 4 4 3 7 1 0 0 3  0조재로49155.088평입보53 76 766465.062.042.83453131363 610 035 02011192622      ↗↘입13.736.939.814.2711737.538.5 75.3 75.9  0  0  0 0   14.20   14.30 5  7  1NN동       1312-2.0 7.0 5.0616112 0일반주행보통주행47조 011 5     7 6 5⑥1:15.3코   1.013.738.213.5 -2  7  .00 6 8  1 1.24667405149 6 8 3 20 1 1.03 2.01 2.1 3.4  2.1    8.0   12.4    6.9  .01580 0 6 6 0― 1.038.60 -.79 -.7976.4514.8429.2542.7619395512.0026.5431.43 4
20260308일 1120010국652 9109 5 1강 1151맑음다습14 3 2동백            언비터블슈퍼갤러        한암 3 0 0 2 1   94      16500국6이동국김교완   0 5 3 3 2 7 1 0 0 2  0오수철48454.560하입보25 42 4249 6.037.013.9 733 51363 610 0 4 02011112115      ↘↗입13.736.839.814.384 737.039.4 76.8 75.9  0  0  0 0   14.00   14.70 5  1  0NNDN       1312-1.0 7.0 6.0626212-1숨은복병보통주행67기 0 410     9 7 4④1:16.84     .714.239.714.3 -3 -4  .00 4 7  0 1.14537696061 3 8 5 93 1 4.0511.02 3.2 6.8  6.1   25.7   50.5   33.6  .01927 0 2 2 0― -.938.70  .10 -.6676.39 3.25 7.2113.85 2 510  .98 3.86 7.32 9
20260131토 1130011국612 9 19 6 1강 1159맑음건조 2 3 2동백            언비터블슈퍼갤러        한암 3 0 0 9 1   94      24750국6이동국김교완   0 6 2 2 1 7 2 0 0 1  0김태희48854.560평입보27 25 2515  .034.016.41246 71363 610 0 5 02011152416      ↘→입13.736.940.314.384 836.941.4 85.1 83.9  0  0  0 0   13.60   14.20 6  2  1NNUP       1312         6.0    12 1일반주행거리속성 5조 1 3 4     5 6 9⑨1:25.1코   2.314.041.514.7  2  1  .01 9 7  0 2.47117938422 4 810102 2 1.04 9.02 1.5 3.0  1.5    5.9    8.7   51.7  .01514-3 3 3-3▼-1.340.40  .14 6.6583.42 3.23 9.0216.42 1 2 4 9.3218.1835.48 4
20251220토 1120012국610 9 19 7 1강 1159흐림포화16 3 2동백            언비터블슈퍼갤러        한암 2     2 1  12810:35 24750국6이동국김교완   0 7 1 1 1 7 1 0 0 0  0김태희48754.062평무보15 25 2521  .026.0 2.81246 71363 610 0 5 02011152416      ↘→입14.037.140.013.773 136.840.0 76.4 76.6              14.00   14.00        NN동       12 0         7.0     0 0일반주행보통주행48기 1 1 2     3 4 5⑥1:16.41     .613.639.914.2 -1  9  .00 6 7  0 2.26828827263 5 610122 1 1.08 5.12     3.4  1.1   32.1   40.1  107.6  .015 4-4 1 4-4▼-2.138.60  .13 -.5276.67  .47 1.78 2.77 2 51011.4621.4634.86 1
20260919토 3130011국6 2 8  9 0 3강 3351           3 3투투매직        미스치비매직치프 2328.00한암 3 0 0   1    012:45 16500국6조현수강용익   0 0 7 7 6 6 1 0 0 6  0정도윤   54.089하추하50 48 4836 9.037.014.518 0121250 7 9 014 0 9 3122621      ↗↗입13.637.040.013.77425                    0  0 33 0   13.50   15.80 4 -6  2HN동       1313  .6 6.2 6.8333312 0일반주행조교부실24관 0 3                            13.5    15.8        .0                       6 8 9 9  1                                              .01526-3 2 2-3▽-1.140.00  .32     83.29 2.76 6.8414.48 1 4 7 2.63 7.1412.1810
20260822토 3130011국640 9 99 1 1강 1151비  불량20 3 3투투매직        미스치비매직치프 2328.00한암 3 0 0 2 1   79      24750국6조현수강용익   0 1 6 6 5 6 1 0 0 5  0권중석46852.066하추상47 55 552811.037.017.61341 61250 7 9 022 0 9 3191818      ↘→선13.637.339.913.7573036.343.6 85.0 86.3  0  0 20 0   13.50   14.10 5  2 -3BH동       1313 -.6 6.2 5.6373712 0선행무리선추겸비58기 0 9 3     2 5 9⑪1:25.02½  3.713.543.015.8  4  5  .0011 7  0 3.897 3999710 5 6 5 70 1 2.0110.08 2.6 5.3  4.2    5.7   11.7   74.2  .01218-1 2 2-1▽ -.840.50  .09 9.0983.42 5.3210.2517.62 2 611 3.9010.3218.99 5
20260719일 3130010국650 9 59 2 1강 1151흐림포화16 3 3투투매직        미스치비매직치프 2328.00한암 3 0 0 2 1   79      16500국6조현수강용익   0 2 5 5 4 6 3 0 0 4  0유승완46355.069하추상46 44 44 412.038.013.71960 81250 7 9 010 0 9 3152722      →↘입13.737.440.013.8512237.039.8 83.1 82.9  0  0 25 0   13.80   14.3011  0  0LN동       1313 -.3 6.0 5.8303012 0선행무리휴양탐색 5   0 7 2     2 2 2⑤1:23.1½    .713.539.814.1 -2  8  .00 5 7  1 1.44221664563 7 8 6 71 3 2.01 8.01 2.1 4.4  4.6    4.4   10.9   10.5  .01215-1 2 1-1▽ -.939.60  .08 5.5083.55 2.63 6.5513.65 41118 1.52 5.8112.39 6
20260503일 1130011국620 9 79 3 1강 1159비  다습10 3 3투투매직        미스치비매직치프 2328.00한암 3 0 0 1 2  210      16500국6조현수강용익   0 3 4 4 3 6 2 0 0 3  0유승완45555.066하추하 5 12 1211 4.031.0 8.31133 711 0 9 9 010 0 9 3152722      →→입13.937.940.013.9211936.839.8 83.4 82.6  0  0  0 0   13.90   14.90 4  0  0LN동       1313  .7 6.0 6.7232312 0일반주행거리탄력35기 0 7 2     2 2 3③1:23.45     .913.840.114.3 -3 -1  .00 3 6  1 1.02715633755 9 5 8101 2 1.02 9.04 2.2 2.6  2.2    2.6    4.5   15.4  .015 9-3 1 1-3▼-1.539.10 -.07 4.7283.87  .82 3.67 8.33 1 4 7 1.11 3.33 6.7510
20260404토 2130011국631 9 39 4 1강 1152맑음양호 7 3 3투투매직        미스치비매직치프 2328.00한암 3 0 0 1 1   83      16500국6조현수강용익   0 4 3 3 2 6 1 0 0 2  0유승완45655.069하추보 5 10 10 3 4.028.011.11960 81250 7 9 010 0 9 3152722      →↘입14.638.440.013.8 62237.740.8 86.4 84.7  0  0  0 0   14.90   13.70 4  6  2BL동       1312 -.5 6.5 6.0222212 0일반주행거리속성37트 0 7 5     7 9 8⑧1:26.42    2.013.941.514.9  3  0  .00 8 5 -1 2.8855687872711 5 7 70 1 1.03 1.02 1.8 2.9  1.8    3.9    5.5    3.4  .015 9-4 1 2-4▼-1.639.10 -.45 6.2884.19 2.18 4.5711.08 2 611 1.96 5.5611.41 8
20260307토 2130010국623 7 29 5 2강 2251맑음포화17 3 3투투매직        미스치비매직치프 2328.00한암 3 0 0 2 1   83      16500국6조현수강용익   0 5 2 2 1 6 2 0 0 1  0김성현45653.559하추보32 25 25 9 3.026.0 8.71440 91250 7 9 0 7 0 9 3162319      ↗↘입14.638.339.913.7 73738.940.0 83.7 85.2  0  0  0 0   14.60   13.80 5  0  0HHUP       1312-2.0 7.0 5.0252512 1일반주행탐색우려58기 0 110    1010 8⑦1:23.72    2.214.939.513.7  1 -5  .00 7 6 -1 2.49093739222 9 4 5103 2 8.01 7.05 1.7 1.4 51.3   22.8  132.3  223.3  .015 2-4 1 1-4▼-1.739.30 -.28 6.9784.06  .88 3.72 8.67 0 2 5  .12 2.13 4.8910
20260131토 2120010국610 9 69 6 2강 2259맑음건조 2 3 3투투매직        미스치비매직치프 7320.00한암 3     9 1   93      16500국6조현수강용익   0 6 1 1 1 6 1 0 0 0  0김성현46153.561평무보   25 2540  .026.014.71440 91250 7 9 0 7 0 9 3162319      ↗↘입14.636.738.513.2    38.438.6 77.9 76.4              14.60   13.50 4  0  0NN동       12 0                 0 0일반주행탐색우려 5기 0 110    1010 7⑤1:17.94    1.914.639.413.8 -2 -3  .00 5 7  0 2.36292427428 1 1 9 73 1 2.01 2.10 1.6 4.7  7.1    5.0   10.9   12.5  .01512-3 1 1-3▼-1.539.00  .85 1.2275.61 2.39 7.9714.67 1 3 713.4126.9963.08 3
20260919토 3130011국6 2 8  5 0 3강 3351           3 4피엔에스원      올드패션프라우드 7030.00한암 4 0 0   1    012:45 16500국6박윤규피엔에스 2 0 3 2 2 2 1 0 0 2  0김성현   53.059하무보50 44 4427 7.029.0 9.81440 91450 717 813 717 9162319      ↗↘입13.937.840.514.43010                    0  0  0 0   13.90   15.40 3  2 -1HHUP       1312-1.0 9.5 8.5222213 1작전마주보통주행 1   0 4                            13.9    15.4        .0                       9101011  2                                              .02011-3 1 1-3▼-1.540.50 -.36     84.13 1.53 5.08 9.83 0 1 4 2.63 5.9512.1811
20260829토 2120010국650 7 55 1 1강 1159흐림다습14 3 4피엔에스원      올드패션프라우드 7718.00한암 4 0 0 9 1   60      16500국6박윤규피엔에스 2 1 2 2 1 2 1 0 0 1  0다실바47754.081하무보25 33 332312.041.022.51357 31450 717 8 0 017 9212812      ↗↗선14.437.940.014.4161537.440.5 78.6 77.6  0  0  0 0   14.40   14.7015 -9  0HHDN       1313-3.011.0 8.0383813-1일반주행작전마주 5   0 2 6     7 7 7⑨1:18.65    3.413.941.315.4  1 12  .00 9 8 -3 4.187628890 9 8 9 2 60 1 1.05 3.06 2.6 4.9  2.6   12.0   17.9   59.0  .02031-2 4 2-2▽ -.538.10 -.89 -.3177.12 4.5612.3022.51 41120 2.15 7.1811.8310
20260516토 3130011국642 9 95 2 1강 1132맑음건조 3 3 4피엔에스원      올드패션프라우드 7030.00한암 4     2 2  289      16500국6박천서피엔에스 2 2 1 2 1 2 1 0 0 0  0김성현46554.065평무보36 25 2522  .026.0 8.0 6 0 61199 0 6 814 713 5162319      →↗입14.437.040.513.494 437.940.1 85.4 84.0              14.40   13.70 4  0  0NL동       13 0         6.0     0 0일반주행탐색우려 5   011 8     8 9 6⑧1:25.44    1.414.440.914.7 -3  1  .00 811  0 1.67467748040 51111100 1 4.01 2.10 2.6 5.3  6.9   10.5   24.5   57.4  .015 2-4 1 1-4▼-1.740.30  .18 6.4583.61  .81 3.74 8.01 1 3 614.1027.5080.00 3
20260919토 3130011국6 2 8  9 0 3강 3351           3 5관악산위시미    트리플나위시미석 6732.00한거 4 0 0   1    012:45 16500국6리카디손병석  -3 01010 2 9 4 0 0 9  0김태희   56.060평입하50 48 484319.047.028.91246 7355313364020 03726152416      ↘→입13.837.139.813.981 9                   17 17 17 0   14.40   14.00 2  1  0NHDN       1714  .0 7.4 7.4313114-4숨은복병배당마주56기 1 5                            14.4    14.0        .0                       7 4 8 4  4                                              .01938 0 3 5 0― -.239.80 -.03     83.23 8.5918.1528.91 51425 3.95 8.3316.61 9
20260906일 3170011국650 9109 1 1강 1158맑음양호 6 3 5관악산위시미    트리플나위시미석 6732.00한거 4 0 0 1 1   29      16500국6리카디손병석  -3 1 9 9 5 9 3 0 0 8  0김태희51156.060평입하 5  5  5 9 6.033.014.91246 7355313364020 03726152416      ↘→입13.839.341.713.976 640.041.3116.5115.0 17 17 17 0   14.30   14.50 4 -1  0HH동       1714  .0 8.2 8.2191914 0연대우수거리속성39기 0 4 4 4 3 3 710⑩1:56.51¼  2.214.441.614.0  6  2  .0910 4  2 2.48460566221 3 6 8 70 3 2.03 2.09 3.1 6.6  4.5   10.9   23.7    8.4  .03318-3 2 1-3▼-1.242.00  .2234.01113.8 2.22 8.0614.89 3 817 2.70 8.6016.46 6
20260809일 3170010국610 9 69 2 1강 1156흐림건조 2 3 5관악산위시미    트리플나위시미석 6732.00한거 4 0 0 1 1   79      16500국6리카디손병석  -3 2 8 8 4 9 2 0 0 7  0김태희50956.060평입하50 58 584076.056.038.21246 7355313364020 03726152416      ↘→입13.939.341.713.977 740.043.5116.9116.2 17 17 17 0   13.70   13.60 4  1 -1NHUP       1714  .0 8.2 8.2191914 3배당마주연대우수52기 0 5 4 4 5 4 6 9⑨1:56.95    3.214.343.014.5  7  2  .05 9 2 -4 3.69457929411 3 5 2 42 2 4.0810.09 1.9 5.9  7.0   35.8   71.2   79.6  .03744-1 6 5-1▽  .542.20 -.3135.15113.8 9.7722.6738.1510203520.9340.7958.93 2
20260712일 31400 8국641 9 49 3 2강 2252맑음다습12 3 5관악산위시미    트리플나위시미석 6732.00한거 4 0 0 2 1   48      16500국6리카디손병석  -3 3 7 7 3 9 1 0 0 6  0김태희50757.060하입하 5  5  522 5.033.0 8.01246 7355313364020 03726152416      ↘→입14.137.139.914.160 336.839.5 89.6 87.9  0  0 40 0   14.30   14.2013  0  0HH동       1717  .0 8.2 8.2191914 0숨은복병배당마주68기 0 4 3     4 5 5③1:29.6머리  .013.740.213.6 -3 12  .00 3 6 -1 2.71334544291 4 6 8 82 1 1.05 5.03 2.1 3.0  2.1   12.6   16.6  140.3  .01918-4 2 2-4▼-1.538.60  .0810.9489.28  .77 3.40 8.01 2 714 1.22 5.06 8.86 7
20260412일 2140011국631 8 39 4혼전 4451맑음다습12 3 5관악산위시미    트리플나위시미석 6732.00한거 4 0 0 2 2  251      16500국6리카디손병석  -3 4 6 6 2 9 1 0 0 5  0정정희49557.080하입보 9 11 114613.043.018.4235013315311364029383726202515      ↘→입14.137.039.914.168 338.241.1 92.9 91.9  0  0 50 0   14.50   14.70 2 -4  0HHDN       1717-1.0 8.5 7.5232314-3숨은복병최적거리47기 0 4 7     91111⑪1:32.94    5.214.341.414.2  4  1  .0011 7  1 5.895918895 4 3 3 8 60 1 5.01 7.03 2.4 3.1 12.8   11.5   39.8   10.3  .01943-2 3 3-2▽ -.739.60 -.1215.0389.21 3.33 9.8418.42 81829 3.45 8.3316.47 6
20260329일 3170011국651 9109 5혼전 4459맑음건조 3 3 5관악산위시미    트리플나위시미석 6732.00한거 4 0 0 9 1   29      16500국6리카디손병석  -3 5 5 5 3 9 1 0 0 4  0빅투아49457.091하입하 5  6  66437.067.056.4305214355313364042503726222817      →→선14.139.341.714.182 739.343.2115.9114.9  0  0 33 0   14.50   14.40 4 -2  0NH동       1713-2.3 9.3 7.0262614 0배당마주거리탄력52기 0 8 5 5 4 6 810⑨1:55.95    2.514.543.614.7  3 -6  .00 9 6  2 3.28220908520 1 4 7 20 2 1.02 5.01 2.7 5.7  2.7    5.7    8.7    8.312.72888 2 7 7 2△ 1.242.00 -.7233.90113.823.7942.1756.36183754 8.7025.9336.13 4
20260228토 4170011국621 9 79 6 1강 1158맑음건조 3 3 5관악산위시미    트리플나위시미석 6732.00한거 4 0 0 9 1   91      16500국6리카디손병석  -3 6 4 4 2 9 1 0 0 3  0김효정50057.068하입보13 17 172627.055.036.41749 7355313364043333726192217      ↗→선14.139.541.614.171 840.243.7117.5116.9  0  0 33 0   14.20   14.00 3  9  0BH동       1713-2.0 9.0 7.0212114 0배당마주배당마주65기 010 6 6 8 91111⑩1:57.54    4.214.543.714.4  6  5  .0910 4 -6 4.397649395 7 5 7 8 30 1 1.06 7.04 1.7 2.7  1.7   15.4   19.2   83.9  .02255 0 5 6 0―  .542.10 -.3135.81113.8 9.8321.9236.35133045 5.9517.4428.46 4
20260207토 3170011국651 9109 7 1강 1153맑음건조 2 3 5관악산위시미    트리플나위시미석 6732.00한거 4     2 1   40      16500국6리카디손병석  -3 7 3 3 1 9 1 0 0 0  0빅투아49557.091하무보 6  6  63120.051.023.1305214355313364042503726222817      →→선14.240.242.613.7261238.842.8115.7114.8  0  0  0 0   15.10   13.0039 -7  0HHUP       1713-2.0 9.0 7.0212114 4숨은복병배당마주35기 0 1 2 2 3 4 6 7⑦1:55.71    1.514.242.414.0 -3  3  .00 710  2 2.982 8877039 81111 62 1 2.11 6.03 2.6 6.6  4.1  121.2  154.3  495.8  .01949 0 5 5 0―  .241.10 -.9132.03115.0 5.3314.1623.07 41120 5.4110.1921.01 6
20250504일 1130011국630 9 39 8 1강 1159맑음포화15 3 5관악산위시미    트리플나위시미석 6732.00한거 3 0 0 1 4  794      16500국6최용구손병석  -3 8 2 2 1 9 2 0 0 1  0조인권49257.063하무보22 20 2019 4.031.010.7 933 3356717202021142010242513      ↗→선14.237.740.314.1371538.440.2 84.4 84.6  0  0  0 0   14.20   14.40 4 -3  0NHDN       1414-3.010.0 7.0262614-1마방승부배당마주 1기 2 8 7     8 9 9⑦1:24.49    2.414.440.114.0 -1-10  .00 7 8 -2 2.58785789018 610 6 70 2 5.0110.01 1.7 2.8 13.7    6.3   24.2   39.6  .02319-2 1 2-2▽-1.239.70 -.21 6.6283.93 1.23 5.1810.71 2 611  .86 2.91 5.2910
20250405토 2140011국640 9 49 9혼전 4455비  다습12 3 5관악산위시미    트리플나위시미석 6732.00한거 3     1 4  760      16500국6최용구손병석  -3 9 1 1 1 9 1 0 0 0  0조인권50257.063평무보   25 2540  .044.018.3 933 3356717202021142010242513      ↗→선14.136.639.114.1    37.440.2 90.8 89.8              14.10   14.40 4  0  0NL동       14 0                 0 0숨은복병마방승부 1기 211 7     8 9 8⑦1:30.83    1.914.240.314.4 -3 -4  .00 710  0 1.97464747929 1 1 7 70 1 4.08 1.04 2.1 3.7  9.1   98.5  235.9  195.1  .02456 0 4 5 0― -.439.50  .6214.1488.38 4.55 9.9218.34 4111810.0920.0945.58 8
20260919토 3130011국6 2 8  7 0 3강 3351           3 6그랜드폭풍      콩코드포그랜드특 7226.00한암 2 0 0   1    012:45 16500국6박재우박재범   0 0 5 5 1 4 2 0 1 4  0임기원   52.589평선보50 60 604861.062.049.71839 92045 9231726 0221623331699 0 0↘↗입13.636.840.013.99012                   25 25 50 0   13.60   13.80 4  4  0LUUP53.04731310 1.5 2.0 3.5494912 1신저혈통거리속성46기 1 6                            13.6    13.8        .0                       3 6 5 2  2                                              .02749 0 6 6 0―  .740.00 -.55     83.1617.7136.7749.6720415511.8422.6237.64 4
20260822토 2120010국623 8 77 1 1강 1155비  불량20 3 6그랜드폭풍      콩코드포그랜드특 7623.00한암 2 0 0 2 1   80      16500국6박재우박재범   0 1 4 4 1 4 1 0 1 3  0임기원47552.588평자하49 58 587879.061.057.41839 92045 9231726 0221623331699 0 0↘↗입13.536.639.613.9901036.739.1 75.0 75.0 33  0 67 0   13.50   13.30 5  1 -1HUUP53.04731210 1.7 2.0 3.7494910 2전개최상신저혈통62기 0 2 3     2 2 2③1:15.06    1.013.638.713.8  1 10  .00 3 2  1 2.21528614549 3 5 2 21 1 3.0110.07 1.7 2.7  8.1    4.3   14.3    3.2  .03461 0 6 6 0―  .638.60 -.91-1.2476.1720.3138.3857.3618375417.5433.1842.74 2
20260718토 1100011국630 5 87 2 1강 1155비  불량20 3 6그랜드폭풍      콩코드포그랜드특 7623.00한암 2 0 1 2 1   91      24750국6박재우박재범   0 2 3 3 3 4 2 0 1 2  1마이아46553.593평추보58 83 839897.073.078.63452142045 9231745 022163533 799 0 0↘↗선13.436.638.014.1922536.239.2 62.0 63.3 50  0 50 0   13.40   13.90 3 -4  1UV동53.04731010  .5 2.5 3.0494910 0연대우수전개최상 5   0 1 3     3 3 5⑤1:02.02½  1.113.538.113.3  4 -8  .00 5 1 -1 1.356 6824545 1 5 2 12 2 7.03 8.06 2.5 4.7 28.5   53.5  183.2  149.1  .04796 3 9 9 3★ 1.838.50-1.07-11.362.5440.3165.9778.6434536528.4044.9534.26 1
20260627토 1100011국610 6 67 3 3강 3355맑음건조 4 3 6그랜드폭풍      콩코드포그랜드특 7623.00한암 2 0 0 9 1   60      24750국6박재우박재범   0 3 2 2 2 4 1 0 0 1  0마이아47353.093하추보25 16 166078.068.054.23452142045 9231745 022163533 7      ↘↗선13.937.338.214.1581736.038.6 62.5 62.7  0  0  0 0   13.90   14.30 4 -1  0NH동       1010 1.0 3.0 4.0141410 0일반주행연대우수23관 0 5 2     2 2 2②1:02.52½   .013.438.513.9  0 10  .00 2 2 -1  .440 2682281 3 5 1 21 1 4.02 8.05 1.2 3.5 14.2   29.4   60.3   77.8  .03780 0 7 6 0― 1.137.70 -.81-12.863.0421.4440.1154.2034536516.0328.1321.56 1
20260530토 1100010국610 7 17 4 3강 3355맑음양호 7 3 6그랜드폭풍      콩코드포그랜드특 7623.00한암 2     9 1   60      24750국6박재우박재범   0 4 1 1 1 4 1 0 0 0  0김태희46353.062평무보92 25 2579  .045.025.91246 72045 92317 8 02216152416      ↘→입14.136.737.613.4997637.239.2 64.7 63.6              14.10   13.70 4  0  0LN동       10 0         3.0     0 0일반주행우수혈통44기 0 6 6     6 7 5④1:04.75    2.613.939.714.3  1  2  .00 4 3  0 2.67343867618 3 7 3 63 1 1.02 2.01 1.4 3.0  1.4    3.0    3.8    8.5  .01528-1 5 3-1▽ -.538.50  .62-10.762.38 6.2615.6125.94 5132210.0020.0030.00 6
20260919토 3130011국6 2 8  6 0 3강 3351           3 7선더런          에어포스티즈엠프 1822.00한거 3       1    012:45 16500국6토니  죠셉달라 0 010 1 1 0 2 0 0 0  0김효정   56.068평선하85 78 788481.066.059.01749 730591620 0 3 0282019221799 0 0↗→선13.736.739.813.99719                    0 14 71 0   14.00   12.3021 -2 -1NNUP53.84751413  .2 4.6 4.8535310 1일반주행거리늘어45관 1 7                            14.0    12.3        .0                       2 3 1 1  3                                            11.83364 2 7 6 2― 1.239.80 -.62     82.9731.4748.6758.9937577128.9547.6257.56 1
20260419일 1120011국612 6 16 1혼전 4451맑음건조 4 3 7선더런          에어포스티즈엠프 1919.00한거 3 0 0 2 3  423      16500국6토니  죠셉달라 0 1 9 9 4 9 1 0 0 8  0김효정46457.074하도보47 62 628262.067.062.62444162871 720 0 3 0282019221799 0 0↘↘선13.736.639.313.9881737.443.8 81.9 81.0  0 14 71 0   13.70   14.5012  5  1BB동53.84751413  .0 5.4 5.4444410 0전개최상도주강력86기 1 9 6     8 911⑪1:21.916   7.014.044.216.7  5 -9  .0311 6  4 7.399659999 3 3 6 3 20 2 4.01 2.06 1.4 3.4 11.5    8.1   29.0    9.4  .03463 0 7 7 0― 1.140.50 -.92 5.1476.0025.9546.7562.6418375412.6625.2922.75 4
20260125일 1120011국613 8 66 2 2강 2251맑음건조 3 3 7선더런          에어포스티즈엠프 1919.00한수 3 0 0 2 2  230      16500국6토니  죠셉달라 0 2 8 8 3 9 1 0 0 7  0코지  47356.586하도보56 71 719694.077.082.42060 91546 820 044 0282023311999 0 0↗↗입13.736.639.313.9901736.439.7 76.7 75.9  0  0 71 0   13.70   14.60 3 -7  2HBDN53.84751413  .0 5.4 5.4444410-1전개최상전개최상 5관 0 4 3     3 3 2④1:16.7½    .613.740.014.5  2 -2  .05 4 2 -2 1.14411765262 2 2 2 12 2 6.01 2.09 1.4 3.7 37.3   15.5   82.3  189.3  .05698 4 9 9 4☆ 2.238.90-1.47  .0376.0040.1264.3782.4337597133.6160.9155.19 1
20260103토 3130011국641 7 46 3 1강 1151맑음다습13 3 7선더런          에어포스티즈엠프 1822.00한수 3 0 0 1 1   6111:25 16500국6토니  죠셉달라 0 3 7 7 3 9 2 0 0 6  0이상규47554.555평도보50 55 559284.067.060.312991130591620 015 0282013231499 0 0↘↘입13.636.739.813.9962236.240.5 82.6 82.6  0  0 67 0   13.50   14.40 3  8  1VN동53.04751412  .0 5.4 5.4444410 0일반주행전개최상43기 011 5     1 1 1④1:22.6½    .413.740.514.6  0  2  .00 4 4 -1  .431 2834570 1 5 3 21 4 1.05 3.04     2.8  1.7    8.1   10.6    7.2  .04288 3 8 7 3▲ 1.340.30 -.65 6.0782.9722.2344.7560.3437577126.0446.2459.38 2
20251214일 2130011국654 4106 4 1강 1159맑음불량20 3 7선더런          에어포스티즈엠프 1822.00한수 2 0 0 2 1   54      16500국6토니  죠셉달라 0 4 6 6 2 9 1 0 0 5  0이상규47354.055하도하14 14 145921.051.042.312991130591620 015 0282013231499 0 0↘↘입13.636.739.813.8962236.440.6 82.2 83.0  0  0 60 0   13.40   15.70 3 -1 -2VH동53.04751412 1.2 5.2 6.4363610 0일반주행거리속성91기 1 3 1     1 1 2⑤1:22.22½   .713.540.514.4  0  1  .00 5 5  0 1.042 3855457 2 6 9 31 3 1.0710.05     5.8  1.9   14.7   17.9  209.912.02865 2 5 5 2―  .340.40 -.14 6.5082.9714.2829.4542.30 81829 4.5512.9526.55 6
20251123일 4130011국612 8 66 5 1강 1144맑음건조 3 3 7선더런          에어포스티즈엠프 1822.00한수 2 0 0 2 1   96      16500국6토니  죠셉달라 0 5 5 5 1 9 1 0 0 4  0김태훈47256.071하입보32 54 544660.063.051.91755 730591620 026 0282012242199 0 0↗→입13.736.739.813.8952535.942.6 84.5 84.4  0  0 50 0   13.50   14.60 5  3  3VLDN53.04751412 1.3 5.3 6.5434310-1뒷심부족거리속성52기 0 4 1     1 1 4⑥1:24.52    3.013.442.915.7  1 -3  .00 6 5 -2 3.482 1988812 2 8 4 21 1 1.03 5.01 1.3 3.5  1.3    3.5    4.1    5.012.03176 2 6 7 2△ 1.240.70 -.42 7.9182.9720.7838.0851.8919395510.1330.0635.08 3
20251018토 3140011국631 9 86 6혼전 4451흐림불량20 3 7선더런          에어포스티즈엠프 1822.00한수 2 0 0 2 2  218      16500국6토니  죠셉달라 0 6 4 4 1 9 2 0 0 3  0이상규47553.055하입보45 42 422131.048.023.0 4 0 41546 820 015 02820132314      →↘입13.836.740.013.8721536.140.8 89.9 89.4  0  0 33 0   13.70   13.00 5 -8  1HNUP       1412 2.3 4.7 7.0343410 4거리적응거리부담56기 1 1 1     1 1 3⑤1:29.9¾    .413.540.814.6 -2  6  .00 5 7  5  .762 4856170 6 5 7 61 2 2.04 4.02 1.9 5.5  5.1   44.9   73.8  129.8  .02031 0 4 6 0―  .039.30 -.1312.7189.07 6.7515.1123.01 51220 5.6315.8520.07 5
20250913토 1100010국650 2106 7 1강 1155맑음포화19 3 7선더런          에어포스티즈엠프 1919.00한수 2 0 0 2 2  30513:15 24750국6토니  죠셉달라 0 7 3 3 1 9 1 0 0 2  0이상규46952.555하입보18 18 185424.046.043.3 4 0 41546 820 015 02820132314      →↘입13.837.038.114.5752536.937.7 61.5 62.4  0  0 50 0   13.60   14.60 3  3 -3BHDN       1212 2.5 6.0 8.5252512-2도주강력보통주행67기 0 9 4     4 5 6④1:01.5½    .913.737.313.0  2  3  .00 4 2 -6 1.53228362351 4 6 1 32 1 1.06 2.08     6.8  3.1   13.1   21.6   56.5  .02040 0 4 3 0― -.337.90 -.29-12.762.8214.7931.5943.25122640 2.9410.53 7.1610
20250824일 1120012국622 4 26 8 1강 1153흐림건조 4 3 7선더런          에어포스티즈엠프 1919.00한수 2 0 0 2 2  35810:35 24750국6토니  죠셉달라 0 8 2 2 2 9 1 0 0 1  0김효정46655.575하도하13 12 128425.043.019.91642 51546 820 0 3 02820192217      ↘↗선13.836.640.314.893 337.239.7 76.5 77.0  0  0100 0   13.60   15.10 5  3  0LH동       1212 6.0 4.010.0222212 0마방연대도주강력44기 0 6 4     5 5 5⑦1:16.52½  1.813.640.014.6 -1  7  .00 7 8  4 2.17649767327 212 4 62 1 3.02 2.05     2.3  9.4    9.3   27.0    4.3  .02960 0 4 4 0― -.539.30 -.24  .1476.56 3.7910.6919.90 41222 6.0411.39 8.52 9
20250720일 1120012국630 6 86 9혼전 4455맑음포화17 3 7선더런          에어포스티즈엠프 1919.00한수 2     2 3  44510:35 24750국6토니  죠셉달라 0 9 1 1 1 9 1 0 0 0  0코지  45955.592평무보   25 2540  .065.050.62741 52871 720 044 02820233119      ↘↗입13.836.738.514.7    36.540.9 77.0 77.5              13.80   15.00        NN동       12 0                 0 0일반주행마방연대52기 1 3 1     1 3 4⑩1:17.0목   2.113.641.215.1  6  8  .0010 4  0 2.38413928323 2 2 2 11 112.02 9.05     8.3 60.2  129.8  392.1  147.1  .02271 0 7 6 0― 1.339.30 -.18 2.2875.6122.9540.1350.64375971 8.3316.6725.00 3
20260919토 3130011국6 2 8  5 0 3강 3351           3 8드래건헌터      레볼루셔블랙탄   5135.00한수 3 0 0   1    012:45 16500국6심승태이영두  -2 0 2 1 1 1 2 0 0 1  0김태현   56.053하추보50 43 432418.034.014.31050 41352 711 0 0 01213201318      →↘선15.338.538.913.4 392                    0  0  0 0   15.30   13.30 4  2  0NHUP       1312 1.0 6.0 7.0282812 1일반주행거리속성35기 0 8                            15.3    13.3        .0                      10 21110  2                                            13.41520-2 3 2-2▽-1.138.90  .08     83.55 2.66 6.7414.32 1 3 6 5.2614.2922.14 6
20260822토 2120010국623 8 75 1 1강 1155비  불량20 3 8드래건헌터      레볼루셔블랙탄   5728.00한수 3     2 1   80      16500국6심승태이영두  -2 1 1 1 1 1 1 0 0 0  0김태현45456.053평무보43 25 2533  .025.0 7.01050 41352 711 0 0 01213201318      →↘선14.838.338.112.2 38538.638.0 75.8 75.8              14.80   12.40 4  0  0LL동       12 0         6.0     0 0일반주행보통주행70기 4 610    1010 8⑦1:15.81½  1.815.337.613.3  1-24  .00 7 6  0 3.0419622692811 1 9 83 1 3.0110.07 1.7 2.7  8.1    4.3   14.3    3.2  .01516-2 1 1-2▽-1.837.20  .41 -.6476.28  .41 2.88 6.97 1 4 7 9.6520.2839.32 6
20260919토 3130011국6 2 8  9 0 3강 3351           3 9서부킹          올드패션서부탑   7030.00한수 3 0 0   1    012:45 16500국6서인석부건영   4 0 5 5 2 4 1 0 0 4  0다실바   56.082평자보50 54 542016.038.016.31357 31949 918 635 02011212812      ↗↗선13.737.140.013.77122                    0  0 25 0   13.50   15.00 4  5  0BHDN       1414  .5 5.5 6.0424212-1신저혈통거리속성34관 0 9                            13.5    15.0        .0                       8 9 6 7  1                                              .02728-3 2 1-3▼-1.040.00  .21     83.35 3.11 8.2316.26 31017 6.5813.1021.03 8
20260823일 3140010국640 7 99 1 1강 1159맑음포화16 3 9서부킹          올드패션서부탑   7030.00한수 3 0 0 2 1   69      16500국6서인석부건영   4 1 4 4 2 4 1 0 0 3  0안드레50456.092평입보35 45 454028.049.025.22647 51949 918 6 0 020113827 4      ↗→선13.837.340.213.7291536.041.5 89.2 89.4  0  0  0 0   13.80   13.90 4 -3 -1HHUP       1412  .0 6.3 6.3464612 1일반주행신저혈통53기 1 4 1     1 1 4⑤1:29.25    1.813.541.015.0  2 -4  .00 5 3 -4 2.461 5917530 710 6 71 1 1.0811.06 2.4 4.3  2.4   37.4   49.4   36.5  .02353-2 4 4-2▽  .038.70 -.6811.8889.62 7.5216.6825.23 41120 7.4118.3227.94 5
20260725토 2130011국611 8 69 2 1강 1151맑음다습11 3 9서부킹          올드패션서부탑   7030.00한수 3 0 0 9 1   70      16500국6서인석부건영   4 2 3 3 1 4 1 0 0 2  0정도윤50857.089평추보36 42 4219 8.035.013.818 0121949 918 6 0 02011122621      ↗↗입14.137.939.613.3275737.240.4 83.1 83.5  0  0  0 0   14.10   14.20 4 -4  0NHDN       1412  .0 6.0 6.0474712-1일반주행거리속성90트 1 7 6     5 6 7⑦1:23.11    1.213.840.213.9  0  4  .00 7 7  0 1.8623081714610 5 6 92 1 1.02 8.05 1.6 5.4  1.6    5.4    8.5   10.9  .01537-2 2 1-2▽ -.939.30  .02 5.9983.61 3.28 7.2813.77 1 4 9 2.90 6.6712.40 9
20260628일 3140011국652 8109 3 1강 1151맑음건조 3 3 9서부킹          올드패션서부탑   7030.00한수 3 0 0 9 1   68      16500국6서인석부건영   4 3 2 2 1 4 2 0 0 1  0김태훈50457.071평추보59 83 834261.054.022.51755 71949 918 614 02011122421      ↗→입14.437.539.913.3214537.539.7 90.4 89.3  0  0  0 0   14.40   13.70 4 10  0NHUP       1412-1.0 5.0 4.0646412 2일반주행거리부담70기 011 9     91010⑧1:30.41¼  1.714.140.314.2  1 -3  .00 8 7  2 1.95969606932 9 6 3 60 2 2.05 8.10 2.8 6.6  3.6   16.1   25.7   25.2  .01539 0 5 4 0―  .538.50 -.5311.9089.55 4.7311.9622.45 41120 6.8715.4528.73 6
20260531일 2120011국641 9 49 4 1강 1157맑음양호 7 3 9서부킹          올드패션서부탑   7718.00한수 3     9 1   49      16500국6서인석부건영   4 4 1 1 1 4 1 0 0 0  0김태훈50757.072평무보25 25 2511  .025.0 1.91755 71949 918 614 02011122421      ↗→입14.638.339.712.9 21037.538.6 78.0 76.0              14.60   13.20 4  0  0NL동       12 0         8.0     0 0일반주행우수혈통42기 1 1 9     910 7④1:18.02½   .614.439.713.7 -1 -7  .00 4 5  0 1.9486343516511 510 93 1 2.0911.10 2.3 3.5  3.3  130.8  174.7   73.6  .015 5-4 1 1-4▼-2.137.30 -.34-2.0077.17  .34 1.14 1.89 2 510 8.7317.6039.20 4
20260919토 3130011국6 2 8  5 0 3강 3351           310누리제왕        섀클포드굿바우   6626.00한수 3       1    012:45 16500국6홍윤화허도행   2 0 2 1 1 0 1 0 0 0  0이혁     56.077하도보62 49 493317.041.022.42359 824551024 0 0 03927282118      ↗↘선14.036.841.916.299 2                    0  0100 0   13.80   13.5036  7 -1BHUP       1312-3.0 9.0 6.0252512 1일반주행거리속성31조 010                            13.8    13.5        .0                       411 7 6  1                                              .01532-1 3 3-1▽ -.741.90 -.94     84.38 5.7314.2522.39 41222 5.2614.2924.35 7
20260110토 11200 9국610 9 15 1 2강 2255강풍양호 8 310누리제왕        섀클포드굿바우   6720.00한수 3     2 4  717      24750국6홍대유허도행   2 1 1 1 1 1 1 0 0 0  0유승완50156.578평무보   25 2540  .047.035.91123 61438 515 913231914152722      ↘↗입14.036.738.516.1    36.143.2 79.5 78.8              14.00   16.40 4  0  0NL동       12 0                 0 0일반주행작전마주 5기 0 3 7     7 4 6⑥1:19.51    1.914.043.516.5 -3 20  .00 6 9  0 2.296 4999728 1 1 3 30 1 1.02 7.01 1.3 2.1  1.3    2.1    2.8   10.1  .02054-1 5 4-1▽ -.239.70  .25 3.5675.6110.1622.5135.88 9213413.2525.5841.01 3
20260919토 3130011국6 2 8  9 0 3강 3351           311러빙퍼플        피스룰즈프레이시 4032.00한암 3       1    012:45 16500국6문병기퍼플라인 1 0 9 1 1 0 1 0 0 0  0우인철   53.074평자보82 74 745141.050.027.72048102551 9261815 02726112722 0 099→↘입13.736.840.014.09215                    0  0 43 0   14.00   13.10 6  3 -1VUDN55.04281412-1.8 6.6 4.8474714-1일반주행작전마주34기 011                            14.0    13.1        .0                       5 7 2 5  1                                            12.12059-2 5 4-2▽ -.340.00  .06     83.16 7.5918.3627.68 92034 7.8916.6727.68 5
20260808토 3140011국652 9109 1 1강 1159맑음건조 2 311러빙퍼플        피스룰즈프레이시 4032.00한암 3 0 0 1 1  130      16500국6문병기퍼플라인 1 1 8 8 1 8 1 0 0 7  0안드레42054.092하자보41 47 476252.058.041.02647 52551 92618 0 027263827 4 0 099↗→선13.736.540.314.085 7                    0  0 43 0   13.70   13.90 4  1 -1NUUP55.04281412-1.2 7.2 6.0383814 2일반주행작전마주54기 0 8          99        중지    13.7    13.9     1  .07   4 -1               3 4 3 40 1 3.05 1.06 2.6 5.7  5.1   19.4   39.0  170.7  .02077-2 6 3-2▽  .240.30 -.67     89.1412.9228.3940.9812264017.6535.7750.72 2
20260712일 21200 8국634 8 39 2 1강 1151맑음다습12 311러빙퍼플        피스룰즈프레이시 6923.00한암 3 0 0 2 1   49      16500국6문병기퍼플라인 1 2 7 7 3 8 5 0 0 6  0코지  41955.088하선보48 49 497220.048.024.63359202551 92618 0 02726233119 0 099↗↘입13.736.839.514.0851336.939.4 75.8 76.0  0  0 50 0   13.90   14.70 2 -2  0NNDN55.04281413-1.2 7.2 6.0383814-2일반주행단기승부33기 0 7 8     8 8 5③1:15.85     .913.739.413.9 -2  0  .00 3 5 -1 1.34431685754 3 5 6 53 5 2.03 4.06 2.2 2.7  3.0    6.6   12.1   19.5  .01526-2 4 4-2▽ -.138.70 -.05 -.3576.23 4.7213.2724.62 61627 4.17 8.7420.69 6
20260628일 3140011국652 8109 3 1강 1151맑음건조 3 311러빙퍼플        피스룰즈프레이시 4032.00한암 3 0 0 9 1   28      16500국6문병기퍼플라인 1 3 6 6 1 8 4 0 0 5  0코지  41955.087하선상45 54 546647.065.037.83359202551 92618 0 02726233119 0 099↗↘입13.636.740.213.5711336.640.6 90.0 89.1  0  0 40 0   14.20   13.60 5 -1  0LNUP55.04281413 -.8 7.4 6.6323213 1일반주행거리부담73기 0 9 6     5 5 4⑥1:30.04    1.313.941.114.7  0 -9  .00 6 6 -2 1.54717806543 2 7 6 52 4 2.05 8.10 2.8 6.6  3.6   16.1   25.7   25.2  .02553 1 5 6 1― 1.439.20 -.6512.1789.2111.5124.8637.82102035 7.6317.8927.89 5
20260524일 2130011국631 9 89 4 1강 1158맑음다습11 311러빙퍼플        피스룰즈프레이시 4032.00한암 3 0 0 2 1   69      16500국6문병기퍼플라인 1 4 5 5 3 8 3 0 0 4  0코지  42855.087하선하15 15 154615.047.032.93359202551 92618 0 02726233119      ↗↘입13.636.840.514.592 537.639.3 83.5 82.7  0  0 50 0   13.70   15.10 4  6  0BN동       1312  .0 7.3 7.3232313 0일반주행거리탄력45관 010 9     6 7 8④1:23.52½   .514.239.813.6 -4 -2  .00 4 8  2  .92948514869 211 8 43 3 3.07 5.03 2.4 5.5  3.9   43.4   67.0   46.1  .01537-2 4 3-2▽ -.140.20 -.39 5.3983.48 8.2820.9232.91132843 6.0015.1324.62 4
20260426일 11300 8국631 7 39 5 2강 2252맑음건조 3 311러빙퍼플        피스룰즈프레이시 4032.00한암 3 0 0 9 1   70      16500국6문병기퍼플라인 1 5 4 4 2 8 2 0 0 3  0코지  43055.087하선상27 27 277338.055.034.03359202551 92618 0 02726233119      ↗↘입13.536.840.614.591 536.741.3 85.1 84.2  0  0 33 0   13.70   15.10 4  0  1HN동       1312 -.3 7.7 7.3232313 0일반주행조교부실11관 0 4 3     2 3 6⑦1:25.11¾  1.913.742.015.1  1  6  .00 7 6 -2 2.07811928028 110 4 41 2 2.01 2.07 1.6 2.8  4.1    2.8    7.5    9.613.21552 0 5 4 0―  .340.50 -.48 6.8383.55 9.7421.4734.00 92034 9.8021.3229.27 5
20260328토 1130010국610 9 69 6 3강 3351맑음건조 3 311러빙퍼플        피스룰즈프레이시 4032.00한암 3 0 0 9 1   84      16500국6문병기퍼플라인 1 6 3 3 1 8 1 0 0 2  0코지  42454.587하무보 8  7  7 6 7.032.0 8.93359202551 92618 0 02726233119      ↗↘입14.337.740.414.537 436.640.8 84.7 83.4  0  0  0 0   14.40   15.20 4 -3  1HNUP       1312 1.5 7.5 9.0111112 1숨은복병거리속성66기 0 4 2     2 2 3④1:24.73    1.113.741.615.1 -4 -9  .00 4 8  0 1.957 7876549 7 8 9 71 1 1.05 8.05 1.3 3.9  1.3    5.7    7.1   10.3  .01915-4 2 1-4▼-1.539.50 -.21 5.3484.00  .87 3.79 8.90 31017 1.80 4.67 8.23 7
20260302월 1120010국641 9 99 7 1강 1141비  건조 3 311러빙퍼플        피스룰즈프레이시 6923.00한암 3 0 0 1 1   73      16500국6문병기퍼플라인 1 7 2 2 2 8 2 0 0 1  0빅투아43354.091하무보 5  5  5 6 5.029.0 6.63052142551 9261822222726222817      →→선14.338.140.214.5 4 337.141.7 79.6 78.3  0  0  0 0   14.30   14.8015 -2  0NH동       1212 2.0 7.0 9.0101012 0교체실패거리난점40관 0 7 8     7 6 7⑨1:19.61¼  2.814.442.115.2  1 -4  .00 9 8  1 4.79346969516 710 6 60 2 2.04 2.06 2.2 4.1  4.1    7.0   13.4    5.0  .020 5-4 1 2-4▼-2.038.20 -.65 -.0177.34  .12 1.37 6.61 41222  .83 3.32 3.8310
20251115토 11200 9국630 9 39 8혼전 4455맑음건조 3 311러빙퍼플        피스룰즈프레이시 6923.00한암 2     2 2  301      24750국6문병기퍼플라인 1 8 1 1 1 8 1 0 0 0  0빅투아43754.090평무보   25 2540  .047.033.62943172855 9261822222726222817      →→선14.336.738.514.2    38.240.4 79.5 78.5              14.30   14.50 4  0  0NL동       12 0                 0 0일반주행작전마주 5기 0 9 9     9 9 9⑨1:19.510   3.014.341.214.8  2 -8  .00 9 7  0 3.59490889514 1 1 4 40 1 4.01 8.07 2.4 3.0 11.1   10.8   27.1    7.3  .02076 0 4 5 0―  .039.60  .30 3.2575.6110.2322.5833.55 9213410.4821.7842.35 8
20260919토 4140011국6 1 9  9 0혼전 4451           4 1델타최강        콩코드포런키튼런 7226.00한거 3 0 0   1    013:35 16500국6함완식강균호   2 01111 510 1 0 010  0김태훈   56.071평입하50 58 584211.042.016.81755 7215410151513272111122421      ↗→입14.237.240.214.04513                    0  0 22 0   14.10   15.00 4 -2  0HH동       1717-1.4 7.0 5.6434314 0일반주행보통주행46기 1 1                            14.1    15.0        .0                       4 9 5 8  6                                              .01541 0 2 3 0― -.640.20 -.41     89.55 4.86 9.9016.77 2 714 3.80 9.0416.79 7
20260823일 3140010국640 7 99 1 1강 1159맑음포화16 4 1델타최강        콩코드포런키튼런 7226.00한거 3 0 0 2 1   69      16500국6함완식강균호   2 11010 410 5 0 0 9  0유승완45856.069하입보48 49 493632.052.030.31960 8215410151524 02111152722      →↘입14.237.140.214.0501236.742.0 90.5 90.7  0  0 22 0   14.00   13.90 5 -3 -1HH동       1717  .4 6.6 7.0343414 0숨은복병탄력호전68기 0 3 6     5 4 6⑧1:30.5목   3.114.141.515.0  4  5  .09 8 4 -4 3.78728949212 5 9 3 40 5 1.0811.06 2.4 4.3  2.4   37.4   49.4   36.5  .01934-1 5 3-1▽  .339.20 -.6813.3889.48 9.7420.1930.29102035 7.4121.3725.51 4
20260718토 3140011국620 9 79 2 1강 1151흐림불량20 4 1델타최강        콩코드포런키튼런 7226.00한거 3 0 0 2 1   89      16500국6함완식강균호   2 2 9 9 310 4 0 0 8  0유승완45357.069하입보23 38 3831 8.041.015.61960 8215410151524 02111152722      →↘입14.337.140.214.052 936.939.3 89.2 88.4  0  0 25 0   14.40   14.00 6  5  0NN동       1717  .4 6.6 7.0343414 0일반주행거리탄력 5   0 6 4     4 3 3④1:29.24     .914.039.813.9 -4-14  .00 4 8  2 1.32742433556 3 7 8102 4 1.02 3.04 2.3 4.4  2.3    4.4    7.1   17.9  .01523-2 2 2-2▽ -.538.70 -.3211.1089.48 2.92 8.1715.60 1 4 9 2.53 5.8810.9910
20260606토 2140011국650 9 59 3 1강 1154맑음양호 7 4 1델타최강        콩코드포런키튼런 7226.00한수 3 0 0 1 1  119      16500국6함완식강균호   2 3 8 8 210 3 0 0 7  0유승완46757.069하입하25 28 285411.046.026.11960 8215410151524 02111152722      →↘입14.437.040.114.267 537.439.3 91.6 89.6  0  0 14 0   14.30   14.20 6 -6  0HN동       1717-1.0 7.6 6.6343414 0일반주행보통주행52기 1 1 3     3 3 4⑥1:31.6½    .914.440.414.0  0  5  .00 6 6  2 1.06463455156 2 8 7 72 3 2.01 9.04 2.0 4.0  4.7    4.0   10.3   14.1  .01539 0 3 2 0― -.139.10 -.4512.5089.34 6.7516.1326.13 3 817 4.6910.9620.27 7
20260426일 2140011국610 9 69 4 2강 2253맑음건조 3 4 1델타최강        콩코드포런키튼런 7226.00한수 3 0 0 9 1  109      16500국6함완식강균호   2 4 7 7 110 2 0 0 6  0유승완46257.069하무상38 43 435115.046.034.51960 8215410151524 02111152722      →↘입14.637.140.014.367 637.239.9 91.4 89.4  0  0 33 0   14.70   14.10 4 -2  1NNDN       1717-1.2 9.0 7.8282817-3일반주행탄력호전99기 0 7 8     6 6 5⑤1:31.41½  1.514.340.914.2  1  0  .00 5 4 -4 2.75955636539 4 8 3 32 2 1.0210.01 1.4 3.5  1.4    3.5    4.6    4.7  .01536 0 3 1 0― -.238.90 -.6712.3089.34 8.9920.4234.45133045 3.4110.5313.99 6
20260329일 3170011국651 9109 5혼전 4459맑음건조 3 4 1델타최강        콩코드포런키튼런 7226.00한수 3 0 0 9 1   71      16500국6함완식강균호   2 5 6 6 410 1 0 0 5  0유승완46256.569하무보 5  5  515 3.030.0 5.31960 8215410151524 02111152722      →↘입14.739.441.814.476 639.941.2113.9112.9  0  0 20 0   14.50   14.60 4  1  1LN동       1717 -.4 9.8 9.4181817 0최빈거리거리난점38관 0 9 7 7 8 7 7 4④1:53.91¾   .514.741.614.1 -4 -4  .00 4 8 -1 1.22947555469 3 5 8 93 1 1.02 5.01 2.7 5.7  2.7    5.7    8.7    8.3  .0 9 6-4 1 2-4▼-2.041.60  .3531.69113.9  .12 1.13 5.29 2 714  .12 3.70 7.8511
20260228토 4170011국621 8 79 6 1강 1158맑음건조 3 4 1델타최강        콩코드포런키튼런 7226.00한수 3 0 0 9 1   91      16500국6함완식강균호   2 6 5 5 310 5 0 0 4  0김태훈46656.071하입하 5  6  653 6.038.019.81755 7215410151513272111122421      ↗→입14.639.341.714.584 639.943.4116.7116.1  0  0 50 0   14.40   15.40 5  0 -1NH동       1717 -.510.0 9.5212117 0신저혈통건성마필53관 1 8 5 5 6 7 9 9⑨1:56.73    3.414.543.414.6  0  4  .00 9 9  3 3.59450929210 1 811 60 5 1.06 7.04 1.7 2.7  1.7   15.4   19.2   83.9  .02737-1 2 2-1▽ -.742.20  .1135.11113.8 4.0011.3019.84 2 715 1.19 4.6510.67 9
20260125일 3170011국641 9 99 7 3강 3352맑음건조 3 4 1델타최강        콩코드포런키튼런 7226.00한수 3 0 0 2 1   71      16500국6함완식강균호   2 7 4 4 210 4 0 0 3  0김태훈46256.571하입상27 27 274010.043.019.21755 7215410151513272111122421      ↗→입14.639.341.714.580 639.044.5116.7115.8  0  0 33 0   14.50   14.20 5 -1  1LN동       1710-2.311.3 9.0252517 0일반주행신저혈통 5기 0 8 4 4 5 5 6 9⑪1:56.72½  3.114.444.315.4  5  1  .0011 6 -5 3.79312979414 2 8 7 80 4 5.0211.10 3.0 7.5 11.3   15.0   31.8   25.0  .02334 0 3 2 0― -.542.10  .1334.80113.8 4.0010.6119.24 2 511 3.90 8.5414.12 8
20251221일 4170011국631 4 89 8 1강 1151맑음다습14 4 1델타최강        콩코드포런키튼런 7226.00한수 2 0 0 2 1   9312:45 16500국6함완식강균호   2 8 3 3 110 3 0 0 2  0김태훈46156.071하추보 5  5  5 1 2.027.0 4.61755 7215410151513272111122421      ↗→입14.240.142.013.630 439.142.2112.0113.4  0  0  0 0   14.20   15.20 4  3  0VHUP       1710  .011.511.5121210 4걸음없음거리속성43기 0 9 7 7 8 4 2 3④1:52.01    1.014.541.414.2 -7  4  .00 411  0 1.25116806448 81011112 3 2.0110.06     4.5  4.5    4.5   10.6   20.2  .012 1-4 1 2-4▼-1.841.00 -.1231.34114.5  .12 1.65 4.56 1 3 6 1.15 1.20 4.9011
20251122토 2130011국631 7 89 9 1강 1157맑음건조 3 4 1델타최강        콩코드포런키튼런 7226.00한수 2 0 0 2 1  109      24750국6함완식강균호   2 9 2 2 110 2 0 0 1  0김태훈45756.071하무보13 11 11 2 3.026.0 7.71755 7215410151513272111122421      ↗→입14.438.140.413.618 637.941.8 85.8 86.0  0  0  0 0   14.40   13.90 3  4  0BHUP       1310  .012.012.0181810 3일반주행거리속성54기 1 6 6     8 8 9⑪1:25.83    3.414.241.915.2  0-19  .001111 -1 3.596659596 9 610 4100 2 2.03 8.03 2.7 3.2  2.7    4.7    8.2   19.9  .015 5-3 1 1-3▼-1.739.70 -.43 7.4784.25  .73 3.34 7.72 0 1 4  .12 1.58 2.0510
20251101토 1100012국651 810910 3강 3355맑음건조 5 4 1델타최강        콩코드포런키튼런 7623.00한수 2     1 1  176      24750국6함완식강균호   210 1 1 110 1 0 0 0  0김태훈47656.072평무보 5 35 3510  .029.0 6.81755 7215410151513272111122421      ↗→입14.638.338.313.610 138.039.4 65.1 64.4              14.60   13.90 4  0  0NL동       10 0         6.0     0 0일반주행우수혈통54기 1 2 9     9 711⑫1:05.14    2.314.439.713.9  0  6  .001212  0 2.48672888920111111100 1 9.0112.09 3.8 7.7 18.1   34.0  125.4   42.4  .015 4-4 1 5-4▼-2.037.10 -.03-12.263.65  .18 1.68 6.76 1 4 7 8.1516.6726.45 2
20260919토 4140011국6 1 9  9 0혼전 4451           4 2스파이스밴드    록밴드  스파이스        한암 4 0 0   1    013:35 16500국6이신우정영식  -2 016191018 1 0 018  0김정준   54.074평추보50 62 624038.052.024.81436 92161 8201922202114132026 099 0↗↗추14.437.739.613.51141                    6 19  013   15.10   13.20 3 -2  0VUUP55.04901714  .8 4.8 5.6525213 1교체실패마주성향34기 0 2                            15.1    13.2        .0                      11 2 3 6  1                                              .02249 0 5 5 0―  .039.60 -.55     89.48 7.5516.6024.83 5132212.6623.7335.82 5
20260829토 3130010국631 6 89 1 1강 1161흐림다습12 4 2스파이스밴드    록밴드  스파이스        한암 4 0 0 9 1   59      16500국6이신우정영식  -2 11518 318 1 0 017  0푸르칸48954.078평추보42 60 606433.055.043.72457152161 8201926 02114142421 099 0↗→추14.438.039.113.5236539.038.5 82.7 83.2  7 20  013   14.30   13.5010 -6 -1VUDN55.04901714 -.2 5.2 5.0585813-4연대우수최적거리72기 1 410     9 9 8⑥1:22.7¾   1.715.138.013.2  2  3  .00 6 4 -1 1.8519623693110 2 4 33 3 3.01 5.01 1.9 3.3  4.7    4.9   12.2   27.7  .03360 1 4 6 1―  .439.10 -.57 6.0783.3515.4531.1243.74102235 7.0216.7928.08 5
20260621일 2170011국650 6109 2 3강 3357맑음포화19 4 2스파이스밴드    록밴드  스파이스        한암 4 0 0 2 1  180      16500국6이신우정영식  -2 21417 318 1 0 016  0마이아48655.093평추하22 47 476650.070.070.93452142161 8201937 021143533 7 099 0↘↗선14.440.341.313.5204539.941.2112.0113.7  0 14  021   15.20   13.50 2  7  0BUUP55.04901714 -.8 5.6 4.8565613 3교체실패연대우수 5기 010 7 7 7 6 6 7⑦1:52.0½   1.014.340.413.5  2 -1  .00 7 5  1 1.6565555575110 5 4 12 1 1.03 9.05 3.8 8.0  3.8    9.4   21.2   11.811.23788 1 7 8 1▲ 1.340.80-1.3832.07114.229.8654.8070.9137577123.6437.2950.00 2
20260606토 2140011국650 9 59 3 1강 1154맑음양호 7 4 2스파이스밴드    록밴드  스파이스        한암 4 0 0 1 1   39      16500국6이신우정영식  -2 31316 918 1 0 015  0서승운48755.083평추보33 65 654026.051.034.42335132161 82019 0 02114272717 099 0↗↘선14.437.639.713.5123438.838.3 91.9 89.9  0  8  0 8   15.80   14.90 2 -1  0VUDN55.04901714-1.8 6.2 4.4515113-3마주성향마주성향31기 0 311    1111 8⑦1:31.92    1.215.239.413.5  3  0  .00 7 4 -2 1.3739812654610 4 2 43 1 2.01 9.04 2.0 4.0  4.7    4.0   10.3   14.1  .02572 0 4 3 0―  .338.50 -.7812.6089.4811.6823.7634.35102035 7.8116.4425.68 6
20260523토 2170010국630 9 89 4 1강 1151흐림다습13 4 2스파이스밴드    록밴드  스파이스        한암 4 0 0 2 1   39      16500국6이신우정영식  -2 41215 218 3 0 014  0김효정48755.068평추상65 73 737058.062.038.31749 72161 8201912 02114192217 099 0↗→선14.040.341.213.5184940.442.9115.4114.5  0  0  017   14.40   13.70 3  1  0VUUP55.04901714-1.6 6.4 4.8464613 3숨은복병마주성향68기 1 4101010 1 1 2④1:55.4목    .315.843.014.9 -2  4  .00 4 6  1 1.7717185917210 2 4 41 3 1.08 9.05 1.7 3.2  1.7   74.9   88.1  114.9  .02564 1 6 6 1― 1.140.90 -.5732.99114.111.6925.5338.26102035 7.2123.9240.07 4
20260502토 3140010국640 9 49 5 1강 1151흐림건조 3 4 2스파이스밴드    록밴드  스파이스        한암 4 0 0 1 1   58      16500국6이신우정영식  -2 51114 818 2 0 013  0김효정48355.068하추상47 53 533946.061.039.21749 72161 8201912 02114192217 099 0↗→선14.037.639.813.5 83037.738.7 90.5 88.5  9  9  018   14.50   13.40 2 -2  0VUUP55.04901714 -.8 6.8 6.0383812 1마주성향탄력호조27기 0 3 6     7 8 6④1:30.5코    .614.439.713.7 -1 -4  .00 4 5 -1 2.33380244466 9 6 5 43 2 1.02 6.11 2.2 3.7  2.2    3.7    5.7    6.9  .03068 0 5 6 0― 1.038.20 -.9811.1089.5512.9225.9839.2413284313.5921.6733.22 4
20260419일 21300 9국622 8 79 6 1강 1159맑음건조 4 4 2스파이스밴드    록밴드  스파이스        한암 4 0 0 2 1   30      16500국6이신우정영식  -2 61013 218 1 0 012  0김효정48755.068평입보32 36 3631 8.037.014.31749 72161 8201912 02114192217 099 0↗→선14.038.039.413.6184538.638.6 83.7 83.0  0  0  020   14.30   13.60 2  4  0NUDN55.04901714 -.4 6.8 6.4414112-1일반주행마주성향52기 1 5 9     9 8 8③1:23.74     .714.539.013.4 -3 -1  .00 3 6 -1 2.04088275960 8 3 4 63 1 4.02 4.03 1.9 2.5 14.1   11.2   32.7   37.5  .02232-3 2 1-3▼-1.139.10  .08 5.5683.55 2.07 6.0914.33 51322 2.60 6.4510.95 6
20260404토 3140011국621 9 79 7혼전 4451맑음양호 7 4 2스파이스밴드    록밴드  스파이스        한암 4 0 0 1 1   40      16500국6이신우정영식  -2 7 912 718 2 0 011  0푸르칸48855.078하추보21 20 203611.040.013.52457152161 8201926 02114142421 099 0↗→추14.037.639.913.7102237.739.5 91.6 89.6 11  0  022   14.50   14.40 2 -9  0UU동55.04901714  .4 6.2 6.6353512 0일반주행단기승부38기 0 1 6     5 6 7⑥1:31.6½   1.414.340.113.6 -1 -2  .00 6 7  0 1.46778536942 9 4 9 92 2 3.04 5.09 2.1 3.3  7.9   29.5   72.5   26.6  .01531-1 2 3-1▽ -.838.50 -.3912.1089.62 3.48 7.0713.51 2 510 4.05 9.2515.96 9
20260321토 3140011국641 9 99 8 1강 1156맑음건조 5 4 2스파이스밴드    록밴드  스파이스        한암 4 0 0 2 1   40      16500국6이신우정영식  -2 8 811 618 1 0 010  0푸르칸49055.078평입상39 45 454913.042.025.02457152161 8201926 02114142421 099 0↗→추14.137.639.713.5 83737.640.1 91.2 89.6 13 13  025   14.50   13.20 2  6  0BU동55.04901714 1.2 6.0 7.2393912 0일반주행단기승부47기 010 8     8 8 8⑤1:31.24    2.214.541.014.4 -2 -6  .00 5 7  0 2.2677370792411 1 5 73 1 1.04 9.04 2.7 5.5  2.7    7.9   14.8   33.6  .01536 0 3 2 0― -.338.50 -.5512.3189.48 5.8315.2124.99 3 817 4.35 8.9717.43 8
20260307토 3140011국612 9 69 9혼전 4458맑음포화17 4 2스파이스밴드    록밴드  스파이스        한암 4 0 0 2 1   40      16500국6이신우정영식  -2 9 710 518 1 0 0 9  0장추열49655.093하입하 8 15 153411.044.021.42949122161 8201929 02114202722 099 0↘↗입14.137.639.813.6 83037.838.4 89.5 88.9 14  0  014   15.00   14.30 4 -7  0VUDN55.04901714 1.0 6.0 7.0353512-3마주성향보통주행73트 1 4 7     9 8 6⑥1:29.51¼  1.114.538.513.2 -1  5  .00 6 7  0 1.24583173750 5 3 7 50 1 3.02 6.10 1.7 5.3  8.1   17.5   38.4   11.6  .02553-2 3 2-2▽ -.638.30 -.5011.5489.55 5.8712.4021.39 51425 6.0013.4523.56 5
20260207토 3170011국651 910910 1강 1153맑음건조 2 4 2스파이스밴드    록밴드  스파이스        한암 4 0 0 2 1   71      16500국6이신우정영식  -210 6 9 118 2 0 0 8  0임다빈49155.075평입상50 61 615353.054.028.71327 72161 82019 6252114142424 099 0→↗추14.140.441.213.5105340.343.0116.2115.4 17 17  017   14.30   13.80 3 10  0VUUP55.04901714  .6 5.6 6.2404013 3일반주행마주성향40기 011111111 8 7 9⑩1:56.21½  2.015.042.514.3  3  1  .0010 7  1 3.4897388932810 2 3 50 2 2.11 6.03 2.6 6.6  4.1  121.2  154.3  495.8  .02258 0 5 4 0―  .541.00 -.4233.78114.2 7.1216.9228.65 6162712.1625.4840.86 5
20260118일 31400 8국620 8 2911 2강 2254흐림건조 5 4 2스파이스밴드    록밴드  스파이스        한암 4 0 0 2 1   50      16500국6이신우정영식  -211 5 8 418 1 0 0 7  0임다빈49055.075하추하13 11 1110 4.033.018.31327 72161 82019 6252114142424      →↗추13.837.739.713.5 33737.239.1 89.8 88.4  0  0  020   14.60   13.6015 -3  0HH동       1414  .2 6.2 6.4303013 0일반주행휴양불리43기 0 1 7     6 6 5⑤1:29.8½    .214.339.613.8 -1 -6  .00 5 6  2  .73259404374 8 2 7 52 1 2.05 8.04 1.7 2.1  3.0   17.9   26.7   35.8  .01531-2 1 2-2▽-1.138.10 -.4311.0389.55 3.23 8.1118.30 2 715 1.25 4.1410.61 6
20251003금 4140011국631 8 8912 2강 2253흐림다습11 4 2스파이스밴드    록밴드  스파이스        한암 3 0 0 1 2  30315:20 16500국6이신우정영식  -212 4 7 318 3 0 0 6  0조상범49655.055하추하36 36 3627 5.037.013.6 880 31658 22019 6 52114132116      →↗입13.837.739.713.5 43438.039.7 91.7 90.3  0  0  025   14.60   13.30 5 -1  0HHUP       1412 -.5 6.8 6.3353513 1숨은복병보통주행64기 1 4 9     9 9 8⑦1:31.71    3.014.640.213.6  3 10  .00 7 4 -2 3.28591608312 9 4 5 70 5 2.0111.10     3.6  3.3    3.6    6.8   18.4  .01923 0 2 2 0― -.938.50 -.3212.9189.55 2.60 6.5013.62 41118  .92 3.79 6.49 7
20250831일 1130011국641 5 9913 3강 3359맑음다습13 4 2스파이스밴드    록밴드  스파이스        한암 3 0 0 9 2  337      16500국6이신우정영식  -213 3 6 118 2 0 0 5  0조상범48655.055하추보21 23 23 8 6.031.012.0 880 31658 22019 6 52114132116      →↗입13.838.139.213.4 96538.738.6 83.5 83.4  0  0  033   14.10   14.40 2  4  0NHDN       1412-1.3 7.0 5.7333312-1마주성향거리속성37기 1 5 9    1010 9⑧1:23.5¾   1.314.638.713.3  2-12  .00 8 6 -1 2.25690276240 9 3 3 70 4 1.03 8.04 2.3 5.0  2.3    6.6    9.1   20.611.225 6-4 2 1-4▼-1.539.10  .19 6.1083.48 1.53 5.8812.00 31017 1.39 5.48 7.18 8
20250817일 2140011국640 9 9914 1강 1151맑음양호 8 4 2스파이스밴드    록밴드  스파이스        한암 3 0 0 2 2  378      16500국6이신우정영식  -214 2 5 218 1 0 0 3  0조상범49855.055하추보72 72 725763.058.039.7 880 31658 22019 6 52114132116      →↗입14.837.939.113.1 18037.740.0 91.9 89.9  0  0  050   14.30   13.30 2 -3  0HHUP       1412-1.0 7.0 6.0373712 2마방승부마주성향52기 0 1 6     4 6 4⑤1:31.96    2.014.140.914.4 -2  7  .00 5 7  4 2.6758070822711 1 3 32 3 1.03 8.09 2.1 5.2  2.1    7.7   11.6    9.0  .02365 0 5 3 0―  .838.20 -.7612.9089.2811.5125.7739.6910203512.0526.2930.54 3
20250802토 2120011국611 8 1915 1강 1159맑음건조 3 4 2스파이스밴드    록밴드  스파이스        한암 3 0 0 1 3  41011:05 16500국6이신우정영식  -215 1 4 318 2 0 0 3  0정우주49155.074하추보43 29 2942 8.039.024.92033111963 8201917202114163013      →→입14.838.038.313.1 29137.837.7 77.0 75.2  0  0  050   14.00   14.40 2  3  0HHDN       1412-3.0 9.0 6.0252512-2일반주행마방승부31기 0 410    1010 8⑤1:17.0코    .314.338.813.3  2 -4  .05 5 3 -1  .71978133071 9 1 4 53 2 1.04 3.05     2.7  1.4    6.3    8.1    6.1  .02439-2 2 2-2▽ -.737.30 -.05-1.0776.23 5.0214.6524.85 61325 1.94 5.15 7.78 7
20260919토 4140011국6 1 9  8 0혼전 4451           4 3루움축제        CONNECT 루움     5023.00한암 2 0 0   1    013:35 16500국6안병기김종근  -1 0 4 4 1 3 1 0 0 3  0정정희   52.581하선보50 44 447851.059.039.32043102356 918 018 01810202515      →→입13.736.541.013.987 2                    0  0 67 0   13.60   14.20 5  2  0HHUP       1410 1.3 5.3 6.7272710 4일반주행거리부담40관 0 3                            13.6    14.2        .0                       11110 4  1                                              .02571 1 6 5 1―  .741.00-1.04     89.6212.0626.7439.29 8182916.4630.5140.30 2
20260815토 1100010국630 5 88 1 2강 2259흐림건조 3 4 3루움축제        CONNECT 루움     50     한암 2 0 0 2 1  112      24750국6안병기김종근  -1 1 3 3 2 3 2 0 0 2  0김용근48252.586하무하13 11 116420.041.017.92751142356 918 0 0 01810312714      ↘↘선13.837.038.114.2771236.339.0 62.7 63.3  0  0 50 0   13.90   15.30 6  0 -1HHDN       1310 2.0 5.5 7.5131310-3교체실패최적거리 5   0 1 2     2 1 3⑤1:02.7목    .813.638.714.2  0  6  .00 5 5  0 1.459 9794455 3 5 6 71 2 1.04 5.04 2.1 3.6  2.1    7.1   11.5    8.3  .02033-1 3 3-1▽ -.638.10  .43-11.862.82 3.88 9.6017.94 2 715 4.30 8.6016.93 7
20260704토 31300 9국653 7 58 2 1강 1155흐림건조 5 4 3루움축제        CONNECT 루움     5023.00한암 2 0 0 1 1   98      16500국6안병기김종근  -1 2 2 2 1 3 1 0 0 1  0김용근47653.586하무보13  9  9 4 6.029.010.92751142356 918 0 0 01810312714      ↘↘선13.837.340.614.261 536.741.9 84.8 84.6  0  0  0 0   13.80   14.50 5 -8  1HNUP       1310  .0 6.0 6.0 8 810 3걸음없음거리속성74기 1 1 5     4 3 7⑨1:24.81¾  2.413.942.215.3  4-11  .00 9 5 -1 2.68411958819 710 7 80 1 2.01 9.06 2.8 3.8  3.1    3.8    7.2   12.213.412 5-4 1 4-4▼-1.540.10 -.14 6.7083.87 1.29 5.2410.92 1 4 9 1.32 5.8813.57 7
20260530토 1100010국610 9 18 3 3강 3355맑음양호 7 4 3루움축제        CONNECT 루움            한암 2     9 1  100      24750국6안병기김종근  -1 3 1 1 1 3 1 0 0 0  0송재철48753.077평무보73 25 2534  .029.0 9.11644 72356 918 021 01810192520      ↘↗입14.537.837.512.8448537.339.9 65.3 64.4              14.50   13.10 4  0  0LN동       10 0         2.0     0 0일반주행보통주행33기 0 9 4     4 8 7⑥1:05.33    3.213.840.314.5  0 12  .00 6 6  0 3.28542938413 9 6 7 90 1 1.02 2.01 1.4 3.0  1.4    3.0    3.8    8.511.21510-4 2 1-4▼-1.737.60  .59-11.062.93 1.16 4.54 9.13 2 51010.0020.0030.00 9
20260919토 4140011국6 1 9  5 0혼전 4451           4 4클러치월드      섀클포드투어로즈 6626.00한수 3 0 0   1    013:35 16500국6리카디조아건설 0 0 2 1 2 1 2 0 0 1  0김효정   56.068강입보50 77 778277.065.042.81749 735531336 043 03726192217      ↗→선13.936.639.713.88245                    0100  0 0   13.90   13.60 4 -6  0HH동       1414 1.0 2.0 3.0737314 0전개최상연대우수44기 0 4                            13.9    13.6        .0                       2 3 1 2  2                                              .03780 0 8 8 0▲ 1.039.70 -.41     88.8015.9429.5142.7718375421.5237.2953.73 1
20260823일 3140010국640 7 95 1 1강 1169맑음포화16 4 4클러치월드      섀클포드투어로즈 6626.00한수 3     2 1   69      16500국6리카디조아건설 0 1 1 1 1 1 1 0 0 0  0김효정48756.068평무보99 25 2594  .068.064.71749 735531336 043 03726192217      ↗→선14.436.538.712.1999936.639.3 87.7 87.9              14.40   12.30 4  0  0NL동       14 0         2.0     0 0일반주행전개최상48기 010 5     3 3 3③1:27.71¾   .313.938.813.6  1  4  .00 3 2  0  .91223422273 1 110 12 1 1.0811.06 2.4 4.3  2.4   37.4   49.4   36.5  .04287 3 7 8 3▲ 1.739.20 -.3112.6888.0434.1451.8564.6537597120.3733.5955.87 2
20260919토 4140011국6 1 9  9 0혼전 4451           4 5미스틱글로      돌아온현동방미인 71     한암 3 0 0   1    013:35 16500국6배휴준퍼플라인 1 0 6 6 3 5 2 0 0 5  0박재이   54.061하추상50 55 553614.047.022.9 699 0 933 7 912 0 01111 82821 0 099↘↗입13.637.340.114.22415                    0  0  020   13.90   13.80 4  1  0NUUP54.04681412-1.4 8.4 7.0414113 1일반주행보통주행41관 0 5                            13.9    13.8        .0                       6 8 6 7  2                                              .02246 1 3 2 1― -.140.10 -.56     89.55 5.7313.8822.93 41118 3.80 9.0415.67 8
20260822토 3130011국640 9 99 1 1강 1151비  불량20 4 5미스틱글로      돌아온현동방미인 71     한암 3 0 0 2 1   79      24750국6배휴준퍼플라인 1 1 5 5 1 5 1 0 0 4  0박재이46854.061하추하21 23 2320 3.031.011.7 699 0 933 7 912 0 01111 82821      ↘↗입13.637.839.914.3311937.439.6 81.6 82.9  0  0  025   15.90   13.60 4  3 -1NHDN       1412 -.5 8.3 7.8333314-1일반주행탐색우려19관 0 4 7     7 7 4④1:21.6½    .313.939.013.8 -5  2  .00 4 9  3  .4404460547410 810113 1 2.0110.08 2.6 5.3  4.2    5.7   11.7   74.2  .015 9-3 1 1-3▼-1.339.20 -.05 5.1983.74 1.97 5.8011.67 1 3 6  .12 2.58 6.3311
20260725토 3140011국641 9 99 2 1강 1151맑음다습11 4 5미스틱글로      돌아온현동방미인 71     한암 3 0 0 9 1   69      16500국6배휴준퍼플라인 1 2 4 4 2 5 1 0 0 3  0김태훈46655.071하추상29 30 3030 5.038.014.41755 7 933 7 912 3141111122421      ↗→입13.637.040.514.448 539.238.6 90.9 89.9  0  0  0 0   13.60   14.80 4 -5  0HH동       1412-1.7 9.0 7.3363614 0숨은복병최적거리67기 0 111    111110⑨1:30.92½  1.915.938.813.6  3  2  .00 9 6 -5 2.67599208329 5 9 7 70 1 2.01 4.05 3.1 4.9  3.2    4.9    8.7  159.3  .01939 0 2 2 0― -.639.10 -.3912.4089.62 3.41 8.0814.35 3 817 1.11 4.32 8.70 9
20260627토 3140011국650 7109 3 3강 3352맑음건조 4 4 5미스틱글로      돌아온현동방미인 71     한암 3 0 0 9 1   78      16500국6배휴준퍼플라인 1 3 3 3 1 5 1 0 0 2  0정우주46455.060하추보28 45 45 5 5.030.0 8.41250 7 933 7 91222 01111163013      ↗→입14.237.540.514.420 536.740.4 90.0 89.4  0  0  0 0   14.20   14.00 4  2  0NHUP       1412-1.5 8.0 6.5373712 2일반주행탐색우려38기 0 6 1     3 5 5⑨1:30.03    1.613.640.714.8 -2  0  .00 911  4 1.76125786635 811 8110 1 3.0611.03 3.610.3  5.5   20.9   40.0   30.1  .015 6-4 1 1-4▼-1.538.50 -.5411.3689.96 1.23 4.20 8.40 0 1 4 1.72 5.71 9.3011
20260531일 2120011국641 9 49 4 1강 1157맑음양호 7 4 5미스틱글로      돌아온현동방미인        한암 3 0 0 9 1   49      16500국6배휴준퍼플라인 1 4 2 2 2 5 1 0 0 1  0오수철46455.060하추보11 12 12 9 3.024.0 1.9 733 5 933 7 91210 01111112115      ↘↗입14.337.940.014.414 637.439.0 78.3 76.3  0  0  0 0   14.30   14.50 5  0  0HH동       1212-2.0 9.0 7.0202012 0최빈거리최적거리78기 1 4 7     8 8 8⑥1:18.31     .914.240.114.0 -1  0  .00 6 7 -2 2.25858576056 6 6 4100 1 2.0911.10 2.3 3.5  3.3  130.8  174.7   73.6  .01311-4 1 1-4▼-2.137.70 -.28-1.6077.12  .32 1.14 1.86 1 4 7  .12 1.60 2.7211
20260425토 1120011국630 9 39 5 1강 1155맑음건조 3 4 5미스틱글로      돌아온현동방미인        한암 3     9 1  101      16500국6배휴준퍼플라인 1 5 1 1 1 5 1 0 0 0  0정정희46455.080평무보14 25 25 3  .024.0 3.2204310 933 7 912 0361111202515      →→입14.638.439.712.8 1 137.640.4 78.9 77.7              14.60   13.10 4  0  0NL동       12 0         3.0     0 0일반주행탐색우려36관 0 4 8     910 8⑦1:18.93    2.214.340.614.5 -2  3  .00 7 9  0 2.3887187902310 711103 1 2.03 8.02 1.8 2.7  3.6    9.9   18.8   20.9  .015 1-4 1 1-4▼-2.337.70 -.42 -.4477.23  .61  .80 3.21 1 4 710.2820.2832.04 4
20260919토 4140011국6 1 9  9 0혼전 4451           4 6스마트그랜드    지롤라모메니스마 4434.00한수 4 0 0   1    013:35 16500국6문병기박정재   2 0 9 9 2 8 1 0 0 8  0정도윤   56.089하입보50 47 4722 9.040.012.418 0122551 92613 0 02726122621      ↗↗입13.937.340.013.83317                    0  0  0 0   13.90   14.40 4 -1  1NN동       1413 -.6 8.0 7.4313112 0일반주행부진저하41기 0 6                            13.9    14.4        .0                       7 7 8 9  1                                              .01525-3 2 1-3▼ -.940.00 -.21     89.48 2.88 6.3112.42 2 510 2.53 6.7812.31 9
20260823일 3140010국640 7 99 1 1강 1159맑음포화16 4 6스마트그랜드    지롤라모메니스마 4434.00한수 4 0 0 2 1   69      16500국6문병기박정재   2 1 8 8 1 8 1 0 0 7  0우인철45955.074하입보38 46 463117.051.030.22048102551 9261315 02726112722      →↘입13.937.439.913.8192536.841.4 90.4 90.6  0  0  0 0   13.90   13.50 5  2 -2NHUP       1413 -.4 7.6 7.2353512 1일반주행거리부담54관 0 7 4     6 7 9⑦1:30.45    3.013.940.914.4 -2  4  .00 7 9  3 3.68633908712 8 3 5 50 1 1.0811.06 2.4 4.3  2.4   37.4   49.4   36.5  .01864 0 3 4 0―  .338.90 -.6813.2889.48 9.7020.1530.21 61627 7.4118.3226.72 7
20260719일 3130010국650 9 59 2 1강 1151흐림포화16 4 6스마트그랜드    지롤라모메니스마 4434.00한수 4 0 0 2 1   79      16500국6문병기박정재   2 2 7 7 6 8 1 0 0 6  0조상범45557.057하입상41 38 3833 9.039.015.7 926 62551 92613 7152726132116      ↗→입13.837.639.713.9382737.639.2 83.2 83.0  0 17  0 0   14.20   13.40 3  0  0NH동       1313  .2 7.8 8.0262612 0일반주행탄력호전 5   0 5 6     6 6 7⑥1:23.2목    .813.939.213.5  0 -6  .00 6 6 -4 1.54651474559 8 6 7 62 2 2.01 8.01 2.1 4.4  4.6    4.4   10.9   10.5  .01538 0 2 2 0― -.839.50  .09 5.7083.48 3.39 7.7815.70 51322 1.52 4.98 9.73 7
20260627토 2130011국650 5109 3 2강 2251맑음건조 4 4 6스마트그랜드    지롤라모메니스마 4434.00한수 4 0 0 9 1   59      16500국6문병기박정재   2 3 6 6 5 8 1 0 0 5  0신형철46157.064하입보 8 10 1011 3.029.0 3.9 0 0 02551 9261312 02726151327      ↗→추13.837.539.714.1462538.638.7 82.9 82.9  0 20 20 0   14.20   14.40 5  4  0NH동       1313 -.4 8.0 7.6292912 0발길대로보통주행38관 2 5 9    10 9 9⑥1:22.92     .814.238.613.4 -4 -1  .00 610  0 1.33788265854 4 6 9103 1 7.05 4.01 2.9 6.4 17.3   84.4  189.4  623.1  .01310-4 1 2-4▼-1.939.50  .48 5.7183.42  .23 1.27 3.86 1 4 7  .12 1.83 4.3110
20260524일 2130011국631 9 89 4 1강 1158맑음다습11 4 6스마트그랜드    지롤라모메니스마 4434.00한수 4 0 0 2 1   69      16500국6문병기박정재   2 4 5 5 4 8 1 0 0 4  0조상범46257.057하입보15 15 1539 6.034.016.4 926 62551 92613 7152726132116      ↗→입13.837.439.714.1532538.340.3 85.4 84.6  0 25 25 0   14.00   14.70 3 -4  0HH동       1313 -.5 7.5 7.0333312 0숨은복병작전마주62기 1 1 7    101010⑩1:25.47    2.414.240.814.4  0  0  .001010  5 2.88479788820 5 2 7 60 1 3.07 5.03 2.4 5.5  3.9   43.4   67.0   46.1  .02024-3 2 1-3▼-1.140.00  .21 7.4983.35 2.64 7.3116.36 41120 2.00 6.7213.85 8
20260503일 1130011국620 9 79 5 1강 1159비  다습10 4 6스마트그랜드    지롤라모메니스마 4434.00한수 4 0 0 1 1   50      16500국6문병기박정재   2 5 4 4 3 8 1 0 0 3  0이용호46257.063하입상27 28 284510.043.018.11658 62551 9261333152726191820      →↘자13.737.439.713.8523037.440.1 84.8 83.8  0 33 33 0   14.10   14.70 4 -4  0NH동       1313-1.7 8.3 6.7383812 0일반주행작전마주35기 0 5 4     6 6 6⑧1:24.81¾  2.314.040.714.7  3  8  .00 8 5 -2 2.46943746922 4 3 5 52 1 1.02 9.04 2.2 2.6  2.2    2.6    4.5   15.4  .02041-1 3 2-1▽ -.639.90  .15 6.7283.35 4.03 9.9618.11 81829 3.33 7.7811.58 7
20260405일 2130011국641 9 99 6 2강 2252맑음양호 6 4 6스마트그랜드    지롤라모메니스마 4434.00한수 4 0 0 1 1   72      16500국6문병기박정재   2 6 3 3 2 8 1 0 0 2  0김태훈45457.071기입적12 17 1742 4.033.014.51755 72551 92613 0 82726122421      ↗→입13.737.239.413.1726138.140.1 84.8 83.6  0 50 50 0   13.70   14.80 3  5  0NH동       1312-2.0 9.0 7.0424212 0숨은복병기복전력60기 0 9 9    10 9 9⑥1:24.8¾   1.714.140.614.7 -1-12  .00 6 7  0 1.86373758333 4 5 9 93 1 1.02 1.03 2.1 4.5  2.1    4.5    7.3   15.9  .01935-2 2 2-2▽-1.140.00  .54 7.0483.03 2.63 6.6614.51 1 3 7 1.82 4.92 8.37 9
20260314토 2130011국611 8 19 7 2강 2251맑음양호 7 4 6스마트그랜드    지롤라모메니스마 4434.00한수 4 0 0 2 1   62      16500국6문병기박정재   2 7 2 2 1 8 2 0 0 1  0김태현46657.053우입상60 91 917225.049.023.91050 42551 92613 0 02726201318      →↘선13.738.039.013.1168736.941.6 85.6 84.8  0100  0 0   14.00   13.30 4 -7  0HHUP       1312-7.011.0 4.0717112 1일반주행작전마주32기 0 4 3     3 510⑩1:25.63    2.813.742.014.8  3  1  .0010 7 -4 2.98616948714 8 2 2 50 2 1.02 1.02 1.7 3.3  1.7    3.3    5.0    7.0  .02067 0 6 3 0― -.139.50  .05 7.8183.29 4.8913.0123.85 81829 8.2615.8423.71 5
20260214토 1120011국610 9 69 8 2강 2251맑음건조 3 4 6스마트그랜드    지롤라모메니스마 4621.00한수 4     2 1   73      16500국6문병기박정재   2 8 1 1 1 8 1 0 0 0  0김태현46557.053평무보14 25 25 7  .024.0 2.91050 42551 92613 0 02726201318      →↘선14.338.039.913.417 138.338.0 77.4 75.7              14.30   13.70 4  0  0NL동       12 0         6.0     0 0일반주행우수혈통40기 111 5     5 5 4④1:17.4목    .314.038.913.3 -7  2  .00 411  0 1.73690245872 7 8 9102 1 1.03 6.08 1.4 4.2  1.4    7.1    7.0   10.0  .015 5-4 1 3-4▼-2.237.50 -.31-2.2077.12  .12 1.39 2.88 1 2 4 7.8016.3636.66 9
20260919토 4140011국6 1 9  9 0혼전 4451           4 7이스트고고      섀클포드금월     6626.00한수 3       1    013:35 16500국6박재우김영구   0 0 5 1 1 0 1 0 0 0  0조한별   56.061하입보46 34 34 1 7.025.0 4.01421102045 9231823 02216122118      ↗↘입13.637.240.715.038 1                    0  0  0 0   14.40   13.4020  0  3NBUP       1413  .0 9.8 9.8161613 1일반주행휴양불리35기 0 7                            14.4    13.4        .0                       5101111  1                                              .015 5-3 1 1-3▼-1.940.70 -.37     89.89  .35 1.52 4.04 1 2 4 2.53 5.6512.3110
20260502토 2130011국651 9 59 1 3강 3351흐림건조 3 4 7이스트고고      섀클포드금월     6626.00한수 3 0 0 1 2  391      16500국6서인석김영구   0 1 4 4 3 4 3 0 0 3  0조성환50953.053하입보 5  9  9 6 3.028.0 6.1 599 01322 51827 0 02011 91720      →↘추13.637.140.315.074 438.843.9 90.4 89.1  0  0  0 0   13.80   15.10 5  0  1NN동       1313 -.3 9.7 9.3202013 0일반주행거리탄력40기 0 710    111111⑪1:30.4대차 6.214.444.615.7  1 -8  .001110  1 6.599939999 6 5 8 9100 3 1.02 9.06 2.0 4.8  2.0    4.8    7.3    7.7  .015 2-4 1 1-4▼-1.941.40  .2911.6683.55  .61 2.48 6.14 0 1 4  .12 2.72 6.6411
20260328토 1130010국610 9 69 2 3강 3351맑음건조 3 4 7이스트고고      섀클포드금월     6626.00한수 3 0 0 9 1  105      16500국6서인석김영구   0 2 3 3 2 4 2 0 0 2  0조성환51752.553하입보 5 11 11 3 4.026.0 7.9 718 61949 91827 0 02011 91720      ↘→추13.737.040.215.181 337.341.0 85.8 84.6  0  0  0 0   13.80   15.30 6 -1  1NN동       1312 -.510.0 9.5212112 0능력한계거리속성78기 0 7 3     6 6 7⑨1:25.81½  2.213.841.815.1  0 -6  .00 9 9 -1 3.08435898423 3 6 6 92 2 1.05 8.05 1.3 3.9  1.3    5.7    7.1   10.3  .012 3-3 1 1-3▼-1.740.40  .36 7.3683.42  .76 3.36 7.85 0 1 4  .90 2.80 5.24 8
20260215일 1130010국640 9 99 3 1강 1152맑음건조 3 4 7이스트고고      섀클포드금월     6626.00한수 3 0 0 2 1  104      24750국6서인석김영구   0 3 2 2 1 4 1 0 0 1  0조성환52352.053하무보 8 10 10 1 3.024.0 5.2 718 61949 91827 0 02011 91720      ↘→추13.938.040.514.416 537.041.9 87.1 85.8  0  0  0 0   13.90   14.70 8  6 -4BHUP       1312 1.010.011.0181812 1숨은복병거리속성66기 0 8 3     5 6 9⑧1:27.13    2.013.842.915.3 -2  5  .00 810  0 4.29519969127 8 9 6102 1 1.07 2.03 2.4 5.8  2.4   58.0   73.5   41.4  .019 2-4 1 2-4▼-2.239.70 -.34 7.2784.25  .36 3.08 5.16 1 4 7  .12 2.26 3.0610
20251220토 1120012국610 9 19 4 1강 1159흐림포화16 4 7이스트고고      섀클포드금월     6720.00한수 2     2 1  170      24750국6서인석김영구   0 4 1 1 1 4 1 0 0 0  0푸르칸51856.080평무보   25 2540  .039.041.12457151949 9182710 02011142421      ↗→추14.036.738.514.5    37.840.9 78.1 78.4              14.00   14.80 4  0  0NL동       12 0                 0 0일반주행우수혈통 5기 0 2 6     6 8 9⑪1:18.15    2.313.940.614.7  1 20  .001110  0 3.99479929522 1 1 5 30 1 1.08 5.12 1.1 3.4  1.1   32.1   40.1  107.6  .01539-1 3 5-1▽ -.839.60  .10 3.2175.6117.2027.2041.1010223511.4621.4634.86 2
20260919토 4140011국6 1 9  8 0혼전 4451           4 8브리도에픽      크리솔라퍼스트랭 5432.00한암 3 0 0   1    013:35 16500국6정하백조수영   2 0 4 4 2 3 4 0 0 3  0코지     54.087기입적50 58 586451.060.034.6335920244818212228242719233119 099 0↗↘입14.036.739.913.68237                    0 33 33 0   14.20   14.50 6  5  0NUDN55.05171713 3.3 2.3 5.7464613-3작전마주기복전력38기 0 8                            14.2    14.5        .0                       3 6 4 5  4                                              .02039 0 5 6 0―  .639.90 -.38     89.0012.2222.8134.6210223516.4630.5140.30 3
20260809일 3170010국610 7 68 1 1강 1156흐림건조 2 4 8브리도에픽      크리솔라퍼스트랭 5432.00한암 3 0 0 1 1  120      16500국6정하백조수영   2 1 3 3 1 3 3 0 0 2  0코지  52554.087기입보69 83 837295.072.082.3335920244818212228242719233119 099 0↗↘입13.839.341.813.6763039.141.8114.9113.9  0 50  0 0   13.70   13.50 7 -3 -1UUUP55.05171713 3.0 3.0 6.0474713 4편성만만작전마주64기 0 3 2 2 1 1 1 3⑤1:54.92½  1.214.241.714.5  4  8  .00 5 1 -2 1.66215694845 4 6 1 11 3 4.0810.09 1.9 5.9  7.0   35.8   71.2   79.6  .03581 3 8 8 3▲ 1.941.90-1.3732.81113.839.8966.0582.3037597147.6781.5899.00 1
20260621일 1130010국650 6108 2 1강 1152맑음포화19 4 8브리도에픽      크리솔라퍼스트랭 5432.00한암 3 0 0 2 1  110      16500국6정하백조수영   2 2 2 2 1 3 2 0 0 1  0코지  51755.087하무하21 19 192023.043.026.3335920244818212228242719233119      ↗↘입14.237.340.314.065 837.138.9 81.3 82.3  0  0  0 0   14.20   14.30 4 -3  0NHDN       1414 6.0 3.0 9.0222214-1교체실패거리속성 5기 1 6 5     3 3 3③1:21.31½   .313.738.413.5  0  1  .00 3 3  0  .91724351772 5 8 6 62 2 6.04 9.05 2.3 5.5 14.3   49.1  134.4   70.4  .02023-2 3 3-2▽ -.639.60 -.38 4.6883.68 9.0617.1026.30 4122211.3220.4731.73 5
20260524일 3140011국650 9108 3혼전 4459맑음다습11 4 8브리도에픽      크리솔라퍼스트랭 5432.00한암 3     2 1   68      16500국6정하백조수영   2 3 1 1 1 3 1 0 0 0  0코지  51655.087평무보14 25 2524  .039.018.3335920244818212228242719233119      ↗↘입14.938.140.012.3 11036.940.8 91.3 90.0              14.90   12.50 4  0  0LL동       14 0         5.0     0 0일반주행보통주행44기 0 9 8     6 811⑨1:31.3½   2.114.241.014.3  6  1  .00 9 3  0 2.4753783792611 811 70 1 5.10 7.11 3.6 9.6  6.6  159.3  236.7 1192.3  .01524-2 3 3-2▽ -.838.00 -.8611.8890.03 5.1810.3618.27 2 71517.4632.1285.06 3
20260919토 4140011국6 1 9  9 0혼전 4451           4 9피엔에스미      파워블레미스블루 6837.00한암 5 0 0   1    013:35 16500국6박윤규피엔에스 2 016301833 1 0 033  0김성현   53.059하입보50 51 5111 7.032.0 7.41440 91450 717 813 717 9162319 099 0↗↘입13.937.439.714.01925                    3  0  9 3   14.80   14.10 3  3 -1LHUP53.74741714-1.0 8.6 7.6373714 1최빈거리부진저하 1   0 9                            14.8    14.1        .0                       9 4 710  5                                              .0 9 7-4 1 1-4▼-1.539.70  .05     89.34  .85 3.39 7.40 1 4 7 2.53 5.6512.3111
20260829토 3130010국631 6 89 1 1강 1151흐림다습12 4 9피엔에스미      파워블레미스블루 6837.00한암 5 0 0 9 1   59      16500국6박윤규피엔에스 2 11529 333 1 0 032  0조한별47854.061평입보42 49 4933 6.034.013.51421101450 717 8 6 017 9122118 099 0↗↘입13.937.639.314.0404539.040.4 84.8 85.3  3  0 10 3   14.50   13.80 2  4  0NNDN53.74741714-1.6 8.4 6.8464613-1일반주행단기승부 5   0 6 9    101010⑩1:24.81    3.814.839.914.1  0  4  .001010  2 3.992967994 7 8 3 6 70 1 3.01 5.01 1.9 3.3  4.7    4.9   12.2   27.7  .01516-2 1 2-2▽-1.340.00  .38 8.3783.23 2.14 6.5813.52 41118 1.75 6.1113.30 6
20260815토 2140010국613 9 69 2 1강 1151흐림건조 3 4 9피엔에스미      파워블레미스블루 6837.00한암 5 0 0 2 1   50      16500국6박윤규피엔에스 2 214281733 1 0 031  0다실바47454.082하입하13 17 1710 2.033.010.41357 31450 717 8 0 017 9212812 099 0↗↗선13.937.339.814.0262238.738.2 91.0 89.0  3  7 13 3   14.50   14.40 3 -8  1HN동53.74741714-2.0 8.6 6.6414113 0가는대로보통주행 5   0 2 4     4 4 5⑨1:31.01½  1.114.539.013.8  1 -2  .00 9 8  0 1.74998106050 9 411 90 1 2.01 5.03 1.9 6.1  6.1    6.7   14.6   17.3  .01310-3 1 1-3▼-1.238.60 -.0411.9089.34 1.49 5.4110.35 1 3 7 1.02 1.04 4.1511
20260725토 3140011국641 9 99 3 1강 1151맑음다습11 4 9피엔에스미      파워블레미스블루 6837.00한암 5 0 0 9 1   38      16500국6박윤규피엔에스 2 313271633 2 0 030  0권중석47653.066평입상55 73 735963.063.039.61341 61450 717 8 71117 9191818 099 0↘→선13.937.339.714.0252737.840.5 91.8 90.8  3  7 14 3   14.00   14.30 3  4  0BH동53.74741714-2.4 8.4 6.0474714 0착차만회작전마주 5   010 9     91011⑩1:31.85    2.814.540.814.4  2 -1  .0010 8  2 3.58882798816 7 1 2 30 2 2.01 4.05 3.1 4.9  3.2    4.9    8.7  159.3  .02558 1 6 5 1― 1.239.00 -.7613.7789.2814.7728.4139.5510203511.1124.8636.96 3
20260705일 11400 8국630 9 39 4 2강 2253흐림건조 4 4 9피엔에스미      파워블레미스블루 6837.00한암 5 0 0 1 1   50      16500국6박윤규피엔에스 2 412261533 1 0 029  0권중석47753.066하입상45 47 4730 5.037.022.41341 61450 717 8 71117 9191818 099 0↘→선13.937.439.714.0182537.039.5 90.3 88.6  0  7 11 4   14.40   14.10 3  0 -1NHUP54.04721714-2.0 9.0 7.0434313 1최빈거리보통주행 5   0 6 4     5 5 4④1:30.31¼   .214.040.314.3 -2  1  .00 4 6 -5  .53442565076 4 3 5 52 1 3.04 1.04 2.0 3.0  3.5   17.1   27.8   16.4  .01320-2 2 1-2▽-1.038.40 -.3511.4889.34 3.5110.3422.36 81829 2.27 7.7715.19 6
20260613토 2130011국622 8 79 5 1강 1141맑음건조 3 4 9피엔에스미      파워블레미스블루 6837.00한암 5 0 0 2 1   59      16500국6박윤규피엔에스 2 51125 233 3 0 028  0김성현47654.059하입보 8 33 3322 5.038.020.31440 91450 717 813 717 9162319 099 0↗↘입14.037.639.414.0354138.039.1 84.0 82.9  0  4 11 4   14.00   14.50 2 -3  0NNDN54.04721714-1.4 8.8 7.4404014-1작전마주거리속성 5   0 6 7     8 8 7⑤1:24.02½  1.214.439.814.1 -6  2  .00 511  2 1.43470415345 7 2 8 73 4 2.07 7.05 1.9 5.4  4.7   16.4   30.5   67.8  .02028-1 2 2-1▽ -.739.40  .15 5.8783.29 4.1911.8920.27 3 817 1.47 5.3710.48 8
20260531일 3140011국610 9 19 6 2강 2258맑음양호 7 4 9피엔에스미      파워블레미스블루 6837.00한암 5 0 0 9 1   28      16500국6박윤규피엔에스 2 610241433 2 0 027  0김성현47454.059하입보17 22 2224 4.037.018.11440 91450 717 813 717 9162319 099 0↗↘입13.937.439.714.0172237.339.7 92.0 90.0  0  4 12 0   14.40   14.60 4 -1  0LN동54.04701714-1.2 8.6 7.4383814 0최빈거리작전마주 5   0 9 5     5 5 6⑥1:32.02½   .914.040.814.5 -3  2  .00 6 9  0  .97660576255 7 3 7 62 3 3.02 3.11 1.4 2.6  9.3   23.3   60.4  154.8  .02018-1 2 2-1▽ -.838.70 -.2412.9089.34 4.43 9.5918.12 51220 1.64 4.76 9.01 6
20260503일 2140011국651 9 59 7 2강 2239비  다습10 4 9피엔에스미      파워블레미스블루 6837.00한암 5 0 0 1 1   69      24750국6박윤규피엔에스 2 7 9231333 1 0 026  0김성현47254.059하입보34 45 4521 4.035.018.51440 91450 717 813 717 9162319 099 0↗↘입13.937.439.714.0172237.740.5 91.4 90.5  0  4  8 0   14.50   14.00 6 -1 -1LN동54.04701714-1.2 8.0 6.8444414 0최빈거리급신장세 5   010 8     7 6 7⑧1:31.43    2.214.440.714.6 -1 11  .00 8 9  2 2.88579798823 8 2 4 60 2 2.01 1.03 2.5 4.6  3.9    4.6    9.4   13.6  .0 918-2 2 1-2▽-1.038.90 -.2413.4089.34 2.95 8.7018.48 61325 1.75 5.4511.93 6
20260322일 2140011국641 9 99 8 3강 3359맑음건조 5 4 9피엔에스미      파워블레미스블루 6837.00한암 5 0 0 2 1  114      16500국6박윤규피엔에스 2 8 8221233 1 0 025  0송재철46155.077평입보32 48 483939.055.033.11644 71450 717 8 02217 9192520 099 0↘↗입13.937.339.714.0262238.439.0 91.4 89.5  0  4  8 0   14.40   13.80 5  4  1VN동54.04701714-1.4 7.6 6.2454514 0일반주행급신장세 5   011 7     7 7 7⑦1:31.4코   1.114.539.814.0  0 -5  .00 7 7 -2 1.86395337248 5 2 3 40 1 2.01 5.02 3.0 5.8  3.5    5.8   11.2   11.3  .02053 0 5 4 0―  .438.70 -.5812.4989.28 8.9520.2533.10 9203412.9026.3640.00 4
20260215일 3140011국641 9 99 9 2강 2251맑음건조 3 4 9피엔에스미      파워블레미스블루 6837.00한암 5 0 0 2 1   81      16500국6박윤규피엔에스 2 9 7211133 1 0 024  0김성현46654.059하입보21 26 2624 4.034.010.71440 91450 717 813 717 9162319 099 0↗↘입14.037.339.814.0301938.539.0 91.3 89.4  0  0  9 0   15.10   14.80 5 -3 -1NNDN54.04701714-1.6 8.0 6.4363614-3일반주행최적거리 5   0 7 9     9 8 8⑨1:31.3목   1.014.440.013.8  0 -1  .00 9 9 -1 1.16196357753 7 3 7 70 1 3.01 6.03 2.7 6.5  5.2    6.5   15.8   12.6  .01521-2 2 2-2▽-1.038.70 -.0612.3089.34 1.28 4.3710.69 2 715  .93 2.99 6.95 8
20260110토 4170011국651 810910혼전 4451강풍양호 8 4 9피엔에스미      파워블레미스블루 6837.00한암 5 0 0 2 1  102      16500국6박윤규피엔에스 210 620 833 1 0 023  0김용근46755.086하입보28 34 342720.053.023.82751141450 717 833 017 9312714 099 0↘↘선14.039.741.514.0502540.642.1115.5114.4  0  0  9 0   14.10   13.90 2  3  0BNUP54.04701714-1.0 7.2 6.2333314 3일반주행거리속성 5   010101010 8 8 8⑦1:55.55    1.715.142.514.8 -3 -3  .00 710  2 1.87382768832 5 6 6 50 1 5.04 6.03 2.8 7.0  9.2   28.5   62.7   30.3  .01551 0 4 5 0―  .141.50 -.0933.16113.9 4.8212.6223.76 81829 4.82 9.3620.38 6
20251228일 3140011국621 8 2911 1강 1141흐림다습12 4 9피엔에스미      파워블레미스블루 6837.00한암 4 0 0 9 1   3011:25 16500국6박윤규피엔에스 211 5191033 1 0 022  0김태희47055.060하입보29 35 3537 8.035.015.51246 71450 717 810 317 9152416 099 0↘→입13.936.939.813.9591937.439.9 90.1 89.4  0 10 14 5   14.40   13.80 3  2  4NL동54.04701714-1.0 7.2 6.2363617 0작전마주급신장세 5   0 7 6     8 8 8⑥1:30.12    1.214.140.313.9 -2 -6  .00 6 8  2 2.16568687546 4 7 9 80 6 1.06 1.10     2.3  1.7   13.5   18.9   34.6  .02022-2 2 1-2▽-1.039.10  .0812.7489.07 2.51 7.0715.48 2 511 2.27 5.2911.62 9
20251206토 4140011국631 7 8912혼전 4451맑음양호 9 4 9피엔에스미      파워블레미스블루 6837.00한암 4 0 0 1 1   6312:45 16500국6박윤규피엔에스 212 418 933 2 0 021  0우인철47651.074하입상53 49 495449.067.046.32048101450 717 8 0 017 9112722 099 0→↘입13.936.839.814.0671937.239.7 89.6 89.3  0 10 20 0   14.60   14.10 3  3  0NUDN54.04701714-1.8 7.6 5.8393914-3일반주행작전마주58기 0 5 8     7 7 6⑤1:29.61¾  1.114.439.613.8 -1  4  .00 5 6  1 2.66054606248 2 4 5 40 2 3.0211.07     3.4  3.8    5.8   13.0  119.612.73157 2 6 6 2― 1.339.20 -.6712.7289.0013.8430.1446.26 9213410.7121.7131.72 5
20251115토 5170011국621 9 2913 2강 2252맑음건조 3 4 9피엔에스미      파워블레미스블루 6837.00한암 4 0 0 2 1  128      16500국6박윤규피엔에스 213 317 733 1 0 020  0우인철47251.074하입보 8  9  911 3.033.013.42048101450 717 8 0 017 9112722 099 0→↘입13.939.541.714.0631739.540.6115.1112.8  0  5 21 0   14.70   15.50 3 -8 -4HU동54.04701714-1.0 8.2 7.2303014 0일반주행거리속성 5   0 2 3 3 2 5 4 3④1:55.1½   1.014.640.914.1 -1 -7  .00 4 5 -6 1.42731392653 3 510 62 1 1.04 6.05 1.6 2.1  1.6   12.8   17.8    8.7  .01519-3 1 1-3▼-1.241.50  .1631.62113.9 1.54 6.6113.35 61325  .12 2.82 7.25 7
20251026일 4170011국611 9 6914혼전 4439흐림양호 6 4 9피엔에스미      파워블레미스블루 6837.00한암 4 0 0 9 1  184      16500국6박윤규피엔에스 214 216 633 1 0 019  0해리카47955.067하입보15 14 14 8 6.030.0 6.71444111450 717 8181317 9172612 099 0→→입13.939.641.514.0572739.743.0117.3115.2  0  6 22 0   13.80   14.60 3  9  3BNUP54.04701714 -.6 6.8 6.2333314 3일반주행거리속성 5   010 6 6 5 5 5 9⑩1:57.33    3.114.743.815.5 -1  8  .001011  5 3.48641908914 4 511110 4 1.06 3.06 2.0 8.1  2.0   16.0   22.1  136.0  .015 8-4 1 1-4▼-1.741.70  .3534.05113.8  .65 2.99 6.71 1 2 4 1.89 5.8411.4411
20251003금 4140011국631 8 8915 2강 2253흐림다습11 4 9피엔에스미      파워블레미스블루 6837.00한암 4 0 0 1 2  23915:20 16500국6박윤규피엔에스 215 115 833 2 0 018  0이상규47152.055하입상61 59 595131.053.028.1 4 0 41038 417 8 4 017 9132314 099 0→↘입13.937.139.713.9402537.140.8 91.5 90.5  0  6 24 0   13.90   14.00 3 -8  0UU동54.04701714 -.4 6.4 6.0363614 0착차만회최적거리 5   0 1 5     4 4 5⑥1:31.52    2.813.841.014.6  0  1  .00 6 6 -2 3.08546858414 5 3 3 52 2 2.0111.10     3.6  3.3    3.6    6.8   18.4  .02547 0 4 3 0―  .139.10 -.3213.6789.14 6.0215.4228.14 81829 3.6712.3214.59 6
20260919토 4140011국6 1 9  6 0혼전 4451           410골드스텝        온이글즈금포엔젤 1343.00한암 4 0 0   1    013:35 16500국6서인석서운석  -3 0 6 6 3 5 1 0 0 5  0다실바   54.082하무보50 46 462632.061.039.81357 31949 9181535 02011212812 0 099↗↗선13.937.539.713.41534                    0 20  0 0   14.00   13.60 8 -1  0LV동53.04711413 -.4 7.6 7.2303013 0마주성향배당마주39트 010                            14.0    13.6        .0                      10 5 9 3  1                                              .02553 1 5 7 1―  .839.70 -.88     89.4113.8827.1639.83122640 5.0615.8223.51 6
20260725토 3140011국641 9 96 1 1강 1151맑음다습11 410골드스텝        온이글즈금포엔젤 1343.00한암 4 0 0 9 1  150      16500국6서인석서운석  -3 1 5 5 2 5 2 0 0 4  0우인철46054.074하무적43 44 443757.066.043.72048101949 9181532 02011112722 0 099→↘입13.837.639.813.2 83737.239.3 89.9 89.1  0 25  0 0   14.00   13.20 4  5  1VVUP53.04711413 -.8 8.5 7.8242413 1배당마주마주성향72기 111 5     6 6 5⑤1:29.91     .914.039.613.6  1-11  .00 5 4 -5 1.6515345455510 3 4 22 2 2.01 4.05 3.1 4.9  3.2    4.9    8.7  159.3  .02256 0 6 5 0― 1.338.40-1.1211.6989.5514.1931.0543.6819395510.0020.5433.70 4
20260627토 2130011국650 6106 2 2강 2251맑음건조 4 410골드스텝        온이글즈금포엔젤 1343.00한암 4 0 0 9 1   79      16500국6서인석서운석  -3 2 4 4 3 5 1 0 0 3  0우인철47153.074하무하23 28 282117.047.022.42048101949 9181532 02011112722      →↘입13.838.140.813.7 9 737.938.4 82.3 82.2  0  0  0 0   14.70   12.90 8  4 -2NHDN       1413 1.0 8.3 9.3 7 713-1최빈거리배당마주42기 0 6 7     7 7 7③1:22.31     .214.038.413.2 -6 -8  .00 3 9  2  .71666212974 711 8 53 1 7.05 4.01 2.9 6.4 17.3   84.4  189.4  623.1  .01748 0 3 4 0― -.238.80-1.06 3.2684.51 4.7212.1422.38 51322 3.5711.0118.97 8
20260503일 2140011국651 9 56 3 2강 2249비  다습10 410골드스텝        온이글즈금포엔젤 1343.00한암 4 0 0 1 1  129      24750국6서인석서운석  -3 3 3 3 1 5 3 0 0 2  0김태희47955.060하무보 5  5  5 3 3.029.010.51246 71949 9181514202011152416      ↘→입13.837.740.613.710 537.742.6 93.9 92.7  0  0  0 0   14.20   14.0014 -7  0HHUP       1413  .0 9.0 9.0101013 1배당마주배당마주62기 0 2 6     81010⑩1:33.92½  4.714.242.815.1  3 15  .0010 7 -3 5.398799798 7 91011 80 3 2.01 1.03 2.5 4.6  3.9    4.6    9.4   13.6  .022 5-4 1 5-4▼-1.639.00 -.8014.3690.17 1.85 4.2010.51 1 3 7  .12 3.64 8.52 7
20260125일 2130011국620 8 76 4혼전 4451맑음건조 3 410골드스텝        온이글즈금포엔젤 1343.00한암 4 0 0 2 2  271      16500국6서인석서운석  -3 4 2 2 2 5 2 0 0 1  0김태희46455.058하무보 5  5  5 5 5.025.0 4.01160 31322 5181514202011152416      ↗↘입13.837.740.213.737 738.940.3 84.5 85.7  0  0  0 0   13.80   14.00 5 -1  0NH동       1313 1.0 8.0 9.0121213 0최빈거리배당마주 5기 0 9 9     9 9 9⑨1:24.54    3.414.240.014.0 -1-14  .00 910  2 3.894947893 5 81011110 2 5.01 1.02 2.3 5.3  9.8    7.1   17.9    7.5  .017 3-4 1 1-4▼-2.040.00  .05 7.7583.87  .11  .93 3.96 0 1 4 1.09 4.21 8.1110
20251220토 2130011국621 8 26 5 2강 2251흐림포화16 410골드스텝        온이글즈금포엔젤 1343.00한암 3     2 1  10611:00 16500국6서인석서운석  -3 5 1 1 1 5 1 0 0 0  0김태희47855.060평무보   25 2540  .036.012.61246 71949 9181514202011152416      ↘→입13.937.539.614.0    37.740.8 83.4 84.8              13.90   14.30        LN동       13 0                 0 0숨은복병거리속성50기 010 6     8 9 9⑨1:23.4목   2.713.839.914.0  1  8  .00 9 8  0 2.78957878814 1 111 80 1 1.03 3.07     2.3  2.1    7.5   11.3    3.3  .01939 0 3 4 0― -.940.00  .29 7.7083.35 2.36 6.0512.59 2 51010.0020.2874.41 5
20260919토 4140011국6 1 9  9 0혼전 4451           411원더풀다르샨    제이피즈콰드릴   5131.00한수 4 0 0   1    013:35 16500국6강성오지성배   0 01111 410 1 0 010  0이동하   56.091우추보50 72 727563.067.055.132541525561122 017 027 8252419 0 099↗↘선14.237.339.013.14145                   43 14 1414   14.90   12.80 5  5  0VN동56.04221712-1.4 5.8 4.4626214 0일반주행승부최상48기 011                            14.9    12.8        .0                       8 1 2 1  1                                              .04592 3 8 7 3▲ 1.439.00 -.72     88.8023.6642.1955.0834536512.6625.9936.94 4
20260815토 2140010국613 9 69 1 1강 1151흐림건조 3 411원더풀다르샨    제이피즈콰드릴   5131.00한수 4 0 0 2 1  111      16500국6강성오지성배   0 11010 310 2 0 0 9  0조재로42256.088평추보72 88 886251.060.039.034531325561122 030 027 8192622      ↗↘입14.237.239.213.3462739.436.7 90.1 88.1 33  0 17 0   14.20   13.50 5 -3 -1NN동       1712 -.4 5.4 5.0555517 0일반주행탄력호전 5   0 6 7     8 7 6③1:30.1¾    .214.937.512.8 -3-12  .00 3 6  2  .81799 02878 5 2 4 43 2 2.01 5.03 1.9 6.1  6.1    6.7   14.6   17.3  .02054 0 5 4 0―  .838.50 -.3611.7088.8613.2726.4339.04 9213413.2727.9837.37 5
20260712일 31400 8국641 9 49 2 2강 2252맑음다습12 411원더풀다르샨    제이피즈콰드릴   5131.00한수 4 0 0 2 1   68      16500국6강성오지성배   0 2 9 9 210 1 0 0 8  0조재로43457.088평추보39 62 626275.065.042.634531325561122 030 027 8192622      ↗↘입14.137.139.113.3512738.138.9 89.8 88.1 20  0 20 0   14.90   13.80 6  7  2LLDN       1712-1.0 5.8 4.8515117-3주행고전보통주행72기 0 9 7     7 7 7⑤1:29.81     .214.239.113.5  1  6  .00 5 4  2 2.91891306276 5 2 3 40 1 1.05 5.03 2.1 3.0  2.1   12.6   16.6  140.3  .03783 0 7 6 0―  .938.60 -.3411.9488.7312.6226.8742.5510223524.3943.0453.14 2
20260530토 3170011국611 9 19 3 1강 1153맑음양호 7 411원더풀다르샨    제이피즈콰드릴   5131.00한수 4 0 0 9 1  118      16500국6강성오지성배   0 3 8 8 410 4 0 0 7  0우인철42855.074하추하47 55 553350.060.047.520481025561122 0 7 027 8112722      →↘입14.239.640.713.3594140.340.7116.4114.0 20  0 20 0   14.30   14.20 5 -5  0HH동       1712 -.8 5.5 4.8515112 0일반주행거리속성46기 0 2 5 5 6 7 8 7④1:56.4머리  .514.941.613.8  2 -4  .05 4 2 -5  .56069395069 5 1 3 23 4 1.03 3.09 1.5 3.4  1.5    6.7    8.3   18.9  .01830 0 5 4 0―  .941.60 -.1733.70113.315.2832.5747.5219395516.0528.0340.51 3
20260425토 4170011국630 9 89 4혼전 4451맑음건조 3 411원더풀다르샨    제이피즈콰드릴   5131.00한수 4 0 0 9 1   98      16500국6강성오지성배   0 4 7 7 310 3 0 0 6  0우인철43255.074하추하21 24 244612.046.018.920481025561122 0 7 027 8112722      →↘입13.840.140.712.8295338.842.3114.4113.3 25  0  0 0   15.30   13.50 6 -1  1NN동       1712 -.8 5.5 4.8515117 0일반주행최적거리92기 0 7 3 3 3 6 4 4⑤1:54.41¼  1.014.342.314.2 -2  1  .00 5 7  5 1.541 7795453 7 2 8 82 3 1.02 4.02 2.1 4.4  2.1    4.4    7.5   17.3  .01526 0 3 4 0― -.341.00  .2332.54113.6 4.0011.0018.85 2 511 3.08 8.9215.73 7
20260314토 3170010국650 7109 5혼전 4454맑음양호 7 411원더풀다르샨    제이피즈콰드릴   5131.00한수 4 0 0 2 1  124      16500국6강성오지성배   0 5 6 6 210 2 0 0 5  0우인철43154.074하추보30 65 654956.060.030.120481025561122 0 7 027 8112722      →↘입13.840.240.912.9244141.140.2115.0114.3 25  0  0 0   14.40   12.60 5  6  0NH동       1712  .7 4.7 5.3393917 0일반주행최적거리47기 0 81010101010 9⑥1:55.04    2.815.340.513.5  4  4  .09 6 2 -6 3.57293266015 6 3 1 43 2 3.06 3.01 3.3 8.5  5.5   15.4   32.5   30.9  .01834 0 6 5 0―  .641.00 -.1833.23113.8 9.9819.2730.14 5142512.7027.0336.76 2
20260207토 3170011국651 9109 6 1강 1133맑음건조 2 411원더풀다르샨    제이피즈콰드릴   5131.00한수 4 0 0 2 1   92      16500국6강성오지성배   0 6 5 5 110 1 0 0 4  0우인철42754.074하추하12 21 21 6 5.033.0 9.320481025561122 0 7 027 8112722      →↘입13.840.541.713.0 53739.740.6114.3113.7  0  0  0 0   14.40   14.10 5 -4  1HNUP       1712  .7 4.7 5.3393912 3마방기습거리속성52기 0 2 4 4 61010 6③1:54.3¾    .014.440.212.6 -5 -6  .00 3 8  4 1.5554037299211 7 9103 1 2.11 6.03 2.6 6.6  4.1  121.2  154.3  495.8  .032 9-4 1 2-4▼-1.240.60 -.2731.45114.6 1.15 4.67 9.31 0 4 6 1.35 5.10 9.3410
20260104일 2140010국631 9 89 7 1강 1156흐림다습12 411원더풀다르샨    제이피즈콰드릴   5131.00한수 4 0 0 1 1   93      16500국6강성오지성배   0 7 4 4 110 1 0 0 3  0권중석43353.066평추보50 48 484063.056.037.21341 625561122 044 027 8191818      ↘→선13.837.739.412.9 36537.940.0 91.7 90.1  0  0  0 0   13.80   13.50 4  1 -4NHUP       1412  .0 5.0 5.0464612 2일반주행마방기습70기 0 6 7     8 8 7⑥1:31.7¾   1.914.440.814.1  2  3  .00 6 4  0 3.4819069872910 1 3 40 1 1.02 8.01 1.7 3.7  1.7    3.8    6.1   40.0  .02561 0 6 4 0―  .538.50 -.7412.9589.34 9.4322.3137.17 9213411.9027.7141.80 3
20251207일 2120011국631 7 89 8 2강 2258맑음다습10 411원더풀다르샨    제이피즈콰드릴    843.00한수 3 0 0 1 1   7611:00 16500국6강성오지성배   0 8 3 3 310 3 0 0 2  0김용근43057.086평추보45 69 696552.057.043.727511425561122 024 027 8312714      ↘↘선14.338.138.412.9 18537.838.3 76.4 76.0  0  0  0 0   14.30   13.30 5 -6  0NH동       1212-2.0 6.0 4.0545412 0일반주행최적거리48기 0 5 4     4 7 7⑥1:16.4½   1.413.839.013.5  2  5  .00 6 4 -2 1.74778325238 9 1 2 40 3 5.01 4.10     3.4 13.2    8.8   28.7   12.3  .01558 0 6 3 0―  .537.40 -.71 -.4976.3412.9027.3143.65 92134 9.3822.8022.36 3
20251101토 2120010국641 9 49 9혼전 4459맑음건조 5 411원더풀다르샨    제이피즈콰드릴    843.00한수 3 0 0 1 1  175      16500국6강성오지성배   0 9 2 2 210 2 0 0 1  0김용근42557.086평무보20 35 3521  .031.012.027511425561122 024 027 8312714      ↘↘선14.338.139.913.6 1 538.338.3 78.3 76.3              14.30   13.9016  9  0VL동       12 0        10.0     0 0교체실패보통주행64기 011 6     7 8 6④1:18.32½   .914.339.413.3 -2-11  .00 4 6 -1 1.95691326656 9 610 63 2 1.02 2.08 2.4 3.0  2.4    3.0    5.9   10.2  .020 9-4 1 1-4▼-1.637.50 -.63-1.7077.17 1.91 4.5611.97 5132212.7923.9143.50 7
20250712토 2120011국611 8 6910 1강 1159맑음건조 5 411원더풀다르샨    제이피즈콰드릴    843.00한수 3     2 3  473      16500국6강성오지성배   010 1 1 110 1 0 0 0  0김용근43657.086평무보22 35 3528  .028.012.11727111450 522 024 027 8312714      ↘↗선14.437.639.813.144 138.239.4 79.1 77.1              14.40   13.40 4  0  0NL동       12 0         5.0     0 0일반주행보통주행45관 0 2 4     6 710⑩1:19.11    2.414.340.513.9  3 -3  .0110 7  0 3.57788698518 6 5 8 70 1 1.0310.07 1.5 3.6  1.5    3.6    5.0    5.2  .01510-4 1 1-4▼-1.538.30 -.29 -.3076.84 1.40 5.6612.06 3 817 8.5918.3336.93 3
20260919토 5140011국5 1 8  9 0 2강 2254           5 1에너지파워      파워블레리에너자 6837.00한암 4 0 0   1    014:25 24750국5박병일토잉맨   0 010 2 3 9 4 1 0 9  0김태훈   52.571기무적50 50 5024 3.036.011.41755 71333 5221315 02314122421 0 099↗→입14.237.638.913.4 765                   29 29  029   14.40   13.80 9 -2 -1UU동55.04291413-2.8 8.8 6.0505014 0일반주행기복전력57기 0 1                            14.4    13.8        .0                      11 4 910  5                                              .01514-3 2 1-3▼-1.038.90  .32     88.93 1.60 4.8711.37 1 3 9  .12 1.69 4.6610
20260719일 51400 9국521 8 79 1 2강 2251흐림다습14 5 1에너지파워      파워블레리에너자 6837.00한암 4 0 0 2 1  158      24750국5박병일토잉맨   0 1 9 1 2 9 3 1 0 8  0김태훈42953.071기추적66 66 663026.040.016.61755 71333 5221315 02314122421 0 099↗→입14.237.539.113.4 95738.139.0 89.2 89.1 29 29  029   14.50   13.00 4 -5 -2HU동55.04291413-2.810.2 7.4383814 0일반주행기복전력 5   0 3 7     8 8 6⑥1:29.2½   1.014.439.013.8  3  0  .02 6 3  0 1.45291326652 7 5 3 80 4 7.05 8.07 2.0 3.2 16.3   55.0  150.0   32.9  .01532-1 5 2-1▽ -.638.50  .0912.5189.00 3.81 9.0716.64 2 714 4.9011.9420.43 5
20260620토 3140011국611 9 69 2 1강 1151비  불량20 5 1에너지파워      파워블레리에너자 6837.00한암 4 0 0 2 1   78      16500국6박병일토잉맨   0 2 8 8 1 9 2 0 0 7  0김태훈42955.071평도상51 61 614019.045.020.31755 71333 5221315 02314122421 0 099↗→입14.337.539.513.5112738.537.1 87.9 87.5 17 17  017   14.30   12.90 5  1  0LUUP55.04281413-2.810.2 7.4383813 1착차만회거리부담 5기 0 8 6     910 4①1:27.91½  -.314.537.413.0 -2  1  .00 1 3 -6  .0 496 11395 7 2 5 63 3 3.06 8.03 1.8 6.4  8.3   30.3   61.3  110.8  .02533 0 3 2 0― -.238.10 -.2310.4889.28 4.5111.0220.32 41120 3.13 7.1816.33 6
20260517일 11300 9국651 9 59 3 3강 3351맑음건조 3 5 1에너지파워      파워블레리에너자 6837.00한암 4 0 0 2 1   90      16500국6박병일토잉맨   0 3 7 7 4 9 1 0 0 6  0김태훈42855.071하입보 5  7  7 9 3.029.0 6.31755 71333 5221315 02314122421      ↗→입14.137.739.614.628 638.637.9 83.9 82.4  0  0  0 0   13.60   15.10 5  5  0LH동       1313-1.4 9.8 8.4232313 0숨은복병부진저하88기 2 7 8     8 8 6③1:23.9½    .114.338.712.9 -6 -7  .00 3 9 -2  .21988 83378 6 4 7 83 2 3.02 5.06 1.6 3.1  8.2   12.7   32.1  205.9  .019 9-4 1 1-4▼-1.839.20  .36 5.0783.48  .23 2.48 6.27 41118  .12 3.03 5.86 9
20260411토 3130011국641 6 99 4 2강 2256흐림다습14 5 1에너지파워      파워블레리에너자 6837.00한암 4 0 0 2 1  101      16500국6박병일토잉맨   0 4 6 6 3 9 1 0 0 5  0해리카43555.067하입보15 14 14 8 2.029.0 7.91444111333 5221317 02314172612      →→입14.137.939.614.622 737.741.1 84.5 85.1  0  0  0 0   14.20   14.40 4 -1  0HH동       1312-1.0 9.5 8.5252513 0일반주행건성마필49관 0 2 3     91010⑧1:24.51½  2.613.641.215.1 -3  0  .00 811  1 3.19157909115 9 3 7 90 1 1.10 1.09 2.1 5.2  2.1  111.1  130.9  426.0  .01510-3 1 1-3▼-1.539.70  .18 7.6383.61  .93 3.57 7.90 1 4 7  .94  .97 3.3110
20260314토 2130011국611 8 19 5 2강 2241맑음양호 7 5 1에너지파워      파워블레리에너자 6837.00한암 4 0 0 2 1   83      16500국6박병일토잉맨   0 5 5 5 2 9 1 0 0 4  0김정준43555.074하입상19 25 25 6 3.032.0 7.81436 91333 5221322 02314132026      ↗↗추14.238.039.614.516 838.040.3 85.0 84.1  0  0  0 0   14.70   13.70 4 -1  0HH동       1312-1.0 9.3 8.3272713 0일반주행조교부실19관 0 3 9     9 7 9⑨1:25.0머리 2.214.240.814.4 -1  0  .00 910 -1 2.37669808522 9 6 8 80 1 1.02 1.02 1.7 3.3  1.7    3.3    5.0    7.0  .01515-4 1 1-4▼-1.539.30  .12 6.5083.68  .79 3.25 7.81 2 714  .12 1.98 5.15 8
20260214토 3130011국630 8 89 6 1강 1151맑음건조 3 5 1에너지파워      파워블레리에너자 6837.00한암 4 0 0 2 1   71      16500국6박병일토잉맨   0 6 4 4 1 9 1 0 0 3  0김태훈43555.071하입적18 12 12 2 4.029.0 6.91755 71333 5221315 02314122421      ↗→입14.237.939.714.526 538.539.0 84.9 83.5  0  0  0 0   14.30   14.60 5 -4  0HHUP       1312 -.5 8.5 8.0181812 1일반주행거리속성44기 0 4 7     9 9 9⑨1:24.9코   1.114.739.613.7 -2 -6  .00 911  5 1.6618641694710 5 9100 1 3.04 6.07 1.9 3.3  4.9   23.6   29.1  287.4  .015 8-4 1 1-4▼-1.639.30  .15 5.9083.68  .95 2.42 6.85 1 3 7  .92 2.96 7.12 9
20260110토 5120010국620 9 79 7 1강 1159강풍양호 8 5 1에너지파워      파워블레리에너자 6028.00한암 4 0 0 2 1  101      24750국6박병일토잉맨   0 7 3 3 3 9 2 0 0 2  0문정균44155.074하입보15 11 11 2 7.028.0 8.21118 61333 5221319 02314131923      ↘↗추14.237.939.214.5 9 237.340.2 79.0 77.1  0  0  0 0   14.10   13.40 4  3  0NH동       1212 1.0 7.0 8.0 2 212 0능력한계부진마필44트 0 8 6     5 8 9⑨1:19.0¾   2.614.341.014.6  3-11  .09 9 6 -4 2.67858858618 7 5 7 70 2 4.02 9.06 1.5 2.4 15.2   31.2   88.0    9.2  .0 6 1-4 1 2-4▼-1.638.00 -.01 -.0476.67  .89 2.63 8.21 3 817 2.33 6.02 9.22 6
20251213토 3120011국652 7109 8 1강 1152비  포화16 5 1에너지파워      파워블레리에너자 6028.00한암 3     2 1   85      16500국6박병일토잉맨   0 8 2 2 2 9 1 0 0 0  0문정균45255.074하입보12  9  9 3 6.025.0 4.21118 61333 5221319 02314131923      ↘↗추14.237.939.814.4 9 237.639.0 76.0 76.6  0  0  0 0   14.40   14.0031 -2  0NH동       1212 1.0 7.0 8.0 2 212 0능력한계보통주행50기 1 5 9    10 9 9⑧1:16.02½  1.614.139.013.4 -2 29  .00 810  3 1.7666757663410 710110 1 2.01 8.04     5.2  3.7    5.5    9.6   28.1  .013 3-4 1 1-4▼-1.937.80 -.23-1.1077.01  .23 1.31 4.19 0 4 6 1.02 4.21 9.82 8
20250504일 21200 8국610 8 19 9 3강 3353맑음포화15 5 1에너지파워      파워블레리에너자 6028.00한암 3     1 4  666      16500국6최용건임정균   0 9 1 1 1 9 1 0 0 0  0오수철42355.060평무보   25 2540  .026.0 8.9 925 82550 723 017 02714112115      ↘→입14.336.738.514.1    37.942.0 80.5 79.7              14.30   14.40 4  0  0LL동       12 0                 0 0일반주행보통주행 1기 0 7 5     5 6 8⑧1:20.58    4.914.342.514.6  1 -8  .00 8 7  0 5.498819798 5 1 1 8 82 1 1.02 5.08 1.3 2.7  1.3    3.0    3.8    7.7  .01528-1 1 1-1▽-1.540.00 1.02 4.5375.61  .85 3.67 8.85 1 4 711.5823.0475.69 5
20260919토 5140011국5 1 8  7 0 2강 2254           5 2스터닝서브      투아너앤메니머니 6131.00한수 5 0 0   1    014:25 24750국5서인석박정배   2 016111022 4 1 122  0루이스   55.065기입적50 53 532120.046.022.02144101949 91817164620112027155050 0↗↘입14.037.039.413.94727                   16 32 1616   13.80   13.80 5 -8  2HN동55.14611814-1.4 6.0 4.6555517 0일반주행기복전력57기 0 2                            13.8    13.8        .0                       4 7 8 7  5                                              .01825 0 4 4 0―  .039.40  .08     88.86 5.7113.7221.98 2 715 3.39 6.7816.77 7
20260816일 4140010국511 7 17 1 1강 1151흐림다습13 5 2스터닝서브      투아너앤메니머니 6131.00한수 5 0 0 2 1   99      24750국5서인석박정배   2 11510 922 3 1 121  0루이스47853.565기입적61 53 532624.045.024.12144101949 91817164620112027156733 0↗↘입14.037.139.513.9402236.938.7 88.5 87.9 11 28 1717   13.60   14.70 6  0  0VH동55.74551814 -.2 5.8 5.6434317 0연대우수기복전력 5   010 2     4 2 2③1:28.5½    .013.838.913.8 -3  3  .00 3 6  0  .71137241589 4 6 6 62 4 1.03 3.08 1.6 2.7  1.6    7.1    9.0   16.5  .03325 0 4 3 0― -.338.60 -.0911.2689.00 5.3014.4724.11 51322 3.1911.5223.74 6
20260705일 6140011국552 7 57 2혼전 4451흐림건조 4 5 2스터닝서브      투아너앤메니머니 6131.00한수 5 0 0 1 1   85      24750국5서인석박정배   2 214 9 822 2 1 120  0루이스47553.565기입상47 42 422745.057.031.32144101949 91817164620112027156733 0↗↘입14.137.339.513.9332236.240.7 88.4 88.7 12 24 1218   14.50   13.70 6  0  0LH동55.74551814  .2 5.6 5.8393917 0일반주행연대우수48기 010 4     4 3 4④1:28.43    1.013.640.814.7 -2  1  .00 4 6  0 1.437 7815852 6 7 5 62 3 4.01 4.01 2.6 4.7  7.9   12.0   32.7   12.612.73744 2 6 6 2―  .638.60 -.4011.9189.1410.0820.0131.26 5132211.6316.9529.79 6
20260523토 5140011국514 8 67 3혼전 4431맑음다습13 5 2스터닝서브      투아너앤메니머니 6131.00한수 5 0 0 2 1  116      24750국5서인석박정배   2 313 8 722 1 1 119  0루이스47453.565기입상32 34 342220.042.017.92144101949 91817164620112027156733 0↗↘입14.137.139.413.9462538.039.0 89.0 89.1 13 25 1919   14.00   14.20 4  6 -3BH동55.74551814  .4 4.6 5.0494917 0숨은복병기복전력62기 010 9     8 7 6⑤1:29.01    1.214.539.013.7 -1  4  .00 5 6 -1 1.44587336146 7 6 7 90 2 3.01 1.02 1.6 4.2  6.2    4.2   12.1    6.8  .01928-1 3 4-1▽ -.738.80  .1312.5888.93 4.2010.8317.92 2 510 5.48 9.7019.35 8
20260426일 3140011국542 7 97 4 3강 3351맑음건조 3 5 2스터닝서브      투아너앤메니머니 6131.00한수 5 0 0 9 1   68      24750국5서인석박정배   2 412 7 622 1 1 118  0유승완47056.069기선보46 44 444231.044.019.31960 81949 91817181720111527226733 0→↘입14.137.139.313.8473437.239.8 89.8 89.0 13 40 1320   14.30   13.50 7  3  5VNUP55.74551813  .8 3.4 4.2575717 1일반주행기복전력36기 0 4 4     3 3 5⑥1:29.81    1.114.040.114.2 -1 -2  .00 6 7  2 2.05157616449 7 5 7 72 6 1.05 5.03 2.0 4.5  2.0   18.2   28.9   22.6  .01533 0 4 4 0― -.538.80  .1612.6088.86 4.2610.8619.29 41118 4.6014.2919.35 6
20260308일 5130011국512 6 67 5혼전 4451맑음다습13 5 2스터닝서브      투아너앤메니머니 6131.00한수 5 0 0 2 1  132      24750국5서인석박정배   2 511 6 422 1 1 117  0우인철47251.074기선적32 31 317244.057.034.62048101949 9181732 020111127226733 0→↘입14.137.239.113.9714538.438.4 82.8 83.1 14 21 1421   14.10   14.00 6 -3 -4UU동55.74551814 1.0 2.8 3.8626217 0교체실패기복전력68기 0 110    11 9 7⑤1:22.82½  1.114.338.613.5  0  4  .00 5 5  0 1.14882204448 5 3 8 53 1 1.0311.07 1.7 3.5  1.7    7.2    9.6    9.1  .02067 0 6 6 0―  .539.90  .17 6.8482.8410.3522.2134.6010223510.5323.5326.36 3
20260125일 5130010국522 2 77 6혼전 4451맑음건조 3 5 2스터닝서브      투아너앤메니머니 6131.00한수 5 0 0 2 1  100      24750국5서인석박정배   2 610 5 322 1 1 116  0김태훈46854.571기선적72 75 757231.051.022.61755 71949 9181714 020111224216733 0↗→입14.137.238.813.8696538.139.7 83.4 83.8 15 31 1523   13.50   14.60 5 -5 -1VUDN55.74551814  .2 2.8 3.0707017-1연대우수기복전력 5기 0 4 9     9 9 8⑧1:23.46    1.814.139.514.0  3  6  .00 8 5  2 1.97172667625 7 2 4 50 1 3.01 3.09 1.7 2.8  9.8    7.7   29.6   17.0  .03361 0 4 5 0―  .240.10  .68 7.8382.65 5.6014.0422.56 51220 4.3513.6118.75 6
20251220토 4140011국511 7 67 7혼전 4451흐림포화16 5 2스터닝서브      투아너앤메니머니 6131.00한수 4 0 0 2 1  10412:45 24750국5서인석박정배   2 7 9 4 522 1 1 115  0루이스46255.065기선적59 58 583430.048.019.82144101949 91817164620112027156733 0↗↘입14.137.039.313.9542735.840.6 87.4 88.7 15 38 1523   14.90   14.90 6  7 -1BUDN55.74551814  .0 3.2 3.2777717-4숨은복병연대우수50기 0 9 4     4 1 1⑥1:27.4목    .513.540.114.6  3 -2  .05 6 3 -2  .742 3815067 4 5 5 80 1 1.0611.04     4.6  1.4    7.8   10.3  154.1  .03735-2 5 5-2▽ -.438.90  .2012.3888.80 5.6911.4619.82 31017 4.6514.9723.31 6
20251108토 6180011국551 8107 8혼전 4459흐림건조 3 5 2스터닝서브      투아너앤메니머니 4936.00한수 4 0 0 2 1  149      24750국5서인석박정배   2 8 8 3 222 5 1 114  0유승완46455.568기선적36 33 335342.055.043.51960 81949 91817181720111527226733 0→↘입14.140.240.113.6535339.942.3121.6120.3 17 42 2517   14.10   15.60 7 -4  1HNUP55.74551814 -.4 4.4 4.0676717 1숨은복병작전마주72기 0 2 4 3 3 3 3 5⑤2:01.69    1.814.941.814.9  0  5  .00 5 5  2 2.17637868330 2 2 3 32 5 6.01 5.09 2.6 5.6 16.4   16.7   56.2   97.1  .02544 1 7 6 1―  .640.90 -.3439.97118.717.0530.2643.4913304512.5029.8240.91 4
20250920토 5170011국551 6107 9혼전 4432맑음포화16 5 2스터닝서브      투아너앤메니머니 6131.00한수 4 0 0 2 2  280      24750국5서인석박정배   2 9 7 2 222 4 1 113  0유승완45955.066기선하37 38 384016.040.014.61133 71322 51817181720111527226733 0→→입14.139.340.913.6784938.744.1112.5115.0 17 42 2517   14.40   14.70 5  0  0NUDN55.74551814 -.4 5.4 5.0565617-1작전마주작전마주 5기 0 6 1 1 1 1 1 5⑩1:52.5¾   2.314.143.415.6  7 -3  .0610 3  0 3.583 4968920 2 4 5 81 4 7.04 8.10 2.0 6.3 26.5   79.0  209.1  289.2  .02024-1 4 2-1▽ -.642.00  .6434.80113.2 3.39 8.0314.56 2 714 6.4912.8721.27 7
20250817일 3180011국552 710710 3강 3359맑음양호 8 5 2스터닝서브      투아너앤메니머니 4936.00한수 4     2 2  37711:25 24750국5서인석박정배   210 6 1 122 3 1 1 0  0유승완46255.065기선보53 44 441122.041.023.21133 71322 51817181720111527226733 0→→입14.140.040.613.6663039.741.8122.1120.4 17 42 2517   14.10   13.8046  5 -1NUUP55.74551814-2.0 7.2 5.2575717 1강단마필작전마주38기 0 6 3 3 3 3 3 6⑧2:02.12½  1.814.442.314.7  5 -1  .01 8 3  2 2.07830807030 5 4 2 50 3 1.02 9.05     7.1  3.2    7.1   10.3   38.6  .02413-4 5 3-4▽-1.041.10  .0139.79118.8 5.1112.8623.16 81829 9.7619.4227.27 4
20240928토 6170011국610 4 6711 2강 2251맑음건조 5 5 2스터닝서브      투아너앤메니머니 6131.00한수 3 0 0 9 7 132014:50 16500국6서인석박정배   211 512 122 2 0 111  0유승완46356.084기입보75 85 858288.071.063.72058 42445131817181720111527225050 0→↗입14.039.241.513.6861739.240.1111.3111.5  9 36 1818   13.90   13.50 6 -1  0UVUP55.54511714-1.6 8.2 6.6444413 4작전마주작전마주 1트 1 1 1 1 1 1 1 1①1:51.33    -.514.339.713.6  0  6  .00 1 1  0  .0 31825 892 1 7 1 11 2 1.06 1.06     4.9  1.7   10.5   13.8   21.7  .02582 1 8 7 1▲ 1.541.60 -.7530.76113.630.1951.7463.7237597138.9665.3180.08 1
20240817토 2130011국610 6 6712혼전 4461맑음건조 4 5 2스터닝서브      투아너앤메니머니 6131.00한수 3 0 0 2 8 142911:05 16500국6서인석박정배   212 411 222 1 0 010  0유승완45756.088하입하74 67 677355.070.043.22744112256131817181720111527225050 0→→입14.136.939.513.6892737.237.7 82.3 81.6  0 30 2010   13.90   13.60 5 -4  0UV동55.54511414-1.4 8.4 7.0333313 0작전마주작전마주 1기 1 2 3     2 2 2②1:22.3½    .013.938.513.5  1  6  .00 2 1 -1  .1 432 5 286 3 6 3 31 1 5.01 1.02     6.4 11.2    8.7   20.6   24.410.62590 1 7 6 1△ 1.339.80 -.11 5.1782.9014.5630.0643.2112264012.0522.7020.62 6
20240713토 41300 8국651 310713 2강 2235맑음양호 9 5 2스터닝서브      투아너앤메니머니 6131.00한수 3 0 0 2 8 151213:20 16500국6서인석박정배   213 310 122 1 0 0 9  0송재철45156.079하선상67 56 566452.058.034.92331192256131817162120111925205050 0→→입14.137.039.613.5862537.539.0 81.9 82.7  0 33 2211   14.80   12.60 6  0  0NVUP55.54511414-1.4 9.0 7.6252514 1일반주행작전마주 1기 2 6 6     5 4 4③1:21.91½   .313.938.713.6  1 -8  .00 3 2 -3  .83248423867 3 5 3 42 1 5.06 3.01     6.4  5.8   56.0   81.2   56.0  .02070 0 6 4 0―  .540.00 -.01 6.1383.03 8.2120.0034.85 9213411.5427.5026.47 4
20240602일 11200 9국612 6 1714 3강 3351맑음건조 3 5 2스터닝서브      투아너앤메니머니 6628.00한수 3 0 0 1 9 162511:00 16500국6서인석박정배   214 2 9 322 3 0 0 8  0문성혁45956.067하선상48 50 504240.054.028.910 010193313181720 020111319235050 0↗↗추14.137.139.714.0631238.537.2 75.8 75.5  0 25 25 0   14.60   14.30 5  4  0NVDN55.54511414 -.8 9.2 8.4232314-2일반주행거리탄력 1기 0 6 8     8 8 6④1:15.82     .414.837.112.6 -1  4  .00 4 5 -2 1.52994 43469 4 8 3 43 4 1.03 2.09     2.9  1.5    4.8    5.5   15.0  .01835 0 5 3 0―  .238.30 -.44-1.2676.51 6.7317.1728.92 92034 6.0012.8716.85 7
20240428일 2140011국621 8 7715 2강 2258맑음다습10 5 2스터닝서브      투아너앤메니머니 6131.00한수 3 0 0 9 9 173011:00 16500국6서인석박정배   215 1 8 422 2 0 0 7  0문성혁45556.068하선상21 20 203616.037.016.710 010193313181720 0201113192399 0 0↗↗추14.036.840.414.162 437.139.3 90.2 88.3  0 14 29 0   14.30   14.10 6  0 -1UV동55.04471414  .8 8.8 9.5111114 0능력한계최적거리 1기 1 2 9     5 3 3⑥1:30.2¾    .714.640.414.3 -1  4  .00 6 7  0  .92550484660 4 7 5 82 3 1.02 1.06     6.3  2.9    6.3   10.6   14.8  .01323-2 3 2-2▽ -.839.00 -.2811.1489.41 4.40 8.9116.70 2 714 5.8112.8711.18 7
20260919토 5140011국5 1 8  8 0 2강 2254           5 3미스터카이      미스치비카이제린 2328.00한수 3 0 0   1    014:25 24750국5박지헌(주)디알 2 0 7 1 1 6 3 1 0 6  0서승운   54.583기선적50 48 487363.055.026.92335132245122115 014221827271799 0 0↗↘선13.836.639.616.682 3                   20 20 40 0   13.80   13.50 5  2 -2VUUP56.34691413  .2 5.2 5.4454513 1부중유리기복전력60기 1 3                            13.8    13.5        .0                       11010 4  3                                              .03166 0 6 6 0―  .439.60  .07     88.73 7.1216.4726.90 92134 8.4719.4930.75 4
20260815토 3130011국652 7108 1 1강 1152흐림건조 3 5 3미스터카이      미스치비카이제린 2328.00한수 3 0 0 2 1  110      16500국6박지헌(주)디알 2 1 6 6 3 6 2 0 0 5  0서승운47456.083하입하10 10 1057 8.042.028.92335132245122115 014221827271799 0 0↗↘선13.937.039.816.684 536.638.5 82.2 81.4  0  0 25 0   13.50   15.50 8 -7 -1UUUP56.54641312 1.0 5.5 6.5323213 1일반주행최적거리 5   0 1 2     1 1 1①1:22.22    -.413.838.913.5 -3  1  .00 1 4 -1  .0 3 922 494 3 5 9 51 2 4.03 1.02 3.3 6.5  5.7   13.0   26.8   11.7  .01545-2 3 1-2▽ -.439.70  .03 4.5883.16 9.1217.6328.88 61627 3.45 7.7514.49 6
20260620토 2120011국642 8 98 2 1강 1151비  불량20 5 3미스터카이      미스치비카이제린 7320.00한수 3 0 0 2 1  139      16500국6박지헌(주)디알 2 2 5 5 3 6 1 0 0 4  0서승운47357.084하입적41 44 444341.044.021.52335132245122115 014221827271799 0 0↗↘선13.936.939.416.673 336.742.0 78.1 78.1  0  0 25 0   14.00   14.1012  6  1BVDN56.54641312 2.0 5.7 7.7202013-1작전마주탄력호전 5기 0 8 2     2 410⑩1:18.15    3.813.541.715.5  5  9  .0310 5  0 4.191209795 7 3 4 5 70 1 2.10 3.06 2.3 5.0  4.1   92.1  146.5   66.3  .02027-3 4 2-3▽ -.439.30  .06 1.7876.23 5.7412.0621.46 61627 5.4112.9017.48 7
20260329일 2130010국620 8 28 3 2강 2252맑음건조 3 5 3미스터카이      미스치비카이제린 2328.00한수 3 0 0 9 2  233      16500국6박지헌(주)디알 2 3 4 4 2 6 1 0 0 3  0유승완46456.566하입보 5  9  95311.034.015.11133 7223315211514202218152722      →→입13.936.840.216.690 337.339.1 83.6 82.6  0  0 33 0   13.80   15.20 6  1  1HN동       1312 2.0 5.7 7.7202013 0일반주행작전마주 5   0 2 2     2 2 3③1:23.62½   .514.039.714.1 -2  7  .00 3 5  0  .82733412767 1 7 7 71 1 1.07 3.01 1.5 2.2  1.5   36.6   52.3   59.0  .02033-4 2 1-4▼-1.240.20  .29 5.6383.29 2.44 8.1915.14 2 715 3.9510.2615.36 6
20260215일 2130011국652 6108 4혼전 4451맑음건조 3 5 3미스터카이      미스치비카이제린 2328.00한수 3 0 0 2 1  103      16500국6박지헌(주)디알 2 4 3 3 1 6 3 0 0 2  0최범현45756.093하입보 8 13 132619.040.013.7315913224512211529 92218183217      →→입13.936.840.216.689 337.241.2 85.2 84.8  0  0 50 0   13.90   16.70 5 -7 -1HHUP       1312 1.5 6.0 7.5181812 1작전마주거리속성78기 1 1 4     4 4 5⑧1:25.24    2.013.841.815.2  3  6  .00 8 5  1 2.18629918524 2 8 7 70 3 2.0111.08 2.2 7.5  4.6    7.5   15.2   13.5  .02025-1 3 3-1▽ -.840.70  .32 7.7883.29 3.15 7.0013.73 41118 3.45 8.2418.05 7
20260110토 11200 9국610 9 18 5 2강 2255강풍양호 8 5 3미스터카이      미스치비카이제린 7320.00한수 3 0 0 2 1  105      24750국6박지헌(주)디알 2 5 2 2 2 6 2 0 0 1  0최범현45156.593하무보 5  5  53331.042.023.1315913224512211529 92218183217      →→입13.837.440.214.640 336.143.0 79.3 78.5  0  0  0 0   13.80   14.90 6  5  1BN동       1212 2.0 8.010.0 7 712 0교체실패작전마주 5기 0 8 6     6 3 5⑤1:19.35    1.713.943.316.7  1-12  .00 5 4 -4 2.094 4999633 3 8 2 52 2 1.02 7.01 1.3 2.1  1.3    2.1    2.8   10.1  .02011-4 4 2-4▽ -.838.90 -.72  .9376.95 6.7913.4423.08 61325 4.8215.12 8.02 8
20251129토 1120012국610 6 68 6 2강 2255맑음다습10 5 3미스터카이      미스치비카이제린 7320.00한수 2     9 1  13110:35 24750국6박지헌(주)디알 2 6 1 1 1 6 1 0 0 0  0최범현46356.093평무보 8 25 2531  .032.010.7315913224512211529 92218183217      →→입14.437.640.013.844 137.440.8 78.1 78.4              14.40   14.10        NN동       12 0         8.0     0 0일반주행가격혈통 5   0 3 3     3 5 8⑩1:18.1목   3.413.841.314.9  2  5  .0010 8  0 3.893579292 9 6 9 8 80 1 1.03 1.02     4.4  1.6    5.3    7.5   69.6  .01510-4 2 5-4▼-1.538.70 -.37  .7776.95 1.58 5.3410.71 2 715 8.3316.6725.00 3
20260919토 5140011국5 1 8  8 0 2강 2254           5 4스터닝스킷      머스킷맨메니머니 7932.00한거 3 0 1   1    014:25 24750국5김동균박정배   2 0 6 2 2 5 1 1 1 4  1마이아   57.093강입보50 63 638192.067.055.33452141751 6201728 019 83533 7 05050↘↗선14.137.238.813.54276                   50100  025   14.10   12.80 3 -2  5HN동54.84901412  .0 2.3 2.3777714 0연대우수승부최상57관 1 4                            14.1    12.8        .0                       8 2 2 2  3                                              .04598 4 9 9 4☆ 1.638.80 -.54     88.5922.7542.1555.3019405632.2054.2468.01 1
20260830일 5140010국552 4108 1 1강 1151맑음다습11 5 4스터닝스킷      머스킷맨메니머니 7932.00한거 3 0 0 9 1   47      24750국5김동균박정배   2 1 5 1 1 5 1 0 1 3  0루이스48952.565우입보95 85 855984.053.027.62144101751 62017234619 8202715 0 099↗↘입14.036.939.813.6634537.437.3 85.9 87.3 33100  0 0   14.10   13.60 2 -5 -4NUUP57.04911412  .7 2.0 2.7707012 2작전마주연대우수51관 1 6 4     4 4 3①1:25.93    -.614.136.612.8 -2 -5  .00 1 3  1  .0 366 1 293 6 8 2 52 1 3.04 6.04 2.9 6.3  5.1   11.4   24.4  105.3  .03762 0 7 6 0―  .438.70 -.2610.5689.07 8.2717.9027.61 6162722.9440.7654.29 2
20260817월 2120010국640 9 98 2혼전 4451흐림다습13 5 4스터닝스킷      머스킷맨메니머니 8326.00한거 3 0 1 2 1   30      16500국6김동균박정배   2 2 4 4 2 5 1 0 1 2  1푸르칸49456.080강입보84 99 997373.061.040.72457151751 6201725 019 8142421 0 099↗→추14.037.338.913.7546136.638.7 75.6 74.9 50100  0 0   14.00   13.8010  6 -1BUDN57.04911312  .5 2.0 2.5808012-1전개최상작전마주38관 011 6     6 4 3③1:15.66    1.014.138.613.6  1  3  .00 3 2  1 1.01321452553 8 4 2 32 1 1.03 2.01 2.0 4.0  2.0    4.5    7.0    5.210.53461 0 7 6 0―  .637.90 -.45-1.3176.1715.3928.3340.6612264017.0031.2834.79 1
20260607일 1130010국642 8 48 3혼전 4451맑음양호 6 5 4스터닝스킷      머스킷맨메니머니 7932.00한수 3 0 1 1 1  170      16500국6김동균박정배   2 3 3 3 1 5 2 0 1 1  1마이아49157.093강추보67 99 999377.069.064.53452141751 6201728 019 83533 7 0 099↘↗선14.437.439.413.7647337.439.4 83.3 82.7100100  0 0   14.40   13.80 6  3  0LUUP57.04911312-1.0 3.0 2.0858512 1교체성공전개최상39관 0 5 5     6 4 4③1:23.31     .214.039.813.8  2  0  .00 3 1 -2 1.33039544475 5 2 1 12 2 2.0510.03 2.5 2.9  2.9   20.6   30.4   12.510.54281 2 9 8 2▲ 1.439.60 -.93 5.9183.1623.6145.7464.4518375421.7941.2557.60 2
20260425토 1120011국630 9 38 4 1강 1135맑음건조 3 5 4스터닝스킷      머스킷맨메니머니 8326.00한수 3     9 1  121      16500국6김동균박정배   2 4 2 2 1 5 1 0 0 0  0마이아49157.093평무보74 25 2564  .050.051.33452141751 6201728 019 83533 7      ↘↗선14.437.038.913.0946537.138.7 76.7 75.5              14.40   13.3036-10  2NBUP       12 0         5.0     0 2일반주행작전마주40관 0 2 9     8 5 2②1:16.7½    .014.438.913.8 -1 -7  .00 2 3     .12945484290 5 5 4 23 1 2.03 8.02 1.8 2.7  3.6    9.9   18.8   20.9  .02024-4 5 3-4▽ -.438.40 -.57 -.4476.0021.0035.2951.2518375410.2820.2831.64 2
20250816토 1100011국630 5 38 5혼전 4455맑음다습12 5 4스터닝스킷      머스킷맨메니머니 8326.00한수 2     2 4  735      24750국6김동균박정배   2 5 1 1 1 5 1 0 0 0  0문세영47855.573평무보   25 2540  .066.052.8455525185010201738 019 8293615      →↘입    37.137.8                                        13.80   13.80 4  0  0LL동       10 0                 0 0일반주행연대우수 5관 012                    경제    13.8    13.8     8  .07      0               1 1 1 10 1 5.01 6.04 2.4 2.4 16.7   18.3   55.0   27.5  .03767 0 7 7 0― 1.037.80 -.48     62.7121.8839.7052.81375971 8.3316.6725.0012
20260919토 5140011국5 1 8  9 0 2강 2254           5 5포인트아이      머스킷맨나우아이 7932.00한암 3 0 1   1    014:25 24750국5강성오파인트리99 0 6 2 1 5 6 1 2 5  1장추열   55.593강입보50 66 669692.070.062.329491225561122 039 027 82027225050 0↘↗입13.636.638.813.07494                   60 80 6060   13.90   13.20 5 -6  3NNUP54.05151413  .4 2.4 2.8818113 1전개최상전개최상54기 0 5                            13.9    13.2        .0                       2 1 1 1  6                                              .05794 4 9 9 4☆ 2.038.80 -.35     88.1831.2351.9162.3237597132.2054.2468.01 2
20260815토 4130011국551 4109 1혼전 4461흐림건조 3 5 5포인트아이      머스킷맨나우아이 7932.00한암 3 0 1 2 1  109      24750국5강성오파인트리99 1 5 1 3 5 5 0 2 4  1장추열51153.093강도보97 97 979883.069.054.329491225561122 039 027 820272299 0 0↘↗입13.536.938.812.9849537.437.4 81.4 81.0 50 75 7550   13.70   13.00 5  3 -2VU동55.05191312  .8 2.5 3.3777713 0신뢰마주전개최상 5   011 4     5 4 1①1:21.43    -.513.937.713.2 -1  0  .00 1 2  1  .0 140 3 193 3 1 1 12 5 2.0111.06 4.5 7.8  4.7    8.8   15.3   16.810.54689 3 9 9 3★ 1.739.70  .01 5.3382.4526.2742.5254.3037597122.6839.6050.65 2
20260711토 21300 9국643 9 49 2 1강 1151맑음포화15 5 5포인트아이      머스킷맨나우아이 7932.00한암 3 0 0 2 1   79      16500국6강성오파인트리99 2 4 4 2 5 4 0 1 3  0장추열51155.093우도적99 99 998893.071.091.729491225561122 039 027 820272299 0 0↘↗입13.637.039.713.4725337.037.9 81.2 80.9 33 67 6733   14.20   13.70 5  6  0BU동55.05191312  .7 3.0 3.7757513 0전개최상신뢰마주44트 0 8 4     4 3 2②1:21.2½    .013.737.913.0  1 -2  .00 2 1  0  .1 121 8 292 3 4 1 12 4 4.01 5.08 2.1 2.9  6.2    5.1   14.0   42.5  .03588 3 9 9 3★ 1.939.60-1.64 4.2183.1043.6774.0891.6837597139.5670.3970.19 1
20260606토 3130011국613 7 69 3 2강 2257맑음양호 7 5 5포인트아이      머스킷맨나우아이 7932.00한암 3 0 1 1 1   98      16500국6강성오파인트리99 3 3 3 1 5 3 0 1 2  1장추열51355.093우선보89 99 999991.070.055.229491225561122 039 027 820272299 0 0↘↗입13.636.640.313.6991938.038.4 83.2 81.9 50 50100 0   13.70   13.90 4 -1  0UUUP55.05191312 -.5 4.0 3.5767612 1전개최상전개최상52기 0 2 5     8 6 4④1:23.2코    .314.239.113.7  3 -6  .00 4 1 -1  .5 867162573 1 8 1 10 3 7.02 8.05 1.6 4.3 20.4   43.3  139.6  109.3  .04293 3 9 9 3★ 1.540.20 -.75 5.0183.2323.4042.4555.2434536522.5642.8058.31 1
20260509토 2120011국614 9 19 4 2강 2251맑음건조 5 5 5포인트아이      머스킷맨나우아이 8326.00한암 3 0 0 2 1   79      16500국6강성오파인트리99 4 2 2 2 5 2 0 0 1  0장추열51955.093하도보41 77 779276.074.063.829491225561122 039 027 8202722      ↘↗입13.636.540.114.398 436.138.8 76.1 74.4  0  0100 0   13.50   14.60 4 -4  0HH동       1212-1.0 6.0 5.0676712 0가격혈통전개최상75기 0 3 2     2 2 2②1:16.12½   .013.739.513.9  0 -2  .00 2 2 -4  .4 4 4521590 3 9 2 11 2 1.02 1.03 1.5 2.9  1.5    3.8    4.7    3.9  .04279 1 7 6 1△ 1.638.50-1.34-2.2576.3925.4448.2363.8037597115.3828.7032.59 3
20260411토 1120011국642 9 99 5 1강 1151흐림포화15 5 5포인트아이      머스킷맨나우아이 8326.00한암 3     2 1   83      16500국6강성오파인트리99 5 1 1 1 5 1 0 0 0  0장추열52155.093평무보46 25 2548  .047.028.329491225561122 039 027 8202722      ↘↗입14.537.539.812.954 436.040.7 76.2 76.2              14.50   13.20 4  0  0LL동       12 0         8.0     0 0일반주행가격혈통38관 0 7 1     2 1 2⑤1:16.2½    .513.540.414.6 -1 -8  .00 5 6  0 1.054 3906968 9 611 51 1 3.0410.04 3.0 4.4  4.0    9.6   18.4    7.6  .01534-1 4 4-1▽ -.238.10 -.69-1.1576.78 6.9516.1928.28 61325 9.2420.0058.43 6
20260919토 5140011국5 1 8  7 0 2강 2254           5 6더선몬스터      크리솔라윈드레토 5432.00한수 4 0 0   1    014:25 24750국5조현수한명로  -1 0 8 4 1 7 2 0 3 7  0김효정   55.068강입하50 58 585363.053.026.31749 71250 7 917 657 9 3192217 05050↗→선14.037.238.913.43880                   60 80  060   13.70   13.70 4  3  1NNUP55.65031412 -.6 3.4 2.8707012 1연대우수연대우수54기 1 6                            13.7    13.7        .0                       7 3 3 6  2                                              .03762 0 7 6 0―  .338.90  .16     88.66 7.3316.5326.25 61325 8.4719.4930.75 5
20260823일 41300 9국551 3107 1혼전 4451맑음포화16 5 6더선몬스터      크리솔라윈드레토 5432.00한수 4 0 1 2 1   68      24750국5조현수한명로  -1 1 7 3 3 7 1 0 3 6  1김효정51154.568강입보90 89 898167.057.041.11749 71250 7 917 657 9 3192217 05050↗→선14.037.538.813.4498937.439.3 80.9 82.8 60 80  060   13.80   13.20 9 -6 -1HH동55.65031312 -.8 3.8 3.0666612 0연대우수연대우수73기 0 3 6     6 6 4⑥1:20.9¾    .713.738.813.7  5  8  .09 6 1 -1  .73543504457 9 2 1 32 1 3.04 7.08 3.6 7.2  5.0   15.4   34.1   15.910.53784 2 7 6 2△  .639.50  .00 6.4682.8415.4328.2041.0810223516.2228.0541.86 4
20260621일 4130010국543 7 97 2혼전 4441맑음포화19 5 6더선몬스터      크리솔라윈드레토 5432.00한수 4 0 0 2 1  158      24750국5조현수한명로  -1 2 6 2 2 7 1 0 2 5  0이혁  50355.077우입보80 84 847968.061.036.62359 81250 7 9171950 9 3282118 06733↗↘선14.037.439.013.5517337.538.3 80.4 81.9 50 75 2525   13.90   13.40 8  1  2BN동55.85031312 -.8 3.8 3.0666613 0부중유리연대우수 5관 0 9 9     6 7 4②1:20.44     .013.837.613.2  0  6  .00 2 2 -1  .81148191682 6 2 1 33 1 4.02 1.09 2.3 4.0  6.4    7.6   15.9   68.7  .03783 1 8 7 1▲  .839.40  .06 5.5082.9012.9325.1836.5612264015.9127.5139.39 4
20260425토 6130011국550 4 57 3혼전 4451맑음건조 3 5 6더선몬스터      크리솔라윈드레토 5432.00한수 4 0 1 9 1  156      24750국5조현수한명로  -1 3 5 1 1 7 2 0 2 4  1임기원49753.589우입보90 90 905463.051.018.51839 91250 7 91724 0 9 3233316 05050↘↗입14.037.239.113.5666537.838.3 81.6 82.4 67 67 3333   14.50   13.00 4  3 -4BUUP57.05071312-1.0 4.0 3.0636312 1뒷심문제탐색우려99기 1 8 6     4 4 4③1:21.6¾    .213.938.113.4  0 -7  .00 3 3  1  .62160161973 6 4 1 72 2 4.0110.03 2.1 4.9  8.5    8.1   21.5   20.510.52837-2 7 5-2▽ -.139.70  .64 6.1282.84 4.0310.7318.46 2 71510.8722.7733.66 4
20260329일 1120010국640 9 97 4 2강 2251맑음건조 3 5 6더선몬스터      크리솔라윈드레토 6522.00한수 4 0 0 9 1   73      16500국6조현수한명로  -1 4 4 4 4 7 1 0 1 3  0임기원50457.088기입적77 96 967890.073.070.91839 91250 7 91724 0 9 3233316 099 0↘↗입14.037.139.313.8653737.437.3 76.2 74.3 50 50 50 0   13.80   14.00 3  3  0NU동57.05091212-1.5 5.0 3.5525212 0교체성공기복전력 5   0 5 7     7 6 4②1:16.2½    .014.537.913.0  0 -5  .00 2 2 -3  .1 361 5 991 3 3 2 13 1 5.0210.05 3.1 5.4  9.4   12.9   32.6   18.5  .03589 3 8 8 3▲ 1.737.90-1.43-2.1576.2832.4953.9970.8537597124.2442.6432.85 1
20260308일 1120010국652 9107 5 1강 1151맑음다습14 5 6더선몬스터      크리솔라윈드레토 6522.00한수 4 0 0 2 1   52      16500국6조현수한명로  -1 5 3 3 3 7 1 0 0 2  0김용근50957.086하입보56 33 333128.042.019.72751141250 7 91712 0 9 3312714      ↘↘선14.237.639.513.7362736.639.4 76.1 75.5  0  0  0 0   14.30   13.80 6 -5  0HH동       1212  .0 5.0 5.0181812 0일반주행거리탄력54관 0 2 3     3 4 3②1:16.12     .013.839.514.0 -3 -9  .00 2 5  0  .4292068498510 4 7 62 1 4.0511.02 3.2 6.8  6.1   25.7   50.5   33.6  .01544-1 3 2-1▽ -.737.80 -.35-1.5976.67 4.4111.7619.71 51322 3.9211.5918.70 7
20260124토 2120011국620 8 27 6 2강 2258맑음건조 3 5 6더선몬스터      크리솔라윈드레토 6522.00한수 4     2 1  114      16500국6조현수한명로  -1 6 2 2 2 7 1 0 0 0  0송재철51857.077평무보53 36 3666  .035.019.71644 71250 7 917 030 9 3192520      ↘↗입14.537.438.512.8668537.638.9 77.1 76.0              14.50   13.1038  3  0BL동       12 0         6.0     0 0일반주행우수혈통 5관 0 7 6     5 4 6⑤1:17.12½  2.314.339.513.8  0 21  .00 5 5  2 2.54766556220 6 1 4 42 1 1.02 1.09 2.0 2.0  2.0    2.0    4.2    7.2  .01527-1 2 2-1▽-1.038.20  .32  .1076.00 2.66 8.6019.68 9203413.4129.5397.50 3
20250426토 1120011국611 8 17 7 1강 1157맑음양호 9 5 6더선몬스터      크리솔라윈드레토 6522.00한수 3     9 4  78310:35 16500국6강환민한명로  -1 7 1 1 1 7 1 0 0 0  0문세영49757.073평무보   25 2540  .064.046.4455525205612231443331919293615      →↘입14.236.738.513.6    37.839.3 78.2 76.6              14.20   13.90        NN동       12 0                 0 0일반주행마방기습 1기 1 4 8     8 8 9⑥1:18.21¾  2.514.340.214.2  3 -6  .01 6 3  0 3.06778657717 1 1 9 40 1 4.0111.03     2.2 14.8    8.6   28.9    6.9  .02580 1 6 7 1△ 1.339.00 -.04 1.3775.6114.6031.5746.39102035 9.9120.5660.22 5
20260919토 5140011국5 1 8  5 0 2강 2254           5 7파이널축제      지롤라모월드퀵   4434.00한수 6 0 0   1    014:25 24750국5임채덕럭키     0 016272034 1 2 334  0권중석   55.066평자보50 55 5526 9.041.014.61341 6 853 31014 0 0 8 019181855 936↘→선13.737.039.413.84237                   19 26 1916   14.10   13.20 3 -3 -2NNUP54.84891714-2.0 6.6 4.6636310 1일반주행보통주행57기 0 7                            14.1    13.2        .0                       5 8 5 8  1                                              .01523-1 3 3-1▽ -.639.40  .27     88.86 3.60 8.0714.64 2 714 1.69 5.0810.25 8
20260829토 61300 9국520 3 75 1 2강 2251맑음다습12 5 7파이널축제      지롤라모월드퀵   4434.00한수 6 0 0 9 1   56      24750국5임채덕럭키     0 11526 434 7 2 333  0조상범49557.057평자보73 69 693918.046.024.1 926 6 853 31014 514 8 013211655 936↗→입13.737.039.113.8725738.139.1 81.7 83.5 20 27 2017   14.40   13.00 3  2  0BL동54.84891714-2.2 7.0 4.8555510 0일반주행거리속성30관 010 7     9 9 8⑧1:21.74    1.214.138.213.2  1 -2  .00 8 7  0 1.56173445941 2 4 3 50 7 3.06 2.06 2.7 2.8  7.5   85.3  211.9  180.5  .01534 0 5 2 0― -.240.20  .60 7.4082.71 5.7213.6924.11 61325 4.8213.7922.73 5
20260809일 5130010국552 8105 2혼전 4451흐림건조 2 5 7파이널축제      지롤라모월드퀵   4434.00한수 6 0 0 1 1   57      24750국5임채덕럭키     0 21425 334 6 2 332  0조상범49757.057평자상77 81 813729.046.023.1 926 6 853 31014 514 8 0132116601030↗→입13.837.039.113.8775338.238.1 82.5 82.6 24 24 2117   13.80   13.70 4  0  1LBDN54.64881714-3.0 7.6 4.6595914-1일반주행거리속성48기 0 8 7     8 9 6⑤1:22.51½   .614.437.913.0 -2  3  .00 5 7  4  .62879143165 6 4 3 73 6 1.03 3.07 3.5 7.9  3.5   11.0   23.5   13.5  .01529-1 5 2-1▽ -.440.00  .63 6.4582.71 7.3114.0823.06 41118 7.3518.8729.53 5
20260711토 41400 8국540 9 45 3 1강 1151맑음다습14 5 7파이널축제      지롤라모월드퀵   4434.00한수 6 0 0 2 1   57      24750국5임채덕럭키     0 313241934 5 2 231  0조상범49456.557평자상62 60 605139.051.024.5 926 6 853 31014 514 8 0132116601030↗→입13.836.939.613.8532737.138.7 88.5 87.6 25 25 2514   13.80   13.30 2 -1  0VL동54.64881714-4.0 9.2 5.2525210 0일반주행탄력호전53관 0 8 4     4 5 4②1:28.513    .013.839.013.7 -1 -4  .00 2 3 -8 2.2 750232092 3 6 4 52 5 1.03 5.08 2.3 2.4  2.3    5.7    9.1   17.2  .02246 1 5 4 1―  .238.70 -.0311.1488.93 5.2114.3824.47 81829 6.2514.9127.45 5
20260627토 4140011국553 3105 4혼전 4451맑음건조 4 5 7파이널축제      지롤라모월드퀵   4434.00한수 6 0 0 9 1   37      24750국5임채덕럭키     0 412231834 4 2 230  0조상범49856.557평선상28 28 282111.041.012.4 926 6 853 31014 514 8 0132116671122↗→입13.836.939.613.9522237.738.4 87.3 88.4 30 26 2611   13.80   14.40 4  8  0BLUP54.34871714-3.0 9.2 6.2393910 1일반주행마번불리18관 0 9 9    10 9 7④1:27.3목    .313.838.113.3 -7 -4  .00 411  6  .52276153070 7 611103 4 5.04 8.07 4.0 7.8  8.5   25.5   63.6  264.5  .01823 0 3 2 0― -.638.90  .2911.8888.93 3.38 7.0812.42 1 4 7 2.56 6.5812.6111
20260531일 5130011국542 5 45 5혼전 4457맑음양호 6 5 7파이널축제      지롤라모월드퀵   4434.00한수 6 0 0 9 1   46      24750국5임채덕럭키     0 51122 234 3 2 229  0조상범50256.557평선보12 10 1022 3.032.012.5 926 6 853 31014 514 8 0132116671122↗→입13.737.239.313.9604537.140.1 83.0 83.5 27 23 27 8   14.00   16.80 3-10 -1UNDN54.34871714-3.410.4 7.0323210-1일반주행거리속성49기 1 1 4     3 4 3④1:23.06    1.113.840.014.4 -1 -4  .00 4 5 -4 1.15926735747 6 6 9 92 3 3.01 8.03 2.7 3.6  6.2    7.5   16.4    4.0  .015 6-4 1 1-4▼-1.640.00  .68 7.0382.97 2.89 5.3912.49 2 714  .12 4.12 8.5210
20260509토 7140010국552 7 55 6혼전 4451맑음건조 5 5 7파이널축제      지롤라모월드퀵   4434.00한수 6 0 0 2 1   54      24750국5임채덕럭키     0 610211734 2 2 228  0조상범50657.057평선상44 45 452412.043.016.3 926 6 853 31014 514 8 0132116671122↗→입13.737.139.513.9342736.643.1 92.5 92.2 32 28 24 8   13.90   13.50 5  8  0BLUP54.34871714-3.610.4 6.8333310 1숨은복병탄력호전86기 111 8     3 3 6⑨1:32.57    4.214.043.416.8  0  8  .00 9 9 -1 4.797199897 7 8 6 7 90 2 4.02 5.08 2.5 5.0  7.2   10.6   24.1   23.7  .01925 0 3 3 0― -.539.50  .1215.5889.00 3.31 8.9316.34 2 510 2.35 7.4914.33 9
20260405일 6130011국551 5 55 7혼전 4451맑음양호 6 5 7파이널축제      지롤라모월드퀵   4434.00한수 6 0 0 1 1   88      24750국5임채덕럭키     0 7 920 134 1 2 227  0조상범49857.057평선상29 24 2427 7.035.014.5 926 6 853 31014 514 8 0132116751313↗→입13.737.339.213.9504937.438.7 82.8 82.8 21 25 25 4   14.80   12.90 3  1  5HBUP54.04861714-2.810.4 7.6202010 1일반주행탐색우려25관 0 3 4     6 7 3④1:22.8목    .013.938.713.5 -6 -9  .00 410 -1  .53642322479 7 8 9 93 1 3.0110.05 1.9 4.8  8.0    6.5   19.1   14.8  .01516 0 2 1 0― -.939.70  .60 6.3282.97 3.65 7.8714.54 1 4 7 3.08 6.8013.52 9
20260314토 8120011국554 5105 8 1강 1151흐림양호 7 5 7파이널축제      지롤라모월드퀵   4621.00한수 6 0 0 2 1   56      33000국5임채덕럭키     0 8 819 334 2 2 226  0김태현50752.553평선상10  8  811 3.033.0 6.91050 4 853 31014 0 0 8 0201318751313→↘선13.737.438.814.0253738.437.5 75.6 76.0 22 26 26 4   15.20   13.80 5 -7  0HHDN54.04861714-1.810.0 8.2202010-5발길대로부진마필38기 0 211    1111 9⑤1:15.6¾   1.014.837.312.9 -6 12  .00 511  0 1.14494 84450 9 510103 2 1.06 7.11 2.2 5.5  2.2   13.0   18.7   34.5  .0 6 3-4 1 3-4▼-1.738.10  .52 -.2376.17  .74 3.02 6.87 1 4 7  .12 2.30 5.5411
20260207토 8170011국454 3105 9혼전 4451맑음건조 2 5 7파이널축제      지롤라모월드퀵   4434.00한수 6 0 0 2 1   87      33000국4임채덕럭키     0 9 718 334 1 2 225  0김태현49552.553평선상12  3  3 0 5.032.0 3.81050 4 853 31014 0 0 8 0201318751313→↘선13.739.341.514.0781940.542.1113.3115.4 23 18 27 9   14.70   13.60 8  7  1BNUP54.04861714 -.8 9.2 8.4272710 3숨은복병마번불리64기 0 9 9 9 9111110⑨1:53.3½   3.315.240.913.8 -2  3  .00 911  0 3.489797687 9 41010110 1 2.01 7.01 2.4 7.2  5.0    7.2   18.8   20.8  .019 2-4 1 3-4▼-1.842.10  .5834.59113.6  .12 1.39 3.75 1 2 4  .92 3.65 7.1911
20251214일 9140011국424 5 7510혼전 4454맑음포화18 5 7파이널축제      지롤라모월드퀵   4434.00한수 5     2 1  152      33000국4손영표럭키     010 6171634 1 2 2 0  0이혁  49252.077평선보16 15 152210.037.014.92359 8 0   010 010 012 7282118751313↗↘선13.736.839.714.0631338.439.1 88.2 90.0 24 19 3814   15.10   13.2020 -2  0HU동54.04861714  .0 7.8 7.8373710 0일반주행휴양불리42기 0 211    111110⑧1:28.22    2.514.738.413.6 -3 11  .00 811  2 2.67997407917 9 8 6 83 4 1.0210.01 1.7 2.9  1.7    2.9    4.1    8.3  .01521-3 2 2-3▽-1.139.30  .2113.4688.93 2.80 6.9314.92 2 714 5.45 9.7212.08 7
20250727일 9140011국423 2 7511 2강 2251맑음건조 3 5 7파이널축제      지롤라모월드퀵   4434.00한수 5 0 0 9 3  417      33000국4손영표럭키     011 5161534 1 2 223  0씨씨웡48152.091평선보12 16 163110.042.016.72745 6 8   910 0 0 012 7212522751313↗↘선13.736.739.813.8691737.142.0 90.0 91.7 35 35 2510   14.60   13.4012 -2 -2HU동54.04861714 -.2 7.4 7.2484810 0숨은복병휴양불리69기 1 4 4     5 5 7⑧1:30.04    3.813.641.315.2 -1-18  .00 8 9 -1 4.495469595 5 7 9 9 72 1 1.03 7.05 2.4 3.7  2.4    7.2   11.8    6.4  .01949-1 3 2-1▽ -.739.80  .1515.1588.93 3.37 9.4316.73 51322 2.13 5.2010.06 8
20250504일 6140011국452 410512혼전 4451맑음다습14 5 7파이널축제      지롤라모월드퀵   4434.00한수 5 0 0 1 4  662      33000국4김동균럭키     012 4151434 1 2 222  0이동하49953.585평선보28 39 396927.052.026.62962111850102014 8 019 8252419751313↗↘선13.736.639.813.8811338.639.0 89.1 90.4 37 37 2611   14.10   14.10 5 -2  1NN동54.04861714  .2 7.0 7.2525214 0일반주행최적거리 1관 0 610    1111 9⑧1:29.11    2.014.638.413.4 -2  6  .00 810  1 2.28497367924 1 9 6 53 1 3.01 2.04 2.0 5.1  7.2    5.6   18.2   19.1  .02063 0 5 5 0―  .439.60 -.0514.0088.86 7.5316.9326.55 41120 6.4117.7526.18 5
20250329토 6140011국423 5 7513 3강 3361맑음건조 3 5 7파이널축제      지롤라모월드퀵   4434.00한수 5 0 0 9 4  77715:15 33000국4김동균럭키     013 3141334 1 2 221  0코지  49353.085평선하22 27 276016.054.028.9325619185010201415 019 8233119751313↗↘입13.736.639.913.8801037.638.8 91.6 89.6 39 39 2811   14.30   15.30 4  0 -1LHDN54.04861714  .4 7.2 7.6444414-3교체실패최적거리 1관 0 8 4     4 3 6⑧1:31.6¾   1.014.139.914.1 -1 -1  .00 8 9  2 1.16875294550 211 8 40 1 8.06 4.07     4.7 18.7   81.1  208.9  117.5  .02264 1 4 5 1―  .439.50 -.1613.1088.93 9.1519.2028.91 51425 5.6211.9620.21 8
20250301토 7170011국453 710514혼전 4451흐림건조 3 5 7파이널축제      지롤라모월드퀵   4434.00한수 5 0 0 1 5  86016:05 33000국4김동균럭키     014 213 234 1 2 220  0마이아49453.593평선보55 55 554536.060.036.43448211440 62014282319 83533 7751313→→선13.739.141.613.8861538.642.9114.1114.7 41 41 2412   13.70   14.50 3  7  0BHUP54.04861714 -.2 6.8 6.6484814 1일반주행마번불리 1관 0 8 2 2 2 1 1 4⑩1:54.1½   1.414.343.015.3  3  2  .0010 7  3 1.778 4897042 210 6 41 1 2.0811.03     5.3  3.8   48.3   86.4  140.7  .02269 1 5 6 1―  .742.20 -.1033.96113.610.6924.5236.36102235 7.9515.0025.24 7
20250208토 8160010국451 8 5515 2강 2246맑음건조 5 5 7파이널축제      지롤라모월드퀵   4434.00한수 5 0 0 1 5  92516:05 33000국4김동균럭키     015 112 134 2 2 219  0김동수49253.568평선상52 48 481549.053.028.01233121440 6201419 019 8102127751313↘↗추13.736.240.413.8721236.239.7104.3102.4 44 44 2513   14.20   14.40 4 -2  0UHDN54.04861714-1.0 7.4 6.4505014-1선행실패탄력호전 1   0 1 1   1 1 1 2⑤1:44.31     .513.740.714.5  1 -2  .00 5 4 -3  .93533554867 210 4 51 4 5.03 2.10     4.7 11.4   33.6   73.2  205.1  .02640 0 5 6 0―  .240.40 -.1025.78103.4 7.4317.9327.99 51425 9.8920.9929.33 5
20260919토 5140011국5 1 8  7 0 2강 2254           5 8블레이징엔진    트리플나큐피드여 6732.00한수 3 0 0   1    014:25 24750국5서범석왕호이   0 010 6 6 9 1 1 3 9  0안드레   56.092우자적50 58 587460.056.030.62647 51345 52044 0 018173827 450 050↗→선13.936.939.313.56145                   50 38 1313   13.80   13.90 4 -2 -1LN동55.94661414  .0 3.8 3.8676714 0마방기습승부최상40기 0 8                            13.8    13.9        .0                       3 5 4 3  1                                              .04591 0 6 5 0―  .639.30 -.03     88.73 9.2218.8130.59133045 6.7822.0335.40 3
20260822토 5140011국542 5 97 1혼전 4451비  불량20 5 8블레이징엔진    트리플나큐피드여 6732.00한수 3 0 1 2 1   77      24750국5서범석왕호이   0 1 9 5 5 9 2 1 3 8  1정정희47557.081우자적92 94 947368.056.030.42043101345 52044 0 0181720251550 050→→입13.936.839.113.4625737.039.7 87.8 89.3 57 43 1414   13.80   13.90 5  3  2BL동55.94661414 -.8 3.6 2.8757514 0연대우수마방기습58기 010 5     5 6 6⑧1:27.8코   1.613.839.013.9  3  0  .00 8 5  0 1.75944595534 3 3 2 52 2 9.06 4.02 1.8 4.0 37.1  280.4  701.5  149.810.53367 1 7 5 1―  .539.20  .1813.4388.52 8.9218.9930.39 8182917.5028.7341.34 4
20260719일 51400 9국521 9 77 2 2강 2251흐림다습14 5 8블레이징엔진    트리플나큐피드여 6732.00한수 3 0 0 2 1   77      24750국5서범석왕호이   0 2 8 4 4 9 1 1 2 7  0정정희47555.081기입보58 56 565959.059.039.12043101345 52044 0 0181720251533 067→→입13.837.039.113.4456136.539.3 88.2 87.7 50 33 1717   14.00   13.90 5  5  1BN동56.24631413 1.0 3.4 4.4595914 0부중효과연대우수 5   0 7 2     1 2 2②1:28.21¾   .013.839.513.9 -3  6  .00 2 5  0  .4 819442192 2 4 4 31 1 7.05 8.07 2.0 3.2 16.3   55.0  150.0   32.9  .03758 0 6 6 0―  .738.60 -.1811.5788.66 9.5224.5939.1213304512.7525.8741.94 3
20260613토 3140011국554 6107 3 3강 3351맑음건조 3 5 8블레이징엔진    트리플나큐피드여 6732.00한수 3 0 1 2 1   98      24750국5서범석왕호이   0 3 7 3 3 9 4 1 2 6  1장추열46954.593우추적41 43 437946.059.029.52949121345 5204432 0181720272233 067↘↗입13.837.038.813.1488037.239.4 89.5 89.1 60 40 2020   14.00   14.50 4 -2  0HH동56.24631413  .8 2.8 3.6676714 0연대우수부중효과47기 0 2 5     4 5 7⑥1:29.52½  1.114.039.713.9  1 -2  .00 6 5  3 2.04753494948 6 110 62 4 2.0110.07 3.3 6.6  4.0    6.6   13.0    8.111.83384 2 7 7 2△  .838.90  .2413.2788.45 8.7518.5629.51 4111810.6116.7326.12 7
20260516토 4140011국530 8 37 4 3강 3351맑음건조 3 5 8블레이징엔진    트리플나큐피드여 6732.00한수 3 0 1 2 1   77      24750국5서범석왕호이   0 4 6 2 2 9 3 1 2 5  1장추열47154.593기추보75 80 807890.072.062.22949121345 5204432 0181720272233 067↘↗입13.837.138.913.2427637.041.2 91.0 90.1 60 40 2020   13.90   13.30 5  0  1VN동56.24631413 1.3 2.8 4.0626214 0연대우수연대우수58기 2 4 5     6 7 8⑧1:31.0¾   2.014.041.714.5  6  5  .08 8 2 -1 2.87843898726 5 2 3 10 3 1.05 2.07 2.2 2.2  2.2   19.9   29.0   25.2  .03788 3 9 8 3▲ 1.739.10 -.7214.1188.5927.2246.5762.2034536530.7754.1971.33 2
20260412일 6140011국541 7 97 5혼전 4451맑음다습12 5 8블레이징엔진    트리플나큐피드여 6732.00한수 3 0 1 2 1   87      24750국5서범석왕호이   0 5 5 1 1 9 2 1 1 4  1장추열46654.093기추보75 79 796683.071.052.22949121345 5204432 0181720272233 067↘↗입13.637.039.213.1455737.138.1 87.7 87.6 50 50 25 0   13.70   13.70 4  3 -3VUUP56.24631413 1.3 2.8 4.0626212 1연대우수연대우수84기 2 4 6     4 4 3②1:27.79     .013.938.113.3 -1  7  .00 2 3  2 1.5 851 9 889 6 3 3 12 2 1.0310.04 2.4 4.3  2.4    7.3   10.4   92.710.63783 3 9 8 3▲ 1.638.60 -.5911.3688.7323.5841.2252.2034536521.3639.2243.45 1
20260314토 2130011국611 8 17 6 2강 2251맑음양호 7 5 8블레이징엔진    트리플나큐피드여 6732.00한수 3 0 0 2 1   83      16500국6서범석왕호이   0 6 4 4 3 9 1 0 1 3  0장추열45956.593기추상47 70 707989.073.064.52949121345 5204432 01817202722 0 099↘↗입13.737.739.113.1286136.839.0 82.7 81.8 33  0  0 0   13.70   13.50 4 -6  1UV동56.04651313 1.7 3.3 5.0545412 0마방기습연대우수48기 1 1 1     1 1 2①1:22.7½    .013.739.513.7  0 -4  .00 1 1 -3  .0 813431688 5 3 4 21 1 1.02 1.02 1.7 3.3  1.7    3.3    5.0    7.0  .03784 2 8 8 2▲ 1.639.10 -.96 5.0083.1625.6247.7164.5234536527.5251.4968.04 2
20260215일 2130011국652 7107 7혼전 4451맑음건조 3 5 8블레이징엔진    트리플나큐피드여 6732.00한수 3 0 1 2 1   61      16500국6서범석왕호이   0 7 3 3 2 9 3 0 1 2  1씨씨웡46356.093하추적 5 10 107945.068.047.73456111345 5204430 01817212522 0 099→↘선13.838.339.112.8 76537.438.9 83.5 82.7 50  0  0 0   14.60   12.90 3  1 -1LU동56.04661312 3.0 3.0 6.0454512 0연대우수마방기습67기 0 7 3     7 8 6③1:23.51½   .313.739.413.5 -1 -3  .00 3 4  0  .4344240327310 1 9 33 3 2.0111.08 2.2 7.5  4.6    7.5   15.2   13.512.73379 2 6 6 2― 1.338.70 -.87 5.3383.5516.1533.8547.7412264011.4917.6531.58 5
20260125일 2130011국620 2 77 8혼전 4451맑음건조 3 5 8블레이징엔진    트리플나큐피드여 6732.00한수 3 0 1 2 1   51      16500국6서범석왕호이   0 8 2 2 1 9 2 0 1 1  1씨씨웡46656.593강추보52 97 976875.072.045.03456111345 5204430 01817212522 0 099→↘선13.837.839.312.9235340.439.1 85.1 85.7100  0  0 0   13.80   13.00 4  4  1BVUP56.04661312  .0 2.0 2.0858512 1마방연대연대우수 5기 0 611    111111⑩1:25.14    4.014.638.812.9  6  0  .0010 4  2 4.495994595 3 9 4 3 30 2 5.01 1.02 2.3 5.3  9.8    7.1   17.9    7.510.53770 1 8 7 1▲ 1.339.90 -.60 8.5583.3515.9831.8245.0120415521.7435.7948.65 1
20251227토 2120011국610 9 67 9 1강 1159맑음다습14 5 8블레이징엔진    트리플나큐피드여        한수 2     9 1   8411:00 16500국6서범석왕호이   0 9 1 1 1 9 1 0 0 0  0씨씨웡46656.093평무보78 25 2570  .053.040.13456111345 5204430 01817212522      →↘선14.136.839.413.1983737.538.7 76.6 75.8              14.10   13.40        NN동       12 0         6.0     0 0일반주행마방연대50기 0 2 4     5 5 6②1:16.63     .013.839.113.0  0 -6  .00 2 2  0  .54364475589 5 9 9 43 1 1.02 9.02     3.6  1.2    3.6    4.2    6.3  .02253-1 5 5-1▽  .338.70 -.43 -.3876.1713.6127.5140.06102035 8.7317.9635.83 2
20260919토 5140011국5 1 8  8 0 2강 2254           5 9불국시대        크리솔라번레거시 5432.00한암 5 0 0   1    014:25 24750국5이동국퍼플라인 1 016 6 624 1 0 023  0이용호   52.563평추보50 36 3623 3.034.011.21658 61363 61010 0172011191820 05050→↘자14.137.339.713.73330                   10 15  510   14.60   13.70 3  4  0BH동54.94331817-1.4 9.4 8.0181814 0일반주행최적거리35관 0 9                            14.6    13.7        .0                      10111111  3                                              .01518-2 1 1-2▽-1.039.70  .00     89.28 1.52 4.7711.18 0 2 5  .12 1.69 4.6611
20260830일 5140010국552 4108 1 1강 1141맑음다습11 5 9불국시대        크리솔라번레거시 5432.00한암 5 0 0 9 1   47      24750국5이동국퍼플라인 1 115 5 524 1 0 022  0빅투아44352.591평추상20 15 1530 7.040.015.03052141363 6101029222011222817 05050→→선14.137.239.713.7393038.339.4 88.6 90.0 11 16  511   14.50   13.70 3 -2  0NH동54.94331817-1.8 9.0 7.2262614 0일반주행최적거리36관 0 5 8     8 8 8⑦1:28.63    2.114.638.713.7 -1 -6  .00 7 8 -2 2.77694477922 7 510100 1 3.04 6.04 2.9 6.3  5.1   11.4   24.4  105.3  .01648-2 2 2-2▽ -.638.90 -.0413.0689.21 4.16 8.7114.95 0 4 6 1.83 4.7410.4810
20260809일 6140011국511 8 68 2 1강 1151흐림건조 2 5 9불국시대        크리솔라번레거시 5432.00한암 5 0 0 1 1   56      24750국5이동국퍼플라인 1 214 4 424 1 0 021  0이용호44952.563평추보 5  6  6 6 4.030.0 8.11658 61363 61010 0172011191820 05050→↘자14.137.339.613.8343437.340.0 90.0 89.3 11 17  611   14.80   15.30 4  1  1NNDN54.94331817 -.8 7.6 6.8383814-3발길대로최적거리36관 0 7 7     3 3 4⑤1:30.03    2.314.539.613.7 -5 11  .00 510 -1 2.75962657021 8 6 9102 2 1.02 9.10 1.7 4.1  1.7    4.1    5.8   12.3  .013 8-4 1 1-4▼-1.438.70  .1412.4089.21 1.47 3.53 8.11 0 4 6  .97 3.11 7.69 9
20260712일 5170011국553 8108 3혼전 4451맑음다습12 5 9불국시대        크리솔라번레거시 5432.00한암 5 0 0 2 1   46      24750국5이동국퍼플라인 1 313 3 624 1 0 020  0김태희43851.560평추상30 32 32 710.036.013.21246 71363 61010 5162011152416 05050↘→입14.039.841.213.8484539.844.3115.7116.9 12 18  618   14.20   13.40 3  4 -1NHDN54.94331812-1.6 7.0 5.4515114-1일반주행거리속성56관 0 6 6 6 6 8 911⑪1:55.78    4.214.843.615.3  0  2  .001111  2 4.796439696 8 6 6 8 90 1 2.08 3.11 2.9 6.3  4.8   69.2   87.2  306.8  .01519 0 2 2 0―-1.041.80  .2635.92113.8 2.20 6.1513.22 2 510 3.90 8.1413.38 8
20260620토 5180010국551 3108 4 3강 3359비  불량20 5 9불국시대        크리솔라번레거시 8933.00한암 5 0 0 2 1   56      24750국5이동국퍼플라인 1 412 2 224 1 0 019  0이용호43652.562평추하14 13 13 9 3.030.010.31658 61363 61010 0172011191820 05050→↘자13.940.740.713.8193439.940.2118.1120.0 13 19  013   14.90   14.20 4  0  1HN동54.94331812-1.0 6.6 5.6545414 0작전마주거리속성 5관 0 2 4 2 2 4 4 5⑥1:58.12½  1.314.239.413.4 -3 -9  .00 6 9  0 1.86736392739 7 710112 1 1.06 7.09 2.6 5.6  2.6   15.2   25.5   27.1  .02014-2 1 1-2▽-1.540.40  .0738.63119.1 1.72 5.3310.34 1 2 4  .12 3.74 8.2410
20260524일 6180011국550 9108 5혼전 4458맑음다습11 5 9불국시대        크리솔라번레거시 8933.00한암 5 0 0 2 1   65      24750국5이동국퍼플라인 1 511 1 124 1 0 018  0정우주44552.059평추상60 54 543330.043.021.01250 71363 61010 0 02011163013 05050↗→입14.040.440.913.8352240.940.3123.4121.8 13 20  713   15.20   14.00 4 -4 -3HHUP54.94331812 -.8 6.0 5.2545414 1작전마주작전마주68기 1 2 7 7 8111111⑪2:03.4¾   3.714.941.514.2  2  2  .0011 9  3 3.89376446111 6 7 2 80 1 4.07 3.09 3.7 9.3  8.1   50.8  114.8   87.5  .02029-3 5 4-3▽ -.440.90 -.1440.46119.0 6.6012.5721.04 2 611 7.0219.1827.49 4
20260425토 4170011국630 9 88 6혼전 4451맑음건조 3 5 9불국시대        크리솔라번레거시 5432.00한암 5 0 0 9 1   78      16500국6이동국퍼플라인 1 61019 524 1 0 017  0조상범44355.057평추보70 89 896053.062.035.0 926 61363 61010 0 02011132116 05050↗→입13.939.741.313.7554539.941.1114.0112.8 14 14 1414   15.20   13.70 4  3  0NN동54.94331712 -.8 6.2 5.4565614 0작전마주작전마주42기 0 611111010 8 3③1:54.03     .615.241.414.0 -3 12  .00 3 6  3 1.12651525266 3 7 1 43 1 1.02 4.02 2.1 4.4  2.1    4.4    7.5   17.310.52551 1 6 5 1―  .841.30 -.2431.82113.811.0522.8935.04 5142513.8525.4839.33 4
20260329일 3170011국651 9108 7혼전 4459맑음건조 3 5 9불국시대        크리솔라번레거시 5432.00한암 5 0 0 9 1   71      16500국6이동국퍼플라인 1 7 918 424 2 0 016  0김철호43155.065평추상53 72 728069.068.067.21046 41363 61010 0 02011142025 06733→↗추14.039.741.313.7544540.340.4113.6112.6  8 15  015   15.20   13.40 4 -6  0HN동54.84331712 -.6 6.0 5.4555514 0작전마주작전마주64기 0 31010101010 5③1:53.61     .215.240.813.7  0  5  .00 3 3 -5  .92167334178 4 2 1 13 2 1.02 5.01 2.7 5.7  2.7    5.7    8.7    8.3  .03577 3 7 7 3△ 1.441.30 -.9831.59113.826.5550.7167.2434536532.6150.0064.40 1
20260228토 4170011국621 8 78 8 1강 1158맑음건조 3 5 9불국시대        크리솔라번레거시 5432.00한암 5 0 0 9 1   91      16500국6이동국퍼플라인 1 8 817 324 1 0 015  0김철호42655.065평입보44 57 574356.054.034.21046 41363 61010 0 02011142025 099 0→↗추14.039.641.413.8624140.640.3113.7113.1  8  8  8 8   14.60   13.60 4 -2  4LNUP54.84371712  .0 5.4 5.4494914 3일반주행작전마주54관 0 910101010 8 6④1:53.7머리  .415.240.313.4 -4 -3  .00 4 8  1  .53680274769 6 6 2 43 1 1.06 7.04 1.7 2.7  1.7   15.4   19.2   83.9  .02060 0 5 5 0―  .441.40 -.2232.11113.8 9.6321.8334.20 92134 9.5223.2636.76 3
20260131토 3140010국620 9 28 9 2강 2251맑음건조 2 5 9불국시대        크리솔라번레거시 5432.00한암 5 0 0 9 1   61      16500국6이동국퍼플라인 1 9 716 324 1 0 014  0조성환42951.053평입하 9 12 1224 3.031.010.2 718 61363 61010 3 02011 91720 099 0↘→추13.937.039.813.8533038.038.7 90.2 88.7  9 18  918   14.40   15.10 6  7 -4BUDN54.84371712  .4 4.8 5.2434314-3일반주행최적거리 5조 11110    1010 9⑦1:30.2머리  .814.638.713.6  0  9  .00 7 7  1 2.04190255759 6 5 9 93 1 2.01 1.03 1.8 1.9  3.2    1.9    5.3    5.4  .01518-2 1 2-2▽-1.238.90  .1511.9189.14 1.14 5.0310.21 1 3 7  .12 2.07 5.4510
20251221일 4170011국631 4 8810 1강 1151맑음다습14 5 9불국시대        크리솔라번레거시 5432.00한암 4 0 0 2 1  11412:45 16500국6이동국퍼플라인 110 615 224 2 0 013  0조재로42055.088평입상49 77 773350.055.039.53453131363 6101035 82011192622 099 0↗↘입14.039.541.413.8654139.144.2114.8116.3 10 10  020   14.80   14.30 7 -6  0HN동54.84371712-1.0 5.2 4.2595914 0일반주행거리속성41관 0 4 5 5 4 8 8 9⑨1:54.88    3.814.443.415.1  3-13  .00 9 6 -1 4.095179694 6 4 6 4 40 2 2.0110.06     4.5  4.5    4.5   10.6   20.2  .01544 0 5 4 0―  .642.00 -.3035.41113.712.3325.0839.5310203514.9426.5139.18 3
20251102일 3170011국642 9 9811혼전 4443맑음양호 7 5 9불국시대        크리솔라번레거시 5432.00한암 4 0 0 1 1  163      16500국6이동국퍼플라인 111 514 124 1 0 012  0조재로43355.088평입하41 42 423934.053.024.73453131363 6101035 82011192622 099 0↗↘입13.739.941.113.8385739.441.5115.6113.5 11 11 1122   14.20   14.40 6  2  0BNUP54.54411712 -.6 5.4 4.8555514 3숨은복병탐색우려64관 110 9 9 7 3 3 3④1:55.61½   .314.842.214.3 -3 -2  .00 4 7  6  .84827655274 7 3 7 62 1 5.0611.02 2.5 5.5 16.1   99.5  194.9  141.0  .01942 0 5 6 0―  .141.20 -.0132.47113.8 6.6014.5324.71 51322 8.5721.2533.33 4
20250920토 3140011국621 9 7812 1강 1158맑음포화18 5 9불국시대        크리솔라번레거시 5432.00한암 4 0 0 2 2  282      16500국6이동국퍼플라인 112 413 224 2 0 011  0문세영43555.073평입하63 73 736074.060.048.52735 0 725 0101033132011293615 099 0↗↗입13.737.339.513.8294936.640.6 89.9 89.2 11 11 1122   14.00   14.00 5 -3  0LN동54.54411412 -.8 6.4 5.6484814 0일반주행작전마주 5관 0 8 6     6 6 6⑦1:29.94    1.814.240.714.4  6 -1  .09 7 1 -1 1.95523827231 7 1 1 22 2 3.02 9.01 2.5 3.5  6.7    9.6   27.4   15.3  .02052-1 6 2-1▽  .838.70 -.8712.3789.1415.6932.4948.5219395519.2336.1343.73 2
20250817일 2140011국640 9 9813 1강 1161맑음양호 8 5 9불국시대        크리솔라번레거시 5432.00한암 4 0 0 2 2  37811:00 16500국6이동국퍼플라인 113 312 124 1 0 010  0문세영43655.073하추하20 26 265316.048.022.52735 0 725 0101033132011293615 099 0↗↗입13.737.139.813.8453037.538.4 90.2 88.2 13  0 1313   14.00   14.60 7  9  0VNUP54.54411412  .2 5.8 6.0494913 1작전마주탐색우려42관 111 5     3 3 3③1:30.21¼   .314.039.314.0  1  4  .00 3 2 -1  .92172172774 1 5 6 52 1 1.03 8.09     5.2  2.1    7.7   11.6    9.0  .02043-2 4 3-2▽ -.138.70 -.2311.3089.21 4.5912.8922.45 61627 6.0212.5717.07 6
20250628토 1130011국620 7 7814 1강 1152흐림다습11 5 9불국시대        크리솔라번레거시 5432.00한암 4 0 0 9 3  51410:35 16500국6이동국퍼플라인 114 211 524 2 0 0 9  0김정준43255.075평추보51 48 486635.058.042.426401812 0121010 0192011132026 099 0→↘추13.737.439.313.8525737.840.6 84.2 84.2 13  0 1313   14.80   13.70 4 -8  0VN동54.54411312 -.6 6.2 5.6505013 0교체실패작전마주64기 0 2 6     6 6 7⑦1:24.23    2.014.040.714.6  4 -3  .09 7 3 -2 2.27761848625 5 2 4 42 3 4.01 9.08     4.8  8.8   10.2   25.8   38.013.22252 1 5 6 1―  .639.90 -.27 7.4783.1013.3827.0542.44102235 4.3512.6114.84 7
20250601일 1130010국641 6 9815 1강 1151맑음건조 3 5 9불국시대        크리솔라번레거시 5432.00한암 4 0 0 1 3  58310:35 16500국6이동국퍼플라인 115 110 424 1 0 0 8  0김정준43555.075하입보17 23 2345 7.038.014.426401812 0121010 0192011132026 099 0→↘추13.737.339.513.9574539.138.1 83.5 83.0 14  0 14 0   13.70   14.60 3  3  0VN동54.54411312 -.2 6.6 6.4373712 0교체실패작전마주39트 010 9     9 8 5④1:23.53    1.514.838.313.7 -1 -4  .00 4 5  1 1.74196146336 6 3 4 73 2 1.03 4.06     4.0  2.3    4.3    7.3    4.6  .02018-4 2 2-4▽-1.139.80  .45 6.1683.16 2.20 6.1214.37 31017 2.27 5.95 9.94 7
20260919토 5140011국5 1 8  7 0 2강 2254           510하남레이저      레볼루셔대싱카누 5135.00한암 3 0 0   1    014:25 24750국5김동균송한우   2 0 8 4 2 7 1 0 1 7  0송재철   52.577평도상50 54 543936.053.026.81644 71751 620 016 619 8192520502525↘↗입13.537.039.514.04349                   29 43 2914   13.50   13.40 3  9  2HN동53.14851413 -.8 6.8 6.0585814 0부중유리최적거리31관 010                            13.5    13.4        .0                       6 9 7 5  1                                              .03157 0 5 5 0―  .439.50 -.11     88.93 7.0616.4126.78 51220 5.9312.7124.22 6
20260830일 5140010국552 4107 1 1강 1151맑음다습11 510하남레이저      레볼루셔대싱카누 5135.00한암 3 0 0 9 1   47      24750국5김동균송한우   2 1 7 3 1 7 1 0 1 6  0우인철48451.074평자하35 30 304011.044.020.62048101751 620 015 019 8112722333333→↘입13.436.839.914.0603037.238.3 86.5 87.9 17 33 33 0   14.00   14.70 2 -4 -2UUUP53.84851413-1.4 7.4 6.0545413 1교체실패거리부담51관 0 1 1     1 1 1③1:26.5코    .013.537.613.4 -4 -3  .00 3 7 -2  .61155121280 510 8 71 1 3.04 6.04 2.9 6.3  5.1   11.4   24.4  105.3  .02049 0 3 4 0― -.238.90 -.0711.1689.07 5.1111.7520.62 3 817 2.75 7.5814.29 7
20260815토 4130011국551 4107 2혼전 4451흐림건조 3 510하남레이저      레볼루셔대싱카누 5135.00한암 3 0 0 2 1   48      24750국5김동균송한우   2 2 6 2 5 7 1 0 1 5  0서승운48752.583평자하33 32 325116.049.021.12335131751 620 018 019 8272717333333↗↘선13.437.039.514.0754537.939.7 83.9 83.8 20 40 40 0   13.80   13.50 8 -6  1NN동53.84851313-2.6 7.8 5.2545413 0일반주행최적거리 5   0 5 6     6 6 5⑪1:23.94    2.014.039.814.7  2 12  .0011 9 -1 2.56965637023 5 8 8 70 1 2.0111.06 4.5 7.8  4.7    8.8   15.3   16.813.41558 0 4 5 0―  .040.20  .44 7.2582.97 5.7813.6421.11 2 715 5.1510.8918.51 7
20260620토 4130011국543 5 47 3 3강 3351비  불량20 510하남레이저      레볼루셔대싱카누 5135.00한암 3 0 0 2 1  137      24750국5홍대유송한우   2 3 5 1 4 7 3 0 1 4  0김성현47551.559평자보60 68 686416.043.015.61440 9194312151215 01914162319333333↗↘입13.436.839.714.0874138.239.4 81.8 84.0 25 50 5025   13.50   14.70 6 10 -3VU동53.84851313-3.5 7.3 3.8616113 0작전마주최적거리 5기 011 6     7 910⑪1:21.8¾   2.013.838.413.5  1-14  .001110  7 2.07278547124 3 9 9100 3 4.01 2.09 2.9 3.8  9.7   12.1   32.6  102.912.12048-1 4 3-1▽ -.640.50  .57 7.5082.97 4.44 9.2915.56 1 4 7 5.00 9.7316.1911
20260509토 4130011국640 9 97 4 1강 1151맑음건조 5 510하남레이저      레볼루셔대싱카누 5135.00한암 3 0 0 2 1  117      16500국6홍대유송한우   2 4 4 4 3 7 2 0 1 3  0김성현48954.059평입상85 99 998487.069.058.21440 9194312151215 01914162319 05050↗↘입13.537.039.514.0764936.040.4 84.1 82.8 33 33 3333   14.00   13.60 6 -4  1UV동53.84841313-4.7 8.7 4.0575713 0적정체중작전마주38기 0 1 1     1 1 1③1:24.11¾   .313.540.914.7  0  7  .00 3 3 -2  .934 1793074 2 2 1 21 2 2.05 2.04 3.7 6.1  3.7   17.5   28.0   19.913.42577 1 8 8 1▲ 1.640.00 -.59 6.3382.9719.2740.2958.2319395524.7545.9362.63 2
20260328토 1130010국610 9 67 5 3강 3351맑음건조 3 510하남레이저      레볼루셔대싱카누 5135.00한암 3 0 0 9 1  125      16500국6홍대유송한우   2 5 3 3 2 7 1 0 0 2  0김성현48253.559하입상32 55 557365.071.065.51440 9194312151215 01914162319 099 0↗↘입13.636.940.314.6851237.738.3 83.6 82.3  0  0 50 0   13.60   14.80 4  1 -1NU동54.04851312-5.510.5 5.0434313 0부중유리보통주행47기 0 5 6     8 8 5②1:23.64     .014.039.213.6 -3 -3  .00 2 5 -5  .81956182091 1 7 3 33 1 1.05 8.05 1.3 3.9  1.3    5.7    7.1   10.313.43586 3 8 9 3▲ 1.540.00-1.21 5.1183.4225.0348.3065.4620415510.8126.1732.92 3
20260301일 1130011국642 7 97 6 2강 2259맑음건조 3 510하남레이저      레볼루셔대싱카누 5135.00한암 3 0 0 1 1   83      24750국6홍대유송한우   2 6 2 2 1 7 1 0 0 1  0임다빈48554.075하무상43 26 26 6 4.032.011.31327 7194312151225 01914142424      →↗추14.037.740.514.0401537.040.2 84.2 83.6  0  0  0 0   14.00   14.30 5 -3 -1HHUP       1312-4.011.0 7.0191912 1일반주행거리속성58기 0 4 4     4 3 2③1:24.23     .513.640.914.8 -7  3  .00 310 -1  .8602276596610 9 5 72 1 2.0111.05 2.4 6.8  3.7    6.8   12.8  113.413.41528-2 2 2-2▽-1.139.50 -.33 5.3584.06 1.48 4.6111.27 2 714  .63 2.15 3.1711
20260124토 1120012국611 9 67 7 1강 1145맑음건조 3 510하남레이저      레볼루셔대싱카누 5728.00한암 3     2 1   84      24750국6홍대유송한우   2 7 1 1 1 7 1 0 0 0  0문정균48254.574평무보13 25 2510  .027.0 8.61118 6194312151217 01914131923      ↘↗추14.638.140.113.714 137.539.1 77.5 76.1              14.60   14.00 4  0  0LL동       12 0         6.0     0 0일반주행보통주행 5기 2 7 6     8 7 6⑦1:17.5½   2.214.039.914.3 -4-14  .00 711  0 3.15164596523 91212100 1 1.05 9.03 1.3 4.2  1.3    7.6    9.5   14.4  .01510-4 1 2-4▼-1.737.50 -.65-2.1477.29  .94 3.97 8.58 0 4 6 7.3315.1727.11 8
20260919토 5140011국5 1 8  8 0 2강 2254           511큐피드케이      파워블레와일드앤 6837.00한암 4 0 0   1    014:25 24750국5강환민강경운   1 016131321 1 1 120  0김정준   52.574평추보50 54 5428 4.039.012.71436 91955102312 9 41919132026 02080↗↗추14.137.239.313.53549                   24 29  018   14.20   14.40 8  4  0VH동53.74491714-1.4 6.8 5.4585813 0일반주행보통주행36트 011                            14.2    14.4        .0                       9 6 6 9  1                                              .01523-2 2 2-2▽ -.839.30  .26     88.93 2.86 6.3212.70 1 3 7  .85 2.54 6.52 9
20260725토 4140011국510 8 68 1혼전 4451맑음다습11 511큐피드케이      파워블레와일드앤 6837.00한암 4 0 0 9 1  149      24750국5강환민강경운   1 115121221 2 1 119  0유승완44152.569평추보83 81 815333.056.027.71960 8195510231211241919152722 02080→↘입14.137.239.313.5325337.141.2 90.0 90.3 25 31  019   14.10   13.20 5  5 -1NH동53.74491714-2.0 7.0 5.0646413 0편성만만보통주행84기 0 7 8     8 7 8⑧1:30.0목   1.914.241.014.4  0 -4  .00 8 8  2 3.68347898827 7 2 4 6012 1.03 3.08 2.0 6.7  2.0    7.5   10.1   87.4  .02952 0 5 4 0―  .739.00 -.1313.8288.93 6.8517.1627.65 41120 4.5511.3419.00 6
20260621일 5140010국531 6 88 2 1강 1151맑음포화17 511큐피드케이      파워블레와일드앤 6837.00한암 4 0 0 2 1   86      24750국5강환민강경운   1 214111121 1 1 118  0유승완44553.069평추상85 86 865138.052.023.81960 8195510231211241919152722 02080→↘입14.137.239.313.4365337.438.7 87.5 88.3 27 33  020   14.10   14.10 3 -6  1HN동53.74491714-3.2 7.6 4.4656513 0일반주행탄력호전 5기 0 2 7     7 7 6⑦1:27.5목    .214.138.113.2  1 -6  .00 7 6  1  .22363263274 8 6 4 7011 7.09 3.06 2.5 3.9 26.5  428.6  886.9 1549.7  .01852 0 4 3 0―  .238.60 -.0311.7588.93 5.9614.7823.82 2 511 6.5815.1124.55 7
20260530토 6140011국514 8 68 3 1강 1151맑음양호 7 511큐피드케이      파워블레와일드앤 6837.00한암 4 0 0 9 1   55      24750국5강환민강경운   1 313101021 7 1 117  0푸르칸45152.578평추하53 48 483911.042.020.2245715195510231218111919142421 02575↗→추14.137.339.313.4285336.739.6 89.3 88.1 21 21  021   14.30   13.50 4  5  0NH동54.04481714-3.6 8.6 5.0575713 0일반주행보통주행40기 0 8 9     7 8 4③1:29.3코    .014.140.214.1 -2 -1  .00 3 5  1  .3152455358811 1 6 73 7 2.04 9.07 2.3 7.6  5.8   25.2   40.5   33.3  .01519-2 3 3-2▽ -.538.40  .0111.4589.00 4.2511.3220.24 51220 3.30 9.1417.18 7
20260503일 3140011국533 7 38 4 2강 2251비  다습10 511큐피드케이      파워블레와일드앤 6837.00한암 4 0 0 1 1   68      24750국5강환민강경운   1 412 9 921 6 1 116  0푸르칸45252.578평추상63 61 614618.053.029.8245715195510231218111919142421 02575↗→추14.137.339.313.4264937.539.4 88.5 89.1 23 23  023   13.90   13.40 3 -3  0HHUP54.04481714-3.4 9.4 6.0505013 1착차만회보통주행46기 0 3 6     6 7 7⑤1:28.5¾   1.414.338.913.5  1 -2  .00 5 4 -7 1.8506747554010 5 5 40 6 3.0110.08 2.2 2.8  5.9    6.1   15.5   20.0  .02553 1 5 4 1―  .438.70 -.2512.5289.00 8.6619.2029.78 92134 4.0012.4420.83 6
20260411토 4130011국551 2108 5혼전 4451흐림다습14 511큐피드케이      파워블레와일드앤 6837.00한암 4 0 0 2 1   60      24750국5강환민강경운   1 511 8 521 5 1 115  0푸르칸45452.578평입보42 43 434821.052.020.0245715195510231218111919142421 03367↗→추14.137.539.113.4426537.938.7 80.9 82.7 25 17  825   14.10   14.20 4 -5  0NHDN54.54461714-1.6 8.2 6.6474713-1착차만회최적거리72기 0 610    10 9 6④1:20.91½   .413.938.413.4 -7 -3  .00 411  2  .53163324065 9 510 83 5 6.01 5.11 3.3 9.9  9.3   16.8   37.8   36.113.22550 0 5 5 0―  .239.50  .40 6.1183.03 4.8312.2220.00 2 714 2.86 8.3317.22 9
20260314토 6140011국553 8108 6혼전 4451맑음양호 7 511큐피드케이      파워블레와일드앤 6837.00한암 4 0 0 2 1   79      24750국5강환민강경운   1 610 7 821 4 1 114  0푸르칸45752.578평입보51 42 424824.049.021.9245715195510231218111919142421 03367↗→추14.137.339.313.4265337.439.9 90.3 89.2 27 18  018   14.60   13.50 4  4  0VH동54.54461714 -.8 7.2 6.4424213 0작전마주급신장세50기 011 9     7 7 5⑥1:30.32     .914.140.114.2 -3 -5  .00 6 9  7 2.1566364705510 1 9 70 4 3.02 2.10 2.9 7.9  5.8   12.7   25.5   80.2  .02032 0 4 4 0―  .038.70 -.0412.6289.00 6.1314.2321.87 41118 3.1610.1919.76 9
20260214토 5140011국552 9 58 7혼전 4459맑음건조 3 511큐피드케이      파워블레와일드앤 6837.00한암 4 0 0 2 1   69      24750국5강환민강경운   1 7 9 6 721 3 1 113  0푸르칸46252.578기입적55 54 545164.060.050.2245715195510231218111919142421 03367↗→추14.137.339.113.3256538.438.1 90.4 88.7 27 36  027   14.10   13.90 4  0  0NH동54.54461714  .0 5.8 5.8464613 0착차만회작전마주50관 0 7 9     9 8 6⑤1:30.41    1.314.639.113.5  3  0  .09 5 2 -7 1.43895114944 9 2 2 23 3 7.10 5.06 2.3 4.6 14.5  150.9  379.5  519.3  .02557 1 7 6 1―  .738.60 -.6512.2588.8619.0037.9950.2418375421.7440.0055.07 2
20260118일 4140011국551 8108 8 1강 1151흐림건조 5 511큐피드케이      파워블레와일드앤 6837.00한암 4 0 0 2 1   70      24750국5강환민강경운   1 8 8 5 621 2 1 112  0푸르칸46252.578기추적38 33 332827.046.026.7245715195510231218111919142421 03367↗→추14.137.339.213.3256137.139.1 88.9 88.2 20 30  030   14.00   13.60 5 -3 -1NHUP54.54461714  .0 5.8 5.8464613 1일반주행기복전력 6기 0 7 6     6 6 3④1:28.9코    .114.139.413.9 -5 -3  .00 4 9 -1 2.3225338387710 2 6 42 2 2.01 6.01 3.8 8.8  3.8    8.8   15.2   29.2  .02041 0 4 4 0―  .038.50 -.1111.6788.93 8.0018.2826.71102035 4.4214.4924.00 6
20251214일 6130010국533 3 88 9혼전 4451맑음포화18 511큐피드케이      파워블레와일드앤 6837.00한암 3 0 0 2 1   92      24750국5강환민강경운   1 9 7 4 421 1 1 111  0푸르칸46553.078기추적20 17 175310.039.012.4245715195510231218111919142421 03367↗→추14.037.638.813.2348537.539.2 81.1 83.1 22 22  033   14.50   14.00 2  1 -2VHDN54.54461714  .6 4.4 5.0545413-1일반주행기복전력36관 010 7     6 6 5⑥1:21.11¾  1.214.038.313.6 -4  7  .00 610  2 1.55249524943 8 2 9 92 1 3.05 7.05     4.6  4.2   24.4   56.3   16.8  .01546-2 2 3-2▽-1.039.50  .74 6.7182.90 1.83 5.5312.42 2 510 3.57 8.0013.00 8
20251129토 4140011국532 3 8810혼전 4451흐림다습10 511큐피드케이      파워블레와일드앤 6837.00한암 3 0 0 9 1   85      24750국5강환민강경운   110 6 3 521 1 1 110  0유승완45855.069기추적57 55 553115.040.012.81960 8195510231211241919152722 03367→↘입14.037.139.013.2386938.439.9 90.7 91.0 25 38  038   13.70   13.90 8  0  3LL동54.54461714  .2 3.6 3.8595913 0교체실패기복전력47관 0 911    101011⑩1:30.75    3.614.539.714.0  2  8  .0010 8  3 3.891966790 5 7 4 6 7010 3.01 4.11 2.7 4.9  4.3    5.5   12.7    6.2  .02026-2 2 2-2▽ -.939.30  .5014.9488.66 2.71 6.3312.75 51322 3.26 9.1816.16 6
20251003금 7140011국530 6 8811혼전 4451흐림다습11 511큐피드케이      파워블레와일드앤 6837.00한암 3 0 0 1 2  236      24750국5강환민강경운   111 5 2 421 1 1 1 9  0해리카45052.071기추하72 63 634016.039.013.41657 61444 9231216 01919172612 03367→→입14.037.338.813.2278036.939.8 89.0 89.1 29 43  043   14.20   13.60 5  5 -1BU동54.54461714 -.6 3.6 3.0636313 0작전마주기복전력37기 0 9 4     3 3 5⑦1:29.0목   1.013.739.613.9  2  4  .00 7 5  1 1.85334635450 9 2 4 90 1 1.03 5.02 1.9 3.7  1.9    6.4    8.6   25.6  .02050 0 3 2 0― -.838.70  .5013.0188.66 3.72 7.2413.36 2 510 6.1712.1520.28 8
20250831일 3140011국512 9 6812혼전 4455맑음다습13 511큐피드케이      파워블레와일드앤 6837.00한암 3 0 0 9 2  33511:25 24750국5강환민강경운   112 4 1 321 3 1 1 8  0유승완44652.566우추보94 94 948762.053.029.91133 71444 9231211241919152722 03367→→입14.037.338.813.1278537.439.3 88.7 89.0 33 50  050   14.10   13.00 6 -2 -3HU동54.54461712-1.8 4.8 3.0666613 0작전마주작전마주53관 0 410     910 8⑤1:28.7¾   1.614.239.213.6  1  3  .00 5 4  2 1.9476749583610 1 1 63 9 1.06 3.07     4.7  1.5    7.5    9.3   14.410.53677 1 7 5 1△  .338.60  .0612.8588.6610.2020.6929.85 5132214.7128.2128.92 2
20250720일 31400 8국610 9 1813 1강 1159맑음포화17 511큐피드케이      파워블레와일드앤 6837.00한암 3 0 0 2 3  44311:25 16500국6강환민강경운   113 3 9 221 2 0 1 7  0유승완44355.069기추보18 20 204210.043.030.4 930 01657 0231211241919152722 0 099↗→입14.137.539.013.2137336.738.2 87.6 87.0 20 40  040   13.90   12.90 9  3  0NL동54.34481712-2.4 6.6 4.2484813 0작전마주작전마주22관 0 6 4     3 4 3①1:27.62    -.314.138.213.0 -1  6  .00 1 2     .0 22611 396 5 1 3 52 8 2.01 6.04     3.3  8.2    3.3   13.3   22.1  .02024-3 4 1-3▼ -.438.00 -.1910.5088.93 7.1816.5530.41 61627 5.1711.9714.17 6
20250517토 2140011국610 8 6814 1강 1156맑음포화17 511큐피드케이      파워블레와일드앤 6837.00한암 3 0 0 2 4  63411:25 16500국6강환민강경운   114 2 8 121 1 0 1 7  0유승완  055.080기추보11 13 1334 3.039.016.71123 6205612231211241919152722 0 099↘↗입14.137.539.213.21465                   20 40  040   14.60   15.70 7 -6  1HLDN54.34481712-2.8 7.5 4.8393913-3작전마주작전마주70기 0 3                    경제    14.6    15.7     0  .07                      8 2 7 80 7 4.03 6.02     3.9 10.4   21.9   68.9   11.0  .02042-1 2 3-1▽ -.639.20  .03     89.07 4.42 9.5716.73 3 817  .12 2.47 4.4810
20250330일 3170011국611 8 6815 3강 3359맑음건조 3 511큐피드케이      파워블레와일드앤 6837.00한암 3 0 0 9 4  77011:25 16500국6강환민강경운   115 1 7 121 1 0 1 6  0마이아43754.092기추보33 54 546562.069.064.0335032205612231220 019193533 7 0 099→→선14.140.241.013.2236139.344.5116.8116.7 20 40  040   14.20   14.20 4  8  0BNUP54.34481712-3.7 8.7 5.0404013 4작전마주작전마주 1기 0 9 3 3 3 4 6 8⑩1:56.82½  4.014.644.715.7  9 -5  .0110 1  0 4.496219796 7 9 3 1 20 1 4.02 2.06     6.9  9.9   26.2   73.6  118.011.83183 2 7 8 2▲ 1.341.40-1.0135.48113.924.3347.8764.0420415515.3830.9925.53 4
20260919토 6130011국5 2 6  5 0 1강 1151           6 1화이트선더      한센    어바이드 5830.00한암 2 1 1   1    015:15 24750국5최용건양동희   0 0 3 2 1 2 2 1 0 2  1코지     52.587우입보50 69 699389.069.058.8335920285611231854 02714233119 099 0↗↘입13.736.939.013.08583                   50 50  0 0   13.60   12.90 5 -4  0UUUP52.54571310 2.0 1.5 3.5828210 3승부최상전개최상59기 1 1                            13.6    12.9        .0                       5 2 2 1  2                                              .04293 3 9 9 3★ 1.839.00 -.25     82.5832.3149.6558.7837597123.0841.7753.95 1
20260815토 1100010국630 5 85 1 2강 2259흐림건조 3 6 1화이트선더      한센    어바이드 7926.00한암 2 0 0 2 1  112      24750국6최용건양동희   0 1 2 2 2 2 1 0 0 1  0코지  45752.588평무하58 83 838393.073.070.6335920285611231854 02714233119      ↗↘입13.637.037.813.2704936.737.4 61.3 61.9  0  0  0 0   13.60   13.50 6 -6 -1NH동       1010 4.0 2.0 6.0676710 0교체실패승부최상 5   0 5 3     3 3 2①1:01.33    -.613.637.112.9  0  7  .00 1 1 -1  .01623241394 5 4 1 22 1 1.04 5.04 2.1 3.6  2.1    7.1   11.5    8.3  .04594 3 9 9 3★ 1.837.80 -.95-12.962.6531.3754.9070.6019405638.7167.7468.65 1
20260704토 1100011국610 8 15 2 2강 2255흐림건조 5 6 1화이트선더      한센    어바이드 7926.00한암 2     1 1  100      24750국6최용건양동희   0 2 1 2 1 2 1 0 0 0  0서승운45053.584평무보85 25 2575  .052.026.0233513285611231821 02714272717      ↗↘선15.037.537.412.7739936.938.8 63.1 63.1              15.00   13.00 4  0  0NN동       10 0         2.0     0 0일반주행우수혈통57기 111 6     6 7 8⑥1:03.1머리  .513.638.613.5  4 -9  .00 6 2  0  .65027715066 6 2 6 50 1 8.11 5.03 1.8 3.3 29.5  616.0 1167.1  964.5  .01547 0 5 5 0―  .237.60  .31-11.862.71 6.7216.4426.04 6132510.5820.2832.68 9
20260919토 6130011국5 2 6  7 0 1강 1151           6 2걸작티아라      레이스데라이드미 8832.00한암 3 0 0   1    015:15 24750국5박윤규박덕희   0 011 7 310 1 1 310  0권중석   54.566평입보50 55 553420.049.022.71341 61450 71721 7 017 91918183367 0↘→선13.837.139.413.87165                   56 44 11 0   13.90   13.70 5 -1 -2UNUP53.64541412  .0 4.8 4.8595912 1연대우수거리속성42관 0 2                            13.9    13.7        .0                       7 8 6 7  1                                              .03334 0 4 5 0―  .139.40  .38     82.97 5.4112.9122.65 41120 3.08 6.4314.7110
20260817월 31200 8국543 7 97 1 3강 3361흐림다습13 6 2걸작티아라      레이스데라이드미 5725.00한암 3 0 0 2 1   90      24750국5박윤규박덕희   0 110 6 610 4 1 3 9  0김용근45556.586우입상80 85 858282.065.062.22751141450 71721334017 93127144060 0↘↘선13.737.038.913.8636537.138.6 75.7 75.6 63 50 13 0   13.50   14.10 5 -4  4HB동53.04541412  .0 4.2 4.2656512 0연대우수연대우수 5   0 3 4     4 6 3④1:15.7½    .513.938.413.7  0  6  .00 4 4  1  .83546433967 3 3 1 12 4 3.06 8.04 3.3 6.2  4.4   31.0   50.3  125.612.23967 2 8 7 2▲ 1.138.40 -.89 -.3076.0024.8145.8162.1634536530.5653.9575.00 1
20260711토 61200 8국522 7 27 2 1강 1151맑음다습14 6 2걸작티아라      레이스데라이드미 5725.00한암 3 0 0 2 1   75      24750국5박윤규박덕희   0 2 9 5 510 3 1 2 8  0김용근44952.586우입상77 82 827393.061.049.12751141450 71721334017 93127145050 0↘↘선13.837.038.913.7596536.738.7 74.5 75.5 57 43 14 0   13.80   13.90 5  5  1NN동53.14551412  .6 3.8 4.4656512 0연대우수연대우수44기 0 7 4     4 3 2②1:14.52½   .013.538.414.1 -1 -5  .00 2 3  0  .52722472783 4 5 2 22 3 1.03 8.07 2.0 2.2  2.0    5.5    7.8   11.4  .03762 1 8 6 1▲ 1.138.40 -.52 -.3976.0016.9134.0649.1419395533.0358.6073.49 1
20260607일 3120011국532 7 37 3 3강 3351맑음양호 6 6 2걸작티아라      레이스데라이드미 5725.00한암 3 0 0 1 1   88      24750국5박윤규박덕희   0 3 8 4 410 2 1 1 7  0김용근45451.586우입상50 52 527373.064.048.82751141450 71721334017 93127143367 0↘↘선13.837.039.113.8635337.138.3 75.8 75.4 50 33 33 0   14.00   13.60 5 -3  0UU동53.74551412  .8 3.6 4.4656512 0숨은복병연대우수69기 0 2 1     1 1 2②1:15.84     .013.838.513.9 -1 -1  .00 2 3 -3  .62140322483 5 8 4 31 2 1.03 7.02 2.0 2.6  2.0    5.3    7.1   70.510.93778 3 7 9 3▲ 1.138.30 -.63 -.7576.1218.8335.5248.8014294721.2540.9956.56 3
20260502토 5120010국533 7 37 4 1강 1151흐림건조 3 6 2걸작티아라      레이스데라이드미 5725.00한암 3 0 0 1 1   96      24750국5박윤규박덕희   0 4 7 3 310 1 1 1 6  0김용근45551.586우입하35 39 397228.048.021.82751141450 71721334017 93127143367 0↘↘선13.736.839.113.8755337.638.7 75.9 76.2 60 40 20 0   13.80   14.60 9  3 -1NUDN53.74551412 1.0 3.4 4.4686812-1전개최상보통주행38기 0 5 5     5 6 6⑤1:15.9½   1.414.038.413.6 -1 -3  .00 5 6 -2 1.55567485838 6 9 8 72 1 1.0211.02 1.6 2.7  1.6    2.7    3.8    3.9  .03467 0 5 6 0― -.238.80  .26  .2976.00 5.6112.5621.77 41118 3.5110.5720.41 6
20260228토 6130011국514 5 17 5혼전 4451맑음건조 3 6 2걸작티아라      레이스데라이드미 8832.00한암 3 0 0 9 1  194      24750국5박윤규박덕희   0 5 6 2 210 1 1 1 5  0빅투아45852.591강입하46 51 519451.056.022.43052141450 7172114 017 92228173367 0→→선13.736.739.913.9973737.740.2 84.9 84.6 75 50 50 0   13.80   15.60 6 -8  0UUDN53.74551412  .5 2.3 2.8818113-1탐색주행전개최상55기 0 2 8     91011⑪1:24.93    2.213.840.614.6  3 12  .0011 8  3 2.28553777721 11011 80 1 6.02 4.06 1.6 3.4 23.4   36.9  114.1  864.3  .04294 0 7 6 0―  .440.70  .34 8.0383.03 6.3513.9022.38 2 71411.1121.3428.05 3
20260118일 4140011국551 7107 6 1강 1151흐림건조 5 6 2걸작티아라      레이스데라이드미 8832.00한암 3 0 1 2 1   91      24750국5박윤규박덕희   0 6 5 1 110 1 1 1 4  1루이스44652.565우입보91 94 948386.053.035.52144101450 71721 0 017 92027153367 0↗↘입13.736.540.113.7814136.242.0 91.0 90.3 75 50 25 0   13.40   14.60 6  4 -2NUUP53.74551412  .7 2.7 3.3757513 1전개최상보통주행 5기 010 3     3 3 6⑩1:31.02½  2.213.842.315.6  5-20  .0110 5  4 4.48310958922 110 2 30 1 2.01 6.01 3.8 8.8  3.8    8.8   15.2   29.2  .03470 0 7 6 0―  .539.70 -.3813.6789.0010.4422.5435.4513284321.2442.5159.00 2
20251206토 3130011국620 9 27 7 2강 2258흐림양호 9 6 2걸작티아라      레이스데라이드미 8832.00한암 2 0 0 1 1  12811:25 16500국6박윤규박덕희   0 7 4 4 110 1 0 1 3  0마이아46654.093우입보79 99 999794.071.099.03452141450 7172139 017 93533 7 099 0↘↗선13.836.939.413.8846936.339.7 82.5 81.9 67 67 33 0   13.80   14.00 6 -1  0NVUP53.54501312  .7 2.7 3.3757512 1전개최상전개최상37기 0 6 2     2 1 1①1:22.54    -.713.440.014.6  0 12  .00 1 1  0  .013 3672498 2 1 1 11 3 1.07 6.03     1.8  1.6   46.8   61.3   18.8  .06699 4 9 9 4☆ 2.139.90-1.60 5.6482.8453.1191.9599.0037597148.8188.1699.00 1
20251026일 1120011국640 7 47 8혼전 4451흐림건조 5 6 2걸작티아라      레이스데라이드미 5725.00한암 2 0 1 9 1  187      24750국6박윤규박덕희   0 8 3 3 210 1 0 1 2  1임기원45454.088우입보79 99 999177.068.055.11839 91450 7172113 017 9233316 099 0↘↗입13.936.739.113.8865337.238.0 76.0 75.2 50 50 50 0   13.60   13.80 5 -2  1NV동53.54501210  .0 3.5 3.5696912 0연대우수전개최상59기 0 7 4     3 4 3③1:16.01     .013.839.014.0  2  8  .00 3 1 -1  .31748211979 2 6 1 12 1 5.03 5.01 1.8 2.9 34.1   54.5  193.5   30.610.54286 3 8 7 3▲ 1.438.60 -.63 -.6375.9522.9741.2755.1118375415.8930.1424.45 2
20250921일 1120012국610 8 67 9 3강 3351맑음다습14 6 2걸작티아라      레이스데라이드미 5725.00한암 2 0 0 2 2  274      24750국6박윤규박덕희   0 9 2 2 110 2 0 0 1  0마이아44653.593평입보68 67 676572.070.046.54063 51038 4172139 017 93533 7 099 0→↘선14.036.939.213.8794936.638.7 75.2 75.5  0  0  0 0   13.90   13.70 4 -2  0NUUP53.54541210  .0 5.0 5.0545410 2일반주행연대우수 5기 1 9 1     3 3 3②1:15.23     .013.638.813.8  0 -8  .00 2 2 -3  .62816482388 4 5 3 32 2 5.02 3.09 1.9 6.3  8.6   35.1   95.0 1225.812.13764 1 7 6 1― 1.238.50 -.57 -.5876.1219.1633.5546.5314294711.5024.5821.05 2
20250823토 1100011국610 6 6710 3강 3355흐림건조 4 6 2걸작티아라      레이스데라이드미 5725.00한암 2     2 2  36810:35 24750국6박윤규박덕희   010 1 1 110 1 0 0 0  0마이아45453.593평무보22 35 3526  .042.027.64063 51038 4172139 017 93533 7      →↘선14.538.238.312.717 136.938.1 62.3 62.7              14.50   13.00        NN동       10 0         2.0     0 0일반주행보통주행45기 011 5     5 4 4⑤1:02.3코    .913.937.913.7  0 17  .00 5 5  0  .94125533451 9 9 9 62 1 1.08 5.09     6.8  2.1   28.6   43.9   55.211.21529-2 4 4-2▽ -.736.80 -.58-13.863.59 7.1417.9227.62 31017 9.2418.1828.9711
20260919토 6130011외4 2 6  2 0 1강 1151           6 3그레이고        닉스고  KENDALIN 5547.00미암 3 0 0   1    015:15 24750국5박재우(주)디알 2 0 9 9 5 8 1 0 0 8  0마이아   56.593하입보50 35 355651.061.035.63452142045 9232445 022163533 7      ↘↗선13.937.139.513.87434                    0  0 13 0   13.70   15.10 8 -7  0HLDN       1413 -.6 8.2 7.6343413-1일반주행마방연대36기 0 3                            13.7    15.1        .0                       8 911 2  1                                              .02273-1 6 6-1▽  .939.50 -.04     83.0312.3623.8635.5519395510.0021.6929.43 4
20260725토 4140011국510 8 62 1혼전 4451맑음다습11 6 3그레이고        닉스고  KENDALIN 5547.00미암 3 0 0 9 1  149      24750국5박재우(주)디알 2 1 8 8 1 8 2 0 0 7  0서승운42956.583하입상50 43 433640.063.036.22335132045 92324 0142216272717      ↗↘선13.937.339.513.8283036.342.3 90.4 90.7  0  0  0 0   13.60   13.80 6  5  0BLUP       1413-2.0 8.6 6.6363613 1일반주행거리부담50관 010 6     5 5 7⑨1:30.42    2.313.742.115.1  3  0  .00 9 6 -2 4.08810969120 8 4 7 50 2 1.03 3.08 2.0 6.7  2.0    7.5   10.1   87.412.73344 2 6 6 2― 1.339.00 -.5313.9289.1411.6824.8236.24 61627 6.8213.4025.00 5
20260614일 5130011국551 6102 2혼전 4451흐림건조 3 6 3그레이고        닉스고  KENDALIN 5547.00미암 3 0 0 2 1  106      24750국5박재우(주)디알 2 2 7 7 4 8 1 0 0 6  0서승운42956.583하무보17 17 172810.042.018.72335132045 92324 0142216272717      ↗↘선14.137.839.313.7274137.339.1 82.7 82.8  0  0  0 0   13.80   13.90 7  0  6NL동       1313-1.8 8.6 6.8282813 0최빈거리거리난점21관 0 5 4     5 4 5⑤1:22.7목    .813.639.213.8 -3 -3  .00 5 8 -2 1.0373844345511 8 9 92 1 7.04 2.07 4.414.3 10.3   29.0   56.9   65.0  .01122-1 2 2-1▽ -.739.20  .12 5.7483.35 4.6111.4318.68 2 510 3.90 8.4313.74 9
20260425토 9130011외452 3102 3혼전 4451맑음건조 3 6 3그레이고        닉스고  KENDALIN 5547.00미암 3 0 0 9 1  133      41250혼4박재우(주)디알 2 3 6 6 3 8 1 0 0 5  0김태희43251.060하무보22 11 1121 6.032.0 7.81246 72045 92324 8 02216152416      ↘→입14.137.839.313.8274137.939.4 83.1 83.8  0  0  0 0   13.90   13.30 7  0 -2NHUP       1312-1.8 8.4 6.6242413 1일반주행보통주행35기 0 5 7     7 6 6⑧1:23.1목   1.413.839.313.9 -2 10  .00 810  1 1.4666452603810 811110 1 1.0311.06 4.0 8.3  4.0   13.0   27.4   84.2  .01511-2 1 1-2▽-1.339.40  .43 6.6783.35  .89 3.30 7.81 1 2 4 1.12 4.00 8.8511
20260307토 8120011외452 5102 4 1강 1151맑음포화15 6 3그레이고        닉스고  KENDALIN 55     미암 3 0 0 2 1  140      33000혼4박재우(주)디알 2 4 5 5 2 8 1 0 0 4  0루이스42252.567하추상52 21 213412.043.018.52144102045 9232421252216202715      ↗↘입13.937.938.413.7106137.439.1 74.9 76.7  0  0  0 0   14.20   13.50 6 -2  0NNDN       1313-2.3 8.3 6.0202013-1일반주행부진마필59기 0 5 6     6 610⑨1:14.9머리 1.313.938.013.3  0 -4  .00 9 9  1 1.9686258634111 510 72 1 2.01 2.11 2.2 5.9  4.7    5.9   14.5   16.4  .01537 0 3 3 0― -.437.90  .12  .3576.23 4.7110.2918.53 2 511 1.71 6.1412.43 9
20260125일 6130011외433 1 82 5 2강 2251맑음건조 3 6 3그레이고        닉스고  KENDALIN 5547.00미암 3 0 0 2 1   99      33000혼4박재우(주)디알 2 5 4 4 2 8 1 0 0 3  0조한별42652.561하추상16  3  33312.038.014.81421102045 9232423132216122118      ↗↘입13.937.739.413.9353038.438.8 82.2 82.8  0  0  0 0   13.90   13.70 4  4  2LN동       1310-2.7 8.3 5.7212110 0승부조율거리속성 5기 0 7 9     9 8 9⑦1:22.23    2.414.238.513.5 -1 -7  .00 7 8  0 2.63683356015 8 5 7 70 1 4.06 1.06 2.5 4.9 11.9   40.3  131.2   45.7  .03527-3 3 2-3▽-1.039.30  .24 5.6783.35 2.19 6.5714.80 31017 1.63 6.3311.08 8
20251228일 7130011외451 5 52 6 3강 3355맑음다습12 6 3그레이고        닉스고  KENDALIN 5547.00미암 2 0 0 9 1   6815:20 33000혼4박재우(주)디알 2 6 3 3 1 8 1 0 0 2  0권중석43351.066하무보24  3  330 8.035.016.51341 62045 9232413 02216191818      ↘→선14.238.239.012.5 87637.539.6 82.5 83.7  0  0  0 0   14.30   13.10 4 -2 -1HHUP       1310-2.0 8.5 6.5171710 1일반주행거리속성38기 0 3 7     8 8 5④1:22.51    1.713.939.313.7 -4 -8  .00 4 8  0 2.86949626029 7 2 6 63 1 2.01 2.01     4.6  4.0    4.6    9.3   19.511.21532 0 2 2 0―-1.039.00  .11 6.4983.42 2.79 7.7216.50 41118 2.90 6.9914.04 6
20251129토 8120011외421 4 22 7혼전 4451흐림다습10 6 3그레이고        닉스고  KENDALIN        미암 2 0 0 9 1   8116:05 33000혼4박재우(주)디알 2 7 2 2 1 8 2 0 0 1  0조인권44152.073하무보33 11 1128 8.032.0 9.91750 82045 92324 0222216242513      →→선14.238.038.512.5 97338.238.0 75.2 76.9  0  0  0 0   14.20   12.80 5  1 -2NHUP       1210-2.0 9.0 7.0212110 2일반주행부진마필42기 1 5 8     8 8 8⑥1:15.21    2.714.338.013.1 -2 -4  .00 6 8 -1 3.07289235513 9 3 9100 2 1.02 1.09     2.3  1.7    2.3    3.1    4.5  .01512 0 2 1 0― -.937.80  .27  .3776.34 2.02 4.74 9.90 1 3 9 2.11 5.1311.0710
20251025토 2100011외411 2 12 8 1강 1155맑음건조 5 6 3그레이고        닉스고  KENDALIN        미암 2     9 1  197      41250혼4박재우(주)디알 2 8 1 1 1 8 1 0 0 0  0조인권44554.073평무보 5 25 2510  .034.011.71750 82045 92324 0222216242513      →→선14.638.638.213.2 1 138.037.9 62.7 63.5              14.60   13.50 4  0  0NL동       10 0         7.0     0 0일반주행보통주행45기 1 4 7     7 8 9⑦1:02.71    2.114.237.512.8 -2  7  .00 7 9  0 2.1667343592110 910 90 1 3.02 7.01 1.4 3.0  5.8   14.1   21.9    3.3  .01517-2 2 3-2▽-1.136.60 -.27-13.363.76 1.76 4.9011.72 1 3 6 7.8616.4228.17 5
20260919토 6130011국5 2 6  6 0 1강 1151           6 4럭키에이원      한센    이니쉬에 5830.00한암 4 0 0   1    015:15 24750국5함완식임영수   0 0 7 5 2 6 2 1 0 6  0우인철   52.074기선적50 46 467977.057.035.22048102154101516 0 0211111272299 0 0→↘입13.636.740.314.39613                   20 20100 0   13.50   14.10 4 -2  1UNUP55.04611312 1.6 4.8 6.4414112 1전개최상기복전력42기 1 4                            13.5    14.1        .0                       211 8 4  2                                            13.23455 1 6 6 1―  .840.30 -.26     83.2911.2523.4235.2013284313.0826.5139.24 3
20260823일 6120011국524 4 76 1혼전 4451맑음포화15 6 4럭키에이원      한센    이니쉬에 7926.00한암 4     2 1   66      24750국5함완식임영수   0 1 6 4 5 6 1 1 0 0  0우인철47951.075기도적25 27 279145.054.030.62048102154101516 0 0211111272299 0 0→↘입13.536.540.314.192 636.439.5 74.4 76.1 25 25100 0   14.60   13.2028  3 -2NUDN55.04611312 2.8 4.0 6.8383812-1일반주행전개최상43기 0 6 4     4 3 6⑤1:14.41¼  1.013.538.914.1 -3  8  .00 5 8  3 1.05415714749 111 9 52 1 2.01 1.07 2.4 2.9  2.9    2.9    5.9    6.0  .04275 1 5 5 1―  .639.10 -.50 -.6876.5110.4519.9930.64 6162711.9016.3028.00 6
20260208일 5130011국543 5 96 2 3강 3351맑음건조 2 6 4럭키에이원      한센    이니쉬에 5830.00한암 4     2 3  537      24750국5함완식임영수   0 2 5 3 1 6 1 1 0 0  0조상범47152.558기도적 5 10 108230.046.021.01270 4215012151615 0211113211699 0 0↘→입13.536.639.214.1971037.044.0 86.2 87.3 25 25100 0   13.40   18.4018 -1  1UNUP55.04611312 2.3 3.0 5.3515112 1전개최상기복전력66기 1 3 4     3 610⑩1:26.28    5.213.843.315.8  5 -1  .0110 5 -2 6.199219999 3 1 5 9 80 1 1.10 4.02 2.3 5.4  2.3   59.1   73.0   75.413.23457 1 5 5 1― -.141.50  .8711.5182.52 5.0012.5420.98 2 511 3.3312.0220.54 6
20251003금 5120011국554 5106 3혼전 4451흐림다습11 6 4럭키에이원      한센    이니쉬에 7926.00한암 3 0 0 1 2  365      24750국5함완식임영수   0 3 4 2 4 6 1 1 0 3  0조인권47252.073기도적16 20 209739.052.027.61738111167 615161319211124251399 0 0↘→선13.536.539.814.192 936.347.2 83.1 83.5 33 33100 0   13.30   15.50 9 -7 -1UU동55.04611212 2.3 3.0 5.3515112 0전개최상전개최상44기 1 4 2     2 411⑪1:23.1대차 8.513.447.018.4  4  5  .0011 7  2 8.999 99999 4 11011 70 111.01 7.08 2.6 5.6 61.4   61.8  305.4   66.7  .04282 1 6 5 1―  .341.30 -.14 7.1576.23 9.4519.1927.56 2 71410.0019.2128.87 5
20250802토 3120011국544 4 96 4혼전 4451맑음건조 3 6 4럭키에이원      한센    이니쉬에 7926.00한암 3 1 1 1 3  409      24750국5함완식임영수   0 4 3 1 3 6 3 1 0 2  1김용근46753.086우도보82 94 949674.056.028.2172711215012151618 0211131271499 0 0↘↗선13.636.740.014.1902736.641.4 78.0 78.1 50 50 50 0   13.70   14.4011  3 -2VU동55.04611212 1.0 2.0 3.0717112 0전개최상전개최상50기 111 1     1 1 7⑩1:18.04    2.913.341.915.5  5  6  .0010 5  3 3.59115958911 311 1 71 3 1.04 3.05 2.3 5.3  2.3    8.0   13.3   13.010.54272 0 7 6 0―  .439.50 -.36 1.4176.45 8.9918.9728.17 4111814.1526.1740.00 3
20250517토 1120011국653 8106 5 3강 3351맑음포화17 6 4럭키에이원      한센    이니쉬에 7926.00한암 3 0 0 2 4  635      16500국6함완식임영수   0 5 2 2 2 6 2 0 0 1  0김용근46155.087하도보20 55 559277.074.063.62756 72150 5151618 02111312714      ↗↘선13.436.640.415.195 536.738.4 75.9 74.9  0  0100 0   13.70   15.40 5  0  0NH동       1212 3.0 2.0 5.0575712 0교체실패전개최상72기 1 8 4     2 2 1①1:15.9½    .013.739.514.4 -1 -2  .00 1 2  0  .01020361784 210 3 21 2 2.03 8.09 2.9 6.2  3.3    6.3    9.6   21.910.94278 0 8 8 0▲ 1.438.60-1.56-2.1476.6225.7147.5763.6337577116.5032.3531.24 2
20250412토 1120011국640 9 96 6혼전 4459비  건조 5 6 4럭키에이원      한센    이니쉬에 7926.00한암 3     2 4  74013:25 16500국6함완식임영수   0 6 1 1 1 6 1 0 0 0  0김용근46355.087평무보   25 2540  .052.040.92756 72150 5151618 02111312714      ↗↘선13.436.738.514.7    36.540.6 79.1 77.1              13.40   15.00        LN동       12 0                 0 0일반주행가격혈통 1기 0 8 2     2 2 4⑤1:19.11     .813.741.715.4  3 11  .00 5 2  0  .97711907759 1 1 9 41 1 3.01 2.09     8.4  6.1    8.5   20.2   19.8  .01565 0 5 6 0―  .139.20  .10 1.9075.6112.3726.2440.9210223515.4928.3958.82 3
20260919토 6130011국5 2 6  9 0 1강 1151           6 5비카델라        언캡처드댄싱비카 4630.00한암 3 0 0   1    015:15 24750국5서인석부건영   4 0 5 1 3 4 1 0 0 4  0다실바   52.582우입보50 56 564634.036.011.11357 31949 918 635 02011212812      ↗↗선13.637.039.313.67865                    0 75 25 0   14.00   13.40 5  0 -2NH동       1312 1.5 2.5 4.0646412 0작전마주거리속성45관 0 5                            14.0    13.4        .0                       6 5 510  1                                            13.42049-2 4 3-2▽ -.939.30  .84     82.84 2.42 5.6111.13 0 4 6 4.6213.6523.71 6
20260815토 3130011국652 7109 1 1강 1152흐림건조 3 6 5비카델라        언캡처드댄싱비카 4630.00한암 3 0 0 2 1  110      16500국6서인석부건영   4 1 4 4 2 4 1 0 0 3  0조재로48454.088우입하54 68 688773.057.054.53453131949 918 625 02011192622      ↗↘입13.536.939.613.7874937.438.6 82.8 82.0  0 67 33 0   13.50   14.10 4 -1 -1NH동       1312 1.3 3.0 4.3606012 0일반주행작전마주 5   0 5 5     4 4 2③1:22.81½   .214.039.013.4  2 -1  .00 3 1 -3  .61244252075 2 2 2 22 1 4.03 1.02 3.3 6.5  5.7   13.0   26.8   11.713.42884 0 6 5 0―  .739.90 -.48 5.4882.9717.8838.8154.4619395529.3151.1665.22 1
20260719일 3130010국650 8 59 2 1강 1151흐림포화16 6 5비카델라        언캡처드댄싱비카 4630.00한암 3 0 0 2 1   48      16500국6서인석부건영   4 2 3 3 1 4 3 0 0 2  0김태훈48555.071우입보76 96 966069.049.024.61755 71949 918 614 02011122421      ↗→입13.536.939.613.8854537.040.2 83.4 83.6  0 50 50 0   13.60   14.30 3  2  0NHUP       1312  .5 2.5 3.0656512 1작전마주거리속성 5   0 6 1     1 1 5⑦1:23.41    1.013.540.114.1  3  6  .00 7 4  2 1.76022766051 2 4 4 51 3 2.01 8.01 2.1 4.4  4.6    4.4   10.9   10.513.42559 0 5 3 0― -.140.30  .32 7.0782.97 4.9513.7924.63 8182911.3622.4136.28 5
20260628일 2120011국612 9 19 3 1강 1154맑음건조 3 6 5비카델라        언캡처드댄싱비카 6521.00한암 3 0 0 9 1   49      16500국6서인석부건영   4 3 2 2 2 4 2 0 0 1  0김태훈47955.072강입보96 99 997481.055.054.81755 71949 918 614 02011122421      ↗→입13.637.438.413.3419436.139.6 76.7 75.3  0100  0 0   13.90   13.50 6 -1  0HH동       1212  .0 3.0 3.0717112 0일반주행작전마주79기 1 4 2     3 3 3③1:16.74     .713.640.014.3  1  0  .00 3 2 -1 1.220 3733462 7 2 2 22 2 1.04 5.11 1.3 2.5  1.3    5.7    6.4    6.1  .02066 0 6 4 0―  .237.90 -.63 -.5175.9515.7535.9754.8418375417.0532.9230.29 2
20260516토 2120010국621 9 29 4 2강 2253맑음건조 3 6 5비카델라        언캡처드댄싱비카 6521.00한암 3     2 1   99      16500국6서인석부건영   4 4 1 1 1 4 1 0 0 0  0김태훈47955.072평무보26 25 2549  .026.0 6.61755 71949 918 614 02011122421      ↗→입14.236.940.013.597 137.238.2 76.8 74.9              14.20   13.80 4  0  0LL동       12 0         2.0     0 0일반주행우수혈통48기 0 5 3     3 3 3③1:16.82½   .413.938.713.5  0 -1  .00 3 3  0 1.81449282672 4 911 92 1 1.02 6.08 1.5 1.5  1.5    1.5    2.0    3.4  .015 7-4 1 1-4▼-1.838.30  .13-1.9676.56  .37 2.67 6.56 0 2 512.0924.5866.86 4
20260919토 6130011국5 2 6  6 0 1강 1151           6 6나르샤노바      언캡처드동방의새 4630.00한암 3 0 0   1    015:15 24750국5정호익(주)아진 0 011 8 210 3 1 010  0임다빈   52.575기선적50 42 426939.049.023.11327 72033 9241019 9231314242499 0 0→↗추13.636.740.013.29512                   13 25 50 0   14.00   14.10 4  4  0NUUP53.34651312  .8 7.6 8.4323212 1일반주행기복전력36기 0 6                            14.0    14.1        .0                       110 9 6  5                                            13.41849 0 4 4 0―  .240.00  .26     83.10 5.8214.5423.05 3 817 6.1513.6522.07 7
20260823일 6120011국524 4 76 1혼전 4451맑음포화15 6 6나르샤노바      언캡처드동방의새 6521.00한암 3 0 0 2 1   66      24750국5정호익(주)아진 0 110 7 810 2 1 0 9  0임다빈46552.575기도적27 30 308819.042.018.61327 72033 9241019 9231314242499 0 0→↗추13.636.639.413.2902237.240.0 75.7 77.4 14 29 57 0   13.70   13.60 4 -5  0UU동53.34651312-1.0 7.4 6.4474712 0일반주행기복전력72기 1 2 6     7 810⑪1:15.7½   2.314.039.414.1  5  2  .0011 6 -3 2.38555828118 2 9 8 90 4 2.01 1.07 2.4 2.9  2.9    2.9    5.9    6.0  .01552-1 4 3-1▽ -.439.40  .29 1.4276.06 5.3110.7518.58 1 4 9 3.57 7.6115.00 9
20260725토 6120011국514 6 66 2혼전 4451맑음다습10 6 6나르샤노바      언캡처드동방의새 6521.00한암 3 0 0 9 1   66      24750국5정호익(주)아진 0 2 9 6 710 1 1 0 8  0임다빈46352.575기도적17 19 197914.043.018.51327 72033 9241019 9231314242499 0 0→↗추13.536.639.013.2852737.239.6 75.6 76.8 17 17 67 0   13.50   14.90 4 -1  0LU동53.34651312  .0 7.0 7.0454512 0일반주행기복전력47기 0 7 4     7 7 7⑥1:15.61½  1.513.739.013.6 -3-12  .00 6 9  1 3.17149737035 2 811 80 3 1.03 4.05 1.5 4.2  1.5    5.1    7.1   24.3  .01560 0 3 4 0― -.539.20  .54 1.1675.84 4.2410.4818.49 2 714 3.06 8.2114.19 9
20260628일 6120011국544 6 96 3 3강 3351맑음건조 3 6 6나르샤노바      언캡처드동방의새 6521.00한암 3 0 0 9 1   65      24750국5정호익(주)아진 0 3 8 5 610 2 1 0 7  0이혁  47552.580기도적26 28 286015.051.023.02359 82033 9241024 0231328211899 0 0↗↘선13.636.639.013.2843436.241.8 77.7 77.8 20 20 6020   13.30   14.70 4  6  0BU동53.34651312 -.2 6.6 6.4474712 0교체실패마번불리58기 0 8 1     2 4 8⑪1:17.71¼  2.413.541.514.9  3  6  .0011 8  3 3.189 5979018 4 711 80 2 4.0210.09 3.5 7.3  6.0   13.4   29.0   43.2  .02050 0 4 5 0―  .139.50  .40 2.2275.84 6.2613.7523.03 1 4 7 3.06 8.7815.14 9
20260530토 41200 9국514 7 66 4 1강 1151맑음양호 7 6 6나르샤노바      언캡처드동방의새 6521.00한암 3 0 0 9 1   57      24750국5정호익(주)아진 0 4 7 4 510 1 1 0 6  0이혁  46952.580평도보33 36 368113.049.024.12359 82033 9241024 0231328211899 0 0↗↘선13.536.739.013.2823436.840.8 78.2 77.4 20 20 80 0   13.50   15.0013 -5 -1UUDN53.34651312 -.5 6.0 5.5505012-1일반주행최적거리37기 0 2 2     4 4 9⑨1:18.21½  2.213.341.514.7  4 10  .03 9 5 -4 3.18427928622 6 6 9 60 1 1.02 1.04 1.5 4.4  1.5    4.4    6.3    5.5  .01575 0 4 4 0―  .139.30  .31 1.7475.89 6.5114.2324.09 41120 2.61 6.2512.65 9
20260228토 6130011국514 5 16 5혼전 4451맑음건조 3 6 6나르샤노바      언캡처드동방의새 4630.00한암 3 0 0 9 2  274      24750국5정호익(주)아진 0 5 6 3 110 2 1 0 5  0임다빈45953.076기도적69 60 604033.050.018.11950 82550 7241019 9231314242499 0 0→→추13.536.940.013.2802536.341.1 84.3 84.0 25 25 75 0   13.60   13.60 4  5  1BNUP53.34651312 -.5 6.0 5.5505012 1전개유리마번불리60기 0 7 1     2 2 3⑩1:24.31¼  1.613.541.615.0  1 -3  .0010 9  3 1.675 3906733 711 9101 2 6.02 4.06 1.6 3.4 23.4   36.9  114.1  864.313.42628 0 5 5 0―  .040.40  .28 7.1483.23 5.0211.4618.10 1 4 7 3.42 8.7014.8110
20260201일 5120010국554 5106 6혼전 4451맑음건조 2 6 6나르샤노바      언캡처드동방의새 6521.00한암 3 0 0 1 1   48      24750국5정호익(주)아진 0 6 5 2 410 1 1 0 4  0임다빈46252.575기선적24 26 267718.043.017.11327 72033 9241019 9231314242499 0 0→↗추13.537.138.313.2496936.838.7 75.4 75.4 33 33 33 0   13.40   14.80 4 -6  0UU동54.04671212  .0 6.0 6.0484812 0직전탐색기복전력34기 1 2 2     1 1 2④1:15.4½    .813.638.913.6 -2 -3  .00 4 6  4  .92731483356 4 311 91 1 1.02 1.03 3.4 6.9  3.4    6.9   11.7   20.6  .03770 0 4 3 0― -.438.30  .68 -.0275.72 4.55 9.5517.08 2 714 4.6012.5720.48 7
20260103토 5120011국554 6106 7혼전 4451맑음다습13 6 6나르샤노바      언캡처드동방의새 6521.00한암 3 0 0 1 1   8013:35 24750국5정호익(주)아진 0 7 4 1 310 2 1 0 3  0루이스46552.567기선적72 66 663430.040.011.32144102033 9241019 0231320271599 0 0↗↘입13.637.239.313.2404536.541.4 76.8 77.8 33 33 33 0   13.30   13.60 4  4 -2BU동54.04671212 2.0 6.5 8.5242412 0일반주행마번불리77기 1 8 2     2 410⑩1:16.84    2.213.441.314.8  8 -2  .0210 2 -3 3.59015959021 7 8 4110 2 1.05 1.09     7.8  3.0    8.9   16.8  159.4  .01532-3 3 2-3▽ -.938.90  .24 1.3376.34 2.22 5.4311.27 1 4 7 4.1714.0022.55 5
20251207일 2120011국631 7 86 8 2강 2258맑음다습10 6 6나르샤노바      언캡처드동방의새 6521.00한암 2 0 0 1 1   7611:00 16500국6정호익(주)아진 0 8 3 3 210 1 0 0 2  0루이스46754.067하도보19 17 177749.053.034.72144102033 9241019 02313202715      ↗↘입13.737.439.213.2284936.737.7 74.7 74.3  0  0 50 0   15.00   13.50 3  1  0NH동       1210 2.0 6.5 8.5242410 0교체실패선행강점54기 1 4 1     1 1 1①1:14.71½  -.313.338.413.6 -4 -1  .00 1 5 -2  .0 42314 593 4 5 4 51 1 5.01 4.10     3.4 13.2    8.8   28.7   12.3  .02065 0 5 4 0―  .237.60 -.51-2.2976.39 9.4622.5434.66 61325 9.3819.6921.74 7
20251115토 2120011국633 8 86 9 1강 1152맑음건조 3 6 6나르샤노바      언캡처드동방의새 6521.00한암 2 0 0 2 1  131      16500국6정호익(주)아진 0 9 2 2 110 1 0 0 1  0씨씨웡46854.093하선보24 20 208737.056.031.93456112033 9241021 02313212522      →↘선13.736.640.314.497 439.138.0 77.8 77.2  0  0100 0   13.70   14.70 6  1  0NHUP       1210 2.0 6.0 8.0262610 2숨은복병보통주행67기 1 311    111111⑨1:17.82    2.015.038.813.5  2  7  .00 9 7  1 2.17998217724 210 6 60 1 1.02 1.07 3.1 5.0  3.1    5.0    9.2   40.9  .01977 0 5 6 0―  .339.30 -.59  .2776.5610.4621.8431.87 51322 3.8512.9613.48 7
20251003금 1100012국650 610610 3강 3359흐림다습12 6 6나르샤노바      언캡처드동방의새 6521.00한암 2     1 2  242      24750국6정호익(주)아진 010 1 1 110 1 0 0 0  0박태종46154.079평무보82 35 3568  .042.018.527 0242550 7241018 02313192421      →↘입14.337.237.612.8827636.339.7 63.9 63.7              14.30   13.10 4  0  0NL동       10 0         7.0     0 0일반주행우수혈통42기 1 2 1     1 1 3⑧1:03.92    1.913.739.714.7  2  7  .00 8 6  0 2.073 6926127 6 7 7 71 1 1.0211.07 2.8 6.4  2.8    6.4   12.3   11.8  .01535-1 4 4-1▽ -.638.00  .59-11.162.65 5.1210.5618.49 41222 7.8616.0031.92 3
20260919토 6130011국5 2 6  9 0 1강 1151           6 7글로벌랜드      카우보이골든로즈 5832.00한암 3 0 0   1    015:15 24750국5이준철장재형   2 0 8 2 3 7 2 0 1 7  0유승완   53.069평추보50 59 596046.057.034.51960 830461430 437 03124152722 0 0 0→↘입14.037.639.013.63880                   33  0  050   14.00   13.90 6  2  1NV동52.54841414  .8 3.2 4.0707013 0연대우수연대우수48기 1 7                            14.0    13.9        .0                      10 3 4 5  2                                              .03764 0 5 6 0―  .739.00 -.01     83.03 9.6922.9734.5410203510.7717.6726.98 5
20260808토 4130011국551 7 59 1혼전 4451맑음건조 2 6 7글로벌랜드      카우보이골든로즈 5832.00한암 3 0 0 1 1  129      24750국5이준철장재형   2 1 7 1 2 7 1 0 1 6  0유승완48452.569우추보59 73 736945.042.014.61960 830461430 437 03124152722      →↘입14.037.739.013.6328037.339.4 82.5 82.8 40  0  060   14.40   13.90 9  1 -3NHDN       1414 1.2 2.2 3.4656514-1연대우수연대우수70기 0 5 6     4 4 6⑧1:22.51     .614.039.313.9 -1 10  .00 8 9  8  .63639524263 9 3 4100 1 1.02 6.03 3.3 4.8  3.3    4.8    8.1   14.4  .03762-1 5 4-1▽ -.739.30  .48 6.0783.10 3.05 8.1814.57 1 4 7 9.3513.7624.49 6
20260606토 2140011국650 9 59 2 1강 1154맑음양호 7 6 7글로벌랜드      카우보이골든로즈 5832.00한암 3 0 0 1 1  159      16500국6이준철장재형   2 2 6 6 3 7 2 0 0 5  0씨씨웡47455.093평추보72 84 847287.068.063.434561130461430 438313124212522      →↘선13.837.339.313.5266937.338.5 90.7 88.7  0 25  050   14.40   13.30 6 -7  0HN동       1412 1.3 2.5 3.8616112 0연대우수연대우수34관 0 4 4     2 2 2②1:30.7½    .014.439.613.9  1 -4  .00 2 1 -2  .13761182291 4 1 1 11 5 2.01 9.04 2.0 4.0  4.7    4.0   10.3   14.1  .03771 0 7 5 0― 1.538.60-1.1212.1089.0030.8751.7363.4237597139.0665.7583.78 1
20260426일 2140011국610 9 69 3 2강 2253맑음건조 3 6 7글로벌랜드      카우보이골든로즈 5832.00한암 3 0 0 9 1  109      16500국6이준철장재형   2 3 5 5 2 7 1 0 0 4  0씨씨웡47855.093평입하60 77 776586.070.083.334561130461430 438313124212522      →↘선13.837.139.813.9433437.838.2 90.7 88.7 33 33  0 0   13.90   13.90 5  8  1NNUP       1412 1.7 2.3 4.0626212 1작전마주연대우수50기 01110    1010 7③1:30.75     .814.439.213.3  0 -6  .00 3 3  2 2.03583 92659 3 3 2 13 4 1.0210.01 1.4 3.5  1.4    3.5    4.6    4.7  .03776 1 8 7 1▲ 1.438.80-1.8311.8089.2136.5965.4383.2637597127.2751.4651.60 2
20260322일 1130011국651 9109 4 3강 3351맑음건조 5 6 7글로벌랜드      카우보이골든로즈 5832.00한암 3 0 0 2 1   94      16500국6이준철장재형   2 4 4 4 1 7 1 0 0 3  0장추열48454.593평입하38 68 685966.064.053.129491230461430 427223124202722      ↘↗입13.837.339.413.9605337.539.3 83.9 83.1 33  0  0 0   13.90   14.50 9 -3  0HNDN       1412 1.0 3.0 4.0595912-1연대우수작전마주78기 1 3 6     7 5 7⑥1:23.9½    .713.939.613.9  5  2  .01 6 1  0  .84744514560 7 3 3 10 1 6.0711.02 2.5 6.1 19.9  203.8  338.2 1445.212.13360 0 6 5 0―  .839.80 -.57 6.4383.1022.0140.1353.0634536516.4236.1140.48 1
20260117토 3140011국642 9 49 5 2강 2251맑음건조 5 6 7글로벌랜드      카우보이골든로즈 5832.00한암 3 0 0 2 1  176      16500국6이준철장재형   2 5 3 3 1 7 3 0 0 2  0씨씨웡48254.593평추보83 99 997392.073.083.334561130461430 438313124212522      →↘선14.337.639.213.4148037.040.2 90.3 89.3 50 50  050   14.30   13.30 5  3  1NNUP       1412 1.0 3.0 4.0595912 2연대우수연대우수49기 1 6 3     4 3 4④1:30.32½   .513.940.914.5  3 12  .00 4 1 -1  .8574272686810 2 1 12 3 2.0610.03 2.2 3.4  3.2   26.5   34.4  141.7  .03783 3 8 8 3▲ 1.738.40-1.7612.4789.1440.5566.3883.3037597135.8567.3766.97 1
20251214일 11200 9국642 8 99 6 2강 2236맑음불량20 6 7글로벌랜드      카우보이골든로즈 6326.00한암 2 0 0 2 1   97      24750국6이준철장재형   2 6 2 2 2 7 2 0 0 1  0씨씨웡47054.093평무보53 50 504265.058.035.234561130461430 438313124212522      →↘선14.338.038.913.6 77637.937.7 74.7 75.1  0  0  0 0   14.30   13.90 5 -9  0HH동       1212 1.0 4.0 5.0414112 0최빈거리연대우수84기 2 3 9     9 8 7③1:14.7코    .114.337.513.3  1 -5  .00 3 2 -2  .91580122976 6 3 3 43 2 6.04 7.06     5.4 13.4   25.1   65.3   18.7  .03743-1 6 4-1▽  .337.30 -.67-1.8576.56 9.7722.4135.2310223510.4325.0026.56 4
20251109일 1120012국620 8 79 7 1강 1155맑음건조 3 6 7글로벌랜드      카우보이골든로즈 6326.00한암 2     2 1  143      24750국6이준철장재형   2 7 1 1 1 7 1 0 0 0  0씨씨웡47554.093평무보27 25 2524  .036.018.734561130461430 438313124212522      →↘선15.138.439.212.8 43737.838.4 77.7 76.2              15.10   13.10 4  0  0NL동       12 0         2.0     0 0일반주행우수혈통58기 11212     6 7 6⑤1:17.7목   1.314.339.513.9  1  2  .00 5 4  0 1.7537736554212 612 70 1 1.03 6.09 2.0 2.6  2.0   10.9   15.8    6.8  .01515-4 3 2-4▼-1.337.20 -.60-1.3976.95 3.7310.1418.74 41118 9.6518.9729.2710
20260919토 6130011국5 2 6  9 0 1강 1151           6 8델타대천        카우보이실버햄튼 5832.00한암 3 0 0   1    015:15 24750국5함완식강균호   2 0 9 2 5 8 6 1 1 8  0이용호   54.563우입보50 61 616648.040.015.71658 62154101515222921111918203367 0→↘자13.536.839.113.88853                   29 57 4314   13.30   13.80 4  7  1BN동54.74231413-1.4 4.0 2.6737314 0전개최상작전마주55기 0 8                            13.3    13.8        .0                       3 4 3 9  6                                              .03436-3 6 3-3▽ -.739.10  .94     82.58 3.19 8.9815.69 1 4 9 4.6211.2420.44 8
20260823일 51300 8국552 8109 1 1강 1151맑음포화16 6 8델타대천        카우보이실버햄튼 5832.00한암 3 0 0 2 1   67      24750국5함완식강균호   2 1 8 1 4 8 5 1 1 7  0이용호42854.063우자상94 95 959679.057.053.31658 62154101515222921111918205050 0→↘자13.636.839.213.8875336.639.6 81.0 82.5 33 50 3317   13.60   12.90 6 -4 -1UU동55.04211413-2.2 5.2 3.0757513 0작전마주전개최상43기 0 1 2     3 4 4③1:21.02½   .513.339.213.8  0 15  .00 3 3 -1  .527 9602665 2 1 2 22 5 1.04 3.02 3.0 5.5  3.0    6.6   12.1    7.1  .04280 1 7 7 1△  .840.10 -.14 6.5282.6519.2736.9853.2519395519.2334.9551.55 2
20260711토 21300 9국643 9 49 2 1강 1151맑음포화15 6 8델타대천        카우보이실버햄튼 5832.00한암 3 0 0 2 1  110      16500국6함완식강균호   2 2 7 7 3 8 4 0 1 6  0이용호41355.063우입보97 97 978076.060.052.51658 6215410151522292111191820 099 0→↘자13.637.039.513.8764536.337.8 81.1 80.5 20 60 20 0   13.70   13.80 4  0  0NNDN55.04291412-1.6 6.2 4.6595914-1편성만만작전마주66기 0 5 3     2 2 1①1:21.1½   -.113.638.012.9 -3-11  .00 1 4  2  .0 1 4 9 093 2 2 2 31 4 4.01 5.08 2.1 2.9  6.2    5.1   14.0   42.5  .02964 0 7 5 0―  .939.50 -.42 3.9882.9716.7834.7452.4710203519.7834.6442.31 2
20260614일 3140011국630 8 89 3 1강 1161흐림건조 3 6 8델타대천        카우보이실버햄튼 5832.00한암 3 0 0 2 1   68      24750국6함완식강균호   2 3 6 6 1 8 3 0 1 5  0이용호42455.063기입적77 99 997985.071.049.41658 6215410151522292111191820 099 0→↘자13.636.740.013.9662236.839.0 89.2 87.9 25 50 25 0   13.70   14.20 5  1  0NNUP55.04291412-2.5 7.3 4.8575713 1착차만회작전마주44기 0 5 3     3 4 5④1:29.22     .413.739.613.8  2 -5  .00 4 2 -3  .61027321769 1 7 1 32 3 3.04 1.06 2.1 5.0  5.5   18.5   35.6   14.9  .03777 3 8 7 3▲ 1.539.00 -.8111.1989.0719.4935.9549.3520415519.5533.7348.31 3
20260509토 4130011국640 9 99 4 1강 1151맑음건조 5 6 8델타대천        카우보이실버햄튼 5832.00한암 3 0 0 2 1   97      16500국6함완식강균호   2 4 5 5 2 8 2 0 0 4  0이용호42955.063평입상61 60 604829.046.021.21658 6215410151522292111191820      →↘자13.637.139.913.9682236.639.8 83.8 82.5  0  0 33 0   14.00   14.20 5  2  0NN동       1312-2.3 8.0 5.7484813 0일반주행보통주행44기 0 4 4     4 3 2②1:23.83     .013.740.314.2 -3  7  .00 2 5 -1  .624 8653091 3 5 5 52 2 2.05 2.04 3.7 6.1  3.7   17.5   28.0   19.9  .01526-1 4 4-1▽ -.239.80  .13 5.5283.29 3.7310.4021.24 61627 4.9514.3526.26 5
20260405일 2130011국641 9 99 5 2강 2252맑음양호 6 6 8델타대천        카우보이실버햄튼 5832.00한암 3 0 0 1 1   92      16500국6함완식강균호   2 5 4 4 1 8 1 0 0 3  0이용호42255.063기입적42 49 492617.042.024.21658 6215410151522292111191820      →↘자13.637.339.913.6552537.439.9 84.1 82.9  0 50 50 0   14.20   14.1010 -5  1HNUP       1312-2.0 9.0 7.0464612 1일반주행기복전력56기 0 2 8     8 8 7③1:24.16    1.014.040.414.2 -3 -2  .00 3 6  3 1.14040706353 6 7 3 53 1 1.02 1.03 2.1 4.5  2.1    4.5    7.3   15.9  .01528-2 4 3-2▽ -.539.70 -.08 5.7383.42 6.2614.5624.24 61325 7.2719.6726.29 4
20260125일 1120011국613 8 69 6 2강 2241맑음건조 3 6 8델타대천        카우보이실버햄튼 6326.00한암 3 0 0 2 1  188      16500국6함완식강균호   2 6 3 3 3 8 2 0 0 2  0최범현42454.593하입보51 53 532628.047.022.7315913215410151528 02111183217      →→입13.637.539.413.7131937.239.3 77.0 76.2  0  0 50 0   13.40   13.50 6  3  1BN동       1212  .0 9.0 9.0171712 0최빈거리보통주행 5기 0 7 5     5 4 5⑤1:17.02     .914.239.614.1  2  2  .05 5 3 -6 1.45347656152 5 3 4 72 2 6.01 2.09 1.4 3.7 37.3   15.5   82.3  189.3  .01322-2 4 4-2▽ -.338.10 -.33 -.6976.56 4.1212.7822.68 61325 3.2810.9116.27 7
20251214일 11200 9국642 7 99 7 2강 2256맑음불량20 6 8델타대천        카우보이실버햄튼 6326.00한암 2 0 0 2 1  118      24750국6함완식강균호   2 7 2 2 2 8 1 0 0 1  0최범현42254.093하무보14 11 1111 3.030.0 4.9315913215410151528 02111183217      →→입14.538.239.213.2 14136.738.9 74.8 75.1  0  0  0 0   14.50   13.50 5  1  0NH동       1212  .0 9.0 9.0171712 0최빈거리부진마필88기 2 4 4     5 5 5⑤1:14.8머리  .213.438.813.5 -4-16  .00 5 9  0 1.01921553473 9 5 6 92 1 6.04 7.06     5.4 13.4   25.1   65.3   18.7  .0 919-4 1 4-4▼-1.837.10 -.09-2.2876.84  .20 1.79 4.93 2 510  .12 1.79 3.02 8
20251108토 1120011국643 7 99 8 3강 3351흐림건조 3 6 8델타대천        카우보이실버햄튼 6326.00한암 2     2 1  154      24750국6함완식강균호   2 8 1 1 1 8 1 0 0 0  0김효정43854.070평무보 5 25 25 8  .027.0 3.41749 72154101515 0 02111192217      ↗→선15.238.639.512.4 1 138.438.8 77.9 77.4              15.20   12.70 4  0  0NL동       12 0         5.0     0 0일반주행우수혈통38트 0 310    111010⑨1:17.95    2.314.539.613.5  0 -2  .00 9 9  0 2.4839251791811 711110 1 2.01 1.11 1.7 4.3  4.4    4.5   11.0  137.7  .015 4-4 1 3-4▼-1.937.40 -.42 -.6677.23  .21 1.13 3.43 0 1 4 8.0916.6737.50 4
20260919토 6130011국5 2 6  9 0 1강 1151           6 9그레이팬텀      한센    상류     5830.00한암 4 0 0   1    015:15 24750국5이동국김길중  -2 016 1 623 5 0 123  0오수철   52.560평추상50 53 536815.042.018.3 733 51363 610 9 4 02011112115 0 099↘↗입13.937.838.613.42491                   13 30  039   14.10   12.80 3  3 -2BH동53.84301714-1.2 6.6 5.4646413 0마방승부마방승부61기 1 9                            14.1    12.8        .0                      11 1 7 8  5                                              .02434-1 4 4-1▽ -.438.60  .58     82.90 4.9310.4518.33 2 611 2.31 7.2313.08 9
20260830일 2130011국650 5109 1혼전 4451맑음다습11 6 9그레이팬텀      한센    상류     5830.00한암 4 0 0 9 1   50      16500국6이동국김길중  -2 11523 523 4 0 122  0오수철41554.060평추하81 88 886843.061.046.2 733 51363 610 9 4 02011112115 0 099↘↗입13.937.838.613.5228938.337.6 81.4 82.0 14 27  036   14.70   13.10 2 -3  0NNDN53.84331714 -.8 6.4 5.6636313-1마방승부마방승부57기 0 6 4     810 7③1:21.41¾   .314.137.012.8 -4 -9  .00 3 7  2  .91480 41570 8 1 1 13 4 2.0310.09 2.2 7.0  5.3   12.5   27.3   54.610.52461 1 6 4 1―  .939.00 -.19 5.6482.9020.4534.0946.2219405613.6426.3235.86 3
20260815토 2140010국613 9 69 2 1강 1151흐림건조 3 6 9그레이팬텀      한센    상류     5830.00한암 4 0 0 2 1   50      16500국6이동국김길중  -2 214221523 3 0 121  0오수철42454.060평추상93 99 996584.069.061.1 733 51363 610 9 4 02011112115 0 099↘↗입13.837.539.013.5 96539.037.2 90.7 88.7 14 24  033   14.20   13.00 4  8 -1BN동53.84331714-1.8 6.6 4.8656514 0마방승부마방승부 5   0 9 5     6 8 8⑧1:30.7목    .814.738.013.1  3 -1  .00 8 5 -2 1.43899 1355911 1 1 10 3 2.01 5.03 1.9 6.1  6.1    6.7   14.6   17.3  .03769 3 7 6 3― 1.638.40-1.0012.2088.9328.6749.6061.1237597125.5144.5659.17 1
20260718토 3140011국620 9 79 3 1강 1151흐림불량20 6 9그레이팬텀      한센    상류     5830.00한암 4 0 0 2 1   58      16500국6이동국김길중  -2 313211423 2 0 120  0오수철42555.060평추상77 85 855770.060.035.9 733 51363 610 9 4 02011112115 0 099↘↗입13.837.439.113.5145737.437.7 88.5 87.7 10 30  030   14.20   12.90 3 -6  0UL동53.54351714-1.4 6.8 5.4606013 0마주성향마방승부 5   0 1 6     7 7 4③1:28.51¼   .214.238.313.0 -4  1  .00 3 7  0  .6 767 4 677 7 1 2 33 2 1.02 3.04 2.3 4.4  2.3    4.4    7.1   17.9  .02553 0 6 5 0― 1.038.20 -.3411.1688.9311.4923.3735.93 6162718.9934.1246.15 2
20260627토 3140011국650 9109 4 3강 3352맑음건조 4 6 9그레이팬텀      한센    상류     5830.00한암 4 0 0 9 1   58      16500국6이동국김길중  -2 412201323 1 0 119  0오수철42455.060평추보60 72 723330.050.025.2 733 51363 610 9 4 02011112115 0 099↘↗입13.837.439.413.5164938.138.0 89.1 88.5 11 16  021   14.10   13.10 2  5  3NL동53.04391714 -.6 6.6 6.0575713 0최빈거리마주성향49기 0 7 7    1010 8⑤1:29.1½    .714.238.312.9 -2 -8  .00 5 7  0  .82789 72861 7 3 1 63 1 3.0611.03 3.610.3  5.5   20.9   40.0   30.112.12243 0 5 3 0― -.138.40 -.2411.7189.14 7.1216.0625.22 41222 6.9020.0026.74 4
20260614일 3140011국630 7 89 5 1강 1151흐림건조 3 6 9그레이팬텀      한센    상류     5830.00한암 4 0 0 2 1    8      24750국6이동국김길중  -2 511191223 5 0 118  0권중석43252.066평추상55 74 745153.059.035.01341 61363 610 9 0 02011191818 0 099↘→선13.937.439.613.6204138.437.8 89.7 88.7 11 17  022   14.50   13.10 3 -4  0HH동53.04391714 -.8 7.0 6.2525213 0마주성향탄력호전32관 0 2 7    1111 9⑧1:29.7¾    .914.138.213.1  1-10  .00 8 7  1 1.13495 43254 6 2 3 43 6 3.04 1.06 2.1 5.0  5.5   18.5   35.6   14.9  .02547 1 6 4 1―  .738.40 -.6311.6689.28 9.0421.7934.97 92034 6.7715.6929.66 6
20260524일 3140011국650 9109 6혼전 4459맑음다습11 6 9그레이팬텀      한센    상류     5830.00한암 4 0 0 2 1   48      16500국6이동국김길중  -2 610181123 4 0 117  0권중석44252.066평추상30 60 604351.062.053.51341 61363 610 9 0 02011191818 0 099↘→선13.937.339.713.6213738.438.2 89.7 88.4 12 12  024   14.90   13.20 5  0  0NH동53.54371714  .2 6.6 6.8494913 0마방승부마주성향46관 0 610    1111 9④1:29.7½    .514.538.413.1 -2  4  .00 4 6  0  .82495104769 6 3 1 23 5 5.10 7.11 3.6 9.6  6.6  159.3  236.7 1192.312.72848 2 7 6 2― 1.038.50-1.1011.3889.2821.1538.8253.4819405620.6339.4241.38 2
20260419일 31400 9국621 9 79 7 1강 1159맑음건조 4 6 9그레이팬텀      한센    상류     5830.00한암 4 0 0 2 1   89      16500국6이동국김길중  -2 7 9171023 3 0 116  0권중석43852.066평추상11 36 363027.046.038.01341 61363 610 9 0 02011191818 0 099↘→선13.937.439.813.6203039.437.8 91.2 89.2 13 13  013   14.10   14.30 2  4  0NH동55.04361714  .8 6.2 7.0434313 0최빈거리마방승부31기 0 6 8     9 8 8④1:31.21     .414.938.713.2 -2 -2  .00 4 6 -2  .95899 57170 7 1 3 33 4 3.04 7.03 1.6 3.1 10.9   41.8   80.2  301.5  .02431 0 4 3 0― -.438.60 -.8312.0089.4114.8625.2937.9712264012.2028.8543.11 3
20260405일 3140010국610 9 69 8혼전 4458맑음양호 6 6 9그레이팬텀      한센    상류     5830.00한암 4 0 0 1 1   29      24750국6이동국김길중  -2 8 816 923 2 0 115  0권중석44052.066평추하 9 34 342814.041.024.91341 61363 610 9 0 02011191818 0 099↘→선13.937.539.713.6123436.740.4 91.9 89.9 13 20  0 7   14.10   14.20 4  1  1HN동55.04361714 1.4 5.2 6.6464613 0최빈거리보통주행44기 0 2 2     3 3 5⑥1:31.91¼  1.014.141.414.3 -2  6  .00 6 8  2 1.27527776753 7 3 7 62 3 2.04 4.07 1.5 4.0  5.3   18.8   35.2   33.2  .01827 0 2 3 0― -.538.60 -.4912.7089.41 6.3014.9424.90 41222 6.2513.1116.34 6
20260308일 3140010국651 9109 9혼전 4459맑음다습13 6 9그레이팬텀      한센    상류     5830.00한암 4 0 0 2 1   71      24750국6이동국김길중  -2 9 715 823 1 0 114  0권중석43451.066평추보15 29 293612.040.022.31341 61363 610 9 0 02011191818 0 099↘→선13.937.539.613.6114137.840.4 91.2 90.7 14 21  021   14.80   13.70 4 -7  0UUDN55.04361714  .6 5.4 6.0494913-3마방승부보통주행74기 0 1 5     6 4 7⑧1:31.2¾   1.114.140.614.2  2  0  .00 8 6 -3 1.58882788848 7 4 5 70 2 4.01 8.02 3.7 7.8  6.4   15.6   35.0   19.3  .02347 0 2 3 0― -.638.80 -.3513.6189.34 7.4314.1922.34 41118 3.5710.7712.88 8
20260207토 3170011국651 910910 1강 1153맑음건조 2 6 9그레이팬텀      한센    상류     5830.00한암 4 0 0 2 1   71      16500국6이동국김길중  -210 614 123 1 0 113  0조성환43451.053평추하41 59 594010.035.010.9 718 61363 610 9 3 02011 91720 0 099↘→추13.940.340.913.7146540.142.2116.0115.2 15 23  023   14.40   14.10 3 -1 -4NUUP55.04361714  .4 4.8 5.2545413 3마주성향마방승부38관 0 8 9 910111110⑨1:56.0코   1.814.841.713.7  0 12  .00 9 9  5 3.28765788432 9 1 4 90 1 2.11 6.03 2.6 6.6  4.1  121.2  154.3  495.8  .02521-1 1 1-1▽ -.941.10  .2133.98113.9 2.11 5.2710.90 1 4 9 4.05 8.9214.01 7
20260117토 3140011국642 9 4911 2강 2251맑음건조 5 6 9그레이팬텀      한센    상류     5830.00한암 4 0 0 2 1   61      16500국6이동국김길중  -211 513 723 2 0 112  0장추열42255.093평추하70 61 613345.055.034.02949121363 610 9 9 02011202722 0 099↘↗입13.937.539.413.7105337.639.4 90.7 89.1 17 25  017   13.90   13.30 5 -1  0LN동55.04361414 -.4 5.2 4.8515113 0마방승부마주성향50조 1 9 9    1110 7⑦1:30.7½    .914.440.114.1  3  1  .00 7 4  0 1.25680506755 9 3 3 33 2 2.0610.03 2.2 3.4  3.2   26.5   34.4  141.7  .02331-2 5 3-2▽  .238.50 -.5412.1989.21 8.4621.5733.96133045 9.4315.7925.69 4
20251214일 5140011국630 7 8912혼전 4451맑음포화18 6 9그레이팬텀      한센    상류     5830.00한암 3 0 0 2 1   93      16500국6이동국김길중  -212 412 623 1 0 111  0장추열42155.093평추하73 83 835455.064.037.32949121363 610 9 9 02011202722 0 099↘↗입13.837.439.313.7125737.339.2 88.4 88.6 18 27  027   15.10   13.70 5  8  4BN동55.04361414 -.4 5.4 5.0555513 0마방승부마방승부54조 110 5     6 6 4⑤1:28.4¾   1.413.938.913.3  1 -1  .00 5 4  1 1.54068435339 6 1 2 52 1 3.09 1.02     5.0  5.0   74.2  107.2   47.5  .02478 0 6 5 0―  .838.40 -.5011.9489.0712.2525.1737.33 8182913.5124.4233.10 5
20251109일 31400 9국642 9 4913 2강 2258맑음건조 3 6 9그레이팬텀      한센    상류     5830.00한암 3 0 0 2 1  141      16500국6이동국김길중  -213 311 523 1 0 110  0권중석42251.066평추상79 83 836463.062.074.41341 61363 610 9 0 02011191818 0 099↘→선13.837.439.413.6185338.138.7 90.7 88.7 20 20  010   14.70   13.60 5 -8 -4HU동55.04361413-1.4 6.4 5.0565613 0마주성향마방승부68조 0 2 9     9 9 6④1:30.7½    .515.139.313.7  1  4  .00 4 3 -4  .63890245868 8 1 1 13 1 2.01 1.04 2.4 3.6  3.8    3.6    7.4   13.8  .02574 1 6 6 1―  .838.50-1.5311.9089.1431.7856.1774.3918375419.2340.7155.43 2
20251004토 3140011국651 910914 2강 2251맑음다습10 6 9그레이팬텀      한센    상류     5830.00한암 3 0 0 1 2  229      16500국6이동국김길중  -214 210 423 2 0 1 9  0이용호41855.061평추상76 72 724015.047.020.21267 0 725 010 9 0152011191820 0 099↗→자13.837.339.613.7214137.938.5 90.3 88.5 22 22  011   14.50   13.20 6  8  0BNUP55.04361413-1.6 6.6 5.0545413 1편성만만마주성향31조 11010    1011 8⑤1:30.31½   .714.739.313.6 -2 -1  .00 5 7  1 1.03084214562 5 6 4 73 4 1.0211.03 2.9 7.4  2.9    9.7   16.4   20.7  .02942-1 4 1-1▽ -.238.50 -.1711.6089.21 4.1910.9920.24 2 715 2.50 8.0712.66 6
20250824일 2130010국612 4 6915 2강 2251흐림건조 4 6 9그레이팬텀      한센    상류     5830.00한암 3 0 0 2 2  35711:00 16500국6이동국김길중  -215 1 9 423 1 0 1 8  0이용호41955.061평추보69 58 5833 3.035.012.11267 0 725 010 9 0152011191820 0 099↗→자13.837.639.413.8345338.737.9 82.3 82.4 25 13  0 0   14.40   13.70 8  1  0HNDN55.04361413-1.0 6.8 5.8484813-1일반주행최적거리40관 1 210    10 9 7⑤1:22.3¾    .914.537.913.2 -1 -5  .00 5 6  0 1.22191 94052 7 4 4 73 3 1.04 6.03     5.1  1.9    7.5   11.8   90.3  .01515-3 2 1-3▼-1.239.30  .38 5.4183.29 1.54 6.0012.12 2 511  .12 2.27 5.8110
20260919토 6130011국5 2 6  4 0 1강 1151           610에클레어        섀클포드레인스터 6626.00한암 5 0 0   1    015:15 24750국5서홍수제이엘피 0 016 31323 1 1 123  0김아현   52.557평자보50 41 412110.034.0 9.8 867 01851 82410 0 0261715201399 0 0→→입13.837.139.313.97334                   11 16 1126   14.10   13.70 4  6  1BN동52.74701813-2.2 9.2 7.0292912 0일반주행급신장세49기 010                            14.1    13.7        .0                       9 61011  9                                              .01511-3 2 2-3▽-1.139.30  .80     82.90 1.36 4.02 9.76 1 3 6 2.31 5.62 9.8111
20260823일 51300 8국552 5104 1 1강 1151맑음포화16 610에클레어        섀클포드레인스터 6626.00한암 5 0 0 2 1   67      24750국5서홍수제이엘피 0 115 21223 1 1 122  0김옥성45152.058평자보 5  4  4 8 3.027.010.0 6 0 61851 8241022 0261714161899 0 0→→추13.837.139.413.9733038.339.2 81.7 83.2 11 17 1128   13.70   15.10 9  2 -1VHDN52.74701813-1.6 9.4 7.8242412-3능력한계보통주행 5   0 4 7     7 7 7⑤1:21.7머리 1.214.138.813.7 -3 -4  .00 5 8 -1 1.25282466943 5 7 8 80 1 1.04 3.02 3.0 5.5  3.0    6.6   12.1    7.1  .013 6-3 1 1-3▼-1.540.00  .74 6.7282.97 1.28 4.7110.00 2 611  .12 1.94 5.15 8
20260620토 71600 9국412 7 64 2혼전 4451비  불량20 610에클레어        섀클포드레인스터 6626.00한암 5 0 0 2 1  165      33000국4서홍수제이엘피 0 214 1 123 7 1 121  0김아현45552.557기선적17 10 1015 5.028.0 4.1 867 01851 82410 0 0261715201399 0 0→→입13.736.640.113.7511236.642.2103.8105.3 12 18 1224   13.90   14.80 3  0  0NHUP52.74701813-2.0 9.6 7.6282812 2발길대로기복전력 5기 0 2 3   3 4 6 8⑧1:43.8½   3.513.741.415.1 -1 -4  .00 8 9 -2 3.79260939511 5 610102 8 1.05 1.10 1.7 4.9  1.7    6.5    9.6   47.0  .012 1-4 1 1-4▼-1.840.10  .4328.58103.4  .19 1.55 4.12 1 4 7 1.28 4.57 8.7310
20260530토 6140011국514 8 64 3 1강 1151맑음양호 7 610에클레어        섀클포드레인스터 6626.00한암 5 0 0 9 1   55      24750국5서홍수제이엘피 0 313 4 523 6 1 120  0김아현45952.557기자적 6  6  6 8 3.033.011.6 867 01851 82410 0 0261715201399 0 0→→입13.837.139.613.6411936.940.8 91.0 89.8 13 13 1319   14.00   14.70 3  1  0HH동52.74701813-1.2 9.2 8.0242412 0숨은복병기복전력66기 1 2 7     9 9 8⑦1:31.02½  1.713.941.414.8 -4  0  .00 711  1 2.07035847832 9 411110 7 2.04 9.07 2.3 7.6  5.8   25.2   40.5   33.3  .01911-3 2 1-3▼-1.239.00  .1613.0589.07 1.66 6.1411.58 0 2 5  .12 2.29 5.7310
20260509토 7140010국552 7 54 4혼전 4451맑음건조 5 610에클레어        섀클포드레인스터 6626.00한암 5 0 0 2 1   54      24750국5서홍수제이엘피 0 412 3 423 5 1 119  0김아현45952.557평자상29 29 293110.037.011.4 867 01851 82410 0 0261715201399 0 0→→입13.737.139.613.6401937.740.6 91.3 91.0 13 13 2013   14.50   12.80 5-10  0UHUP52.74701813-1.4 9.4 8.0303012 2일반주행탄력호전 5   0 1 4     8 9 9⑧1:31.36    3.014.040.914.7 -2 -4  .00 810  2 3.59077818813 7 8 8110 6 4.02 5.08 2.5 5.0  7.2   10.6   24.1   23.7  .01522-1 3 2-1▽-1.039.30  .1914.2889.07 1.74 5.1311.36 1 2 4 3.53 7.4912.29 8
20260404토 5120011국544 7 94 5 1강 1153맑음양호 7 610에클레어        섀클포드레인스터 6720.00한암 5 0 0 1 1  100      24750국5서홍수제이엘피 0 511 2 223 4 1 118  0김아현46352.559평무보18 15 15 4 3.028.0 8.5 867 01851 82410 0 0261715201399 0 0→→입13.737.638.813.9182739.237.1 76.8 76.2 14 14 21 7   14.90   14.30 3  3  0VHDN52.74701813-1.210.0 8.8202014-5발길대로부진마필37기 01111    111110⑦1:16.8¾    .914.537.512.8 -1 -4  .00 7 8 -1 1.25599 4605511 410113 5 1.03 6.04 1.7 5.0  1.7    5.9    7.9    9.3  .0 6 1-4 1 1-4▼-1.638.00  .38 -.2476.28 1.41 3.24 8.46 1 3 6  .12 2.78 6.7011
20260315일 6170011국452 5104 6 3강 3356맑음양호 6 610에클레어        섀클포드레인스터 6626.00한암 5 0 0 2 1   47      33000국4서홍수제이엘피 0 610 1 223 3 1 117  0김아현46752.557기무적 9  2  2 4 3.026.0 6.7 867 01851 82410 0 0261715201399 0 0→→입13.739.341.413.8751340.541.5114.2114.4 15 23 2323   14.00   14.80 8  5  2LNDN52.74701813 -.8 9.8 9.0161614-1능력한계기복전력54기 0 8 7 7 8 8 910⑨1:54.26    2.114.941.514.3  0  3  .00 9 9 -1 2.37478637824 4 711110 4 2.07 1.02 3.4 5.9  3.7   25.5   43.0   25.6  .012 1-4 1 1-4▼-1.741.90  .5633.74113.6  .76 3.06 6.71 1 3 6  .12 3.17 7.1811
20260117토 7180011국551 6104 7 1강 1141맑음건조 5 610에클레어        섀클포드레인스터 9128.00한암 5 0 0 2 1  151      33000국5서홍수제이엘피 0 7 915 123 2 1 116  0김아현46451.057기무보 5  4  4 1 3.031.0 4.1 867 01851 82410 0 0261715201399 0 0→→입13.740.640.713.4182738.642.7119.9120.2 17 25 1725   13.90   13.20 5  1 -1HUUP52.74701813 -.6 8.6 8.0282814 5발길대로기복전력 5   0 3 2 2 2 4 4 7⑦1:59.95    1.914.042.714.8 -3 -7  .00 710  1 2.477 490672710 6 9112 3 2.01 6.01 2.9 5.2  3.1    5.2    9.3    9.5  .012 1-4 1 2-4▼-1.940.50  .2438.89119.0  .30 1.43 4.10 1 4 7  .12 2.11 5.1510
20251214일 6130010국533 3 84 8혼전 4451맑음포화18 610에클레어        섀클포드레인스터 6626.00한암 4 0 0 2 1   92      24750국5서홍수제이엘피 0 8 8141123 1 1 115  0김아현47152.057기무적 5 11 1123 7.031.0 8.4 867 01851 82410 0 0261715201399 0 0→→입13.737.539.313.5414138.339.7 82.7 84.7 18 27  936   15.10   12.90 2 -1  0HUDN52.74701713-1.2 8.2 7.0373714-1최빈거리기복전력40기 0 2 5     9 9 9⑨1:22.71    2.813.938.813.2  0  9  .00 9 9 -2 3.18883678211 7 910100 2 3.05 7.05     4.6  4.2   24.4   56.3   16.8  .01211-1 1 1-1▽-1.440.00  .61 7.9183.16 1.72 3.72 8.40 1 4 7 2.38 5.7111.91 9
20251130일 5140011국513 7 64 9 1강 1157흐림다습10 610에클레어        섀클포드레인스터 6626.00한암 4 0 0 9 1   73      24750국5서홍수제이엘피 0 9 713 323 1 1 114  0푸르칸46252.078기선보 5  6  63112.043.024.32457151851 8241019 0261714242199 0 0↗→추13.737.139.613.9401338.838.6 90.1 89.8 20 20 2020   14.90   15.50 3 -1  0HUUP52.74701713-1.0 7.4 6.4444414 1숨은복병기복전력64기 0 311    111111⑧1:30.1¾   1.415.138.812.9 -3  0  .00 811  0 2.47398227640 7 511 53 1 1.06 2.06 1.3 5.1  1.3    7.8   11.2   18.0  .01950 0 4 5 0― -.339.00 -.1513.1189.07 5.7415.1624.29 61627 3.45 9.7217.95 7
20251109일 5130011국511 5 6410혼전 4451맑음건조 3 610에클레어        섀클포드레인스터 6626.00한암 4 0 0 2 1  139      24750국5서홍수제이엘피 010 6121023 1 1 113  0이용호46252.063기선적14 13 1340 9.039.012.61658 61851 8241021 0261719182099 0 0→↘자13.737.339.513.9582540.241.9 87.6 88.2 22 22 2222   13.80   14.90 6 -4  0VU동52.74701713-1.0 7.0 6.0464614 0일반주행기복전력49기 0 411    111111⑪1:27.69    5.714.941.715.5  0 -3  .001111  3 5.999999599 3 8 811110 5 1.07 6.03 1.6 4.9  1.6   18.8   25.0   84.5  .01527-1 3 4-1▽ -.841.00  .4811.3883.16 3.22 6.6712.63 0 1 4 2.25 6.0910.5410
20250927토 5130011국542 3 9411 1강 1151맑음다습11 610에클레어        섀클포드레인스터 6626.00한암 4 0 0 9 2  25916:35 24750국5서홍수제이엘피 011 511 923 1 1 112  0김아현46552.059기선적40 32 3230 2.034.0 9.11150 61125 52410 0 0261715201399 0 0↘→입13.737.439.313.9533437.641.6 84.9 85.8 25 25 2525   13.60   13.90 2  2  0NU동52.74701713 -.8 6.8 6.0505013 0일반주행기복전력 5   0 8 3     5 8 9⑩1:24.97    3.713.841.314.9  2  5  .0010 8  4 3.895489493 5 7 7 8110 1 2.03 1.03     4.6  4.3    9.1   18.1   41.8  .01512-2 1 1-2▽-1.340.30  .65 9.1483.10 1.12 4.01 9.13 1 4 7  .82  .87 3.6510
20250914일 31300 9국511 1 6412 2강 2251맑음다습14 610에클레어        섀클포드레인스터 6626.00한암 4 0 0 2 2  29311:25 24750국5서홍수제이엘피 012 410 823 6 1 111  0김효정46052.077기선적17 18 1830 7.038.011.81642 51125 5241018 0261719221799 0 0↘↗선13.737.439.513.9532537.239.6 82.1 83.6 25 25 2525   13.70   14.90 4 -3  0NU동52.74701713  .0 7.4 7.4353513 0일반주행기복전력72기 1 6 3     3 5 7⑧1:22.12    2.313.639.113.9  4 -5  .05 8 4  0 2.36332614816 5 4 8 72 6 3.02 1.05     3.9  7.5   16.0   30.7   51.0  .01521-1 3 1-1▽ -.939.80  .44 6.7283.23 2.15 5.4011.78 41118 1.37 3.95 8.29 7
20250817일 4130011국534 7 3413혼전 4451맑음양호 8 610에클레어        섀클포드레인스터 6626.00한암 4 0 0 2 2  37612:45 24750국5서홍수제이엘피 013 3 9 723 5 1 110  0김효정46552.077기선적46 50 503138.054.029.81642 51125 5241018 0261719221799 0 0↘↗선13.737.439.413.9513036.541.5 83.9 84.2 25 25 2525   13.60   13.70 5  7  0LU동52.74701713 -.8 7.6 6.8434313 0착차만회기복전력 5   0 9 2     2 5 6⑧1:23.95    1.713.741.514.9  4 -5  .09 8 4  0 2.079 5938032 7 6 7 52 5 1.08 2.06     2.9  2.0   54.6   77.8   33.3  .02537 0 5 5 0―  .339.90  .00 7.4483.1610.4820.8129.76 8182912.2022.3431.07 3
20250712토 41300 9국531 3 8414혼전 4451맑음건조 5 610에클레어        섀클포드레인스터 6626.00한암 4 0 0 2 3  47113:45 24750국5서홍수제이엘피 014 2 8 623 4 1 0 9  0김효정47052.072평무상21 21 212611.039.017.7244416234713241018 0261719221799 0 0↘↘선13.837.439.313.9483737.338.3 82.0 82.0 14 14 2914   13.70   14.30 4 -5  0HUDN53.04711713 -.8 8.4 7.6333314-1최빈거리거리난점46기 0 2 2     2 2 1②1:22.0목    .013.638.413.7 -2 -1  .00 2 4 -3  .01037181183 7 6 9 81 4 3.04 8.02     5.1  3.7   16.9   33.1   17.2  .0 913-2 2 3-2▽ -.839.40  .40 5.2583.10 4.71 9.6417.68 2 714 4.7611.1118.99 8
20250615일 31400 8국530 6 3415 2강 2261맑음건조 3 610에클레어        섀클포드레인스터 6626.00한암 4 0 0 2 3  54311:25 24750국5서홍수제이엘피 015 1 7 223 3 1 0 8  0김효정47152.072평자하 7  8  82820.048.024.6244416234713241018 0261719221799 0 0↘↘선13.937.439.413.9192736.340.1 88.7 88.7 17 17 1717   14.80   14.30 5  3  0NUDN54.04701713-1.0 8.3 7.3393913-3일반주행보통주행58기 1 7 1     1 1 3④1:28.74     .813.740.014.3 -3  2  .00 4 7  3  .83611734757 6 5 8 61 3 3.01 8.02     2.9  4.9    3.3    9.0   20.6  .01836 0 4 5 0―  .138.40 -.2411.8589.14 4.8212.9024.62 51220 3.60 7.5517.76 7
20260919토 6130011국5 2 6  5 0 1강 1151           611운주클리어      모던카우톱오브챌 3332.00한암 3       1    015:15 24750국5김동철부수선  -5 0 4 1 1 0 1 1 1 0  0송재철   53.577우입적82 78 787885.055.035.41644 72452121736 0 01614192520 099 0↘↗입13.736.839.413.58861                   67 33 3333   13.80   13.4028  9  1VN동54.04771312 2.3 1.7 4.0707012 0숨은복병마주성향28기 011                            13.8    13.4        .0                       4 7 1 3  1                                            12.03375 2 7 6 2△  .839.40  .23     82.7811.2823.5435.35 6162720.0034.5446.59 2
20260302월 5130011국542 3 95 1혼전 4451비  양호 9 611운주클리어      모던카우톱오브챌 3332.00한암 3 1 1 1 3  566      24750국5김동철부수선  -5 1 3 1 1 3 1 1 1 2  1조재로47752.587강입보60 84 848579.064.031.92744172643 8173622271614192622 099 0↘→입13.737.139.113.5708036.841.0 83.1 84.1100 50  050   13.80   14.00 9 -7 -2UUUP54.04771312  .0 1.5 1.5919112 1마주성향승부최상70기 1 2 1     3 4 8⑨1:23.11    1.813.540.714.6  7  0  .00 9 2  1 1.97715887527 4 6 2 40 1 6.04 1.11 2.1 5.5 20.2   53.4  151.6  293.812.74595 2 9 8 2▲ 1.040.20  .31 7.9182.7810.6821.0931.9410223517.2430.5142.25 2
20251227토 2120011국610 9 65 2 1강 1159맑음다습14 611운주클리어      모던카우톱오브챌 1135.00한암 2 0 1 9 1  168      16500국6김동철부수선  -5 2 2 2 2 3 1 0 1 1  1유승완47754.072강입보99 99 998188.066.074.11960 8245212173620 01614152722      →↘입13.637.238.313.1509936.839.1 76.1 75.6100100  0**   13.60   13.30 5  6  0BH동       1212  .0 2.0 2.0858512 0마주성향마주성향 5기 1 9 5     4 4 1①1:16.13    -.513.839.414.0  0-17  .00 1 1 -1  .03627594396 6 5 1 12 1 1.02 9.02 1.2 3.6  1.2    3.6    4.2    6.312.03182 2 8 8 2▲ 1.438.20-1.01  .1475.7833.0157.8274.1137597123.8139.1824.02 1
20251122토 1120012국611 4 15 3 1강 1151맑음건조 3 611운주클리어      모던카우톱오브챌 1135.00한암 2     2 1  11010:35 24750국6김동철부수선  -5 3 1 1 1 3 1 0 0 0  0문세영49454.073평무보   25 2540  .066.048.53845 0245212173653 01614293615      ↗↘입13.736.738.512.8    37.337.3 74.9 74.8              13.70   13.10        NN동       12 0                 0 0숨은복병마주성향50기 0 3 2     3 3 2②1:14.99     .013.637.913.3  0 -1  .00 2 2  0 1.5 951 6 781 1 1 6 32 1 1.02 4.03     2.8  1.5    2.8    4.5    5.3  .02581 1 7 7 1△ 1.138.50 -.10 -.4475.6118.0134.6348.45142947 7.2815.2833.57 4
20260919토 7170011외4 2 8  3 0 1강 1153           7 1피프티나인킹    KNOWN AGSWINGINF 5244.00미거 3 0 0   1    016:10 24750국5백종수변갑한   2 01010 2 9 1 0 0 9  0김태희   57.060기무적50 40 403117.051.022.81246 733711838 0 0 05533152416 050 0↘→입13.839.941.314.24334                    0 22 11 0   14.60   13.30 8 -8  1UB동53.54441712-1.6 9.4 7.8424217 0일반주행기복전력47기 1 1                            14.6    13.3        .0                      10 710 5  3                                            12.03146 2 5 6 2―  .241.30 -.07     113.9 5.5414.1422.79 81829 4.3012.2420.56 9
20260726일 4170011국552 2103 1혼전 4451맑음양호 9 7 1피프티나인킹    KNOWN AGSWINGINF 5244.00미거 3 0 0 9 1  139      24750국5백종수변갑한   2 1 9 9 1 9 1 0 0 8  0김성현43756.059하입보18 26 26 715.050.018.91440 933711838 0 0 05533162319 099 0↗↘입13.839.641.714.2571740.240.1111.5112.7  0 13 13 0   13.70   15.10 4  1  5LBUP51.04511712-1.0 9.4 8.4303012 1뒷심부족거리속성92기 1 9 6 6 6 7 8 7⑧1:51.5½    .714.639.813.3 -3-12  .00 811  5  .82668223157 51011 90 1 4.01 3.05 3.5 9.2  7.7   12.7   28.7  146.9  .02341 0 4 5 0―  .041.40 -.0331.42114.0 5.0911.9218.87 1 4 7 3.23 9.1815.38 9
20260628일 8160010외451 8103 2 1강 1139맑음건조 3 7 1피프티나인킹    KNOWN AGSWINGINF 5244.00미거 3 0 0 9 1   63      33000혼4우창구변갑한   2 2 8 8 2 9 2 0 0 7  0김태희44951.560하무적40 25 251511.045.025.51246 72052 9201814 02211152416 099 0↘→입13.837.239.413.4157635.341.6103.0103.3  0 14  014   14.10   13.60 3  0  1NV동51.04511612 -.2 9.8 9.6212112 0일반주행단기승부40기 0 8 3   3 3 3 3④1:43.0½    .613.741.915.1 -2 -2  .00 4 6 -3 1.761 3887565 8 2 6 62 2 1.05 2.03 3.1 6.6  3.1   10.4   17.0   24.1  .02025 0 3 5 0―  .039.40 -.0326.69103.4 7.0416.6125.47 41120 4.5510.6018.60 7
20260607일 61600 9외453 8103 3혼전 4451맑음양호 6 7 1피프티나인킹    KNOWN AGSWINGINF 5244.00미거 3 0 0 1 1   25      33000혼4우창구변갑한   2 3 7 7 1 9 1 0 0 6  0김태희45151.060하무하 5  1  115 4.034.0 4.81246 72052 9201814 02211152416      ↘→입13.737.340.613.2 9 236.838.6103.9101.9  0  0  0 0   14.40   14.60 2  4 -2NHUP       1612  .410.010.4 9 912 4탄력저조부진마필40기 0 8 3   3 3 3 5⑥1:43.9½    .614.139.413.6 -3 -1  .00 6 9 -1  .91471222763 91010102 1 2.0610.05 3.2 6.1  3.7   16.3   23.7   13.7  .0 5 1-4 1 5-4▼-1.640.60 -.1523.95104.1  .54 1.52 4.78 1 4 7  .78 2.51 6.0010
20260524일 9120011외451 5103 4 3강 3351맑음다습10 7 1피프티나인킹    KNOWN AGSWINGINF 52     미거 3 0 0 2 1   22      33000혼4우창구변갑한   2 4 6 6 4 9 6 0 0 5  0조한별45252.562하무보 7  1  1 3 3.029.0 3.21421102052 92018 5 02211122118      ↗↘입13.737.739.513.2 8 738.241.2 78.0 79.5  0  0  0 0   13.80   14.30 4 -5  0HH동       1312 -.610.4 9.8121212 0최빈거리거리난점43기 0 4 9    101111⑪1:18.06    4.114.440.314.6  1 -2  .001110 -1 4.398909497 6101011110 6 1.07 7.01 3.0 5.9  3.0   14.1   19.7   19.011.2 9 1-4 1 2-4▼-1.938.90  .08 2.3276.73  .19 1.02 3.24 1 2 4  .12 2.13 5.0711
20260425토 8120011외453 5103 5혼전 4451맑음건조 3 7 1피프티나인킹    KNOWN AGSWINGINF 52     미거 3 0 0 9 1   74      33000혼4우창구변갑한   2 5 5 5 3 9 5 0 0 4  0조한별45452.562하무보 5  1  1 2 4.030.0 6.31421102052 92018 5 02211122118      ↗↘입13.737.939.313.2 5 937.240.8 77.4 78.0  0  0  0 0   14.20   14.4011  4  0BHDN       1312 -.510.3 9.8111112-1최빈거리부진마필86기 0 9 4     6 8 9⑩1:17.4½   2.313.840.314.3 -1 -6  .001011  0 3.19145918919 810 9110 5 2.03 4.11 2.9 7.1  4.3   16.3   28.6   29.3  .0 9 1-4 1 2-4▼-1.738.30 -.01  .7976.73  .64 2.75 6.26 1 3 9 1.25 3.28 6.2511
20260207토 7130011외434 3 83 6혼전 4451맑음건조 2 7 1피프티나인킹    KNOWN AGSWINGINF 5244.00미수 3 0 0 2 2  214      33000혼4우창구변갑한   2 6 4 4 2 9 4 0 0 3  0조한별46052.560하무보 5  1  1 1 4.028.0 3.9 833 42136 42018 5 02211122118      ↗↗입13.738.040.113.2111538.641.9 84.5 86.5  0  0  0 0   13.70   14.40 3  3 -1NHUP       1312 -.710.0 9.3131312 1일반주행거리속성39기 0 5 9     91011⑪1:24.53    4.814.240.914.4  0  2  .001111  3 4.997889598 3111011110 4 1.02 2.01 2.8 3.9  2.8    3.9    7.1    3.8  .015 1-4 1 1-4▼-1.839.90 -.08 8.3784.00  .15 1.44 3.87 1 2 4 1.04 2.93 6.7111
20260118일 9120011외442 2 93 7 3강 3351흐림건조 5 7 1피프티나인킹    KNOWN AGSWINGINF 52     미수 3 0 0 2 1   44      33000혼4우창구변갑한   2 7 3 3 2 9 3 0 0 2  0조한별45853.062하무보 6  1  1 4 3.026.0 3.51421102052 92018 5 02211122118      ↗↘입14.338.139.113.2 23037.539.4 76.2 77.1  0  0  0 0   14.30   14.10 3 -7  0HHDN       1312-2.011.0 9.0111112-1최빈거리부진마필68기 0 2 6     5 7 8⑩1:16.21¾  2.313.739.414.4  2  7  .0010 8 -2 3.27964707418 9 911110 3 5.0410.11 2.8 5.3 12.7   25.9   49.0  215.211.2 9 1-4 1 1-4▼-1.837.80  .08 -.1476.73  .13 1.23 3.48 0 1 4  .12 1.67 4.3510
20251228일 7130011외451 3 53 8 3강 3355맑음다습12 7 1피프티나인킹    KNOWN AGSWINGINF 5244.00미수 2 0 0 9 1   4715:20 33000혼4우창구변갑한   2 8 2 2 1 9 2 0 0 1  0조한별45153.061하무상23  3  311 3.027.0 8.91421102052 92018 5 02211122118      ↗↘입14.338.339.113.2 38938.541.0 85.0 86.2  0  0  0 0   14.30   13.50 5  2 -3NHUP       1312-4.012.0 8.0181812 1일반주행거리속성45기 0 911    111110⑩1:25.06    4.214.340.714.1  0 -2  .001010 -2 5.397889095 410 4 7 90 2 2.01 2.01     4.6  4.0    4.6    9.3   19.511.215 9-2 1 1-2▽-1.639.50  .22 8.7983.55 1.46 3.34 8.87 1 2 4  .12 2.80 6.3810
20251122토 3120012외420 2 73 9 1강 1159맑음건조 3 7 1피프티나인킹    KNOWN AGSWINGINF        미수 2     2 1  10811:25 41250혼4우창구변갑한   2 9 1 1 1 9 1 0 0 0  0조한별45356.062평무보 7 25 2519  .032.011.41421102052 92018 5 02211122118      ↗↘입14.537.840.113.932 138.837.8 76.3 76.9              14.50   14.20        LN동       12 0         9.0     0 0일반주행보통주행48기 0 7 7     8 8 8⑧1:16.32½  2.314.338.213.5 -4  4  .00 812  0 2.77397176618 71211100 1 4.01 2.04     2.7  8.9    7.6   22.3   17.5  .01514-2 2 3-2▽-1.138.00 -.54-1.0177.12 1.67 4.8711.38 0 4 6 8.5917.4632.75 6
20260919토 7170011국5 2 8  3 0 1강 1153           7 2내길의여정      위드디스포더윈   1936.00한거 4 0 0   1    016:10 24750국5서인석유종국   1 016 4 218 1 1 218  0이동하   56.591평입보50 47 474267.066.044.83254151949 918 0 7 020112524193367 0↗↘선13.739.041.613.99317                   27 33 47 0   13.50   13.20 4 -7  0HLUP53.84901712-1.0 7.6 6.6454513 4숨은탄력거리속성59기 1 2                            13.5    13.2        .0                       2 9 8 2  1                                              .03788 3 7 9 3▲ 1.341.60 -.26     113.515.7532.3644.8318375412.9023.4733.64 2
20260822토 4130010국550 7103 1 3강 3351비  불량20 7 2내길의여정      위드디스포더윈   1936.00한거 4 0 0 2 1   78      24750국5서인석유종국   1 115 3 218 1 1 217  0다실바47656.582평입상16 17 175344.056.032.11357 31949 918 035 020112128124060 0↗↗선13.736.739.614.0922736.939.1 79.7 81.9 29 29 43 0   13.30   14.50 8 -2 -1LNDN53.34921712 -.8 7.0 6.2474712-1일반주행거리속성27관 0 9 3     3 4 4⑥1:19.7코    .213.538.013.2 -1 -6  .00 6 7 -2  .71120442172 1 510 42 1 2.01 5.10 2.9 6.0  3.7    6.0   11.0    9.510.92878 2 6 6 2―  .640.10  .26 5.6082.8411.0720.7932.09 51425 8.5120.5129.59 5
20260628일 4140011국553 7103 2 3강 3351맑음건조 3 7 2내길의여정      위드디스포더윈   1936.00한거 4 0 0 9 1  138      24750국5서인석유종국   1 214 2 218 1 1 216  0김태훈48257.071평입보29 29 295319.044.018.11755 71949 918 014 020111224214060 0↗→입13.736.539.813.9811736.540.8 89.4 89.8 31 38 38 0   13.40   14.60 4  3  5VBUP53.34921712-1.4 7.2 5.8515112 2일반주행보통주행55기 011 2     4 5 7⑧1:29.4¾   1.813.340.814.5 -1-13  .00 8 9  1 1.87320847227 2 8 9 62 1 1.03 4.06 2.8 5.4  2.8    3.4    5.7    8.1  .01543 0 4 5 0― -.439.60  .2513.5288.80 4.36 9.8018.06 41118 2.86 6.9715.58 9
20260530토10120011국454 5 53 3 3강 3351맑음양호 7 7 2내길의여정      위드디스포더윈   5626.00한거 4 0 0 9 1   51      33000국4서인석유종국   1 313 11218 1 1 215  0김효정49552.570평입하30 19 1937 6.037.010.51749 71949 918 011 020111922174060 0↗→선13.736.838.813.9724136.540.2 76.7 76.7 33 42 42 8   14.00   14.8012  6  0LHDN53.34921712-1.0 6.4 5.4505012-5숨은복병보통주행65기 0 8 2     3 4 6⑧1:16.71½  1.513.440.614.6  0 15  .00 8 8  2 1.97012866936 6 510 90 1 1.0411.10 3.1 4.4  3.1   13.0   15.1    9.311.21930 0 2 4 0― -.939.00  .74 1.1175.84 2.08 5.0410.50 2 510  .77 3.20 7.6111
20260308일 8170011국511 6 63 4 1강 1152맑음다습13 7 2내길의여정      위드디스포더윈   1936.00한거 4 0 0 2 2  230      33000국5정호익유종국   1 412 4 118 1 1 214  0이혁  48052.580평입하50 39 393326.054.022.91231 52550 72417242223132821184060 0↘↗선13.739.141.613.9872239.043.8114.0115.5 33 33 33 8   13.50   14.00 4 -7  0HHUP53.34921712  .2 5.6 5.8515112 4교체실패거리속성44기 0 2 1 1 1 8 910⑩1:54.05    3.514.043.314.8  4-16  .0110 6 -2 3.68910938710 2 7 4 50 1 2.01 4.03 1.4 4.5  8.5    4.5   14.0   13.3  .02057 0 5 6 0―  .242.30  .1934.83113.6 5.4713.8422.94 81829 4.4610.4316.76 6
20260207토 7130011국534 2 83 5혼전 4451맑음건조 2 7 2내길의여정      위드디스포더윈   1936.00한거 4 0 0 2 1   67      33000국5정호익유종국   1 511 3 118 1 1 213  0송재철49652.577평입보66 66 664236.056.030.91644 72033 92417 0 023131925204060 0↘↗입13.736.739.513.9933437.240.2 81.7 83.2 36 45 45 0   13.80   13.50 4  8  0BHUP53.34921412  .2 5.6 5.8515112 1뒷심부족거리속성74기 0 9 6     6 6 6⑤1:21.73    2.013.539.314.0 -3  1  .00 5 8  6 2.15230776523 3 5 5 52 1 1.02 2.01 2.8 3.9  2.8    3.9    7.1    3.8  .02569 1 5 5 1―  .540.40  .34 7.0082.78 8.9818.9030.90 81829 7.2914.6324.92 6
20260111일 6120011국413 6 63 6혼전 4441맑음양호 6 7 2내길의여정      위드디스포더윈   5626.00한거 4 0 0 2 1   68      33000국4정호익유종국   1 610 21118 1 1 212  0루이스49552.567평입보70 63 637546.055.028.82144102033 9241719 023132027154060 0↗↘입13.736.739.013.9813436.838.7 75.9 75.5 36 36 36 0   13.20   12.90 3 -2  1UN동53.34921412  .4 4.8 5.2525212 0작전마주최적거리51관 0 1 2     1 1 2④1:15.91¼   .213.838.813.5  2  4  .05 4 2 -4  .63031463275 311 6 31 1 7.01 7.09 1.4 4.9 19.8    8.2   33.9   21.2  .02065 0 6 6 0―  .538.70  .17 -.2275.89 8.4517.7728.8113304514.7422.2231.63 3
20251220토 9120011국412 2 63 7 1강 1156흐림포화16 7 2내길의여정      위드디스포더윈   5626.00한거 3 0 0 2 1   5717:00 33000국4정호익유종국   1 7 9 11018 1 1 211  0조인권49152.073평입보65 70 707384.059.044.81750 82033 9241722 023132425135050 0→→선13.836.839.113.8724536.738.6 73.3 75.5 40 40 4010   13.60   13.50 5  0  0HU동53.64931412  .4 4.8 5.2525212 0일반주행작전마주17관 0 3 4     5 5 5⑥1:13.3머리  .613.237.612.9  0  6  .00 6 6  2  .92721422261 2 7 1 22 1 1.05 4.09     4.0  1.3    5.8    7.3    9.4  .03578 3 7 7 3△  .838.60 -.40 -.4076.0015.1930.5344.8010223522.3238.9138.17 2
20251115토 9120011국534 4 33 8혼전 4454맑음건조 3 7 2내길의여정      위드디스포더윈   5626.00한거 3 0 0 2 1  124      33000혼4정호익유종국   1 8 8 4 918 5 1 210  0임다빈48552.075평선상41 41 415723.046.020.21327 72033 92417192023131424246733 0→↗추13.736.839.314.1773037.438.0 75.3 75.6 33 33 3311   13.50   13.60 4 -5  0HU동54.24951412  .4 5.0 5.4454512 0일반주행급신장세40기 0 3 4     6 5 5④1:15.3머리  .013.638.413.5  0  2  .00 4 4 -6  .13156212383 611 4 7211 3.0211.01 1.8 2.9  6.5   18.6   42.3  293.7  .01539 0 3 4 0― -.338.60  .20 -.5076.12 4.6412.1920.20 31017 8.0015.0323.83 6
20251019일 6120011국444 4 43 9혼전 4431맑음포화17 7 2내길의여정      위드디스포더윈   5626.00한거 3 0 0 2 2  204      33000국4정호익유종국   1 9 7 3 818 4 1 2 9  0임다빈48352.077평입보45 36 364624.043.014.11950 82550 72417192023131424246733 0→→추13.736.739.214.1803737.138.9 74.9 76.4 38 38 3813   14.00   14.0014  7  0LU동54.24951412 1.2 3.2 4.4555512 0일반주행보통주행70기 1 8 2     2 3 6⑥1:14.9¾   1.113.538.813.6 -4  4  .00 610  6 1.25841524646 410 9 9110 1.02 5.02 1.9 3.5  1.9    3.5    5.4   25.9  .01532-1 4 4-1▽ -.639.00  .49  .4676.00 3.41 7.7114.12 41118 2.83 9.5719.1310
20250712토 6120010국434 2 8310 1강 1151맑음건조 5 7 2내길의여정      위드디스포더윈   5626.00한거 3 0 0 2 3  46915:35 33000국4정호익유종국   110 6 2 718 3 1 2 8  0임다빈47952.077우도하34 41 418542.042.019.41846 62050102417192023131424246733 0↗→추13.736.639.214.1873437.438.5 75.7 76.3 43 43 4314   13.60   15.10 5 -3  0UUDN54.24951412  .8 2.8 3.6666612-2작전마주최적거리45기 1 1 7     4 4 5⑥1:15.7목   1.714.039.014.0  2  5  .00 6 4  0 1.85555394130 3 9 6 72 9 2.03 6.09     5.3  3.4    7.4   14.3   46.7  .02054-2 5 5-2▽ -.739.00  .40  .4775.95 3.9611.0219.43 31017 4.7613.9924.85 4
20250607토 71400 8국454 610311 2강 2252맑음건조 3 7 2내길의여정      위드디스포더윈   1936.00한거 3 0 0 2 3  56616:30 33000국4정호익유종국   111 5 1 118 2 1 2 7  0임다빈47452.078우선하68 78 787583.055.039.51846 62050102417192023131424246733 0↗→추13.736.539.813.6824936.441.6 89.6 90.1 50 50 3317   13.30   14.20 4 -1 -5HUUP54.24951412  .2 2.4 2.6777712 2거리늘어작전마주60기 2 4 5     4 5 6⑦1:29.61    1.713.641.415.1  3 -4  .00 7 4  2 1.98011938533 3 7 1 42 8 3.05 7.06     6.6  4.4   14.9   33.3   66.8  .03276 1 7 6 1△  .439.70 -.3213.8288.8011.9825.6939.5410223521.5740.8243.21 2
20250510토 31200 8국544 8 4312 2강 2257흐림불량20 7 2내길의여정      위드디스포더윈   5626.00한거 3 0 1 2 4  65412:45 24750국5정호익유종국   112 4 4 618 1 1 2 6  1임다빈47857.082우선보72 71 718165.052.031.91946 41031 32417192023131424246733 0↘↗추13.736.838.813.6816936.539.5 75.2 76.0 60 60 2020   13.90   14.10 4 -6  0NL동54.24951212-1.4 4.2 2.8737312 0전개최상작전마주 1   0 5 2     2 2 2③1:15.22½   .413.339.414.2  1 -7  .00 3 2 -3  .84614714869 4 2 2 41 7 4.05 4.03     2.5 10.8   58.4  109.5   44.3  .03465-1 7 6-1▽  .138.80  .14  .4275.84 7.3417.9331.9313304514.4632.1853.44 3
20250412토 5120011국513 5 1313 1강 1151흐림양호 7 7 2내길의여정      위드디스포더윈   5626.00한거 3     2 4  73616:45 24750국5정호익유종국   113 3 3 518 6 1 2 0  0임다빈48557.082우선보68 71 719251.051.024.71946 41031 32417192023131424246733 0↘↗추13.736.838.513.2868937.039.0 76.5 76.0 75 75 2525   14.40   12.90 7 10  1VB동54.24951212-1.8 4.0 2.3797912 0강단마필전개최상 1기 011 5     5 5 6⑤1:16.5목   1.113.939.414.1  0 -2  .00 5 5  4 1.24637584847 2 5 5 42 6 1.02 7.06     2.6  1.5    2.6    3.4    7.5  .04267 0 6 5 0―  .338.80  .51  .7275.67 7.0415.5824.71 6162710.7421.6930.59 4
20250223일 4120011국524 3 7314혼전 4451맑음건조 3 7 2내길의여정      위드디스포더윈   5626.00한거 3 0 1 9 5  87412:45 24750국5정호익유종국   114 2 2 418 5 1 2 4  1임다빈48756.574우선보91 93 939880.068.049.52542192560122417192023131424246733 0↗↘추13.736.738.613.28783                   75 75 2525   13.70   13.50 5 -1  4UB동54.24951212-2.3 5.0 2.7737312 0작전마주전개최상 1기 1 1          99        중지    13.7    13.5    -9  .07   1  0               3 6 1 10 5 2.04 5.08     7.4  3.5   25.6   40.6   59.110.54394 4 9 9 4☆ 1.638.60 -.18     75.6722.3138.6149.4737577117.5433.7836.17 1
20250119일 5120011국544 4 9315혼전 4454맑음건조 3 7 2내길의여정      위드디스포더윈   5626.00한거 3 0 1 2 5  96113:35 24750국5정호익유종국   115 1 1 418 4 0 2 3  1임다빈49652.574우선보85 86 869065.057.043.325421925601224171920231314242499 0 0↗↘추13.736.739.813.6892236.837.7 75.3 74.7 67 67 33 0   13.90   13.90 4 -2 -3UU동55.04951212-3.5 6.5 3.0666612 0전개최상작전마주 1기 2 2 1     3 3 1①1:15.33    -.613.738.513.5  0  2  .00 1 1 -1  .0 72614 694 411 1 22 4 1.07 2.07     6.3  2.7   19.9   32.6   34.5  .03478 0 7 6 0―  .538.40 -.68-1.8276.3416.6329.7043.2618375421.8240.2955.00 2
20260919토 7170011국5 2 8  6 0 1강 1153           7 3스마트마루      레볼루셔용마루   5135.00한암 4 0 0   1    016:10 24750국5박재우박정재   2 01610 115 7 2 015  0정정희   53.081평입보50 49 492127.049.019.92043102045 9231417122216202515 05050→→입13.939.541.613.96230                   13 13  7 0   14.20   13.60 2 -1 -2HHUP54.34361712 -.2 7.4 7.2484814 4일반주행거리속성 5기 0 3                            14.2    13.6        .0                       810 7 7  8                                              .01528 0 4 5 0― -.241.60  .05     113.8 4.4811.0419.89 41118 5.3815.3122.43 7
20260906일 6130010국542 5 96 1혼전 4451맑음양호 6 7 3스마트마루      레볼루셔용마루   5135.00한암 4 0 0 1 1   26      24750국5박재우박정재   2 115 9 515 6 2 014  0정정희43455.081평입상46 55 553630.052.027.82043102045 9231417122216202515 05050→→입13.937.239.513.9634137.539.1 82.7 82.7 14 14  7 0   14.10   13.40 4  2  1VN동54.34361412-2.0 7.6 5.6585814 0일반주행거리속성33기 0 4 6     4 710⑨1:22.71¾  1.514.239.113.6  2 -4  .00 9 7 -4 1.63547423836 5 7 4 70 7 2.03 6.05 2.1 4.0  4.5    9.1   18.5   49.213.42039 0 5 4 0―  .239.80  .12 6.0483.10 7.9217.9927.84 31017 6.5618.5428.40 4
20260808토 4130011국551 8 56 2혼전 4451맑음건조 2 7 3스마트마루      레볼루셔용마루   5135.00한암 4 0 0 1 1   88      24750국5박재우박정재   2 214 8 415 5 2 013  0정정희43854.581평입하18 21 212723.052.021.52043102045 9231417122216202515 06733→→입13.937.239.814.0632737.738.9 82.2 82.7 15 15  8 0   14.00   13.90 5 -7  1HNUP54.24361412 -.6 7.2 6.6484814 1숨은복병거리속성63기 0 2 8     8 9 7⑤1:22.2½    .314.138.613.4 -6  1  .00 511  4  .33259384273 81011 63 6 1.02 6.03 3.3 4.8  3.3    4.8    8.1   14.413.42243 1 5 6 1―  .239.80  .13 5.6683.29 5.5913.2921.47 41118 5.6111.9319.24 9
20260704토 4120011국542 4 46 3 1강 1151흐림건조 5 7 3스마트마루      레볼루셔용마루   5728.00한암 4 0 0 1 1   77      24750국5박재우박정재   2 313 7 815 4 2 012  0정정희43753.580평입하38 40 4036 6.043.020.92043102045 9231417122216202515 06733→→입13.937.239.314.0492237.539.2 76.2 76.7 17 17  8 0   14.00   14.30 4  3 -2LHDN54.24361412-1.0 7.4 6.4494913-1일반주행조교부실24관 0 9 6     6 6 8⑧1:16.2코   1.614.039.013.9  1 -3  .00 8 7 -1 2.36962646831 8 9 7 82 5 1.02 1.02 2.5 3.9  2.5    3.9    7.0   49.9  .01519 0 2 2 0― -.338.60 -.05  .2176.34 4.5512.2520.93 2 611  .85 3.43 8.1610
20260606토 4130011국511 4 66 4혼전 4452맑음양호 7 7 3스마트마루      레볼루셔용마루   5135.00한암 4 0 0 1 1   77      24750국5박재우박정재   2 412 6 315 3 2 011  0정정희44055.581평입보24 33 332621.053.022.62043102045 9231417122216202515 06733→→입13.937.239.814.0632737.739.9 84.2 83.7 18 18 18 0   13.90   14.50 5 -3 -1NNDN54.24361412-1.6 7.2 5.6444414-1숨은복병거리속성61기 0 6 5     6 7 9⑩1:24.22    1.314.040.314.3  2  2  .0010 8  4 1.56354676740 611 7 70 4 3.02 5.02 2.0 6.6  7.3   14.1   30.8  276.513.41934 0 4 7 0―  .140.00  .08 6.7083.29 5.4512.8222.55 41118 4.0510.7820.28 9
20260502토 4140011국532 9 86 5혼전 4451흐림건조 3 7 3스마트마루      레볼루셔용마루   5135.00한암 4 0 0 1 1   97      24750국5박재우박정재   2 511 5 215 2 2 010  0정정희43856.081평입상53 60 604955.063.043.22043102045 9231417122216202515 06733→→입13.937.040.114.0511337.040.2 91.1 89.6 20 20 20 0   14.00   13.80 5  8  4LNUP54.24361412-3.2 8.2 5.0525214 2일반주행최적거리 5관 0 9 7     7 8 6④1:31.11¾   .813.940.914.5  0  3  .00 4 4 -4 1.16541716760 510 3 33 3 1.07 6.10 2.5 3.8  2.5   32.9   45.3   96.312.73158 2 7 8 2▲ 1.039.10 -.9012.5089.3416.4830.2343.1712264013.5127.4537.80 4
20260329일 4120010국544 8 96 6 1강 1152맑음건조 3 7 3스마트마루      레볼루셔용마루   5728.00한암 4 0 0 9 1   91      24750국5박재우박정재   2 610 4 715 1 1 0 9  0정정희43552.580평입하26 25 254014.047.028.02043102045 9231417122216202515 099 0→→입13.937.339.314.0412537.338.8 76.4 75.9 11 22 11 0   14.60   13.50 8 -7  0UH동55.04361412-1.2 8.2 7.0383814 0일반주행보통주행40관 0 1 6     7 7 4①1:16.4코    .014.039.013.8 -7 20  .00 1 8 -1  .04252515079 7 9 5 33 2 8.02 1.04 1.9 4.6 25.0   55.4  191.0   23.6  .01855 0 3 5 0―  .038.20 -.30 -.7576.39 8.4018.7427.95102035 4.1110.4618.03 6
20260201일 5120010국554 6106 7혼전 4451맑음건조 2 7 3스마트마루      레볼루셔용마루   5728.00한암 4 0 0 1 1  142      24750국5박재우박정재   2 7 9 3 615 2 1 0 8  0김태희41552.562평입보53 47 472811.041.016.91246 72045 92314 8 02216152416 099 0↘→입13.937.239.214.0503037.739.2 76.5 76.8 13  0 13 0   14.00   13.90 5  1 -1NHDN55.04361412-2.8 8.6 5.8474714-2일반주행보통주행 5기 0 8 9     8 810⑩1:16.52    1.914.638.913.5  1-12  .0010 9  1 2.07275617227 510 6100 2 1.02 1.03 3.4 6.9  3.4    6.9   11.7   20.6  .01522 0 3 2 0― -.438.60  .12  .4276.28 4.47 9.4316.90 1 3 9 3.45 8.3815.36 9
20251228일 5140011국531 6 36 8 3강 3351맑음다습12 7 3스마트마루      레볼루셔용마루   5135.00한암 3 0 0 9 1   9113:35 24750국5박재우박정재   2 8 8 2 115 1 1 0 7  0김태희42753.060기입보25 19 1924 6.034.012.41246 72045 92314 8 02216152416 099 0↘→입13.836.940.114.1541536.739.9 89.1 88.8 14 29 14 0   14.60   13.50 3 -1  1NNUP55.04361412-1.6 7.8 6.2414113 2일반주행기복전력38기 0 7 4     4 4 6⑦1:29.12    1.514.040.113.9 -1  3  .00 7 8  1 1.84530655437 41010 82 1 5.04 1.04     2.4 16.7   71.1  180.8   27.2  .01519 0 2 2 0―-1.139.00 -.0311.7789.28 1.80 5.3012.39 1 4 7 1.08 4.30 9.61 9
20251206토 6120011국544 4 96 9 2강 2251흐림양호 9 7 3스마트마루      레볼루셔용마루   5728.00한암 3 0 0 1 1   6114:25 24750국5박재우박정재   2 9 7 1 515 4 1 0 6  0조한별42452.062기입적68 76 764829.053.023.41421102045 9231423 02216122118 099 0↗↘입13.837.039.314.0652538.738.0 76.4 76.6 17 33 33 0   13.60   13.50 9  6 -3NUDN55.04361312-1.6 8.4 6.8454513-1착차만회기복전력67기 1 8 8     8 8 8⑥1:16.41    2.214.638.513.5 -1-14  .00 6 7 -2 2.56596226719 710 5 50 4 1.02 5.03     4.0  3.1    4.0    6.5    3.7  .02541 0 5 6 0―  .238.70  .01  .2976.23 5.0613.5823.43 61325 3.9113.1024.68 6
20251004토 2130011국640 8 9610 1강 1151맑음다습10 7 3스마트마루      레볼루셔용마루   5135.00한암 3 0 0 1 2  230      16500국6박재우박정재   210 6 6 215 3 0 0 5  0조한별43855.060하입적 5  5  5 5 9.044.021.7 833 41660 5231423 02216122118 099 0↗↗입14.037.440.114.4561536.839.1 82.6 82.4  0 20 20 0   13.80   14.50 4 -9  0HU동55.04341312 -.2 8.6 8.4282812 0가는대로거리속성51기 0 2 3     3 3 2①1:22.62½  -.413.639.513.5 -8  8  .00 1 9  1  .02114461994 5 7 9 52 3 9.08 2.11 1.8 4.4 50.3  785.4 2295.6 1471.913.41827 0 3 5 0― -.439.50 -.20 4.9283.61 5.2311.7921.70 81829 1.83 5.63 8.75 7
20250906토 2130011국621 3 7611 3강 3351맑음다습13 7 3스마트마루      레볼루셔용마루   5135.00한암 3 0 0 1 2  325      16500국6박재우박정재   211 5 5 115 2 0 0 4  0조한별43055.060하입적77 66 662343.056.033.6 833 41660 5231423 02216122118 099 0↗↗입14.037.340.114.4621737.741.2 84.0 85.2  0 25 25 0   14.00   13.90 5  2  0VUUP55.04341312-1.0 8.8 7.8333312 1일반주행거리속성27기 011 8     9 911⑪1:24.0머리 2.813.840.914.5  3 -4  .0011 8 -3 3.29154919110 710 3 50 2 4.06 1.04 2.3 2.9  7.7   88.7  149.0   80.312.11543 0 5 5 0―  .340.30 -.48 7.7983.5511.4922.9633.60 8182911.1123.5322.17 5
20250802토 2120011국611 8 1612 1강 1159맑음건조 3 7 3스마트마루      레볼루셔용마루   5728.00한암 3 0 0 1 3  41011:05 16500국6박재우박정재   212 4 4 415 1 0 0 3  0조한별43455.065하입하 8  7  720 7.033.015.51267 61428 3231423 02216122118      →↗입14.037.339.515.249 337.138.4 77.0 75.2  0  0 33 0   13.90   15.50 4  7  0BH동       1212 1.0 8.0 9.0191912 0일반주행부진마필33기 0 9 8     6 5 2④1:17.01½   .314.039.513.9 -7  5  .00 411  7  .71943363071 4 6 7 62 1 1.04 3.05     2.7  1.4    6.3    8.1    6.1  .01512-2 2 1-2▽-1.138.00 -.04-1.5776.51 2.15 6.6015.49 51220 1.94 5.15 7.78 9
20250706일 1120011국621 6 7613혼전 4459맑음건조 3 7 3스마트마루      레볼루셔용마루   5728.00한암 3 0 0 1 3  48510:35 16500국6박재우박정재   213 3 3 315 1 0 0 2  0이혁  42955.081하무보20 27 2731 7.036.015.62132101428 32314 6 02216282118      ↗↘선14.037.239.813.653 637.241.6 79.3 78.7  0  0 50 0   14.00   14.40 2 -9  0HH동       1212-1.010.0 9.0272712 0최빈거리거리난점77기 1 2 4     6 6 7⑨1:19.31¼  4.213.942.415.5  5-21  .00 9 4 -6 4.995469695 5 8 7 5 62 1 1.07 3.07     2.4  2.1   18.3   27.2   10.5  .01229 0 2 2 0―-1.039.20 -.18 1.6876.62 2.36 7.0515.57 41118 2.13 4.98 4.3610
20250622일 1120011국640 8 9614 3강 3353맑음포화15 7 3스마트마루      레볼루셔용마루   5728.00한암 3 0 0 2 3  52510:35 16500국6박재우김태성  9914 2 2 215 1 0 0 1  0코지  45055.092하무보14 10 1011 6.031.0 9.62741 51428 3232524 02216233119      ↘↗입14.137.839.813.617 836.640.4 77.2 76.9  0  0  0 0   14.10   13.9011 10  0NH동       1212-1.010.0 9.0131312 0최빈거리거리난점29관 011 6     3 4 6⑨1:17.22½  1.314.040.314.4 -1 33  .00 910  0 2.07418887741 71010100 1 2.06 6.02     6.9  3.7   21.0   29.9   68.911.2 923-4 2 1-4▼-1.538.00 -.35 -.6676.95 1.27 4.64 9.59 1 4 7 1.64 5.5911.9510
20250405토 1120011국640 6 9615 1강 1151비  다습12 7 3스마트마루      레볼루셔용마루   5728.00한암 3     1 4  76113:25 16500국6박재우김태성  9915 1 1 115 1 0 0 0  0정정희41755.075평무보18 35 3522  .029.010.21740 4215010232517 02216202515      ↗↘입14.837.939.913.332 137.540.0 77.4 77.4              14.80   13.60        NN동       12 0         6.0     0 0일반주행보통주행 1관 0 1 8     8 910⑨1:17.42½  2.614.139.913.9 -1  8  .00 910  0 3.08365828514 91011100 1 1.02 3.05     4.5  2.7    4.5    7.3    6.1  .01511-3 2 2-3▼-1.438.10 -.46 -.3977.06 2.21 4.7610.23 0 4 611.5822.3447.35 2
20260919토 7170011국5 2 8  8 0 1강 1153           7 4더선커밍        카우보이스톰커밍 5832.00한수 4 0 0   1    016:10 24750국5조현수한명로  -1 010 2 6 9 1 1 0 9  0이혁     54.577평자보50 53 534821.050.022.32359 81250 7 9171950 9 32821185050 0↗↘선14.239.341.213.77737                   14 14 14 0   14.00   14.20 5 -1  3UN동53.54691717-1.0 4.4 3.4565617 0선행무리최적거리59관 1 4                            14.0    14.2        .0                       5 4 6 6  2                                              .02273 1 4 4 1―  .141.20  .33     113.4 5.1212.5322.32 51322 3.23 9.1816.8210
20260815토 6170011국513 6 68 1혼전 4451흐림건조 3 7 4더선커밍        카우보이스톰커밍 5832.00한수 4 0 0 2 1  107      24750국5조현수한명로  -1 1 9 1 5 9 2 1 0 8  0권중석46752.066평자보73 75 753145.045.018.61341 61250 7 91722 0 9 31918185050 0↘→선14.239.541.213.7693438.942.0112.8113.3 14 14 14 0   13.80   13.40 8 -4 -2NU동53.54691717-1.4 5.4 4.0454517 0부중민감탐색우려 5   0 5 3 3 2 2 2 3⑥1:52.8¾    .914.041.714.2  3  0  .02 6 3  2 1.14410734855 5 7 3 81 5 1.04 7.03 2.2 7.4  2.2    8.0   12.2   53.4  .02623-2 5 4-2▽ -.641.60  .2932.57113.6 6.3611.8118.61 2 71414.9320.0033.47 3
20260621일 2170011국650 9108 2 3강 3347맑음포화19 7 4더선커밍        카우보이스톰커밍 5832.00한수 4 0 0 2 1  129      16500국6조현수한명로  -1 2 8 8 4 9 1 0 0 7  0권중석46754.066평입보46 48 483738.048.029.81341 61250 7 91722 0 9 3191818 099 0↘→선14.239.641.213.7653439.240.5110.4112.3  0  0 17 0   14.30   14.20 5  3 -3LVUP53.04701712-1.4 5.4 4.0454517 3연대우수부중민감 5기 1 9 2 2 2 2 2 1①1:50.44    -.613.839.613.4  0 -7  .00 1 1 -4  .01220331394 4 3 3 41 4 1.03 9.05 3.8 8.0  3.8    9.4   21.2   11.8  .03335-1 5 3-1▽ -.341.30 -.0231.46113.6 7.3718.6629.79 9203418.1835.5950.00 4
20260517일 21400 8국610 9 18 3 1강 1151맑음건조 3 7 4더선커밍        카우보이스톰커밍 5832.00한수 4 0 0 2 1   89      16500국6조현수한명로  -1 3 7 7 1 9 1 0 0 6  0이혁  47457.077평입하63 75 755183.065.055.12359 81250 7 9171950 9 3282118 099 0↗↘선14.337.239.513.7492537.339.5 91.2 89.2  0  0 20 0   14.40   13.20 9 -5  0NLDN53.04701712-1.2 5.8 4.6505017-3일반주행연대우수42트 0 6 6     6 6 6⑤1:31.2½   1.314.340.514.2  0 -5  .00 5 5  0 2.15362495644 5 3 1 22 1 1.03 7.08 1.4 3.4  1.4    3.8    4.6    7.0  .03759 0 7 6 0―  .838.80 -.9712.5089.0718.9036.7055.1020415527.8548.7862.40 1
20260314토 3170010국650 7108 4혼전 4454맑음양호 7 7 4더선커밍        카우보이스톰커밍 5832.00한수 4 0 0 2 1  185      16500국6조현수한명로  -1 4 6 6 3 9 1 0 0 5  0송재철47957.077평입상48 64 645954.060.030.11644 71250 7 917 030 9 3192520 099 0↘↗입14.239.741.113.7584139.845.2117.7117.0  0  0 20 0   14.40   14.10 7  6  4BB동53.04701712-1.5 6.5 5.0454517 0착차만회탄력호전53트 011 8 8 6 4 5 8⑩1:57.79    5.514.945.516.3  5  9  .0410 5  2 6.297449898 5 3 4 2 50 1 3.06 3.01 3.3 8.5  5.5   15.4   32.5   30.9  .02564 0 6 5 0―  .641.90 -.0236.24113.6 9.9719.2530.11 92034 9.5222.9737.94 5
20260125일 3170011국641 9 98 5 3강 3352맑음건조 3 7 4더선커밍        카우보이스톰커밍 5832.00한수 4 0 0 2 1  123      16500국6조현수한명로  -1 5 5 5 2 9 3 0 0 4  0권중석47053.066하추상43 51 515945.060.040.71341 61250 7 91722 0 9 3191818      ↘→선14.339.941.213.5463739.041.5113.9113.2  0  0  0 0   14.60   13.10 5 -2  0NH동       1712-1.5 6.5 5.0454517 0착차만회최적거리 5트 0 5 3 3 3 4 4 2③1:53.92     .314.441.614.1  0-15  .00 3 3 -4  .94212633773 6 3 4 32 3 5.0211.10 3.0 7.5 11.3   15.0   31.8   25.0  .02553 1 5 5 1―  .741.20 -.4332.12113.811.9327.5140.7114294712.9918.2932.94 4
20251221일 4170011국631 4 88 6 1강 1141맑음다습14 7 4더선커밍        카우보이스톰커밍 5832.00한수 3 0 0 2 1   9312:45 16500국6조현수한명로  -1 6 4 4 1 9 2 0 0 3  0권중석48553.066평입보28 24 2420 4.030.0 8.51341 61250 7 91722 0 9 3191818      ↘→선14.340.441.513.6133739.340.9111.8113.2  0  0  0 0   14.60   13.70 4 -4  0NHUP       1712 -.7 6.3 5.7414112 4일반주행탐색우려40트 0 7 8 8 61010 5③1:51.85     .814.640.113.1 -4  6  .00 3 7  1 1.0452348305610 8 7 83 2 2.0110.06     4.5  4.5    4.5   10.6   20.2  .015 5-4 1 1-4▼-1.540.70 -.0931.34114.4  .88 3.75 8.48 2 611 1.15 3.61 8.57 8
20251123일 4130011국612 9 68 7 1강 1154맑음건조 3 7 4더선커밍        카우보이스톰커밍 5832.00한수 3 0 0 2 1   96      16500국6조현수한명로  -1 7 3 3 1 9 1 0 0 2  0권중석47953.066평입보40 56 563027.041.018.51341 61250 7 91722 0 9 3191818      ↘→선14.238.139.113.5167338.539.5 84.1 84.0  0  0  0 0   14.20   13.70 5  6 -4NHUP       1312 -.5 6.5 6.0545412 1연대우수탐색우려40기 01110     9 9 7⑤1:24.12    2.614.639.813.7 -1 -5  .00 5 6  0 3.07487598116 8 2 3 73 1 1.03 5.01 1.3 3.5  1.3    3.5    4.1    5.0  .03313-3 4 2-3▽ -.639.20  .09 6.8183.42 4.6210.5518.48 41120 6.3317.3422.15 6
20251018토 2120010국611 9 68 8혼전 4459흐림불량20 7 4더선커밍        카우보이스톰커밍 6326.00한수 3 0 0 2 2  219      16500국6조현수한명로  -1 8 2 2 2 9 2 0 0 1  0김효정48457.075하무보39 72 724041.062.036.31642 511 0 9 917 657 9 3192217      ↘↗선14.437.938.812.9165737.938.4 76.8 76.2  0  0  0 0   14.40   13.20 4  1  0NH동       1212 1.0 7.0 8.0666612 0최빈거리연대우수62기 0 5 7     6 6 5④1:16.86    1.314.239.013.7 -2  2  .00 4 6 -1 2.15481345744 6 6 1 42 2 1.02 4.02 1.4 4.5  1.4    4.5    5.7   11.9  .03752 0 6 5 0―  .637.70 -.59 -.4776.4512.5323.9636.27 92034 5.8312.90 9.5410
20250920토 2120011국650 6 58 9 1강 1152맑음포화18 7 4더선커밍        카우보이스톰커밍 6326.00한수 3     2 2  28314:05 16500국6조현수한명로  -1 9 1 1 1 9 1 0 0 0  0김효정48257.075평무보   25 2540  .032.013.11642 511 0 9 917 657 9 3192217      ↘↗선14.536.738.513.1    37.638.8 75.4 76.4              14.50   13.40        NN동       12 0                 0 0일반주행탐색우려 5기 2 411    10 7 8⑧1:15.4목    .514.438.113.2  1  9  .00 8 7  0  .66166495865 1 1 9 60 1 2.04 8.10     3.7  3.0    9.7   14.2   21.4  .01514-4 2 3-4▼-1.239.00  .91 1.2475.61 1.72 6.6513.05 3 81710.1920.6658.58 4
20260919토 7170011외4 2 8  5 0 1강 1153           7 5클로버톱        CONNECT FASHION  5023.00미거 3 0 0   1    016:10 24750국5전승규박철근   2 01111 210 1 0 010  0코지     57.087평무상50 37 374239.062.036.93359201745 6221229 02019233119 0 099↗↘입13.940.540.812.9 673                   10 10  020   15.50   12.90 3  2  2NBDN55.54641812-2.0 9.0 7.0333318-1일반주행거리속성59트 1 5                            15.5    12.9        .0                      11 211 4  1                                            12.03368 2 6 7 2― 1.040.80 -.44     114.012.1124.5136.92102235 8.6017.3525.23 5
20260830일 3180010국511 7 65 1 1강 1157맑음다습11 7 5클로버톱        CONNECT FASHION  50     미거 3 0 0 9 1   49      24750국5전승규박철근   2 11010 210 1 0 0 9  0김태훈46455.570하무상 7  6  6 1 3.032.013.81755 71745 6221226312019122421      ↗→입13.940.841.113.4 71342.238.3118.3117.9  0  0  011   15.40   13.70 2 -2  3HB동       1812-1.0 9.0 8.0181817 0가는대로거리속성54트 0 310101010 9 6③1:58.3머리  .015.538.212.9 -5 -5  .00 3 8 -2  .22097 4448810 9 9 93 3 7.01 4.09 1.8 5.1 19.1   25.7   83.9   84.9  .01210-2 1 1-2▽-1.140.00 -.1636.04119.3 2.08 6.0013.81 1 4 9  .12 3.20 7.58 9
20260815토 7180010외443 8 95 2 1강 1151흐림건조 3 7 5클로버톱        CONNECT FASHION  50     미거 3 0 0 2 1   45      33000혼4전승규박철근   2 2 9 9 110 1 0 0 8  0이용호46952.562하무보 5  1  1 1 3.027.0 6.51658 61745 62212 0 02019191820      →↘자13.940.841.213.4111542.140.9119.9120.0  0  0  0 0   15.50   13.70 6 -5  2NNUP       1812 -.6 8.8 8.2161617 1발길대로거리속성32트 0 5101010 9 9 8⑦1:59.9½   2.115.440.513.7 -3  8  .00 710  2 2.36996609024 91010100 1 8.02 4.07 2.2 4.6 25.9   47.9  149.8   75.9  .012 3-4 1 1-4▼-1.740.30 -.0338.02119.3  .65 2.79 6.53 0 4 6  .12 2.08 5.1710
20260705일 8170010외430 6 85 3 1강 1151흐림건조 4 7 5클로버톱        CONNECT FASHION  5023.00미거 3 0 0 1 1   83      33000혼4전승규박철근   2 3 8 8 110 1 0 0 7  0우인철46151.074하무상10  2  2 0 3.033.0 8.52048101745 6221227 02019112722      →↘입13.940.342.213.417 841.340.5113.9114.5  0  0  0 0   14.20   14.10 4  3 -2NHUP       1712 -.8 9.2 8.4141413 3능력한계거리속성57기 11010101010 9 9⑧1:53.93    2.315.539.613.7  0 -3  .00 8 8  0 2.57297327221101010 90 1 4.01 4.08 2.3 4.5  9.4   10.9   31.7   10.1  .012 3-4 1 2-4▼-1.340.90 -.4031.96114.8  .97 3.60 8.48 2 611  .12 1.82 4.7510
20260606토 71400 8외423 6 25 4 3강 3352맑음양호 6 7 5클로버톱        CONNECT FASHION  5023.00미거 3 0 0 1 1   74      33000혼4전승규박철근   2 4 7 7 310 1 0 0 6  0김태훈46452.571하무보 5  1  1 2 4.033.0 9.81755 71745 6221226312019122421      ↗→입13.937.640.313.411 237.540.0 89.8 90.0  0  0  0 0   15.10   14.30 9 -3  0LH동       1412 -.2 9.6 9.4 7 713 0숨은복병부진마필82기 2 7 5     7 7 8⑥1:29.86    1.514.240.114.1 -2 -2  .00 6 8 -3 2.07469667436 8 8 8 80 2 5.01 3.05 1.7 1.8 15.1   11.4   51.6    6.6  .019 5-4 1 4-4▼-1.638.60 -.5212.1389.89 1.66 3.72 9.80 41118 1.89 5.1311.35 7
20260404토10140011외411 5 65 5혼전 4451맑음양호 6 7 5클로버톱        CONNECT FASHION  5023.00미거 3 0 0 1 1  175      33000혼4배휴준박철근   2 5 6 6 210 1 0 0 5  0김효정46652.568하무보 5  1  1 1 4.029.0 6.01749 7 933 7 9 0 6 01111192217      ↗→선13.937.640.513.410 238.341.0 91.6 91.6  0  0  0 0   14.30   14.10 5  9 -2BHUP       1412  .0 9.2 9.2 6 613 2능력한계부진마필46기 01011    111111⑪1:31.66    3.415.141.014.3  0-17  .001111  3 4.494948695 9101111110 1 4.05 1.02 1.4 3.7 10.3   31.6   82.0   71.5  .0 6 1-4 1 1-4▼-1.738.90 -.5513.5190.03  .54 2.54 5.98 0 2 5 1.14 3.09 7.0511
20260302월 8120010외421 8 25 6 2강 2259비  다습11 7 5클로버톱        CONNECT FASHION  50     미거 3 0 0 1 1   87      33000혼4배휴준박철근   2 6 5 5 310 1 0 0 4  0김태훈48354.072하무상 5  1  1 4 3.031.0 5.11755 7 933 7 9 0 3311111122421      ↗→입13.937.839.613.4 8 337.839.9 77.6 77.5  0  0  0 0   13.90   14.10 9 -5  2HNDN       1412  .0 9.5 9.5 5 513-1최빈거리거리난점64기 0 1 8     8 6 7⑧1:17.63    3.014.339.714.1  0-10  .00 8 8 -1 3.38576788613 7 810100 1 2.01 3.06 1.5 2.0  3.9    2.0    5.8   20.8  .0 9 5-4 1 2-4▼-1.838.20 -.09  .1476.84  .22 1.82 5.07 1 4 7  .12 1.98 4.49 8
20251228일 7130011외451 4 55 7 3강 3355맑음다습12 7 5클로버톱        CONNECT FASHION  5023.00미수 2 0 0 9 1  152      33000혼4배휴준박철근   2 7 4 4 110 2 0 0 3  0오수철49352.060하무상11  1  1 0 4.028.0 3.2 733 5 933 7 9 010 01111112115      ↘↗입14.038.040.313.415 437.740.9 83.8 85.3  0  0  0 0   14.00   13.70 2  4 -1NHUP       1412  .3 9.710.0 4 412 1능력한계탐색우려 8기 1 6 8     9 9 9⑧1:23.8½   3.013.940.514.1 -1 -3  .00 8 9 -1 4.19354898911 51010100 2 2.01 2.01 2.4 4.6  4.0    4.6    9.3   19.513.4 6 1-4 1 1-4▼-2.239.60 -.17 6.9784.13  .12 1.63 3.24 2 510 1.45 4.20 8.94 9
20251213토 9120011외412 1 15 8 2강 2251비  불량20 7 5클로버톱        CONNECT FASHION  50     미수 2 0 0 2 1   36      33000혼4배휴준박철근   2 8 3 3 210 1 0 0 2  0오수철49652.560하무보 5  1  1 2 2.026.0 4.0 733 5 933 7 9 010 01111112115      ↘↗입14.237.940.115.010 237.839.7 75.7 77.9  0  0  0 0   14.40   15.30 3  1  1HNDN       1412 1.0 9.510.5 2 214-2최빈거리조교부실27관 0 2 8    1010 9⑨1:15.7¾   3.214.038.913.7 -1-11  .00 910  0 3.689767784 7111111100 1 1.0611.06     2.1  1.3    9.4   11.5   19.1  .0 9 2-4 1 1-4▼-2.038.20 -.40 -.1077.17  .12  .82 3.98 1 2 4  .81  .83 3.6010
20251123일 8140011외434 3 85 9 1강 1151맑음건조 3 7 5클로버톱        CONNECT FASHION  5023.00미수 2     2 1   92      33000혼4배휴준박철근   2 9 2 2 110 1 0 0 0  0해리카50752.067하무보 5  1  1 0 4.024.0 1.1144411 933 7 9 0 5 01111172612      →→입14.237.841.615.1 5 137.442.8 91.4 92.7  0  0  0 0   14.70   13.70 7 -8 -4HHUP       1412 1.0 9.010.0 1 112 2능력한계탐색우려48기 0 110     91011⑪1:31.46    4.514.442.315.3  1 16  .001110  1 4.698669798 3111111110 1 1.06 2.05 2.1 4.0  2.1   16.9   25.2   39.5  .0 6 1-4 1 1-4▼-2.338.90-1.2213.2690.92  .12  .12 1.06 1 2 4  .75 2.29 5.6810
20251003금 2120010외440 5 9510 2강 2255흐림다습11 7 5클로버톱        CONNECT FASHION         미수 2     1 2  241      41250혼4배휴준박철근   210 1 1 110 1 0 0 0  0조재로49156.086평무보   35 3540  .029.011.02341 7 867 2 9 019 01111192622      →↗입14.336.738.515.2    38.042.8 80.1 81.0              14.30   15.50 4  0  0LL동       12 0                 0 0일반주행탐색우려54기 2 9 9    101010⑩1:20.114   5.914.242.415.4  1  0  .0010 9  0 6.399849999 3 4 4 5100 1 7.03 8.02 3.3 5.5 28.4   37.5  124.0   39.5  .01518-3 2 1-3▼-1.440.40  .96 5.7875.61 2.52 5.2610.98 1 3 910.5820.6632.38 8
20260919토 7170011국5 2 8  9 0 1강 1153           7 6내게로와줘      파워블레리워드하 6837.00한거 4       1    016:10 24750국5최용건우태율   1 016 1 1 0 1 0 0 0  0정도윤   52.589평자보59 61 613039.045.014.918 0122856112329 0 02714122621333333↗↗입13.839.441.313.77045                   11 11 22 0   14.50   12.70 5  5  2NNUP56.34531713-1.6 5.8 4.2606013 3일반주행작전마주27관 0 6                            14.5    12.7        .0                       7 5 2 9  1                                              .02022-3 5 4-3▽ -.641.30  .38     113.6 3.81 8.5214.85 2 510 8.6017.3526.17 6
20260816일 4140010국511 7 19 1 1강 1151흐림다습13 7 6내게로와줘      파워블레리워드하 6837.00한거 4 0 0 2 1   99      24750국5최용건우태율   1 115 1 620 4 0 019  0우인철44951.074평자보49 52 524013.041.016.32048102856112329 0 02714112722333333→↘입13.737.139.713.8423437.539.0 89.5 88.9 12 12 24 0   14.30   13.30 4 -8 -5UUUP56.34531713-2.0 6.8 4.8575713 1작전마주보통주행 5   0 1 6     5 5 7⑤1:29.5¾   1.114.439.213.3  1 -1  .00 5 4 -1 1.74370344649 3 9 7 72 4 1.03 3.08 1.6 2.7  1.6    7.1    9.0   16.5  .02020-1 4 2-1▽ -.838.80 -.0112.0689.14 4.09 8.5916.33 41118 3.19 7.3315.11 7
20260719일 3130010국650 8 59 2 1강 1151흐림포화16 7 6내게로와줘      파워블레리워드하 6837.00한거 4 0 0 2 1   48      16500국6최용건우태율   1 21419 820 3 0 018  0우인철45056.074평입상78 96 967882.070.055.72048102856112329 0 02714112722333333→↘입13.737.039.513.9774938.038.9 83.0 83.2 13 19 25 0   13.50   14.10 5  2  1BN동56.34531713-1.6 6.8 5.2565613 0작전마주작전마주 5   0 9 7     7 8 6③1:23.03     .614.338.813.3 -2 -5  .00 3 5 -2 1.34770375064 3 2 3 33 3 2.01 8.01 2.1 4.4  4.6    4.4   10.9   10.513.22055 0 7 5 0― 1.340.10 -.53 6.6782.9718.1038.9555.7412264016.6734.0250.44 4
20260614일 2130011국651 9 59 3 2강 2256흐림건조 3 7 6내게로와줘      파워블레리워드하 6837.00한거 4 0 0 2 1   89      16500국6최용건우태율   1 31318 720 2 0 017  0우인철45555.074평입상44 53 534316.045.023.82048102856112329 0 0271411272250 050→↘입13.737.039.613.9814137.438.9 82.8 82.4  7 13 20 0   14.10   14.10 4  5  0NHDN57.04521713-1.2 6.6 5.4494913-1숨은복병작전마주61기 0 7 5     6 5 4③1:22.8목    .013.539.314.1 -4 -9  .00 3 7  1  .51940332488 4 3 4 62 2 2.03 9.08 2.7 3.7  3.4    9.3   13.8   27.1  .02031-1 4 3-1▽ -.339.90  .29 5.7783.03 5.8714.7223.76 51220 5.2611.9620.73 5
20260517일 21400 8국610 9 19 4 1강 1151맑음건조 3 7 6내게로와줘      파워블레리워드하 6837.00한거 4 0 0 2 1   69      16500국6최용건우태율   1 41217 520 1 0 016  0우인철46455.074하무상25 55 554218.045.025.52048102856112329 0 0271411272250 050→↘입13.736.840.114.0631737.439.3 91.1 89.1  7  7 29 0   14.20   13.50 4 -6 -2HH동57.04521713 -.8 6.2 5.4555513 0작전마주조교부실23관 0 2 3     5 5 5④1:31.11½  1.214.140.314.1 -2  3  .00 4 6 -1 2.05064435148 1 7 5 62 1 1.03 7.08 1.4 3.4  1.4    3.8    4.6    7.0  .02046-1 3 2-1▽ -.539.20 -.3312.2089.21 5.5013.8325.51 41222 5.0614.6324.00 6
20260419일 31400 9국621 9 79 5 1강 1159맑음건조 4 7 6내게로와줘      파워블레리워드하 6837.00한거 4 0 0 2 1   69      16500국6최용건우태율   1 51116 420 2 0 015  0조상범46157.057하선상17 32 324614.042.033.7 926 6285611232922 0271413211650 050↗→입13.736.740.214.0751738.038.9 91.5 89.5  8  8 31 8   14.30   13.60 2  6  0LN동57.04521713 -.2 5.4 5.2525213 0작전마주작전마주42기 0 8 4     5 6 7⑥1:31.5목    .714.239.813.5 -1  3  .00 6 7 -2 1.26690326362 2 5 5 42 2 3.04 7.03 1.6 3.1 10.9   41.8   80.2  301.5  .02035 0 3 3 0― -.539.30 -.5412.6089.21 9.7221.3233.66 51322 7.3215.3825.15 5
20260404토 3140011국621 9 79 6혼전 4451맑음양호 7 7 6내게로와줘      파워블레리워드하 6837.00한거 4 0 0 1 1   40      16500국6최용건우태율   1 61015 320 1 0 014  0조상범45857.057평선보24 56 566935.050.023.9 926 6285611232922 0271413211650 050↗→입13.736.540.214.0881738.439.1 91.8 89.8  8  8 33 0   13.50   14.20 4 -3  0HNUP57.04521713 -.4 4.6 4.2626213 1일반주행작전마주59기 0 2 7     9 8 8⑧1:31.8코   1.614.339.713.6 -1 -6  .00 8 9  4 1.67295397636 1 6 7 80 1 3.04 5.09 2.1 3.3  7.9   29.5   72.5   26.6  .02059 0 5 4 0―  .139.60 -.1513.1089.07 6.0213.7123.90 2 714 6.7616.1824.47 6
20260308일 2130010국621 6 79 7 1강 1154맑음다습14 7 6내게로와줘      파워블레리워드하 6837.00한거 4 0 0 2 1   72      16500국6최용건우태율   1 7 914 620 1 0 013  0정정희46457.081평선상27 49 496822.045.027.420431028561123291533271420251550 050→→입13.736.839.713.9944136.940.6 83.1 84.0  9  9 27 0   14.10   14.60 4  0  4NNDN57.04521713 -.2 4.6 4.4545413-4일반주행조교부실34관 0 5 2     4 4 4⑤1:23.11½   .813.540.214.2  0  9  .00 5 5 -1 2.47114846656 1 6 6 42 4 1.09 7.04 2.3 2.8  2.3   85.5  148.4   77.813.21559 0 4 4 0― -.240.50  .27 7.4682.97 5.9815.4527.36 61325 5.2612.6621.43 6
20260207토 3170011국651 9109 8 1강 1153맑음건조 2 7 6내게로와줘      파워블레리워드하 6837.00한거 4 0 0 2 1   71      16500국6최용건우태율   1 8 813 220 1 0 012  0권중석45553.066평선하17 26 2610 8.039.016.41341 6285611232918 0271419181850 050↘→선13.639.241.913.9813038.443.1115.2114.4 10 10 30 0   13.70   15.50 6 -6  0NUUP57.04521713  .2 4.6 4.8535313 3일반주행거리속성79기 1 5 1 1 1 1 2 3④1:55.25    1.014.142.614.6 -2  3  .00 4 6  1 2.474 3896753 2 8 8 71 1 2.11 6.03 2.6 6.6  4.1  121.2  154.3  495.8  .01527 0 3 3 0― -.542.00  .1533.28113.8 3.00 8.6616.38 3 817 2.70 6.3712.84 9
20251228일 3140010국621 9 29 9 1강 1151흐림다습12 7 6내게로와줘      파워블레리워드하 6837.00한거 3 0 0 9 1  114      16500국6최용건우태율   1 9 712 220 1 0 011  0조성환45253.053평선보55 64 645440.042.021.5 718 62856112329 0 02714 9172050 050↘→추13.636.640.214.0791736.142.5 91.4 90.6 10 20 30 0   13.90   13.60 2  2 -4BUUP57.04521713-1.0 5.8 4.8434313 1마방연대단기승부40기 011 2     1 1 6⑨1:31.41¾  2.513.742.915.5  4 -3  .05 9 5  1 3.489 8969217 110 3 71 1 1.06 1.10 1.7 2.3  1.7   13.5   18.9   34.6  .02938-2 4 2-2▽ -.739.70 -.1613.8389.14 4.7712.5321.50 41222 6.8213.7626.41 5
20251214일 2130011국654 410910 1강 1159맑음불량20 7 6내게로와줘      파워블레리워드하 6837.00한거 3 0 0 2 1   32      16500국6최용건우태율   110 611 520 1 0 010  0이동하45557.091평선보33 39 396257.058.042.1325415285611232942 7271425241999 0 0↗↘선13.636.839.914.3922737.638.8 81.7 82.5 11 11 33 0   13.80   15.40 5  3  0BNDN57.04491712-1.0 5.8 4.8434313-1숨은복병마방연대84기 0 9 7     7 7 6④1:21.7½    .213.938.713.6  0  8  .00 4 4  1  .52349363372 3 7 4 43 1 1.0710.05     5.8  1.9   14.7   17.9  209.9  .02275-1 6 6-1▽  .340.10 -.27 5.7883.1014.1929.3642.1412264013.6427.3441.15 3
20251109일 41400 9국640 9 9911 1강 1159맑음건조 3 7 6내게로와줘      파워블레리워드하 6837.00한거 3 0 0 2 1  140      16500국6최용건우태율   111 510 120 3 0 0 9  0정정희44757.081평무보23 32 3230 7.039.022.520431028561123291533271420251599 0 0→→입13.636.740.114.3671935.942.0 91.7 89.7 13 13 25 0   14.30   14.10 6 -3  0NNDN57.04491712-1.6 7.4 5.8363613-3일반주행조교부실21관 0 6 1     1 1 3⑤1:31.73    1.313.842.615.4  2 -8  .00 5 3  0 1.671 3958544 2 5 4 41 3 2.01 3.07 3.0 5.7  3.2    5.7   10.9   16.0  .01513 0 2 3 0― -.639.40 -.1612.9389.14 5.5612.7222.46102035 4.08 9.4318.86 6
20250927토 4170011국650 8 5912 2강 2251맑음다습11 7 6내게로와줘      파워블레리워드하 6837.00한거 3 0 0 9 2  260      16500국6최용건우태율   112 4 9 120 2 0 0 8  0정정희45557.080평선보60 60 602125.045.022.42350132375 623291533271420251599 0 0↘→입13.639.342.014.3801739.441.6115.1114.3 13 13 25 0   13.60   13.70 4  8  0BNUP57.04491712-1.0 7.8 6.8232313 4선행실패거리속성42기 1 9 3 3 3 3 4 6⑥1:55.11¼  1.114.341.614.1  3  6  .01 6 3 -2 1.57025695649 3 9 4 62 2 1.04 1.02 1.9 4.2  1.9    7.8   11.5   20.3  .02615-2 4 3-2▽ -.441.90 -.1032.98114.0 5.5812.7122.37 5122010.5919.1628.16 4
20250831일 1130011국641 9 9913 3강 3359맑음다습13 7 6내게로와줘      파워블레리워드하 6837.00한거 3 0 0 9 2  33710:35 16500국6최용건우태율   113 3 8 420 1 0 0 7  0정정희44957.080하무하16 14 145710.041.028.62350132375 6232915332714202515      ↘→입13.637.039.914.3802537.238.7 82.2 82.1  0  0 29 0   13.60   15.10 7 -3  0HN동       1312-1.8 9.0 7.2272713 0숨은복병부진저하60기 1 1 1     1 1 2③1:22.2코    .013.638.813.7 -2 -4  .00 3 5  0  .91330301682 1 5 7 41 1 1.03 8.04     5.0  2.3    6.6    9.1   20.6  .01945-1 3 4-1▽ -.739.80 -.03 5.2083.23 6.8417.8728.64 51425 4.17 9.59 9.57 6
20250713일 3130011국640 7 9914 2강 2251흐림건조 4 7 6내게로와줘      파워블레리워드하 6837.00한거 3 0 0 2 3  46311:25 16500국6최용건우태율   114 2 7 320 2 0 0 6  0김철호45357.062하무보24 25 2549 7.038.019.0156711275711232918282714142025      ↘→추13.636.939.813.5884137.340.7 84.4 84.0  0  0 33 0   14.10   13.70 4 -5  0HN동       1312-1.8 9.6 7.8222213 0숨은복병부진저하63관 0 4 2     4 5 4⑥1:24.41    2.313.641.015.1  1  7  .00 6 5 -1 2.47534868019 2 6 5 52 2 1.0210.01     4.0  2.4    4.0    6.9    7.2  .01915-1 2 3-1▽ -.740.40  .37 7.3483.10 3.3510.2119.04 61325 1.94 5.24 9.27 6
20250614토 2130010국620 9 7915혼전 4459맑음건조 3 7 6내게로와줘      파워블레리워드하 6837.00한거 3 0 0 2 3  55311:30 16500국6최용건우태율   115 1 6 220 1 0 0 5  0김철호44657.062하무상 9 11 1122 6.029.010.0156711275711232918282714142025      ↘→추13.636.740.614.298 438.338.6 84.4 83.2  0  0 40 0   13.90   14.80 7  2  0LNUP       1312 -.8 9.5 8.8212112 1능력한계거리속성18관 0 9 7     9 9 8⑥1:24.44    1.114.139.213.7  0  2  .00 6 6 -4 1.35079284948 1 9 8 73 1 8.01 5.02     2.4 32.4   22.4   74.9   54.8  .012 8-4 1 1-4▼-1.740.40  .25 5.9383.48 1.14 4.70 9.98 2 714 1.82 6.56 7.78 9
20260919토 7170011국5 2 8  7 0 1강 1153           7 7베스트조이      모던카우플라잉불 3332.00한거 4 0 0   1    016:10 24750국5강환민베스트샤-1 014 5 213 4 1 212  0송재철   56.577우입적50 58 584536.047.018.21644 7195510232511281919192520255025↘↗입13.739.241.113.68553                   44 44 4433   14.40   13.70 3  0  1NNUP56.44801714-1.2 5.2 4.0707014 3편성탐색거리속성37기 0 7                            14.4    13.7        .0                       4 3 5 8  4                                              .02951-1 5 5-1▽ -.441.10  .52     113.3 4.7110.2118.17 2 714 7.5315.3124.30 8
20260830일 5140010국552 4107 1 1강 1151맑음다습11 7 7베스트조이      모던카우플라잉불 3332.00한거 4 0 0 9 1   47      24750국5강환민베스트샤-1 113 4 813 3 1 211  0송재철48656.077기입적75 72 726959.057.035.31644 7195510232511281919192520255025↘↗입13.736.539.613.6853737.639.0 87.7 89.1 44 44 4433   14.00   13.10 5  4  2NN동56.44801714  .2 5.6 5.8545414 0뒷심문제기복전력49기 0 7 6     5 5 5⑤1:27.75    1.214.438.313.7  4  3  .09 5 1 -6 1.85075334842 1 3 5 32 3 3.04 6.04 2.9 6.3  5.1   11.4   24.4  105.3  .02855 0 6 5 0―  .739.40 -.0712.9688.6610.4623.7235.2919395511.9324.6437.14 4
20260726일 5140011국552 2107 2혼전 4451맑음양호 9 7 7베스트조이      모던카우플라잉불 3332.00한거 4 0 0 9 1   77      24750국5강환민베스트샤-1 212 3 713 2 1 110  0송재철48354.577기입적21 20 206519.051.021.91644 71955102325112819191925203367 0↘↗입13.636.539.913.8862737.338.4 87.1 87.9 38 38 5025   13.40   15.10 4 -7  0HH동57.04791714  .2 5.6 5.8545413 0교체실패기복전력69관 0 3 8     7 7 3②1:27.14     .014.038.013.1 -5  3  .00 2 7  0  .81361131775 11011 93 2 1.0710.03 3.711.9  3.7   35.2   52.0   77.1  .02261 1 5 6 1―  .239.20  .0811.5088.86 6.0614.2221.90 2 510 3.80 7.2514.9511
20260627토 4140011국553 4107 3혼전 4451맑음건조 4 7 7베스트조이      모던카우플라잉불 3332.00한거 4 0 0 9 1   77      24750국5강환민베스트샤-1 311 2 613 1 1 1 9  0송재철48054.577기입적37 37 376527.058.029.51644 71955102325112819191925203367 0↘↗입13.736.539.813.7853436.541.9 90.1 90.9 43 43 4329   14.60   15.40 4  9  0BHDN57.04791714 -.4 5.2 4.8606014-3직전탐색기복전력31관 010 4     3 610⑪1:30.1머리 3.113.441.715.1  4  0  .0011 7  5 3.39015949010 1 810 60 1 5.04 8.07 4.0 7.8  8.5   25.5   63.6  264.512.73775 2 6 7 2△  .739.80 -.0414.5888.80 8.5819.3929.47 41118 4.2712.3520.17 9
20260531일 61700 7국551 9 57 4혼전 4451맑음양호 6 7 7베스트조이      모던카우플라잉불 3332.00한거 4 0 0 9 1   45      24750국5강환민베스트샤-1 410 1 113 4 1 1 8  0김태현48054.553기입보80 78 783343.042.019.01050 4195510232523 019192013183367 0→↘선13.639.141.713.8912739.243.5116.1114.9 43 43 4314   13.70   14.10 4 -5 -3UHUP57.04791714  .0 5.4 5.4555514 3일반주행기복전력30관 1 1 4 4 4 1 1 4⑤1:56.13    2.414.644.115.4  3  6  .01 5 2  1 2.47915928622 2 8 4 71 4 4.03 2.08 2.5 4.4  6.2   11.4   18.8   18.5  .01525-2 5 3-2▽ -.742.20  .2334.09113.6 3.8310.6619.03 41118 9.4720.9432.37 6
20260502토 3140010국640 9 47 5 1강 1151흐림건조 3 7 7베스트조이      모던카우플라잉불 3332.00한거 4 0 0 1 1   78      16500국6강환민베스트샤-1 5 9 9 513 3 0 1 7  0김태현47457.053기입보77 94 947992.070.061.51050 4195510232523 01919201318 099 0→↘선13.736.540.013.7852536.538.4 88.2 86.3 33 17 3317   13.90   13.60 3  5  0NN동57.04811414  .0 5.4 5.4555514 0일반주행기복전력36기 0 6 1     1 1 1①1:28.210  -1.713.739.314.1  0 -7  .00 1 1 -1  .0 11713 399 1 7 1 11 3 1.02 6.11 2.2 3.7  2.2    3.7    5.7    6.9  .03776 3 8 7 3▲ 1.838.80-1.03 9.8388.9332.6251.0761.5337597136.8963.0573.49 1
20260411토 2140011국631 7 37 6 1강 1159흐림다습14 7 7베스트조이      모던카우플라잉불 3332.00한거 4 0 0 2 1   62      16500국6강환민베스트샤-1 6 8 8 413 2 0 0 6  0김태현48157.053기입적41 54 545977.060.053.31050 4195510232523 01919201318 099 0→↘선13.636.740.213.975 936.838.5 87.3 87.3 20 20 40 0   13.80   14.10 4 -4  0UN동57.04811414 1.8 5.2 7.0414113 0일반주행기복전력75기 0 1 4     3 2 2②1:27.34     .013.938.513.6  0  0  .00 2 2 -7  .7 33417 989 2 4 2 22 2 3.02 2.01 1.5 2.7  5.2    7.8   15.7    2.6  .02256 1 7 6 1― 1.038.80-1.0410.3689.2118.8236.6153.2619395526.5651.1670.59 2
20260315일 2140011국650 8107 7 3강 3357흐림양호 6 7 7베스트조이      모던카우플라잉불 3332.00한거 4 0 0 2 1   72      16500국6강환민베스트샤-1 7 7 7 313 1 0 0 5  0김태현48157.053하입적 5  8  85710.040.018.41050 4195510232523 01919201318      →↘선13.736.640.213.780 536.839.6 90.2 88.6 25  0 50 0   13.70   16.60 4 -2  3NN동       1413 3.5 4.3 7.8343413 0일반주행조교부실19관 0 5 2     3 3 4④1:30.2½    .413.840.214.1 -5 -6  .00 4 9  0  .63331574469 1 811 82 1 8.01 6.04 3.1 8.7 22.6   22.6   72.7   54.1  .01553 0 3 3 0― -.639.20 -.0511.7889.14 5.4711.2118.35 1 4 7 5.8810.8516.51 8
20260214토 4140011국651 9107 8혼전 4451맑음건조 3 7 7베스트조이      모던카우플라잉불 3332.00한거 4 0 0 2 1   70      16500국6강환민베스트샤-1 8 6 6 213 1 0 0 4  0우인철48754.074기입적15 28 284640.056.026.3204810195510232517 01919112722      →↘입13.636.740.113.869 636.244.2 94.5 92.5 33 33 33 0   13.90   14.70 4  0 -3NH동       1413 4.0 2.7 6.7444413 0숨은복병기복전력73기 1 7 4     4 411⑪1:34.56    3.513.745.316.6  2 -6  .0011 9  6 4.598 8999911 3 6 8 50 1 8.0511.03 2.5 6.9 24.5  128.9  293.6   88.7  .01964 0 5 5 0―  .540.00 -.2715.7289.14 6.8215.2926.25 61325 6.9013.9024.83 7
20260117토 3140011국642 9 47 9 2강 2251맑음건조 5 7 7베스트조이      모던카우플라잉불 3332.00한거 4 0 0 2 1   82      16500국6강환민베스트샤-1 9 5 5 113 2 0 0 3  0조한별49357.061기입적27 34 343026.039.023.1142110195510232511 01919122118      ↗↘입13.736.840.113.862 737.040.9 91.2 90.1 33  0 33 0   13.60   13.50 4  5  0NNUP       1413 5.5 1.5 7.0464613 1일반주행기복전력 5기 0 7 4     5 6 5⑨1:31.2¾   1.413.941.314.7  6 -2  .01 9 3 -2 1.78147858440 3 6 4 42 2 2.0610.03 2.2 3.4  3.2   26.5   34.4  141.7  .01516-2 3 3-2▽ -.739.40 -.2513.2289.21 4.6313.3023.12 61325 4.7212.6317.43 5
20251220토 2130011국621 6 2710 2강 2251흐림포화16 7 7베스트조이      모던카우플라잉불 3332.00한거 3     2 1   8511:00 16500국6강환민베스트샤-110 4 4 213 1 0 0 0  0조한별49557.061기도적75 72 727872.060.039.3142110195510232511 01919122118      ↗↘입13.536.840.714.1891737.140.3 82.1 83.5 50 50 50 0   14.20   13.5027 -8  0HN동       1312 5.5 1.5 7.0464613 0편성탐색기복전력43기 0 2 2     4 5 6⑥1:22.11    1.413.639.413.5  1 14  .00 6 5  3 1.46427796839 211 4 42 1 1.03 3.07     2.3  2.1    7.5   11.3    3.3  .02975 1 6 6 1―  .740.40 -.68 6.0083.61 9.6224.8839.3310223511.8226.7334.83 4
20250614토 2130010국620 9 7711혼전 4459맑음건조 3 7 7베스트조이      모던카우플라잉불 3332.00한거 3     2 3  553      16500국6강환민베스트샤-111 3 3 113 1 0 0 0  0이동하48157.092하무보10  8  810  .048.035.63242191657 0232522 01919252419      ↘→선14.138.240.514.1 61236.539.9 83.4 82.2  0  0  0 0   14.10   14.4037  5  2NBUP       1312 9.0 1.010.0151512 1출주취소거리속성60기 010 1     1 1 1④1:23.4¾    .113.640.514.6  2  5  .00 4 2     .316 570317810 8 9 61 1 8.01 5.02 2.0 2.4 32.4   22.4   74.9   54.813.22551 0 4 3 0― -.238.70-1.32 3.5384.38 9.9521.7835.56 5132220.0036.0792.51 3
20240928토 2120010국641 3 9712혼전 4455맑음건조 5 7 7베스트조이      모던카우플라잉불 1135.00한수 2 0 0 9 7 1324      24750국6강환민베스트샤-112 2 2 113 2 0 0 1  0신형철  055.071평무보 7 35 35 6  .028.0 6.0 413 0205013232521251919151327      ↘↗추14.138.040.014.1 212                    0  0  0 0   14.10   14.40 4 -2  0NH동       1212        10.0    12 0최빈거리거리난점 1관 1 5                    취소    14.1    14.4     0  .07                     111212110 2 3.02 2.12 2.7 4.7  3.9    4.8   10.7    5.0  .0 9 4-4 1 1-4▼-1.540.00 -.45     77.17  .66 2.63 6.00 0 1 3 8.3316.6725.00 5
20240831토 1120012국650 510713혼전 4455맑음건조 4 7 7베스트조이      모던카우플라잉불 1135.00한수 2     9 7 138714:20 24750국6강환민베스트샤-113 1 1 113 1 0 0 0  0신형철47655.071평무보   35 3540  .028.0 8.6 413 0205013232521251919151327      ↘↗추14.136.738.514.0    38.239.7 78.1 78.1              14.10   14.30        LN동       12 0                 0 0일반주행보통주행 1관 0 7 8     91010⑩1:18.110   2.514.140.014.4  9  9  .0010 1  0 3.29188778915 4 4 4120 1 8.04 9.08     7.9 19.8   43.2  149.7  171.1  .01519-2 1 1-2▽-1.439.50 1.02 2.9275.61 2.16 4.18 8.60 1 3 5 8.3316.6725.11 7
20260919토 7170011국5 2 8  9 0 1강 1153           7 8글로리조이      섀클포드조이풀룰 6626.00한거 4       1    016:10 24750국5차우호김길리   0 011 1 1 0 1 0 1 0  0빅투아   52.591기선보76 73 732649.044.013.0305214 5   5 0 0 0 0 0 022281799 0 0→→선13.739.042.014.79410                   11 33 56 0   13.90   12.6032 -1 -1NUUP57.04641712 -.6 4.0 3.4666613 3일반주행휴양불리38관 1 8                            13.9    12.6        .0                       111 110  1                                              .01527-4 5 3-4▽ -.842.00  .26     113.8 3.09 6.7913.00 1 4 7 9.6819.3932.71 3
20260207토 2140011국630 9 89 1 2강 2251맑음건조 2 7 8글로리조이      섀클포드조이풀룰 6626.00한거 4 0 0 2 4  632      16500국6박지헌김길리   0 11010 310 1 0 1 9  0권중석46153.058기입적44 64 646924.050.031.7 0 0 01436 32112 0 0221819181899 0 0→→선13.736.540.314.784 636.240.2 89.8 88.3 13 25 50 0   14.20   15.20 4 -2 -4NUDN57.04641712 -.6 4.8 4.2585813-3연대우수기복전력83기 0 9 3     2 2 2③1:29.82     .413.940.214.1  0 -5  .00 3 3  0 1.224 8714072 1 7 3 31 1 2.01 1.02 1.8 3.6  3.9    3.6    7.0    4.4  .03366 0 5 3 0―  .239.30 -.4211.5189.14 8.5920.4531.71133045 4.4815.2830.41 5
20260110토 4170011국651 9109 2혼전 4451강풍양호 8 7 8글로리조이      섀클포드조이풀룰 6626.00한거 4 0 0 2 1   81      16500국6박지헌김길리   0 2 9 9 210 4 0 1 8  0최범현46657.093기입보35 55 557844.065.039.431591322451221122957221818321799 0 0→→입13.639.042.014.795 938.642.4114.7113.2 13 25 50 0   14.30   15.50 5  9  0VN동57.04641712 -.8 6.0 5.2464613 0전개최상연대우수32관 011 3 3 2 2 2 3⑥1:54.71½   .914.243.015.2  3  5  .09 6 3  1 1.043 4825455 1 8 4 41 4 5.04 6.03 2.8 7.0  9.2   28.5   62.7   30.3  .03774 0 6 5 0― 1.042.00 -.3332.15113.811.4824.7339.39102235 9.6423.3932.83 4
20251207일 3170011국651 9 59 3혼전 4451맑음다습10 7 8글로리조이      섀클포드조이풀룰 6626.00한거 3 0 0 1 1   9611:25 16500국6박지헌김길리   0 3 8 8 110 3 0 1 7  0최범현46157.093평선보58 82 829276.074.061.031591322451221122957221818321799 0 0→→입13.639.042.214.495 839.141.7116.4114.0 14 14 43 0   13.70   13.90 3 -2  0UNUP57.04641712 -.8 6.0 5.2464613 3연대우수전개최상45기 0 2 2 2 2 3 5 6③1:56.44     .714.342.615.5  1 -3  .00 3 2  0 3.26314694762 1 9 2 12 3 1.09 3.05     3.4  2.1   39.9   49.6   36.610.64291 3 9 8 3▲ 1.842.20 -.9432.80113.929.0247.6860.9934536526.4739.7450.77 1
20251116일 3140011국650 9109 4 1강 1159맑음건조 3 7 8글로리조이      섀클포드조이풀룰 6626.00한거 3 0 0 2 1  119      16500국6박지헌김길리   0 4 7 7 210 2 0 0 6  0최범현46457.093하입하25 37 378372.073.074.9315913224512211229572218183217      →→입13.636.540.714.487 436.639.4 90.1 88.5  0  0 50 0   13.50   14.70 6 -6  0HNUP       1412-1.0 7.4 6.4333313 1연대우수연대우수77기 1 4 1     2 3 4②1:30.14     .013.740.013.9  0  5  .00 2 2 -2  .73021523091 111 3 11 2 5.02 5.04 2.2 6.8  9.1   22.7   49.3   15.7  .03786 3 8 8 3▲ 2.039.30-1.8011.2989.4138.9964.0274.9237597124.0746.4062.86 1
20251004토 2130011국640 9 99 5 1강 1151맑음다습10 7 8글로리조이      섀클포드조이풀룰 6626.00한거 3 0 0 1 2  230      16500국6박지헌김길리   0 5 6 6 210 1 0 0 5  0최범현45957.093하입상69 51 516272.068.047.9336921223315211229572218183217      ↘→입13.636.840.414.492 836.540.6 83.8 83.6  0  0 40 0   13.50   14.40 5  3  0NN동       1412 -.4 8.0 7.6222213 0일반주행연대우수42기 010 2     2 2 1⑤1:23.83     .813.541.014.7  1  9  .00 5 4 -5 1.263 6855957 2 9 4 31 1 9.08 2.11 1.8 4.4 50.3  785.4 2295.6 1471.9  .03788 1 7 6 1△ 1.240.40 -.74 6.4283.4217.9633.8947.9212264011.9327.2335.01 4
20250831일 2130011국611 5 19 6 1강 1159맑음다습13 7 8글로리조이      섀클포드조이풀룰 6626.00한거 3 0 0 9 2  33611:00 16500국6박지헌김길리   0 6 5 5 110 1 0 0 4  0조상범45057.055하입보29 19 1924 8.032.0 9.8 880 3223315211211 02218132116      →↗입13.736.940.414.388 736.640.1 82.3 82.7  0  0 25 0   13.80   14.70 4 -1  0NNUP       1412  .8 7.8 8.5141412 1숨은복병거리속성82기 0 7 4     3 3 5④1:22.33     .813.540.114.4 -5 -2  .00 4 9  2 1.030 8754556 111 7 82 1 3.1011.08     2.7 10.0  303.6  511.1   88.3  .01923-4 2 1-4▼-1.340.10  .25 5.3983.48 1.17 4.30 9.83 2 611 3.03 6.99 9.14 7
20250802토 2120011국611 8 19 7 1강 1159맑음건조 3 7 8글로리조이      섀클포드조이풀룰 6720.00한거 3     1 3  41011:05 16500국6박지헌김길리   0 7 4 4 310 1 0 0 0  0임다빈45257.077하선보 5  5  559 8.032.013.11846 61733 52112 5 02218142424      ↗→추13.636.939.214.073 437.039.9 78.4 76.6  0  0 33 0   13.80   17.0010  0  2NLDN       1412 1.0 8.0 9.0 8 812-2걸음없음부진마필44관 0 8 5     5 6 7⑦1:18.41¾  1.713.841.014.7  0-16  .00 7 7 -1 2.16637817431 1 2 9 82 1 1.04 3.05     2.7  1.4    6.3    8.1    6.1  .0 513-4 2 2-4▼-1.338.80  .41  .5376.12 1.66 5.9713.14 2 715 1.94 5.15 7.78 8
20250525일 21400 8국640 9 49 8 3강 3351맑음다습10 7 8글로리조이      섀클포드조이풀룰 6626.00한수 3 0 0 2 4  60311:00 16500국6박지헌김길리   0 8 3 3 110 1 0 0 2  0김성현46855.069하무보13 11 11 0 4.025.0 4.81440 41436 32112 0 02218162319      →→입14.137.441.014.023 436.245.0 94.0 93.0  0  0  0 0   14.10   14.3012 -1 -1HHUP       1412 1.5 8.0 9.5121212 2걸음없음휴양불리24관 0 8 2     2 3 8⑧1:34.011   5.813.845.117.0  0 18  .00 8 8 -1 6.099 69999 6 6 8 8 81 1 2.04 6.07     3.6  4.5    9.2   19.9    5.5  .0 7 1-4 1 1-4▼-2.039.40 -.7014.6090.24  .12  .93 4.83 2 511 1.41 4.2911.21 8
20250302일 1120011국610 8 69 9 3강 3359흐림건조 4 7 8글로리조이      섀클포드조이풀룰 6720.00한수 3     1 5  85610:35 16500국6박지헌박남성  -1 9 2 2 210 1 0 0 0  0조인권45056.067하무하 5  5  521 7.027.0 1.1 943 32170 0212232 02218242513      ↗↗선14.137.640.315.530 237.639.3 78.5 76.8  0  0  0 0   14.10   15.8010 -1  1NN동       1212 4.0 7.011.0 2 212 0연대우수우수혈통 1기 0 9 6     7 8 8⑧1:18.5¾   2.114.140.314.3 -1 -3  .00 8 9  2 2.67069667424 910 8110 1 3.06 8.05     5.5 10.5   38.3   84.6   20.1  .033 6-4 1 2-4▼-2.138.20 -.25-1.1277.12  .12  .63 1.12 1 4 7 3.08 6.85 8.38 9
20241222일 1120012국650 710910 3강 3355맑음양호 7 7 8글로리조이      섀클포드조이풀룰 6720.00한수 2     2 6 105410:35 24750국6박지헌박남성  -110 1 1 110 1 0 0 0  0문세영45355.093평무보   35 3540  .065.044.34049301233 0212239522218293615      →→입13.936.738.515.2    37.342.9 81.8 80.1              13.90   15.50        LN동       12 0                 0 0일반주행연대우수 1기 110 7     6 811⑪1:21.814   5.114.143.815.8  4-12  .0011 7  0 5.499559999 4 1 1 2 20 1 6.0512.09     6.1 10.2   47.3  126.0   74.310.93775 0 7 6 0―  .940.10  .02 4.9175.6118.0032.2044.28204155 8.8717.6726.92 9
20260919토 7170011국5 2 8  5 0 1강 1153           7 9청월            레이스데쉬비스위 8832.00한암 3 0 0   1    016:10 24750국5강성오김중길  -3 0 9 7 2 8 1 1 2 8  0장추열   55.093우추적50 59 599684.071.061.42949122556112234395627 8202722 0 099↘↗입14.139.340.813.37973                   43 57 1429   13.90   13.30 4  2 -1LNUP54.54601714 -.2 3.6 3.4737317 3편성탐색전개최상46기 0 9                            13.9    13.3        .0                       6 1 3 1  8                                              .05799 4 9 9 4☆ 1.940.80 -.36     113.130.5849.6161.4434536526.8843.8853.27 1
20260822토 5140011국542 5 95 1혼전 4451비  불량20 7 9청월            레이스데쉬비스위 8832.00한암 3 0 0 2 1   77      24750국5강성오김중길  -3 1 8 6 3 8 1 1 2 7  0서승운43856.083우추보94 92 928668.062.037.32335132556112234 0 027 8272717 0 099↗↘선14.137.038.913.3577637.038.7 86.8 88.3 50 50 1733   14.10   14.10 4  2  3NBDN54.54601712-1.6 4.4 2.8797914-3연대우수부중편성48기 0 7 6     4 3 4④1:26.8½    .613.938.013.3  2-12  .00 4 2  1  .72444241963 8 2 3 32 1 9.06 4.02 1.8 4.0 37.1  280.4  701.5  149.810.53378 1 7 6 1△  .938.80  .0012.4388.5213.9325.7837.2712264017.5028.7341.34 2
20260726일 4170011국552 2105 2혼전 4451맑음양호 9 7 9청월            레이스데쉬비스위 8832.00한암 3 0 0 9 1   58      24750국5강성오김중길  -3 2 7 5 1 8 7 1 1 6  0장추열45053.593우추적76 78 789074.069.042.42949122556112234395627 8202722 0 099↘↗입13.940.140.613.3328338.841.1110.8112.0 40 40  040   14.10   13.10 5  1 -2NHUP54.54601712-2.4 6.2 3.8676714 3연대우수연대우수99기 1 5 4 4 4 2 2 2②1:50.8½    .014.140.814.1  1 -9  .00 2 1 -1  .110 8522076 8 3 2 11 7 4.01 3.05 3.5 9.2  7.7   12.7   28.7  146.9  .05389 3 9 9 3★ 1.540.80 -.2431.30113.617.7331.8142.3920415516.1328.5741.35 1
20260621일 5140010국531 6 85 3 1강 1151맑음포화17 7 9청월            레이스데쉬비스위 8832.00한암 3 0 0 2 1   86      24750국5강성오김중길  -3 3 6 4 2 8 6 1 1 5  0장추열45955.593기추적84 86 867986.074.060.32949122556112234395627 8202722 0 099↘↗입13.937.438.913.3228037.638.5 87.5 88.3 40 40  040   14.20   13.30 5 -5  1HL동54.54601412-3.0 7.3 4.3626214 0연대우수연대우수 5기 0 4 8     910 7⑥1:27.5머리  .214.137.913.1  4  0  .09 6 2  0  .2237320327410 2 3 13 6 7.09 3.06 2.5 3.9 26.5  428.6  886.9 1549.7  .04183 3 9 8 3▲ 1.838.40 -.8511.9588.8032.8150.2360.3037577115.7931.6545.27 2
20260517일 3140011국521 8 75 4혼전 4451맑음건조 3 7 9청월            레이스데쉬비스위 8832.00한암 3 0 0 2 1   88      24750국5강성오김중길  -3 4 5 3 1 8 5 1 0 4  0장추열45955.093평추보62 64 646661.071.057.72949122556112234395627 8202722 0 099↘↗입14.037.439.013.4267337.637.9 88.7 87.6 25 25  025   14.10   13.40 5  0  1LNUP54.34611412-3.0 7.3 4.3626213 1배당마주연대우수83기 1 9 8     8 7 3②1:28.74     .014.238.413.3  0  3  .00 2 2 -5  .6 773 61189 9 3 5 13 5 1.02 1.09 1.8 4.1  1.8    4.1    6.2    9.910.64178 3 8 9 3▲ 1.938.20 -.8611.2388.8629.6046.4157.6837597111.5421.7135.54 4
20260411토 4130011국551 2105 5혼전 4451흐림다습14 7 9청월            레이스데쉬비스위 8832.00한암 3 0 0 2 1  100      24750국5강성오김중길  -3 5 4 2 2 8 4 1 0 3  0장추열45654.093기입적47 51 516648.065.034.02949122556112234395627 8202722 0 099↘↗입13.937.638.813.3428738.038.6 80.9 83.0 33 33  033   13.90   13.70 6  4  2BN동54.54651312-3.3 7.3 4.0606012 0연대우수배당마주52기 0 911    1110 7⑤1:20.9머리  .414.138.113.4 -2 -6  .00 5 7  1  .5407027416510 2 8 43 4 6.01 5.11 3.3 9.9  9.3   16.8   37.8   36.112.73365 2 7 7 2― 1.139.40  .13 6.5582.9011.7923.5233.95102235 5.7112.9622.66 8
20260301일 4130011국551 2105 6혼전 4451맑음건조 3 7 9청월            레이스데쉬비스위 8832.00한암 3 1 1 1 1  122      24750국5강성오김중길  -3 6 3 1 1 8 3 1 0 2  1장추열46252.593기추적89 96 968276.070.045.12949122556112234395627 8202722 0 099↘↗입14.337.638.912.8468737.738.8 82.5 83.1 50 50  050   14.30   12.90 5  3 -2NUUP54.54651312-4.0 8.0 4.0595912 1배당마주연대우수70기 0 5 5     4 5 4④1:22.52½   .713.938.713.7 -2 -3  .00 4 6  0 1.2445733365611 4 2 12 3 1.03 6.02 3.0 5.2  3.0    8.3   15.1   27.510.53786 2 9 9 2▲ 1.539.50 -.23 6.5582.9718.9734.0145.1134536517.1428.1839.29 3
20260125일 1120011국613 9 65 7 2강 2251맑음건조 3 7 9청월            레이스데쉬비스위 5725.00한암 3 0 0 2 1   73      16500국6강성오김중길  -3 7 2 2 2 8 2 0 0 1  0장추열46554.593하무보15 15 152617.048.024.02949122556112234395627 8202722      ↘↗입14.337.940.114.312 537.637.1 75.6 74.3  0  0  0 0   14.30   14.60 4 -5  1HN동       1212-3.010.0 7.0222212 0배당마주배당마주 5기 0 2 6     7 7 3①1:15.63    -.514.337.912.9 -5 -5  .00 1 6 -4  .0 470 3 997 910 7 43 2 6.01 2.09 1.4 3.7 37.3   15.5   82.3  189.3  .02236-1 4 5-1▽ -.237.10 -.97-3.7577.17 4.7612.8224.00133045 3.2810.9115.57 5
20251227토 1120012국640 9 95 8 1강 1155맑음다습14 7 9청월            레이스데쉬비스위 5725.00한암 2     9 1   8510:35 24750국6강성오김중길  -3 8 1 1 1 8 1 0 0 0  0장추열47054.093평무보 6 25 2522  .054.039.82949122556112234395627 8202722      ↘↗입14.938.240.013.610 137.440.2 78.0 77.0              14.90   13.90        LN동       12 0         5.0     0 0숨은복병배당마주49기 0 7 9     9 9 9⑦1:18.03    2.114.340.614.6 -3 -9  .00 710  0 2.47762858725101012 30 1 2.01 4.09     6.2  5.4    6.7   15.2   10.1  .01936-1 5 6-1▽  .437.60-1.54-1.2477.2911.8626.7839.82132843 9.4818.4930.92 7
20260919토 7170011국5 2 8  7 0 1강 1153           710알리페르        오버애널텔미허니 3440.00한암 4 0 0   1    016:10 24750국5한만달김정철   1 01610 117 2 1 217  0김태훈   52.571기입보50 42 42 513.035.0 7.31755 7 0   0 0 0 0 0 0 01224216733 0↗→입13.839.541.313.96630                   27 33 1320   15.30   13.50 5  9  0BHUP54.04321813 1.0 5.6 6.6313114 4일반주행탐색우려49기 010                            15.3    13.5        .0                       9 6 911  2                                              .015 3-4 2 1-4▼-1.441.30  .51     113.6 1.37 3.16 7.27 1 2 4 3.23 7.1413.0811
20260817월 41300 9국522 6 27 1 2강 2254흐림다습13 710알리페르        오버애널텔미허니 3440.00한암 4 0 0 2 1   89      24750국5한만달김정철   1 115 91217 1 1 216  0김태훈42552.571기입보12 12 1233 3.032.013.11755 7 0   0 0 0 0 0 0 01224216733 0↗→입13.837.139.313.9723739.837.6 82.7 82.9 29 36 1414   13.90   14.70 4 -2  0UH동54.04321813  .8 6.8 7.6313114 0일반주행기복전력 5   0 1 9     9 8 6⑤1:22.71    2.415.337.313.5  0  4  .00 5 5 -3 3.24099 46419 4 4 7 83 1 1.02 4.05 1.8 1.2  1.8    1.2    2.0    3.6  .01520-2 1 1-2▽-1.139.90  .71 6.4982.90 1.64 5.2213.12 2 714  .12 2.35 6.49 8
20260719일 4130011국523 5 77 2 1강 1151흐림포화16 710알리페르        오버애널텔미허니 3440.00한암 4 0 0 2 1   47      24750국5한만달김정철   1 214 81117 1 1 215  0조상범42152.557기입적36 36 3615 5.033.0 9.9 926 6 0   0 0 0 030 0 01321166733 0↗→입13.837.139.313.9713438.440.8 83.7 85.4 31 38 15 8   14.20   13.30 6 -6 -1HH동54.04321813 1.6 6.4 8.0353514 0일반주행기복전력 5   0 3 7     9 9 7⑦1:23.75    2.513.940.114.7 -1 -2  .00 7 8  4 3.09285869316 5 5 7110 1 1.04 1.10 2.0 3.7  2.0    8.6   12.4    8.5  .01511-2 1 1-2▽-1.140.50  .80 8.9782.90 1.31 4.03 9.93 1 3 6 1.30 4.68 9.09 9
20260606토 4130011국511 4 67 3혼전 4452맑음양호 7 710알리페르        오버애널텔미허니 3440.00한암 4 0 0 1 1  117      24750국5박지헌김정철   1 313 71017 1 1 214  0최범현42353.593기입보33 33 334853.059.035.13159132245122125293322181832176733 0→→입13.837.039.414.0782738.438.5 83.7 83.2 33 42 17 8   13.80   13.70 4  4  1BNDN54.04321813  .8 6.2 7.0404014-1숨은복병기복전력68기 0 9 8    111111⑦1:23.71     .814.238.913.3  3-12  .00 7 4 -1 1.04883214655 3 6 6 43 1 3.02 5.02 2.0 6.6  7.3   14.1   30.8  276.512.73370 2 6 7 2△  .840.10  .10 6.8082.9011.3623.2735.06 8182912.1623.9537.37 4
20260510일 3140011국511 8 67 4 1강 1154맑음건조 5 710알리페르        오버애널텔미허니 3440.00한암 4 0 0 2 1   68      24750국5박지헌김정철   1 412 6 317 2 1 213  0이혁  43552.577기입적16 14 142614.041.020.62359 82245122125234222182821186733 0↗↘선13.836.839.614.2661237.539.0 90.3 88.8 36 36 18 9   14.10   15.20 4  1  0NHDN54.04321813 -.2 6.2 6.0474714-4교체실패기복전력45기 0 5 5     5 4 4⑥1:30.3코    .913.839.713.7  1  0  .00 6 5 -1 1.23769314256 4 510 62 3 1.02 8.09 1.4 3.5  1.4    3.5    4.6   21.1  .02024 0 3 3 0― -.639.10  .1112.3688.86 6.6012.8120.59 41222 3.66 9.6416.22 6
20260411토 7180011국541 8 97 5혼전 4454맑음다습13 710알리페르        오버애널텔미허니 7837.00한암 4 0 0 2 1   77      24750국5박지헌김정철   1 511 5 117 1 1 212  0이혁  43552.576기입보13 14 143415.043.028.12359 82245122125234222182821186733 0↗↘선13.840.240.513.9463439.542.3120.3120.3 40 40 1010   13.90   14.40 6 -5 -1HHUP54.04321813 -.8 5.6 4.8616114 5일반주행기복전력79기 0 4 2 2 2 4 5 7⑧2:00.33    2.914.143.515.2  2  5  .00 8 6 -5 3.77921857414 6 2 7 42 2 2.01 3.01 2.1 4.3  3.4    4.3    8.2    6.1  .02045 0 3 4 0― -.340.90 -.1339.60118.8 7.4318.5828.10 51425 6.0015.1323.41 4
20260302월 5130011국542 3 97 6혼전 4451비  양호 9 710알리페르        오버애널텔미허니 3440.00한암 4 0 0 1 1  111      24750국5박지헌김정철   1 610 4 917 2 1 211  0장추열43053.593우입적46 53 535329.052.019.12949122245122125133822182027226733 0↘↗입13.837.339.013.8606138.240.0 83.7 84.6 44 44 1111   13.90   13.90 7  6  1BNDN54.04321413 -.6 4.2 3.6737314-1승부최상보통주행58관 0 9 8    101110⑩1:23.73    2.413.939.814.4 -1  0  .001011  5 2.58578748416 7 5 7100 2 6.04 1.11 2.1 5.5 20.2   53.4  151.6  293.8  .03438 0 5 6 0―  .140.10  .61 8.3282.84 4.4410.6719.08 1 4 7 4.3112.7121.97 8
20260111일 3140011국530 9 87 7 1강 1151맑음양호 7 710알리페르        오버애널텔미허니 3440.00한암 4 0 0 2 1  113      24750국5박지헌김정철   1 7 9 3 217 1 1 210  0장추열43053.093우입상92 96 967588.069.042.92949122245122125133822182027226733 0↘↗입13.836.939.213.9594537.439.4 90.4 89.1 50 50 1313   13.90   13.60 5 -4  1HN동54.04321413-2.2 4.6 2.4818114 0연대우수승부최상 5관 0 3 2     3 5 7⑨1:30.4머리 1.513.940.113.9  3 -6  .00 9 6  3 1.75469496039 2 5 3 30 1 3.02 5.02 2.2 5.4  5.5    8.2   21.1    7.7  .04596 3 9 9 3★ 1.439.00 -.2812.9888.6614.8130.3442.9320415519.3533.9249.09 3
20251206토 5140011국530 7 87 8 3강 3351흐림양호 9 710알리페르        오버애널텔미허니 3440.00한암 3 0 0 1 1  10513:35 24750국5박지헌김정철   1 8 8 2 117 1 1 1 9  0이혁  43652.077우입적37 37 376627.051.027.62359 82245122125234222182821185050 0↗↘선13.736.839.513.9692236.739.0 88.7 88.2 43 43 1414   13.90   14.40 5  4  0NUUP55.04301413-2.8 6.0 3.2707013 1편성탐색연대우수55기 1 7 2     2 1 1②1:28.7¾    .013.938.913.6 -1  4  .00 2 3 -2  .12228372187 1 8 5 41 1 1.03 2.07     3.8  2.5    6.8   10.6   20.6  .03781 0 6 6 0―  .238.90 -.0111.8688.80 7.3117.6127.59 92034 7.1420.1330.64 4
20251101토 6130011국511 3 67 9 1강 1151맑음건조 5 710알리페르        오버애널텔미허니 3440.00한암 3 0 0 1 1  171      24750국5박지헌김정철   1 9 7 1 817 7 1 1 8  0조인권43252.072기입적79 78 784367.059.037.01750 82245122125322722182425135050 0→→선13.737.139.513.9722738.040.2 84.3 84.9 43 43 1414   13.60   12.80 6 -4 -3HU동55.04301313-1.4 6.4 5.0545413 0숨은복병기복전력76기 1 3 5     810 9⑨1:24.33    2.713.940.214.4  4  7  .02 9 5  0 2.98869768312 6 6 3 30 7 1.03 1.04 1.5 3.7  1.5    5.3    7.1    7.113.22250 1 7 7 1―  .940.40 -.07 8.2783.0312.9924.5936.9519395511.7623.0037.25 3
20250921일 3130010국652 410710혼전 4451맑음다습14 710알리페르        오버애널텔미허니 3440.00한암 3 0 0 2 2  272      16500국6박지헌김정철   110 6 8 717 6 0 1 7  0조인권42555.071기입적35 39 395338.061.044.1173811223315212532272218242513 099 0↘→선13.837.239.813.9672537.337.8 81.4 81.6 33 33 17 0   14.10   13.3010 -1  0LNUP55.04351313 -.6 7.0 6.4393913 1직전탐색기복전력 5기 2 7 2     2 2 1①1:21.4목    .013.637.812.8 -4 -6  .00 1 5  4  .0 536 7 481 2 8 6 41 6 5.04 7.06 3.2 6.8  7.0   17.8   39.8   23.1  .03760 1 6 7 1―  .839.50 -.50 4.6483.2915.5330.9244.1010223510.7521.2121.77 6
20250713일 2120011국653 810711 3강 3352흐림건조 4 710알리페르        오버애널텔미허니 6039.00한암 3 0 0 2 3  46411:00 16500국6박지헌김정철   111 5 7 117 5 0 1 6  0조인권43155.069기입보63 77 774061.056.030.61729 81733 5212532272218242513 099 0→↘선13.837.239.413.9521938.538.4 77.4 76.9 33 33 17 0   13.70   13.90 5  0  0LNDN55.04351313 -.8 7.8 7.0303013-1일반주행작전마주49기 1 8 8     910 9⑦1:17.4½   1.214.139.213.3  6 -4  .01 7 1 -2 1.37394357244 6 3 1 43 5 5.06 9.05     6.4  9.2   53.9  137.9 1213.2  .02022-1 6 4-1▽  .238.60 -.39  .3076.39 8.3819.8030.6010223511.6923.3139.08 3
20250607토 2130010국651 810712 1강 1153흐림건조 3 710알리페르        오버애널텔미허니 3440.00한암 3 0 0 2 3  57111:30 16500국6박지헌김정철   112 4 6 617 4 0 0 5  0조인권43555.068기입보29 37 373741.050.027.21729 81733 5212532272218242513      →↘선13.837.340.014.0631537.039.3 82.5 82.0 20 20 20 0   13.70   13.60 4  6  0BN동       1313  .7 7.7 8.3161613 0보통혈통기복전력54기 1 8 2     3 3 2②1:22.5¾    .013.739.713.9 -1 12  .00 2 3 -1  .21023533188 3 7 4 42 4 5.0310.08     7.2  6.2   21.2   44.6   38.8  .03038 0 4 3 0―  .139.50 -.22 4.6883.48 6.5815.5127.22 92034 7.6916.3721.68 5
20250510토 11300 8국651 810713혼전 4449비  불량20 710알리페르        오버애널텔미허니 3440.00한암 3 0 0 2 4  65610:35 16500국6박지헌김정철   113 3 5 517 3 0 0 4  0조인권42355.063하입적32 32 324525.044.020.3 933 31436 3212532272218242513      ↗→선13.837.440.014.2521237.639.2 82.6 82.9  0 25 25 0   13.80   13.60 4  1  0HN동       1313 3.0 6.5 9.5 8 813 0선입실패보통혈통 1   0 2 5     5 4 4④1:22.61     .213.739.313.6  0-11  .00 4 4 -4 1.23749494675 5 8 7 62 3 1.05 8.07     5.7  2.9   14.2   24.5   77.7  .02932-2 3 3-2▽ -.639.60 -.09 5.4783.55 5.3811.7020.28 5132212.3321.9218.16 6
20250412토 2130011국611 8 6714 1강 1151흐림양호 6 710알리페르        오버애널텔미허니 3440.00한암 3 0 0 2 4  73914:15 16500국6박지헌김정철   114 2 4 417 2 0 0 3  0조인권43455.063하입상 5  9  923 8.031.0 8.9 933 31436 3212532272218242513      ↗→선13.837.340.314.856 737.339.2 83.3 82.6  0  0 33 0   13.80   15.10 3 -8  1HN동       1313 3.0 6.0 9.0131313 0일반주행부진마필 1기 0 1 3     3 4 4③1:23.32     .413.839.613.6 -5  9  .00 3 8 -2 1.32638503970 4 9 7102 2 1.07 6.03     5.2  1.6    8.4   11.5   85.2  .015 9-3 1 1-3▼-1.339.70  .10 4.9883.68 1.09 3.76 8.85 0 4 6 1.59 4.15 5.6110
20250323일 2130010국653 610715혼전 4454맑음건조 4 710알리페르        오버애널텔미허니 3440.00한암 3 0 0 2 4  79211:00 16500국6박지헌김정철   115 1 3 317 1 0 0 2  0조인권42554.063하무보 5 35 3519  .029.0 8.4 933 31436 3212532272218242513      ↗→선14.037.840.214.229 336.740.8 85.1 84.6  0  0  0 0   14.00   15.50 6  8  0NN동       1313        10.0    13 0최빈거리보통주행 1기 0 9 5     3 5 6⑥1:25.15    1.613.841.815.1 -4  5  .00 610  3 2.485 9876833 8 8 9 92 1 2.04 2.05     6.1  3.8   12.5   27.7   21.3  .01312-3 1 1-3▼-1.639.60 -.12 6.6183.93 1.19 3.00 8.44 2 51011.3422.6854.55 6
20260919토 7170011국5 2 8  9 0 1강 1153           711클럽맨          지몰로지플리트비 5535.00한수 3 0 0   1    016:10 24750국5최영주최홍일   0 011 2 510 3 1 1 9  0임다빈   54.575기선보50 59 597549.063.038.51327 73050191933274723131424247525 0→↗추14.239.141.413.79430                   25 38 50 0   14.10   14.50 3  9  1VNDN56.05071817-1.2 5.6 4.4666618-1연대우수연대우수54관 111                            14.1    14.5        .0                       3 8 4 3  3                                              .03772 3 7 7 3△ 1.141.40 -.07     113.413.4427.1338.52122640 9.6819.3931.78 4
20260830일 3180010국511 7 69 1 1강 1157맑음다습11 711클럽맨          지몰로지플리트비 55     한수 3 0 0 9 1   49      24750국5서범석최홍일   0 110 1 110 2 1 1 8  0임다빈51754.075기무적46 55 556433.049.032.01327 71345 52023 04718171424246733 0→↗추14.239.840.813.7841938.941.3118.6118.2 29 29 43 0   14.20   13.60 3 -8 -2HUUP56.75041817-1.4 6.8 5.4545417 1연대우수연대우수28관 0 2 2 1 1 1 1 2④1:58.62     .414.141.214.5  0 12  .00 4 4  0  .528 8713671 3 2 2 31 2 7.01 4.09 1.8 5.1 19.1   25.7   83.9   84.9  .03753 0 6 4 0―  .141.10 -.1937.64118.8 8.0219.1431.95132843 6.9017.6028.79 5
20260809일 3170010국610 8 69 2 1강 1156흐림건조 2 711클럽맨          지몰로지플리트비 5535.00한수 3 0 0 1 1   59      16500국6서범석최홍일   0 2 9 9 410 1 0 1 7  0임다빈50556.075평무하35 46 464245.062.053.61327 71345 52023 04718171424245050 0→↗추14.239.241.613.7891938.840.6113.3112.4 17 17 33 0   13.80   14.50 4  8 -1VHUP57.05041717 -.6 7.8 7.2363617 3거리불리연대우수60기 110 3 3 2 2 2 1①1:53.32    -.414.240.013.6 -3 -1  .00 1 4  1  .017 936 994 2 3 4 21 1 4.0810.09 1.9 5.9  7.0   35.8   71.2   79.612.03771 2 6 7 2△ 1.241.70 -.5731.55113.621.1138.9453.5613284311.6319.7437.50 4
20260712일 31400 8국641 9 49 3 2강 2252맑음다습12 711클럽맨          지몰로지플리트비 5535.00한수 3 0 0 2 1   48      16500국6서범석최홍일   0 3 8 8 110 5 0 1 6  0루이스50657.065평무상34 43 435617.049.024.12144101345 5202317 018172027155050 0↗↘입14.236.939.713.7751937.040.3 90.3 88.6 17 17 33 0   14.00   13.40 3 -3  0HNDN57.05041717 -.4 9.6 9.2191917-3적정체중탄력호전78관 2 2 4     5 4 4⑦1:30.31     .713.841.014.5  4  1  .01 7 3  0 3.43546767462 2 4 4 52 5 1.05 5.03 2.1 3.0  2.1   12.6   16.6  140.3  .02539 0 4 4 0― -.138.90 -.0912.0489.00 4.6813.3124.10 51322 4.8815.1924.35 6
20260621일 2170011국650 5109 4 3강 3337맑음포화19 711클럽맨          지몰로지플리트비 5535.00한수 3 0 0 2 1   49      16500국6서범석최홍일   0 4 7 7 310 4 0 0 5  0루이스50557.065하무상14 27 2751 7.041.024.52144101345 5202317 0181720271599 0 0↗↘입14.239.242.214.190 439.440.7111.0113.0  0  0 40 0   14.50   14.60 3  1  0NN동57.05021713 -.4 9.6 9.2191917 0걸음늘어탄력호전23관 0 5 3 3 3 4 3 4②1:51.04     .014.039.813.4 -1  3  .00 2 3 -6  .62824412383 111 6 52 4 1.03 9.05 3.8 8.0  3.8    9.4   21.2   11.811.22735-1 2 2-1▽ -.741.80 -.2231.59114.0 5.7414.7624.53 51425 3.64 8.4717.19 5
20260530토 3170011국611 9 19 5 1강 1153맑음양호 7 711클럽맨          지몰로지플리트비 5535.00한수 3 0 0 9 1   58      16500국6서범석최홍일   0 5 6 6 210 3 0 0 4  0루이스50257.065하무보 5  5  5 8 3.030.0 8.22144101345 5202317 01817202715      ↗↘입14.039.342.314.184 239.141.9116.4114.0  0  0 25 0   14.20   14.70 3 -5  0HNUP       1713  .5 9.810.3 7 717 4능력한계최적거리35관 0 4 3 3 3 2 3 3⑤1:56.4머리  .514.542.814.6 -4  6  .00 5 9  1  .56013704769 310 9 91 3 1.03 3.09 1.5 3.4  1.5    6.7    8.3   18.9  .013 3-4 1 2-4▼-1.641.90  .0732.40114.2 1.14 3.06 8.23 1 4 9  .12 2.55 6.3310
20260509토 4130011국640 9 99 6 1강 1151맑음건조 5 711클럽맨          지몰로지플리트비 5535.00한수 3 0 0 2 1   57      16500국6서범석최홍일   0 6 5 5 210 2 0 0 3  0루이스49657.065하무보 5  5  5 2 3.030.0 6.32144101345 5202317 01817202715      ↗↘입14.037.139.814.186 337.341.8 86.5 85.0  0  0 33 0   14.20   15.60 2  8  0LNDN       1710  .010.310.3 6 617-4걸음없음거리속성42관 0 910     9 910⑩1:26.54    2.714.242.514.7  2  1  .0010 8 -2 3.39034959217 5 410100 2 2.05 2.04 3.7 6.1  3.7   17.5   28.0   19.9  .012 1-4 1 3-4▼-1.640.40  .61 8.1283.23  .68 1.97 6.34 3 817  .12 1.91 5.0510
20260425토 4170011국630 9 89 7혼전 4451맑음건조 3 711클럽맨          지몰로지플리트비 5535.00한수 3 0 0 9 1   38      16500국6서범석최홍일   0 7 4 4 110 1 0 0 2  0루이스49557.065하무보 5  5  5 5 5.030.0 5.72144101345 5202317 01817202715      ↗↘입14.039.942.214.142 338.644.5116.6115.5  0  0  0 0   14.00   15.30 4 -6  1HNUP       1710  .510.511.0 4 413 4숨은복병거리속성80관 2 1 1 1 2 3 3 7⑨1:56.61¾  3.214.244.715.6 -1  5  .00 910  1 3.789 4969114 61010110 1 1.02 4.02 2.1 4.4  2.1    4.4    7.5   17.3  .019 6-4 1 1-4▼-1.741.50 -.1533.44114.5  .58 2.42 5.68 0 1 4 1.54 5.10 8.9911
20260329일 2130010국620 7 29 8 2강 2242맑음건조 3 711클럽맨          지몰로지플리트비 5535.00한수 3 0 0 9 1   72      16500국6서범석최홍일   0 8 3 3 110 1 0 0 1  0이용호49056.563하무보10  8  8 0 2.026.0 1.21658 61345 52023 8 01817191820      →↘자14.338.140.514.112 337.642.3 86.8 85.9  0  0  0 0   14.60   14.4021  6  5NNUP       1310  .012.012.0 3 310 1능력한계거리속성45기 0 7 4     4 410⑩1:26.82½  3.714.042.915.3  1  1  .0010 9    4.096489796 8 911 8110 1 1.07 3.01 1.5 2.2  1.5   36.6   52.3   59.0  .012 1-4 1 3-4▼-2.139.60 -.29 7.3484.32  .12  .60 1.17 1 3 9 1.32 1.28 4.1010
20251101토 2120010국641 9 49 9혼전 4459맑음건조 5 711클럽맨          지몰로지플리트비 9715.00한수 2 0 0 1 3  438      16500국6최영주최홍일   0 9 2 2 110 1 0 0 1  0권중석  052.059평무보 5 35 35 5  .027.0 4.7 0 0 02350101933 0 02313191818      →→선14.338.040.114.1 7 3                    0  0  0 0   14.30   14.40 5-11 -4HHUP       1210        12.0    10 2걸음없음마방기습 5기 0 1                    취소    14.3    14.4     0  .07                      7 711 80 1 1.02 2.08 2.4 3.0  2.4    3.0    5.9   10.2  .025 4-4 1 4-4▼-2.240.10 -.48     77.23  .21 2.41 4.65 4111812.7923.9143.50 2
20250927토 1100012국630 3 8910 3강 3355맑음다습12 711클럽맨          지몰로지플리트비 9715.00한수 2     9 2  263      24750국6최영주최홍일   010 1 1 110 1 0 0 0  0문정균48955.578평무보   35 3540  .040.023.92467 0 617 01933 9 02313131923      →↘추14.337.137.814.2    38.140.2 65.4 65.8              14.30   14.50 4  0  0NL동       10 0                 0 0일반주행마방습성40기 012 9     9 912⑫1:05.410   4.414.340.014.4  0 11  .001212  0 4.597759696 2 2 2 3 60 1 1.06 9.11 2.7 6.2  2.7   19.7   26.5   20.2  .02524-4 4 4-4▽-1.038.60  .37-9.1062.71 5.6513.3623.91 51322 8.9417.8127.0011
20260919토 8180011국4 1 6  5 0혼전 4453           8 1컴플리트리더    테스타마엔들리스 4943.00한거 6 0 0   1    017:00 33000혼4토니  장석영   0 016 41730 1 2 330  0임기원   57.089기입적50 30 30 813.043.018.01839 930591620 0 0212820233316115622↘↗입14.341.740.613.3 825                   26 37  030   15.40   13.80 2 -2  5UB동54.44751818-1.2 8.4 7.2262614 0노쇠부진기복전력 1   0 1                            15.4    13.8        .0                      11 511 8  6                                              .01228-1 3 4-1▽ -.440.60 -.37     119.4 4.6510.0518.01 2 611 4.84 8.7015.73 8
20260905토 61800 9국452 2 55 1 3강 3341맑음양호 7 8 1컴플리트리더    테스타마엔들리스 4943.00한거 6 0 0 1 1   36      41250혼3토니  장석영   0 115 31630 1 2 329  0조한별48452.560기입적 8  7  7 9 5.033.010.514211030591620 013142820122118115622↗↘입14.340.940.613.3 82741.741.7118.6119.6 27 38  031   15.00   13.30 3 -4  0HH동54.44751818-1.0 8.4 7.4242414 0일반주행기복전력 5   0 3 9 9 9 9 9 7⑦1:58.65    1.715.440.713.8 -2  8  .00 7 9  0 3.26592779331 8 7 9 90 7 1.03 4.09 2.7 3.9  2.7    6.9   11.2   63.6  .01533 0 2 2 0―-1.240.10  .0238.09119.1 1.42 5.3110.54 2 510  .96 3.98 8.08 9
20260817월 8180010국314 7 15 2 1강 1151비  다습13 8 1컴플리트리더    테스타마엔들리스 4943.00한거 6 0 0 2 1   44      41250국3토니  장석영   0 214 21530 1 2 328  0정정희47652.580기입보 5  4  42020.042.025.020431030591620 033 02820202515115622→→입14.440.940.513.3 73041.140.0118.0119.1 28 44  028   15.40   13.60 5  6  2NN동54.44751818  .0 8.8 8.8171717 0숨은복병기복전력62기 0 7101010 7 7 6④1:58.0½    .915.039.513.3 -5-11  .00 4 9  1 2.0458035575610 410 53 1 1.05 2.01 1.5 3.0  1.5    8.7   10.8   15.0  .01951 0 4 5 0― -.340.10 -.2637.69119.1 5.4814.8525.00 61627 4.44 8.7419.57 7
20260711토 91800 8국340 6 45 3 2강 2261맑음다습14 8 1컴플리트리더    테스타마엔들리스 4943.00한거 6 0 0 2 1   72      41250국3토니  장석영   0 313 11430 1 2 327  0조성환48751.053기입상 5  4  4 0 2.027.0 1.3 718 630591620 0 0 02820 91720115622↘→추14.340.940.613.3102542.340.0119.8120.9 29 46  029   15.00   14.1014 -3 -3UU동54.44751818  .2 8.6 8.8161612 0노쇠부진휴양불리 5   0 1 8 8 8 8 8 8⑧1:59.84    2.215.440.313.6  0 22  .00 8 8  0 3.08498328223 9 6 9 90 1 1.04 7.04 2.8 3.4  2.8    9.5   14.4    9.8  .0 7 2-4 1 2-4▼-2.140.30  .2539.41119.1  .14  .67 1.28 2 510  .91 1.00 4.12 8
20260404토 61800 9국443 5 95 4 1강 1159흐림양호 7 8 1컴플리트리더    테스타마엔들리스 4943.00한거 6 0 0 1 2  279      41250국4토니  장석영   0 412 51330 2 2 326  0코지  46554.086평입하 5  2  22813.042.022.42060 91546 820 044 02820233119115622↗↗입14.340.740.413.2123441.041.9121.7121.2 30 30  030   15.40   13.60 9 -1  1HN동54.44751818  .6 8.2 8.8191912 0교체실패급신장세82기 1 4 6 6 6 6 6 7⑦2:01.71¾  2.815.041.214.1 -1 -7  .00 7 8  0 2.98776808915 8 4 7 62 2 4.03 6.01 2.9 4.2  4.5    8.6   21.9   71.3  .02027-2 4 4-2▽ -.540.50 -.1040.10119.0 4.4912.4722.39 41120 3.95 9.4019.09 6
20260131토 9180011국333 5 85 5혼전 4441맑음건조 2 8 1컴플리트리더    테스타마엔들리스 4943.00한거 6 0 0 9 1  170      41250국3강환민장석영   0 511 41230 1 2 325  0코지  47253.587평입보 5  4  419 8.034.010.73359201955102312 0 01919233119115622↗↘입14.340.640.313.2204141.641.6120.8121.6 36 32  527   15.50   14.30 4 -4 -2NH동54.44751818 -.2 7.8 7.6272714 0최빈거리조교부실 5관 0 5 91010111110⑩2:00.8½   2.415.440.413.6  2  0  .0010 8 -1 2.9929375922010 610 80 1 1.05 3.06 2.0 4.1  2.0    9.2   12.6   10.2  .0 922-3 2 1-3▼-1.340.70  .2040.72118.9 1.48 4.8910.74 2 510 1.92 4.6310.1510
20260104일 7180010국351 9105 6 2강 2251맑음다습12 8 1컴플리트리더    테스타마엔들리스 4943.00한거 6 0 0 1 1   6715:40 41250국3강환민장석영   0 610 31130 2 2 323  0조한별47255.060평입보 6  5  5 4 5.031.0 8.7142110195510231211141919122118115622↗↘입14.340.240.413.2433741.641.0120.8121.0 33 52  033   15.10   13.60 2 -2 -1LN동54.44751818 -.4 6.6 6.2434317 0발길대로보통주행23트 0 9 9 9 8 9 9 9⑧2:00.81¼  2.215.541.814.3 -1 -6  .00 8 9 -2 4.08792678826 6 6 8 90 6 1.03 3.01     7.0  2.8    9.0   14.9  140.2  .013 7-3 1 2-3▼-1.341.00  .3440.35118.8  .92 3.59 8.70 1 3 7  .69 2.96 6.49 9
20251221일 9180011국342 3 95 7혼전 4451맑음다습13 8 1컴플리트리더    테스타마엔들리스 4943.00한거 5 0 0 2 1   2517:00 41250국3강환민장석영   0 7 9 21030 1 2 323  0조한별47856.060평입하 9  9  911 7.030.0 6.7142110195510231211141919122118115622↗↘입14.340.140.513.2523441.939.9118.5119.9 35 50  035   15.10   14.00 6 10  0VN동54.44751818-1.4 6.6 5.2515112 0일반주행보통주행 5   011101010111111⑪1:58.54    2.515.139.913.6  0 -2  .001111  4 2.67196357716 7 510100 5 1.08 5.06     4.2  2.2   44.3   56.5  234.7  .01518-2 2 2-2▽-1.541.00  .3839.33118.8  .72 2.99 6.69 1 4 7 1.77 4.59 9.9110
20251108토 9180011국312 4 65 8 1강 1159흐림건조 3 8 1컴플리트리더    테스타마엔들리스 4943.00한거 5 0 0 2 1  146      41250국3강환민장석영   0 8 8 1 930 1 2 322  0임기원48056.089평입하17 15 1554 7.039.015.61839 91955102312 8211919233316115622↘↗입14.340.240.213.2454540.441.6119.7120.3 37 47  537   14.50   13.50 8 -3  2ULUP54.44751818-1.4 7.0 5.6525212 2일반주행보통주행 5   0 1 9 7 6 7 6 8⑧1:59.74    2.415.140.514.0  1 -7  .00 8 7  1 2.87756777918 5 2 8 70 5 1.02 8.06 1.3 5.2  1.3    5.2    6.8   14.8  .01552-1 4 3-1▽ -.940.90  .2339.91118.7 4.15 8.5015.59 41118 2.56 6.2113.10 7
20250914일 61600 8국440 1 45 9 1강 1151맑음다습13 8 1컴플리트리더    테스타마엔들리스 5234.00한거 5 0 0 2 2  290      41250혼3강환민장석영   0 9 7 3 230 2 2 321  0김성현48754.565평입상55 61 611531.050.028.6 6 0 61444 9231215 01919162319115622→↗입14.336.638.913.2516136.839.1102.2103.6 39 50  639   14.70   13.30 6 -3 -1HHDN54.44751818-2.4 7.2 4.8616112-2숨은복병보통주행62기 0 4 6   6 7 5 7⑦1:42.21    1.914.538.913.5  1  8  .00 7 6  0 2.27175395024 4 1 3 50 3 1.07 8.06 2.0 3.7  2.0   20.1   29.0   32.2  .01928 0 5 6 0―  .138.90  .3828.10102.8 6.3615.6928.59 61325 5.3316.8823.08 5
20250802토 71800 9국333 6 8510혼전 4451맑음건조 3 8 1컴플리트리더    테스타마엔들리스 4943.00한거 5 0 0 1 3  40516:50 41250국3강환민장석영   010 6 2 830 1 2 320  0김성현47955.063우입하24 27 27 6 6.023.0 4.51550101657 0231215 01919162319136313→→입14.340.340.013.2415739.640.4119.3119.1 41 53  641   14.70   15.0010  3 -1LN동54.34741818-2.0 6.4 4.4666612 0일반주행휴양탐색 5   0 7 5 5 5 6 7 6④1:59.31½   .714.739.513.3 -2  4  .00 4 6  1  .74826482861 5 3 7 93 2 3.01 5.06     3.8  4.0    3.8    8.5    8.2  .01518-3 2 1-3▼-2.040.70  .5138.81118.7  .12  .93 4.53 2 510  .96 4.12 9.57 9
20250525일 9180010국330 8 8511혼전 4451맑음양호 8 8 1컴플리트리더    테스타마엔들리스 4943.00한거 5 0 0 2 3  59617:00 41250국3강환민장석영   011 5 1 730 1 2 319  0김태훈47556.066평입상68 66 664547.047.021.12250121657 0231215 01919122421136313↗↘입14.340.540.013.2335740.542.0120.5120.5 41 53  641   14.80   13.20 7  1  2HL동54.34741818-1.4 7.0 5.6585812 0적정체중탄력호전 5   0 4 7 7 7 7 8 8⑩2:00.5½   1.914.742.215.0  5 -2  .0210 5  2 2.38060838629 6 3 3 90 1 1.07 6.08     4.6  2.5   42.3   53.6   49.7  .02541-1 6 4-1▽ -.440.60  .0940.03118.7 6.3912.4521.07 5132213.5126.6737.93 2
20250406일 91800 9국451 8 5512 1강 1159맑음포화15 8 1컴플리트리더    테스타마엔들리스 4943.00한거 5 0 0 1 4  74317:00 33000국4강환민장석영   012 410 630 1 1 318  0김성현47754.567우입상44 45 453357.053.041.71440 4205612231215 01919162319 07114→→입14.240.639.913.2266539.539.6115.1116.6 38 50  644   14.70   13.30 5  2  3HN동54.34741817-1.0 5.6 4.6666612 0숨은탄력거리속성 1   0 3 7 4 4 2 1 1①1:55.16   -1.014.839.613.2 -2  0  .00 1 3 -8  .0 22424 998 8 2 3 21 1 3.01 3.09     5.0  4.9    7.8   20.4    7.1  .03571 3 7 7 3△  .640.10 -.3836.05118.713.7826.9041.7419395515.0028.3644.50 2
20250302일10180011국451 310513 1강 1157비  건조 5 8 1컴플리트리더    테스타마엔들리스 4943.00한거 5 0 0 1 5  84717:30 41250국4강환민장석영   013 3 9 530 4 1 317  0조한별47752.061우입하41 35 3522 7.034.014.21767 91945 9231211141919122118 08317↗↘입14.240.539.913.2336540.240.4118.1119.1 40 53  747   14.70   13.70 3 -3  0UH동54.74731817-1.0 4.4 3.4767612 0일반주행거리속성 1   0 1 7 6 6 6 7 8⑥1:58.11¼   .814.739.913.3 -5  1  .00 611  2  .94649504756 8 4 7 80 4 5.04 6.05     7.4  9.2   36.3   77.2   37.5  .01532 0 3 3 0― -.940.50  .2838.66118.7 3.47 7.3314.18 1 4 9 3.39 7.0414.16 7
20250208토10180011국452 610514혼전 4451맑음건조 5 8 1컴플리트리더    테스타마엔들리스 4943.00한거 5 0 0 1 5  92317:30 41250국4강환민장석영   014 2 8 430 3 1 316  0조한별47652.061우입상70 75 753920.037.010.51767 91945 9231211141919122118 08317↗↘입14.240.539.713.2317340.940.2120.8120.1 43 57  750   14.90   14.00 7  2 -6HHUP54.74731817 -.6 4.0 3.4777712 1승군시기거리속성 1   0 4 7 6 7 9 910⑩2:00.85    2.214.740.213.7  1 -2  .0010 9  2 2.37276456123 9 3 5110 3 7.02 9.03    10.7 15.5   27.5   75.0   38.8  .02543-1 3 2-1▽-1.040.60  .4339.88118.6 1.61 4.6610.48 1 2 4 3.42 6.6415.3011
20241222일 8170010국410 9 6515혼전 4451맑음양호 6 8 1컴플리트리더    테스타마엔들리스 5234.00한거 4 0 0 2 6 104716:30 33000국4강환민장석영   015 1 7 530 2 1 315  0조한별47857.571우입보84 91 917772.060.032.61350 42250 9231211141919122118 099 0↘↗입14.239.740.313.1528039.740.4113.7112.8 46 54  854   15.00   13.10 5 -1  1HB동54.14721817 -.8 4.4 3.6757512 0뒷심문제승군시기 1   0 2 6 6 6 9 9 6③1:53.72½   .414.940.914.0 -4 -4  .00 3 7  5  .62640332572 7 2 2 63 2 1.02 5.08     7.2  2.4    7.2   14.2   33.010.52880 2 8 7 2▲  .841.30  .3332.79113.1 9.6320.6132.59 5132212.8726.1339.64 3
20260919토 8180011국4 1 6  7 0혼전 4453           8 2지산레이블      제이피즈테이크미 9029.00한수 3 0 1   1    017:00 33000혼4안병기홍승오  99 0 9 1 4 8 2 1 3 8  1유승완   52.568우자보50 66 666664.052.026.41960 82356 9183322441810152722 099 0→↘입14.339.140.813.48812                   67 67 6717   14.10   13.00 8 -1 -3HUUP55.84441817 -.2 2.6 2.4737317 1신뢰마주마주신뢰43기 0 2                            14.1    13.0        .0                       7 9 1 5  6                                              .03575 0 7 6 0―  .440.80  .16     118.5 7.1616.5626.38 4112016.1329.8142.70 3
20260726일 4170011국552 2107 1혼전 4451맑음양호 9 8 2지산레이블      제이피즈테이크미 5131.00한수 3 0 0 9 1  139      24750국5안병기홍승오  99 1 8 5 3 8 1 0 3 7  0유승완44955.069우자하45 61 617255.055.023.31960 82356 9183322441810152722 099 0→↘입14.239.141.313.5922239.140.2110.7111.9 60 60 6020   14.20   13.30 7 -4  0HNDN56.54381818  .6 2.0 2.6737317-1승부최상신뢰마주70기 1 3 3 3 3 4 3 4①1:50.7½    .014.139.913.0 -3  9  .00 1 4  2  .0 91725 777 3 5 4 72 5 4.01 3.05 3.5 9.2  7.7   12.7   28.7  146.9  .03477 1 6 6 1―  .441.70  .3531.52113.4 6.4414.4323.30 3101710.7521.4329.81 5
20260606토 5180011국531 8 37 2 1강 1152맑음양호 7 8 2지산레이블      제이피즈테이크미 9029.00한수 3 0 1 1 1  136      24750국5안병기홍승오  99 2 7 4 3 8 1 0 3 6  1장추열44055.093우자보65 74 744293.069.075.22949122356 9183340 01810202722 099 0↘↗입14.240.140.713.4601939.341.7122.3120.6 60 40 4020   14.20   14.10 4  6  2NN동56.54381818  .5 2.3 2.8717112 0마주신뢰승부최상43기 0 7 3 3 3 5 5 6⑤2:02.3목    .614.241.313.3  3 -2  .09 5 2  1  .78019755564 3 5 1 12 1 3.01 4.06 2.0 2.5  7.0    7.0   21.3   28.5  .04898 4 9 9 4☆ 1.941.00-1.2239.77118.941.4563.4575.2237597143.3770.0085.21 1
20260510일 5180010국551 9107 3혼전 4431맑음건조 5 8 2지산레이블      제이피즈테이크미 9029.00한수 3 0 0 2 1   66      24750국5안병기홍승오  99 3 6 3 2 8 2 0 2 5  0유승완44253.068우자보65 63 635362.051.026.31960 82356 9183322441810152722 099 0→↘입14.240.040.813.4701338.841.9119.5118.3 50 75 50 0   14.10   14.30 4 -7  0UU동56.54381812  .5 2.3 2.8717118 0마주신뢰마주신뢰68기 0 1 3 3 3 3 3 2②1:59.53     .014.242.314.1  1 -5  .00 2 1 -2  .625 8794792 7 7 3 62 4 2.01 3.01 3.1 5.9  3.8    5.9    9.5   23.0  .03566 0 7 6 0― -.140.90 -.1137.48118.9 7.5017.0026.29 8182914.4927.5035.82 3
20260411토 7180011국541 8 97 4혼전 4454맑음다습13 8 2지산레이블      제이피즈테이크미 9029.00한수 3 0 1 2 1   77      24750국5안병기홍승오  99 4 5 2 1 8 1 0 2 4  1유승완44753.068우입보50 55 556566.056.042.21960 82356 9183322441810152722 099 0→↘입14.340.140.513.4583039.741.3118.3118.3 67 33 33 0   14.90   12.80 5  6  1NNUP56.54381812  .7 2.0 2.7767612 1인기탐색마주신뢰42기 0 8 3 3 3 2 3 3③1:58.35     .914.142.514.3  0  3  .00 3 3  0 1.72829705556 5 1 3 31 3 2.01 3.01 2.1 4.3  3.4    4.3    8.2    6.1  .03573 1 8 6 1△  .540.80 -.4137.70118.814.1028.4842.2214294722.0043.7057.07 2
20260307토 6170011국552 4107 5 3강 3351맑음포화15 8 2지산레이블      제이피즈테이크미 5131.00한수 3 0 1 2 1  100      24750국5안병기홍승오  99 5 4 1 2 8 2 0 2 3  1씨씨웡44452.593우입보74 84 845777.066.039.73456112356 9183332331810212522 099 0→↘선14.339.440.913.4764940.440.1111.1113.5 67 33 33 0   14.40   13.90 6 -8 -4UU동56.54381712 1.0 2.0 3.0717112 0승부최상거리속성63기 0 2 9 9 9 8 7 7⑥1:51.1목   1.114.939.112.8  3  6  .02 6 3  1 1.24974243747 3 7 6 20 2 6.1011.05 3.610.5  8.3  133.9  211.4  174.410.93476 2 7 8 2▲ 1.141.70  .0233.19113.316.2929.4039.7337577114.5327.6240.91 3
20260125일 3170011국641 9 97 6 3강 3352맑음건조 3 8 2지산레이블      제이피즈테이크미 5131.00한수 3 0 1 2 1  102      16500국6안병기홍승오  99 6 3 3 1 8 1 0 1 2  1씨씨웡43856.593우추보66 92 929090.070.066.23456112356 9183332331810212522      →↘선14.140.040.812.6408038.742.1113.6112.7 50 50  050   14.10   13.40 4  1  1NNUP       1712 1.0 2.0 3.0717112 4전개최상승부최상 5기 010 5 5 4 3 3 1②1:53.63     .014.441.813.9  0  4  .00 2 2 -1  .627 7775191 7 2 1 12 1 5.0211.10 3.0 7.5 11.3   15.0   31.8   25.0  .04898 4 9 9 4☆ 1.741.00 -.8531.90113.633.9653.2866.2120415541.5667.0780.00 1
20251228일 1130012국632 6 37 7혼전 4451흐림다습13 8 2지산레이블      제이피즈테이크미 5131.00한수 2 0 1 9 1   7410:35 24750국6안병기홍승오  99 7 2 2 1 8 2 0 1 1  1유승완43456.069강추보74 99 999380.069.047.11960 82356 9183322441810152722      →↘입14.138.138.812.6139837.539.3 82.6 83.0100100  0**   14.10   12.90 6  2  0NHUP       1312 1.0 1.0 2.0858512 1주행고전전개최상78기 1 910     8 6 6④1:22.61     .814.139.213.4  1 -4  .00 4 3  2 1.24646524856 9 1 2 30 2 1.04 1.07     2.5  2.0    7.9   11.5    5.410.54287 3 8 8 3▲ 1.538.90 -.53 6.0583.2317.3534.3447.1112264014.8127.3421.79 3
20251115토 11200 9국630 8 37 8혼전 4455맑음건조 3 8 2지산레이블      제이피즈테이크미  843.00한수 2     2 1  13210:35 24750국6안병기홍승오  99 8 1 1 1 8 1 0 0 0  0유승완43856.072평무보87 25 2564  .051.035.51960 82356 9183322441810152722      →↘입14.337.438.212.6599738.037.3 76.5 75.4              14.30   12.90        LN동       12 0         2.0     0 0일반주행신뢰마주44기 0 7 7     7 8 8②1:16.53     .014.138.412.9  1-14  .00 2 1  0  .52282 62287 3 2 5 33 1 4.01 8.07     3.0 11.1   10.8   27.1    7.3  .02848 0 5 5 0―  .237.90  .05 -.2575.84 9.8323.0235.4513304510.4821.7842.35 7
20260919토 8180011국5 1 6  6 0혼전 4453           8 3퍼플신화        한센    칼라하리 4833.00한거 6 0 0   1    017:00 33000혼4박윤규퍼플라인 1 016111236 3 2 336  0김태희   52.560평무보50 43 4319 5.037.012.51246 71450 71720101617 9152416631313↘→입14.138.940.813.86312                   16 19 2313   14.10   15.40 3 -5 -2HH동53.64531818-2.2 9.2 7.0363617 0최빈거리거리난점44관 0 3                            14.1    15.4        .0                       6 8 910  4                                              .0 910-2 2 2-2▽ -.840.80  .53     118.4 2.90 6.3612.48 0 4 6 1.61 4.97 8.9911
20260830일 61800 9국541 5 96 1혼전 4451흐림다습11 8 3퍼플신화        한센    칼라하리 4833.00한거 6 0 0 9 1   46      33000혼4박윤규퍼플라인 1 115101136 2 2 335  0김태희45954.060평무상54 57 5723 9.037.016.71246 71450 71720101617 9152416631313↘→입14.140.140.813.6531938.943.9120.1121.1 17 20 2013   14.10   14.00 3  4  0LN동53.64531818-2.0 9.0 7.0505017 0최빈거리거리난점29관 0 8 3 3 3 2 4 6⑦2:00.15    4.514.143.515.4 -1  8  .00 7 8 -2 4.789 79689 5 3 9 4 72 3 5.04 2.01 3.0 5.1 13.6   26.9   69.5   75.0  .01011-1 2 1-1▽-1.041.10  .0740.22118.9 2.88 7.9516.66 41118 3.23 8.7615.14 8
20260808토 5180011국550 9 56 2 1강 1159맑음건조 2 8 3퍼플신화        한센    칼라하리 4833.00한거 6 0 0 1 1   67      24750국5박윤규퍼플라인 1 214 91036 1 1 334  0김태희45154.060평무상 8 10 10 6 5.039.017.11246 71450 71720101617 9152416571414↘→입14.240.140.913.6521238.940.2118.2117.1 14 10 1017   14.10   13.50 3  1 -2HNUP53.54541814 -.6 9.0 8.4363617 6일반주행거리속성53관 0 4 1 1 1 1 1 1①1:58.28   -1.314.140.314.0 -9  3  .00 110  0  .0 5 842 999 4 8 9 91 210.01 4.08 2.6 4.3 30.5   68.1  221.6   66.5  .01522 0 2 4 0― -.840.60  .0436.09118.9 4.96 9.6017.14 2 510 1.67 6.1111.21 9
20260718토 6120011국554 7106 3 3강 3351흐림불량20 8 3퍼플신화        한센    칼라하리 7926.00한거 6 0 0 2 1   35      24750국5박윤규퍼플라인 1 313 8 336 1 1 333  0안드레44855.592평무하50 51 514910.043.022.92647 51450 71720 0 017 93827 4571414↗→선14.237.438.713.5474137.339.4 75.3 76.5 14 11 1114   14.00   14.1024 -4  4HBDN53.54541814  .0 9.2 9.2292917-2일반주행건성마필 5   0 3 6     6 710⑦1:15.34    1.214.138.613.5 -3 -9  .00 710  1 1.76251696845 7 4 6 70 1 7.0411.09 2.3 6.2 17.2   69.3  172.5  261.6  .01530-2 2 2-2▽ -.738.30  .12  .3776.12 5.7914.3822.90 41118 4.9210.2915.93 8
20260201일 4140011국520 7 76 4 1강 1151맑음건조 2 8 3퍼플신화        한센    칼라하리 5830.00한거 6 0 0 1 3  468      24750국5박윤규퍼플라인 1 412 7 636 1 1 332  0권중석45751.559평무하10 11 11 7 1.030.0 8.2 0 0 01525 51720 7 017 9191818571414→→선14.237.039.513.5612537.241.6 90.6 90.9 15 15 1111   14.50   13.70 2 -3 -4NHUP53.54541818-1.2 9.4 8.2313117 1가는대로조교부실20관 0 7 7     5 510⑩1:30.61¾  3.114.240.914.4  1  1  .0010 9  0 3.58948929212 7 710110 1 1.02 5.04 1.7 4.0  1.7    4.0    5.5   14.4  .0 7 1-4 1 1-4▼-1.539.30  .3914.3888.93  .91 3.81 8.21 0 2 5  .12  .13 3.0911
20260118일 5130011국541 2 96 5혼전 4461흐림건조 5 8 3퍼플신화        한센    칼라하리 5830.00한거 6 0 0 2 1   2714:00 24750국5박윤규퍼플라인 1 511 6 436 1 1 331  0김성현45655.559평무하25 25 2523 6.040.017.51440 91450 71720132217 9162319571414↗↘입14.137.239.313.5744138.339.9 83.2 84.3 15 23 1215   14.20   13.20 3 -1 -1LNUP53.54541818-1.6 9.6 8.0292917 1일반주행거리속성70관 11010     9 910⑩1:23.22    1.914.539.113.7  1  1  .0010 9  6 2.48281728423 5 810 90 4 4.06 8.04     8.3  5.8   18.4   43.2   39.0  .01525 0 2 3 0― -.740.20  .51 7.8082.97 4.1710.5517.51 1 4 7 1.18 4.30 9.3811
20251228일 4120011국512 5 16 6 1강 1153맑음다습12 8 3퍼플신화        한센    칼라하리 7926.00한거 5 0 0 9 1   5012:45 24750국5박윤규퍼플라인 1 610 5 236 3 1 330  0김효정45556.570평무상41 39 394924.056.032.51749 71450 71720 7 017 9192217571414↗→선14.237.438.713.5494138.138.1 76.2 76.1 15 12 1919   14.10   13.70 3  1 -1VNDN53.54541818-1.2 9.2 8.0181817-2일반주행탄력호조29관 011 6     6 6 7⑦1:16.2½   1.014.238.513.2  4 -4  .05 7 3 -4 2.1508624534910 4 4 5211 1.0610.01     1.8  1.3   14.5   17.4  110.2  .03039 0 4 6 0―  .438.20 -.17 -.0176.1210.1021.6632.51 92034 2.8810.5823.00 6
20251206토 5140011국530 6 86 7 3강 3351흐림양호 9 8 3퍼플신화        한센    칼라하리 5830.00한거 5 0 0 1 1   6213:35 24750국5박윤규퍼플라인 1 7 9 4 536 2 1 329  0김효정45957.068평무보12 12 1239 7.040.017.51749 71450 71720 7 017 9192217671717↗→선14.136.939.613.5662236.939.4 89.1 88.8 16 16 1620   14.60   14.70 3  3  5BBDN52.94531818-1.2 9.2 8.0181812-4일반주행급신장세47기 010 7     3 2 3⑦1:29.1½    .414.139.213.7  0 -4  .00 7 7 -3  .54136524270 2 911 6010 1.03 2.07     3.8  2.5    6.8   10.6   20.6  .01517 0 2 2 0― -.639.00  .1512.2988.93 4.8210.1917.46 41222 2.86 6.7114.0410
20251116일10180010국412 8 66 8혼전 4451맑음건조 3 8 3퍼플신화        한센    칼라하리 4833.00한거 5 0 0 2 1  112      33000국4박윤규퍼플라인 1 8 8 3 936 1 1 328  0김효정46352.068평무보 5  2  2 6 4.029.0 4.81749 71450 71720 7 017 9192217671717↗→선14.139.941.013.5631039.243.3121.0120.5 17 17 1321   14.30   14.80 4  0  0NH동52.94531818-2.0 9.4 7.4252512 0최빈거리거리난점49기 0 7 3 2 2 2 3 7⑧2:01.0½   1.614.642.614.7 -2  7  .00 810 -1 2.28013938636 51010101 9 2.0110.09 1.9 4.5  5.5    5.8   11.6    7.3  .0 9 4-4 1 1-4▼-1.841.20  .3439.60118.9  .16 1.82 4.78 1 4 7 1.23 3.49 7.8110
20251018토 8180011국412 7 66 9 1강 1152흐림포화19 8 3퍼플신화        한센    칼라하리 4833.00한거 5 0 0 2 2  213      33000국4박윤규퍼플라인 1 9 7 2 836 1 1 327  0해리카45652.071평무상 9  2  2 2 4.030.0 8.61657 61038 41720183117 9172612671717→→입14.139.940.913.5621339.543.3120.7121.9 17 17 1322   14.30   14.10 4 -2 -1NH동52.94531814-2.6 8.6 6.0373712 0일반주행거리속성76기 0 7 6 4 3 5 911⑪2:00.73    3.914.343.014.8  0  4  .001111  1 4.793239389 9 5 911 90 1 1.05 3.01 1.3 4.6  1.3    6.2    7.6   13.2  .01518-2 2 1-2▽-1.541.40  .2841.09118.9  .97 3.98 8.63 1 4 7 1.23 3.51 9.0610
20250921일10180010국441 6 9610 1강 1151맑음다습13 8 3퍼플신화        한센    칼라하리 4833.00한거 5 0 0 2 2  26517:30 33000국4박윤규퍼플라인 110 6 1 736 7 1 326  0김효정45252.576평무보 8  2  2 3 3.030.0 9.51642 51038 41720 7 017 9192217671717↘↗선14.139.941.013.4661240.140.9119.0120.0 18 18 1423   14.30   13.80 3  0  1LNUP52.94531814-1.4 8.2 6.8343412 2일반주행거리속성 5관 0 9 4 4 5 5 5 5⑤1:59.05    2.214.340.914.1 -5 -6  .00 510  0 2.67146625722 51010102 8 2.01 8.10     4.5  3.8    4.5   10.3   27.2  .015 6-3 2 1-3▼-1.441.20  .2239.12118.9 2.09 4.40 9.52 0 4 6  .12 2.19 5.6010
20250830토 8160010국552 310611혼전 4451맑음포화18 8 3퍼플신화        한센    칼라하리 5830.00한거 5 0 0 9 2  34019:10 33000국5박윤규퍼플라인 111 5 3 136 6 1 325  0김효정45852.077평도하25 20 2015 5.034.0 7.81642 51038 41720 7 017 9192217671717↘↗선14.136.339.913.4653036.640.4101.9103.8 19 19 1424   14.70   14.10 5  8 -1BHDN52.94531814-1.8 8.0 6.2343412-2일반주행조교부실36관 0 9 6   6 7 7 8⑨1:41.9목   2.314.339.513.8 -1  4  .00 910  5 2.97461727917 5 5 9100 7 6.05 2.06     6.5 15.4   43.3  119.3   29.3  .015 2-4 2 1-4▼-1.439.90  .5527.55103.2 1.46 3.37 7.75 1 3 6 1.25 4.82 8.8910
20250727일111800 9국552 7 5612 2강 2259맑음건조 3 8 3퍼플신화        한센    칼라하리 4833.00한거 5 0 0 9 3  41516:15 33000국5박윤규퍼플라인 112 4 2 636 5 1 324  0김효정45453.072평선상16 23 232631.048.029.72444161525 51720 7 017 9192217671717↘↘선14.140.040.913.4631740.041.5119.7119.8 20 20 1525   14.70   13.50 4 -8  1UNUP52.94531814-2.4 8.6 6.2383812 1숨은복병거리속성60관 0 1 5 6 6 8 8 7⑦1:59.72½  2.414.740.714.1  2  0  .00 7 5 -6 2.56739756919 3 6 4 50 6 1.04 6.03     4.2  2.8   10.6   15.1   11.0  .02237 1 5 5 1―  .141.10 -.2338.94118.9 7.1916.9029.74 61325 5.0615.7622.41 5
20250628토 6170011국433 7 8613혼전 4441흐림다습11 8 3퍼플신화        한센    칼라하리 5830.00한거 5 0 0 9 3  50915:35 33000국4박윤규퍼플라인 113 3 1 536 4 1 323  0김효정45452.072평선상18 19 19 810.036.010.92444161525 51720 7 017 91922178020 0↘↘선14.139.341.413.4763039.341.6112.4113.5 21 21 1626   14.40   13.60 4  8 -1BHDN53.14531814-1.2 8.6 7.4262617-1일반주행마번불리27관 0 9 7 7 6 810 9⑤1:52.4½    .514.741.213.5 -6  2  .00 511  4  .84923695568 7 811113 5 2.05 7.08     4.9  3.5   12.0   23.4   55.0  .01513-2 2 2-2▽-1.141.80  .4732.80113.6 1.69 4.6810.89 1 2 4 2.78 6.4511.0110
20250601일101800 9국550 5 5614 3강 3359맑음건조 3 8 3퍼플신화        한센    칼라하리 4833.00한거 5 0 0 1 3  57417:30 33000국5박윤규퍼플라인 114 2 5 536 3 1 322  0김효정45252.572평무하 5  4  4 5 6.037.017.32444161525 51720 7 017 91922177525 0↘↘선14.140.040.913.4602239.440.8120.3120.0 22 22 1128   14.80   14.60 3  0  0UH동53.34531814-2.2 9.0 6.8333317 0발길대로거리속성48기 1 1 4 4 2 2 2 4④2:00.31¾   .614.439.813.6 -3 -6  .00 4 7 -1  .77020613663 3 8 6 81 4 2.06 9.04     4.9  4.0   18.0   27.2   50.3  .012 8-2 2 2-2▽ -.941.10  .0739.10118.9 4.45 9.4117.25 31017 2.13 7.6215.88 8
20250511일 61800 9국432 9 8615 3강 3351맑음포화19 8 3퍼플신화        한센    칼라하리 4833.00한거 5 0 0 2 4  64114:25 33000국4박윤규퍼플라인 115 1 4 436 2 1 321  0김효정45852.562평무상 5  2  215 7.041.022.61627152771191720 7 017 91922177525 0↗↘선14.140.240.613.4473739.742.4120.4120.9 24 24 1229   14.80   14.00 3 -8 -1UH동53.34531814-2.6 9.4 6.8373717 0일반주행거리속성 1   0 1 4 4 4 7 9 9⑨2:00.41¾  3.214.842.714.6  1  0  .00 9 8 -1 3.58630878114 5 7 9 60 3 1.02 8.06     3.5  2.2    3.5    5.3   10.4  .01516 0 3 4 0― -.641.00 -.0440.13118.9 7.4214.1022.57 41222 3.03 6.8513.81 7
20260919토 8180011외4 1 6  5 0혼전 4453           8 4티나케이        KLIMT   JUST A B 6245.00미암 5 0 0   1    017:00 33000혼4최용건강경운   1 01630 833 4 0 533  0정도윤   53.089평추보50 43 437030.055.033.718 01228561123 0 0 02714122621 02080↗↗입13.936.640.413.32334                   25 21  729   14.60   13.20 3 -5 -2HNUP52.24701817-2.0 7.0 5.0474713 2일반주행작전마주33관 0 4                            14.6    13.2        .0                       1 2 8 4  4                                              .02251 1 5 5 1―  .740.40  .82     117.4 9.0321.9433.68102035 6.4517.3925.84 6
20260829토 71600 9국454 7 55 1혼전 4451맑음다습12 8 4티나케이        KLIMT   JUST A B 1031.00미암 5 0 0 9 1   55      33000국4최용건강경운   1 115291033 3 0 532  0정도윤47955.089평추하43 23 2315 7.041.017.118 01228561123 0 0 02714122621 02080↗↗입13.937.239.113.3165336.639.3101.8103.0 26 22  730   14.40   14.20 5  6  2VBDN52.24701817-1.4 7.4 6.0414113-2일반주행부중잇점38관 0 9 8   8 8 7 6④1:41.8¾   1.214.638.613.2 -2  3  .00 4 6 -2 1.8495839424710 110 93 3 7.03 2.01 2.2 3.0 20.5   61.6  173.0   47.2  .01514 0 2 2 0― -.639.10  .3026.65103.2 5.1210.3917.13 2 510 2.15 5.2911.0410
20260726일 9180011외451 5105 2혼전 4451맑음양호 9 8 4티나케이        KLIMT   JUST A B 6245.00미암 5 0 0 9 1   73      33000혼4최용건강경운   1 21428 733 2 0 531  0정도윤47653.589평추상56 50 503129.055.024.318 01228561123 0 0 02714122621 02080↗↗입13.940.840.313.3103739.342.4118.9119.2 23 23  823   14.90   12.60 5 -7  1HNUP52.24701817-2.4 7.6 5.2464613 1적정체중거리속성64관 0 3 5 5 4 4 5 9⑨1:58.9½   1.914.442.414.2  1  9  .00 9 8  3 2.0481785712711 3 7 80 2 7.02 8.09 2.0 6.2 24.4   60.0  225.7  129.3  .02541 1 5 5 1―  .440.20 -.1538.05119.0 6.6315.2024.31 2 714 5.2614.7823.44 6
20260620토 8170011외410 3 65 3 1강 1151비  불량20 8 4티나케이        KLIMT   JUST A B 1031.00미암 5 0 0 2 1   93      33000혼4우창구강경운   1 31327 833 1 0 430  0정도윤46752.589평추상34 23 235726.054.025.718 0122052 92022 0 02211122621 02575↗↗입13.940.240.713.3175340.639.0108.2110.7 24 24  024   15.40   13.80 4  6 -1BH동52.14701817-2.0 8.4 6.4373713 0최빈거리부중영향 5기 0101111101010 7②1:48.21     .014.937.912.6 -3 -6  .00 2 5 -3  .1 182 5128511 3 7 63 1 2.05 4.10 1.9 5.2  5.7   50.8   76.5  712.0  .02267 0 5 5 0―  .640.50  .0229.80113.7 7.2415.8125.70 41120 5.3812.9019.66 6
20260523토 8170011외451 9105 4혼전 4451맑음다습13 8 4티나케이        KLIMT   JUST A B 1031.00미암 5 0 0 2 1   73      33000혼4우창구강경운   1 41226 733 7 0 429  0푸르칸47353.078평추상38 27 273415.043.012.82457152052 9202223112211142421 02575↗→추13.940.240.713.3175341.041.0113.0113.6 25 25  021   15.30   13.60 3 -1  1NNDN52.14701817-2.4 8.4 6.0464613-1최빈거리부중잇점71기 1 4101010 9 9 9④1:53.06    1.415.440.913.8 -4 -2  .00 4 8  0 1.9488946734211 5 9103 7 2.04 8.07 3.6 6.7  3.7   16.2   29.3   17.6  .01522 0 3 4 0― -.640.90  .3232.69113.7 2.86 6.9012.79 1 4 7 3.16 8.0713.9110
20260503일 7180010외411 3 15 5 2강 2258흐림다습11 8 4티나케이        KLIMT   JUST A B 6245.00미암 5 0 0 1 1   44      33000혼4우창구강경운   1 51125 633 6 0 428  0푸르칸47552.579평추하12  1  13427.049.028.12457152052 9202223112211142421 02575↗→추13.940.440.613.3232542.039.5118.9119.3 26 26  026   15.10   14.10 3  1 -2NHUP52.14701817-2.6 8.6 6.0464613 1일반주행부중영향36기 0 5 9 9 9 9 9 9⑥1:58.92½  1.215.340.213.6 -2  4  .00 6 8  0 2.05696236942 7 611 43 6 1.02 8.06 1.3 2.1  1.3    2.1    2.7    8.5  .02244 0 5 5 0―  .140.60 -.2238.26118.9 6.7416.1728.05 92134 5.4916.5727.27 5
20260411토10170011외431 3 35 6혼전 4451맑음다습13 8 4티나케이        KLIMT   JUST A B 1031.00미암 5 0 0 2 1   54      33000혼4우창구강경운   1 61024 633 5 0 427  0푸르칸47154.078평추상48 37 373710.045.016.82457152052 9202223112211142421 02575↗→추13.940.040.813.3324940.541.6112.5114.6 27 27  027   15.40   13.90 3  3  0NN동52.14701817-3.0 9.2 6.2444413 0일반주행부중잇점48기 0 4 8 8 81111 9⑨1:52.52    2.515.140.914.1  1 -9  .00 9 8 -1 2.5787864781611 5 8 80 5 3.02 2.07 2.2 2.9  5.3    6.9   15.6   48.4  .01523 0 3 4 0― -.441.30  .2833.83113.6 4.05 9.0816.84 2 511 2.68 6.0910.23 9
20260321토 9170010외451 6 55 7혼전 4451맑음건조 5 8 4티나케이        KLIMT   JUST A B 1031.00미암 5 0 0 2 1   55      33000혼4우창구강경운   1 7 923 533 4 0 426  0푸르칸48054.078기추보17 17 174514.049.017.42457152052 9202223112211142421 02575↗→추13.840.041.013.2344540.640.6112.2113.3 29 24  029   15.10   13.50 3  0  1UNDN52.14701818-2.2 9.2 7.0454513-1숨은복병기복전력65기 0 1 9 9 9 9 8 8⑤1:52.22    1.115.439.813.9 -4  1  .00 5 9  0 1.74181375748 8 9 9 73 4 2.03 6.02 2.5 4.9  3.7   10.9   20.0   22.7  .01933 0 4 5 0―  .041.10  .1832.25113.8 3.9610.2017.42 2 714 2.70 7.3413.04 7
20260228토 8180010외450 2105 8혼전 4451맑음건조 3 8 4티나케이        KLIMT   JUST A B 6245.00미암 5 0 0 9 1   66      33000혼4우창구강경운   1 8 822 533 3 0 425  0푸르칸47953.079평추상20 26 263028.054.026.22457152052 9202223112211142421 02575↗→추13.940.140.913.2431340.540.8119.0120.1 30 20  020   15.20   13.60 4  0  1UN동52.14701814-1.4 8.6 7.2383813 0착차만회거리속성54관 0 1 7 7 7 8 9 9⑧1:59.03    1.315.139.613.5 -1 -7  .00 8 9  1 1.37563596539 51110 60 3 7.03 3.07 2.8 7.3  7.1   44.1   52.4   57.2  .02543 1 5 5 1―  .441.00 -.1739.10118.9 7.8916.9026.16 41222 4.2612.0621.84 9
20260201일 8180011외422 9 75 9 3강 3339맑음건조 2 8 4티나케이        KLIMT   JUST A B 6245.00미암 5 0 0 1 1   45      33000혼4우창구강경운   1 9 721 433 2 0 324  0푸르칸48652.579평추보 5  1  15116.047.025.42457152052 9202223112211142421 03367↗→추13.940.340.613.1293440.440.4119.9118.0 26 21  532   14.30   14.30 4 -7  0UHUP52.04651814 -.6 7.8 7.2383813 2작전마주부중영향22기 0 1 9 9101010 5②1:59.9목    .015.241.113.6 -6 10  .00 2 8 -1  .12255515292 6 3 9 73 210.0811.01 2.1 4.0 75.3  655.0 1430.9 1153.6  .02247-1 5 5-1▽ -.340.50 -.1237.14118.9 6.6816.4225.38 41222 9.4316.3025.22 5
20260103토 8160010외412 8 6510 1강 1151흐림다습13 8 4티나케이        KLIMT   JUST A B 1031.00미암 5 0 0 1 1   7716:05 33000혼4우창구강경운   110 620 933 1 0 322  0푸르칸47652.578기추보 5  1  11521.043.022.22457152052 9202223112211142421 03367↗→추13.937.239.213.1135735.941.0103.5103.9 22 22  633   14.70   14.00 2  6  2BNDN52.04651814  .4 6.6 7.0454513-2숨은복병작전마주62기 1 8 8   8 8 8 7⑥1:43.51    1.314.340.914.3 -3 -5  .00 6 9 -2 2.07722827743 9 110 70 1 8.07 1.07     4.7 20.2   90.7  314.3  263.4  .02025 0 4 5 0― -.439.20  .1327.53103.3 6.8213.3122.22 2 714 3.5710.5921.98 7
20251220토 7180011외421 5 7511 2강 2258흐림포화16 8 4티나케이        KLIMT   JUST A B 6245.00미암 4 0 0 2 1   3815:15 33000혼4우창구강경운   111 519 333 1 0 322  0우인철48151.073평추보26 24 246679.062.056.92048102052 9202217 02211112722 03367→↘입13.940.640.213.1114939.641.8120.0122.0 24 24  035   15.10   13.80 4 -3 -4HUUP52.04651814  .6 4.8 5.4616113 2숨은탄력부중영향48기 0 2 6 4 5101111⑩2:00.03    3.914.740.914.0 -1  6  .001011  2 4.394278169 7 6 2 3 20 1 1.02 5.09     2.5  1.9    2.5    4.0   14.9  .03385 2 7 7 2△ 1.040.70 -.8141.22118.924.4842.9156.8818375424.3944.7260.48 2
20251122토 7160010외452 310512혼전 4451맑음건조 3 8 4티나케이        KLIMT   JUST A B 1031.00미암 4 0 0 2 1  104      41250혼4우창구강경운   112 418 833 6 0 321  0장추열47555.093기추적16 12 121515.044.015.42949122052 9202226342211202722 03367↘↗입13.937.339.113.1 76136.639.3102.4103.1 31 25  044   15.60   14.20 5  2  0NLDN52.04651814 1.0 3.6 4.6595913-2작전마주기복전력56기 1 510  10101010⑨1:42.4코    .915.139.213.8  0  3  .00 9 9  3 1.65759454951 9 3 9 90 6 2.05 4.08 2.9 5.4  4.8   12.2   25.6   33.9  .02019 0 4 3 0― -.539.10  .3026.66103.3 2.93 7.9215.36 2 510 2.63 8.0014.20 8
20251019일 9180011외411 6 6513혼전 4458맑음포화16 8 4티나케이        KLIMT   JUST A B 6245.00미암 4 0 0 2 2  201      33000혼4우창구강경운   113 317 233 5 0 320  0장추열47255.093평추하40 36 368042.064.038.03451172136 4202226342211202722 03367↗↘입13.940.639.613.1128041.542.1121.7123.5 33 27  047   15.20   13.80 4 -6 -1HNUP52.04651814  .4 3.2 3.6696918 1숨은복병작전마주64기 0 31011111111 9⑨2:01.72½  3.315.641.114.2  3  0  .00 9 6  4 3.79890849410 8 1 5 30 5 2.05 9.02 2.0 6.6  5.9   26.3   42.9   18.712.72858 2 6 7 2― 1.040.90 -.2043.28118.613.3525.3038.02142947 6.9818.6827.55 5
20250921일 9170011외441 5 9514 3강 3351맑음다습13 8 4티나케이        KLIMT   JUST A B 1031.00미암 4 0 0 2 2  26617:00 41250혼4우창구강경운   114 216 433 4 0 319  0장추열47255.593평추보86 91 918481.069.044.33451172136 4202226342211202722 03367↗↘입13.940.240.213.1178940.541.1111.8114.3 33 27  047   15.60   13.30 5  2  2BBDN52.04651814  .4 3.4 3.8696918-1뒷심문제작전마주 5기 2 9101010 9 8 8⑥1:51.81    1.615.240.113.8  4  5  .09 6 2 -2 1.6707855713411 1 3 10 4 1.05 4.06     5.0  2.6   13.6   22.0   70.8  .02863 1 8 7 1▲ 1.241.00 -.1333.90113.420.7133.8144.3437577122.2236.8747.42 2
20250817일 9180010외420 9 7515혼전 4451맑음양호 7 8 4티나케이        KLIMT   JUST A B 6245.00미암 4 0 0 2 2  37117:00 33000혼4우창구강경운   115 115 133 3 0 218  0장추열46753.593평추보48 54 547969.069.051.93451172136 4202226342211202722 03367↗↘입13.940.639.613.1178041.738.7119.3117.6 29 21  043   15.90   12.50 6  5 -1BNUP52.04651814 -.2 3.6 3.4696913 1일반주행작전마주48기 0 7101010 9 8 4②1:59.311    .015.639.513.3 -2 -2  .00 2 4  1 1.9 992 73992 8 1 3 23 3 2.04 1.07     4.3  5.0   30.6   49.2    7.8  .03563 3 8 8 3▲ 1.440.20 -.5237.40118.619.7138.0151.9418375419.2332.5346.07 4
20260919토 8180011국4 1 6  3 0혼전 4453           8 5한우리          컬러즈플러브마이 4546.00한수 5 0 0   1    017:00 33000혼4김동철김경철   0 016 2 323 3 3 123  0오수철   55.559평자상50 46 46 612.039.016.0 733 524521217 0 0 01614112115434314↘↗입13.938.540.813.92217                   30 35 1035   15.00   13.70 5 -1 -1NNUP54.64941814-1.6 7.0 5.4464614 4일반주행거리속성54기 0 5                            15.0    13.7        .0                       4 7 6 9  4                                              .01531 0 3 3 0― -.540.80  .55     118.3 3.07 8.5115.99 1 4 9 3.23 8.7015.73 9
20260815토 9140010국454 6103 1혼전 4451흐림건조 3 8 5한우리          컬러즈플러브마이 4134.00한수 5 0 0 2 1  104      33000국4김동철김경철   0 115 11423 2 3 122  0오수철51056.060평자보31 44 44 810.035.0 7.9 733 524521217 0 0 01614112115434314↘↗입13.937.339.513.9242738.538.4 88.6 88.6 32 37 1132   14.80   14.50 7 -4 -2NNDN54.64941814-1.8 7.4 5.6484814-2일반주행최적거리 5   0 6 9     9 7 5⑤1:28.61¾   .815.038.713.7 -4 -1  .00 5 9  5 1.2329615585911 8 7110 3 2.07 3.07 2.7 6.0  4.3   64.4  111.7  399.5  .01513-3 2 3-3▼-1.338.50  .2111.7889.14 1.02 3.47 7.93 1 2 4 2.83 6.0110.37 9
20260628일 8160010국551 8103 2 1강 1159맑음건조 3 8 5한우리          컬러즈플러브마이 4134.00한수 5 0 0 9 1  103      33000국5배휴준김경철   0 214 3 323 1 3 121  0오수철51157.560평자상47 49 491552.055.040.7 733 5 933 7 9 010 01111112115434314↘↗입13.937.340.013.8112736.240.1102.9103.2 33 39 1139   14.30   13.90 3  6  5VBUP54.64941814-2.0 8.8 6.8404014 2착차만회단기승부66기 01010  101010 5③1:42.93     .514.840.414.5 -1  1  .00 3 4 -3 1.65736635967 9 4 2 23 2 1.05 2.03 3.1 6.6  3.1   10.4   17.0   24.1  .02548 1 6 6 1―  .740.00 -.7325.88103.811.3726.9940.6519395513.6429.1444.63 3
20260606토 71400 8국523 6 23 3 3강 3352맑음양호 6 8 5한우리          컬러즈플러브마이 4134.00한수 5 0 0 1 1   34      33000국5배휴준김경철   0 313 21323 2 3 120  0조성환51053.053기자적 9  9  9 7 3.028.010.0 718 6 933 7 9 0 0 01111 91720503317↘→추13.837.439.313.8143737.538.9 88.4 88.6 29 47 1235   14.70   14.80 2 -1 -1HHDN54.84911814-1.0 8.4 7.4323214-4최빈거리기복전력15관 0 4 6     6 5 4④1:28.4코    .114.339.013.9 -3  5  .00 4 7  1  .63171294176 7 4 7 72 4 5.01 3.05 1.7 1.8 15.1   11.4   51.6    6.6  .01214-2 1 1-2▽-1.638.40  .2211.8689.07 1.75 3.84 9.98 2 714  .12 3.42 8.11 8
20260524일 7180010국453 8 53 4 2강 2251맑음다습10 8 5한우리          컬러즈플러브마이 4546.00한수 5 0 0 2 1   24      33000국4배휴준김경철   0 412 1 223 1 3 119  0조성환50553.553평자하17 11 11 9 5.032.016.0 718 6 933 7 9 0 0 01111 91720503317↘→추13.840.540.213.8195340.841.9122.2121.6 31 44 1338   15.00   14.00 3 -2 -4NH동54.84911814-1.8 8.4 6.6414114 0일반주행거리속성72기 1 5 7 7 7 8 810⑧2:02.2½   3.114.743.014.8  2  4  .00 8 6  0 3.49275798813 8 3 6 70 3 1.02 4.06 2.5 4.1  2.5    4.1    7.5   38.0  .01529 0 2 3 0―-1.040.80  .1440.88118.8 2.47 7.2116.02 2 715  .85 3.62 8.16 8
20260503일 7180010국511 3 13 5 2강 2258흐림다습11 8 5한우리          컬러즈플러브마이 4546.00한수 5 0 0 1 1   44      33000국5배휴준김경철   0 511 4 123 1 3 118  0오수철50157.559평자상20 17 1711 2.031.0 9.2 733 5 933 7 9 010 01111112115503317↘↗입13.840.440.113.9285741.539.7119.0119.4 31 44 1325   14.30   14.30 4 -4  7NBUP54.84911814-2.0 8.0 6.0545414 4일반주행탐색우려45기 0 7 7 7 8 8 8 8⑧1:59.0¾   1.315.040.414.0  2 -1  .01 8 6 -3 2.15990286140 8 2 4100 1 1.02 8.06 1.3 2.1  1.3    2.1    2.7    8.5  .015 2-4 1 1-4▼-1.440.60  .3638.85118.7 1.84 4.12 9.20 1 3 9 1.10 1.10 4.5510
20260404토11140011국353 6103 6혼전 4451맑음양호 6 8 5한우리          컬러즈플러브마이 4134.00한수 5 0 0 1 1   74      41250국3배휴준김경철   0 610 31223 2 3 117  0조성환50251.053평무상49 54 542613.040.018.7 718 6 933 7 9 0 0 01111 91720503317↘→추13.837.238.813.8306538.239.6 89.7 90.1 33 47 1327   14.20   12.7014 10  0VUUP54.84911614-2.0 8.0 6.0545414 2최빈거리휴양불리51관 011 9     910 8⑦1:29.74    2.114.339.714.3 -2 -9  .00 7 9 -2 2.67893568325 8 3 8 83 2 1.0210.02 2.8 6.3  2.8    6.5   12.7    7.8  .02243 1 3 3 1― -.439.00  .4114.0988.59 5.2710.7918.73 2 511 2.73 6.2512.54 9
20251228일 9120011국344 4 93 7혼전 4451맑음다습12 8 5한우리          컬러즈플러브마이 2425.00한수 4 0 0 9 2  265      41250국3김동철김경철   0 7 9 2 123 1 3 116  0조성환51151.053우무보61 38 3836 8.026.0 6.5 599 026751217 0 0 01614 91720503317→↘추13.837.537.913.7248938.037.9 74.1 76.2 36 50 1429   14.00   13.60 2 -1 -3UUDN54.84911614 -.6 6.8 6.2474714-2일반주행부중잇점 5기 0 110     9 8 9⑥1:14.1¾    .614.237.112.7 -5  5  .00 611  0 1.0538416406511 3 9110 1 1.02 6.08 3.1 6.2  3.1    6.2   10.9   61.0  .01539-2 2 2-2▽-1.538.10 1.00  .8175.72  .71 2.83 6.45 0 1 4 1.69 4.03 9.1910
20251213토10140011국334 2 83 8혼전 4451비  불량20 8 5한우리          컬러즈플러브마이 4134.00한수 4 0 0 2 1   35      41250국3김동철김경철   0 8 8 11123 2 3 115  0조재로50653.588평선하45 28 285923.043.017.834531324521217 022131614192622503317↗↘입13.937.138.813.7426937.340.0 86.9 89.1 38 46 1531   14.90   13.70 5 -9  2UN동54.84911614 -.6 5.8 5.2474714 0교체실패최적거리73기 0 2 9    101010⑨1:26.91½  1.714.038.913.6 -2  9  .00 911  6 2.85260707329 9 2 8 90 3 1.10 4.08     3.8  2.0   46.9   78.2  462.0  .02039-1 5 4-1▽ -.638.90  .5013.2088.52 5.3510.9017.84 2 714 7.1413.6821.85 6
20251108토10140011국431 2 83 9혼전 4451흐림건조 3 8 5한우리          컬러즈플러브마이 4134.00한수 4 0 0 2 1  145      41250혼3김동철김경철   0 9 7 81023 1 3 114  0조재로49752.088평선상77 55 556448.060.029.934531324521217 022131614192622503317↗↘입13.937.038.913.7476537.739.0 88.1 89.3 42 50 1733   14.90   13.40 8  9  0VU동54.84911614 -.4 5.6 5.2525214 0착차만회최적거리64관 01111     9 9 8⑦1:28.1¾   1.514.938.513.7  2 -3  .00 7 5 -1 1.75978385734 8 3 5 50 2 7.01 9.07 2.8 4.5 22.1   14.5   48.4   61.0  .02580 1 6 7 1△  .739.00  .1813.4088.52 7.7518.8529.87 92034 5.5012.7918.38 7
20250913토101400 8국441 3 4310 2강 2251맑음포화17 8 5한우리          컬러즈플러브마이 4134.00한수 4 0 0 2 2  296      41250혼3서인석김경철   010 6 7 923 1 3 113  0정정희50052.080평선하20 15 155120.043.019.62350131322 5182415 020112025156040 0↘→입13.936.938.913.7566137.838.5 85.9 88.1 45 45 1836   14.30   14.90 7  1  0UU동55.44891614  .0 4.6 4.6606014 0숨은복병최적거리37트 0 2 8     8 7 5④1:25.94     .814.937.513.4 -2 -6  .00 4 6  2  .91883214354 5 5 8 73 6 2.04 6.07 1.8 3.4  4.1   15.9   25.9    5.9  .01954 0 4 4 0― -.338.80  .5012.3088.45 3.5110.5519.63 2 715 2.80 6.1815.52 7
20250727일13140011국354 2 5311혼전 4451맑음건조 3 8 5한우리          컬러즈플러브마이 4134.00한수 4 0 0 9 3  41317:25 41250국3서인석김경철   011 5 6 823 1 3 112  0조재로50652.087우선보63 69 696664.055.021.92744171942101824251320111926226040 0↘→입13.936.938.913.7556537.841.0 89.4 90.9 45 45 1836   13.90   13.80 3 -2  0UU동55.44891614  .6 3.4 4.0636314 0거리내려최적거리74기 1 1 9     8 5 8⑩1:29.44    3.614.340.414.9  6  6  .0910 4 -3 3.790828894 710 5 8 70 1 3.02 9.06     4.9  5.6   11.7   26.6    8.7  .02286 1 6 7 1△  .439.40  .4615.1488.45 5.7413.2021.86 41118 6.3716.5527.08 8
20250706일 91400 9국334 3 8312혼전 4458맑음건조 3 8 5한우리          컬러즈플러브마이 4134.00한수 4 0 0 1 3  47717:00 41250국3서인석김경철   012 4 5 723 4 3 111  0정정희50052.075우선하61 52 527450.050.031.32271 9194210182415 020112025156040 0↘↘입13.836.938.813.6527337.039.2 87.5 88.6 40 50 2040   15.20   13.60 4  1  0HUDN55.44891614 -.4 3.4 3.0747414-2일반주행거리내려40트 0 3 5     6 3 3④1:27.5목    .013.938.813.8 -3  2  .00 4 7  2 1.03341463880 8 1 2 62 5 4.03 8.07     5.8  9.7   13.2   28.6   18.7  .01855 0 6 6 0―  .038.90  .2812.8688.3810.2121.9531.32 5132220.0030.3439.34 2
20250608일 81600 9국342 4 4313혼전 4451맑음건조 3 8 5한우리          컬러즈플러브마이 4134.00한수 4 0 0 2 3  55617:00 41250국3서인석김경철   013 3 4 223 3 3 110  0정정희49852.075우선상71 67 671544.049.030.72271 9194210182415 020112025156040 0↘↘입13.836.439.113.6596536.338.7103.0103.0 44 56 2244   14.00   14.00 5 -1  0UUUP55.44891614  .0 2.4 2.4868614 2일반주행추입유리59기 2 2 9   9 9 9 8⑦1:43.03    1.715.238.813.6  2  0  .00 7 5 -1 1.95535261732 5 4 4 50 4 3.04 7.06     3.5  7.1   16.3   38.9    9.6  .01841 0 6 6 0― -.139.10  .3327.48102.8 8.1119.2230.68 8182911.5924.5434.80 5
20250504일 9140011국354 210314혼전 4451맑음다습13 8 5한우리          컬러즈플러브마이 4134.00한수 4 0 0 1 4  65917:00 41250국3서인석김경철   014 2 3 623 2 3 1 9  0정정희49852.075우선보89 87 878964.059.031.41740 4214411182415 020112025156040 0↗↘입13.836.738.613.2699137.239.9 87.2 89.4 50 63 2550   14.10   14.00 4  0  0UU동55.44891614 -.2 1.8 1.6888814 0인기탐색최적거리 1기 0 3 8     8 8 6④1:27.22    1.614.038.814.0 -2  8  .00 4 6  2 2.46255676932 7 2 4 63 3 3.01 2.05     5.6  5.8    6.7   15.6    8.512.73186 2 7 8 2▲  .839.30  .5314.1088.11 9.1319.9831.40 51322 8.2020.1731.58 6
20250406일 8140011국324 1 7315 1강 1151맑음포화17 8 5한우리          컬러즈플러브마이 4134.00한수 4 0 1 1 4  74416:05 41250국3서인석김경철   015 1 2 523 1 3 1 8  1정정희49052.075강선하57 53 539051.054.028.51740 4214411182415 020112025156040 0↗↘입13.836.838.613.2669137.239.4 86.9 89.0 57 71 2957   14.20   15.00 4 -2  0UU동55.44891613 -.2 2.4 2.2848414 0승군탐색최적거리 1관 0 3 8     7 6 5⑦1:26.9½    .714.138.814.0  3  1  .00 7 4  1 1.34856515457 5 1 9 40 2 8.01 2.04     4.3 25.9   35.1  141.1   33.612.03186 2 7 7 2△  .439.10  .5413.5988.18 8.9118.4728.47 81829 9.3520.7729.27 5
20260919토 8180011외4 1 6  5 0혼전 4453           8 6페다이킨        AUDIBLE EGG ROLL 96     미수 3 0 0   1    017:00 33000혼4강성오박희상   2 0 5 5 1 4 4 1 0 4  0장추열   55.093강자하50 64 647974.069.057.2294912255611221739 027 820272250 050↘↗입13.936.940.413.57245                   67 67 3333   13.80   14.30 9  3 -1NNUP53.55071812 -.3 3.7 3.3828212 4연대우수연대우수61기 1 6                            13.8    14.3        .0                       2 3 2 1  4                                              .04685 3 9 9 3★ 1.840.40  .22     117.529.9847.3257.1537597124.1934.7848.31 1
20260719일 6140011외453 8105 1혼전 4451흐림다습14 8 6페다이킨        AUDIBLE EGG ROLL 9636.00미수 3 0 0 2 1  157      33000혼4강성오박희상   2 1 4 4 1 4 3 1 0 3  0장추열50355.593우자보81 91 918480.070.038.7294912255611221739 027 820272250 050↘↗입13.936.639.213.5814536.940.2 88.6 89.2 67 67 3333   13.90   12.60 4 -1  2UBUP53.55071412 -.5 5.0 4.5767612 2전개최상연대우수 5   0 3 8    1010 9⑧1:28.6½    .713.840.114.3  6 -1  .01 8 2  1 1.55335716562 6 5 2 20 3 5.01 4.10 3.3 8.7  9.0   13.5   39.3   57.210.54390 3 9 9 3★ 1.639.40  .0113.3588.4514.9928.4438.6918375415.8728.3637.41 1
20260621일10120011외452 4105 2혼전 4451맑음포화16 8 6페다이킨        AUDIBLE EGG ROLL 7853.00미수 3 0 0 2 1   61      33000혼4강성오박희상   2 2 3 3 3 4 2 0 0 2  0장추열50454.093우입보78 93 939278.066.052.0294912255611221739 027 820272299 0 0↘↗입13.936.839.314.1852537.237.9 73.1 75.3 50  0 50 0   13.80   13.40 4 -2  1UV동53.05091212 -.5 5.0 4.5767612 0전개최상전개최상 5기 1 4 9     7 6 5①1:13.11½  -.313.936.812.6  0 -5  .00 1 1 -2  .02045181592 310 1 13 2 1.08 4.11 3.5 5.1  3.5   23.7   31.5   54.610.54387 3 9 7 3▲ 1.438.50 -.72 -.8076.1221.7139.6852.0034536521.2135.8248.00 2
20260524일 9120011외451 5105 3 3강 3351맑음다습10 8 6페다이킨        AUDIBLE EGG ROLL 7853.00미수 3 0 0 2 1   62      33000혼4강성오박희상   2 3 2 2 2 4 1 0 0 1  0장추열50953.093평입보53 61 619265.071.051.2294912255611221739 027 8202722      ↘↗입13.736.639.714.1941336.838.4 73.9 75.3  0  0100 0   13.70   14.00 4 -4  0NH동       1212-1.0 7.0 6.0676712 0뒷심부족전개최상42기 0 6 3     2 2 3③1:13.9목    .013.837.713.4  0 -3  .00 3 3 -4  .22325372083 111 4 31 1 1.07 7.01 3.0 5.9  3.0   14.1   19.7   19.012.24298 3 8 8 3▲ 1.638.70 -.80-1.0176.2319.6437.7651.2434536513.3329.7944.59 2
20260425토 8120011외453 5105 4혼전 4451맑음건조 3 8 6페다이킨        AUDIBLE EGG ROLL 7853.00미수 3     9 1   74      33000혼4강성오박희상   2 4 1 1 1 4 1 0 0 0  0김효정51253.070평무보91 25 2570  .037.017.71749 7255611221710 027 8192217      ↗→선14.436.839.212.7993736.539.7 75.6 76.2              14.40   13.00 4  0  0LN동       12 0         3.0     0 0일반주행우수혈통49기 010 2     4 4 5⑥1:15.6¾    .513.739.214.0 -1 -8  .00 6 7  0 1.35412765265 4 811 92 1 2.03 4.11 2.9 7.1  4.3   16.3   28.6   29.3  .01534-1 4 3-1▽ -.738.80  .32  .1976.06 3.9910.4217.71 1 3 713.7524.0471.43 3
20260919토 8180011국4 1 6  4 0혼전 4453           8 7브리도트로피    영천에이해피투데 7738.00한수 4 0 0   1    017:00 33000혼4정하백조수영   2 016 1 124 5 2 124  0코지     53.587우추보50 61 616858.061.039.7335920244818212228242719233119253838↗↘입14.038.040.313.35457                   25 50 2540   14.30   13.50 5  4 -1NHUP55.14511812-2.6 6.2 3.6686817 4탐색주행거리속성49관 0 7                            14.3    13.5        .0                       3 1 3 2  9                                            12.73358 2 8 8 2▲ 1.240.30  .31     117.915.9428.8539.7213284312.9031.0643.82 2
20260816일 61400 8국532 6 84 1 3강 3341흐림다습13 8 7브리도트로피    영천에이해피투데        한수 4 0 0 2 1   97      33000혼4정하백조수영   2 115 2 124 4 2 123  0코지  45854.587평추상67 70 706059.064.053.1335920244818212228242719233119253838↗↘입14.037.039.013.3486938.038.6 88.8 89.1 25 50 2540   14.30   14.00 7 -4 -2HNDN55.14511712-1.8 6.0 4.2626217-3편성만만보통주행 5   0 3 6     8 7 6⑥1:28.81¼   .514.338.513.5  3  1  .01 6 3  2 2.15188194766 4 2 4 30 8 1.07 6.08 1.9 3.5  1.9   14.6   18.8   16.312.12957 0 7 7 0―  .938.90 -.4913.0888.5920.7037.7953.1434536518.3134.4448.15 3
20260628일 71700 8국453 5 54 2 3강 3361맑음건조 3 8 7브리도트로피    영천에이해피투데        한수 4 0 0 9 1  104      33000국4정하백조수영   2 214 1 324 3 2 122  0코지  45756.087평추상82 80 808181.070.057.8335920244818212228242719233119253838↗↘입14.039.340.813.3756939.541.4112.7113.2 25 45 2535   14.50   14.00 5  0  3NL동55.14511712-1.8 6.0 4.2626217 0작전마주작전마주77기 1 7 4 4 4 4 4 4④1:52.71¾   .314.340.814.0  3  0  .09 4 1 -3 1.03732604974 3 4 3 12 7 2.05 9.02 2.1 4.3  4.7   18.5   32.3   29.310.93779 3 9 9 3★ 1.541.70 -.3033.10113.124.2244.2457.8437577120.3740.0051.83 3
20260523토 8170011국551 9104 3혼전 4451맑음다습13 8 7브리도트로피    영천에이해피투데        한수 4 0 0 2 1   73      33000국5정하백조수영   2 31314 224 2 2 021  0코지  45753.587평추상84 85 857772.068.035.8335920244818212228242719233119292943↗↘입14.039.441.113.3735739.240.9111.6112.2 21 37 2126   14.20   13.70 5  3 -4NH동55.34511712-1.8 6.0 4.2626217 0교체성공작전마주52기 1 7 6 6 5 4 3 2②1:51.62½   .014.540.814.0 -2  1  .00 2 4 -4  .5 915431893 3 8 2 32 6 2.04 8.07 3.6 6.7  3.7   16.2   29.3   17.6  .03062 1 8 8 1▲ 1.241.50  .0031.69113.412.7324.8335.7612264013.6826.0138.26 3
20260418토 5170011국552 6104 4혼전 4451맑음건조 5 8 7브리도트로피    영천에이해피투데        한수 4 0 0 2 1   98      24750국5정하백조수영   2 41213 124 1 1 020  0코지  45657.087평추보54 54 543350.064.039.0335920244818212228242719233119173350↗↘입13.939.741.113.3525739.240.5111.4111.8 11 33 1733   14.00   13.50 5 -7  3HBUP55.04501712 -.6 5.2 4.6575712 4일반주행거리속성70기 0 4 1 1 1 1 1 1①1:51.41¾  -.314.240.013.7 -7 -2  .00 1 8  1  .0 518331293 6 5 5 21 5 8.04 4.01 2.2 6.1 22.8   81.4  188.7  222.112.72863 2 6 8 2▲ 1.141.10 -.2331.00113.615.4828.2238.9912264013.8323.2833.10 3
20260315일 4130011국522 4 74 5혼전 4451흐림양호 6 8 7브리도트로피    영천에이해피투데        한수 4 0 0 2 1   91      24750국5정하백조수영   2 51112 524 1 1 019  0우인철45854.074평추보47 48 483326.053.023.82048102448182122 0 02719112722173350→↘입13.937.338.913.3558037.639.3 82.3 83.2 18 47 2424   14.50   13.20 4  4  1VNUP55.04501312-1.2 5.4 4.2636312 1일반주행거리속성36관 111 8     7 7 8⑤1:22.3½    .914.039.013.5 -2  7  .00 5 7  0 1.95050514853 6 610 70 1 1.0410.07 1.9 4.0  1.9   15.6   23.9   39.4  .01835 0 4 6 0―  .439.80  .53 6.9882.78 6.3814.7923.76 3 817 4.9011.5917.7610
20260214토 6120011국514 7 64 6혼전 4451맑음건조 3 8 7브리도트로피    영천에이해피투데        한수 4 0 0 2 1   68      24750국5정하백조수영   2 610111424 1 1 018  0조성환45153.054평추상73 72 725338.056.024.9 718 62448182122 0 02719 91720173350↘→추13.937.338.313.3398038.437.5 76.2 75.7 19 50 2531   14.20   13.00 2 -2 -4NH동55.04501312-1.0 5.4 4.4606012 0숨은복병최적거리62기 0 710    1010 7⑦1:16.2머리 1.214.537.913.2  0 -7  .00 7 7  2 1.5359210454510 3 8 63 1 1.02 3.05 1.7 4.3  1.7    4.3    6.0   10.9  .02565 1 5 5 1―  .538.10  .34  .0775.84 6.8714.8424.86 51322 8.4018.6727.99 6
20260201일 5120010국554 7104 7혼전 4451맑음건조 2 8 7브리도트로피    영천에이해피투데        한수 4 0 0 1 1   27      24750국5정하백조수영   2 7 9101324 1 1 017  0코지  45857.088평추하46 55 554841.060.031.8335920244818212228242719233119204040↗↘입13.937.338.213.3418337.537.9 75.3 75.3 20 47 1333   14.20   13.70 4  5  5BB동54.64481312 -.2 4.6 4.4626212 0일반주행최적거리 5기 0 9 6     6 6 7③1:15.34     .714.238.113.0 -2 -2  .00 3 5  2  .82367202961 7 2 5 53 4 1.02 1.03 3.4 6.9  3.4    6.9   11.7   20.6  .02072 0 6 7 0―  .738.00  .19 -.2275.78 8.7620.6931.77 92134 6.9014.6625.60 6
20260103토 5120011국554 6104 8혼전 4451맑음다습13 8 7브리도트로피    영천에이해피투데        한수 4 0 0 1 1   8013:35 24750국5정하백조수영   2 8 8 91224 1 1 016  0권중석46052.067평추상72 73 737364.062.036.41341 62448182122 9 02719191818204040↘→선13.937.238.213.2498537.838.7 75.4 76.4 21 57 1450   13.90   13.40 5 -6 -2HU동54.64481312-1.0 5.0 4.0636312 0작전마주최적거리48기 0 410    10 8 6⑤1:15.43     .814.238.613.7  2  8  .00 5 3 -1 2.16479466555 8 1 3 43 1 1.05 1.09     7.8  3.0    8.9   16.8  159.4  .02283 1 7 7 1△  .838.50  .13 1.0375.7210.8323.5036.3910223510.4224.0037.25 4
20251130일 4120011국524 4 74 9혼전 4451흐림다습10 8 7브리도트로피    영천에이해피투데        한수 3 0 0 9 1   9612:45 24750국5정하백조수영   2 9 7 81124 1 1 015  0김성현45253.561평추상77 79 797365.063.041.21440 92448182122 0 02719162319255025↗↘입14.037.238.213.2528737.837.7 74.7 75.6 23 46 2346   13.70   13.90 3  9 -2BHDN54.94471312 -.6 4.8 4.2626212-1걸음늘어작전마주58관 010 9     9 8 7③1:14.72     .413.937.913.4 -1  1  .00 3 4 -4  .43276142967 9 1 2 33 4 1.02 1.07     2.4  2.2    2.4    4.3    5.712.73377 2 7 7 2△ 1.038.20 -.01  .2075.7214.7528.1141.2112264014.2931.8248.35 3
20251109일 5130011국511 5 6410혼전 4451맑음건조 3 8 7브리도트로피    영천에이해피투데        한수 3 0 0 2 1  139      24750국5정하백조수영   210 6 7 424 1 1 014  0이동하45155.091평추하15 21 215729.055.025.9325415244818212227402719252419333333↗↘선14.037.438.913.1508336.939.5 82.0 82.6 17 50 1742   14.10   13.90 3 -8  0UN동54.84461312  .4 4.4 4.8555512 0일반주행거리속성30관 0 1 1     3 3 3③1:22.0½    .013.739.313.9 -5  3  .00 3 8  1  .3261857328010 2 9 62 4 1.07 6.03 1.6 4.9  1.6   18.8   25.0   84.5  .01868 0 5 7 0―  .339.60  .42 6.2882.84 8.1617.3025.93 41222 5.6215.2324.92 5
20251019일 4130010국513 3 6411혼전 4451맑음포화17 8 7브리도트로피    영천에이해피투데        한수 3 0 0 2 2  206      24750국5정하백조수영   211 5 6 324 1 1 013  0임기원44855.082우추하75 75 758559.062.029.72945271638 62122 0 02719233316333333↗↘입14.037.438.813.1509137.840.4 83.0 85.0 18 55 1845   13.70   13.00 5  3  3BNUP54.84461312 -.4 3.8 3.4686813 1작전마주최적거리56기 1 9 8     8 910⑧1:23.04    1.814.139.513.9  1  1  .00 8 7  6 3.19058818326 8 2 6 70 1 1.02 7.03 2.1 7.5  2.1    7.5   12.2   17.812.73183 2 6 7 2△  .940.10  .37 8.8282.78 8.7618.3729.71 4111810.2421.5832.96 6
20250914일 9120010국552 210412혼전 4441맑음다습12 8 7브리도트로피    영천에이해피투데        한수 3 0 0 2 2  28717:00 24750국5정하백조수영   212 4 51024 1 1 012  0김성현44752.064우추상77 73 737429.045.022.0 6 0 61638 62122 0 02719162319333333→↗입14.037.338.113.1379636.938.3 73.8 75.5 20 50 2050   13.80   13.60 3  2 -4NU동54.84461312 -.4 4.0 3.6656513 0승부최상작전마주68조 0 6 6     8 7 4③1:13.81¼   .313.737.513.0  2 -2  .00 3 1 -4  .32631322069 7 1 4 73 3 6.04 8.10     6.0 14.5   59.0  168.5   58.3  .03465 0 4 4 0― -.238.10  .54  .0775.72 5.5812.5421.96 2 715 7.4618.6331.33 6
20250824일 6120011국524 3 7413혼전 4461맑음건조 4 8 7브리도트로피    영천에이해피투데        한수 3 0 0 2 2  35314:25 24750국5정하백조수영   213 3 4 924 1 1 011  0이동하44955.590우추보89 84 848473.064.040.62647161638 621222740271925241950 050→↗선13.937.438.113.0319737.038.3 74.3 75.7 22 56 2256   13.90   13.40 6  0  3HN동54.54441312 -.6 4.2 3.6707013 0작전마주승부최상56관 0 4 6     5 5 5③1:14.34     .713.838.313.6 -2  8  .00 3 5  2  .9333631225811 1 2 32 3 4.02 7.03     3.7  9.3   14.8   34.4   45.4  .04595 3 8 7 3▲ 1.238.10 -.06  .1875.7815.0928.4740.5810223518.0933.8546.00 3
20250712토 5120010국513 4 6414 3강 3352맑음건조 5 8 7브리도트로피    영천에이해피투데        한수 3 0 0 2 3  47014:40 24750국5정하백조수영   214 2 3 824 1 1 010  0김성현44152.565우추보59 65 656952.052.032.81550102599 02122 0 0271916231950 050→→입13.937.438.113.0299737.337.6 75.7 75.1 25 50 2550   13.90   13.80 4 -1 -2HU동54.54441312-1.2 4.6 3.4727213 0숨은탄력작전마주32관 0 4 6     5 4 4④1:15.7목    .613.938.513.4  1 -4  .00 4 3 -3  .81655111361 6 1 3 42 2 2.01 8.06     4.1  5.8    4.1   10.5    9.110.92074 0 6 6 0―  .237.90  .17 -.3775.78 9.2021.5432.84 9203413.2429.5334.73 3
20250614토 5120011국554 310415 1강 1151맑음건조 3 8 7브리도트로피    영천에이해피투데        한수 3 0 0 2 3  55014:40 24750국5유재길조수영   215 1 2 724 2 1 0 9  0이동하44554.092우추보67 69 697751.054.030.932421910   4 836 04012 025241950 050↘→선13.937.438.112.9249837.139.0 75.7 76.5 29 57 2957   14.30   13.40 6  0  0NU동54.54441312 -.8 4.2 3.4737313 0승부최상보통주행37관 0 5 6     5 6 5⑥1:15.73     .913.939.313.8  0 -7  .00 6 6  3 1.5624258525111 1 6 22 2 1.07 2.08     7.0  2.3   17.6   32.7  145.7  .03477 1 6 5 1―  .638.30  .22  .9775.78 9.5319.4230.86132843 9.6319.4923.28 5
20260919토 8180011외4 1 6  7 0혼전 4453           8 8샤이닝로드      MIDSHIPMCRYSTIAN 9234.00미거 4 0 0   1    017:00 33000혼4성상현이윤석   0 01212 711 1 1 111  0최범현   56.593기입보50 61 615156.062.038.03159131665 3141538 023151832172575 0→→입14.239.740.613.87127                   30 40 3010   14.30   14.00 3  3 -1NN동55.15051818 -.6 3.8 3.2767617 0뒷심부족연대우수29관 0 8                            14.3    14.0        .0                       8 4 4 3  7                                              .03784 1 7 6 1△ 1.140.60 -.23     118.713.1826.6438.0319395512.9024.8434.83 4
20260830일 8180010외412 5 67 1혼전 4451흐림다습11 8 8샤이닝로드      MIDSHIPMCRYSTIAN 9234.00미거 4 0 0 9 1   44      33000혼4성상현이윤석   0 11111 611 1 1 110  0코지  50657.087기입보79 80 804960.059.032.23359201665 31415 0 02315233119 099 0↗↘입14.239.840.713.8742539.740.1116.9117.4 33 33 3311   14.10   13.50 5  0  1NB동54.55051818 -.8 3.6 2.8787817 0연대우수기복전력46기 1 5 2 2 1 1 1 2③1:56.9¾    .214.339.814.0  0  3  .00 3 3  0  .41029392374 3 7 3 61 1 1.04 1.07 1.8 4.1  1.8    5.2    7.9    8.6  .03354 0 7 5 0―  .641.00 -.1636.92118.7 9.9720.0432.24 81829 8.2525.3737.38 4
20260726일 9180011외451 5107 2혼전 4451맑음양호 9 8 8샤이닝로드      MIDSHIPMCRYSTIAN 9234.00미거 4 0 0 9 1   73      33000혼4성상현이윤석   0 21010 511 6 1 1 9  0최범현50356.093평입보59 75 754957.063.033.93159131665 3141538 02315183217 099 0→→입14.240.240.613.9503039.041.1117.5117.8 38 25 2513   14.30   14.10 4 -2  1NB동53.85061818-1.6 5.0 3.4767617 0마방승부연대우수74기 0 5 3 3 3 3 4 4③1:57.53     .514.141.113.5  0 -6  .00 3 3  0  .61210642966 6 7 4 42 6 7.02 8.09 2.0 6.2 24.4   60.0  225.7  129.312.73760 2 7 6 2― 1.040.60 -.2936.95118.911.1222.2833.87122640 9.4718.7229.06 5
20260627토 8180011외412 7 67 3 1강 1157맑음건조 4 8 8샤이닝로드      MIDSHIPMCRYSTIAN 9234.00미거 4 0 0 9 1   73      33000혼4성상현이윤석   0 3 9 9 411 5 1 1 8  0최범현50955.593평입하43 53 536046.059.042.03159131665 3141538 02315183217 099 0→→입14.240.540.313.7284938.941.8117.6118.1 29 14 1414   14.50   14.40 2  1  0NL동53.85061812-1.6 5.4 3.8656517 0연대우수마방승부42기 0 7 5 4 3 3 3 2③1:57.6½    .014.341.014.1  0 -8  .00 3 3  2 1.218 9784689 8 1 3 32 5 1.05 6.11 1.2 3.5  1.2    8.0    9.8   12.5  .03362 1 7 5 1―  .740.30 -.4737.26118.913.4529.1841.9814294717.0725.8837.50 4
20260613토 71800 9외451 9107 4 2강 2259맑음건조 3 8 8샤이닝로드      MIDSHIPMCRYSTIAN 9234.00미거 4 0 0 2 1   14      33000혼4성상현이윤석   0 4 8 8 311 4 1 1 7  0최범현51755.593평입보17 38 384663.059.040.23159131665 3141538 02315183217 099 0→→입14.240.340.613.7413439.741.6119.0118.3 29 14 2914   14.60   13.60 4 -2  1NB동53.85061812  .2 5.2 5.4525217 0일반주행연대우수50기 0 6 4 4 4 4 3 2⑥1:59.0½    .614.541.414.4  5  3  .09 6 1 -3  .72430766367 5 4 4 42 4 5.02 8.07 2.7 6.6  7.9   12.8   20.3   21.0  .03757 1 7 6 1―  .640.60 -.4637.39118.913.3225.8240.2110223510.0023.3536.04 5
20260517일 9180010외441 9 97 5 3강 3351맑음건조 3 8 8샤이닝로드      MIDSHIPMCRYSTIAN 9234.00미거 4 0 0 2 1   62      33000혼4성상현이윤석   0 5 7 7 211 3 1 0 6  0최범현51455.093평입보27 34 342024.052.026.23159131665 3141538 02315183217 099 0→→입14.240.340.713.7392741.138.9121.5120.0 17 17 17 0   14.00   13.60 4 -2  0NLUP53.85061812  .2 5.2 5.4525217 2연대우수거리속성56기 1 8 3 3 4 4 3 2②2:01.56     .014.638.913.6 -2  2  .00 2 4 -2 1.07083102992 5 9 8 62 3 2.04 4.08 3.4 5.7  3.7   11.3   19.3    9.4  .03337 0 5 5 0―  .140.80 -.1738.98118.9 6.4515.1626.16 41222 3.4111.9623.32 6
20260418토 8160010외451 8107 6 1강 1151맑음건조 4 8 8샤이닝로드      MIDSHIPMCRYSTIAN 8126.00미거 4 0 0 2 1   75      33000혼4성상현이윤석   0 6 6 6 111 2 1 0 5  0최범현51255.093기입상63 66 661582.067.042.63159131665 3141538 02315183217 099 0→→입14.336.839.813.8373036.539.4103.4103.1 20 20 40 0   14.30   14.00 6  6  3VBDN52.54991812 1.4 4.2 5.6464617-1교체성공연대우수79기 010 7   7 5 6 6⑤1:43.4½    .414.039.613.6 -1 13  .00 5 6  4  .75049434070 6 4 4 32 2 3.02 2.08 4.1 9.8  5.1   13.4   27.0   48.312.03764 2 7 8 2▲ 1.339.80 -.4626.52103.413.7228.7842.6012264017.1934.0248.44 2
20260308일 8170011외411 7 67 7 1강 1142맑음다습13 8 8샤이닝로드      MIDSHIPMCRYSTIAN 8126.00미거 4 0 0 2 1  108      33000혼4성상현이윤석   0 7 5 5 211 1 0 0 4  0최범현49952.593하입상30 25 256465.067.040.63159131665 3141538 02315183217      →→입14.039.841.313.6503439.240.7110.4112.4  0  0 25 0   14.90   13.20 6 -5  2HN동       1812 2.0 4.8 6.8363617 0일반주행탄력호전46관 0 4 4 4 4 3 2 1①1:50.4½    .014.340.214.0 -1  8  .00 1 2 -8  .01517391690 9 3 7 32 1 2.01 4.03 1.4 4.5  8.5    4.5   14.0   13.312.02886 2 7 8 2▲ 1.241.10 -.4331.25113.816.1228.8340.6018375410.7124.3538.82 3
20260124토 8170011외441 5 97 8혼전 4451맑음건조 3 8 8샤이닝로드      MIDSHIPMCRYSTIAN 8126.00미거 4 0 0 2 1  108      33000혼4성상현이윤석   0 8 4 4 111 2 0 0 3  0권중석49151.066하입보 6  2  2 412.033.0 8.31341 61665 31415 0 02315191818      ↘→선14.039.742.113.7571240.540.5112.8113.5  0  0  0 0   15.20   14.00 4 -2  0NHDN       1812 4.0 3.0 7.0292912-1일반주행거리속성 5기 0 9 9 9 9 9 9 9⑥1:52.8머리  .814.939.613.2 -4  4  .00 610  5 2.05381365757 71110103 2 1.09 5.01 2.6 5.4  2.6   29.2   46.0   43.4  .01522-2 2 1-2▽-1.341.40 -.0431.68114.3 1.02 3.54 8.26 1 4 7 2.06 7.0013.86 9
20251228일 8180011외420 6 77 9 2강 2251맑음다습12 8 8샤이닝로드      MIDSHIPMCRYSTIAN 9234.00미거 3     9 1   6716:10 33000혼4성상현이윤석   0 9 3 3 111 1 0 0 0  0권중석48751.065하입하50 29 291018.033.011.31341 61665 31415 0 02315191818      ↘→선14.039.741.413.884 440.840.8121.2121.0  0  0 50 0   14.80   12.1027  5 -3NHUP       1812 6.0 2.0 8.0282812 6숨은복병휴양불리40기 011 8 7 6 7 5 5⑤2:01.28    1.715.241.214.0  0 26  .00 5 5  2 1.78770617131 211 5 80 1 1.02 3.08     2.9  1.5    2.9    3.5    5.2  .01928 0 2 2 0―-1.241.50  .1439.90119.0 1.44 5.8311.28 2 714 3.3910.8619.23 6
20250622일 7120011외453 510710 2강 2241맑음다습12 8 8샤이닝로드      MIDSHIPMCRYSTIAN        미거 3 0 0 2 3  51915:15 33000혼4전승규이윤석   010 2 2 211 2 0 0 1  0씨씨웡46154.090하입하39 25 254630.046.018.52745 627361022 935 02019212522      ↗↘선14.036.939.613.7821536.840.8 77.0 77.9  0  0  0 0   14.00   13.70 6 -5  0NH동       1212 5.0 1.0 6.0373712 0숨은복병보통주행60관 2 6 5     5 5 9⑩1:17.01¾  2.313.940.414.6  7-24  .0010 3  2 2.48927928720 5 9 9 70 2 8.04 7.09     7.0 25.6   67.7  254.7  168.9  .01934 0 3 4 0― -.439.20  .04 1.3676.34 4.4510.2018.48 41118 2.9010.6919.01 6
20250511일 9120010외443 4 9711 2강 2259맑음포화16 8 8샤이닝로드      MIDSHIPMCRYSTIAN        미거 3     2 4  638      33000혼4전승규이윤석   011 1 1 111 1 0 0 0  0씨씨웡48554.090평무보   35 3540  .048.028.42333 524361422 935 02019212522      ↘↗선14.036.738.513.4    36.839.6 76.2 76.5              14.00   13.70 4  0  0LL동       12 0                 0 0일반주행보통주행 1   011 6     4 4 4⑥1:16.2목   1.414.039.613.7  5 -2  .00 6 1  0 1.96123735837 1 111 42 1 6.0210.02 2.7 4.5 17.0   22.1   75.7   51.5  .01860 0 5 4 0―  .139.00  .48 1.2675.61 7.3016.6728.39 9213410.5822.9292.18 3
20260919토 8180011외4 1 6  4 0혼전 4453           8 9글로벌컴퓨팅    CLOUD COHOT DIXI 3733.00미거 4 0 0   1    017:00 33000혼4전승규장재형   2 01111 410 1 1 010  0서승운   55.582기추적50 54 544814.048.021.92335131745 62223 0 02019272717 03367↗↘선14.540.240.913.75230                   33 17 3317   14.90   13.90 4  8  1LLUP53.35361818-1.8 5.6 3.8636318 1일반주행기복전력40트 0 9                            14.9    13.9        .0                       910 5 7  1                                              .01545 0 3 3 0―  .140.90 -.10     119.0 4.9712.2621.93 3 817 4.84 9.9415.73 7
20260823일 8170011외451 2104 1혼전 4451맑음다습13 8 9글로벌컴퓨팅    CLOUD COHOT DIXI 37     미거 4 0 0 2 1   64      33000혼4전승규장재형   2 11010 210 2 1 0 9  0우인철54255.074기추적71 68 686537.051.021.42048101745 6222327 02019112722 03367→↘입14.539.441.613.7713740.240.3111.3113.8 33 17 3317   14.50   14.00 4 -7  3UNDN53.35361818 -.2 6.0 5.8494918-1부중유리기복전력54기 1 1 4 4 4 7 4 5⑥1:51.3¾   1.214.939.313.9  3  0  .09 6 3 -4 2.46067283743 511 5 80 3 1.02 4.11 2.6 6.0  2.6    6.0   10.6   19.4  .03147 0 5 3 0―  .041.70  .0932.80113.8 6.0013.5221.38 2 714 3.9213.7322.40 8
20260726일 9180011외451 5104 2혼전 4451맑음양호 9 8 9글로벌컴퓨팅    CLOUD COHOT DIXI 3733.00미거 4 0 0 9 1   53      33000혼4전승규장재형   2 2 9 9 310 1 0 0 8  0우인철54252.073평추하11  2  24623.056.026.02048101745 6222327 02019112722 0 099→↘입13.940.141.013.6532739.340.5116.9117.2 20  0 2020   15.10   15.20 4  0 -1LU동54.05331812 -.2 6.0 5.8494912 0교체실패부중영향99기 2 8 6 6 5 6 3 1①1:56.9½    .014.540.514.0 -6 -4  .00 1 7  3  .0 517482183 41111 62 2 7.02 8.09 2.0 6.2 24.4   60.0  225.7  129.3  .02279 1 5 7 1△  .540.60 -.1936.06119.0 6.8115.3725.99 51322 6.3212.8120.63 8
20260627토 8180011외412 7 64 3 1강 1157맑음건조 4 8 9글로벌컴퓨팅    CLOUD COHOT DIXI 3733.00미거 4 0 0 9 1   73      33000혼4전승규장재형   2 3 8 8 210 1 0 0 7  0송재철54653.076평추하31 29 293022.047.024.41644 71745 6222322 02019192520 0 099↘↗입13.940.141.113.5562740.443.7120.7121.2 20  0 2020   15.10   13.60 4  2  1LN동54.05331812  .3 6.3 6.5424212 0부중유리거리속성67기 0 81110 9 8 7 8⑧2:00.76    3.215.142.915.2  4  6  .05 8 4 -1 4.38859959612 3 9 6 60 3 1.05 6.11 1.2 3.5  1.2    8.0    9.8   12.5  .03145 0 5 5 0― -.241.10 -.1839.96119.0 6.4914.3824.38 41222 4.8811.7619.32 7
20260530토 8180010외420 5 74 4 2강 2251맑음양호 7 8 9글로벌컴퓨팅    CLOUD COHOT DIXI 3733.00미거 4 0 0 9 1   53      33000혼4전승규장재형   2 4 7 7 110 1 0 0 6  0우인철54052.073평추하 9  2  23629.044.017.62048101745 6222327 02019112722 0 099→↘입13.939.941.513.5641241.039.2121.2118.8  0  0 25 0   13.90   14.30 4  0 -2NUUP56.05261812  .3 6.3 6.5424212 6교체실패부중영향 5   0 6 6 7 6 7 7 3③2:01.2¾    .115.139.513.6 -2-10  .00 3 5  1  .23879143379 210 9 83 1 1.02 3.05 1.8 2.9  1.8    2.9    4.6    9.7  .02243-1 5 5-1▽ -.641.00 -.1037.40119.1 4.6910.1117.62 41118 4.0312.2022.81 5
20260502토 6120011외434 6 84 5혼전 4451흐림건조 3 8 9글로벌컴퓨팅    CLOUD COHOT DIXI        미거 4 0 0 1 1   75      33000혼4전승규장재형   2 5 6 6 210 1 0 0 5  0최범현55053.593하무하43 36 365321.045.019.13159131745 62223 0 02019183217 0 099→→입13.936.839.713.6801536.740.6 77.1 77.3  0  0 25 0   14.40   13.8012  3  1NNDN56.05261712 1.3 6.0 7.3393912-4부중효과보통주행43기 0 6 6     6 6 8⑧1:17.11½  2.013.940.314.3  4 19  .03 8 4 -3 2.18325908226 410 8 92 1 1.07 1.08 1.8 3.2  1.8   18.4   26.7   82.8  .02744 0 4 3 0― -.439.20  .01  .8176.34 5.2810.9419.08 2 714 3.03 9.0518.75 8
20260208일 7160010외421 3 74 6혼전 4451맑음건조 2 8 9글로벌컴퓨팅    CLOUD COHOT DIXI        미거 4 0 0 2 2  224      33000혼4전승규장재형   2 6 5 5 110 2 0 0 4  0송재철53153.075하추적 6  1  11511.043.018.8203214255710222322 02019192520 0 099↗↘입13.936.141.313.679 936.440.0101.5103.1  0 33 33 0   14.80   17.0010 -6 -2UUDN56.05261712 1.3 6.0 7.3393912-1부중효과부중효과47기 0 3 5   5 7 6 4④1:41.53    1.014.439.413.8 -3 -6  .00 4 7  3 2.04840595648 41010 80 2 1.09 2.07 2.4 4.4  2.4   43.4   48.2  187.7  .02739-1 4 4-1▽ -.641.30 -.2625.73103.8 5.8811.4118.76 2 714 3.70 9.5817.18 7
20251130일10170011외432 6 84 7 1강 1159흐림다습10 8 9글로벌컴퓨팅    CLOUD COHOT DIXI        미거 3 0 0 9 1  195      33000혼4전승규장재형   2 7 4 4 110 1 0 0 3  0송재철53754.577평추보26 17 176432.055.037.71644 71745 6222322 02019192520 0 099↘↗입13.939.042.313.697 940.346.1118.9118.8  0 33 33 0   14.00   14.30 4 -2 -2LHUP56.05261712 1.0 6.0 7.0464612 4일반주행부중효과74기 1 9 6 6 8 81011⑪1:58.9대차 6.114.846.317.0  7  6  .0111 4 -2 7.399749999 5 111 8 20 1 2.03 6.03 2.1 4.2  4.8   13.5   22.1  104.4  .02571 1 6 6 1―  .742.90 -.4737.50114.010.8525.3237.71193955 5.0616.6724.42 5
20251101토 7130011외452 4104 8혼전 4453맑음건조 5 8 9글로벌컴퓨팅    CLOUD COHOT DIXI        미거 3     1 1  170      33000혼4전승규장재형   2 8 3 3 110 1 0 0 0  0마이아53156.093하추보21  3  36417.046.022.43452141745 62223 01820193533 7 0 099↘↗선13.936.940.213.5981537.840.0 83.8 84.0  0  0 50 0   14.30   13.5031  8  0VLUP56.05261412 2.0 9.011.0171712 1일반주행부중편성48트 111 7     7 8 9⑧1:23.81¾  1.914.040.114.3  2  5  .00 8 6  3 2.07358717426 41110 60 1 2.0310.03 2.1 5.4  5.2   13.6   28.5   61.313.21551 0 4 4 0― -.340.40  .04 6.8683.35 4.9913.7922.42 51322 6.0615.6926.61 6
20250322토 2120011외421 4 24 9혼전 4459맑음건조 5 8 9글로벌컴퓨팅    CLOUD COHOT DIXI        미거 3 0 0 2 5  802      41250혼4전승규장재형   2 9 2 2 110 1 0 0 1  0씨씨웡52656.087하무보13 35 3569  .051.020.82760131950 9222335312019212522      ↘↘선13.936.640.214.796 336.839.0 76.8 75.7  0  0100 0   13.90   15.00 8 -2  3HBDN       1414        11.0    14-2작전마주보통주행 1기 1 3 6     6 8 5③1:16.81     .213.939.813.8  0  9  .00 3 3 -6  .63426563974 21111 63 1 1.02 9.05 1.6 1.7  1.6    1.7    2.6    3.8  .02046 0 5 5 0―  .138.90 -.21-1.1076.51 4.2011.0720.76 5122011.9622.0038.96 2
20250125토 8140011외450 210410혼전 4451맑음건조 3 8 9글로벌컴퓨팅    CLOUD COHOT DIXI        미거 3     9 5  94716:05 33000혼4전승규장재형   210 1 1 110 1 0 0 0  0김동수51753.068평무보   35 3540  .037.0 8.91233121950 9222321192019102127      ↘↗추13.736.639.114.5    36.241.4 91.1 90.4              13.70   14.80        LN동       14 0                 0 0일반주행작전마주 1기 0 5 4     4 410⑪1:31.11¼  2.413.942.015.0  2 -3  .0011 9  0 2.684 8918016 1 1 9110 1 7.03 4.06     8.6  9.7   21.7   44.2  185.2  .02041 0 3 3 0― -.939.60  .8514.6788.38 1.67 4.14 8.93 1 2 4 9.4018.4155.28 5
20260919토 8180011국4 1 6  6 0혼전 4453           810인피니트아너    카우보이파라다이 5537.00한거 5 0 0   1    017:00 33000혼4강성오김중길  -3 016 1 827 2 4 227  0이혁     56.576기자적50 45 453334.052.026.02359 82556112234275027 828211843 043↗↘선14.238.840.713.95117                   23 15 1912   14.10   13.20 3  8  3BB동53.84641817 -.4 6.2 5.8505013 0교체성공배당마주56기 010                            14.1    13.2        .0                       5 6 7 6 11                                              .03049 0 5 5 0―  .440.70  .27     118.3 7.0116.3326.00 61627 9.6821.1232.58 5
20260830일 61800 9국541 5 96 1혼전 4451흐림다습11 810인피니트아너    카우보이파라다이 5537.00한거 5 0 0 9 1   46      33000혼4강성오김중길  -3 115 3 727 1 3 226  0이혁  46254.076평자보17 19 193621.052.034.32359 82556112234275027 828211833 050↗↘선14.240.440.713.9331538.839.6115.4116.4 20 12 1612   14.00   14.50 3 -9 -1HH동53.84641817 -.8 7.0 6.2484813 0교체실패배당마주44기 0 2 1 1 1 1 1 2①1:55.41    -.214.139.213.2 -4 -5  .00 1 5 -1  .0 2 526 291 5 6 8 5110 5.04 2.01 3.0 5.1 13.6   26.9   69.5   75.0  .02273 1 4 5 1―  .240.20 -.3835.32119.010.2223.0434.31102235 4.8413.1424.77 6
20260809일 7180011국452 9106 2혼전 4431맑음건조 2 810인피니트아너    카우보이파라다이 5537.00한거 5 0 0 1 1   55      33000국4강성오김중길  -3 214 2 627 1 3 225  0이동하46754.591평자보13 18 183330.057.036.6325415255611223417 027 825241933 050↗↘선14.240.540.613.9252238.741.6119.9119.2 21 21  813   14.30   14.60 6  8 -1VNUP53.84641817-1.6 7.6 6.0555513 1배당마주배당마주50기 011 1 1 1 1 1 4⑧1:59.9½   1.314.041.714.5  2 -5  .00 8 6  0 1.548 4743244 4 6 7 41 2 1.02 5.06 3.7 6.2  3.7    6.2   11.8   17.9  .02273 0 5 8 0―  .440.50 -.4538.05119.012.2824.9536.56102235 5.8817.8326.74 6
20260628일 71700 8국453 8 56 3 3강 3351맑음건조 3 810인피니트아너    카우보이파라다이 5832.00한거 5 0 0 9 1   84      33000국4강성오김중길  -3 313 1 827 4 3 224  0이혁  47255.577기자보23 29 293119.055.031.92359 82556112234275027 828211833 050↗↘선14.240.141.013.8243739.542.5113.7114.3 22 22  9 9   15.10   14.40 4 -7 -1HNDN53.84641817-1.6 8.2 6.6494917-1배당마주배당마주74기 0 3 3 3 3 3 3 5⑥1:53.72    1.314.341.814.6  0  1  .00 6 6 -1 2.06833827744 9 5 7 52 9 2.05 9.02 2.1 4.3  4.7   18.5   32.3   29.3  .02250 0 5 7 0―  .441.10 -.2333.19113.8 8.8220.1231.94 51425 2.78 7.0015.95 8
20260530토 8180010국520 9 76 4 2강 2251맑음양호 7 810인피니트아너    카우보이파라다이 5537.00한거 5 0 0 9 1   53      33000국5강성오김중길  -3 41216 527 3 3 223  0이혁  47156.576기자하12 15 153015.053.027.12359 82556112234275027 828211833 050↗↘선14.240.740.413.8163041.041.2122.4120.0 23 18 18 9   15.20   13.70 6 -1  1VB동53.84641817-1.2 8.0 6.8434313 0배당마주배당마주64기 010 7 6 7 4 3 6⑥2:02.41½  1.315.141.514.4 -1 -1  .00 6 7  0 1.47079678244 9 5 7 52 8 1.02 3.05 1.8 2.9  1.8    2.9    4.6    9.7  .02241 0 4 6 0―  .140.40 -.2238.90119.0 6.4815.3527.06 81829 2.42 7.3214.04 8
20260419일 6180011국552 4 56 5혼전 4451맑음건조 4 810인피니트아너    카우보이파라다이 5537.00한거 5 0 0 2 1  106      33000국5강성오김중길  -3 51115 427 2 3 222  0이혁  47255.576기자적44 53 533928.057.034.02359 82556112234275027 828211833 050↗↘선14.140.540.613.8262241.839.3120.9120.2 24 29 19 5   15.50   13.20 5  0  2VL동53.84641817-2.6 8.0 5.4555517 0배당마주배당마주44관 1111010101010 7⑧2:00.91    1.515.239.613.7  1 -5  .00 8 7 -2 1.87695176035 8 7 5 40 7 6.04 5.06 2.3 4.7 16.6   57.6  168.0  122.9  .02261 0 5 5 0―  .440.60 -.3839.05119.011.9124.0534.01122640 5.5614.0424.38 7
20260314토 9180011국541 7 96 6혼전 4451흐림양호 7 810인피니트아너    카우보이파라다이 5537.00한거 5 0 0 2 1   97      33000국5강성오김중길  -3 61014 327 1 3 121  0이혁  47753.576기자적25 28 283338.058.036.62359 82556112234275027 828211840 040↗↘선14.140.440.713.8301540.840.0119.9118.3 20 20 1515   14.90   13.50 6 10 -1VHUP53.84611817-2.0 7.8 5.8474717 1배당마주배당마주78기 011101010 9 6 5③1:59.9동착  .015.539.413.2 -6 11  .00 3 9  0  .32772375089 6 6 6 43 610.06 1.07 2.3 4.8 51.3  225.7  502.5 2176.712.72876 2 6 6 2―  .840.50 -.4537.19119.010.8623.7836.60 6132511.2422.4632.88 5
20260131토 8170011국430 8 86 7혼전 4451맑음건조 2 810인피니트아너    카우보이파라다이 5832.00한거 5 0 0 9 1  108      33000국4강성오김중길  -3 7 913 727 4 3 120  0송재철46654.577기자보 7  3  330 8.044.015.51644 7255611223423 027 819252050 050↘↗입14.140.041.213.8332739.740.8112.6113.3 21 21 2116   14.80   14.50 5 -8  1UNDN53.64601817-1.4 7.0 5.6383813-1배당마주배당마주 5관 0 1 5 5 6 8 8 7⑦1:52.6¾    .314.940.213.5 -2  8  .00 7 9  0  .4434243377411 811100 5 8.03 7.04 1.7 3.3 43.9  177.0  620.8   58.3  .02236-1 2 4-1▽ -.441.10  .0932.05113.9 3.99 8.5115.52 1 3 9 2.04 4.61 9.7110
20251228일 8180011국420 7 76 8 2강 2251맑음다습12 810인피니트아너    카우보이파라다이 5537.00한거 4 0 0 9 1   8816:10 33000국4강성오김중길  -3 8 812 227 3 3 119  0송재철45854.076기자하10  2  211 6.039.012.01644 7255611223423 027 819252050 050↘↗입14.040.540.613.8242241.041.7122.3122.1 22 17 1117   14.60   14.5014  7 -2LN동53.64601817-1.6 6.2 4.6434313 0숨은복병배당마주45관 0 9 6 6 7 6 6 9⑨2:02.34    2.814.842.214.5  0-11  .00 9 9  3 2.89578798915 9 611 72 4 1.02 3.08     2.9  1.5    2.9    3.5    5.2  .01919-3 2 3-3▽-1.140.80  .1240.99119.0 1.64 4.9611.98 51322  .85 3.62 8.65 9
20250921일10180010국441 6 96 9 1강 1151맑음다습13 810인피니트아너    카우보이파라다이 5537.00한거 4 0 0 2 2  26517:30 33000국4강성오김중길  -3 9 711 127 2 3 118  0송재철46956.074기무적49 62 624344.057.045.5203214244016223423 027 819252050 050↗↘입13.940.240.513.7452740.641.6119.7120.7 24 24 2412   14.90   14.00 5 -6  4HHUP53.64601817-3.0 6.6 3.6585813 1교체성공기복전력 5기 1 2 6 6 6 4 4 6⑦1:59.74    2.914.641.614.5  1  5  .00 7 6 -1 3.38366778313 8 4 4 22 3 2.01 8.10     4.5  3.8    4.5   10.3   27.2  .03052 0 5 6 0―  .841.00 -.5140.02118.816.2531.6545.46132843 9.0921.8632.46 4
20250816토 6170011국422 9 2610혼전 4451맑음다습12 810인피니트아너    카우보이파라다이 5832.00한거 4 0 0 2 2  383      33000국4강성오김중길  -310 610 627 1 2 117  0송재철46452.075기자적40 31 314360.064.038.5203214244016223423 027 819252067 033↗↘입13.939.541.113.7623739.941.0112.6112.9 19 19 2513   15.10   14.10 5 -1 -1NU동54.24591714-1.6 6.6 5.0454513 0배당마주배당마주55기 0 81111111110 6①1:52.6목   -.114.940.914.0 -6  3  .00 1 7 -1  .02849535294 8 510 43 2 7.04 8.05 2.3 2.2 23.2   82.2  287.5   58.0  .04383 3 7 9 3▲ 1.241.50 -.1232.27113.514.3226.9838.50102235 7.4823.2132.66 4
20250713일 8170010국453 610611 1강 1131흐림양호 6 810인피니트아너    카우보이파라다이 5832.00한거 4 0 0 2 3  458      33000국4강성오김중길  -311 5 9 527 1 2 116  0김철호46153.062기자하33 20 2031 8.044.022.01567111450 5223420 027 814202567 033↘→추13.939.441.213.6703040.240.8113.1113.4 20 20 2713   15.00   13.90 5  1 -1LH동54.24591714-1.0 6.8 5.8373713 0배당마주배당마주66관 0 9 9 9 9 9 8 6⑤1:53.1코   1.215.140.814.1 -3  2  .00 5 8  3 1.94668465647 8 6 8 73 4 4.01 4.03 2.4 6.7  7.3   10.4   22.8   16.7  .02240 0 3 5 0― -.241.70  .2732.83113.5 5.1912.3522.04 3 817 1.90 4.6510.75 8
20250607토 61700 8국453 6 5612 3강 3351맑음건조 3 810인피니트아너    카우보이파라다이 5832.00한거 4 0 0 2 3  56715:35 33000국4강성오김중길  -312 4 8 427 1 2 115  0이혁  45954.081기선보18 18 185120.054.031.22132101450 52234275027 828211867 033↗↘선13.839.341.213.5733440.040.9114.2113.6 21 21 2914   14.50   13.00 5  0  2VN동54.24591714-1.6 7.4 5.8404013 0배당마주배당마주30관 0 8 6 6 3 3 3 5⑥1:54.2½   1.715.040.613.9  1 -2  .00 6 5  0 1.95258495233 2 7 8 52 5 1.03 4.01     4.0  2.5    6.4   11.5    5.7  .02556 1 5 6 1―  .441.80  .1233.10113.4 7.8819.0131.23 81829 3.96 8.3819.64 6
20250503토 6170011국454 210613혼전 4451흐림포화18 810인피니트아너    카우보이파라다이 5832.00한거 4 0 0 1 4  67215:15 33000국4강성오김중길  -313 3 7 327 2 2 114  0김철호46152.559기선적59 56 565656.062.050.2184014255815223420 027 814202567 033↗↘추13.739.141.613.5881940.440.1112.0114.2 23 23 3115   14.30   13.30 4  2  1NN동54.24591714-2.0 8.0 6.0424213 0배당마주배당마주 1기 0 8 7 7 8 4 6 4④1:52.07    1.414.539.013.0 -1  0  .00 4 5 -3 1.56872263837 2 9 6 22 3 2.01 7.03     8.2  4.5    8.2   14.1    9.7  .03564 3 7 8 3▲ 1.042.10 -.4333.52113.620.6636.1650.2020415511.9426.1436.90 3
20250406일 6170011국414 3 6614혼전 4459맑음포화18 810인피니트아너    카우보이파라다이 5832.00한거 4 0 0 1 4  74614:25 33000국4강성오김중길  -314 2 6 227 1 2 013  0김철호46152.059기선보14  9  93020.048.026.3184014255815223420 027 814202599 0 0↗↘추13.739.241.813.4801938.841.5109.2111.7 17 17 2517   13.70   14.30 4  1  0NUUP55.34581714-1.0 8.6 7.6292913 1배당마주배당마주 1기 1 6 6 6 6 6 5 4②1:49.25     .014.340.313.3 -6  1  .00 2 8  1  .9 5 6663282 411 8 53 2 1.08 5.06     3.7  1.6   26.9   37.8  114.6  .02252 0 4 6 0― -.141.60 -.0330.70113.8 6.7915.9926.31 81829 6.3512.3124.55 6
20250309일 7160010국412 4 1615혼전 4451맑음양호 8 810인피니트아너    카우보이파라다이 5832.00한거 4 0 0 2 5  82915:15 33000국4강성오김중길  -315 1 5 227 1 2 012  0송재철46052.072기선보 5  2  215 9.039.021.51856 51463 0223423 027 819252099 0 0↗↘입13.736.340.513.4682236.141.1103.5103.8 18 18 2718   14.50   15.60 8 -1  0NUDN55.34581714-1.4 7.6 6.2424213-1배당마주배당마주 1관 0 5 3   3 3 4 9⑧1:43.52    1.813.740.914.3  1  2  .00 8 7 -2 2.87629838228 31010 70 1 1.04 1.07     2.8  1.5    9.4   12.3    9.1  .02228-2 3 4-2▽ -.740.50 -.0527.04103.5 4.9212.7621.52 2 715 2.90 7.7913.58 8
20260919토 8180011국4 1 6  7 0혼전 4453           811하이폴리        더킹    팬시폴리 8421.00한수 5 0 0   1    017:00 33000혼4문병기김은갑   0 016 1 724 1 3 024  0박재이   53.561기선적50 36 362112.036.010.6 699 02551 92615 0 02726 828216040 0↘↗입14.040.241.114.887 5                   14 24 67 0   14.60   14.80 3  3 -2VH동53.94971814 -.2 6.0 5.8424214 0일반주행기복전력41관 011                            14.6    14.8        .0                      10111011  1                                              .01518-2 3 3-2▽ -.941.10  .08     119.0 2.13 5.1410.58 1 3 6 3.23 8.7015.7310
20260830일 8180010국512 5 67 1혼전 4451흐림다습11 811하이폴리        더킹    팬시폴리 8421.00한수 5 0 0 9 1   44      33000혼4문병기김은갑   0 115 2 624 3 3 023  0김효정50055.068기선적22 21 213013.037.011.91749 72551 92615191827261922176040 0↗→선14.039.441.114.794 540.242.5119.7120.2 15 25 70 0   14.20   14.50 3  0  0NN동53.94971814 -.6 6.2 5.6404014 0일반주행기복전력21관 0 8 5 5 5 5 6 8⑨1:59.76    3.014.642.214.8  3 -5  .00 9 6  2 3.27849888712 2 9 9 9218 1.04 1.07 1.8 4.1  1.8    5.2    7.9    8.6  .01519-2 3 2-2▽-1.041.70  .2939.72118.7 1.68 5.1411.86 2 510 3.09 6.8313.77 9
20260809일 7180011국452 9107 2혼전 4451맑음건조 2 811하이폴리        더킹    팬시폴리 8421.00한수 5 0 0 1 1   55      33000국4문병기김은갑   0 214 1 524 2 3 022  0김효정50555.068기선적34 34 343344.054.035.81749 72551 92615191827261922176040 0↗→선14.039.541.214.788 538.941.5119.8119.1 16 37 68 0   14.20   14.10 4  4  3NN동53.94971814-1.2 7.0 5.8383814 0적정체중기복전력43기 0 8 3 2 2 2 2 3⑦1:59.81¼  1.214.241.614.5  3  6  .00 7 4 -2 1.445 7723548 111 6 5117 1.02 5.06 3.7 6.2  3.7    6.2   11.8   17.9  .02549 1 6 7 1―  .341.50 -.3138.35118.812.7225.1035.79 8182911.7625.4833.72 3
20260712일 91800 8국553 7 57 3혼전 4455맑음다습10 811하이폴리        더킹    팬시폴리 8421.00한수 5 0 0 2 1   42      33000국5문병기김은갑   0 313 3 424 1 2 021  0김효정49952.568기선보 5  4  44322.043.028.71749 72551 92615191827261922177525 0↗→선13.939.541.214.886 239.939.7117.0117.0 17 33 67 0   14.30   15.60 4 -5  0HU동54.34971814 -.2 7.4 7.2222214 0일반주행기복전력77기 0 4 4 4 4 3 3 1①1:57.01    -.214.240.514.1 -5 -3  .00 1 6 -1  .0 337251593 1 8 7 7216 6.03 4.02 2.1 2.5 23.1   60.2  178.8  413.5  .01857 0 4 4 0― -.441.20 -.1536.28118.8 8.9517.4328.67 41118 9.0918.0228.33 6
20260613토 71800 9국551 9107 4 2강 2259맑음건조 3 811하이폴리        더킹    팬시폴리 8421.00한수 5 0 0 2 1   74      33000국5문병기김은갑   0 412 2 324 1 2 020  0정우주50252.559기선적 5  6  64231.035.014.81250 72551 92615 0 027261630137525 0↗→입13.939.541.214.885 238.843.9120.7120.0 18 24 71 0   14.10   14.90 3  0  0VU동54.34971814  .2 7.2 7.4191914 0일반주행기복전력51관 0 9 2 2 2 1 1 7⑧2:00.73    2.314.343.715.6  1  2  .00 8 7  0 2.467 5958623 1 9 9 71 1 5.02 8.07 2.7 6.6  7.9   12.8   20.3   21.0  .01544 0 4 3 0―-1.041.60  .1639.33118.8 2.23 6.6214.77 41118 4.0013.2019.08 7
20260524일 7180010국453 8 57 5 2강 2251맑음다습10 811하이폴리        더킹    팬시폴리 8421.00한수 5 0 0 2 1   44      33000국4문병기김은갑   0 511 1 224 3 2 019  0김효정50052.568기선하 5  1  14037.045.027.21749 72551 92615191827261922177525 0↗→선13.939.541.214.888 139.441.2120.3119.8 13 31 69 0   13.60   16.50 2  5  0LUUP54.34971814 -.2 7.4 7.2242414 4전개유리기복전력54기 0 9 2 2 2 2 2 2④2:00.34    1.214.142.214.9 -3 -8  .00 4 7  0 1.56622664446 21010 5115 1.02 4.06 2.5 4.1  2.5    4.1    7.5   38.0  .02627 0 5 6 0― -.341.60 -.1039.12118.8 6.0916.2827.17 61325 3.3912.6723.47 5
20260510일 6140010국541 7 97 6 1강 1155맑음건조 5 811하이폴리        더킹    팬시폴리 3440.00한수 5 0 0 2 1   25      33000국5문병기김은갑   0 610 51024 2 2 018  0김효정50852.568기입보 9 12 124829.045.020.21749 72551 92615191827261922177525 0↗→선13.936.540.214.889 335.944.1 92.5 92.6 13 33 60 0   14.10   14.80 8 -7 -2HUUP54.34971814-1.4 7.2 5.8434314 1일반주행기복전력35관 1 4 3     2 2 7⑧1:32.57    4.513.644.316.5  1  5  .00 8 7 -1 4.798 49998 7 210 9 6114 1.02 7.06 3.2 5.6  3.2    7.0   11.2    7.7  .01845 0 4 5 0― -.340.20 -.0515.8589.07 4.3511.8920.21 51322 5.3215.8726.62 6
20260315일 8130010국522 3 77 7혼전 4451맑음양호 6 811하이폴리        더킹    팬시폴리 3440.00한수 5 0 0 2 1  149      33000국5문병기김은갑   0 7 9 4 524 1 2 017  0김효정50354.568기입보 7  9  94314.039.011.31749 72551 92615191827261922177525 0↗→선13.936.740.014.897 737.240.9 83.2 84.3 14 36 64 0   14.70   15.30 4  1  2BNDN54.34971814-1.2 6.6 5.4414114-4일반주행기복전력57기 011 7     4 4 6⑧1:23.21    1.714.140.614.8  0 -4  .00 8 8  0 2.98031888129 3111111013 1.02 5.01 2.2 3.2  2.2    3.2    5.5    5.9  .01530-2 3 3-2▽ -.940.70  .59 7.5983.10 2.74 5.8411.27 1 2 4 3.26 7.5512.73 9
20260215일 9170011국541 5 97 8혼전 4451맑음건조 3 811하이폴리        더킹    팬시폴리 3440.00한수 5 0 0 2 1   54      33000국5문병기김은갑   0 8 8 3 224 1 2 016  0이동하50753.091기입적16 15 155623.053.019.43254152551 9261527 027262524197525 0↗↘선14.039.041.914.897 639.843.5114.0115.4 15 31 69 0   13.90   15.80 7  0  0LHDN54.34971814-1.6 6.0 4.4494917-1일반주행기복전력46관 010 8 8 9 5 4 6⑧1:54.03    2.614.742.815.3  0  3  .00 8 8  2 3.38946929316 21110 70 1 1.02 7.01 2.6 4.7  2.6    4.7    8.1    8.8  .02075 0 5 6 0―  .242.40  .1834.47113.7 4.5711.6119.44 41118 5.6611.8717.23 7
20251227토 8180011국454 4 57 9혼전 4451흐림다습14 811하이폴리        더킹    팬시폴리 8421.00한수 4 0 0 9 1  141      33000국4문병기김은갑   0 9 7 2 124 5 2 015  0김효정50453.068우입적84 64 643437.045.027.71749 72551 92615191827261922177525 0↗→선13.939.441.114.895 639.045.1121.8123.7 25 50 75 0   14.30   14.80 5 -1  1LNUP54.34971814-3.0 6.2 3.2636317 1부중유리거리속성 5기 010 5 5 4 1 2 9⑨2:01.88    4.113.945.115.8  3  0  .00 9 6 -2 5.098 79896 6 210 5 7112 4.08 4.02 1.7 3.6 11.5  245.7  552.6  351.7  .03154 0 5 5 0― -.442.10 -.0743.17118.7 9.5917.2827.65 41118 5.0615.3823.23 7
20251122토 8170011국451 710710혼전 4451맑음건조 3 811하이폴리        더킹    팬시폴리 3440.00한수 4 0 0 2 1  10316:05 33000국4문병기김은갑   010 6 1 124 4 2 014  0김효정50452.568기입적92 85 855170.060.033.61749 72551 926151918272619221799 0 0↗→선13.939.041.914.7971238.242.7111.2112.1 27 36 73 0   13.80   13.80 4  0 -2VUUP54.84941714-1.8 5.0 3.2646414 3적정체중기복전력70기 011 4 4 4 3 3 2③1:51.22½   .414.342.314.8 -5  8  .00 3 8  2  .610 1875370 311 3 5211 1.04 4.06     7.2  3.2   12.6   23.6   76.6  .02562 0 7 6 0―  .641.90 -.1631.17113.712.0322.2933.6012264018.5232.0442.42 2
20251026일 6140011국513 6 6711 3강 3351흐림양호 7 811하이폴리        더킹    팬시폴리 3440.00한수 4 0 0 9 1  182      24750국5문병기김은갑   011 5 8 924 3 1 013  0김효정49654.068기입보56 47 476649.056.029.51749 72551 926151918272619221799 0 0↗→선13.936.440.214.795 536.239.1 87.6 87.5 20 30 70 0   13.70   14.70 5  6  0VH동55.34931414-2.0 5.2 3.2656514 0숨은복병기복전력64기 011 3     2 1 1①1:27.62½  -.513.839.313.8 -5  3  .00 1 6  1  .0 5 8401094 111 7 4110 6.0111.07 1.5 3.8 15.8   11.7   37.3   18.2  .02262 1 6 7 1―  .539.20 -.2310.8789.00 8.3317.9229.49 92034 8.4917.5133.12 4
20250921일 5140010국552 710712 1강 1151맑음다습14 811하이폴리        더킹    팬시폴리 3440.00한수 4 0 0 2 2  270      24750국5문병기김은갑   012 4 7 824 2 1 012  0김효정49354.077기입적67 63 636943.055.032.41642 52855 926151918272619221799 0 0↘↗선13.936.440.214.795 536.241.0 89.5 89.3 22 33 67 0   13.50   14.80 2 -3  0NH동55.34931414-2.4 5.8 3.4616114 0부중유리기복전력 5관 0 5 3     1 2 3⑥1:29.51¾  2.013.741.214.7  1-10  .00 6 5  0 2.559 6887026 110 4 41 9 1.0210.04 2.6 6.8  2.6    7.7   11.6   10.5  .03156 0 5 5 0―  .339.60 -.3112.6989.00 9.5220.9532.36 92034 9.5722.4733.21 4
20250906토 3140011국511 9 6713 1강 1151맑음다습13 811하이폴리        더킹    팬시폴리 3440.00한수 4 0 0 1 2  32414:30 24750국5문병기김은갑   013 3 6 724 1 1 011  0김효정50354.077기입적26 27 2762 9.046.024.11642 52855 926151918272619221799 0 0↘↗선13.936.440.214.792 636.241.0 87.9 88.8 25 38 63 0   13.70   16.30 5  5 -1BH동55.34931414-3.0 6.6 3.6636314 0승부최상기복전력27기 0 8 4     4 2 2③1:27.96    1.013.540.614.8 -2  5  .00 3 5  4 1.140 6887053 111 8 62 8 1.06 2.07     6.1  1.8    9.9   12.8   22.0  .03456 0 5 5 0― -.139.50 -.0912.1589.00 5.6114.3924.09 41120 1.94 6.5212.69 6
20250802토 41400 9국550 710714혼전 4451맑음건조 3 811하이폴리        더킹    팬시폴리 3440.00한수 4 0 0 1 3  40813:25 24750국5문병기김은갑   014 2 5 624 1 1 010  0마이아49854.592기입하36 37 377954.070.054.5335031345914261533 027263533 799 0 0→→선13.936.440.214.792 536.143.6 92.7 92.0 25 38 63 0   13.60   14.20 4  1  0HHUP55.34931414-3.0 7.4 4.4535314 1숨은복병승부최상66기 1 3 2     2 3 6⑧1:32.75    3.913.743.716.3  7  4  .09 8 1 -1 4.496 49997 8 1 7 5 21 3 4.02 5.07     5.8  8.7   10.4   27.0   37.310.64591 3 8 9 3▲ 1.540.20 -.9115.3889.0022.4341.0954.53183754 8.2219.7735.82 5
20250706일 31300 9국551 410715혼전 4451맑음건조 3 811하이폴리        더킹    팬시폴리 3440.00한수 4 0 0 1 3  48311:25 24750국5문병기김은갑   015 1 4 424 7 1 0 9  0김효정49454.572기입보43 46 466547.062.044.224441634591426151918272619221799 0 0↘↘선13.936.840.014.7931036.940.0 82.8 83.4 25 38 63 0   14.00   13.80 5 -8  1UNDN55.34931414-3.6 9.0 5.4414114-1뒷심부족기복전력62기 0 2 3     3 3 5⑤1:22.8목   1.313.639.814.2  3 -2  .09 5 2 -5 1.55518735040 2 8 6 32 7 1.08 6.04     5.4  2.2   28.3   40.0   43.712.73163 2 7 8 2▲  .940.30 -.38 6.5683.1616.5930.8144.1812264011.9024.3127.20 3
20260919토 9160010외3 4 3  5 0혼전 4451           9 1월드블레임      BLAME   OLEANDA  9524.00미거 5 0 0   1    017:25 41250혼3정호익황봉기   2 01617 524 3 1 323  0루이스   58.065우추보50 68 681542.052.029.12144102033 924161911231320271517 083↗↘입14.237.138.913.41953                   41 65  629   15.30   12.4013 -1  1UBDN56.54971818-1.2 4.0 2.8767612-2작전마주승군시기52기 0 1                            15.3    12.4        .0                      10 2 4 5  3                                            12.72860 2 6 5 2―  .538.90  .14     103.0 8.2917.8729.10 41120 5.9415.4524.70 7
20260620토 9180011외322 3 75 1 3강 3351비  불량20 9 1월드블레임      BLAME   OLEANDA  95     미거 5 0 0 2 2  244      41250혼3정호익황봉기   2 115161424 2 1 322  0루이스49957.568우추상78 87 877463.056.028.3 6 0102550 724161911231320271520 080↘↗입14.240.340.213.5384141.338.4114.4116.9 44 63  625   14.70   13.00 5 -5  1HB동56.34961818 -.8 3.6 2.8767612 0교체성공작전마주 5기 0 2111010101110③1:54.4¾    .115.337.212.4  0  1  .00 3 3 -4  .3 486 4217510 3 1 43 2 1.1110.08 1.7 3.7  1.7   48.3   59.0   91.411.23065 1 6 5 1―  .540.40 -.0736.40118.7 8.4717.5728.32 5142510.9923.9633.44 3
20260516토 71800 9외350 7105 2혼전 4451맑음건조 3 9 1월드블레임      BLAME   OLEANDA  95     미거 5 0 0 2 1   94      41250혼3정호익황봉기   2 214151324 1 1 221  0루이스49857.063우추하48 46 46 823.037.016.52144102033 924161911231320271525 075↗↘입14.240.140.313.5483440.540.1117.9118.5 40 67  733   14.50   13.10 3  2  0NLUP56.14961818  .6 2.4 3.0747412 2일반주행최근최상42기 0 7 8 8 8 5 5 5②1:57.91     .014.739.513.0 -5 -3  .00 2 7  2  .12961394489 5 5 5 93 1 6.07 3.07 3.3 7.3 10.3   45.8  103.0   85.3  .01535 0 4 4 0― -.940.80  .2138.10118.7 4.09 8.8216.51 2 714 8.0016.3526.40 6
20260426일 8160010외353 9 55 3 3강 3351맑음건조 3 9 1월드블레임      BLAME   OLEANDA  9524.00미거 5 0 0 9 1   43      41250혼3정호익황봉기   2 31314 424 2 1 220  0빅투아50157.091우추보91 94 941579.056.024.73052142033 924161620231322281725 075→→선14.236.739.113.5444937.838.3104.7103.9 40 67 1333   14.80   13.70 5 -3  1NLDN56.14961818 1.4 1.8 3.2656512-2조교만전보통주행45기 0 5 8   8101010⑨1:44.71¾  1.614.538.813.1  4  5  .09 9 5  0 2.07097134538 6 3 3 60 6 3.04 8.10 2.3 4.5  5.2   20.0   32.6  159.9  .02641 0 7 7 0―  .439.10  .3428.05102.9 6.2614.8824.74 5142514.1828.3540.87 3
20260321토10180011외333 8 85 4혼전 4451맑음건조 5 9 1월드블레임      BLAME   OLEANDA  95     미거 5 0 0 2 1   96      41250혼3정호익황봉기   2 412131224 1 1 219  0빅투아49656.592우추보76 64 646044.049.022.83052142033 924161620231322281733 067→→선14.240.140.213.5484140.740.8118.0118.2 36 64 1436   14.10   12.70 3  6  1NNUP56.04961818 1.4 1.8 3.2656512 2일반주행조교만전78기 2 8 8 8 8 7 8 5③1:58.01     .014.840.613.7 -2  0  .00 3 5  2  .12569596989 7 6 5 63 5 2.01 5.01 2.9 5.6  3.7    5.6   12.3   15.7  .02577 1 5 4 1―  .140.80  .1037.94118.7 5.4013.1522.84 51322 9.0920.6228.34 4
20260302월 9160010외333 7 85 5혼전 4451비  다습11 9 1월드블레임      BLAME   OLEANDA  9524.00미거 5 0 0 1 1   44      41250혼3정호익황봉기   2 51112 324 2 1 218  0임다빈49655.575우추보80 85 851563.055.024.41327 72033 9241619 6231314242450 050→↗추14.136.639.113.6494537.537.9101.2102.4 38 54 1523   14.20   13.90 5 -7  0HNDN56.34961818 1.4 1.8 3.2707012-2편성만만보통주행63기 0 2 6   6 9 9 3③1:41.24     .714.137.412.7  0 -2  .00 3 3  1  .92792 92262 9 3 4 73 4 2.01 3.04 2.1 4.4  4.9    4.4   10.1    6.0  .02947 0 6 7 0―  .439.10  .4026.67102.9 7.0615.2524.37 41118 8.2018.1127.20 6
20260124토 41800 9외312 4 65 6 1강 1151맑음건조 3 9 1월드블레임      BLAME   OLEANDA  95     미거 5 0 0 2 1   81      41250혼3정호익황봉기   2 610111124 1 1 217  0임다빈49855.575우추보60 60 606553.047.025.11327 72033 9241619 6231314242450 050→↗추14.240.340.313.6333739.740.8117.4118.2 42 50  825   14.30   15.00 8  6 -2VN동56.34961818 1.4 1.6 3.0737312 0마방기습보통주행 5기 1 9 2 2 4 2 2 3③1:57.42     .314.240.713.9  1 -8  .00 3 2  0 1.22527624470 7 5 3 51 3 1.05 5.06 1.6 4.5  1.6    7.7   10.8   11.4  .03257 0 5 4 0― -.140.60 -.0337.55118.8 5.1013.9025.12 92034 8.8220.9437.77 4
20251130일11180011외353 9105 7혼전 4451흐림다습10 9 1월드블레임      BLAME   OLEANDA  95     미거 4 0 0 9 1  15218:00 41250혼3정호익황봉기   2 7 9101024 3 1 216  0마이아50657.093우추보54 66 666971.062.031.43452142033 92416405723133533 750 050↘↗선14.140.640.013.6174939.042.2118.7118.7 42 42  825   14.30   14.50 4 -6  2HL동56.34961818 1.2 1.8 3.0696912 0연대우수마방기습45기 0 3 3 2 2 2 2 3⑤1:58.71¼   .814.342.915.0  3  4  .04 5 2  1 1.039 985636110 3 7 41 311.05 8.04     6.8 74.2  439.9 1082.2  388.112.73378 2 7 8 2▲  .940.30 -.1638.10118.810.4120.6131.3612264011.5121.8232.77 4
20251102일 9180010외333 7 35 8 2강 2255맑음건조 5 9 1월드블레임      BLAME   OLEANDA  95     미거 4 0 0 1 1  157      41250혼3정호익황봉기   2 8 8 9 924 2 1 215  0마이아50255.093평추보63 66 667793.069.057.93452142033 92416405723133533 750 050↘↗선14.140.839.713.4106938.842.2117.6119.2 36 45  036   13.70   13.70 4  1  0LHUP56.34961818  .8 1.8 2.6717112 2마방연대연대우수65기 0 9 5 5 5 3 3 2③1:57.61¼   .214.341.214.5  2 12  .00 3 1  0  .849 5865878 9 1 2 22 2 3.02 6.08 2.6 3.1  4.6    6.5   12.8    4.3  .04380 3 9 8 3▲ 1.540.20 -.7538.66118.724.8144.2257.9134536526.0948.0962.04 1
20251003금101600 9외352 1105 9혼전 4451흐림다습11 9 1월드블레임      BLAME   OLEANDA  9524.00미거 4 0 0 1 2  233      41250혼3정호익황봉기   2 9 7 8 224 1 1 214  0마이아49055.093우추하49 52 521561.061.045.54063 52550 72416405723133533 750 050→↘선14.237.338.713.4 76536.139.5100.2102.7 40 50  040   16.50   13.4013  7 -1NHDN56.34961818  .8 1.6 2.4767612-2교체실패마방연대29기 0 8 5   5 3 2 2③1:40.21¼   .213.738.913.7  2 10  .00 3 1 -1  .2452751397110 1 5 32 1 2.03 3.05 3.1 6.2  3.8    6.2    9.5    7.012.73383 2 7 8 2▲  .938.70 -.2626.70103.017.5632.0545.5118375410.9823.1738.49 5
20250705토 81800 8외351 7 5510 1강 1151맑음건조 3 9 1월드블레임      BLAME   OLEANDA  95     미거 4 0 0 1 3  48717:30 41250혼3정호익황봉기   210 6 7 824 1 1 213  0코지  48056.093우추보63 52 524349.050.033.22741 520501024161523231323311950 050↘↗입14.240.739.613.4167643.040.6120.5120.6 40 50  040   14.40   13.20 8 -4  1UN동56.34961818 1.2 1.2 2.4707012 0작전마주최근최상52기 1 1 8 8 8 8 8 8⑦2:00.5목   2.216.539.713.4  5 -6  .09 7 2  0 2.28299549424 8 1 4 50 1 4.03 4.07     4.7  6.4   10.7   25.9   31.112.03182 2 6 5 2―  .240.50 -.1240.33118.7 8.8821.3833.16 51322 7.9618.5436.08 5
20250510토 8180011외350 610511혼전 4461흐림불량20 9 1월드블레임      BLAME   OLEANDA  95     미거 4 0 0 2 4  64917:00 41250혼3정호익황봉기   211 5 6 724 2 1 212  0임다빈48655.583우추보75 72 725671.058.038.71946 41031 3241619 6231314242450 050↘↗추14.240.639.613.4237341.039.5116.8119.1 44 56  044   15.10   13.70 5  3  0NN동56.34961818 1.4 1.2 2.6646412 0최근최상작전마주 1   0 5 8101010 9 9④1:56.85    1.214.440.013.2  2 -1  .00 4 2 -1 1.5477823434610 1 2 33 2 4.0711.10     7.3  6.4   35.1   57.1   85.512.73368 2 7 5 2―  .740.40 -.2238.89118.611.5325.9338.6914294717.3931.5844.85 3
20250406일101800 9외352 410512 3강 3351맑음포화15 9 1월드블레임      BLAME   OLEANDA  95     미거 4 0 0 1 4  74217:30 41250혼3정호익황봉기   212 4 5 624 1 1 211  0임다빈48755.583우추하35 23 234012.035.018.91946 41031 3241619 6231314242450 050↘↗추14.240.439.813.3376941.240.2115.6118.1 38 50  050   14.60   14.0010 -1  1HN동56.34961818 1.6 1.0 2.6666612 0교체실패휴양탐색 1기 2 2 9 9 9 7 7 4③1:55.6코    .015.139.713.7  0-18  .00 3 3  1 1.11984456880 9 2 6 73 1 2.01 5.07     6.3  5.0    7.4   13.1    8.111.22052 0 3 2 0― -.940.40  .2237.90118.6 5.1910.4118.86 41222 3.2810.2919.44 6
20250126일10180011외353 110513혼전 4451맑음건조 3 9 1월드블레임      BLAME   OLEANDA  95     미수 4 0 0 9 5  93417:30 41250혼3정호익황봉기   213 3 4 524 1 1 210  0씨씨웡50555.085우추보61 46 466531.045.020.127601325601224162120231321252250 050↘↘선14.240.439.813.3316941.841.5119.0120.4 38 50  050   14.20   14.50 4 -7 -1HH동56.34961818  .4 2.4 2.8666612 0승부최상보통주행 1기 3 3111111 5 5 8⑧1:59.03    2.514.641.214.0  6 -1  .09 8 2  1 2.77994769315 9 3 9 72 1 3.08 5.04    10.5  5.4   38.5   51.2  141.0  .03455 0 4 4 0― -.340.70  .2040.23118.6 4.5712.1220.08 41118 3.8111.9316.17 9
20241229일10180011외352 410514혼전 4451맑음건조 4 9 1월드블레임      BLAME   OLEANDA  95     미수 3 0 0 9 6 102217:30 41250혼3정호익황봉기   214 2 3 424 1 1 2 9  0문세영50656.093우추보70 68 688867.058.032.64049301739 02416 0 0231329361550 050→→입14.240.339.813.3386539.741.2117.8118.5 38 50  050   14.90   13.50 6  1  3LN동56.34961818  .0 2.8 2.8656512 0뒷심문제승부최상 1기 210 4 4 5 5 4 4④1:57.86    1.114.241.414.5  3  1  .09 4 1  0 1.13128705548 5 3 4 52 2 6.02 2.08     5.2 12.6   34.1   76.5  516.812.74592 2 7 6 2△  .740.60 -.0638.43118.6 8.6221.0432.59 8182910.6218.8530.08 6
20241117일 8180011외353 410515 1강 1151맑음양호 6 9 1월드블레임      BLAME   OLEANDA  95     미수 3 0 0 2 6 115616:30 41250혼3정호익황봉기   215 1 2 324 2 1 1 8  0이동하50553.590평추하57 58 585777.063.046.32747 81739 024163132231325241950 050→→선14.240.439.913.3366541.539.7117.1117.7 29 43  057   15.20   13.40 5  2  2NN동56.34961814 -.7 3.3 2.7696912 0작전마주거리속성 1기 2 9101011 8 5 2②1:57.1½    .014.939.613.5  1  2  .00 2 1 -1  .11090286180 8 2 3 23 2 2.01 1.09     6.0  3.7    6.0   13.2   12.312.03168 2 8 7 2▲ 1.140.40 -.4237.35118.718.8234.3646.3119405620.2437.0852.75 3
20260919토 9160010국3 4 3  5 0혼전 4451           9 2비전파워        NOBLE BI오너싱          한수 6 0 0   1    017:25 41250혼3김동철손병현   1 016 1 835 2 3 235  0유승완   54.569우입보50 61 611516.036.013.01960 8245212171520 01614152722422517→↘입14.236.939.913.93430                   22 47 2516   15.00   13.00 4 -7  2HNDN53.54721818-3.4 7.6 4.2686817-2작전마주보통주행43기 0 2                            15.0    13.0        .0                       8 6 710  5                                              .02017-1 4 5-1▽ -.839.90  .16     103.5 3.29 6.8412.95 0 4 6 4.9510.0017.3810
20260823일 91800 9국421 3 75 1혼전 4458맑음다습13 9 2비전파워        NOBLE BI오너싱          한수 6 0 0 2 1   63      41250혼3김동철손병현   1 115 31435 1 3 234  0유승완48252.568평입상78 69 694949.059.052.61960 8245212171520 01614152722451818→↘입14.240.340.414.0384540.738.9115.8117.5 23 45 2613   14.30   13.20 9  4  0VH동53.64711818-4.4 9.0 4.6656517 0숨은복병작전마주64기 0 9 7 7 6 6 4 3③1:55.81½   .315.037.913.0  0  3  .00 3 3 -3  .91169101871 5 6 2 32 4 1.04 2.07 1.6 3.1  1.6    5.7    7.8    7.912.73170 2 7 6 2△  .740.50 -.6936.82118.817.1537.6752.5712264018.0030.6548.61 4
20260620토 9180011국422 4 75 2 3강 3341비  불량20 9 2비전파워        NOBLE BI오너싱          한수 6 0 0 2 1  163      41250국4조현수손병현   1 214 21335 3 3 233  0임기원47952.589평입하34 40 4036 9.046.018.61839 91250 7 9 024 0 9 3233316502020↘↗입14.240.140.714.0453040.239.7114.5117.0 23 43 3310   13.90   15.20 3  4 -2NHUP53.74701818-4.6 9.0 4.4626217 2일반주행보통주행 5기 1 5 8 8 8 8 7 4⑤1:54.5½    .214.338.713.2 -1-12  .00 5 6  3  .4 448272474 810 6100 3 1.1110.08 1.7 3.7  1.7   48.3   59.0   91.411.21635 0 4 3 0― -.340.60  .0436.20118.9 4.4011.3418.63 1 3 6 2.20 6.2510.8210
20260530토 71600 8국351 7105 3 2강 2251맑음양호 7 9 2비전파워        NOBLE BI오너싱          한수 6 0 0 9 1   54      41250국3조현수손병현   1 313 1 735 2 3 232  0임기원49154.589평입상57 62 621528.047.024.31839 91250 7 9 024 0 9 3233316502020↘↗입14.236.540.114.0532735.941.7103.8103.4 20 33 3713   14.80   13.40 6-10  1UNDN53.74701818-3.8 8.2 4.4656517-2선입실패탐색우려47기 1 1 3   3 3 3 4⑦1:43.82    1.013.941.915.2  4 10  .09 7 3 -6 2.66216898653 3 7 6 60 2 1.04 4.05 2.7 5.4  2.7    8.4   13.5    9.3  .02921 0 5 4 0― -.340.10 -.0126.84103.4 5.1214.0624.34 51322 3.4210.5321.43 7
20260418토 9180011국452 1105 4 1강 1151맑음건조 4 9 2비전파워        NOBLE BI오너싱          한수 6 0 0 2 1  114      41250국4조현수손병현   1 412 41235 1 3 231  0임기원48153.589평입상52 46 466021.054.032.81839 91250 7 9 024 0 9 3233316502020↘↗입14.139.940.714.0582741.239.2117.4119.1 21 41 3410   14.20   13.40 5  1  1VNUP53.74701818-3.8 8.2 4.4656517 4일반주행보통주행78기 011 6 6 6 6 5 4③1:57.42½   .414.838.813.4 -6 -9  .00 3 9 -1 2.05285154066 3 9 6 42 1 1.03 9.04 2.2 5.3  2.2    8.3   12.2   65.1  .02075 0 5 4 0―  .341.10 -.2138.51118.811.0722.9732.82102235 2.80 8.4918.57 6
20260314토11140010국452 4105 5혼전 4441흐림양호 7 9 2비전파워        NOBLE BI오너싱          한수 6 0 0 2 1   95      41250국4조현수손병현   1 511 3 235 3 3 230  0유승완49053.069우입상84 75 755618.042.012.71960 81250 7 9 010 0 9 3152722502020→↘입14.237.039.614.0563037.439.0 88.1 89.0 25 46 29 7   14.30   13.30 6  7 -2VH동53.74701818-3.4 7.8 4.4626217 0일반주행보통주행48관 010 9     9 8 6⑥1:28.1½    .914.238.513.4 -4  7  .00 610  0 1.34768354554 911 5100 3 2.01 4.08 4.6 9.1  4.7   12.5   21.3   31.9  .01559 0 4 4 0― -.638.90  .2012.3689.00 3.32 7.1612.71 1 4 7 3.42 9.9616.57 9
20260201일10140010국450 6 55 6혼전 4451맑음건조 2 9 2비전파워        NOBLE BI오너싱          한수 6 0 0 1 1   95      41250국4김동철손병현   1 610 2 135 2 3 229  0유승완48354.569평입상64 58 584214.040.011.51960 8245212171520 01614152722502020→↘입14.236.739.714.1772237.538.6 86.8 88.1 26 44 3011   14.70   13.70 7 -5  1HNDN53.74701818-2.6 6.8 4.2555517-4일반주행보통주행 5기 0 3 8     6 6 4④1:26.81     .514.337.813.3 -6  3  .00 410  0 1.11869243468 51111112 2 6.05 1.07 2.3 5.0 11.2   70.7  140.2  260.9  .01534-2 3 2-2▽ -.639.00  .3811.6588.86 2.72 6.2111.46 1 3 6 2.68 7.0812.1011
20251214일10180011국321 5 75 7혼전 4451맑음포화18 9 2비전파워        NOBLE BI오너싱          한수 5 0 0 2 1  130      41250국3김동철손병현   1 7 9 11135 1 3 228  0유승완48053.568평입보45 40 405627.047.020.71960 8245212171520 01614152722562222→↘입14.139.541.014.0871240.140.5116.5119.0 27 38 3112   13.90   14.40 5  3 -1BHUP53.74691818-2.8 6.6 3.8575717 2착차만회급신장세87기 0 8 7 8 8 7 6 4⑤1:56.52½   .714.739.613.7 -5 -4  .00 510  4  .94845554960 1 8 7 80 1 3.01 1.04     5.5  8.6    8.1   26.3  181.7  .02561 0 5 5 0― -.141.50  .0938.50118.7 5.1212.5620.66 2 510 4.5013.2220.17 8
20251109일 8160010국452 3 55 8 3강 3351맑음건조 3 9 2비전파워        NOBLE BI오너싱          한수 5 0 0 2 1  136      41250혼3김동철손병현   1 8 8 6 635 1 3 227  0조재로48454.088평자상80 76 761565.062.033.6345313245212171522 01614192622631325↗↘입14.236.140.213.9782535.940.4101.8103.0 28 44 28 8   13.80   14.00 5  3  0NN동53.74671818-2.8 6.4 3.6606017 0숨은복병탄력호전66관 0 5 5   5 5 4 3④1:41.8목    .713.940.214.4 -2  1  .00 4 6  1  .95416736158 4 8 5 42 5 4.05 7.08 3.1 4.1  8.9   32.4   86.2   39.812.13769 3 6 7 3― 1.140.20 -.1026.66103.210.6322.4133.59 51425 8.5720.4433.33 4
20251004토 9160010국350 2 55 9혼전 4451맑음다습10 9 2비전파워        NOBLE BI오너싱          한수 5 0 0 1 2  223      41250국3김동철손병현   1 9 7 5 535 1 3 226  0문세영48354.073평자보59 48 481536.053.021.62735 0267512171553 0161429361571 029↗↗입14.236.140.113.9782735.839.5100.8102.1 25 42 25 8   14.10   13.60 5 -8  2HN동53.64641818-3.0 6.2 3.2626217 0일반주행조교부실29관 0 2 3   3 5 2 3③1:40.8머리  .013.839.514.0 -2  5  .00 3 5 -3  .32415523177 1 8 7 52 1 4.01 4.01 2.8 4.7  7.4   11.7   28.0   27.5  .01551 0 5 5 0―  .140.10  .2225.86103.2 4.1011.1621.58 81829 5.9813.4523.78 6
20250830토 9160010국354 2 5510혼전 4451맑음포화18 9 2비전파워        NOBLE BI오너싱          한수 5 0 0 9 2  33919:35 41250국3김동철손병현   110 6 4 43511 3 225  0정정희47852.580평입보65 46 461513.042.014.423501326751217151729161420251571 029↘→입14.236.340.213.9682736.439.9100.4102.9 26 43 26 9   14.40   15.10 5  5 -1VHDN53.64641818-2.2 5.6 3.4585817-2선행무리보통주행72기 110 8   8 9 9 7⑥1:40.45    1.314.138.713.6 -2  0  .00 6 8  3 1.45245616139 410 810314 1.06 7.03     5.0  2.5   19.5   30.6  135.5  .01312 0 3 3 0― -.640.20  .2726.40103.3 3.64 7.9614.40 2 510 3.45 7.5714.0910
20250726토 8180011국341 7 9511 1강 1151맑음건조 4 9 2비전파워        NOBLE BI오너싱          한수 5 0 0 9 3  42717:25 41250국3김동철손병현   111 5 3103510 3 224  0정정희47853.575평입상77 70 703138.050.023.52271 92643 817151729161420251571 029↘↘입14.240.140.813.9492538.243.4117.9119.0 27 45 23 9   14.40   14.30 4 -2  2NN동53.64641818-2.8 6.2 3.4636317 0부중유리보통주행50기 1 5 6 5 3 2 1 3③1:57.99    1.714.442.415.1 -2 -2  .00 3 5 -4 1.743 2947334 7 7 4 6113 2.03 3.10     7.4  3.6    9.7   20.2   25.4  .03144 0 6 4 0―  .040.90 -.1038.08118.9 6.4915.3023.53 81829 7.6316.4125.95 5
20250629일10180011국351 710512 1강 1151맑음양호 7 9 2비전파워        NOBLE BI오너싱          한수 5 0 0 9 3  49617:30 41250국3김동철손병현   112 4 2 935 9 3 223  0정정희48052.075평입보60 64 643624.045.020.12271 92643 817151729161420251571 029↘↘입14.240.240.713.9413439.640.7117.6117.9 29 43 2410   14.40   14.60 6  0 -1LU동53.64641818-1.8 5.0 3.2666617 0적정체중급신장세56기 1 7 5 6 6 5 3 3③1:57.62     .414.440.914.3 -6 12  .00 3 9  4 1.21525573673 8 8 4 7212 1.04 9.10     7.7  2.6   12.2   17.5   41.8  .02545 0 4 3 0― -.140.60  .0036.99118.9 4.5011.7720.11 3 817 2.61 9.6919.70 7
20250517토10180010국342 9 4513 1강 1151흐림포화16 9 2비전파워        NOBLE BI오너싱          한수 5 0 0 2 4  62618:00 41250국3김동철손병현   113 3 1 835 8 3 222  0정정희46852.573평입상71 69 693957.046.020.31740 41767 017151729161420251567 033↗↘입14.240.240.713.9453440.041.6117.7118.4 25 40 2510   14.60   14.50 4  6 -3LHUP53.84641818-1.0 5.0 4.0636317 1일반주행급신장세70기 0 7 6 6 6 2 2 3③1:57.71½   .314.441.814.6 -2 -1  .00 3 5  1  .82740767076 6 9 3 7111 1.03 8.09     3.7  1.8    3.7    5.3   14.7  .01529-1 5 3-1▽ -.440.70  .0037.50118.9 4.9211.1620.34 31017 8.1117.3529.25 4
20250419토 6170011국452 710514 3강 3357비  양호 8 9 2비전파워        NOBLE BI오너싱          한수 5 0 0 2 4  71415:15 33000국4김동철손병현   114 215 235 7 2 221  0정정희46955.075평자하38 26 2620 7.038.011.91740 41767 017151729161420251560 040↗↘입14.139.641.113.9565339.040.4110.3111.0 21 37 2111   14.30   14.80 5 -8  0UNUP53.64631818 -.2 4.8 4.6555518 1일반주행거리속성 1관 0 1 3 3 3 2 2 1①1:50.36   -1.114.641.314.5 -3 10  .00 1 4 -1  .0 11235 998 6 4 7 9110 4.03 1.04     7.9  6.8   17.4   32.1   18.011.21510-4 2 3-4▼-1.241.10  .4530.33113.6 1.69 6.2211.93 31017 2.90 7.0414.67 7
20250315토 7160010국440 8 9515 1강 1151맑음양호 6 9 2비전파워        NOBLE BI오너싱          한수 5 0 0 2 5  81816:05 33000국4김동철손병현   115 114 335 6 2 220  0정정희45955.074평자상77 67 671553.052.025.21345 61944 717151729161420251560 040↗↗입14.136.440.013.8583737.439.7105.8103.7 22 39 2211   14.00   14.20 4  8  0BN동53.64631818 -.4 4.8 4.4636318 0일반주행보통주행 1기 0 9 5   5 5 5 7⑦1:45.811   2.414.340.414.8  2  4  .00 7 5 -3 2.77495578020 1 8 3 62 9 4.02 4.02     5.4  4.6   13.6   23.2   10.2  .01529 0 6 5 0―  .340.00  .0627.32103.3 6.3615.4825.20 41120 9.0920.2035.96 5
20260919토 9160010외3 4 3  2 0혼전 4451           9 3감사의힘        INDEPENDUNBRIDLE 5819.00미수 3 0 0   1    017:25 41250혼3최용건우태율   1 010 5 1 9 2 2 2 9  0코지     56.087우선보50 64 641579.066.049.133592028561123295447271423311967 0 0↗↘입13.936.139.913.18127                   57 71 4329   13.40   13.20 5 -2  3HNUP54.84701812  .4 2.4 2.8717117 2마방연대부중효과44기 0 3                            13.4    13.2        .0                       4 5 6 1  2                                              .03780 3 8 9 3▲ 1.539.90 -.33     103.022.0338.7149.1137597119.8032.7345.73 1
20260817월 61400 8외353 3 52 1 3강 3351흐림다습13 9 3감사의힘        INDEPENDUNBRIDLE 5819.00미수 3 0 0 2 1   87      41250혼3최용건우태율   1 1 9 4 2 9 1 1 2 8  0코지  47353.587기도적46 41 418868.066.064.233592028561123295447271423311999 0 0↗↘입13.936.639.313.1813436.938.7 87.3 88.2 50 67 5033   13.60   14.50 4  4 -2NHDN55.54691812  .4 3.6 4.0616117-4교체실패마방연대 5   0 5 2     4 5 3①1:27.3코    .013.438.313.2 -1 -4  .00 1 2  0  .02137241580 3 4 5 10 1 2.03 5.03 2.7 3.3  3.0   10.1   19.5   29.6  .02581 1 8 9 1▲ 1.139.20 -.7112.3188.5226.3848.1264.1937577120.0036.8852.23 3
20260718토 9180011외344 3 92 2혼전 4451흐림포화18 9 3감사의힘        INDEPENDUNBRIDLE 58     미수 3 0 0 2 1   52      41250혼3최용건우태율   1 2 8 3 3 9 1 1 2 7  0정도윤47755.589기선보25 24 246028.044.018.018 0122856112329 0 0271412262199 0 0↗↗입14.039.640.513.0733438.142.9116.9119.4 50 67 6733   14.10   14.3013 -9  1UN동55.54691812  .2 3.8 4.0616117 0일반주행작전마주 5   0 1 2 1 1 2 2 4⑧1:56.91¼  1.613.641.714.5  6 10  .03 8 2  0 2.753 1915532 2 710 81 1 1.08 6.03 2.2 6.6  2.2   18.5   32.2  164.7  .02058-1 5 4-1▽ -.641.40  .2839.30118.6 5.6211.2717.97 2 714 3.9611.8821.97 8
20260418토 9180011외352 3102 3 1강 1151맑음건조 4 9 3감사의힘        INDEPENDUNBRIDLE 58     미수 3 0 1 2 2  254      41250혼3최용건우태율   1 3 7 2 2 9 2 1 2 6  1김효정46754.576기선보56 62 623463.051.025.11642 52375 623291420271419221799 0 0↘↗선14.039.640.513.0733439.341.6118.3120.5 50 67 6733   13.90   14.80 4  9  2BN동55.54691812  .2 3.8 4.0616117 0작전마주기복전력52기 110 2 2 2 2 2 3⑤1:58.33    1.314.140.414.3  3 -1  .06 5 2  1 2.97714754940 2 7 5 61 6 1.03 9.04 2.2 5.3  2.2    8.3   12.2   65.1  .02037 0 6 5 0― -.141.50  .1240.40118.6 6.3815.6625.07 51322 9.3521.7033.22 4
20260321토10180011외333 3 82 4혼전 4451맑음건조 5 9 3감사의힘        INDEPENDUNBRIDLE 58     미수 3 0 0 2 1   75      41250혼3최용건우태율   1 4 6 1 1 9 1 1 1 5  0김효정46852.568기선하18 10 105733.046.020.51749 728561123291420271419221799 0 0↗→선13.939.640.013.1735738.342.2117.9118.1 40 60 4040   14.00   14.70 3 -6 -5UUUP55.54691812  .2 3.8 4.0616117 4거리늘어작전마주74기 0 1 1 1 1 1 1 1②1:57.9머리  .013.942.014.8  1 -5  .00 2 1 -5  .023 2854389 2 311 71 5 2.01 5.01 2.9 5.6  3.7    5.6   12.3   15.7  .03257 0 6 6 0― -.241.20  .3538.53118.4 4.8011.6920.51 2 510 4.5511.3418.57 9
20260301일 71400 9외434 1 32 5혼전 4451맑음건조 3 9 3감사의힘        INDEPENDUNBRIDLE 5819.00미수 3 0 1 1 1   56     110000혼4최용건우태율   1 5 5 5 1 9 1 1 1 4  1루이스47357.065우선보93 96 969078.064.030.32144102856112329 0 0271420271599 0 0↗↘입13.936.538.613.1837337.940.4 90.5 90.9 50 75 5050   14.20   12.80 5  2  2NLDN55.54691712  .0 3.3 3.3747417-3여유우승작전마주 5   0 7 7     8 9 7⑦1:30.54    3.114.040.614.7  1 -5  .00 7 6  5 5.28985788911 4 2 7 70 1 2.08 1.04 1.9 2.8  3.4   86.6  142.5  144.910.55379 2 8 8 2▲ 1.139.80  .6815.7787.97 9.0519.1430.30 4111812.0723.2333.64 5
20260124토 8170011외441 5 92 6혼전 4441맑음건조 3 9 3감사의힘        INDEPENDUNBRIDLE 5819.00미수 3 0 0 2 1   77      33000혼4최용건우태율   1 6 4 4 1 9 4 0 1 3  0김효정47855.068우입보83 80 808375.062.035.71749 728561123291420271419221799 0 0↗→선13.739.240.613.1846139.139.4110.8111.4 33 67 6733   13.30   12.70 5 -6  1NNUP56.04601712  .0 4.0 4.0666610 5작전마주작전마주 5기 0 5 1 1 1 1 1 1①1:50.87   -1.214.238.612.8  0  8  .00 1 1 -1  .0 316 9 197 2 3 3 41 4 1.09 5.01 2.6 5.4  2.6   29.2   46.0   43.4  .02572 1 8 7 1▲  .941.60  .3631.55112.912.3023.3935.6510223520.6234.0047.52 2
20251220토 9120011외412 3 62 7 1강 1156흐림포화16 9 3감사의힘        INDEPENDUNBRIDLE        미수 2 0 1 2 1   9917:00 33000혼4최용건우태율   1 7 3 3 2 9 3 0 1 2  1김효정47054.070기도보43 42 429061.064.044.81749 728561123291420271419221799 0 0↗→선13.836.938.012.1678036.638.4 72.9 75.1 50 50 5050   13.60   13.90 5  4 -2VU동56.04601210 -.5 5.0 4.5616110 0전개최상작전마주66기 011 5     4 4 4③1:12.9¾    .213.337.312.7  1  7  .00 3 2 -6  .51819351672 3 1 5 32 3 1.05 4.09     4.0  1.3    5.8    7.3    9.4  .03471 1 7 8 1▲  .938.40  .16  .2075.4516.4830.7944.76183754 8.0417.1922.77 6
20251116일 8120011외454 1102 8혼전 4451맑음건조 3 9 3감사의힘        INDEPENDUNBRIDLE        미수 2 0 1 2 1  114     110000혼O최용건우태율   1 8 2 2 1 9 2 0 1 1  1김효정46356.070강도보98 97 979983.069.038.51749 728561123291420271419221799 0 0↗→선13.836.638.012.1949837.239.1 75.2 77.0100100100**   13.70   12.30 3  6  0BUUP56.04601210  .0 2.0 2.0858510 2승부조율전개최상 5   0 7 6     6 7 7⑦1:15.21    1.413.639.013.9 -1  3  .00 7 8  6 1.57447605637 2 1 4 40 2 1.02 4.06 2.9 7.8  2.9    7.8   12.1   22.810.55697 4 9 9 4☆ 1.739.20  .52 2.3575.2814.7027.0238.4810223514.4727.1231.77 3
20251025토 2100011외411 4 12 9 1강 1155맑음건조 5 9 3감사의힘        INDEPENDUNBRIDLE        미수 2     9 1  197      41250혼4최용건우태율   1 9 1 1 1 9 1 0 0 0  0김효정46056.070평무보96 25 2583  .050.023.81749 7285611232914202714192217      ↗→선14.236.937.312.3979936.436.9 60.6 61.4              14.20   12.50 4  0  0NL동       10 0         1.0     0 0일반주행부중효과44기 0 1 1     1 1 2②1:00.6½    .013.736.512.3  0-12  .00 2 2  0  .0 81110 377 5 2 4 51 1 3.02 7.01 1.4 3.0  5.8   14.1   21.9    3.3  .01854 0 5 6 0― -.137.80  .72-12.862.32 5.6914.1223.83 51425 7.8616.4228.17 2
20260919토 9160010외3 4 3  5 0혼전 4451           9 4빅토리삭스      AUDIBLE EASTER R 9636.00미수 3 0 0   1    017:25 41250혼3이관호김창식   2 0 8 3 1 7 1 2 1 7  0빅투아   53.091우입보50 70 701560.058.036.1305214213911201216222321222817 03367→→선14.236.938.913.23187                   50 67  067   14.10   12.90 5 -4  1HNUP54.34661614-1.6 4.6 3.0797914 2일반주행작전마주53기 0 4                            14.1    12.9        .0                       9 1 2 2  4                                            12.73184 2 7 7 2△  .938.90  .07     102.913.0924.5936.13132843 7.9223.6434.76 4
20260817월111400 8외351 4 55 1 2강 2251흐림다습13 9 4빅토리삭스      AUDIBLE EASTER R 9636.00미수 3 0 1 2 1   82      41250혼3이관호김창식   2 1 7 2 4 7 3 2 1 6  1조재로46752.588우입하58 69 697370.058.037.1345313213911201221 62321192622 03367↗↘입14.237.438.913.2258937.038.1 86.8 87.6 60 60  060   13.80   13.80 5  2  0VH동54.34661412-1.8 5.2 3.4767614 0탐색주행보통주행 5   0 8 7     4 4 3③1:26.81     .214.137.712.9  2  8  .00 3 1  0  .8 743 8 574 8 3 3 32 3 3.02 7.01 3.1 4.3  5.1    5.6   12.2    4.2  .03163 0 7 6 0―  .538.20 -.2511.3088.80 9.5221.8437.0914294716.3031.8749.22 3
20260712일 71400 8외352 6105 2혼전 4451맑음다습10 9 4빅토리삭스      AUDIBLE EASTER R 9636.00미수 3 0 1 2 1   64      41250혼3이관호김창식   2 2 6 1 3 7 2 2 1 5  1조재로45952.588우입상92 98 987569.059.041.8345313213911201221 62321192622 03367↗↘입14.237.538.913.1219237.139.8 87.3 89.3 60 80  080   14.20   13.30 5  0 -4NH동54.34661412-1.8 5.8 4.0727214 0교체성공작전마주50기 0 6 6     6 5 4④1:27.33    1.013.839.013.8  3  0  .02 4 1 -2 2.95652616152 9 6 1 42 2 7.05 7.04 2.7 5.2 15.1   46.4  124.0  123.710.53081 1 8 7 1▲  .738.50 -.4412.8588.8612.5328.1541.8410223518.2931.5845.39 3
20260606토 91400 9외452 7 55 3 1강 1151흐림양호 6 9 4빅토리삭스      AUDIBLE EASTER R 9636.00미수 3 0 1 1 1   92      33000혼4이관호김창식   2 3 5 5 2 7 1 1 1 4  1조재로45956.088우추상75 78 787977.062.040.6345313213911201221 62321192622 0 099↗↘입14.337.638.913.1149236.938.3 87.9 87.4 50 50  075   14.90   12.8016  0  5NL동53.54691412-1.8 5.8 4.0727212 0숨은탄력작전마주50기 1 6 6     5 4 2①1:27.9¾   -.214.238.513.3 -2 -6  .00 1 3 -4  .0 43611 593 9 2 2 42 1 3.01 6.08 2.8 3.5  5.9    6.9   18.1   14.112.03185 2 7 7 2△  .938.00 -.4810.9488.9313.8826.5240.5810223515.7430.7046.45 4
20260214토11140011외430 5 85 4 3강 3351맑음건조 3 9 4빅토리삭스      AUDIBLE EASTER R 9636.00미수 3 0 0 2 2  310      33000혼4이관호김창식   2 4 4 4 1 7 1 1 0 3  0우인철46551.077평입하48 54 543427.054.018.91614 7215015201218262321112722 0 099↘→입14.337.439.313.3267337.638.3 87.7 88.5 33 33  0 0   14.20   13.90 5 -2 -3NUUP56.04731412 -.7 5.3 4.7676712 1작전마주거리부담77기 1 6 9     8 8 7②1:27.71¼   .014.238.213.1 -5 -1  .00 2 7  2  .23076122479 9 6 5 83 1 3.07 5.06 2.6 3.4  3.7   32.1   53.5   24.4  .02048 0 5 6 0―  .238.40 -.0211.8489.07 4.0610.9818.89 31017 3.4710.7115.89 8
20260111일 9130010외454 4105 5혼전 4451맑음양호 6 9 4빅토리삭스      AUDIBLE EASTER R 9636.00미수 3 1 1 2 1   86      33000혼4이관호김창식   2 5 3 3 1 7 3 1 0 2  1빅투아46654.091우입상86 98 986965.054.027.1305214213911201216222321222817 0 099→→선14.438.138.913.3169637.739.3 82.6 83.5 50 50  050   14.70   13.30 5  0 -2LUUP56.04731312-2.0 5.5 3.5727212 1뒷심문제작전마주 5기 0 810     8 8 8⑦1:22.62½   .814.239.113.9  2 -7  .00 7 5 -2 1.4625752555511 5 1 60 3 2.07 1.07 2.2 5.9  5.0   30.8   62.4   85.810.52879 0 7 5 0―  .339.10 -.04 6.4983.29 8.7318.0427.14 4111811.2125.3439.40 4
20251206토 21200 9외441 6 45 6혼전 4451흐림양호 9 9 4빅토리삭스      AUDIBLE EASTER R 7853.00미수 2 0 0 1 1  10811:00 41250혼4이관호김창식   2 6 2 2 2 7 2 0 0 1  0빅투아47356.091평입보83 73 736549.053.026.8305214213911201216222321222817      →→선14.337.838.313.1189837.937.0 75.1 74.8  0  0  0**   14.30   13.40 4  7  0BH동       1212 1.0 4.0 5.0606012 0작전마주우수혈통81기 1 8 8     8 7 7②1:15.1동착  .014.737.713.3 -5 -7  .00 2 7  3  .0 980 31285 7 5 4 53 2 3.07 6.08     3.5  2.6   41.6   42.6   51.0  .02061 0 6 4 0―  .237.40  .00-1.3476.12 6.1816.3026.80 81829 7.3815.4517.47 9
20251108토 31200 8외440 5 45 7 1강 1159흐림건조 3 9 4빅토리삭스      AUDIBLE EASTER R 7853.00미수 2     2 1  152      41250혼4이관호김창식   2 7 1 1 1 7 1 0 0 0  0빅투아48056.091평무보   25 2540  .042.022.0305214213911201216222321222817      →→선14.336.738.512.9    37.537.8 76.0 75.6              14.30   13.20 4  0  0NL동       12 0                 0 0일반주행작전마주49기 0 1 5     4 6 4⑤1:16.0머리  .714.338.513.4  1 -1  .00 5 4  0 1.12963152160 1 1 6 72 1 3.02 2.04 2.2 2.8  4.6    8.7   19.2   70.6  .02067 0 4 4 0― -.638.70  .65  .3775.61 5.5812.5322.04 5132210.1920.6659.26 4
20260919토 9160010국3 4 3  6 0혼전 4451           9 5화이트칼라      올드패션차이나골 7030.00한거 4       1    017:25 41250혼3리카디이강운   1 016 1 1 0 1 5 1 0  0조상범   56.057기선적85 68 681562.052.027.3 926 6355313363838 0372613211699 0 0↗→입13.935.840.015.197 2                   50 50 83 8   14.10   13.0017  2  0NNDN54.74831818 1.2 4.0 5.2606017-2일반주행연대우수28기 0 5                            14.1    13.0        .0                       2 7 3 7  4                                              .03750 0 6 6 0―  .440.00  .29     102.9 8.1017.7827.26 3 817 9.9020.0029.27 5
20260523토 9180011국343 9 96 1혼전 4431맑음다습13 9 5화이트칼라      올드패션차이나골 3541.00한거 4 0 0 2 2  324      41250국3리카디이강운   1 115 1 615 1 5 114  0정정희49056.081우선적30 28 284828.042.018.023501331531136382929372620251599 0 0↘→입13.939.240.815.196 838.243.1120.6120.4 55 55 82 9   13.70   15.20 3 -5  0HNUP54.74831818  .0 4.0 4.0707017 2거리적응조교부실28관 0 3 1 1 1 1 1 4⑦2:00.61¼  1.114.242.815.1  3  1  .00 7 4 -2 1.781 1926453 110 8 81 2 1.08 4.02 2.9 6.2  2.9   50.4   62.9  726.5  .02056 0 5 7 0― -.641.90  .3140.38118.5 5.5711.0917.96 41118 4.7613.6424.21 7
20260503일 6160010국413 5 66 2혼전 4451흐림다습10 9 5화이트칼라      올드패션차이나골 7030.00한거 4 0 0 1 1   45      41250국4리카디이강운   1 214 3 115 3 5 113  0조상범48956.057우도상98 98 981578.062.036.6 926 6355313363838 0372613211699 0 0↗→입13.935.840.015.197 335.941.7102.2104.3 60 60 9020   14.10   13.20 4  3  3LLDN54.74831818  .2 3.6 3.8797917-2연대우수연대우수53기 0 8 6   6 3 3 5⑧1:42.21½  2.313.741.415.2  2  6  .00 8 6  3 2.58015878321 2 6 1 30 3 4.03 5.04 1.8 5.7  8.7   21.3   47.0  126.610.54378 3 8 8 3▲ 1.140.00  .0528.49102.912.8925.5636.6312264016.1526.7733.57 2
20260405일 91800 9국432 7 86 3 1강 1151맑음양호 6 9 5화이트칼라      올드패션차이나골 3541.00한거 4 0 0 1 1   65      41250국4리카디이강운   1 313 2 515 2 4 112  0조상범48353.556강선하82 82 827386.060.055.7 926 6355313363838 0372613211699 0 0↗→입13.939.340.915.197 638.939.5117.1116.6 56 67 7822   14.10   15.20 3 -6  1NN동55.04831813  .2 3.6 3.8818117 0연대우수연대우수60관 1 5 1 1 1 1 1 1①1:57.1목    .014.140.013.2 -2 -4  .00 1 3 -3  .0 2 823 391 1 5 3 21 2 3.01 5.04 3.0 4.2  4.5    6.5   14.0   24.7  .04382 3 9 8 3▲ 1.041.40 -.6136.37118.620.7039.6955.6914294726.0949.1667.82 2
20260315일 9180011국352 9106 4혼전 4451맑음양호 6 9 5화이트칼라      올드패션차이나골 3541.00한거 4 0 0 2 1   44      41250국3리카디이강운   1 412 1 415 1 4 111  0조상범48752.556강선보85 90 907879.061.036.1 926 6355313363838 0372613211699 0 0↗→입13.839.340.815.197 938.142.3118.9118.4 63 63 8825   14.00   13.30 5 10 -3VUUP55.04831813 -.8 3.2 2.4888817 1전개최상연대우수42기 011 2 1 2 2 2 5⑧1:58.91¼   .614.142.815.2  2 -1  .00 8 6  5 1.629 1864067 1 9 1 21 111.07 9.02 3.5 7.4 41.7  251.3  510.6  268.710.54390 3 9 9 3★ 1.141.60 -.1338.29118.613.9426.1936.1018375416.2629.0339.27 2
20260207토 8170011국454 3106 5혼전 4451맑음건조 2 9 5화이트칼라      올드패션차이나골 7030.00한거 4 0 0 2 1   87      33000국4리카디이강운   1 511 4 215 1 4 010  0우인철48855.074우선적89 98 989477.063.037.72048103553133638 0 0372611272299 0 0→↘입13.838.941.715.198 838.740.8110.0112.1 57 57 7114   13.90   14.50 4-10  2UNDN55.04831813-1.0 3.8 2.8797917-1마방연대전개최상58기 1 1 1 1 1 1 1 1②1:50.0¾    .014.039.613.3  1  4  .00 2 1 -3  .110 6421086 111 2 41 1 2.01 7.01 2.4 7.2  5.0    7.2   18.8   20.810.54287 1 8 8 1▲  .942.00 -.1031.49113.513.4425.1937.6512264015.6030.1443.11 3
20260110토 9180011국412 9 66 6 2강 2254눈  양호 8 9 5화이트칼라      올드패션차이나골 3541.00한거 4 0 0 2 1   76      33000국4리카디이강운   1 610 3 315 1 3 0 9  0푸르칸48453.579우선적35 36 367975.060.057.4245715355313363839 0372614242199 0 0↗→추13.739.341.015.096 538.441.5118.5117.7 50 50 8317   13.90   14.60 6 10 -1VU동55.54831813  .6 3.2 3.8646417 0연대우수마방연대77기 011 1 1 1 1 1 1①1:58.54    -.813.941.914.5 -3 -4  .00 1 4  0  .012 3762799 2 7 5 11 2 4.0111.02 1.7 3.9  9.6    8.3   25.8   23.5  .03587 3 7 9 3▲  .941.50 -.6637.36118.727.2043.5157.3734536523.5336.7651.43 2
20251129토 7180011국443 4 96 7혼전 4459맑음다습10 9 5화이트칼라      올드패션차이나골 3541.00한거 3 0 0 9 1  12515:15 33000국4리카디이강운   1 7 9 2 215 1 3 0 8  0정정희48854.080우선적42 57 578462.053.031.520431035531336382929372620251599 0 0→→입13.839.340.915.294 738.841.4118.0119.3 50 50 8317   14.30   14.40 4 -3 -1UH동55.54831813  .0 2.6 2.6707017 0승부최상연대우수26관 0 1 2 1 1 3 3 7⑨1:58.0목   1.413.941.714.6  5  4  .09 9 4  0 1.755 6743637 1 9 2 40 1 6.05 8.05     7.3 11.2   54.0  119.4  351.1  .03779 0 7 7 0―  .241.70 -.0439.09118.6 9.1621.3431.4510223514.9328.9538.55 4
20251102일 8180011국452 9106 8혼전 4451맑음건조 5 9 5화이트칼라      올드패션차이나골 3541.00한거 3 0 0 1 1  158      33000국4리카디이강운   1 8 8 1 115 1 3 0 7  0빅투아48455.092우선적57 66 668686.065.054.630521435531336384230372622281799 0 0→→선13.739.340.815.2931237.942.4120.0119.6 60 60 8020   13.80   14.20 4 -4 -2HHUP55.54831813  .5 2.5 3.0646417 1마방연대승부최상75기 0 4 2 1 1 1 1 3⑦2:00.0목    .614.342.014.4  3  5  .00 7 4  1 1.562 1883867 1 7 4 21 4 1.0811.08 2.2 5.5  2.2   34.8   47.7   36.9  .04698 3 9 9 3★ 1.341.70 -.5639.53118.621.1541.9454.6418375423.7644.0057.10 1
20251004토 5170011국552 6106 9혼전 4451맑음다습10 9 5화이트칼라      올드패션차이나골 7030.00한거 3 0 0 1 2  227      24750국5리카디이강운   1 9 7 6 115 1 2 0 6  0푸르칸47957.080기입적62 54 547575.065.040.3247516315311363839 0372614242199 0 0↘↗추13.639.041.515.2961338.641.4112.0112.1 50 50 7525   13.40   13.60 3  6  0BLUP54.84851713 1.7 2.0 3.7535313 4전개최상마방연대23관 1 8 1 1 1 1 1 1①1:52.02½  -.413.841.714.2 -2 -3  .00 1 3  2  .010 4632394 1 7 7 31 1 3.04 8.01 2.2 5.3  5.4   26.5   46.1   63.1  .03584 3 8 9 3▲ 1.241.90 -.0931.60113.416.1529.2040.2812264019.6131.6345.00 2
20250914일 31300 9국511 1 6610 2강 2251맑음다습14 9 5화이트칼라      올드패션차이나골 7030.00한거 3 0 0 2 2  29311:25 24750국5리카디이강운   110 6 5 515 3 2 0 5  0빅투아48257.091기입적74 80 809597.073.067.229431731531136384230372622281799 0 0→→선13.636.639.715.2971336.638.7 80.7 82.2 50 50 7525   13.50   13.50 3  0  4UB동54.84851413 2.5 1.0 3.5595913 0전개최상전개최상43기 1 2 2     1 1 2④1:20.71¼   .913.438.213.6  3  4  .04 4 1 -3  .916 831 649 1 6 4 11 3 3.02 1.05     3.9  7.5   16.0   30.7   51.0  .04397 4 9 9 4☆ 1.940.30 -.71 5.9282.8429.8750.7967.1534536532.8854.5555.78 1
20250823토 4130011국552 1 5611혼전 4451흐림건조 4 9 5화이트칼라      올드패션차이나골 7030.00한거 3 0 0 2 2  36513:35 24750국5리카디이강운   111 5 4 415 2 1 0 4  0빅투아47853.591기입적82 89 899683.074.057.729431731531136384230372622281799 0 0→→선13.636.739.415.2963436.438.5 79.4 80.9 33 33 6733   13.90   14.00 4  0 -1UUDN56.04911413  .0 1.0 1.0969613-1승부최상전개최상58기 0 2 1     1 1 1①1:19.43    -.513.537.913.5 -3 -5  .00 1 4  3  .0 1 522 291 2 8 2 11 2 4.02 2.03     5.0  8.4   13.1   34.4   62.410.56697 4 9 9 4☆ 2.139.90 -.34 4.7982.7130.1647.0657.7234536518.8032.6542.98 2
20250727일 4140010국550 710612혼전 4451맑음건조 3 9 5화이트칼라      올드패션차이나골 7030.00한거 3 0 0 9 3  42212:15 24750국5리카디이강운   112 4 3 115 1 1 0 3  0빅투아48354.089기입적13 35 3586  .071.053.830561742641436384230372622281799 0 0↘→선13.636.440.015.287 337.138.9 89.4 88.3 33 33 6733   13.60   14.6010 -4  0UUUP56.04911413         4.0    13 1일반주행승부최상32기 0 2 1     1 1 2⑥1:29.41¼   .613.939.114.0  5 -2  .01 6 1 -3  .92250323063 1 810 11 1 3.07 8.07     7.4  5.0   36.5   64.5  160.310.64695 3 9 9 3★ 1.739.40 -.7611.8588.8623.5640.4253.7534536516.1827.1690.35 4
20250517토 3130010국543 8 9613 1강 1151맑음포화17 9 5화이트칼라      올드패션차이나골 7030.00한거 3 1 1 2 4  63312:45 24750국5리카디이강운   113 3 2 315 3 1 0 2  1김태훈48554.069기입적 6 35 3572  .057.033.4 933 533432436382329372612242199 0 0→↗입13.536.639.715.598 437.040.8 82.2 83.7 50 5010050   13.20   15.20 5  4 -1NU동56.04911313         6.0    13 0전개최상기복전력66기 0 6 5     5 4 5④1:22.22½  1.313.640.114.6  0 -3  .00 4 4  3 2.66622867643 1 710 52 3 1.03 9.01     4.6  2.4    4.7    7.1   32.9  .03464 0 6 7 0―  .440.60  .23 7.4282.8410.4321.9033.40 8182911.1123.6694.83 5
20250413일 4130011국543 8 9614 1강 1157흐림포화16 9 5화이트칼라      올드패션차이나골 7030.00한거 3 1 1 2 4  72712:45 24750국5리카디이강운   114 2 1 215 2 1 0 1  1김태훈48854.569강도보98 35 3598  .066.039.8 933 533432436382329372612242199 0 0→↗입13.636.839.013.3959736.342.4 83.1 84.7100100100**   13.60   13.60 4 -4 -2UU동56.04911313         1.0    13 0마방기습전개최상 1기 0 2 2     4 4 4⑥1:23.13    2.113.241.615.2  5 -3  .00 6 1  0 2.785 2979024 1 511 32 2 2.03 8.09     4.2  3.9    8.4   16.7   29.312.04290 2 8 9 2▲ 1.240.70  .33 8.8682.5214.9728.5839.7612264010.4821.3685.27 4
20250315토 11300 8국650 6 5615 1강 1155맑음양호 8 9 5화이트칼라      올드패션차이나골 7030.00한거 3     2 5  82410:35 24750국6리카디이강운   115 1 1 115 1 0 0 0  0김태훈49156.075평무보   35 3540  .049.033.9204011325313363823293726122421      ↗→입13.637.539.612.9    36.938.1 82.2 81.0              13.60   13.20        LN동       13 0                 0 0일반주행마방기습 1기 0 6 1     1 1 1①1:22.22½  -.413.639.213.6  0-17  .00 1 1  0  .0 11713 393 3 3 4 41 1 1.03 6.05     4.7  2.6    6.9   13.6   13.9  .02546 0 5 6 0―  .039.10 -.29 3.9083.35 8.5120.9433.93 9213413.5826.5141.61 5
20260919토 9160010외3 4 3  2 0혼전 4451           9 6정상히어로      BEAU LIAMOTHER O        미수 3 0 0   1    017:25 41250혼3강환민정동진   0 0 9 1 2 8 2 2 1 8  0안드레   55.592우선보50 66 661575.057.035.52647 51955102319 0 019193827 499 0 0↗→선13.936.039.113.08592                   67 83 6733   14.20   12.90 4  2 -2NUDN56.85191714 1.0 1.8 2.8747417-1전개최상보통주행55기 0 6                            14.2    12.9        .0                       3 3 5 4  2                                              .03466 0 7 8 0▲  .839.10  .39     102.511.8223.9635.5010203519.8030.9143.90 2
20260823일 8170011외451 2102 1혼전 4451맑음다습13 9 6정상히어로      BEAU LIAMOTHER O        미수 3 0 0 2 1   64      33000혼4강환민정동진   0 1 8 8 2 8 1 1 1 7  0안드레51257.592우선보86 82 829578.064.036.52647 51955102319 0 019193827 499 0 0↗→선13.839.041.513.0944939.638.6108.9111.4 60 80 8020   13.30   14.20 4 -5  1VNUP56.05251714 1.2 1.8 3.0717112 1편성불리전개최상32관 0 4 1 1 1 1 1 1①1:48.96   -1.214.237.612.9  0 -8  .00 1 1 -1  .0 338 2 194 110 4 41 1 1.02 4.11 2.6 6.0  2.6    6.0   10.6   19.412.74287 2 7 7 2△ 1.041.80  .0030.90113.412.5523.8336.4910223520.5935.2946.75 1
20260726일 7160010외451 3102 2혼전 4441맑음양호 9 9 6정상히어로      BEAU LIAMOTHER O        미수 3 0 0 9 1   55      33000혼4강환민정동진   0 2 7 7 1 8 7 1 1 6  0장추열52057.093우도하54 38 381561.062.044.129491219551023192533191920272299 0 0↘↗입13.836.039.713.0847334.841.0100.4102.0 75 50 7525   13.30   14.50 5  0  0LVUP56.05251714 1.3 1.8 3.0707012 2인기탐색도주호기98기 2 9 2   2 1 1 1③1:40.41¼   .213.340.514.2  1 -5  .00 3 2 -2  .419 0804072 1 7 4 41 7 5.0110.01 2.4 5.4  9.0   10.4   28.5   13.012.73173 2 7 8 2▲  .939.70 -.0726.27102.916.9130.9244.1310223512.8625.1741.80 4
20260620토 6140011외444 2 92 3 1강 1151비  불량20 9 6정상히어로      BEAU LIAMOTHER O        미수 3 0 0 2 1   95      33000혼4강환민정동진   0 3 6 6 3 8 6 1 1 5  0장추열52557.093강도하84 84 848179.065.036.229491219551023192533191920272299 0 0↘↗입13.936.639.112.9768736.240.9 87.2 89.4100 67 6733   14.60   14.5013  1 -1BVDN56.05251712 1.0 1.0 2.0898912-3탐색주행마번불리 5기 0 9 4     2 2 4⑥1:27.25    2.513.340.114.5  2 15  .00 6 4  3 2.762 7856615 6 3 5 31 6 8.01 5.01 2.4 5.1 23.7   23.3  103.8   63.0  .03167 1 7 8 1▲ 1.039.40  .1413.7088.3812.0724.0636.1614294712.9924.2436.41 4
20260321토 9170010외451 7 52 4혼전 4451맑음건조 5 9 6정상히어로      BEAU LIAMOTHER O        미수 3 0 1 2 2  258      33000혼4강환민정동진   0 4 5 5 1 8 5 1 1 4  1장추열51057.593강선보92 97 978085.070.043.83451171444 923192533191920272299 0 0↗↘입13.939.140.912.9888539.542.0112.2113.3100100 6733   13.70   13.90 5  5  1BNUP56.05251712  .5 1.0 1.5919112 3전개최상거리속성44기 0 8 4 4 4 5 5 5⑥1:52.2½   1.114.641.114.5  5  1  .01 6 1  0 1.73627736348 3 6 1 42 5 2.03 6.02 2.5 4.9  3.7   10.9   20.0   22.710.54180 3 9 9 3★ 1.641.90  .0833.26113.115.7531.3343.7612264023.4239.4553.11 1
20260214토11140011외430 6 82 5 3강 3351맑음건조 3 9 6정상히어로      BEAU LIAMOTHER O        미수 3 0 1 2 1   84      33000혼4강환민정동진   0 5 4 4 2 8 4 1 1 3  1장추열50956.593강입보96 99 999190.069.046.329491219551023192533191920272299 0 0↘↗입13.936.638.913.2758536.739.4 87.8 88.5100100 5050   13.50   13.00 3 -5  0VV동56.05251412  .5 1.0 1.5919112 0승부최상전개최상81트 2 3 1     1 1 1③1:27.8½    .013.739.513.9  2  2  .00 3 1  0  .32926503382 3 4 1 21 4 3.07 5.06 2.6 3.4  3.7   32.1   53.5   24.411.25890 4 9 8 4▲ 1.739.20  .0112.9888.2519.4133.7546.2714294722.2239.2945.03 1
20260124토 9140010외410 5 62 6 1강 1151맑음건조 3 9 6정상히어로      BEAU LIAMOTHER O        미수 3 1 1 2 1   55      33000혼4강환민정동진   0 6 3 3 1 8 3 1 1 2  1장추열50756.593강입보98 99 998896.070.058.729491219551023192533191920272299 0 0↘↗입13.937.138.813.03795                  100100 5050   13.50   13.20 5  6  1BVUP56.05251412 1.0 1.0 2.0858512 2기습선행승부최상 5트 1 8          99        중지    13.5    13.2   -18  .07   1  0               6 4 1 10 3 3.02 4.05 1.6 4.1  7.8   15.0   39.3  157.3  .06094 4 9 9 4☆ 1.938.80 -.58     88.5231.0447.8258.6537597134.6752.6362.07 1
20251221일 2120012외421 5 22 7 3강 3355맑음포화16 9 6정상히어로      BEAU LIAMOTHER O        미수 2 0 1 2 1   9511:00 41250혼4강환민정동진   0 7 2 2 2 8 2 0 1 1  1장추열52556.093강입보99 98 988988.069.057.5294912195510231925331919202722      ↘↗입14.037.538.213.0299936.438.5 73.1 75.0100100  0**   13.80   13.00 4 -2  0HH동       1212 1.0 1.0 2.0858512 0일반주행우수능력70트 1 2 1     1 1 1①1:13.12½  -.413.537.613.2  0 -4  .00 1 1  0  .01612381394 7 5 1 11 2 1.02 2.03     2.1  1.5    2.1    2.6   17.712.24387 3 9 8 3▲ 1.537.70 -.64 -.6975.8927.2946.8957.4720415517.6530.3817.73 1
20251122토 3120012외420 2 72 8 1강 1159맑음건조 3 9 6정상히어로      BEAU LIAMOTHER O        미수 2     2 1  108      41250혼4강환민정동진   0 8 1 1 1 8 1 0 0 0  0장추열52956.093평무보38 25 2537  .050.030.4294912195510231925331919202722      ↘↗입14.137.439.913.254 137.436.9 74.0 74.6              14.10   13.50 4  0  0NL동       12 0         6.0     0 0일반주행보통주행42트 0 4 4     4 3 3②1:14.02½   .013.837.313.0  1-10  .00 2 1  0  .4 656 2 477 6 810 42 1 4.01 2.04 2.4 2.7  8.9    7.6   22.3   17.5  .01838 0 5 5 0―  .337.70 -.75-2.7176.78 9.4820.7530.40102035 8.5917.4632.75 4
20260919토 9160010외3 4 3  2 0혼전 4451           9 7드림아너        GORMLEY PEACEFUL 2029.00미수 4 0 0   1    017:25 41250혼3박병일배태후   0 01618 620 5 1 520  0정정희   56.081우입보50 60 601530.047.022.02043101333 522 021 02314202515173333→→입14.336.839.113.53845                   41 59 1241   14.20   12.90 3  0 -1NHUP55.94851814-1.6 6.4 4.8646410 4뒷심문제보통주행54기 0 7                            14.2    12.9        .0                       7 4 8 9  6                                              .02838 0 5 6 0―  .039.10  .36     103.0 6.3714.5722.00 1 4 9 3.9612.7321.04 8
20260830일101200 9외331 2 82 1혼전 4451흐림다습11 9 7드림아너        GORMLEY PEACEFUL 20     미수 4 0 0 9 1   42      41250혼3박병일배태후   0 11517 420 4 1 519  0정정희48456.580우추상90 70 708433.050.021.12043101333 522 021 02314202515202040→→입14.337.337.713.5458737.237.7 73.2 75.4 38 56 1338   14.20   12.00 5  6  0LN동55.84851814-1.0 6.6 5.6565610 0편성만만주력우수43기 0 7 8     6 5 4③1:13.21     .114.236.612.9 -2 -7  .00 3 5 -1  .72851141475 7 1 4 82 5 1.04 5.02 1.8 3.5  1.8    8.6   13.0   32.5  .02958 0 5 3 0― -.138.10  .79  .4075.50 5.0512.5921.08 41118 4.2610.8918.10 8
20260726일10120010외351 1102 2혼전 4451맑음양호 9 9 7드림아너        GORMLEY PEACEFUL 20     미수 4 0 0 9 1   72      41250혼3박병일배태곤   0 21416 320 3 1 518  0정정희49156.580평입하73 73 737953.062.034.52043101333 5222121252314202515202040→→입14.337.237.913.6607338.136.1 73.3 74.9 40 53 1333   14.30   13.40 6 -2  0UNDN55.84851814 -.2 6.0 5.8575710-4숨은복병주력우수89기 0 1 7     6 7 6④1:13.32½  1.014.235.512.0 -2 -3  .00 4 6  0 1.21288 0 350 5 2 4 33 4 2.01 2.07 2.8 7.1  4.6    7.1   15.6   10.5  .03565 3 7 7 3― 1.038.00  .36 -.2375.5610.5721.9734.45102235 9.3818.5231.91 5
20260613토 8160010외352 4102 3혼전 4451맑음건조 3 9 7드림아너        GORMLEY PEACEFUL 2029.00미수 4 0 0 2 1  113      41250혼3박병일배태곤   0 31315 520 2 1 517  0정정희49456.581평추상60 61 611550.057.025.12043101333 5222121252314202515202040→→입14.236.539.313.6543736.438.9101.1102.4 43 50  729   14.20   13.80 6 -6  1HN동55.84851814 -.6 5.4 4.8616110 0착차만회선추겸비66기 0 3 7   7 6 6 8⑦1:41.1½    .514.338.813.4  1  5  .00 7 6 -2  .53343282266 5 6 6 72 3 3.01 4.08 3.1 7.0  5.3    7.0   16.7   10.312.73144 2 6 7 2―  .639.30  .3426.56102.9 7.5215.1325.07 41118 9.1516.4825.00 6
20260503일 6160010외313 7 62 4혼전 4451흐림다습10 9 7드림아너        GORMLEY PEACEFUL 2029.00미수 4 0 0 1 1  105      41250혼3박병일배태곤   0 41214 420 1 1 516  0정정희48956.081우입상85 82 821570.059.033.02043101333 5222121252314202515202040→→입14.236.639.013.6474536.339.9100.8102.8 46 38  831   13.90   13.60 5  3 -1BNUP55.84851814  .6 4.2 4.8656510 2편성만만우수능력39기 0 910  10 8 7 6④1:40.83     .914.239.513.8 -4-20  .00 4 8  1 1.14034585157 8 1 6 43 2 4.03 5.04 1.8 5.7  8.7   21.3   47.0  126.6  .04376 3 7 8 3▲  .939.00  .2327.15102.811.1221.6633.03 8182911.5421.5629.37 4
20260329일10140011외351 5102 5혼전 4451맑음건조 3 9 7드림아너        GORMLEY PEACEFUL 2029.00미수 4 0 0 9 1   85      41250혼3박병일배태곤   0 51113 620 1 1 515  0마이아50957.093우추보69 59 596655.058.033.83452141333 52221 0 023143533 725 050↘↗선14.337.238.513.6416136.839.1 87.5 88.1 50 50  842   15.00   13.8015  1  0NNDN55.54801814  .4 3.6 4.0686810-4숨은복병보통주행69기 0 6 6     5 4 4⑥1:27.5목    .313.939.013.6 -1  4  .00 6 7  1  .6163137237310 1 6 42 1 2.09 1.09 3.9 6.5  4.6   63.2   84.0   65.5  .03580 3 6 7 3△  .838.50  .2012.3588.3811.1822.7733.81 81829 8.9317.5725.55 7
20251214일10180011외321 7 72 6혼전 4451맑음포화18 9 7드림아너        GORMLEY PEACEFUL 20     미수 3 0 0 2 2  287      41250혼3박병일배태곤   0 61012 420 3 1 514  0문정균50557.076우추하40 53 535345.051.023.82467 01933 522211915231413192325 050→↘추14.340.240.113.5454540.940.0117.2118.8 55 55  945   14.00   14.50 5  1 -1NNUP55.54801814  .2 2.8 3.0777710 2인기탐색거리속성 5기 1 51010 910 8 8⑦1:57.2목   1.415.039.813.8  1  9  .00 7 6  3 1.64077365541 9 2 6 60 3 3.01 1.04 2.2 5.5  8.6    8.1   26.3  181.7  .03155 1 6 7 1―  .240.70  .0838.46118.7 6.5715.4723.76 41118 9.0113.2223.53 7
20251109일 8160010외352 3 52 7 3강 3351맑음건조 3 9 7드림아너        GORMLEY PEACEFUL 2029.00미수 3 0 0 2 1  136      41250혼3박병일배태곤   0 7 911 320 2 1 513  0문정균49657.576우추보73 86 861563.053.020.01118 61333 522211915231413192325 050↘↗추14.436.939.013.4335335.840.6102.0103.2 60 60  050   14.00   13.60 5 -1  2HB동55.54801814 -.2 3.2 3.0757510 0조교만전선추겸비50기 0 4 8   8 4 3 4⑤1:42.01¼   .914.040.414.5  2  3  .00 5 3  0 1.1601277645210 2 2 72 2 4.05 7.08 3.1 4.1  8.9   32.4   86.2   39.8  .02644 0 6 6 0―  .239.00  .4127.26103.0 4.4211.7820.00 31017 7.1416.7925.76 6
20251003금101600 9외352 1102 8혼전 4451흐림다습11 9 7드림아너        GORMLEY PEACEFUL 2029.00미수 3 0 0 1 2  233      41250혼3박병일배태곤   0 8 810 220 1 1 412  0문정균49356.077우추보89 90 901568.059.045.52467 01933 522211915231413192333 067→↘추14.436.839.013.4355336.338.8100.0102.5 56 67  056   14.10   13.00 5  3  0NN동55.34751814  .2 3.0 3.2727210 0연대우수조교만전71기 2 5 7   7 7 4 1②1:40.0코    .014.038.213.6 -1  5  .00 2 3  1  .03938302277 7 3 2 40 1 2.03 3.05 3.1 6.2  3.8    6.2    9.5    7.010.53370 2 7 6 2△  .839.00 -.1426.70102.916.1431.7445.4610223517.0731.7144.15 3
20250830토 9160010외354 2 52 9혼전 4451맑음포화18 9 7드림아너        GORMLEY PEACEFUL 2029.00미수 3 0 0 9 2  33919:35 41250혼3박병일배태곤   0 9 7 9 120 5 1 411  0김정준48856.081우추상82 85 851572.061.035.02364 81933 522212238231413202633 067↘↗추14.437.039.013.4275336.238.9 99.2101.7 63 63  063   14.20   13.00 6 -6  1UNUP55.34751814  .0 3.6 3.6666610 2추입무난연대우수57기 1 2 7   7 7 6 5④1:39.2½    .114.137.713.0  2  4  .00 4 2 -2  .21431332274 9 2 2 3010 1.06 7.03     5.0  2.5   19.5   30.6  135.5  .03762 1 8 7 1▲  .839.00  .0125.70103.010.7722.3135.0112264014.9431.3544.30 2
20250720일10140011외323 4 7210 2강 2251맑음포화16 9 7드림아너        GORMLEY PEACEFUL 2029.00미수 3 0 0 2 3  43617:30 41250혼3박병일배태곤   010 6 8 520 4 1 310  0김정준48455.575우추하46 52 526978.057.036.826401839752122212238231413202650 050→↘추14.437.338.513.3336937.338.5 85.6 87.8 57 57  057   13.70   13.80 5  5  1LN동55.34711814  .4 3.0 3.4696910 0일반주행보통주행77기 1 810     9 7 3②1:25.61¾   .014.237.413.0 -2 -4  .00 2 4  1  .21061202381 8 1 7 43 9 2.0410.08     3.7  3.7   13.4   25.8    6.9  .04163 3 7 8 3▲  .838.40  .0612.0088.4511.0123.5736.8010223513.9127.1739.02 4
20250615일10140011외353 210211혼전 4451맑음건조 3 9 7드림아너        GORMLEY PEACEFUL 2029.00미수 3 0 0 2 3  53617:30 41250혼3박병일배태곤   011 5 7 420 3 1 3 9  0김정준48854.575우추보53 70 706576.061.031.126401839752122212238231413202650 050→↘추14.437.338.513.3336937.439.3 88.1 89.2 57 57  057   14.00   13.20 5 -4 -1VH동55.34711814  .6 2.8 3.4696910 0추입무난보통주행58기 1 3 4     5 4 8⑧1:28.1½   1.213.738.713.8  5  1  .09 8 3  1 1.5556447554410 1 6 30 8 1.0811.10     8.0  2.8   31.7   39.3  105.4  .04378 3 8 8 3▲ 1.138.70  .2213.3788.4511.3921.5631.05 5132212.1620.5329.80 4
20250511일10140011외312 4 6212혼전 4441맑음포화16 9 7드림아너        GORMLEY PEACEFUL 2029.00미수 3 0 0 2 4  63717:30 41250혼3박병일배태곤   012 4 6 320 2 1 2 8  0김정준48755.571우입보61 64 646848.051.023.61633123062 722212238231413202650 050→→추14.437.338.413.4357337.438.5 87.8 89.0 50 67  050   14.80   14.40 4  3 -2LNDN55.34711818  .6 2.2 2.8777714-4일반주행연대우수 1   0 7 8     7 8 5②1:27.88     .014.038.313.2  0  5  .00 2 2 -3 1.4496719267711 1 4 83 7 4.02 9.07     5.0  9.4   15.2   34.1   62.9  .03762 1 6 5 1―  .438.60  .4713.3088.38 6.8515.1923.63 2 611 5.8312.3321.74 9
20250413일 6180010외323 2 2213 3강 3351흐림포화17 9 7드림아너        GORMLEY PEACEFUL 20     미수 3 0 0 2 4  725:14:2 82500혼3박병일배태곤   013 3 5 320 1 1 2 7  0김정준48257.071우추하37 31 317925.043.018.61633123062 722212238231413202650 050→→추14.140.339.513.0398740.640.7116.9119.4 60 80  060   14.60   15.30 3 -6  2VB동55.34711812  .5 2.3 2.8797914 0교체실패거리속성 1   0 4 7 7 5 5 5 5⑤1:56.93    1.214.840.414.4  0 -6  .00 5 5  0 2.15565596544 8 1 8 92 6 1.02 1.02     1.5  1.9    1.5    2.7   10.311.22055 0 5 5 0― -.440.70  .3439.59118.5 5.1210.3818.55 1 4 7 6.6212.1719.11 6
20250322토 7180011외341 6 9214혼전 4451맑음건조 4 9 7드림아너        GORMLEY PEACEFUL 20     미수 3 0 1 2 4  79716:05 41250혼3박병일배태곤   014 2 4 220 1 1 2 6  1정정희48855.073강추보80 76 768273.058.033.11740 43062 722212125231420251550 050↗↘입14.140.339.413.0449140.642.4120.5120.4 60 80  060   14.40   15.20 4  6  0BN동55.34711812  .3 1.3 1.7898914 0전개최상거리속성 1기 010 6 6 6 6 6 9⑨2:00.56    2.614.642.915.3  4 -4  .09 9 5  3 3.77764879118 4 1 3 42 1 4.0111.01     5.3  6.4   14.4   37.4   13.412.73471 2 8 7 2▲  .740.80  .0540.65118.4 9.5222.0233.1410223516.0429.7333.66 3
20250223일 9180011외334 2 8215혼전 4451맑음건조 3 9 7드림아너        GORMLEY PEACEFUL 20     미수 3 0 1 9 5  86917:00 41250혼3박병일배태곤   015 1 3 120 1 1 2 5  1문세영49255.093강추보85 81 819181.065.049.24153 02650152221 0 0231429361550 050→→입14.140.439.413.0369138.742.7119.3118.9 60 80  060   13.90   13.60 6 -1  1VNUP55.34711812  .5 1.5 2.0858514 4연대우수전개최상 1기 2 4 4 5 5 3 3 6⑦1:59.31    1.014.443.515.2  5  4  .01 7 2  0 1.440 5906855 9 2 3 20 1 8.01 8.05     3.8 35.9   24.3  109.4  145.8  .04396 3 9 9 3★ 1.340.50 -.3439.06118.519.5037.1749.1734536520.7536.8747.42 2
20260919토 9160010국3 4 3  7 0혼전 4451           9 8슬램드래곤      파워블레대즐링디 6837.00한수 5       1    017:25 41250혼3토니  (주)메타 0 016 1 1 0 1 3 2 0  0김용근   51.086우자보85 71 711543.048.023.227511430591620 024482820312714434314↘↘선13.936.640.013.75241                   40 47 1320   14.00   12.2024  6 -6BU동54.64821714-1.4 5.2 3.8666612 0강단마필연대우수41조 0 8                            14.0    12.2        .0                       6 8 1 8  1                                              .03749 0 6 5 0―  .140.00  .02     103.4 5.8213.5123.19 2 611 8.9118.1827.44 6
20260329일 7160010국451 9 57 1 1강 1151맑음건조 3 9 8슬램드래곤      파워블레대즐링디 6837.00한수 5 0 0 9 3  480      33000국4토니  (주)메타 0 115 1 618 2 2 216  0코지  49456.593평자보84 73 731576.067.042.32741 52871 720 044 02820233119503317↘↗입13.936.939.813.6324936.139.9102.4102.3 36 43 1421   13.80   14.10 3 -6  2HB동54.34801714-2.2 6.6 4.4575712 0마방기습마방기습33관 0 2 6   6 6 4 4①1:42.4½    .013.840.114.4 -2 -6  .00 1 3 -1  .02629574792 6 6 5 22 2 3.01 2.03 2.8 3.4  6.1    6.6   15.4    4.8  .03267 1 8 8 1▲ 1.239.80 -.4825.56103.417.9531.5242.3419405613.7424.3135.39 4
20260307토 9160010국521 4 77 2혼전 4451맑음포화15 9 8슬램드래곤      파워블레대즐링디 6837.00한수 5 0 0 2 1   55      33000국5토니  (주)메타 0 214 2 518 1 2 115  0코지  50054.587우자보88 78 7815  .068.048.433592030591620 044 02820233119404020↗↘입13.837.039.713.6285335.939.5100.2102.0 31 46 1515   13.50   13.2020 -2  4LN동54.34761714-2.2 6.8 4.6505012 0출주취소마방기습57기 0 8 4   4 2 2 1②1:40.2½    .013.839.014.1 -2  8  .00 2 4     .11816442378 9 5 2 11 1 9.04 7.08 1.8 3.7 36.9  147.4  403.3   93.1  .04188 3 9 9 3★ 1.439.70 -.6325.31103.419.5735.6548.3734536514.4726.6782.17 3
20251018토 71600 9국453 6107 3 1강 1151흐림포화19 9 8슬램드래곤      파워블레대즐링디 6837.00한수 4 0 0 2 3  414      33000국4토니  (주)메타 0 313 1 418 2 2 115  0이상규  051.056평자보85 62 621524.037.013.6 0 0 02871 720 015 02820132314404020↗→입13.937.139.813.62253                   31 38 1515   13.90   13.40 3  5  0BU동54.34761714-2.0 7.0 5.0444412 0부중유리부중유리 5기 110                    취소    13.9    13.4     0  .07                     10 7 6 80 2 1.08 1.06 3.2 6.3  3.2   48.6   89.4   52.6  .03130 0 3 2 0― -.939.80  .10     103.6 3.21 6.9513.63 2 714 2.19 8.8718.59 7
20250928일 61600 9국542 2 97 4혼전 4431흐림불량20 9 8슬램드래곤      파워블레대즐링디 6837.00한수 4 0 0 9 2  248      33000혼4토니  김병진  -2 412 7 418 1 2 114  0이상규49251.055평자하45 38 3815 6.032.0 7.5 4 0 41546 8201415 028201323145050 0→↘입13.836.939.913.6294536.338.6 99.1101.6 25 42 1717   14.00   13.90 2  1 -3NUUP55.14731714-2.2 7.4 5.2414112 2일반주행보통주행39기 0 5 6   6 7 6 3③1:39.1¾    .013.938.013.4 -4 -6  .00 3 7  2  .71238221575 8 5 8103 1 8.01 7.02 1.7 4.3 43.7   19.4  117.0   70.7  .015 5-4 1 1-4▼-1.339.90  .3024.80103.5  .87 3.07 7.45 0 4 6 1.22 4.21 9.1810
20250913토 31400 8국430 3 87 5 1강 1151맑음포화19 9 8슬램드래곤      파워블레대즐링디 6837.00한수 4     2 2  303      33000국4토니  김병진  -2 511 6 718 3 2 1 0  0김태훈49853.577평자보48 35 35 7 8.037.015.51740 81546 82014262928201224215050 0↘↗입13.837.139.313.5366136.939.9 87.2 89.2 27 45 1818   14.00   14.9030 -2 -2VUDN55.14731714-3.2 7.4 4.2545412-2일반주행휴양불리46기 0 4 4     5 5 7⑦1:27.2코   1.314.038.813.9  2 11  .00 7 5 -2 1.35738676040 5 6 6 7210 4.02 2.01 2.2 4.3  9.8   17.5   48.6    8.8  .01511-3 3 2-3▽-1.038.90  .2712.8288.86 2.34 7.0115.47 2 715 2.20 5.7513.20 6
20250216일 9160010국420 5 77 6 1강 1151흐림건조 4 9 8슬램드래곤      파워블레대즐링디 6837.00한수 4 0 0 2 5  89117:00 33000국4토니  김병진  -2 610 5 318 2 2 112  0김태훈48755.075평자상55 36 3615 9.039.010.72040111317 82014262928201224215050 0↗→입13.836.639.713.5485736.640.0103.7103.2 30 50 2020   13.70   14.00 3 -2  1NN동55.14731714-2.2 7.4 5.2525212 0일반주행보통주행 1기 0 6 6   6 7 7 7⑥1:43.71½  1.514.041.214.9 -1 -8  .00 6 7 -3 2.46060647036 7 710100 9 5.01 3.02     4.2  9.1    8.7   21.4   28.3  .01510-2 3 3-2▽ -.939.70  .4426.85103.2 2.05 5.0110.71 1 4 7 1.26 4.08 8.1710
20250126일 8160010국454 6 57 7 3강 3351맑음건조 3 9 8슬램드래곤      파워블레대즐링디 6837.00한수 4     9 5  93616:05 33000국4토니  김병진  -2 7 9 4 218 1 2 1 0  0김태훈49554.075기선적47 40 4015 6.037.012.12040111317 82014262928201224215050 0↗→입13.836.439.613.4626137.238.9103.5102.4 33 56 2222   14.40   13.8020 -1  0LH동55.14731714-1.4 7.4 6.0464612 0일반주행휴양불리 1   0 8 5   5 8 8 4④1:43.52    1.413.739.814.0 -6  5  .00 410  5 2.83692325539 5 4 9 93 8 2.09 1.04     3.4  3.6   51.5   93.8  183.8  .01512-2 2 2-2▽-1.139.60  .5526.39103.0 1.89 5.2212.14 2 714  .99 3.79 8.6010
20240907토11160010국452 7107 8 1강 1151맑음다습11 9 8슬램드래곤      파워블레대즐링디 6837.00한수 3 0 0 2 7 135621:00 33000국4토니  김병진  -2 8 8 3 118 1 2 110  0먼로  49054.089기선적61 53 531543.051.026.43050 03150 5201424172820 731205050 0↗↘입13.836.239.913.3745336.338.9103.4102.8 38 63 2525   14.30   13.70 5  1  1BNUP55.14731714 -.8 6.0 5.2545412 2착차만회기복전력 1기 0 9 9   9 6 7 4③1:43.46    1.014.439.513.8 -2  9  .00 3 5 -3 1.04740312453 2 6 6 63 1 1.02 4.02     5.3  2.7    5.3    9.4   12.9  .02560 0 5 5 0― -.139.90  .1826.65103.1 7.0916.5926.37 81829 8.1818.2628.13 5
20240804일 7140010국452 6107 9혼전 4461맑음건조 3 9 8슬램드래곤      파워블레대즐링디 6837.00한수 3 0 0 1 8 143813:55 33000국4토니  김병진  -2 9 7 2 618 2 2 1 9  0푸르칸48153.572우선하37 35 357723.039.019.212 0 62436 62014112428201424215050 0→→추13.836.639.513.3745337.738.8 87.5 88.3 43 57 2929   13.80   14.80 5  0  0LU동55.14731714-1.2 5.2 4.0656512 0일반주행보통주행 1기 0 8 8     8 7 6⑤1:27.5½    .814.338.713.7 -3-15  .00 5 8  1 1.02477284659 1 810 90 2 4.0310.03     7.4  6.3   14.2   24.3   13.9  .01854 0 4 4 0― -.739.20  .3512.2288.66 4.4111.5119.20 2 510 7.7915.8519.53 5
20240629토 8140010국453 410710혼전 4451맑음건조 5 9 8슬램드래곤      파워블레대즐링디 6837.00한수 3 0 0 9 8 154516:30 33000국4토니  김병진  -210 6 1 518 1 2 1 8  0푸르칸49653.572기입적82 85 855446.045.019.412 0 62436 62014112428201424215050 0→→추13.736.739.513.3695336.640.8 89.0 89.5 50 67 3333   13.70   13.20 4  6 -1BU동55.14731714 -.2 4.8 4.6595912 0마방강공기복전력 1조 0 8 4     1 1 4⑧1:29.0목   1.813.841.014.8  1  3  .00 8 7  0 2.26423867728 3 7 4 61 1 5.0410.09     5.6  8.8   35.0   73.4   43.1  .02047 0 5 3 0― -.439.30  .2913.2988.73 4.8910.6419.36 5132214.5822.5633.79 4
20240601토 41400 9국541 9 9711혼전 4459맑음건조 3 9 8슬램드래곤      파워블레대즐링디 6837.00한수 3 0 0 1 9 163313:10 24750국5토니  김병진  -211 5 4 418 5 1 1 7  0김태훈49354.572우입보36 39 398155.060.051.62899 93360302014262928201224213367 0↗↘입13.836.739.613.3685337.137.6 88.1 86.8 40 60 4020   13.50   15.40 8  0 -1NHUP55.34661714  .0 3.5 3.5676712 1마주성향마방강공 1기 0 2 1     1 1 1①1:28.16   -1.013.738.213.2 -6  5  .00 1 7 -3  .0 146 3 299 1 7 4 21 7 7.02 2.06     4.5 15.6   26.6   83.0   92.212.73184 2 7 8 2▲  .838.70 -.6410.4688.8019.2536.7051.6018375422.2240.0050.27 1
20240406토 4130011국551 810712혼전 4451맑음양호 6 9 8슬램드래곤      파워블레대즐링디 6837.00한수 3 0 0 110 180517:15 24750국5토니  김병진  -212 4 3 218 4 1 1 6  0김태훈48855.569강입하 8 24 246819.043.016.01599 41443 72014262928201224213367 0↗↗입13.837.139.013.3788336.841.6 84.7 84.6 50 75 2525   14.20   15.50 4 -6  1NNDN55.34661714 -.7 3.0 2.3828212-4마방강공마주성향 1기 0 2 5     9 8 8⑨1:24.72    1.913.541.715.4 -1  9  .00 910  7 1.98415948627 5 5 8110 6 7.11 3.08    10.6 11.3  226.2  309.0  271.013.22257 0 5 4 0― -.240.30  .82 8.4782.71 3.67 8.7216.01 1 3 6 2.97 6.31 8.2911
20240309토 51700 8국550 5 5713 1강 1159맑음건조 4 9 8슬램드래곤      파워블레대즐링디 6837.00한수 3 0 0 210 189214:00 24750국5토니  김병진  -213 3 2 118 3 1 1 5  0김태훈47955.069우입보61 60 608168.055.052.71599 41443 72014262928201224213367 0↗↗입13.839.541.013.3696939.643.6116.3116.0 50 75 2525   13.90   14.60 2  7  1VNUP55.34661714-1.0 4.0 3.0767612 3마주성향마방강공 1기 0 8 3 3 5 4 5 8⑧1:56.312   4.314.243.915.5  5  0  .01 8 3 -2 4.393349493 6 1 4 2 32 5 5.02 2.05     2.4 13.7   24.5   79.1  161.4  .02572 0 7 6 0―  .642.00 -.3935.54113.416.8433.0352.7013284331.1148.6070.06 3
20240224토 5140012국524 9 7714혼전 4451맑음포화15 9 8슬램드래곤      파워블레대즐링디 6837.00한수 3 0 1 910 193614:00 24750국5토니  김병진  -214 2 1 318 2 1 1 4  1김태훈47954.069우입보96 95 956563.051.020.91599 41443 72014262928201224213367 0↗↗입13.837.239.213.3367336.741.0 90.5 89.8 67100 3333   13.90   13.50 5 -2 -2UU동55.34661414-1.0 5.0 4.0666614 0일반주행마주성향 1기 0 1 7     8 9 7⑦1:30.5코   2.013.941.314.6  2  3  .00 7 5  4 2.27226888228 7 3 1 60 4 4.0212.11     3.3 10.6   15.0   44.4   30.110.52261 0 7 5 0―  .038.90  .1113.3688.86 5.9313.5420.91 51322 8.7719.2518.92 4
20240121일 11400 9국610 9 6715혼전 4459흐림포화18 9 8슬램드래곤      파워블레대즐링디 6837.00한수 3 0 0 211 201710:35 16500국6토니  김병진  -215 1 4 218 1 0 1 3  0김태훈47656.081우입하89 35 3578  .068.078.2255018253611201426292820122421 099 0↘↗입13.837.239.413.3336136.539.2 89.0 87.8 50100  050   14.20   14.00 4  0  1VVUP55.04611412         3.0    12 1탐색주행혈통무난 1기 1 3 2     1 1 1①1:29.01¼  -.213.939.313.5  0  3  .00 1 1  0  .01117431994 3 4 6 11 3 1.02 3.09     3.9  1.4    4.8    6.3   12.512.73177 2 7 8 2▲ 1.238.50-1.5111.2289.0038.1761.0978.2237577118.3334.1164.73 2
20260919토 9160010국3 4 3  3 0혼전 4451           9 9안양기쁨        투아너앤찬란한에 6131.00한암 4 0 0   1    017:25 41250혼3이신우(주)에이 1 016 1 326 1 4 326  0서승운   52.583평자보50 52 521540.055.029.02335132161 82057 0 02114272717503020↗↘선13.836.540.513.95517                   41 36 3618   13.70   13.20 4  6  0LH동53.24791814 -.6 5.2 4.6595913 0연대우수마방연대36트 0 9                            13.7    13.2        .0                       51010 6  1                                              .03360 0 6 7 0―  .540.50 -.30     103.6 8.2217.8028.96 61627 5.9411.8222.87 9
20260822토 81600 7국411 6 63 1혼전 4451흐림불량20 9 9안양기쁨        투아너앤찬란한에 6131.00한암 4 0 0 2 1   74      49500혼3이신우(주)에이 1 115 2 226 1 4 225  0푸르칸49252.578평자상64 70 701570.065.051.92457152161 8205726 02114142421443322↗→추13.736.540.513.9571736.539.0 99.5102.0 38 33 3819   13.50   14.70 4 -3 -5HHUP53.24781814-1.6 6.0 4.4606013 2뒷심부족연대우수48기 1 3 1   1 1 1 1②1:39.51¼   .013.737.813.2  0  4  .00 2 2 -3  .21953312984 2 8 4 31 1 4.02 1.03 1.6 4.0  8.2   18.9   43.2    8.3  .03775 3 8 9 3▲ 1.240.50 -.8625.00103.622.0138.0351.9312264017.8633.1447.55 2
20260726일 6140011국452 4103 2 3강 3351맑음양호 9 9 9안양기쁨        투아너앤찬란한에 6131.00한암 4 0 0 9 1   56      33000국4이신우(주)에이 1 214 11226 1 4 224  0안드레48857.092평자보20 24 243928.047.017.72647 52161 82057 0 021143827 4383825↗→선13.837.039.813.9402235.640.9 87.3 88.3 35 30 2520   13.50   14.40 6  5  3NBUP52.84771814-1.4 7.0 5.6474713 1거리늘어보통주행80기 0 6 4     1 1 2③1:27.3목    .013.540.614.7 -2 -4  .00 3 5 -1  .523 1844279 81011 81 1 1.0611.08 2.8 6.6  2.8   12.2   17.0   42.5  .03258-1 5 5-1▽ -.438.80 -.0511.4589.14 4.44 9.6517.65 41118 3.31 9.8419.17 7
20260613토 91300 9국531 4 83 3 1강 1151맑음건조 3 9 9안양기쁨        투아너앤찬란한에 6131.00한암 4 0 0 2 1  112      41250국5홍대유(주)에이 1 313 3 326 4 4 223  0권중석49254.066평자보35 38 384614.046.027.61341 61943121520 0 01914191818383825↘→선13.837.439.313.8415336.940.3 83.0 83.7 37 32 2616   13.80   14.90 4  0  0UNDN52.84771814-1.6 6.6 5.0555513-3일반주행최적거리43기 0 1 5     4 5 6⑤1:23.0¾   1.113.540.314.4 -1  1  .00 5 6  0 1.66720786146 8 2 6 72 4 1.05 3.06 2.5 5.0  2.5   18.6   25.0   14.2  .01839 0 4 4 0― -.239.80  .12 7.0283.10 7.3616.3127.64 41118 3.37 9.0415.61 7
20260516토 8160010국512 9 63 4 2강 2244맑음건조 3 9 9안양기쁨        투아너앤찬란한에 6131.00한암 4 0 0 2 1   73      33000국5홍대유(주)에이 1 412 2 126 3 4 222  0권중석49154.066우자보43 46 461520.038.013.81341 61943121520 0 01914191818383825↘→선13.837.140.513.8232236.241.1104.7104.0 39 39 3311   14.20   13.80 4-10  2UNUP52.84771814-1.4 5.8 4.4656513 2작전마주보통주행50기 0 1 1   1 3 2 4⑥1:44.74    1.513.841.714.9  0  1  .00 6 6 -1 2.57630818040 9 9 6 90 3 5.01 2.04 2.2 6.9  8.4    9.7   25.5   19.5  .02013-2 4 5-2▽-1.040.50 -.2226.42103.9 2.21 6.2813.84 2 714 3.57 7.6217.42 7
20260418토10140010국442 7 93 5혼전 4451맑음건조 4 9 9안양기쁨        투아너앤찬란한에 6131.00한암 4 0 0 2 1   73      33000국4홍대유(주)에이 1 511 11126 2 4 221  0권중석49052.566우자상87 94 944564.048.018.81341 61943121520 0 01914191818383825↘→선13.737.039.613.8433737.439.3 89.9 89.4 41 41 4112   13.80   14.20 4  5 -1BH동52.84771814-1.8 5.0 3.2767613 0교체성공작전마주78기 111 9     5 5 6⑦1:29.91    1.314.239.613.8  0  1  .00 7 7  1 1.56266445242 811 2 82 2 1.09 4.09 2.6 4.6  2.6   37.5   49.8   39.510.53049 0 7 5 0― -.239.00  .0412.7689.00 4.6410.6318.75 2 714 8.0018.1828.43 6
20260322일 6140010국512 9 63 6 2강 2259맑음건조 5 9 9안양기쁨        투아너앤찬란한에 6131.00한암 4 0 0 2 1   68      41250국5홍대유(주)에이 1 610 21026 1 3 220  0권중석48953.066평자보36 36 362723.046.022.11341 61943121520 0 01914191818432929↘→선13.736.939.713.8503037.038.7 89.3 88.0 38 38 3819   15.10   14.40 5 -5  0NNDN52.74751812 -.8 4.6 3.8707013-4일반주행보통주행29기 0 6 3     3 3 1①1:29.31¼  -.213.839.414.2 -5  5  .00 1 6 -4  .01646272195 5 8 4 72 1 6.08 6.10 1.6 4.6 18.4  194.4  373.5  372.3  .01842 0 4 5 0― -.138.80 -.0411.4489.00 4.8712.6922.11 51220 5.3111.7621.15 5
20260215일 6180011국423 3 73 7혼전 4441맑음건조 3 9 9안양기쁨        투아너앤찬란한에 4936.00한암 4 0 0 2 1   78      33000국4홍대유(주)에이 1 7 9 1 126 1 3 219  0김옥성48453.057우자하40 36 3610 9.029.0 6.6 6 0 61943121520 6 51914141618432929→→추13.739.940.613.8603740.142.6119.7120.7 40 40 4720   14.50   14.80 5  4 -1VNUP52.74751812 -.8 3.8 3.0757513 4거리늘어거리속성44기 11110 9 9 9 8 8⑨1:59.72½  2.215.141.414.4 -1 -1  .00 910  4 2.48449898920 8 5 8110 1 1.0210.09 2.5 3.1  2.5    3.1    4.8   11.5  .03226-2 3 3-2▽-1.641.30  .4040.18118.7 1.08 2.49 6.62 1 2 4 2.15 6.1210.4411
20260110토 81400 9국512 5 13 8혼전 4431눈  양호 8 9 9안양기쁨        투아너앤찬란한에 6131.00한암 4 0 0 2 1   98      33000국5홍대유(주)에이 1 8 8 2 926 9 3 218  0문정균48553.576우자하65 62 623715.037.0 9.31118 6194312152017201914131923432929↘↗추13.836.939.413.8504937.940.5 90.3 90.7 40 40 4013   13.80   14.10 4  0 -2NN동52.74751412-1.2 4.6 3.4666613 0일반주행보통주행52기 1 7 9     9 9 9⑨1:30.31    2.414.540.514.8  3  5  .05 9 6  3 3.98886799019 9 6 8100 9 1.02 3.02 1.5 3.4  1.5    3.4    4.6   31.7  .01519-3 3 4-3▽-1.139.40  .4914.3788.80 1.13 3.62 9.31 1 4 7 2.56 7.8914.29 7
20251214일 8140011국442 5 93 9 1강 1151맑음포화18 9 9안양기쁨        투아너앤찬란한에 6131.00한암 3 0 0 2 1   69      41250국4홍대유(주)에이 1 9 7 1 826 8 3 217  0문정균48055.576우자하45 47 473122.044.019.91118 6194312152017201914131923432929↘↗추13.836.839.613.9583736.640.2 87.1 89.0 40 33 3313   13.80   14.20 3 -1  1NB동52.74751412-1.2 4.6 3.4666613 0숨은복병보통주행87기 1 7 6     3 3 6⑦1:27.11    1.213.839.414.1  4 -2  .09 7 3  1 1.35226756446 5 8 6 70 8 1.07 8.06     5.6  3.0   35.7   54.3  543.6  .01924 0 5 6 0― -.539.10  .1312.6288.86 4.4211.1019.93 41118 4.04 9.3016.24 7
20251123일 8140011국534 3 8310 1강 1151맑음건조 3 9 9안양기쁨        투아너앤찬란한에 6131.00한암 3 0 0 2 1   92      33000혼4홍대유(주)에이 110 611 726 7 3 216  0문정균48254.576평자보73 79 794242.049.019.91118 6194312152017201914131923432929↘↗추13.836.739.713.9653036.740.5 88.3 89.6 40 40 4013   13.90   13.20 5 -1  1NL동52.74751412-1.0 5.4 4.4595913 0일반주행보통주행55기 1 8 3     6 5 7⑦1:28.3머리 1.413.840.014.2  5 15  .09 7 2 -2 1.56726807037 7 5 4 72 7 1.06 2.05 2.1 4.0  2.1   16.9   25.2   39.5  .01526-1 5 4-1▽ -.239.30  .1313.1688.86 4.3110.8919.89 41118 4.4812.9821.89 7
20251019일10140011국514 9 6311혼전 4451맑음포화16 9 9안양기쁨        투아너앤찬란한에 6131.00한암 3 0 0 2 1  200      41250혼4홍대유(주)에이 111 510 626 6 3 115  0문정균46753.576평자보67 69 695965.066.032.51118 6194312152017201914131923503317↘↗추13.836.639.813.9712237.338.4 87.7 87.9 36 36 43 7   13.70   13.30 5  5  1NN동52.64761412 -.4 5.4 5.0505013 0선입실패보통주행74기 1 911    11 7 2②1:27.73     .013.938.213.2 -2-18  .00 2 4  2  .51260161992 6 6 6 53 6 8.04 3.09 2.0 6.5 19.0   55.1  129.0   83.9  .03563 3 7 8 3▲ 1.339.10 -.1811.4788.86 9.3921.0732.48 51322 9.8422.4034.29 5
20250913토 21400 8국422 3 2312 3강 3351맑음포화19 9 9안양기쁨        투아너앤찬란한에 6131.00한암 3 0 0 2 2  30414:05 33000국4홍대유(주)에이 112 4 9 526 5 3 114  0문정균48553.077평자상54 63 636256.060.047.72467 01838 4152017201914131923503317→↘추13.836.739.914.0701737.038.7 86.0 88.2 31 31 46 8   13.60   13.90 4  1  1HN동52.64761412 -.4 7.0 6.6383813 0적정체중탄력호조43기 0 4 4     4 4 3③1:26.0½    .013.737.613.3  1 11  .00 3 2 -1 1.51941261983 3 8 4 32 5 1.03 1.05     1.7  1.7    7.5   10.3    3.8  .03056 0 6 7 0―  .739.00 -.7211.5589.0015.1032.7447.7412264010.0024.3937.50 4
20250817일 6140011국452 610313혼전 4451맑음양호 7 9 9안양기쁨        투아너앤찬란한에 6131.00한암 3 0 0 2 2  37414:25 33000국4홍대유(주)에이 113 3 8 426 4 2 113  0문정균47452.077평입보31 38 384834.048.024.62467 01838 41520172019141319236040 0→↘추13.836.739.914.0691736.639.1 87.7 88.2 25 25 50 8   13.60   14.20 5  1  0HH동52.74771412 -.2 6.0 5.8484813 0선입실패보통주행44기 1 3 6     6 6 2①1:27.71¼  -.213.639.113.9 -2 -2  .00 1 3 -1  .02222412093 610 6 63 4 3.01 3.10     5.3  7.1    8.2   23.1    7.9  .02928-1 5 5-1▽ -.339.10 -.1211.6389.00 6.6115.9024.64 51322 8.8221.2533.33 4
20250712토 8140011국441 5 9314 1강 1141맑음건조 5 9 9안양기쁨        투아너앤찬란한에 6131.00한암 3 0 0 2 3  46717:30 33000국4홍대유(주)에이 114 2 7 326 3 2 112  0문정균47652.060평입상20 28 286636.046.021.31599 81854101520172019141319237525 0↘→추13.836.539.913.9841536.939.6 89.1 88.9 27 27 55 9   13.70   14.00 3 -4  0UH동52.94771412  .6 5.2 5.8575713 0일반주행보통주행74기 2 2 3     5 5 4④1:29.11     .613.639.914.2  0 -4  .00 4 4 -2  .84634594963 3 9 9 62 3 1.06 9.10     5.3  3.3   20.3   25.3   18.7  .01535 0 5 5 0― -.339.40  .1112.5188.86 5.0313.0621.31 51322 5.7413.2724.00 5
20250621토 51400 8국434 5 3315혼전 4451흐림포화19 9 9안양기쁨        투아너앤찬란한에 6131.00한암 3 0 0 2 3  53014:40 33000국4홍대유(주)에이 115 1 6 226 2 2 111  0문정균48052.060평선상45 41 416431.046.020.61599 81854101520172019141319237525 0↘→추13.836.539.913.9831936.540.6 87.4 89.5 30 30 5010   14.30   13.30 4 -3  0NHUP52.94771412  .2 4.2 4.4666613 2일반주행보통주행48기 1 6 7     6 6 6⑤1:27.41¼  1.113.739.514.0 -1  5  .00 5 6 -2 1.46516826846 3 7 7 72 2 5.03 8.05     3.1 13.5   24.1   65.8   15.0  .01535 0 4 5 0― -.339.50  .1113.1088.86 4.0711.4220.63 41118 3.8813.1318.88 6
20260919토 9160010외3 4 3  6 0혼전 4451           910이스트비치      OMAHA BEPECTORAL 7333.00호수 4 0 0   1    017:25 41250혼3토니  이민정  99 0 9 1 4 8 8 1 2 8  0이혁     52.577기선보50 60 601551.059.035.82359 830591620373338282028211899 0 0↗↘선13.835.840.213.993 6                   38 38 50 0   13.90   13.70 5  3 -4VHDN54.55101818 -.6 4.6 4.0626218-2선행반복기복전력46기 010                            13.9    13.7        .0                       1 9 9 3  8                                              .03252 1 7 8 1▲  .940.20 -.02     103.012.9524.3635.7719395512.8724.5532.93 3
20260815토 7180010외443 7 96 1 1강 1151흐림건조 3 910이스트비치      OMAHA BEPECTORAL 73     호수 4 0 0 2 1  106      33000혼4토니  이민정  99 1 8 8 2 8 7 1 1 7  0이혁  50156.576기선적55 56 566073.069.064.82359 830591620373338282028211899 0 0↗↘선13.839.440.913.984 737.741.0117.8117.6 29 29 43 0   14.10   14.00 7 -4  1NB동52.55181812  .4 5.0 5.4525218 0신뢰마주신뢰마주60기 0 7 1 1 1 1 1 1②1:57.81½   .013.940.713.7  0 -6  .00 2 2 -3  .212 165 489 1 7 5 11 7 8.02 4.07 2.2 4.6 25.9   47.9  149.8   75.9  .03775 3 8 8 3▲ 1.741.40 -.8437.25118.732.3750.8164.8137597118.4834.3846.55 2
20260627토 8180011외412 7 66 2 1강 1157맑음건조 4 910이스트비치      OMAHA BEPECTORAL 73     호수 4 0 0 9 1  113      33000혼4토니  이민정  99 2 7 7 1 8 6 1 0 6  0이혁  50755.576평선상38 38 381965.063.043.12359 830591620373338282028211899 0 0↗↘선13.839.740.914.066 838.742.1117.5118.3 17 17 33 0   14.00   13.40 6  9  3VBUP52.55181812 1.4 4.6 6.0393912 2최근최상신뢰마주38기 011 3 3 2 2 2 3②1:57.56     .014.141.214.0 -3-11  .00 2 5  0 1.121 5835289 2 8 4 21 6 1.05 6.11 1.2 3.5  1.2    8.0    9.8   12.5  .02860 1 7 7 1―  .941.20 -.4337.67118.817.0630.2343.0720415514.6332.9450.00 2
20260516토 8160010외412 9 66 3 2강 2254맑음건조 3 910이스트비치      OMAHA BEPECTORAL 7333.00호수 4 0 0 2 1   93      33000혼4토니  이민정  99 3 6 6 3 8 5 0 0 5  0이혁  51852.577하입하16  3  31575.064.045.72359 8305916203733382820282118      ↗↘선13.736.240.414.070 535.639.3102.2101.6  0  0 20 0   14.30   13.80 3 -8  0HHDN       1712 3.0 4.2 7.2313114-1일반주행거리탄력49기 0 2 3   3 1 1 1①1:42.26   -1.014.039.913.4 -4  3  .00 1 5 -1  .0 8 6411299 2 8 9 31 5 5.01 2.04 2.2 6.9  8.4    9.7   25.5   19.5  .02546 1 6 8 1▲ 1.040.40 -.5324.99103.416.5031.1845.6912264017.8632.3846.45 2
20260426일 5170010외433 3 86 4 1강 1151맑음건조 3 910이스트비치      OMAHA BEPECTORAL 7333.00호수 4 0 0 9 1   46      33000혼4토니  이민정  99 4 5 5 1 8 4 0 0 4  0이혁  51552.577하선보35 17 172144.055.029.92359 8305916203733382820282118      ↗↘선13.539.342.113.9761039.741.9114.2115.0  0  0 25 0   13.70   14.00 4  5  0NHUP       1712 3.0 3.8 6.8333312 1일반주행거리속성92기 010 5 5 5 4 6 9⑨1:54.25    2.214.341.413.8  3  4  .00 9 6  1 2.48341726920 311 9 52 4 1.04 3.08 1.9 3.3  1.9    9.2   11.6   16.3  .01836 0 5 5 0―  .642.00 -.3333.61114.0 9.5419.3429.85 61627 7.9218.6927.80 5
20260328토 8160010외412 9 16 5 3강 3351맑음건조 3 910이스트비치      OMAHA BEPECTORAL 7333.00호수 4 0 0 9 1   77      33000혼4토니  이민정  99 5 4 4 2 8 3 0 0 3  0이혁  51152.577하선하38 26 261551.061.036.02359 8305916203733382820282118      ↗↘선13.536.342.313.868 536.240.4103.8103.4  0  0 33 0   14.60   13.4018 -5  1NNUP       1612 3.7 3.3 7.0373712 2일반주행휴양불리47조 0 5 4   4 3 3 5⑥1:43.8코   2.013.740.914.0  1 -2  .00 6 5  1 2.05630696328 310 9 52 3 4.01 1.02 1.2 1.9 19.1    8.1   45.5    6.8  .02535 1 6 7 1―  .842.30-1.2024.77104.511.8423.8036.01 9203413.6827.0035.53 3
20251123일 8140011외434 6 86 6 1강 1151맑음건조 3 910이스트비치      OMAHA BEPECTORAL 7333.00호수 3 0 0 2 2  355      33000혼4토니  이민정  99 6 3 3 1 8 2 0 0 2  0이혁  51352.080하도보29 17 177261.066.044.91231 51546 8203733382820282118      ↘↗선13.536.441.014.482 437.140.1 88.6 89.4  0  0 50 0   13.40   14.90 4  7  0BHDN       1612 3.0 3.0 6.0404012-2교체실패마번불리 5기 010 8     7 7 8⑨1:28.6목   1.714.040.214.1  5  0  .00 9 4  1 1.86148696833 210 8 30 2 1.06 2.05 2.1 4.0  2.1   16.9   25.2   39.5  .03570 3 7 8 3▲ 1.339.60-1.1312.0189.5515.2331.9544.88122640 6.7214.5027.57 6
20251025토 7160010외411 3 66 7 2강 2251맑음건조 5 910이스트비치      OMAHA BEPECTORAL 7333.00호수 3 0 0 9 1  192      33000혼4토니  이민정  99 7 2 2 1 8 1 0 0 1  0이혁  51352.077하도하38 42 421583.070.057.32359 8305916203733382820282118      ↗↘선13.535.841.914.498 336.440.4103.4103.4  0  0100 0   13.20   14.70 8 -1 -4HHUP       1612 4.0 3.0 7.0555512 4마방습성도주호기38조 0 3 1   1 1 1 4⑤1:43.41¾  2.013.440.614.9  2 15  .00 5 3  0 2.36745717423 110 7 21 1 1.04 7.04 1.6 5.5  1.6    6.0    8.3   12.3  .03582 3 7 8 3▲ 1.541.90-1.2925.72104.024.3344.4157.3237577123.4042.3355.32 2
20250830토 3120012외431 3 86 8혼전 4459맑음불량20 910이스트비치      OMAHA BEPECTORAL        호수 3     9 2  345      41250혼4토니  이민정  99 8 1 1 1 8 1 0 0 0  0코지  49856.086평무보   25 2540  .064.037.42060 91546 8203744502820233119      ↗↗입13.536.738.514.5    35.740.1 74.4 76.5              13.50   14.80 4  0  0NL동       12 0                 0 0일반주행마방습성58기 2 4 1     2 2 3⑦1:14.4¾    .813.239.714.7  4  0  .00 7 3  0 1.661 1844154 4 410 31 1 7.05 2.12 3.0 5.4 29.1  174.2  500.4  474.612.72871 2 6 8 2▲ 1.139.00  .22 1.2675.6113.6726.3437.42102235 8.8717.5338.65 2
20260919토10120011국4 2 4  5 0혼전 4451          10 1사이클론스타    지롤라모나스티캣 4621.00한거 5 0 0   1    017:55 33000국4강환민신승열  -3 016 21522 4 3 120  0김정준   54.074기입보50 50 505123.050.021.01436 91955102318 9 01919132026202060↗↗추13.837.038.813.86053                   35 47 1824   13.70   13.8016 -2 -1UH동55.14601412-1.2 6.6 5.4545414 0배당마주배당마주42관 0 1                            13.7    13.8        .0                       51010 7  4                                              .02239 0 4 5 0―  .138.80  .34     75.95 5.3612.0520.98 2 714 5.3110.9218.64 9
20260530토10120011국454 4 55 1 3강 3351맑음양호 710 1사이클론스타    지롤라모나스티캣 4621.00한거 5 0 0 9 2  303      33000국4강환민신승열  -3 115 11422 3 3 119  0김정준46054.581기자적74 76 766951.061.034.22364 81444 92318 9 01919132026202060↘↗추13.836.938.913.8704937.738.5 76.3 76.3 38 50 1925   13.80   13.20 4 -2  0UH동55.14601412-2.0 6.8 4.8616114 0배당마주배당마주 5   0 3 7     910 8⑥1:16.3½   1.113.738.913.8  1 -2  .00 6 5 -1 1.56175415747 7 7 5 53 3 1.0411.10 3.1 4.4  3.1   13.0   15.1    9.312.13369 2 6 7 2―  .938.80 -.03  .5275.9511.1222.2334.24 8182910.0021.6030.42 4
20260502토 6120011국534 6 85 2혼전 4441흐림건조 310 1사이클론스타    지롤라모나스티캣 4621.00한거 5 0 0 1 1   75      33000국5강환민신승열  -3 214 91322 2 3 118  0김정준46254.574기자보40 43 436025.056.029.81436 91955102318 9 01919132026252550↗↗추13.836.739.113.8853737.338.1 75.2 75.4 40 47 2033   13.60   14.30 4  1  0NH동55.34591412-1.2 7.6 6.4474714 0숨은복병배당마주 5   0 5 4     7 7 4③1:15.2목    .113.837.813.2 -3  0  .00 3 6  0  .22757252876 3 7 6 53 2 1.07 1.08 1.8 3.2  1.8   18.4   26.7   82.8  .02551 1 5 6 1―  .538.70  .08 -.3975.95 8.3418.1429.77 81829 9.0916.0822.70 6
20260404토 9120011국552 5 55 3혼전 4461맑음양호 610 1사이클론스타    지롤라모나스티캣 4621.00한거 5 0 0 1 1   76      33000국5강환민신승열  -3 313 81222 1 3 117  0김정준46254.574기자적75 76 767743.059.032.91436 91955102318 9 01919132026252550↗↗추13.836.839.113.8783736.439.9 76.0 76.3 36 50 2136   13.60   13.40 4  0  1UN동55.34591412 -.6 7.2 6.6474714 0교체성공기복전력 5   0 4 4     4 4 4⑤1:16.01¼  1.013.639.814.3 -1  0  .00 5 6 -2 1.45810805750 3 9 4 52 1 2.01 2.01 1.8 3.4  4.0    3.4    7.1   10.8  .03073 1 6 5 1―  .838.80 -.06  .3976.00 9.8421.0132.94 61325 9.2819.5129.13 5
20260308일 6120011국444 6 95 4혼전 4451맑음다습1310 1사이클론스타    지롤라모나스티캣 4621.00한거 5 0 0 2 1   68      33000국4강환민신승열  -3 412 71122 1 3 016  0최범현46254.093기자적18 15 155730.057.032.13159131955102318 0 01919183217252550→→입13.836.939.013.8724136.838.6 74.0 75.1 38 46 1531   13.80   15.00 5 -3 -2UH동55.34591412  .6 5.8 6.4474714 0배당마주배당마주 5   0 4 5     4 3 2②1:14.06     .013.637.913.4 -6-10  .00 2 8  0 1.11525402381 5 811 42 2 1.08 2.04 2.0 5.4  2.0   22.3   31.8   88.2  .02280 1 5 7 1△  .638.40 -.03 -.8376.00 9.6820.1132.06133045 4.9415.6424.30 4
20260201일 6120011국453 5105 5혼전 4451맑음건조 210 1사이클론스타    지롤라모나스티캣 4621.00한거 5 0 0 1 1   78      33000국4강환민신승열  -3 511 61022 2 3 015  0코지  47255.588우자적29 32 324928.048.020.83359201955102318 0 01919233119252550↗↘입13.936.938.713.9655737.240.6 77.1 77.8 42 50  025   13.70   15.20 4 -1  2NNDN55.34591412 -.8 5.2 4.4646414-2교체실패배당마주 5기 0 7 6     5 510⑪1:17.13    3.113.840.515.0  3  7  .0011 8  1 3.28947898811 4 810 70 6 2.03 1.09 2.9 6.5  4.0   10.7   21.7   59.9  .02036-1 5 6-1▽ -.339.20  .45 2.2275.84 4.7012.7020.75 41118 4.0811.7122.19 7
20260103토 9140011국414 8 65 6 1강 1151흐림다습1310 1사이클론스타    지롤라모나스티캣 4434.00한거 5 0 0 1 1   7616:55 33000국4강환민신승열  -3 610 5 322 1 3 014  0코지  46554.087우자보70 78 786293.064.044.43359201955102318 0 01919233119252550↗↘입13.836.739.713.8703736.441.9 89.3 90.4 42 50 2533   13.30   14.30 3  4  1NN동55.34591412 -.6 4.6 4.0666614 0배당마주마주성향42기 0 8 4     4 5 6⑨1:29.32    2.313.741.415.2  2  3  .05 9 7  1 2.78519949022 6 8 3 30 5 1.04 5.02     4.1  1.1    4.1    4.5   11.012.02879 2 8 8 2▲ 1.339.50 -.5013.9688.8615.1031.9444.4019395525.7147.5561.17 2
20251213토 6140011국454 6105 7 3강 3351비  불량2010 1사이클론스타    지롤라모나스티캣 4434.00한거 4 0 0 2 1   61      33000국4강환민신승열  -3 7 9 4 222 1 3 013  0최범현46253.593기입하19 17 174341.059.039.43159131955102318 0 01919183217 03367→→입13.937.039.413.8445336.340.0 86.8 88.1 36 45  936   13.80   15.40 3 -5 -3UUUP55.84581412 -.6 4.6 4.0666612 2배당마주배당마주45기 0 4 2     1 1 1③1:26.8¾    .013.339.314.3 -3-10  .00 3 6 -4  .62012704585 8 6 8 21 1 3.05 9.03     6.9  5.9   24.4   56.6  108.9  .03580 3 6 7 3△  .938.70 -.3611.7188.8615.6627.6839.43142947 6.9814.5825.42 6
20251123일 7120011국434 1 85 8혼전 4451맑음건조 310 1사이클론스타    지롤라모나스티캣 4621.00한거 4 0 0 2 1   93      33000국4강환민신승열  -3 8 8 3 922 1 3 012  0해리카47256.069우입적33 32 323718.044.019.2144411195510231816 01919172612 03367→→입13.937.338.313.8418537.140.9 76.8 78.7 40 50 1030   13.60   15.00 5  6  2NN동55.84581412 -.4 3.2 2.8717112 0승부최상배당마주52기 0 9 9     9 511⑪1:16.86    3.513.840.715.4  1 10  .001110  6 3.895419290 6 9 811 70 1 2.03 5.06 3.0 4.5  3.4    6.3   12.0   43.0  .03445 1 4 6 1― -.239.10  .51 3.0875.84 4.2410.6219.23 1 3 6 3.8110.7117.54 8
20251019일 6120011국444 4 45 9혼전 4451맑음포화1710 1사이클론스타    지롤라모나스티캣 4621.00한거 4 0 0 2 2  204      33000국4안병기신승열  -3 9 7 2 822 1 3 011  0마이아46254.593우입보72 73 737360.066.043.84063 5215510182439 018103533 7 03367→↘선13.937.438.213.8298937.840.6 77.3 78.8 40 50 1030   13.80   14.10 9 -2 -2UH동55.84581412-1.0 3.2 2.2737312 0승군시기승부최상64기 0 3 4     7 7 9⑪1:17.3½   3.513.640.515.0  7 17  .0911 4  0 3.695768993 811 3 4 30 4 1.02 5.02 1.9 3.5  1.9    3.5    5.4   25.9  .04594 3 7 8 3▲ 1.339.00 -.21 3.1675.8414.7030.4043.81102235 7.5522.6133.04 4
20250817일 7120011국452 410510 1강 1151맑음양호 710 1사이클론스타    지롤라모나스티캣 4621.00한거 4 0 0 2 2  37315:15 33000국4안병기신승열  -310 6 1 722 4 3 010  0코지  44556.086우입보91 93 937485.056.033.02060 9215510182428 01810233119 03367↗↗입13.937.338.213.8359136.839.3 75.9 76.2 44 56 1133   14.10   13.40 8 -6 -1NN동55.84581412-1.4 4.0 2.6737312 0뒷심문제승군시기 5   0 5 4     4 5 5⑥1:15.9¾   1.013.839.714.1  2-16  .00 6 4  3 2.25124654849 7 3 1 42 4 1.0210.07     5.1  2.1    5.1    7.9   23.4  .02868 1 7 6 1―  .738.30  .17  .6675.78 8.0320.9432.9610203521.6738.2244.07 3
20250621토 4120011국544 5 9511혼전 4451흐림포화1910 1사이클론스타    지롤라모나스티캣 4621.00한거 4 0 0 2 3  53113:45 24750국5안병기신승열  -311 5 2 622 3 2 0 9  0코지  46157.092우자적81 85 857575.064.039.62741 5345019182428 01810233119 05050↘↗입13.937.438.313.9348337.537.2 74.4 74.9 38 50 1325   14.00   13.30 8  0  3VL동55.34571412 -.6 4.6 4.0606012 0부중유리보통주행 5   01110    10 8 4①1:14.4½    .014.137.613.4  0  3  .00 1 1 -4  .01164 5108410 2 2 23 3 1.0511.09     6.5  2.7    9.3   15.8  132.312.73182 2 8 8 2▲ 1.137.80 -.15 -.8375.8914.9627.9439.6418375421.9832.2343.77 2
20250426토 5120011국524 4 7512 3강 3351맑음양호 810 1사이클론스타    지롤라모나스티캣 4621.00한거 4 0 0 9 4  69414:25 24750국5안병기신승열  -312 4 1 522 2 1 0 8  0코지  45854.087기자적86 82 826078.068.042.1325619226712182428 01810233119 0 099↗↘입13.837.338.614.0386537.138.2 75.2 75.4 29 43 1429   14.20   13.60 8  3 -3VU동56.54551412  .2 5.2 5.4464612 0교체성공기복전력 1기 011 5     5 4 4①1:15.2¾   -.214.038.313.3 -4  3  .00 1 5  2  .02339282190 9 7 3 22 2 5.0211.08     4.6  8.3   13.0   31.9   10.610.93075 1 7 8 1▲ 1.238.10 -.32 -.5276.0018.7232.1342.1034536520.0033.3335.21 3
20250302일 1120011국610 7 6513 3강 3359흐림건조 410 1사이클론스타    지롤라모나스티캣 4621.00한거 4 0 0 1 5  85610:35 16500국6안병기신승열  -313 310 422 1 0 0 7  0코지  45556.579기자적33 35 354222.053.034.3164011122510182428 01810233119      ↗↗입13.837.238.814.3464537.037.3 75.9 74.2 17 33 1717   13.90   15.60 5 -1  0NNDN       1412 -.2 6.8 6.6414113-2연대우수기복전력 1기 0 8 7     5 5 1①1:15.92½  -.514.238.313.6 -2  1  .00 1 3  0  .0 237 6 495 6 2 3 43 1 3.06 8.05     5.5 10.5   38.3   84.6   20.1  .03345 0 5 4 0―  .137.80 -.14-1.8276.06 9.6221.6734.31 92034 6.1513.7012.94 7
20250126일 2140011국610 7 1514 3강 3359맑음건조 310 1사이클론스타    지롤라모나스티캣 4434.00한거 4 0 0 9 5  94211:00 16500국6안병기신승열  -314 2 9 122 2 0 0 6  0마이아45456.593기자보15 20 205654.071.062.5344821122510182439 018103533 7      →→선13.836.939.814.3592236.341.2 92.0 90.0 17 33 1717   14.00   15.30 5  1  1NNUP       1412  .0 7.5 7.5363613 1승부최상연대우수 1기 0 9 2     3 3 4⑧1:32.0코   2.013.942.315.6  5-11  .01 8 3  0 2.37710907825 2 6 5 10 3 6.04 2.01     2.7 19.6   68.4  186.4  969.410.94178 3 8 9 3▲ 1.639.20-1.1813.3089.0729.2150.0162.50375771 5.8315.8112.00 9
20241222일 3130011국650 7 5515 3강 3351맑음양호 710 1사이클론스타    지롤라모나스티캣 4434.00한거 3 0 0 2 6 105212:05 16500국6안병기신승열  -315 1 8 222 1 0 0 5  0마이아46556.093기자상70 50 506282.074.071.83246201017 8182439 018103533 7      ↘→선13.737.339.814.0572237.839.7 85.1 84.0 20 40 2020   14.20   13.10 4  3  0NN동       1312  .7 8.3 9.0202013 0마방강공승부최상 1기 0 8 6     6 5 3⑤1:25.17    1.714.040.815.3  2  4  .00 5 3 -1 2.57360646932 4 6 3 22 2 1.02 3.04     2.6  1.7    2.6    4.3   15.1  .04595 4 8 9 4▲ 1.940.00-1.34 6.8683.3531.9255.1371.7837577119.6436.4435.77 3
20260919토10120011국4 2 4  4 0혼전 4451          10 2브라운맘마      오버애널맘마로마 6039.00한수 3 0 0   1    017:55 33000국4이관호남석우   4 011 1 510 4 3 0 9  0조한별   55.062우입보50 63 636533.042.017.1142110213911201815432321122118 06733↗↘입14.037.338.113.54185                   50 50 1325   14.10   13.40 5 -9 -1HH동54.04621412-1.2 3.8 2.6747413 0연대우수부중잇점53기 0 2                            14.1    13.4        .0                       8 3 611  9                                              .03356 0 5 5 0― -.438.10  .68     75.72 4.92 9.7917.06 1 2 4 3.54 9.2416.1010
20260817월10120011국554 4104 1혼전 4451흐림다습1310 2브라운맘마      오버애널맘마로마 6039.00한수 3 0 0 2 1   83      33000혼4이관호남석우   4 110 3 410 3 3 0 8  0조한별46556.062우자보86 90 9072  .057.022.4142110213911201815432321122118 06733↗↘입14.037.238.013.5508737.238.5 74.5 75.8 57 57 1429   13.60   12.60 4  1  1VN동54.04621412-1.6 3.6 2.0797913 0연대우수연대우수 5   011 9     9 7 4④1:14.5¾    .314.137.713.4 -3 -4  .00 4 7    1.34452383871 7 2 2 73 8 1.02 4.01 3.2 6.2  3.2    6.2   11.8   10.010.53762 0 7 6 0―  .538.30  .65  .6275.61 5.2212.3922.40 2 714 9.4819.1340.83 6
20260718토 7120010국552 6104 2 1강 1151흐림불량2010 2브라운맘마      오버애널맘마로마 6039.00한수 3 0 0 2 1   54      33000국5이관호남석우   4 2 9 2 310 2 3 0 8  0조한별46155.062우자보82 87 878186.058.029.7142110213911201815432321122118 06733↗↘입14.037.238.113.54885                   57 57 1414   14.00   13.20 3  9  3VN동54.04621412 -.6 3.4 2.8717113 0연대우수연대우수 5   010                    경제    14.0    13.2    -8  .07                      7 2 3 50 7 7.10 8.01 3.4 8.4 10.5  233.0  367.3  355.7  .03779 1 7 7 1△  .938.10  .36     75.67 8.8018.4729.73 6162716.0029.9340.50 3
20260627토 6120011국454 3104 3혼전 4451맑음건조 410 2브라운맘마      오버애널맘마로마 6039.00한수 3 0 0 9 1   55      33000국4이관호남석우   4 3 8 1 310 1 2 0 7  0조한별46952.562우자보84 88 887762.053.020.2142110213911201815432321122118 099 0↗↘입14.037.238.113.5488337.038.3 73.6 75.5 33 50 1717   14.00   13.40 4 -4 -2UUDN54.84591412 -.6 3.4 2.8717113-1작전마주연대우수48기 0 1 9     7 5 4①1:13.6½    .014.037.213.2 -4  3  .00 1 5  3  .02837302186 8 3 5 83 6 5.02 1.04 2.3 5.4 11.6   22.4   55.0  105.110.53781 0 6 7 0―  .238.20  .65  .2375.67 4.8712.3620.19 2 714 8.8518.1826.30 6
20260531일 5130011국542 5 44 4혼전 4457맑음양호 610 2브라운맘마      오버애널맘마로마 3440.00한수 3 0 0 9 1   46      24750국5이관호남석우   4 4 7 4 210 1 2 0 6  0권중석46654.066평자하65 58 585140.051.041.11341 6213911201814 02321191818 099 0↘→선14.037.238.913.6637337.738.9 82.0 82.5 20 40 2020   14.20   13.90 4  0 -3NHDN54.84591412-1.6 4.8 3.2656513-1전개최상작전마주64기 0 5 7     6 5 4③1:22.0머리  .014.038.813.4  1  7  .00 3 2  0  .12455363780 5 2 2 32 1 3.01 8.03 2.7 3.6  6.2    7.5   16.4    4.0  .03449-1 6 6-1▽ -.139.80  .12 6.4382.7114.3428.7941.0512264017.6526.8042.61 4
20260503일 3140011국533 7 34 5 2강 2251비  다습1010 2브라운맘마      오버애널맘마로마 3440.00한수 3 0 0 1 1   68      24750국5이관호남석우   4 5 6 3 210 1 2 0 5  0임기원45957.089우자하89 88 889290.069.062.51839 9213911201832 02321233316 099 0↘↗입13.936.838.813.4657637.239.7 88.4 89.0 25 50 2550   14.10   14.40 6  3  0NL동54.84591412-2.5 5.5 3.0717113 0연대우수전개최상40기 0 5 4     4 4 5④1:28.44    1.314.239.213.9  2 -2  .00 4 2  1 1.74750575541 3 1 1 12 1 3.0110.08 2.2 2.8  5.9    6.1   15.5   20.0  .04695 3 9 9 3★ 1.739.10 -.5013.4288.3231.5249.7862.5319405632.0056.9970.83 1
20260321토 6140010국550 9 54 6혼전 4451맑음건조 510 2브라운맘마      오버애널맘마로마 3440.00한수 3 1 1 2 1  121      24750국5이관호남석우   4 6 5 2 110 5 2 0 4  1조한별46157.061우자상82 80 808070.060.035.7142110213911201815432321122118 099 0↗↘입13.836.739.013.5716136.539.6 89.2 88.0 25 50 2525   13.90   13.60 8 -1  4ULUP54.84591412-2.7 6.3 3.7676713 1연대우수연대우수68기 0 2 4     3 3 3④1:29.2¾    .214.140.314.4  3  4  .01 4 1 -2  .21418553077 2 3 1 42 5 2.04 7.04 2.7 4.7  4.5   11.0   19.7   19.012.73780 2 8 8 2▲  .939.00  .1412.2988.3811.8623.5335.66 9213417.2431.3543.15 2
20260125일 5130010국522 1 74 7혼전 4461맑음건조 310 2브라운맘마      오버애널맘마로마 3440.00한수 3 0 0 2 1  142      24750국5이관호남석우   4 7 4 1 110 4 1 0 3  0조한별45753.561평자상90 90 908867.061.035.1142110213911201815432321122118 099 0↗↘입13.836.938.913.3838037.338.0 81.5 82.2 33 33 3333   13.60   13.60 6 -4 -3UUUP56.04611312-2.7 6.3 3.7676712 1연대우수연대우수 5기 0 3 5     4 4 3①1:21.51     .013.938.313.6 -2 -4  .00 1 3 -3  .0153811 774 2 3 2 32 4 3.01 3.09 1.7 2.8  9.8    7.7   29.6   17.010.53781 1 7 7 1△  .940.00  .48 6.3582.5211.9823.2435.0613304513.0424.0837.50 3
20251214일 11200 9국642 7 94 8 2강 2256맑음불량2010 2브라운맘마      오버애널맘마로마 6039.00한수 2 0 0 2 1  118      24750국6이관호남석우   4 8 3 3 210 3 0 0 2  0조한별46156.062평추보59 64 647070.064.048.0142110213911201815432321122118      ↗↘입13.837.438.212.8399136.438.2 73.8 74.1  0  0  050   13.80   14.70 7  4  0BN동       1210-1.5 6.5 5.0515110 0연대우수연대우수52기 1 7 5     4 3 2①1:13.85    -.813.638.113.6 -5  4  .00 1 6  2  .0 31030 896 5 2 2 32 3 6.04 7.06     5.4 13.4   25.1   65.3   18.7  .03769 0 7 7 0―  .937.60 -.32-1.4875.8415.4231.1448.0212264013.0425.8925.35 3
20251026일 1120011국640 5 44 9혼전 4451흐림건조 510 2브라운맘마      오버애널맘마로마 6039.00한수 2 0 0 9 1  187      24750국6이관호남석우   4 9 2 2 110 2 0 0 1  0조한별45756.062평추상79 73 738157.068.051.5142110213911201815432321122118      ↗↘입14.437.838.112.7249837.239.0 77.0 76.2  0  0  0**   14.40   12.60 6 -1  1HNUP       1210-4.0 9.0 5.0545410 2편성만만연대우수69기 1 3 3     2 3 4⑤1:17.04    1.113.840.014.7  1 -1  .00 5 4 -5 1.35148565346 9 2 3 31 2 5.03 5.01 1.8 2.9 34.1   54.5  193.5   30.612.73782 2 7 8 2▲ 1.337.80 -.60  .2776.0019.9537.8151.50122640 8.4117.3515.79 7
20250913토 1100010국650 210410 1강 1155맑음포화1910 2브라운맘마      오버애널맘마로마 6039.00한수 2     2 2  305      24750국6이관호남석우   410 1 1 110 1 0 0 0  0조한별45855.561평무보24 35 3521  .037.022.1 833 4215015201815432321122118      ↗↗입14.838.238.313.3171037.637.0 61.5 62.4              14.80   13.60 4  0  0NL동       10 0         6.0     0 0일반주행부중잇점44기 1 4 7     7 8 8⑤1:01.5머리  .914.436.612.6 -4 12  .00 5 9  0 1.53259132351 7 9 9 63 1 1.06 2.08 3.1 6.8  3.1   13.1   21.6   56.5  .01526-2 3 4-2▽-1.136.70 -.40-14.163.59 5.0011.2122.13 5132210.7821.0532.54 4
20260919토10120011국4 2 4  3 0혼전 4451          10 3운주프린스      테스타마팬시폴리 2526.00한수 3 0 0   1    017:55 33000국4김동균부수선  -5 0 8 1 2 7 1 2 1 7  0유승완   52.572강선보50 71 719368.055.026.81960 81751 6204019 019 81527227525 0→↘입13.736.738.914.18753                   50 67 3317   13.60   14.1011  2  0HHDN54.64851414-1.0 3.2 2.2848414-2배당마주전개최상38관 0 3                            13.6    14.1        .0                       211 1 5  1                                            12.74282 2 8 6 2▲  .538.90  .28     75.84 7.8216.3726.82 8182912.3921.8533.05 5
20260704토 9140010국553 4103 1혼전 4451흐림건조 410 3운주프린스      테스타마팬시폴리 5234.00한수 3 0 1 1 2  204      33000혼4김동균부수선  -5 1 7 3 3 7 1 2 1 6  1푸르칸48852.580우선하79 74 749049.058.028.1247516214212204025 019 81424216733 0↘↗추13.736.540.014.1862536.639.3 87.1 88.2 60 60 4020   13.40   14.80 3 -1  0UH동55.34831413-1.2 4.2 3.0737314 0전개최상배당마주43관 0 1 1     1 1 1④1:27.11     .213.639.114.1  0  0  .00 4 4  3  .22023442474 310 6 61 1 1.02 5.02 2.9 6.1  2.9    6.1   12.5    6.3  .03476 1 6 8 1▲  .639.30 -.1311.7088.93 8.3617.1128.08 51322 9.0918.1832.31 5
20260614일 71400 9국553 7 53 2 2강 2251비  건조 310 3운주프린스      테스타마팬시폴리 5234.00한수 3 0 1 2 1   44      33000국5김동균부수선  -5 2 6 2 2 7 5 2 1 5  1김용근48852.586우선보76 78 789887.067.072.92751141751 6204024 019 83127146733 0↘↘선13.736.440.014.1901936.740.2 89.3 88.8 40 60 4020   13.60   13.90 9 -6  1UNUP55.34831413-2.0 5.0 3.0757514 2마주성향전개최상64관 0 2 1     1 1 2⑥1:29.31½  1.113.440.614.8  5  7  .09 6 1  0 1.53522715550 1 5 2 11 5 6.03 3.04 1.9 4.8 17.2   25.6   64.1   59.1  .04995 4 9 8 4▲ 1.739.50-1.2612.3888.8634.4457.4572.8537597131.6560.0075.92 1
20260411토 6120010국454 4 53 3 1강 1151맑음다습1410 3운주프린스      테스타마팬시폴리 2526.00한수 3 1 1 2 1  178      33000국4김동균부수선  -5 3 5 1 1 7 4 2 1 4  1김용근48152.086우도보95 98 988384.063.058.12751141751 6204024 019 83127146733 0↘↘선13.736.738.914.2864536.839.1 74.9 76.0 75 75 5025   13.60   13.40 6  2 -2NUDN55.34831413-2.0 5.0 3.0757514-1마주성향마주성향34관 0 8 6     5 6 4③1:14.93     .613.638.913.9  2 -3  .00 3 1  0 1.74927624561 6 5 1 13 4 2.09 5.07 2.2 4.3  4.4  182.3  244.2   63.512.02878 2 8 8 2▲ 1.038.80 -.61  .4275.8426.1643.8258.0734536530.4950.5963.81 1
20260301일 4130011국551 2103 4혼전 4451맑음건조 310 3운주프린스      테스타마팬시폴리 5234.00한수 3 0 1 1 1  122      24750국5김동균부수선  -5 4 4 1 2 7 3 1 1 3  1김용근48453.586우입보86 89 898375.064.037.72751141751 6204024 019 83127145050 0↘↘선13.836.839.814.2943436.938.2 81.3 81.9 67 67 33 0   13.60   14.40 8 -2 -3NUDN56.34831410-2.7 6.3 3.7686814-1마주성향마주성향74관 2 6 1     1 1 1①1:21.32½  -.513.638.113.4  0  1  .00 1 1  0  .0 81815 491 310 3 41 3 1.03 6.02 3.0 5.2  3.0    8.3   15.1   27.510.53781 3 8 8 3▲ 1.240.00 -.10 5.2583.0315.5127.1037.6710223519.0530.9142.86 2
20260104일 2140010국631 9 83 5 1강 1156흐림다습1210 3운주프린스      테스타마팬시폴리 5234.00한수 3 0 1 1 1  135      16500국6김동균부수선  -5 5 3 3 1 7 2 0 1 2  1김용근48356.586기입적81 95 957394.074.089.52751141751 6204024 019 8312714 099 0↘↘선14.036.740.214.2711936.139.6 88.3 87.0 50 50  0 0   13.80   14.10 5  2  1NVUP56.04831410-4.0 9.0 5.0525213 1마방습성마주성향 5관 0 8 2     1 1 1①1:28.38   -1.513.640.314.4  0  0  .00 1 1 -8  .0 2 6561999 3 5 1 11 2 1.02 8.01 1.7 3.7  1.7    3.8    6.1   40.0  .06090 4 9 9 4☆ 2.238.80-1.9910.0989.2147.9873.0989.4937597148.8180.7295.90 1
20251130일 11300 9국632 3 83 6 3강 3351흐림다습1010 3운주프린스      테스타마팬시폴리 5234.00한수 2 0 0 9 1   9910:35 24750국6김동균부수선  -5 6 2 2 1 7 1 0 0 1  0김용근48356.086하무보25 16 165729.059.035.12751141751 6204024 019 8312714      ↘↘선14.237.640.213.4502237.039.4 81.2 81.9  0  0  0 0   14.20   13.70 9 -2  1NNUP       1310-1.0 9.0 8.0191910 3마방습성마방습성32관 0 6 8     5 2 2②1:21.24     .013.839.214.1 -7  3  .00 2 9  0  .6 921553383 4 7 6 52 1 2.09 1.06     3.3  4.9  213.2  407.2  287.411.23469 1 5 7 1―  .739.20 -.74 4.1483.80 8.0521.1335.09 51425 5.9517.1419.85 6
20250927토 1100012국630 3 83 7 3강 3355맑음다습1210 3운주프린스      테스타마팬시폴리 2526.00한수 2     9 2  263      24750국6김동균부수선  -5 7 1 1 1 7 1 0 0 0  0씨씨웡48055.590평무보 5 25 2540  .057.057.5265211214212204017 019 8212522      ↘→선15.038.538.313.8 6 137.438.5 63.2 63.6              15.00   14.10 4  0  0LL동       10 0         9.0     0 0숨은복병마방습성33관 0 8 8     8 6 7⑧1:03.22½  2.214.238.313.7 -1 -3  .00 8 9  0 2.37050676118111212 10 1 1.06 9.11 2.7 6.2  2.7   19.7   26.5   20.2  .02554 0 5 6 0―  .436.70-1.57-13.263.7626.5546.1357.46345365 8.9417.8127.00 7
20260919토10120011국4 2 4  4 0혼전 4451          10 4추풍령          피스룰즈블루드리 6923.00한수 4 0 0   1    017:55 33000국4이동국차청일   0 016 1 722 1 4 022  0이혁     57.080평추보50 54 545738.053.024.22359 81363 610 0 0 02011282118 0 099↗↘선14.137.837.913.61192                   24 41 1835   14.50   13.70 5 -2  4HBDN54.34781814-1.0 5.0 4.0636314-2부중유리마방승부49기 0 4                            14.5    13.7        .0                      11 1 8 6 14                                              .03177 1 5 5 1―  .337.90  .31     75.89 7.7316.0424.20 51322 8.8517.6527.12 6
20260816일 51400 8국542 8 94 1 1강 1159흐림다습1310 4추풍령          피스룰즈블루드리 4032.00한수 4 0 0 2 1   98      33000혼4이동국차청일   0 11511 722 1 4 021  0조성환47653.053평추하38 37 3721 9.038.021.6 718 61363 610 0 3 02011 91720 0 099↘→추14.137.539.013.6165738.038.5 88.7 88.2 25 38 1931   14.40   13.70 3 -2 -5NHUP54.54781814-1.0 6.4 5.4525214 2최빈거리최적거리 5   0 6 6     8 6 4③1:28.71¾   .314.538.713.7  0 -3  .00 3 3  0  .62086164274 8 2 3 63 4 1.05 8.05 2.8 5.0  2.8   15.2   24.4   24.2  .01324-1 3 2-1▽ -.738.30  .0311.7088.93 4.2912.3621.60 3 817 3.1310.1718.23 5
20260725토 7120011국514 4 64 2 3강 3351맑음다습1010 4추풍령          피스룰즈블루드리 6923.00한수 4 0 0 9 1   34      33000국5이동국차청일   0 21410 622 1 4 020  0다실바47957.581평추상70 60 604926.049.019.51357 31363 610 0 0 02011212812 0 099↗↗선14.137.738.013.6138337.839.0 75.2 77.1 25 38  625   14.30   12.90 5 -2  5NBDN54.54781814 -.2 6.0 5.8515114-2일반주행보통주행53관 0 810     9 8 7⑥1:15.2¾   1.414.438.313.7  3 -1  .04 6 3 -4 1.97678567037 9 2 3 60 1 1.0811.06 1.3 3.5  1.3    8.3    9.1   23.4  .01552 0 5 3 0― -.138.20  .43 1.3975.89 3.6210.6119.50 51425 5.0012.1218.04 6
20260620토 6140011국544 2 94 3 1강 1151비  불량2010 4추풍령          피스룰즈블루드리 4032.00한수 4 0 0 2 1   95      33000국5홍대유차청일   0 313 9 622 1 4 019  0조성환48053.053평추상73 74 742712.042.014.1 718 61943121511 0 01914 91720 0 099↘→추14.137.439.113.6194938.238.0 86.1 88.3 27 33 1320   14.40   12.90 2  5 -3LHUP54.54781812 -.2 6.0 5.8515114 2조교만전최적거리 5기 01011    1111 6④1:26.12½  1.414.337.212.9 -3 -2  .00 4 7  3 1.62592 8353810 4 6113 3 8.01 5.01 2.4 5.1 23.7   23.3  103.8   63.0  .02637-1 2 2-1▽ -.638.40  .2311.8088.93 3.62 8.0214.09 0 1 4 1.30 4.7110.1911
20260606토 6120011국454 3104 4혼전 4451맑음양호 710 4추풍령          피스룰즈블루드리 6923.00한수 4 0 0 1 1   35      33000국4홍대유차청일   0 412 8 522 3 3 018  0이혁  48255.580평추보53 56 565343.061.029.72359 8194312151131 01914282118 0 099↗↘선14.137.638.313.6276937.637.2 75.0 74.9 21 29 1429   14.30   13.00 4 -5  0NN동54.34771814 -.2 6.6 6.4434314 0숨은복병조교만전86기 2 5 9     8 8 7①1:15.0코    .014.437.412.9 -3 -2  .00 1 4  0  .01270 4118511 5 6 5313 4.10 5.09 2.610.6  8.0   42.1   83.4  175.7  .02564 1 6 7 1―  .837.60  .03-1.0476.00 9.3619.4629.68102235 7.5615.8121.23 9
20260510일 9120011국434 5 84 5혼전 4451맑음건조 510 4추풍령          피스룰즈블루드리 6923.00한수 4 0 0 2 1   62      33000국4홍대유차청일   0 511 7 422 2 3 017  0이혁  48455.580기추보37 34 344340.060.032.82359 8194312151131 01914282118 0 099↗↘선14.137.638.413.7276137.738.1 75.4 75.8 23 31  823   15.00   14.40 5  1  0BNDN53.84741814 -.2 6.8 6.6393913-5일반주행기복전력50기 010 9     9 9 9④1:15.41¼   .414.337.913.0  0 -2  .00 4 4 -3  .4427625426810 610 4312 5.01 3.06 2.3 3.9 19.3   16.5   66.6   65.6  .02552 1 6 8 1▲  .937.90 -.11 -.1876.0611.3821.7532.81133045 5.9412.2623.01 8
20260405일 8170011국452 5104 6혼전 4451맑음양호 610 4추풍령          피스룰즈블루드리 4032.00한수 4 0 0 1 1   86      33000국4홍대유차청일   0 610 6 222 1 3 016  0이혁  48655.577기추보20 13 135128.054.036.42359 8194312151131 01914282118 0 099↗↘선14.139.441.213.7723440.740.9113.2114.0 25 25 1717   14.50   13.90 5  1  4LNUP53.84741814-1.0 6.2 5.2484817 1일반주행기복전력42관 1 9 9 9 9111110⑧1:53.21    1.015.040.914.4  1  0  .00 8 7 -3 1.46184466751 4 910 3311 4.09 5.03 1.9 5.1  9.9  152.9  303.6  383.4  .02051 0 5 6 0―  .341.80 -.0533.35113.514.1526.9436.38102235 6.9016.7828.87 6
20260301일 6160010국412 8 64 7혼전 4451맑음건조 310 4추풍령          피스룰즈블루드리 4032.00한수 4 0 0 1 1   99      33000국4홍대유김종식   2 7 9 5 122 2 3 015  0조성환48651.553평추하34 31 311515.042.021.3 718 61943121519 0 01914 91720 0 099↘→추14.036.440.113.6602237.439.4104.8104.5 27 27 1827   14.40   14.90 5  3 -1NUDN53.84741814-1.4 4.8 3.4656517-2숨은복병보통주행63기 0 8 8   8101010⑩1:44.81    2.514.539.713.9  0  0  .001010  5 3.28190386419 7 6 8 80 2 3.02 4.03 1.4 3.5  7.4   22.4   50.7  108.0  .01917 0 3 4 0― -.340.10  .1127.96103.3 4.6712.4421.33 2 714 3.33 9.3816.49 8
20260125일 8180011국422 8 74 8 1강 1151맑음건조 310 4추풍령          피스룰즈블루드리 6633.00한수 4 0 0 2 1   66      33000국4홍대유김종식   2 8 8 4 222 1 3 014  0조성환48652.053기추적49 39 393711.040.020.7 718 61943121519 0 01914 91720 0 099↘→추14.139.940.613.7672739.542.2121.4120.5 27 45 2718   14.10   13.70 3 -6 -1NUUP53.84741814-2.0 5.4 3.4707017 4일반주행기복전력 5기 0 5 2 2 2 2 2 6⑩2:01.42½  1.914.442.614.9  5 -7  .0910 5  0 1.98218867328 3 7 5 51 1 4.01 8.02 2.0 2.6  8.7    7.5   17.7    5.4  .01519 0 3 4 0― -.541.20  .0939.97118.7 4.1311.1620.66 3 817 2.86 8.6016.79 5
20260103토 9140011국414 8 64 9 1강 1151흐림다습1310 4추풍령          피스룰즈블루드리 4032.00한수 4 0 0 1 1   5516:55 33000국4홍대유김종식   2 9 7 3 522 2 3 013  0권중석49353.066평추상80 64 643940.052.026.21341 61943121519 0 01914191818 0 099↘→선14.136.839.413.7683037.339.6 88.4 89.5 30 40 3020   14.70   14.80 6  2 -1VHDN53.84741813-2.0 5.4 3.4707014-3숨은복병최적거리80기 01111     910 8⑥1:28.41¼  1.414.139.213.7  1  6  .00 6 5 -2 1.86764576440 8 6 5 53 2 1.04 5.02     4.1  1.1    4.1    4.5   11.0  .01947 0 5 6 0―  .439.20  .1013.2588.73 6.8816.4526.17 61627 4.29 9.8120.95 6
20251122토 8170011국451 710410혼전 4451맑음건조 310 4추풍령          피스룰즈블루드리 4032.00한수 3 0 0 2 1  12516:05 33000국4홍대유김종식   210 6 2 122 1 3 012  0권중석48753.566평추하33 47 472012.040.017.21341 61943121519 0 01914191818 0 099↘→선14.139.640.813.5586139.242.6112.0113.0 33 33 1122   14.40   13.90 5  6  2BNDN53.84741813-1.8 5.8 4.0707014-1연대우수거리속성44관 1 9 6 6 6 7 7 6④1:52.05    1.214.742.214.8 -3  6  .00 4 7  2 1.43116857346 9 2 8 83 1 1.04 4.06     7.2  3.2   12.6   23.6   76.6  .03318 0 3 4 0― -.741.40  .4932.57113.4 3.8710.1617.23 2 510 2.47 7.7314.1410
20251019일11180011국452 510411 1강 1159맑음포화1610 4추풍령          피스룰즈블루드리 6633.00한수 3 0 0 2 1  199      41250혼3홍대유김종식   211 5 1 122 2 3 011  0이혁  48152.076평추보64 51 517247.059.037.82359 8194312151931381914282118 0 099↗↘선14.140.140.313.4574940.040.9119.5121.8 33 33 1122   13.90   13.00 4 -6 -5HUUP53.84741813-1.8 6.2 4.4737314 4연대우수연대우수68기 0 3 7 6 8 910 9⑩1:59.5목   1.414.440.013.9  5 -1  .0110 5  0 1.69342645739 7 2 1 2010 1.0410.05 4.2 9.2  4.2   14.0   26.4   18.0  .03755 0 7 7 0―  .841.20 -.2641.36118.712.6625.5937.7519395512.9925.0034.98 2
20250920토 6140011국552 210412 1강 1151맑음포화1610 4추풍령          피스룰즈블루드리 4032.00한수 3 0 0 2 2  279      33000혼4홍대유김종식   212 4 4 422 1 3 010  0이혁  48257.080기추적53 62 627054.063.043.21231 51838 4151931381914282118 0 099↘↗선14.137.038.913.4586937.339.4 86.4 88.6 38 38 1325   14.00   13.50 4  2  2BB동53.84741413-1.4 5.8 4.4737314 0탐색주행연대우수 5기 1 9 9     8 9 6⑤1:26.45    1.113.938.313.0  0  5  .00 5 5  3 1.53460515644 7 1 5 23 9 6.0311.10 3.1 6.5 10.5   21.0   61.5   55.7  .03774 0 6 6 0―  .838.80 -.1612.7088.5214.6329.5143.15183754 5.8316.0430.09 6
20250823토 7140011국434 3 8413혼전 4441맑음건조 410 4추풍령          피스룰즈블루드리 4032.00한수 3 0 0 2 2  36216:05 33000국4홍대유김종식   213 3 3 322 1 3 0 9  0김성현47755.065기추적48 47 4734 9.035.0 8.2 6 0 61838 4151915 01914162319 0 099→↗입14.136.939.013.4616537.539.4 87.6 89.2 38 38 1325   14.20   13.60 5  2 -3NN동53.84741413-1.0 6.2 5.2666614 0연대우수기복전력53기 2 7 7     8 8 6⑤1:27.6¾    .614.038.413.5  3 -3  .09 5 2  1  .75768516161 8 3 7 93 1 6.03 8.10     5.8 11.2   16.5   40.9  233.1  .03327-2 2 1-2▽-1.239.10  .7713.3488.52 1.02 4.04 8.22 2 510 1.87 5.41 9.82 9
20250720일 9140011국452 510414혼전 4451맑음포화1710 4추풍령          피스룰즈블루드리 4032.00한수 3 0 0 2 3  43717:00 33000국4홍대유김종식   214 2 2 222 4 3 0 8  0이혁  48057.581기추적81 85 856974.069.051.5213210185410151931381914282118 0 099↗↘선14.136.939.113.4635737.639.0 87.5 89.0 38 38 1325   13.90   13.40 4 -3  6NB동53.84741413  .8 5.2 6.0575714 0연대우수연대우수82기 2 5 6     6 5 5⑤1:27.51½  1.314.238.313.6  4  6  .04 5 1 -3 1.35073375242 4 3 3 12 8 6.05 6.07     8.1 10.0   43.0   91.6   80.612.73775 2 8 8 2▲ 1.439.00 -.4613.0388.5920.9838.5851.5034536517.2430.2745.21 2
20250622일 91400 9국441 7 9415 1강 1151맑음다습1210 4추풍령          피스룰즈블루드리 4032.00한수 3 0 0 2 3  51717:00 33000국4홍대유김종식   215 1 1 122 3 2 0 7  0이혁  47452.081기추적81 85 856087.066.043.5213210185410151931381914282118 0 099↗↘선14.137.039.313.4574936.738.5 86.9 87.3 29 29 1429   13.90   12.70 4  7 -2LUUP54.84751413 1.5 4.3 5.8606013 1연대우수연대우수60기 2 8 6     5 5 4①1:26.95    -.813.938.513.4 -3  3  .00 1 4  1  .0 32720 898 4 9 3 33 7 4.02 8.02     4.6  5.6   12.8   25.3    7.712.03774 2 8 8 2▲ 1.138.60 -.4311.0088.8015.5530.3643.5214294718.3836.2351.52 3
20260919토10120011국4 2 4  5 0혼전 4451          10 5포에버길        테스타마푸른에너 2526.00한수 3 0 0   1    017:55 33000국4전승규박남성  -1 010 4 7 9 1 2 1 9  0최범현   53.093강입보50 70 708877.067.044.93159131745 62235 03920191832173333 0→→입13.836.738.613.98761                   67 67 5033   14.00   13.10 5 -5 -2NH동54.34861412 -.2 2.4 2.2838312 0승부최상승부최상52기 0 5                            14.0    13.1        .0                       3 8 2 1  1                                              .04695 3 9 9 3★ 1.438.60 -.07     75.6718.8233.7844.8934536515.0427.7340.68 1
20260816일10120011국444 3 95 1혼전 4451흐림다습1310 5포에버길        테스타마푸른에너 2526.00한수 3 0 0 2 1   93      33000국4전승규박남성  -1 1 9 3 6 9 1 2 1 8  0조재로48955.088강입보71 83 838268.058.037.63453131745 62235 04120191926223333 0↗↘입13.836.738.613.9875737.239.0 74.8 76.5 67 67 5033   14.40   13.30 5  4  1BN동54.34861412  .6 1.8 2.4838312 0일반주행승부최상 5   01010     810 9⑥1:14.84    1.014.038.113.1  3  4  .09 6 3  2 1.46554575849 6 4 4 33 1 2.05 1.07 3.9 6.6  4.2   22.5   36.1   26.412.74591 2 7 6 2△  .739.00  .13 1.1875.6711.8025.8237.5712264013.5923.9635.14 4
20260712일 6120011국454 4105 2 3강 3351맑음다습1010 5포에버길        테스타마푸른에너 2526.00한수 3 0 0 2 1   65      33000국4전승규박남성  -1 2 8 2 5 9 8 2 1 7  0김용근48554.586강입보84 92 927977.057.028.72751141745 62235103320193127143333 0↘↘선13.836.838.613.9856137.838.2 74.4 76.2 67 50 3317   14.00   13.80 6 -4  2LN동54.34861412  .6 1.8 2.4838312 0부중유리보통주행76기 1 610    1010 8④1:14.42     .514.437.513.3  3 -3  .09 4 1 -3  .65277274565 7 4 5 53 8 3.10 8.11 2.8 5.8  7.3  217.9  478.4  227.110.93170 2 7 5 2△  .738.80  .34  .8175.72 8.1018.4628.74 4122210.7621.0932.29 5
20260530토10120011국454 4 55 3 3강 3351맑음양호 710 5포에버길        테스타마푸른에너 2526.00한수 3 0 0 9 1  111      33000국4전승규박남성  -1 3 7 1 4 9 7 2 0 6  0김용근48852.586우입보89 97 977978.053.022.32751141745 622351033201931271450 0 0↘↘선13.836.738.614.0865736.838.7 75.2 75.5 60 40 60 0   13.80   13.60 7  8 -2BU동55.34861412  .6 1.8 2.4838312 0전개최상주력우수38기 010 9     6 3 2②1:15.22½   .014.038.913.8 -2 -2  .00 2 4  3  .42523442580 5 4 2 62 7 1.0411.10 3.1 4.4  3.1   13.0   15.1    9.3  .03461 0 7 5 0―  .238.70  .59  .1775.67 5.2713.6422.34 5132216.1528.8040.56 3
20260411토 5120011국554 4105 4혼전 4451흐림다습1410 5포에버길        테스타마푸른에너 2526.00한수 3 0 0 2 1  139      24750국5전승규박남성  -1 4 6 4 3 9 6 1 0 5  0김용근49054.586우입하77 85 859476.063.037.82751141745 622351033201931271499 0 0↘↘선13.736.738.814.1914136.738.3 73.8 75.0 50 25 75 0   13.80   14.00 4 -5  0VHDN56.04811412  .8 2.0 2.8797912-2전개최상전개최상74기 1 2 6     7 4 1①1:13.84    -.613.837.913.6  0  4  .00 1 1  0  .01625311693 3 6 3 50 6 1.03 2.08 3.3 5.6  3.3   12.9   22.0   24.7  .04273 1 8 6 1▲  .938.60  .02 -.4775.7812.9025.0337.77 8182917.4830.6942.17 3
20260314토 6140011국553 8105 5혼전 4451맑음양호 710 5포에버길        테스타마푸른에너 5234.00한수 3 0 0 2 1   79      24750국5전승규박남성  -1 5 5 3 2 9 5 1 0 4  0김용근48654.586우입보88 89 899277.065.041.32751141745 622351033201931271499 0 0↘↘선13.836.439.814.1931737.339.7 89.8 88.7 50 50 5025   13.80   13.80 4  6  1BNUP56.04811412  .3 2.3 2.7828212 1전개최상전개최상48기 1 7 5     6 5 4④1:29.8목    .413.839.914.0  3 -2  .09 4 1  0 1.63858596271 2 6 2 22 5 3.02 2.10 2.9 7.9  5.8   12.7   25.5   80.210.54284 3 8 7 3▲ 1.239.50 -.2912.5288.7317.5630.4641.2918375417.8930.5643.11 2
20260215일 5130011국512 3 65 6혼전 4451맑음건조 310 5포에버길        테스타마푸른에너 5234.00한수 3 0 0 2 1   58      24750국5전승규박남성  -1 6 4 2 1 9 4 1 0 3  0김용근48854.086강도보71 80 809278.068.035.72751141745 622351033201931271499 0 0↘↘선13.836.839.514.2943737.139.1 82.4 82.3 67100 6733   13.70   14.20 3 -1  0UUDN56.04811412  .3 2.3 2.7828212-1전개최상전개최상78기 1 1 4     4 2 2③1:22.41¾   .313.839.113.8  2  4  .00 3 1 -3 1.62127462968 2 8 3 12 4 6.04 4.05 1.9 5.7 16.2   49.1   97.1   24.3  .04289 3 9 9 3★ 1.440.10  .14 6.0482.8413.1725.3335.7318375416.5427.5936.36 1
20260124토 6140011국553 7105 7혼전 4451맑음건조 310 5포에버길        테스타마푸른에너 5234.00한수 3 1 1 2 1   58      24750국5전승규박남성  -1 7 3 1 1 9 3 1 0 2  1김용근48454.086강입보98 99 999281.067.046.42751141745 622351033201931271499 0 0↘↘선13.736.539.614.1883036.240.1 88.1 88.3100 5010050   13.60   13.00 5  1 -2VUUP56.04811412  .5 1.5 2.0919112 2전개최상전개최상 5기 0 2 1     1 1 2④1:28.13     .613.739.914.2  0  3  .00 4 4  2 1.325 9693965 2 6 1 11 3 5.01 7.03 2.3 6.0  8.1    7.3   21.2   47.910.54687 3 9 9 3★ 1.539.30 -.3612.1888.6620.8436.2746.4337577120.0034.9344.44 2
20251221일 1120012국621 7 25 8 1강 1152맑음포화1610 5포에버길        테스타마푸른에너 2526.00한수 2 0 0 2 1   9610:35 24750국6전승규박남성  -1 8 2 2 2 9 2 0 0 1  0김용근48156.086강입보82 99 999493.071.082.12751141745 6223510332019312714      ↘↘선13.636.639.614.1943736.737.7 73.5 74.0100100100 0   13.70   14.40 4 -5  0HH동       1212 2.0 1.0 3.0858512 0마방기습전개최상43기 0 1 2     2 2 1①1:13.53    -.513.637.313.0 -1 -7  .00 1 2  1  .0 22313 495 3 7 1 11 2 2.01 1.03     2.1  3.0    2.1    5.3    5.2  .04689 3 9 9 3★ 2.038.30-1.63-2.1676.1745.7074.0282.0937597131.0355.0234.38 1
20251123일 1120012국640 7 95 9 2강 2259맑음건조 310 5포에버길        테스타마푸른에너 2526.00한수 2     2 1   99      24750국6전승규박남성  -1 9 1 1 1 9 1 0 0 0  0김용근48856.086평무보35 25 2540  .047.026.42751141745 6223510332019312714      ↘↘선14.537.340.113.673 236.639.0 76.5 75.7              14.50   13.90 4  0  0LL동       12 0         2.0     0 0일반주행마방기습48기 0 6 3     3 2 2③1:16.5목    .013.739.914.4  2 -2  .00 3 1  0  .53516553088 61112 52 1 2.0412.01 3.8 8.8  3.8   15.1   29.2   21.9  .02550 0 4 5 0― -.138.20 -.69-1.6876.84 6.4016.2426.38 92134 7.5316.0634.26 6
20260919토10120011국4 2 4  7 0혼전 4451          10 6호라이즌스타    머스킷맨해광     8326.00한수 3 0 0   1    017:55 33000국4심승태김선식   5 010 2 5 9 1 2 0 9  0이동하   52.591기입적50 61 616251.062.034.53254151352 7111133 01213252419 099 0↗↘선13.937.338.313.64083                   25 38 13 0   13.50   13.40 4 -4  0NU동54.74961812-2.8 6.8 4.0696913 0착차만회기복전력40기 0 6                            13.5    13.4        .0                      10 6 7 3  1                                            12.73388 2 7 7 2△ 1.038.30  .05     75.8412.5523.4334.5210223511.5022.6930.51 4
20260823일 7120010국454 2107 1혼전 4451맑음포화1510 6호라이즌스타    머스킷맨해광     8326.00한수 3 0 0 2 1   65      33000국4심승태김선식   5 1 9 1 4 9 1 2 0 8  0루이스49752.567기입하75 72 725319.042.014.42144101352 71111 0 01213202715 099 0↗↘입13.937.538.313.6308336.538.5 73.0 75.2 29 29  0 0   13.90   13.10 2  2  0VU동55.84961812-2.0 6.2 4.2696913 0작전마주기복전력78기 110 6     6 4 3③1:13.01     .213.537.513.4 -3-12  .00 3 6  0  .3221738167211 4 5102 1 4.02 7.01 3.7 7.6  7.4   13.8   31.0   26.1  .02038-3 4 2-3▽ -.837.80  .54 -.6075.95 3.98 7.8214.40 1 4 7 2.97 6.7313.7610
20260808토 8120011국513 3 67 2혼전 4451맑음건조 210 6호라이즌스타    머스킷맨해광     8326.00한수 3 0 0 1 1   44      33000국5심승태김선식   5 2 8 3 3 9 5 2 0 7  0김정준50952.574기입적86 91 915464.065.032.51436 91352 7111113191213132026 099 0↗↗추14.037.638.613.6256937.338.4 74.9 75.8 33 33  0 0   13.90   13.10 3 -3 -2NU동55.84961812-2.0 6.2 4.2646413 0적정체중작전마주67기 1 8 7     7 7 6⑦1:14.9½    .913.937.813.1  1 13  .00 7 6 -1 1.04254333451 9 8 2 50 5 9.01 7.09 1.5 5.0 30.6   16.5   51.9   67.810.52563 1 7 7 1― 1.037.90 -.20 -.3776.17 9.9020.5832.45102235 9.9022.7534.23 3
20260718토 6120011국554 7107 3 3강 3351흐림불량2010 6호라이즌스타    머스킷맨해광     8326.00한수 3 0 0 2 1   35      24750국5심승태김선식   5 3 7 2 2 9 4 1 0 6  0김정준49654.574기입적27 29 2926 6.038.015.91436 91352 7111113191213132026 099 0↗↗추13.937.538.713.7286536.938.1 73.6 74.8 20 20  0 0   14.50   16.00 2  4  1VNDN57.04951814 -.6 5.6 5.0565613-6일반주행기복전력 5   011 5     5 3 2①1:13.63    -.513.937.313.1 -6 -4  .00 1 7  2  .0 929261495 8 5 9 92 4 7.0411.09 2.3 6.2 17.2   69.3  172.5  261.6  .01519-1 2 2-1▽ -.937.70  .26-1.4376.17 4.18 8.7015.91 2 510 1.64 5.8811.9510
20260705일 41800 9국550 9 57 4 1강 1159흐림건조 410 6호라이즌스타    머스킷맨해광     7122.00한수 3 0 0 1 1   27      24750국5심승태김선식   5 4 6 1 1 9 3 1 0 5  0김정준50054.074기입보41 48 48 849.041.021.71436 91352 7111113191213132026 099 0↗↗추13.940.641.113.8212239.744.2122.6121.7 20 20  0 0   14.20   14.20 4 -1 -3NUUP57.04951814  .8 5.3 6.0474713 5일반주행기복전력47기 0 7 5 6 5 4 4 7⑨2:02.67    3.014.543.816.0  4  5  .01 9 5 -2 4.29129969515 6 9 3 70 3 2.01 4.03 3.0 5.0  3.7    5.0   12.3    4.3  .015 9-4 5 3-4▼ -.740.70 -.2839.97119.2 4.9212.7021.73 3 81720.4534.2355.56 3
20260606토 3130011국613 7 67 5 2강 2257맑음양호 710 6호라이즌스타    머스킷맨해광     7932.00한수 3 0 0 1 1   78      16500국6심승태김선식   5 5 5 5 1 9 2 0 0 4  0김정준49557.074평입보24 30 303417.047.022.71436 91352 7111113191213132026      ↗↗추13.737.739.313.7365737.438.9 82.7 81.4  0  0  0 0   14.50   14.50 5  0  0NNDN       1414  .8 5.3 6.0474710-1일반주행거리속성92기 2 8 6     4 4 2①1:22.71¼  -.214.239.614.2 -6 -2  .00 1 7 -1  .0 23832229211 1 6 62 2 7.02 8.05 1.6 4.3 20.4   43.3  139.6  109.3  .01849 0 3 5 0― -.239.00  .08 4.4183.29 5.2112.6422.65 51322 3.01 9.3418.59 6
20260502토 3140010국640 9 47 6 1강 1151흐림건조 310 6호라이즌스타    머스킷맨해광     7932.00한수 3 0 0 1 1   98      16500국6심승태김선식   5 6 4 4 2 9 1 0 0 3  0김정준49757.074평입보28 33 331013.037.011.41436 91352 7111113191213132026      ↗↗추13.737.439.513.6225337.840.0 91.7 89.9  0  0  0 0   14.30   14.3024  7  1NN동       1410 1.0 4.3 5.3535314 0일반주행휴양불리40관 1 8 7     8 7 8⑧1:31.7½   1.814.540.914.5  0 -8  .00 8 8  5 3.57283678231 7 4 9100 1 1.02 6.11 2.2 3.7  2.2    3.7    5.7    6.9  .01512-4 3 2-4▽ -.938.70  .0612.9689.21 2.33 5.5711.43 2 611 2.91 6.9014.0910
20251116일 3140011국650 9107 7 1강 1149맑음건조 310 6호라이즌스타    머스킷맨해광     7932.00한수 2 0 0 2 3  487      16500국6최영주김선식   5 7 3 3 1 9 1 0 0 2  0마이아50556.092하추보15 25 253423.049.027.433503123501019 0 0 023133533 7      →→선14.137.639.913.2144137.239.2 90.4 88.8  0  0  0 0   14.10   13.70 4-10  0HNUP       1410 1.0 5.0 6.0444410 2승부최상거리부담 8기 3 1 4     5 4 3④1:30.41½   .313.940.014.3  1  3  .00 4 3 -3 1.0405841447210 5 4 42 1 5.02 5.04 2.2 6.8  9.1   22.7   49.3   15.7  .03449-1 4 3-1▽  .138.30 -.7311.3089.62 6.3515.3227.4310203511.1120.8031.43 4
20251019일 1120012국621 6 77 8혼전 4451맑음포화1710 6호라이즌스타    머스킷맨해광     8326.00한수 2 0 0 2 2  209      24750국6최영주김선식   5 8 2 2 1 9 1 0 0 1  0장추열50256.093평추보73 79 796668.071.037.5345117 617 019 036 02313202722      ↗↘입14.137.538.413.2368938.139.4 76.7 77.7  0  0  0 0   14.10   13.20 6  2  1NNUP       1210 1.0 4.0 5.0606010 2편성만만승부최상75관 111 8     9 9 9⑦1:16.73    1.814.139.613.7  1  1  .00 7 6  2 3.78786708528 6 5 4 50 1 1.05 5.08 1.6 4.0  1.6   10.6   12.1   21.910.64591 0 7 6 0― 1.338.60 -.17 1.7976.0011.7525.3537.49102235 9.8618.6415.77 4
20250906토 1100010국611 4 67 9 2강 2255흐림다습1210 6호라이즌스타    머스킷맨해광     8326.00한수 2     1 2  326      24750국6최영주김선식   5 9 1 1 1 9 1 0 0 0  0임다빈50155.577평무보   25 2540  .033.015.91950 8 617 019 027 02313142424      →→추14.137.137.812.9    37.437.6 62.6 62.6              14.10   13.20 4  0  0LL동       10 0                 0 0일반주행우수혈통31관 0 9 8     8 8 7⑤1:02.6목    .714.137.513.2  1  5  .00 5 4  0  .73751323557 3 3 5 63 1 9.07 5.07 1.5 5.7 29.7  113.4  352.4  282.9  .01513-3 3 3-3▼-1.437.80  .59-12.362.71 4.46 8.3915.92 51322 9.0919.0534.16 8
20260919토10120011국4 2 4  5 0혼전 4451          10 7손에손잡고      페더럴리블루드리 5932.00한암 5 0 0   1    017:55 33000국4이동국차청일   0 016 6 825 3 3 325  0오수철   52.560평추상50 50 503016.046.017.6 733 51363 610 0 4 02011112115 04456↘↗입14.037.338.313.44276                   41 45  545   13.90   13.50 3 -1  0NHDN53.94381814-1.6 7.6 6.0505012-2일반주행부중영향50기 0 7                            13.9    13.5        .0                       9 5 9 9  3                                              .02246 0 4 4 0― -.338.30  .54     75.84 4.0310.5317.59 1 4 7 4.42 9.2416.1011
20260829토101400 9국350 6 55 1 1강 1151맑음다습1210 7손에손잡고      페더럴리블루드리 5837.00한암 5 0 0 9 1   52      41250국3이동국차청일   0 115 5 825 2 3 324  0오수철44052.560평추상46 49 492722.047.021.1 733 51363 610 0 4 02011112115 04456↘↗입14.037.139.413.3434536.939.0 86.8 87.6 38 43  548   14.00   13.40 2  3  0NH동53.94381812 -.2 7.4 7.2363612 0일반주행부중영향44기 0 8 6     3 3 3③1:26.8½    .013.938.213.5 -6  5  .00 3 9  1 1.1 738322389 8 7 8 62 2 1.04 1.06 2.9 4.0  2.9    9.5   14.9  242.0  .02256 1 4 5 1―  .038.50  .0511.1288.93 5.0012.6321.11 41222 2.76 7.5813.97 8
20260816일 61400 8국532 6 85 2 3강 3351흐림다습1310 7손에손잡고      페더럴리블루드리 5837.00한암 5     2 1   36      33000국5이동국차청일   0 214 4 725 1 3 3 0  0오수철43552.560평추하68 63 633124.044.024.4 733 51363 610 0 4 02011112115 04456↘↗입13.937.139.513.3403737.538.7 88.5 88.9 35 50  545   14.20   12.20 7 -5  0NHDN53.94381812  .2 7.0 7.2272712-4편성탐색부중영향 5   0 5 2     6 5 5⑤1:28.5¾    .214.038.513.4 -3 -2  .00 5 8  0 1.84574213474 6 6 5 72 1 1.07 6.08 1.9 3.5  1.9   14.6   18.8   16.3  .02952-1 3 3-1▽ -.538.80 -.0912.2889.00 5.4714.0324.43 41118 4.2314.5727.16 6
20260627토 8180011국512 7 65 3 1강 1157맑음건조 410 7손에손잡고      페더럴리블루드리 4441.00한암 5 0 0 9 1  113      33000국5홍대유차청일   0 313 3 225 2 3 322  0조상범43752.556평추보11  9  92118.045.024.3 926 6194312151115 01914132116 04456↗→입13.940.141.113.3461539.045.8122.1122.9 35 50  545   14.00   14.30 3  6 -1BHUP53.94381812 -.4 6.6 6.2404012 4숨은복병부중영향68기 010 2 2 4 4 6 9⑪2:02.14    4.614.144.915.9  3  1  .0511 8  1 5.796109998 7 510 8 70 2 1.05 6.11 1.2 3.5  1.2    8.0    9.8   12.5  .02232 0 4 6 0― -.241.30 -.1841.67119.0 6.4714.3624.34 31017 4.8814.1222.73 6
20260606토 91400 9국552 7 55 4 1강 1151흐림양호 610 7손에손잡고      페더럴리블루드리 5837.00한암 5 0 0 1 1   32      33000국5홍대유차청일   0 412 2 625 1 3 321  0조상범43653.557평추보33 33 333133.046.022.8 926 6194312151115 01914132116 04456↗→입13.937.139.413.3424137.140.3 90.3 89.8 37 47  547   14.50   14.80 4 -2 -1HHDN53.94381812 -.4 6.6 6.2404012-4일반주행부중잇점43기 0 4 4     6 7 8⑦1:30.32    2.214.040.514.3  0 -2  .00 7 7  2 2.47050737223 6 6 7 60 1 3.01 6.08 2.8 3.5  5.9    6.9   18.1   14.112.03157 2 4 5 2― -.139.00  .0013.2888.93 5.1013.0422.78 41118 3.7010.2318.39 7
20260509토 31800 7국421 9 25 5 1강 1154맑음건조 510 7손에손잡고      페더럴리블루드리 4441.00한암 5 0 0 2 1   78      33000국4홍대유차청일   0 511 1 125 3 3 320  0이혁  43854.076평추보14  3  33312.037.015.22359 8194312151131 01914282118 04456↗↘선13.840.240.713.3423439.542.6120.8119.2 39 50  650   13.50   13.80 4 -1  1NNUP53.94381812 -.8 6.8 6.0454512 4부중효과부중잇점48기 0 6 2 2 2 2 3 4⑤2:00.85    1.014.543.114.8  0  1  .00 5 5 -4 1.15126878055 5 6 7 81 6 6.02 7.05 1.9 1.8 28.9   43.0  166.2   50.4  .02718-3 3 3-3▽-1.140.80  .1138.25118.9 2.13 6.2715.16 41222 2.70 8.9718.10 5
20260412일 3140011국532 6 85 6혼전 4451맑음다습1210 7손에손잡고      페더럴리블루드리 5837.00한암 5 0 0 2 1   70      33000국5홍대유차청일   0 610 7 525 2 3 319  0이혁  43753.077평추하20 22 224526.051.020.22359 8194312151131 01914282118 04456↗↘선13.937.039.113.3436137.339.6 88.6 89.3 41 47  659   14.80   14.30 4 -3 -2NH동53.94381612-1.4 5.6 4.2575712 0일반주행부중효과48기 0 7 4     6 7 9⑩1:28.6¾   2.113.539.213.8  1  5  .0010 9  1 2.15961545924 4 611 70 5 6.03 8.11 1.7 3.3 24.9   68.6  211.3   52.1  .01958 0 5 5 0―  .139.00  .3213.2388.66 4.4411.0820.24 2 511 5.5613.3319.66 7
20260314토 7140011국454 8 55 7 1강 1151맑음양호 710 7손에손잡고      페더럴리블루드리 5837.00한암 5 0 0 2 1   78      33000국4홍대유차청일   0 7 9 6 425 1 3 318  0이혁  43255.077우추보41 44 447244.053.032.52359 8194312151131 01914282118 04456↗↘선13.936.939.013.3566938.839.7 91.2 90.6 44 56  656   14.00   14.00 6  7  0BNDN53.94381612-1.6 4.4 2.8727212-2숨은복병보통주행60기 010 9     9 9 8⑨1:31.22    2.614.839.814.3  1  1  .00 9 8  2 2.88798599017 9 2 7 50 4 7.0511.03 2.3 4.1 20.0  159.8  409.4  175.9  .02265 1 6 7 1―  .339.40  .1114.7288.5210.5422.1632.50 81829 6.0215.6324.79 5
20260201일 7160010국443 5 95 8 1강 1151맑음건조 210 7손에손잡고      페더럴리블루드리 5837.00한암 5 0 0 1 1   98      33000국4홍대유김종식   2 8 8 5 325 5 3 317  0문정균43155.076우추하48 58 581531.046.020.91118 6194312151917 01914131923 04456↘↗추13.836.339.613.3695336.539.9103.1103.7 53 60 1353   14.10   14.90 4 -7  1HN동53.94381612-1.4 3.6 2.2838312 0탐색주행작전마주 5기 1 3 5   5 6 6 6⑤1:43.16    1.814.039.714.0 -1 -9  .00 5 6  5 1.87349595930 5 2 7 82 5 2.05 1.05 2.4 5.6  3.9   24.7   36.9   15.2  .03132 0 5 5 0― -.339.60  .3927.84103.0 4.6512.2720.90 2 714 2.76 9.2514.25 8
20260103토 8160010국412 8 65 9 1강 1151흐림다습1310 7손에손잡고      페더럴리블루드리 5837.00한암 5 0 0 1 1   7716:05 33000국4홍대유김종식   2 9 7 4 225 4 3 316  0문정균44054.076강추상93 90 901589.066.058.81118 6194312151917 01914131923 04456↘↗추13.836.339.313.2696535.941.8104.0104.4 47 67 1360   13.80   14.00 6  2  0VH동53.94381612 -.6 3.2 2.6737312 0조교만전작전마주52기 110 6   6 7 6 6⑦1:44.02½  1.814.141.714.9  6  7  .09 7 1 -4 2.58522918931 5 2 2 10 4 8.07 1.07     4.7 20.2   90.7  314.3  263.4  .04672 3 8 9 3▲ 1.439.30 -.3928.83102.826.3846.1958.7634536535.7161.1872.53 1
20251122토 7160010국452 410510혼전 4441맑음건조 310 7손에손잡고      페더럴리블루드리 5837.00한암 4 0 0 2 1  12615:15 41250국4홍대유김종식   210 6 3 125 3 3 215  0문정균43354.076강추보92 87 871550.054.021.61118 6194312151917 01914131923 05050↘↗추13.836.439.413.2636535.939.4101.5101.8 43 79  750   13.90   13.50 4 -3  2LNUP53.94391612 -.6 3.2 2.6737312 2작전마주조교만전82기 2 8 4   4 6 5 3②1:41.54     .013.839.414.0 -3  1  .00 2 5 -1  .71821472878 5 4 6 73 3 2.05 4.08     5.4  4.8   12.2   25.6   33.9  .02548 0 6 6 0―  .239.40  .4025.99102.9 5.1912.9521.59 4111811.4019.5628.40 6
20251025토 8140011국453 410511혼전 4451맑음건조 510 7손에손잡고      페더럴리블루드리 5837.00한암 4 0 0 9 1  191      33000국4홍대유김종식   211 5 2 325 2 3 214  0문정균43252.576우추보93 95 958471.056.030.91118 6194312151917 01914131923 04357↘↗추13.836.938.913.2547637.038.8 88.0 88.3 46 62  862   13.50   14.30 4  5  1VN동54.14401412 -.2 2.6 2.4757512 0작전마주작전마주48기 111 6     6 6 4④1:28.0코    .213.938.913.5 -2 -9  .00 4 6  3  .22344302473 9 2 2 62 2 5.01 5.06 3.0 7.5  8.6   12.4   30.2   69.710.52575 1 7 6 1△  .538.90  .2212.4888.45 9.0319.3930.88 5132214.1624.7936.49 2
20250927토 7140011국451 710512혼전 4451맑음다습1110 7손에손잡고      페더럴리블루드리 5837.00한암 4 0 0 9 2  257      33000국4홍대유김종식   212 4 1 225 1 2 213  0문정균44152.077우추보97 87 877076.058.038.82467 01838 4151917 01914131923 03367→↘추13.937.338.713.1238935.840.1 87.7 88.2 42 58  067   13.70   13.30 5  3 -3NUUP54.54401412  .2 2.6 2.8727212 1추입무난작전마주77기 2 6 3     3 3 1①1:27.7코    .013.539.914.3 -2 -2  .00 1 3  1  .021 1722489 8 2 2 32 1 3.08 6.11 2.6 7.2  6.8   39.2   75.4  340.4  .03585 1 7 8 1▲  .638.50 -.1212.2188.5914.8426.4338.7912264020.4533.8846.48 2
20250823토 4130011국552 1 5513혼전 4451흐림건조 410 7손에손잡고      페더럴리블루드리 5837.00한암 4 0 0 2 2  36513:35 24750국5홍대유김종식   213 311 525 3 2 112  0이혁  44355.080우추보77 80 808779.068.040.61231 51838 4151931381914282118 02080↘↗선13.937.838.613.0229637.038.3 79.9 81.4 36 55  064   13.80   13.30 4 -4  1HN동54.44391412  .2 3.4 3.6696912 0추입무난연대우수37기 0 3 4     4 4 3②1:19.93     .013.737.713.3  0  3  .00 2 2  0  .5 32317 57611 1 3 32 3 4.02 2.03     5.0  8.4   13.1   34.4   62.4  .04188 3 8 9 3▲ 1.438.90 -.06 4.9982.9013.7327.7940.5612264017.0929.3941.32 3
20250727일 61300 8국511 4 6514 1강 1131맑음건조 310 7손에손잡고      페더럴리블루드리 5837.00한암 4 0 0 9 3  42013:25 24750국5홍대유김종식   214 210 425 2 2 011  0이혁  44054.581평추하59 51 517958.061.045.6213210185410151931381914282118 02575↗↘선13.937.938.613.0179637.438.4 81.5 82.2 30 50  070   14.40   13.60 4 -1  0NV동54.44391412 -.2 4.8 4.6626212 0승부최상연대우수45기 0 7 5     6 5 3②1:21.51¼   .013.838.213.3  0  3  .00 2 2 -1  .21641201479 8 1 4 23 2 1.02 2.07     3.8  1.8    4.2    6.6    4.7  .03763 0 6 6 0― 1.039.00 -.26 5.7082.9715.1730.0945.6219395510.8130.6746.61 2
20250629일 31300 9국542 2 9515 2강 2251흐림양호 810 7손에손잡고      페더럴리블루드리 5837.00한암 4 0 0 9 3  50311:25 24750국5홍대유김종식   215 1 9 325 1 2 010  0이혁  43754.581평추보63 73 738884.070.056.3213210185410151931381914282118 02575↗↘선13.937.938.712.9179638.138.6 81.9 82.9 33 56  078   14.90   12.70 4  7 -1LVUP54.44391412  .2 5.0 5.2616112 1작전마주승부최상54기 1 8 9     8 8 7④1:21.91½  1.514.438.213.6  1  0  .00 4 3  0 1.73872294333 9 1 3 23 1 4.01 3.02     4.5  6.7    7.3   18.9   16.6  .04591 3 8 9 3▲ 1.539.10 -.59 6.3083.0323.6042.0656.2718375418.2536.1353.77 4
20260919토10120011국4 2 4  5 0혼전 4451          10 8팡팡대로        FROSTED 루쓰리스 8421.00한거 3 0 1   1    017:55 33000국4문병기(주)나스-1 0 9 2 8 8 4 2 3 8  1이용호   54.565우선보50 67 679573.063.034.51658 62551 92638333727261918207525 0→↘자13.536.538.814.18949                   63 63 7513   13.30   13.00 5  7  2BN동55.34701212 -.8 3.6 2.8797912 0전개최상전개최상52기 0 8                            13.3    13.0        .0                       1 9 3 4  4                                            12.74285 2 9 8 2▲ 1.038.80  .25     75.6712.5423.4134.4912264015.0427.7338.14 2
20260816일10120011국444 3 95 1혼전 4451흐림다습1310 8팡팡대로        FROSTED 루쓰리스 8421.00한거 3 0 1 2 1   93      33000국4문병기(주)나스-1 1 8 1 7 8 3 1 3 7  1이용호46652.565우도보89 93 939577.061.038.81658 62551 92638333727261918206733 0→↘자13.536.539.114.1894136.238.6 73.4 75.1 57 57 7114   13.50   13.40 6 -1 -5UU동56.24721212-1.0 4.0 3.0777712 0전개최상전개최상 5   0 1 1     1 1 1①1:13.42    -.413.337.713.0 -1 -2  .00 1 2  0  .018 8431392 4 8 3 21 3 2.05 1.07 3.9 6.6  4.2   22.5   36.1   26.410.54282 2 8 8 2▲  .938.80 -.06 -.5275.8415.1026.8738.7618375416.5030.4143.24 2
20260704토 4120011국542 3 45 2 1강 1151흐림건조 510 8팡팡대로        FROSTED 루쓰리스 8421.00한거 3 0 1 1 1   97      24750국5문병기(주)나스-1 2 7 4 6 8 2 1 2 6  1이용호46857.065평도상73 83 839990.071.068.21658 62551 92638333727261918205050 0→↘자13.536.439.714.2951937.138.2 74.6 75.3 50 33 83 0   13.60   14.10 7 -7  2UB동55.84741212  .8 4.0 4.8636310 0마방연대전개최상43기 0 2 2     2 2 3②1:14.64     .013.537.913.4  0  1  .00 2 2 -5  .72040282182 111 4 11 2 1.02 1.02 2.5 3.9  2.5    3.9    7.0   49.9  .04396 4 9 9 4☆ 2.038.90-1.17 -.7976.1237.1658.5268.1637597127.1247.2161.63 1
20260517일 4120011국524 7 75 3 1강 1151맑음건조 310 8팡팡대로        FROSTED 루쓰리스 8421.00한거 3 0 0 2 1  127      24750국5문병기(주)나스-1 3 6 3 5 8 1 0 2 5  0이용호46755.565평도하66 68 688274.061.036.91658 62551 926383337272619182099 0 0→↘자13.536.440.013.8951236.439.3 75.2 75.6 40 20100 0   13.50   14.30 4  5  3BN동56.04801212 2.2 2.8 5.0606010 0전개최상마방연대43기 0 9 4     4 3 2①1:15.23    -.513.639.114.1 -6 -6  .00 1 7  4  .027 9653495 311 7 42 1 7.05 9.10 2.6 5.5 18.8   67.5  172.5  104.0  .03479 1 7 8 1▲ 1.139.00 -.45 -.8576.2812.8425.4936.9319395511.4521.7134.68 5
20260418토 6120010국553 5105 4혼전 4451맑음건조 510 8팡팡대로        FROSTED 루쓰리스 8421.00한거 3 0 1 2 1   77      24750국5문병기(주)나스-1 4 5 2 4 8 1 0 2 4  1장추열47353.093기도적57 60 609781.073.057.22949122551 926384636272620272299 0 0↘↗입13.436.439.913.898 936.639.0 75.4 75.7 50 25100 0   13.40   14.6010  1  0NU동56.04801212 2.5 2.8 5.3606010 0전개최상전개최상43기 1 4 1     1 1 2④1:15.42     .613.539.014.3  1 -1  .00 4 3 -1 1.13621563561 111 6 11 1 1.02 7.06 2.5 6.5  2.5    6.5   11.6   12.410.64399 4 9 9 4☆ 1.939.00 -.97 -.6576.2327.3044.4957.2334536519.8236.3646.85 2
20260207토 4120011국554 7105 5혼전 4451맑음건조 210 8팡팡대로        FROSTED 루쓰리스 8421.00한거 3 0 1 2 1  196      24750국5문병기(주)나스-1 5 4 1 3 8 1 0 2 3  1이동하47453.091기도적73 77 779882.069.041.63254152551 926382740272625241999 0 0↗↘선13.436.340.013.898 836.239.8 76.0 75.8 67 33100 0   13.00   14.40 8 -3 -3HU동56.04801212 2.7 2.3 5.0606010 0전개최상전개최상84기 1 3 1     2 2 2⑥1:16.01     .813.439.714.6  2 -6  .00 6 4  0  .940 5774558 111 4 21 1 7.08 1.06 3.2 8.8 10.7   52.4  142.9  166.0  .04296 3 8 9 3▲ 1.539.20 -.54 -.4776.2317.8031.5241.6434536518.3332.8045.84 1
20251214일 11200 9국642 7 95 6 2강 2256맑음불량2010 8팡팡대로        FROSTED 루쓰리스 8421.00한거 2 0 1 2 1  160      24750국6문병기(주)나스-1 6 3 3 2 8 3 0 1 2  1마이아48056.093하도적14 24 249792.076.083.73452142551 92638333327263533 7      ↘↗선13.636.639.513.893 736.139.3 74.6 74.9 50  0100 0   13.40   16.60 6  4  0LN동       1210 5.0 1.5 6.5484810 0전개최상전개최상21관 0 6 2     2 2 1②1:14.65     .013.039.214.4 -2  8  .00 2 4  2  .814 4672780 2 7 5 11 3 6.04 7.06 2.7 5.4 13.4   25.1   65.3   18.7  .04289 3 8 9 3▲ 1.938.60-1.63-1.1876.1240.0866.2783.6934536533.0457.1444.06 1
20251102일 1120012국632 9 85 7혼전 4451맑음양호 710 8팡팡대로        FROSTED 루쓰리스 8421.00한거 2 0 1 1 1  165      24750국6문병기(주)나스-1 7 2 2 1 8 2 0 1 1  1마이아47256.093강도보62 94 949887.072.054.83452142551 92638333327263533 7      ↘↗선13.836.639.913.8981936.542.2 79.9 78.4100  0100 0   13.70   14.1011 -2  1HNUP       1210 1.0 1.0 2.0858510 2마방연대전개최상65기 0 2 1     1 1 4⑪1:19.9코   2.813.443.316.6  9 -8  .0011 2  1 4.39411989515 2 8 2 11 2 7.01 8.10 1.8 5.0 22.7   15.6   56.4   20.910.56097 4 9 9 4☆ 2.039.70-1.02 1.9376.3426.1144.6954.8234536520.4938.7130.05 1
20250816토 1100011국630 4 35 8혼전 4455맑음다습1210 8팡팡대로        FROSTED 루쓰리스 8421.00한수 2     2 2  388      24750국6문병기(주)나스-1 8 1 1 1 8 1 0 0 0  0마이아48055.593평무보65 25 2562  .052.031.84063 52855 92638333327263533 7      →↘선13.936.938.313.497 436.238.6 62.7 62.9              13.90   13.70 4  0  0NL동       10 0         2.0     0 0일반주행마방연대38기 0 4 2     2 1 2②1:02.75     .013.738.514.1  1 -3  .00 2 1  0  .945 5692976 5 6 6 51 1 5.01 6.04 2.4 2.4 16.7   18.3   55.0   27.5  .02249-1 5 5-1▽  .138.10 -.02-12.362.87 9.2220.2031.78 61325 8.3316.6725.00 4
20260919토10120011국4 2 4  2 0혼전 4451          10 9플라잉카라반    한센    그랜드카 7926.00한거 5 0 0   1    017:55 33000국4송문길김형순  -1 016 6 819 3 3 019  0우인철   56.575기입보50 48 484229.052.020.12048101738 9271531292627112722 099 0→↘입13.937.138.413.65269                   31 31  638   13.80   14.30 6  8  0BLDN54.54751812-1.6 7.4 5.8515110-4일반주행기복전력39기 0 9                            13.8    14.3        .0                       6 711 8  3                                              .01528 0 5 5 0―  .038.40  .54     75.78 5.9313.2220.09 41118 4.4212.6121.19 7
20260808토 71600 9국430 8 82 1 1강 1151맑음건조 210 9플라잉카라반    한센    그랜드카 5830.00한거 5 0 0 1 1  126      33000국4송문길김형순  -1 115 5 219 2 3 018  0우인철47656.574기입보47 53 531576.068.052.02048101738 9271531292627112722 099 0→↘입13.936.739.313.5456136.340.4103.4103.1 33 33  740   14.10   13.20 7 -7  1UBDN54.54751812-2.2 8.2 6.0494910-2숨은복병기복전력65기 0 1 1   1 3 3 3⑤1:43.41     .813.840.314.3  1 -1  .00 5 4  0 2.05538686757 3 2 8 22 2 2.03 6.02 3.1 5.5  3.2    6.8   13.6   55.8  .04870 4 8 9 4▲ 1.639.30 -.4027.14103.020.0838.7751.9520415514.5224.8036.46 4
20260621일 61800 9국451 4 52 2 1강 1159맑음포화1710 9플라잉카라반    한센    그랜드카 4833.00한거 5 0 0 2 1  105      33000국4송문길김형순  -1 214 4 119 1 3 017  0우인철47756.073기입보20 23 23 631.056.050.72048101738 9271531292627112722 099 0→↘입14.040.240.913.5372240.339.3118.4119.2 36 36  736   13.70   14.20 6  3  4LBUP54.54751812-3.2 9.6 6.4464610 6최근최상기복전력32기 0 8 1 1 1 2 2 2④1:58.41¼   .414.138.613.2  0-10  .00 4 4 -6 1.74854161667 3 7 5 21 1 2.01 9.07 1.8 2.7  5.2    2.7    8.3    6.312.03161 2 6 6 2―  .840.80 -.7638.05119.016.5033.8750.65193955 6.9020.0028.57 4
20260509토10120011국453 4 52 3혼전 4451맑음건조 510 9플라잉카라반    한센    그랜드카 7926.00한거 5 0 0 2 1  111      41250국4송문길김형순  -1 313 3 719 3 3 016  0이용호48752.565기입적42 35 352313.039.0 8.31658 61738 9271517 72627191820 099 0→↘자14.037.438.313.5277336.439.9 75.7 76.5 38 38  838   13.50   14.50 5 -3  0NHDN54.54751612-2.6 9.2 6.6393910-2일반주행기복전력47기 0 5 6     4 3 4⑨1:15.7½    .913.739.614.2 -1  5  .00 910  2 2.56311805853 9 811110 5 6.11 9.10 3.1 4.0 16.4  553.4  795.3 2151.7  .01518-1 3 3-1▽ -.938.30  .77  .7775.89 1.54 3.82 8.34 1 2 4 2.21 5.1710.6611
20260404토11140011국353 6102 4혼전 4451맑음양호 610 9플라잉카라반    한센    그랜드카 5830.00한거 5 0 0 1 1   94      41250국3송문길김형순  -1 412 2 519 2 3 015  0이용호48252.563기입적34 25 253311.037.013.01658 61738 9271517 72627191820 099 0→↘자14.036.939.613.4513736.640.4 88.8 89.2 42 42  850   14.40   12.70 4 -3  0LHUP54.54751612-2.0 9.4 7.4333310 2일반주행기복전력75기 1 8 4     4 3 4⑤1:28.8½   1.213.540.514.5 -3 -1  .00 5 8 -3 1.75421776346 510 9 92 4 1.0210.02 2.8 6.3  2.8    6.5   12.7    7.8  .01536 0 3 2 0― -.839.10  .2612.6788.93 3.31 6.8613.02 1 4 7 2.73 7.1413.43 8
20260307토10120011국354 3102 5혼전 4451맑음포화1510 9플라잉카라반    한센    그랜드카 7926.00한거 5 0 0 2 1   75      41250국3송문길김형순  -1 511 1 619 1 3 014  0이용호48352.565기입적61 59 593329.044.020.71658 61738 9271517 72627191820 099 0→↘자14.037.438.413.5327638.237.9 74.1 76.3 45 45  045   14.00   13.0040  4  1VNDN54.54751612-1.0 7.8 6.8434310-2일반주행기복전력53기 11110    1111 8⑥1:14.14    1.514.436.812.7 -5  9  .00 611  3 1.7569018513610 4 6113 3 1.0310.01 2.8 5.9  2.8   13.2   23.2   34.5  .01842 0 4 5 0― -.438.20  .34  .5075.95 6.5812.5820.69 2 510 6.1015.0024.76 8
20250525일101400 9국443 2 92 6 1강 1151맑음양호 810 9플라잉카라반    한센    그랜드카 5830.00한거 4 0 0 2 4  795      41250국4송문길김형순  -1 610 4 419 1 3 013  0김정준47452.071기입적26 31 313139.050.023.9163312183113271523172627132026 099 0→→추14.037.239.513.4324937.239.9 87.7 89.0 50 50 1050   14.10   13.10 5 -3  0LUUP54.54751612 -.8 6.6 5.8535314 2숨은탄력기복전력 5기 2 7 8     9 7 5⑥1:27.73    1.114.139.214.2 -2  2  .00 6 8 -3 1.55155676945 9 8 8 60 1 3.02 1.02 3.2 5.8  5.5    7.2   18.6   16.0  .02054 0 5 6 0―  .138.70 -.1512.3089.07 4.7912.6723.91 51322 5.8413.1324.07 6
20250420일11120011국344 1 92 7혼전 4451맑음양호 810 9플라잉카라반    한센    그랜드카 7926.00한거 4 0 0 2 4  699      41250국3송문길김형순  -1 7 9 3 519 1 3 012  0김용근47252.087기입적22 27 275122.044.017.72756 7183113271529332627312714 099 0↗↘선14.037.338.213.4418738.137.9 74.9 76.5 56 56 1144   13.90   15.70 4  1  0BUDN54.54751612  .6 4.6 5.2575714-4교체실패기복전력 1기 110 9     910 7⑥1:14.9½    .914.137.413.1 -5 -9  .00 611  3 1.16286204852 9 711 93 4 2.01 3.04 2.7 5.7  3.6    5.7   10.1    8.2  .02063 0 4 3 0― -.338.40  .60  .9775.78 3.6310.2717.68 1 3 7 3.67 8.8914.91 9
20250322토 9160010국344 5 92 8혼전 4451맑음건조 410 9플라잉카라반    한센    그랜드카 5830.00한거 4 0 0 2 4  795      41250국3송문길김형순  -1 8 8 2 119 1 3 011  0유승완48152.080우입보26 33 331529.043.019.81123 6183113271530202627152722 099 0↘↗입14.036.639.113.4477636.441.4105.0104.6 63 63 1350   13.90   14.60 4  8  0BUUP54.54751612  .0 3.4 3.4727214 4승부호기보통주행 1기 2 9 5   5 4 5 9⑩1:45.06    2.413.942.615.7  2 -3  .0010 8 -1 3.28745878919 7 8 8 70 1 2.01 4.05 3.1 5.1  3.8    6.4   12.1   10.1  .03850 0 5 6 0― -.439.10  .5028.86102.9 5.0510.9719.83 41118 4.6313.8224.15 5
20250222토 9120011국354 1102 9혼전 4451맑음건조 310 9플라잉카라반    한센    그랜드카 7926.00한거 4 0 0 9 5  88017:00 41250국3송문길김형순  -1 9 7 1 419 1 3 010  0조인권48452.067우입보87 91 919073.055.024.0 943 3264314271521 82627242513 099 0↗↗선14.037.438.113.2339737.140.5 77.1 78.3 71 71 1457   13.90   13.10 6 -3 -3UU동54.54751412 1.8 2.0 3.8707014 0승부조율승부호기 1기 1 1 6     4 6 9⑨1:17.14    2.513.940.614.6  0  4  .00 9 9  6 2.5934089861511 6 3 62 1 1.02 7.11     9.0  2.3    9.0   13.0   48.410.53587 0 7 7 0―  .438.90  .42 2.7775.78 6.8615.1624.03 4111812.2323.0033.09 4
20250112일 6120011국454 110210혼전 4451맑음건조 310 9플라잉카라반    한센    그랜드카 7926.00한거 4 0 0 2 5  98214:25 33000국4송문길김형순  -110 6 5 319 1 3 0 9  0김성현48055.066우입적40 42 428032.049.019.7164410264314271529 02627162319 099 0↘→입14.037.338.113.3359737.337.1 74.5 75.1 67 67 1750   13.90   14.20 4  0  3VNDN54.44741413 1.6 2.2 3.8707012-2승부최상거리혈통 1기 2 4 3     4 4 1③1:14.5½    .013.937.413.1  0  7  .00 3 3  2  .21655 4 58310 5 8 82 1 1.0211.09     7.7  3.6    7.7   12.5   15.4  .03467 0 5 6 0―  .038.00  .59 -.2875.72 5.1712.4019.68 41118 3.5711.8116.76 8
20241215일10140011국454 110211혼전 4451맑음양호 810 9플라잉카라반    한센    그랜드카 5830.00한거 3 0 0 2 6 106717:30 41250국4송문길김형순  -111 5 4 319 1 3 0 8  0문세영47352.093우입적27 30 308560.061.029.1404930254713271536502627293615 099 0→→입14.037.138.813.3398737.240.5 90.0 90.9 67 67 1750   13.90   14.50 5 -6 -6VU동54.44741413  .6 3.2 3.8707012 0전개최상승부최상 1기 0 4 4     4 5 8⑪1:30.0머리 2.113.940.614.2 10  0  .0211 1 -1 2.19052818221 8 510 50 1 7.04 9.01    11.0 11.0   30.5   50.9   37.3  .04592 0 7 7 0―  .739.20  .2114.9588.52 7.9818.5229.07 81829 5.3718.0627.54 6
20241110일 5140011국452 110212 1강 1151맑음건조 510 9플라잉카라반    한센    그랜드카 5830.00한거 3 0 0 2 6 117914:25 33000국4송문길김형순  -112 4 3 219 1 3 0 7  0장추열47358.085우입적87 90 909295.068.074.9305420254713271529312627202722 099 0↗↘입14.037.138.813.3348736.640.8 89.9 90.3 67 67 1750   14.30   13.0017  9  4BB동54.44741413  .3 3.8 4.0696912 0마방선전전개최상 1기 110 3     3 3 6⑧1:29.93    2.113.940.714.5  6  4  .03 8 2  0 2.48319867520 9 1 1 10 3 1.04 7.04     6.4  2.6    8.4   15.0  234.4  .04895 4 9 9 4☆ 1.639.10-1.0014.4288.5234.2561.8874.8837577136.2860.7878.17 2
20240714일 61400 9국412 2 1213 1강 1151맑음양호 610 9플라잉카라반    한센    그랜드카 5830.00한거 3 0 0 2 8 150015:40 33000국4송문길김형순  -113 3 2 119 3 2 0 6  0김용근46954.090기입적54 63 636581.067.057.93067 6325015271529332627312714 099 0↗↘선13.937.338.913.3238337.337.9 86.5 87.6 60 60 2040   13.90   14.10 5  0 -1UHUP54.54751413  .7 4.3 5.0616112 1전개최상마방선전 1기 1 1 7     4 4 2①1:26.52    -.314.337.413.0 -1 -5  .00 1 2  1  .0 757 6 691 7 4 4 22 3 2.03 1.09     3.3  6.9   24.4   44.2    5.312.03475 2 8 9 2▲ 1.338.30 -.7411.3988.7319.5140.2257.8834536520.3739.8054.93 3
20240609일 9130011국434 2 8214 3강 3351맑음양호 910 9플라잉카라반    한센    그랜드카 5830.00한거 3 0 0 2 8 159717:30 33000국4송문길김형순  -114 2 1 319 2 2 0 5  0김용근47454.590강입상44 85 859178.067.052.23067 6325015271529332627312714 099 0↗↘선13.937.738.813.0289437.238.8 82.0 83.1 75 75 2550   13.40   13.10 5 -6 -1UHUP54.54751312-3.5 5.5 2.0898912 1교체성공전개최상 1기 1 1 7     4 4 3③1:22.01½   .313.938.414.1  2 -7  .00 3 1 -1  .6443335226911 3 1 22 210.03 4.07     6.7 31.9   87.9  251.7   79.0  .04896 4 9 9 4☆ 1.539.40 -.42 6.5582.9721.7839.6252.2220415525.9342.3553.33 2
20240504토 6120011국553 2 5215혼전 4451맑음건조 510 9플라잉카라반    한센    그랜드카 7926.00한거 3 0 0 1 9 171514:50 24750국5송문길김형순  -115 1 4 219 1 1 0 4  0김용근48155.589강입적50 61 617023.051.022.32357 42852 7271529332627312714 099 0↘↗선14.037.638.213.0259236.737.9 73.3 74.9 67 67  033   13.40   15.70 4  0 -2LNDN54.04731310-6.0 7.0 1.0939312-1마방선전혈통무난 1기 1 7 3     4 4 3①1:13.31½  -.213.437.513.1 -1  0  .00 1 2 -2  .0102020 88910 3 4 62 1 2.01 7.04     4.8  4.3    4.8    9.8   26.4  .02776 0 5 5 0―  .037.60  .31 -.9475.95 5.9014.1622.29 81829 7.4114.6118.38 6
20260919토10120011국4 2 4  4 0혼전 4451          1010레베랑스        레이스데할런즈달 5725.00한수 3 0 0   1    017:55 33000국4김동철김길리   0 014 5 613 1 2 213  0정도윤   53.587우자하50 65 656627.048.017.518 01224521217 0 0 01614122621 06733↗↗입13.837.338.013.64089                   45 45 1827   13.40   14.30 4 -1  0LH동55.04701612  .4 2.6 3.0757513 0편성탐색조교부실30관 010                            13.4    14.3        .0                       7 2 510  1                                              .02967 0 4 5 0― -.338.00  .71     75.67 4.0110.5117.54 2 510 4.4212.6120.34 8
20260823일 7120010국454 2104 1혼전 4451맑음포화151010레베랑스        레이스데할런즈달 5725.00한수 3 0 0 2 1   65      33000국4안병기김길리   0 113 4 513 2 2 212  0안드레48453.592우자보83 90 908273.060.039.52647 52356 91827 0 018103827 4 06733↗→선13.837.238.013.6469136.839.9 74.7 76.9 45 45 1827   14.00   13.50 7  7 -2BHDN55.04701612  .8 1.8 2.6777713-2숨은복병보통주행68기 111 4     4 7 7⑧1:14.71¾  1.913.438.914.3  7  7  .09 8 1 -4 2.07631796925 8 1 2 20 2 4.02 7.01 3.7 7.6  7.4   13.8   31.0   26.110.52267 1 7 7 1―  .738.60  .16 1.7075.6112.7127.4139.4918375416.8331.7341.28 1
20260705일 71400 9국451 3104 2 3강 3351흐림건조 41010레베랑스        레이스데할런즈달 8832.00한수 3 0 0 1 1  115      33000국4안병기김길리   0 212 3 213 1 2 211  0안드레47755.592우자하67 77 777474.059.034.12647 52356 91827 0 018103827 4 06733↗→선13.837.038.813.6457337.138.8 87.1 88.3 40 50 2040   14.30   13.70 5  2  2HNUP55.04701612  .8 1.8 2.6777713 2승부최상보통주행65기 0 4 7     5 6 3③1:27.1머리  .014.038.413.5 -2 -7  .00 3 5  3 1.92553252481 7 2 5 53 1 1.03 5.02 3.1 6.2  3.1    7.6   13.3   11.211.83481 2 7 7 2△  .738.80  .1312.5488.45 8.7521.2234.05 5142510.5620.9034.68 5
20260530토10120011국454 4 54 3 3강 3351맑음양호 71010레베랑스        레이스데할런즈달 5725.00한수 3 0 0 9 1   91      33000국4안병기김길리   0 311 2 413 1 2 210  0씨씨웡48454.093평입보87 92 927989.072.046.93456112356 9182732361810212522 06733→↘선13.937.138.013.6568938.137.9 75.7 76.0 33 44 3311   13.90   13.60 6 -6  2HNDN55.04701612  .6 1.6 2.2838313-2부중유리승부최상42기 0 210    10 9 5③1:15.73     .514.338.113.7  1  7  .00 3 2  0  .94385164165 8 1 3 23 6 1.0411.10 3.1 4.4  3.1   13.0   15.1    9.311.84593 2 9 9 2▲ 1.538.40 -.01  .9175.5618.8435.2546.8634536523.0841.6055.77 2
20260418토10140010국442 7 94 4혼전 4451맑음건조 41010레베랑스        레이스데할런즈달 8832.00한수 3 0 0 2 1  113      33000국4안병기김길리   0 410 1 113 1 2 2 9  0루이스47752.565우입보81 90 905757.054.024.22144102356 91827 8 01810202715 06733↗↘입13.836.839.113.6636137.238.7 88.9 88.3 50 50 2525   13.60   13.80 5  7 -1BUUP55.04701612 -.8 3.2 2.4808013 1전개최상잠재혈통72기 1 8 4     3 3 3③1:28.91¼   .313.939.113.6  1  7  .00 3 2  0  .52254212272 5 7 5 62 1 1.09 4.09 2.6 4.6  2.6   37.5   49.8   39.510.53455 0 6 8 0―  .339.00  .3412.4388.52 7.6315.9724.16 51322 7.2014.3923.19 7
20260315일 8130010국522 3 74 5혼전 4451맑음양호 61010레베랑스        레이스데할런즈달 8832.00한수 3 0 0 2 1   87      33000국5안병기김길리   0 5 9 3 313 4 2 1 8  0씨씨웡47053.093우입보76 82 829572.069.050.03456112356 9182732361810212522 06733→↘선13.836.938.813.7888037.039.2 81.5 82.6 43 43 4314   14.20   14.30 4 -2  1UNDN55.04701612 -.8 3.2 2.4808013-3선입실패전개최상38기 0 1 2     2 2 2②1:21.57     .013.638.913.8  0  5  .00 2 2  0 1.22721472681 6 2 4 11 5 1.02 5.01 2.2 3.2  2.2    3.2    5.5    5.912.74286 2 8 9 2▲ 1.440.10  .12 6.8682.4522.6938.9650.0134536514.1327.3640.00 2
20260214토 8160010국441 7 94 6혼전 4451맑음건조 31010레베랑스        레이스데할런즈달 8832.00한수 3 0 0 2 1   66      33000국4안병기김길리   0 6 8 2 213 3 2 1 7  0씨씨웡46552.593우자하45 45 451542.059.030.03456112356 9182732361810212522 06733→↘선13.836.039.213.5836536.639.4103.8102.8 50 50 5033   14.20   14.20 4 -6  0HU동55.04701612 -.4 3.2 2.8767613 0연대우수보통주행64기 1 3 6   6 6 6 5④1:43.81¼   .614.239.914.3  2-19  .00 4 2  1  .64456454866 2 5 7 62 4 1.05 1.08 3.2 5.6  3.2   18.7   30.2   26.1  .03355 0 6 8 0―  .539.20  .4927.56102.6 8.7018.5530.03122640 5.8315.8124.62 7
20260117토 8160010국411 5 64 7혼전 4451맑음건조 51010레베랑스        레이스데할런즈달 8832.00한수 3 0 1 2 1   77      33000국4안병기김길리   0 7 7 1 113 2 2 1 6  1씨씨웡48452.593우자보93 95 951575.062.045.33456112356 9182732361810212522 06733→↘선13.836.039.413.5826136.840.1104.0104.1 50 50 3333   13.60   12.70 4 -1 -1LUUP55.04701612 -.4 3.6 3.2717113 3승부최상연대우수 5기 1 9 6   6 8 8 8⑦1:44.06    2.314.240.014.2  6  9  .01 7 1  0 2.88075657620 3 3 1 30 3 5.04 4.06 1.6 4.5 15.7   56.7  122.9   68.710.53762 0 8 8 0▲  .739.40  .0428.71102.715.0531.7645.3012264025.3239.5351.99 1
20251220토 5130011국543 1 44 8 1강 1151흐림포화161010레베랑스        레이스데할런즈달 8832.00한수 2 0 0 2 1   8213:35 24750국5안병기김길리   0 8 6 1 213 1 1 1 5  0씨씨웡47553.593우입보94 96 969092.066.046.43456112356 9182732361810212522 099 0→↘선13.836.839.213.6936937.037.8 78.6 80.8 40 40 4020   13.70   13.50 4  5 -3BU동55.84681312 -.4 3.6 3.2717113 0마방연대승부최상52기 010 6     6 5 4①1:18.63    -.613.636.712.7  0  5  .00 1 1  0  .0 121 9 292 2 5 2 23 2 1.0410.07     3.5  2.2    6.5   10.2    7.012.04596 2 9 9 2▲ 1.339.70  .05 4.8082.6516.6433.4846.3719405630.4052.0364.41 1
20251123일 4130011국612 8 64 9 1강 1154맑음건조 31010레베랑스        레이스데할런즈달 8832.00한수 2 0 0 2 1   96      16500국6안병기김길리   0 9 5 5 113 1 0 1 4  0문세영47056.073평입상39 68 687785.070.071.63845 02356 9182743331810293615 099 0↗↘입13.836.939.413.7856136.838.4 81.1 81.0 25 25 2525   13.60   13.50 5  4  0NVUP55.54661312 -.5 4.3 3.8646412 1승부최상마방연대71기 1 5 4     4 3 1①1:21.12½  -.413.738.713.5  0  1  .00 1 1 -9  .0 11522 594 5 5 2 12 4 1.03 5.01 1.3 3.5  1.3    3.5    4.1    5.0  .03484 1 8 9 1▲ 1.739.70 -.86 4.7182.8433.4956.0671.5537597132.9149.7152.62 1
20251019일 7120012국614 5 6410혼전 4451맑음포화171010레베랑스        레이스데할런즈달 5725.00한수 2 0 0 2 2  203     110000국O안병기김길리   010 4 4 313 1 0 1 3  0씨씨웡46956.090평입보90 99 998184.076.033.7265211215510182732361810212522 099 0↘→선13.836.838.713.8816937.038.7 74.7 76.3 33 33 3333   13.60   13.40 5 -3  1UV동55.54661212 1.3 2.3 3.7676712 0연대우수승부최상 5   0 1 5     5 4 4④1:14.71     .813.638.713.5 -6  3  .00 410  8 1.45536463560 6 8 3 32 1 1.02 9.04 1.4 4.1  1.4    4.1    5.0    6.510.54594 2 9 9 2▲ 1.738.80  .14  .7775.7813.5723.8833.6834536513.8124.5727.19 2
20250914일 1120011국611 6 6411 1강 1151맑음다습141010레베랑스        레이스데할런즈달 5725.00한수 2 0 0 2 2  29510:35 24750국6안병기김길리   011 3 3 213 3 0 0 2  0문세영46655.573평입하61 72 727989.070.047.62735 0215510182743331810293615      ↗↗입13.736.839.614.0803036.837.9 73.7 74.8  0  0 50 0   13.60   14.20 6  0  0HH동       1210 2.0 2.5 4.5585810 0연대우수연대우수68기 0 4 3     4 3 1②1:13.7¾    .013.637.713.4  0  7  .00 2 2  0  .1 92420 985 4 7 3 32 3 5.02 9.04     5.0 11.8   19.0   45.2   10.5  .03771 0 8 7 0▲ 1.338.40 -.77-1.6376.2816.6834.3347.6218375420.6937.5530.09 2
20250803일 1120012국651 710412 1강 1155흐림건조 31010레베랑스        레이스데할런즈달 5725.00한수 2 0 0 1 3  40210:35 24750국6안병기김길리   012 2 2 113 2 0 0 1  0문세영45955.573평입보66 92 929093.074.067.33745 0345019182743331810293615      ↘↗입13.936.739.814.0932236.938.8 76.9 76.0  0  0100 0   13.90   14.00 4 -2  0HHUP       1210  .0 3.0 3.0727210 2마방기습연대우수32관 1 4 1     1 2 2⑥1:16.91¼  1.213.639.814.2  4  6  .00 6 2 -1 1.24732523845 3 9 1 11 2 8.0512.10     5.6 38.2  131.9  387.7  118.012.03781 2 9 8 2▲ 1.638.90-1.37 -.4776.3432.9455.8967.2737577122.2240.6520.47 1
20250705토 1100010국640 7 9413혼전 4455맑음건조 31010레베랑스        레이스데할런즈달 5725.00한수 2     1 3  49410:35 24750국6안병기김길리   013 1 1 113 1 0 0 0  0문세영45355.573평무보83 35 3569  .058.036.03745 0345019182743331810293615      ↘↗입14.136.937.613.0977636.538.6 63.1 62.8              14.10   13.30        LN동       10 0         3.0     0 0일반주행마방기습42기 0 6 4     4 4 2③1:03.11¾   .313.938.714.0  0 -6  .00 3 3  0 1.84213683771 7 6 6 52 1 1.06 1.05     5.3  3.2   42.0   62.6   36.5  .02555-1 6 6-1▽  .338.10  .22-11.762.4913.7325.9035.98 8182910.0020.0030.00 6
20260919토10120011국4 2 4  2 0혼전 4451          1011라온더케이샤    머스킷맨그랜드비 8326.00한암 4 0 0   1    017:55 33000국4이강서라온랜드 1 016 11515 2 2 415  0서승운   52.584우입보50 65 658073.065.041.8233513528029304644 04525272717434314↗↘선13.736.838.313.66883                   57 57 2929   13.70   13.6011  7 -2VH동52.54681212 -.4 3.8 3.4747410 0전개최상연대우수51기 111                            13.7    13.6        .0                       4 4 4 2  2                                              .04385 3 9 9 3★ 1.338.30  .13     75.5616.2830.8841.8118375415.0427.7338.14 3
20260704토 61200 8국543 3 92 1혼전 4451흐림건조 41011라온더케이샤    머스킷맨그랜드비 8326.00한암 4 0 0 1 2  207      33000혼4이강서라온랜드 1 115 31415 1 2 414  0서승운47354.590우입상92 93 939383.070.050.81740 0 0    304644 04525272717434314↗↗선13.736.838.313.6748336.938.5 75.1 75.6 62 62 3131   13.50   13.60 8 -2  4HL동52.54681212 -.6 4.4 3.8757510 0마방선전전개최상68기 0 4 2     2 4 3④1:15.11¾   .413.738.413.6  1 -8  .00 4 3 -2  .83435402968 3 3 2 12 1 2.07 2.08 2.7 5.6  3.4   61.7   98.8   79.210.54899 4 9 9 4☆ 1.738.60 -.13  .4875.5621.0236.8850.7518375419.6437.0447.85 3
20260510일10120010국552 6 52 2혼전 4454맑음건조 51011라온더케이샤    머스킷맨그랜드비 8326.00한암 4 0 0 2 1  141      33000국5박종곤라온랜드 1 214 21315 1 1 413  0김성현48151.061우자하51 49 497859.056.036.81440 93550212825212328 9162319503317↗↘입13.736.838.213.6688936.239.1 75.2 75.2 58 67 3342   13.70   14.40 7 -3 -2NU동52.84661212  .8 4.4 5.2636310 0승군불리마방선전46기 0 6 3     3 3 2①1:15.2코    .013.539.213.6 -4  2  .00 1 5  3  .016 4571984 4 1 3 42 1 5.03 6.04 2.6 4.9  6.6   16.1   38.4   87.7  .02978 0 8 8 0―  .338.50  .33  .1875.5013.6926.4136.8010223520.3136.8851.32 2
20260321토 7120011국414 6 62 3 1강 1151맑음건조 51011라온더케이샤    머스킷맨그랜드비 8326.00한암 4 0 0 2 1  140      33000국4박종곤라온랜드 1 313 11215 3 1 412  0김정준47952.574평자보83 81 817588.065.041.71436 9355021282510 828 9132026503317↗↗추13.736.838.413.7707636.939.7 76.7 76.8 58 58 3325   13.70   13.20 7  7  0BH동52.84661212 1.0 4.0 5.0636310 0마방선전마방선전68기 0 9 3     3 3 5⑥1:16.71¾  1.713.739.714.4  4  1  .05 6 2 -1 2.07236776932 3 5 2 32 4 1.03 1.02 1.5 4.3  1.5    4.3    6.0   14.9  .03173 0 8 9 0▲ 1.039.00  .07 1.5675.6114.6628.4441.6812264020.4135.9650.40 2
20260131토 6120011국552 5102 4혼전 4441맑음건조 21011라온더케이샤    머스킷맨그랜드비 8326.00한암 4 0 0 9 1  131      33000국5박종곤라온랜드 1 412 31115 2 1 411  0김정준47852.574우자하79 74 747974.064.034.11436 9355021282510 828 9132026404020↗↗추13.736.838.313.7708036.638.5 74.6 75.2 55 64 2736   13.80   13.30 7 -2  1HN동52.84641212 1.0 4.0 5.0636310 0승부최상마방선전 5기 0 2 2     2 1 2③1:14.6코    .013.738.113.2  0 12  .00 3 3 -1  .71919381883 4 3 3 41 3 1.05 3.04 2.4 5.7  2.4   17.5   24.8   29.112.73480 2 8 9 2▲ 1.038.50  .36  .0875.5611.3322.3234.0510223515.3126.5440.06 2
20251213토 9120011국412 2 12 5 2강 2251비  불량201011라온더케이샤    머스킷맨그랜드비 8326.00한암 3 0 1 2 1  142      33000국4박종곤라온랜드 1 511 21015 1 1 410  1김정준46652.074우자보72 79 798891.062.037.91436 9355021282510 828 9132026404020↗↗추13.636.838.413.7698036.838.5 73.3 75.5 60 70 3040   13.80   13.80 6 -6  0HU동52.84641212 1.0 3.6 4.6686810 0승부조율승부최상27기 0 4 6     5 5 5⑤1:13.32½   .813.837.513.3  1 -2  .00 5 4  0 1.23129382455 4 2 3 42 2 1.0611.06     2.1  1.3    9.4   11.5   19.1  .04591 3 8 9 3▲ 1.038.60  .19  .3075.6111.4724.2437.9310223524.1945.8362.16 2
20251101토 9120011국454 4102 6 1강 1151맑음건조 51011라온더케이샤    머스킷맨그랜드비 8326.00한암 3 0 1 1 1  168      33000국4박종곤라온랜드 1 610 1 915 1 1 4 9  1이혁  46852.080우입보88 85 858893.064.039.12359 83550212825311928 92821185050 0↗↘선13.636.838.313.6728737.438.1 75.9 75.8 67 67 3344   13.30   13.50 7  6  0BU동53.04631212 1.0 3.2 4.2717110 0마방선전마방선전63기 010 6     5 7 7④1:15.91¾   .313.838.913.8  0 -6  .00 4 4 -2  .33759263170 4 2 3 23 1 2.08 8.04 2.2 5.5  4.0   86.0  142.0  974.112.03387 2 8 9 2▲ 1.238.70  .22  .6775.5615.9628.6439.1419405626.0947.3758.71 2
20250913토 8120011국524 3 72 7혼전 4451맑음포화171011라온더케이샤    머스킷맨그랜드비 8326.00한암 3 0 1 2 2  298      33000혼4박종곤라온랜드 1 7 9 2 815 1 1 4 8  1김정준47452.081우입하49 48 488465.061.036.32364 8315317282510 828 91320266733 0↘↗추13.637.038.213.6608936.338.3 72.9 75.1 75 63 2550   13.60   14.10 7  3  0HU동53.34591212 1.2 2.2 3.4737310 0전개최상마방선전38기 0 4 3     4 3 3⑥1:12.9코    .113.337.613.5  0  8  .00 6 6  1  .215 733 873 7 1 5 42 1 2.07 2.08 2.2 2.6  3.2   32.7   53.5  102.812.73486 2 7 9 2▲ 1.138.30  .25 -.1075.6112.3524.5936.3010203512.7729.1744.30 3
20250726토 5120011국413 2 62 8혼전 4451맑음건조 41011라온더케이샤    머스킷맨그랜드비 8326.00한암 3 0 1 9 3  43014:30 33000국4박종곤라온랜드 1 8 8 1 715 3 1 4 7  1씨씨웡46652.090강입보93 97 979486.068.047.02745 62446 6282550 028 92125226733 0↗↘선13.636.938.213.6719137.638.4 75.4 76.7 86 71 2957   13.70   13.50 7 -1 -4UU동53.34591212  .6 1.4 2.0878710 0전개최상전개최상68기 0 1 3     3 2 4⑧1:15.4¾   2.013.638.514.1  3 -2  .00 8 5  4 2.16865374624 6 4 1 10 3 4.0311.08     7.0  7.5   19.7   41.3   33.310.56291 3 9 9 3★ 1.538.90 -.01 1.5875.5620.2536.1047.0034536522.8638.9451.60 1
20250608일 3120011국532 5 82 9혼전 4451맑음건조 31011라온더케이샤    머스킷맨그랜드비 8326.00한암 3 0 1 2 3  56112:45 24750국5박종곤라온랜드 1 9 7 4 615 2 1 3 6  1씨씨웡46856.090강입하76 86 869482.070.059.42745 62446 6282550 028 92125226733 0↗↘선13.636.838.213.7798937.237.8 75.6 75.0 83 67 3350   13.50   15.0010 -5  2HB동53.34591212 -.8 2.8 2.0878710 0전개최상전개최상44기 0 2 2     3 3 2②1:15.61¼   .013.738.513.5  1 11  .00 2 1 -1  .31445151284 3 2 1 12 2 8.01 7.02     4.3 48.7   57.6  272.9   35.810.65390 3 9 9 3★ 1.738.40 -.30  .0175.5028.6447.0559.3737597122.9241.2155.16 2
20250330일 5120011국522 5 7210혼전 4451눈  건조 31011라온더케이샤    머스킷맨그랜드비 8326.00한암 3 0 1 9 4  76813:35 24750국5박종곤라온랜드 110 6 3 515 1 1 3 5  1씨씨웡45754.090우선보96 98 989679.068.053.82333 5151310282550 028 92125226733 0↘↗선13.737.038.213.2619636.239.6 76.6 76.0 80 80 2060   13.50   13.4012 -1  1NN동53.34591212-1.6 4.2 2.6767610 0작전마주전개최상 1기 0 7 4     3 3 1③1:16.6¾    .013.540.415.0  1  1  .00 3 2  0  .646 5754181 2 2 1 22 1 3.07 5.08     4.5  7.4   95.3  199.8   64.210.54298 3 9 9 3★ 1.538.60 -.27  .8075.6123.4442.0853.8037597126.6745.8660.24 1
20250104토 6120011국532 3 8211 1강 1151맑음건조 31011라온더케이샤    머스킷맨그랜드비 8326.00한암 3 0 1 1 6 101514:25 24750국5박종곤라온랜드 111 5 2 415 2 1 2 4  1송재철45653.078우자하87 89 898283.065.040.31333 53563142825272728 91925205050 0→↗입13.837.138.213.2589636.937.1 74.8 74.3 75 75 2550   13.70   13.30 4  0  1LN동53.54611212-2.0 4.8 2.8747410 0전개최상작전마주 1기 2 8 2     2 2 2②1:14.81¼   .013.537.813.4  0  0  .00 2 2  1  .2 329 4 285 7 3 2 21 2 1.02 7.08     3.2  1.9    3.2    4.2   11.1  .03482 1 8 9 1▲ 1.137.90  .08 -.9875.6714.9028.5440.2919405618.3335.0946.43 2
20241207토 51200 8국553 4 5212 2강 2251맑음다습141011라온더케이샤    머스킷맨그랜드비 8326.00한암 2 0 1 2 6 110414:00 24750국5박종곤라온랜드 112 4 1 315 1 1 1 3  1송재철45652.078우입보93 94 949585.063.060.21333 53563142825272728 91925205050 0→↗입13.837.038.313.0649637.338.0 75.0 75.4 67 67 3367   14.00   13.00 5  6 -2VU동53.54611212-3.0 6.0 3.0717110 0작전마주전개최상 1기 0 8 3     5 5 4②1:15.04     .013.737.813.3  1 -5  .00 2 1  0  .72451222280 3 1 1 13 1 3.01 1.08     4.6  4.1    5.4   12.3   16.3  .04289 2 8 8 2▲ 1.138.40 -.50  .1075.6724.5544.9360.1819405629.5551.8170.95 1
20241102토 2120011국620 8 7213 1강 1151맑음양호 71011라온더케이샤    머스킷맨그랜드비 8326.00한암 2 0 1 1 7 121511:00 16500국6박종곤라온랜드 113 3 3 215 2 0 1 2  1정우주46154.063기입적81 99 997094.071.073.61560 72250 62825273228 9163013 099 0→↘입13.837.238.413.0499236.837.7 75.6 74.3 50 50 5050   13.90   13.10 5 -5  1HVUP53.04611210-4.5 8.5 4.0595910 2작전마주작전마주 1기 0 2 1     1 1 1①1:15.61    -.214.038.013.0  0  0  .00 1 1 -7  .0 32413 592 7 6 1 11 2 1.02 2.09     3.3  1.4    3.3    4.8    7.2  .06290 4 9 9 4☆ 2.137.80-1.07-1.3475.8439.6663.0973.5934536531.3053.3934.56 1
20240928토 1100012국640 1 4214 1강 1155맑음건조 51011라온더케이샤    머스킷맨그랜드비 8326.00한암 2 0 0 9 7 132510:35 24750국6박종곤라온랜드 114 2 2 115 1 0 0 1  0정우주46153.063하무보22 24 243728.049.027.21560 72250 62825273228 9163013      →↘입14.238.037.813.9165736.337.0 61.7 61.7  0  0  0 0   14.20   14.20 5  6  0BHDN       1212-3.0 9.0 6.0333312-2작전마주작전마주 1기 0 7 5     5 3 2②1:01.7목    .013.937.413.1 -6 -5  .00 2 8 -1  .113 712 2761212 1 52 1 2.0810.07     3.1  3.0   41.9   60.5  143.6  .02042-1 5 3-1▽  .136.70 -.19-14.163.20 7.5416.6427.16 41120 3.20 9.45 5.5012
20240824토 11200 9국450 410215 3강 3355흐림다습111011라온더케이샤    머스킷맨그랜드비 8326.00한암 2     2 8 141014:20 24750국4박종곤라온랜드 115 1 1 115 1 0 0 0  0김태희46653.062평무보   35 3540  .056.029.0 2 0 31840 4282516 728 9152416      ↘↗입14.236.738.513.8    37.739.1 77.0 77.0              14.20   14.10        NN동       12 0                 0 0일반주행작전마주 1기 0 1 8     8 8 6⑥1:17.04    1.614.239.314.2 -3  3  .00 6 9  0 2.07573607033 1 1 1 60 1 1.04 4.05     6.5  2.6    7.1   11.3   11.311.82864 2 6 7 2―  .639.10  .45 1.7875.61 7.7816.9028.99 5132211.1122.2233.33 1
