20260823일 11000 8국6 1 6  5 0 2강 2251           1 1블랙타임        에어포스한얼공주  815.00한암 2 0 0   1    010:35 24750국6박지헌강승호  -2 0 2 1 2 1 1 0 0 1  0임다빈   52.575하선보50 42 429560.058.048.21427 822451220 7 5 02115142424      →↗추13.536.538.213.89810                    0  0100 0   13.40   14.10 5 -4 -1HH동       1010  .0 8.0 8.0272710 0숨은복병전개최상68기 1 1                            13.4    14.1        .0                       1 5 4 4  1                                              .04182 1 6 5 1―  .738.20 -.22     62.6012.9630.7248.18 8223412.5026.9741.54 1
20260718토 1100011국630 4 85 1 1강 1155비  불량20 1 1블랙타임        에어포스한얼공주  815.00한암 2     2 1   91      24750국6박지헌강승호  -2 1 1 1 1 1 1 0 0 0  0유승완43753.572평무보69 25 2548  .027.0 8.21960 822451220 714 02115152722      →↘입14.336.838.313.6991235.840.2 62.7 64.0              14.30   13.90 4  0  0LN동       10 0         4.0     0 0일반주행보통주행 5   0 5 2     2 2 3⑧1:02.74    1.813.439.114.1  0 -4  .00 8 8  0 2.076 1956226 4 6 5 91 1 7.03 8.06 2.5 4.7 28.5   53.5  183.2  149.1  .01622-3 2 1-3▼-1.438.50  .72-11.162.82  .92 2.81 8.20 1 4 8 6.4514.2425.10 5
20260823일 11000 8국6 1 6  5 0 2강 2251           1 2블루피니시                              한수 2       1    010:35 24750국6김동균강현철   1 0 1 1 1 0 1 0 0 0  0유승완   54.572평무보39 36 3642  .032.014.11960 81753 6202820 019 8152722      →↘입13.937.138.313.584 1                                13.90   13.80        NN동       10 0         8.0     0 0일반주행보통주행38관 1 2                            13.9    13.8        .0                       5 7 6 6  1                                              .01613-3 2 2-3▼-1.238.30  .39     62.98 1.92 6.0114.13 5122112.5024.7236.92 2
20260823일 11000 8국6 1 6  5 0 2강 2251           1 3퍼스트서귀                              한수 2       1    010:35 24750국6성상현서귀포시 0 0 1 1 1 0 1 0 0 0  0조상범   54.558평무보29 17 1743  .025.0 6.6 926 61770 315 0 0 02416132216      ↗→입13.736.738.214.799 1                                13.70   15.00        NN동       10 0         5.0     0 0일반주행부진마필40기 1 3                            13.7    15.0        .0                       3 6 8 8  1                                              .016 6-4 1 1-4▼-1.838.20  .85     62.71  .61 2.04 6.64 2 61212.5024.7236.92 3
20260823일 11000 8국6 1 6  5 0 2강 2251           1 4라온카리스걸                            한암 2       1    010:35 24750국6이강서손천수   1 0 1 1 1 0 1 0 0 0  0김태희   52.562평무보76 76 7659  .062.048.61245 76488432064 01750 0152416      ↘→입14.137.638.112.55619                                14.10   12.80        NN동       10 0         2.0     0 0일반주행마방연대42기 0 4                            14.1    12.8        .0                       6 3 3 3  1                                              .02358 1 6 7 1―  .938.10 -.77     63.1514.8731.4648.5914284312.5024.7236.92 4
20260823일 11000 8국6 1 6  5 0 2강 2251           1 5관악산점프                              한수 2       1    010:35 24750국6이준철손병석  -3 0 1 1 1 0 1 0 0 0  0빅투아   54.591평무보77 98 9892  .072.079.9315314304614313640493125222818      →→선14.236.837.312.79999                                14.20   13.00        LN동       10 0         3.0     0 0숨은복병전개최상48기 1 5                            14.2    13.0        .0                       4 1 2 1  1                                              .04185 3 8 8 3▲ 1.737.30 -.84     62.2734.9861.4079.8737597112.5024.7236.92 5
20260823일 11000 8국6 1 6  5 0 2강 2251           1 6루나삭스                                한암 2       1    010:35 24750국6이신우김창식   2 0 1 1 1 0 1 0 0 0  0마이아   52.593평무보85 99 9988  .071.073.03452162063 8191538 021123532 8      ↘↗선13.736.637.513.09980                                13.70   13.30        LN동       10 0         2.0     0 0일반주행연대우수43기 1 6                            13.7    13.3        .0                       2 2 1 2  1                                              .03785 3 8 8 3▲ 1.637.50 -.64     62.2730.3854.6873.0021415712.5024.7236.92 6
20260823일 11000 8국6 1 6  5 0 2강 2251           1 7스피드챔프                              한수 2       1    010:35 24750국6송문길(주)디알 2 0 1 1 1 0 1 0 0 0  0송재철   54.578평무보45 31 3126  .031.011.51643 8204111282225152628192520      ↘↗입14.438.038.313.328 1                                14.40   13.60        LN동       10 0         3.0     0 0일반주행보통주행48기 0 7                            14.4    13.6        .0                       7 8 7 7  1                                              .01616-3 2 2-3▼-1.338.30 -.02     63.48 1.26 5.2811.53 2 81712.5024.7236.92 7
20260823일 11000 8국6 1 6  5 0 2강 2251           1 8태평에스지                              한수 2       1    010:35 24750국6박재우에스지이 3 0 1 1 1 0 1 0 0 0  0안드레   54.590평무보39 38 3827  .037.018.02556 61944 92220 0 022143822 5      ↗→선15.038.338.113.41527                                15.00   13.70        NN동       10 0         8.0     0 0일반주행보통주행38기 0 8                            15.0    13.7        .0                       8 4 5 5  1                                              .01623-2 3 4-2▽ -.838.10 -.24     63.54 2.98 8.4018.01 6132512.5024.7236.92 8
20260823일 2100010외4 1 6  5 0혼전 4451           2 1지비플래시                              미거 2       1    011:00 41250혼4리카디손병석  -3 0 1 1 1 0 1 0 0 0  0정정희   54.581평무보85 88 8882  .064.057.8224611355512363830363826202415      →→입14.437.137.412.59099                                14.40   12.80        NN동       10 0         1.0     0 0숨은복병마방연대52기 0 1                            14.4    12.8        .0                       7 3 2 1  1                                            10.52872 2 7 8 2▲ 1.337.40 -.41     62.4925.3143.6657.8437587111.4321.6731.48 1
20260823일 2100010외4 1 6  5 0혼전 4451           2 2싱싱내쉬                                미수 2       1    011:00 41250혼4배휴준전석호   0 0 1 1 1 0 1 0 0 0  0조재로   54.588평무보85 88 8884  .053.033.9335214 825 710 718 010 8192522      ↗↘입13.836.837.312.29994                                13.80   12.40        NN동       10 0         1.0     0 0일반주행강단마필52기 1 2                            13.8    12.4        .0                       4 1 1 4  1                                            10.54454 0 6 5 0―  .337.30  .49     62.2710.6823.3733.89 9183511.4321.6731.48 2
20260823일 2100010외4 1 6  5 0혼전 4451           2 3플래시볼트                              미수 2       1    011:00 41250혼4문병기김광두  -3 0 1 1 1 0 1 0 0 0  0김태훈   54.571평무보54 49 4961  .054.039.21857 82650 92741 0 02829122521      ↗→입13.236.538.313.699 1                                13.20   13.90        NN동       10 0         5.0     0 0숨은복병배당마주42기 1 3                            13.2    13.9        .0                       2 7 7 3  1                                              .01944 0 5 7 0―  .538.30 -.02     62.6513.5427.2939.1512274111.4321.6731.48 3
20260823일 2100010외4 1 6  5 0혼전 4451           2 4클래식오텀      클래식엠ANTONIA  2220.00미수 2 0 0   1    011:00 41250혼4안병기권경자   2 0 2 1 2 1 2 0 0 1  0안드레   54.590평선보50 57 579654.057.046.22556 62358 71824 0 019103822 5      ↗→선13.436.538.213.79817                    0  0100 0   13.20   14.00 6 -1 -1HH동       1010-1.0 6.0 5.0707010 0선행실패전개최상56기 0 4                            13.2    14.0        .0                       1 5 5 2  2                                            12.74176 2 7 6 2△  .938.20 -.17     62.6019.0133.6046.20203955 6.6718.7233.44 9
20260711토 11000 9외421 7 25 1혼전 4454맑음포화16 2 4클래식오텀      클래식엠ANTONIA  2220.00미수 2     2 1  111      41250혼4안병기권경자   2 1 1 1 1 1 1 0 0 0  0안드레48655.590평무보61 25 2540  .037.011.52556 62358 71824 0 019103822 5      ↗→선14.137.038.313.490 336.139.4 61.9 63.4              14.10   13.70 4  0  0LL동       10 0         3.0     0 0일반주행보통주행44기 1 5 1     1 2 2⑤1:01.9½    .413.238.514.0 -1 -4  .00 5 6  0 1.659 4874970 3 8 6 71 1 1.02 6.07 2.0 1.9  2.0    1.9    3.5    2.7  .01621-2 3 4-2▽-1.138.10  .53-11.962.93 1.69 5.0011.49 41118 9.9219.9136.51 6
20260823일 2100010외4 1 6  5 0혼전 4451           2 5마이티원더                              미수 2       1    011:00 41250혼4문세영조병태   1 0 1 1 1 0 1 0 0 0  0유승완   54.572평무보78 82 8281  .050.032.01960 821332233 0 0 06099152722      →↘입14.336.937.312.49899                                14.30   12.70        LN동       10 0         2.0     0 0일반주행작전마주48기 0 5                            14.3    12.7        .0                       6 2 3 5  1                                              .02155 0 6 5 0―  .237.30  .50     62.3210.3822.2632.02 7182911.4321.6731.48 4
20260823일 2100010외4 1 6  5 0혼전 4451           2 6원평크라운      MIND CONSTARSHIP        미수 2 0 0   1    011:00 41250혼4정호익김용재  99 0 2 1 2 1 1 0 0 1  0이혁     54.581하무보50 22 221913.032.013.62258 62033 8242625 02314282218      ↗↘선14.837.938.214.334 9                    0  0  0 0   14.80   14.60 4  5 -1BH동       1010 2.0 6.0 8.0 7 710 0신뢰마주거리난점57기 2 6                            14.8    14.6        .0                       8 6 9 8  1                                              .02621-3 2 2-3▼-1.238.20  .03     63.37 2.53 6.6113.57 2 612 1.90 7.8814.7510
20260725토 11000 8외421 7 25 1 1강 1159맑음다습11 2 6원평크라운      MIND CONSTARSHIP        미수 2     9 1   71      41250혼4정호익김용재  99 1 1 1 1 1 1 0 0 0  0임다빈47755.575평무보   25 2540  .047.030.01427 82033 8242619262314142424      →↗추14.737.137.814.5    37.540.7 65.3 65.7              14.70   14.80 4  0  0NL동       10 0                 0 0일반주행신뢰마주59기 2 1 8     8 8 8⑧1:05.39    3.414.840.014.6  2  2  .00 8 6  0 3.79758989511 1 1 6 50 1 2.01 8.05 1.8 1.7  2.4    1.7    4.1    4.1  .02656 0 4 5 0―  .038.60  .19-9.1662.71 7.8717.9229.96 7182913.9526.3546.15 2
20260823일 2100010외4 1 6  5 0혼전 4451           2 7서리풀선샤인                            미수 2       1    011:00 41250혼4서홍수박시용  -1 0 1 1 1 0 1 0 0 0  0빅투아   54.591평무보42 22 22 8  .031.0 9.33153141850 7252719 02618222818      →→선14.938.538.313.2 3 7                                14.90   13.50        LN동       10 0         5.0     0 0일반주행부진마필40기 0 7                            14.9    13.5        .0                      10101010  1                                              .016 7-4 2 2-4▼-1.438.30 -.19     63.76 1.34 3.50 9.28 0 3 511.4321.6731.48 5
20260823일 2100010외4 1 6  5 0혼전 4451           2 8황금승                                  미수 2       1    011:00 41250혼4문병기송진석  -2 0 1 1 1 0 1 0 0 0  0송재철   54.578평무보66 68 6851  .044.024.21643 82650 9271918 02829192520      ↘↗입14.938.037.412.53599                                14.90   12.80        LN동       10 0         4.0     0 0일반주행보통주행42기 0 8                            14.9    12.8        .0                       9 4 4 7  1                                              .01637 0 3 4 0― -.237.40  .10     62.98 5.9013.5124.20 4 91711.4321.6731.48 6
20260823일 2100010외4 1 6  5 0혼전 4451           2 9나르샤고트                              미수 2       1    011:00 41250혼4정호익(주)아진 0 0 1 1 1 0 1 0 0 0  0임다빈   54.575평무보69 50 5047  .032.013.51427 82033 8241119112314142424      →↗추13.936.938.313.398 1                                13.90   13.60        LN동       10 0         1.0     0 0일반주행보통주행57기 1 9                            13.9    13.6        .0                       5 9 6 9  1                                              .01621-3 2 2-3▼-1.238.30  .50     62.87 2.49 6.5813.51 1 4 811.4321.6731.48 7
20260823일 2100010외4 1 6  5 0혼전 4451           210세종비상                                미수 2       1    011:00 41250혼4이신우정성진   2 0 1 1 1 0 2 0 0 0  0마이아   54.593평무보39 23 2362  .049.030.33452162063 819 038 021123532 8      ↘↗선14.136.838.314.499 1                                14.10   14.70        NN동       10 0         8.0     0 0일반주행보통주행48기 110                            14.1    14.7        .0                       3 8 8 6  1                                              .01629 0 5 5 0―  .138.30  .08     62.82 8.7519.6930.34 4122111.4321.6731.48 8
20260823일 3140011국6 0 9  9 0 1강 1151           3 1태광프린스      지롤라모두만강   4232.00한수 3 0 0   1    012:05 16500국6배휴준문창완   0 0 4 4 1 3 4 0 0 3  0김옥성   56.058하무보50 42 42 1 4.031.0 8.5 7 0 6 825 710 0 0 010 8141618      →→추14.037.240.013.539 4                    0  0  0 0   14.00   15.10 4 -8 -1HHUP       1412-1.0 9.3 8.3252512 1발길대로탐색우려48조 1 1                            14.0    15.1        .0                       7 7 910  4                                              .0 6 1-4 1 2-4▼-1.540.00 -.07     89.41 1.42 4.26 8.52 0 1 4 1.56 4.38 9.4211
20260725토 2130011국611 8 69 1 1강 1151맑음다습11 3 1태광프린스      지롤라모두만강   4232.00한수 3 0 0 9 1   70      16500국6배휴준문창완   0 1 3 3 1 3 3 0 0 2  0김옥성50557.058하무보36 33 33 3 3.028.0 9.8 7 0 6 825 710 0 0 010 8141618      →→추14.638.040.113.5211937.242.2 85.0 85.4  0  0  0 0   14.60   14.20 4 -1  0NHUP       1312-1.0 8.5 7.5333312 1숨은복병탐색우려87기 0 9 8     7 9 9⑩1:25.0머리 3.114.042.015.1 -1 -4  .001011  3 3.7933096941111 9 9110 3 1.02 8.05 1.6 5.4  1.6    5.4    8.5   10.9  .019 1-4 1 1-4▼-1.539.60 -.24 7.2984.00 1.85 5.35 9.83 1 3 6  .12 2.68 6.4911
20260628일 2120011국612 9 19 2 1강 1154맑음건조 3 3 1태광프린스      지롤라모두만강   4623.00한수 3 0 0 9 1   69      16500국6배휴준문창완   0 2 2 2 2 3 2 0 0 1  0김옥성50957.058하무보39 40 40 5 3.026.010.9 7 0 6 825 710 0 0 010 8141618      →→추14.838.239.413.5 23737.339.5 77.8 76.4  0  0  0 0   14.80   13.80 5  2  0NH동       1212-1.0 9.0 8.0383812 0최빈거리보통주행40기 010 9     9 9 8⑦1:17.81½  1.814.639.914.2 -1  4  .00 7 8 -1 2.3595271703110 4 3 70 2 1.04 5.11 1.3 2.5  1.3    5.7    6.4    6.1  .013 7-2 1 1-2▽-1.837.50 -.37-1.2376.95 1.22 3.6810.94 2 610  .12 1.80 3.6211
20260523토 1120011국611 9 69 3 1강 1159흐림다습13 3 1태광프린스      지롤라모두만강   4623.00한수 3     2 1   80      16500국6배휴준문창완   0 3 1 1 1 3 1 0 0 0  0김옥성50557.058평무보35 25 2523  .022.0 3.6 7 0 6 825 710 0 0 010 8141618      →→추14.837.340.013.575 438.239.0 77.7 76.4              14.80   13.80 4  0  0LL동       12 0         6.0     0 0일반주행우수혈통44기 0 810    10 9 9⑧1:17.74    1.414.839.313.8 -1 18  .00 8 9  0 1.66188587940 6 911110 1 2.04 3.02 1.4 3.8  7.5   15.7   39.6    7.0  .016 3-4 1 1-4▼-2.338.40 -.01 -.9376.78  .30  .47 3.61 0 2 515.1926.5147.10 4
20260823일 3140011국6 0 9  9 0 1강 1151           3 2케이퀸          섀클포드케이어센 6326.00한암 3       1    012:05 16500국6서범석최홍일   0 0 7 1 1 0 1 0 0 0  0이혁     54.080하입보61 47 47 910.034.010.42258 61444 5192516131913282218      ↗↘선13.837.140.514.941 3                    0  0  0 0   14.40   12.70 6 -4 -1HH동       1412 -.2 8.4 8.2232314 0탄력저조보통주행48관 2 2                            14.4    12.7        .0                       511 7 9  5                                              .013 7-4 2 5-4▼-1.340.50 -.34     89.69 1.41 5.1010.39 1 4 9 6.2511.6817.49 7
20260711토 31400 8국631 9 89 1 2강 2251맑음다습14 3 2케이퀸          섀클포드케이어센 6326.00한암 3 0 0 2 1  109      24750국6서범석최홍일   0 1 6 6 2 6 1 0 0 5  0김아현47155.058하입하 6  8  8 3 1.028.0 5.6 967 01444 51925 0701913152013      →→입13.937.340.814.427 636.643.7 92.8 91.9  0  0  0 0   14.00   14.80 4 -5  0NNUP       1412 -.3 8.5 8.3282814 1발길대로건성마필96기 1 6 3     4 6 8⑧1:32.89    3.613.644.016.2  0  8  .00 8 8  0 5.49622999810 6 8 8 82 1 1.04 1.07 2.0 3.5  2.0    7.7   11.7    8.4  .0 8 5-4 1 2-4▼-1.939.30 -.5513.8190.03  .14 1.74 5.56 2 613 1.18 1.24 3.98 8
20260614일 2130011국651 7 59 2 2강 2256흐림건조 3 3 2케이퀸          섀클포드케이어센 6326.00한암 3 0 0 2 1   69      16500국6서범석최홍일   0 2 5 5 1 6 4 0 0 4  0이혁  46355.080하입보38 44 4418 8.046.022.32258 61444 5192516131913282218      ↗↘선13.937.540.414.4511239.040.8 86.2 85.8  0  0  0 0   13.90   14.90 4  9  0NNDN       1412-1.0 8.7 7.7353514-1일반주행거리속성42관 011 8     91011⑩1:26.2머리 3.414.041.214.8  2  1  .0010 8  2 3.995948596 9 8 8 5 60 4 2.03 9.08 2.7 3.7  3.4    9.3   13.8   27.1  .01628 0 3 3 0― -.240.20 -.45 7.8583.87 5.1312.2722.32 61325 2.30 6.5912.27 7
20260516토 11400 9국641 9 49 3 2강 2259맑음건조 3 3 2케이퀸          섀클포드케이어센 6326.00한암 3 0 0 2 1   80      16500국6서범석최홍일   0 3 4 4 1 6 3 0 0 3  0이혁  46255.080하입보20 25 252611.047.028.32258 61444 5192516131913282218      ↗↘선14.137.640.914.110 636.940.4 91.3 89.3  0  0  0 0   14.30   13.40 4  1  0HNUP       1412-2.010.0 8.0252512 2일반주행거리부담42관 0 2 3     5 5 4⑦1:31.31¼   .913.941.214.9  1 -1  .00 7 6  2 3.25739767057 7 9 7 52 3 2.05 9.03 2.1 2.9  3.8   38.6   57.9   16.9  .01930 0 3 4 0― -.138.40-1.3710.8090.31 7.0216.4828.25 61325 2.74 8.1116.51 5
20260418토 1120010국634 8 39 4 1강 1151맑음건조 5 3 2케이퀸          섀클포드케이어센 7020.00한암 3 0 0 2 1   82      16500국6서범석최홍일   0 4 3 3 3 6 2 0 0 2  0이혁  46355.081하입보14 15 15 9 6.032.018.62258 61444 5192516131913282218      ↗↘선14.138.040.014.1 3 838.538.1 77.4 76.4  0  0  0 0   14.20   14.40 4 -4  1HN동       1212  .012.012.0 2 212 0숨은복병부진마필63관 1 1 8    101010⑥1:17.4머리 1.014.338.713.4  2  7  .09 6 4 -4 1.96195246750 9 9 5 73 2 3.08 6.10 1.5 3.1  5.0   92.4  159.8  509.9  .019 7-3 1 1-3▼-1.137.70 -.83-1.6577.17 3.09 8.8118.57 4 917  .96 4.17 7.40 8
20260321토 2120010국632 9 39 5 1강 1159맑음건조 5 3 2케이퀸          섀클포드케이어센 7020.00한암 3 0 0 2 1   83      16500국6서범석최홍일   0 5 2 2 2 6 1 0 0 1  0이혁  45654.581하무보 5  5  5 5 3.029.0 3.72258 61444 5192516131913282218      ↗↘선14.338.140.214.7 1 337.539.7 78.3 76.6  0  0  0 0   14.30   15.00 8 -3  0NH동       1212  .012.012.0 2 212 0마방연대보통주행55기 0 5 6     6 6 5④1:18.35    1.114.240.414.4 -4 -6  .00 4 8 -4 1.26863757850 910 4102 1 3.02 7.06 1.5 2.5  6.5   10.7   21.1    3.0  .02913-4 1 2-4▼-2.037.60 -.56-1.6677.34  .79 1.95 3.65 2 613  .12 1.55 2.2011
20260124토 1120012국611 8 69 6 1강 1155맑음건조 3 3 2케이퀸          섀클포드케이어센 7020.00한암 3     2 1  157      24750국6최영주최홍일   0 6 1 1 1 6 1 0 0 0  0김정준46254.573평무보   25 2540  .035.019.0153710315021193418152213142026      ↗↗추14.236.738.514.6    38.341.2 80.0 79.1              14.20   14.90 4  0  0LL동       12 0                 0 0일반주행마방연대 5관 0 810    111212⑫1:20.01¼  4.714.341.415.0  0  4  .001212  0 5.697939497 5 4 4 6 60 1 1.05 9.03 1.3 4.2  1.3    7.6    9.5   14.4  .02237-2 3 3-2▽ -.939.80  .73 3.8775.61 4.8810.9118.99 41221 7.3214.9726.93 9
20260823일 3140011국6 0 9  9 0 1강 1151           3 3델타최강        콩코드포런키튼런 7326.00한거 3 0 0   1    012:05 16500국6함완식강균호   2 01010 4 9 5 0 0 9  0유승완   56.070평입상50 57 573921.047.026.01960 8225612151627 02111152722      →↘입14.237.140.214.04813                    0 11 22 0   14.00   13.90 5 -3 -1HH동       1717-1.4 7.0 5.6434314 0일반주행보통주행58기 0 3                            14.0    13.9        .0                       4 9 4 5  5                                              .01635 0 4 3 0― -.140.20 -.58     89.48 6.3015.0525.98 51221 6.2513.1422.87 5
20260718토 3140011국620 9 79 1 1강 1151흐림불량20 3 3델타최강        콩코드포런키튼런 7326.00한거 3 0 0 2 1   89      16500국6함완식강균호   2 1 9 9 3 9 4 0 0 8  0유승완45357.070하입보23 38 3828 7.039.012.31960 8225612151627 02111152722      →↘입14.337.140.214.052 936.939.3 89.2 88.4  0  0 25 0   14.40   14.00 6  5  0NN동       1717  .4 6.6 7.0343414 0일반주행거리탄력 5   0 6 4     4 3 3④1:29.24     .914.039.813.9 -4-14  .00 4 8  2 1.32742433556 4 6 8102 4 1.02 3.04 2.3 4.4  2.3    4.4    7.1   17.9  .01623-2 2 1-2▽ -.938.70 -.2111.1089.48 2.83 6.6112.32 1 4 8 2.15 5.5911.1110
20260606토 2140011국650 9 59 2 1강 1154맑음양호 7 3 3델타최강        콩코드포런키튼런 7326.00한수 3 0 0 1 1  119      16500국6함완식강균호   2 2 8 8 2 9 3 0 0 7  0유승완46757.070하입하25 28 285412.046.027.71960 8225612151627 02111152722      →↘입14.437.040.114.267 537.439.3 91.6 89.6  0  0 14 0   14.30   14.20 6 -6  0HN동       1717-1.0 7.6 6.6343414 0일반주행보통주행52기 1 1 3     3 3 4⑥1:31.6½    .914.440.414.0  0  5  .00 6 6  2 1.06463455156 2 8 7 62 3 2.01 9.04 2.0 4.0  4.7    4.0   10.3   14.1  .01639 0 3 3 0― -.139.10 -.5012.5089.34 7.3616.4927.68 4 917 5.00 9.7919.09 7
20260426일 2140011국610 9 69 3 2강 2253맑음건조 3 3 3델타최강        콩코드포런키튼런 7326.00한수 3 0 0 9 1  109      16500국6함완식강균호   2 3 7 7 1 9 2 0 0 6  0유승완46257.070하무상38 44 445121.049.035.41960 8225612151627 02111152722      →↘입14.637.140.014.367 637.239.9 91.4 89.4  0  0 33 0   14.70   14.10 4 -2  1NNDN       1717-1.2 9.0 7.8282817-3일반주행탄력호전99기 0 7 8     6 6 5⑤1:31.41½  1.514.340.914.2  1  0  .00 5 4 -4 2.75955636539 4 8 3 42 2 1.0210.01 1.4 3.5  1.4    3.5    4.6    4.7  .01636 0 4 2 0―  .038.90 -.6912.3089.3410.3022.1235.43142843 4.1710.0014.87 6
20260329일 3170011국651 9109 4혼전 4459맑음건조 3 3 3델타최강        콩코드포런키튼런 7326.00한수 3 0 0 9 1   71      16500국6함완식강균호   2 4 6 6 4 9 1 0 0 5  0유승완46256.570하무보 5  5  520 3.030.0 5.51960 8225612151627 02111152722      →↘입14.739.441.814.476 639.941.2113.9112.9  0  0 20 0   14.50   14.60 4  1  1LN동       1717 -.4 9.8 9.4181817 0최빈거리거리난점38관 0 9 7 7 8 7 7 4④1:53.91¾   .514.741.614.1 -4 -4  .00 4 8 -1 1.22947555469 3 5 8103 1 1.02 5.01 2.7 5.7  2.7    5.7    8.7    8.3  .0 9 6-4 1 2-4▼-1.941.60  .3331.69113.9  .12 1.74 5.50 2 714  .12 3.74 8.2911
20260228토 4170011국621 8 79 5 2강 2258맑음건조 3 3 3델타최강        콩코드포런키튼런 7326.00한수 3 0 0 9 1   91      16500국6함완식강균호   2 5 5 5 3 9 5 0 0 4  0김태훈46656.069하입하 5  6  653 8.039.018.51857 8225612151613272111122521      ↗→입14.639.341.714.584 639.943.4116.7116.1  0  0 50 0   14.40   15.40 5  0 -1NH동       1717 -.510.0 9.5212117 0일반주행건성마필53관 1 8 5 5 6 7 9 9⑨1:56.73    3.414.543.414.6  0  4  .00 9 9  3 3.59450929210 1 811 70 5 1.06 7.04 1.7 2.7  1.7   15.4   19.2   83.9  .01639-1 3 3-1▽ -.742.20  .1635.11113.8 4.09 9.4018.48 61325 2.30 6.9413.25 6
20260125일 3170011국641 9 99 6 1강 1152맑음건조 3 3 3델타최강        콩코드포런키튼런 7326.00한수 3 0 0 2 1   71      16500국6함완식강균호   2 6 4 4 2 9 4 0 0 3  0김태훈46256.569하입상27 27 274215.046.022.11857 8225612151613272111122521      ↗→입14.639.341.714.580 639.044.5116.7115.8  0  0 33 0   14.50   14.20 5 -1  1LN동       1710-2.311.3 9.0252517 0일반주행신저혈통 5기 0 8 4 4 5 5 6 9⑪1:56.72½  3.114.444.315.4  5  1  .0011 6 -5 3.79312979414 2 8 7 80 4 5.0211.10 3.0 7.5 11.3   15.0   31.8   25.0  .02636 0 4 3 0― -.342.10  .0634.80113.8 4.9712.1622.10 2 613 3.33 7.8715.85 8
20251221일 4170011국631 4 89 7 1강 1151맑음다습14 3 3델타최강        콩코드포런키튼런 7326.00한수 2 0 0 2 1   9312:45 16500국6함완식강균호   2 7 3 3 1 9 3 0 0 2  0김태훈46156.069하추보 5  5  5 1 3.028.0 5.61857 8225612151613272111122521      ↗→입14.240.142.013.630 439.142.2112.0113.4  0  0  0 0   14.20   15.20 4  3  0VHUP       1710  .011.511.5121210 4걸음없음거리속성43기 0 9 7 7 8 4 2 3④1:52.01    1.014.541.414.2 -7  4  .00 411  0 1.25116806448 81011112 3 2.0110.06     4.5  4.5    4.5   10.6   20.2  .012 1-4 1 2-4▼-1.841.00 -.1531.34114.5  .43 1.61 5.58 1 3 6  .12 2.27 5.8410
20251122토 2130011국631 7 89 8 1강 1157맑음건조 3 3 3델타최강        콩코드포런키튼런 7326.00한수 2 0 0 2 1  109      24750국6함완식강균호   2 8 2 2 1 9 2 0 0 1  0김태훈45756.069하무보13 11 11 2 3.026.0 7.61857 8225612151613272111122521      ↗→입14.438.140.413.618 637.941.8 85.8 86.0  0  0  0 0   14.40   13.90 3  4  0BHUP       1310  .012.012.0181810 3일반주행거리속성54기 1 6 6     8 8 9⑪1:25.83    3.414.241.915.2  0-19  .001111 -1 3.596659596 9 610 4100 2 2.03 8.03 2.7 3.2  2.7    4.7    8.2   19.9  .016 5-3 1 1-3▼-1.739.70 -.43 7.4784.25  .98 3.07 7.61 0 2 5  .12 1.54 2.1210
20251101토 1100012국651 8109 9 3강 3355맑음건조 5 3 3델타최강        콩코드포런키튼런 7622.00한수 2     1 1  176      24750국6함완식강균호   2 9 1 1 1 9 1 0 0 0  0김태훈47656.071평무보 6 25 2511  .029.0 7.01857 8225612151613272111122521      ↗→입14.638.338.313.611 138.039.4 65.1 64.4              14.60   13.90 4  0  0NL동       10 0         6.0     0 0일반주행우수혈통54기 1 2 9     9 711⑫1:05.14    2.314.439.713.9  0  6  .001212  0 2.48672888920111111100 1 9.0112.09 3.8 7.7 18.1   34.0  125.4   42.4  .016 4-4 1 5-4▼-1.937.10 -.03-12.263.65  .17 2.44 6.99 2 610 8.5716.9926.58 2
20260823일 3140011국6 0 9  9 0 1강 1151           3 4서부킹          올드패션서부탑   7130.00한수 3 0 0   1    012:05 16500국6서인석부건영   5 0 4 4 2 3 1 0 0 3  0안드레   56.091평입보50 58 584558.056.031.32556 61845 918 4 0 019123822 5      ↗→선13.837.240.213.73517                    0  0  0 0   13.80   13.90 4 -3 -1HHUP       1412  .0 6.3 6.3464612 1일반주행신저혈통53기 1 4                            13.8    13.9        .0                       610 3 3  1                                              .02662-2 6 4-2▽  .340.20 -.77     89.55 8.8020.5631.3114284315.6332.1244.39 2
20260725토 2130011국611 8 69 1 1강 1151맑음다습11 3 4서부킹          올드패션서부탑   7130.00한수 3 0 0 9 1   70      16500국6서인석부건영   5 1 3 3 1 3 1 0 0 2  0정도윤50857.086평추보36 42 4219 7.034.014.316 0 71845 918 4 0 01912102922      ↗↗입14.137.939.613.3275737.240.4 83.1 83.5  0  0  0 0   14.10   14.20 4 -4  0NHDN       1412  .0 6.0 6.0474712-1일반주행거리속성90트 1 7 6     5 6 7⑦1:23.11    1.213.840.213.9  0  4  .00 7 7  0 1.8623081714610 4 6102 1 1.02 8.05 1.6 5.4  1.6    5.4    8.5   10.9  .01624-2 2 2-2▽-1.039.30  .02 5.9983.61 2.80 8.2514.34 1 4 8 3.13 6.7112.99 9
20260628일 3140011국652 8109 2 1강 1151맑음건조 3 3 4서부킹          올드패션서부탑   7130.00한수 3 0 0 9 1   68      16500국6서인석부건영   5 2 2 2 1 3 2 0 0 1  0김태훈50457.069평추보59 83 834259.054.021.51857 81845 918 415 01912122521      ↗→입14.437.539.913.3224437.539.7 90.4 89.3  0  0  0 0   14.40   13.70 4 10  0NHUP       1412-1.0 5.0 4.0646412 2일반주행거리부담70기 011 9     91010⑧1:30.41¼  1.714.140.314.2  1 -3  .00 8 7  2 1.95969606932 9 6 3 60 2 2.05 8.10 2.8 6.6  3.6   16.1   25.7   25.2  .01639 0 5 3 0―  .438.50 -.5311.9089.55 4.6511.9621.52 41221 5.5615.3824.65 5
20260531일 2120011국641 9 49 3 1강 1159맑음양호 7 3 4서부킹          올드패션서부탑   6520.00한수 3     9 1   49      16500국6서인석부건영   5 3 1 1 1 3 1 0 0 0  0김태훈50757.071평무보26 25 2511  .025.0 7.61857 81845 918 415 01912122521      ↗→입14.638.339.612.9 21237.538.6 78.0 76.0              14.60   13.20 4  0  0NL동       12 0         8.0     0 0일반주행우수혈통42기 1 1 9     910 7④1:18.02½   .614.439.713.7 -1 -7  .00 4 5  0 1.9486343516511 510 93 1 2.0911.10 2.3 3.5  3.3  130.8  174.7   73.6  .016 5-4 1 1-4▼-1.937.30 -.45-1.9077.12  .35 2.81 7.62 2 613 8.3317.3936.98 4
20260823일 3140011국6 0 9  9 0 1강 1151           3 5송당질주        오버애널최대풍속 3141.00한암 3 0 0   1    012:05 16500국6심승태제주축산 0 0 6 6 2 5 3 0 0 5  0김태현   54.053하추상50 55 5520 8.041.021.1 750 31350 712 0 0 01213191218 0 0 0→↘선14.037.639.913.81322                    0  0  0 0   14.90   13.30 4 -2 -1NU동55.04741717-3.4 9.4 6.0393914 0일반주행최적거리59관 1 5                            14.9    13.3        .0                       9 5 5 8  3                                              .01629 0 2 3 0― -.539.90 -.57     89.62 5.5113.1221.11 2 612 3.13 8.7614.80 9
20260725토 3140011국641 9 99 1혼전 4451맑음다습11 3 5송당질주        오버애널최대풍속 3141.00한암 3 0 0 9 1   69      16500국6심승태제주축산 0 1 5 5 1 5 2 0 0 4  0김태현47155.053하입하20 24 2410 5.031.0 8.0 750 31350 712 0 0 01213191218 0 0 0→↘선14.037.540.314.114 937.938.6 89.8 88.8  0  0  0 0   14.80   13.70 5  4  0BUDN55.04741717-2.8 9.3 6.5353513-3일반주행보통주행 5   0 710    10 9 6④1:29.83     .814.938.813.3 -6  4  .00 410  3 1.54288204859 8 7 8103 2 2.01 4.05 3.1 4.9  3.2    4.9    8.7  159.3  .01611-2 1 1-2▽-1.538.40 -.4111.0089.83 1.30 4.07 8.00 1 4 8 1.39 3.9210.1711
20260621일 2170011국650 6109 2 3강 3357맑음포화19 3 5송당질주        오버애널최대풍속 3141.00한암 3 0 0 2 1   89      16500국6심승태제주축산 0 2 4 4 2 5 1 0 0 3  0김태현46755.053하입상21 38 38 2 5.034.014.4 750 31350 712 0 0 01213191218 0 0 0→↘선14.040.142.114.0291540.641.1112.7114.5  0  0  0 0   15.30   14.60 3 -2  0UU동55.04741712-4.010.0 6.0363613 0일반주행거리속성 6기 0 31111111010 9⑧1:52.74    1.714.840.313.7  1 -7  .00 8 7 -1 2.37282527131 610 5 60 1 1.03 9.05 3.8 8.0  3.8    9.4   21.2   11.8  .01626-1 2 1-1▽-1.041.10 -.3932.30114.6 2.34 7.6414.44 41221 1.92 5.0411.71 8
20260530토 3170011국611 9 19 3 1강 1153맑음양호 7 3 5송당질주        오버애널최대풍속 3141.00한암 3 0 0 9 1   58      16500국6심승태제주축산 0 3 3 3 1 5 3 0 0 2  0김태훈47455.069하입상30 29 29 5 5.034.016.71857 81350 712 015 01213122521      ↗→입14.039.842.214.0491240.641.2116.8114.4  0  0  0 0   14.10   14.00 4  2  0NHUP       1712-5.011.0 6.0272713 4일반주행거리속성58관 0 5 7 7 7 8 7 6⑥1:56.82½   .915.342.114.6 -2  4  .00 6 8 -3  .96979526957 8 9 6 70 3 1.03 3.09 1.5 3.4  1.5    6.7    8.3   18.9  .01618-1 2 2-1▽-1.241.40 -.3532.40114.4 2.78 7.7616.70 41118 1.33 4.0810.57 8
20260503일 1130011국620 9 79 4 1강 1159비  다습10 3 5송당질주        오버애널최대풍속 3141.00한암 3 0 0 1 1   70      16500국6심승태제주축산 0 4 2 2 1 5 2 0 0 1  0김태훈47055.069하추상13 17 17 1 2.026.0 6.01857 81350 712 015 01213122521      ↗→입14.338.140.414.114 937.439.6 84.3 83.3  0  0  0 0   14.30   14.30 4 -1  0HHUP       1312-5.011.0 6.0262612 1보통혈통거리속성25관 0 3 7     5 5 8⑥1:24.3¾   1.814.140.214.0 -5  6  .00 611  0 1.954436154321111 7112 2 1.02 9.04 2.2 2.6  2.2    2.6    4.5   15.4  .027 5-4 1 1-4▼-1.839.00 -.37 4.8384.25  .59 1.90 5.99 0 2 5  .12 2.14 4.8111
20260405일 1120011국611 9 69 5 1강 1159맑음양호 6 3 5송당질주        오버애널최대풍속 6227.00한암 3     1 1   73      16500국6심승태제주축산 0 5 1 1 1 5 1 0 0 0  0김태훈46455.071평무보 5 25 25 9  .026.0 7.31857 81350 712 015 01213122521      ↗→입15.938.839.712.8 1 437.840.0 79.1 77.5              15.90   13.10 4  0  0NL동       12 0        11.0     0 0일반주행보통혈통58기 1 410     91110⑥1:19.16    1.914.340.714.3 -5 13  .00 611  0 2.7857782882911 711 93 1 2.06 6.07 1.3 4.1  8.8   32.0   53.2   11.9  .016 9-4 1 3-4▼-1.837.20 -.76-1.0077.45  .78 2.42 7.25 0 3 514.2925.1452.26 4
20260823일 3140011국6 0 9  5 0 1강 1151           3 6블루하와이                              한수 3       1    012:05 16500국6토니  허용     0 0 1 1 1 0 1 0 0 0  0코지     56.086평무보35 22 2220  .050.025.931571928571420 042 02619233119      ↗↘입15.438.239.912.3 112                                15.40   12.50        LN동       14 0        10.0     0 0일반주행마방기습49기 0 6                            15.4    12.5        .0                      11 611 6  1                                              .02448-1 5 5-1▽  .039.90-1.07     90.03 7.5816.0825.92 6132518.7532.1243.05 3
20260823일 3140011국6 0 9  9 0 1강 1151           3 7스마트그랜드    지롤라모메니스마 4232.00한수 4 0 0   1    012:05 16500국6문병기박정재   2 0 8 8 1 7 1 0 0 7  0우인철   55.073하입보50 51 513118.053.031.32048102650 9271317 02829102723      ↘↘입13.837.439.913.82222                    0 14  0 0   13.90   13.50 5  2 -2NHUP       1413 -.4 7.6 7.2353512 1일반주행거리부담44관 0 7                            13.9    13.5        .0                       8 4 6 4  1                                              .01866 0 3 5 0―  .339.90 -.71     89.48 8.7720.5331.25 82234 3.1311.6821.52 8
20260719일 3130010국650 9 59 1 2강 2251흐림포화16 3 7스마트그랜드    지롤라모메니스마 4232.00한수 4 0 0 2 1   79      16500국6문병기박정재   2 1 7 7 6 7 1 0 0 6  0조상범45557.057하입상41 38 3833 6.039.018.1 926 62650 92713 7152829132216      ↗→입13.837.639.713.9382737.639.2 83.2 83.0  0 17  0 0   14.20   13.40 3  0  0NH동       1313  .2 7.8 8.0262612 0일반주행탄력호전 5   0 5 6     6 6 7⑥1:23.2목    .813.939.213.5  0 -6  .00 6 6 -4 1.54651474559 8 6 7 72 2 2.01 8.01 2.1 4.4  4.6    4.4   10.9   10.5  .01638 0 2 2 0― -.739.50  .03 5.7083.48 3.81 9.1718.12 41221  .84 3.57 8.21 8
20260627토 2130011국650 5109 2혼전 4451맑음건조 4 3 7스마트그랜드    지롤라모메니스마 4232.00한수 4 0 0 9 1   59      16500국6문병기박정재   2 2 6 6 5 7 1 0 0 5  0신형철46157.064하입보 8 10 10 9 5.029.0 4.3 0 0 02650 9271311 02829151427      ↗→추13.837.539.814.1462438.638.7 82.9 82.9  0 20 20 0   14.20   14.40 5  4  0NH동       1313 -.4 8.0 7.6292912 0발길대로보통주행38관 2 5 9    10 9 9⑥1:22.92     .814.238.613.4 -4 -1  .00 610  0 1.33788265854 4 7 9103 1 7.05 4.01 2.9 6.4 17.3   84.4  189.4  623.1  .013 9-4 1 2-4▼-1.939.50  .42 5.6183.48  .12 1.27 4.31 1 4 8 1.25 3.37 8.0510
20260524일 2130011국631 9 89 3 1강 1158맑음다습11 3 7스마트그랜드    지롤라모메니스마 4232.00한수 4 0 0 2 1   69      16500국6문병기박정재   2 3 5 5 4 7 1 0 0 4  0조상범46257.057하입보15 15 1539 6.033.015.9 926 62650 92713 7152829132216      ↗→입13.837.439.814.1532438.340.3 85.4 84.6  0 25 25 0   14.00   14.70 3 -4  0HH동       1313 -.5 7.5 7.0333312 0숨은복병작전마주62기 1 1 7    101010⑩1:25.47    2.414.240.814.4  0  0  .001010  5 2.88479788820 5 1 7 70 1 3.07 5.03 2.4 5.5  3.9   43.4   67.0   46.1  .02120-3 1 1-3▼-1.140.00  .14 7.3983.42 3.11 7.9715.85 41221 1.92 6.7814.06 7
20260503일 1130011국620 9 79 4 1강 1159비  다습10 3 7스마트그랜드    지롤라모메니스마 4232.00한수 4 0 0 1 1   50      16500국6문병기박정재   2 4 4 4 3 7 1 0 0 3  0이용호46257.064하입상27 28 284710.044.021.31657 72650 9271333152829191820      →↘자13.737.439.713.8533037.440.1 84.8 83.8  0 33 33 0   14.10   14.70 4 -4  0NH동       1313-1.7 8.3 6.7383812 0일반주행작전마주35기 0 5 4     6 6 6⑧1:24.81¾  2.314.040.714.7  3  8  .00 8 5 -2 2.46943746922 4 3 5 52 1 1.02 9.04 2.2 2.6  2.2    2.6    4.5   15.4  .02142-1 3 2-1▽ -.539.90  .07 6.7283.35 4.8512.6721.25 61526 4.08 8.5614.42 6
20260405일 2130011국641 9 99 5혼전 4452맑음양호 6 3 7스마트그랜드    지롤라모메니스마 4232.00한수 4 0 0 1 1   72      16500국6문병기박정재   2 5 3 3 2 7 1 0 0 2  0김태훈45457.069기입적12 17 1742 7.033.014.41857 82650 92713 0 82829122521      ↗→입13.737.239.413.1726138.140.1 84.8 83.6  0 50 50 0   13.70   14.80 3  5  0NH동       1312-2.0 9.0 7.0424212 0숨은복병기복전력60기 0 9 9    10 9 9⑥1:24.8¾   1.714.140.614.7 -1-12  .00 6 7  0 1.86373758333 4 5 9103 1 1.02 1.03 2.1 4.5  2.1    4.5    7.3   15.9  .01929-2 2 2-2▽-1.140.00  .57 7.0483.03 3.24 7.6914.41 1 4 9 3.70 8.2012.00 9
20260314토 2130011국611 8 19 6 2강 2251맑음양호 7 3 7스마트그랜드    지롤라모메니스마 4232.00한수 4 0 0 2 1   62      16500국6문병기박정재   2 6 2 2 1 7 2 0 0 1  0김태현46657.053우입상60 91 916922.048.021.6 750 32650 92713 0 02829191218      →↘선13.738.039.013.1178736.941.6 85.6 84.8  0100  0 0   14.00   13.30 4 -7  0HHUP       1312-7.011.0 4.0717112 1일반주행작전마주32기 0 4 3     3 510⑩1:25.63    2.813.742.014.8  3  1  .0010 7 -4 2.98616948714 8 2 2 60 2 1.02 1.02 1.7 3.3  1.7    3.3    5.0    7.0  .02164 0 6 3 0― -.239.50  .10 7.8183.29 3.9510.6821.62 51222 5.3611.5420.98 5
20260214토 1120011국610 9 69 7 1강 1141맑음건조 3 3 7스마트그랜드    지롤라모메니스마 4623.00한수 4     2 1   73      16500국6문병기박정재   2 7 1 1 1 7 1 0 0 0  0김태현46557.053평무보14 25 25 7  .023.0 2.7 750 32650 92713 0 02829191218      →↘선14.337.939.913.420 138.338.0 77.4 75.7              14.30   13.70 4  0  0NL동       12 0         6.0     0 0일반주행우수혈통40기 111 5     5 5 4④1:17.4목    .314.038.913.3 -7  2  .00 411  0 1.73690245872 6 7 9112 1 1.03 6.08 1.4 4.2  1.4    7.1    7.0   10.0  .016 4-4 1 2-4▼-2.137.60 -.26-2.1077.06  .12 1.39 2.74 0 2 5 7.5015.2234.99 9
20260823일 3140011국6 0 9  7 0 1강 1151           3 8강한프린세스    미스치비퀸오피서 2130.00한암 3 0 0   1    012:05 16500국6성상현강수덕  -1 0 8 8 3 7 2 0 0 7  0조상범   54.057하자보50 45 454521.044.023.2 926 61770 315 0 0 02416132216      ↗→입13.536.839.713.958 9                    0  0 40 0   14.60   13.10 2  1  0NH동       1413 -.2 8.6 8.4303012 0일반주행거리탄력52기 1 8                            14.6    13.1        .0                       2 2 8 7  2                                              .01641 0 3 2 0― -.339.70  .00     88.93 5.3912.8123.20 2 817 6.2513.1422.87 6
20260808토 3140011국652 9107 1 1강 1159맑음건조 2 3 8강한프린세스    미스치비퀸오피서 2130.00한암 3 0 0 1 1   49      16500국6성상현강수덕  -1 1 7 7 2 7 1 0 0 6  0조상범43154.057하입하 5  6  623 3.029.0 8.4 926 61770 315 0 0 02416132216      ↗→입13.536.540.114.780 138.039.1 90.9 89.9  0  0 50 0   13.70   15.0012  1 -1NHUP       1413  .5 8.8 9.3222212 1능력한계휴양불리39기 0 7 8     8 8 6⑤1:30.9머리  .714.639.013.1 -3 -9  .00 5 8  0 1.37688376662 2 2 9 93 1 3.05 1.06 2.6 5.7  5.1   19.4   39.0  170.7  .0 7 9-3 1 1-3▼-1.739.60  .3313.3389.00 1.10 3.42 8.37 2 610  .12 3.08 7.2510
20260516토 3130011국642 9 97 2 1강 1152맑음건조 3 3 8강한프린세스    미스치비퀸오피서 2130.00한암 3 0 0 2 2  218      16500국6홍대유강수덕  -1 2 6 6 2 7 1 0 0 5  0김태희44055.058하선하 7  7  727 4.033.014.21260 31838 4151310 01914152416      ↗↘입13.436.840.213.784 436.642.2 86.7 85.4  0  0 33 0   14.00   14.60 4 -2  0NN동       1410  .3 9.0 9.3252512 0숨은복병거리속성64관 0 6 2     2 610⑨1:26.77    2.713.743.115.0  1 -3  .00 9 8  3 2.992 7969017 31010 82 2 4.01 2.10 2.6 5.3  6.9   10.5   24.5   57.4  .01922-2 2 1-2▽-1.040.80  .32 8.3683.29 2.07 7.3014.23 2 612 1.33 3.80 7.61 9
20260418토 2130011국632 9 87 3 1강 1151맑음건조 5 3 8강한프린세스    미스치비퀸오피서 2130.00한암 3 0 0 2 1   81      16500국6홍대유강수덕  -1 3 5 5 1 7 1 0 0 4  0이동하44355.091하선보87 88 886188.072.067.5325414194312151323 01914252419      ↗↘선13.436.840.913.786 638.240.9 86.8 85.8  0  0 33 0   14.00   12.9010 -2  1NNDN       1410  .0 8.5 8.5373712-1일반주행거리속성30관 0 8 6     91010⑩1:26.83    3.414.041.514.6  5 13  .0110 5 -5 3.595778793 9 211 1 10 1 3.01 6.03 1.7 4.0  5.5    4.4   14.5   11.9  .02571 1 7 6 1△ 1.640.90-1.60 8.0583.7431.3553.4667.5234536629.8950.0066.79 2
20260208일 3140011국611 9 67 4 1강 1159맑음건조 2 3 8강한프린세스    미스치비퀸오피서 2130.00한암 3 0 0 2 1  186      16500국6홍대유강수덕  -1 4 4 4 1 7 1 0 0 3  0김태희43054.060하도보43 45 456534.052.031.31245 7194312151310 01914152416      ↘→입13.436.340.713.793 337.046.1 95.8 95.9  0  0 50 0   13.40   14.90 5  9 -1BHUP       1410  .0 8.5 8.5373712 2숨은탄력거리부담38기 010 6     5 911⑪1:35.8대차 7.514.045.615.5  1 -1  .001110  2 8.299449999 4 1 9 4 40 1 1.03 4.01 1.8 6.1  1.8    6.9   11.8   23.9  .01963 0 5 6 0―  .441.10 -.5218.8589.28 8.4119.0331.33 91835 6.6721.5427.15 4
20260104일 1120011국621 8 27 5 1강 1154흐림다습12 3 8강한프린세스    미스치비퀸오피서 7420.00한암 3 0 0 1 1   94      16500국6홍대유강수덕  -1 5 3 3 1 7 1 0 0 2  0문정균43154.574하무보11  9  931 4.028.010.11118 6194312151317 01914131923      ↘↗추13.937.139.913.766 836.339.8 76.8 75.7  0  0  0 0   14.00   14.1010 -2  1HNUP       1210  .0 9.0 9.0202010 2일반주행부진마필38기 1 1 1     1 1 3⑧1:16.8½    .913.440.614.9  0 10  .00 8 8  2 1.037 8775154 3 7 8 81 1 2.0110.06 1.5 2.2  3.2    2.2    6.1   15.0  .016 5-4 1 1-4▼-1.538.30 -.01-1.3476.62 1.53 4.8710.12 1 4 8  .87 2.93 4.56 9
20251025토 1100012국620 7 27 6 1강 1155흐림건조 5 3 8강한프린세스    미스치비퀸오피서 7420.00한암 2 0 0 9 2  22010:35 24750국6홍대유강수덕  -1 6 2 2 2 7 2 0 0 1  0김옥성42154.057평무보11 25 2531  .026.0 8.5 6 0 61838 41513 6 91914141618      ↗→추13.937.138.113.7721937.439.4 64.2 64.5  0  0  0 0   13.90   14.00 5 -7  1HN동       1010         9.0    10 0최빈거리거리난점70기 2 3 7     7 6 6⑨1:04.24    2.714.039.314.1  3 -9  .05 9 6 -3 3.48750898112 9 7 8100 2 2.0512.02     2.3  4.0   35.3   63.4   12.7  .0 9 9-3 1 1-3▼-1.638.30  .64-10.762.87 1.17 3.05 8.50 1 3 6 8.3316.6725.00 3
20250920토 1100011국621 6 77 7 3강 3355흐림불량20 3 8강한프린세스    미스치비퀸오피서 7420.00한암 2     2 2  284      24750국6홍대유강수덕  -1 7 1 1 1 7 1 0 0 0  0김옥성43053.557평무보   25 2540  .036.019.7 6 0 61838 41513 6 91914141618      ↗→추14.137.137.813.9    37.039.2 62.9 64.4              14.10   14.20 4  0  0LN동       10 0                 0 0일반주행우수혈통 5기 210 7     7 6 9⑨1:02.96    2.213.938.614.0  0  9  .00 9 9  0 3.18633856818 1 1 2 90 1 1.04 2.01 1.5 2.7  1.5   13.0   14.7   34.0  .01645 0 3 4 0― -.838.30  .48-10.562.71 5.1111.3019.69 1 3 7 8.9617.6026.8810
20260823일 3140011국6 0 9  9 0 1강 1151           3 9스마트워리어    더킹    레슬리스 2643.00한암 4 0 0   1    012:05 16500국6심승태박정재   2 01619 918 1 0 018  0김태훈   54.069하도보50 36 36 4 6.031.0 6.51857 81350 7121315 81213122521      ↗→입14.338.039.813.8 215                    0  0  0 0   15.50   14.70 2  7  0HNDN       1714 -.6 8.8 8.2151512-3최빈거리조교부실25관 0 9                            15.5    14.7        .0                      10 31011  2                                              .0 9 3-4 1 3-4▼-1.739.80 -.39     89.83  .78 2.56 6.53 1 3 8 1.56 5.8412.1110
20260809일 3170010국610 8 69 1 1강 1155흐림건조 2 3 9스마트워리어    더킹    레슬리스 2643.00한암 4 0 0 1 1   39      16500국6심승태박정재   2 11518 518 2 0 017  0김태현43554.053하무상 5  9  9 0 3.027.0 5.8 750 31350 71213 0 01213191218      →↘선14.340.541.613.8 61741.142.9117.9117.0  0  0  0 0   14.60   14.60 5  0 -1HNUP       1714 -.6 8.8 8.2181817 3탄력저조급신장세41기 0 2101010101010⑩1:57.95    4.215.542.314.7  0 11  .001010  2 4.697958796 710 410100 3 4.0810.09 1.9 5.9  7.0   35.8   71.2   79.6  .0 8 1-4 1 2-4▼-1.941.10 -.1534.86114.5  .11 1.79 5.75 0 3 5  .12 2.40 6.28 8
20260705일 11400 8국630 9 39 2 2강 2255흐림건조 4 3 9스마트워리어    더킹    레슬리스 2643.00한암 4 0 0 1 1   70      16500국6심승태박정재   2 21417 818 1 0 016  0김태현42455.053하무보 5  5  5 3 1.027.0 3.8 750 31350 71213 0 01213191218      →↘선14.338.039.813.8 21738.340.1 92.2 90.5  0  0  0 7   15.00   14.10 4  0  2HLUP       1714-1.0 9.4 8.4202012 1최빈거리부진저하50관 0 2 7     8 8 8⑦1:32.2¾   2.114.640.814.6 -1 -2  .00 7 8 -1 2.48594708925 8 6 8 80 2 3.04 1.04 2.0 3.0  3.5   17.1   27.8   16.4  .0 9 1-4 1 2-4▼-2.038.30 -.3112.6889.83  .75 1.86 3.78 2 612 2.50 2.25 6.25 8
20260607일 1130010국642 8 49 3혼전 4451맑음양호 6 3 9스마트워리어    더킹    레슬리스 2643.00한암 4 0 0 1 1   70      16500국6심승태박정재   2 31316 318 1 0 015  0우인철42653.073하무보 5  9  9 1 4.030.0 5.22048101350 7121314 01213102723      ↘↘입14.338.539.513.8 63040.240.1 86.5 85.9  0  0  0 7   15.60   14.70 4 -2 -2HHDN       1714-1.0 9.6 8.6212112-4탄력저조거리속성15관 0 210    101010⑨1:26.52    3.415.040.514.1  0 -5  .00 9 9  1 4.595997398 910 3 8 80 4 2.0510.03 2.5 2.9  2.9   20.6   30.4   12.5  .012 2-4 1 2-4▼-1.939.20 -.04 7.9283.93  .12 1.51 5.18 2 714 1.33 3.87 8.57 9
20260509토 11700 9국642 9 49 4 2강 2259맑음건조 5 3 9스마트워리어    더킹    레슬리스 2643.00한암 4 0 0 2 1   80      16500국6심승태박정재   2 41215 418 1 0 014  0김태현43155.053하무보 6 12 12 0 2.027.0 6.9 750 31350 71213 0 01213191218      →↘선14.340.541.613.5 72741.243.8117.5116.5  0  0  0 0   15.20   14.00 3 -5  2HLUP       1714 -.810.0 9.2191912 3능력한계거리속성31기 0 4 9 9 9 9 9 6⑥1:57.54    2.415.643.514.7 -2  8  .00 6 8 -1 3.79494939821 7 4 5 83 1 2.01 3.02 2.2 2.6  3.5    2.6    5.7   32.1  .012 1-4 1 1-4▼-1.941.10 -.1734.39114.5  .12 2.09 6.90 1 4 9  .12 3.42 8.29 7
20260419일 31400 9국621 9 79 5 1강 1159맑음건조 4 3 9스마트워리어    더킹    레슬리스 2643.00한암 4 0 0 2 1   49      16500국6심승태박정재   2 51114 718 1 0 013  0우인철42353.073하무보 5  7  7 9 2.032.011.92048101350 7121314 01213102723      ↘↘입14.337.839.813.5 33039.339.1 92.5 90.5  0  0  0 8   14.80   14.90 2  1  2NN동       1714-1.410.4 9.0171712 0최빈거리거리난점68기 0 9 9     8 9 9⑨1:32.53    1.715.240.014.0  0 -3  .00 9 9 -1 2.28599399033 9 2 8 80 3 3.04 7.03 1.6 3.1 10.9   41.8   80.2  301.5  .0 912-4 1 3-4▼-1.638.50 -.4012.9089.69 1.60 4.2511.88 2 714  .12 4.00 8.88 9
20260405일 3140010국610 9 69 6혼전 4458맑음양호 6 3 9스마트워리어    더킹    레슬리스 2643.00한암 4 0 0 1 1   29      24750국6심승태박정재   2 61013 618 1 0 012  0조성환42651.053하무상 7 11 11 2 4.027.0 6.0 718 61350 71213 6 01213101620      ↘→추14.337.939.813.4 32737.940.9 93.3 91.3  0  0  0 9   15.20   13.70 2  7 -1NH동       1714-2.010.6 8.6151512 0최빈거리조교부실27관 0 8 7     8 810⑩1:33.3¾   2.414.841.914.9  0 -1  .001010 -1 2.6938686932111 5 9110 1 2.04 4.07 1.5 4.0  5.3   18.8   35.2   33.2  .0 9 1-4 1 1-4▼-1.838.50 -.3013.6089.76  .55 1.86 6.03 1 3 8 1.85 4.65 8.2011
20260322일 2140011국641 9 99 7 3강 3359맑음건조 5 3 9스마트워리어    더킹    레슬리스 2643.00한암 4 0 0 2 1   30      16500국6심승태박정재   2 7 912 518 1 0 011  0권중석42752.067하추보 5  5  5 3 3.027.0 1.71341 61350 71213 0 01213191818      ↘→선14.337.939.813.4 33039.339.0 91.9 90.3  0  0  010   15.40   14.20 6-10 -3HH동       1714-1.6 9.8 8.2141412 0탄력저조부진마필49관 0 110     91010⑧1:31.92½  1.615.239.813.7 -3 12  .00 811  1 2.3829934883511 511110 2 2.01 5.02 3.0 5.8  3.5    5.8   11.2   11.3  .0 5 1-4 1 1-4▼-2.238.30 -.1912.6189.76  .12  .81 1.69 1 3 5  .12 3.13 7.28 9
20260207토 2140011국630 9 89 8 2강 2251맑음건조 2 3 9스마트워리어    더킹    레슬리스 2643.00한암 4 0 0 2 1  114      16500국6심승태박정재   2 8 811 418 1 0 010  0김태훈41555.069하추보 6  6  6 2 2.029.0 6.71857 81350 7121315 81213122521      ↗→입14.337.839.813.5 33039.340.2 92.5 91.4  0  0  011   15.00   13.90 5  2  4NL동       1714-2.810.0 7.2252512 0탄력저조부진저하 5   01111    111110⑩1:32.51¾  3.115.440.214.2  0 15  .001010  0 3.9939972961311 410110 1 2.01 1.02 1.8 3.6  3.9    3.6    7.0    4.4  .0 7 1-4 1 4-4▼-1.838.60 -.2613.7589.69  .54 2.03 6.71 1 3 8  .12 3.13 7.4311
20260103토 4140011국611 9 19 9 2강 2256맑음다습13 3 9스마트워리어    더킹    레슬리스 2643.00한암 4 0 0 1 1  102      16500국6심승태박정재   2 9 710 318 1 0 0 9  0권중석40051.067하추보21 15 15 6 2.030.0 9.71341 61350 71213 0 01213191818      ↘→선14.337.739.813.5 53038.240.6 91.4 91.1  0  0  0 0   14.70   13.40 3  6 -4LH동       1717-2.810.0 7.2242417 0가는대로거리탄력59기 0 911    111111⑨1:31.42    3.115.040.713.9 -1 -4  .00 910 -1 3.2939481941311 4 7 70 1 2.0110.01 1.3 2.4  7.0    2.4   11.4    4.6  .013 9-3 1 1-3▼-1.438.70 -.2813.6289.62 1.02 3.26 9.68 51221  .12 2.23 5.98 9
20251214일 5140011국630 7 8910혼전 4451맑음포화18 3 9스마트워리어    더킹    레슬리스 2643.00한암 3 0 0 2 1   51      16500국6심승태박정재   210 6 9 218 3 0 0 8  0김효정40455.067하추보 7  6  6 4 3.030.0 4.71753 71350 7121322131213192217      ↗→선14.338.039.713.5 63337.739.7 89.2 89.5  0  0  014   15.40   14.80 2 -5  0HNDN       1717-2.0 9.2 7.2212112-3발길대로조교부실27관 0 311    111110⑧1:29.21    2.214.739.313.4 -3 -4  .00 811  0 2.3668261772211 611103 5 3.09 1.02     5.0  5.0   74.2  107.2   47.5  .0 6 2-4 1 1-4▼-1.938.00 -.2711.7689.76  .12 1.49 4.69 1 4 8  .12 2.61 5.8811
20251130일 3170011국650 8 5911 2강 2253흐림다습10 3 9스마트워리어    더킹    레슬리스 2643.00한암 3 0 0 9 1   75      16500국6심승태박정재   211 5 8 318 2 0 0 7  0김효정40855.067하추상20 16 1630 3.035.011.31753 71350 7121322131213192217      ↗→선14.340.441.713.5122740.841.8116.7115.1  0  0  017   15.50   13.40 2  5  0NL동       1713-1.2 8.8 7.6202017 0일반주행최적거리48관 0 81111111010 9⑧1:56.71¼  3.515.442.714.8 -3 -1  .00 811  4 3.885877488 9 910 7 70 4 1.05 9.07 2.9 4.3  2.9   11.3   20.9   12.5  .01615-3 1 2-3▼-1.240.90 -.2633.03114.5 1.58 4.8711.27 41118  .12 1.83 4.0710
20251115토 5170011국621 9 2912 2강 2252맑음건조 3 3 9스마트워리어    더킹    레슬리스 2643.00한암 3 0 0 2 1  128      16500국6심승태박정재   212 4 7 218 1 0 0 6  0김효정40955.067하무상 8 22 22 1 2.030.0 9.91753 71350 7121322131213192217      ↗→선14.340.442.313.615 940.939.8115.9113.6  0  0  0 0   14.90   13.80 2 -8  4HBUP       1713-1.6 9.8 8.2202012 4능력한계거리속성 5   0 31010101010 8⑥1:55.9목   1.815.540.113.4 -1 -5  .00 6 7 -4 2.252891845311111 5 83 3 1.04 6.05 1.6 2.1  1.6   12.8   17.8    8.7  .012 5-4 1 1-4▼-1.540.70 -.5630.92114.9 1.32 4.61 9.88 2 612  .12 2.84 7.54 8
20251102일 2130011국611 9 1913 1강 1151맑음양호 7 3 9스마트워리어    더킹    레슬리스 2643.00한암 3 0 0 1 1  16411:00 16500국6심승태박정재   213 3 6 218 2 0 0 5  0우인철41451.073하무보 5  5  5 0 4.031.0 6.12048101350 7121314 01213102723      ↘↘입14.338.040.213.717 539.039.5 85.3 84.1  0  0  0 0   14.30   14.40 4  3  0NHDN       1712 -.5 9.5 9.0 9 912-1탄력저조거리속성78기 11111    111110⑤1:25.31½   .614.940.113.8 -6 -8  .00 511  1 1.97695588865 8 911103 2 1.04 2.05     3.3  1.4    4.1    5.1    6.6  .012 2-4 1 4-4▼-1.939.30 -.19 5.8984.06  .12 1.90 6.07 2 610 1.23 3.68 9.5610
20251003금 4140011국631 8 8914 3강 3353흐림다습11 3 9스마트워리어    더킹    레슬리스 2643.00한암 3 0 0 1 2  23915:20 16500국6심승태박정재   214 2 5 118 1 0 0 4  0우인철42251.063하무보 6  6  6 5 4.030.0 4.51520 7 4 0 0121314 01213102723      →↘입14.637.841.013.7 8 237.741.0 92.4 91.4  0  0  0 0   14.30   13.60 3  3 -4LHUP       1712 -.3 9.3 9.0111112 2교체실패거리부담64기 0 8 8     8 8 7⑨1:32.43    3.714.341.214.4 -1 -5  .00 910  3 3.993778792 8101110100 1 2.0111.10     3.6  3.3    3.6    6.8   18.4  .020 5-4 1 2-4▼-1.938.60 -.9512.5790.51  .12 1.32 4.53 1 3 5 1.12 3.26 6.9810
20250913토 4120010국611 3 1915혼전 4454맑음포화19 3 9스마트워리어    더킹    레슬리스 26     한암 3 0 0 2 2  30215:45 16500국6심승태박정재   215 1 4 218 1 0 0 3  0김정준42755.079하무하 5  5  5 4 3.029.0 3.12060 5 4 0 0121313281213142026      ↘↗추14.638.439.113.7 2 638.438.7 76.4 77.2  0  0  0 0   15.00   15.50 2  0  0NNDN       1712-1.010.5 9.5161612-5최빈거리거리난점27관 0 510    101010⑩1:16.43    2.814.338.913.6  3  0  .0510 7  0 3.1789246761010 5 8100 1 4.02 1.03     3.2  8.4   22.0   50.9    7.7  .0 9 4-4 1 2-4▼-2.137.50 -.09 -.3476.90  .12 1.58 3.08 1 3 7  .12 2.99 4.2410
20260823일 3140011국6 0 9  5 0 1강 1151           310클러치월드                              한수 3       1    012:05 16500국6리카디조아건설 0 0 1 1 1 0 1 0 0 0  0김효정   56.067평무보85 99 9994  .070.070.91753 735551236 045 03826192217      ↗→선14.436.538.712.19999                                14.40   12.30        LN동       14 0         2.0     0 0일반주행전개최상48기 010                            14.4    12.3        .0                       1 1 1 1  1                                              .04487 3 8 9 3▲ 1.738.70 -.46     88.0437.3458.3170.8837597118.7532.1243.05 4
20260823일 3140011국6 0 9  9 0 1강 1151           311대동용마        나이트러듀앨폭풍 6522.00한수 3 0 0   1    012:05 16500국6서인석이혜섭  -4 0 7 7 2 6 1 0 1 6  0김태희   56.060기입적50 60 605460.062.044.91245 71845 918141414191215241699 0 0↘→입13.636.940.213.75412                   17 17 50 0   13.60   13.80 5  0 -1VNUP57.04621413 -.4 6.0 5.6484813 1주행고전마주성향58기 011                            13.6    13.8        .0                       3 8 2 2  1                                              .03667 1 7 6 1― 1.040.20 -.95     89.3416.7031.6544.9421415718.7535.0448.43 1
20260719일 2130011국651 9109 1 1강 1156흐림포화16 311대동용마        나이트러듀앨폭풍 6522.00한수 3 0 0 2 1   80      16500국6서인석이혜섭  -4 1 6 6 3 6 3 0 1 5  0조상범46757.057기선적90 88 885479.065.061.6 926 61845 91814 0 0191213221699 0 0↗→입13.637.539.713.7463036.740.0 82.5 82.8 20 20 40 0   13.70   13.90 5  6  0VN동57.04621412-1.2 8.0 6.8353513 0배당마주마주성향 5   011 3     3 4 3③1:22.51½   .313.639.913.8  2  5  .00 3 1 -6 1.13612734674 7 6 1 12 5 4.05 7.05 2.8 6.0  9.1   42.1   92.4   30.113.22355 1 7 5 1― 1.339.50-1.12 5.5583.4228.6847.8161.6137587130.0054.0167.50 1
20260613토 2130011국622 9 79 2 1강 1151맑음건조 3 311대동용마        나이트러듀앨폭풍 6522.00한수 3 0 0 2 1   99      16500국6서인석이혜섭  -4 2 5 5 2 6 2 0 0 4  0조상범46257.057하자보15 18 1819 4.034.016.0 926 61845 91814 0 01912132216      ↗→입13.837.639.713.7383036.639.0 82.8 81.7  0  0 25 0   14.00   14.30 5 -5  0NL동       1412 -.3 8.3 8.0222214 0배당마주배당마주66기 0 5 2     2 2 1②1:22.81¼   .013.739.713.9 -5-17  .00 2 7  1  .2 5 837 988 5 510 81 4 2.07 7.05 1.9 5.4  4.7   16.4   30.5   67.8  .02324-1 1 2-1▽ -.939.10  .09 4.3683.48 3.92 8.7816.03 1 4 8 1.43 4.20 9.38 9
20260509토 4130011국640 9 99 3 1강 1151맑음건조 5 311대동용마        나이트러듀앨폭풍 6522.00한수 3 0 0 2 1   97      16500국6서인석이혜섭  -4 3 4 4 1 6 1 0 0 3  0조상범47957.057하추상34 23 23 9 5.030.0 9.4 926 61845 91814 0 01912132216      ↗→입13.637.939.913.6213036.841.3 85.4 84.1  0  0  0 0   13.90   14.70 6  7  5BBDN       1412-1.0 9.0 8.0191914-1배당마주배당마주45기 010 7     6 5 9⑧1:25.41    1.614.041.814.3  2  7  .00 8 6 -4 2.27514918035 7 6 6 72 3 2.05 2.04 3.7 6.1  3.7   17.5   28.0   19.9  .023 7-3 1 1-3▼-1.339.40 -.03 6.3283.80  .87 4.12 9.43 2 612  .93 2.96 8.05 7
20260328토 3140011국650 9109 4혼전 4451맑음건조 3 311대동용마        나이트러듀앨폭풍 6522.00한수 3 0 0 9 1  123      16500국6서인석이혜섭  -4 4 3 3 1 6 1 0 0 2  0조성환47252.553하추보 5  9  9 6 6.027.0 4.9 718 61845 91814 0 01912101620      ↘→추14.237.840.213.6 22237.440.0 91.4 89.4  0  0  0 0   14.20   13.8013  2 -4HHUP       1412 -.5 8.5 8.0151512 2숨은복병배당마주63기 0 3 2     2 2 5⑧1:31.41½  1.913.940.814.7 -2 11  .00 810  4 2.0616868752910 910101 1 4.01 1.07 2.6 5.8  7.7    8.6   24.3   15.4  .01919-2 1 2-2▽-1.838.20 -.4611.4089.96  .42 1.45 4.85 0 2 5 1.05 4.30 9.44 9
20251227토 2120011국610 8 69 5 1강 1159맑음다습14 311대동용마        나이트러듀앨폭풍 4313.00한수 2 0 0 9 2  262      16500국6손영표이혜섭  -4 5 2 2 2 6 2 0 0 1  0조상범46156.056하추보 5  5  510 3.026.0 3.7 880 2 899 310 0 5 012 7132216      →↗입14.538.438.813.6 16138.040.5 78.6 78.2  0  0  0 0   14.50   13.50 4 -6  0HH동       1212-2.011.0 9.0 7 712 0배당마주마주성향 5기 0 1 8     8 8 9⑦1:18.62    2.014.240.513.8  1  3  .00 7 6 -5 2.5928588942710 7 4100 2 1.02 9.02 1.2 3.6  1.2    3.6    4.2    6.3  .023 8-4 1 2-4▼-2.037.80  .05  .9976.73  .91 1.96 3.69 0 3 5  .12 1.68 1.9911
20251129토 1120012국610 8 69 6 2강 2255맑음다습10 311대동용마        나이트러듀앨폭풍 4313.00한수 2     9 1   8810:35 24750국6손영표이혜섭  -4 6 1 1 1 6 1 0 0 0  0조상범45856.058평무보30 25 2533  .024.0 6.8 926 6 0   010 0 5 012 7132216      ↗→입14.136.840.214.199 140.138.1 78.1 78.4              14.10   14.40        LN동       12 0         5.0     0 0숨은복병배당마주48기 0 712    121212⑨1:18.17    3.414.538.613.5 -2 14  .00 911  0 3.893992592 9 312 5113 1 1.03 1.02     4.4  1.6    5.3    7.5   69.6  .019 5-4 1 1-4▼-1.939.50  .08 1.3876.62  .26 2.66 6.84 0 1 4 8.3316.6725.00 7
20260823일 41300 9국5 1 6  6 0혼전 4454           4 1붉은폭풍        한센    대산여제 6130.00한수 6 0 0   1    013:10 24750국5서인석홍상기   2 016211029 1 1 429  0코지     56.586평자보50 54 547341.059.044.33157191845 9181025 01912233119382538↗↘입13.836.939.013.48469                   28 52  428   13.60   14.40 6 -1  0UNDN55.24621714 -.2 5.2 5.0585814-1승부최상작전마주40트 0 1                            13.6    14.4        .0                       4 3 6 3  1                                              .03464 0 6 6 0―  .639.00  .16     82.5815.8630.0744.3012264110.1422.8236.55 4
20260711토 41400 8국540 9 46 1혼전 4451맑음다습14 4 1붉은폭풍        한센    대산여제 6130.00한수 6 0 0 2 1  108      24750국5서인석홍상기   2 115201329 1 1 428  0조재로47256.588평자상62 70 708980.071.058.53352141845 9181025191912192522382538↗↘입13.836.739.113.4735736.839.8 89.2 88.3 29 50  429   13.90   14.10 6 -1  1HN동55.24621714 -.4 5.2 4.8616114 0교체성공승부최상57트 0 2 1     1 1 3⑤1:29.2¾    .713.640.114.4  1  7  .00 5 4  1 2.92534604963 1 3 3 2118 1.03 5.08 2.3 2.4  2.3    5.7    9.1   17.210.64497 3 9 9 3★ 1.639.10 -.5212.5388.4524.6343.8158.5034536625.3246.8460.00 2
20260531일 4140011국540 7 46 2 1강 1151맑음양호 7 4 1붉은폭풍        한센    대산여제 6130.00한수 6 0 0 9 1  107      24750국5서인석홍상기   2 214191229 1 1 327  0김태훈46555.569평자하46 41 417040.053.042.01857 81845 9181015 01912122521292943↗→입13.936.839.013.4636536.639.9 89.7 88.7 30 48  026   13.80   14.60 6 -4 -1HN동55.14611714-1.2 6.2 5.0616114 0일반주행작전마주 5트 0 3 4     2 2 3②1:29.74     .013.940.414.1 -1-13  .00 2 3 -2  .73417654386 2 1 5 31 2 4.0310.03 2.4 3.4  6.9   27.3   61.5   86.6  .02156 0 5 5 0―  .539.10 -.0712.9188.4515.0129.2142.04122741 8.3318.0630.86 4
20260418토 4140011국533 7 86 3혼전 4451맑음건조 5 4 1붉은폭풍        한센    대산여제 6130.00한수 6 0 0 2 1  119      24750국5서인석홍상기   2 313181129 1 1 326  0조재로47856.088우자보45 44 445121.045.019.33352141845 9181025191912192522292943↗↘입13.836.938.913.4606936.840.1 90.3 89.3 27 55  527   13.80   14.20 7  0  0NNUP55.14611714-2.4 6.8 4.4686814 1일반주행최적거리38트 1 7 2     2 3 3⑧1:30.31½  1.813.840.614.6  3  1  .00 8 5 -4 1.95629685631 5 3 7 9117 6.01 5.09 2.5 3.6 17.4   16.6   55.2   39.8  .01653-2 4 5-2▽ -.539.10  .5313.4988.45 5.4412.3819.33 2 714 4.44 9.5217.71 9
20260301일 4130011국551 2106 4혼전 4451맑음건조 3 4 1붉은폭풍        한센    대산여제 6130.00한수 6 0 0 1 1  143      24750국5서인석홍상기   2 41217 929 1 1 325  0김태훈47756.069우자상80 85 857944.053.023.51857 81845 9181015 01912122521292943↗→입13.836.938.713.4838537.340.1 83.5 84.1 29 48 1029   13.70   13.50 7  1  2NNDN55.14611714-2.6 6.0 3.4777714-1부중유리작전마주58트 0 7 4     3 3 6⑧1:23.5¾   1.713.840.014.2 -1 -2  .00 8 9  4 2.27537746628 5 2 4 60 1 1.03 6.02 3.0 5.2  3.0    8.3   15.1   27.5  .03168 0 6 5 0―  .240.40  .90 8.4682.39 6.7015.5123.51 51222 6.9314.9524.76 6
20260110토 7140011국522 4 26 5혼전 4451강풍양호 8 4 1붉은폭풍        한센    대산여제 6130.00한수 6 0 0 2 1  120      24750국5서인석홍상기   2 511161029 8 1 224  0조재로47954.588우자하61 58 586534.054.025.43352141845 9181025191912192522331750↗↘입13.836.838.913.3667336.938.8 87.8 88.0 25 60 1030   14.10   14.50 8  0 -1NH동55.34581713-2.6 6.6 4.0747414 0숨은복병작전마주 5   0 6 3     4 2 2②1:27.81¾   .013.738.613.5 -3  5  .00 2 5  1  .31841272079 2 3 8 6216 2.05 5.06 2.2 2.3  2.7   15.3   19.7   28.5  .02152 0 6 6 0―  .338.90  .4412.3388.38 6.6016.2525.42 51222 3.9213.4019.17 6
20251115토 7140011국540 7 96 6 2강 2251맑음건조 3 4 1붉은폭풍        한센    대산여제 6130.00한수 5 0 0 2 1  16915:15 24750국5서인석홍상기   2 61015 929 7 1 223  0조재로47455.088평자하83 81 817284.072.056.83352141845 9181025191912192522331750↗↘입13.936.939.013.3556936.940.6 90.2 89.6 25 50  535   13.50   13.80 6 -1  0NH동55.34581713-2.4 7.4 5.0616114 0부진만회작전마주52트 1 6 6     6 6 8⑩1:30.2코   1.814.140.714.5  6 -3  .0910 4  0 2.27044828030 2 2 3 2015 1.07 3.08     5.0  2.7   29.6   36.1  123.4  .04080 3 9 9 3★ 1.739.20 -.5313.7288.5225.7544.1556.7635556921.8539.4655.06 2
20251003금 7140011국530 6 86 7혼전 4451흐림다습11 4 1붉은폭풍        한센    대산여제 6130.00한수 5 0 0 1 2  236      24750국5서인석홍상기   2 7 914 829 6 1 222  0조재로47755.087평자하57 53 534730.055.028.12341 71426 4181025191912192522331750→↗입13.937.138.913.3457336.839.1 88.2 88.3 32 53  032   13.90   13.70 6  0  0NH동55.34581713-1.2 6.8 5.6585814 0숨은복병작전마주64트 1 7 2     2 2 3④1:28.2½    .213.538.913.8  0 12  .00 4 4  0 1.02429392474 5 3 5 7114 1.03 5.02 1.9 3.7  1.9    6.4    8.6   25.6  .02136 0 5 5 0―  .338.70  .1712.3188.59 8.4819.2328.09 51222 7.7916.5727.18 6
20250824일 4140010국540 5 96 8혼전 4451맑음건조 4 4 1붉은폭풍        한센    대산여제 6130.00한수 5 0 0 2 2  355      24750국5서인석홍상기   2 8 813 729 5 1 221  0조재로46555.087평자보76 79 796266.064.036.42341 71426 4181025191912192522331750→↗입13.937.138.813.3417636.939.5 88.3 89.1 32 53  032   13.90   13.50 6 -4  1NN동55.34581713-1.8 6.8 5.0626214 0일반주행작전마주38관 0 7 6     9 9 7⑧1:28.3목   1.313.938.813.7  4 -2  .09 8 4 -4 1.35236564541 5 2 3 3013 1.02 9.02 1.9 4.3  1.9    4.3    6.2   19.1  .02356 1 7 7 1― 1.038.90  .0313.2088.5212.1924.7236.3612264112.0424.0741.19 4
20250713일 5140011국520 8 76 9 1강 1141흐림건조 4 4 1붉은폭풍        한센    대산여제 6130.00한수 5 0 0 2 3  46113:35 24750국5서인석홍상기   2 9 712 629 4 1 220  0조재로46754.586평추상62 58 585663.061.036.3284418173910181025191912192522202060↘→입14.037.238.913.3367337.038.9 88.8 88.2 28 50  033   14.40   13.60 6  0  0VH동55.44561713-1.6 7.2 5.6515114 0일반주행작전마주47트 011 2     1 1 2③1:28.8½    .013.938.713.5 -5  0  .00 3 8  0  .51940342687 6 2 6 4112 6.02 6.03     5.8 16.0   21.4   62.3   79.512.02862 2 6 6 2― 1.138.50 -.1012.0588.6611.6223.6936.25 9183511.1120.2535.45 4
20250601일 5140011국551 510610혼전 4451맑음건조 3 4 1붉은폭풍        한센    대산여제 6130.00한수 5 0 0 1 3  57913:35 24750국5서인석홍상기   210 611 529 3 1 219  0조재로46754.586평추상75 69 695858.066.036.1284418173910181025191912192522202060↘→입13.937.338.913.3287337.338.9 88.6 88.3 29 47  035   13.90   13.50 6  1  1VN동55.44561713 -.8 6.8 6.0464614 0일반주행작전마주50트 011 5     4 4 4⑤1:28.6½    .614.438.813.6 -3 -1  .00 5 8  3 1.02558333663 8 2 4 3211 4.05 9.05     9.7  7.6   24.2   48.1  151.6  .02561 1 7 8 1▲ 1.138.50 -.1612.1488.7312.4424.0736.11153147 9.2620.4729.91 4
20250420일 4140011국530 7 3611혼전 4451맑음양호 9 4 1붉은폭풍        한센    대산여제 6130.00한수 5 0 0 2 4  70612:45 24750국5서인석홍상기   211 510 429 2 1 218  0조재로46854.083평추상64 62 625451.066.048.82863 8214411181025191912192522202060↗↘입14.037.338.813.3327637.338.1 89.4 88.0 25 44  031   14.10   13.50 7  8  0BUDN55.44561713-1.2 6.2 5.0535312-3일반주행탄력호조 1트 010 2     2 2 2③1:29.4목    .113.938.413.5 -2  1  .00 3 5 -3 1.01557 9 977 8 5 4 1110 1.03 9.05     3.0  1.7    4.5    6.0   16.912.73168 2 6 8 2▲ 1.238.40 -.4411.9088.6621.1236.7448.7834536610.3120.5133.77 5
20250302일 6170011국551 210612혼전 4451흐림건조 4 4 1붉은폭풍        한센    대산여제 6130.00한수 5 0 0 1 5  85114:25 24750국5서인석홍상기   212 4 9 129 1 1 217  0조재로46754.086평추하31 24 244012.047.021.81741 91946 818102519191219252225 075↘↗입13.940.240.613.3228339.540.4112.6113.3 27 47  033   13.80   14.70 5 -4 -1HUUP55.84541713-1.4 6.4 5.0515112 4일반주행거리속성 1트 1 2 3 3 3 3 4 5⑤1:52.61½   .414.141.013.5 -3  0  .00 5 8  0  .6423033196710 3 8 82 9 1.02 9.05     8.3  4.1    8.3   15.9   11.0  .01856 0 3 4 0― -.240.90  .1632.51113.6 5.2712.0221.79 2 714 3.85 8.2415.00 9
20250125토 6130011국522 2 7613 3강 3351맑음건조 3 4 1붉은폭풍        한센    대산여제 6130.00한수 5 0 0 9 5  94914:25 24750국5서인석홍상기   213 3 8 829 1 1 216  0푸르칸46755.071평추보59 57 575124.045.019.11443111946 8181010 0191214242125 075↘↗추13.937.938.713.3188937.940.0 85.0 84.8 29 50  036   14.30   13.80 6  0 -1NH동55.84541413 -.2 5.8 5.6444413 0최빈거리최적거리 1트 0 6 5     7 8 9⑨1:25.0½   3.013.840.714.7  1 -2  .00 9 8  3 3.387667278 911 2 4 60 1 6.05 9.02     6.1 16.0   52.9  136.3  916.3  .01440 0 3 3 0― -.339.60  .43 8.1983.03 3.9410.1619.09 3 917 4.2611.4620.55 6
20241215일 4130011국554 610614혼전 4451맑음양호 8 4 1붉은폭풍        한센    대산여제 6130.00한수 4 0 0 2 6 107313:10 24750국5서인석홍상기   214 2 7 729 8 1 215  0조재로46955.587우추상74 73 737869.060.025.731392325521218102519191219252225 075↘↘입13.937.838.713.3209237.838.6 83.5 82.6 31 46  038   14.20   12.80 7  5  1NN동55.84541413 -.8 5.4 4.6585813 0최빈거리최적거리 1트 0 6 9     7 6 4⑥1:23.5머리  .414.339.713.8  1 10  .00 6 5 -3 1.0286229356911 2 3 60 8 1.02 7.08     8.2  3.5    8.2   14.7   14.012.72863 2 7 7 2― 1.039.20  .29 6.1482.97 8.1817.0025.74 4122114.8426.1528.18 2
20241027일 5130011국513 3 6615혼전 4431흐림다습12 4 1붉은폭풍        한센    대산여제 6130.00한수 4 0 0 9 7 122314:00 24750국5서인석홍상기   215 1 6 629 7 1 114  0조재로45954.581평추보41 35 357332.057.035.027561524451418102519191219252233 067↘↘입13.937.838.713.4268938.337.5 81.3 82.3 25 42  033   14.30   14.10 8 -5  1UNDN56.24521412 -.6 5.2 4.6595913-1일반주행최적거리 1   0 110    1011 6②1:21.32½   .014.237.412.8 -6 14  .00 2 8  1  .41979 3138211 1 6 33 7 2.08 2.01     4.6  7.4   38.0   66.3   20.0  .01943 0 5 7 0―  .539.10  .05 5.8482.9711.4923.8435.04142843 6.3317.5416.86 6
20260823일 41300 9국5 1 6  9 0혼전 4454           4 2위너삭스        트리플나드림딜라 6631.00한거 3 0 0   1    013:10 24750국5강성오김창식   2 0 8 2 2 7 1 1 0 7  0우인철   53.073기입적50 48 485115.042.020.72048102557102224 83126 7102723 0 099↘↘입14.437.339.313.98137                   14 14 1429   14.50   13.20 4 -7 -1UUDN55.04521714-1.2 6.2 5.0454514-1일반주행기복전력47기 0 2                            14.5    13.2        .0                       8 7 8 7  2                                              .01663 0 3 3 0― -.639.30  .37     83.03 5.0512.6020.70 41118 4.35 9.4017.65 8
20260726일 5140011국552 2109 1혼전 4451맑음양호 9 4 2위너삭스        트리플나드림딜라 6631.00한거 3 0 0 9 1   57      24750국5강성오김창식   2 1 7 1 3 7 1 1 0 6  0이혁  45754.080기입적66 69 695345.059.033.82258 62557102224251626 7282218 0 099↗↘선14.437.139.614.0661037.738.5 87.8 88.6 17 17 1717   14.40   13.20 9  2 -1LU동55.04521714  .0 5.6 5.6444414 0교체성공기복전력92기 1 911    11 9 9④1:27.84     .714.538.113.2 -5  5  .00 4 9  4 1.53579163356 6 5 4 23 1 1.0710.03 3.711.9  3.7   35.2   52.0   77.1  .03086 1 5 7 1△  .738.70 -.4111.9189.0712.0223.7733.8212264112.5020.8827.55 5
20260524일 3140011국650 9109 2혼전 4459맑음다습11 4 2위너삭스        트리플나드림딜라 6631.00한거 3 0 0 2 1  168      16500국6강성오김창식   2 2 6 6 2 7 1 0 0 5  0우인철45255.073하입보19 20 203110.037.017.12048102557102224 83126 7102723      ↘↘입14.437.140.014.666 237.338.2 88.9 87.6  0  0 20 0   14.50   14.50 4  2 -2NHDN       1717 1.4 6.0 7.4272717-3일반주행보통주행42기 0 7 9     9 7 4①1:28.91¾  -.314.438.513.2 -4 -4  .00 1 5  0  .0 759131495 4 7 7 73 1 5.10 7.11 3.6 9.6  6.6  159.3  236.7 1192.3  .01636-2 2 1-2▽ -.938.50 -.2210.4689.34 4.6510.0217.14 2 817 6.9012.9018.67 5
20260425토 4170011국630 9 89 3혼전 4451맑음건조 3 4 2위너삭스        트리플나드림딜라 6631.00한거 3 0 0 9 1   78      16500국6강성오김창식   2 3 5 5 2 7 2 0 0 4  0조재로45657.088하입보20 24 244523.046.019.0335214255710222430 626 7192522      ↗↘입14.339.441.914.477 738.842.8115.2114.0  0  0  0 0   14.50   14.50 4 -2  1NN동       1712 1.5 6.3 7.8272717 0일반주행보통주행99기 0 5 6 6 5 4 6 6⑥1:55.25    1.814.543.114.5  1 -1  .00 6 5  0 2.363 7866832 1 9 9 72 2 1.02 4.02 2.1 4.4  2.1    4.4    7.5   17.3  .01641-2 4 4-2▽ -.441.80 -.0332.72114.0 4.7911.5319.04 3 917 5.4115.0025.29 6
20260329일 3170011국651 9109 4혼전 4459맑음건조 3 4 2위너삭스        트리플나드림딜라 6631.00한거 3 0 0 9 1   71      16500국6강성오김창식   2 4 4 4 1 7 1 0 0 3  0조재로45756.588하무하 5  5  5 5 8.035.011.3335214255710222430 626 7192522      ↗↘입14.239.942.113.943 439.542.3114.8113.8  0  0  0 0   14.20   15.00 4 -3  1NNUP       1712 1.7 6.7 8.3232312 3일반주행거리속성42관 0 7 4 4 6 5 5 7⑥1:54.8머리 1.414.542.714.5  1 -9  .00 6 5 -2 2.15828807242 7 810 62 1 1.02 5.01 2.7 5.7  2.7    5.7    8.7    8.3  .01611-4 2 3-4▼-1.341.20 -.2131.79114.4 1.39 5.4311.26 51222 5.0011.2118.23 6
20260302월 3140011국640 9 99 5 2강 2231비  양호 6 4 2위너삭스        트리플나드림딜라 6631.00한거 3 0 0 1 1   71      16500국6강성오김창식   2 5 3 3 1 7 2 0 0 2  0이동하46656.091하무보11 29 2921 8.036.010.23254142557102224172126 7252419      ↗↘선14.337.540.813.921 437.141.9 93.4 91.4  0  0  0 0   14.30   14.2010  6  0BHUP       1412 2.0 6.5 8.5323212 2일반주행거리부담56관 010 5     3 7 9⑧1:33.48    3.714.242.815.0  1 -5  .00 8 7  1 4.59347949410 611 9 90 2 1.02 1.02 3.4 5.9  3.4    5.9    9.9   15.1  .01612-3 2 2-3▽-1.039.00 -.7713.1090.17 1.41 5.0510.23 2 612 1.94 5.8311.19 7
20251220토 1120012국610 9 19 6 1강 1159흐림포화16 4 2위너삭스        트리플나드림딜라 6623.00한거 2 0 0 2 1  191      24750국6강성오김창식   2 6 2 2 1 7 1 0 0 1  0이동하47156.091하무보 7  6  62024.041.022.73254142557102224172126 7252419      ↗↘선14.537.840.114.626 337.739.6 76.7 77.0  0  0  0 0   14.50   14.90 4 -3  0HHDN       1313 3.0 7.010.0121213-1교체실패작전마주 5기 0 4 9     8 7 7⑦1:16.71¾   .914.339.314.2  1  0  .00 7 6 -1 2.57876748255 5 9 2 40 1 1.08 5.12 1.1 3.4  1.1   32.1   40.1  107.6  .02124-4 4 5-4▽-1.138.10 -.89 -.8777.12 5.4412.4422.73 91835 3.7410.68 7.7110
20251122토 2130011국631 7 89 7 1강 1157맑음건조 3 4 2위너삭스        트리플나드림딜라 6631.00한거 2     2 1  109      24750국6강성오김창식   2 7 1 1 1 7 1 0 0 0  0김용근47156.085평무보27 25 2527  .034.014.4275414255710222424 626 7312614      ↘↘선14.036.840.714.199 137.941.5 85.2 85.4              14.00   14.40 4  0  0LL동       13 0         6.0     0 0일반주행거리속성58기 1 7 8     7 7 7⑩1:25.21½  2.814.541.614.9  3  4  .0010 7  0 2.99365939514 31110 80 1 2.03 8.03 2.7 3.2  2.7    4.7    8.2   19.9  .01619-3 2 3-3▼-1.240.80  .02 7.8783.61 2.37 6.6714.35 2 613 8.8216.9938.50 7
20260823일 41300 9국5 1 6  8 0혼전 4454           4 3더선몬스터      크리솔라윈드레토 4131.00한수 4 0 1   1    013:10 24750국5조현수한명로  -1 0 7 3 3 6 1 0 3 6  1김효정   54.567우입보50 59 596538.045.026.91753 71357 71018 6 010 3192217 05050↗→선14.037.438.913.55580                   60 80 2040   13.80   13.20 9 -6 -1HH동55.65031312 -.6 3.4 2.8707013 0연대우수최적거리58기 0 3                            13.8    13.2        .0                       9 2 3 6  1                                              .03362 0 5 4 0― -.438.90  .39     82.84 7.8917.0626.85 5122211.5921.4834.03 5
20260621일 4130010국543 7 98 1 3강 3341맑음포화19 4 3더선몬스터      크리솔라윈드레토 4131.00한수 4 0 0 2 1  158      24750국5조현수한명로  -1 1 6 2 2 6 1 0 2 5  0이혁  50355.080우입보80 84 847771.060.036.32258 61357 71018204710 3282218 06733↗↘선14.037.439.013.5517337.538.3 80.4 81.9 50 75 2525   13.90   13.40 8  1  2BN동55.85031312 -.8 3.8 3.0666613 0부중유리연대우수 5관 0 9 9     6 7 4②1:20.44     .013.837.613.2  0  6  .00 2 2 -1  .81148191682 6 2 1 43 1 4.02 1.09 2.3 4.0  6.4    7.6   15.9   68.7  .03780 0 8 6 0▲  .739.40  .09 5.5082.9011.8024.9236.26 8172815.3827.7238.68 4
20260425토 6130011국550 4 58 2혼전 4451맑음건조 3 4 3더선몬스터      크리솔라윈드레토 4131.00한수 4 0 1 9 1  156      24750국5조현수한명로  -1 2 5 1 1 6 2 0 2 4  1임기원49753.589우입보90 91 914560.046.017.52039111357 7101824 010 3233216 05050↘↗입14.037.239.113.5666537.838.3 81.6 82.4 67 67 3333   14.50   13.00 4  3 -4BUUP57.05071312-1.0 4.0 3.0636312 1뒷심문제탐색우려99기 1 8 6     4 4 4③1:21.6¾    .213.938.113.4  0 -7  .00 3 3  1  .62160161973 6 4 1 72 2 4.0110.03 2.1 4.9  8.5    8.1   21.5   20.510.52829-3 6 4-3▽ -.439.70  .67 6.1282.84 4.3710.4117.48 2 81712.7724.4938.14 3
20260329일 1120010국640 9 98 3 2강 2251맑음건조 3 4 3더선몬스터      크리솔라윈드레토 5324.00한수 4 0 0 9 1   73      16500국6조현수한명로  -1 3 4 4 4 6 1 0 1 3  0임기원50457.088기입적77 96 968088.073.071.72039111357 7101824 010 3233216 099 0↘↗입14.037.139.313.8653737.437.3 76.2 74.3 50 50 50 0   13.80   14.00 3  3  0NU동57.05091212-1.5 5.0 3.5525212 0교체성공기복전력 5   0 5 7     7 6 4②1:16.2½    .014.537.913.0  0 -5  .00 2 2 -3  .1 361 5 991 3 3 2 13 1 5.0210.05 3.1 5.4  9.4   12.9   32.6   18.5  .03087 2 8 8 2▲ 1.537.90-1.46-2.1576.2828.7155.9871.7435556920.6338.1731.61 1
20260308일 1120010국652 9108 4혼전 4451맑음다습14 4 3더선몬스터      크리솔라윈드레토 5324.00한수 4 0 0 2 1   52      16500국6조현수한명로  -1 4 3 3 3 6 1 0 0 2  0김용근50957.086하입보56 33 333119.040.015.52754141357 7101813 010 3312614      ↘↘선14.237.639.513.7362736.639.4 76.1 75.5  0  0  0 0   14.30   13.80 6 -5  0HH동       1212  .0 5.0 5.0181812 0일반주행거리탄력54관 0 2 3     3 4 3②1:16.12     .013.839.514.0 -3 -9  .00 2 5  0  .4292068498510 3 7 92 1 4.0511.02 3.2 6.8  6.1   25.7   50.5   33.6  .01638-2 3 2-2▽ -.637.80 -.21-1.5976.67 3.45 9.3415.49 4 917 8.3314.4620.39 7
20260124토 2120011국620 8 28 5 2강 2258맑음건조 3 4 3더선몬스터      크리솔라윈드레토 5324.00한수 4     2 1  114      16500국6조현수한명로  -1 5 2 2 2 6 1 0 0 0  0송재철51857.078평무보54 37 3764  .030.012.21643 81357 71018 03010 3192520      ↘↗입14.537.338.412.8698937.638.9 77.1 76.0              14.50   13.1038  3  0BL동       12 0         6.0     0 0일반주행보통주행 5관 0 7 6     5 4 6⑤1:17.12½  2.314.339.513.8  0 21  .00 5 5  2 2.54766556220 6 1 4 52 1 1.02 1.09 2.0 2.0  2.0    2.0    4.2    7.2  .01616-3 1 1-3▼-1.438.30  .66  .3075.89 1.26 4.0412.15 6152613.3327.3391.81 3
20250426토 1120011국611 8 18 6 1강 1157맑음양호 9 4 3더선몬스터      크리솔라윈드레토 5324.00한수 3     9 4  78310:35 16500국6강환민한명로  -1 6 1 1 1 6 1 0 0 0  0문세영49757.073평무보   25 2540  .061.039.4455525205612231443331920293615      →↘입14.236.738.513.6    37.839.3 78.2 76.6              14.20   13.90        NN동       12 0                 0 0일반주행마방기습 1기 1 4 8     8 8 9⑥1:18.21¾  2.514.340.214.2  3 -6  .01 6 3  0 3.06778657717 1 1 9 40 1 4.0111.03     2.2 14.8    8.6   28.9    6.9  .02476 0 6 7 0―  .939.00  .16 1.3775.6112.7325.7539.37 91835 9.4518.8859.14 5
20260823일 41300 9국5 1 6  9 0혼전 4454           4 4나올오로라      머스킷맨컨플레이 7230.00한암 3 0 0   1    013:10 24750국5최용건이경호a  1 0 7 4 2 6 1 1 1 6  0정정희   52.580강입하50 65 659663.062.052.6224611285512223016 027142024155050 0→→입13.836.838.813.29380                   75 50 2550   14.10   14.20 6  3 -2HUDN55.05381712  .5 1.8 2.3838314-4전개최상전개최상38관 0 4                            14.1    14.2        .0                       3 1 1 1  1                                              .04194 1 7 7 1△  .938.80  .10     82.3921.1537.5952.6134536620.2932.2151.68 2
20260712일 5170011국553 8109 1혼전 4451맑음다습12 4 4나올오로라      머스킷맨컨플레이 7230.00한암 3 0 0 2 1   97      24750국5최용건이경호a  1 1 6 3 1 6 6 1 1 5  0조상범53654.557강입보96 97 979380.063.052.5 926 6285512223022 027141322165050 0↗→입13.839.140.513.2918038.842.6112.9114.0 75 50 2550   13.80   13.20 3 -6 -1UHUP55.05381712  .0 2.0 2.0838314 3숨은복병전개최상68기 0 1 2 2 2 4 5 7⑥1:52.9코   1.414.141.914.2  5  3  .01 6 1  0 1.965 8846540 3 1 1 12 6 2.08 3.11 2.9 6.3  4.8   69.2   87.2  306.810.54183 3 8 8 3▲ 1.142.10  .1134.42112.821.9138.7252.4634536627.7848.6859.02 1
20260621일 5140010국531 8 89 2혼전 4451맑음포화17 4 4나올오로라      머스킷맨컨플레이 7230.00한암 3 0 1 2 1   46      24750국5최용건이경호a  1 2 5 2 2 6 5 1 1 4  1조상범53355.057강입보90 93 938774.056.027.3 926 6285512223022 027141322165050 0↗→입13.836.638.813.2847637.238.6 87.4 88.0 75 50 2550   13.70   13.50 4 -3  0NNUP55.05381412  .0 2.0 2.0838314 1전개최상작전마주26기 0 7 4     4 4 3⑤1:27.4목    .113.838.313.2  4 -4  .09 5 1  0  .11350201877 3 1 1 42 5 7.09 3.06 2.5 3.9 26.5  428.6  886.9 1549.710.53464 0 8 6 0―  .439.10  .5712.6288.18 7.8116.6427.2810223521.5134.8744.26 2
20260523토 4130011국550 6109 3혼전 4451맑음다습13 4 4나올오로라      머스킷맨컨플레이 7230.00한암 3 0 1 2 1   77      24750국5최용건이경호a  1 3 4 1 1 6 4 1 1 3  1조상범53755.057강입보92 95 959275.051.022.2 926 6285512223022 027141322165050 0↗→입13.836.838.713.1948737.138.9 81.9 82.7 67 67 3367   13.90   13.10 4  0  0LNDN55.05381412  .0 2.0 2.0838314-1전개최상전개최상46기 010 4     4 5 6③1:21.9코    .013.739.113.5  2  1  .00 3 1  0  .12926371883 3 1 1 72 4 9.02 4.06 2.5 5.1 40.6   57.0  260.0   45.410.54164 0 7 5 0―  .340.20 1.02 7.1982.33 5.3513.7222.20 2 61212.5027.1540.12 2
20260426일 2140011국610 9 69 4 2강 2253맑음건조 3 4 4나올오로라      머스킷맨컨플레이 7230.00한암 3 0 1 9 1   69      16500국6최용건이경호a  1 4 3 3 1 6 3 0 1 2  1조상범53655.057우입보95 99 999190.067.088.4 926 6285512223022 02714132216 099 0↗→입13.936.739.313.2775236.238.1 88.7 86.7 50 50 50 0   13.90   12.80 3  2  0BNUP55.05401412  .0 2.5 2.5757512 2일반주행전개최상49기 010 1     1 1 1①1:28.76   -1.213.939.113.1  0 -4  .00 1 1 -2  .0 110 9 199 1 1 1 11 3 1.0210.01 1.4 3.5  1.4    3.5    4.6    4.7  .04183 3 8 8 3▲ 1.538.70-1.4010.7088.5938.4872.5188.3621415735.4265.5662.10 1
20260404토 1120010국630 9 89 5 1강 1151맑음양호 7 4 4나올오로라      머스킷맨컨플레이 8625.00한암 3 0 0 1 1   63      16500국6최용건이경호a  1 5 2 2 2 6 2 0 0 1  0조상범54055.058우입보92 95 957989.060.046.4 926 6285512223022 02714132216      ↗→입13.937.438.413.4388536.738.1 75.2 74.7  0100  0 0   13.80   13.30 4  5  1BN동       1212 1.0 2.0 3.0646412 0마방기습보통주행72기 0 8 3     3 2 3②1:15.2¾    .013.938.412.8 -1 13  .00 2 3  1  .1 823261288 3 3 3 32 2 1.03 1.08 1.9 3.6  1.9    4.9    7.5   15.1  .03162 0 7 6 0―  .937.70 -.38-1.1375.9515.3230.9946.37 9183525.0042.8641.24 1
20260307토 1120011국612 8 19 6 1강 1159맑음포화17 4 4나올오로라      머스킷맨컨플레이 8625.00한암 3     2 1   84      24750국6최용건이경호a  1 6 1 1 1 6 1 0 0 0  0조상범52754.058평무보83 25 2550  .037.021.2 926 6285512223022 02714132216      ↗→입14.437.838.012.3359637.238.3 75.0 75.2              14.40   12.50 4  0  0NL동       12 0         4.0     0 0일반주행마방기습40기 0 3 5     5 5 4③1:15.04     .613.838.213.3  1  4  .00 3 2  0  .91950292863 7 2 8 52 1 1.05 7.10 1.5 3.2  1.5    9.0   10.1   10.7  .02440-1 4 3-1▽ -.737.50  .34 -.5975.95 5.0011.1221.15 71829 9.0918.1838.33 2
20260823일 41300 9국5 1 6  9 0혼전 4454           4 5더클래식        콩코드포패티즈스 7326.00한수 3 0 0   1    013:10 24750국5이관호김정철   1 0 4 3 3 3 4 1 0 3  0조재로   54.088기선적50 52 528456.057.044.233521421391120322138232219252299 0 0↗↘입13.836.740.213.69715                   33 33 67 0   14.30   14.5014 -2 -1NU동56.05261713 3.7 3.3 7.0535313 0숨은탄력기복전력40기 0 5                            14.3    14.5        .0                       1 9 7 4  4                                              .02373 1 6 6 1―  .540.20 -.45     83.2314.9430.2844.20102235 8.7026.8540.34 3
20260517일 5130011국552 6109 1혼전 4441맑음건조 3 4 5더클래식        콩코드포패티즈스 7326.00한수 3 1 1 2 2  257      24750국5이관호김정철   1 1 3 2 2 3 3 1 0 2  1조재로51854.587기도적47 47 478461.060.031.82341 720501420322138232219252299 0 0→↗입13.836.740.713.6991337.139.7 83.1 82.7 50 50100 0   15.10   12.30 8 -4  0NUDN56.05261713 4.5 1.5 6.0515113-4숨은복병기복전력52기 0 7 9     4 4 3⑨1:23.11¼   .814.340.014.5  2-14  .00 9 7  5 1.43626654757 111 7 50 3 5.0411.01 3.5 9.2  7.3   21.6   42.1   19.6  .02368 1 6 7 1― 1.040.30 -.42 5.3483.55 9.6920.6931.75 7182910.4725.4136.46 5
20260322일 4170011국543 9 49 2혼전 4451맑음건조 5 4 5더클래식        콩코드포패티즈스 7326.00한수 3 1 1 2 1  152      24750국5이관호김정철   1 2 2 1 1 3 2 1 0 1  1조재로53254.588강선보99 99 999183.064.042.133521421391120322138232219252299 0 0↗↘입13.438.941.613.6996137.747.4117.7117.3100100100 0   13.50   13.90 5  9 -2VUUP56.05261713  .0 1.0 1.0****13 4마방기습전개최상79기 111 3 3 2 2 210⑪1:57.75    5.614.247.417.0  9  6  .0011 2  1 5.797 09998 7 1 9 1 21 2 1.08 6.09 2.5 3.2  2.5   31.9   38.5  154.910.54188 3 9 8 3▲ 1.342.80 -.1436.78113.417.0230.2942.0521415721.3537.6252.65 2
20260215일 1130010국640 8 99 3 1강 1151맑음건조 3 4 5더클래식        콩코드포패티즈스 7326.00한수 3     2 1   83      24750국6이관호김정철   1 3 1 1 1 3 1 0 0 0  0조재로52656.088평무보   25 2540  .050.049.0335214213911203221382322192522      ↗↘입13.437.539.613.2    36.438.6 82.9 81.6              13.40   13.50 4  0  0NL동       13 0                 0 0일반주행마방기습50기 0 2 1     1 1 1①1:22.912  -2.213.539.713.9  0  6  .00 1 1  0  .0 5 428 397 1 1 7 31 1 1.07 2.03 2.4 5.8  2.4   58.0   73.5   41.4  .02473 0 5 5 0― -.139.20 -.70 4.5183.3515.3332.4549.0012264113.1924.5852.01 3
20260823일 41300 9국5 1 6  9 0혼전 4454           4 6만금다온        한센    토네이도 6130.00한거 3 0 1   1    013:10 24750국5심승태전영애   1 0 4 1 1 3 3 0 2 3  1김정준   53.072우입보50 58 583320.032.010.11537101350 7122013161213142026 099 0↗↗추14.137.139.513.87841                   67 33 33 0   15.00   14.4012 -3 -4NUDN56.54821710  .0 3.0 3.0676710-4일반주행거리속성27관 0 6                            15.0    14.4        .0                       5 8 4 9  3                                              .01628-3 3 2-3▼-1.539.50  .68     83.03 1.79 5.2210.14 2 610 5.8013.4223.95 7
20260530토 3170011국611 9 19 1 1강 1143맑음양호 7 4 6만금다온        한센    토네이도 6130.00한수 3 0 1 9 2  229      16500국6심승태전영애   1 1 3 3 1 3 2 0 1 2  1김정준48957.080우입보56 57 576251.046.029.42060 5 4 0 0122013161213142026 099 0↘↗추13.939.141.813.7933039.841.2115.9113.5 50 50 50 0   13.90   14.10 8 -1  0NVUP56.04741710  .5 3.0 3.5585810 5전개최상작전마주39기 0 9 6 6 5 4 4 2②1:55.9목    .015.042.114.4 -1 15  .00 2 3 -1  .05147545291 2 5 2 42 2 1.03 3.09 1.5 3.4  1.5    6.7    8.3   18.9  .03449-1 5 3-1▽ -.442.00 -.0532.60113.7 7.8518.1829.4210223513.3327.2144.93 3
20260404토 1120010국630 7 89 2 1강 1141맑음양호 7 4 6만금다온        한센    토네이도 7625.00한수 3 0 1 1 1  164      16500국6심승태전영애   1 2 2 2 1 3 1 0 1 1  1김정준47457.073강입보77 95 959281.063.057.51537101350 7122013161213142026 099 0↗↗추13.936.638.713.4977336.639.9 76.9 76.3100100100 0   14.50   13.5026  3  1VVUP56.04741210  .0 2.0 2.0858510 2일반주행전개최상40관 110 4     4 4 4⑤1:16.9머리 1.713.940.114.1  1  0  .00 5 4  2 1.85918796331 2 5 2 22 1 1.03 1.08 1.9 3.6  1.9    4.9    7.5   15.1  .04177 1 7 6 1△ 1.239.00 -.44 1.0075.6721.2040.7757.5120395518.3336.6134.59 3
20251003금 1100012국650 7109 3 1강 1159흐림다습12 4 6만금다온        한센    토네이도 7625.00한수 2     1 3  526      24750국6심승태전영애   1 3 1 1 1 3 1 0 0 0  0유승완47456.069평무보   25 2540  .030.0 9.3 930 0183310122010 01213152722      ↗→입13.837.137.813.1    36.237.7 62.0 61.7              13.80   13.40 4  0  0LL동       10 0                 0 0일반주행작전마주 5기 1 7 4     4 2 2②1:02.01     .013.937.813.4  0  5  .00 2 2  0  .114 6381189 2 2 6 82 1 1.0211.07 2.8 6.4  2.8    6.4   12.3   11.8  .02114-4 2 2-4▼-1.537.60  .80-13.262.71 1.46 4.71 9.31 2 613 7.4115.1231.39 7
20260823일 41300 9국5 1 6  4 0혼전 4454           4 7케렌시아        콩코드포슈룹     7326.00한수 3 0 0   1    013:10 24750국5정호익김경민   0 012 5 611 3 1 011  0루이스   54.571평입보50 57 575627.051.034.42042112033 8241616 02314202616 06733→↘입13.937.239.113.66173                   27 36  918   13.70   13.30 4  6  1LNDN54.74771413-1.4 6.2 4.8676714-1일반주행가격혈통44기 1 7                            13.7    13.3        .0                       6 4 5 5  3                                              .01839 0 5 4 0―  .139.10  .20     82.84 9.7121.9134.37 81728 7.2520.1326.47 6
20260726일 5140011국552 2104 1혼전 4451맑음양호 9 4 7케렌시아        콩코드포슈룹     7326.00한수 3 0 0 9 1   57      24750국5정호익김경민   0 111 4 311 2 1 010  0루이스47353.571평무상80 79 794851.058.029.32042112033 8241616 02314202616 05050→↘입13.937.139.713.6385236.838.9 87.1 87.9 20 30 1020   13.40   13.60 4 -4  0UU동55.34791413-1.4 6.2 4.8646414 0가격혈통최적거리48기 0 1 4     3 3 2③1:27.1코    .013.738.513.3 -2 -5  .00 3 5 -5  .81333281675 7 6 2 52 2 1.0710.03 3.711.9  3.7   35.2   52.0   77.1  .02546 0 6 6 0―  .538.60 -.3511.1189.1410.0020.0329.29 8172812.5021.9834.69 3
20260627토 4140011국553 4104 2혼전 4451맑음건조 4 4 7케렌시아        콩코드포슈룹     7326.00한수 3 0 0 9 1   77      24750국5정호익김경민   0 210 3 211 1 1 0 9  0루이스47853.571평무보49 55 554728.054.022.52042112033 8241616 02314202616 0 099→↘입14.437.539.513.5186536.639.3 87.3 88.1 22 22  022   14.20   14.20 4  4  0NUUP57.04801413 -.6 5.2 4.6666614 1가격혈통가격혈통65기 0 5 2     4 3 3⑤1:27.3목    .313.439.113.6 -5  1  .00 510  2  .5181948247011 4 9 82 1 5.04 8.07 4.0 7.8  8.5   25.5   63.6  264.5  .02556 1 4 6 1―  .338.20 -.2911.0889.28 6.1714.2622.48 2 714 3.8111.2619.77 9
20260530토 5130011국553 3104 3혼전 4451맑음양호 7 4 7케렌시아        콩코드포슈룹     7326.00한수 3 0 0 9 1   56      24750국5정호익김경민   0 3 9 2 511 3 1 0 8  0이혁  47753.580평무보48 48 486524.053.022.72258 62033 8241625 02314282218 0 099↗↘선14.437.839.113.6278038.039.6 83.1 83.5 25 38  025   14.30   13.80 4 -2  0UU동57.04801413 -.4 4.6 4.2636314 0최빈거리가격혈통44기 1 1 9     910 7⑧1:23.11¼   .914.239.714.2  0 -3  .00 8 8  1 1.0596658675211 4 8 60 3 6.03 3.02 2.3 6.4 17.0   42.1  139.2  273.8  .01839 0 4 5 0―  .239.40  .13 6.6383.23 6.4614.6422.73 51222 4.0010.3817.70 8
20260503일 4130011국541 4 94 4혼전 4451비  다습10 4 7케렌시아        콩코드포슈룹     7326.00한수 3 0 0 1 1   67      24750국5정호익김경민   0 4 8 1 411 2 1 0 7  0이혁  48053.580평추보82 86 865649.057.026.52258 62033 8241625 02314282218 0 099↗↘선14.437.839.313.7266938.239.0 82.3 83.5 29 29  014   13.80   14.00 4  2 -4VU동57.04801413-1.6 5.2 3.6646414 0숨은복병탄력호전64기 0 310    10 9 8⑦1:22.31¼  1.414.338.713.8  0  0  .00 7 7  6 1.5597642593811 7 2 70 2 1.04 2.11 2.7 5.2  2.7    9.0   13.9   59.0  .02148 0 6 6 0―  .539.40 -.07 6.3883.35 7.3617.0526.49 2 817 9.2020.6229.62 4
20260405일 2130011국641 9 94 5혼전 4452맑음양호 6 4 7케렌시아        콩코드포슈룹     7326.00한수 3 0 0 1 1   72      16500국6정호익김경민   0 5 7 7 311 1 0 0 6  0이혁  48057.080평무상79 82 825352.065.062.12258 62033 8241625 02314282218      ↗↘선14.438.039.213.6187637.339.2 83.0 81.8 17 17  017   14.40   13.80 5 -7  1HNDN       1412-1.6 6.8 5.2515114-1일반주행거리속성19관 0 1 4     7 6 1①1:23.0½    .013.839.714.0  0  5  .00 1 1 -4  .0 83549369110 3 2 13 1 1.02 1.03 2.1 4.5  2.1    4.5    7.3   15.9  .02369 1 6 6 1― 1.138.80-1.12 4.6483.4228.3448.5362.1037597120.3732.7936.00 3
20260302월 3140011국640 9 94 6 2강 2251비  양호 6 4 7케렌시아        콩코드포슈룹     7326.00한수 3 0 0 1 1   92      16500국6정호익김경민   0 6 6 6 111 2 0 0 5  0임다빈47556.076평무보52 68 683751.058.031.41427 82033 8241619 52314142424      →↗추14.437.539.813.6174837.638.5 90.2 88.2 20  0  0 0   14.50   13.70 7 -2 -1NHUP       1412-1.4 7.8 6.4414113 1숨은복병거리부담68기 0 8 7     8 4 3③1:30.23     .514.439.413.8 -2  2  .00 3 5  0 1.32074183169 7 5 3 50 4 1.02 1.02 3.4 5.9  3.4    5.9    9.9   15.1  .01933 0 6 6 0―  .638.30 -.7110.9089.48 9.0819.7031.44 61325 9.7119.4234.58 5
20260111일 2130011국640 8 94 7 1강 1152맑음양호 7 4 7케렌시아        콩코드포슈룹     7326.00한수 3 0 0 2 1  114      16500국6정호익김경민   0 7 5 5 211 1 0 0 4  0임다빈47356.576하추보53 38 383020.048.030.01427 82033 8241619 52314142424      →↗추13.937.939.213.3248337.938.9 84.0 82.9  0  0  025   13.90   13.90 4  9  1BN동       1312-1.5 8.5 7.0303012 0일반주행거리속성 5기 21010     6 5 4④1:24.01     .014.539.313.7 -1 -7  .00 4 5  0 1.54064384783 9 4 4 52 3 1.10 1.06 1.8 4.2  1.8   56.4   65.5   57.213.21650 0 4 5 0―  .039.10 -.18 5.7683.35 9.2418.6030.01 71829 4.7111.8319.80 5
20251214일 3130011국642 2 44 8 1강 1151맑음불량20 4 7케렌시아        콩코드포슈룹     7326.00한수 2 0 0 2 1   74      16500국6정호익김경민   0 8 4 4 111 1 0 0 3  0조인권48056.072하추상65 45 455033.053.035.81750 82033 8241622 02314242513      →→선14.338.239.113.2 89137.639.4 81.5 83.0  0  0  033   14.30   13.60 4 -6  0HNUP       1312-2.3 9.7 7.3272712 1일반주행거리속성52기 1 1 8     8 7 4⑥1:21.5목   1.413.938.913.9  1  5  .00 6 5 -5 1.4394954523511 1 4 40 2 4.01 7.04     3.6  9.8    6.5   21.2   75.413.22054 0 4 5 0―  .338.80 -.47 5.6583.4811.0124.6535.77 92133 3.9613.6824.00 5
20251116일 1120011국620 7 74 9 3강 3351맑음건조 3 4 7케렌시아        콩코드포슈룹     7622.00한수 2 0 0 2 1  121      24750국6정호익김경민   0 9 3 3 211 1 0 0 2  0임다빈47556.075하무보20 16 1614 8.035.012.31427 82033 8241619 52314142424      →↗추14.338.139.313.3 44438.037.6 77.0 75.6  0  0  0 0   14.30   13.60 3 -3  0NN동       1210 -.5 9.5 9.0191912 0숨은복병부진마필68기 1 710    10 9 6④1:17.02    1.214.338.713.6 -6  2  .00 410  1 1.7318312334511 6 4 73 2 1.02 9.02 2.0 3.2  2.0    3.2    5.9   10.5  .01918-2 2 3-2▽-1.237.30 -.29-1.7876.84 1.48 5.0012.30 41118 1.30 4.30 4.76 9
20251026일 1120011국640 5 4410 3강 3351흐림건조 5 4 7케렌시아        콩코드포슈룹     7622.00한수 2 0 0 9 1  187      24750국6정호익김경민   010 2 2 111 1 0 0 1  0조인권47356.073하무보18 12 1210 6.027.0 4.71750 82033 8241622 02314242513      →→선14.437.939.813.5151738.538.6 77.9 77.1  0  0  0 0   14.40   13.80 4  8  1BNUP       1210-1.010.0 9.0151510 2가격혈통부진마필34기 010 9     910 9⑨1:17.91    2.014.339.613.6  0 10  .00 9 9 -1 2.2779442772311 9 6110 1 5.03 5.01 1.8 2.9 34.1   54.5  193.5   30.6  .025 3-4 1 1-4▼-1.938.00 -.26 -.6377.01  .12 1.44 4.66 0 2 5  .74 3.13 4.3311
20250927토 1100012국630 3 8411혼전 4455맑음다습12 4 7케렌시아        콩코드포슈룹     7622.00한수 2     9 2  26313:15 24750국6정호익김경민   011 1 1 111 1 0 0 0  0임다빈46355.577평무보55 35 3528  .037.020.22050 82650 7241619 52314142424      →→추14.437.738.313.047 737.838.6 63.5 63.9              14.40   13.30        NN동       10 0         7.0     0 0일반주행가격혈통45기 1 210    10 8 8⑨1:03.51¾  2.514.438.413.8 -1 -1  .00 910  0 2.67866717314 7 9 8 80 1 1.06 9.11     6.2  2.7   19.7   26.5   20.2  .01624-2 3 4-2▽-1.137.60 -.09-12.163.31 5.8912.1820.21 2 714 8.9617.7426.99 2
20260823일 41300 9국5 1 6  3 0혼전 4454           4 8랩처            나이트러우승환희 6522.00한암 3 0 0   1    013:10 24750국5신삼영강승연  99 011 8 710 1 2 110  0푸르칸   54.079우입하50 62 628769.061.052.52256141559 3 8 0 0 011 31424215050 0↗↗추13.636.739.213.59657                   43 57 7114   13.40   15.40 4 -1 -1NN동53.94441313  .0 3.2 3.2757510 0탐색주행승부최상70기 1 8                            13.4    15.4        .0                       2 5 2 2  1                                            12.74491 2 8 8 2▲  .939.20 -.09     82.5821.1037.5352.5117375327.5445.6455.46 1
20260725토 5130010국552 7103 1혼전 4451맑음다습10 4 8랩처            나이트러우승환희 6522.00한암 3 0 0 9 1   67      24750국5신삼영강승연  99 110 7 610 3 2 1 9  0김효정44854.567우입하56 63 638957.055.025.01753 71559 3 8 0 9 011 31922175050 0↗→선13.636.739.213.5955736.542.7 84.1 85.3 43 57 7114   13.40   14.40 8  0  0NN동53.94441313 1.0 2.8 3.8696910 0신뢰마주신뢰마주46기 0 9 3     3 4 7⑨1:24.12½  2.713.442.115.4  4  6  .09 9 5  3 2.993 5989315 3 2 9 70 7 1.03 1.06 2.9 5.5  2.9    6.4   12.0    7.0  .02669 1 6 6 1―  .440.90  .69 9.4182.58 6.9915.2925.02 41118 8.7017.2423.14 7
20260530토 5130011국553 4103 2혼전 4451맑음양호 7 4 8랩처            나이트러우승환희 6522.00한암 3 0 0 9 1  156      24750국5신삼영강승연  99 2 9 6 510 2 2 1 8  0김효정44254.567우입하65 70 709066.062.033.81753 71559 3 8 0 9 011 31922175050 0↗→선13.636.739.213.5945736.240.4 82.8 83.1 43 71 5714   13.40   13.90 5  0 -1NN동53.94441313 1.0 2.8 3.8696910 0전개최상신뢰마주63기 0 9 1     2 2 3⑤1:22.8½    .613.440.614.4  3 -1  .06 5 2 -3  .747 2803962 1 5 5 51 6 6.03 3.02 2.3 6.4 17.0   42.1  139.2  273.8  .03786 3 7 8 3▲ 1.040.40  .44 7.1982.5812.3023.2033.82 8172813.0024.5340.71 3
20260425토 6130011국550 1 53 3혼전 4451맑음건조 3 4 8랩처            나이트러우승환희 6522.00한암 3 0 0 9 1   96      24750국5최용구강승연  99 3 8 5 410 1 2 1 7  0김효정44355.067우입하34 38 389248.056.033.01753 7194314202725 020101922173367 0↗→선13.636.739.413.5964437.039.0 81.7 82.7 50 33 6717   13.40   14.60 2  1 -1NN동53.54441312 1.0 2.8 3.8696910 0신뢰마주전개최상40기 0 9 1     1 1 2④1:21.7½    .313.438.913.9 -1 -5  .00 4 5  1  .73121401968 1 8 7 41 5 4.0110.03 2.1 4.9  8.5    8.1   21.5   20.512.74184 2 6 7 2△  .740.30  .35 6.5882.71 9.8121.5932.97 5122110.6419.3929.90 5
20260411토 4130011국551 2103 4혼전 4451흐림다습14 4 8랩처            나이트러우승환희 6522.00한암 3 0 1 2 1   39      24750국5최용구강승연  99 4 7 4 310 1 2 1 6  1김성현44855.558우입보62 72 729057.055.023.31540101943142027 6 020101623193367 0↗↘입13.636.739.413.6964436.541.2 82.2 84.2 50 33 6717   13.70   13.70 5  1  3NB동53.54441312  .4 3.6 4.0696910 0신뢰마주신뢰마주50기 0 8 5     4 4 8⑩1:22.2목   1.713.440.814.6  6  4  .0910 4  2 1.877 5917428 1 8 5 70 1 6.01 5.11 3.3 9.9  9.3   16.8   37.8   36.1  .02677 1 6 6 1―  .440.60  .63 8.0982.71 6.3914.1023.34 41118 9.4317.9425.77 4
20260307토 5130011국532 6 83 5혼전 4451맑음포화15 4 8랩처            나이트러우승환희 6522.00한암 3 0 0 2 1  101      24750국5최용구강승연  99 5 6 3 210 4 1 1 5  0김효정44453.067우입하55 58 588257.059.037.01753 7194314202725 020101922175050 0↗→선13.536.739.313.5955236.439.7 81.0 82.7 40 40 4020   13.70   13.90 5  1  1NNUP53.84441312  .4 3.6 4.0696910 1전개최상신뢰마주78기 0 7 6     3 2 2①1:21.0½    .013.739.013.7 -1  1  .00 1 2 -2  .032 4662681 1 5 5 42 4 2.04 7.11 3.0 4.8  3.1   17.8   23.7   51.212.73474 2 7 8 2▲  .740.30  .29 6.7382.6512.7726.2737.01 8172811.2422.6029.27 5
20260201일 5120010국554 7103 6혼전 4451맑음건조 2 4 8랩처            나이트러우승환희 4313.00한암 3 0 1 1 1   79      24750국5최용구강승연  99 6 5 2 310 3 1 1 4  1김효정44352.569우입보80 83 839680.069.053.61753 7194314202725 020101922175050 0↗→선13.636.738.413.3887637.038.9 75.7 75.7 50 50 5025   13.40   13.70 2  5  0NUDN53.84441312  .0 3.5 3.5757510-1전개최상전개최상 5관 0 6 3     3 2 3⑥1:15.71¼  1.113.739.113.9  2  2  .00 6 4  1 1.23734554347 1 5 3 20 3 1.02 1.03 3.4 6.9  3.4    6.9   11.7   20.6  .04493 3 9 9 3★ 1.638.80 -.22  .6175.5624.2240.6253.5934536622.4740.0050.35 2
20260118일 5130011국541 2 93 7혼전 4451흐림건조 5 4 8랩처            나이트러우승환희 6522.00한암 3 0 1 2 1   2714:00 24750국5최용구강승연  99 7 4 1 110 2 1 1 3  1김효정44152.567우입상83 89 899383.066.050.21753 7194314202725 020101922175050 0↗→선13.636.939.013.4817636.639.6 81.5 82.6 67 67 3333   13.60   14.20 8-11 -2UUUP53.84441312 -.3 3.7 3.3757510 1신뢰마주전개최상75기 0 1 1     1 1 2④1:21.5¾    .213.438.813.7  1 -3  .00 4 3  1  .732 7642971 3 5 1 11 2 4.06 8.04     8.3  5.8   18.4   43.2   39.010.54492 3 9 9 3★ 1.440.10  .00 6.7082.5822.3738.5850.1934536623.4641.7655.21 1
20251123일 1120012국640 9 93 8 2강 2259맑음건조 3 4 8랩처            나이트러우승환희 4313.00한암 2 0 1 2 1  16310:35 24750국6최용구강승연  99 8 3 3 210 1 0 1 2  1김효정44454.069우입적60 73 738890.066.061.01753 7194314202725 02010192217 099 0↗→선13.737.138.213.3538536.338.8 76.0 75.0 50 50 5050   13.70   13.90 2  4  0VV동53.54431210  .0 4.5 4.5646410 0전개최상신뢰마주20관 012 1     1 1 1①1:16.02½  -.413.639.614.2 -1 -2  .00 1 2 -1  .013 6491596 3 5 1 21 1 2.0412.01     8.8  3.8   15.1   29.2   21.9  .03788 3 8 9 3▲ 1.338.10 -.53 -.3575.6724.2244.6561.0217375324.2944.7027.10 1
20251108토 1120011국643 6 93 9혼전 4451흐림건조 3 4 8랩처            나이트러우승환희 4313.00한암 2 0 1 2 1  154      24750국6최용구강승연  99 9 2 2 110 2 0 1 1  1송재철44654.078강입상98 99 999877.070.058.71643 8194314202714 02010192520 099 0↘↗입13.636.738.212.9879837.438.7 76.8 76.3100100100**   13.50   12.80 8  0  1NVUP53.54431210-4.0 6.0 2.0858510 2교체성공전개최상40기 0 8 4     5 5 7⑦1:16.8코   1.213.739.513.9  4  3  .00 7 3 -3 1.35757485044 3 2 1 12 2 2.01 1.11 1.7 4.3  4.4    4.5   11.0  137.710.55095 4 9 8 4▲ 1.839.00 -.25 1.4475.4528.0046.2258.6620425714.8830.7120.08 1
20250913토 1100010국650 210310 2강 2255맑음포화19 4 8랩처            나이트러우승환희 4313.00한암 2     2 2  305      24750국6최용구강승연  9910 1 1 110 1 0 0 0  0송재철44353.576평무보89 35 3575  .042.032.62033131856 4202714 02010192520      ↗↘입14.236.838.113.3992736.736.9 60.6 61.5              14.20   13.60 4  0  0LN동       10 0         7.0     0 0일반주행보통주행43기 1 8 3     3 3 2②1:00.63     .013.536.512.8 -4  9  .00 2 6  0  .6 91911 576 2 5 4 42 1 1.06 2.08 3.1 6.8  3.1   13.1   21.6   56.5  .01653 0 4 4 0― -.637.90  .10-13.462.7110.4023.0332.5610223510.5320.7532.43 8
20260823일 41300 9국5 1 6  5 0혼전 4454           4 9한강판타스틱    사이먼퓨달빛질주 4237.00한수 4 0 0   1    013:10 24750국5임채덕조금제   2 01616 825 1 1 225  0임다빈   55.076평자보50 46 4618 9.038.014.41427 8 750 3 9 820 0 7 0142424404020→↗추13.937.239.213.66148                   20 20  525   14.30   13.40 2  7 -2VNDN53.45271814-2.0 8.2 6.2393912-1일반주행거리속성31기 0 9                            14.3    13.4        .0                       7 6 9 8  1                                              .01632-3 2 2-3▽-1.039.20  .68     82.90 2.47 7.7014.38 2 714 4.35 8.0513.87 9
20260809일 6140011국511 8 65 1 1강 1141흐림건조 2 4 9한강판타스틱    사이먼퓨달빛질주 4237.00한수 4 0 0 1 1   36      24750국5임채덕조금제   2 11515 825 1 1 224  0김철호51257.065평자상61 56 563419.044.022.01046 4 750 3 9 81315 7 0142025404020↘↗추13.837.139.413.6423337.639.6 90.2 89.5 21 21  526   14.20   14.10 3 -4  3UB동53.45271813-2.6 8.2 5.6464612 0일반주행작전마주56기 0 2 5     5 6 8⑧1:30.21    2.514.339.213.4  1 -4  .00 8 7 -2 2.96576526718 6 3 4 7213 1.02 9.10 1.7 4.1  1.7    4.1    5.8   12.3  .02140 0 4 2 0― -.538.90  .0313.0088.93 5.5413.4321.97 51222 6.0012.8323.86 5
20260719일 51400 9국521 9 75 2 2강 2251흐림다습14 4 9한강판타스틱    사이먼퓨달빛질주 4237.00한수 4 0 0 2 1   26      24750국5임채덕조금제   2 21414 725 2 1 223  0권중석51654.567평자상40 35 353130.054.029.91341 6 750 3 9 8 0 0 7 0191818404020↘→선13.837.339.213.5234436.740.0 89.1 88.6 22 28 1122   13.70   14.30 2 -3  1NN동53.45271813-2.2 8.4 6.2393912 0일반주행탄력호조 5   0 6 5     3 3 4⑤1:29.12     .914.240.214.1 -4  1  .00 5 9  2 1.33428685557 6 6 7 42 3 7.05 8.07 2.0 3.2 16.3   55.0  150.0   32.9  .03044 0 5 6 0―  .438.50 -.1912.1188.93 7.6117.6029.92 82234 5.7114.9326.79 4
20260705일 6140011국552 7 55 3혼전 4451흐림건조 4 4 9한강판타스틱    사이먼퓨달빛질주 4237.00한수 4 0 0 1 1   25      24750국5임채덕조금제   2 31313 625 1 1 222  0권중석51553.567평자상34 34 3426 6.037.0 9.81341 6 750 3 9 8 0 0 7 0191818404020↘→선13.837.439.113.5175236.640.5 88.9 89.3 24 24  624   13.80   13.40 2  2  1BNUP53.45271813-1.4 8.8 7.4373712 1일반주행단기승부27관 0 9 7     5 6 5⑤1:28.93    1.513.740.614.3 -2  5  .00 5 7 -3 1.95418786338 9 3 6 92 2 4.01 4.01 2.6 4.7  7.9   12.0   32.7   12.6  .01619-1 2 2-1▽-1.038.60  .3412.7588.93 1.49 5.09 9.79 2 714 1.08 4.28 9.4710
20260621일 4130010국543 6 95 4 3강 3351맑음포화19 4 9한강판타스틱    사이먼퓨달빛질주 4237.00한수 4 0 0 2 1   27      24750국5임채덕조금제   2 41212 725 2 1 221  0조성환51053.053기자보18 20 2034 4.035.0 9.7 718 6 750 3 9 8 0 0 7 0101620404020↘→추13.837.738.913.4326937.839.2 81.5 83.4 25 25  625   14.70   14.10 3 -1  1NNDN53.45271813 -.4 8.8 8.4303012-1일반주행기복전력 5기 0 7 8     9 8 8⑤1:21.53    1.113.838.213.4 -5 -3  .00 510  2 1.9556142484811 111113 2 4.02 1.09 2.3 4.0  6.4    7.6   15.9   68.7  .01624 0 1 2 0▽-1.139.50  .68 6.8483.03 1.79 4.63 9.71 0 2 5 1.10 2.97 6.6011
20260531일 4140011국540 7 45 5 1강 1151맑음양호 7 4 9한강판타스틱    사이먼퓨달빛질주 4237.00한수 4 0 0 9 1   47      24750국5임채덕조금제   2 51111 525 1 1 220  0조성환51352.053기자적27 26 2622 5.033.013.7 718 6 750 3 9 8 0 0 7 0101620404020↘→추13.837.339.313.5224138.039.8 91.0 89.9 27 27  727   14.80   13.80 2  3 -1LU동53.45271813  .2 8.4 8.6242412 0일반주행작전마주29기 0 810    1010 9⑧1:31.02½  1.314.740.314.1  0  3  .00 8 8  1 2.07288598043 7 3 7 80 1 4.0310.03 2.4 3.4  6.9   27.3   61.5   86.6  .02120-2 1 1-2▽-1.038.80  .1713.2589.00 2.49 7.4313.68 2 612 1.39 3.87 9.88 7
20260516토 4140011국530 8 35 6 3강 3351맑음건조 3 4 9한강판타스틱    사이먼퓨달빛질주 4237.00한수 4 0 0 2 1   37      24750국5임채덕조금제   2 61010 425 1 1 219  0권중석51053.067기입적11 10 10 6 4.031.0 6.61341 6 750 3 9 8 0 0 7 0191818404020↘→선13.837.339.313.4234438.139.1 89.9 89.2 29 29 1436   14.80   13.70 2  1 -4NH동53.45271813 -.8 9.2 8.4282812 0발길대로기복전력51기 0 510     8 8 5⑤1:29.91     .914.839.713.8 -2 -1  .00 5 7 -3 1.7519037685410 310 93 1 1.05 2.07 2.2 2.2  2.2   19.9   29.0   25.2  .012 4-4 1 1-4▼-1.638.70  .3512.5589.00  .62 2.00 6.59 2 610  .93 2.96 7.12 9
20260503일 3140011국533 7 35 7 2강 2251비  다습10 4 9한강판타스틱    사이먼퓨달빛질주 4237.00한수 4 0 0 1 1   28      24750국5임채덕조금제   2 7 9 9 325 7 1 218  0김철호51156.565기입적 5  6  620 6.035.011.21046 4 750 3 9 81315 7 0142025404020↘↗추13.837.239.213.5314838.139.8 89.3 89.8 31 31 1538   14.50   14.40 2 -7 -1HNUP53.45271813 -.2 8.8 8.6272712 1발길대로기복전력42관 0 4 9     9 9 8⑧1:29.34    2.214.839.313.7 -2  2  .00 810  1 2.67292608422 7 3 810012 3.0110.08 2.2 2.8  5.9    6.1   15.5   20.0  .01210-2 2 2-2▽-1.138.90  .3813.3588.86 2.04 5.2711.20 1 3 7 1.09 4.40 9.71 7
20260419일 5130011국553 4105 8혼전 4451맑음건조 4 4 9한강판타스틱    사이먼퓨달빛질주 4237.00한수 4 0 0 2 1   27      24750국5임채덕조금제   2 8 8 8 625 6 1 217  0김철호50957.065기자보13 11 1126 5.034.0 7.41046 4 750 3 9 81315 7 0142025404020↘↗추13.837.438.813.4517338.040.4 84.1 84.6 33 42  817   14.70   14.20 2  9  5VBDN53.45271813 -.6 8.2 7.6313112-3가는대로기복전력15관 01111    101011⑪1:24.1½   2.014.540.414.4  2  8  .0011 9 -1 2.78567808523 8 31111011 6.04 4.10 3.2 6.4 11.4   43.3   75.2  128.4  .012 8-2 1 1-2▽-1.340.00 1.01 8.4482.78  .81 3.41 7.35 0 2 5  .89 2.61 6.8611
20260405일 7160010국512 9 65 9혼전 4451맑음양호 6 4 9한강판타스틱    사이먼퓨달빛질주 4237.00한수 4 0 0 1 1   25      33000국5임채덕조금제   2 9 7 7 325 5 1 216  0김철호50152.565평자하14 14 1414 9.035.011.31046 4 750 3 9 81315 7 0142025404020↘↗추13.836.939.713.5324136.940.4106.3104.5 36 36  918   14.50   13.80 2 -8  0UHUP53.45271813 -.4 6.6 6.2434312 3일반주행거리탄력70기 0 2 9   9101010⑩1:46.36    2.814.741.214.2  0 -8  .001010  4 3.58376667917 8 3 8 8010 4.03 1.10 1.8 4.1  8.6   21.0   54.1   93.4  .016 9-1 2 1-1▽-1.239.70  .3027.91103.4 1.78 4.9811.30 1 4 8 4.17 7.3612.27 9
20260321토 8130011국552 310510혼전 4456맑음건조 5 4 9한강판타스틱    사이먼퓨달빛질주 4237.00한수 4 0 0 2 1   35      33000국5임채덕조금제   210 6 6 525 4 1 215  0김철호50952.565평자상48 54 541413.039.013.11046 4 750 3 9 81315 7 0142025404020↘↗추13.837.438.713.4508338.639.4 84.1 85.0 40 50 2020   14.20   12.60 2  7  0BHUP53.45271812-1.0 6.2 5.2515112 1일반주행거리속성38기 01011    111010⑨1:24.1½   2.814.539.213.8  3 -2  .00 9 6 -5 2.98887547812 9 4 4100 9 5.04 4.02 2.0 5.9  9.7   21.9   54.6  435.5  .01617-3 2 2-3▽ -.840.10  .90 8.8682.71 2.47 6.4513.11 1 4 9 2.9910.0016.85 9
20260307토 8120011국552 510511혼전 4451맑음포화15 4 9한강판타스틱    사이먼퓨달빛질주 1632.00한수 4 0 0 2 1   35      33000국5임채덕조금제   211 5 5 425 3 1 214  0김철호51152.566평입하32 30 305319.049.022.81046 4 750 3 9 81315 7 01420255050 0↘↗추13.837.138.213.5598737.737.8 73.9 75.8 44 56 2211   14.60   14.00 5 -6  0HHDN53.65311813  .2 4.8 5.0545412-4숨은복병작전마주64기 0 3 9     8 7 7④1:13.91     .314.236.712.6 -7 -5  .00 411  3  .94177143071 6 3 9 63 8 2.01 2.11 2.2 5.9  4.7    5.9   14.5   16.4  .02145 0 4 4 0―  .138.40  .56  .5275.67 5.4213.3622.76 51221 6.6713.4122.99 6
20260201일 7160010국443 5 9512 1강 1151맑음건조 2 4 9한강판타스틱    사이먼퓨달빛질주 4237.00한수 4 0 0 1 1   77      33000국4임채덕조금제   212 4 4 225 2 1 213  0김철호51652.565우입보60 57 571411.028.0 7.31046 4 750 3 9 81315 7 01420255050 0↘↗추13.836.739.913.5464436.140.2103.8104.4 50 50 1313   14.30   13.20 2  7  0BH동53.65311813 -.2 3.6 3.4707012 0일반주행보통주행 5기 1 9 8   8 9 8 9⑨1:43.8머리 2.514.640.114.0  1  2  .00 9 8  2 2.58429665918 7 4 8100 7 2.05 1.05 2.4 5.6  3.9   24.7   36.9   15.2  .016 7-3 2 1-3▼-1.539.90  .3927.75103.4 1.01 3.46 7.32 1 3 5 1.45 4.58 9.84 9
20260117토 8160010국411 5 6513 2강 2251맑음건조 5 4 9한강판타스틱    사이먼퓨달빛질주 4237.00한수 4 0 0 2 1   3516:05 33000국4임채덕조금제   213 3 3 125 1 1 212  0김철호51452.565우입하46 42 4214 5.027.0 6.01046 4 750 3 9 81315 7 01420255050 0↘↗추13.836.539.913.6544837.038.6102.9102.9 57 57 1443   14.20   13.80 3  0 -2UHUP53.65311813 -.6 4.0 3.4737312 4거리내려탐색우려40기 0 2 7   7 9 9 7⑥1:42.9½   1.214.338.613.2  0 -7  .00 6 6  5 1.75385223845 4 5 7103 6 5.04 4.06     4.5 15.7   56.7  122.9   68.7  .022 5-3 2 2-3▼-1.839.90  .5126.53103.3  .60 1.87 6.03 1 4 8  .96 2.99 8.00 9
20251227토 4120011국454 410514혼전 4451흐림다습14 4 9한강판타스틱    사이먼퓨달빛질주 1632.00한수 3 0 0 9 1   6112:45 33000국4임채덕조금제   214 2 2 325 1 1 211  0푸르칸52154.080우입보80 87 877334.041.014.4225614 750 3 9 813 0 7 01424215050 0↗↗추13.836.938.413.7797637.839.4 75.8 77.3 57 57 1429   13.70   13.30 2 -3  2UNDN53.65311813-1.2 4.4 3.2757512-2일반주행거리내려49기 0 2 7     7 7 7⑨1:15.8½   2.014.238.913.8  8  4  .09 9 1  0 2.98178687924 7 4 5100 1 4.10 1.07    10.0  6.7   94.3  173.1  264.8  .01868-1 5 4-1▽ -.639.00  .82 1.9775.67 3.27 8.3814.35 1 3 8 3.5712.2317.49 9
20251213토 6140011국454 610515 3강 3351비  불량20 4 9한강판타스틱    사이먼퓨달빛질주 4237.00한수 3 0 0 2 1   39      33000국4임채덕조금제   215 1 1 225 4 1 210  0김철호51752.565우입보87 89 895465.051.025.41046 4 750 3 9 81315 7 01420255050 0↘↗추13.836.839.213.5656536.839.3 87.0 88.4 71 57 2943   13.80   13.80 4 -1  1NNUP53.65311813-1.2 4.4 3.2757512 1숨은복병작전마주68기 0 5 6     5 4 5⑤1:27.0½    .313.738.613.3  4  1  .09 5 1 -1  .82829493373 6 4 2 62 5 3.05 9.03     6.9  5.9   24.4   56.6  108.9  .02147 0 6 6 0―  .139.00  .2512.4288.59 7.2016.3525.41 4122112.3624.8736.16 2
20260823일 51300 8국5 2 8  9 0 1강 1153           5 1델타대천        카우보이실버햄튼 6032.00한암 3 0 0   1    014:00 24750국5함완식강균호   2 0 8 1 4 7 5 1 1 7  0이용호   54.064강자적50 62 629140.047.034.61657 72256121516 0 021111918205050 0→↘자13.536.839.213.88752                   33 67 3317   13.60   12.90 6 -4 -1UU동55.04211413-2.2 5.2 3.0757514 0착차만회전개최상43기 0 1                            13.6    12.9        .0                       3 1 3 4  5                                              .04162 0 6 5 0―  .039.20  .35     82.6510.9721.6134.63 9183510.9121.3736.76 5
20260711토 21300 9국643 9 49 1 2강 2251맑음포화15 5 1델타대천        카우보이실버햄튼 6032.00한암 3 0 0 2 1  110      16500국6함완식강균호   2 1 7 7 3 7 4 0 1 6  0이용호41355.064우입보97 97 977756.059.045.01657 72256121516 0 02111191820 099 0→↘자13.637.039.613.8774436.337.8 81.1 80.5 20 60 20 0   13.70   13.80 4  0  0NNDN55.04291412-1.6 6.2 4.6595914-1편성만만작전마주66기 0 5 3     2 2 1①1:21.1½   -.113.638.012.9 -3-11  .00 1 4  2  .0 1 4 9 093 2 3 2 31 4 4.01 5.08 2.1 2.9  6.2    5.1   14.0   42.513.22959 0 6 5 0―  .639.50 -.29 3.8883.0312.4928.1845.00 82234 7.8926.4938.25 4
20260614일 3140011국630 8 89 2 3강 3361흐림건조 3 5 1델타대천        카우보이실버햄튼 6032.00한암 3 0 0 2 1   68      24750국6함완식강균호   2 2 6 6 1 7 3 0 1 5  0이용호42455.064기입적77 99 997576.070.053.91657 72256121516 0 02111191820 099 0→↘자13.636.740.013.9662236.839.0 89.2 87.9 25 50 25 0   13.70   14.20 5  1  0NNUP55.04291412-2.5 7.3 4.8575713 1착차만회작전마주44기 0 5 3     3 4 5④1:29.22     .413.739.613.8  2 -5  .00 4 2 -3  .61027321769 1 7 1 32 3 3.04 1.06 2.1 5.0  5.5   18.5   35.6   14.910.93775 3 8 6 3▲ 1.639.00 -.9511.1989.0721.9739.4353.8512264118.5634.3449.00 3
20260509토 4130011국640 9 99 3 1강 1151맑음건조 5 5 1델타대천        카우보이실버햄튼 6032.00한암 3 0 0 2 1   97      16500국6함완식강균호   2 3 5 5 2 7 2 0 0 4  0이용호42955.064평입상61 61 615330.047.024.01657 72256121516 0 02111191820      →↘자13.637.139.913.9682236.639.8 83.8 82.5  0  0 33 0   14.00   14.20 5  2  0NN동       1312-2.3 8.0 5.7484813 0일반주행보통주행44기 0 4 4     4 3 2②1:23.83     .013.740.314.2 -3  7  .00 2 5 -1  .624 8653091 3 5 5 52 2 2.05 2.04 3.7 6.1  3.7   17.5   28.0   19.9  .01628-1 4 4-1▽ -.139.80  .05 5.5283.29 4.1712.4124.02 71829 5.6114.7826.17 5
20260405일 2130011국641 9 99 4혼전 4452맑음양호 6 5 1델타대천        카우보이실버햄튼 6032.00한암 3 0 0 1 1   92      16500국6함완식강균호   2 4 4 4 1 7 1 0 0 3  0이용호42255.064기입적42 49 492619.042.026.21657 72256121516 0 02111191820      →↘자13.637.339.913.6552437.439.9 84.1 82.9  0 50 50 0   14.20   14.1010 -5  1HNUP       1312-2.0 9.0 7.0464612 1일반주행기복전력56기 0 2 8     8 8 7③1:24.16    1.014.040.414.2 -3 -2  .00 3 6  3 1.14040706353 6 7 3 53 1 1.02 1.03 2.1 4.5  2.1    4.5    7.3   15.9  .01626-2 4 3-2▽ -.539.70 -.13 5.7383.42 8.3618.1926.22 6132511.1119.6725.20 4
20260125일 1120011국613 8 69 5 2강 2241맑음건조 3 5 1델타대천        카우보이실버햄튼 6127.00한암 3 0 0 2 1  188      16500국6함완식강균호   2 5 3 3 3 7 2 0 0 2  0최범현42454.593하입보51 53 532430.047.022.5325913225612151628 02111193217      ↗→입13.637.539.413.7131937.239.3 77.0 76.2  0  0 50 0   13.40   13.50 6  3  1BN동       1212  .0 9.0 9.0171712 0최빈거리보통주행 5기 0 7 5     5 4 5⑤1:17.02     .914.239.614.1  2  2  .05 5 3 -6 1.45347656152 5 3 4 62 2 6.01 2.09 1.4 3.7 37.3   15.5   82.3  189.3  .01321-2 4 4-2▽ -.338.10 -.33 -.6976.56 4.2411.6322.54 61325 4.3812.6118.53 6
20251214일 11200 9국642 7 99 6 2강 2256맑음불량20 5 1델타대천        카우보이실버햄튼 6127.00한암 2 0 0 2 1  118      24750국6함완식강균호   2 6 2 2 2 7 1 0 0 1  0최범현42254.093하무보14 11 1114 3.030.0 6.0325913225612151628 02111193217      ↗→입14.538.239.213.2 14136.738.9 74.8 75.1  0  0  0 0   14.50   13.50 5  1  0NH동       1212  .0 9.0 9.0171712 0최빈거리거리난점88기 2 4 4     5 5 5⑤1:14.8머리  .213.438.813.5 -4-16  .00 5 9  0 1.01921553473 9 5 6 92 1 6.04 7.06     5.4 13.4   25.1   65.3   18.7  .0 927-4 1 4-4▼-1.837.10 -.12-2.2876.84  .45 1.63 5.95 2 714  .12 1.74 3.08 8
20251108토 1120011국643 7 99 7혼전 4451흐림건조 3 5 1델타대천        카우보이실버햄튼 6127.00한암 2     2 1  154      24750국6함완식강균호   2 7 1 1 1 7 1 0 0 0  0김효정43854.069평무보 5 25 25 6  .027.0 4.51753 72256121516 0 02111192217      ↗→선15.238.639.512.4 1 138.438.8 77.9 77.4              15.20   12.70 4  0  0NL동       12 0         5.0     0 0일반주행보통주행38트 0 310    111010⑨1:17.95    2.314.539.613.5  0 -2  .00 9 9  0 2.4839251791811 711110 1 2.01 1.11 1.7 4.3  4.4    4.5   11.0  137.7  .016 5-4 1 3-4▼-1.837.40 -.48 -.6677.23  .35 1.25 4.50 0 2 5 9.9218.2638.52 4
20260823일 51300 8국5 2 8  7 0 1강 1153           5 2청해스타        도르트문특별스타 9729.00한암 4 0 0   1    014:00 24750국5서인석유수현  99 016101521 2 1 221  0김효정   56.567평입보50 58 585914.051.041.71753 71845 91819 8 019121922171783 0↗→선13.937.439.313.55465                   30 30 10 5   13.90   13.70 5 -5  1UB동53.84541413-2.2 6.2 4.0717112 0과중문제보통주행52기 0 2                            13.9    13.7        .0                       8 2 6 3  3                                              .02240 0 4 4 0―  .339.30 -.27     83.1012.6827.5741.72122741 5.4515.2726.47 6
20260719일 4130011국523 6 77 1 1강 1151흐림포화16 5 2청해스타        도르트문특별스타 9729.00한암 4 0 0 2 1   78      24750국5서인석유수현  99 115 91421 1 1 220  0김효정45655.567기입적77 80 805652.057.036.01753 71845 91819 8 019121922171783 0↗→선13.937.439.213.5516937.339.6 81.4 82.9 32 32 11 5   13.80   13.80 5  0  2NB동53.84541413-2.6 7.2 4.6656512 0착차만회기복전력 5   0 7 8     7 5 5③1:21.4¾    .213.939.013.7  1 -1  .00 3 2 -2  .74236625174 7 4 3 30 2 1.04 1.10 2.0 3.7  2.0    8.6   12.4    8.5  .02249 0 6 5 0―  .739.60 -.04 6.2983.0310.9823.8336.00 9183516.1826.4937.50 4
20260614일 5130011국551 4107 2혼전 4451흐림건조 3 5 2청해스타        도르트문특별스타 9729.00한암 4 0 0 2 1   86      24750국5서인석유수현  99 214 81321 1 1 119  0이용호45754.064평입상69 77 776252.060.042.81657 71845 9181916 019121918202080 0→↘자13.937.339.413.5565737.138.8 81.9 82.1 22 28 11 6   14.10   13.50 5 -1  2NN동53.84531413-2.8 7.8 5.0616112 0착차만회탄력호전45기 0 7 5     3 3 2②1:21.91     .013.838.913.8 -2  2  .00 2 4 -1  .21128311680 5 9 3 42 3 7.04 2.07 4.414.3 10.3   29.0   56.9   65.0  .02561 1 7 6 1―  .839.50 -.29 5.3683.1016.4529.7542.8117375314.8626.1435.43 3
20260509토 6130011국531 8 87 3혼전 4451맑음건조 5 5 2청해스타        도르트문특별스타 9729.00한암 4 0 0 2 1   95      24750국5서인석유수현  99 313 71221 1 0 118  0김효정45552.567평입상29 37 375946.065.052.41753 71845 91819 8 019121922172575 0↗→선13.937.439.513.6534837.038.8 82.5 81.8 12 24 12 6   14.20   13.70 7  2  2NN동54.14531413-1.2 8.2 7.0464612 0착차만회탄력호조45기 0 8 4     3 3 2①1:22.51½  -.314.139.113.5 -4 -5  .00 1 5 -4  .0 72231129410 7 7 22 1 5.01 8.06 3.0 4.8 13.9   23.1   71.0   86.1  .04483 3 7 9 3▲ 1.439.40 -.67 4.8983.2320.4038.6552.4420425714.0825.1535.86 3
20260322일 5130011국520 6 77 4 2강 2259맑음건조 5 5 2청해스타        도르트문특별스타 9729.00한암 4 0 0 2 1  131      24750국5서인석유수현  99 412 61121 1 0 117  0정우주46051.060평입보29 30 3037 4.035.012.01250 71845 91819 5 019121630132575 0↗→입13.937.539.613.5474437.639.3 83.5 83.5 13 25 13 6   14.80   13.60 5 -5 -2NU동54.14531413  .2 7.4 7.6444412 0일반주행보통주행48기 0 6 9     6 6 5⑤1:23.5코    .814.239.413.7 -4  3  .00 5 9 -2 1.459495350571010 4 92 1 1.0210.08 2.4 2.6  2.4    2.6    4.8    5.0  .01627-1 2 1-1▽-1.039.70  .31 6.3783.35 1.80 6.0611.97 1 3 7 1.20 3.73 8.71 8
20260215일 5130011국512 1 67 5혼전 4451맑음건조 3 5 2청해스타        도르트문특별스타 9729.00한암 4 0 0 2 1   79      24750국5서인석유수현  99 511 51021 3 0 116  0루이스45752.571기입상42 42 423620.049.015.02042111845 9181916 019122026162575 0→↘입13.937.539.313.5446139.138.4 83.3 83.7 13 27 13 7   14.10   13.80 5  5  0VHDN54.14531413  .2 6.0 6.2525212-1숨은복병기복전력68기 01111    111110⑨1:23.3목   1.214.838.713.6 -2  3  .00 911  4 2.56596226840 9 6 9100 3 6.04 4.05 1.9 5.7 16.2   49.1   97.1   24.3  .01933 0 4 6 0― -.139.70  .42 6.8783.16 3.09 8.0114.95 1 4 8 3.03 7.6013.9411
20260111일 3140011국530 9 87 6혼전 4451맑음양호 7 5 2청해스타        도르트문특별스타 9729.00한암 4 0 0 2 1   92      24750국5서인석김재성b  0 610 4 421 2 0 115  0루이스45452.571기입적63 58 582720.043.016.42042111845 9181216 019122026162575 0→↘입13.937.139.913.5453337.539.1 90.1 88.7 14 29 14 7   13.80   14.50 5  0  0NH동54.14531413  .6 5.2 5.8515112 0선행무리기복전력 5기 0 6 6     5 4 5⑥1:30.11½  1.214.139.813.8 -1 -9  .00 6 7  0 1.44172375149 610 6 82 2 3.02 5.02 2.2 5.4  5.5    8.2   21.1    7.7  .01429 0 3 2 0― -.538.80 -.1311.7389.28 3.63 9.6216.44 2 714 4.0410.1519.48 7
20251207일 5140010국541 7 47 7 1강 1151맑음양호 9 5 2청해스타        도르트문특별스타 9729.00한암 3 0 0 1 1   9413:35 24750국5서인석김재성b  0 7 9 3 321 1 0 114  0루이스46352.571기입적32 30 3027 8.040.016.52042111845 9181216 01912202616 099 0→↘입13.937.240.013.5322736.040.2 88.9 88.4 23 23  8 8   14.40   14.90 5 -2  1NN동54.74491413  .6 5.0 5.6555512 0교체실패기복전력70기 0 6 1     1 2 2④1:28.91¾   .613.840.214.5 -3  7  .00 4 7  0  .829 4754063 8 9 5 71 1 1.06 8.07     3.4  1.8   10.9   17.3   14.5  .02036 0 3 3 0― -.838.60 -.2511.1989.41 2.93 8.0316.45 41118 1.75 5.7411.11 6
20251102일 5140011국520 9 77 8 2강 2251맑음양호 6 5 2청해스타        도르트문특별스타 9729.00한암 3 0 0 1 1  161      24750국5서인석김재성b  0 8 8 2 221 1 0 113  0정정희45652.080기입적72 66 662432.046.018.02246111845 9181215 71912202415 099 0→→입13.937.340.113.5302437.140.7 92.2 90.2 25 25  8 8   14.20   13.40 7  4  0NUUP54.74491413 -.8 5.2 4.4676712 1일반주행기복전력42기 0 8 8     7 911⑪1:32.26    2.214.441.614.9  4 -2  .0011 7  2 2.68146848324 810 3 70 7 1.1011.03 1.9 3.4  1.9   31.9   50.9   29.6  .01643 0 5 3 0― -.238.90 -.4312.8089.55 3.35 8.9717.96 2 817 4.1013.3319.05 6
20250914일10130010국551 2107 9 2강 2251맑음다습12 5 2청해스타        도르트문특별스타 9729.00한암 3 0 0 2 2  286      24750국5서인석김재성b  0 9 7 1 921 1 0 112  0이동하45852.090기입적81 81 815364.058.034.62442171426 41812 7 01912252419 099 0→↗선13.937.739.613.5304438.138.8 81.6 82.9 27 27  9 9   14.30   13.50 6 -7 -3UU동54.74491413-1.2 5.0 3.8676712 0착차만회기복전력48기 0 4 9     8 9 9⑧1:21.6½   1.114.238.313.4  3  8  .00 8 5  1 1.14073344945 7 9 3 30 1 3.02 8.09 2.9 6.6  4.7    6.8   14.8   23.2  .02282 0 7 6 0―  .739.30 -.44 5.6383.48 9.6322.2334.6014284310.5721.9437.39 4
20250803일 3130011국641 8 9710 3강 3351흐림건조 3 5 2청해스타        도르트문특별스타 9729.00한암 3 0 0 1 2  40011:35 16500국6서인석김재성b  010 612 821 4 0 011  0정정희45055.081평입하69 72 725855.063.035.42148121426 4181215 71912202415 099 0↘→입13.937.739.713.6323737.838.2 82.8 81.8 20 20 10 0   14.00   14.10 3  2  0VN동54.54491413-1.8 5.8 4.0656512 0숨은복병보통주행61관 11110     6 3 1②1:22.82½   .014.338.713.5 -2 -2  .00 2 4  1  .4 658162088 6 3 3 52 6 2.04 8.11     6.0  3.0    6.4   11.9   26.812.12045 0 6 5 0―  .839.10 -.50 4.3583.55 8.9321.2235.38 6152610.3125.0030.81 4
20250713일 3130011국640 7 9711 2강 2251흐림건조 4 5 2청해스타        도르트문특별스타 9729.00한암 3 0 0 2 3  46311:25 16500국6서인석김재성b  011 511 721 3 0 010  0정정희45255.076기입적88 99 995351.065.046.6247110173910181215 71912202415 099 0↘↘입13.937.739.813.5323737.639.5 83.4 83.0 22 22 11 0   13.90   13.80 5  0  0NN동54.54491413-2.0 7.4 5.4606012 0일반주행기복전력40기 0 9 8     6 6 5④1:23.46    1.314.039.814.1  1  6  .00 4 3 -3 1.44449605741 7 8 2 32 5 1.0210.01     4.0  2.4    4.0    6.9    7.2  .01849 0 6 5 0― 1.039.40 -.89 5.5483.6113.9230.0746.58122641 9.5220.1028.65 5
20250607토 2130010국651 810712 1강 1153흐림건조 3 5 2청해스타        도르트문특별스타 9729.00한암 3 0 0 2 3  57111:30 16500국6서인석김재성b  012 410 621 2 0 0 9  0정정희44655.076평입보61 74 744751.061.041.3247110173910181215 71912202415 099 0↘↘입13.837.839.913.4233037.139.1 82.5 82.0 13 13 13 0   13.70   13.80 4  1  0LN동54.04511413-1.2 8.2 7.0444412 0뒷심부족보통주행50기 1 9 6     4 6 4③1:22.5코    .013.939.513.8 -3 -6  .00 3 6 -2  .21028462888 8 6 2 32 4 5.0310.08     7.2  6.2   21.2   44.6   38.813.22356 0 6 5 0―  .739.00 -.85 4.2883.7412.5127.3441.3315314710.9922.7329.23 4
20250511일 3130011국640 9 4713혼전 4451흐림포화19 5 2청해스타        도르트문특별스타 9729.00한암 3 0 0 2 4  64411:25 16500국6서인석김재성b  013 3 9 521 1 0 0 8  0정정희45255.075하입하41 41 413912.045.017.91740 4214411181215 71912202415 099 0↗↘입13.938.039.713.2144836.640.3 82.8 83.0  0 14  0 0   14.10   14.20 4 -1  0NNUP54.04511413 -.8 8.0 7.2363612 1승부최상보통주행 1   0 8 3     3 2 3⑤1:22.8½    .213.740.013.8 -3 -5  .00 5 8  4 1.141 8795176 9 4 7 62 3 2.03 1.06     2.3  3.2    9.9   16.0    5.0  .03434 0 3 3 0― -.239.10 -.22 5.2883.74 2.95 8.5617.89 2 817 2.59 6.1110.37 7
20250413일 1120011국631 8 3714 3강 3357비  포화16 5 2청해스타        도르트문특별스타 97     한암 3 0 0 2 4  73010:35 16500국6서인석김재성b  014 2 8 221 1 0 0 7  0마이아45755.093하입상57 66 665985.076.066.7335032214411181243 019123532 8 099 0→→선13.937.739.313.2114137.438.9 77.1 76.1  0 17  0 0   14.10   13.50 3  5  1LN동54.04511413-1.0 8.2 7.2313112 0일반주행승부최상 1기 0 9 8     7 6 7⑤1:17.1¾   1.014.139.514.2  1  6  .00 5 4 -4 1.04856525550 9 6 2 20 1 1.07 2.06     2.8  2.0   17.8   24.8   32.112.24495 3 9 9 3★ 1.937.90-1.65 -.9276.6225.7149.8666.6617375321.7839.0041.51 2
20250323일 1120011국632 8 8715 3강 3359맑음건조 4 5 2청해스타        도르트문특별스타 97     한암 3 0 0 2 4  79310:35 16500국6서인석김재성b  015 1 7 121 2 0 0 6  0정정희45154.075하입보12 12 12 6 5.032.011.01740 4214411181215 71912202415      ↗↘입13.937.739.513.2123337.438.2 77.3 75.3  0  0  0 0   14.20   14.90 4 -5 -1HNDN       1413 -.4 8.8 8.4262610-1탄력저조부진저하 1관 1 4 3     5 5 3③1:17.31¼   .214.139.313.5 -5 -8  .00 3 8 -3  .92156293174 6 4 5 62 2 1.03 6.07     3.3  1.6    4.5    7.0   33.711.2 8 7-2 1 2-2▽-1.437.60 -.15-1.9076.73 1.46 3.9410.99 41118 1.47 4.20 5.18 8
20260823일 51300 8국5 2 8  9 0 1강 1153           5 3플라잉스마트    올드패션스마트사 7130.00한암 3 0 1   1    014:00 24750국5토니  김형순   1 0 6 2 2 5 6 1 2 5  1코지     54.586강추보50 68 689383.068.086.131571928571420 042 0261923311999 0 0↗↘입13.436.739.413.48965                  100 50 25 0   13.40   14.60 4 -5  1VNDN55.04551414  .0 2.0 2.0858514-1연대우수전개최상49기 0 3                            13.4    14.6        .0                       2 3 1 1  6                                            12.04187 2 9 9 2▲ 1.539.40-1.11     82.7140.7770.6586.1337587134.5558.0277.94 1
20260725토 4140011국510 9 69 1혼전 4451맑음다습11 5 3플라잉스마트    올드패션스마트사 7130.00한암 3 0 1 9 1   68      24750국5토니  김형순   1 1 5 1 3 5 5 1 1 4  1코지  45353.586강추상93 96 967282.066.041.431571928571420 042 0261923311999 0 0↗↘입13.436.939.613.4546535.340.9 88.1 87.8100 33  0 0   13.50   13.70 6  7 -2BU동55.04551414  .3 1.7 2.0858514 0연대우수연대우수90관 1 8 3     2 2 2②1:28.110    .013.440.814.6 -1 -2  .00 2 3  0 1.711 1853792 5 6 1 21 5 1.03 3.08 2.0 6.7  2.0    7.5   10.1   87.410.54485 2 9 9 2▲ 1.238.80 -.4811.3488.9315.0829.1541.4012264125.5842.1655.29 1
20260614일 3140011국630 8 89 2 3강 3351흐림건조 3 5 3플라잉스마트    올드패션스마트사 7130.00한암 3 0 0 2 1  108      24750국6토니  김형순   1 2 4 4 2 5 4 0 1 3  0코지  45555.086강추보76 99 998089.071.053.931571928571420 042 02619233119      ↗↘입14.437.639.713.4165736.638.6 88.6 87.2100  0  0 0   14.40   13.70 2 -1  0HNUP       1412 1.5 1.0 2.5818112 2연대우수연대우수57관 0 1 1     1 1 1①1:28.6¾   -.213.539.313.7 -2 -2  .00 1 3  2  .0 41924 892 8 3 2 21 4 3.04 1.06 2.1 5.0  5.5   18.5   35.6   14.9  .03788 3 9 9 3★ 1.637.90-1.31 9.9489.4822.0039.4653.9217375330.9348.4862.00 1
20260531일 2120011국641 9 49 3 1강 1149맑음양호 7 5 3플라잉스마트    올드패션스마트사 6520.00한암 3 0 1 9 1   29      16500국6토니  김형순   1 3 3 3 1 5 3 0 1 2  1코지  45755.088강추보49 94 947791.069.078.331571928571420 042 02619233119      ↗↘입14.638.038.813.5106537.638.1 77.6 75.6100  0  0 0   14.80   14.10 8 -7  0HNDN       1413 1.0 1.0 2.0858513-2인기탐색연대우수36관 0 210    10 9 4③1:17.6¾    .214.439.213.7  2 19  .00 3 1  0 1.53367253677 7 2 1 13 3 2.0911.10 2.3 3.5  3.3  130.8  174.7   73.612.03783 2 8 9 2▲ 1.337.40-1.85-1.2076.5133.9460.1278.2535556925.0045.0641.75 1
20260405일 3140010국610 9 69 4혼전 4458맑음양호 6 5 3플라잉스마트    올드패션스마트사 7130.00한암 3 0 1 1 1  151      24750국6토니  김형순   1 4 2 2 1 5 2 0 1 1  1코지  43855.086평추보67 25 2547  .066.058.231571928571420 042 02619233119      ↗↘입14.637.739.613.4125737.339.7 91.6 89.6100  0  0 0   14.60   13.70 5  4  1BNUP       1413         2.0    13 1마방연대거리부담76조 1 9 8     6 6 4④1:31.64     .714.840.714.1  3  4  .01 4 1  0  .9655958626310 211 12 2 2.04 4.07 1.5 4.0  5.3   18.8   35.2   33.2  .02955 1 6 7 1― 1.238.40-1.4212.3089.4826.2345.1458.2337597122.2234.1190.23 2
20260301일 1130011국642 7 99 5 2강 2259맑음건조 3 5 3플라잉스마트    올드패션스마트사 7130.00한암 3     1 1  104      24750국6토니  김형순   1 5 1 1 1 5 1 0 0 0  0코지  43454.086평무보76 25 2584  .062.040.731571928571420 042 02619233119      ↗↘입14.937.438.812.6759938.138.9 83.7 83.0              14.90   12.90 4  0  0LL동       13 0         1.0     0 0일반주행마방연대42조 0 511    10 9 6②1:23.71¼   .014.639.713.7  1-16  .00 2 1  0  .34274375384 8 2 8 33 1 2.0111.05 2.4 6.8  3.7    6.8   12.8  113.4  .02272 0 6 6 0―  .939.70  .07 6.8482.7812.9926.7540.69142843 7.8916.0638.86 5
20260823일 51300 8국5 2 8  4 0 1강 1153           5 4에클레어        섀클포드레인스터 6326.00한암 5 0 0   1    014:00 24750국5서홍수제이엘피 0 016 21222 1 1 122  0김옥성   51.058평자보50 39 393118.037.024.3 7 0 61850 7251125 0261814161899 0 0→→추13.837.139.414.07224                   11 17 1122   13.70   15.10 9  2 -2VUDN52.74701813-1.6 9.4 7.8242412-3일반주행보통주행 1   0 4                            13.7    15.1        .0                       6 5 8 7  1                                              .01631-1 3 3-1▽ -.739.40  .35     82.97 6.0912.5024.26 4 917 3.6412.2123.53 7
20260620토 71600 9국412 7 64 1혼전 4451비  불량20 5 4에클레어        섀클포드레인스터 6326.00한암 5 0 0 2 1  165      33000국4서홍수제이엘피 0 115 1 122 7 1 121  0김아현45552.558기선적17 10 1014 5.029.0 6.2 967 01850 72511 0 0261815201399 0 0→→입13.736.640.113.7511236.642.2103.8105.3 12 18 1224   13.90   14.80 3  0  0VHUP52.74701813-2.0 9.6 7.6282812 2발길대로기복전력 5기 0 2 3   3 4 6 8⑧1:43.8½   3.513.741.415.1 -1 -4  .00 8 9 -2 3.79260939511 6 610102 8 1.05 1.10 1.7 4.9  1.7    6.5    9.6   47.0  .012 1-4 2 1-4▼-1.740.10  .3828.58103.4  .80 2.46 6.24 1 4 8 1.25 3.37 8.6010
20260530토 6140011국514 8 64 2 1강 1151맑음양호 7 5 4에클레어        섀클포드레인스터 6326.00한암 5 0 0 9 1   55      24750국5서홍수제이엘피 0 214 4 522 6 1 120  0김아현45952.558기자적 6  6  6 9 3.033.011.4 967 01850 72511 0 0261815201399 0 0→→입13.837.139.613.6411936.940.8 91.0 89.8 13 13 1319   14.00   14.70 3  1  0HH동52.74701813-1.2 9.2 8.0242412 0숨은복병기복전력66기 1 2 7     9 9 8⑦1:31.02½  1.713.941.414.8 -4  0  .00 711  1 2.07035847832 9 411110 7 2.04 9.07 2.3 7.6  5.8   25.2   40.5   33.3  .01911-3 2 1-3▼-1.139.00  .1913.0589.07 2.06 5.4711.35 1 3 6  .12 2.19 5.5410
20260509토 7140010국552 7 54 3혼전 4451맑음건조 5 5 4에클레어        섀클포드레인스터 6326.00한암 5 0 0 2 1   54      24750국5서홍수제이엘피 0 313 3 422 5 1 119  0김아현45952.558평자상29 30 302810.036.0 9.4 967 01850 72511 0 0261815201399 0 0→→입13.737.139.613.6401937.740.6 91.3 91.0 13 13 2013   14.50   12.80 5-10  0UHUP52.74701813-1.4 9.4 8.0303012 2일반주행탄력호전 5   0 1 4     8 9 9⑧1:31.36    3.014.040.914.7 -2 -4  .00 810  2 3.59077818813 7 8 8110 6 4.02 5.08 2.5 5.0  7.2   10.6   24.1   23.7  .01622-1 3 2-1▽-1.139.30  .2414.2889.07 1.73 4.37 9.39 0 2 5 4.08 8.0014.61 8
20260404토 5120011국544 7 94 4 1강 1153맑음양호 7 5 4에클레어        섀클포드레인스터 7020.00한암 5 0 0 1 1  100      24750국5서홍수제이엘피 0 412 2 222 4 1 118  0김아현46352.559평무보18 15 15 4 3.028.0 8.8 967 01850 72511 0 0261815201399 0 0→→입13.737.638.813.9182739.237.1 76.8 76.2 14 14 21 7   14.90   14.30 3  3  0VHDN52.74701813-1.210.0 8.8202014-5발길대로부진마필37기 01111    111110⑦1:16.8¾    .914.537.512.8 -1 -4  .00 7 8 -1 1.25599 4605511 410113 5 1.03 6.04 1.7 5.0  1.7    5.9    7.9    9.3  .0 6 1-4 1 1-4▼-1.638.00  .35 -.2476.28 1.02 3.01 8.79 1 3 6  .12 2.94 6.9411
20260315일 6170011국452 5104 5혼전 4455맑음양호 6 5 4에클레어        섀클포드레인스터 6326.00한암 5 0 0 2 1   47      33000국4서홍수제이엘피 0 511 1 222 3 1 117  0김아현46752.558기무적 9  2  2 5 4.026.0 6.3 967 01850 72511 0 0261815201399 0 0→→입13.739.341.413.8751340.541.5114.2114.4 15 23 2323   14.00   14.80 8  5  2LNDN52.74701813 -.8 9.8 9.0161614-1능력한계기복전력54기 0 8 7 7 8 8 910⑨1:54.26    2.114.941.514.3  0  3  .00 9 9 -1 2.37478637824 4 711110 4 2.07 1.02 3.4 5.9  3.7   25.5   43.0   25.6  .012 1-4 1 1-4▼-1.741.90  .5833.74113.6  .85 2.60 6.29 1 3 6 1.59 4.38 8.9411
20260117토 7180011국551 6104 6혼전 4441맑음건조 5 5 4에클레어        섀클포드레인스터 9229.00한암 5 0 0 2 1  151      33000국5서홍수제이엘피 0 61015 122 2 1 116  0김아현46451.058기무보 5  4  4 1 5.031.0 6.0 967 01850 72511 0 0261815201399 0 0→→입13.740.640.713.4182738.642.7119.9120.2 17 25 1725   13.90   13.20 5  1 -1HUUP52.74701813 -.6 8.6 8.0282814 5발길대로기복전력 5   0 3 2 2 2 4 4 7⑦1:59.95    1.914.042.714.8 -3 -7  .00 710  1 2.477 490672710 6 9112 3 2.01 6.01 2.9 5.2  3.1    5.2    9.3    9.5  .012 1-4 1 2-4▼-1.740.50  .1938.89119.0  .73 2.32 5.96 1 4 9 1.23 3.47 8.9210
20251214일 6130010국533 3 84 7혼전 4451맑음포화18 5 4에클레어        섀클포드레인스터 6326.00한암 4 0 0 2 1   92      24750국5서홍수제이엘피 0 7 9141122 1 1 115  0김아현47152.058기무적 5 11 1127 7.031.0 8.0 967 01850 72511 0 0261815201399 0 0→→입13.737.539.313.5414138.339.7 82.7 84.7 18 27  936   15.10   12.90 2 -1  0HUDN52.74701713-1.2 8.2 7.0373714-1최빈거리기복전력40기 0 2 5     9 9 9⑨1:22.71    2.813.938.813.2  0  9  .00 9 9 -2 3.18883678211 7 910100 2 3.05 7.05     4.6  4.2   24.4   56.3   16.8  .01212-1 1 1-1▽-1.440.00  .61 7.9183.16  .98 2.70 8.00 1 4 8 2.30 5.4310.7510
20251130일 5140011국513 7 64 8 1강 1157흐림다습10 5 4에클레어        섀클포드레인스터 6326.00한암 4 0 0 9 1   73      24750국5서홍수제이엘피 0 8 813 322 1 1 114  0푸르칸46252.079기선보 5  6  62811.042.023.02256141850 7251120 0261814242199 0 0↗↗추13.737.139.613.9401338.838.6 90.1 89.8 20 20 2020   14.90   15.50 3 -1  0HUUP52.74701713-1.0 7.4 6.4444414 1숨은복병기복전력64기 0 311    111111⑧1:30.1¾   1.415.138.812.9 -3  0  .00 811  0 2.47398227640 7 511 73 1 1.06 2.06 1.3 5.1  1.3    7.8   11.2   18.0  .01945 0 3 4 0― -.439.00 -.1313.1189.07 6.6114.4622.99 41221 2.74 7.6914.40 8
20251109일 5130011국511 5 64 9혼전 4451맑음건조 3 5 4에클레어        섀클포드레인스터 6326.00한암 4 0 0 2 1  139      24750국5서홍수제이엘피 0 9 7121022 1 1 113  0이용호46252.064기선적14 13 1339 9.039.011.41657 71850 7251121 0261819182099 0 0→↘자13.737.339.513.9582440.241.9 87.6 88.2 22 22 2222   13.80   14.90 6 -4  0VU동52.74701713-1.0 7.0 6.0464614 0일반주행기복전력49기 0 411    111111⑪1:27.69    5.714.941.715.5  0 -3  .001111  3 5.999999599 3 8 811110 5 1.07 6.03 1.6 4.9  1.6   18.8   25.0   84.5  .01627-1 3 3-1▽ -.941.00  .5211.3883.16 2.80 6.1011.44 0 2 5 3.57 6.6712.41 9
20250927토 5130011국542 3 9410 1강 1151맑음다습11 5 4에클레어        섀클포드레인스터 6326.00한암 4 0 0 9 2  25916:35 24750국5서홍수제이엘피 010 611 922 1 1 112  0김아현46552.059기선적40 32 3227 3.035.0 9.91150 71129 52511 0 0261815201399 0 0↘→입13.737.339.313.9543337.641.6 84.9 85.8 25 25 2525   13.60   13.90 2  2  0NU동52.74701713 -.8 6.8 6.0505013 0일반주행기복전력 5   0 8 3     5 8 9⑩1:24.97    3.713.841.314.9  2  5  .0010 8  4 3.895489493 5 5 6 8100 1 2.03 1.03     4.6  4.3    9.1   18.1   41.8  .01616-1 2 1-1▽-1.040.40  .68 9.2483.03 1.41 4.94 9.90 1 3 7  .12 1.63 4.37 9
20250914일 31300 9국511 1 6411 2강 2251맑음다습14 5 4에클레어        섀클포드레인스터 6326.00한암 4 0 0 2 2  29311:25 24750국5서홍수제이엘피 011 510 822 6 1 111  0김효정46052.077기선적17 18 1830 7.038.013.01542 51129 5251118 0261819221799 0 0↘↗선13.737.439.513.9532437.239.6 82.1 83.6 25 25 2525   13.70   14.90 4 -3  0NU동52.74701713  .0 7.4 7.4353513 0일반주행기복전력72기 1 6 3     3 5 7⑧1:22.12    2.313.639.113.9  4 -5  .05 8 4  0 2.36332614816 5 4 8 62 6 3.02 1.05     3.9  7.5   16.0   30.7   51.0  .01621-1 3 1-1▽ -.939.80  .41 6.7283.23 2.55 6.4013.00 51222 1.33 4.07 7.59 7
20250817일 4130011국534 7 3412혼전 4451맑음양호 8 5 4에클레어        섀클포드레인스터 6326.00한암 4 0 0 2 2  37612:45 24750국5서홍수제이엘피 012 4 9 722 5 1 110  0김효정46552.077기선적46 50 503134.051.025.41542 51129 5251118 0261819221799 0 0↘↗선13.737.439.413.9513036.541.5 83.9 84.2 25 25 2525   13.60   13.70 5  7  0LU동52.74701713 -.8 7.6 6.8434313 0착차만회기복전력 5   0 9 2     2 5 6⑧1:23.95    1.713.741.514.9  4 -5  .09 8 4  0 2.079 5938032 7 6 7 52 5 1.08 2.06     2.9  2.0   54.6   77.8   33.3  .02232 0 5 5 0―  .039.90  .14 7.4483.16 8.5116.9025.43 81728 4.8214.8120.00 6
20250712토 41300 9국531 3 8413 2강 2251맑음건조 5 5 4에클레어        섀클포드레인스터 6326.00한암 4 0 0 2 3  47113:45 24750국5서홍수제이엘피 013 3 8 622 4 1 0 9  0김효정47052.072평무상21 22 222610.038.018.4264417234713251118 0261819221799 0 0↘↘선13.837.439.313.9493737.338.3 82.0 82.0 14 14 2914   13.70   14.30 4 -5  0HUDN53.04711713 -.8 8.4 7.6333314-1최빈거리거리난점46기 0 2 2     2 2 1②1:22.0목    .013.638.413.7 -2 -1  .00 2 4 -3  .01037181183 6 6 8 81 4 3.04 8.02     5.1  3.7   16.9   33.1   17.2  .01113-1 2 2-1▽ -.839.40  .40 5.2583.10 3.82 9.3018.39 2 612 3.81 8.4717.45 7
20250615일 31400 8국530 6 3414 2강 2261맑음건조 3 5 4에클레어        섀클포드레인스터 6326.00한암 4 0 0 2 3  54311:25 24750국5서홍수제이엘피 014 2 7 222 3 1 0 8  0김효정47152.072평자하 7  8  82620.047.021.3264417234713251118 0261819221799 0 0↘↘선13.937.439.413.9192736.340.1 88.7 88.7 17 17 1717   14.80   14.30 5  3  0NUDN54.04701713-1.0 8.3 7.3393913-3일반주행보통주행58기 1 7 1     1 1 3④1:28.74     .813.740.014.3 -3  2  .00 4 7  3  .83611734757 6 5 8 61 3 3.01 8.02     2.9  4.9    3.3    9.0   20.6  .01835 0 4 5 0― -.238.40 -.1311.8589.14 3.7710.4521.27 51222 3.39 9.0919.42 7
20250511일 51700 9국551 5 5415혼전 4451맑음포화19 5 4에클레어        섀클포드레인스터 6326.00한암 4 0 0 2 4  64213:35 24750국5서홍수제이엘피 015 1 6 122 2 1 0 7  0김효정46952.063평자보10  9  911 7.043.021.9152714314616251118 0261819221799 0 0↗↘선13.940.040.913.9324440.443.3113.3115.8 17 17 1717   13.80   14.30 5 -5  0VUUP54.04701713-2.3 8.7 6.3434313 4일반주행거리속성 1   0 4 8 8 8 6 6 7⑧1:53.3¾   2.714.842.114.3  4 -2  .01 8 4  0 3.49274929514 8 4 8 62 2 1.03 8.09     4.4  2.6    5.3    8.7    5.3  .01630 0 3 4 0― -.641.40  .1234.90113.7 5.2713.6421.94 51222 3.03 7.5813.45 6
20260823일 51300 8국5 2 8  8 0 1강 1153           5 5크레이지챔프    케이탑  달려라레 3929.00한암 3 0 0   1    014:00 24750국5신삼영서창식   1 0 7 3 4 6 5 1 1 6  0김태희   55.060우선적50 56 568327.040.027.81245 71559 3 812141311 31524166733 0↘→입13.536.639.914.39822                   40 40100 0   13.40   13.60 5 -4  3NNUP54.04731312-1.2 5.0 3.8656513 1부중유리최적거리 1   0 5                            13.4    13.6        .0                       1 8 7 6  5                                            13.23159 0 5 3 0― -.539.90  .24     82.97 7.7717.2827.81 41221 9.0922.9030.88 3
20260718토 6120011국554 7108 1혼전 4451흐림불량20 5 5크레이지챔프    케이탑  달려라레 7023.00한암 3 0 0 2 1   86      24750국5신삼영서창식   1 1 6 2 3 6 4 1 0 5  0김태희47352.562기도적61 62 628821.044.021.71245 71559 3 812141311 31524165050 0↘→입13.536.539.614.3971936.139.2 74.1 74.8 25 25100 0   13.20   14.20 4  8 -2BUDN54.84731313-1.0 5.3 4.3606013-1전개유리마번불리 5   0 9 2     1 1 1②1:14.13     .013.438.513.6 -2 -6  .00 2 4  1  .511 4632481 211 4 71 4 7.0411.09 2.3 6.2 17.2   69.3  172.5  261.6  .02443-1 4 3-1▽ -.638.70  .15-1.3076.12 5.8013.9721.72 51222 6.9014.2923.50 6
20260620토 4130011국543 5 48 2 3강 3351비  불량20 5 5크레이지챔프    케이탑  달려라레 3929.00한암 3 0 0 2 1   77      24750국5신삼영서창식   1 2 5 1 3 6 3 1 0 4  0김태희47954.060기도보70 79 799044.045.018.61245 71559 3 812141311 31524165050 0↘→입13.536.640.114.4981936.540.1 80.9 83.1 33 33100 0   13.30   14.0010  0 -1UU동54.84731313-2.0 6.0 4.0646413 0일반주행기복전력 5기 0 1 1     1 1 2⑤1:20.9목   1.113.239.114.2  2  2  .00 5 3  2 1.144 7733946 111 4 91 3 4.01 2.09 2.9 3.8  9.7   12.1   32.6  102.913.21655-2 5 3-2▽ -.540.50  .37 6.3983.10 5.0211.6618.56 1 3 7 6.4813.7921.91 7
20260411토 3130011국641 7 98 3 1강 1156흐림다습14 5 5크레이지챔프    케이탑  달려라레 3929.00한암 3 0 0 2 2  201      16500국6신삼영서창식   1 3 4 4 2 6 2 0 0 3  0김태희47755.058하입상37 62 628572.065.048.01260 3 850 0 812141311 3152416 099 0↗↘입13.536.640.214.4991036.339.3 81.4 81.9  0  0100 0   13.30   14.10 5 -8  1UV동54.54691312-3.0 8.5 5.5484813 0걸음늘어작전마주 5   0 1 1     1 1 1①1:21.42½  -.513.339.314.0  0  8  .00 1 1 -8  .0 9 349 995 1 6 2 21 2 1.10 1.09 2.1 5.2  2.1  111.1  130.9  426.0  .02881 0 7 4 0― 1.240.20 -.49 5.1183.1618.2534.2348.0220395524.3641.9855.42 1
20260307토 2130010국623 8 28 4 2강 2251맑음포화17 5 5크레이지챔프    케이탑  달려라레 3929.00한암 3 0 0 2 1  104      16500국6신삼영서창식   1 4 3 3 1 6 1 0 0 2  0김태희46954.560하도보16 15 1536 3.028.0 6.91245 71559 3 812141311 3152416      ↘→입13.436.640.915.599 336.639.9 81.7 83.2  0  0100 0   13.50   15.70 6  1  0NNUP       1312  .0 8.0 8.0212112 1일반주행탐색우려 5   0 9 3     3 3 3③1:21.71¼   .213.339.214.1 -6 -5  .00 3 9  1  .451 7703774 311 7102 1 8.01 7.05 1.7 1.4 51.3   22.8  132.3  223.3  .016 6-4 1 2-4▼-1.840.50  .21 5.7383.61  .57 2.11 6.88 1 3 8  .12 2.15 4.97 9
20260125일 1120011국613 9 68 5 2강 2241맑음건조 3 5 5크레이지챔프    케이탑  달려라레 7023.00한암 3 0 0 2 1  104      16500국6신삼영서창식   1 5 2 2 2 6 1 0 0 1  0임다빈47454.575평도보 8 25 2588  .041.016.81427 81559 3 81217 811 3142424      →↗추13.536.540.515.596 236.341.4 78.6 77.2  0  0100 0   13.50   15.80 4  1  1NN동       1212         8.0    12 0일반주행도주호기 5   0 8 1     1 1 4⑩1:18.61¾  2.513.542.215.7  2 -4  .0510 8  0 3.081 6958619 11110 81 1 6.01 2.09 1.4 3.7 37.3   15.5   82.3  189.3  .01660-2 4 2-2▽ -.639.40 -.21  .2476.62 3.06 9.3716.79 2 817 8.7618.4961.28 4
20251227토 2120011국610 9 68 6 1강 1159맑음다습14 5 5크레이지챔프    케이탑  달려라레 7023.00한암 2     9 1   8411:00 16500국6신삼영서창식   1 6 1 1 1 6 1 0 0 0  0이용호47854.066평무보10 25 25 3  .026.0 3.41657 71559 3 812 9 011 3191820      →↘자14.337.840.114.028 136.342.0 78.7 77.9              14.30   14.30        LN동       12 0         5.0     0 0일반주행탐색우려 5   0 7 1     1 1 3⑧1:18.71    2.113.542.415.8  0  7  .00 8 8  0 2.690 8979324 81111111 1 1.02 9.02     3.6  1.2    3.6    4.2    6.3  .016 1-4 1 3-4▼-2.038.30 -.31  .0277.12  .76 1.79 3.41 1 3 6 9.4518.4935.81 5
20260823일 51300 8국5 2 8  8 0 1강 1153           5 6빛나리즈        올드패션프랜저블 7130.00한암 3 0 0   1    014:00 24750국5박재우(주)디알 2 0 7 2 4 6 6 0 2 6  0루이스   53.071우자하50 59 596427.045.029.92042111944 9222420272214202616 0 0 0→↘입13.736.939.513.98557                   60 60 4020   13.70   14.60 7  3  1NN동54.54531312  .8 2.8 3.6696913 0편성탐색최적거리43기 0 6                            13.7    14.6        .0                       4 7 4 5  6                                              .02963 0 5 4 0― -.239.50  .25     82.90 6.9715.8529.87 71829 9.0922.9030.88 4
20260704토 5130011국553 5108 1혼전 4451흐림건조 4 5 6빛나리즈        올드패션프랜저블 7130.00한암 3 0 0 1 1  127      24750국5박재우(주)디알 2 1 6 1 3 6 5 0 2 5  0루이스45652.571우자보88 90 908159.049.030.72042111944 9222420272214202616 0 0 0→↘입13.736.939.613.9865237.140.2 82.9 83.3 60 60 4020   14.00   13.80 5  1 -3HU동54.54531312  .8 3.3 4.0656513 0일반주행작전마주54관 0 3 7     3 2 5⑦1:22.9½   1.313.740.014.6  4 -1  .02 7 3  2 1.35629766440 2 7 1 50 5 5.06 4.02 2.1 6.9  9.9   57.6  142.2  195.110.52168 0 6 4 0― -.140.20  .16 6.8182.97 9.4520.2030.72 8172816.2827.9438.16 3
20260530토 2130010국623 6 78 2 2강 2251맑음양호 7 5 6빛나리즈        올드패션프랜저블 7130.00한암 3 0 0 9 1   99      16500국6박재우(주)디알 2 2 5 5 2 6 4 0 1 4  0루이스45755.071우입보99 99 998870.059.067.92042111944 9222420272214202616 0 0 0→↘입13.736.839.714.1934137.438.8 82.7 82.2 50 50 50 0   13.80   14.20 6 -1  0UV동54.54531312  .8 3.3 4.0656513 0일반주행작전마주32관 0 2 6     6 6 3②1:22.75     .014.039.413.8  1 -4  .00 2 1 -1  .81238312185 2 5 1 13 4 4.01 9.02 1.6 3.0 12.4    5.4   21.6    8.8  .02171 0 7 4 0―  .640.10 -.87 5.6582.9729.0151.3667.8834536624.0045.1655.60 1
20260419일 21300 9국622 8 78 3 2강 2259맑음건조 4 5 6빛나리즈        올드패션프랜저블 7130.00한암 3 0 0 2 1  110      16500국6박재우(주)디알 2 3 4 4 1 6 3 0 0 3  0루이스46155.071기선보74 91 918287.069.079.92042111944 9222420272214202616 0 0 0→↘입13.737.040.013.4772736.739.3 83.0 82.0 33 67 33 0   13.70   14.40 6 -5  1UVUP54.54531312 1.0 3.7 4.7595912 1일반주행작전마주54관 0 3 3     3 3 2②1:23.07     .013.839.914.2  0 -2  .00 2 2  0 1.312 9501888 2 6 1 12 3 4.02 4.03 1.9 2.5 14.1   11.2   32.7   37.5  .02566 1 8 6 1▲ 1.439.80-1.50 5.0183.2936.1662.6979.9234536643.3378.1379.15 1
20260308일 1120010국652 9108 4혼전 4451맑음다습14 5 6빛나리즈        올드패션프랜저블 6520.00한암 3 0 0 2 1  115      16500국6박재우(주)디알 2 4 3 3 3 6 2 0 0 2  0루이스46354.573기무보77 95 955662.062.040.32042111944 9222420272214202616 0 0 0→↘입13.937.739.513.4244436.339.5 76.2 75.3  0 50  0 0   14.50   13.70 9 -3  0NN동54.54531212 1.0 4.5 5.5505012 0최빈거리작전마주34관 0 8 2     2 1 2③1:16.2½    .113.739.914.4  1 10  .00 3 2 -2  .522 870407811 4 1 21 2 4.0511.02 3.2 6.8  6.1   25.7   50.5   33.610.52146 0 6 4 0― 1.037.60 -.98-1.9176.7314.7728.7740.3112274115.2831.3335.92 2
20260104일 1120011국621 9 28 5 1강 1154흐림다습12 5 6빛나리즈        올드패션프랜저블 6520.00한암 3 0 0 1 1  167      16500국6박재우(주)디알 2 5 2 2 2 6 1 0 0 1  0루이스45354.573하무보23 20 202310.032.012.12042111944 9222420272214202616      →↘입13.937.639.813.7241937.737.6 76.2 74.9  0  0  0 0   13.90   14.00 5  0  1HN동       1212 2.0 5.0 7.0262612 0교체실패거리난점 5기 01110    10 6 6④1:16.2½    .314.538.613.7  0 -8  .00 4 4 -1  .41274132574 7 6 6 70 1 2.0110.06 1.5 2.2  3.2    2.2    6.1   15.0  .02016-4 2 1-4▼-1.337.60 -.29-2.5276.84 1.38 5.7012.08 41221 3.48 7.80 9.76 8
20251129토 1120012국610 6 68 6 2강 2255맑음다습10 5 6빛나리즈        올드패션프랜저블 6520.00한암 2     9 1  11010:35 24750국6박재우(주)디알 2 6 1 1 1 6 1 0 0 0  0임다빈46154.075평무보49 25 2545  .031.011.41427 81944 9222412142214142424      →↗추14.537.340.013.475 737.639.1 76.6 76.9              14.50   13.70        LN동       12 0         1.0     0 0일반주행가격혈통50기 011 5     6 7 5⑦1:16.61    1.913.939.614.0  2  1  .00 7 5  0 2.37368626927 5 8 6 70 1 1.03 1.02     4.4  1.6    5.3    7.5   69.6  .01614-4 2 2-4▼-1.438.50 -.21 -.4276.78 1.71 4.6311.42 1 4 9 8.3316.6725.0011
20260823일 51300 8국5 2 8  9 0 1강 1153           5 7카우보이퀸      카우보이윈드레토 6032.00한암 3 0 1   1    014:00 24750국5조현수정범성   0 0 5 1 2 4 5 1 1 4  1권중석   52.067우입보50 59 591915.032.013.61341 61357 710 025 010 3191818 05050↘→선14.037.139.413.77252                   50 50 25 0   14.00   13.4013  2  0BN동51.84701312 -.8 3.5 2.8696913 0착차만회휴양탐색 1   0 7                            14.0    13.4        .0                       7 6 5 8  5                                              .02212-4 3 2-4▼-1.339.40  .63     82.97 1.93 6.7313.64 2 612 5.4510.6920.59 8
20260524일 2130011국631 9 89 1 1강 1158맑음다습11 5 7카우보이퀸      카우보이윈드레토 6032.00한암 3 0 0 2 2  240      16500국6조현수정범성   0 1 4 4 1 4 4 0 1 3  0권중석46352.058평입하53 58 583422.041.023.61575 011 01010 025 010 3191818 099 0→↘선14.037.040.013.9853337.538.8 82.6 81.9 33 33 33 0   14.10   14.20 5  4  0LNUP51.54771312 -.3 3.7 3.3606012 1일반주행탐색우려52트 0 5 5     5 5 2①1:22.62    -.414.038.913.4 -2 -7  .00 1 3  1  .01148332996 3 4 2 53 4 3.07 5.03 2.4 5.5  3.9   43.4   67.0   46.1  .016 9-3 4 2-3▼ -.639.80  .05 4.8883.29 5.5514.8123.61 7182911.5420.3431.25 3
20260419일 1120011국612 7 19 2 1강 1151맑음건조 4 5 7카우보이퀸      카우보이윈드레토 6127.00한암 3 0 1 2 1   91      16500국6조현수정범성   0 2 3 3 3 4 3 0 1 2  1권중석47052.067우입보89 99 996973.056.046.01341 61357 710 025 010 3191818 099 0↘→선14.037.039.613.9722736.639.4 76.4 75.9 50 50 50 0   13.90   14.00 5 -1  1UN동51.54771212-1.0 4.5 3.5737312 0일반주행최적거리 5   0 1 8     7 5 3③1:16.48    1.514.139.514.2  1 -7  .00 3 2  0 1.84219694837 5 7 1 20 3 4.01 2.06 1.4 3.4 11.5    8.1   29.0    9.4  .01651 0 6 5 0―  .638.50 -.82 -.7476.3917.3032.6345.9712274115.9630.6029.78 2
20260315일 1120011국631 9 89 3 2강 2259흐림양호 6 5 7카우보이퀸      카우보이윈드레토 6127.00한암 3 0 0 2 1   94      16500국6조현수정범성   0 3 2 2 2 4 2 0 0 1  0권중석47751.567평입보64 78 785657.059.075.31341 61357 710 025 010 3191818      ↘→선14.237.639.613.9362736.439.0 76.6 74.8  0  0  0 0   14.30   14.00 6 -3  1HN동       1212-2.0 7.0 5.0606012 0일반주행보통주행45관 0 2 3     3 2 2②1:16.61¾   .013.939.714.0  0 -8  .00 2 2 -5  .31112562690 2 4 1 22 2 6.0210.02 1.6 3.6 26.7   55.4  152.8   21.9  .02051 0 6 5 0―  .637.60-1.99-2.3676.7320.9547.9775.34173753 8.7019.4216.03 7
20260201일 1120011국651 9109 4혼전 4432맑음건조 2 5 7카우보이퀸      카우보이윈드레토 6127.00한암 3     1 1  104      16500국6조현수정범성   0 4 1 1 1 4 1 0 0 0  0권중석48550.567평무보27 25 2527  .027.0 2.51341 61357 710 025 010 3191818      ↘→선15.138.638.212.6 19437.538.7 76.9 75.8              15.10   12.90 4  0  0LN동       12 0         6.0     0 0일반주행보통주행 5   0 5 7     6 5 5⑤1:16.92     .714.339.414.0 -2 -4  .00 5 7  0 2.0386547556111 210102 1 1.09 4.03 2.7 5.2  2.7   73.1   93.5  155.1  .016 6-4 1 4-4▼-2.036.90  .30-1.0476.51  .40 1.14 2.50 2 61013.1924.0452.15 3
20260823일 51300 8국5 2 8  5 0 1강 1153           5 8이클립스마블    섀클포드스위트섬 6326.00한암 4       1    014:00 24750국5이준철조한수   0 0 3 1 1 0 3 1 0 0  0송재철   54.078강선보59 65 657760.051.042.01643 830461431332622312519252099 0 0↘↗입13.537.039.413.57783                   50100 50 0   14.00   13.0041 -2 -1NU동55.05081413-2.0 4.0 2.0717113 0일반주행최적거리 1   0 8                            14.0    13.0        .0                       5 4 2 2  3                                              .01661 0 6 5 0―  .339.40 -.09     82.9012.7527.7741.9720395521.8236.6452.94 2
20251108토 5130011국643 8 95 1 2강 2252흐림건조 3 5 8이클립스마블    섀클포드스위트섬 6326.00한암 3 0 0 2 5  829      16500국6이준철조한수   0 1 2 2 1 2 2 0 0 1  0송재철50855.072우선상67 78 787351.055.034.51756 52056 6313326223125192520      ↗↘입13.437.239.213.6648336.738.7 82.3 81.0  0100  0 0   13.50   13.90 5  8  0BHDN       1414-4.0 7.0 3.0575714-1마방기습마번불리 5관 010 2     2 2 2①1:22.3목    .013.739.313.8  0 -8  .00 1 1 -6  .0 11331 988 5 3 2 41 2 1.0210.04 2.6 4.3  2.6    4.3    8.7    6.013.23155-1 6 4-1▽  .339.40  .10 4.6282.90 8.6421.5734.51 82234 9.6221.0537.64 4
20251003금 4140011국631 8 85 2 3강 3353흐림다습11 5 8이클립스마블    섀클포드스위트섬 6326.00한암 3     1 2  239      16500국6이준철조한수   0 2 1 2 1 2 1 0 0 0  0송재철51655.074평무보   25 2540  .055.030.4203313366013313326223125192520      ↗↘입13.336.639.113.5    36.939.1 89.5 88.5              13.30   13.80 4  0  0NL동       14 0                 0 0일반주행마방기습 5   0 2 1     1 3 3③1:29.55     .813.539.313.9 -4  7  .00 3 7  0 1.02934382658 1 111 51 1 2.0111.10 2.2 3.6  3.3    3.6    6.8   18.410.92477 0 5 6 0―  .439.20  .3112.7788.38 8.2618.2630.41 6152613.4823.9184.59 4
20260823일 6120011국5 4 7  8 0혼전 4451           6 1학산태풍        사우스비회오리바 90 7.00한암 4       1    014:50 24750국5박병일황봉기   2 0 7 1 1 0 1 1 1 0  0안드레   52.590우입하85 77 777774.057.037.42556 61333 62229 0 024133822 5 099 0↗→선13.736.639.714.18615                   50 50 50 0   13.90   12.9010 -3 -1UU동55.05001212 1.8 2.8 4.5656512 0숨은복병작전마주55기 1 1                            13.9    12.9        .0                       410 1 2  1                                              .02578 1 7 7 1△  .839.70 -.40     76.2313.1924.5737.3820395525.6439.0848.91 1
20260614일 4120010국513 4 68 1 1강 1151흐림건조 3 6 1학산태풍        사우스비회오리바 90 7.00한암 4 0 0 2 1  178      24750국5박병일황봉기   2 1 6 2 6 6 1 1 1 5  0이동하49253.091평입하39 48 487365.059.035.43254141333 6222933332413252419 099 0↗↘선13.736.739.714.1821538.340.6 78.3 78.9 50 50 50 0   13.70   13.70 4 -1 -2UU동55.05001212 3.0 2.7 5.7555512 0교체실패최적거리78기 1 4 4     7 910⑩1:18.310   3.913.540.212.4  8 -7  .0510 2 -1 4.096938996 5 311 5 50 3 1.05 9.01 1.6 3.7  1.6    6.0    8.3   16.9  .02373 1 6 6 1―  .939.70 -.39 2.4976.2811.2823.3035.43 71829 9.7322.0235.58 4
20260517일 4120011국524 8 78 2 1강 1151맑음건조 3 6 1학산태풍        사우스비회오리바 90 7.00한암 4 0 1 2 1   67      24750국5박병일황봉기   2 2 5 1 5 6 1 1 1 4  1씨씨웡49954.593평입하72 81 817057.048.017.63456111333 6222919202413212522 099 0→↘선13.636.539.814.1951037.140.0 76.7 76.9 50 25100 0   13.70   14.00 5 -5 -1NU동55.05001212 3.0 2.7 5.7555512 0전개최상보통주행58기 1 5 5     5 7 7⑥1:16.7¾   1.013.739.813.7  3 -1  .02 6 3  0 1.57345827950 410 4 60 1 7.05 9.10 2.6 5.5 18.8   67.5  172.5  104.0  .03477-2 5 3-2▽ -.239.30  .15  .5576.23 3.26 8.7217.64 41221 7.6315.9423.40 6
20260411토 1120011국642 9 98 3혼전 4451흐림포화15 6 1학산태풍        사우스비회오리바 90 7.00한암 4 0 0 2 1  103      16500국6박병일황봉기   2 3 4 4 4 6 2 0 1 3  0이동하50055.091평선하45 60 609672.069.070.13254141333 6222933332413252419      ↗↘선13.536.540.014.193 736.139.6 75.2 75.3 33  0 67 0   13.80   15.0014  0  0NH동       1212 3.0 2.7 5.7555512 0전개최상전개최상68기 010 7     3 2 1①1:15.23    -.513.739.314.0 -2  7  .00 1 3  0  .024 3753896 1 8 4 12 2 3.0410.04 3.0 4.4  4.0    9.6   18.4    7.612.74182 2 8 8 2▲ 1.438.80-1.46-1.2076.3431.0355.3170.0934536623.4641.7240.12 1
20260103토 2120011국641 9 98 4 1강 1151맑음다습13 6 1학산태풍        사우스비회오리바 90 7.00한암 4 0 1 1 2  282      16500국6박병일황봉기   2 4 3 3 3 6 1 0 1 2  1이동하49355.089평도하45 62 629171.062.042.72442171833 5222933332413252419      →↗선13.536.540.114.193 936.840.4 77.5 76.3 50  0 50 0   13.50   14.40 5 -1  0NH동       1212 2.5 2.5 5.0606012 0전개최상전개최상 5기 010 4     4 3 3⑦1:17.53    1.213.840.615.0  4-11  .00 7 3  0 2.55826877945 3 8 4 40 1 8.02 1.09 2.1 5.0 33.8   66.6  207.2  107.1  .04182-1 6 6-1▽  .839.20 -.74 -.2876.3912.5727.2542.6912274111.8624.7832.11 4
20251129토 2120011국653 4 58 5혼전 4451맑음다습10 6 1학산태풍        사우스비회오리바 90 7.00한암 3 0 1 9 1  10911:00 16500국6박병일황봉기   2 5 2 2 2 6 2 0 1 1  1해리카50455.068강도보88 99 999470.064.041.61444111333 6222917 92413172612      ↗→입13.536.540.114.4981337.139.3 75.8 76.4100100100 0   13.70   14.70 4  3  0NH동       1212  .0 2.0 2.0858512 0숨은복병전개최상82기 211 2     3 3 5⑧1:15.81¼  1.513.539.514.4  5 -2  .00 8 3  1 1.66040666033 211 2 50 2 5.01 4.03     4.4  8.2   13.7   32.7   35.810.54185 0 7 7 0― 1.039.20 -.71 -.2276.3913.4928.1541.62 8172813.7930.2736.44 3
20251101토 2120010국641 9 48 6 1강 1159맑음건조 5 6 1학산태풍        사우스비회오리바 90 7.00한암 3     1 1  175      16500국6박병일황봉기   2 6 1 1 1 6 1 0 0 0  0해리카50655.068평무보   25 2540  .032.014.71444111333 6222917 92413172612      ↗→입13.536.738.514.0    36.139.6 77.4 75.4              13.50   14.30 4  0  0LL동       12 0                 0 0일반주행우수혈통44기 0 8 1     1 1 2②1:17.46     .013.740.714.7  0 23  .00 2 2  0 1.024 4743790 3 3 8 61 1 1.02 2.08 2.4 3.0  2.4    3.0    5.9   10.2  .01611-3 3 3-3▼-1.338.70  .85  .2075.61 1.75 6.8514.65 4122111.6521.8941.84 5
20260823일 6120011국5 4 7  6 0혼전 4451           6 2나르샤노바      언캡처드동방의새 6222.00한암 3 0 0   1    014:50 24750국5정호익(주)아진 0 010 7 8 9 2 1 0 9  0임다빈   52.575기선적50 48 489339.052.027.41427 82033 824111911231414242499 0 0→↗추13.536.539.513.29217                   14 14 57 0   13.70   13.60 4 -5  0UU동53.34651312-1.0 7.4 6.4474712 0숨은복병전개최상60기 1 2                            13.7    13.6        .0                       1 9 8 4  4                                              .04163 0 5 5 0―  .339.50  .06     76.06 8.3318.1127.44 9183510.2619.5430.43 6
20260725토 6120011국514 7 66 1혼전 4451맑음다습10 6 2나르샤노바      언캡처드동방의새 6222.00한암 3 0 0 9 1   66      24750국5정호익(주)아진 0 1 9 6 7 9 1 1 0 8  0임다빈46352.575기도적17 19 197918.046.020.51427 82033 824111911231414242499 0 0→↗추13.536.639.013.2862737.239.6 75.6 76.8 17 17 67 0   13.50   14.90 4 -1  0LU동53.34651312  .0 7.0 7.0454512 0일반주행기복전력47기 0 7 4     7 7 7⑥1:15.61½  1.513.739.013.6 -3-12  .00 6 9  1 3.17149737035 2 711 90 3 1.03 4.05 1.5 4.2  1.5    5.1    7.1   24.3  .01963 0 4 5 0― -.139.20  .45 1.1675.84 5.0711.9320.52 1 4 9 2.06 7.8415.29 9
20260628일 6120011국544 6 96 2혼전 4451맑음건조 3 6 2나르샤노바      언캡처드동방의새 6222.00한암 3 0 0 9 1   65      24750국5정호익(주)아진 0 2 8 5 6 9 2 1 0 7  0이혁  47552.581기도적26 28 286120.053.025.82258 62033 8241125 0231428221899 0 0↗↘선13.636.639.013.2843336.241.8 77.7 77.8 20 20 6020   13.30   14.70 4  6  0BU동53.34651312 -.2 6.6 6.4474712 0교체실패마번불리58기 0 8 1     2 4 8⑪1:17.71¼  2.413.541.514.9  3  6  .0011 8  3 3.189 5979018 4 711 60 2 4.0210.09 3.5 7.3  6.0   13.4   29.0   43.2  .02050 0 5 5 0―  .239.50  .31 2.2275.84 8.2817.6025.76 41118 4.4010.7519.39 9
20260530토 41200 9국514 7 66 3혼전 4451맑음양호 7 6 2나르샤노바      언캡처드동방의새 6222.00한암 3 0 0 9 1   57      24750국5정호익(주)아진 0 3 7 4 5 9 1 1 0 6  0이혁  46952.581평도보34 36 368117.049.025.32258 62033 8241125 0231428221899 0 0↗↘선13.536.739.013.2823336.840.8 78.2 77.4 20 20 80 0   13.50   15.0013 -5 -1UUDN53.34651312 -.5 6.0 5.5505012-1일반주행최적거리37기 0 2 2     4 4 9⑨1:18.21½  2.213.341.514.7  4 10  .03 9 5 -4 3.18427928622 6 6 9 60 1 1.02 1.04 1.5 4.4  1.5    4.4    6.3    5.5  .01676 0 4 4 0―  .139.30  .28 1.7475.89 7.3516.4425.25 41221 4.7113.6417.17 8
20260228토 6130011국514 5 16 4혼전 4451맑음건조 3 6 2나르샤노바      언캡처드동방의새 5028.00한암 3 0 0 9 2  274      24750국5정호익(주)아진 0 4 6 3 1 9 2 1 0 5  0임다빈45953.076기도적69 60 603735.051.017.82050 82650 724111911231414242499 0 0→→추13.536.940.113.2802436.341.1 84.3 84.0 25 25 75 0   13.60   13.60 4  5  1BNUP53.34651312 -.5 6.0 5.5505012 1전개유리마번불리60기 0 7 1     2 2 3⑩1:24.31¼  1.613.541.615.0  1 -3  .0010 9  3 1.675 3906733 711 9101 2 6.02 4.06 1.6 3.4 23.4   36.9  114.1  864.313.42427 0 5 6 0―  .040.40  .21 7.0483.29 5.0310.7317.79 1 4 8 5.6010.5317.79 9
20260201일 5120010국554 5106 5혼전 4451맑음건조 2 6 2나르샤노바      언캡처드동방의새 6222.00한암 3 0 0 1 1   48      24750국5정호익(주)아진 0 5 5 2 4 9 1 1 0 4  0임다빈46252.575기선적24 26 267718.043.014.31427 82033 824111911231414242499 0 0→↗추13.537.138.313.2496936.838.7 75.4 75.4 33 33 33 0   13.40   14.80 4 -6  0UU동54.04671212  .0 6.0 6.0484812 0직전탐색기복전력34기 1 2 2     1 1 2④1:15.4½    .813.638.913.6 -2 -3  .00 4 6  4  .92731483356 4 311 71 1 1.02 1.03 3.4 6.9  3.4    6.9   11.7   20.6  .03769 0 4 3 0― -.638.30  .77 -.0275.72 2.88 7.9614.25 41118 2.25 8.6516.78 8
20260103토 5120011국554 6106 6 1강 1151맑음다습13 6 2나르샤노바      언캡처드동방의새 6222.00한암 3 0 0 1 1   8013:35 24750국5정호익(주)아진 0 6 4 1 3 9 2 1 0 3  0루이스46552.573기선적72 66 663442.040.011.62042112033 8241116 0231420261699 0 0→↘입13.637.239.413.2404436.541.4 76.8 77.8 33 33 33 0   13.30   13.60 4  4 -2BU동54.04671212 2.0 6.5 8.5242412 0일반주행마번불리77기 1 8 2     2 410⑩1:16.84    2.213.441.314.8  8 -2  .0210 2 -3 3.59015959021 7 9 4110 2 1.05 1.09     7.8  3.0    8.9   16.8  159.4  .01633-3 3 2-3▽ -.938.90  .16 1.2376.39 2.47 6.0111.58 1 4 8 5.3012.1021.60 5
20251207일 2120011국631 7 86 7 2강 2258맑음다습10 6 2나르샤노바      언캡처드동방의새 6222.00한암 2 0 0 1 1   7611:00 16500국6정호익(주)아진 0 7 3 3 2 9 1 0 0 2  0루이스46754.073하도보19 18 187748.053.036.62042112033 8241116 02314202616      →↘입13.737.439.213.2284836.737.7 74.7 74.3  0  0 50 0   15.00   13.50 3  1  0NH동       1210 2.0 6.5 8.5242410 0교체실패선행강점54기 1 4 1     1 1 1①1:14.71½  -.313.338.413.6 -4 -1  .00 1 5 -2  .0 42314 593 4 5 4 51 1 5.01 4.10     3.4 13.2    8.8   28.7   12.3  .02066 0 5 4 0―  .237.60 -.56-2.2976.3910.9924.7836.56 6132510.1019.6918.55 6
20251115토 2120011국633 8 86 8혼전 4452맑음건조 3 6 2나르샤노바      언캡처드동방의새 6222.00한암 2 0 0 2 1  131      16500국6정호익(주)아진 0 8 2 2 1 9 1 0 0 1  0씨씨웡46854.093하선보24 20 208732.056.031.93456112033 8241121 02314212522      →↘선13.736.640.314.497 439.138.0 77.8 77.2  0  0100 0   13.70   14.70 6  1  0NHUP       1210 2.0 6.0 8.0262610 2숨은복병보통주행67기 1 311    111111⑨1:17.82    2.015.038.813.5  2  7  .00 9 7  1 2.17998217724 210 6 40 1 1.02 1.07 3.1 5.0  3.1    5.0    9.2   40.9  .01977 0 5 5 0―  .439.30 -.59  .2776.56 9.8320.2431.88 82234 5.6216.5715.42 7
20251003금 1100012국650 6106 9 1강 1159흐림다습12 6 2나르샤노바      언캡처드동방의새 6222.00한암 2     1 2  242      24750국6정호익(주)아진 0 9 1 1 1 9 1 0 0 0  0박태종46154.079평무보84 25 2570  .043.023.227 0242650 7241118 02314192421      →↘자14.337.237.512.8848036.339.7 63.9 63.7              14.30   13.10 4  0  0NL동       10 0         7.0     0 0일반주행우수혈통42기 1 2 1     1 1 3⑧1:03.92    1.913.739.714.7  2  7  .00 8 6  0 2.073 6926127 6 6 7 51 1 1.0211.07 2.8 6.4  2.8    6.4   12.3   11.8  .01636-1 4 4-1▽ -.538.00  .50-11.062.60 5.8014.4623.21 61526 7.4115.1231.39 3
20260823일 6120011외4 4 7  6 0혼전 4451           6 3글로리삭스      WILL TAKQUADRILL 22     미거 4 0 0   1    014:50 24750국5성상현김창식   2 01616 615 1 0 014  0조상범   55.058하무상50 28 28 4 5.031.011.0 926 61770 315 0 0162416132216 0 0 0↗→입14.238.039.212.6 533                    0  0 14 0   14.40   13.20 2 -2 -1HN동55.55211812-1.210.0 8.8191912 0최빈거리조교부실48관 0 3                            14.4    13.2        .0                      11 71110  4                                              .0 910-2 1 1-2▽-1.239.20 -.15     76.73 1.94 5.0411.00 1 3 6 1.28 3.45 8.7011
20260809일 4120011국513 8 66 1혼전 4441흐림건조 2 6 3글로리삭스      WILL TAKQUADRILL 22     미거 4 0 0 1 1   38      24750국5성상현김창식   2 11515 515 2 0 013  0송재철52155.578하무보 6  4  4 5 4.036.0 5.71643 81770 315 023222416192520      ↘↗입14.238.138.712.6 43037.838.2 76.2 76.0  0  0 15 0   14.50   14.70 4 -4 -2NNDN       1812-1.010.2 9.2141412-1최빈거리부진마필62관 0 5 9     9 8 8⑥1:16.2½    .914.438.213.2 -4 -9  .00 610  0  .9477827485411 511110 2 1.03 8.03 1.9 5.6  1.9    6.4    9.6   13.8  .0 9 1-4 1 3-4▼-1.637.40  .22 -.8476.51  .50 1.70 5.73 1 4 8 1.12 3.33 7.6110
20260711토 5130010국541 9 96 2 2강 2251맑음다습14 6 3글로리삭스      WILL TAKQUADRILL 2235.00미거 4 0 0 2 1   56      24750국5성상현김창식   2 21414 315 1 0 012  0송재철53057.078하무상 5  4  4 4 3.033.012.41643 81770 315 023222416192520      ↘↗입14.237.539.812.6592438.741.3 85.1 86.0  0  0 17 0   15.10   13.30 4  6  0LLUP       1812-1.010.2 9.2131312 1능력한계거리탄력50관 0 9 9     9 9 9⑩1:25.12½  4.314.541.114.7  0  3  .001010  1 4.496919297 6 51010 90 1 3.01 6.04 3.1 7.5  4.5    8.1   18.0   33.8  .013 2-4 1 1-4▼-1.240.30  .19 8.7183.48 1.95 5.6612.36 1 3 8  .12 2.38 6.2010
20260614일 4120010국513 7 66 3 1강 1151흐림건조 3 6 3글로리삭스      WILL TAKQUADRILL 22     미거 4 0 0 2 1   67      24750국5성상현김창식   2 31313 415 3 0 011  0조상범52757.058하무보 7  6  6 2 3.034.0 7.0 926 61770 315 0 0162416132216      ↗→입14.238.239.412.6101738.938.5 76.6 77.3  0  0 18 0   15.00   12.90 3 -5  1HB동       1812 -.810.2 9.4111112 0최빈거리거리난점29관 0 3 9     9 8 8⑧1:16.61½  2.215.138.113.3 -1  3  .00 8 9 -2 2.38197398120111010100 3 1.05 9.01 1.6 3.7  1.6    6.0    8.3   16.9  .0 9 1-4 1 3-4▼-1.437.80 -.26 -.2976.95  .76 2.31 7.04 1 4 8  .12 1.83 4.8110
20260524일 5120011국543 6 46 4 1강 1151맑음다습11 6 3글로리삭스      WILL TAKQUADRILL 22     미거 4 0 0 2 1   46      24750국5성상현김창식   2 41212 315 2 0 010  0조상범52456.558하무보 8  7  7 2 3.031.0 6.9 926 61770 315 0 0162416132216      ↗→입14.237.839.513.223 839.838.6 77.2 78.4  0  0 20 0   14.20   14.40 2  7 -1NNDN       1812 -.610.2 9.6101012-1최빈거리거리난점34관 0 811    111111⑩1:17.25    3.315.037.712.9 -1  5  .001011  1 3.79499439310111110110 2 1.02 3.10 1.9 3.4  1.9    3.4    5.4    6.9  .0 9 1-4 1 2-4▼-1.738.50 -.09 1.1176.78  .79 2.70 6.86 0 2 5  .12 1.79 4.8911
20260510일 4130011국514 6 66 5 1강 1159맑음건조 5 6 3글로리삭스      WILL TAKQUADRILL 2235.00미거 4 0 0 2 1   27      24750국5성상현김창식   2 51111 215 1 0 0 9  0조상범51957.057하무상 5  4  4 1 3.031.0 7.5 926 61770 315 0 0162416132216      ↗→입14.237.340.413.276 838.040.4 85.1 84.8  0  0 22 0   14.60   13.50 3 -2  5HBUP       1812 -.610.0 9.4101012 1능력한계거리속성51관 0 1 5     7 810⑩1:25.15    2.714.240.714.4  0  0  .001010 -1 3.18870818615 51111110 1 2.01 5.02 2.1 6.6  6.1    6.6   14.1   11.6  .012 1-4 1 2-4▼-1.540.20  .09 7.1383.74 1.06 3.52 7.45 1 3 6  .12 2.61 6.17 9
20260418토 7120011외434 4 86 6혼전 4451맑음건조 5 6 3글로리삭스      WILL TAKQUADRILL 22     미거 4 0 0 2 1   56      33000혼4성상현김창식   2 61010 215 1 0 0 8  0김태훈51952.571하무보21  7  7 7 5.029.0 5.81857 81770 315 025 02416122521      ↗→입14.237.539.813.538 738.438.4 75.9 77.0  0  0 25 0   14.20   14.00 5 -7  0HHDN       1812 -.4 9.8 9.4 7 712-4최빈거리부진마필28관 0 310    10 9 9⑧1:15.9목   2.014.638.113.5 -3 -5  .00 811  1 2.07793367224111011110 1 1.04 6.01 2.4 4.5  2.4   10.9   14.4   91.1  .0 9 5-3 1 1-3▼-1.538.30 -.06 -.3376.78  .77 2.64 5.82 0 2 5  .93 2.73 6.2811
20260315일 5160010외430 7 36 7 1강 1149흐림양호 6 6 3글로리삭스      WILL TAKQUADRILL 2235.00미거 4 0 0 2 1   90      33000혼4성상현김창식   2 7 9 9 415 1 0 0 7  0김용근52452.585하무보 5  1  114 5.036.0 9.62754141770 315 0 0 62416312614      ↘↘선14.336.641.513.550 335.943.9108.2107.0  0  0 14 0   14.30   13.90 2  8 -2NHUP       1812 -.4 9.6 9.2101012 4탄력저조부진마필37관 110 6   6 5 710⑩1:48.219   4.714.244.415.7  0  7  .001010  1 6.198149897 6 11010100 2 1.05 7.09 2.0 3.0  2.0   10.6   14.5   20.6  .0 5 1-4 1 5-4▼-1.741.50 -.3628.88104.2 1.39 4.19 9.55 3 917 1.79 5.1712.70 9
20260302월 8120010외421 7 26 8 2강 2259비  다습11 6 3글로리삭스      WILL TAKQUADRILL 22     미거 4 0 0 1 1   24      33000혼4성상현김창식   2 8 8 8 115 1 0 0 6  0김효정51754.569하무보 6  1  1 7 2.034.010.21753 71770 315 0 0 02416192217      ↗→선14.337.838.813.5261738.039.6 77.7 77.6  0  0 17 0   14.30   15.90 4 -7  2HLDN       1813 -.6 9.8 9.2111113-6숨은복병부진마필64관 1 2 9     9 9 9⑨1:17.7½   3.114.339.513.9  0  1  .00 9 9 -2 3.48684758612 4 3 8 90 1 2.01 3.06 1.5 2.0  3.9    2.0    5.8   20.8  .019 2-4 1 3-4▼-1.338.20  .21  .9676.39 1.15 4.7510.15 2 612  .12 1.95 4.52 9
20260201일 8180011외422 7 76 9혼전 4449맑음건조 2 6 3글로리삭스      WILL TAKQUADRILL 22     미거 4     1 1   45      33000혼4성상현김창식   2 9 7 7 115 1 0 0 0  0김용근51652.585하무보 5  1  1 1  .029.0 7.42754141770 315 0 0 62416312614      ↘↘선14.541.040.713.5 83338.345.2124.1122.2  0  0  020   14.50   13.8032  2  1NNUP       1813 -.4 9.6 9.2121213 4출주제외휴양불리 5관 0 9 4 2 2 3 711⑪2:04.111   4.214.345.915.9  0 32  .001111    4.396 198941010 611110 110.0811.01 2.1 4.0 75.3  655.0 1430.9 1153.6  .018 3-4 1 1-4▼-1.740.30  .0540.54119.2 1.09 3.16 7.38 0 2 517.6529.7385.28 2
20250615일 9140011외454 410610 3강 3355맑음건조 3 6 3글로리삭스      WILL TAKQUADRILL 2235.00미거 3 0 0 2 4  64317:00 33000혼4이관호김창식   210 6 6 115 1 0 0 5  0조한별49452.068하무보 6  1  1 0 3.027.0 5.31957112050 6201216232322122118      ↘→입14.537.839.413.5 248                    0  0  0 0   14.50   14.7012 -3  1NN동       1613 -.5 9.8 9.3131313 0발길대로휴양불리43기 1 7                    경제    14.5    14.7    10  .07                     11 510100 3 8.03 5.04     9.3 13.8   36.3   80.1   74.2  .0 7 1-4 1 1-4▼-1.939.40  .04     89.41  .12 1.75 5.31 0 2 5  .12 2.78 6.5211
20250323일10140010외433 3 8611 2강 2251맑음건조 4 6 3글로리삭스      WILL TAKQUADRILL 2235.00미거 3 0 0 2 4  784      33000혼4이관호김창식   211 5 5 115 1 0 0 4  0김성현48451.068하무보 7  1  1 3 2.028.0 3.71440 42050 62012 8 02322162319      →→입14.737.840.213.5 33037.641.3 91.2 91.6  0  0  0 0   15.20   14.30 3  1 -1NHDN       1613  .0 9.7 9.7121213-2발길대로건성마필 1기 110 8     9 9 9⑨1:31.2½   2.914.541.314.7  0 -2  .00 9 9 -1 4.29575919410111010110 1 1.04 2.04 2.2 4.3  2.2    7.9   10.9   63.3  .0 8 1-4 1 1-4▼-1.938.70 -.4313.6489.96  .12 1.04 3.68 0 2 5  .12 1.67 3.6211
20250302일 8160010외451 6 5612 1강 1156흐림건조 4 6 3글로리삭스      WILL TAKQUADRILL 2235.00미거 3 0 0 1 5  849      33000혼4이관호김창식   212 4 4 315 2 0 0 3  0조한별48652.061하무보10  1  114 3.029.0 7.2186710266013201216232322122118      ↗↘입14.737.440.813.5 32737.939.4105.9104.5  0  0  0 0   15.10   14.00 3  2  0LH동       1613  .010.010.0131313 0발길대로부진마필 1기 0 910  101010 9⑧1:45.93    2.715.240.614.3 -2  0  .00 810  1 3.78799478415101010100 2 5.01 1.08 2.1 4.8  9.2    9.1   22.9   33.1  .0 6 1-4 1 2-4▼-1.540.80 -.3426.30104.3 1.01 3.44 7.24 0 3 5  .12 2.23 5.4210
20250208토 7160010외431 8 8613 2강 2258맑음건조 5 6 3글로리삭스      WILL TAKQUADRILL 2235.00미거 3 0 0 1 5  92615:15 33000혼4이관호김창식   213 3 3 215 1 0 0 2  0조한별48652.061하무보 9  1  114 3.028.0 8.5186710266013201216232322122118      ↗↘입14.737.441.713.5 21037.039.5106.0104.0  0  0  0 0   14.70   13.80 5  4  0NH동       1613 1.010.011.0101013 0발길대로보통주행 1기 1 7 9   9 9 9 8⑨1:46.0코   2.715.140.414.0  0  2  .00 9 9 -1 3.080835066161010 9100 1 1.02 5.04     4.4  1.7    4.5    7.4    6.2  .013 9-3 1 2-3▼-1.541.70 -.7724.92104.8 1.20 3.97 8.45 1 3 8  .12 2.53 6.61 9
20250104토 7160010외411 4 6614 2강 2251맑음건조 3 6 3글로리삭스      WILL TAKQUADRILL 2235.00미거 3 0 0 1 6 101415:15 33000혼4이관호김창식   214 2 2 115 2 0 0 1  0이철경48452.071하자보 5 35 3514  .033.010.4197110336520201217 02322102319      ↘↗입15.137.441.113.5 1 437.138.7104.7103.7  0  0  0 0   15.10   13.80 5 -7 -3HHUP       1613        11.0    13 3마방승부보통주행 1기 2 3 8   81010 9⑨1:44.7½   2.514.739.513.8 -1 -7  .00 910  0 3.27489264617101010 90 2 1.03 8.05     4.8  1.5    4.8    6.0   12.6  .025 8-3 1 3-3▼-1.241.10 -.5525.21104.5 1.46 4.4210.36 1 3 8 9.8418.8080.88 5
20241130토 2130011외441 3 4615혼전 4455흐림포화18 6 3글로리삭스      WILL TAKQUADRILL 2235.00미거 2     9 6 112911:00 41250혼4이관호김창식   215 1 1 115 1 0 0 0  0이철경49155.071평무보   35 3540  .049.030.2197110336520201217 02322102319      ↘↗입15.337.539.613.8    39.440.3 83.9 85.4              15.30   14.10        LN동       13 0                 0 0일반주행마방승부 1기 21011    111111⑪1:23.93    2.915.139.513.8  1  0  .001110  0 3.59398809613 1 1 4 40 1 1.08 3.01     3.3  2.4   39.1   57.2   72.1  .02361 0 4 6 0―  .040.10 -.18 8.2883.3510.3620.6130.18 9213310.3419.2134.15 8
20260823일 6120011국5 4 7  5 0혼전 4451           6 4유쾌한승자      레이스데걸즈라이 7025.00한암 3 0 0   1    014:50 24750국5토니  김영선  -4 0 7 3 6 6 2 1 0 6  0김효정   53.069평입보50 55 554743.056.032.01753 72857142039 3 02619192217 02525↗→선14.137.338.413.74569                   17 33  033   13.90   13.50 6 -2  1HN동53.04181212  .4 3.2 3.6626210 0숨은복병마주성향40기 0 4                            13.9    13.5        .0                       8 2 5 3  2                                              .01939 0 5 6 0―  .638.40  .08     75.8911.3021.1831.9912274111.5420.6931.52 5
20260711토 61200 8국522 6 25 1 1강 1141맑음다습14 6 4유쾌한승자      레이스데걸즈라이 7025.00한암 3 0 0 2 1  106      24750국5토니  김영선  -4 1 6 2 5 6 1 1 0 5  0김효정41152.569평추하57 57 575443.054.039.91753 72857142039 3 02619192217 0 033↗→선14.037.338.313.7467637.038.8 74.9 75.8 20 40  040   13.90   14.00 4  0  0LH동53.24201212  .2 3.6 3.8636310 0숨은복병마주성향69기 0 6 6     6 5 4③1:14.92½   .413.938.413.5 -1 -7  .00 3 4  0  .94041504268 7 1 5 52 1 1.03 8.07 2.0 2.2  2.0    5.5    7.8   11.4  .02058 0 5 6 0―  .338.20 -.09  .1875.8411.9826.9039.88 81728 8.5718.1830.74 5
20260614일 4120010국513 4 65 2 1강 1151흐림건조 3 6 4유쾌한승자      레이스데걸즈라이 7025.00한암 3 0 0 2 1   67      24750국5토니  김영선  -4 2 5 1 4 6 1 1 0 4  0김용근41852.586우추보80 82 828689.062.044.3275414285714203924 02619312614 0 033↘↘선14.137.638.113.5319436.839.7 75.7 76.4 25 50  075   14.10   13.3021  3 -2LH동53.24201212 -.3 3.5 3.3696910 0강단마필마주성향47기 0 6 5     4 4 4⑥1:15.7목   1.313.939.314.0  2  4  .00 6 4  3 1.45923766140 8 1 2 22 1 1.05 9.01 1.6 3.7  1.6    6.0    8.3   16.9  .03789 3 8 8 3▲ 1.338.10 -.26  .7175.8914.9830.2444.27 9183526.5544.0459.62 2
20260118일 1120010국650 8105 3 2강 2261흐림건조 5 6 4유쾌한승자      레이스데걸즈라이 7025.00한암 3 0 0 2 3  413      16500국6토니  김영선  -4 3 4 4 3 6 1 0 0 3  0코지  41454.592평추하65 67 678293.072.093.42947 62983 8203942602619233119 0 050↘→입14.137.638.213.6278337.137.8 75.9 74.6  0 33  033   14.10   13.50 5  0  3HL동52.54231212 -.3 4.3 4.0606010 0숨은복병승부최상 5기 0 3 5     4 5 3①1:15.92½  -.514.138.413.0  0 -4  .00 1 1 -2  .0 842171394 5 1 2 10 1 1.09 3.05 3.2 5.7  3.2   56.3   87.7   48.3  .05298 4 9 9 4☆ 2.037.50-1.73-1.1975.9541.2972.0793.4121415734.8663.3270.43 2
20251213토 1120012국610 7 15 4 3강 3355비  포화16 6 4유쾌한승자      레이스데걸즈라이 7025.00한암 2 0 0 2 1  108      24750국6토니  김영선  -4 4 3 3 2 6 1 0 0 2  0이상규41852.055우추보76 96 968079.063.069.6129911285714203915 02619132314 0 050↘↘입14.437.838.113.3239637.338.7 74.7 75.9  0 50  050   14.50   13.50 5 -2 -2HH동52.54231210-1.0 5.0 4.0696910 0편성만만마주성향50기 0 3 8     7 7 4④1:14.71    1.314.138.113.5  1 -6  .00 4 3 -1 2.04356454742 8 4 3 23 2 1.0511.04     1.8  1.1    8.3    8.9    6.911.82983 2 7 7 2△ 1.037.70-1.12  .0076.0029.8853.2269.5617375310.9124.1016.68 2
20251108토 1120011국643 6 95 5혼전 4451흐림건조 3 6 4유쾌한승자      레이스데걸즈라이 7025.00한암 2 0 0 2 1  154      24750국6토니  김영선  -4 5 2 2 1 6 1 0 0 1  0김태훈42454.071우무보88 99 998870.066.043.11857 8285714203926 02619122521 0 0 0↗→입14.437.538.312.6489837.737.9 76.3 75.8  0100  0**   14.40   12.90 3  3  3LLUP51.04221210-2.0 6.0 4.0787810 2편성만만마주성향72기 0 511     8 7 6④1:16.31¼   .714.538.713.5  0  2  .00 4 4 -2  .83971203260 9 3 2 33 1 2.01 1.11 1.7 4.3  4.4    4.5   11.0  137.710.53789 3 8 7 3▲ 1.338.00 -.29  .0475.9513.9928.7743.05153147 9.9223.2417.62 2
20251018토 1100012국630 2 85 6혼전 4455흐림불량20 6 4유쾌한승자      레이스데걸즈라이 7025.00한암 2     2 2  220      24750국6토니  김영선  -4 6 1 1 1 6 1 0 0 0  0이상규42251.055평무보   25 2540  .053.036.0 4 0 41643 8203915 02619132314      →↘입14.537.137.812.7    37.336.8 61.5 62.1              14.50   13.00 4  0  0NN동       10 0                 0 0숨은복병마주성향49기 0 210    10 5 3④1:01.5½    .114.436.512.9 -2 -2  .00 4 6  0  .42444 91373 2 2 2 40 1 2.01 4.03 3.0 6.3  3.0    6.3   11.1   20.4  .01961 0 5 5 0―  .237.70  .02-12.862.7113.2226.8435.99102235 8.3316.6725.00 2
20260823일 6120011국5 4 7  8 0혼전 4451           6 5라온더플루마    인디밴드라온가람 3625.00한암 3 0 0   1    014:50 24750국5이강서손천수   1 0 7 3 6 6 1 1 1 5  0김태현   53.053우선적50 58 587236.048.022.9 750 36488432064 0 050 019121899 0 0→↘선13.636.839.314.47919                   50 50 75 0   13.70   14.9012 -1  1NNDN53.04641312  .0 3.8 3.8686812-1연대우수마방연대60기 1 5                            13.7    14.9        .0                       6 8 4 9  1                                              .03368 0 5 6 0―  .039.30  .12     76.12 7.2714.3522.88 2 612 6.4116.0925.00 7
20260530토 5130011국553 4108 1혼전 4451맑음양호 7 6 5라온더플루마    인디밴드라온가람 6837.00한암 3 0 1 9 2  227      24750국5박종곤손천수   1 1 6 2 1 6 2 1 1 4  1조재로46252.587기도적76 79 797573.066.037.32341 72953132831454827 919252299 0 0→↗입13.636.939.814.4851736.941.2 84.0 84.3 50 50 75 0   13.60   13.9010  0 -1NUUP53.04641312  .3 4.0 4.3636312 1승부최상연대우수35기 0 6 5     4 5 9⑪1:24.01½  1.813.741.514.9  6 -4  .0111 5  2 1.98117908027 311 4 20 2 6.03 3.02 2.3 6.4 17.0   42.1  139.2  273.8  .03773 1 8 7 1▲ 1.140.50 -.13 7.5983.1013.5325.2637.2917375315.0026.4236.28 2
20260321토 4120010국554 6108 2혼전 4451맑음건조 5 6 5라온더플루마    인디밴드라온가람 3625.00한암 3 0 0 2 2  203      24750국5박종곤손천수   1 2 5 1 5 6 1 1 0 3  0조재로46653.086기입적85 90 907382.069.055.32341 72953132831454827 919252299 0 0→↗입13.636.839.414.3801336.439.0 75.5 75.2 33 33 67 0   13.70   13.50 6  2  0NU동53.04621212  .3 4.0 4.3636312 0교체성공승부최상42기 0 6 4     2 2 4②1:15.51½   .013.639.113.9 -1  4  .00 2 3  0  .22012562779 510 2 11 1 4.0310.06 3.1 6.3  6.4   14.9   33.1   47.510.54496 2 9 9 2▲ 1.638.50 -.86-1.0176.1726.6744.0755.3437587124.7242.1655.67 2
20260208일 1120011국611 9 68 3 3강 3359맑음건조 2 6 5라온더플루마    인디밴드라온가람 3625.00한암 3 0 0 2 1  104      24750국6박종곤손천수   1 3 4 4 4 6 1 0 0 2  0김성현46253.060하입보28 53 534775.070.067.11540103550222831213227 9162319      ↗↘입13.737.139.914.555 836.238.2 75.5 73.9  0  0 50 0   13.70   14.50 6 -2 -1HH동       1212 1.5 4.5 6.0464612 0마방연대작전마주68기 0 4 1     1 1 1①1:15.52½  -.513.738.713.5 -2 -4  .00 1 3 -2  .0 2 527 597 4 7 1 11 1 3.08 4.09 1.2 3.9 12.9  225.0  438.5  408.910.93773 3 7 8 3▲ 1.537.80-1.65-3.0776.6230.2654.8767.1235556912.1528.0421.40 1
20251227토 2120011국610 9 68 4 1강 1159맑음다습14 6 5라온더플루마    인디밴드라온가람 3625.00한암 2 0 0 9 1  126      16500국6박종곤손천수   1 4 3 3 3 6 1 0 0 1  0정우주46654.061하무보33 31 313341.048.037.71250 73550222831272227 9163013      ↗→입14.338.139.314.3 36936.440.5 77.3 76.5  0  0  0 0   14.30   14.60 6  0  0NH동       1212 3.0 4.0 7.0323212 0마방기습마방연대42기 0 6 2     3 2 2⑤1:17.3착변  .713.740.914.5  0  8  .00 5 5  1 1.26711897461 9 9 2 32 1 1.02 9.02 1.2 3.6  1.2    3.6    4.2    6.3  .03140-1 5 4-1▽  .037.60-1.04 -.8676.8412.3724.2337.66122741 5.5114.2911.5410
20251115토 2120011국633 6 88 5혼전 4452맑음건조 3 6 5라온더플루마    인디밴드라온가람 3625.00한암 2     2 1  13111:00 16500국6박종곤손천수   1 5 2 2 2 6 2 0 0 0  0이동하45854.091평무보72 25 2565  .055.031.83254143550222831303027 9252419      ↗↘선13.836.740.013.499 138.238.5 77.4 76.8              13.80   13.70 7  2  1BL동       12 0         2.0     0 0마방연대마방기습43기 0 6 7     8 9 7⑦1:17.42    1.614.339.314.6  3 -5  .00 7 4    1.77089396832 4 910 50 2 1.02 1.07     5.0  3.1    5.0    9.2   40.9  .02950 0 5 5 0―  .439.10 -.48  .0776.45 9.8020.2131.82 6132513.4824.3160.39 3
20250927토 3120010국612 8 18 6 1강 1159맑음다습11 6 5라온더플루마    인디밴드라온가람 3625.00한암 2     9 2  261      16500국6박종곤손천수   1 6 1 1 1 6 1 0 0 0  0이동하46853.589평무보72 25 2561  .049.030.12442172953132831303027 9252419      →↗선13.836.740.013.499 1                                13.80   13.70 4  0  0NN동       12 0         2.0     0 0일반주행마방연대48기 1 4                    경제    13.8    13.7     5  .07      0               4 6 9 40 1 1.07 5.08 1.6 3.0  1.6   15.3   18.9   36.9  .02245-2 5 5-2▽ -.140.00 -.42     76.45 7.5018.2130.09 9183510.9120.8550.61 4
20260823일 6120011국5 4 7  7 0혼전 4451           6 6럭키에이원      한센    이니쉬에 7625.00한암 4       1    014:50 24750국5함완식임영수   0 0 6 1 1 0 1 1 0 0  0우인철   51.074기선적62 53 537749.050.027.42048102256121517 0 0211110272399 0 0↘↘입13.536.540.314.194 7                   25 25100 0   14.60   13.2028  3 -2NUDN55.04611312 2.8 4.0 6.8383812-1일반주행기복전력43기 0 6                            14.6    13.2        .0                       211 7 5  1                                              .02064 0 5 5 0―  .340.30 -.39     76.51 8.2918.0727.36 7182910.2622.9933.70 3
20260208일 5130011국543 5 97 1 3강 3351맑음건조 2 6 6럭키에이원      한센    이니쉬에 6130.00한암 4     2 3  537      24750국5함완식임영수   0 1 5 3 1 5 1 1 0 0  0조상범47152.559기도적 5 10 108227.046.018.01370 5193313151715 0211113221699 0 0↘→입13.536.639.214.1971037.044.0 86.2 87.3 25 25100 0   13.40   18.4018 -1  1UNUP55.04611312 2.3 3.0 5.3515112 1전개최상기복전력66기 1 3 4     3 610⑩1:26.28    5.213.843.315.8  5 -1  .0110 5 -2 6.199219999 3 1 510 90 1 1.10 4.02 2.3 5.4  2.3   59.1   73.0   75.413.23456 1 5 5 1― -.241.50  .9411.5182.52 3.74 9.3317.95 2 610 3.6011.6317.40 5
20251003금 5120011국554 5107 2혼전 4451흐림다습11 6 6럭키에이원      한센    이니쉬에 7625.00한암 3 0 0 1 2  365      24750국5함완식임영수   0 2 4 2 4 5 1 1 0 3  0조인권47252.073기도적16 20 209732.047.020.01838121267 315171319211124251399 0 0↘→선13.536.539.814.192 936.347.2 83.1 83.5 33 33100 0   13.30   15.50 9 -7 -1UU동55.04611212 2.3 3.0 5.3515112 0전개최상전개최상44기 1 4 2     2 411⑪1:23.1대차 8.513.447.018.4  4  5  .0011 7  2 8.999 99999 4 11011100 111.01 7.08 2.6 5.6 61.4   61.8  305.4   66.7  .04179 0 5 4 0― -.241.30  .09 7.1576.23 4.9111.3420.04 2 610 6.4917.8625.44 6
20250802토 3120011국544 4 97 3혼전 4451맑음건조 3 6 6럭키에이원      한센    이니쉬에 7625.00한암 3 1 1 1 3  409      24750국5함완식임영수   0 3 3 1 3 5 3 1 0 2  1김용근46753.086우도보82 94 949674.056.028.2172711193313151718 0211131261499 0 0↘↗선13.636.740.014.1902736.641.4 78.0 78.1 50 50 50 0   13.70   14.4011  3 -2VU동55.04611212 1.0 2.0 3.0717112 0전개최상전개최상50기 111 1     1 1 7⑩1:18.04    2.913.341.915.5  5  6  .0010 5  3 3.59115958911 311 1 61 3 1.04 3.05 2.3 5.3  2.3    8.0   13.3   13.010.54172 0 7 6 0―  .439.50 -.36 1.4176.45 9.2218.5728.17 4111818.0231.6340.30 2
20250517토 1120011국653 8107 4 2강 2251맑음포화17 6 6럭키에이원      한센    이니쉬에 7625.00한암 3 0 0 2 4  635      16500국6함완식임영수   0 4 2 2 2 5 2 0 0 1  0김용근46155.087하도보20 55 559288.074.072.32957 72050 5151718 02111312614      ↗↘선13.436.640.515.195 436.738.4 75.9 74.9  0  0100 0   13.70   15.40 5  0  0NH동       1212 3.0 2.0 5.0575712 0교체실패전개최상72기 1 8 4     2 2 1①1:15.9½    .013.739.514.4 -1 -2  .00 1 2  0  .01020361784 210 3 21 2 2.03 8.09 2.9 6.2  3.3    6.3    9.6   21.9  .04179 0 7 8 0▲ 1.738.60-1.85-2.2476.6731.2255.6972.2534536622.6141.2637.97 2
20250412토 1120011국640 9 97 5 2강 2259비  건조 5 6 6럭키에이원      한센    이니쉬에 7625.00한암 3     2 4  74013:25 16500국6함완식임영수   0 5 1 1 1 5 1 0 0 0  0김용근46355.087평무보   25 2540  .048.035.72957 72050 5151718 02111312614      ↗↘선13.436.738.514.7    36.540.6 79.1 77.1              13.40   15.00        LN동       12 0                 0 0일반주행가격혈통 1기 0 8 2     2 2 4⑤1:19.11     .813.741.715.4  3 11  .00 5 2  0  .97711907759 1 1 9 41 1 3.01 2.09     8.4  6.1    8.5   20.2   19.8  .01666 0 4 5 0―  .039.20  .25 1.9075.6112.2524.1735.66 8223413.0425.2957.49 5
20260823일 6120011국5 4 7  5 0혼전 4451           6 7위즈크라운      섀클포드위즈모멘 7020.00한암 2 1 1   1    014:50 24750국5문세영최몽주   2 0 2 1 2 1 2 1 0 1  1송재철   52.578강추상50 67 679158.064.056.31643 821332233 0 0256099192520 0 099↘↗입13.737.337.812.64697                  100100  0**   13.70   12.20 5 -1 -1NUUP53.54721210-6.0 7.0 1.0939310 2교체성공전개최상58기 0 7                            13.7    12.2        .0                       7 1 3 1  2                                              .04193 3 8 9 3▲ 1.537.80 -.27     75.5626.6346.2056.2937587112.8225.2935.87 2
20260718토 1100011국630 4 85 1 1강 1155비  불량20 6 7위즈크라운      섀클포드위즈모멘 7020.00한암 2     2 1   91      24750국6문세영최몽주   2 1 1 1 1 1 1 0 0 0  0송재철47253.578평무보18 25 2527  .041.019.51643 821332233 0 0256099192520      ↘↗입15.038.638.312.7 1 737.237.3 60.7 62.0              15.00   13.00 4  0  0LN동       10 0         4.0     0 0일반주행우수혈통 5   0 8 5     5 5 2①1:00.7¾   -.213.736.212.2 -6 -6  .00 1 7  0  .01645182189111011 63 1 7.03 8.06 2.5 4.7 28.5   53.5  183.2  149.1  .01629-1 3 5-1▽ -.536.20 -.52-14.963.81 4.2311.3919.48 41221 6.4514.2425.10 8
20260823일 6120011외4 4 7  2 0혼전 4451           6 8하이퍼선더      ISOTHERMTRAVEL W        미거 4 0 0   1    014:50 24750국5차우호안영환   1 016161515 1 0 015  0조한별   57.063하추보50 39 39 4 6.034.010.4142111 0   0 0 0 0 0    122118 0 099→↘입14.137.838.513.6 865                    0  8  823   14.00   15.30 5 -3  6NBDN52.05021412 -.8 7.8 7.0393912-2능력한계최적거리50기 0 8                            14.0    15.3        .0                      10 41011  4                                              .01315-2 1 2-2▽-1.038.50  .38     76.23 1.77 5.4410.42 0 3 5 1.28 4.60 9.7810
20260719일 8140011외443 7 92 1혼전 4451맑음다습14 6 8하이퍼선더      ISOTHERMTRAVEL W        미거 4 0 0 2 1   74      33000혼4차우호안영환   1 11515 115 1 0 014  0조성환50451.053평추하19 10 1018 4.029.0 6.0 718 6 0   0 0 0 0 0    101620 0 099↘→추14.137.539.113.6126538.042.6 92.1 93.0  0  8  825   14.40   14.2011  3 -6VUUP52.05021412-1.8 7.6 5.8474712 2일반주행휴양불리 5   011 9    101111⑪1:32.114   4.914.042.315.3  1  3  .001110  5 5.198889699 611 110110 1 4.05 2.05 3.4 7.2  5.1   17.4   40.8  113.4  .016 6-4 1 1-4▼-1.739.30  .3816.3889.00  .72 2.36 5.96 0 2 5 1.18 3.08 6.9311
20260502토 5120010국533 5 32 2 1강 1151흐림건조 3 6 8하이퍼선더      ISOTHERMTRAVEL W        미거 4 0 0 1 2  216      24750국5우창구안영환   1 214141415 1 0 013  0송재철50157.076평추보48 43 434313.047.021.62033132030 4201613 02110192520 0 099↗↘입14.137.838.113.5109537.940.0 77.4 77.9  0  8  842   14.80   13.30 6  4  5NB동52.05021212-3.2 8.6 5.4505012 0최빈거리최적거리67기 0 8 7     8 8 8⑨1:17.44    2.914.439.714.2  4 -1  .04 9 5  1 3.0898181891211 1 7 80 1 1.0211.02 1.6 2.7  1.6    2.7    3.8    3.9  .01453 0 3 4 0― -.138.30  .26 1.9676.00 5.1312.5021.60 2 612 1.71 7.2413.55 8
20260322일 8120011외432 7 32 3 2강 2251맑음건조 5 6 8하이퍼선더      ISOTHERMTRAVEL W        미거 4 0 0 2 1  108      33000혼4우창구안영환   1 313131315 1 0 012  0조한별50252.563평추보37 34 3440 6.044.025.11421112053 92016 5 02110122118 0 099→↘입14.137.738.213.7128538.837.6 77.1 76.4  0  8  825   14.50   13.40 2 -5  0HV동52.05021212-3.2 8.6 5.4505012 0최빈거리최적거리21관 0 4 9    1010 8⑨1:17.1¾   1.514.837.913.3  5 -4  .09 9 4 -1 2.76097116038 7 2 4 30 3 1.1011.05 1.6 3.1  1.6   56.7   59.2  192.9  .01442 0 3 4 0― -.338.00  .17  .4676.00 5.6113.7425.05142843 1.11 4.52 8.97 8
20260307토 8120011외452 5102 4혼전 4451맑음포화15 6 8하이퍼선더      ISOTHERMTRAVEL W        미거 4 0 0 2 1   35      33000혼4우창구안영환   1 412121215 1 0 011  0이동하50652.591평추상75 69 695157.061.034.73254142053 9201629 02110252419 0 099↗↘선14.137.738.113.6118738.038.4 74.8 76.7  0  9  927   14.20   13.00 5  2  0LV동52.05021212-3.2 8.6 5.4505012 0최빈거리작전마주58기 0 911    11 9 8⑦1:14.81¾  1.214.537.313.4  2  5  .00 7 5 -1 1.87086326144 9 2 2 30 1 2.01 2.11 2.2 5.9  4.7    5.9   14.5   16.412.72888 2 7 5 2△  .938.10 -.06  .9275.9511.7122.8234.6514284311.1122.3530.66 3
20260131토 6120011외452 6102 5혼전 4431맑음건조 2 6 8하이퍼선더      ISOTHERMTRAVEL W        미거 4 0 0 9 1   89      33000혼4우창구안영환   1 511111115 2 0 010  0조한별50152.563하추상59 53 533926.052.021.41421112053 92016 5 02110122118 0 099→↘입14.137.838.213.7 98338.037.2 75.0 75.1  0 10 1020   14.10   12.80 6  2  1NV동52.05021212-2.8 9.4 6.6393912 0일반주행최적거리 6기 1 7 8     810 6⑤1:15.0코    .414.237.313.0 -1 -1  .00 5 6 -3 1.11883 5206910 2 6 83 2 1.05 3.04 2.4 5.7  2.4   17.5   24.8   29.1  .01852 0 5 4 0―  .137.50  .23 -.8776.06 5.0712.6821.37 2 714 6.4813.0821.17 8
20251220토 9120011외412 3 62 6 1강 1156흐림포화16 6 8하이퍼선더      ISOTHERMTRAVEL W        미거 3 0 0 2 1  12017:00 33000혼4우창구안영환   1 610101015 1 0 0 9  0조한별50252.063하추보24  9  914 2.033.010.51421112053 92016 5 02110122118      →↘입14.137.838.613.8 67637.437.9 73.2 75.4  0  0 1111   13.80   14.20 3  1  1NN동       1212-2.0 9.2 7.2303012 0일반주행최적거리33관 1 5 9     9 9 6⑤1:13.2¾    .514.136.812.8 -4-10  .00 5 9  0  .82762192565 8 6 8 93 1 1.05 4.09     4.0  1.3    5.8    7.3    9.4  .01632-2 1 2-2▽-1.037.60  .32-1.0076.28 1.45 5.2110.49 2 612  .12 1.70 3.31 9
20251129토 8120010외421 2 22 7혼전 4451흐림다습10 6 8하이퍼선더      ISOTHERMTRAVEL W        미거 3 0 0 9 1   81      33000혼4우창구안영환   1 7 9 9 915 1 0 0 8  0정우주51251.561하추상40 31 313316.046.018.41250 72053 9201617 02110163013      ↗→입13.838.038.313.5 29637.438.9 75.3 77.0  0  0 1338   14.40   13.40 6  2 -3HH동       1212-1.8 8.6 6.8393912 0일반주행최적거리90기 2 4 3     3 5 6⑦1:15.3½   2.813.838.914.2 -2 14  .00 7 9  0 3.1745855581210 2 7 82 3 1.02 1.09 1.7 2.3  1.7    2.3    3.1    4.512.72869 2 4 3 2― -.237.80  .15  .6776.23 3.79 9.4718.40 2 714 3.1310.5318.43 8
20251018토 6120011외414 5 62 8 3강 3351흐림포화19 6 8하이퍼선더      ISOTHERMTRAVEL W        미거 3 0 0 2 2  215      33000혼4우창구안영환   1 8 8 8 815 1 0 0 7  0문정균49854.578하추상43 36 362712.043.015.92467 02030 42016 0 02110131923      →↘추13.837.938.413.6 29538.337.7 75.4 76.3  0  0 1429   14.40   13.80 9 -6  2HN동       1212-2.0 9.0 7.0393912 0일반주행최적거리32관 0 211    1010 9⑤1:15.4½   1.114.437.913.4 -4  1  .00 5 9 -1 2.0549112464711 4 7 93 1 1.02 9.04 1.5 3.6  1.5    3.6    4.9    8.911.21659 0 3 3 0― -.437.70  .21 -.0576.23 3.56 9.0715.92 1 3 7 2.40 5.7411.76 9
20250817일 7120011외452 4102 9 2강 2251맑음양호 7 6 8하이퍼선더      ISOTHERMTRAVEL W        미거 3 0 0 2 2  37315:15 33000혼4우창구안영환   1 9 7 7 715 2 0 0 6  0정우주49753.067하추하13  3  310 3.031.0 7.21155 52030 4201617 02110163013      →↗입13.838.138.513.6 29238.137.8 75.7 76.0  0  0 1717   15.50   13.70 6  4  1NN동       1212 -.6 8.0 7.4363612 0발길대로최적거리28관 0 810    1111 7⑤1:15.73     .814.438.213.8 -5 -9  .00 510  0 2.0448615415611 410113 2 1.0210.07     5.1  2.1    5.1    7.9   23.4  .01310-4 1 1-4▼-1.537.40  .30 -.6476.39  .98 3.29 7.20 0 2 5  .12 1.58 3.6111
20250706일 7120011외452 210210혼전 4459맑음건조 3 6 8하이퍼선더      ISOTHERMTRAVEL W        미거 3 0 0 1 3  47915:15 33000혼4우창구안영환   110 6 6 615 1 0 0 5  0정우주50652.574하추보18 10 1020 9.045.026.7213311225018201617 02110163013      →→입13.837.938.613.6 88739.738.1 77.4 78.2  0  0 2020   14.80   14.2012 -6  0HH동       1212 -.8 8.4 7.6353512 0가는대로최적거리44기 0 411    111111⑪1:17.41½  2.715.538.413.7  1  8  .001110  2 3.2929926881210 4 8 50 1 1.0811.05     6.4  2.7   27.4   36.3   35.5  .02049 0 3 5 0― -.138.30 -.22 1.6776.34 7.1316.0126.66 51221 4.48 8.2811.54 8
20250413일10120011외424 4 2211혼전 4441흐림포화17 6 8하이퍼선더      ISOTHERMTRAVEL W        미거 3 0 0 2 4  72117:30 33000혼4우창구안영환   111 5 5 515 3 0 0 4  0박태종49852.563하추상48 39 3926 9.040.012.8 899 52442 5201615 92110192421      ↘↗자13.837.838.613.6138538.738.5 76.5 77.5  0  0 2525   15.00   13.60 5  2  0BH동       1212-1.0 8.5 7.5383812 0최빈거리최적거리 1기 11010    1010 9⑧1:16.51¼  2.014.838.814.2  0 -6  .00 8 8  2 2.5849641802410 7 7 90 3 2.04 4.02     2.2  2.4   18.3   25.0    7.8  .01326 0 2 3 0― -.838.20  .24 1.0776.28 2.28 6.1112.81 2 610 3.03 6.00 7.8110
20250309일 6120011외452 110212 3강 3351맑음양호 9 6 8하이퍼선더      ISOTHERMTRAVEL W        미거 3 0 0 2 5  83014:25 33000혼4우창구안영환   112 4 4 415 2 0 0 3  0박태종50452.571하추상24 18 1837 7.040.019.51857 31742 9201615 92110192421      ↗↘자13.837.838.813.7196938.337.5 75.3 75.9  0  0 33 0   14.90   13.60 4  3  0NH동       1212-1.0 9.3 8.3323212 0최빈거리최적거리 1기 1 810     9 9 7⑤1:15.31½   .815.037.713.6 -1 -7  .00 5 6 -5 1.44090 9385310 7 9 73 2 3.02 9.01     5.4  6.4   12.8   27.1   37.911.21336-1 2 2-1▽ -.737.70 -.05 -.7576.39 4.8310.6219.46 3 917 2.30 5.7111.15 9
20250209일 8120011외452 410213혼전 4451맑음건조 4 6 8하이퍼선더      ISOTHERMTRAVEL W        미거 3 0 0 1 5  91416:05 33000혼4우창구안영환   113 3 3 315 1 0 0 2  0박태종51152.571하추보21 13 133414.042.014.51857 31742 9201615 92110192421      ↗↘자13.837.539.313.8414838.338.2 76.7 76.6  0  0 50 0   14.40   14.00 6  1 -3NH동       1212 1.0 8.5 9.5252512 0일반주행거리탄력 1기 0 511    1111 9⑥1:16.72½  1.114.938.513.6 -5  9  .00 611  6 1.66791276345 9 8 7 83 1 5.01 3.04     7.7  7.6    8.2   19.4   17.2  .01956 0 3 3 0― -.638.20 -.01 -.1676.51 2.87 8.0614.46 2 714 3.4110.8114.36 7
20241228토 2120012외430 3 8214 3강 3355맑음건조 5 6 8하이퍼선더      ISOTHERMTRAVEL W        미거 2     9 6 104211:00 41250혼4우창구안영환   114 2 2 215 2 0 0 0  0최범현50255.093하무보 5  1  16227.052.021.43160172042 4201633 02110193217      ↘↗입13.836.740.315.394 238.038.4 77.0 76.7  0  0100 0   13.80   15.6013 -5  0HH동       1212  .012.012.0 6 612 0최빈거리작전마주 1기 1 411    1110 6⑦1:17.0½   1.214.438.914.0  2 16  .00 7 5 -7 2.66784376242 812 2 73 2 3.02 5.07     3.8  6.6   12.1   23.7  173.711.22151 0 6 5 0―  .239.10 -.33 -.3376.62 5.2913.1221.38 3 917 3.3110.53 5.5712
20240928토 3120012외451 310215혼전 4455맑음건조 5 6 8하이퍼선더      ISOTHERMTRAVEL W        미거 2     9 7 132312:05 41250혼4우창구안영환   115 1 1 115 1 0 0 0  0최범현48655.093평무보   35 3540  .052.024.74499 0308811201633 02110193217      ↗↘입14.036.738.515.4    36.542.6 78.4 79.3              14.00   15.70        LN동       12 0                 0 0일반주행보통주행 1기 2 9 8     3 311⑫1:18.43    3.513.842.415.6  0 -2  .001212  0 5.797129996 6 9 9 9 60 1 2.03 4.07     8.0  4.6   12.2   24.0   30.7  .01943 0 4 6 0―  .139.90  .56 4.0975.61 6.7415.6524.65 51222 8.3316.6725.00 9
20260823일 6120011국5 4 7  8 0혼전 4451           6 9아모스최강      섀클포드실버블로 7020.00한거 4       1    014:50 24750국5최용건홍애란   0 0 9 1 1 0 2 1 0 0  0정정희   54.081기선적84 68 685951.047.023.122461128551222221617271420241599 0 0→→입13.536.639.214.28817                   14 14 29 0   14.00   12.8016 -1  0LUDN57.04621713 1.6 3.8 5.4494914-5일반주행기복전력48기 0 9                            14.0    12.8        .0                       3 5 2 8  4                                              .01639 0 6 4 0― -.139.20  .29     75.95 6.1113.6023.13 1 4 812.8222.9936.96 4
20260503일 9170011국544 7 98 1 1강 1151흐림다습11 6 9아모스최강      섀클포드실버블로 6326.00한거 4 0 0 1 2  293      24750국5최용건홍애란   0 1 8 3 1 8 1 1 0 7  0정정희47654.081기선보39 38 382613.040.014.82148122273 622221617271420241599 0 0↘→입13.539.041.614.2921539.545.4115.9117.6 14 14 29 0   13.50   14.00 4  2 -1BUUP57.04621713 1.6 4.0 5.6494914 5마방연대마번불리31관 110 6 6 710 9 9⑨1:55.96    5.314.244.516.1  4  3  .01 9 5  1 6.398349898 6 1 7 7 80 3 1.02 2.08 3.2 4.7  3.2    4.7    8.8    6.4  .02926-1 3 4-1▽ -.642.70  .4336.99113.5 3.15 8.4914.75 4 917 2.20 8.1215.20 7
20260405일 51200 9국532 7 88 2혼전 4451맑음양호 6 6 9아모스최강      섀클포드실버블로 7020.00한거 4 0 0 1 1   69      24750국5최용건홍애란   0 2 7 2 1 8 1 1 0 6  0이동하47354.591기입하29 32 327956.061.043.4325414285512222241 0271425241999 0 0↗↘선13.636.739.214.1851936.739.5 76.5 76.1 17 17 33 0   13.50   14.40 4  0  1LNDN57.04621413 1.6 4.0 5.6494914-2일반주행마방연대72기 0 8 2     2 2 4④1:16.54    1.113.539.814.0  0  4  .00 4 4 -2 1.45320725549 2 5 6 51 1 1.05 9.07 2.2 4.8  2.2    8.5   14.3   13.4  .02585 1 7 7 1△  .838.90 -.35  .2376.0013.3127.6243.39 81728 7.6923.3935.42 5
20260308일 4140011국522 8 78 3혼전 4451맑음다습13 6 9아모스최강      섀클포드실버블로 6326.00한거 4 0 0 2 1   70      24750국5최용건홍애란   0 3 6 1 2 8 2 1 0 5  0정정희46954.080기입상67 71 715035.045.015.122461128551222221617271420241599 0 0→→입13.636.639.814.1771336.840.8 89.3 90.0 20 20 40 0   13.80   13.10 4  7 -3LU동57.04621413 1.4 5.0 6.4464614 0일반주행기복전력25관 0 8 1     1 2 6⑦1:29.35    1.913.540.414.4  1  7  .00 7 6  4 2.57529847729 4 9 7101 2 1.08 9.11 2.5 2.9  2.5   24.9   29.9   98.9  .01635-1 4 3-1▽ -.439.50  .2713.5688.86 3.38 8.6915.13 1 3 5 5.5610.2415.2110
20260207토 2140011국630 9 88 4 2강 2251맑음건조 2 6 9아모스최강      섀클포드실버블로 6326.00한거 4 0 0 2 1   72      16500국6최용건홍애란   0 4 5 5 1 8 1 0 0 4  0정정희46257.080하입하20 23 233921.043.025.8224611285512222216172714202415      →→입13.636.740.414.166 736.439.1 88.6 87.4  0  0 25 0   13.50   14.20 3 -9  0HNUP       1413 2.0 5.8 7.8333313 1일반주행거리부담44기 1 1 1     1 1 1①1:28.65    -.813.839.113.1 -1-13  .00 1 2 -3  .0 514391498 2 9 6 51 1 2.01 1.02 1.8 3.6  3.9    3.6    7.0    4.4  .01630-1 4 4-1▽ -.538.90 -.4510.2889.34 6.7416.4825.77 82234 6.5614.0625.25 4
20260118일 2130010국652 4108 5혼전 4451흐림건조 5 6 9아모스최강      섀클포드실버블로 6326.00한거 4 0 0 2 1   51      16500국6최용건홍애란   0 5 4 4 4 8 2 0 0 3  0장추열47557.093하입하42 32 325336.058.028.6295012285512222235 02714202722      ↘↗입13.536.940.113.9791237.040.2 83.2 83.8  0  0 33 0   13.30   13.90 5 -1  0NN동       1313 2.0 6.0 8.0323213 0교체실패신저혈통93기 210 3     3 5 7⑦1:23.2코   1.513.539.814.2  2  4  .00 7 5  3 2.87123796433 4 8 7 72 2 1.02 3.06 2.2 5.4  2.2    7.9   10.9   77.8  .02644-2 5 5-2▽  .440.30 -.10 6.7883.29 8.3817.9528.62 41118 5.9515.4720.23 8
20251214일 3130011국642 3 48 6 1강 1151맑음불량20 6 9아모스최강      섀클포드실버블로 6326.00한거 3 0 0 2 1   95      16500국6최용건홍애란   0 6 3 3 3 8 1 0 0 2  0장추열47157.093하입보33 39 393437.052.029.5295012285512222235 02714202722      ↘↗입13.537.240.213.9651236.840.1 81.6 82.9  0  0  0 0   13.60   14.10 4  9  0NN동       1313  .0 8.0 8.0303013 0일반주행조교부실26관 011 2     3 3 5⑧1:21.6목   1.513.339.713.9  6  2  .00 8 2 -3 1.54514765433 5 9 5 50 1 4.01 7.04     3.6  9.8    6.5   21.2   75.4  .01646-2 5 4-2▽ -.139.80 -.33 5.5283.55 7.7617.9329.45 61526 3.9614.7429.45 4
20251116일 2130011국641 9 98 7 3강 3351맑음건조 3 6 9아모스최강      섀클포드실버블로 6326.00한거 3     2 1  120      16500국6최용건홍애란   0 7 2 2 2 8 1 0 0 0  0빅투아46957.092하무보 5  5  5 7 5.033.0 5.2315314285512222224412714222818      →→선14.037.840.013.630 337.139.9 84.1 83.1  0  0  0 0   14.00   13.9046  1  2NB동       1313  .011.011.0 9 913 0최빈거리거리난점42기 0 2 3     5 6 7⑤1:24.1½   1.013.640.514.1  0  4  .00 5 5 -6 1.14725695253 5 811 92 1 3.02 6.11 3.1 6.0  4.3    6.9   14.6    9.0  .0 911-4 2 5-4▼-1.839.30  .09 5.3483.80  .42 1.48 5.22 1 3 7  .76 2.58 7.52 8
20241221토 2130012국651 9 58 8혼전 4455맑음다습10 6 9아모스최강      섀클포드실버블로 6326.00한수 2     2 6 1064      24750국6박병일홍애란   0 8 1 1 1 8 1 0 0 0  0김정준46555.068평무보   25 2540  .038.0 8.41733131543 4221022122413142026      ↗→추13.837.539.613.8    37.942.0 86.7 86.3              13.80   14.10 4  0  0NL동       13 0                 0 0일반주행거리속성 1기 3 1 6    101111⑪1:26.72    3.014.041.513.9  0-24  .001111  0 3.19766969714 3 3 3110 1 3.0410.12 2.8 3.8  4.5   15.2   22.1  127.2  .01612-4 4 3-4▽-1.140.30  .43 9.1683.35 1.34 3.71 8.40 2 610 8.3316.6725.11 1
20260823일 6120011국5 4 7  7 0혼전 4451           610타이거케이      케이탑  다이아찬 7023.00한거 4 0 0   1    014:50 24750국5송문길강경운   1 016 9 915 3 0 415  0김정준   57.073기입보50 53 534734.048.024.8153710204111282324 526281420264060 0↗↗추13.736.739.214.48130                   46 46 54 0   13.70   14.3016  9  1BN동55.74891412  .8 3.6 4.4606014 0일반주행기복전력54기 010                            13.7    14.3        .0                       5 6 6 7  4                                              .01625 0 4 5 0―  .139.20  .17     76.00 6.9115.4224.81 4 917 5.1316.0921.74 8
20260502토 5120010국533 5 37 1 1강 1151흐림건조 3 610타이거케이      케이탑  다이아찬 7023.00한거 4 0 0 1 2  307      24750국5송문길강경운   1 115 8 815 2 0 414  0김정준49056.579우입보66 75 757886.058.035.82060 5365425282324 526281420264060 0↘↗추13.736.739.214.3833336.439.5 75.6 75.9 50 50 50 0   13.70   14.60 5 -7 -1UN동55.74891412 1.0 3.2 4.2676714 0뒷심부족보통주행38기 0 1 2     3 3 3③1:15.67    1.113.739.314.3  0 -5  .00 3 3  0 1.24411724647 5 9 3 32 3 1.0211.02 1.6 2.7  1.6    2.7    3.8    3.9  .02361 0 7 7 0―  .738.80 -.14 -.0176.0011.3824.3435.7514284322.2240.7256.02 2
20260329일 4120010국544 8 97 2 1강 1152맑음건조 3 610타이거케이      케이탑  다이아찬 7023.00한거 4 0 0 9 1   91      24750국5송문길강경운   1 214 7 715 1 0 413  0김정준49557.073우입적40 38 385925.044.022.8153710204111282324 526281420264060 0↗↗추13.836.838.914.2755236.239.9 76.4 75.9 45 55 36 9   13.90   14.60 4  2  0NN동55.74891412  .2 3.6 3.8676714 0교체실패보통주행54기 1 8 4     3 1 1④1:16.4코    .013.740.114.6  1  9  .00 4 3 -3  .042 4805079 5 5 4 72 2 8.02 1.04 1.9 4.6 25.0   55.4  191.0   23.6  .02042 0 4 5 0― -.238.70  .34  .1575.89 5.1012.5922.84 41221 8.7019.5828.95 3
20260228토 5120011국544 5 97 3 3강 3351맑음건조 3 610타이거케이      케이탑  다이아찬 7023.00한거 4 0 0 9 1   90      24750국5송문길강경운   1 313 6 615 1 0 412  0이동하48657.091우입보92 94 948184.065.036.63254142041112823302826282524194060 0↗↘선13.736.738.714.3856137.240.0 76.9 77.2 50 60 5010   13.60   13.90 5  3  1NN동55.74891412 -.4 2.8 2.4818114 0뒷심부족작전마주69기 0 6 6     6 5 8⑨1:16.93    2.513.939.714.6  3 -6  .00 9 6  3 2.98052807916 6 7 2 30 2 4.05 5.01 3.1 8.9  6.2   18.1   31.9  127.411.83089 2 8 8 2▲ 1.139.20  .11 1.8475.7212.3524.5136.5715314719.5532.1242.23 1
20260124토 7120011국533 6 87 4혼전 4451맑음건조 3 610타이거케이      케이탑  다이아찬 7023.00한거 4 0 0 2 1   78      24750국5송문길강경운   1 412 5 515 1 0 411  0김정준49256.073우입보91 89 898872.063.035.2153710204111282324 526281420262575 0↗↗추13.836.838.914.3814836.738.5 74.8 75.0 44 56 4411   13.80   13.50 5 -4 -1UN동55.64881413 -.8 3.4 2.6777714 0승부최상보통주행 5기 0 3 3     2 2 2③1:14.8목    .013.638.613.9  0  6  .00 3 3  0  .31622382083 4 6 3 41 1 2.08 2.09 2.3 4.8  3.6   48.9   79.4   65.510.53474 2 8 8 2▲ 1.038.40  .00 -.6875.8912.4124.0035.1710223518.1031.7842.60 3
20251221일 5120011국524 4 77 5 3강 3351맑음다습14 610타이거케이      케이탑  다이아찬 7023.00한거 3 0 0 2 1   9213:35 24750국5송문길강경운   1 511 4 415 1 0 410  0이동하48656.591우입적74 81 818667.062.031.03254142041112823302826282524193367 0↗↘선13.736.739.314.4853037.138.1 74.0 75.2 50 50 50 0   13.90   14.70 6 -3  1NNDN55.34881413 -.6 3.2 2.6787814-1탐색주행승부최상49기 0 7 9     6 4 3③1:14.02½   .513.837.713.5  0 -2  .00 3 3  0  .52043262164 5 9 4 42 1 6.01 8.06     2.6 25.0    8.0   48.7   15.412.24493 2 7 7 2△  .938.60 -.06 -.8376.06 9.1319.7030.99 92133 8.9420.6934.21 5
20251109일 5130011국511 5 67 6혼전 4451맑음건조 3 610타이거케이      케이탑  다이아찬 3929.00한거 3 0 0 2 1  139      24750국5송문길강경운   1 610 3 615 6 0 4 9  0유승완48855.570우입적74 84 847867.060.034.31960 82041112823302426281527223367 0→↘입13.736.839.814.4923036.840.2 82.6 83.2 50 50 50 0   13.50   14.50 5  2  1BN동55.34881413-1.6 4.2 2.6787814 0적정체중작전마주65기 010 6     2 2 2⑧1:22.6½    .713.940.014.7  5 -2  .05 8 3  2  .94814765360 211 2 41 8 1.07 6.03 1.6 4.9  1.6   18.8   25.0   84.5  .02575 1 8 7 1▲  .740.30  .02 6.5883.0311.2023.1234.2610223513.1026.6740.34 4
20251004토 4130010국551 6107 7혼전 4453맑음다습10 610타이거케이      케이탑  다이아찬 3929.00한거 3 0 0 1 2  228      24750국5송문길강경운   1 7 9 2 515 5 0 3 8  0유승완49055.066기입적67 75 756962.061.037.01233 83654252823302426281527223367 0→→입13.736.839.914.4912436.340.0 82.1 82.3 43 43 43 0   13.50   13.80 5  3  2NNDN55.34881413 -.6 4.6 4.0636314-1적정체중작전마주44기 1 8 3     3 2 2②1:22.12     .013.540.114.5  1  2  .00 2 1 -4  .319 2722784 310 1 32 7 2.0110.08 2.1 5.9  4.7    6.7   16.0   30.4  .02566 0 7 6 0―  .840.10 -.13 5.6483.1012.5924.7136.9912264113.5829.2131.90 1
20250830토 6140011국520 6 77 8 1강 1151맑음포화18 610타이거케이      케이탑  다이아찬 3929.00한거 3 0 0 9 2  34217:25 24750국5송문길강경운   1 8 8 1 115 4 0 2 7  0유승완48853.066기입보73 73 736180.065.042.41233 8365425282330242628152722 099 0→→입13.836.640.314.479 936.739.2 86.8 88.1 33 33 50 0   13.80   13.80 5  1 -4NUUP56.54891413  .2 5.4 5.6474713 1일반주행기복전력44기 1 5 1     1 1 1②1:26.83     .013.538.513.8 -3  0  .00 2 5  3  .61924422284 210 3 31 6 1.05 3.05     3.9  1.8   15.2   20.0   59.512.03067 2 8 8 2▲ 1.139.10 -.7511.2489.2114.0328.4342.4212264113.7028.3540.22 4
20250726토 1130011국612 7 67 9혼전 4451맑음건조 4 610타이거케이      케이탑  다이아찬 3929.00한거 3 0 0 9 3  43410:35 16500국6송문길강경운   1 9 7 7 415 3 0 1 6  0유승완48857.069기입적49 57 577462.069.052.6 930 0243113282330242628152722 099 0↗→입13.837.040.014.7831336.539.0 82.3 81.8 20 20 40 0   13.80   14.60 5 -5  0VN동56.04891313  .8 5.3 6.0424212 0착차만회기복전력80기 2 4 4     3 3 1②1:22.3½    .013.839.213.8  0 -9  .00 2 2 -4  .1 7 540 788 1 8 6 22 5 1.02 2.04     4.2  1.7    5.6    8.1   22.3  .03780 3 7 8 3▲ 1.539.80 -.75 4.8283.2920.2240.0052.5817375314.2929.2131.27 3
20250622일 2130011국650 810710혼전 4459맑음포화15 610타이거케이      케이탑  다이아찬 3929.00한거 3 0 0 2 3  52411:00 16500국6송문길강경운   110 6 6 315 2 0 1 5  0유승완49757.069기입보35 44 444738.053.032.8 930 0243113282330242628152722 099 0↗→입13.837.140.114.7771236.640.6 82.6 83.1 25 25 25 0   13.80   14.50 5  2  0LN동56.04891312  .7 6.3 7.0343412 0뒷심부족기복전력45기 0 9 5     3 3 2④1:22.6½    .613.840.414.6 -2  3  .00 4 6  4 1.047 7846064 4 6 4 42 4 1.0511.08     7.0  3.3   11.1   23.3  159.4  .02342-1 5 4-1▽  .240.00 -.32 5.9283.4210.8723.2832.82 8223411.2720.7817.72 6
20250518일 21300 9국610 9 1711 2강 2259맑음다습14 610타이거케이      케이탑  다이아찬 3929.00한거 3 0 0 2 4  62411:00 16500국6송문길강경운   111 5 5 215 1 0 1 4  0유승완49457.080기입적 5  5  54348.047.034.11123 6183313282330242628152722 099 0↘↗입13.937.240.114.769 837.339.4 84.5 83.0 33 33 33 0   13.80   15.60 5  3  0NNUP56.04891312 3.0 6.5 9.5 8 812 1교체실패기복전력78기 1 7 2     2 2 2③1:24.52     .413.840.414.5  1 -1  .00 3 2  0 2.14434564370 2 6 7 41 3 1.03 9.04     2.8  1.3    3.5    4.0    3.713.22052-2 4 5-2▽ -.339.90 -.41 5.7483.48 8.1419.2634.08 8223419.6133.9333.98 3
20250413일 1120011국631 8 3712 3강 3357비  포화16 610타이거케이      케이탑  다이아찬 7023.00한거 3 0 0 2 4  73010:35 16500국6송문길강경운   112 4 4 315 1 0 1 3  0이용호49557.078기입적44 41 413642.041.014.42058 4183313282317142628191820 099 0↘↗자13.937.239.714.752 636.241.0 78.0 77.0 33 33 33 0   13.80   13.80 5  1  1VN동56.04891312 4.0 6.010.0 6 612 0일반주행기복전력 1기 0 4 4     4 4 5⑧1:18.03    1.913.841.615.6  6  6  .09 8 2 -4 1.975 4937826 4 7 5 70 1 1.07 2.06     2.8  2.0   17.8   24.8   32.1  .01628-2 4 3-2▽ -.838.60 -.07  .0876.56 2.05 6.2214.35 41118 7.9217.0021.15 5
20250308토 1120011국612 8 1713 2강 2259맑음다습11 610타이거케이      케이탑  다이아찬 7023.00한거 3 0 0 2 5  84510:35 16500국6송문길강경운   113 3 3 215 1 0 0 2  0유승완48956.084하입보 7 35 3550  .052.037.8285314274315282330242628152722      →↘입13.937.240.215.658 236.638.8 75.7 75.2  0  0  0 0   14.00   16.00 4 -7  0HN동       1312         9.0    12 0마방연대보통주행 1기 0 3 4     4 4 2②1:15.73     .013.839.213.8 -4 -3  .00 2 6 -1  .61918522880 3 8 6 32 2 2.0611.03     3.3 12.2   92.7  176.7  241.6  .02946-1 5 5-1▽  .138.10-1.04-2.1776.84 9.3023.6237.80142843 7.1916.0039.71 4
20250209일 1120011국612 8 6714 1강 1155맑음건조 4 610타이거케이      케이탑  다이아찬 7023.00한거 3 0 0 1 5  92110:35 16500국6송문길강경운   114 2 2 115 1 0 0 1  0오수철49256.058하무하 5 35 3540  .042.026.61160 6274315282342 02628112215      →↘입14.037.440.214.948 337.041.5 79.9 78.1  0  0  0 0   14.00   15.20 6  6  1BNDN       1313        10.0    13-1일반주행마방연대 1기 210 5     6 6 6⑨1:19.94    3.014.042.616.0  2  9  .00 9 7  1 3.09137969412 7 810 52 1 3.06 7.01     6.3  6.6   40.0   90.5 1686.8  .02239-1 4 4-1▽ -.438.80 -.83  .5376.95 7.1716.7526.64 71829 8.9617.6733.74 9
20241228토 1130012국551 410715혼전 4455맑음건조 5 610타이거케이      케이탑  다이아찬 3929.00한거 2     9 6 104310:35 24750국5송문길강경운   115 1 1 115 1 0 0 0  0유승완48355.080평무보   35 3540  .044.023.72144 9254712282330242628152722      ↗→입14.137.539.614.6    37.541.6 86.0 85.9              14.10   14.90        NN동       13 0                 0 0일반주행부중편성 1기 2 4 9     7 811⑩1:26.01¾  3.514.042.415.2  4 -1  .0010 6  0 4.196459493 6 7 7 8 60 1 2.01 8.11     5.4  3.8    5.4    9.2   57.9  .01642 0 3 4 0― -.340.20 -.02 8.8183.35 6.5214.1923.66 2 817 8.8217.3226.79 3
20260823일 6120011국5 4 7  5 0혼전 4451           611블랙스펙터      한센    걸크러시 7625.00한수 5 0 0   1    014:50 24750국5배휴준허영희   0 016301833 4 2 233  0권중석   53.067평무상50 48 483418.048.027.31341 6 825 710 8 0 010 8191818 02563↘→선14.337.738.413.71965                   13 22  319   14.70   13.00 2  2  0VH동54.54411812-1.0 8.4 7.4444413 0최빈거리부중잇점42기 011                            14.7    13.0        .0                       9 3 9 6  4                                              .02537 1 3 3 1―  .338.40  .00     76.12 8.2518.0427.29 41221 2.56 9.2017.39 9
20260809일 4120011국513 7 65 1혼전 4451흐림건조 2 611블랙스펙터      한센    걸크러시 7625.00한수 5 0 0 1 1   38      24750국5배휴준허영희   0 115291733 3 2 231  0권중석45953.067평무상21 22 2231 7.041.013.21341 6 825 710 8 0 010 8191818 02957↘→선14.337.738.513.7195738.137.7 76.0 75.8 13 23  316   14.40   13.90 2  1  0LH동54.74381812 -.4 8.8 8.4383813 0최빈거리부중잇점28기 0 910    1010 9④1:16.03     .714.737.713.0 -5 -2  .00 4 9 -2  .7398713406110 3 8 83 3 1.03 8.03 1.9 5.6  1.9    6.4    9.6   13.8  .01926 0 2 2 0― -.637.80  .35 -.4476.17 2.26 7.1013.19 41118 2.25 5.5610.87 9
20260725토 6120011국514 5 65 2혼전 4451맑음다습10 611블랙스펙터      한센    걸크러시 7625.00한수 5 0 0 2 1   15      24750국5배휴준허영희   0 214281633 2 2 231  0권중석46153.067평무하25 26 2623 5.037.014.31341 6 825 710 8 0 010 8191818 02957↘→선14.337.738.513.7235737.539.7 75.9 77.2 13 20  010   14.40   13.80 3  1 -1NH동54.74381812-1.0 8.4 7.4494913 0최빈거리부중잇점31기 0 811     9 8 8⑦1:15.91¼  1.814.439.113.9 -4  4  .00 711  5 3.4806176782811 510100 2 1.03 4.05 1.5 4.2  1.5    5.1    7.1   24.3  .01516 0 1 1 0― -.738.20  .32 1.0276.17 3.37 7.3414.31 1 3 8 1.03 2.94 7.6411
20260704토 4120011국542 4 45 3 1강 1151흐림건조 5 611블랙스펙터      한센    걸크러시 7625.00한수 5 0 0 1 1   57      24750국5배휴준허영희   0 313271533 1 2 230  0권중석45753.567평입보52 55 553014.045.022.31341 6 825 710 8 0 010 8191818 02957↘→선14.337.638.613.7305238.439.0 76.9 77.4 14 24  010   14.50   13.20 4  1 -3NH동54.74381812-1.8 9.0 7.2525213 0일반주행부중잇점36기 0 710    111010⑩1:16.92½  2.314.438.813.8  4 -5  .0010 6 -1 3.08392578318 9 4 6 60 1 1.02 1.02 2.5 3.9  2.5    3.9    7.0   49.9  .01940 0 3 3 0― -.138.40  .09 1.2276.17 5.2413.0222.34 4 917 2.52 8.8516.82 7
20260607일 3120011국532 6 35 4 3강 3351맑음양호 6 611블랙스펙터      한센    걸크러시 7625.00한수 5 0 0 1 1   68      24750국5배휴준허영희   0 41226143330 2 229  0오수철46256.061평입상55 55 552216.044.022.5 720 5 825 710 8101110 8112215 02957↘↗입14.337.638.713.8284838.238.0 76.6 76.2 18 18  011   14.10   13.70 2  1 -1NN동54.74381812-2.8 9.6 6.8484813 0일반주행부중잇점36기 0 6 9     8 8 8⑨1:16.61     .814.538.213.2  2 -3  .00 9 7 -2 1.44988215257 9 3 3 4027 1.03 7.02 2.0 2.6  2.0    5.3    7.1   70.5  .01626 0 4 3 0― -.338.00  .04 -.1476.23 5.2412.4222.45 41221 3.9511.9820.61 6
20260523토 3120011국524 8 75 5혼전 4451맑음다습13 611블랙스펙터      한센    걸크러시 7625.00한수 5 0 0 2 1   38      24750국5배휴준허영희   0 51125133329 2 228  0오수철46557.061평입보26 27 2720 4.035.011.2 720 5 825 710 8101110 8112215 02957↘↗입14.437.638.713.8264437.139.1 76.2 75.8 19 22  0 7   14.80   13.40 2 -2  1NB동54.74381812-3.010.0 7.0404013 0일반주행부중잇점49기 0 5 7     7 4 5⑦1:16.22     .714.139.013.7 -2  2  .00 7 9 -2 1.1414660565910 4 7 9026 7.06 3.09 2.2 2.7 28.4  250.7  629.4  132.6  .01611-1 1 1-1▽-1.237.90  .35 -.5076.23 1.86 5.1211.22 2 610 1.01 2.86 5.9510
20260509토 5120011국553 5 55 6 3강 3351맑음건조 5 611블랙스펙터      한센    걸크러시 7625.00한수 5 0 0 2 1   36      24750국5배휴준허영희   0 61024123328 2 227  0오수철46356.561평입상47 60 6031 8.041.013.4 720 5 825 710 8101110 8112215 02957↘↗입14.337.638.913.8343738.338.7 76.8 77.0 19 27  012   14.20   14.20 2  4 -1NN동54.74381812-2.4 9.6 7.2383813 0일반주행부중잇점27기 0 710     91010⑨1:16.81    1.914.838.613.4 -2  4  .00 911  2 2.2769146752710 7 810025 5.02 2.04 2.3 4.5  8.7   19.0   48.4   12.7  .01627-1 2 1-1▽ -.638.30  .18  .5076.34 2.96 7.7813.40 1 3 5 1.71 5.08 9.4610
20260425토 5120011국513 9 65 7 1강 1154맑음건조 3 611블랙스펙터      한센    걸크러시 7625.00한수 5 0 0 9 1   37      24750국5배휴준허영희   0 7 923113327 2 126  0오수철45957.061평입보23 25 2523 4.035.011.0 720 5 825 710 8101110 8112215 03350↘↗입14.437.638.613.7275236.839.3 76.6 75.8 16 24  012   14.20   14.30 3 -5  1HB동54.34351812-2.6 9.8 7.2383813 0일반주행부중잇점74기 0 3 7     7 5 4②1:16.64     .014.239.614.2 -7  4  .00 2 9  0  .7412767529010 310 9324 5.09 6.03 1.7 4.7 16.3  135.5  339.6   84.9  .01613-2 1 1-2▽-1.037.90  .41 -.4276.17 1.86 5.7211.00 1 3 7 1.11 3.05 7.2210
20260404토 5120011국544 7 95 8 1강 1153맑음양호 7 611블랙스펙터      한센    걸크러시 7625.00한수 5 0 0 1 1   59      24750국5배휴준허영희   0 8 822103326 2 125  0오수철45556.061평입상30 29 2923 6.036.019.3 720 5 825 710 8101110 8112215 03350↘↗입14.337.538.713.7354837.339.8 77.6 77.0 17 29  013   14.80   13.60 3 -1 -1NN동54.34351812-2.6 9.6 7.0414113 0일반주행부중잇점27기 0 8 6     4 4 7⑨1:17.62½  1.714.240.214.3  0  2  .00 9 9 -1 2.07654787833 9 3 5 8023 1.03 6.04 1.7 5.0  1.7    5.9    7.9    9.3  .01616-1 2 1-1▽ -.838.30  .18  .7776.17 4.1510.1319.31 2 612 1.54 5.8812.50 8
20260314토 5120010국551 5 55 9 1강 1151맑음양호 7 611블랙스펙터      한센    걸크러시 7625.00한수 5 0 0 2 1   59      24750국5배휴준허영희   0 9 721 93325 2 124  0오수철45356.561평입보34 29 2930 3.036.012.9 720 5 825 710 8101110 8112215 03350↘↗입14.337.538.813.7374438.038.7 76.3 76.5 22 30  013   14.30   13.70 2  5 -1BN동54.34351812-2.6 9.6 7.0414113 0일반주행부중잇점49기 0 910    10 8 8⑦1:16.32½  1.514.838.513.6 -3 -4  .00 710 -1 1.5638343663510 61010022 6.05 1.10 3.0 4.3 13.1   60.8  144.1  122.6  .01613-1 1 1-1▽ -.838.20  .29  .2176.23 2.43 6.3612.91 0 3 5  .12 1.81 4.6211
20260228토 5120011국544 5 9510 3강 3351맑음건조 3 611블랙스펙터      한센    걸크러시 7625.00한수 5 0 0 9 1   48      24750국5배휴준허영희   010 620 83324 2 123  0오수철45757.061평입하28 26 2633 4.035.0 8.6 720 5 825 710 8101110 8112215 03350↘↗입14.337.638.513.7305737.838.7 76.4 76.4 18 32  018   14.60   14.10 3 -7  0HL동54.34351812-2.2 8.6 6.4414113 0일반주행부중잇점28기 0 4 9     9 910⑧1:16.44    2.014.338.913.7 -3 -3  .00 811  2 2.4627649642411 51111021 4.05 5.01 3.1 8.9  6.2   18.1   31.9  127.4  .01614-2 1 1-2▽-1.138.10  .52  .3376.12 1.44 3.91 8.57 0 2 5  .75 2.19 5.1011
20260207토 4120011국554 810511혼전 4451맑음건조 2 611블랙스펙터      한센    걸크러시 7625.00한수 5 0 0 2 1   39      24750국5배휴준허영희   011 519 73323 2 122  0오수철46057.061평입상75 76 764517.046.016.0 720 5 825 710 8101110 8112215 03350↘↗입14.337.638.413.7336538.039.2 77.6 76.9 19 33  019   14.00   13.40 3  8  2VB동54.34351812-3.0 8.6 5.6515113 0일반주행부중잇점34기 01111     9 910⑩1:17.62½  2.414.639.714.1  1  1  .0010 9 -1 2.5758563801910 4 5 9020 7.08 1.06 3.2 8.8 10.7   52.4  142.9  166.0  .01631 0 3 1 0― -.338.20  .37  .8976.06 3.42 8.3415.97 2 610 3.31 9.7615.70 9
20260117토 5120011국531 4 3512혼전 4461맑음건조 5 611블랙스펙터      한센    걸크러시 7625.00한수 5 0 0 2 1   59      24750국5배휴준허영희   012 418 63322 2 021  0오수철45955.061평입보32 33 333611.044.018.2 720 5 825 710 8101110 8112215 04040↘↗입14.337.638.513.7305737.237.9 74.7 75.0 15 35  020   13.90   14.10 2  0 -1HN동54.24301812-1.8 8.6 6.8414113 0일반주행부중잇점48기 0 3 7     7 6 3②1:14.74     .014.038.113.4 -8  3  .00 210  2  .7164918187910 4 9 7319 3.10 1.03 1.6 3.1  5.4  130.1  211.8   43.9  .01937 0 2 3 0― -.237.60  .26-1.1076.12 4.15 9.8218.23 1 4 9 2.38 6.5912.68 9
20260103토 5120011국554 610513 1강 1151맑음다습13 611블랙스펙터      한센    걸크러시 7625.00한수 5 0 0 1 1   3813:35 24750국5배휴준허영희   013 317 53321 2 019  0오수철45655.561평입보39 34 3434 4.039.011.7 720 5 825 710 8101110 8112215 04040↘↗입14.337.638.513.7276137.039.9 75.8 76.9 11 32  021   13.80   13.70 2 -1 -2HN동54.24301814-2.0 9.2 7.2373713 0일반주행부중잇점23기 0 3 8     6 6 7⑧1:15.81½  1.213.939.814.1  0  0  .00 8 8 -2 2.5733780734411 4 610218 1.05 1.09     7.8  3.0    8.9   16.8  159.4  .01620 0 1 1 0― -.938.20  .43  .7776.12 2.52 6.0711.69 0 2 5  .66 2.14 5.6011
20251221일 5120011국524 2 7514 3강 3341맑음다습14 611블랙스펙터      한센    걸크러시 7625.00한수 4 0 0 2 1   2913:35 24750국5배휴준허영희   014 216 43320 2 019  0오수철45657.061평입보42 33 3326 4.035.0 8.3 720 5 825 710 8101110 8112215 04040↘↗입14.437.638.513.7295737.638.6 75.0 76.5 11 28  011   14.30   14.40 2 -7  1HB동54.24301814-2.2 9.2 7.0393913 0일반주행부중잇점51기 0 4 8     9 7 7⑦1:15.01    1.513.838.413.7 -3 -3  .00 710  4 1.5646546553311 21011017 6.01 8.06     2.6 25.0    8.0   48.7   15.4  .016 9-3 1 1-3▼-1.138.10  .55  .4176.12 1.24 3.63 8.34 0 2 5  .81 2.59 6.1411
20251206토 6120011국544 4 9515 2강 2251흐림양호 9 611블랙스펙터      한센    걸크러시 7625.00한수 4 0 0 1 1   61      24750국5배휴준허영희   015 115 33319 2 018  0오수철45956.061기입적54 53 5334 4.040.017.3 720 5 825 710 8101110 8112215 04040↘↗입14.437.638.613.7355237.938.6 76.2 76.4 18 35  018   14.00   13.60 2  8 -1VN동54.24301814-2.210.2 8.0373713 0일반주행기복전력27기 011 7     7 7 6⑤1:16.21    2.014.339.114.4 -1 -1  .00 5 6 -3 2.35978436123 8 5 6 8016 1.02 5.03 3.1 4.0  3.1    4.0    6.5    3.7  .01627 0 2 2 0― -.538.10  .23  .1976.17 3.71 9.9617.25 2 817  .81 2.67 6.69 8
20260823일 7120011국4 4 4  4 0혼전 4451           7 1화산귀환        프리덤차오버파워 8823.00한수 5 0 0   1    015:40 33000국4박재우씨유네트-1 016 12332 1 1 732  0빅투아   57.591우자보50 58 584330.045.021.73153141944 9222625382214222818303040→→선13.837.038.414.05661                   33 50 2525   14.10   12.80 5 -2  0UL동55.24831612-2.2 6.2 4.0656512 0승부최상최적거리57기 1 1                            14.1    12.8        .0                       7 4 7 7  1                                              .03444-2 5 6-2▽ -.538.40  .54     75.72 6.7314.3021.71 41118 7.3216.3925.60 6
20260718토 7120010국552 6104 1 1강 1151흐림불량20 7 1화산귀환        프리덤차오버파워 8823.00한수 5 0 0 2 1   85      33000혼4박재우씨유네트-1 115 22232 3 1 731  0마이아48457.593평자상66 70 707987.075.063.03452161944 92226473022143532 8303040↘↗선13.836.938.614.0654837.737.7 73.9 75.2 35 48 2622   13.90   13.90 3 -5  0HL동55.24831612-2.6 7.0 4.4636314 0적정체중승부최상 5   0 3 8     8 7 5③1:13.91½   .314.136.912.8  2 -1  .00 3 1 -5  .72075132671 4 4 4 13 4 7.10 8.01 3.4 8.4 10.5  233.0  367.3  355.7  .06295 4 9 9 4☆ 2.538.40 -.70 -.3375.7839.9754.5662.9637587117.6934.7243.26 1
20260627토 6120011국454 3104 2혼전 4451맑음건조 4 7 1화산귀환        프리덤차오버파워 8823.00한수 5 0 0 9 1   55      33000국4박재우씨유네트-1 214 12132 2 1 730  0마이아48557.593평자상70 72 726867.069.040.73452161944 92226473022143532 8332244↘↗선13.836.938.814.0634136.639.1 74.0 75.9 36 45 2718   13.80   13.40 5  7  0NL동54.94831612-1.4 6.8 5.4515114 0승부최상탄력호전45기 0 8 8     5 3 2③1:14.02     .413.938.013.9 -3 -9  .00 3 6 -1  .44217583467 5 8 9 12 3 5.02 1.04 2.3 5.4 11.6   22.4   55.0  105.112.73476 2 8 8 2▲ 1.438.60 -.18  .2375.8915.8529.4540.74345366 9.3219.3530.95 5
20260524일 9120011국551 5104 3혼전 4451맑음다습10 7 1화산귀환        프리덤차오버파워 8823.00한수 5 0 0 2 1   62      33000국5박재우씨유네트-1 313 42032 1 1 629  0마이아49457.593평자보46 46 468564.071.056.03452161944 92226473022143532 8381350↘↗선13.836.938.714.1644436.938.3 73.9 75.3 33 48 2919   14.10   14.00 3-10  5UBDN54.64811612-1.4 7.0 5.6464614-2숨은복병승부최상62기 0 1 2     5 3 1②1:13.9¾    .013.837.613.4 -5 -4  .00 2 7  0  .22330332083 3 6 6 22 2 1.07 7.01 3.0 5.9  3.0   14.1   19.7   19.010.64492 3 8 9 3▲ 1.738.40 -.55 -.3175.8423.5142.1055.9517375316.6728.4244.52 2
20260503일 5140010국454 8104 4혼전 4441비  다습10 7 1화산귀환        프리덤차오버파워 7423.00한수 5 0 0 1 1   46      33000국4박재우씨유네트-1 412 3 332 2 1 628  0조성환49853.053평자보22 35 352214.038.011.0 718 61944 92226 0 02214101620381350↘→추13.836.839.614.1602237.039.9 88.6 89.2 35 45 3020   13.70   14.50 5  5 -1BHDN54.64811612-1.4 7.0 5.6494914-2일반주행최적거리40기 011 8     4 7 6⑤1:28.61½  1.214.139.514.0 -2  3  .00 5 7 -3 1.65648646147 9 6 8100 2 5.02 1.05 3.1 7.6  7.1   12.1   27.0   12.1  .01625 0 3 4 0― -.939.20  .3812.7588.86 2.38 5.6810.95 1 4 8 2.42 7.9714.5210
20260329일 7160010국451 8 54 5혼전 4451맑음건조 3 7 1화산귀환        프리덤차오버파워 7423.00한수 5 0 0 9 1   88      33000국4박재우씨유네트-1 511 2 132 1 1 627  0조성환49553.553평자보59 54 541432.045.023.0 718 61944 92226 0 02214101620381350↘→추13.836.440.114.1632436.241.1103.4104.1 37 47 2621   13.80   13.60 3 -2  0NHUP54.64811612-1.2 6.4 5.2505014 4가격혈통단기승부40기 0 6 5   5 5 5 5⑦1:43.4코    .913.741.014.5 -3 -4  .00 710  5 1.07430807955 4 9 7 72 1 3.01 2.03 2.8 3.4  6.1    6.6   15.4    4.8  .02526 0 5 5 0― -.140.10  .0627.55103.3 5.2613.1022.99 3 917 5.5615.3123.30 7
20260308일 6120011국444 6 94 6혼전 4451맑음다습13 7 1화산귀환        프리덤차오버파워 8823.00한수 5 0 0 2 1   47      33000국4박재우씨유네트-1 610 11932 1 1 626  0권중석49953.567평자하33 19 195814.040.014.51341 61944 9222613 02214191818381350↘→선13.837.038.314.0556937.238.7 74.6 75.8 39 50 2822   14.00   15.00 4  2 -4NHDN54.64811412-1.8 6.4 4.6545414-1일반주행가격혈통47기 1 8 7     6 7 3⑤1:14.62½   .613.838.113.6  0  4  .00 5 5  0 1.73847444164 7 410 90 3 1.08 2.04 2.0 5.4  2.0   22.3   31.8   88.2  .01647 0 3 4 0― -.638.50  .79  .4675.67 3.06 8.4414.52 1 4 9 3.8511.3019.29 7
20260207토 7130011국534 3 84 7혼전 4441맑음건조 2 7 1화산귀환        프리덤차오버파워 7423.00한수 5 0 0 2 1   67      33000국5박재우씨유네트-1 7 916 432 1 1 625  0해리카49557.566우자보61 67 675628.045.019.41444111944 9222622182214172612381350↗→입13.837.039.114.1755737.441.6 83.1 84.6 41 53 2418   14.10   13.40 4  4  4NBUP54.64811412-2.8 6.8 4.0666613 1탐색주행최적거리80기 1 6 7     7 7 8⑧1:23.12½  3.414.040.715.0  3-13  .00 8 5  2 3.585399492 7 7 4 4 80 4 1.02 2.01 2.8 3.9  2.8    3.9    7.1    3.813.23056 0 4 4 0― -.440.40  .73 8.5082.71 5.2011.7319.35 2 714 4.1712.0921.36 7
20260111일 6120011국413 6 64 8혼전 4451맑음양호 6 7 1화산귀환        프리덤차오버파워 8823.00한수 5 0 0 2 1   68      33000국4박재우씨유네트-1 8 8151832 1 1 624  0권중석50853.567평자상55 61 615625.051.022.91341 61944 9222613 02214191818381350↘→선13.837.138.414.0536137.438.3 76.1 75.7 41 47 3524   13.90   14.6010 -3 -4UH동54.64811412-2.0 6.6 4.6626213 0가격혈통가격혈통48기 0 2 7     7 7 6⑤1:16.11     .414.138.413.4  2  3  .05 5 3  0  .8376331397110 5 8 60 2 7.01 7.09 1.4 4.9 19.8    8.2   33.9   21.2  .02547 0 5 6 0―  .038.40  .45  .1875.78 7.0414.3722.88 41118 6.5914.2121.43 8
20251101토 9120011국454 4104 9혼전 4451맑음건조 5 7 1화산귀환        프리덤차오버파워 8823.00한수 4 0 0 1 2  21117:00 33000국4박재우씨유네트-1 9 7141732 1 1 623  0해리카50557.572평자상77 71 716544.058.028.61557 61660 5222622182214172612381350→↗입13.837.038.514.0556137.338.8 76.5 76.4 41 53 3524   14.10   13.30 6  1  4NB동54.64811412-2.0 6.6 4.6626213 0가격혈통가격혈통66기 0 5 7     6 5 4⑥1:16.53     .913.939.614.6  3  7  .04 6 3 -5  .95955525352 8 3 5 42 3 2.08 8.04     5.5  4.0   86.0  142.0  974.1  .02559 0 6 7 0―  .638.70  .28  .8875.78 8.5817.9428.59 82234 7.8716.4125.57 4
20250920토 7120011국434 2 8410 2강 2231맑음포화16 7 1화산귀환        프리덤차오버파워 8823.00한수 4 0 0 2 2  278      33000국4박재우씨유네트-110 6131632 1 1 622  0권중석49853.560평자보57 62 6254 8.042.014.71575 01660 5222613 02214191818431443→↘선13.836.938.714.1644437.537.6 73.3 75.5 44 50 3819   14.10   13.40 4 -5 -4HH동54.74791412-2.0 7.0 5.0575713 0착차만회가격혈통 5기 0 4 7     6 6 3③1:13.34     .714.136.813.3 -5  9  .00 3 8  1  .82763111758 6 7 6 93 1 1.02 1.11 2.4 3.2  2.4    3.2    5.5   16.9  .02238-3 3 2-3▽ -.838.50  .63 -.1075.84 2.80 7.2314.73 41118 1.63 5.04 9.71 8
20250824일 9120011국412 1 6411혼전 4441맑음건조 4 7 1화산귀환        프리덤차오버파워 8823.00한수 4 0 0 2 2  350      33000국4박재우씨유네트-111 5121532 3 1 621  0코지  48957.588평자상65 60 605431.057.024.72255 91660 5222620102214233119431443→↗입13.836.938.814.1653737.737.7 74.0 76.2 47 53 4013   14.00   13.80 5  3 -1LNDN54.74791412-2.0 7.6 5.6494913-2착차만회탄력호전43기 0 9 8     8 8 6⑤1:14.01     .714.137.313.4 -2 -1  .00 5 7  0 1.55372142658 7 9 9 73 3 4.01 1.02 1.8 5.9  8.8    5.9   19.1    9.9  .02242 0 5 5 0―  .438.70  .28  .5075.89 7.0715.1424.66 41118 5.0411.6720.83 7
20250719토 6140010국454 2 5412혼전 4451흐림포화19 7 1화산귀환        프리덤차오버파워 7423.00한수 4 0 0 2 3  44915:35 33000국4박재우씨유네트-112 411 232 2 1 620  0코지  49058.093평자하25 34 345132.058.027.82947 61428 3222620102214233119431443↘→입13.736.639.714.1791736.939.5 86.2 88.4 50 50 4314   13.70   15.20 5  2  1NN동54.74791412-2.6 8.0 5.4515113 0교체실패탄력호전52기 1 6 8     6 6 4⑤1:26.22½   .714.038.413.8 -2 -6  .00 5 7  4 1.62736554557 6 8 8 62 2 3.06 1.02     5.0  4.8   20.0   33.6   20.2  .02048 0 6 7 0―  .639.20 -.0112.1088.80 7.6517.0927.83 51222 4.4213.8922.22 7
20250615일 7140011국440 6 9413혼전 4451맑음건조 3 7 1화산귀환        프리덤차오버파워 7423.00한수 4 0 0 2 3  53915:15 33000국4박재우씨유네트-113 310 132 1 1 619  0코지  49657.093평자하55 57 577265.066.038.42947 61428 3222620102214233119431443↘→입13.736.539.714.1831736.140.7 89.3 89.5 50 50 4314   14.00   12.70 6 -5  2HBUP54.74791412-1.8 7.4 5.6454513 2마방연대거리부담54기 1 4 2     2 2 3⑦1:29.3¾    .913.740.615.2  4  5  .01 7 3 -2 1.963 4845955 1 7 5 41 1 9.07 6.08     5.0 42.8  308.3  836.9  425.2  .03788 3 7 8 3▲ 1.339.50 -.2213.2588.7312.3725.3838.3610223511.9624.8737.00 4
20250503토 8120011국414 3 6414혼전 4451맑음포화18 7 1화산귀환        프리덤차오버파워 8823.00한수 4 0 0 1 4  67017:00 33000국4박재우씨유네트-114 2 91432 1 1 518  0문세영49155.573평입하38 48 487448.060.030.2455525215010222643 02214293615501733→↘입13.736.739.214.3842437.437.0 73.7 74.8 46 46 46 8   14.10   14.60 7 -2 -1LN동54.64771312-1.8 6.6 4.8545413 0승부최상마방연대 1기 0 9 9     8 5 2②1:13.71¼   .014.037.012.7 -3 -4  .00 2 5  2  .21059 3 587 410 8 53 1 1.05 6.09     5.1  1.3   13.0   17.3   32.4  .03772 0 6 6 0―  .838.50  .03-1.0776.00 8.9219.0830.1512274110.4218.1025.82 6
20250315토 6120011국422 6 7415 3강 3354맑음양호 6 7 1화산귀환        프리덤차오버파워 8823.00한수 4 0 0 2 5  81915:15 33000국4박재우씨유네트-115 1 81332 1 1 517  0장추열49556.093우입상51 66 668084.066.053.82638 3254019222633192214202722501733↘↗입13.736.739.214.3852736.739.7 76.5 76.5 46 46 46 8   14.30   14.1012  8  0VN동54.64771312-1.6 5.4 3.8646413 0전개최상승부최상 1기 111 9     4 4 3⑦1:16.51½  1.014.139.814.6  4  4  .03 7 3 -4 1.36322786251 2 9 1 12 4 1.05 9.01     6.0  1.8    7.3   11.6   69.112.24493 3 9 9 3★ 1.439.00 -.66  .6076.0024.6342.1853.7720425725.7444.6758.98 2
20260823일 7120011국4 4 4  6 0혼전 4451           7 2퀀텀케이        한센    금빛환희 7625.00한수 4 0 0   1    015:40 33000국4송문길강경운   1 015 2 214 1 2 414  0김정준   54.573강자보50 73 737355.051.027.2153710204111282324 526281420264060 0↗↗추13.837.338.013.44592                   70 70  040   13.70   13.9014 -5  1HNDN54.55051613 -.6 2.8 2.2838312-4부중유리작전마주43기 0 2                            13.7    13.9        .0                       9 2 2 5  1                                              .03185 0 6 5 0―  .038.00  .45     75.67 9.5518.0427.23 8172812.2027.3238.91 1
20260517일 6160010국432 9 86 1혼전 4451맑음건조 3 7 2퀀텀케이        한센    금빛환희 6130.00한수 4 0 0 2 2  256      33000국4송문길강경운   1 114 1 114 1 2 413  0우인철49753.563강자하78 78 781468.062.040.81520 7365425282333 026281027234060 0→↘입13.836.639.113.4487336.639.6103.3102.8 67 78  044   13.40   14.00 5  5 -3BHUP54.55051613 -.6 3.0 2.4808012 3편성탐색작전마주48기 0 7 4   4 4 5 5③1:43.31     .013.740.213.9  0 -1  .00 3 3  1 1.54660485392 6 3 4 32 1 1.06 3.09 2.2 3.4  2.2   11.0   15.2   14.4  .04083 3 8 9 3▲ 1.039.10  .0027.12102.915.4328.7840.7912264112.8423.5836.34 4
20260411토 9130011국530 2 86 2혼전 4451맑음다습13 7 2퀀텀케이        한센    금빛환희 6130.00한수 4 0 1 2 1   95      33000국5송문길강경운   1 213 3 714 3 2 412  1이동하49856.591강자보85 91 918876.064.039.43254142041112823302826282524194060 0↗↘선13.937.538.713.4449237.040.1 81.1 83.3 67 89  056   13.60   14.00 5 -1  1HLDN54.55051413 -.4 3.0 2.6808012-1일반주행부중편성54기 1 2 2     5 3 5⑤1:21.15     .913.439.614.0  3 -1  .09 5 2  1 1.15220745552 8 1 3 42 3 1.07 4.10 2.6 3.3  2.6   12.8   20.4  127.810.53783 3 8 8 3▲ 1.139.60  .12 7.1082.7813.0826.3439.4310223518.1832.6937.22 3
20260308일 7140011국552 9 56 3 3강 3351맑음다습13 7 2퀀텀케이        한센    금빛환희 6130.00한수 4 0 1 2 1   88      33000국5송문길강경운   1 312 2 514 2 2 411  1이동하49955.591우자보95 95 958388.069.049.83254142041112823302826282524194060 0↗↘선13.837.238.913.4377637.039.6 88.3 88.1 67 89  056   13.80   13.20 5  2  3HNUP54.55051413 -.4 3.0 2.6808012 2승부최상작전마주79기 1 3 1     2 2 1⑤1:28.3½    .013.639.614.0  4 -7  .09 5 1 -1  .21946565292 8 2 1 21 211.10 9.08 2.7 4.9 61.0  847.8 1562.5 1822.612.24190 3 9 9 3★ 1.538.50 -.4712.0288.6619.4038.6249.8015314727.0844.2357.73 1
20260201일 6120011국453 5106 4혼전 4451맑음건조 2 7 2퀀텀케이        한센    금빛환희 7625.00한수 4 0 1 1 1   78      33000국4송문길강경운   1 411 1 114 1 1 410  1이동하50653.091우자보95 98 988479.063.040.73254142041112823302826282524192575 0↗↘선13.837.538.113.4319137.037.6 73.9 74.6 63 63  050   13.80   12.90 5 -1  1UNDN54.95051413 -.4 3.0 2.6808014-1부중유리승부최상 5기 0 1 3     2 3 2①1:13.9½    .013.837.513.2 -1 -1  .00 1 2  0  .0 83611 78511 3 2 21 1 2.03 1.09 2.9 6.5  4.0   10.7   21.7   59.910.54495 2 8 9 2▲ 1.037.60 -.12 -.9875.8415.9829.2940.7012264116.9835.2450.15 1
20251227토 6130011국541 3 96 5 1강 1151흐림다습14 7 2퀀텀케이        한센    금빛환희 6130.00한수 3 0 0 9 1  10114:25 24750국5송문길강경운   1 510 7 614 1 1 3 9  0권중석50752.067우자보86 92 927387.060.039.81341 62041112823 0 026281918183367 0↘→선13.837.538.813.5458537.538.0 80.3 81.6 57 57  043   13.90   13.70 5 -6 -3HUDN55.85041413 -.4 2.8 2.4838314-1일반주행작전마주45기 0 2 2     4 3 2②1:20.3목    .013.837.412.9  0  5  .00 2 2  1  .0 647121083 7 3 1 22 1 1.02 6.02     4.2  1.8    4.2    5.2   14.412.03080 2 8 7 2▲ 1.139.20  .03 5.2782.8413.8426.9939.7620395526.5349.2661.39 1
20251122토 5140011국550 8 56 6 3강 3351맑음건조 3 7 2퀀텀케이        한센    금빛환희 6130.00한수 3 0 0 2 1  10613:35 24750국5송문길강경운   1 6 9 6 414 2 1 2 8  0유승완50255.070강입보60 74 746476.060.043.11960 82041112823302426281527223367 0→↘입13.837.339.113.5277336.638.3 88.6 87.2 50 67  033   14.00   13.30 5  7  1BNUP55.85041413 -.8 3.2 2.4838314 1승부최상작전마주73기 1 8 2     2 2 1②1:28.6¾    .013.938.813.7  1  2  .00 2 1 -5  .1 31915 489 9 4 2 31 5 2.01 7.08     4.1  3.6    4.1    8.2   12.412.13467 1 8 7 1▲  .838.20 -.4710.7788.8615.4929.4343.0812264123.6840.4854.85 1
20251019일 4130010국513 3 66 7혼전 4451맑음포화17 7 2퀀텀케이        한센    금빛환희 6130.00한수 3 0 0 2 2  206      24750국5송문길강경운   1 7 8 5 514 1 1 2 7  0유승완50054.566우자하79 81 818466.065.036.31233 83654252823302426281527223367 0→→입13.837.738.813.4338937.739.1 81.4 83.4 60 80  040   13.90   13.30 5 -1  0UH동55.85041413-1.2 4.0 2.8808013 0승부최상승부최상47기 1 1 6     6 7 4③1:21.41     .214.038.213.3 -3 -6  .00 3 6  5 1.5575345457111 3 4 43 4 1.02 7.03 2.1 7.5  2.1    7.5   12.2   17.8  .04493 3 8 9 3▲ 1.239.50  .02 6.9282.9712.1724.2636.28 8172810.7422.0338.87 6
20250914일10130010국551 2106 8 2강 2251맑음다습12 7 2퀀텀케이        한센    금빛환희 6130.00한수 3 0 1 2 2  286      24750국5송문길강경운   1 8 7 4 414 3 1 2 6  1장추열50654.593강자보86 89 898187.070.057.53451183654252823303226282027223367 0↗↘입13.837.738.813.4328938.038.7 81.2 82.5 60 80  040   13.70   13.20 6  0  0HH동55.85041413-1.5 4.0 2.5828213 0승부최상승부최상48기 1 2 7     7 6 7⑥1:21.21     .713.938.213.3  5  1  .09 6 1 -3  .72569304256 8 3 1 20 3 3.02 8.09 2.9 6.6  4.7    6.8   14.8   23.2  .04994 4 9 9 4☆ 1.739.30 -.56 6.0382.9726.0944.5057.4921415721.1442.1955.19 2
20250803일 4130010국550 5106 9혼전 4451흐림건조 3 7 2퀀텀케이        한센    금빛환희 6130.00한수 3 0 1 1 2  39912:15 24750국5송문길강경운   1 9 6 3 314 2 1 2 5  1장추열50554.593강자보76 87 878478.069.049.03451183654252823303226282027225050 0↗↘입13.937.838.813.6289137.738.4 82.1 82.1 75 75  050   13.70   13.80 5  1  1HNDN56.55041414-2.0 4.7 2.7828213-1부중유리승부최상74기 1 2 2     3 3 3④1:22.12     .413.738.413.2  0  0  .00 4 4  2  .71455212269 9 3 2 12 2 7.01 9.10     6.2 15.2   22.1   58.5   31.2  .04997 4 9 9 4☆ 1.639.10 -.40 5.5483.0321.1736.7949.0434536615.2528.4542.86 4
20250628토 5140011국541 7 9610 1강 1151흐림다습11 7 2퀀텀케이        한센    금빛환희 6130.00한수 3 0 1 9 3  51014:40 24750국5송문길강경운   110 5 2 314 1 1 1 4  1장추열50554.093우입하53 50 508755.063.041.12947 42431132823303226282027225050 0↘↗입13.937.538.913.2219137.039.3 88.3 88.4 67 67  067   13.60   14.70 5 -8 -1UU동56.55041413-3.0 6.5 3.5727213 0승군탐색작전마주52기 1 1 2     7 7 4②1:28.37     .013.739.113.8  0  5  .00 2 2  1 1.22840463787 9 1 5 23 1 1.0211.01     5.6  2.5    5.6    9.4   42.9  .02890 0 7 8 0▲ 1.138.30 -.4112.0288.8613.6927.4841.1120395510.8725.7738.64 4
20250525일 3140011국540 7 9611 1강 1151맑음다습10 7 2퀀텀케이        한센    금빛환희 6130.00한수 3 0 1 2 4  60211:25 24750국5송문길강경운   111 4 1 214 3 1 1 3  1유승완50054.580평입보79 85 855977.064.039.31123 61833132823302426281527225050 0↘↗입13.937.639.013.2128736.740.7 90.0 89.8 67 67  067   14.20   13.20 5  4 -3BU동56.55041413-5.010.0 5.0606013 0기습선행작전마주54기 1 9 1     3 3 5⑧1:30.0½   2.213.640.414.7  7 -2  .02 8 1  0 2.6732484742210 4 2 20 3 4.03 3.05     5.8  5.8    7.2   16.5    9.6  .03963 0 7 7 0―  .938.50 -.4913.2289.0014.1026.9639.2717375317.1435.0747.88 3
20250420일 31400 9국610 9 1612 2강 2259맑음양호 9 7 2퀀텀케이        한센    금빛환희 6130.00한수 3 0 1 2 4  70711:25 16500국6송문길강경운   112 3 3 114 2 0 1 2  1유승완50257.080우입보99 35 3589  .072.082.91123 6183313282330242628152722 099 0↘↗입13.937.039.113.2589138.237.4 90.3 88.3 50 50  050   13.90   13.60 5  0  1NVUP56.05051413         2.0    13 1교체성공작전마주 1기 0 5 1     1 1 1①1:30.311  -1.914.238.313.2  0 -3  .00 1 1 -2  .02493 21798 2 2 9 21 2 1.03 5.03     2.9  1.1    2.9    3.2    5.4  .03786 3 8 9 3▲ 1.638.80-1.3312.2088.6635.3463.4482.9220425723.0840.7499.00 2
20250315토 11300 8국650 6 5613 1강 1155맑음양호 8 7 2퀀텀케이        한센    금빛환희 6130.00한수 3 0 0 2 5  82410:35 24750국6송문길강경운   113 2 2 214 1 0 0 1  0유승완50556.083평무상66 35 3545  .058.048.3285314274315282330242628152722      →↘입14.337.939.613.8306137.338.1 82.6 81.4  0  0  0 0   14.30   14.10 5 -1  0NH동       1313         5.0    13 0최빈거리부중잇점 1기 1 5 5     5 4 2②1:22.62½   .013.939.213.6 -1  2  .00 2 3 -7  .4 33613 786 5 6 6 32 1 1.03 6.05     4.7  2.6    6.9   13.6   13.9  .01865 0 5 6 0―  .538.80 -.92 3.9083.6113.7530.5548.2715314713.4826.0441.56 4
20250208토 1130011국631 8 8614 3강 3355맑음건조 5 7 2퀀텀케이        한센    금빛환희 6130.00한수 3     1 5  93210:35 24750국6송문길강경운   114 1 1 114 1 0 0 0  0김용근50356.087평무보43 35 3534  .056.025.81630 8274315282329432628312614      →↗선15.338.539.013.0 89637.939.1 84.4 83.0              15.30   13.30        LN동       13 0         4.0     0 0일반주행거리속성 1기 1 6 6     7 7 8⑤1:24.41     .714.340.214.1 -5  4  .00 510  0 1.0446645556011 510 60 1 3.02 4.05     4.9  3.9    7.3   14.4   31.413.21853 0 5 6 0―  .438.60 -.31 5.5483.61 6.5215.1125.76 41221 8.5717.4631.02 6
20260823일 7120011국4 4 4  4 0혼전 4451           7 3라온파이널      머스킷맨라온챔버 8625.00한암 3 0 0   1    015:40 33000국4이강서손천수   1 010 1 7 9 1 2 1 9  0조한별   53.063기선보50 47 479563.060.043.81421116488432064 0 050 012211899 0 0→↘입13.536.439.013.09727                   43 43 86 0   13.20   14.9012 -2  1HVDN52.84651312  .4 3.8 4.2636312-1전개최상전개최상55기 0 3                            13.2    14.9        .0                       1 7 9 1  1                                            12.74188 2 7 9 2▲  .839.00 -.10     75.7217.1030.5843.8334536617.0726.2341.98 2
20260531일10130010국554 4104 1혼전 4451맑음양호 6 7 3라온파이널      머스킷맨라온챔버 7230.00한암 3 0 0 9 2  212      41250혼4박종곤손천수   1 1 9 7 3 9 1 2 1 8  0우인철47452.563우도하53 58 589544.052.024.01520 7295313283127 027 910272399 0 0→↘입13.636.639.613.0983736.341.2 82.9 83.8 50 50 83 0   13.40   14.00 6  3 -1NHUP52.84651312  .2 3.2 3.4717112 1전개최상전개최상43기 0 5 1     1 1 2⑤1:22.94    1.013.241.014.9  0 -2  .00 5 5  2 1.172 3916949 1 9 7 61 1 1.03 8.11 3.0 6.6  3.0    8.4   12.3   29.3  .04178 0 6 5 0―  .240.70  .53 7.6382.78 6.7715.5824.00 51221 7.6915.7624.76 6
20260418토 7120011국534 4 84 2혼전 4451맑음건조 5 7 3라온파이널      머스킷맨라온챔버 8625.00한암 3 0 0 2 1  116      33000국5박종곤손천수   1 2 8 6 6 9 5 2 1 7  0조재로47653.588우도적87 88 889484.069.040.73352143550222831454827 919252299 0 0↗↘입13.536.539.513.0952236.239.6 75.0 75.9 60 60 80 0   13.50   13.30 5 -9  1HN동52.84651312 1.6 2.8 4.4666612 0전개최상전개최상60기 0 2 1     1 1 2④1:15.01¾  1.113.439.314.0  1  7  .00 4 3 -3 1.143 6744247 3 8 1 31 5 1.04 6.01 2.4 4.5  2.4   10.9   14.4   91.110.54189 3 9 9 3★ 1.439.00 -.34 -.1376.0614.1928.0840.7120425724.3040.0045.55 1
20260314토 8120011국554 4104 3 3강 3351흐림양호 7 7 3라온파이널      머스킷맨라온챔버 8625.00한암 3 0 0 2 1   98      33000국5박종곤손천수   1 3 7 5 5 9 4 2 0 6  0조재로46952.588기도적29 29 299664.067.057.23352143550222831454827 919252299 0 0↗↘입13.636.539.113.3951336.638.3 74.6 74.9 50 50 75 0   13.40   15.70 5  1  0VHDN53.04631312 3.0 2.0 5.0616112-1인기탐색전개최상37기 011 1     1 1 1②1:14.6목    .013.538.213.3 -4 -1  .00 2 6  2  .11216301182 110 9 11 4 1.06 7.11 2.2 5.5  2.2   13.0   18.7   34.512.24189 3 8 9 3▲ 1.438.70 -.58 -.6975.8424.8643.5657.1920425718.5732.7048.46 2
20260207토 7130011국534 3 84 4혼전 4451맑음건조 2 7 3라온파이널      머스킷맨라온챔버 7230.00한암 3 0 0 2 1   88      33000국5박종곤손천수   1 4 6 4 2 9 3 2 0 5  0조재로47052.588기도적53 64 648783.069.056.23352143550222831454827 919252299 0 0↗↘입13.636.640.413.3971036.742.6 83.9 85.4 50 50 75 0   13.30   13.60 5  9  0BHUP53.04631312 4.0 2.3 6.3484812 1전개최상마번불리43기 010 4     4 5 9⑩1:23.93    4.213.441.715.7  6  9  .0910 4  3 4.393 99894 4 111 6 10 3 1.02 2.01 2.8 3.9  2.8    3.9    7.1    3.8  .03775 3 8 9 3▲ 1.541.00 -.84 8.4183.2924.6445.1156.1634536619.7935.3549.23 1
20260103토 5120011국554 6104 5 1강 1151맑음다습13 7 3라온파이널      머스킷맨라온챔버 8625.00한암 3 0 0 1 1  101      24750국5박종곤손천수   1 5 5 3 4 9 2 1 0 4  0조재로46152.588기선적46 47 479891.069.046.83352143550222831454827 919252299 0 0↗↘입13.636.540.013.9931036.038.4 73.3 74.3 33 33 67 0   13.40   14.30 5-10  1UN동53.54651312 4.0 2.3 6.3484812 0전개최상전개최상45기 0 1 1     1 1 1①1:13.38   -1.313.338.313.6  0 -9  .00 1 1 -2  .0 4 335 597 111 5 21 2 1.05 1.09 3.0 7.8  3.0    8.9   16.8  159.412.04190 2 9 9 2▲ 1.438.50 -.79-2.1776.3417.2033.4646.8317375323.8440.5756.00 2
20251130일 4120011국524 4 74 6혼전 4451흐림다습10 7 3라온파이널      머스킷맨라온챔버 8625.00한암 2 0 0 9 1   9612:45 24750국5박종곤손천수   1 6 4 2 3 9 1 1 0 3  0조재로47052.088기선보39 39 399374.068.051.83352143550222831454827 919252299 0 0↗↘입13.636.639.613.9891936.539.6 75.3 76.2 33 33 67 0   13.50   14.20 5  0  0VUDN53.54651312 3.5 1.5 5.0565612-1연대우수전개최상68기 111 5     4 5 5⑥1:15.3목   1.013.439.814.3  3 -1  .09 6 3 -1 1.05413745049 210 7 22 1 1.02 1.07     2.4  2.2    2.4    4.3    5.7  .04193 3 8 9 3▲ 1.439.00 -.77  .0076.1721.2438.7351.8017375320.8337.3646.23 2
20251025토 5130011국553 2104 7혼전 4451맑음건조 5 7 3라온파이널      머스킷맨라온챔버 7230.00한암 2 1 1 9 1  194      24750국5박종곤손천수   1 7 3 1 1 9 3 1 0 2  1최범현47152.093기도보87 77 777392.070.051.83259133550222831405227 919321799 0 0↗→입13.636.840.713.987 636.840.6 83.1 83.9 50 50 50 0   13.40   14.20 8  2 -2VUUP53.54651312 8.0 1.0 9.0191912 1연대우수연대우수 5   011 3     4 4 7⑨1:23.14    1.713.540.414.2  5  6  .00 9 4  2 1.97215846629 211 3 10 3 2.10 4.06 2.1 6.6  5.0   92.7  163.2   59.612.73778 2 9 9 2▲ 1.540.50-1.04 6.4483.6122.6141.9251.8434536632.7450.8562.28 1
20250830토 4120010국640 8 44 8혼전 4456맑음불량20 7 3라온파이널      머스킷맨라온챔버 8625.00한암 2     9 2  344      16500국6박종곤손천수   1 8 2 2 2 9 2 0 0 0  0최범현46553.593하무하27 27 2762  .068.054.13169192953132831405227 9193217      ↘↗입13.637.040.414.673 636.238.6 74.4 74.6  0  0  0 0   13.90   13.10 5  4  0BH동       1212         1.0    12 0최빈거리연대우수31기 0 9 2     2 2 2①1:14.41¼  -.213.438.914.2 -1 -6  .00 1 2  1  .0 7 5451191 310 5 31 2 2.01 9.01 1.9 3.6  3.9    3.6    7.9    4.0  .03761 1 7 6 1― 1.338.10-1.50-2.7976.8419.8538.2454.0534536614.4625.1454.30 6
20250727일 2120011국640 8 94 9혼전 4451맑음건조 3 7 3라온파이널      머스킷맨라온챔버 8625.00한암 2     9 3  42411:05 16500국6박종곤손천수   1 9 1 1 1 9 3 0 0 0  0최범현47153.591평무보   25 2540  .072.056.13650292446 62831405227 9193217      ↘↘입13.436.738.514.2    37.040.6 79.2 77.3              13.40   14.50        LN동       12 0                 0 0일반주행마방기습45기 1 5 4     3 5 8⑨1:19.21¼  2.213.641.714.9  8 -3  .00 9 1  0 3.38138908621 1 111 10 1 4.07 8.06     5.0  6.7   64.9  122.0   82.510.63779 3 8 9 3▲ 1.739.20 -.33 2.0975.6125.7742.6956.1134536613.9524.3186.80 4
20260823일 7120011국4 4 4  4 0혼전 4451           7 4거센폭주        섀클포드테이터톤 7020.00한수 4 0 0   1    015:40 33000국4이신우강석대  -1 016 11016 1 3 216  0푸르칸   56.080우추보50 66 665936.044.021.72256142063 8192229192112142421 02971↗↗추13.837.538.013.32594                   42 42  042   14.60   13.1016 -7  3HB동54.14421412-1.6 4.6 3.0747410 0조교만전보통주행44기 1 4                            14.6    13.1        .0                      10 3 3 8  5                                              .03365 0 5 5 0― -.538.00  .48     75.78 6.7114.2921.68 2 610 6.1015.3023.55 8
20260502토 6120011국534 5 84 1혼전 4451흐림건조 3 7 4거센폭주        섀클포드테이터톤 7020.00한수 4 0 0 1 2  306      33000혼4이신우강석대  -1 115 6 916 1 3 215  0조성환44053.053우추상90 93 938154.050.022.0 599 01658 21922 0 02112101620 03367→↘추13.837.438.013.4309238.337.5 75.6 75.8 45 45  036   14.00   12.90 6  9 -2VH동54.34421412-1.8 4.2 2.4787810 0마방승부조교만전73기 21110    1010 6⑤1:15.6¾    .514.637.313.1  0 -9  .00 5 5  2  .64192104265 9 1 3 63 1 1.07 1.08 1.8 3.2  1.8   18.4   26.7   82.810.52971 0 6 4 0―  .038.10  .54  .4075.72 6.3813.5621.97 51222 7.6119.3934.11 5
20260321토 7120011국414 3 64 2혼전 4451맑음건조 5 7 4거센폭주        섀클포드테이터톤 7020.00한수 4 0 0 2 1  120      33000국4이신우강석대  -1 214 5 816 1 3 114  0푸르칸44955.080우추적62 78 788161.055.028.92256142063 8192229192112142421 04060↗↗추13.937.438.113.4378737.537.6 75.0 75.2 40 40  030   14.30   12.90 3 -7 -1UN동54.24411412-1.6 4.6 3.0767610 0탐색주행마방승부43기 0 2 7     6 7 3②1:15.01½   .014.037.512.9 -1  2  .00 2 3  0  .32065101788 9 1 3 53 4 1.03 1.02 1.5 4.3  1.5    4.3    6.0   14.9  .03077 0 7 6 0―  .437.90  .28 -.3275.78 8.4918.1328.91 6152610.1122.8929.25 3
20260228토11120011국454 3 54 3 3강 3351맑음건조 3 7 4거센폭주        섀클포드테이터톤 7020.00한수 4 0 0 9 1   63      33000국4이신우강석대  -1 313 4 716 2 3 113  0씨씨웡44755.593우추적89 96 966981.059.033.53456112063 8192219 02112212522 04060→↘선13.837.438.113.4388738.138.1 75.6 76.3 40 40  030   14.60   12.70 7  2  3BL동54.24411412-1.0 4.0 3.0757510 0뒷심문제보통주행64기 0 910    101110⑧1:15.6코    .514.337.812.9  5  0  .09 8 3 -4 2.45687255566 9 3 2 43 2 1.06 1.05 2.1 4.8  2.1   18.5   25.8   27.5  .02864 1 7 6 1―  .738.20  .14  .7575.7810.0721.9933.54 9213319.4734.6042.39 2
20260111일 6120011국413 4 64 4혼전 4451맑음양호 6 7 4거센폭주        섀클포드테이터톤 7020.00한수 4 0 0 2 1  110      33000국4이신우강석대  -1 412 3 616 1 2 112  0씨씨웡44752.593기추적69 74 745332.051.022.83456112063 8192219 02112212522 05050→↘선13.837.338.113.5418338.036.9 75.3 74.9 33 33  022   14.30   14.20 5  3  1NNDN54.64391412-1.0 4.0 3.0757510-2일반주행기복전력 5기 0 7 9    10 8 4①1:15.32    -.414.637.012.7 -6 -2  .00 1 7  3  .01386 2149511 3 5 73 1 7.01 7.09 1.4 4.9 19.8    8.2   33.9   21.2  .01874-1 4 4-1▽ -.137.90  .51 -.5175.72 5.7813.3722.79 51222 5.4915.2323.38 7
20251206토 9140011국451 4104 5혼전 4451흐림양호 9 7 4거센폭주        섀클포드테이터톤 6326.00한수 3 0 0 1 1  10117:00 33000국4이신우강석대  -1 511 2 516 4 2 111  0임기원44951.589기추보65 70 705951.063.032.62039112063 8192210152112233216 05050↘↗입13.837.139.113.5425736.939.7 88.8 88.9 33 33  022   13.90   14.20 3 -3 -1HH동54.64391412-1.2 4.4 3.2767610 0편성만만기복전력68기 1 4 8     6 5 5⑧1:28.8¾    .814.339.414.2  4  4  .09 8 4  0 1.24738635556 7 3 7 32 4 1.03 9.08     6.7  3.0   11.6   19.9   49.2  .02957 1 6 7 1―  .938.80 -.0812.6988.7311.0721.5132.63102235 8.3316.8129.23 5
20251116일 7140010국433 3 84 6 1강 1151맑음건조 3 7 4거센폭주        섀클포드테이터톤 6326.00한수 3 0 0 2 1  115      33000국4이신우강석대  -1 610 1 416 3 2 110  0임기원44552.089기추상63 69 695134.055.029.22039112063 8192210152112233216 05050↘↗입13.837.139.013.4386537.039.6 88.9 88.8 38 38  038   14.10   13.90 2  5  0NH동54.64391412 -.4 5.0 4.6646410 0일반주행기복전력32기 0 7 6     8 7 4④1:28.93    1.013.939.714.2  0  2  .00 4 4  0 1.14243595453 7 3 5 53 3 5.01 3.08 2.6 5.7 13.9   16.7   50.0   16.6  .02052 0 5 5 0―  .438.80  .0912.7088.66 7.9817.9829.15 61526 2.7610.8917.44 6
20251102일 6140011국544 4 94 7혼전 4451맑음양호 6 7 4거센폭주        섀클포드테이터톤 6326.00한수 3 0 0 1 1  160      33000혼4이신우강석대  -1 7 9 9 316 2 2 1 9  0임기원44352.089기추상58 62 625648.065.038.42039112063 8192210152112233216 03367↘↗입13.637.339.113.3266536.939.3 89.3 88.6 43 43  043   14.20   13.10 7 -3  1UN동55.54381412  .6 5.6 6.2474714 0교체성공기복전력63기 0 2 5     5 5 4③1:29.31½   .314.139.613.9 -1  7  .00 3 4  1  .53536483774 9 5 4 22 2 1.06 7.08 2.5 6.9  2.5   11.7   19.6   24.312.73065 2 6 7 2― 1.138.60 -.3312.2488.8614.6026.8038.35173753 9.8016.8122.08 5
20250913토 21400 8국522 3 24 8 1강 1151맑음포화19 7 4거센폭주        섀클포드테이터톤 6326.00한수 3     2 2  30414:05 33000국5이신우강석대  -1 8 8 8 216 1 2 0 0  0임기원43651.079기추적43 44 444238.056.037.72850211658 2192210152112233216 03367↗↘입13.637.339.313.2255237.338.2 85.9 88.1 33 33  033   14.60   12.10 7  4 -6NUUP55.54381412  .0 5.4 5.4515110 1뒷심문제기복전력39기 1 5 6     5 5 4②1:25.98     .014.237.113.1 -1  7  .00 2 3 -1 1.41659121383 8 3 7 43 1 1.03 1.05     1.7  1.7    7.5   10.3    3.8  .02858 0 5 5 0―  .438.40 -.4611.4589.0012.5225.2937.73102235 7.4816.3330.43 6
20250727일 51300 9국531 6 84 9혼전 4451맑음건조 3 7 4거센폭주        섀클포드테이터톤 6326.00한수 3 0 0 9 3  42112:55 24750국5이신우강석대  -1 9 7 7 116 2 2 0 7  0조상범42957.059기추적34 36 363429.043.026.41370 51963 91922 6 02112132216 03367↘→입13.637.739.113.2316536.543.9 86.5 86.8 33 33  033   13.70   13.90 4 -1  0ULUP55.54381412  .8 5.8 6.5404010 1숨은복병기복전력69기 2 1 1     1 3 7⑨1:26.58    4.513.443.916.8  5 -6  .01 9 4 -1 5.698 59998 5 8 5 5 71 2 3.08 9.05     4.7  4.3   79.4  112.3  236.3  .01925 0 4 4 0― -.440.20  .11 9.9583.16 8.0717.3826.41 3 917 8.6218.0523.00 6
20250628토 4120011국554 410410혼전 4451흐림다습11 7 4거센폭주        섀클포드테이터톤 7020.00한수 3 0 0 9 3  51113:45 24750국5이신우강석대  -110 6 6 516 1 2 0 6  0조상범43557.061기무적46 46 462311.034.0 6.81370 51963 91922 6 02112132216 05050↘→입13.637.638.412.8187637.039.3 75.5 76.5 40 40  040   14.70   13.80 5 -3  5UBDN54.84401412 1.3 5.7 7.0353510-2최빈거리기복전력34기 0 2 7     9 9 6⑤1:15.5½    .313.738.913.9  0 -5  .00 5 5  2  .7613865577211 3 7113 1 1.02 4.11     6.2  2.7    6.2   12.8   23.4  .012 6-4 1 1-4▼-1.438.10  .63  .4576.06  .81 2.32 6.84 0 2 5 2.02 5.5810.9111
20250524토 71400 9국550 6 5411 1강 1151맑음다습12 7 4거센폭주        섀클포드테이터톤 6326.00한수 3 0 0 2 4  60816:05 33000국5이신우강석대  -111 5 5 116 3 2 0 5  0푸르칸44052.070기무상58 64 643344.048.023.2142910156011192229192112142421 05050↗→추13.637.439.212.8196938.038.6 89.3 88.7 40 40  040   14.00   12.70 7  0 -3NUUP54.84401412  .5 5.0 5.5474710 2일반주행기복전력56기 1 5 7     8 8 6⑧1:29.31     .714.738.513.8  5 -1  .01 8 3 -1 1.33788225161 5 6 4 60 3 5.08 3.06     4.0 13.4   99.7  213.6  154.4  .01624 0 4 4 0―  .138.50 -.0612.0989.00 4.6812.9323.24 41221 8.0517.7822.67 5
20250406일 5120010국523 4 7412 1강 1151맑음포화18 7 4거센폭주        섀클포드테이터톤 7020.00한수 3 0 0 1 4  74713:35 24750국5이신우강석대  -112 4 4 416 2 1 0 4  0푸르칸44154.570기입상74 79 796564.062.048.2142910156011192229192112142421 099 0↗→추13.637.438.312.8409737.037.7 73.5 75.1 25 25  025   14.30   13.90 3  2  0NN동55.04381212-3.0 4.0 1.0949410 0일반주행기복전력 1기 0 5 7     7 8 3①1:13.51¾  -.414.037.512.7 -3 -5  .00 1 4 -2  .0163614 991 7 3 2 23 2 4.03 5.03     3.2 10.3   29.5   66.3   14.1  .02549 1 7 6 1― 1.137.90 -.38 -.5875.8916.8733.5748.2020395512.3825.0043.15 3
20250316일 5120011국533 6 8413혼전 4451맑음양호 7 7 4거센폭주        섀클포드테이터톤 7020.00한수 3 0 0 2 5  81013:35 24750국5이신우강석대  -113 3 3 316 1 1 0 3  0푸르칸44654.572기입적 9 35 3522  .036.011.9144311 9 0 6192229192112142421 099 0↘↗추13.637.639.112.8165238.038.3 76.5 76.3 33 33  033   13.70   14.8011 -4  2UN동55.04381212        10.0    10 0최빈거리기복전력 1기 1 3 7     7 7 5⑤1:16.52½   .914.338.513.9 -1  5  .00 5 6 -1 1.3558331555110 811 90 1 1.02 1.04     4.4  2.7    4.4    8.0   22.5  .01215-3 3 3-3▼-1.238.00  .10 -.4476.45 2.07 5.5311.93 1 4 813.7922.6887.30 5
20241228토 6120011국554 410414 1강 1152맑음건조 5 7 4거센폭주        섀클포드테이터톤 7020.00한수 2     9 6 103814:25 24750국5이신우강석대  -114 2 2 216 3 1 0 0  0이철경44153.073기입적 5 35 35 3  .034.010.41971101010 61922 0 02112102319 099 0↘↗입13.637.839.412.8 23737.640.1 78.3 77.8 50 50  050   14.00   15.6011 -4 -2NU동55.04381210        10.0    10 0일반주행기복전력 1기 1 7 5     5 6 7⑩1:18.3¾   2.813.740.714.8  3 -3  .0010 7  1 2.98866848711111011100 3 1.02 9.03     6.2  2.1    6.2    9.5   10.6  .016 9-3 3 1-3▼-1.238.30 -.12  .5576.73 1.59 4.6610.43 1 3 5 9.3017.6065.22 3
20241013일 6120011국542 5 9415 1강 1156맑음건조 3 7 4거센폭주        섀클포드테이터톤 7020.00한수 2 1 1 2 7 126614:50 24750국5이신우강석대  -115 1 1 116 2 1 0 1  1이철경44454.563강입보93 35 3579  .055.030.32299172050101922 0 02112102319 099 0↗↘입13.637.238.312.8589840.442.4 82.2 82.8100100  0**   13.80   13.10 5  4 -1VUUP55.04381210         1.0    10 2뒷심문제우수혈통 1기 111 8     81010⑩1:22.2대차 7.614.042.115.6  4  6  .0010 6  2 8.299999899 3 4 311 50 2 2.0410.08     4.7  4.4   10.5   22.6   16.6  .02857 0 6 7 0―  .640.40  .25 7.2975.78 8.9519.2930.28 7182912.9023.9164.49 6
20260823일 7120011국4 4 4  3 0혼전 4451           7 5송암스카이      미스터크슈퍼라이 8317.00한암 5 0 0   1    015:40 33000국4박병일송암축산 2 016 12133 2 4 033  0김옥성   52.558기선적50 33 333110.034.010.4 7 0 61333 622 9 91124131416187811 0→→추13.636.739.114.17610                   19 26 4510   13.20   14.40 4  0  0NH동52.94591712-3.0 9.8 6.8404010 0일반주행기복전력35관 0 5                            13.2    14.4        .0                       5 81011 22                                              .01617-2 3 2-2▽-1.339.10  .66     75.95 1.55 5.3410.43 0 2 5 4.88 8.7413.3111
20260725토 7120011국514 4 63 1혼전 4451맑음다습10 7 5송암스카이      미스터크슈퍼라이 8317.00한암 5 0 0 9 1   65      33000혼4박병일송암축산 2 115 32033 1 4 032  0김옥성46952.558기도보17 18 1820 5.034.0 9.8 7 0 61333 622 9 91124131416187811 0→→추13.636.939.114.1591236.240.5 75.1 76.9 20 27 4310   13.70   14.10 4 -6  0NH동52.94591712-2.610.2 7.6373710 0가는대로기복전력90기 0 5 3     2 2 4⑤1:15.15    1.313.239.714.4 -4 -2  .00 5 9 -2 1.874 7887041 6 81010121 1.0811.06 1.3 3.5  1.3    8.3    9.1   23.4  .01222-1 2 3-1▽-1.038.90  .55  .8776.06 1.31 4.78 9.80 1 3 5 1.18 3.33 8.5111
20260627토 6120011국454 3103 2혼전 4451맑음건조 4 7 5송암스카이      미스터크슈퍼라이 8317.00한암 5 0 0 9 1   75      33000국4박병일송암축산 2 214 21933 1 4 031  0이용호47152.566기도적35 34 3436 9.036.0 8.21657 71333 622 9 0 024131918207811 0→↘자13.636.939.114.0571237.240.3 75.8 77.7 21 28 4510   13.30   14.30 4  4  0VH동52.94591712-2.410.2 7.8343410 0일반주행기복전력46관 011 4     6 911⑩1:15.84    2.213.739.214.1 -1 -5  .001011  1 2.28748868420 41011110 1 5.02 1.04 2.3 5.4 11.6   22.4   55.0  105.1  .01628-2 3 3-2▽-1.139.20  .60 1.7176.06 1.42 3.79 8.19 0 2 5 2.54 4.84 8.7311
20260530토10120011국454 5 53 3혼전 4441맑음양호 7 7 5송암스카이      미스터크슈퍼라이 8317.00한암 5 0 0 9 1   51      33000국4박병일송암축산 2 313 11833 3 4 030  0김옥성47652.558기도적45 37 372812.035.010.0 7 0 61333 622 9 91124131416187811 0→→추13.637.139.114.0471236.240.0 76.2 76.2 21 32 54 7   13.60   14.10 4  4  0LH동52.94591712-1.410.2 8.8252510 0전개유리기복전력64관 0 7 1     1 1 3⑤1:16.21    1.013.340.414.3 -5  6  .00 510  0 1.455 4835450 9 9 8 9120 1.0411.10 3.1 4.4  3.1   13.0   15.1    9.3  .02426-1 3 2-1▽-1.238.50  .44  .0176.17 1.42 4.34 9.97 1 4 8 3.13 6.7013.08 9
20260502토 6120011국534 6 83 4혼전 4451흐림건조 3 7 5송암스카이      미스터크슈퍼라이 8317.00한암 5 0 0 1 1   75      33000국5박병일송암축산 2 412 71733 2 4 029  0김옥성47052.558기도보 9  8  827 6.032.0 7.0 7 0 61333 622 9 91124131416187513 0→→추13.637.139.214.140 936.139.5 75.4 75.6 22 26 48 7   13.60   14.70 4 -8 -1HH동52.94581712  .6 9.610.2121210 0일반주행기복전력 5   0 3 1     1 1 3④1:15.41½   .313.639.214.1 -6 -1  .00 410  1  .434 4723671 7 81011119 1.07 1.08 1.8 3.2  1.8   18.4   26.7   82.8  .01614-3 1 1-3▼-1.538.30  .47 -.6976.23 1.09 3.40 7.03 0 2 5 1.09 4.08 9.0311
20260404토 9120011국552 5 53 5혼전 4451맑음양호 6 7 5송암스카이      미스터크슈퍼라이 8317.00한암 5 0 0 1 1   76      33000국5박병일송암축산 2 511 61633 1 4 028  0김옥성47153.058기도적14 15 1526 8.032.0 9.7 7 0 61333 622 9 91124131416187513 0→→추13.637.139.114.1401536.740.9 77.3 77.6 23 27 5412   14.20   13.50 4  1 -1VV동52.94581712 -.4 8.8 8.4262610 0발길대로기복전력33관 111 5     5 6 9⑩1:17.3½   2.313.640.814.7  1  2  .0010 9 -2 2.78622928520 61010 9018 2.01 2.01 1.8 3.4  4.0    3.4    7.1   10.8  .01218-2 2 1-2▽-1.238.90  .44 1.3976.17 1.38 4.27 9.74 0 1 4 2.08 6.0011.0010
20260308일 6120011국444 6 93 6혼전 4451맑음다습13 7 5송암스카이      미스터크슈퍼라이 8317.00한암 5 0 0 2 1   68      33000국4박병일송암축산 2 610 51533 1 4 027  0조상범46953.558기선적37 38 382020.037.013.7 926 61333 622 917 024131322167513 0↗→입13.637.039.114.1521538.438.9 75.9 77.0 24 32 5212   14.30   13.40 7  6  0BNDN52.94581712 -.6 7.4 6.8404010-5일반주행마번불리36관 01010    111111⑨1:15.9머리 1.914.238.213.5 -2  9  .00 911  3 3.07593517927 610 6100 2 1.08 2.04 2.0 5.4  2.0   22.3   31.8   88.2  .01621-1 3 2-1▽ -.838.80  .38  .8776.12 2.59 6.7213.67 1 3 8 5.1311.3020.36 8
20260118일 6170011국411 3 63 7 1강 1151흐림건조 5 7 5송암스카이      미스터크슈퍼라이 2627.00한암 5 0 0 2 1  120      33000국4박병일송암축산 2 7 9 4 13315 4 026  0김옥성46053.558기선보 8  9  9 2 3.030.0 9.8 7 0 61333 622 9 91124131416187513 0→→추13.639.441.514.1691239.445.0116.8118.2 24 32 4412   14.10   14.60 2 -2 -1VNUP52.94581712 -.6 5.8 5.2565610 3능력한계기복전력 5관 0 4 2 2 3 51011⑪1:56.815   5.814.443.814.6  3-15  .0111 8 -3 7.399279897 3 4 81010017 1.0211.09 1.5 4.7  1.5    5.0    5.8   16.0  .012 1-3 1 1-3▼-1.642.40  .3937.28113.7 1.27 3.41 9.75 1 4 8  .12 3.15 7.2511
20260103토 9140011국414 8 63 8 1강 1151흐림다습13 7 5송암스카이      미스터크슈퍼라이 2627.00한암 5     1 1   3416:55 33000국4박병일송암축산 2 8 8 3 23314 4 0 0  0김옥성47554.058기도보 8  9  930 6.032.0 8.0 7 0 61333 622 9 91124131416187513 0→→추13.636.539.714.177 837.541.5 90.6 91.7 25 29 5013   13.70   15.2011  4 -1NN동52.94581412 -.6 5.8 5.2565610 0일반주행휴양불리27관 0 6 9    101111⑪1:30.62    3.614.141.114.6  0  5  .001111  1 4.09573929510 2 7 910016 1.04 5.02     4.1  1.1    4.1    4.5   11.0  .01618-1 2 1-1▽-1.440.00  .5815.4888.73  .93 2.76 8.03 1 4 8  .68 3.01 7.61 8
20251019일10140011국414 9 63 9혼전 4451맑음포화16 7 5송암스카이      미스터크슈퍼라이 2627.00한암 4 0 0 2 2  22217:30 41250국4박병일송암축산 2 9 7 2 13313 4 024  0김옥성47055.057기도적26 27 275919.040.011.4 6 0 61833 522 9 91124131416187513 0↗→추13.636.439.614.0881336.842.7 92.2 92.3 26 35 4813   13.40   14.60 4 -4  1HBUP52.94581412-1.0 4.4 3.4747410 2일반주행작전마주53관 0 2 5     61011⑩1:32.22½  4.513.742.515.2  0 -1  .001010  3 5.097349797 9 3 3 9 9015 8.04 3.09     6.5 19.0   55.1  129.0   83.9  .02128 0 4 4 0― -.740.30  .6216.3388.59 2.12 5.3011.44 2 610 4.65 9.6416.62 9
20250920토 7120011국434 2 8310 2강 2251맑음포화16 7 5송암스카이      미스터크슈퍼라이 8317.00한암 4     2 2  278      33000국4박병일송암축산 210 6 1143312 4 0 0  0김옥성47154.557기도적40 35 357211.042.015.6 6 0 61833 522 9 91124131416187513 0↗→추13.636.638.814.1873336.740.7 75.6 77.8 27 27 5014   13.20   14.9012  2  0NLDN52.94581312-2.2 4.2 2.0878710-1전개최상기복전력 5관 0 6 1     1 3 7⑪1:15.64    3.013.439.914.6  4  9  .0011 7  4 3.18820918310 2 8 9 8114 1.02 1.11 2.4 3.2  2.4    3.2    5.5   16.9  .03440 0 5 4 0― -.639.50  .71 2.4075.72 3.28 9.0715.60 2 714 1.63 5.0410.59 9
20250629일 71300 9국534 2 8311혼전 4451맑음양호 8 7 5송암스카이      미스터크슈퍼라이 2627.00한암 4 0 0 9 3  499      33000혼4박병일송암축산 211 5 2 73311 4 022  0김옥성46254.561기도적77 86 869473.068.054.0 5 0 738752022 9 91124131416187513 0↘↗추13.636.739.514.1942436.642.8 84.7 86.2 27 27 5014   13.60   13.30 4 -6  2VLUP52.94581312-2.2 4.8 2.6848410 1부중유리전개최상38관 0 4 1     2 7 9⑨1:24.74    3.713.242.314.9  6  1  .09 9 3 -2 3.797 89894 5 1 5 1 1013 1.04 6.11 2.5 5.0  2.5    9.2   13.4   13.4  .04189 3 9 8 3▲ 1.541.10 -.2910.0182.7824.6143.9753.9935556915.4628.7223.43 1
20250531토 7120011국452 510312 1강 1159맑음건조 4 7 5송암스카이      미스터크슈퍼라이 8317.00한암 4 0 0 9 3  58716:05 33000국4박병일송암축산 212 4 1133310 3 021  0김옥성46152.560평도상83 78 787270.060.034.8 5 0 738752022 9 91124131416187114 0↘↗추13.636.639.014.1872237.337.1 74.5 74.6 24 24 5210   13.30   13.70 3  6 -2BH동53.04581312-1.0 5.0 4.0696910 0전개최상작전마주40관 010 1     1 1 1①1:14.5목    .013.637.613.3 -4 -4  .00 1 5  1  .0 750 4 486 3 5 1 5112 5.0110.07    10.6 10.6   12.4   30.7   37.8  .03461 1 7 8 1▲ 1.038.50  .05 -.9775.8411.2423.3334.82 7182912.1227.7221.01 3
20250510토 31200 8국544 8 4313 1강 1157흐림불량20 7 5송암스카이      미스터크슈퍼라이 8317.00한암 4 0 0 2 4  65412:45 24750국5박병일송암축산 213 3171233 9 2 020  0김옥성46554.062평도보71 78 789984.070.083.413 0113162 822 9 91124131416186717 0↘↘추13.636.639.014.1872236.438.8 74.4 75.2 20 20 5010   13.50   14.10 3  3 -1VNDN52.84561312-1.6 5.8 4.2606010-1전개최상전개최상 1   0 4 1     1 1 1①1:14.42½  -.413.338.713.7 -3  3  .00 1 4  1  .01910492094 1 4 1 1111 4.05 4.03     2.5 10.8   58.4  109.5   44.3  .04491 3 9 9 3★ 1.738.70-1.33 -.3875.8441.4368.0683.4137597138.2459.4680.18 2
20250419토 4130011국533 6 8314 3강 3352흐림양호 8 7 5송암스카이      미스터크슈퍼라이 2627.00한암 4 0 0 2 4  71613:35 24750국5박병일송암축산 214 216 633 8 2 019  0김옥성46254.561기도적50 64 649571.063.040.613 0113162 822 9 91124131416186020 0↘↘추13.636.739.514.1902236.739.8 83.5 82.8 16 21 4711   13.60   14.70 4 -2  3ULUP52.54551312-1.6 6.6 5.0535310 1전개유리전개최상 1관 0 1 1     1 1 2③1:23.5목    .013.540.814.1  0  3  .00 3 3  0  .335 9673481 1 8 2 1110 4.01 2.06     7.3 10.6   12.9   32.4   18.610.94175 1 8 8 1▲  .940.30  .07 6.6082.7817.3029.9540.6335556917.5033.5343.77 1
20250322토 5120011국554 810315혼전 4451맑음건조 4 7 5송암스카이      미스터크슈퍼라이 8317.00한암 4 0 0 2 4  79914:25 24750국5박병일송암축산 215 1151133 7 1 018  0김옥성45952.062평도상60 60 608663.063.040.313 0113162 822 9 91124131416185025 0↘↘추13.636.639.014.1851935.839.8 76.9 75.4 11 17 4411   13.60   13.50 3 -4  0HU동52.64541312-1.4 6.8 5.4484810 0일반주행단기승부 1관 1 3 1     1 2 1①1:16.93    -.513.640.814.7 -2  2  .00 1 3 -3  .023 1783295 2 6 6 21 9 3.11 3.02     7.2  5.0  156.2  254.3  694.2  .04471 3 7 8 3▲ 1.138.80 -.09 -.2275.8415.1828.3840.3112264114.0023.8830.45 3
20260823일 7120011국4 4 4  2 0혼전 4451           7 6컴플리트디바    한센    클레이사 7625.00한암 4 1 1   1    015:40 33000국4심승태장석영   0 0 5 2 4 4 1 2 0 4  1임기원   51.088우선보50 64 649448.057.037.82039111350 712 6102212132332166733 0↘↗입13.536.439.414.39619                   50 50 75 0   13.10   15.30 6  1 -2LU동53.74821312 -.5 3.5 3.0737312 0연대우수전개최상 1   0 6                            13.1    15.3        .0                       211 5 3  1                                              .04186 1 6 7 1△  .539.40 -.15     75.9513.9526.7937.7917375312.2020.7729.69 4
20260712일 6120011국454 5102 1 3강 3351맑음다습10 7 6컴플리트디바    한센    클레이사 7625.00한암 4 1 1 2 1   96      33000국4심승태장석영   0 1 4 1 3 4 4 2 0 3  1김효정48752.569강도상87 91 918974.055.022.61753 71350 712 6225012131922176733 0↗→선13.536.539.314.3952735.641.0 75.2 76.7 67 67 67 0   14.00   13.5024  3  0NU동53.74821312 -.3 2.0 1.7838312 0강단마필연대우수 5   0 5 2     2 2 2⑦1:15.2½   1.313.140.315.3 -1 -1  .00 7 8  6 1.470 1926742 310 5 71 4 3.10 8.11 2.8 5.8  7.3  217.9  478.4  227.110.93772 0 7 6 0―  .439.30  .29  .9075.95 6.0913.5322.55 1 3 711.9021.7330.61 5
20260124토 7120011국533 4 82 2혼전 4451맑음건조 3 7 6컴플리트디바    한센    클레이사 7625.00한암 4 1 1 2 3  477      24750국5심승태장석영   0 2 3 2 2 4 3 1 0 2  1김효정48852.574우입보81 90 909184.069.051.026441718331012 6225012131922175050 0↘↘선13.636.639.414.4912236.438.8 74.5 75.2 50 50 5050   13.30   14.20 5 -4 -1HUDN54.34801312  .0 2.0 2.0787812-1연대우수전개최상 5기 0 2 1     1 1 1①1:14.51¼  -.213.538.313.7 -1  7  .00 1 2 -1  .01710481890 211 2 11 3 2.08 2.09 2.3 4.8  3.6   48.9   79.4   65.510.54996 4 9 9 4☆ 1.638.70 -.63 -.8276.0624.2139.6351.0334536624.7641.1252.57 1
20251221일 6130011국523 1 72 3혼전 4451맑음다습14 7 6컴플리트디바    한센    클레이사 6130.00한암 3 1 1 2 1   9114:25 24750국5심승태장석영   0 3 2 1 1 4 2 1 0 1  1김효정48153.567강선보81 89 897279.059.040.31753 71350 712 62250121319221799 0 0↗→선13.536.939.213.5829135.940.1 80.8 82.6100100  0 0   13.50   13.80 5  5 -2BUUP55.04781312  .0 1.0 1.0858512 1거리늘어연대우수 5   0 6 3     3 3 3③1:20.82½   .413.339.714.2  0  3  .00 3 3  2  .633 1762466 7 4 1 22 2 7.01 7.01     3.7 30.0   16.2   80.3   47.610.53773 1 8 7 1▲  .740.10  .15 6.5182.7114.4428.8140.2912264118.5638.5453.64 1
20251115토 2120011국633 6 82 4혼전 4452맑음건조 3 7 6컴플리트디바    한센    클레이사 7625.00한암 3     2 1  131      16500국6심승태장석영   0 4 1 1 1 4 1 0 0 0  0김효정47855.069평무보   25 2540  .047.025.61753 71350 712 622501213192217      ↗→선13.536.738.513.2    37.038.0 75.7 75.1              13.50   13.50 4  0  0NL동       12 0                 0 0일반주행우수혈통 5   0 1 1     1 1 1①1:15.7목    .013.538.813.8  0  9  .00 1 1  0  .01536211485 1 1 9 61 1 1.02 1.07 3.1 5.0  3.1    5.0    9.2   40.9  .01845 0 4 5 0―  .038.60  .53 -.1375.61 7.6215.9625.63 2 81713.4824.3160.39 2
20260823일 7120011국4 4 4  3 0혼전 4451           7 7글로벌서브      투아너앤글로벌퀸 5726.00한거 4 0 0   1    015:40 33000국4정호익장재형   1 016 11824 6 2 324  0코지     57.088평입보50 55 556630.049.026.83157192033 82415121123142331194060 0↗↘입13.636.539.214.19227                   32 37 7411   13.20   14.00 4  3 -1NN동55.44851612-3.2 6.6 3.4676713 0전개최상급신장세50기 1 7                            13.2    14.0        .0                       310 8 6  7                                              .03431 0 5 4 0― -.139.20  .23     75.89 7.7316.5726.79 51222 7.3216.3925.60 7
20260725토 7120011국514 4 63 1혼전 4451맑음다습10 7 7글로벌서브      투아너앤글로벌퀸 5726.00한거 4 0 0 9 1   65      33000혼4정호익장재형   1 115 41724 5 2 323  0코지  50057.588평도상61 66 669771.071.058.13157192033 82415121123142331194456 0↗↘입13.636.539.314.1922436.439.4 74.2 76.0 33 39 7211   13.60   13.80 4 -6  0HL동55.14831612-3.0 6.6 3.6646413 0전개최상전개최상50기 0 4 2     3 3 2④1:14.22½   .413.238.614.0  0  5  .00 4 4 -5  .94713674267 1 9 2 22 6 1.0811.06 1.3 3.5  1.3    8.3    9.1   23.410.64488 3 9 9 3★ 1.739.00 -.72  .1775.9525.6144.9058.1135556916.4731.1143.62 2
20260627토 6120011국454 3103 2혼전 4451맑음건조 4 7 7글로벌서브      투아너앤글로벌퀸 5726.00한거 4 0 0 9 1   75      33000국4정호익장재형   1 214 31624 4 2 322  0코지  49557.588평도상48 53 539356.066.038.03157192033 82415121123142331195050 0↗↘입13.636.539.414.1941736.739.1 74.1 76.0 35 41 7112   13.50   14.20 4  6  0BL동54.84811612-1.2 6.0 4.8525213 0전개최상전개최상67기 010 3     3 4 3④1:14.1½    .513.638.013.8 -5  9  .00 4 9  2  .54722604065 11110 32 5 5.02 1.04 2.3 5.4 11.6   22.4   55.0  105.1  .04178 3 7 8 3▲ 1.339.10 -.20  .1176.0014.0826.6438.02173753 5.0816.1325.40 8
20260530토10120011국454 4 53 3혼전 4451맑음양호 7 7 7글로벌서브      투아너앤글로벌퀸 5726.00한거 4 0 0 9 1   51      33000국4정호익장재형   1 313 21524 3 2 321  0코지  48657.588평도하25 24 249441.060.034.63157192033 82415121123142331195050 0↗↘입13.636.539.314.1952236.839.3 76.1 76.1 31 44 63 6   13.60   15.70 3 -1 -1HN동54.84811612 -.4 4.8 4.4585813 0일반주행전개최상34기 0 4 4     4 5 4④1:16.12     .913.539.714.2 -3 -6  .00 4 7  4 1.35224685155 111 9 42 4 1.0411.10 3.1 4.4  3.1   13.0   15.1    9.3  .04175 3 6 7 3△  .939.10 -.06  .3175.9511.2922.9234.55102235 7.2916.2727.10 5
20260510일 9120011국434 5 83 4혼전 4451맑음건조 5 7 7글로벌서브      투아너앤글로벌퀸 5726.00한거 4 0 0 2 1   42      33000국4정호익장재형   1 412 11424 2 2 320  0코지  49258.088평도하50 43 438851.054.026.43157192033 82415121123142331195050 0↗↘입13.636.539.414.1961536.042.0 77.6 78.0 38 44 69 6   13.50   13.70 3 -4  1NB동54.84811612  .8 4.0 4.8545413 0선입실패급신장세40기 0 5 3     2 2 6⑧1:17.64    2.613.641.815.7  5  5  .09 8 3 -4 2.691 3979116 211 8 61 3 5.01 3.06 2.3 3.9 19.3   16.5   66.6   65.6  .02958 0 6 5 0―  .339.70  .14 2.1276.00 7.4017.3626.42 51222 9.8020.1031.38 5
20260418토 7120011국534 4 83 5혼전 4451맑음건조 5 7 7글로벌서브      투아너앤글로벌퀸 5726.00한거 4 0 0 2 1   56      33000국5정호익장재형   1 511 61324 1 2 319  0코지  48757.588평도하26 30 307537.057.025.73157192033 82415121123142331195743 0↗↘입13.636.539.414.2961536.639.0 74.7 75.8 40 47 67 7   14.90   14.00 4  3  4BB동54.44811612  .8 4.0 4.8545413 0부중효과마번불리63기 0 9 3     4 3 3③1:14.74     .813.538.713.7 -4 -6  .00 3 7  3  .84118583556 2 7 9 62 2 1.04 6.01 2.4 4.5  2.4   10.9   14.4   91.1  .02769 1 5 6 1―  .539.00  .14 -.1376.00 6.7215.8625.67 41221 3.7412.7321.20 8
20260321토 7120011국414 6 63 6혼전 4451맑음건조 5 7 7글로벌서브      투아너앤글로벌퀸 5726.00한거 4 0 0 2 1   78      33000국4정호익장재형   1 610 51224 3 2 318  0조성환49353.554평선보61 70 709059.057.032.3 718 62033 82415 4 023141016205743 0↘→추13.636.539.314.2942237.639.3 76.8 77.0 47 47 60 7   13.50   14.10 3  1  0NH동54.44811612 1.4 3.2 4.6545413 0전개최상부중효과36기 0 611     9 8 8⑧1:16.8¾   1.814.939.214.0  4  9  .05 8 4 -2 2.17770657331 211 4 40 3 1.03 1.02 1.5 4.3  1.5    4.3    6.0   14.9  .03472 0 6 5 0―  .539.40  .03 1.2375.95 9.5721.1532.26 92133 7.8718.9124.23 6
20260228토11120011국454 5 53 7 3강 3351맑음건조 3 7 7글로벌서브      투아너앤글로벌퀸 5726.00한거 4 0 0 9 1   63      33000국4정호익장재형   1 7 9 41124 2 2 217  0조성환48453.554평도보56 53 539278.064.044.8 718 62033 82415 4 023141016205743 0↘→추13.636.539.314.1952436.539.2 75.1 75.8 36 50 64 7   13.50   14.40 5  0 -1NH동54.44811612 1.4 3.2 4.6545413 0일반주행전개최상70기 1 5 2     2 2 3②1:15.111    .013.538.914.1 -4-10  .00 2 6  2 1.93814633781 110 8 21 2 1.06 1.05 2.1 4.8  2.1   18.5   25.8   27.511.24991 4 7 8 4▲ 1.439.00 -.35 -.0575.9517.1631.9844.8415314715.9327.8539.13 3
20260124토10120011국423 4 23 8 1강 1151맑음건조 3 7 7글로벌서브      투아너앤글로벌퀸 5726.00한거 4 0 0 2 1   75      33000국4정호익장재형   1 8 8 31024 1 2 216  0조성환49454.054기도적27 18 188217.041.021.1 718 62033 82415 4 023141016205743 0↘→추13.636.539.314.1962436.539.4 75.1 75.9 38 46 8515   13.30   15.50 5  4 -4NHDN54.44811612  .8 3.4 4.2575713-2전개최상기복전력 5기 0 5 3     2 3 4⑤1:15.12½   .913.539.314.4  1 -2  .00 5 4 -2 1.64515684455 211 8 71 1 1.05 3.02 1.7 2.2  1.7    8.8   12.3   20.4  .03457 0 3 4 0― -.439.00  .34  .0775.95 5.4612.9721.05 3 917 3.5710.9117.59 7
20251221일 7140011국454 4103 9혼전 4451맑음다습13 7 7글로벌서브      투아너앤글로벌퀸 6032.00한거 3 0 0 2 1   9015:15 33000국4정호익장재형   1 9 7 2 224 1 2 215  0코지  49657.586우도하35 29 299860.063.037.33157192033 82415121123142331195743 0↗↘입13.636.340.014.2941736.042.6 88.7 90.9 42 50 7517   13.30   16.40 8 -8  0UL동54.44811612 -.2 2.6 2.4757513 0직전탐색전개최상65기 0 1 1     1 1 6⑩1:28.73    3.213.341.715.5  4 -7  .0010 6  4 3.591 69792 9 111 8 31 1 4.0910.09     8.6  8.1   76.8  137.7  107.812.74188 2 8 9 2▲ 1.040.00 -.2514.5688.8014.1126.3137.2612264111.7623.3035.35 4
20251025토 8140011국453 410310혼전 4451맑음건조 5 7 7글로벌서브      투아너앤글로벌퀸 6032.00한거 3 0 0 9 1  191      33000국4정호익장재형   110 6 1 124 2 2 214  0마이아50357.593우도보90 85 858874.062.037.63452162033 82415401823143532 85743 0↘↗선13.736.339.914.1912435.943.3 91.3 91.6 33 50 5825   13.20   13.90 4  7  1BBDN54.44811612 -.6 3.2 2.6757513-2연대우수마번불리37기 0 9 1     1 2 9⑪1:31.311   3.513.343.416.4  9  6  .0111 2  1 3.594 39896 8 111 6 21 3 5.01 5.06 3.0 7.5  8.6   12.4   30.2   69.7  .03369 1 7 8 1▲  .940.20 -.2215.3888.7314.3726.5637.5917375315.8728.1036.59 2
20250928일 61600 9국542 2 9311혼전 4451흐림불량20 7 7글로벌서브      투아너앤글로벌퀸 6032.00한거 3 0 0 9 2  248      33000혼4정호익장재형   111 5 5 224 1 2 113  0마이아49757.093평입하67 63 631467.072.055.53965 52650 72415401823143532 85743 0→↘선13.735.940.814.1881235.639.8 99.0101.5 36 45 5527   13.60   14.70 4 -5  1UB동54.44811612 -.8 3.4 2.6797913 0연대우수연대우수37기 0 2 1   1 1 1 2②1:39.03     .013.239.213.9  1 10  .00 2 1 -2  .610 8583075 1 9 5 11 2 8.01 7.02 1.7 4.3 43.7   19.4  117.0   70.712.73790 2 8 9 2▲ 1.840.80 -.7924.80103.428.3244.9655.4637587112.7926.6740.34 2
20250830토 8160010국452 310312 1강 1151맑음포화18 7 7글로벌서브      투아너앤글로벌퀸 6032.00한거 3 0 0 9 2  34019:10 33000국4정호익장재형   112 4 4 124 3 2 112  0조인권48756.071우도상91 90 901490.065.047.51838122650 72415223823142425135743 0↘→선13.735.940.013.9874835.741.3101.1103.0 40 50 5030   13.50   13.20 5  1  3NLUP54.44811612 -.6 3.6 3.0777713 3전개최상연대우수57기 1 7 3   3 3 3 3⑤1:41.1½   1.513.640.414.7  2  3  .00 5 3  1 2.15412867933 1 7 1 22 3 6.05 2.06     6.5 15.4   43.3  119.3   29.3  .04178 3 9 9 3★ 1.340.00 -.2327.05103.016.5832.4647.4812264131.1953.1565.74 1
20250727일 8130011국452 210313혼전 4451맑음건조 3 7 7글로벌서브      투아너앤글로벌퀸 6032.00한거 3 0 0 9 3  41814:30 33000국4정호익장재형   113 3 3 224 2 1 111  0조인권48453.568평입상79 82 829280.069.054.91729 82050102415223823142425135050 0→↘선13.736.739.513.9956137.038.1 80.6 81.7 33 44 5622   13.50   14.20 5  3 -1NHUP54.64801312  .0 3.0 3.0787813 1부중효과전개최상44기 0 6 1     1 1 1①1:20.6목    .013.537.713.2 -1 11  .00 1 2 -3  .0 52012 376 1 8 2 11 2 2.10 6.10    12.3  4.8   80.5  125.2  115.6  .04192 3 9 9 3★ 1.540.10 -.32 5.5082.7822.6742.5054.8717375324.6942.7752.94 1
20250622일 7120011국453 510314 2강 2251맑음다습12 7 7글로벌서브      투아너앤글로벌퀸 5726.00한거 3 0 0 2 3  51915:15 33000국4정호익장재형   114 2 2 924 1 1 110  0조인권47354.069평입하27 26 268461.056.032.71729 82050102415223823142425134060 0→↘선13.736.639.013.9865736.239.5 75.1 76.0 38 50 5025   13.30   16.30 4 -7 -2HH동54.74811312 2.0 2.8 4.8606013 0전개최상부중효과46기 0 3 2     1 1 2③1:15.12½   .413.539.114.2 -2 -5  .00 3 5  3  .544 5723870 2 4 7 41 1 8.04 7.09     7.0 25.6   67.7  254.7  168.9  .03482 2 6 7 2△  .738.90  .11  .3675.84 9.0820.7832.70 82234 5.9616.3727.56 4
20250525일 7120011국424 5 7315혼전 4451맑음양호 8 7 7글로벌서브      투아너앤글로벌퀸 5726.00한거 3 0 0 2 3  59815:15 33000국4정호익장재형   115 1 1 824 2 1 1 9  0장추열47855.593평입보87 85 859482.068.045.92947 42050102415282223142027224060 0↘↗입13.736.639.113.9905235.842.8 77.9 78.7 38 50 5025   13.30   13.70 4  5  2BNDN54.74811312 2.2 2.4 4.6606013-1여유우승전개최상66기 410 2     2 2 7⑨1:17.98    2.713.342.516.3  7  3  .09 9 2  0 3.295 1999414 3 8 1 11 4 1.10 5.11     3.7  1.8   56.9   71.5  136.912.75281 2 8 8 2▲ 1.339.80 -.32 3.0275.8917.9233.3645.8734536619.6436.6234.32 1
20260823일 7120011국4 4 4  5 0혼전 4451           7 8스페셜타임      애니기븐스페셜파 4423.00한암 6 0 0   1    015:40 33000국4박윤규퍼플라인 2 016 1 920 3 3 120  0김태희   51.562기선적50 29 294014.041.018.71245 71548 81720111816 91524162575 0↘→입13.737.039.114.05930                   28 17 22 6   13.50   13.10 5  7  1LN동51.84781712-2.0 9.6 7.6323213 0부중유리기복전력41관 0 8                            13.5    13.1        .0                       6 91110 13                                              .03132 0 4 4 0― -.739.10  .23     76.12 5.1610.2318.73 1 4 8 3.6610.9318.4310
20260718토 7120010국552 6105 1 1강 1151흐림불량20 7 8스페셜타임      애니기븐스페셜파 4423.00한암 6 0 0 2 1   85      33000혼4박윤규퍼플라인 2 115 5 820 2 3 019  0김태희47951.062평입보 9  8  836 9.041.011.71245 71548 81720111816 9152416 099 0↘→입13.737.239.414.0462237.038.1 73.6 74.9 24 12 24 6   13.40   14.20 4 -7 -2UU동52.04781712 -.4 9.8 9.4161613 0일반주행부중영향 5   0 1 1     1 1 1②1:13.62½   .013.537.313.1 -8  2  .00 210  0  .41239241882 9101010112 7.10 8.01 3.4 8.4 10.5  233.0  367.3  355.7  .02242-2 3 4-2▽ -.638.00  .16-1.7376.39 2.03 6.3811.72 0 3 5 2.04 4.17 7.6711
20260621일10120011국552 4105 2혼전 4451맑음포화16 7 8스페셜타임      애니기븐스페셜파 4423.00한암 6 0 0 2 1   61      33000국5박윤규퍼플라인 2 214 4 720 1 3 018  0김태희47753.062평입보16 13 1319 6.033.0 7.51245 71548 81720111816 9152416 099 0↘→입13.737.239.413.9412737.240.6 75.8 78.0 25 19 19 6   13.60   14.60 3 -1  1LN동52.04781712  .2 8.6 8.8181813 0일반주행부중잇점26관 0 8 2     6 710⑩1:15.84    2.413.439.514.2  0  5  .001010 -1 2.79045898718 7111010011 1.08 4.11 3.5 5.1  3.5   23.7   31.5   54.6  .01613-3 1 1-3▼-1.439.00  .30 1.4076.39  .90 2.59 7.47 1 4 8 1.22 4.23 9.3410
20260530토10120011국454 5 55 3혼전 4451맑음양호 7 7 8스페셜타임      애니기븐스페셜파 4423.00한암 6 0 0 9 1   51      33000국4박윤규퍼플라인 2 313 3 620 1 3 017  0정우주47252.061평입보12  6  621 9.035.0 9.91250 71548 81720 0 016 9163013 099 0↗→입13.737.139.214.0493337.239.9 77.1 77.1 27 20 13 7   13.70   15.60 4  5 -1BHDN52.04781714 -.2 7.2 7.0303013-2선행무리부중영향29관 0 9 6     5 7 9⑩1:17.12½  1.913.640.314.6 -1  0  .001011  3 2.37945817828101011100 1 1.0411.10 3.1 4.4  3.1   13.0   15.1    9.3  .02232-1 2 2-1▽-1.238.80  .38  .8176.23 1.40 4.32 9.93 0 2 5 3.13 5.7410.2810
20260503일 5140010국454 8105 4혼전 4451비  다습10 7 8스페셜타임      애니기븐스페셜파 2335.00한암 6 0 0 1 1   66      33000국4박윤규퍼플라인 2 412 2 620 1 3 016  0김태희47253.060기입상17 12 1214 7.029.0 5.81245 71548 81720111816 9152416 099 0↘→입13.736.840.114.0601736.842.0 90.2 90.9 29 29 21 0   13.60   74.70 5  3  2HN동52.04781712-1.2 7.2 6.0434313 0선행무리기복전력36관 1 4 1     1 1 5⑧1:30.23    2.813.741.615.6  0  0  .00 8 8 -1 3.28931949216 8111111110 5.02 1.05 3.1 7.6  7.1   12.1   27.0   12.1  .01314-1 1 1-1▽-1.639.50  .2013.9689.21  .61 1.82 5.75 0 2 5 1.61 3.98 8.0611
20260328토 7140011국452 7105 5 1강 1151맑음건조 3 7 8스페셜타임      애니기븐스페셜파 2335.00한암 6 0 0 9 1   99      33000국4박윤규퍼플라인 2 511 1 520 1 3 015  0권중석47251.067기입보12  7  72814.036.013.81341 61548 81720 7 016 9191818 099 0↘→선13.736.840.114.0571936.740.7 90.1 89.8 31 31 31 0   14.40   15.00 4 -1 -3UU동52.04781712 -.6 5.8 5.2484813 0숨은복병기복전력60기 0 1 1     2 2 4⑧1:30.1½   2.113.640.874.7 -1  1  .00 8 9 -2 2.57128827326 41111101 1 1.03 5.02 3.2 6.3  3.2    9.3   16.1   17.4  .01938 0 4 3 0― -.839.30 -.0212.8689.21 2.69 6.8413.76 0 2 5 2.13 7.2213.64 8
20260301일 8140011국522 8 75 6혼전 4451맑음건조 3 7 8스페셜타임      애니기븐스페셜파 2335.00한암 6 0 0 1 1   76      41250국5박윤규퍼플라인 2 61013 420 9 3 014  0김태희47154.060평입하66 63 633321.041.013.11245 71548 81720111816 9152416 099 0↘→입13.736.640.114.0782239.740.3 93.6 92.4 33 25 42 8   14.10   13.6034 -6  2HL동52.04781712-1.0 5.0 4.0525212 0일반주행휴양불리39기 0 2 7     6 411⑪1:33.613   3.814.440.815.0  0-10  .001111  7 4.697997598 9 211 6110 9 5.02 6.01 2.6 5.2 10.3   17.2   50.2   33.7  .01620-1 3 2-1▽ -.840.10  .1315.7189.07 2.76 6.5613.12 0 2 5 3.57 8.1115.09 9
20250705토 51400 9국452 2 55 7 2강 2251맑음건조 3 7 8스페셜타임      애니기븐스페셜파 2335.00한암 5 0 0 1 4  659      33000국4박윤규퍼플라인 2 7 912 320 8 3 013  0김태희48152.572평입상85 83 836668.059.029.71743 52771191720111816 9152416 099 0↘→입13.736.540.114.0841937.239.8 89.0 89.6 36 27 36 9   13.60   13.60 5  2  2LN동52.04781712-3.0 6.4 3.4616114 0적정체중최적거리 5관 0 8 5     7 6 6⑦1:29.01¾  1.914.039.414.5  3  2  .00 7 4  0 2.07157626525 2 9 3 60 8 2.07 9.04 2.6 3.5  2.9   31.3   43.8   24.3  .02548 0 7 7 0―  .639.60 -.2513.0389.00 7.9017.9229.70 5122210.0019.6932.96 6
20250601일 61400 9국453 3105 8 1강 1151맑음건조 3 7 8스페셜타임      애니기븐스페셜파 2335.00한암 5 0 0 1 3  578      33000국4박윤규퍼플라인 2 8 811 220 7 2 012  0김태희47951.064평입상54 65 655675.061.045.9 733 31525 51720111816 9152416 099 0→↗입13.736.640.114.0751736.738.9 87.2 88.0 30 20 3010   13.30   15.00 6  5  0NU동52.54781712-3.4 7.6 4.2565613 0부중유리부중영향64기 0 6 1     3 2 1①1:27.21     .013.638.513.6 -3 -3  .00 1 4 -4  .01625321583 3 8 3 22 7 4.05 6.03 2.9 7.1  6.2   17.9   40.5   49.912.03172 2 7 7 2△  .839.10 -.7311.3489.0716.1631.1345.8617375315.1230.6146.31 3
20250419토 7140011국443 8 95 9혼전 4451비  양호 9 7 8스페셜타임      애니기븐스페셜파 2335.00한암 5 0 0 2 4  713      33000국4박윤규퍼플라인 2 9 710 120 6 2 011  0김태희48251.072평입보44 34 343629.052.022.71743 52771191720111816 9152416 099 0↘→입13.836.840.113.8632435.641.2 89.2 88.8 22 22 2211   13.80   13.80 5  0 -1UUUP54.04731712-2.4 8.0 5.6414113 2일반주행부중영향 1기 1 1 2     4 4 4③1:29.2½    .113.341.415.0 -5  0  .00 3 8  6  .543 1905877 61011 62 6 3.02 7.03 2.1 4.6  6.2    9.0   22.2   73.2  .02248 0 5 7 0―  .139.10 -.2511.9489.21 5.8113.8522.71 51222 3.94 9.7217.74 8
20250316일 6120011국454 510510 1강 1159맑음양호 7 7 8스페셜타임      애니기븐스페셜파 4423.00한암 5 0 0 2 5  80914:25 33000국4박윤규퍼플라인 210 6 9 520 5 2 010  0김태희48252.066평선상29 22 2272 9.044.024.21944111133 61720111816 9152416 099 0→↘입13.837.038.913.8665237.338.6 76.5 75.9 25 25 2513   14.00   14.40 5 -1  1UNDN54.04731712-2.8 9.0 6.2363613-5일반주행부중유리 1관 1 1 2     4 4 4④1:16.54    1.113.839.013.8  2 12  .00 4 2 -5 1.84151434248 5 4 5 52 5 1.05 8.02     5.9  2.8   15.4   30.4   24.9  .01641 0 4 3 0― -.538.50  .20 -.0276.00 5.9014.8424.17 81728 4.55 8.9617.14 5
20250208토 9170011국422 5 7511혼전 4441맑음건조 5 7 8스페셜타임      애니기븐스페셜파 2335.00한암 5 0 0 1 5  92417:00 33000국4박윤규퍼플라인 211 5 8 320 4 2 0 9  0김태희47051.063기선적28 46 463734.046.020.91944111133 61720111816 9152416 099 0→↘입13.839.342.013.6723039.341.7113.5114.2 29 29 2914   14.20   14.60 6  0  0UU동54.04731712-1.6 8.0 6.4464613 0일반주행기복전력 1관 1 2 2 2 2 6 6 4⑤1:53.51¾  2.014.041.614.4 -2-13  .00 5 7 -4 3.26921715626 311 9 72 4 1.0211.07     5.4  2.7    5.4    8.8   14.1  .02334 1 5 4 1―  .041.90 -.0832.94114.0 5.6512.6120.92 1 4 9 4.7114.8120.41 5
20241228토11170011국423 7 7512 1강 1151맑음건조 4 7 8스페셜타임      애니기븐스페셜파 2335.00한암 4 0 0 9 6 103317:30 41250국4박윤규퍼플라인 212 4 7 220 3 2 0 8  0김태희48351.057기선적18 17 172720.041.018.81050 81120101720111816 9152416 099 0→→입13.639.542.013.6633039.241.6113.8113.9 33 33 1717   14.10   14.00 2 -6  0UUUP54.04731712  .0 6.0 6.0484813 5일반주행기복전력 1기 0 2 1 1 1 1 1 3④1:53.81     .314.242.614.6 -7 -1  .00 411  5 1.36017674874 711 9 81 3 1.0610.06     4.7  2.3   12.4   18.6   16.0  .01929 0 4 5 0― -.341.70 -.1332.39114.1 4.1010.2318.79 1 4 8 4.60 8.8917.75 6
20241215일 61200 9국414 4 1513 2강 2251맑음양호 8 7 8스페셜타임      애니기븐스페셜파 4423.00한암 4 0 0 2 6 107114:50 33000국4박윤규퍼플라인 213 3 6 420 2 2 0 7  0김태희48451.058기선보43 51 516272.053.028.11050 81120101720111816 9152416 099 0→→입13.636.938.713.6697637.439.4 76.9 77.0 33 33 1717   13.50   13.60 5  2  0NU동54.04731712  .8 4.4 5.2555513 0일반주행기복전력 1기 0 8 5     6 6 8⑧1:16.9½   1.614.139.514.0  2  8  .05 8 6 -4 2.07557697132 4 7 3 52 2 4.02 6.07     3.4  7.7   18.3   37.4    4.8  .02051 0 6 5 0―  .439.00  .25 1.4075.84 6.6416.1728.11 6132514.1829.5736.43 3
20241109토 7120011국414 3 1514혼전 4451맑음양호 6 7 8스페셜타임      애니기븐스페셜파 4423.00한암 4 0 0 2 6 118815:40 33000국4박윤규희망홀스 214 2 5 320 1 2 0 6  0김태희47651.058우선보27 24 246920.040.021.61050 81120101722111416 9152416 099 0→→입13.636.838.513.3739437.338.8 75.2 76.2 40 40 2020   14.10   15.40 3 -5 -1NUDN54.04731712 1.0 3.0 4.0686812-5일반주행부중영향 1관 2 6 4     6 9 6⑤1:15.22     .713.538.313.6 -5 -4  .00 510  0 1.25454495058 5 911 83 1 3.06 1.04     3.4  9.6   50.7   93.1   16.4  .02273 0 4 4 0― -.738.80  .59  .9475.67 6.7112.5821.56 2 610 4.6011.0520.48 9
20241019토10170011국412 3 6515 1강 1153흐림포화16 7 8스페셜타임      애니기븐스페셜파 2335.00한암 4     2 7 125117:30 33000국4박윤규희망홀스 215 1 4 120 1 2 0 0  0김정준48052.078우선하32 41 416831.053.033.71438 81333 71722 01916 9142026 099 0↘↗추13.639.441.313.3687640.044.5114.4116.9 50 50 2525   13.70   15.2046 10  0VHUP54.04731712 1.3 1.7 3.0848412 4전개최상부중영향 1기 111 3 3 6 7 510⑩1:54.415   4.314.143.315.4  0  2  .001010  6 4.896579798 5 5 7 4 40 1 1.09 7.09     4.7  1.8   31.6   41.6  197.4  .03480 1 5 7 1△  .642.20 -.0536.20113.610.8022.1233.74 91835 7.2317.7230.12 4
20260823일 7120011국4 4 4  6 0혼전 4451           7 9빈체로큐        한센    흥부자   7625.00한거 4 0 0   1    015:40 33000국4서인석오종택  -1 012 1 511 1 2 211  0조재로   53.588강선하50 76 768558.057.038.13352141845 9181025 0191219252299 0 0↗↘입13.636.538.913.79148                   67 67 5017   13.80   14.70 7 -1 -1LUDN55.54791413  .2 2.0 2.2878714-2인기탐색조교부실44관 0 9                            13.8    14.7        .0                       4 6 1 2  9                                              .03187 0 7 8 0―  .538.90  .08     75.7214.0526.9938.0512264112.2024.0433.79 3
20260704토 9140010국553 5106 1 1강 1151흐림건조 4 7 9빈체로큐        한센    흥부자   6130.00한거 4 0 0 1 1  123      33000혼4서인석오종택  -1 111 5 311 1 2 210  0김태훈48254.069강도하95 98 989087.065.046.41857 81845 9181015 0191212252199 0 0↗→입13.636.439.913.7902236.841.2 89.8 90.7 67 67 5017   14.20   13.10 9  3 -1VUUP55.54791413  .2 2.2 2.4818114 2숨은복병최적거리46관 010 4     6 810⑩1:29.85    2.913.841.114.7  5 -2  .0910 5  2 2.98836898613 1 9 1 20 1 1.02 5.02 2.9 6.1  2.9    6.1   12.5    6.3  .04189 3 8 9 3▲ 1.339.90 -.4914.4488.8017.0532.6646.3617375320.3140.6553.60 2
20260502토 6120011국534 5 86 2혼전 4451흐림건조 3 7 9빈체로큐        한센    흥부자   7625.00한거 4 0 0 1 1  175      33000국5서인석오종택  -1 210 4 411 8 2 2 9  0조재로48455.088강도하93 95 959477.065.042.13352141845 9181025 0191219252299 0 0↗↘입13.636.539.013.7913736.540.4 76.5 76.9 67 67 5017   13.90   13.90 7  4  1BNDN55.54791413  .2 2.2 2.4818113-2전개최상전개최상32트 0 7 5     3 3 5⑥1:16.55    1.413.840.114.5  3 -1  .09 6 3 -2 1.57112877138 1 5 2 22 8 1.07 1.08 1.8 3.2  1.8   18.4   26.7   82.810.54179 2 8 8 2▲ 1.139.30 -.09 1.3875.7815.5529.1242.1217375319.5737.7649.16 1
20260314토 7140011국454 8 56 3 3강 3351맑음양호 7 7 9빈체로큐        한센    흥부자   6130.00한거 4 0 0 2 1  141      33000국4서인석오종택  -1 3 9 3 211 7 2 1 8  0조재로48554.088우도하53 57 579660.063.048.03352141845 9181025 0191219252299 0 0↗↘입13.536.339.913.6922736.639.4 88.6 88.1 60 60 6020   14.70   13.8011 -3 -1HUUP56.04771413  .2 2.2 2.4818113 2전개최상전개최상47트 0 3 2     2 1 1②1:28.61     .013.939.513.9 -3 24  .00 2 5  3  .21821472688 110 4 31 7 7.0511.03 2.3 4.1 20.0  159.8  409.4  175.912.24190 3 8 9 3▲ 1.139.40 -.4811.9388.7318.3134.2648.0312264110.7121.2433.23 4
20251227토 4120011국454 5106 4혼전 4451흐림다습14 7 9빈체로큐        한센    흥부자   7625.00한거 3 0 0 9 2  218      33000국4서인석김인규  99 4 8 2 311 6 2 1 7  0조재로46155.086우선보67 71 719442.047.018.92341 71426 418362555191219252299 0 0→↗입13.536.539.113.6923738.139.1 75.8 77.3 60 60 6020   14.30   14.30 8  2 -1NUDN56.04771413  .3 2.5 2.8777713-1전개최상전개최상 5기 0 610    10 8 8⑧1:15.82    2.014.738.713.8  6-24  .09 8 2  1 2.98286597825 210 8 90 6 4.10 1.07 3.710.0  6.7   94.3  173.1  264.8  .04160-1 5 4-1▽ -.239.50  .51 1.7075.84 4.18 9.8618.86 2 612 7.1414.8523.62 6
20251101토 7130011국452 4106 5혼전 4453맑음건조 5 7 9빈체로큐        한센    흥부자   6130.00한거 3 0 1 1 1  17015:15 33000국4서인석김인규  99 5 7 1 411 5 2 1 6  1조재로48556.088우선보62 69 699675.065.047.63352141845 918362555191219252299 0 0↗↘입13.536.639.713.7973037.939.4 83.1 83.3 60 60 6020   13.40   14.2010 -7  3HNDN56.04771413  .3 2.5 2.8777713-1전개최상전개최상46트 0 4 8     8 7 5⑤1:23.13    1.214.339.514.3  4  0  .09 5 1  0 1.35163536044 1 7 3 20 5 2.0310.03     5.4  5.2   13.6   28.5   61.3  .04191 3 9 9 3★ 1.340.50 -.19 6.9682.8419.2834.6647.5521415721.6744.7860.79 1
20250823토 7140011국534 3 86 6혼전 4451맑음건조 4 7 9빈체로큐        한센    흥부자   6130.00한거 3 0 1 2 2  362      33000혼4서인석김인규  99 6 6 2 111 4 2 1 5  1조재로48553.587우도보91 95 959684.069.047.12341 71426 418362555191219252299 0 0→↗입13.536.340.113.7931336.140.7 87.9 89.5 60 60 6020   13.50   13.6010  5 -2VUUP56.04771413  .3 3.0 3.3707013 1승부최상전개최상66관 011 2     2 2 3⑥1:27.91½   .913.439.714.2  5 25  .01 6 1  0 1.066 4845850 111 1 11 4 6.03 8.10 3.1 5.8 11.2   16.5   40.9  233.110.54192 3 9 9 3★ 1.539.70 -.5813.1488.8618.0935.0547.0834536623.8540.1854.04 1
20250615일 2130011국521 6 76 7 1강 1154맑음건조 3 7 9빈체로큐        한센    흥부자   6130.00한거 3 0 1 2 3  544      24750국5서인석김인규  99 7 5 1 311 3 1 1 4  1조재로46055.086평입보80 86 869094.070.066.428441817391018362555191219252299 0 0↘→입13.536.739.913.7951936.438.6 80.6 81.0 50 50 5025   13.70   13.30 9  0 -2LU동56.54861312  .5 3.5 4.0626213 0전개최상승부최상44트 0 6 3     2 2 1①1:20.65    -.813.538.613.6  0-31  .00 1 1  0  .0 1 427 396 110 1 11 3 1.10 6.03 2.5 4.2  2.5   47.6   46.2  179.1  .04491 3 9 9 3★ 1.939.90 -.87 4.3583.0335.6256.6966.3937587151.1978.1188.37 1
20250412토 2130011국611 8 66 8 1강 1151흐림양호 6 7 9빈체로큐        한센    흥부자   6130.00한수 3 0 0 2 4  73914:15 16500국6서인석김인규  99 8 4 4 211 2 0 1 3  0조재로49157.083평입보90 99 999495.074.070.82863 821441118362555191219252299 0 0↗↘입13.536.639.913.7961937.038.1 82.0 81.3 33 33 67 0   13.60   14.50 9  1  1BL동56.04811312-3.0 6.0 3.0575713 0마방연대전개최상 1기 0 6 2     2 2 1①1:22.06    -.913.738.513.3  0 10  .00 1 1 -1  .0 22314 497 1 7 1 11 2 1.07 6.03     5.2  1.6    8.4   11.5   85.2  .04193 3 9 9 3★ 2.140.10 -.94 4.7882.9740.5262.0970.7837587132.8555.0638.01 1
20250208토 1130011국631 8 86 9 3강 3355맑음건조 5 7 9빈체로큐        한센    흥부자   6130.00한수 3 0 0 1 5  93210:35 24750국6서인석김인규  99 9 3 3 111 1 0 0 2  0조재로48156.086평입하52 35 3569  .069.045.31741 91946 8183625551912192522      ↘↗입13.536.640.013.7961536.439.7 83.7 82.3  0  0 50 0   13.10   13.70 9  3  1LNUP       1312         5.0    12 1교체실패마방연대 1기 0 5 1     1 1 1②1:23.72     .013.640.814.5  0-14  .00 2 2  1  .319 4642387 4 8 5 31 1 3.02 4.05     4.9  3.9    7.3   14.4   31.411.83189 2 7 9 2▲ 1.440.30 -.29 5.7483.0315.4531.0545.33153147 8.5717.4631.02 5
20241208일 1120011국651 610610혼전 4455맑음다습13 7 9빈체로큐        한센    흥부자   7625.00한수 2 0 0 2 6 109710:35 24750국6서인석김인규  9910 2 2 211 1 0 0 1  0이용호49555.075평입보56 35 3550  .046.017.8184313255212183616 01912191820      ↘↗자13.836.939.413.6782236.439.6 75.9 75.9  0  0  0 0   13.80   13.50 8  1  0NH동       1212         3.0    12 0마방기습우수혈통 1기 0 2 1     2 4 6⑤1:15.9½    .513.139.513.7  4 17  .00 5 1 -5  .64310755064 9 8 9 72 1 7.0310.09     7.0 30.0   52.9  150.7   73.4  .03144-1 4 5-1▽ -.238.60  .15 -.3676.23 3.49 8.9517.81 2 817 9.6018.8831.56 2
20241013일 1120012국412 6 1611 1강 1155맑음건조 3 7 9빈체로큐        한센    흥부자   7625.00한거 2     2 7 127110:35 24750국4서인석김인규  9911 1 1 111 1 0 0 0  0빅투아47855.085평무보   35 3540  .046.024.5152411244514183625 01912222818      ↘↗선13.836.738.513.3    36.839.3 75.8 76.1              13.80   13.60        NN동       12 0                 0 0일반주행마방기습 1기 0 1 3     4 3 4③1:15.85     .813.839.113.5 -3  4  .00 3 6  0 2.44926675156 6 6 7 42 1 1.02 9.05     1.8  1.3    1.8    2.1    9.7  .02449 0 4 5 0― -.138.90  .56  .8975.61 5.9214.6124.50 71829 7.5915.0725.97 2
20260823일 7120011국4 4 4  7 0혼전 4451           710호라이즌스타    머스킷맨해광     8625.00한수 3 0 0   1    015:40 33000국4심승태김선식   5 0 9 1 4 8 1 2 0 8  0루이스   52.573기입보50 61 614217.045.021.52042111350 71210 0 01213202616 099 0→↘입14.037.538.413.63076                   29 29  0 0   13.90   13.10 2  2  0NU동55.84961812-2.0 6.2 4.2696913 0숨은복병기복전력68기 110                            13.9    13.1        .0                      11 5 6 9  1                                              .01961-2 4 4-2▽ -.538.40  .26     76.00 6.6114.1921.51 2 714 4.8813.1119.45 9
20260808토 8120011국513 3 67 1 1강 1151맑음건조 2 710호라이즌스타    머스킷맨해광     8625.00한수 3 0 0 1 1   44      33000혼4심승태김선식   5 1 8 3 3 8 5 2 0 7  0김정준50952.573기입적86 91 915381.066.036.41537101350 7121013181213142026 099 0↗↗추14.037.638.613.6256937.338.4 74.9 75.8 33 33  0 0   13.90   13.10 3 -3 -2NU동55.84961812-2.0 6.2 4.2646413 0적정체중작전마주67기 1 8 7     7 7 6⑦1:14.9½    .913.937.813.1  1 13  .00 7 6 -1 1.04254333451 9 7 2 30 5 9.01 7.09 1.5 5.0 30.6   16.5   51.9   67.8  .02564 1 8 7 1▲ 1.137.90 -.31 -.3776.1712.6924.4936.3720425714.9728.8738.81 2
20260718토 6120011국554 7107 2혼전 4451흐림불량20 710호라이즌스타    머스킷맨해광     8625.00한수 3 0 0 2 1   35      24750국5심승태김선식   5 2 7 2 2 8 4 1 0 6  0김정준49654.573기입적27 29 2926 9.039.018.21537101350 7121013181213142026 099 0↗↗추13.937.538.713.7286536.938.1 73.6 74.8 20 20  0 0   14.50   16.00 2  4  1VNDN57.04951814 -.6 5.6 5.0565613-6일반주행기복전력 5   011 5     5 3 2①1:13.63    -.513.937.313.1 -6 -4  .00 1 7  2  .0 929261495 8 5 9 92 4 7.0411.09 2.3 6.2 17.2   69.3  172.5  261.6  .01620-1 3 3-1▽ -.937.70  .21-1.4376.17 5.3110.7318.24 2 714 5.17 9.5215.2110
20260705일 41800 9국550 9 57 3 1강 1159흐림건조 4 710호라이즌스타    머스킷맨해광     7121.00한수 3 0 0 1 1   27      24750국5심승태김선식   5 3 6 1 1 8 3 1 0 5  0김정준50054.072기입보41 49 49 648.040.018.91537101350 7121013181213142026 099 0↗↗추13.940.641.113.8212239.744.2122.6121.7 20 20  0 0   14.20   14.20 4 -1 -3NUUP57.04951814  .8 5.3 6.0474713 5일반주행기복전력47기 0 7 5 6 5 4 4 7⑨2:02.67    3.014.543.816.0  4  5  .01 9 5 -2 4.29129969515 6 9 3 70 3 2.01 4.03 3.0 5.0  3.7    5.0   12.3    4.3  .016 9-4 5 2-4▼ -.840.70 -.2239.97119.2 3.85 9.7018.91 4 91721.2834.8647.03 3
20260606토 3130011국613 7 67 4 3강 3357맑음양호 7 710호라이즌스타    머스킷맨해광     7230.00한수 3 0 0 1 1   78      16500국6심승태김선식   5 4 5 5 1 8 2 0 0 4  0김정준49557.072평입보24 30 303117.047.025.41537101350 7121013181213142026      ↗↗추13.737.739.313.7365737.438.9 82.7 81.4  0  0  0 0   14.50   14.50 5  0  0NNDN       1414  .8 5.3 6.0474710-1일반주행거리속성92기 2 8 6     4 4 2①1:22.71¼  -.214.239.614.2 -6 -2  .00 1 7 -1  .0 23832229211 1 6 52 2 7.02 8.05 1.6 4.3 20.4   43.3  139.6  109.3  .01949 0 3 5 0― -.139.00  .02 4.4183.29 6.2314.5325.39 61526 4.4012.7720.00 6
20260502토 3140010국640 9 47 5 1강 1151흐림건조 3 710호라이즌스타    머스킷맨해광     7230.00한수 3 0 0 1 1   98      16500국6심승태김선식   5 5 4 4 2 8 1 0 0 3  0김정준49757.072평입보28 34 34 812.037.012.31537101350 7121013181213142026      ↗↗추13.737.439.613.6225237.840.0 91.7 89.9  0  0  0 0   14.30   14.3024  7  1NN동       1410 1.0 4.3 5.3535314 0일반주행휴양불리40관 1 8 7     8 7 8⑧1:31.7½   1.814.540.914.5  0 -8  .00 8 8  5 3.57283678231 7 4 9 90 1 1.02 6.11 2.2 3.7  2.2    3.7    5.7    6.9  .01610-4 3 3-4▼-1.238.70 -.0312.8689.28 2.00 5.6312.28 2 714 2.94 7.1114.53 7
20251116일 3140011국650 9107 6 1강 1149맑음건조 3 710호라이즌스타    머스킷맨해광     7230.00한수 2 0 0 2 3  487      16500국6최영주김선식   5 6 3 3 1 8 1 0 0 2  0마이아50556.092하추보15 25 253423.049.025.934483324501419 0 0 022133532 8      →→선14.137.639.913.2144137.239.2 90.4 88.8  0  0  0 0   14.10   13.70 4-10  0HNUP       1410 1.0 5.0 6.0444410 2승부최상거리부담 8기 3 1 4     5 4 3④1:30.41½   .313.940.014.3  1  3  .00 4 3 -3 1.0405841447210 5 4 42 1 5.02 5.04 2.2 6.8  9.1   22.7   49.3   15.7  .03450-1 4 4-1▽  .038.30 -.7011.3089.62 6.9116.0325.86 91835 6.7818.6031.28 4
20251019일 1120012국621 6 77 7혼전 4451맑음포화17 710호라이즌스타    머스킷맨해광     8625.00한수 2 0 0 2 2  209      24750국6최영주김선식   5 7 2 2 1 8 1 0 0 1  0장추열50256.093평추보73 78 786970.072.042.1345118 617 019 036 02213202722      ↗↘입14.137.538.413.2368938.139.4 76.7 77.7  0  0  0 0   14.10   13.20 6  2  1NNUP       1210 1.0 4.0 5.0606010 2편성만만승부최상75관 111 8     9 9 9⑦1:16.73    1.814.139.613.7  1  1  .00 7 6  2 3.78786708528 6 5 4 40 1 1.05 5.08 1.6 4.0  1.6   10.6   12.1   21.910.64492 0 7 7 0― 1.538.60 -.32 1.7976.0014.3330.4842.10173753 8.3919.3117.29 4
20250906토 1100010국611 4 67 8 1강 1155흐림다습12 710호라이즌스타    머스킷맨해광     8625.00한수 2     1 2  326      24750국6최영주김선식   5 8 1 1 1 8 1 0 0 0  0임다빈50155.577평무보   25 2540  .033.015.42050 8 617 019 028 02213142424      →→추14.137.137.812.9    37.437.6 62.6 62.6              14.10   13.20 4  0  0LL동       10 0                 0 0일반주행우수혈통31관 0 9 8     8 8 7⑤1:02.6목    .714.137.513.2  1  5  .00 5 4  0  .73751323557 3 3 5 73 1 9.07 5.07 1.5 5.7 29.7  113.4  352.4  282.9  .01617-3 3 3-3▼-1.437.80  .62-12.362.71 2.41 6.0515.39 51222 9.8419.5634.55 8
20260823일 7120011국4 4 4  5 0혼전 4451           711레베랑스        레이스데할런즈달 7025.00한수 3 0 0   1    015:40 33000국4안병기김길리   0 013 4 512 2 2 212  0안드레   53.590우자보50 65 658248.054.032.32556 62358 71831 0 019103822 5 06733↗→선13.837.338.013.63791                   45 55 1836   14.00   13.50 7  7 -2VHDN55.04701612  .4 2.6 3.0757513-2마방연대보통주행56기 111                            14.0    13.5        .0                       8 1 4 4  2                                              .02964 1 6 6 1―  .338.00  .31     75.6710.8022.6432.2710223512.2020.7729.69 5
20260705일 71400 9국451 3105 1혼전 4451흐림건조 4 711레베랑스        레이스데할런즈달 8929.00한수 3 0 0 1 1  115      33000국4안병기김길리   0 112 3 212 1 2 211  0안드레47755.591우자하67 77 777973.062.036.92556 62358 71831 0 019103822 5 06733↗→선13.837.038.813.6457337.138.8 87.1 88.3 40 50 2040   14.30   13.70 5  2  2HNUP55.04701612  .8 1.8 2.6777713 2승부최상마방연대65기 0 4 7     5 6 3③1:27.1머리  .014.038.413.5 -2 -7  .00 3 5  3 1.92553252481 7 2 5 53 1 1.03 5.02 3.1 6.2  3.1    7.6   13.3   11.212.73489 2 8 8 2▲ 1.038.80  .0612.5488.4512.1324.5636.90 8172812.0023.1435.96 5
20260530토10120011국454 4 55 2혼전 4451맑음양호 7 711레베랑스        레이스데할런즈달 7025.00한수 3 0 0 9 1   91      33000국4안병기김길리   0 211 2 412 1 2 210  0씨씨웡48454.093평입보87 92 928383.072.051.73456112358 7183132361910212522 06733→↘선13.937.138.013.6568938.137.9 75.7 76.0 33 44 3311   13.90   13.60 6 -6  2HNDN55.04701612  .6 1.6 2.2838313-2부중유리승부최상42기 0 210    10 9 5③1:15.73     .514.338.113.7  1  7  .00 3 2  0  .94385164165 8 1 3 23 6 1.0411.10 3.1 4.4  3.1   13.0   15.1    9.310.54493 2 8 9 2▲ 1.638.40 -.16  .9175.5623.0139.7151.7334536619.7936.3649.53 2
20260418토10140010국442 7 95 3혼전 4451맑음건조 4 711레베랑스        레이스데할런즈달 8929.00한수 3 0 0 2 1  113      33000국4안병기김길리   0 310 1 112 1 2 2 9  0루이스47752.571우입보81 90 905461.056.027.02042112358 71831 8 01910202616 06733→↘입13.836.839.113.6646137.238.7 88.9 88.3 50 50 2525   13.60   13.80 5  7 -1BUUP55.04701612 -.8 3.2 2.4808013 1전개최상잠재혈통72기 1 8 4     3 3 3③1:28.91¼   .313.939.113.6  1  7  .00 3 2  0  .52254212272 5 7 5 62 1 1.09 4.09 2.6 4.6  2.6   37.5   49.8   39.510.53462 1 7 8 1―  .539.00  .2612.4388.52 8.1517.7727.02 51222 7.0917.1625.30 7
20260315일 8130010국522 3 75 4혼전 4451맑음양호 6 711레베랑스        레이스데할런즈달 8929.00한수 3 0 0 2 1   87      33000국5안병기김길리   0 4 9 3 312 4 2 1 8  0씨씨웡47053.093우입보76 82 829574.070.052.33456112358 7183132361910212522 06733→↘선13.836.938.813.7888037.039.2 81.5 82.6 43 43 4314   14.20   14.30 4 -2  1UNDN55.04701612 -.8 3.2 2.4808013-3선입실패전개최상38기 0 1 2     2 2 2②1:21.57     .013.638.913.8  0  5  .00 2 2  0 1.22721472681 6 2 4 11 5 1.02 5.01 2.2 3.2  2.2    3.2    5.5    5.910.64188 3 8 9 3▲ 1.540.10  .07 6.8682.4522.8342.0752.3034536619.8031.6339.82 2
20260214토 8160010국441 7 95 5혼전 4451맑음건조 3 711레베랑스        레이스데할런즈달 8929.00한수 3 0 0 2 1   66      33000국4안병기김길리   0 5 8 2 212 3 2 1 7  0씨씨웡46552.593우자하45 45 451443.060.037.63456112358 7183132361910212522 06733→↘선13.836.039.213.5836536.639.4103.8102.8 50 50 5033   14.20   14.20 4 -6  0HU동55.04701612 -.4 3.2 2.8767613 0연대우수보통주행64기 1 3 6   6 6 6 5④1:43.81¼   .614.239.914.3  2-19  .00 4 2  1  .64456454866 2 5 7 32 4 1.05 1.08 3.2 5.6  3.2   18.7   30.2   26.1  .03356 0 6 8 0▲  .739.20  .3027.56102.612.4825.9037.56122641 8.8216.9026.61 7
20260117토 8160010국411 5 65 6 2강 2251맑음건조 5 711레베랑스        레이스데할런즈달 8929.00한수 3 0 1 2 1   77      33000국4안병기김길리   0 6 7 1 112 2 2 1 6  1씨씨웡48452.593우자보93 95 951486.062.044.93456112358 7183132361910212522 06733→↘선13.836.039.413.5836136.840.1104.0104.1 50 50 3333   13.60   12.70 4 -1 -1LUUP55.04701612 -.4 3.6 3.2717113 3전개최상연대우수 5기 1 9 6   6 8 8 8⑦1:44.06    2.314.240.014.2  6  9  .01 7 1  0 2.88075657620 3 3 1 30 3 5.04 4.06 1.6 4.5 15.7   56.7  122.9   68.7  .03764 0 8 8 0▲  .839.40  .0428.71102.715.0629.8344.8912264125.0044.7862.00 1
20251220토 5130011국543 1 45 7 1강 1151흐림포화16 711레베랑스        레이스데할런즈달 8929.00한수 2 0 0 2 1   8213:35 24750국5안병기김길리   0 7 6 1 212 1 1 1 5  0씨씨웡47553.593우입보94 96 969291.067.048.43456112358 7183132361910212522 099 0→↘선13.836.839.213.6936937.037.8 78.6 80.8 40 40 4020   13.70   13.50 4  5 -3BU동55.84681312 -.4 3.6 3.2717113 0마방연대전개최상52기 010 6     6 5 4①1:18.63    -.613.636.712.7  0  5  .00 1 1  0  .0 121 9 292 2 5 2 23 2 1.0410.07     3.5  2.2    6.5   10.2    7.0  .04197 3 9 9 3★ 1.439.70 -.01 4.8082.6518.6734.9248.4321415727.0746.7261.58 2
20251123일 4130011국612 8 65 8 1강 1154맑음건조 3 711레베랑스        레이스데할런즈달 8929.00한수 2 0 0 2 1   96      16500국6안병기김길리   0 8 5 5 112 1 0 1 4  0문세영47056.073평입상39 68 687886.070.074.53845 02358 7183143331910293615 099 0↗↘입13.836.939.413.7856136.838.4 81.1 81.0 25 25 2525   13.60   13.50 5  4  0NVUP55.54661312 -.5 4.3 3.8646412 1승부최상마방연대71기 1 5 4     4 3 1①1:21.12½  -.413.738.713.5  0  1  .00 1 1 -9  .0 11522 594 5 5 2 12 4 1.03 5.01 1.3 3.5  1.3    3.5    4.1    5.0  .03485 1 8 8 1▲ 1.439.70 -.90 4.7182.8432.8557.8174.4634536633.3354.5559.05 1
20251019일 7120012국614 5 65 9혼전 4451맑음포화17 711레베랑스        레이스데할런즈달 7025.00한수 2 0 0 2 2  203     110000국O안병기김길리   0 9 4 4 312 1 0 1 3  0씨씨웡46956.089평입보90 99 998583.076.039.6255211215610183132361910212522 099 0↘→선13.836.838.713.8816937.038.7 74.7 76.3 33 33 3333   13.60   13.40 5 -3  1UV동55.54661212 1.3 2.3 3.7676712 0연대우수승부최상 5   0 1 5     5 4 4④1:14.71     .813.638.713.5 -6  3  .00 410  8 1.45536463560 6 8 3 12 1 1.02 9.04 1.4 4.1  1.4    4.1    5.0    6.510.54494 2 8 9 2▲ 1.938.80 -.04  .7775.7817.0330.6539.6134536611.1122.8926.19 4
20250914일 1120011국611 6 6510 1강 1151맑음다습14 711레베랑스        레이스데할런즈달 7025.00한수 2 0 0 2 2  29510:35 24750국6안병기김길리   010 3 3 212 3 0 0 2  0문세영46655.573평입하61 72 728189.070.047.82735 0215610183143331910293615      ↗↗입13.736.839.614.0803036.837.9 73.7 74.8  0  0 50 0   13.60   14.20 6  0  0HH동       1210 2.0 2.5 4.5585810 0전개최상연대우수68기 0 4 3     4 3 1②1:13.7¾    .013.637.713.4  0  7  .00 2 2  0  .1 92420 985 4 7 3 22 3 5.02 9.04     5.0 11.8   19.0   45.2   10.5  .03771 1 8 7 1▲ 1.438.40 -.77-1.6376.2817.9934.4647.7517375319.7435.0428.18 2
20250803일 1120012국651 710511 2강 2255흐림건조 3 711레베랑스        레이스데할런즈달 7025.00한수 2 0 0 1 3  40210:35 24750국6안병기김길리   011 2 2 112 2 0 0 1  0문세영45955.573평입보66 92 929292.074.064.83745 0355020183143331910293615      ↘↗입13.936.739.814.0932236.938.8 76.9 76.0  0  0100 0   13.90   14.00 4 -2  0HHUP       1210  .0 3.0 3.0727210 2마방기습전개최상32관 1 4 1     1 2 2⑥1:16.91¼  1.213.639.814.2  4  6  .00 6 2 -1 1.24732523845 2 9 1 11 2 8.0512.10     5.6 38.2  131.9  387.7  118.0  .04189 3 9 9 3★ 1.938.90-1.31 -.4776.3432.9253.5064.8037597122.8440.8220.15 1
20250705토 1100010국640 7 9512혼전 4455맑음건조 3 711레베랑스        레이스데할런즈달 7025.00한수 2     1 3  49410:35 24750국6안병기김길리   012 1 1 112 1 0 0 0  0문세영45355.573평무보84 35 3573  .060.039.83745 0355020183143331910293615      ↘↗입14.136.937.513.0988036.538.6 63.1 62.8              14.10   13.30        LN동       10 0         3.0     0 0일반주행마방기습42기 0 6 4     4 4 2③1:03.11¾   .313.938.714.0  0 -6  .00 3 3  0 1.84213683771 7 6 6 42 1 1.06 1.05     5.3  3.2   42.0   62.6   36.5  .02458 0 6 6 0―  .638.10  .16-11.662.4314.2427.3439.7512264110.0020.0030.00 6
20260823일 8170011외4 1 6  5 0혼전 4452           8 1글로벌컴퓨팅    CLOUD COHOT DIXI 6724.00미거 4 0 0   1    016:30 33000혼4전승규장재형   1 01010 2 9 2 1 0 9  0우인철   55.073평추상50 53 535647.061.040.62048101947 7222433 01819102723 03367↘↘입14.639.441.513.77241                   33 17 3317   14.50   14.00 4 -7  3UNDN53.35361818-1.8 5.6 3.8636318-1교체성공거리속성54기 1 1                            14.5    14.0        .0                       411 7 3  3                                            12.73064 2 6 6 2―  .841.50 -.33     113.714.3927.5840.5817375314.6723.7333.33 5
20260726일 9180011외451 5105 1혼전 4451맑음양호 9 8 1글로벌컴퓨팅    CLOUD COHOT DIXI 1643.00미거 4 0 0 9 1   53      33000혼4전승규장재형   1 1 9 9 3 9 1 0 0 8  0우인철54252.072평추하11  2  25130.061.032.62048101947 7222433 01819102723 0 099↘↘입13.940.141.013.6542739.340.5116.9117.2 20  0 2020   15.10   15.20 4  0 -1LU동54.05331812 -.2 6.0 5.8494912 0교체실패부중영향99기 2 8 6 6 5 6 3 1①1:56.9½    .014.540.514.0 -6 -4  .00 1 7  3  .0 517482183 41111 52 2 7.02 8.09 2.0 6.2 24.4   60.0  225.7  129.312.73082 2 6 8 2▲  .940.60 -.3636.06119.011.0121.8232.58102235 6.6714.5622.73 6
20260627토 8180011외412 7 65 2 1강 1157맑음건조 4 8 1글로벌컴퓨팅    CLOUD COHOT DIXI 1643.00미거 4 0 0 9 1   73      33000혼4전승규장재형   1 2 8 8 2 9 1 0 0 7  0송재철54653.077평추하31 30 302619.044.021.41643 81947 7222423 01819192520 0 099↘↗입13.940.141.113.5562740.443.7120.7121.2 20  0 2020   15.10   13.60 4  2  1LN동54.05331812  .3 6.3 6.5424212 0부중유리거리속성67기 0 81110 9 8 7 8⑧2:00.76    3.215.142.915.2  4  6  .05 8 4 -1 4.38859959612 4 9 6 70 3 1.05 6.11 1.2 3.5  1.2    8.0    9.8   12.5  .03143 0 4 4 0― -.241.10 -.1139.96119.0 4.5111.3821.38 4 917 8.8214.5525.10 6
20260530토 8180010외420 5 75 3혼전 4451맑음양호 7 8 1글로벌컴퓨팅    CLOUD COHOT DIXI 1643.00미거 4 0 0 9 1   53      33000혼4전승규장재형   1 3 7 7 1 9 1 0 0 6  0우인철54052.072평추하 9  2  25020.050.024.52048101947 7222433 01819102723 0 099↘↘입13.939.941.513.5641241.039.2121.2118.8  0  0 25 0   13.90   14.30 4  0 -2NUUP56.05261812  .3 6.3 6.5424212 6교체실패부중영향 5   0 6 6 7 6 7 7 3③2:01.2¾    .115.139.513.6 -2-10  .00 3 5  1  .23879143379 210 9 63 1 1.02 3.05 1.8 2.9  1.8    2.9    4.6    9.7  .02256-1 5 5-1▽ -.141.00 -.2637.40119.1 5.9514.2824.52 51222 5.0611.8321.19 6
20260502토 6120011외434 6 85 4혼전 4451흐림건조 3 8 1글로벌컴퓨팅    CLOUD COHOT DIXI 67     미거 4 0 0 1 1   75      33000혼4전승규장재형   1 4 6 6 2 9 1 0 0 5  0최범현55053.593하무하43 36 365117.042.015.53259131947 72224 0 01819193217 0 099↗→입13.936.839.713.6801536.740.6 77.1 77.3  0  0 25 0   14.40   13.8012  3  1NNDN56.05261712 1.3 6.0 7.3393912-4부중효과보통주행43기 0 6 6     6 6 8⑧1:17.11½  2.013.940.314.3  4 19  .03 8 4 -3 2.18325908226 410 8102 1 1.07 1.08 1.8 3.2  1.8   18.4   26.7   82.8  .02737-1 3 2-1▽ -.739.20  .12  .8176.34 3.57 7.8915.48 2 610 4.3512.2419.06 8
20260208일 7160010외421 4 75 5혼전 4451맑음건조 2 8 1글로벌컴퓨팅    CLOUD COHOT DIXI 6724.00미거 4 0 0 2 2  224      33000혼4전승규장재형   1 5 5 5 1 9 2 0 0 4  0송재철53153.074하추적 6  1  11415.045.021.92033132357 7222423 01819192520 0 099↗↘입13.936.141.313.679 936.440.0101.5103.1  0 33 33 0   14.80   17.0010 -6 -2UUDN56.05261712 1.3 6.0 7.3393912-1부중효과부중효과47기 0 3 5   5 7 6 4④1:41.53    1.014.439.413.8 -3 -6  .00 4 7  3 2.04840595648 31010 80 2 1.09 2.07 2.4 4.4  2.4   43.4   48.2  187.7  .02738-1 4 4-1▽ -.541.30 -.3325.73103.8 6.1814.3121.89 2 714 3.70 7.8715.22 8
20251130일10170011외432 6 85 6 1강 1159흐림다습10 8 1글로벌컴퓨팅    CLOUD COHOT DIXI 6724.00미거 3 0 0 9 1  195      33000혼4전승규장재형   1 6 4 4 1 9 1 0 0 3  0송재철53754.578평추보26 17 176136.054.033.41643 81947 7222423 01819192520 0 099↘↗입13.939.042.313.697 940.346.1118.9118.8  0 33 33 0   14.00   14.30 4 -2 -2LHUP56.05261712 1.0 6.0 7.0464612 4일반주행부중효과74기 1 9 6 6 8 81011⑪1:58.9대차 6.114.846.317.0  7  6  .0111 4 -2 7.399749999 5 111 8 30 1 2.03 6.03 2.1 4.2  4.8   13.5   22.1  104.4  .02570 1 6 6 1―  .642.90 -.3537.50114.010.8822.0233.41203955 5.6816.3726.74 4
20251101토 7130011외452 4105 7혼전 4453맑음건조 5 8 1글로벌컴퓨팅    CLOUD COHOT DIXI 6724.00미거 3     1 1  170      33000혼4전승규장재형   1 7 3 3 1 9 1 0 0 0  0마이아53156.093하추보22  4  46421.051.026.43452161947 72224 01818193532 8 0 099↘↗선13.936.940.213.5981537.840.0 83.8 84.0  0  0 50 0   14.30   13.5031  8  0VLUP56.05261412 2.0 9.011.0171712 1일반주행부중편성48트 111 7     7 8 9⑧1:23.81¾  1.914.040.114.3  2  5  .00 8 6  3 2.07358717426 41110 60 1 2.0310.03 2.1 5.4  5.2   13.6   28.5   61.313.21954 0 5 5 0―  .240.40 -.07 6.8683.35 7.9117.7326.42 51221 6.6713.4322.47 6
20250322토 2120011외421 4 25 8혼전 4459맑음건조 5 8 1글로벌컴퓨팅    CLOUD COHOT DIXI 67     미거 3 0 0 2 5  802      41250혼4전승규장재형   1 8 2 2 1 9 1 0 0 1  0씨씨웡52656.086하무보13 25 2570  .048.019.52658131950 8222435311819212522      ↘↘선13.936.640.214.796 336.839.0 76.8 75.7  0  0100 0   13.90   15.00 8 -2  3HBDN       1414        11.0    14-2일반주행보통주행 1기 1 3 6     6 8 5③1:16.81     .213.939.813.8  0  9  .00 3 3 -6  .63426563974 21111 73 1 1.02 9.05 1.6 1.7  1.6    1.7    2.6    3.8  .01646 0 4 4 0― -.138.90 -.19-1.1076.51 3.9810.5919.52 2 81711.4321.4638.19 2
20250125토 8140011외450 2105 9혼전 4451맑음건조 3 8 1글로벌컴퓨팅    CLOUD COHOT DIXI 6724.00미거 3     9 5  94716:05 33000혼4전승규장재형   1 9 1 1 1 9 1 0 0 0  0김동수51753.068평무보   25 2540  .038.011.51233121950 8222421191819102127      ↘↗추13.736.639.114.5    36.241.4 91.1 90.4              13.70   14.80        LN동       14 0                 0 0일반주행작전마주 1기 0 5 4     4 410⑪1:31.11¼  2.413.942.015.0  2 -3  .0011 9  0 2.684 8918016 1 1 9110 1 7.03 4.06     8.6  9.7   21.7   44.2  185.2  .02140 0 3 3 0― -.739.60  .8114.6788.38 2.09 5.3111.47 0 1 410.6218.8056.12 5
20260823일 8170011국4 1 6  4 0혼전 4452           8 2슈퍼데이        레이스데슈퍼갤럽 8929.00한수 3 0 1   1    016:30 33000혼4안병기강현철   1 010 2 2 9 1 2 2 8  1정정희   52.580강추하50 70 709566.062.041.72246112358 7182418 0191020241567 033→→입13.439.340.613.47585                   67 50 3333   14.10   14.70 6 -5  0UU동55.85071713 -.4 2.4 2.0818114 0전개최상전개최상47기 0 2                            14.1    14.7        .0                       3 2 1 1  1                                            12.74193 2 8 9 2▲  .940.60  .18     113.016.6430.0041.6734536617.3329.3845.83 2
20260711토 81700 8국450 5104 1혼전 4451맑음다습14 8 2슈퍼데이        레이스데슈퍼갤럽 8929.00한수 3 0 1 2 1  104      33000국4안병기강현철   1 1 9 1 1 9 5 2 2 7  1송재철50952.578우추보95 96 969278.062.044.41643 82358 718242140191019252067 033↘↗입13.439.340.613.4738539.642.3113.0114.5 67 50 3333   13.50   13.40 9 -1 -3NUUP55.85071713 -.8 3.2 2.4737314 3연대우수전개최상 5   0 7 1 1 1 1 2 6⑦1:53.05    2.014.141.314.7  5  1  .01 7 2  1 2.57537797526 1 4 1 31 5 7.04 8.02 3.3 6.2 21.8   64.9  215.7   71.710.54177 0 8 8 0▲  .841.90  .1334.59113.014.5328.8144.3617375322.2239.2953.14 1
20260510일 3140011국511 8 64 2 1강 1153맑음건조 5 8 2슈퍼데이        레이스데슈퍼갤럽 8929.00한수 3 0 1 2 1  168      24750국5안병기강현철   1 2 8 3 1 9 4 1 2 6  1송재철50855.078우추하78 83 839088.068.071.41643 82358 718242140191019252050 050↘↗입13.536.738.913.3678336.938.0 89.1 87.4 60 40 4020   13.60   13.50 5  3  1LNUP56.35071413 -.8 3.2 2.4737313 1연대우수연대우수66기 0 8 1     1 1 1①1:29.11½  -.313.538.813.4  0  6  .00 1 1  0  .0 434 7 394 2 1 1 11 4 1.02 8.09 1.4 3.5  1.4    3.5    4.6   21.1  .04189 3 9 9 3★ 1.738.90 -.7111.8088.3238.4560.7971.3737587131.3353.8070.66 1
20260405일 6130011국551 5 54 3혼전 4451맑음양호 6 8 2슈퍼데이        레이스데슈퍼갤럽 8929.00한수 3 0 0 1 1   88      24750국5안병기강현철   1 3 7 2 4 9 3 1 1 5  0송재철50254.578우추하74 76 768975.065.048.01643 82358 718242140191019252050 050↘↗입13.437.038.813.3769136.839.0 82.7 82.7 50 50 2525   13.50   14.00 5 -3  0NU동56.35071312-1.3 3.8 2.5717113 0전개최상연대우수43기 0 5 3     2 2 1②1:22.72½   .013.639.013.5  1-10  .00 2 1  0  .43214421679 2 4 2 11 3 3.0110.05 1.9 4.8  8.0    6.5   19.1   14.8  .03787 1 8 9 1▲ 1.040.00  .11 6.9282.5221.0637.0347.9535556919.7039.7454.33 1
20260302월 5130011국542 3 94 4혼전 4451비  양호 9 8 2슈퍼데이        레이스데슈퍼갤럽 8929.00한수 3 0 1 1 1   90      24750국5안병기강현철   1 4 6 1 3 9 2 1 1 4  1송재철51254.578평추상82 86 869583.070.044.71643 82358 718242140191019252050 050↘↗입13.437.038.813.4708936.639.8 81.7 82.7 50 50 2550   13.30   12.80 4  4 -2LU동56.35071312-1.3 4.3 3.0616113 0연대우수전개최상59기 0 8 3     2 3 2④1:21.71     .413.539.514.0  3  2  .02 4 1 -1  .529 8663266 3 1 1 11 2 6.04 1.11 2.1 5.5 20.2   53.4  151.6  293.810.64189 3 9 9 3★ 1.640.00  .20 6.9082.5220.5834.2344.6634536615.7031.1543.21 1
20260201일 2130011국631 5 84 5혼전 4451맑음건조 2 8 2슈퍼데이        레이스데슈퍼갤럽 8929.00한수 3 0 0 1 1   51      16500국6안병기강현철   1 5 5 5 2 9 1 0 1 3  0송재철51056.578평추보95 99 998673.070.051.51643 82358 7182421401910192520 0 099↘↗입13.837.338.913.3598736.938.3 80.5 81.1 33 33  033   13.80   13.40 5 -3  1HV동56.05041312-1.3 4.3 3.0616113 0착차만회연대우수26기 0 4 2     2 2 1①1:20.55    -.813.337.812.8 -1  6  .00 1 2 -2  .0 21821 695 5 3 4 31 1 2.01 4.01 1.7 3.5  4.7    3.5    9.8    4.610.53780 1 7 7 1△ 1.439.30 -.24 4.9182.7820.1137.0351.5434536613.8926.1732.71 4
20251228일 1130012국632 6 34 6 3강 3351흐림다습13 8 2슈퍼데이        레이스데슈퍼갤럽 8929.00한수 2 0 0 9 1   9510:35 24750국6안병기강현철   1 6 4 4 1 9 2 0 0 2  0씨씨웡50456.093평추보39 47 474861.065.036.33456112358 7182432 01910212522      →↘선14.538.039.013.3289637.339.0 81.8 82.1  0  0  050   14.50   13.90 4 -1  0NNUP       1312-1.0 4.5 3.5494910 1승부최상거리속성50기 1 7 6     5 5 3②1:21.82     .013.838.913.4 -2 -3  .00 2 4  0  .41736433184 7 3 6 43 2 1.04 1.07     2.5  2.0    7.9   11.5    5.4  .03447 0 6 7 0― 1.038.80 -.29 5.1283.2911.3723.3736.31102235 5.6315.1814.48 4
20251129토 1120012국610 6 64 7 2강 2255맑음다습10 8 2슈퍼데이        레이스데슈퍼갤럽 7025.00한수 2 0 0 9 1   8810:35 24750국6안병기강현철   1 7 3 3 2 9 1 0 0 1  0씨씨웡50756.093우추보83 86 8682  .067.071.53456112358 7182432 01910212522      →↘선14.537.638.313.2379937.838.3 76.0 76.3  0100  0**   14.50   13.10 5  6  0BN동       1210-2.0 5.0 3.0575710 0출주제외승부최상80기 1 811     8 6 4④1:16.04    1.314.538.813.9  0 12  .00 4 4    1.75576325042 7 2 1 10 1 1.03 1.02     4.4  1.6    5.3    7.5   69.6  .04491 2 8 8 2▲ 1.338.00-1.15  .3876.0032.9758.2571.47214157 8.3316.6725.00 8
20251026일 1120011국640 5 44 8 3강 3351흐림건조 5 8 2슈퍼데이        레이스데슈퍼갤럽 7025.00한수 2 0 0 9 1  187      24750국6안병기강현철   1 8 2 2 1 9 2 0 0 1  0디에고50356.056평추보83 25 2568  .055.030.0 850 02358 71824 0 01910132321      →→입14.537.638.313.23799                    0100  0**   14.50   13.10 6 -1  1HNUP       1210         3.0    10 2일반주행추입유리36기 0 2                    경제    14.5    13.1     8  .07                      8 511 50 2 5.03 5.01 1.8 2.9 34.1   54.5  193.5   30.6  .01955 0 5 6 0―  .338.30  .03     76.00 8.2419.4629.97 81728 8.8917.1946.23 4
20250913토 1100010국650 2104 9 2강 2255맑음포화19 8 2슈퍼데이        레이스데슈퍼갤럽 7025.00한수 2     2 2  305      24750국6안병기강현철   1 9 1 1 1 9 1 0 0 0  0디에고49555.557평무보61 25 2556  .033.016.4 5 0 02156101824 0 01910132321      →→입15.238.237.413.4289937.436.8 61.4 62.3              15.20   13.70 4  0  0NL동       10 0         5.0     0 0일반주행우수혈통44기 0 310    10 7 4③1:01.45     .814.536.413.1 -2 -2  .00 3 5  0 1.42950 81454 8 3 6 83 1 1.06 2.08 3.1 6.8  3.1   13.1   21.6   56.5  .01616-3 3 3-3▼-1.436.70  .23-13.363.09 2.95 6.7716.42 5122210.5320.7532.43 3
20260823일 8170011국4 1 6  3 0혼전 4452           8 3한강캡틴        페더럴리레드화이 5435.00한거 5 0 0   1    016:30 33000혼4임채덕조금제   2 016 1 739 2 4 139  0오수철   52.562기무보50 21 21 0 5.029.0 4.8 720 5 750 3 9 8 0 0 7 01122155017 0↘↗입14.040.041.214.03217                   18 24 1815   15.10   15.20 2 -8 -4HH동56.05381818 -.2 9.4 9.2121213 0능력한계탐색우려33기 0 3                            15.1    15.2        .0                       8 81111  2                                              .0 6 1-4 1 2-4▼-1.941.20  .35     113.9  .12 1.58 4.79 0 2 5 1.33 3.39 8.3310
20260808토 6170011국510 8 63 1혼전 4451맑음건조 2 8 3한강캡틴        페더럴리레드화이 5435.00한거 5 0 0 1 1   46      33000혼4임채덕조금제   2 115 3 639 1 4 138  0오수철52356.062기자보 5  4  418 6.031.0 6.9 720 5 750 3 9 8 0 0 7 01122155017 0↘↗입14.040.041.114.0311940.542.6116.0115.9 19 25 1916   15.00   14.50 5  4  1VNDN56.05381818 -.6 9.4 8.8141417-1숨은복병기복전력67기 011 7 7 8 8 910⑪1:56.06    3.215.142.015.2  1 16  .001110  2 4.4928084921210 5 9 90 1 1.05 1.09 1.4 3.8  1.4   10.7   13.6   39.3  .01920-3 2 1-3▼-1.541.50  .3534.77113.8  .92 3.23 6.88 1 4 8 1.19 4.44 9.51 9
20260704토 71800 8국441 6 43 2혼전 4451흐림건조 4 8 3한강캡틴        페더럴리레드화이 4140.00한거 5 0 0 1 1   74      33000국4임채덕조금제   2 214 21139 1 4 137  0김철호50755.065평자보 5  2  2 7  .030.0 9.91046 4 750 3 9 81315 7 01420255017 0↘↗추14.140.840.513.9 81541.142.4122.4122.3 19 23 2316   13.60   12.40 2  3  1LN동56.05381818  .0 9.0 9.0232317 0주행중지건성마필31관 0 7 7 7 7 8 8 8⑧2:02.412   3.615.041.614.5  0 -3  .00 8 8  0 4.095838693 9 7 3 8 8016 2.01 4.02 2.5 3.5  3.5    3.5    8.2    5.1  .01315-2 1 2-2▽-1.640.60  .1041.02119.0 1.17 3.31 9.93 2 71414.8126.0450.92 5
20260621일 61800 9국451 4 53 3 1강 1159맑음포화17 8 3한강캡틴        페더럴리레드화이 4140.00한거 5 0 0 2 1   25      33000국4임채덕조금제   2 313 11039 3 4 136  0조상범51054.056평자보 5  2  2 1 3.026.0 8.1 926 6 750 3 9 8 4 5 7 01322165017 0↗→입14.140.840.314.0 727                   19 19 2613   15.40   15.30 3  0 -3HH동56.05381818  .4 8.0 8.4292917 0발길대로탐색우려 6기 0 4          99        중지    15.4    15.3     1  .07   8 -2               9 5 8 80 4 2.01 9.07 1.8 2.7  5.2    2.7    8.3    6.3  .0 6 1-4 1 1-4▼-1.640.30  .21     119.0  .80 2.56 8.12 2 612  .12 2.84 6.88 8
20260530토 8180010국520 9 73 4혼전 4431맑음양호 7 8 3한강캡틴        페더럴리레드화이 4140.00한거 5 0 0 9 1   53      33000국5임채덕조금제   2 412 61039 2 4 135  0조상범50956.556평자상 5  5  5 3 5.030.0 7.0 926 6 750 3 9 8 4 5 7 01322165017 0↗→입14.140.840.214.0 73041.642.4124.8122.4 20 20 2713   15.20   14.30 2  2  2HL동56.05381818  .4 8.0 8.4292917 0부중효과조교부실21관 0 4 9 9 8 9 9 8⑨2:04.81    3.715.442.715.3 -1 -2  .00 910  0 3.8959286961110 3 8 90 3 1.02 3.05 1.8 2.9  1.8    2.9    4.6    9.7  .027 2-3 1 1-3▼-1.640.60  .2641.40118.9  .80 2.30 7.00 2 610 1.27 3.55 8.9210
20260517일 9180010국541 8 93 5 3강 3351맑음건조 3 8 3한강캡틴        페더럴리레드화이 4140.00한거 5 0 0 2 1   22      33000국5임채덕조금제   2 511 5 939 1 4 134  0조상범51155.056평자보 5  4  42811.042.019.9 926 6 750 3 9 8 4 5 7 01322165017 0↗→입14.140.840.214.0 83341.140.4123.3120.9 24 28 2414   15.10   15.50 2 -7 -1HH동56.05381814  .0 7.6 7.6383817 0일반주행부중효과46관 0 2 7 7 6 5 5 7⑨2:03.33    1.815.240.314.3 -1 -5  .00 910  1 2.88783466931 9 2 9 80 2 2.04 4.08 3.4 5.7  3.7   11.3   19.3    9.4  .02051 0 3 4 0― -.340.40 -.0339.90118.9 4.5710.7319.93 2 613 2.25 6.5212.16 9
20260503일 7180010국511 3 13 6 2강 2258흐림다습11 8 3한강캡틴        페더럴리레드화이 4140.00한거 5 0 0 1 1   24      33000국5임채덕조금제   2 610 4 839 1 4 133  0이용호51655.563평자보 5  4  4 8 5.038.016.01657 7 750 3 9 8 0 0 7 01918205017 0→↘자14.140.940.014.0 74441.042.0120.2120.6 21 29 2118   15.40   13.70 2  7 -2BN동56.05381814  .0 7.0 7.0414114 0가는대로거리속성22관 0 9 8 8 7 3 3 7⑨2:00.27    2.515.142.715.5  0 -5  .00 9 9 -1 3.3838180901511 110 80 1 1.02 8.06 1.3 2.1  1.3    2.1    2.7    8.5  .01221 0 2 4 0― -.940.20  .0939.67118.9 3.64 8.5615.96 41118 1.11 3.45 9.27 9
20260419일 6180011국552 5 53 7혼전 4451맑음건조 4 8 3한강캡틴        페더럴리레드화이 4140.00한거 5 0 0 2 1   26      33000국5임채덕조금제   2 7 9 3 739 1 4 132  0조상범52157.056평자하26 28 2818 8.035.012.7 926 6 750 3 9 8 4 5 7 01322165017 0↗→입14.140.840.014.0 84442.039.9122.0121.3 26 22 22 7   15.40   14.40 2  1  0HLUP56.05381814 -.4 6.2 5.8505017 1일반주행거리속성27관 0 2111111111111⑨2:02.06    2.615.440.313.7 -1 12  .00 910  4 2.9919634771611 2 9100 1 6.04 5.06 2.3 4.7 16.6   57.6  168.0  122.9  .01629 0 2 2 0―-1.140.40  .1940.46118.9 2.78 6.6012.72 1 4 8 2.53 6.8612.00 9
20260405일 8170011국452 5103 8혼전 4451맑음양호 6 8 3한강캡틴        페더럴리레드화이 5435.00한거 5 0 0 1 1   24      33000국4임채덕조금제   2 8 8 2 539 5 4 131  0김철호50957.065평자하32 29 2948 9.036.013.91046 4 750 3 9 81315 7 01420255017 0↘↗추14.140.040.414.0325740.940.9113.2113.9 23 23 23 8   15.30   13.20 2  0 -1UNDN56.05381814-1.6 6.6 5.0505017-1일반주행부중잇점37관 0 11111111010 9⑨1:53.2목   1.015.440.914.4  3-11  .00 9 6  1 1.4618947735111 1 710015 4.09 5.03 1.9 5.1  9.9  152.9  303.6  383.4  .01624-3 2 2-3▼-1.241.20  .5633.48113.4 2.71 6.7313.87 1 4 8 4.35 8.0513.52 9
20260322일 31800 9국441 5 93 9 1강 1157맑음건조 5 8 3한강캡틴        페더럴리레드화이 4140.00한거 5 0 0 2 1   29      33000국4임채덕조금제   2 9 7 1 639 4 4 130  0김철호52057.565평자보34 36 3619 9.037.015.71046 4 750 3 9 81315 7 01420255017 0↘↗추14.140.740.114.0163341.240.3119.9120.3 24 28 28 8   15.70   13.20 3 -5  1UB동56.05381814-1.8 7.4 5.6525217 0일반주행탐색우려51관 0 1 9 9 9 8 8 5⑥1:59.9¾   1.415.339.313.2  1  7  .00 6 5 -3 1.47985457038 9 3 5 7014 4.02 6.09 3.1 4.3  4.8   10.3   24.1   14.7  .016 8-2 3 3-2▽-1.140.40  .1239.53118.9 3.10 7.8215.68 51222 3.95 7.7914.41 5
20260228토 8180010국550 210310혼전 4451맑음건조 3 8 3한강캡틴        페더럴리레드화이 4140.00한거 5 0 0 9 1   66      33000국5임채덕조금제   210 6 6 539 3 4 129  0김철호51357.065평자보29 23 2310 9.037.012.21046 4 750 3 9 81315 7 01420256020 0↘↗추14.140.540.414.0292241.139.8118.0119.1 25 29 2913   15.40   13.50 3  2 -1NNUP55.85431814-1.8 7.6 5.8464617 1일반주행부중잇점40기 0 6 9 9 9 9 6 5⑤1:58.01¼   .315.738.613.2 -3 -4  .00 5 8  2  .3508131546910 31111013 7.03 3.07 2.8 7.3  7.1   44.1   52.4   57.2  .01614-2 2 1-2▽ -.840.50  .1838.20118.9 2.37 5.9512.22 0 1 4 2.91 5.6911.2511
20260207토 8170011국454 310311혼전 4451맑음건조 2 8 3한강캡틴        페더럴리레드화이 5435.00한거 5 0 0 2 1   35      33000국4임채덕조금제   211 5 5 439 2 4 128  0김철호51757.565평자상60 52 523915.045.018.41046 4 750 3 9 81315 7 01420256020 0↘↗추14.139.640.814.0613340.540.8111.7113.6 26 26 2613   15.20   12.40 3 -3  0HL동55.85431814-2.2 8.2 6.0494917 0일반주행최적거리73기 0 410101010 9 7⑥1:51.71½  1.715.439.613.5  0  1  .00 6 6  0 1.85681446430 7 4 7 8312 2.01 7.01 2.4 7.2  5.0    7.2   18.8   20.8  .01639 0 3 2 0― -.441.50  .4733.21113.4 4.8611.1418.39 2 714 2.54 6.1112.57 9
20260118일 6170011국411 3 6312 1강 1131흐림건조 5 8 3한강캡틴        페더럴리레드화이 5435.00한거 5 0 0 2 1   47      33000국4임채덕조금제   212 4 4 339 1 4 127  0김철호51657.565기자적12 15 1526 4.036.016.41046 4 750 3 9 81315 7 01420256020 0↘↗추14.139.341.614.1761740.539.4111.8113.0 27 32 2714   15.30   14.00 3  1  0NLDN55.85431814-1.8 8.2 6.4414117-1일반주행기복전력30관 0 710101011 9 6③1:51.85     .815.238.212.4 -3-14  .00 3 6  3 2.33780102056 310 8 8311 1.0211.09 1.5 4.7  1.5    5.0    5.8   16.0  .01620-3 2 2-3▼-1.241.70  .2532.09113.7 2.98 7.8916.35 2 714 1.59 4.7210.14 9
20251228일 8180011국420 6 7313 2강 2251맑음다습12 8 3한강캡틴        페더럴리레드화이 4140.00한거 4 0 0 9 1   4616:10 33000국4임채덕조금제   213 3 3 439 1 4 126  0푸르칸53057.580기자보18 16 162113.041.017.9225614 750 3 9 813 0 7 01424216020 0↗↗추14.040.041.014.1551042.040.7121.5121.3 27 27 3214   15.20   13.90 3  1  0NLUP55.85431814-1.6 8.2 6.6333317 1일반주행기복전력78기 0 6 91010 8 8 7⑥2:01.51¾  2.015.341.114.0  3  4  .09 6 3 -5 2.09096578825 6 9 7 50 1 1.02 3.08     2.9  1.5    2.9    3.5    5.2  .01845 0 4 4 0― -.641.20  .0140.33118.9 3.7310.2017.89 81728 1.65 7.1714.56 6
20251206토 8170011국451 410314 3강 3351흐림양호 9 8 3한강캡틴        페더럴리레드화이 5435.00한거 4 0 0 1 1   5916:05 33000국4임채덕조금제   214 2 2 239 1 4 125  0김철호52657.565기자보20 21 2119 4.033.0 7.71046 4 750 3 9 81315 7 01420256020 0↘↗추14.139.341.614.1751940.640.4112.7113.4 29 33 38 5   15.20   13.60 2  1  6NUDN55.85431814-1.6 8.2 6.6333317-1일반주행기복전력27관 0 5 9 9 91110 6⑤1:52.72½   .915.240.213.9 -3  2  .00 5 8 -1 1.94679335252 6101011310 2.01 8.07     5.6  3.6    5.6   11.7   25.411.21624-4 1 2-4▼-1.441.80  .4332.52113.7  .92 2.67 7.73 0 2 5  .94 2.88 6.7110
20251123일 9180010국343 2 4315 2강 2231맑음건조 3 8 3한강캡틴        페더럴리레드화이 4140.00한거 4 0 0 2 1   91      41250국3임채덕조금제   215 1 1 339 1 4 124  0조한별52452.060기자적 8 11 11 1 3.026.0 7.9142111 750 3 9 811 0 7 01221186020 0→↘입14.140.041.014.1531040.540.7118.4120.1 30 35 40 5   14.70   15.10 3  2  0HU동55.85431814-2.4 8.2 5.8282817 0일반주행탐색우려49기 0 4101010 91010⑨1:58.4½   1.115.239.513.6  0 -1  .00 9 9  0 1.67260586145 7 8 8100 1 3.0510.01 2.0 3.4  5.1   51.8   84.3   23.2  .016 7-4 1 1-4▼-1.741.10  .2439.06118.9 1.06 3.24 7.90 1 3 8  .12 1.76 4.9710
20260823일 8170011외4 1 6  3 0혼전 4452           8 4정상히어로      BEAU LIAMOTHER O 9329.00미수 3 0 0   1    016:30 33000혼4강환민정동진   0 0 8 8 2 7 1 1 1 7  0안드레   57.591우선보50 57 579270.058.035.02556 61854112318 0 019203822 599 0 0↗→선13.839.041.413.09457                   60 60 8020   13.30   14.20 4 -5  1VNUP56.05251714 1.2 1.8 3.0717112 1단독선행전개최상37관 0 4                            13.3    14.2        .0                       110 5 4  1                                              .04184 1 7 6 1△  .641.40  .08     113.412.4323.9534.9910223516.0031.6444.79 1
20260726일 7160010외451 3103 1혼전 4441맑음양호 9 8 4정상히어로      BEAU LIAMOTHER O 9329.00미수 3 0 0 9 1   55      33000혼4강환민정동진   0 1 7 7 1 7 7 1 1 6  0장추열52057.093우도하54 38 381464.063.049.229501218541123182333192020272299 0 0↘↗입13.836.039.713.0847334.841.0100.4102.0 75 50 7525   13.30   14.50 5  0  0LVUP56.05251714 1.3 1.8 3.0707012 2인기탐색도주호기98기 2 9 2   2 1 1 1③1:40.41¼   .213.340.514.2  1 -5  .00 3 2 -2  .419 0804072 1 6 4 21 7 5.0110.01 2.4 5.4  9.0   10.4   28.5   13.012.73173 2 7 8 2▲ 1.039.70 -.1926.27102.919.9636.0049.1817375317.8133.7751.85 3
20260620토 6140011외444 2 93 2 1강 1151비  불량20 8 4정상히어로      BEAU LIAMOTHER O 9329.00미수 3 0 0 2 1   95      33000혼4강환민정동진   0 2 6 6 3 7 6 1 1 5  0장추열52557.093강도하84 84 848277.064.034.629501218541123182333192020272299 0 0↘↗입13.936.639.112.9768736.240.9 87.2 89.4100 67 6733   14.60   14.5013  1 -1BVDN56.05251712 1.0 1.0 2.0898912-3탐색주행마번불리 5기 0 9 4     2 2 4⑥1:27.25    2.513.340.114.5  2 15  .00 6 4  3 2.762 7856615 6 3 5 31 6 8.01 5.01 2.4 5.1 23.7   23.3  103.8   63.0  .03067 1 7 7 1―  .939.40  .1713.7088.3812.0923.5034.6415314711.6125.4336.12 4
20260321토 9170010외451 7 53 3혼전 4451맑음건조 5 8 4정상히어로      BEAU LIAMOTHER O 9329.00미수 3 0 1 2 2  258      33000혼4강환민정동진   0 3 5 5 1 7 5 1 1 4  1장추열51057.593강선보92 97 977885.070.043.53451181550 823182333192020272299 0 0↗↘입13.939.140.912.9888539.542.0112.2113.3100100 6733   13.70   13.90 5  5  1BNUP56.05251712  .5 1.0 1.5919112 3전개최상거리속성44기 0 8 4 4 4 5 5 5⑥1:52.2½   1.114.641.114.5  5  1  .01 6 1  0 1.73627736348 3 6 1 42 5 2.03 6.02 2.5 4.9  3.7   10.9   20.0   22.710.54081 3 9 9 3★ 1.641.90  .0833.26113.116.3530.8843.5112264120.0036.2850.16 2
20260214토11140011외430 6 83 4 3강 3351맑음건조 3 8 4정상히어로      BEAU LIAMOTHER O 9329.00미수 3 0 1 2 1   84      33000혼4강환민정동진   0 4 4 4 2 7 4 1 1 3  1장추열50956.593강입보96 99 999290.070.049.929501218541123182333192020272299 0 0↘↗입13.936.638.913.2758536.739.4 87.8 88.5100100 5050   13.50   13.00 3 -5  0VV동56.05251412  .5 1.0 1.5919112 0승부최상전개최상81트 2 3 1     1 1 1③1:27.8½    .013.739.513.9  2  2  .00 3 1  0  .32926503382 3 4 1 11 4 3.07 5.06 2.6 3.4  3.7   32.1   53.5   24.4  .05290 4 9 8 4▲ 1.839.20 -.1012.9888.2523.2438.8849.8720425723.2942.1447.33 1
20260124토 9140010외410 5 63 5혼전 4451맑음건조 3 8 4정상히어로      BEAU LIAMOTHER O 9329.00미수 3 1 1 2 1   55      33000혼4강환민정동진   0 5 3 3 1 7 3 1 1 2  1장추열50756.593강입보98 99 998487.070.057.729501218541123182333192020272299 0 0↘↗입13.937.138.813.03795                  100100 5050   13.50   13.20 5  6  1BVUP56.05251412 1.0 1.0 2.0858512 2기습선행승부최상 5트 1 8          99        중지    13.5    13.2   -18  .07   1  0               6 4 1 10 3 3.02 4.05 1.6 4.1  7.8   15.0   39.3  157.310.56194 4 9 9 4☆ 1.738.80 -.56     88.5229.6847.1857.7134536626.2646.9556.71 1
20251221일 2120012외421 5 23 6 3강 3355맑음포화16 8 4정상히어로      BEAU LIAMOTHER O        미수 2 0 1 2 1   9511:00 41250혼4강환민정동진   0 6 2 2 2 7 2 0 1 1  1장추열52556.093강입보99 98 988488.069.064.6295012185411231823331920202722      ↘↗입14.037.538.213.0299936.438.5 73.1 75.0100100  0**   13.80   13.00 4 -2  0HH동       1212 1.0 1.0 2.0858512 0일반주행보통주행70트 1 2 1     1 1 1①1:13.12½  -.413.537.613.2  0 -4  .00 1 1  0  .01612381394 7 5 1 11 2 1.02 2.03     2.1  1.5    2.1    2.6   17.712.24084 3 8 9 3▲ 1.537.70 -.87 -.6975.8930.1454.4764.5720425714.4428.3117.73 2
20251122토 3120012외420 2 73 7 1강 1159맑음건조 3 8 4정상히어로      BEAU LIAMOTHER O        미수 2     2 1  108      41250혼4강환민정동진   0 7 1 1 1 7 1 0 0 0  0장추열52956.093평무보39 25 2540  .046.026.7295012185411231823331920202722      ↘↗입14.137.439.913.256 137.436.9 74.0 74.6              14.10   13.50 4  0  0NL동       12 0         6.0     0 0일반주행보통주행42트 0 4 4     4 3 3②1:14.02½   .013.837.313.0  1-10  .00 2 1  0  .4 656 2 477 6 810 52 1 4.01 2.04 2.4 2.7  8.9    7.6   22.3   17.5  .01635 0 4 4 0―  .037.70 -.67-2.7176.78 8.5316.9726.71 71829 8.6317.4632.62 4
20260823일 8170011국5 1 6  4 0혼전 4452           8 5칸맥스          카우보이모너     6032.00한거 4 0 0   1    016:30 33000혼4서인석배영한   2 011 6 510 4 2 013  0김정준   56.072평추보50 53 535036.057.035.01537101845 9183210 01912142026 099 0↗↗추14.039.841.113.94644                   38 25 1338   14.90   13.40 5  0 -2NH동54.35311817-1.0 5.6 4.6535313 0마방기습마방기습52기 0 5                            14.9    13.4        .0                       6 7 6 5  4                                              .03149 0 5 7 0―  .541.10 -.19     113.711.7324.1534.97 81728 6.6715.8223.96 7
20260718토 8170011국522 4 74 1혼전 4451흐림포화18 8 5칸맥스          카우보이모너     6032.00한거 4 0 0 2 1   84      33000혼4서인석배영한   2 110 5 410 3 2 012  0김정준52757.572평입보55 66 664847.059.033.91537101845 9183210 01912142026 099 0↗↗추14.039.841.214.0484140.640.5110.5113.0 43 29 1443   14.90   13.50 6  1  1NLDN54.35311817  .6 4.4 5.0555513-1뒷심문제마방기습 5   0 51111111110 7⑤1:50.54    1.314.939.513.4 -2 -3  .00 5 7  5 1.43584355841 9 4 5 43 3 1.08 4.09 2.2 2.6  2.2   21.1   27.7   16.3  .02858 1 6 6 1―  .741.20 -.2232.00113.810.8122.6433.86 9213311.2220.1929.91 6
20260607일 71800 7국430 7 84 2 1강 1151맑음양호 6 8 5칸맥스          카우보이모너     5139.00한거 4 0 0 1 1  104      33000국4서인석배영한   2 2 9 4 210 2 2 011  0김정준53056.572평입상36 35 352665.058.039.81537101845 9183210 01912142026 099 0↗↗추14.040.040.814.2562240.839.2120.6119.1 33 33  033   14.50   14.00 6 -2  1HN동54.35311817  .4 4.2 4.6555513 0적정체중거리속성40기 0 4 4 4 5 6 6 3③2:00.6머리  .014.939.713.5  1 -2  .00 3 2 -6  .24473142788 2 7 5 43 2 4.01 5.07 1.9 3.9 10.1    8.0   23.7    8.8  .02554 1 6 8 1▲  .641.00 -.4338.34118.912.6625.7939.8210223511.3424.8739.64 3
20260425토10180010국422 7 24 3혼전 4451맑음건조 3 8 5칸맥스          카우보이모너     5139.00한거 4 0 0 9 1  112      33000국4서인석배영한   2 3 8 3 110 1 2 010  0김정준53255.572기입적18 17 171414.036.012.51537101845 9183210 01912142026 099 0↗↗추13.839.840.814.1692740.041.2118.7118.8 40 40 2040   14.80   15.1016  2 -1NHUP54.35311817  .0 4.2 4.2636313 1일반주행휴양불리99기 0 6 6 6 6 6 5 4③1:58.74     .714.540.414.0 -5 -7  .00 3 8  1 1.23948656262 5 910 92 1 1.07 4.09 1.7 2.1  1.7   12.1   17.1  227.5  .01641-1 3 3-1▽-1.141.10  .2638.16118.8 2.55 6.1912.47 2 714 3.0610.0018.18 7
20260104일 6170011국412 8 64 4혼전 4451맑음다습12 8 5칸맥스          카우보이모너     6032.00한거 4 0 0 1 2  309      33000국4서인석배영한   2 4 7 2 310 3 2 0 9  0김용근53956.581우입적52 48 486247.051.022.62045 81426 4183216 01912312614 099 0↗↘선13.839.341.114.0805239.642.5114.2114.5 40 40 4040   14.70   14.90 6 -3 -1HN동54.35311717  .3 3.8 4.0707013 0일반주행조교부실 5관 0 4 7 7 6 6 5 7⑨1:54.2코   1.614.842.515.1  2  8  .05 9 7  1 1.77633837935 6 7 8 70 3 2.04 2.11 1.3 3.5  7.8   50.1  101.3   64.4  .02051 0 6 6 0―  .142.00  .3534.12113.4 5.4913.3622.58 41118 9.5717.8727.35 7
20251122토 8170011국451 7104 5혼전 4451맑음건조 3 8 5칸맥스          카우보이모너     6032.00한거 3 0 0 2 1  12516:05 33000국4서인석배영한   2 5 6 1 210 2 2 0 8  0김용근53157.085우입적23 20 205832.047.022.52754141845 9183216 01912312614 099 0↘↘선13.939.541.013.7657339.442.6112.3113.3 50 50  050   15.20   14.4016  3 -1NN동54.35311712  .3 3.8 4.0707013 0편성탐색거리속성54기 1 7 5 5 8 8 8 8⑤1:52.31½  1.514.742.214.9 -1 21  .00 5 6  3 1.74124857839 7 411 63 2 1.04 4.06     7.2  3.2   12.6   23.6   76.6  .02958 0 6 6 0― -.341.60  .3332.77113.4 5.7712.8922.46 51222 5.5615.3123.61 7
20250803일 81700 9국540 3 94 6 1강 1151흐림건조 3 8 5칸맥스          카우보이모너     6032.00한거 3 0 0 1 2  395      33000혼4서인석배영한   2 6 5 3 110 1 2 0 7  0김용근51058.081우입적48 54 548069.058.042.02045 81426 4183216 01912312614 099 0↗↘선13.939.440.913.8757340.742.1115.7116.1 50 50  050   14.30   14.6023  1  1HBUP54.35311712 -.3 3.3 3.0797913 3편성탐색작전마주56기 1 4 6 6 8 9 9 9⑦1:55.71½  4.315.241.414.4  4 -4  .01 7 3 -2 4.393847889 5 3 4 3 20 1 7.06 9.07 2.5 4.8 15.5   56.1  169.4   67.912.02980 2 7 7 2△  .942.10 -.0335.78113.314.6528.5542.0420395520.0037.1651.14 2
20250223일 8140013국454 1104 7혼전 4451맑음건조 3 8 5칸맥스          카우보이모너     6032.00한수 3 1 1 9 5  870     110000국O서인석배영한   2 7 4 2 110 2 2 0 4  1유승완51657.083강입적79 84 847741.050.015.92853141946 8183219 01912152722 099 0→↘입13.936.839.013.5698737.239.5 89.3 89.9 67 67  067   14.30   14.60 5 -6  1HBDN54.35311612-3.5 4.5 1.0919113-2교체실패보통주행 1   0 311    1110 8⑦1:29.31    1.314.339.714.6  2 -4  .00 7 5  4 1.4765454563910 7 8 93 210.04 2.01 2.5 5.6 38.1  170.2  457.4  278.9  .02050 0 6 5 0―  .039.30  .6114.1488.45 4.61 9.7215.94 2 610 4.4010.1515.2910
20250118토 7160010국414 5 64 8혼전 4451맑음건조 4 8 5칸맥스          카우보이모너     6032.00한수 3 1 1 2 5  97015:15 33000국4서인석배영한   2 8 3 1 110 1 2 0 3  1유승완52056.583강입보99 99 991463.061.039.42853141946 8183219 01912152722 099 0→↘입13.936.239.113.5709136.339.8104.1103.1100100  0**   13.70   13.1015  7  3BBUP54.35311612-7.0 8.0 1.0989813 3전개최상작전마주 1기 0 9 9   9 8 9 8⑦1:44.11     .914.341.014.6  6-10  .00 7 1  0 1.76041595655 5 1 1 40 1 4.03 2.01     4.5  9.7   14.8   36.4   71.210.53773 3 8 8 3▲  .939.10  .2327.83102.614.3927.5339.44 8172814.2924.1241.00 4
20241006일 6130011국511 1 64 9혼전 4451비  건조 3 8 5칸맥스          카우보이모너     6032.00한수 2 1 1 1 7 128814:50 24750국5안병기배영한   2 9 2 2 110 2 1 0 1  1마이아53153.584강입상83 35 3595  .076.055.23053192363 6181939 019103532 8 099 0↘↘선13.737.139.113.7779637.237.7 79.9 81.7100100  0**   13.70   13.80 5 -7 -2UUUP55.05311312         1.0    12 1착차만회전개최상 1기 0 2 3     3 3 1①1:19.9½    .013.737.213.1  0  0  .00 1 1 -7  .0 629 5 276 6 810 12 2 1.09 2.08     6.2  1.8   29.1   39.7  122.110.64998 4 9 9 4☆ 2.339.70 -.32 5.5482.7823.6543.8755.2137587112.6321.6772.26 4
20240831토 1120012국450 510410혼전 4455맑음건조 4 8 5칸맥스          카우보이모너     6127.00한거 2     9 7 138714:20 24750국4안병기배영한   210 1 1 110 2 0 0 0  0마이아53155.088평무보   35 3540  .059.042.63053192363 6181939 019103532 8      ↘↘선13.736.738.513.4    37.037.7 74.9 74.9              13.70   13.70        LN동       12 0                 0 0일반주행보통주행 1기 0 9 4     5 3 1①1:14.94    -.713.738.013.8 -7  5  .00 1 8  0  .0123314 894 7 7 7 12 1 8.04 9.08     7.9 19.8   43.2  149.7  171.1  .01936 0 6 7 0―  .638.50  .05 -.2875.6118.1532.1442.62345366 8.3316.6724.89 9
20260823일 8170011국5 1 6  5 0혼전 4452           8 6홀리데이참      애니기븐메긴즈홀 2335.00한거 8 0 0   1    016:30 33000혼4임채덕투애니포 0 016 8 158 1 4 759  0조상범   57.557평추보50 44 44 5 5.034.0 7.8 926 6 750 3 9 0 4 6 7 0132216 71373↗→입14.639.941.013.53837                   27 35  227   14.60   14.20 6 -2  5NBDN55.04671818 -.6 9.4 8.8323217-1일반주행탐색우려24관 0 6                            14.6    14.2        .0                       7 6 910 11                                              .016 1-4 1 2-4▼-1.541.00  .43     113.7 1.29 3.95 7.82 1 4 8 1.33 3.39 8.3311
20260711토 91800 8국340 6 45 1혼전 4451맑음다습14 8 6홀리데이참      애니기븐메긴즈홀 2746.00한거 8 0 0 2 1  103      41250국3임채덕투애니포 0 115 72758 1 4 758  0김태현47252.553평추보 5  6  6 5 4.032.0 9.4 750 3 750 3 9 0 0 0 7 0191218 71373→↘선14.640.440.613.5422440.941.0119.1120.3 28 36  228   14.80   14.40 4  6 -2VH동55.04671818-1.6 9.4 7.8424217 0발길대로부중영향28관 0 8 7 7 7 7 7 7⑦1:59.12    1.514.641.214.2  0  5  .00 7 7 -4 2.37675637738 6 5 8 80 1 1.04 7.04 2.8 3.4  2.8    9.5   14.4    9.8  .02211-3 1 2-3▼-1.540.70  .2239.34118.9 1.52 4.71 9.36 2 714 1.25 3.66 8.47 9
20260614일 6180011국351 8105 2혼전 4457비  건조 3 8 6홀리데이참      애니기븐메긴즈홀 2746.00한거 8 0 0 2 1   65      41250국3최봉주투애니포 0 214 62658 3 4 757  0조상범46754.056평추상20 35 355126.053.037.1 926 61350 6141011 617 4132216 71373↗→입14.640.440.313.5423741.041.3120.8121.0 28 33  435   14.80   14.10 3  1  0HH동55.04671818-2.8 9.2 6.4585817 0착차만회부중잇점67기 0 2 6 6 81111 9⑩2:00.8¾   3.114.840.914.4 -1 -4  .001011  0 3.28478688214 6 2 8 3010 1.08 3.07 3.3 7.2  3.3   48.8   71.5  129.8  .03763 3 5 5 3―  .440.80 -.3340.27118.814.0425.7337.14122641 9.5917.9525.58 4
20260523토 9180011국343 9 95 3혼전 4451맑음다습13 8 6홀리데이참      애니기븐메긴즈홀 2746.00한거 8 0 0 2 1   52      41250국3최봉주투애니포 0 313 52558 2 4 756  0조상범47154.056평추보24 21 2130 6.037.011.8 926 61350 6141011 617 4132216 71373↗→입14.540.440.313.5363740.740.0120.4119.7 29 36  238   14.80   14.50 4-10 -1UH동55.04671818-2.2 9.2 7.0494917 0일반주행부중잇점43기 1 1 9 910111110⑥2:00.4코    .914.841.014.1 -5  1  .00 611  0 1.56270364858 9 4 9 93 9 1.08 4.02 2.9 6.2  2.9   50.4   62.9  726.5  .01625 0 2 2 0―-1.040.60  .2438.95118.8 2.03 6.3811.83 2 610 1.25 4.37 9.4711
20260426일 9180011국352 8105 4혼전 4451맑음건조 3 8 6홀리데이참      애니기븐메긴즈홀 2746.00한거 8 0 0 9 1   62      41250국3최봉주투애니포 0 412 42458 1 4 755  0조상범47055.056평추하28 28 2820 4.033.0 7.4 926 61350 6141011 617 4132216 71373↗→입14.540.540.313.5314140.341.9119.2119.5 30 34  539   14.40   15.20 4 10 -1VN동55.04671818-2.0 8.6 6.6464617 0일반주행부중잇점56기 111 8 8 8 9 9 9⑪1:59.21¼  1.914.841.314.5  0 -9  .001111  4 2.0625680823011 510110 8 4.05 1.10 2.5 5.6  6.8   27.4   66.8  256.7  .01610-3 1 2-3▼-1.440.50  .3238.69118.9  .90 2.58 7.38 0 2 5 1.03 2.83 6.4011
20260328토 9180011국320 7 75 5혼전 4451맑음건조 3 8 6홀리데이참      애니기븐메긴즈홀 2746.00한거 8 0 0 9 1   76      41250국3최봉주투애니포 0 511 32358 1 4 754  0푸르칸47955.580평추상41 44 444216.047.020.42256141350 61410 5 017 4142421 71373↗↗추14.540.640.313.4204138.943.3118.9119.3 30 28  242   14.50   13.50 6 -1  2UN동55.04671818-2.4 9.2 6.8393917 0부중유리부중잇점70기 1 1 4 4 3 3 3 4⑩1:58.92    1.314.442.615.2  3  1  .0010 7  0 1.858 7948343 9 7 7 70 1 3.01 2.07 2.5 3.6  9.9   10.2   28.5   89.8  .03163 0 4 5 0― -.240.40  .0038.44118.9 4.5411.0220.41 41118 2.94 9.5717.25 8
20260214토 9180011국321 5 75 6혼전 4443맑음건조 3 8 6홀리데이참      애니기븐메긴즈홀 2746.00한거 8 0 0 2 1  107      41250국3최봉주투애니포 0 610 22258 1 4 653  0김태훈47853.569평추상14 29 293421.043.026.51857 81350 6141019 017 4122521 7 779↗→입14.640.640.313.4234138.940.5117.5117.9 29 33  040   15.00   14.00 6 -2 -1HH동55.14661818-1.8 9.0 7.2303017 0뒷심문제부중잇점43기 0 2 5 4 4 4 4 1②1:57.51     .014.539.513.5 -5  3  .00 2 7 -3  .217 850148310 6 8 62 1 3.07 7.02 2.1 4.9  9.7   52.4  132.9   75.0  .02873 1 4 3 1― -.440.20 -.1437.01118.9 8.8517.9526.47 51222 5.8811.5419.25 8
20260104일 7180010국351 9105 7 2강 2251맑음다습12 8 6홀리데이참      애니기븐메긴즈홀 2746.00한거 8 0 0 1 1  109      41250국3최봉주투애니포 0 7 9 12158 2 4 652  0조상범47554.556평추보 5  4  4 5 3.026.0 6.1 926 61350 6141011 617 4132216 7 779↗→입14.440.740.213.4114441.039.5118.6118.8 27 34  032   14.40   13.80 4  3  1HNUP55.14661818-1.4 8.8 7.4242417 4최빈거리부중잇점63기 0 4 6 6 5 5 5 5③1:58.6목    .015.040.414.0 -7  0  .00 310 -1 1.8457525439310 4 9102 7 1.03 3.01 2.8 7.0  2.8    9.0   14.9  140.2  .015 4-4 1 1-4▼-1.740.20  .3137.94118.9  .65 2.24 6.08 1 3 8  .12 1.39 3.8910
20251206토11140011국442 2 95 8혼전 4451흐림양호 9 8 6홀리데이참      애니기븐메긴즈홀 2335.00한거 7 0 0 1 1   7818:00 41250국4최봉주투애니포 0 8 8 2 358 1 4 651  0조상범47554.057평추하13  2  2 5 5.026.0 4.7 926 61350 6141011 617 4132216 7 779↗→입14.537.638.813.4215738.439.6 89.0 90.9 28 35  033   15.20   13.90 4 -9 -2UHDN55.14661818-1.0 8.0 7.0252517-4노쇠부진부중잇점39트 0 1 9    1111 9⑨1:29.06    2.814.438.713.8 -2 14  .00 911  3 3.1919757881211 311110 6 7.0611.04     5.8 12.2   60.0  140.1   96.1  .01510-3 1 1-3▼-1.938.70  .5314.5188.86  .13 1.55 4.71 0 2 5  .99 2.93 7.4311
20251108토 9180011국312 4 65 9 1강 1159흐림건조 3 8 6홀리데이참      애니기븐메긴즈홀 2746.00한거 7 0 0 2 1  146      41250국3최봉주투애니포 0 9 7 12058 1 4 650  0김동수46155.567평추하16  8  814 3.028.0 9.514 0 01350 61410 7 017 4102127 7 779↗↘추14.540.440.413.4313741.241.2120.3120.9 31 36  036   14.60   15.00 7  0  0LN동55.14661818-2.0 7.8 5.8404017 0숨은복병부중잇점65조 010101011111111⑨2:00.33    3.015.240.113.9  1 -1  .00 9 8 -2 3.48683698512 8 3 9100 1 1.02 8.06 1.3 5.2  1.3    5.2    6.8   14.8  .01913-2 1 1-2▽-1.440.80  .2840.11118.9 1.24 3.42 9.45 1 3 7  .12 2.38 5.9811
20250920토 8180011국410 1 6510 3강 3351맑음포화16 8 6홀리데이참      애니기븐메긴즈홀 2746.00한거 7 0 0 2 2  277      41250혼3최봉주투애니포 010 6 41958 1 4 649  0박태종46255.576평추상43 21 214513.046.018.227 0241525 9141024 017 4192421 7 779→↘자14.540.540.313.4294139.942.4118.0120.5 32 37  037   14.30   13.10 4  8  1BNUP55.14661818-1.6 6.6 5.0474717 4일반주행부중잇점 5기 010 9 9 9111111⑪1:58.01¾  4.414.641.215.0  1-11  .001110  4 4.780378784 3 9 410 80 3 3.0111.03 1.3 4.2  9.8    5.6   23.6   71.7  .01938 0 3 4 0― -.240.60  .0739.70118.9 3.97 9.6818.18 2 613 1.79 7.1114.2911
20250824일10140011국411 2 6511 3강 3351맑음건조 4 8 6홀리데이참      애니기븐메긴즈홀 2335.00한거 7 0 0 2 2  34917:30 41250국4최봉주투애니포 011 5 3 258 1 4 648  0이혁  47355.081평추상57 50 505638.055.038.11435 51525 9141030 017 4282218 7 779↘↗선14.537.638.713.4236537.238.8 86.6 88.6 32 38  038   14.20   13.30 5 -5  0HN동55.14661818-1.2 6.4 5.2525217 0걸음늘어부중잇점36트 0 2 9     8 6 5④1:26.61¼  1.314.337.713.1 -2  7  .00 4 6 -3 1.7335429294011 1 4 30 210.01 9.03     7.9 32.0   22.8   75.0  106.9  .03789 3 5 4 3―  .538.20 -.2812.2988.8013.7327.3838.13122641 9.6417.6829.17 5
20250720일10140011국423 4 7512혼전 4451맑음포화16 8 6홀리데이참      애니기븐메긴즈홀 2335.00한거 7 0 0 2 3  43617:30 41250국4최봉주투애니포 012 4 2 158 1 4 647  0박태종46655.061평추보28 23 2334 9.040.017.4 550 3235017141024 017 4192421 7 779↗→자14.537.638.613.4236937.739.0 86.4 88.6 33 39  039   14.80   14.60 3  2  0NNDN55.14661818-1.2 6.2 5.0565617-4일반주행부중잇점78기 2 7 9    11 9 6④1:26.43     .814.237.913.3 -5 -4  .00 4 9  2 1.0347936575511 2 9 73 2 2.0410.08     3.7  3.7   13.4   25.8    6.9  .01946 0 2 4 0― -.538.20  .3412.4088.73 3.9810.2217.37 3 917 2.97 5.6311.2510
20250629일10180011국351 710513 1강 1151맑음양호 7 8 6홀리데이참      애니기븐메긴즈홀 2746.00한거 7 0 0 9 3  49617:30 41250국3유재길투애니포 013 3 11858 1 4 646  0조상범47055.059평추상43 62 623613.036.012.91370 510   4 8 914 611 0132216 7 779↘→입14.540.639.913.4286140.341.6119.7120.0 34 40  040   14.80   13.30 3  2 -2NN동55.14661818-2.2 6.0 3.8727217 0뒷심문제부중잇점35기 0 5 9 9 91010 8⑦1:59.71½  2.514.841.814.6  0  2  .00 7 7  0 3.37053777720 9 2 5103 5 1.04 9.10     7.7  2.6   12.2   17.5   41.8  .02840-2 3 2-2▽ -.840.50  .2739.49118.7 2.39 6.2612.85 1 4 8 1.83 7.2714.59 9
20250608일 91800 9국444 6 9514혼전 4451맑음건조 3 8 6홀리데이참      애니기븐메긴즈홀 2746.00한거 7 0 0 2 3  55518:00 41250국4유재길투애니포 014 2 31758 1 4 645  0김용근46857.087평추하33 31 3140 7.035.013.717271110   4 8 918 011 0312614 7 779↘↗선14.540.639.913.4246140.540.1118.6119.1 32 41  041   14.70   15.10 2  0  1HB동55.14661818-1.2 6.0 4.8646417 0일반주행부중잇점36기 0 3 7 7 8 8 8 5③1:58.6½    .014.839.113.3 -4  0  .00 3 7  3 1.64661414683 7 2 5 73 1 1.05 6.04     4.9  2.8   18.8   29.8   90.8  .01644-2 2 1-2▽-1.240.40  .2538.55118.7 2.30 6.3613.68 2 714 2.33 5.4910.83 9
20250525일 9180010국330 8 8515혼전 4441맑음양호 8 8 6홀리데이참      애니기븐메긴즈홀 2746.00한거 7 0 0 2 3  59617:00 41250국3유재길투애니포 015 1 21658 4 4 644  0조상범46856.059평추보78 69 695634.049.025.61370 510   4 8 914 611 0132216 7 779↘→입14.540.739.613.4197640.241.6120.0120.0 33 42  042   14.70   13.90 4 -5  0HN동55.14661818-2.2 6.4 4.2696918 0최빈거리부중잇점62기 1 3 6 5 5 6 7 6⑦2:00.0목   1.414.741.815.1  3  3  .00 7 4 -1 1.87148787641 9 1 2 50 4 1.07 6.08     4.6  2.5   42.3   53.6   49.7  .01938 0 5 5 0― -.140.40  .0439.73118.7 6.8415.5725.56 81728 5.7116.9723.08 6
20260823일 8170011외4 1 6  6 0혼전 4452           8 7급행열차        UNION RAFORMALIT        미암 4 0 0   1    016:30 33000혼4문병기김기종  99 01111 110 7 0 310  0빅투아   54.092우추보50 60 608553.060.041.33153142650 9272123 02829222818 01783→→선14.040.240.313.42487                   50 50  025   14.20   12.90 6  5  1NNUP53.34491714-1.2 4.8 3.6717113 1뒷심문제부중잇점54기 0 7                            14.2    12.9        .0                      10 1 4 2  7                                              .03778 3 7 6 3△  .940.30 -.12     113.416.4729.7441.2712264110.6724.8636.46 4
20260712일 8160010외411 7 66 1혼전 4451맑음다습10 8 7급행열차        UNION RAFORMALIT        미암 4 0 0 2 1   94      33000혼4문병기김기종  99 11010 110 6 0 2 9  0빅투아43853.592우추상82 80 801461.058.033.63153142650 9272123 02829222818 02080→→선14.037.338.913.5117336.938.8100.7102.1 43 43  029   14.50   13.70 5 -5 -1UNUP53.34511614-1.2 4.8 3.6717113 2신뢰마주부중잇점26관 0 2 8   8 9 7 6②1:40.7¾    .014.238.012.9  0 -2  .00 2 2 -3  .1217824358710 2 3 33 6 9.0210.02 2.2 7.3 23.2   91.2  192.1  269.0  .02648 0 7 6 0―  .738.90 -.0625.86103.2 9.7021.8133.6414284310.7124.2136.08 3
20260606토 91400 9외452 7 56 2 1강 1151흐림양호 6 8 7급행열차        UNION RAFORMALIT        미암 4 0 0 1 1   92      33000혼4문병기김기종  99 2 9 9 510 5 0 2 8  0빅투아44054.092우추하43 44 447343.057.032.93153142650 9272123 02829222818 02575→→선13.937.438.613.5178337.238.9 88.8 88.3 50 33  033   14.40   13.50 6  0 -1NNUP53.14541414 -.8 4.8 4.0737313 1편성탐색신뢰마주36기 0 7 9     7 6 5③1:28.84     .714.539.113.7 -2 -3  .00 3 5  0  .92154282862 8 1 6 53 5 3.01 6.08 2.8 3.5  5.9    6.9   18.1   14.1  .02970 1 6 6 1―  .538.40  .0512.3488.59 8.7520.7032.89 81728 7.5616.0727.10 5
20260425토 9130011외452 2106 3혼전 4451맑음건조 3 8 7급행열차        UNION RAFORMALIT        미암 4 0 0 9 1  113      41250혼4문병기김기종  99 3 8 8 310 4 0 2 7  0빅투아44354.592우추보79 85 857854.060.032.73153142650 9272123 02829222818 02575→→선13.937.838.613.4248938.538.8 83.2 83.8 50 50  033   14.50   13.20 5  3 -2NNDN53.14541414  .2 4.8 5.0646413-1뒷심문제부중잇점37기 0 711    111010⑨1:23.2머리 1.514.438.713.5  4 -6  .09 9 5  2 1.5698732623311 2 4 50 4 1.0311.06 4.0 8.3  4.0   13.0   27.4   84.2  .02869 1 6 6 1―  .739.40  .16 7.3982.90 9.4321.3932.74 81728 7.3718.3632.59 5
20260322일 6140010외412 5 66 4 2강 2259맑음건조 5 8 7급행열차        UNION RAFORMALIT        미암 4 0 0 2 1   89      41250혼4문병기김기종  99 4 7 7 410 3 0 2 6  0빅투아44956.092우추하26 34 345625.048.023.73153142650 9272123 02829222818 03367→→선14.037.538.813.5147638.237.7 89.5 88.1 40 20  040   14.80   12.80 3 -4  2HB동52.24561414  .2 4.8 5.0646413 0과중문제부중잇점40기 0 410    1010 8③1:29.5코    .014.538.513.2  0 -1  .00 3 3 -3  .21891 5269210 1 6 63 3 6.08 6.10 1.6 4.6 18.4  194.4  373.5  372.3  .02259 0 5 4 0―  .038.20  .0911.8088.80 6.2514.2823.70 61325 4.9611.9720.31 5
20260301일 8140011외422 8 76 5혼전 4451맑음건조 3 8 7급행열차        UNION RAFORMALIT        미암 4 0 0 1 1   55      41250혼4문병기김기종  99 5 6 6 310 2 0 2 5  0빅투아45054.092우추상68 81 817257.061.034.23153142650 9272123 02829222818 03367→→선14.037.439.313.5217340.137.0 91.1 89.9 50 50  025   14.50   13.50 4  5  2NL동52.24561413 -.3 4.5 4.3707014 0교체성공부중잇점68기 1 8 9    1010 9⑧1:31.11½  1.314.837.512.8  2  1  .00 8 6 -2 2.17499 1664311 7 4 30 2 5.02 6.01 2.6 5.2 10.3   17.2   50.2   33.7  .03080 1 7 7 1△  .838.70 -.4113.2189.0711.5622.3334.19122641 8.9318.0224.85 5
20260131토 7140011외451 4106 6 3강 3351맑음건조 2 8 7급행열차        UNION RAFORMALIT        미암 4     9 1   57      33000혼4문병기김기종  99 6 5 5 210 1 0 1 0  0빅투아44952.592기입보28 28 283021.046.017.93153142650 9272123 02829222818 05050→→선14.037.239.513.6376137.339.0 87.9 88.4 33 33  0 0   15.10   12.8023 -7  1UV동52.04601413 1.7 3.3 5.0646413 0일반주행휴양불리 5기 0 3 8     9 9 7②1:27.92½   .014.538.413.5 -6-13  .00 2 8  7  .52965354385 8 8 9 83 1 2.0810.03 2.7 8.0  4.9   67.9  141.4  166.011.21649 0 4 5 0― -.338.60  .0011.6889.07 4.13 9.7617.91 2 613 3.42 7.5614.41 9
20250823토 6140011외451 5106 7혼전 4451맑음건조 4 8 7급행열차        UNION RAFORMALIT        미암 3 0 0 2 3  46915:15 33000혼4문병기김기종  99 7 4 4 110 2 0 1 3  0씨씨웡46252.092평입보57 63 634857.064.041.82845 6335713272130 02829212522 05050→↘선14.037.239.513.53861                   33 33  0 0   14.20   13.50 4 -1  0LUUP52.04601413 2.5 4.0 6.5545413 1일반주행부중영향42기 010          99        중지    14.2    13.5     2  .07   1 -1               6 6 4 20 2 5.0811.05     7.1 10.0  158.6  239.4  188.3  .02564 1 6 6 1― 1.039.50 -.63     89.0715.5629.8841.8417375311.1122.1030.55 4
20250726토 6130011외454 5106 8혼전 4451맑음건조 4 8 7급행열차        UNION RAFORMALIT        미암 3 0 0 9 3  429      33000혼4문병기김기종  99 8 3 3 210 1 0 0 2  0씨씨웡46052.092하입보53 50 505970.074.056.92845 6335713272130 02829212522 099 0→↘선13.937.339.613.7564137.738.7 81.7 82.5  0  0  0 0   13.70   13.50 4  8  0VU동52.04591312 5.0 3.0 8.0414113 0일반주행부중영향76기 011 7     7 6 4②1:21.7½    .014.238.613.5  0  1  .00 2 2 -3  .12454313280 6 8 6 13 1 5.02 3.11 3.0 7.2  8.8   13.2   41.9   22.910.63788 3 7 8 3▲ 2.039.60 -.81 5.6083.2328.2145.1056.9237587113.4827.8632.91 1
20250629일 71300 9외434 2 86 9혼전 4451맑음양호 8 8 7급행열차        UNION RAFORMALIT        미암 3 0 0 9 3  499      33000혼4문병기김기종  99 9 2 2 110 2 0 0 1  0이동하45952.092하무하16 35 3531  .062.035.7324318335713272127102829252419      ↘→선14.338.040.414.0221537.239.1 81.5 83.0  0  0  0 0   14.30   14.30 5 -4 -2HHUP       1312         8.0    12 1신뢰마주부중영향21관 0 3 6     6 6 5⑤1:21.5머리  .513.738.613.5  0  5  .00 5 5  2  .54331432763101011 32 2 1.04 6.11 2.5 5.0  2.5    9.2   13.4   13.413.22650 0 5 7 0―  .739.10-1.14 4.6184.1912.0124.3235.7015314712.3722.5661.14 4
20250525일 7120011외424 5 7610혼전 4451맑음양호 8 8 7급행열차        UNION RAFORMALIT        미암 3     2 3  59815:15 33000혼4문병기김기종  9910 1 1 110 1 0 0 0  0이동하45453.592평무보   35 3540  .058.031.1324318335713272127102829252419      ↘→선14.436.738.514.1    37.639.6 76.5 77.3              14.40   14.40        LN동       12 0                 0 0일반주행신뢰마주49기 1 7 7     9 9 9⑧1:16.5머리 1.314.339.314.3  5 -1  .00 8 3  0 1.88170748041 1 111 50 1 1.10 5.11     3.7  1.8   56.9   71.5  136.9  .02670 1 5 7 1△  .639.30  .39 2.1275.6110.1520.6931.08 8172810.7120.6669.92 4
20260823일 8170011국4 1 6  6 0혼전 4452           8 8골드뭉치        테스타마허쉬틸드 5635.00한거 5 0 0   1    016:30 33000혼4리카디이기선   1 016 2 822 2 3 122  0조한별   56.062기입적50 51 512714.040.015.41421113555123633 0 03826122118141443→↘입14.740.140.813.83444                   30 25  510   15.30   13.40 2 -1 -1LNDN55.34311818-1.2 6.8 5.6535317-1일반주행기복전력54기 0 8                            15.3    13.4        .0                       9 5 8 9  2                                              .01646 0 3 3 0― -.840.80  .27     113.7 3.33 7.9815.36 2 610 4.0011.3018.75 8
20260809일 7180011국452 8106 1혼전 4451맑음건조 2 8 8골드뭉치        테스타마허쉬틸드 4642.00한거 5 0 0 1 1   35      33000국4리카디이기선   1 115 11322 1 3 121  0조한별43757.060기입보 8 19 19 1 5.026.0 2.41421113555123633 0 03826122118171733→↘입14.740.940.413.9212741.240.0119.1118.4 32 21  511   15.20   13.4012  0  1LB동55.04301818 -.2 6.2 6.0505017 0마방기습휴양불리38기 0 910 9 9 8 8 7④1:59.11¼   .515.340.113.4 -4  0  .00 4 8  2  .7258234587010 5 7113 1 1.02 5.06 3.7 6.2  3.7    6.2   11.8   17.9  .031 7-4 1 1-4▼-2.040.00  .2837.05119.0  .44 1.17 2.44 0 2 5 1.35 3.77 9.30 9
20260517일 9180010국541 6 96 2 3강 3341맑음건조 3 8 8골드뭉치        테스타마허쉬틸드 4642.00한거 5 0 0 2 2  202      33000국5리카디이기선   1 214121222 2 3 120  0정정희43756.581기입적43 45 453638.057.027.9214812315211363330313826202415171733↘→입14.640.740.414.0282241.839.7122.7121.2 33 22 11 6   15.00   12.90 3  4 -1BNUP55.04301818 -.6 6.2 5.6585817 1마방연대마방기습57기 0 9 8 8 8 8 7 8⑥2:02.73    1.215.239.613.4  0 -1  .00 6 6 -2 2.28894246648 7 3 6 50 9 2.04 4.08 3.4 5.7  3.7   11.3   19.3    9.4  .02949 0 5 7 0―  .440.50 -.2440.12119.0 8.3417.3027.86 61526 8.9917.3928.38 5
20260426일 5170010국533 5 86 3혼전 4451맑음건조 3 8 8골드뭉치        테스타마허쉬틸드 5635.00한거 5 0 0 9 1   46      33000국5리카디이기선   1 31311 722 1 3 119  0정정희43857.580기입적45 38 383425.052.024.4224611355512363330313826202415202040→→입14.639.941.214.0492440.739.7112.5113.3 35 24 12 6   15.00   13.80 3  2  5NBDN54.54291818  .2 6.2 6.4474717-1마방기습마방연대35기 0 5 9 9 8 7 7 6⑥1:52.5머리  .515.039.212.9 -2  6  .00 6 8  1  .74285143365 9 7 7 50 8 1.04 3.08 1.9 3.3  1.9    9.2   11.6   16.3  .03162 0 4 6 0―  .241.20 -.0432.21113.8 6.8715.9324.42 61325 7.7915.8223.32 6
20260404토 7180011국522 6 76 4 1강 1151맑음양호 7 8 8골드뭉치        테스타마허쉬틸드 4642.00한거 5 0 0 1 1   57      33000국5리카디이기선   1 412101122 1 3 118  0조성환43253.053기입적39 37 373015.050.025.3 718 63555123633 0 03826101620202040↘→추14.640.740.713.9291540.441.2120.4119.2 38 25 13 6   15.00   13.60 4 -4 -1HHUP54.54291818  .2 6.0 6.2464617 1마방연대마방기습46기 1 3 8 8 8111110⑨2:00.43    1.615.040.513.8  2  4  .00 9 7  2 2.15458677034 7 6 7 60 1 1.03 7.06 1.6 3.1  1.6    5.8    8.3  101.7  .02960 0 4 5 0―  .340.30 -.2637.81119.1 6.4816.0825.25 41221 2.83 6.4813.13 8
20260308일 8170011국511 7 66 5 1강 1142맑음다습13 8 8골드뭉치        테스타마허쉬틸드 5635.00한거 5 0 0 2 1   66      33000국5리카디이기선   1 511 9 622 1 3 117  0권중석42853.567기입보24 26 263114.047.020.01341 63555123633 0 03826191818252525↘→선14.639.841.413.9531740.141.1111.3113.0 40 27 13 7   14.70   13.80 3  5 -1NHDN54.84291818 1.2 6.2 7.4383817-1일반주행마방연대53기 1 710101011 8 6③1:51.34     .815.040.513.6 -2 -3  .00 3 5  0  .93460515757 8 4 6 93 1 2.01 4.03 1.4 4.5  8.5    4.5   14.0   13.3  .02253 0 4 5 0― -.341.20  .0031.83113.9 4.4410.9620.02 2 610 2.68 8.7016.02 9
20260215일 6180011국423 3 76 6혼전 4451맑음건조 3 8 8골드뭉치        테스타마허쉬틸드 4642.00한거 5 0 0 2 1   36      33000국4리카디이기선   1 610 81022 2 3 116  0우인철43154.572기입적17 34 342736.055.031.92048103555123633 0 03826102723252525↘↘입14.640.940.714.0191740.340.8118.5119.4 43 29 21 7   15.00   13.40 3 -2  1HN동54.84291818  .6 6.4 7.0424218 0최빈거리기복전력74기 1 2 8 8 7 7 7 6⑥1:58.5머리 1.014.740.513.8  1 -3  .00 6 5 -1 1.2595361614911 6 9 50 2 1.0210.09 2.5 3.1  2.5    3.1    4.8   11.512.73045 2 5 6 2―  .540.10 -.4837.76119.210.5421.6831.86 81728 4.8113.4621.43 6
20260125일 8180011국422 6 76 7 1강 1151맑음건조 3 8 8골드뭉치        테스타마허쉬틸드 4642.00한거 5 0 0 2 1   45      33000국4리카디이기선   1 7 9 7 922 1 3 115  0우인철43453.572기입적 5  2  2 9 6.034.012.22048103555123633 0 03826102723333333↘↘입14.640.940.813.9211340.639.7119.6118.7 38 31 23 8   15.30   14.40 3 -6  1HN동55.24271818 1.4 6.0 7.4333317 0마방기습기복전력 5기 0 4 7 7 7 8 6 5④1:59.6목    .015.040.113.4 -2 -4  .00 4 6 -2  .14065303987111011 70 1 4.01 8.02 2.0 2.6  8.7    7.5   17.7    5.4  .03114-3 1 1-3▼-1.140.00 -.0636.96119.2 1.98 5.5712.24 4 917  .99 4.2610.19 6
20260104일 7180010국351 9106 8 2강 2251맑음다습12 8 8골드뭉치        테스타마허쉬틸드 4642.00한거 5 0 0 1 1   4615:40 41250국3리카디이기선   1 8 8 6 822 3 3 114  0정정희43852.580기입적 5  9  93043.049.023.5224611355512363330313826202415333333→→입14.740.640.813.9381741.741.6121.3121.5 42 33  8 8   15.10   13.70 7  8  1VN동55.24271818 1.2 4.6 5.8474718 0일반주행마방기습42기 010 8 8 9101010⑩2:01.31¾  2.715.342.314.4  2 12  .0010 8  2 4.59192779319 9 8 7 60 7 1.03 3.01     7.0  2.8    9.0   14.9  140.2  .02447 0 5 6 0―  .040.70 -.2440.06119.1 5.8513.6523.54 51221 5.8412.5422.54 6
20251115토 41800 8국321 4 76 9 2강 2256맑음건조 3 8 8골드뭉치        테스타마허쉬틸드 4642.00한거 4 0 0 2 1  15112:45 41250국3리카디이기선   1 9 7 5 722 2 3 113  0정정희42652.080기입적11 13 13 614.039.023.0224611355512363330313826202415333333→→입14.640.540.714.0471540.341.4119.9120.8 45 36 18 9   14.90   14.3013 -7  0HU동55.24271818  .8 3.6 4.4616118 0일반주행휴양불리50기 0 2 6 6 6 7 8 8⑧1:59.98    1.915.140.213.7  2  0  .00 8 6  0 3.08556737525 6 5 5 50 6 2.05 5.03     3.3  3.0   16.6   28.8    8.9  .01625-2 3 4-2▽ -.940.70 -.1639.56119.0 6.2413.0523.00 81728 3.8012.9924.11 4
20250817일10180011국353 310610 1강 1151맑음양호 7 8 8골드뭉치        테스타마허쉬틸드 4642.00한거 4 0 0 2 2  370      41250국3리카디이기선   110 6 4 622 1 3 112  0정정희42652.081우입적71 62 624734.044.024.6214812315211363330313826202415333333↘→입14.640.240.613.9622440.941.9119.9120.9 50 40 2010   14.40   13.10 4  2  0BUUP55.24271817  .4 2.8 3.2737318 2탐색주행최적거리72기 0 9 9 9 9 7 7 9⑨1:59.9½   2.514.941.714.3  3  1  .00 9 6  2 2.78574828916 8 8 5 60 5 4.0210.05 3.6 7.7  7.2   11.7   34.5   22.2  .03067 0 4 4 0― -.341.00 -.0940.07118.9 5.5213.6324.62 51221 3.8113.7920.27 6
20250720일 8160010국314 4 6611 1강 1161맑음포화17 8 8골드뭉치        테스타마허쉬틸드 5635.00한거 4 0 0 2 3  438      41250국3리카디이기선   111 5 3 222 1 3 111  0해리카42552.074우입적72 83 831490.064.049.81940 94364163633 0 03826172612333333→→입14.636.339.813.9691936.738.4101.4102.1 50 40 2010   15.00   13.60 6  6 -2NUDN55.24271817  .4 2.2 2.6787818-2인기탐색마방선전43기 0 7 8   8 7 8 9⑧1:41.4머리  .814.437.813.1  4  6  .05 8 4 -2 1.72364182056 3 7 3 20 1 1.09 2.10 1.6 4.0  1.6   22.5   27.4   30.5  .04082 3 8 9 3▲ 1.339.80 -.3925.95103.117.9134.6349.8121415726.9848.7663.58 2
20250608일 91800 9국344 2 9612혼전 4451맑음건조 3 8 8골드뭉치        테스타마허쉬틸드 4642.00한거 4 0 0 2 3  55518:00 41250국3리카디이기선   112 4 2 522 2 3 110  0정정희41953.576우입적68 57 575955.057.039.9247110436416363330313826202415333333↘↘입14.640.040.613.9752440.141.5118.8119.3 56 44 2211   14.50   13.30 5 -4  2UN동55.24271817  .4 2.2 2.6747418 0인기탐색최적거리49기 0 1 8 8 7 5 4 4④1:58.81¼   .315.040.513.6 -2 -3  .00 4 6  2 1.85245757273 4 7 4 42 4 1.05 6.04     4.9  2.8   18.8   29.8   90.8  .03777 3 7 8 3▲  .641.00 -.3738.65118.813.4426.7639.8610223511.6327.4741.16 4
20250503토10180011국313 3 6613 3강 3351맑음포화18 8 8골드뭉치        테스타마허쉬틸드 4642.00한거 4 0 0 1 4  66818:00 41250국3리카디이기선   113 3 1 422 1 3 1 9  0정정희42252.073우입보71 78 784861.050.027.61740 4334322363330313826202415333333↗↘입14.540.140.714.0721940.440.0116.2118.7 63 50 2513   14.70   13.80 4 -4 -6NU동55.24271817  .8 2.8 3.6656518 0연대우수최적거리 1기 0 5 7 6 5 6 6 7⑥1:56.21½  1.414.539.413.3  2 -5  .00 6 4  3 2.03557363938 8 9 3 72 3 1.06 7.01     5.1  1.8    7.6   10.0   30.510.93370 1 7 6 1△  .140.80 -.1637.90118.9 8.1317.9727.62 41118 8.4921.9032.71 4
20250406일 91800 9국451 6 5614 1강 1159맑음포화15 8 8골드뭉치        테스타마허쉬틸드 4642.00한거 4 0 0 1 4  74317:00 33000국4리카디이기선   114 2 4 322 5 3 0 8  0마이아42757.593우입보51 69 697991.068.081.4335032334322363350 038263532 8333333→→선14.540.140.614.1732240.040.0116.1117.6 57 43 2914   14.60   13.70 5  7  3VB동55.24271817  .0 3.6 3.6666618 0승부최상연대우수 1기 0 9 6 7 6 5 3 2②1:56.16     .014.740.013.8  1 -2  .00 2 1  0 1.0 843362989 4 7 1 12 5 3.01 3.09     5.0  4.9    7.8   20.4    7.1  .04490 3 9 9 3★ 1.840.70-1.3236.85118.844.0468.6381.3637587152.1780.8595.45 1
20250301토 8180011국412 6 6615 1강 1159흐림건조 3 8 8골드뭉치        테스타마허쉬틸드 4642.00한거 4 0 0 1 5  85917:00 33000국4리카디이기선   115 1 3 222 4 2 0 7  0마이아42955.093기입보40 41 416889.069.071.2345021325013363350 038263532 85050 0→→선14.540.240.614.2651739.640.3118.7118.7 50 50 3317   14.50   14.20 2 -6  1UN동55.34261817 -.4 4.6 4.2525218 0일반주행승부최상 1기 0 2 6 6 5 5 5 4①1:58.72½  -.414.640.713.7  0 -4  .00 1 1 -1  .03527462794 6 6 2 13 4 1.08 2.11     5.2  1.8   17.4   27.2   68.8  .04994 4 9 9 4☆ 1.940.70-1.1337.89118.939.2561.9471.2337587145.4564.4376.86 1
20260823일 8170011국4 1 6  9 0혼전 4452           8 9겨울장미        나스카프플래시어        한암 4 0 0   1    016:30 33000혼4송문길지앤지스 0 013 1 212 2 1 212  0송재철   52.578우입상50 64 645861.052.027.21643 820411128 025 02628192520 099 0↘↗입13.939.341.313.68148                   56 56 3311   13.90   13.40 6  5 -1BHUP53.04711714 -.6 3.8 3.2717114 3교체성공거리속성42기 0 9                            13.9    13.4        .0                       2 9 3 7  2                                              .03065 0 7 6 0―  .141.30  .16     113.5 7.6317.4927.21 4111812.0025.9936.46 3
20260712일 41400 9국510 8 69 1혼전 4451맑음다습12 8 9겨울장미        나스카프플래시어        한암 4 0 0 2 1   98      24750국5송문길지앤지스 0 112 7 612 1 0 211  0송재철47153.078우자하30 37 375829.044.023.01643 820411128 025 02628192520      ↘↗입13.836.839.713.6614136.339.2 86.7 86.8 50 50 2513   14.00   15.2010  1 -1HH동       1714 1.2 2.4 3.6686814 0승부최상최적거리60기 0 4 5     5 4 1①1:26.76   -1.013.938.713.4 -7 -1  .00 1 8  5  .0 111391197 3 5 6 82 1 8.05 4.08 1.5 3.9 24.7  163.6  523.5  334.1  .03463 0 4 5 0― -.338.70  .0010.3188.93 5.3412.6722.98 2 817 7.8116.4428.33 5
20260502토 4140011국532 9 89 2혼전 4451흐림건조 3 8 9겨울장미        나스카프플래시어        한암 4 0 0 1 1  197      24750국5송문길(주)나스-1 211 6 512 1 0 210  0이동하47254.091우자하54 61 616972.063.043.2325414204111282930402628252419      ↗↘선13.836.839.613.7674137.141.3 92.3 90.6 50 50 2513   14.30   13.90 5 -4  1HN동       1714 1.0 1.8 2.8787814 0연대우수승부최상31기 0 3 8     8 7 8⑩1:32.31    2.014.042.115.2  7  9  .0910 3 -2 2.38643908928 2 5 2 30 1 1.07 6.10 2.5 3.8  2.5   32.9   45.3   96.312.74491 2 8 8 2▲ 1.039.50 -.4714.2388.8616.2130.5043.2312264126.3943.5954.76 2
20260329일 5140011국530 8 89 3혼전 4458맑음건조 3 8 9겨울장미        나스카프플래시어        한암 4 0 0 9 1   90      24750국5송문길(주)나스-1 310 5 412 1 0 2 9  0이용호46353.564우자하40 42 427054.053.031.91657 7204111282917382628191820      →↘자13.836.639.813.7793338.039.5 90.7 89.7 43 57 29 0   14.50   14.20 6 -3 -1LH동       1713 1.0 1.8 2.8787814 0승부최상연대우수40기 0 7 9     8 8 6⑥1:30.71    1.414.340.013.9  1  1  .00 6 5  4 2.56988517639 2 7 3 50 3 1.03 2.05 2.1 3.5  2.1    5.5    8.1  136.9  .03774 0 7 6 0―  .539.50 -.1813.2988.8610.0621.5431.86 4122113.2128.3644.74 3
20260214토 5140011국552 9 59 4혼전 4459맑음건조 3 8 9겨울장미        나스카프플래시어        한암 4 0 0 2 1  111      24750국5송문길(주)나스-1 4 9 4 312 1 0 2 8  0정정희46254.080우자하66 73 737570.059.052.42246112041112829 0202628202415      →→입13.836.639.813.8772737.740.7 92.4 90.7 43 57 29 0   14.10   14.00 6  7  1BNUP       1713 1.4 1.4 2.8787814 1연대우수승부최상57기 010 8     5 711⑩1:32.44    3.314.541.614.2  9  3  .0910 1 -3 3.48878828912 1 7 1 10 1 7.10 5.06 2.3 4.6 14.5  150.9  379.5  519.312.74491 2 7 7 2△  .739.70 -.7014.3488.8622.0539.9452.3534536626.6748.2865.15 1
20260104일 4130011국530 6 89 5 2강 2251맑음다습12 8 9겨울장미        나스카프플래시어        한암 4 0 0 1 1  112      24750국5송문길(주)나스-1 5 8 3 312 1 0 2 7  0이용호45953.064우추하50 54 549053.052.025.41657 7204111282917382628191820      →↘자13.736.939.113.5856937.639.4 83.2 83.3 67 67 1717   14.30   14.9015  2  1HNDN       1712 1.4 1.4 2.8787814-4승부최상연대우수 5기 0 3 5     6 5 5④1:23.22     .814.139.414.0  0  3  .00 4 4  3 1.15552565558 1 5 5 52 2 1.03 1.09 2.2 4.7  2.2    5.6    8.7   34.3  .03781 0 6 6 0―  .140.20  .63 7.2782.65 6.2615.0825.38 61526 6.0217.2531.12 5
20250920토 5170011국551 7109 6 2강 2252맑음포화16 8 9겨울장미        나스카프플래시어        한암 3 0 0 2 2  30216:35 24750국5송문길(주)나스-1 6 7 2 112 6 0 2 6  0문세영45652.573우추보86 88 889091.070.058.22735 0365425282936332628293615      ↗↗입13.639.141.413.6884139.242.8112.1114.6 67 50 3317   13.70   14.10 5 -6  1HNUP       1712 1.6 1.8 3.4707014 3연대우수승부최상 5기 1 1 4 4 3 5 5 6⑧1:52.12½  1.914.342.114.9  7-14  .01 8 1  0 3.17716887928 1 8 1 22 6 7.04 8.10     6.3 26.5   79.0  209.1  289.2  .04493 3 9 9 3★ 1.542.20 -.5034.10113.423.7645.5758.2434536627.6946.3460.52 2
20250816토 5140011국552 6109 7혼전 4451맑음다습12 8 9겨울장미        나스카프플래시어        한암 3 0 0 2 2  384      24750국5송문길(주)나스-1 7 6 1 212 5 0 2 5  0문세영47052.073우추보86 90 907975.058.032.62735 0365425282936332628293615      ↗↗입13.736.839.513.4585236.339.6 88.9 88.0 60 40 2020   13.80   13.70 7  0 -3LH동       1412 1.8 2.0 3.8666614 0연대우수연대우수42기 0 7 4     3 3 2③1:28.91     .213.740.114.1  2  4  .00 3 1  0  .614 9572577 3 4 1 32 5 3.02 9.01 2.1 5.4  7.7   15.3   28.0   10.910.54574 0 8 6 0▲  .738.90 -.1411.6688.80 9.5621.2932.56 6132512.7528.1742.99 3
20250629일 2140011국621 7 79 8 3강 3341흐림양호 9 8 9겨울장미        나스카프플래시어        한암 3 0 0 9 3  504      16500국6송문길(주)나스-1 8 5 5 112 4 0 1 4  0문세영46655.073평추보59 89 896888.071.057.13745 0243113282936332628293615      ↘↗입13.837.439.313.4226136.139.4 87.9 87.4 50 25  025   13.80   13.50 7  4  0BNUP       1412 1.7 2.3 4.0595913 1전개최상연대우수56기 1 7 2     1 1 1②1:27.91¾   .013.839.413.7  1 14  .00 2 1  0  .3 4 4521389 5 2 2 21 4 2.0110.07 2.0 3.2  2.8    3.2    6.5    6.910.93770 0 8 5 0▲ 1.238.20-1.0210.6889.0724.3443.0357.0935556929.8952.5751.99 1
20250511일 3130011국640 8 49 9혼전 4451흐림포화19 8 9겨울장미        나스카프플래시어        한암 3 0 0 2 4  64411:25 16500국6송문길(주)나스-1 9 4 4 212 3 0 1 3  0문세영45255.073평추보84 91 919187.073.056.7455525183313282936332628293615      →↘입14.237.939.013.1298537.439.3 82.6 82.8 33 33  033   14.40   13.50 8  0  1NN동       1312 2.5 2.5 5.0464613 0연대우수전개최상 1   0 3 6     6 6 4③1:22.6코    .013.839.013.5  2 -3  .00 3 1 -1  .93442524491 8 1 2 33 3 2.03 1.06     2.3  3.2    9.9   16.0    5.010.54182 2 9 8 2▲ 1.739.10 -.81 5.8983.2322.8642.3056.7021415722.4143.6745.93 2
20250315토 3130011국611 8 1910 2강 2257맑음양호 7 8 9겨울장미        나스카프플래시어        한암 3 0 0 2 5  82212:45 16500국6송문길(주)나스-110 3 3 112 2 0 0 2  0문세영45554.093하무보46 55 555992.073.063.34053 0274315282936332628293615      ↗→입14.237.740.213.0371738.138.2 83.1 82.3  0  0  0 0   14.30   13.30 5  2 -1NHUP       1312 3.0 3.0 6.0353512 1주행고전연대우수 1기 2 3 5     6 6 3②1:23.16     .014.439.313.5  0 -2  .00 2 2  0 1.01872152884 5 8 2 23 2 1.02 2.03     2.8  1.5    2.8    4.6   13.3  .03776 2 8 6 2▲ 1.539.20-1.58 4.3883.8727.7849.9463.2635556934.2656.3470.53 1
20250208토 2120011국631 8 8911 1강 1159맑음건조 5 8 9겨울장미        나스카프플래시어        한암 3 0 0 1 5  93111:00 16500국6송문길(주)나스-111 2 2 212 1 0 0 1  0문세영45754.593하무보23 35 3536  .045.021.64053 0274315282936332628293615      ↗→입14.237.739.713.5271537.638.4 78.1 76.1  0  0  0 0   14.20   13.80 6 -3  1HN동       1212         6.0    12 0연대우수거리난점 1기 1 1 4     3 8 7④1:18.13     .814.339.513.3  2  3  .00 4 2 -1 1.64969364857 8 6 9 60 1 1.06 5.04     5.3  2.8   18.5   27.4   39.3  .03351 0 3 3 0― -.237.90 -.58-1.3076.84 4.1011.0221.55 4122110.9121.2641.83 3
20241229일 1120011국530 7 8912 1강 1155맑음건조 4 8 9겨울장미        나스카프플래시어        한암 2     9 6 103110:35 24750국5송문길(주)나스-112 1 1 112 1 0 0 0  0이용호45454.075평무보   35 3540  .050.039.5184313254712282917382628191820      ↘↗자14.136.738.513.2    37.439.5 78.2 77.0              14.10   13.50        NN동       12 0                 0 0일반주행연대우수 1기 0 4 5     6 7 8⑥1:18.23    1.514.240.413.8  3-14  .00 6 3  0 2.67457737437 1 1 2 30 1 2.01 2.03     4.5  4.7    5.0   10.8   22.2  .03759 0 6 5 0―  .239.10  .13 1.7675.6113.9229.0839.50122741 9.9219.7329.78 3
20260823일 8170011외4 1 6  6 0혼전 4452           810럭키붐          LOOKIN ABEDANKEN  665.00미거 5 0 0   1    016:30 33000혼4이관호황은호   1 016 5 528 2 3 028  0임다빈   57.076평무상50 41 411011.043.019.91427 8213911201914 72322142424 04060→↗추15.140.440.713.71141                   15 15  015   15.50   13.40 6  3  1BBDN54.74271818 -.8 8.6 7.8404010-1일반주행거리속성44기 010                            15.5    13.4        .0                      11 410 8 11                                              .01624 0 3 3 0― -.540.70  .05     113.8 5.5612.7919.90 2 714 2.67 6.7812.50 9
20260712일 91800 8외453 7 56 1혼전 4455맑음다습10 810럭키붐          LOOKIN ABEDANKEN 4853.00미거 5 0 0 2 1   93      33000혼4이관호황은호   1 115 41728 1 3 027  0임다빈42556.575평무상14  3  32710.046.028.91427 8213911201914 72322142424 02575→↗추15.041.040.513.8 71941.839.4117.4117.5 12 12  012   15.90   14.40 4  3  3NB동54.34271818 -.2 9.2 9.0303010 0최빈거리탄력호조64기 0 7 8 8 8 5 4 4③1:57.41½   .215.540.013.4 -4 -5  .00 3 7 -2  .4 994196076 8 4 8 5210 6.03 4.02 2.1 2.5 23.1   60.2  178.8  413.5  .03045 0 3 4 0― -.339.80 -.3836.03119.1 7.4616.7528.86 51222 8.7013.6819.90 7
20260613토 71800 9외451 7106 2 2강 2259맑음건조 3 810럭키붐          LOOKIN ABEDANKEN 4853.00미거 5 0 0 2 1   74      33000혼4이관호황은호   1 214 31628 2 3 026  0권중석43054.066평무보14  9  9 4 3.028.0 5.91341 6213911201914252322191818 02575↘→선15.041.040.513.7 72242.241.1120.1119.4 13 21  013   16.00   12.90 4 -1 -1HH동54.34271818-1.6 9.4 7.8424210 0최빈거리거리난점35기 0 4 9 9 9 9 9 8⑦2:00.16    1.715.940.914.4 -2 -6  .00 7 9  0 1.85297639236 9 3 8 90 2 5.02 8.07 2.7 6.6  7.9   12.8   20.3   21.0  .0 9 2-4 1 1-4▼-1.840.00  .1337.93119.1  .51 1.72 5.92 2 610  .12 2.03 5.23 9
20260517일 9180010외441 9 96 3 3강 3351맑음건조 3 810럭키붐          LOOKIN ABEDANKEN 4853.00미거 5 0 0 2 1   62      33000혼4이관호황은호   1 313 21528 1 3 025  0권중석43654.566평무하 5  1  1 5 4.027.0 7.31341 6213911201914252322191818 02575↘→선15.041.040.613.8 81542.639.1122.8121.3 13  9  0 9   15.20   13.50 2 -5  2NN동54.34271818-1.2 8.8 7.6464610 0최빈거리거리난점68기 0 5 910101010 9⑧2:02.8코   1.315.739.113.4 -1 -2  .00 8 9  0 2.3899913744510 710100 1 2.04 4.08 3.4 5.7  3.7   11.3   19.3    9.4  .011 9-1 1 1-1▽-1.440.20  .0839.68119.2  .89 2.46 7.31 1 3 5 1.12 3.26 7.0910
20260502토 9180011외341 6 96 4혼전 4452흐림건조 3 810럭키붐          LOOKIN ABEDANKEN 4853.00미거 5 0 0 1 1   32      41250혼3이관호황은호   1 412 11428 2 3 024  0조한별43852.560평자보25 15 15 3 4.026.0 5.8142111213911201916 02322122118 02575→↘입15.041.040.613.7 91540.941.1120.9120.1 14  9  0 9   15.10   13.90 4  5 -5NH동54.34271818-2.6 9.2 6.6525210 0최빈거리거리난점40기 010 7 7 7 71011⑪2:00.91    2.115.240.713.5  2  2  .0011 9  0 2.8767965802411 9 9110 2 6.07 6.11 2.8 5.3 16.6  146.1  325.8  193.1  .0 9 6-3 1 1-3▼-1.940.10  .1038.51119.2  .12 1.94 5.81 0 2 5 1.61 4.05 8.5711
20260404토 7180011외422 8 76 5 1강 1151맑음양호 7 810럭키붐          LOOKIN ABEDANKEN 4853.00미거 5 0 0 1 1   78      33000혼4이관호황은호   1 511 61328 1 3 023  0조한별43657.560평무보 5  1  1 2 1.028.0 6.9142111213911201916 02322122118 02575→↘입15.041.040.613.7 51340.441.4120.4119.2 14 14  014   15.70   13.60 5 -3  0NL동54.34271818-2.8 9.4 6.6464610 0최빈거리거리난점48기 0 5 9 9 910 9 9⑩2:00.4코   1.615.140.713.9  1  4  .0010 9 -1 2.1555872753410 510110 1 1.03 7.06 1.6 3.1  1.6    5.8    8.3  101.7  .0 9 3-3 1 1-3▼-1.440.00  .0837.60119.2  .76 2.28 6.85 1 3 6  .94  .93 2.8111
20260228토 8180010외450 2106 6혼전 4451맑음건조 3 810럭키붐          LOOKIN ABEDANKEN 4853.00미거 5 0 0 9 1  108      33000혼4이관호황은호   1 610 51228 2 3 022  0코지  43257.587평무상44 54 54 334.060.032.8315719213911201927 02322233119 02575↗↘입15.041.040.613.8 91241.541.9119.7120.8 15 20  010   15.60   13.70 4 -3  3NB동54.34271818-2.8 8.4 5.6535310 0교체성공최근최상67기 0 8101010 7 810⑨1:59.74    2.015.740.713.6 -1 -6  .00 910  0 2.0869281942211 7 6 30 2 7.03 3.07 2.8 7.3  7.1   44.1   52.4   57.212.73040 2 6 6 2―  .940.20 -.5039.23119.211.6822.1832.81142843 3.8813.2718.75 7
20260201일 8180011외422 9 76 7혼전 4459맑음건조 2 810럭키붐          LOOKIN ABEDANKEN 4853.00미거 5 0 0 1 1   45      33000혼4이관호황은호   1 7 9 41128 1 2 021  0코지  43854.587평무보 5  1  11110.047.025.3315719213911201927 02322233119 03367↗↘입15.041.040.613.7 81741.240.3119.8117.9 11 16  0 5   15.10   15.00 5  9 -1VN동54.24241818-2.8 8.4 5.6525210 0최빈거리거리난점 5기 01111111111 9 4①1:59.8목   -.115.641.013.7 -9 11  .00 110  3  .0208248699411 510 63 110.0811.01 2.1 4.0 75.3  655.0 1430.9 1153.6  .01831 0 4 6 0― -.239.80 -.3236.34119.2 6.7314.5425.27 51222 5.8810.8115.0510
20251228일 8180011외420 7 76 8 2강 2251맑음다습12 810럭키붐          LOOKIN ABEDANKEN 4853.00미거 4     9 1   8816:10 33000혼4이관호황은호   1 8 8 31028 6 2 0 0  0정우주42755.059평무상19 14 14 6 3.031.0 8.71250 7213911201917 82322163013 03367↗→입15.040.940.713.7131241.442.6123.6123.4 11 16  011   15.40   13.70 4 -6 -2UNUP54.24241818-2.8 8.4 5.6434310 1최빈거리거리난점44기 0 2 7 8 8 91010⑩2:03.68    4.115.143.115.0  3  3  .0910 7  1 4.198888996 811 8 8100 6 1.02 3.08     2.9  1.5    2.9    3.5    5.2  .0 910-2 1 2-2▽-1.540.60  .0441.79119.2 1.29 4.11 8.72 1 4 8  .12 1.79 4.8511
20251130일10170011외432 5 86 9 1강 1159흐림다습10 810럭키붐          LOOKIN ABEDANKEN  665.00미거 4 0 0 9 1   6817:30 33000혼4이관호황은호   1 9 7 2 428 5 2 019  0정우주42457.060평무상14 17 17 710.042.020.61250 7213911201917 82322163013 03367↗→입15.040.341.213.7151941.140.5113.5113.4 11 11  011   15.50   14.10 5  2  6NBDN54.24241818-2.8 8.4 5.6434310-1일반주행거리속성79기 1 8101010 9 8 8⑦1:53.5착변  .715.440.913.7  1  2  .00 7 6 -5 1.9459338715911 2 9 70 5 2.03 6.03     4.2  4.8   13.5   22.1  104.4  .02025 0 3 4 0― -.240.80 -.1831.87114.1 4.4310.8620.57 4 917 4.55 9.3617.44 6
20251025토10180011외352 6 5610혼전 4451맑음건조 5 810럭키붐          LOOKIN ABEDANKEN 4853.00미거 4 0 0 9 1  189      41250혼3이관호황은호   110 6 1 928 4 2 018  0정우주42251.059평무보 5  2  2 0 3.025.0 2.11250 7213911201917 82322163013 03367↗→입15.040.940.713.6121341.141.8118.8120.5 12 12  012   15.30   15.10 4  0 -6NU동54.24241818-1.2 7.2 6.0434310 0최빈거리거리난점40기 0 61111111011 9⑥1:58.83    1.015.540.714.1 -5 -5  .00 611  1 1.7808281915111 711113 4 3.05 3.11 2.2 4.8  4.6   19.7   36.1   23.1  .0 9 2-4 1 1-4▼-2.040.20  .1938.90119.2  .34  .93 2.07 0 2 5  .12 2.15 4.8711
20250927토 8180011외440 5 9611 1강 1151맑음다습11 810럭키붐          LOOKIN ABEDANKEN 4853.00미거 4 0 0 9 2  256      33000혼4이관호황은호   111 518 828 3 2 017  0정우주42756.567평무상48 39 39 4 4.034.0 9.91155 5205014201917 82322163013 03367→↗입15.040.840.613.6151741.843.7122.7123.1 13 13  013   15.50   14.40 6  1  1NU동54.24241818-1.0 6.4 5.4515110 0최빈거리거리난점44기 0 6101111 6 810⑩2:02.714   4.315.343.915.1  0  1  .001010  5 4.497949599 710 8 7110 3 2.0711.05 2.9 8.3  4.9   31.4   43.9   85.4  .0 9 7-2 2 1-2▽-1.040.70  .0741.74119.1 1.45 4.98 9.90 1 3 6 1.03 3.00 8.03 9
20250817일 9180010외420 5 7612 1강 1151맑음양호 7 810럭키붐          LOOKIN ABEDANKEN 4853.00미거 4 0 0 2 2  37117:00 33000혼4이관호황은호   112 417 728 2 2 016  0정우주42656.067평무상37 46 46 821.045.021.11155 5205014201917 82322163013 03367→↗입14.940.840.513.5152441.140.9120.0118.3 13  7  013   14.80   14.50 7 -6  3NB동54.24241818 -.6 6.2 5.6535310 0최빈거리거리난점67기 0 5 9 8 8 3 3 3④2:00.03     .715.541.714.4 -1  5  .00 4 5 -5 2.62481627963 9 7 6 52 2 2.04 1.07     4.3  5.0   30.6   49.2    7.8  .02316 1 4 5 1― -.340.10 -.1437.00119.0 4.4111.2121.10 51222 4.17 9.5718.15 6
20250628토 8180011외410 7 6613혼전 4459흐림다습11 810럭키붐          LOOKIN ABEDANKEN 4853.00미거 4 0 0 9 3  50717:30 33000혼4이관호황은호   113 316 628 1 1 015  0정우주42153.573평무하15  3  319 7.036.011.4213311163013201917 82322163013 0 099→→입15.040.940.413.3143740.740.9119.2118.8  7  7  014   15.10   14.40 2  4  1VNUP54.54251818 -.2 5.8 5.6545410 1최빈거리거리난점43기 011 810 9 3 3 1①1:59.2¾    .014.841.414.5 -9 -6  .00 110  4  .0376862709211 4 9102 110.0211.01     6.3 44.9  133.8  386.1  380.3  .01118 0 2 4 0―-1.140.00  .0837.45119.0 2.20 5.5611.35 1 4 8 3.57 7.3513.2710
20250614토 7170011외442 3 9614 2강 2253맑음건조 3 810럭키붐          LOOKIN ABEDANKEN  665.00미거 4 0 0 2 3  54816:30 33000혼4이관호황은호   114 215 328 9 1 014  0임다빈42753.078평무하33 40 4014 8.041.013.31846 5163013201914 72322142424 0 099↗→추15.040.340.513.3156540.242.1112.6114.1  8  8  015   14.90   14.70 6  3 -2NHDN54.54251818  .2 5.4 5.6616110-1일반주행거리속성54기 1 7 9 9 9 9 8 8⑦1:52.6¾   2.415.141.514.4  1 -2  .00 7 6  1 2.5666678851711 2 6 80 9 4.02 9.06     4.0  6.6   14.0   28.7   16.5  .01618 0 3 3 0― -.740.90  .3733.30113.6 2.44 6.2613.32 2 610 1.69 5.38 8.33 9
20250504일10180010외420 6 7615혼전 4451맑음다습13 810럭키붐          LOOKIN ABEDANKEN 4853.00미거 4 0 0 1 4  65817:30 33000혼4이관호황은호   115 114 528 8 1 013  0임다빈42955.083평무하25 23 23 8 8.035.0 9.91946 42050 6201914 72322142424 0 099↘↗추15.040.940.013.3115741.141.0119.5119.7  8  8  017   15.10   14.70 5 -7  0HL동54.54251812 -.2 5.2 5.0565610 0일반주행거리속성 1기 0 410101010 9 9⑧1:59.5¾   1.014.942.214.7  3  8  .00 8 5 -1 1.7628265825410 3 7100 8 2.07 6.03     3.6  3.1   46.8   65.7  341.5  .016 7-3 2 1-3▼-1.340.10  .2238.75118.9 1.33 4.85 9.85 1 4 8 2.56 7.3212.7410
20260823일 8170011국4 1 6  8 0혼전 4452           811송당스카이      지몰로지말리부스 3834.00한암 3 0 0   1    016:30 33000혼4백종수제주축산 0 0 8 1 1 7 8 2 0 7  0유승완   52.570우추보50 67 677546.055.031.51960 839673150 0 02550  152722 03367→↘입13.939.440.713.67261                   50 33 1717   14.10   13.80 7  7  0VUDN53.25081814-3.4 6.8 3.4777714-1일반주행마방선전49기 011                            14.1    13.8        .0                       5 3 2 6  8                                              .02565 0 7 7 0―  .440.70  .33     113.110.4320.8231.46 5122213.3323.7331.25 6
20260705일 41800 9국550 9 58 1 1강 1159흐림건조 4 811송당스카이      지몰로지말리부스 38     한암 3 0 0 1 1  118      24750국5백종수제주축산 0 1 7 2 2 7 7 1 0 6  0유승완51452.569평추보24 42 423614.051.038.61960 839673150 0 02550  152722 0 099→↘입13.940.540.213.4295239.340.6118.4117.5 40 20  020   14.40   12.9010  1  0HU동53.55061814-3.8 8.6 4.8626214 0적정체중휴양탐색52기 0 4 2 3 3 3 3 1①1:58.47   -1.214.140.113.8 -1  9  .00 1 2 -4  .0 815522299 4 2 4 22 7 2.01 4.03 3.0 5.0  3.7    5.0   12.3    4.3  .02550 1 5 5 1―  .440.30 -.3736.77118.812.0425.2138.56122741 6.3818.3529.19 4
20260426일 4180011국551 6108 2 2강 2251맑음건조 3 811송당스카이      지몰로지말리부스 38     한암 3 0 0 9 1  187      24750국5김윤섭제주축산 0 2 6 1 1 7 6 1 0 5  0유승완50552.569평추상54 63 633913.038.012.31960 8142012 8151225 9 2152722 0 099→↘입13.940.540.413.7275240.339.6120.1119.7 25 25  050   13.90   13.60 6 -3 -2UUUP54.55061814-4.0 9.3 5.3585814 4뒷심문제탐색우려90기 0 3 4 6 5 7 7 4③2:00.11¼   .214.439.012.9 -3 -1  .00 3 6 -2  .96052232275 5 4 3 93 6 2.04 1.02 2.5 5.4  3.5   10.1   20.9   32.1  .02819-3 4 1-3▼-1.140.50  .1838.80118.9 2.40 6.1512.30 2 714 1.80 7.4415.10 6
20260315일 2140011국650 8108 3 1강 1156흐림양호 6 811송당스카이      지몰로지말리부스 3834.00한암 3 0 0 2 1  114      16500국6김윤섭제주축산 0 3 5 5 2 7 5 0 0 4  0유승완50654.570하추하13 17 1727 3.034.0 9.81960 8142012 8151225 9 2152722      →↘입14.037.339.813.8212437.238.5 89.6 88.0  0  0  0 0   13.70   15.30 5 -2  1NN동       1410-3.0 9.7 6.7464612 0일반주행선추겸비47기 0 6 5     5 5 3①1:29.61    -.213.939.113.6 -7 -7  .00 1 8  3  .01554202092 7 3 9103 5 8.01 6.04 3.1 8.7 22.6   22.6   72.7   54.1  .01610-4 2 1-4▼-1.338.40 -.0410.8889.34 1.30 4.77 9.79 1 3 8  .12 2.84 6.4911
20260208일 3140011국611 9 68 4 1강 1159맑음건조 2 811송당스카이      지몰로지말리부스 3834.00한암 3 0 0 2 1   81      16500국6김윤섭제주축산 0 4 4 4 1 7 4 0 0 3  0유승완51354.070하추보29 45 4510 7.036.011.51960 8142012 8151225 9 2152722      →↘입14.037.539.913.9171736.442.8 91.8 91.3  0  0  0 0   14.00   13.90 6 -1  0NHUP       1410-2.5 9.5 7.0343412 1일반주행탐색우려70기 0 8 2     3 3 6⑨1:31.86    3.513.742.615.3  4  0  .01 9 5 -5 4.29313979511 8 3 5 90 4 1.03 4.01 1.8 6.1  1.8    6.9   11.8   23.9  .016 8-3 2 1-3▼-1.038.90 -.2413.9189.55 1.59 5.6811.46 2 612 3.33 7.6913.57 9
20251228일 2130011국651 8108 5혼전 4451흐림다습12 811송당스카이      지몰로지말리부스 3834.00한암 2 0 0 9 1  115      16500국6김윤섭제주축산 0 5 3 3 1 7 3 0 0 2  0유승완51354.070하무보51 45 4518 7.032.0 5.41960 8142012 8151225 9 2152722      →↘입14.238.139.312.9136937.539.8 83.3 83.7  0  0  0 0   14.20   13.40 4  1  0NHUP       1310-2.5 9.5 7.0343412 1일반주행탐색우려45기 0 910    1010 9⑥1:23.3½    .414.039.813.9 -4  0  .00 610  2 1.1684669656910 5 6103 3 8.01 5.10 2.7 8.4 16.2   18.3   54.2   31.8  .016 2-4 1 1-4▼-1.639.10  .32 6.2783.55  .45 1.58 5.43 1 4 8 2.06 5.08 8.2910
20251129토 2120011국653 4 58 6혼전 4451맑음다습10 811송당스카이      지몰로지말리부스 9021.00한암 2 0 0 9 1   8711:00 16500국6김윤섭제주축산 0 6 2 2 1 7 2 0 0 1  0유승완51354.072하무보20 14 14 3 4.027.0 2.01960 8142012 8151225 9 2152722      →↘입14.238.039.412.9 82738.038.0 75.4 76.0  0  0  0 0   14.20   13.20 5  1  0NHUP       1210-3.011.0 8.0212110 2발길대로탐색우려72기 0 8 8     8 8 8⑥1:15.4목   1.114.238.213.4 -2 -3  .00 6 8 -3 1.24483214544 9 6 9110 2 5.01 4.03     4.4  8.2   13.7   32.7   35.8  .0 6 1-4 1 2-4▼-2.037.50  .00-1.4476.84  .30  .90 2.02 0 2 5 1.15 3.24 5.9311
20251025토 1100012국620 4 28 7 1강 1155흐림건조 5 811송당스카이      지몰로지말리부스 9021.00한암 2     9 1  198      24750국6김윤섭제주축산 0 7 1 1 1 7 1 0 0 0  0유승완51654.072평무보70 25 2530  .027.0 8.31960 8142012 8151225 9 2152722      →↘입14.436.938.313.499 338.138.4 63.6 63.9              14.40   13.70 4  0  0LL동       10 0         7.0     0 0일반주행탐색우려42기 0 7 8     8 910⑧1:03.6코   2.114.238.313.2 -3 -4  .00 811  0 2.87775647620 811 9110 1 2.0512.02 1.5 2.3  4.0   35.3   63.4   12.7  .016 8-4 2 1-4▼-1.638.40  .66-11.362.87 1.06 2.93 8.33 0 3 5 8.3316.6725.00 7
20260823일 9180010국3 1 5  5 0 2강 2253           9 1엠케이리        카우보이부활의숨 5139.00한수 5 0 0   1    017:25 41250혼3박재우강만구   3 016 6 927 1 4 227  0김효정   54.067평입보50 53 53 1 5.037.014.51753 71944 9221818 02214192217 05644↗→선14.340.640.413.72237                   30 48  430   14.90   14.3010 -9 -2UH동54.74891818 -.4 5.8 5.4525214 0일반주행휴양탐색55기 1 1                            14.9    14.3        .0                       7 6 6 8  1                                              .01617-3 2 1-3▼-1.040.40  .10     118.9 2.76 8.3014.45 2 612 1.52 4.2010.86 8
20260614일 6180011국351 8105 1혼전 4457비  건조 3 9 1엠케이리        카우보이부활의숨 5139.00한수 5 0 0 2 1  176      41250국3박재우강만구   3 115 5 827 2 4 226  0루이스48756.070우입하51 47 473120.043.023.62042111944 9221820 02214202616 05644→↘입14.340.640.313.7254140.640.9119.7119.8 32 50  532   15.00   13.90 7  8  1BN동54.74891817 -.8 5.4 4.6656514 0교체실패거리속성72관 210 8 8 6 7 6 6⑥1:59.74    2.014.940.614.3  0 -4  .00 6 6  0 2.16463626728 8 3 5 60 4 1.08 3.07 3.3 7.2  3.3   48.8   71.5  129.8  .02038 0 4 4 0― -.540.40 -.1038.87118.9 7.4915.9023.60 51222 5.4812.8222.09 9
20260426일 9180011국352 9105 2혼전 4451맑음건조 3 9 1엠케이리        카우보이부활의숨 5139.00한수 5 0 0 9 1  122      41250국3박재우강만구   3 214 4 727 1 4 225  0루이스49155.570우입하70 67 674838.051.022.92042111944 9221820 02214202616 05644→↘입14.340.540.013.7296140.741.0118.6119.2 33 67  533   15.10   14.10 4 -3 -1HN동54.74891817-2.2 5.4 3.2767614 0편성만만거리속성13관 0 2 9 9 9101010⑧1:58.61¾  1.315.040.513.9  2 -3  .00 8 6  1 1.4497161724710 2 6 70 3 4.05 1.10 2.5 5.6  6.8   27.4   66.8  256.7  .02964 0 5 7 0―  .040.50  .0438.66118.7 6.9514.5022.86 51222 8.2515.0925.61 7
20260328토 9180011국320 7 75 3혼전 4451맑음건조 3 9 1엠케이리        카우보이부활의숨 5139.00한수 5 0 0 9 1   76      41250국3박재우강만구   3 313 3 627 2 4 224  0조재로49456.087우입상82 84 845157.055.029.63352141944 9221817 02214192522 05644↗↘입14.340.440.013.6366140.641.4118.2118.6 35 65  525   15.20   12.90 6 -2  4NN동54.74891817-2.6 5.4 2.8727217 0교체성공거리속성56기 1 5 9 9 910 9 7⑥1:58.21¼   .615.140.714.1  1  4  .00 6 5  2 1.13766738065 8 5 5 53 2 3.01 2.07 2.5 3.6  9.9   10.2   28.5   89.8  .03065 1 7 6 1―  .440.50 -.0838.24118.7 9.2519.2529.55 81728 9.8019.1426.84 6
20260214토 9180011국321 5 75 4혼전 4453맑음건조 3 9 1엠케이리        카우보이부활의숨 5139.00한수 5 0 0 2 1  107      41250국3박재우강만구   3 412 2 527 1 3 223  0조재로49052.587우입보43 38 382620.043.024.93352141944 9221817 02214192522 06338↗↘입14.440.340.413.7444440.139.9117.3117.7 32 58  526   14.60   13.10 4  2  0NU동55.04881817-1.8 5.8 4.0626214 0숨은복병거리속성66관 2 7101010 8 5 3①1:57.31    -.215.238.912.9 -2-10  .00 1 3 -6  .01348332993 7 7 6 83 1 3.07 7.02 2.1 4.9  9.7   52.4  132.9   75.0  .02073 0 5 5 0― -.540.50 -.0637.01118.8 8.0016.9524.90 41118 5.8812.8222.64 7
20260118일 7180011국351 1105 5혼전 4451흐림건조 5 9 1엠케이리        카우보이부활의숨 5139.00한수 5 0 0 2 1   67      41250국3박재우강만구   3 511 1 427 1 3 222  0루이스50052.570우입상75 79 794230.039.016.62042111944 9221820 02214202616 06338→↘입14.340.440.213.7325740.739.4117.5119.1 33 50  622   14.60   13.90 5  0 -1NU동55.04881817-1.4 5.0 3.6656514 0교체성공거리속성 5기 1 5 8 8 8 9 7 8⑥1:57.52    1.314.638.813.1 -3  8  .00 6 9  5 1.85268233340 9 6 5 90 2 2.0111.02 2.3 6.6  4.4    6.6   14.5    9.8  .03060-1 4 4-1▽ -.740.60  .1538.47118.8 3.60 8.3916.58 1 3 8 6.1214.1523.49 8
20251214일 41800 8국451 9 55 6혼전 4451맑음불량20 9 1엠케이리        카우보이부활의숨 5139.00한수 4 0 0 2 1   94      33000국4박재우강만구   3 610 9 327 1 3 121  0우인철49253.572우입상77 73 734246.055.031.12048101944 92218 0 02214102723 05743↘↘입14.240.240.513.7444440.140.3117.8118.1 29 47  629   14.30   13.70 2 -3 -2NU동55.24881817 -.6 4.8 4.2606014 0교체성공거리속성35기 0 5 6 5 5 5 3 3②1:57.81     .014.640.713.9 -2 -2  .00 2 4 -2  .22148454193 6 5 5 62 1 1.04 6.05     4.5  2.0    6.6   10.3    9.3  .03082 0 5 6 0―  .340.60 -.1937.42118.8 8.3319.9031.08 5122210.4221.3230.61 6
20251129토 7180011국443 6 95 7혼전 4459맑음다습10 9 1엠케이리        카우보이부활의숨 5139.00한수 4 0 0 9 1   82      33000국4박재우강만구   3 7 9 8 227 1 2 120  0루이스49455.070우입보43 32 322223.041.018.92042111944 9221820 02214202616 05050→↘입14.240.440.613.7313739.639.8116.3117.9 25 50  625   15.00   13.70 5  4  1LN동55.34871817  .4 4.4 4.8545414 0숨은복병거리속성69기 0 8 5 5 5 5 4 2①1:56.32    -.314.339.813.7 -5  5  .00 1 6  1  .01526321594 8 5 6 62 1 6.05 8.05 3.5 7.3 11.2   54.0  119.4  351.1  .01955 0 4 5 0― -.640.40 -.0136.89118.9 4.7311.8818.91 51222 6.2515.6925.38 5
20251026일 31800 9국412 7 15 8 1강 1151흐림건조 5 9 1엠케이리        카우보이부활의숨 5139.00한수 4 0 0 9 1  185      33000국4박재우강만구   3 8 8 7 127 4 2 119  0유승완48954.569우입보90 48 482220.037.014.01960 81944 9221813102214152722 05050→↘입14.240.240.213.7425740.441.1118.7119.7 27 53  727   15.00   13.20 6 -1 -1HUUP55.34871817  .0 4.2 4.2646414 1일반주행거리속성42기 0 4 8 8 8 8 7 4④1:58.75    1.115.040.313.7 -1 -7  .00 4 5  0 2.26256687048 8 3 5 53 9 4.01 6.09 1.5 2.4  7.3    5.2   14.8    3.6  .01628 0 3 3 0―-1.040.80  .2839.25118.7 2.16 7.0813.95 81728 2.94 8.4418.87 5
20250913토 71700 9국452 1105 9혼전 4451맑음포화17 9 1엠케이리        카우보이부활의숨 6032.00한수 4 0 0 2 2  29918:30 33000국4박재우강만구   3 9 7 6 727 3 2 118  0유승완49655.066우입상88 76 762838.048.024.61233 81660 5221813102214152722 05050→→입14.239.740.813.7556940.040.1108.7111.2 29 50  729   15.00   13.20 4  1 -1NHUP55.34871717 -.6 3.8 3.2727214 3거리내려거리불안76기 2 5 8 8 7 7 7 8⑦1:48.7코   1.215.038.913.2  2 11  .00 7 5  0 1.5 256252742 8 4 6 80 8 7.06 4.01     5.1 14.4   81.2  189.1  100.0  .02255 0 5 5 0― -.241.00  .2630.70113.4 5.8913.6324.60 41118 8.7916.9329.07 7
20250817일 5140011국412 6 6510 3강 3351맑음양호 7 9 1엠케이리        카우보이부활의숨 6032.00한수 4 0 0 2 2  37513:35 33000국4박재우강만구   310 6 5 427 2 2 117  0유승완48555.566우입하73 77 775454.045.016.71233 81660 5221813102214152722 05050→→입14.237.139.213.7436138.138.2 88.4 88.2 31 46  823   14.20   14.00 6  1  1HVDN55.34871717 -.4 3.4 3.0767614-2일반주행거리내려47기 0 411    1110 8④1:28.4¾    .815.038.413.2 -1 -7  .00 4 5  2 1.2209012395710 4 3 73 7 2.01 5.09     4.3  7.7    4.3   15.6    9.3  .01842-2 6 3-2▽ -.538.70  .2811.8788.80 3.58 9.6316.66 3 917 5.7416.1029.31 6
20250705토 61600 9국420 6 7511 2강 2251맑음건조 3 9 1엠케이리        카우보이부활의숨 6032.00한수 4 0 0 1 3  48915:35 33000국4박재우강만구   311 5 4 327 1 2 116  0유승완49255.069우입보90 88 881449.048.021.7 930 01428 3221813102214152722 05050↗→입14.236.839.513.7385736.139.8102.8102.7 33 50  825   14.20   13.50 5  2  0HH동55.34871717-1.2 3.8 2.6818114 0편성만만보통주행74기 1 3 4   4 4 5 5⑤1:42.8½    .714.240.014.0  2  8  .00 5 3 -1 1.24524584660 9 3 3 72 6 1.04 6.09     3.4  2.4    7.1   10.6   14.4  .02943 0 6 4 0―  .039.50  .1826.39103.2 5.0412.3821.70 51221 6.1516.2627.27 5
20250531토 61600 8국441 3 9512 2강 2241맑음건조 4 9 1엠케이리        카우보이부활의숨 6032.00한수 4 0 0 9 3  58815:15 33000국4박재우강만구   312 4 3 227 1 2 115  0코지  48455.093평입하48 51 511422.049.025.32947 61428 3221820 02214233119 04060↘→입14.236.639.613.7475236.938.1102.6102.0 36 45  918   14.80   14.50 5 -8 -1UH동55.34871717-1.0 3.4 2.4787814 0일반주행보통주행47기 0 1 6   6 6 6 4④1:42.61¾   .514.238.413.5  0  5  .00 4 4  1  .72078131764 3 5 6 62 1 1.07 2.05     4.4  2.0   14.1   22.1   20.0  .01653 0 5 4 0― -.139.60  .1525.75103.2 5.0213.5425.33 41221 4.5510.0018.13 7
20250427일 7160010국452 910513 2강 2241맑음양호 7 9 1엠케이리        카우보이부활의숨 6032.00한수 4 0 0 9 4  68215:15 33000국4박재우강만구   313 3 2 127 2 2 114  0유승완47955.580평입상93 95 951477.065.034.81123 6215010221813102214152722 04060↘↗입14.236.839.613.7385235.740.9104.7103.9 36 45  918   14.80   14.40 6  6  1LVDN55.34871717-1.4 4.2 2.8717114-1교체성공작전마주 1기 0 910  10 9 9 9⑥1:44.75    2.214.841.414.5  3  2  .01 6 3 -1 2.27710816924 6 3 2 43 5 6.02 6.08     7.5 12.0   15.7   40.2   16.8  .03047 0 7 8 0▲ 1.039.60 -.1827.46103.310.3922.3034.8410223512.6827.7232.45 4
20250316일 7170011국410 7 6514 1강 1151맑음양호 7 9 1엠케이리        카우보이부활의숨 6032.00한수 4 0 0 2 5  80815:15 33000국4박재우강만구   314 2 1 627 1 1 113  0유승완47754.583평추상78 78 788386.067.045.8285314254019221813102214152722 02575→↘입14.039.840.813.7487339.241.1111.2111.8 30 40  020   15.20   14.50 4 -4 -3UU동55.54901717 -.8 4.0 3.2656514 0승부최상탄력호조 1기 1 3 6 6 5 4 4 1①1:51.21½  -.314.841.714.4 -3-12  .00 1 4  1  .0 617553294 8 6 3 22 4 4.03 3.04     5.9 10.4   29.4   67.9   15.6  .03480 1 8 9 1▲ 1.341.00 -.2831.21113.516.9931.8545.7637597120.9739.1358.49 3
20250216일 5170011국531 6 8515혼전 4451흐림건조 4 9 1엠케이리        카우보이부활의숨 6032.00한수 4 0 0 2 5  89513:35 24750국5박재우강만구   315 1 8 527 1 1 012  0장추열48957.093평입보79 79 797781.074.056.32638 3254019221833172214202722 02575↘↗입14.039.740.813.6517640.040.6112.7112.9 22 33  022   15.50   13.50 5 -3  1NL동55.54901717-1.0 3.8 2.8707014 0편성만만승부최상 1관 1 71010 9 9 7 2②1:52.77     .015.241.514.5 -1 -6  .00 2 3  0 1.22954404084 7 5 3 13 2 2.03 4.07     6.2  4.1   11.8   20.7   27.410.65098 4 9 9 4☆ 2.041.30 -.4632.41113.427.3744.5656.3237597119.4736.2831.58 1
20260823일 9180010국3 1 5  4 0 2강 2253           9 2제너럴윈드      연승대로제너럴로 60     한수 3 1 1   1    017:25 41250혼3김동철하늬바람 2 0 8 2 3 7 1 4 1 8  1푸르칸   56.580우선적50 70 708687.063.064.62256142655131724 036161414242199 0 0↗↗추13.538.339.912.67627                   83 83 5050   13.60   15.50 4 -6  4UL동54.65302010  .8 2.4 3.2797914 0승부최상승부최상45기 0 2                            13.6    15.5        .0                       3 2 1 1  4                                              .04493 3 9 9 3★ 1.339.90 -.23     117.829.6851.3864.6237597139.3969.9384.16 1
20260725토 9180011국234 5 84 1혼전 4451맑음다습10 9 2제너럴윈드      연승대로제너럴로 60     한수 3 1 1 9 1   63      495002등김동철하늬바람 2 1 7 1 2 7 1 4 1 7  1장추열52352.593우선적87 91 916677.057.029.2295012265513172426 0161420272299 0 0↘↗입13.539.540.912.6843038.343.3119.0121.0 83 83 5050   13.30   13.50 4  2  0NUUP54.65302010  .6 2.6 3.2797914 2마방승부승부최상78기 0 8 2 2 2 2 410⑩1:59.04    3.513.643.415.5  8 -5  .0210 2  1 3.586 2937111 311 4 50 1 9.07 9.07 2.0 3.8 32.2  270.4  636.5  229.210.54495 1 7 8 1△  .541.70 -.0640.64118.7 8.9819.3629.24 5122214.5228.2437.79 3
20260627토 7160010국324 5 24 2 1강 1151맑음건조 4 9 2제너럴윈드      연승대로제너럴로 6041.00한수 3 1 1 9 1   74      41250국3이신우하늬바람 2 2 6 1 1 7 3 3 1 6  1푸르칸52852.579우도적45 46 461476.058.048.42256142063 819242936211214242199 0 0↗↗추13.536.038.612.6854836.338.4 99.2100.4 80 80 6060   13.40   14.60 3 -4 -5NUDN55.35312010  .6 2.6 3.2797914-4연대우수마방승부64기 0 6 1   1 1 1 1①1:39.28   -1.313.338.013.5  0 -6  .00 1 1 -7  .0 14115 998 2 1 9 21 3 1.05 6.09 1.9 2.2  1.9   14.4   17.3    9.012.03370 2 8 8 2▲  .738.60  .3425.82102.217.2434.7148.4112264117.4834.0048.36 3
20260607일 8200014국423 3 74 3혼전 4451맑음양호 6 9 2제너럴윈드      연승대로제너럴로 60     한수 3 1 1 1 1   23     385000국4이신우하늬바람 2 3 5 2 1 7 2 3 1 5  1푸르칸53457.080강선보96 98 987575.057.024.42256142063 819242936211214242199 0 0↗↗추13.538.939.112.6766938.241.7132.8132.9100100 5075   13.60   13.60 6  6  3NLUP55.35312010  .0 1.3 1.3949414 2연대우수연대우수 5   010 3 3 2 3 4 8⑪2:12.8목   2.213.441.514.6  3  6  .0011 8  7 2.380 8785720 4 3 2 60 2 1.03 6.03 2.5 6.9  2.5   10.9   15.5   57.210.53749 0 7 7 0―  .340.90 1.1154.92129.9 7.5316.8024.44 41221 9.0320.4827.22 4
20260425토10180010국422 7 24 4혼전 4451맑음건조 3 9 2제너럴윈드      연승대로제너럴로 60     한수 3 1 1 9 1  112      33000국4이신우하늬바람 2 4 4 1 1 7 1 2 1 4  1푸르칸52854.580강선보99 99 998981.060.046.62256142063 819242936211214242199 0 0↗↗추13.539.840.012.6629138.540.8117.5117.6100100 33**   13.60   12.9010 -6 -1UUUP55.85321810  .0 1.3 1.3939314 4전개최상연대우수53기 1 4 1 1 1 1 1 1①1:57.53    -.513.640.013.6  0  1  .00 1 1  0  .010 4561296 4 2 1 21 1 1.07 4.09 1.7 2.1  1.7   12.1   17.1  227.510.53781 0 8 8 0▲  .741.00 -.2937.76118.516.7933.3346.6017375322.4541.0052.53 2
20260215일 4140011국541 7 94 5혼전 4451맑음건조 3 9 2제너럴윈드      연승대로제너럴로 6041.00한수 3 1 1 2 1  185      24750국5김동철하늬바람 2 5 3 2 1 7 3 1 1 2  1김용근54055.585강도보99 99 999584.070.050.327541426551317242545161431261499 0 0↘↘선13.536.538.912.7819437.337.2 87.5 86.7100100 50**   13.40   13.20 8  4  1NNUP56.05241410  .0 1.5 1.5929210 2전개최상전개최상80기 110 1     1 1 1①1:27.54    -.613.637.412.9  0  2  .00 1 1  0  .0 161 1 296 2 3 1 11 3 1.0210.11 2.9 5.4  2.9    5.4   10.5   41.810.54191 3 9 9 3★ 1.638.90 -.0411.3188.1822.2838.4450.3334536621.8539.6451.94 1
20251221일 5120010국524 5 74 6 3강 3351맑음다습14 9 2제너럴윈드      연승대로제너럴로        한수 2 1 1 2 1  155      24750국5김동철하늬바람 2 6 2 1 1 7 2 1 0 1  1김용근53854.586강도보99 99 999988.068.051.027541426551317242545161431261499 0 0↘↘선13.336.438.312.7989837.137.8 73.5 74.8100100100**   13.30   13.00 8 -6 -2NUUP56.05241210-1.0 2.0 1.0989810 2교체성공전개최상 5기 0 6 2     2 2 2②1:13.5½    .013.437.313.2  1 14  .00 2 1 -1  .01243151282 1 1 1 21 2 6.01 8.06 1.6 2.6 25.0    8.0   48.7   15.411.25298 4 9 9 4☆ 1.738.80  .09  .1375.3321.5138.4751.0015314721.1439.6653.51 1
20251025토 1100012국620 4 24 7 1강 1155흐림건조 5 9 2제너럴윈드      연승대로제너럴로        한수 2     9 1  198      24750국6김동철하늬바람 2 7 1 1 1 7 1 0 0 0  0김용근52456.086평무보88 25 2566  .052.034.0275414265513172425451614312614      ↘↘선14.036.838.213.4991936.137.0 60.8 61.1              14.00   13.70 4  0  0NL동       10 0         1.0     0 0일반주행보통주행46기 012 1     1 1 1①1:00.84    -.713.336.913.0 -1-10  .00 1 2  0  .0 4 315 293 7 8 7 41 1 2.0512.02 1.5 2.3  4.0   35.3   63.4   12.7  .01639-1 5 6-1▽  .237.80  .02-13.962.7611.5224.4433.97 91835 8.3316.6725.0012
20260823일 9180010국3 1 5  7 0 2강 2253           9 3물레방아        투아너앤매직아이 7836.00한거 5 0 0   1    017:25 41250혼3박병일김경국  99 016 5 716 1 3 216  0정정희   52.580평입보50 58 585140.048.031.12246111333 622 024 02413202415 02575→→입14.036.840.413.43741                   50 58 1750   13.70   14.30 4  0  0HHUP55.15042018  .2 3.8 4.0616112 4일반주행신뢰마주40기 0 3                            13.7    14.3        .0                       1 5 4 3  1                                              .02652 0 5 4 0― -.140.40  .83     117.4 8.8419.9031.07142843 9.0919.5833.94 4
20260725토10140010국353 7107 1 1강 1151맑음다습10 9 3물레방아        투아너앤매직아이 6032.00한거 5 0 0 9 1   62      41250국3박병일김경국  99 115 4 316 1 3 215  0장추열50152.593우입하27 38 386126.047.021.32950121333 622 0 0 02413202722 02575↘↗입14.137.438.713.3247336.840.6 88.5 89.5 55 64 1855   14.00   15.0016 -6 -1HH동55.15042018  .6 2.4 3.0737312 0마주신뢰보통주행87기 0 3 4     5 5 7⑥1:28.52½  1.613.740.014.3 -2 13  .00 6 8  2 2.7663680743710 3 9 82 6 3.01 6.02 2.6 6.3  6.7    6.8   16.7   18.3  .03468 0 5 4 0― -.238.60  .3013.4488.66 4.7611.2621.33 2 714 5.3810.7317.65 8
20260404토11140011국353 6107 2혼전 4451맑음양호 6 9 3물레방아        투아너앤매직아이 6032.00한거 5 0 0 1 2  314      41250국3박병일김경국  99 214 3 216 1 3 214  0해리카48853.571강입하80 83 837571.057.033.11557 61833 522 017 02413172612 02575→↗입14.037.438.513.4218337.441.4 90.1 90.5 60 70 2060   14.40   15.20 3  8  1LNDN55.15042018  .2 1.6 1.8878714-4탐색주행마주신뢰70기 0 9 8     7 6 7⑧1:30.12    2.514.041.415.0  2 -7  .00 8 6  1 3.0866691931910 1 3 50 1 1.0210.02 2.8 6.3  2.8    6.5   12.7    7.812.73678 2 8 6 2▲  .738.90  .1114.6388.5210.4521.5733.07 6152613.5925.9337.05 5
20260315일 9180011국352 9107 3혼전 4451맑음양호 6 9 3물레방아        투아너앤매직아이 7836.00한거 5 0 0 2 1   44      41250국3박병일김경국  99 313 2 616 2 3 213  0김정준49552.572강입하52 54 548249.055.028.31537101333 622 022 02413142026 02575↗↗추14.140.739.513.3118939.142.7119.4118.9 60 70 1060   14.10   14.80 4 -9  0UH동55.15042018 -.2 1.8 1.6898914 0마주신뢰잠재혈통35기 0 1 4 4 4 3 3 9⑪1:59.42½  1.114.443.215.2  6 -7  .0911 5  1 2.1431290765110 1 7 40 211.07 9.02 3.5 7.4 41.7  251.3  510.6  268.712.73475 2 6 8 2▲  .540.20  .0238.69118.6 8.9718.7328.29 2 714 6.7215.8125.14 6
20260214토 9180011국321 5 77 4혼전 4453맑음건조 3 9 3물레방아        투아너앤매직아이 7836.00한거 5     2 1   65      41250국3박병일김경국  99 412 1 516 1 3 2 0  0김정준50252.572강입하72 79 798063.050.031.21537101333 622 022 02413142026 02575↗↗추14.140.739.513.3108939.441.7119.7119.6 60 70 1060   14.30   13.3075  3  1BN동55.15042018 -.2 1.8 1.6898914 0강단마필마주신뢰53기 110 2 3 3 3 3 8⑨1:59.74    2.214.141.814.8  5-22  .03 9 4  3 2.4641880622311 1 2 30 1 3.07 7.02 2.1 4.9  9.7   52.4  132.9   75.0  .03673 1 7 6 1△  .040.30 -.0439.37118.611.3121.3231.1512264120.5930.7746.42 3
20240901일101800 9국432 5 87 5 1강 1151맑음건조 4 9 3물레방아        투아너앤매직아이 7836.00한수 3 0 0 1 8 1515      41250국4안해양김경국  99 511 5 416 2 3 111  0문세영52452.093강입하80 86 869690.070.082.64553251950 7174247 02114293615 02575→→입14.040.739.513.2 99139.440.5117.8118.2 56 67 1167   14.70   13.60 6 -3  0NU동55.15042012 -.2 1.8 1.6898914 0승부최상전개최상 5기 1 7 4 3 3 3 3 2②1:57.81¼   .014.339.513.9  1  2  .00 2 1  0  .22518542882 7 2 2 12 2 6.01 3.07 2.7 3.6 13.1   15.7   42.1   63.3  .06298 4 9 9 4☆ 2.040.10-1.2237.97118.640.4766.7082.5737597131.7856.7371.24 1
20240721일 9180011국440 3 97 6혼전 4451맑음포화16 9 3물레방아        투아너앤매직아이 7836.00한수 3 0 0 2 8 1478      41250혼3안해양김경국  99 610 4 316 1 3 110  0문세영52252.093강입하36 36 368761.065.044.94553251950 7174247 02114293615 02575→→입14.040.739.613.2 88940.539.4116.7118.2 56 67 1167   14.30   15.60 5  0 -5LUDN55.15042012  .2 1.8 2.0818114-2마방기습승부최상 1   010 6 6 6 7 4 3④1:56.7½    .414.739.113.6  3  3  .09 4 1 -4  .82362212767 9 2 8 20 1 3.04 2.08 2.8 6.0  4.6   14.6   24.7   57.1  .04495 3 8 9 3▲ 1.340.20 -.3937.93118.716.6731.8644.88173753 9.0921.4032.11 4
20240616일 8200014국442 9 47 7혼전 4451맑음건조 5 9 3물레방아        투아너앤매직아이 7836.00한수 3 0 0 2 8 1577     385000국O안해양김경국  99 7 9 3 116 1 3 1 9  0조인권51957.080우입보89 93 936161.054.024.82860 81950 7174218 02114242513 02575→↘선14.039.940.413.2 77639.442.7135.7136.0 56 67 1167   14.70   13.30 4  3  3BBUP55.15042012  .6 2.0 2.6767614 2마주신뢰마방기습 1   01010 9 9101111⑪2:15.72    3.614.343.815.6  6  6  .0111 5  3 5.1965589881213 8 4 60 1 2.0312.01 2.1 3.8  4.5   15.9   26.2  188.310.53455 0 6 7 0―  .340.10 -.2355.74131.8 7.6017.0924.82 61526 5.3313.2212.57 6
20240519일 91800 9국441 6 47 8 3강 3351맑음양호 7 9 3물레방아        투아너앤매직아이 7836.00한수 3 0 0 2 9 165917:30 33000국4안해양김경국  99 8 8 2 216 1 2 1 8  0다실바51354.585우입보86 75 757479.061.046.83050101660 01742 0 02114213114 0 099↗↘입13.840.440.013.3296940.538.4118.4117.2 50 63 1363   15.80   13.2012 -1  1NN동55.35011812  .6 3.0 3.6656514 0마방기습마주신뢰 1기 0 7 4 4 5 3 2 1①1:58.43    -.514.738.713.3 -1  3  .00 1 2  0  .0 562 4 795 6 4 3 32 1 2.01 7.05     3.9  3.0    3.9    8.3   47.812.13684 0 8 7 0▲  .740.30 -.4636.84118.715.9732.8546.8315314723.3846.2564.80 3
20240224토10180012국451 9107 9혼전 4451맑음다습14 9 3물레방아        투아너앤매직아이 7836.00한수 3 0 0 910 193117:30 33000국4안해양김경국  99 9 7 1 116 2 2 1 7  0장추열51053.591우입보53 67 675967.057.033.42848 9 923 6174232 02114202722 0 099↗↘입13.840.240.413.3404842.039.0120.0118.0 43 57 1457   15.30   12.80 6  3 -3LUUP55.35011812 1.2 3.2 4.4595914 1승부최상마방기습 1관 1 81212121211 4③2:00.01½   .315.839.813.2  1  6  .00 3 2  1  .41796115876 4 8 5 33 5 4.05 3.10     6.7  5.2   21.4   38.6   21.8  .03474 0 7 6 0―  .540.60 -.2137.42118.811.9923.5633.4112264112.6423.0827.79 2
20240114일 51700 9국510 9 1710 1강 1159비  포화15 9 3물레방아        투아너앤매직아이 6032.00한수 3 0 0 211 203314:50 24750국5안해양김경국  9910 6 2 116 1 1 1 6  0장추열50456.593평입보90 85 857497.073.093.72248 61767 6174232 02114202722 0 099↘↗입13.839.841.013.4455241.937.9116.1113.7 33 67 1750   14.60   12.60 5  4  2NLUP54.84991712 1.8 3.5 5.3505014 3신뢰마주승부최상 1관 0 5 7 7 7 7 6 1①1:56.13    -.615.338.612.8  0  3  .00 1 1 -1  .05599 11798 2 4 1 13 4 1.03 5.01     3.2  1.4    3.4    4.1   11.9  .05097 4 9 9 4☆ 2.241.30-1.4932.90113.648.6276.6593.7437587169.1495.0099.00 1
20231210일 5140010국520 8 2711 1강 1153맑음건조 5 9 3물레방아        투아너앤매직아이 6032.00한수 2 0 0 211 214613:35 22000국5안해양김경국  9911 5 1 116 1 1 0 5  0조재로50154.577평입상82 81 818094.065.052.01647 51767 6174218 02114192522 0 099→→입13.836.839.413.6633737.936.5 87.6 87.0 20 60 2040   14.40   12.50 6 -5 -1UUUP55.04971412 2.0 4.0 6.0484812 2신뢰마주신뢰마주 1기 2 1 9     7 6 3②1:27.64     .014.636.812.6  0  4  .00 2 2  0  .7 285 1 189 3 7 1 23 1 1.02 3.01      .7  1.7    2.3    3.3   29.5  .03784 3 8 8 3▲ 1.438.70 -.5910.7588.7319.6736.7751.9820395545.7475.8666.86 1
20231029일 1120011국641 4 9712혼전 4459맑음양호 6 9 3물레방아        투아너앤매직아이 5726.00한수 2 0 0 912 228010:35 22000국6안해양김경국  9912 4 5 316 2 0 0 4  0장추열49755.093평입보72 72 727881.072.048.2345215255015174232 02114202722      →↘입13.836.939.313.9723037.836.8 74.5 74.6  0 50 2525   14.00   13.30 5  3  1NN동       1210 1.5 4.5 6.0484812 0승부최상신뢰마주 1관 1 6 9     9 8 3①1:14.51¼  -.214.436.712.5 -1 -6  .00 1 2  0  .0 675 2 790 4 5 1 43 3 2.01 6.04     6.5  3.7    6.5   13.6    6.510.63778 3 9 8 3▲ 1.738.20 -.66-1.6576.1717.3833.4648.1712264119.8238.3221.43 1
20230923토 3120012국641 8 9713 2강 2252맑음다습14 9 3물레방아        투아너앤매직아이 5726.00한수 2 0 0 912 238612:30 13750국6안해양김경국  9913 3 4 216 1 0 0 3  0장추열50354.593평입보74 71 718195.073.081.1345215255015174232 02114202722      →↘입13.837.039.614.1642437.637.8 75.8 75.1  0 33 33 0   13.80   14.10 4 -7 -1HH동       1210 3.0 3.0 6.0565612 0마방연대승부최상 1기 1 3 6     6 4 2③1:15.85     .814.038.013.3  1 -3  .00 3 2 -1  .91669162757 2 8 2 12 2 1.0311.08     4.5  2.7    8.6   14.7    5.9  .04995 4 9 9 4☆ 2.038.30-1.83-1.4976.3938.8464.7981.0837597142.0669.0449.44 1
20230827일 1120010국651 610714 2강 2255맑음다습12 9 3물레방아        투아너앤매직아이 5726.00한수 2 0 0 913 246010:35 33000국6안해양김경국  9914 2 3 116 1 0 0 2  0장추열50655.092하입보33 35 3580  .073.064.22848181450 6174232 02114202722      ↘→입13.836.639.914.296 937.138.7 75.9 75.4  0  0 50 0   13.50   14.50 7 -1  0NHUP       1210         6.0    10 2일반주행마방연대 1기 110 3     3 3 3⑥1:15.9코   1.113.839.014.1  3 10  .00 6 3 -3 1.32340484045 5 8 6 12 1 1.02 7.05     8.4  3.9   11.6   18.7   14.1  .04089 3 8 9 3▲ 1.838.70-1.28-1.1376.3431.2851.4164.1837597110.0020.0029.9010
20230708토 1100011국650 510715혼전 4455흐림양호 7 9 3물레방아        투아너앤매직아이 5726.00한수 2 0 0 213 260010:35 33000국6안해양김경국  9915 1 2 216 1 0 0 1  0문성혁49655.080평입보55 35 3554  .049.025.72150101450 61742 0 02114131923      ↘↗추14.037.237.913.8694436.139.4 63.3 63.5  0  0  0 0   14.10   13.90 5  7  0NH동       1010         6.0    10 0마방기습보통주행 1관 111 3     3 3 3⑥1:03.31¼  1.313.539.314.5  0  8  .00 6 6  3 1.366 3885041101110 52 1 3.04 2.04     5.5  5.7   14.0   26.1    5.4  .03152 0 5 4 0―  .137.90  .21-11.762.82 6.4515.7025.71 71829 9.0918.1827.2711
20260823일 9180010외3 1 5  4 0 2강 2253           9 4울트라드래곤    KLIMT   RUNNING  6947.00미수 5 0 0   1    017:25 41250혼3강환민(주)메타 1 016141722 1 2 322  0안드레   55.590기입적50 63 635370.062.059.32556 61854112315 0 019203822 5502525↗→선14.239.740.313.76927                   33 43 2914   14.10   13.20 5  1 -1HN동54.54821818-1.8 6.4 4.6707017 0착차만회작전마주41관 0 4                            14.1    13.2        .0                       4 4 2 2  1                                              .03784 3 7 7 3△ 1.140.30 -.62     118.525.8245.5959.3021415718.1839.1658.37 2
20260718토 9180011외344 3 94 1 3강 3351흐림포화18 9 4울트라드래곤    KLIMT   RUNNING  6947.00미수 5 0 0 2 1   83      41250혼3강환민(주)메타 1 115131622 2 2 221  0김용근49456.585기선상72 67 673436.053.026.4275414185411231533481920312614502525↘↘선14.240.040.413.7632739.741.0115.3117.8 30 40 3015   13.90   13.10 4 -8  2HB동54.54821818 -.2 5.8 5.6636317 0연대우수기복전력 5   0 3 7 7 7 5 3 2②1:55.36     .014.139.813.2 -6 -6  .00 2 8  0 1.11327634483 6 4 6 52 6 1.08 6.03 2.2 6.6  2.2   18.5   32.2  164.712.13339 0 5 5 0―  .240.80  .0137.40118.7 7.7317.5426.39 81728 4.8513.2121.17 7
20260620토 9180011외322 4 74 2혼전 4451비  불량20 9 4울트라드래곤    KLIMT   RUNNING  6947.00미수 5 0 0 2 1   72      41250혼3강환민(주)메타 1 214121522 1 2 220  0김용근50055.085기선적47 51 513644.055.026.3275414185411231533481920312614571429↘↘선14.240.140.313.8522439.339.9114.5117.0 32 37 2616   14.50   13.3011  9 -2VN동54.44791818 -.6 5.2 4.6656517 0교체실패연대우수 5관 011 3 3 3 4 5 5⑦1:54.5머리  .213.938.913.1 -1  5  .00 7 8  6  .4 31530 874 9 3 5 62 5 1.1110.08 1.7 3.7  1.7   48.3   59.0   91.4  .03758 0 6 5 0―  .340.60  .0136.60118.7 7.6317.5826.30 51222 8.1416.5825.66 7
20260404토 61800 9외343 5 94 3 1강 1159흐림양호 7 9 4울트라드래곤    KLIMT   RUNNING  6947.00미수 5 0 0 1 2  219      41250혼3강환민(주)메타 1 313111422 1 2 219  0임기원49556.579기선적47 63 636284.066.075.12850211550 82315 8 01920233216571429↗↘입14.140.140.213.8553040.240.1119.6118.9 33 33 2222   14.30   13.50 4 -1  2HB동54.44791818 -.6 5.2 4.6686817 0뒷심문제작전마주45트 0 2 5 5 5 5 4 4④1:59.61     .714.539.413.3  2  4  .00 4 2 -6  .84149383462 4 2 2 12 1 4.03 6.01 2.9 4.2  4.5    8.6   21.9   71.3  .04182 3 8 8 3▲ 1.640.80-1.0738.61118.736.2760.2875.1337587139.3963.3179.82 1
20260308일 9180011외353 4104 4혼전 4451맑음다습12 9 4울트라드래곤    KLIMT   RUNNING  6947.00미수 5 0 0 2 1   65      41250혼3강환민(주)메타 1 412101322 1 2 218  0푸르칸49154.580기선하34 38 382715.038.011.122561418541123151733192014242167 033↗↗추14.140.140.313.7583340.339.5116.8118.2 35 41 2924   14.10   14.60 6 -5 -1HN동54.44781818  .2 4.0 4.2686817 0일반주행기복전력72기 0 3 3 4 4 5 5 5③1:56.8코    .014.339.813.5 -5 -7  .00 3 8  2  .42455222380 8 4 8 82 1 5.06 7.02 4.410.6  7.9   30.9   63.7  207.1  .01627 0 3 4 0― -.940.80  .3437.81118.7 2.39 5.6911.12 1 4 8 2.80 6.2212.0010
20260124토 41800 9외312 4 64 5 3강 3351맑음건조 3 9 4울트라드래곤    KLIMT   RUNNING  6947.00미수 5 0 0 2 1  112      41250혼3강환민(주)메타 1 511 91222 7 2 217  0해리카49855.066기선적21 38 382212.038.017.914441118541123151613192017261267 033↗→입14.139.940.313.7603039.441.7118.3119.1 31 44 2525   14.20   14.10 4 -3  0NL동54.44781818  .4 3.8 4.2616117 0일반주행기복전력 5트 0 8 1 1 1 1 1 5⑦1:58.3½   1.214.141.614.6  1  9  .00 7 6  1 2.15118806244 4 4 6 61 7 1.05 5.06 1.6 4.5  1.6    7.7   10.8   11.4  .01611 0 3 3 0― -.741.10  .2538.85118.6 3.65 8.5817.89 3 917 3.06 7.8715.67 7
20251228일10180011외313 9 64 6혼전 4451맑음다습12 9 4울트라드래곤    KLIMT   RUNNING  6947.00미수 4 0 0 9 1   6517:30 41250혼3강환민(주)메타 1 610 81122 6 2 216  0해리카48955.066기선적42 69 694247.054.026.114441118541123151613192017261267 033↗→입14.139.740.413.8752440.241.3119.7119.8 33 40 2020   14.50   13.80 4  7  0VL동54.44781818 -.8 4.6 3.8616114 0착차만회기복전력76트 111 4 5 6 8 8 9⑦1:59.71½  1.014.241.914.1  2 -1  .00 7 5  0 1.36848727055 4 4 3 60 6 2.08 7.08     4.4  5.4   88.3  157.9  241.6  .02229 0 6 4 0―  .241.30  .1039.71118.6 7.6617.1526.06 8172810.3819.5329.27 4
20251130일11180011외353 9104 7혼전 4451흐림다습10 9 4울트라드래곤    KLIMT   RUNNING  6947.00미수 4 0 0 9 1   6718:00 41250혼3강환민(주)메타 1 7 9 71022 5 2 115  0해리카49055.066기선적 5 31 313323.041.011.414441118541123151613192017261280 020↗→입14.139.540.513.9831540.240.6117.9118.4 29 29 2921   14.20   13.30 6 -2  0HL동54.34751818  .0 5.0 5.0494917 0일반주행작전마주44트 0 4 7 6 8 8 7 5②1:57.91¼   .014.541.013.8 -3  4  .00 2 5  3  .22652565593 3 6 9103 511.05 8.04     6.8 74.2  439.9 1082.2  388.1  .02116-1 4 2-1▽ -.841.40  .4638.37118.5 2.12 5.5511.42 1 4 8 2.96 8.9616.50 9
20251019일11180011외352 5104 8혼전 4459맑음포화16 9 4울트라드래곤    KLIMT   RUNNING  6947.00미수 4 0 0 2 1  199      41250혼3강환민(주)메타 1 8 8 6 922 4 2 114  0해리카48655.066기선상38 33 33 732.046.022.314441118541123151613192017261280 020↗→입14.139.640.514.0811239.540.2118.3120.6 31 31 3123   14.10   12.90 6  5  3NL동54.34751818  .0 6.4 6.4353517 0최근최상작전마주62기 0 6 4 4 5 7 7 7④1:58.3½    .214.239.313.3  2  2  .00 4 2  0  .48123452274 4 5 6 83 4 1.0410.05 4.2 9.2  4.2   14.0   26.4   18.0  .02127 0 5 5 0―  .041.50  .1940.46118.6 6.9714.1722.25 2 612 7.1419.7428.02 4
20250907일101800 9외312 3 64 9 1강 1159맑음다습14 9 4울트라드래곤    KLIMT   RUNNING  6947.00미수 4 0 0 1 2  306      41250혼3강환민김병진  -2 9 7 5 822 3 1 113  0해리카48452.071기선적 5  1  13318.038.021.71557 61550 823241620192017261299 0 0→↗입14.139.540.514.387 640.038.7115.7117.7 25 25 3317   13.60   15.80 6 -9  0UUUP54.94731818 -.2 7.0 6.8353517 2거리적응기복전력26트 0 1 2 3 4 5 5 3①1:55.7½    .014.138.312.9 -1 -5  .00 1 2 -3  .01043 6 483 1 3 9 63 3 2.01 1.09 1.8 4.9  6.0    5.8   15.1   37.0  .02030 0 4 4 0― -.641.30  .2237.65118.5 4.6712.8221.70 71829 3.3913.0124.49 5
20250727일12160010외333 2 3410 1강 1151맑음건조 3 9 4울트라드래곤    KLIMT   RUNNING  1431.00미수 4 0 0 9 3  41416:50 41250혼3강환민김병진  -210 6 4 122 2 1 112  0해리카48952.074평선상31 35 351459.053.035.41940 91554 023241620192017261299 0 0→→입14.136.039.414.386 935.544.0104.6106.2 27 27 2718   14.10   14.50 7  1 -1VUDN54.94731818 -.6 6.8 6.2484817-2걸음늘어급신장세76트 110 3   3 2 1 7⑦1:44.69    3.313.643.415.8  2  4  .00 7 5 -4 4.297 59897 8 2 1 7 31 2 6.01 4.05     3.1 18.2   12.1   33.2  140.312.03150 2 6 6 2―  .739.40  .2830.83102.710.5523.4535.37 71829 5.5617.2728.16 6
20250608일 91800 9외344 6 9411혼전 4451맑음건조 3 9 4울트라드래곤    KLIMT   RUNNING  6947.00미수 4 0 0 2 3  55518:00 41250혼3강환민김병진  -211 5 3 722 1 1 111  0해리카48553.073기선보62 22 222815.036.013.01940 91554 023241620192017261299 0 0→→입14.139.740.514.1781538.842.8119.4119.9 30 30 2020   14.20   14.30 9 -1  1VN동54.94731818  .2 5.2 5.4565617 0일반주행기복전력34관 0 9 2 2 2 3 2 2⑤1:59.43     .914.141.814.5 -4  7  .00 5 9  2 2.467 6917254 2 6 7 82 1 1.05 6.04     4.9  2.8   18.8   29.8   90.8  .01637 0 3 3 0―-1.041.30  .3639.65118.6 2.11 6.9012.99 41118 3.49 7.6915.16 8
20250405토10180010외351 210412 1강 1152비  포화19 9 4울트라드래곤    KLIMT   RUNNING  6947.00미수 4 0 0 1 4  75220:00 41250혼3강환민김병진  -212 4 2 622 3 1 110  0김용근47852.086기선적19 13 131011.040.019.72957 720561223243333192031261499 0 0↗↘선14.139.940.513.6703339.641.8115.5118.0 33 22 2222   13.90   14.8010  2  0VU동54.94731818  .0 4.2 4.2696917 0일반주행휴양탐색 1기 010 5 4 3 3 5 7⑧1:55.53    2.014.241.014.3  1  2  .00 8 7 -2 2.11726806723 3 8 9 92 4 1.06 2.08     6.1  3.3   32.5   59.4  193.7  .01629-1 4 2-1▽ -.540.90  .1437.60118.7 5.3112.1619.65 1 4 8 2.30 6.5612.50 9
20250126일10180011외353 110413혼전 4451맑음건조 3 9 4울트라드래곤    KLIMT   RUNNING  6947.00미수 4 0 0 9 5  93417:30 41250혼3강환민김병진  -213 3 1 522 2 1 1 9  0김용근47652.087평선상72 73 734341.052.023.71630 81845 823243333192031261499 0 0→↗선14.139.940.213.6644839.642.4119.7121.1 38 25 2525   14.10   14.20 6 -2 -6NUUP54.94731818-1.6 4.4 2.8808018 1선행실패최적거리 1관 0 8 2 2 2 2 3 6⑪1:59.73    3.213.942.114.8  2 -5  .0011 9  4 3.488278781 8 5 8 8 61 3 3.08 5.04    10.5  5.4   38.5   51.2  141.0  .02746 0 6 5 0―  .141.30  .1441.03118.6 5.9014.5023.73 51222 6.3614.7224.44 7
20241214토10170010외453 710414 1강 1157맑음양호 8 9 4울트라드래곤    KLIMT   RUNNING  1431.00미수 3 0 0 2 6 107817:30 33000혼4강환민김병진  -214 2 9 122 1 1 1 8  0김용근48158.088평선하42 38 384550.068.065.72846222150 923243333192031261499 0 0→→선14.139.540.613.6676139.241.0113.0113.0 29 29 1429   14.20   14.5010  2  5VBDN53.84701818-1.4 5.2 3.8707018-1휴양탐색거리속성 1관 010 3 3 2 2 1 1③1:53.0머리  .014.141.814.2 -2 11  .00 3 5  2  .23217512889 3 2 4 11 2 3.01 2.08     8.0  6.1   14.3   29.7   23.4  .04081 3 8 9 3▲ 1.441.50 -.4832.90113.127.6249.5465.68355569 9.2120.3833.89 4
20241005토10180011외442 7 4415혼전 4459맑음건조 3 9 4울트라드래곤    KLIMT   RUNNING  6947.00미수 3 0 0 1 7 129517:30 33000혼4강환민김병진  -215 1 8 422 1 1 1 7  0김성현47053.057평선보61 60 602228.039.020.0 850 4215014232415 0192016231999 0 0↗↗입14.140.340.013.6405739.741.4120.2120.7 29 29 1429   13.90   14.6012 -3 -4NH동53.84701818-1.0 5.2 4.2646418 0연대우수휴양불리 1트 1 8 2 2 2 2 2 6⑧2:00.21    2.314.241.314.5  5 -7  .03 8 3 -1 2.68330736021 3 5 1 91 1 1.02 2.07     2.6  2.7    2.6    4.9   60.3  .03323-2 5 2-2▽ -.940.90  .1740.40118.7 6.6412.5720.01 2 610 8.5120.6331.08 6
20260823일 9180010국4 1 5  4 0 2강 2253           9 5케이엔라이트    테스타마인디언호 4642.00한거 8 0 0   1    017:25 41250혼3박지헌강승호  -2 016 22450 1 5 351  0조상범   54.556평자보50 52 5223 4.033.013.9 926 622451220 712 02115132216133844↗→입14.140.840.113.81048                   24 37 1629   14.50   14.10 6  2 -1NN동53.14981818 -.6 6.8 6.2555517 0최빈거리조교부실46관 0 5                            14.5    14.1        .0                       8 3 7 9  6                                              .0 916-2 2 2-2▽-1.140.10  .13     118.9 3.02 7.2813.86 1 4 9 1.52 4.20 9.50 9
20260711토 91800 8국340 6 44 1혼전 4451맑음다습14 9 5케이엔라이트    테스타마인디언호 4642.00한거 8 0 0 2 1  103      41250국3박지헌강승호  -2 115 12350 1 5 350  0정우주49955.559평자보78 48 483022.045.026.81250 722451220 7 0 02115163013133844↗→입14.140.840.013.8 75740.840.6118.7119.9 24 38 1630   15.30   13.00 3  2  3HV동53.14981818 -.2 6.4 6.2525217 0숨은복병보통주행62관 1 3 6 6 6 6 6 6⑤1:58.75    1.114.540.814.1 -1  4  .00 5 6 -1 1.96872526548 8 3 6 62 2 1.04 7.04 2.8 3.4  2.8    9.5   14.4    9.8  .02542 1 4 5 1― -.340.30 -.1339.14118.9 6.7315.3026.78 51222 7.5014.6324.19 7
20260620토 9180011국422 3 74 2혼전 4451비  불량20 9 5케이엔라이트    테스타마인디언호 4642.00한거 8 0 0 2 1   52      41250국4박지헌강승호  -2 214 82250 1 5 349  0우인철49553.072평자상54 57 576444.063.041.620481022451220 7 0 02115102723133844↘↘입14.140.840.113.8 94841.938.6115.1117.6 25 39 1428   15.10   13.20 5 -6  1UN동53.14981818-2.8 7.2 4.4616117 0뒷심문제마주성향 5관 0 1101111111011⑩1:55.1목    .815.337.913.0  3 -4  .0010 7  2 1.0 795 5395611 1 4 20 1 1.1110.08 1.7 3.7  1.7   48.3   59.0   91.4  .03789 3 6 6 3― 1.140.00 -.5036.70118.916.0129.4141.60173753 8.1416.5825.66 6
20260516토 9180010국444 9 94 3 1강 1154맑음건조 3 9 5케이엔라이트    테스타마인디언호 4642.00한거 8 0 0 2 1   92      41250국4박지헌강승호  -2 313 72150 1 5 348  0권중석49952.566평자상46 38 384219.046.024.41341 622451220 7 0 02115191818134040↘→선14.140.639.913.8116140.840.5118.1118.2 23 34 2031   15.80   13.40 2 -2 -5NH동53.14981818-3.4 8.2 4.8585817 0최빈거리조교부실29관 0 7 9 9 9 9 8 4④1:58.1½    .215.140.213.2 -1 -2  .00 4 5 -3  .52273506480 8 1 6 63 1 1.03 2.06 3.3 7.0  3.3    7.5   12.4   80.312.02849 2 4 4 2― -.240.30  .0237.70118.7 5.9013.3524.42 81728 7.3214.1224.05 7
20260502토 9180011국441 6 94 4혼전 4452흐림건조 3 9 5케이엔라이트    테스타마인디언호 4642.00한거 8 0 0 1 1   32      41250국4박지헌강승호  -2 412 62050 1 5 347  0유승완50157.069평자보24 18 1836 7.042.020.31960 822451220 714 02115152722134040→↘입14.140.640.113.8145242.439.4119.4118.6 24 38 2129   15.30   13.30 2  1  5LB동53.14981818-3.6 8.4 4.8575717 0최빈거리조교부실32관 0 911111111 9 5⑤1:59.4¾    .615.839.013.4 -3 -9  .00 5 8  0 1.33799217763 5 2 8 7311 6.07 6.11 2.8 5.3 16.6  146.1  325.8  193.1  .01838 0 2 4 0― -.640.30  .0537.91118.8 5.2213.0320.34 41118 3.23 6.7612.24 8
20260418토 9180011국452 1104 5 3강 3351맑음건조 4 9 5케이엔라이트    테스타마인디언호 4642.00한거 8 0 0 2 1   34      41250국4박지헌강승호  -2 511 51950 1 5 346  0조성환51052.053평자하72 42 4228 4.037.012.1 718 622451220 7 0 02115101620134040↘→추14.140.540.113.8174842.639.3118.6120.5 24 39 2124   16.10   13.30 2  2 -5NH동53.14981818-3.6 8.0 4.4636317 0최빈거리보통주행48기 0 8 910101010 8⑦1:58.61¼  1.615.338.913.3 -1  5  .00 7 8  4 3.2829918783210 2 7103 1 1.03 9.04 2.2 5.3  2.2    8.3   12.2   65.1  .01325 0 1 2 0―-1.040.60  .2639.85118.8 2.08 6.5712.13 2 610 1.08 3.14 7.1411
20260405일 91800 9국432 7 84 6 3강 3351맑음양호 6 9 5케이엔라이트    테스타마인디언호 4642.00한거 8 0 0 1 1   23      41250국4박지헌강승호  -2 610 41850 1 5 345  0정정희50556.580평자상84 87 872364.067.069.622461122451220 7 0 02115202415134040→→입14.140.540.113.8165242.039.4118.7118.2 25 38 2225   15.40   13.60 3 -3  6NB동53.14981818-5.2 9.2 4.0696917 0부중유리최근최상78기 0 6 9 9 9 8 7 6⑤1:58.72½  1.616.139.913.3  1  1  .00 5 4 -7 1.62396206536 8 2 1 10 2 3.01 5.04 3.0 4.2  4.5    6.5   14.0   24.712.24085 3 8 8 3▲ 1.440.30-1.0537.57118.830.0754.0069.6235556917.1132.5052.07 3
20260315일 9180011국352 9104 7혼전 4451맑음양호 6 9 5케이엔라이트    테스타마인디언호 4642.00한거 8 0 0 2 1   44      41250국3박지헌강승호  -2 7 9 31750 1 4 344  0정우주50451.059평자상52 52 523734.057.028.11250 722451220 7 0 02115163013144336↗→입14.140.640.013.8145240.839.8117.3116.8 23 29 2619   14.50   13.30 2  5 -2LUUP53.34971818-3.6 8.6 5.0585817 2최빈거리탄력호조26관 0 91010101010 4①1:57.35   -1.015.440.313.6-10 -3  .00 111  1  .0 373324699 9 5 9 83 111.07 9.02 3.5 7.4 41.7  251.3  510.6  268.712.73177 2 6 8 2▲  .640.10 -.1036.19118.8 9.3918.4628.11 51222 3.3611.0716.2210
20260228토 9160010국353 4104 8혼전 4451맑음건조 3 9 5케이엔라이트    테스타마인디언호 5635.00한거 8 0 0 9 1   44      41250국3박지헌강승호  -2 8 8 2 450 3 4 343  0조상범50752.557평자상85 69 691410.036.0 9.4 926 622451220 712 02115132216154631↗→입14.137.239.613.8123336.538.8101.9102.6 23 33 2723   15.30   13.80 2 -7  0HHDN53.34971818-3.8 8.6 4.8595917-2일반주행보통주행48기 0 410  1010 9 9⑥1:41.9½    .614.538.813.3 -4  6  .00 610  1  .7394926236210 7 7103 5 7.09 8.06 2.9 7.0 14.8  172.7  377.3  425.0  .01632-1 2 1-1▽-1.139.60  .2625.82103.5 1.73 4.43 9.38 1 4 8 3.57 6.6712.7110
20260214토 9180011국321 5 74 9혼전 4453맑음건조 3 9 5케이엔라이트    테스타마인디언호 4642.00한거 8 0 0 2 1   13      41250국3박지헌강승호  -2 9 7 11650 2 4 342  0조상범50152.556평자보45 41 412610.036.014.1 926 622451220 712 02115132216154631↗→입14.140.440.213.8254441.239.7118.3118.2 24 28 3117   15.20   13.70 5  4  0VH동53.34971818-2.6 8.4 5.8505017 0일반주행보통주행79기 11111111110 8 6⑤1:58.32½   .815.339.813.8 -4  8  .00 5 9  3 1.02582315558 8 5 4103 4 3.07 7.02 2.1 4.9  9.7   52.4  132.9   75.0  .01933 0 3 3 0―-1.040.40  .2237.57118.8 2.75 8.0814.14 1 4 8 5.8810.2616.9810
20260110토10180010국441 5 9410혼전 4451눈  양호 8 9 5케이엔라이트    테스타마인디언호 4642.00한거 8 0 0 2 1   96      41250국4박지헌강승호  -210 6131550 1 4 341  0조상범49352.556평자상58 42 42 117.048.025.8 926 622451220 712 02115132216175033↗→입14.140.240.413.8373741.539.4118.9118.8 25 32 2118   15.70   12.80 3  0  0NH동53.44971818-2.8 9.2 6.4454517 0일반주행최근최상 6기 0 7 9 9 9 9 7 6⑤1:58.9¾    .615.239.513.7 -1-12  .00 5 6 -4  .94289215463 6 5 6 60 3 2.03 1.08 2.5 5.3  3.5    8.1   19.2   14.912.72849 2 4 5 2―  .040.70 -.0538.16118.8 7.3015.8725.83 51222 4.9413.2620.28 6
20251221일 9180011국342 3 9411혼전 4451맑음다습13 9 5케이엔라이트    테스타마인디언호 4642.00한거 7 0 0 2 1   4617:00 41250국3박지헌강승호  -211 5121450 1 4 340  0정정희50552.580평자상35 23 233418.052.026.122461122451220 7 0 02115202415185527→→입14.140.140.813.9462442.538.1116.6117.9 30 30 1922   15.40   13.40 2 -3  1NN동53.54961818-1.6 8.8 7.2363617 0일반주행탄력호조23관 0 71111111010 4③1:56.63     .615.738.312.8 -7  2  .00 310  2  .71799 25163 8 9 8 63 1 1.08 5.06     4.2  2.2   44.3   56.5  234.712.73060 2 4 6 2―  .240.70 -.1437.00118.9 7.4917.2426.07 41118 1.90 7.4114.46 8
20251206토10180011국353 510412혼전 4451흐림양호 9 9 5케이엔라이트    테스타마인디언호 4642.00한거 7 0 0 1 1   57      41250국3박지헌강승호  -212 4111350 1 4 339  0조상범50352.056평입상21 24 242718.047.020.0 926 622451220 712 02115132216185527↗→입14.139.840.913.9621542.139.0118.2118.5 31 31 1919   14.90   13.60 3  0  0LHUP53.54961818-2.0 9.4 7.4333317 2일반주행탄력호조78기 010111111111110⑥1:58.22½  1.115.439.113.4 -2  3  .00 6 8 -2 1.33097115948 510 8 83 2 2.04 5.01 2.9 6.5  4.0   12.2   22.2   20.4  .03056 1 4 5 1― -.141.10  .0537.80118.8 4.5011.3119.98 2 610 1.90 7.4414.46 9
20251116일 9160010국331 5 3413 1강 1159맑음건조 3 9 5케이엔라이트    테스타마인디언호 5635.00한거 7 0 0 2 1  113      41250국3박지헌강승호  -213 310 350 1 4 338  0유승완50052.070평입하 7  7  714 3.032.012.31960 822451220 714 02115152722206020→↘입14.136.239.913.9722736.738.3102.4102.6 32 32 2016   14.10   16.20 2  7  0VHDN53.74961818-1.2 9.4 8.2222217-2교체실패조교부실36관 01010  101010 7⑤1:42.4목    .514.938.413.6 -5  6  .00 510  2  .64067171968 3 71010310 3.01 2.08 2.0 3.0  5.4    5.4   13.3    4.0  .02011-3 1 1-3▼-1.239.90  .5126.45103.1 1.89 5.5512.34 0 3 5  .12 2.41 5.9810
20251102일 9180010국333 7 3414 2강 2255맑음건조 5 9 5케이엔라이트    테스타마인디언호 4642.00한거 7 0 0 1 1  15717:00 41250국3박지헌조경수   214 2 91250 1 4 337  0이혁  49452.079평입보11  9  93112.045.020.52258 622451220 924252115282218206020↗↘선14.139.941.013.9601338.344.9120.2121.8 33 33 1717   14.60   14.00 4 -3 -2HHUP53.74961818-2.6 9.6 7.0333317 2숨은복병보통주행86기 3 3 2 1 1 1 1 7⑩2:00.23    2.814.143.916.2  2 -2  .0010 8 -2 3.493 2989216 4 9 7 61 1 3.02 6.08     3.1  4.6    6.5   12.8    4.3  .01955 0 3 5 0― -.441.40 -.0240.86118.9 4.8811.9020.50 51222 1.89 5.1911.86 7
20251004토 9160010국350 2 5415혼전 4441맑음다습10 9 5케이엔라이트    테스타마인디언호 5635.00한거 7 0 0 1 2  22317:00 41250국3박지헌조경수   215 1 8 250 3 4 336  0유승완49654.066평입상24 13 1314 5.031.0 6.01233 822331520 914 82115152722206020→→입14.136.239.913.9702736.439.5102.2103.5 35 35 1717   13.90   14.40 3  1  1NNUP53.74961818-2.6 9.6 7.0272717 2노쇠부진부진마필52관 0 610  101010 9⑧1:42.21½  1.414.639.514.0 -2-14  .00 810  2 1.76848525137 4 7 9100 9 4.01 4.01     4.7  7.4   11.7   28.0   27.5  .0 5 1-3 1 1-3▼-1.639.90  .6527.36103.1  .53 1.78 5.95 1 4 8  .96 2.83 7.5710
20260823일 9180010외3 1 5  5 0 2강 2253           9 6나소챗          HONOR A.WICKED S        미거 4 0 0   1    017:25 41250혼3임채덕조금제   2 016 51227 1 3 227  0임다빈   52.575기추보50 40 406110.043.026.91427 8 750 3 9 820 0 7 0142424 0 099→↗추14.242.339.613.21165                   20 28  040   15.90   13.00 2  2  0NH동54.24771818 -.4 7.0 6.6373718 0최빈거리기복전력24관 0 6                            15.9    13.0        .0                       9 110 5  2                                              .02046 0 3 4 0― -.239.60 -.46     119.3 6.8015.6526.85 61325 6.0611.1917.65 6
20260809일 8180011외312 8 65 1 1강 1151맑음건조 2 9 6나소챗          HONOR A.WICKED S        미거 4 0 0 1 1   34      41250혼3임채덕조금제   2 115 41127 3 3 226  0김철호47252.565기추적42 25 2554 7.038.014.91046 4 750 3 9 81315 7 0142025 0 099↘↗추14.240.839.713.3166142.339.1119.3119.4 21 29  038   14.60   13.40 3 -4 -1HHUP54.24771818 -.2 6.4 6.2424218 4최빈거리기복전력57기 0 41010101010 9⑦1:59.3½   1.615.939.013.0  1 -7  .00 7 6 -3 2.15597136537 9 1 7 7315 5.0110.02 1.4 3.5 18.4    9.4   47.6   20.5  .01926 0 2 2 0― -.940.20  .2238.90118.7 3.41 8.0214.91 41118 1.85 5.0010.49 7
20260719일10140010외352 3105 2혼전 4451맑음다습14 9 6나소챗          HONOR A.WICKED S        미거 4 0 0 2 1   21      41250혼3임채덕조금제   2 214 3 727 2 3 225  0김철호47953.565기추적70 55 554522.041.016.51046 4 750 3 9 81315 7 0142025 0 099↘↗추14.237.938.213.2128038.038.5 88.2 88.8 22 35  039   15.90   12.90 2  0  0LHDN54.24771818  .0 5.0 5.0535318-4일반주행기복전력 5   0 810    1010 9⑦1:28.2½   1.214.638.413.4 -2  5  .00 7 9  3 1.8398919494711 1 610314 3.0110.06 3.5 6.6  4.5    6.7   14.4   21.3  .01637 0 3 3 0― -.438.00  .4112.6688.66 4.2410.0316.53 1 3 8 5.8811.0118.0710
20260705일 9180011외313 9 65 3혼전 4458비  건조 4 9 6나소챗          HONOR A.WICKED S        미거 4 0 0 1 1   22      41250혼3임채덕조금제   2 313 21027 1 3 224  0김철호47453.565기추하31 21 216624.040.021.31046 4 750 3 9 81315 7 0142025 0 099↘↗추14.240.639.513.2286941.739.2118.7118.4 23 27  036   15.30   13.50 3 -3  1LN동54.24771818  .4 4.0 4.4636318 0일반주행작전마주24관 0 81010 9 9 8 8④1:58.75    1.115.939.012.9 -2  2  .00 4 6 -2 2.52292135051 8 1 7 7313 4.01 7.02 1.5 4.2 12.0    4.8   15.0   52.7  .02146 0 4 4 0― -.440.30  .2138.29118.6 6.1513.7121.29 3 917 5.4813.7523.26 7
20260614일 9180011외241 3 95 4 1강 1151흐림건조 3 9 6나소챗          HONOR A.WICKED S        미거 4 0 0 2 1   42      495002등임채덕조금제   2 412 1 927 1 3 223  0푸르칸47252.580기추보40 38 386110.036.013.6225614 750 3 9 813 0 7 0142421 0 099↗↗추14.240.639.513.2277341.840.2119.2119.9 24 29  038   15.20   13.60 3  8 -3VHUP54.24771814  .2 2.8 3.0747418 2일반주행작전마주27관 011111111101110⑨1:59.21¼  1.815.339.613.5  1 -6  .00 9 8  2 2.26594427932 8 1 7 90 6 2.01 2.10 3.0 6.5  4.1    6.5   12.9    7.5  .02140-1 3 3-1▽ -.840.50  .3739.83118.6 2.54 6.6413.59 1 4 8 3.36 6.9313.43 8
20260524일 8160010외352 2105 5혼전 4451맑음다습10 9 6나소챗          HONOR A.WICKED S        미거 4 0 0 2 1   43      41250혼3임채덕조금제   2 51123 12712 3 222  0김철호47855.065기추적69 74 741438.051.024.71046 4 750 3 9 81315 7 0142025 0 099↘↗추14.237.238.013.1128336.439.6103.5104.0 25 30  040   15.50   13.60 3  2 -1HNDN54.24771814 -.4 2.6 2.2848418-2숨은복병작전마주24관 0 3 9   9 9 9 9⑥1:43.55    1.515.239.513.6  0  0  .00 6 6  4 1.7764251453910 1 5 8312 5.03 4.08 3.8 9.6 10.6   23.8   49.4  131.4  .02128 0 5 5 0―  .138.00  .6128.80102.6 6.7415.4124.68 2 714 7.9215.3126.17 7
20260502토 9180011외341 6 95 6혼전 4452흐림건조 3 9 6나소챗          HONOR A.WICKED S        미거 4 0 0 1 1   52      41250혼3임채덕조금제   2 61022 82711 3 221  0김철호47856.065기추보73 78 788762.063.054.21046 4 750 3 9 81315 7 0142025 0 099↘↗추14.240.939.313.1168542.040.4120.2119.3 25 30  035   15.00   14.20 6 -3  2UL동54.24771814 -.8 2.8 2.0828218 0일반주행작전마주74기 0 1 9 910 8 7 8⑧2:00.2¾   1.415.540.013.6  6 -2  .09 8 2 -1 2.15897488640 8 1 2 1011 6.07 6.11 2.8 5.3 16.6  146.1  325.8  193.112.73163 2 7 6 2― 1.040.10 -.5739.13118.623.5741.4054.2434536617.7435.1445.31 1
20260321토10180011외333 8 85 7혼전 4451맑음건조 5 9 6나소챗          HONOR A.WICKED S        미거 4 0 0 2 1  117      41250혼3임채덕조금제   2 7 921 72710 3 220  0김철호48054.565기추보89 82 828362.062.035.31046 4 750 3 9 81315 7 0142025 0 099↘↗추14.240.939.313.1158540.841.3118.6118.8 25 35  040   15.50   13.60 5 -4  2HN동54.24771814 -.8 2.8 2.0828218 0편성만만기복전력41관 0 4 9 9 9 8 7 6⑥1:58.61¾   .715.041.114.2  3 -1  .09 6 3  0  .7437371816311 1 3 3010 2.01 5.01 2.9 5.6  3.7    5.6   12.3   15.712.72954 2 7 6 2―  .940.00 -.1338.62118.613.1824.5435.3410223510.7824.1933.53 2
20260214토10180011외220 6 75 8혼전 4451맑음건조 3 9 6나소챗          HONOR A.WICKED S        미거 4 0 0 2 1   85      495002등임채덕조금제   2 8 820 627 9 3 219  0김철호48152.565기추보75 95 957866.061.032.11046 4 750 3 9 81315 7 0142025 0 099↘↗추14.240.739.413.1307640.240.6117.2118.1 26 32  037   15.10   13.20 4  2 -5BH동54.24771814 -.8 2.8 2.0828218 0뒷심문제작전마주62관 0 81010 9 9 9 8⑤1:57.2½    .815.539.713.6  2 -6  .00 5 3  1 1.72151545260 8 1 2 63 9 1.04 9.01 2.3 3.7  2.3   11.6   17.5   54.210.52856 1 7 5 1―  .840.10 -.0437.99118.6 9.9520.5332.13 8172811.1121.9437.81 5
20260117토 7180011외451 6105 9혼전 4451맑음건조 5 9 6나소챗          HONOR A.WICKED S        미거 4 0 0 2 1   78      33000혼4임채덕조금제   2 9 719 527 8 2 218  0김철호48757.565기추보91 94 948570.065.047.71046 4 750 3 9 81315 7 0142025 0 099↘↗추14.240.939.213.0139140.739.7117.5118.1 22 28  044   15.10   12.10 4  1  5NB동53.54751814-1.8 3.8 2.0797918 0뒷심문제작전마주 5관 0 6 9 9 9 9 7 5①1:57.53    -.515.139.613.2 -1  6  .00 1 2  1  .0246732429511 1 1 23 8 2.01 6.01 2.9 5.2  3.1    5.2    9.3    9.510.53163 2 8 6 2▲ 1.239.90 -.4038.02118.618.8934.5847.7321415714.8132.3747.96 2
20251220토 7180011외421 5 7510 1강 1158흐림포화16 9 6나소챗          HONOR A.WICKED S        미거 3 0 0 2 1   8015:15 33000혼4임채덕조금제   210 618 427 7 1 217  0김철호48153.065기추보72 77 777871.059.045.61046 4 750 3 9 81315 7 0142025 0 099↘↗추14.240.939.513.2108739.938.6115.7117.7 18 24  029   15.40   12.70 4 -3  1NN동53.64741814-2.6 5.4 2.8747418 0뒷심문제작전마주68기 0 51010 9 7 6 2①1:55.72    -.415.137.712.1  0  2  .00 1 1 -1  .01239 6 39311 1 2 23 7 1.02 5.09     2.5  1.9    2.5    4.0   14.9  .02858 0 7 5 0―  .639.90 -.4437.34118.717.4832.7145.6217375320.0038.6255.41 2
20251122토 9180011외450 710511혼전 4458맑음건조 3 9 6나소챗          HONOR A.WICKED S        미거 3 0 0 2 1  102      33000혼4임채덕조금제   211 517 327 6 1 116  0김철호47952.565평추보28 46 465132.052.033.01046 4 750 3 9 81315 7 0142025 0 099↘↗추14.241.039.613.2 98541.239.1117.7117.9 13 13  031   15.40   12.80 5  6  1BN동54.04721814-3.4 7.0 3.6686817 0적정체중거리속성25관 0 810 9 91110 6②1:57.73     .015.438.312.7  0 10  .00 2 2 -3  .6158314378510 1 3 53 6 1.02 7.08 2.7 5.9  2.7    6.1    9.7    8.8  .02534 0 6 5 0―  .439.80 -.2137.29118.810.9521.8033.00 7182910.0024.1933.96 4
20251019일 9180011외411 6 6512 3강 3358맑음포화16 9 6나소챗          HONOR A.WICKED S        미거 3 0 0 2 2  201      33000혼4임채덕조금제   212 416 227 5 1 015  0김철호46952.064평추보62 45 457023.053.027.018501511 013 9 81315 7 0142025 0 099↗↘추14.240.939.613.3 88540.839.6118.4120.2  7 13  033   14.90   13.20 5 -6  0HU동55.04741814-3.4 8.0 4.6606018 0숨은복병최적거리67기 0 2 9 9 8 8 7 4②1:58.42     .015.438.612.8 -3  0  .00 2 5  1  .4747424418111 2 4 43 5 2.05 9.02 2.0 6.6  5.9   26.3   42.9   18.711.22548 1 5 5 1―  .440.20 -.0439.68118.7 7.8416.8526.97 92133 4.6012.9722.53 6
20250914일 51800 9외451 5 5513 1강 1151맑음다습13 9 6나소챗          HONOR A.WICKED S        미거 3 0 0 2 2  29113:35 33000혼4임채덕조금제   213 315 127 4 1 014  0김철호46952.064평추상69 65 655610.044.025.018501511 013 9 81315 7 0142025 0 099↗↘추14.240.939.913.3 97341.038.9117.7118.7  7 14  029   15.40   13.00 3  0 -3LUUP55.04741814-3.2 8.2 5.0565617 1걸음늘어탐색우려28관 0 8 9 8 8 7 6 5④1:57.73    1.114.938.713.2  0 -8  .00 4 4 -3 1.43680 92645 9 1 4 70 4 7.03 5.07     4.3 24.0   97.2  246.0  217.0  .02828 0 3 2 0― -.540.00 -.0937.93118.9 6.9416.1125.03 51222 4.55 9.0917.98 8
20250823토 5170011외450 410514혼전 4451흐림건조 4 9 6나소챗          HONOR A.WICKED S        미거 3 0 0 2 2  36414:25 24750혼4임채덕조금제   214 214 227 3 0 013  0김철호47755.063평추상71 63 635657.069.051.418501511 013 9 81315 7 0142025 0 099↗↘추14.240.440.613.3137640.439.4111.2112.2  0  8  023   14.70   12.70 4  4  0BNUP55.04701714-3.2 9.0 5.8464614 3일반주행거리속성77기 1 811111111 9 6①1:51.2½    .015.438.813.0 -6  7  .00 1 7 -2  .0127411198111 2 3 23 3 7.08 8.11     8.9 14.3   95.2  190.1  187.6  .04469 3 8 9 3▲ 1.640.50 -.6131.22113.823.9839.4751.4035556914.0825.0031.70 3
20250727일 4140010외450 710515혼전 4451맑음건조 3 9 6나소챗          HONOR A.WICKED S        미거 3 0 0 9 3  42212:15 24750혼4임채덕조금제   215 113 627 2 0 012  0김철호47055.063하추상44 35 355034.064.038.5146711 5   5 9 81315 7 0142025      ↘↗추14.237.739.113.5 86138.337.2 89.2 88.1  0  0  017   14.80   13.00 2 -4 -1NN동       1714-2.4 8.8 6.4383813 0일반주행탄력호조27관 0 410    1010 9⑤1:29.2¾    .414.737.412.7 -4  4  .00 5 9 -1  .71695 1146910 3 6 43 2 3.07 8.07     7.4  5.0   36.5   64.5  160.312.73170 2 6 8 2▲ 1.138.00 -.6111.2589.1412.5325.0638.51102235 5.4817.3918.13 7
20260823일 9180010국3 1 5  5 0 2강 2253           9 7슈퍼블루문      인디언킹에모리퀸  1     한거 5 0 0   1    017:25 41250혼3심승태오종환   2 016 1 824 1 5 124  0조재로   52.587우입적50 60 602342.043.027.73352141350 71212 0 01213192522 02278↗↘입14.239.940.514.04319                   45 50 1818   14.30   13.40 5  5 -2LU동54.44651817-2.6 6.8 4.2636317 0일반주행거리속성38관 0 7                            14.3    13.4        .0                       5 7 3 4  2                                              .01883 0 6 4 0― -.340.50 -.04     118.7 7.5516.9027.70 5122112.1223.7836.65 3
20260718토 9180011국444 3 95 1 3강 3351흐림포화18 9 7슈퍼블루문      인디언킹에모리퀸  1     한거 5 0 0 2 1   83      41250혼3심승태오종환   2 115 2 724 1 5 123  0임다빈45854.575기입적49 38 3811 8.037.010.71427 81350 7121210101213142424 02278→↗추14.240.340.514.0411739.940.7115.8118.3 48 48 1919   14.70   13.80 5 -4  1HN동54.44651817-1.8 6.2 4.4575717 0일반주행기복전력 5   0 2 8 8 9 9 7 5⑤1:55.8½    .514.339.513.4 -6  0  .00 511  8 1.62435554265 9 7 8100 2 1.08 6.03 2.2 6.6  2.2   18.5   32.2  164.711.21638-1 3 2-1▽-1.040.60  .2337.50118.9 1.76 5.5710.66 1 4 8 1.94 5.6610.1211
20260614일 6180011국351 8105 2혼전 4457비  건조 3 9 7슈퍼블루문      인디언킹에모리퀸  1     한거 5 0 0 2 1   85      41250국3심승태오종환   2 214 1 624 3 5 122  0송재철45854.077우추보52 62 625140.042.019.71643 81350 71212 4161213192520 02278↘↗입14.140.240.514.0451940.540.3119.0119.2 40 45 2015   14.60   13.20 4  4  1NN동54.44651817-2.2 5.8 3.6656517 0부중유리작전마주22관 0 6 5 5 5 6 5 4⑤1:59.0머리 1.314.739.913.8  2 -7  .00 5 3 -1 1.44460424745 4 6 2 72 3 1.08 3.07 3.3 7.2  3.3   48.8   71.5  129.8  .03146 0 6 3 0― -.640.80  .0538.47118.8 5.4412.7219.70 41118 8.2217.9529.07 6
20260516토 71800 9국450 7105 3혼전 4441맑음건조 3 9 7슈퍼블루문      인디언킹에모리퀸  1     한거 5 0 0 2 1   74      41250국4심승태오종환   2 313 2 524 2 5 121  0송재철46553.077우입적66 63 632622.038.017.31643 81350 71212 4161213192520 02575↘↗입14.140.140.514.1541740.440.3118.4118.9 42 53 3216   14.60   14.10 3 -1 -1HU동54.64651817-1.8 5.6 3.8696917 0일반주행거리속성45기 0 2 6 7 7 9 7 6③1:58.42½   .514.639.813.2 -1 -4  .00 3 4 -3  .64360455069 4 6 4 83 2 6.07 3.07 3.3 7.3 10.3   45.8  103.0   85.3  .01657 0 4 3 0― -.940.80  .1538.34118.8 4.7810.0717.31 2 714 7.5914.5523.62 7
20260426일 9180011국352 8105 4혼전 4451맑음건조 3 9 7슈퍼블루문      인디언킹에모리퀸  1     한거 5 0 0 9 1   42      41250국3심승태오종환   2 412 1 424 1 5 120  0송재철46953.577우입적64 70 703333.042.015.01643 81350 71212 4161213192520 02971↘↗입14.140.040.414.0592439.941.6117.8118.2 44 50 3317   14.70   14.20 5  1  1HN동54.74651817-1.0 4.6 3.6737317 0일반주행거리속성74관 0 3 7 7 7 7 7 6④1:57.8¾    .514.641.014.1 -3 -3  .00 4 7 -2  .62443746969 5 6 5 83 1 4.05 1.10 2.5 5.6  6.8   27.4   66.8  256.7  .01962 0 5 5 0― -.640.80  .2537.77118.7 3.47 9.0615.02 2 714 4.1212.2620.12 8
20260321토10180011국433 8 85 5혼전 4451맑음건조 5 9 7슈퍼블루문      인디언킹에모리퀸  1     한거 5 0 0 2 1   96      41250국4심승태오종환   2 511 2 324 1 5 119  0조재로47253.087우입적46 44 442735.048.018.53352141350 71212 0 01213192522 01783↗↘입14.040.040.214.0593340.141.4118.2118.4 47 47 2429   14.10   13.70 6 -1 -2HUUP55.04641817 -.4 3.4 3.0777717 4일반주행거리속성28관 1 2 6 6 6 6 5 4④1:58.2¾    .314.741.214.2 -5 10  .00 4 9  1  .33145736975 6 5 7 92 1 2.01 5.01 2.9 5.6  3.7    5.6   12.3   15.7  .01959 0 5 6 0― -.240.90  .2238.24118.6 4.08 9.7918.50 2 714 6.8612.0919.94 9
20260207토11140011국352 6105 6혼전 4451맑음건조 2 9 7슈퍼블루문      인디언킹에모리퀸  1     한거 5 0 0 2 1  105      41250국3심승태오종환   2 610 1 424 1 5 118  0이동하46254.591우추적69 64 646447.050.018.43254141350 7121233351213252419 01783↗↘선14.036.839.114.0733037.140.0 87.9 89.3 50 50 2519   14.20   14.00 3 -6  1HNDN55.04641817  .2 2.2 2.4858517-2인기탐색보통주행40기 0 3 6     5 6 8⑥1:27.95    1.514.139.113.7 -2 -5  .00 6 8  4 1.85749686739 5 5 8 72 4 2.07 5.07 3.1 5.4  3.2   49.2   79.8   95.2  .03169 0 6 6 0―  .039.20  .5013.3988.52 4.7510.8218.37 41118 7.9115.5624.55 7
20260118일 8160010국414 2 15 7 1강 1151흐림건조 5 9 7슈퍼블루문      인디언킹에모리퀸  1     한거 5 0 0 2 1   45      41250국4심승태오종환   2 7 9 8 224 2 5 117  0김태훈46753.569우추하77 70 701428.048.026.61857 81350 7121215191213122521 01783↗→입14.036.139.614.1811335.740.2101.6103.2 50 50 2525   14.80   13.70 4  8 -2BHDN55.04641817 -.4 3.0 2.6858517-2숨은복병보통주행63기 0 9 7   7 3 4 5⑥1:41.61¾  1.914.239.614.0  2  1  .05 6 4 -1 2.76012664826 3 6 4 52 8 1.02 5.02 1.4 2.8  1.4    4.3    5.3   26.9  .02036 0 5 5 0― -.139.60  .3327.47102.9 6.0415.3026.55 81728 3.1511.0220.85 6
20251221일 9180011국342 3 95 8혼전 4451맑음다습13 9 7슈퍼블루문      인디언킹에모리퀸  1     한거 4 0 0 2 1   6717:00 41250국3심승태오종환   2 8 8 7 224 1 5 116  0김태훈46655.069우추보87 90 908273.061.038.01857 81350 7121215191213122521 01783↗→입13.939.740.514.1791940.539.8117.7119.1 50 50 2525   14.70   13.20 5 -9  2UNUP55.04641817 -.4 3.0 2.6858517 1부중유리작전마주38기 0 1 6 6 6 9 7 7⑨1:57.71¼  1.714.839.813.7  4 -5  .02 9 5  4 1.84962303731 3 4 2 40 7 1.08 5.06     4.2  2.2   44.3   56.5  234.710.53780 3 8 7 3▲  .941.30 -.2038.93118.613.8726.2738.00 8172814.2925.9337.05 3
20251115토10170011국551 3 55 9혼전 4451맑음건조 3 9 7슈퍼블루문      인디언킹에모리퀸  1     한거 4 0 0 2 1  123      33000혼4심승태오종환   2 9 7 6 824 1 4 115  0우인철47153.573우입하90 93 936259.051.028.42048101350 7121214 01213102723 02080↘↘입14.039.240.814.0853739.839.6111.4112.2 47 40 2713   13.90   13.80 4  1 -4BHUP55.34621817-1.8 3.8 2.0868617 1일반주행작전마주38기 010 6 6 6 6 5 3①1:51.4½    .014.738.913.2  0  6  .00 1 1 -2  .0114814 986 4 3 1 53 1 1.0310.03 2.8 4.8  2.8    7.1   13.1    5.710.52168 0 6 4 0―  .241.70  .4532.17113.1 8.2918.8928.41 82234 9.0924.5234.25 5
20251018토 71600 9국453 610510혼전 4451흐림포화19 9 7슈퍼블루문      인디언킹에모리퀸  1     한거 4 0 0 2 2  214      33000국4심승태오종환   210 6 5 124 3 4 114  0김태훈46557.576우추보95 94 941455.055.034.71640 6 4 0 0121215191213122521 02080↘↗입14.036.139.514.0781536.239.7101.7102.3 43 43 2914   14.50   12.70 5  6  0VLDN55.34621817-2.4 4.6 2.2757517-1일반주행작전마주39기 1 9 6   6 5 3 1④1:41.7목    .013.939.213.8  1  5  .00 4 3  1  .13230574981 3 5 2 42 6 1.08 1.06 3.2 6.3  3.2   48.6   89.4   52.610.52846 2 6 5 2―  .639.50  .1826.70102.811.5823.3534.71 8223410.8724.6336.89 4
20250913토 71700 9국452 110511혼전 4451맑음포화17 9 7슈퍼블루문      인디언킹에모리퀸  1     한거 4 0 0 2 2  29918:30 33000국4심승태오종환   211 5 4 724 2 4 113  0김태훈46057.576기입적92 96 965149.055.033.21640 6 4 0 0121215191213122521 02080↘↗입14.039.241.214.2852739.739.2107.6110.1 38 38 31 8   14.60   13.60 3 -1  1HB동55.34621817-3.8 6.0 2.2757517 0일반주행작전마주44기 1 3 6 6 6 6 6 5③1:47.6½    .014.538.012.7  1 -1  .00 3 2 -1  .4 041 8 379 3 7 2 53 5 7.06 4.01     5.1 14.4   81.2  189.1  100.010.52142-1 6 5-1▽  .241.40  .1229.70113.410.6723.0733.15 81728 8.7921.1632.18 4
20250824일 7170010국443 4 4512 2강 2251맑음건조 4 9 7슈퍼블루문      인디언킹에모리퀸  1     한거 4 0 0 2 2  35215:15 33000국4심승태오종환   212 4 3 624 1 3 112  0김태훈46156.576기입보70 74 744554.056.038.21640 6 4 0 0121215191213122521 02575↘↗입14.039.241.314.2861939.340.0110.3111.9 33 33 33 8   14.40   14.10 4  2  2HN동55.04621817-3.6 7.0 3.4616117 0일반주행기복전력78기 1 4 5 5 5 7 6 4①1:50.3½   -.114.639.413.6 -2  0  .00 1 3  1  .0 72222 890 3 6 3 33 4 3.01 4.07     3.8  4.3    4.4   10.4    3.2  .02063 0 6 6 0―  .441.60 -.0531.38113.412.1224.8538.2215314710.0024.3643.40 3
20250727일10170011국454 510513 3강 3351맑음건조 3 9 7슈퍼블루문      인디언킹에모리퀸  1     한거 4 0 0 9 3  41615:40 33000국4심승태오종환   213 3 2 524 1 3 111  0임다빈46154.578기입적53 65 653920.045.017.01846 5183310121210101213142424 02575↗→추14.039.241.414.2851739.141.4111.4112.5 36 27 27 9   14.30   13.80 4 -6  2HN동55.04621817-3.4 7.8 4.4474717 0부중유리기복전력21관 0 2 6 6 7 8 5 4③1:51.41     .214.440.814.1  1  1  .00 3 2 -3  .21814623874 5 6 6 90 111.08 8.03     8.8 58.8  317.2  673.6  620.311.23160-1 4 3-1▽ -.541.70  .3931.88113.5 4.3610.4016.99 2 714 3.74 8.7717.19 8
20250628토 6170011국433 7 8514혼전 4451흐림다습11 9 7슈퍼블루문      인디언킹에모리퀸  1     한거 4 0 0 9 3  50915:35 33000국4심승태오종환   214 2 1 424 2 3 010  0김태훈46053.066기입적57 62 623619.037.010.7215012183310121215191213122521 03367↗↘입14.039.141.414.3891739.141.4111.9113.0 30 30 2010   14.70   13.30 3  6 -4LU동55.74631814-3.2 7.6 4.4474717 0일반주행기복전력42기 1 8 4 4 5 7 6 4②1:51.91¾   .014.341.013.8 -3 -6  .00 2 5 -2  .33215644288 5 7 5103 3 2.05 7.08     4.9  3.5   12.0   23.4   55.0  .01638-2 3 2-2▽-1.141.90  .5732.50113.4 2.01 5.2210.70 1 4 8 5.4111.1619.44 7
20250608일 4170011국550 610515혼전 4451맑음건조 3 9 7슈퍼블루문      인디언킹에모리퀸  1     한거 4 0 0 2 3  56013:35 24750국5심승태오종환   215 1 5 324 1 2 0 9  0김태훈46657.066기입적17 20 203714.042.013.8215012183310121215191213122521 05050↗↘입14.039.341.314.4812239.940.1112.7112.4 22 22 2211   14.20   14.30 4 -1  0HL동55.04621814-2.0 7.6 5.6484817 0일반주행기복전력56기 1 2 6 6 6 6 5 2①1:52.71¼  -.214.739.713.3 -6 -1  .00 1 7  1  .01750242292 4 810103 2 7.01 2.04     6.5 15.9    9.8   26.8   44.8  .01645 0 3 4 0― -.641.60  .4531.84113.5 2.95 8.0813.82 1 4 8 3.2610.3117.76 8
20260823일 9180010외3 1 5  3 0 2강 2253           9 8울트라선더      CROSS TRAD LITEM        미거 4 0 0   1    017:25 41250혼3서인석조건진  99 01621 822 1 1 421  0김옥성   52.557평추적50 46 46 1 2.032.013.7 7 0 61845 918 0 0 0191214161833 067→→추14.343.240.613.62230                   21 16 1621   16.30   13.60 2 -1  0NH동53.24981814 -.4 7.4 7.0444413 0발길대로거리속성35기 0 8                            16.3    13.6        .0                      10 9 910  1                                              .012 8-2 1 2-2▽-1.140.60 -.72     120.0 2.94 7.1913.74 1 3 8  .12 2.80 6.7910
20260809일 8180011외312 8 63 1 1강 1131맑음건조 2 9 8울트라선더      CROSS TRAD LITEM        미거 4 0 0 1 1   34      41250혼3서인석조건진  99 11520 722 2 1 420  0김정준50752.572평추보22 15 15 5 3.035.012.91537101845 918 010 0191214202633 067↗↗추14.340.640.613.6253043.240.1120.9121.0 22 17 1722   15.50   13.70 5  5  0BH동53.24981814 -.4 7.6 7.2494913 0일반주행거리속성37기 0 9111111111111⑩2:00.95    3.216.340.013.6  0 11  .001010  3 3.78699399213 8 7 8 90 2 5.0110.02 1.4 3.5 18.4    9.4   47.6   20.5  .01611-2 2 3-2▽-1.240.60  .0739.80119.0 1.95 5.8612.94 2 610  .12 2.00 5.2411
20260705일 9180011외313 9 63 2혼전 4458비  건조 4 9 8울트라선더      CROSS TRAD LITEM        미거 4 0 0 1 1   62      41250혼3서인석조건진  99 21419 622 1 1 419  0김정준49652.572평추상 6 52 523939.055.031.41537101845 918 010 0191214202633 067↗↗추14.240.440.613.6373041.240.2119.5119.1 24 18 1829   14.10   15.10 5 -3  0HH동53.24981814 -.6 7.2 6.6585813 0교체성공거리속성72기 0 4 9 8 8 7 7 7⑦1:59.52½  1.915.540.013.7  0 -9  .00 7 7  1 3.34684406531 6 7 3 50 1 4.01 7.02 1.5 4.2 12.0    4.8   15.0   52.7  .03056 0 6 5 0―  .440.60 -.2838.10118.910.3620.8831.43 9213310.9621.2532.56 5
20260531일 91800 9외323 9 73 3 3강 3356맑음양호 6 9 8울트라선더      CROSS TRAD LITEM        미거 4 0 0 9 1   82      41250혼3리카디조건진  99 31318 522 1 1 318  0푸르칸50552.580평추하13 20 206225.052.034.7225614355512362338 0382614242133 067↗↗추14.440.540.313.5284839.143.0121.9120.7 19 13 1331   15.00   13.30 3  4  0NHUP53.24981814-1.4 8.0 6.6585818 6일반주행최적거리 5   0 7 3 3 3 3 3 2②2:01.911    .014.143.515.1 -4  1  .00 2 6 -2 2.08110927992 8 1 6 52 5 4.06 8.07 2.6 3.4  8.3   40.6   61.0   75.011.82859 2 5 6 2―  .440.70 -.3139.92118.910.3421.8534.72 61526 8.7019.0528.95 5
20260509토10120011외353 4 53 4혼전 4451맑음건조 5 9 8울트라선더      CROSS TRAD LITEM        미거 4 0 0 2 1   51      41250혼3리카디조건진  99 41217 522 1 1 317  0조재로50452.588평추보50 59 595021.049.016.43352143555123623 0 0382619252233 067↗↘입14.337.938.013.4209238.438.3 76.0 76.8 20 20 1327   14.30   13.10 2 -6  0HH동53.24981814-2.0 8.2 6.2545413 0일반주행조교부실21관 0 311    111111⑩1:16.01¼  1.215.037.913.3  2  4  .0010 8  2 2.8739232684411 4 8 90 1 6.11 9.10 3.1 4.0 16.4  553.4  795.3 2151.7  .02076 0 4 5 0―  .037.90  .43  .9376.00 4.14 9.5316.38 1 4 8 3.05 6.8212.6910
20260425토11120011외353 4103 5 1강 1157맑음건조 3 9 8울트라선더      CROSS TRAD LITEM        미거 4 0 0 9 1   31      41250혼3리카디조건진  99 51116 422 2 1 316  0이용호50052.566평추보51 46 464212.045.025.81657 73555123623 0 0382619182033 067→↘자14.337.938.013.5219237.638.3 75.3 76.1 21 21 2136   14.90   13.60 4  1  0LHDN53.24981814-1.6 8.0 6.4505013-2일반주행보통주행50기 0 911     7 9 8⑥1:15.31     .714.337.913.1  0 -2  .00 6 6 -5 1.3547133476011 3 4 53 2 1.02 6.04 3.2 6.5  3.2    6.5   10.1   31.9  .01842 0 4 5 0―  .037.70  .14  .2376.00 8.0216.6825.83 41221 3.75 8.3815.73 8
20260329일10140011외351 5103 6혼전 4451맑음건조 3 9 8울트라선더      CROSS TRAD LITEM        미거 4 0 0 9 1   64      41250혼3리카디조건진  99 61015 722 1 1 315  0이용호50252.564평추하38 31 313910.041.012.81657 73555123623 0 0382619182033 067→↘자14.437.339.013.5416138.138.8 88.8 89.4 23 15 1531   14.50   13.90 8 -3 -1LH동53.24981814-1.6 6.8 5.2555513 0일반주행보통주행72기 0 810    101111⑪1:28.8½   1.614.938.713.6  0  0  .001111  7 1.9609028603511 511100 1 2.09 1.09 3.9 6.5  4.6   63.2   84.0   65.5  .01936 0 3 4 0― -.638.70  .3913.0588.80 2.78 7.3912.77 1 4 8 3.23 6.4512.0010
20260201일10140010외350 6 53 7혼전 4451맑음건조 2 9 8울트라선더      CROSS TRAD LITEM        미거 4 0 0 1 1  137      41250혼3리카디조건진  99 7 914 622 4 1 314  0푸르칸50253.079평추상60 59 593732.051.020.0225614355512362338 0382614242133 067↗↗추14.437.339.013.4426137.739.9 88.4 89.7 31 31 1531   14.50   14.00 3  6  1BNDN53.24981814-2.0 7.4 5.4494913-4연대우수급신장세27기 011 9    101010⑨1:28.41¼  2.114.539.013.9  5  0  .09 9 4 -1 2.7717964782411 510 90 4 6.05 1.07 2.3 5.0 11.2   70.7  140.2  260.9  .03334 0 5 5 0―  .338.80  .2013.4488.80 4.8312.3420.03 1 4 8 4.2412.1519.67 9
20260110토10180010외341 5 93 8혼전 4451눈  양호 8 9 8울트라선더      CROSS TRAD LITEM        미거 4 0 0 2 1   5417:25 41250혼3리카디조건진  99 8 813 422 3 1 313  0푸르칸50252.580평추상59 46 465055.061.042.2225614355512362338 03826142421 0 099↗↗추14.240.440.713.5333339.839.8118.7118.5 25 25 1733   14.10   12.90 4 -3 -1NHUP53.54971814-2.0 7.4 5.4494913 4적정체중연대우수70기 0 5 2 2 2 2 2 2④1:58.71¼   .414.539.914.0 -1  1  .00 4 5 -5  .73533332069 8 7 5 41 3 2.03 1.08     5.3  3.5    8.1   19.2   14.912.73759 2 7 8 2▲  .840.50 -.5637.44119.013.3327.3242.2110223512.3527.6240.57 4
20251213토10140011외334 2 83 9혼전 4451비  불량20 9 8울트라선더      CROSS TRAD LITEM        미거 3 0 0 2 1   78      41250혼3리카디조건진  99 9 712 522 2 1 212  0푸르칸50153.579평추보29 22 223621.045.020.3225614355512362338 03826142421 0 099↗↗추14.237.339.313.5404437.238.4 85.2 87.4 18 18 1827   14.40   13.40 5  3  2LN동53.54971814 -.4 6.4 6.0393913 0일반주행보통주행48기 0 811     9 8 7②1:25.26     .014.137.312.9 -8  4  .00 210  1 1.1 55917207711 910 83 2 1.10 4.08     3.8  2.0   46.9   78.2  462.0  .01940 0 4 5 0― -.238.30  .0110.8089.00 4.7711.0920.30 2 612 5.4110.2317.5310
20251108토10140011외331 2 8310혼전 4451흐림건조 3 9 8울트라선더      CROSS TRAD LITEM        미거 3 0 0 2 1  145      41250혼3리카디조건진  9910 611 422 1 1 211  0푸르칸49752.079평추보46 38 3842  .049.019.8225614355512362338 03826142421 0 099↗↗추14.237.239.313.5474438.239.1 88.6 89.8 10 20 2040   13.90   12.7010 -6  0NUUP53.54971812 -.4 5.2 4.8525213 2출주제외보통주행66기 0 510    111111⑧1:28.63    2.014.438.613.4 -1  4  .00 8 9    2.2739242742311 7 7 73 1 7.01 9.07 2.8 4.5 22.1   14.5   48.4   61.0  .02049 0 5 7 0―  .138.90  .0713.3088.93 4.5011.5919.82 3 91710.7119.9169.63 4
20250831일10120010외314 1 6311 3강 3351맑음포화17 9 8울트라선더      CROSS TRAD LITEM        미수 3 0 0 9 2  328      41250혼3리카디조건진  9911 510 322 1 1 211  0정정희49752.081평추보52 46 465035.048.015.9214812315211362330213826202415 0 099↘→입14.237.638.113.53983                   10 20 2040   14.90   13.70 6  8  0BUDN53.54971812 -.6 4.8 4.2565613-2연대우수급신장세42기 011                    경제    14.9    13.7     4  .07                     11 3 8 70 6 1.03 5.01 1.6 4.6  1.6    4.7    6.3   89.711.23356 0 5 7 0― -.238.10  .54     75.89 2.84 7.7315.91 41118 4.49 8.8715.71 8
20250720일10140011외323 4 7312혼전 4451맑음포화16 9 8울트라선더      CROSS TRAD LITEM        미수 3 0 0 2 3  43617:30 41250혼3리카디조건진  9912 4 9 322 1 1 210  0빅투아49352.089평추보56 55 555665.064.041.0295617436416362341133826222818 0 099↘→선14.237.239.213.4485237.639.4 87.0 89.2 11 22 2244   13.90   13.50 5 -5  0HU동53.54971812-1.2 5.4 4.2545413 0일반주행연대우수50기 0 311    1010 7⑦1:27.01    1.414.938.313.7  2 -3  .00 7 5  0 1.65675516638 7 7 5 33 2 2.0410.08     3.7  3.7   13.4   25.8    6.912.73787 2 8 8 2▲ 1.138.80 -.4112.8088.8613.4927.1340.9715314710.8922.5434.69 4
20250615일10140011외353 210313혼전 4461맑음건조 3 9 8울트라선더      CROSS TRAD LITEM        미수 3 0 0 2 3  53617:30 41250혼3리카디조건진  9913 3 8 222 1 1 2 9  0문세영49652.073평추상47 46 466860.062.029.03745 0436416362350 03826293615 0 099↘↗입14.237.239.113.4475737.638.5 87.7 88.8 13 25 2538   13.90   14.60 5  0  0LUDN53.54971812  .4 4.4 4.8565613-4일반주행보통주행52기 0 8 5     6 7 7⑤1:27.71¼   .813.937.913.5  0 -2  .00 5 5 -3 1.14074193255 9 411 40 4 1.0811.10     8.0  2.8   31.7   39.3  105.412.73177 2 7 8 2▲ 1.038.70 -.0412.4788.8010.1919.7328.99 51222 8.3916.3325.69 7
20250510토 8180011외350 610314혼전 4451흐림불량20 9 8울트라선더      CROSS TRAD LITEM        미수 3 0 0 2 4  64917:00 41250혼3리카디조건진  9914 2 7 322 1 1 2 8  0정정희49852.073평추보23 27 272728.046.023.01740 4334322362330213826202415 0 099↗↘입14.240.540.313.4325239.041.5116.8119.1 14 29 1443   15.20   14.70 3 -1 -1LU동53.54971812  .2 3.8 4.0686813 0연대우수거리속성 1   0 8 2 1 1 1 1 4⑤1:56.8목   1.213.942.014.6 -3 -5  .00 5 8  3 1.547 9764346 9 7 8 61 5 4.0711.10     7.3  6.4   35.1   57.1   85.5  .03341 0 5 5 0― -.140.50 -.0438.29118.9 5.5213.3422.97 41221 4.4413.9823.31 6
20250419토 9180011외311 8 6315혼전 4437비  다습10 9 8울트라선더      CROSS TRAD LITEM        미수 3 0 0 2 4  71117:30 41250혼3리카디조건진  9915 1 6 222 1 1 2 7  0문세영50353.073평추보24 47 478875.067.038.1455525334322362350 03826293615 0 099→↘입14.240.440.113.2366941.040.8118.2119.3 17 33 1750   14.30   13.70 3  6  1BNUP53.54971812  .2 3.8 4.0686813 4뒷심문제연대우수 1기 0 9101010 9 8 6⑤1:58.25    1.515.241.714.7  0  4  .00 5 5  2 2.35479627739 6 5 4 43 3 1.0611.04     4.5  1.6   12.7   17.0   32.2  .03785 3 8 9 3▲ 1.340.60 -.2938.83118.712.9926.0538.1317375311.1125.0038.55 3
20260823일 9180010국3 1 5  5 0 2강 2253           9 9비전파워        NOBLE BI오너싱          한수 6 0 0   1    017:25 41250혼3김동철손병현   1 016 11434 1 3 234  0유승완   52.569평입보50 56 5623 6.038.021.61960 8265513171521 01614152722451818→↘입14.240.240.514.03737                   23 45 3210   14.30   13.20 9  4  0BH동53.64711818-4.4 9.0 4.6656517 0일반주행급신장세54기 0 9                            14.3    13.2        .0                       6 8 5 7  4                                              .01628 0 3 3 0― -.740.50  .01     118.8 5.8312.2321.62 2 817 1.52 5.5912.22 7
20260620토 9180011국422 4 75 1혼전 4441비  불량20 9 9비전파워        NOBLE BI오너싱          한수 6 0 0 2 1  163      41250혼3조현수손병현   1 115 21334 3 3 233  0임기원47952.589평입하34 40 403611.045.018.72039111357 710 024 010 3233216502020↘↗입14.240.140.714.0453040.239.7114.5117.0 23 43 3310   13.90   15.20 3  4 -2NHUP53.74701818-4.6 9.0 4.4626217 2일반주행보통주행 5기 1 5 8 8 8 8 7 4⑤1:54.5½    .214.338.713.2 -1-12  .00 5 6  3  .4 448272474 810 6 90 3 1.1110.08 1.7 3.7  1.7   48.3   59.0   91.4  .01635 0 3 3 0― -.440.60  .0436.20118.9 5.2111.7318.72 2 610 2.33 6.2211.8411
20260530토 71600 8국351 7105 2 2강 2251맑음양호 7 9 9비전파워        NOBLE BI오너싱          한수 6 0 0 9 1   54      41250국3조현수손병현   1 214 1 734 2 3 232  0임기원49154.589평입상57 63 631435.052.028.82039111357 710 024 010 3233216502020↘↗입14.236.540.114.0532735.941.7103.8103.4 20 33 3713   14.80   13.40 6-10  1UNDN53.74701818-3.8 8.2 4.4656517-2선입실패보통주행47기 1 1 3   3 3 3 4⑦1:43.82    1.013.941.915.2  4 10  .09 7 3 -6 2.66216898653 3 7 6 60 2 1.04 4.05 2.7 5.4  2.7    8.4   13.5    9.3  .02937 0 5 5 0―  .140.10 -.1326.84103.4 7.0616.7828.79 51222 5.5610.9220.50 6
20260418토 9180011국452 1105 3 3강 3351맑음건조 4 9 9비전파워        NOBLE BI오너싱          한수 6 0 0 2 1  114      41250국4조현수손병현   1 313 41234 1 3 231  0임기원48153.589평입상52 46 466120.055.033.22039111357 710 024 010 3233216502020↘↗입14.139.940.714.0582741.239.2117.4119.1 21 41 3410   14.20   13.40 5  1  1VNUP53.74701818-3.8 8.2 4.4656517 4일반주행보통주행78기 011 6 6 6 6 5 4③1:57.42½   .414.838.813.4 -6 -9  .00 3 9 -1 2.05285154066 3 9 6 42 1 1.03 9.04 2.2 5.3  2.2    8.3   12.2   65.110.92076 0 5 4 0―  .441.10 -.2138.51118.811.0322.0033.17102235 4.3010.4719.39 7
20260314토11140010국452 4105 4혼전 4441흐림양호 7 9 9비전파워        NOBLE BI오너싱          한수 6 0 0 2 1   95      41250국4조현수손병현   1 412 3 234 3 3 230  0유승완49053.070우입상84 75 755619.042.012.31960 81357 710 010 010 3152722502020→↘입14.237.039.614.0563037.439.0 88.1 89.0 25 46 29 7   14.30   13.30 6  7 -2VH동53.74701818-3.4 7.8 4.4626217 0일반주행보통주행48관 010 9     9 8 6⑥1:28.1½    .914.238.513.4 -4  7  .00 610  0 1.34768354554 910 6100 3 2.01 4.08 4.6 9.1  4.7   12.5   21.3   31.9  .01659 0 4 4 0― -.638.90  .2312.3689.00 2.47 7.0412.28 2 610 4.62 9.3016.5410
20260201일10140010국450 6 55 5혼전 4451맑음건조 2 9 9비전파워        NOBLE BI오너싱          한수 6 0 0 1 1   95      41250국4김동철손병현   1 511 2 134 2 3 229  0유승완48354.570평입상64 58 583915.040.011.01960 8265513171521 01614152722502020→↘입14.236.739.714.1772237.538.6 86.8 88.1 26 44 3011   14.70   13.70 7 -5  1HNDN53.74701818-2.6 6.8 4.2555517-4일반주행보통주행 5기 0 3 8     6 6 4④1:26.81     .514.337.813.3 -6  3  .00 410  0 1.11869243468 51111112 2 6.05 1.07 2.3 5.0 11.2   70.7  140.2  260.9  .01632-2 3 2-2▽ -.639.00  .3811.6588.86 2.11 6.0911.00 1 3 6 2.54 5.6711.4811
20251214일10180011국321 5 75 6혼전 4451맑음포화18 9 9비전파워        NOBLE BI오너싱          한수 5 0 0 2 1  130      41250국3김동철손병현   1 610 11134 1 3 228  0유승완48053.569평입보45 40 405428.048.022.21960 8265513171521 01614152722562222→↘입14.139.541.014.0881240.140.5116.5119.0 27 38 3112   13.90   14.40 5  3 -1BHUP53.74691818-2.8 6.6 3.8575717 2착차만회급신장세87기 0 8 7 8 8 7 6 4⑤1:56.52½   .714.739.613.7 -5 -4  .00 510  4  .94845554960 1 8 7 80 1 3.01 1.04     5.5  8.6    8.1   26.3  181.7  .02260 0 5 6 0― -.141.50  .0738.50118.7 5.7513.2822.24 2 714 3.4811.0219.66 8
20251109일 8160010국452 3 55 7 3강 3351맑음건조 3 9 9비전파워        NOBLE BI오너싱          한수 5 0 0 2 1  136      41250혼3김동철손병현   1 7 9 6 634 1 3 227  0조재로48454.088평자상80 76 761469.062.032.6335214265513171522 01614192522631325↗↘입14.236.140.213.9782435.940.4101.8103.0 28 44 28 8   13.80   14.00 5  3  0NN동53.74671818-2.8 6.4 3.6606017 0숨은복병탄력호전66관 0 5 5   5 5 4 3④1:41.8목    .713.940.214.4 -2  1  .00 4 6  1  .95416736158 4 8 5 42 6 4.05 7.08 3.1 4.1  8.9   32.4   86.2   39.810.93771 3 7 7 3△ 1.040.20 -.0826.66103.210.1521.2832.55 8172811.4522.8233.42 4
20251004토 9160010국350 2 55 8혼전 4451맑음다습10 9 9비전파워        NOBLE BI오너싱          한수 5 0 0 1 2  223      41250국3김동철손병현   1 8 8 5 534 1 3 226  0문세영48354.073평자보59 48 481434.053.023.02735 0267512171553 0161429361571 029↗↗입14.236.140.113.9782735.839.5100.8102.1 25 42 25 8   14.10   13.60 5 -8  2HN동53.64641818-3.0 6.2 3.2626217 0일반주행조교부실29관 0 2 3   3 5 2 3③1:40.8머리  .013.839.514.0 -2  5  .00 3 5 -3  .32415523177 1 8 7 52 1 4.01 4.01 2.8 4.7  7.4   11.7   28.0   27.5  .01653 0 5 5 0―  .140.10  .2025.86103.2 4.7512.9122.97 81728 3.8513.2118.93 7
20250830토 9160010국354 2 55 9혼전 4451맑음포화18 9 9비전파워        NOBLE BI오너싱          한수 5 0 0 9 2  33919:35 41250국3김동철손병현   1 9 7 4 43411 3 225  0정정희47852.581평입보65 46 461414.042.014.221481226751217151730161420241571 029↘→입14.236.340.213.9682736.439.9100.4102.9 26 43 26 9   14.40   15.10 5  5 -1VHDN53.64641818-2.2 5.6 3.4585817-2선행무리보통주행72기 110 8   8 9 9 7⑥1:40.45    1.314.138.713.6 -2  0  .00 6 8  3 1.45245616139 410 810314 1.06 7.03     5.0  2.5   19.5   30.6  135.5  .01313 0 3 3 0― -.640.20  .2726.40103.3 2.99 8.2614.19 1 4 8 3.1910.2618.24 9
20250726토 8180011국341 7 9510 1강 1151맑음건조 4 9 9비전파워        NOBLE BI오너싱          한수 5 0 0 9 3  42717:25 41250국3김동철손병현   110 6 3103410 3 224  0정정희47853.576평입상77 70 703734.050.023.42471102443 817151730161420241571 029↘↘입14.240.140.913.9492438.243.4117.9119.0 27 45 23 9   14.40   14.30 4 -2  2NN동53.64641818-2.8 6.2 3.4636317 0부중유리보통주행50기 1 5 6 5 3 2 1 3③1:57.99    1.714.442.415.1 -2 -2  .00 3 5 -4 1.743 2947334 7 9 4 6113 2.03 3.10     7.4  3.6    9.7   20.2   25.4  .03144 0 5 4 0― -.140.90 -.1037.98118.9 5.7713.9323.43 51222 3.0510.9816.57 5
20250629일10180011국351 710511 1강 1151맑음양호 7 9 9비전파워        NOBLE BI오너싱          한수 5 0 0 9 3  49617:30 41250국3김동철손병현   111 5 2 934 9 3 223  0정정희48052.076평입보60 64 642826.048.020.72471102443 817151730161420241571 029↘↘입14.240.240.713.9413339.640.7117.6117.9 29 43 2410   14.40   14.60 6  0 -1LU동53.64641818-1.8 5.0 3.2666617 0적정체중급신장세56기 1 7 5 6 6 5 3 3③1:57.62     .414.440.914.3 -6 12  .00 3 9  4 1.21525573673 8 8 4 7212 1.04 9.10     7.7  2.6   12.2   17.5   41.8  .02547 0 4 5 0―  .040.60 -.0236.99118.9 5.6212.5820.74 4 917 6.4212.7320.97 7
20250517토10180010국342 9 4512 1강 1151흐림포화16 9 9비전파워        NOBLE BI오너싱          한수 5 0 0 2 4  62618:00 41250국3김동철손병현   112 4 1 834 8 3 222  0정정희46852.573평입상71 69 693655.047.020.81740 41867 017151730161420241567 033↗↘입14.240.240.713.9453340.041.6117.7118.4 25 40 2510   14.60   14.50 4  6 -3LHUP53.84641818-1.0 5.0 4.0636317 1일반주행급신장세70기 0 7 6 6 6 2 2 3③1:57.71½   .314.441.814.6 -2 -1  .00 3 5  1  .82740767076 6 9 3 7111 1.03 8.09     3.7  1.8    3.7    5.3   14.7  .01629-1 5 4-1▽ -.340.70 -.0237.50118.9 4.2110.9020.84 2 613 8.6222.0335.19 4
20250419토 6170011국452 710513 2강 2257비  양호 8 9 9비전파워        NOBLE BI오너싱          한수 5 0 0 2 4  71415:15 33000국4김동철손병현   113 315 234 7 2 221  0정정희46955.075평자하38 26 2620 4.037.013.11740 41867 017151730161420241560 040↗↘입14.139.641.113.9565239.040.4110.3111.0 21 37 2111   14.30   14.80 5 -8  0UNUP53.64631818 -.2 4.8 4.6555518 1일반주행거리속성 1관 0 1 3 3 3 2 2 1①1:50.36   -1.114.641.314.5 -3 10  .00 1 4 -1  .0 11235 998 6 4 7 8110 4.03 1.04     7.9  6.8   17.4   32.1   18.0  .016 9-4 2 2-4▼-1.241.10  .4330.33113.6 2.10 5.8813.05 3 917  .97 3.17 8.89 8
20250315토 7160010국440 8 9514 1강 1151맑음양호 6 9 9비전파워        NOBLE BI오너싱          한수 5 0 0 2 5  81816:05 33000국4김동철손병현   114 214 334 6 2 220  0정정희45955.076평자상78 67 671453.053.024.81445 61944 717151730161420241560 040→↗입14.136.440.013.8583737.439.7105.8103.7 22 39 2211   14.00   14.20 4  8  0BN동53.64631818 -.4 4.8 4.4636318 0일반주행보통주행 1기 0 9 5   5 5 5 7⑦1:45.811   2.414.340.414.8  2  4  .00 7 5 -3 2.77495578020 1 7 3 62 9 4.02 4.02     5.4  4.6   13.6   23.2   10.2  .01629 0 6 5 0―  .140.00  .0627.32103.3 5.6314.6624.78 41221 7.5520.7534.50 5
20250216일 9160010국420 5 7515 1강 1151흐림건조 4 9 9비전파워        NOBLE BI오너싱          한수 5 0 0 2 5  89117:00 33000국4김동철손병현   115 113 234 5 2 219  0정정희45555.076평입상88 88 881454.052.023.61445 61944 717151730161420241560 040→↗입14.136.440.013.8613736.939.0103.0102.5 24 41 2412   14.20   14.10 5  0  2UN동53.64631818  .8 3.8 4.6646418 0일반주행보통주행 1관 0 1 5   5 9 9 6③1:43.04     .814.040.214.2 -5  1  .00 3 8  5 1.73779364957 4 8 5 63 8 5.01 3.02     4.2  9.1    8.7   21.4   28.3  .01627 0 5 4 0―  .140.00  .0826.05103.3 5.5714.0123.62 51222 4.2212.5024.76 7
20260823일 9180010국3 1 5  6 0 2강 2253           910서머파티        인디밴드어리틀포 7750.00한암 5 0 0   1    017:25 41250혼3이신우정영식   1 016 41235 1 4 235  0루이스   52.570기자보50 49 492626.045.026.82042112063 81919 0 02112202616451836→↘입14.836.840.913.51612                   28 38  321   14.20   13.40 2  6 -1VHUP54.05071818  .6 6.4 7.0454512 2최빈거리작전마주42트 010                            14.2    13.4        .0                       210 8 6  1                                              .02137 0 4 4 0― -.240.90  .78     117.6 6.7415.5926.75 8223410.6119.5829.86 5
20260809일 91600 8국313 9 66 1혼전 4451맑음건조 2 910서머파티        인디밴드어리틀포 6837.00한암 5 0 0 1 1   33      41250국3이신우정영식   1 115 3 135 1 4 234  0안드레50453.091기자적16 20 201424.054.031.82556 62063 81919 0 021123822 5451836↗→선14.837.239.913.5162436.839.4103.3102.7 29 39  421   15.50   15.00 8  0  0HHDN54.05071818 -.6 6.6 6.0575712-2교체실패기복전력64기 1 4 5   5 5 6 6⑥1:43.32½  1.414.239.013.4  1 -9  .00 6 5 -2 2.24173435444 8 4 6 52 1 1.02 3.07 1.3 3.6  1.3    4.3    6.1    6.8  .02053 0 5 7 0―  .239.90 -.4325.56103.7 9.3921.3031.76 81728 5.0613.3323.72 7
20260614일 6180011국351 8106 2혼전 4457비  건조 3 910서머파티        인디밴드어리틀포 7750.00한암 5 0 0 2 1  125      41250국3이신우정영식   1 214 21135 1 4 233  0푸르칸51353.080평자보37 48 481414.040.018.32256142063 8191929 02112142421451836↗↗추14.840.740.813.5171741.443.2121.7121.8 30 37  422   15.10   14.80 3 -3  1HN동54.05071818-1.2 6.6 5.4626212 0최빈거리단기승부52트 2 4111110 5 911⑪2:01.75    4.015.542.815.0  4  4  .0011 7  2 4.19289939710 9 9 4 80 1 1.08 3.07 3.3 7.2  3.3   48.8   71.5  129.8  .01234 0 3 4 0― -.840.60 -.1340.30119.1 4.5710.0018.34 2 714 4.1112.8220.93 7
20260523토 9180011국343 9 96 3혼전 4451맑음다습13 910서머파티        인디밴드어리틀포 7750.00한암 5 0 0 2 1   52      41250국3이신우정영식   1 313 11035 1 4 232  0김용근50952.085기자적84 65 651028.046.021.72754142063 8191922 02112312614451836↘↘선14.840.740.713.5151940.441.5120.3119.6 31 38  423   15.60   13.70 7 -1 -1NH동54.05071818-1.8 7.0 5.2666612 0최빈거리기복전력38트 0 71111 8 2 2 5⑤2:00.32½   .815.142.514.8  0 10  .00 5 5 -1 1.4605973776211 9 3 71 3 1.08 4.02 2.9 6.2  2.9   50.4   62.9  726.5  .01243-2 5 4-2▽ -.440.30 -.1938.15119.1 6.1313.8421.65 41118 5.0014.2124.21 8
20260405일 91800 9국432 7 86 4 3강 3351맑음양호 6 910서머파티        인디밴드어리틀포 7750.00한암 5 0 0 1 1  125      41250국4이신우정영식   1 412 8 935 1 4 231  0김정준49952.572기자하55 56 561817.045.027.01537102063 8191921202112142026402040↗↗추14.740.740.913.5161341.039.8117.6117.1 32 40  420   15.70   14.60 3  0  0LH동54.15081817-1.6 6.8 5.2686812 0일반주행기복전력70기 0 8 8 8 8 2 2 2③1:57.62½   .515.640.313.7 -3  2  .00 3 6 -3  .5 582315369 9 7 5 41 4 3.01 5.04 3.0 4.2  4.5    6.5   14.0   24.7  .01838 0 4 4 0― -.240.00 -.3735.47119.2 6.1114.8927.02 61526 5.2615.0023.55 5
20260315일 9180011국352 9106 5혼전 4451맑음양호 6 910서머파티        인디밴드어리틀포 7750.00한암 5 0 0 2 1   44      41250국3이신우정영식   1 511 7 835 2 4 230  0김용근49752.585기자적62 70 703046.059.028.12754142063 8191922 02112312614402040↘↘선14.740.740.913.5161340.841.9119.0118.5 33 42  025   15.30   13.20 2  4 -2LHUP54.15081817-1.6 6.2 4.6616112 1교체성공기복전력37기 0 8111111 6 711⑩1:59.0머리  .715.742.414.6  1  0  .0010 9  3 1.732738188651111 5 70 211.07 9.02 3.5 7.4 41.7  251.3  510.6  268.7  .03054 0 6 7 0―  .640.20 -.3936.89119.2 9.4018.4728.12122641 8.4016.6024.32 5
20260302월 7170011국553 2106 6혼전 4451비  다습10 910서머파티        인디밴드어리틀포 6837.00한암 5 0 0 1 1   25      33000국5이신우정영식   1 610 6 835 1 3 228  0김용근49754.085기입하26 31 313110.047.018.12754142063 8191922 02112312614332244↘↘선14.740.141.413.5282240.140.1109.4111.3 30 35  426   15.20   13.80 2 -3 -1HNDN54.15091817-1.8 6.6 4.8595912-1일반주행기복전력42기 1 41010 9 1 1 1①1:49.44    -.715.339.513.2 -5 -8  .00 1 6 -1  .0 26423299311 9 7 91 1 6.02 4.10 2.9 7.4 11.8   30.5   56.9  142.6  .01650 0 3 4 0― -.140.70 -.1129.80114.1 4.0010.0218.13 1 4 8 5.33 9.4716.42 9
20260215일 6180011국423 3 76 7혼전 4451맑음건조 3 910서머파티        인디밴드어리틀포 7750.00한암 5 0 0 2 1    5      33000국4이신우정영식   1 7 9 5 735 2 3 228  0김정준50554.572기입적33 46 461823.048.022.51537102063 8191921202112142026332244↗↗추14.740.641.013.526 741.940.5119.2120.2 32 36  523   15.90   14.00 2  4 -1NNUP54.15091817-1.4 6.2 4.8535312 1숨은복병기복전력60기 1 7111111101010⑧1:59.22½  1.715.240.213.8  1 -2  .00 8 7  0 1.9779455852910 8 6 80 3 1.0210.09 2.5 3.1  2.5    3.1    4.8   11.5  .02036 0 4 5 0― -.140.50 -.2838.56119.2 5.8213.3922.53 41118 3.8511.5420.50 8
20260131토 8170011국430 8 86 8혼전 4451맑음건조 2 910서머파티        인디밴드어리틀포 6837.00한암 5 0 0 9 1   35      33000국4이신우정영식   1 8 8 4 735 1 3 227  0김정준50755.072기입적49 64 643437.055.024.81537102063 8191921202112142026252550↗↗추14.639.941.513.5381540.341.7112.5112.9 29 38  524   14.90   14.40 3 -4  1HNDN54.05091814 -.6 5.4 4.8525212-1착차만회기복전력 5기 3 3101010 1 2 3④1:52.5코    .215.941.114.0 -3 -8  .00 4 7  2  .33271687875 810 6 71 2 8.03 7.04 1.7 3.3 43.9  177.0  620.8   58.312.72866 2 5 6 2―  .441.10 -.2231.51114.0 7.2515.3824.82 41118 3.9613.1524.70 7
20260110토 9180011국412 9 66 9 2강 2254눈  양호 8 910서머파티        인디밴드어리틀포 7750.00한암 5 0 0 2 1   5516:55 33000국4이신우정영식   1 9 7 3 635 1 3 226  0정우주51554.059기입하 6 12 1211 6.033.013.11250 72063 8191917202112163013252550↗→입14.540.341.013.445 841.342.0119.5118.6 25 35  525   15.30   14.70 4  4  0NN동54.05091814-1.2 5.6 4.4565612 0일반주행기복전력52기 1 7101111 5 5 4③1:59.51¼   .214.942.414.4 -2 20  .00 3 5 -1 1.0378683937810 9 9 92 4 4.0111.02     3.9  9.6    8.3   25.8   23.5  .01623-2 2 2-2▽-1.340.60  .0437.34119.0 2.08 6.8913.07 2 610 1.14 4.37 9.89 7
20251214일 41800 8국451 9 5610혼전 4451맑음불량20 910서머파티        인디밴드어리틀포 7750.00한암 4 0 0 2 1   73      33000국4이신우정영식   110 6 2 535 1 3 225  0김정준49554.072평추상19 52 521036.051.025.91537102063 8191921202112142026252550↗↗추14.340.341.013.4441040.842.1119.6119.9 26 37  532   14.90   14.30 6 -5 -1HN동54.05091814-2.2 6.6 4.4595912 0적정체중거리속성83기 0 3 7 7 7 2 6 6⑦1:59.62    1.815.342.614.7  1-16  .00 7 6 -2 2.06973849033 7 8 8 72 1 1.04 6.05     4.5  2.0    6.6   10.3    9.3  .02551 0 5 6 0―  .040.80 -.2538.57119.0 7.2415.6325.85 41118 5.2114.2123.47 7
20251102일 8180011국452 910611 2강 2251맑음건조 5 910서머파티        인디밴드어리틀포 7750.00한암 4     1 1  158      33000국4이신우정영식   111 5 1 435 2 3 1 0  0조한별51154.560기추적38 40 40 1 3.035.0 8.71421112063 8191920 02112122118142957→↘입14.340.640.913.4251539.541.8119.4119.0 28 33  628   15.00   12.5016  2  1LN동53.95091814-1.4 7.0 5.6454512 0일반주행휴양불리39기 0 810 8 8 2 2 2②1:59.45     .014.941.414.3 -6 -4  .00 2 8  3  .94522816592 810 5101 2 1.0811.08 2.2 5.5  2.2   34.8   47.7   36.9  .016 6-4 2 4-4▼-1.440.40  .0737.53119.1 1.03 3.03 8.69 41118  .12 1.44 4.1010
20250713일 71800 8국510 9 1612 3강 3351흐림양호 6 910서머파티        인디밴드어리틀포 7750.00한암 4 0 0 2 3  459      33000혼4이신우정영식   112 4 6 335 1 3 123  0조한별51554.065기추하45 51 51 818.045.022.31150 61963 9191920 02112122118142957→↗입14.340.640.613.4243340.449.3127.0126.3 29 35  629   14.50   14.4010  1 -1NN동53.95091814-2.2 6.6 4.4626212 0주행고전휴양탐색50기 1 6 8 8 8 6 8 8⑧2:07.0대차 8.214.949.718.5  3  2  .00 8 5  2 8.599569999 7 8 5 4 50 1 2.07 9.01 1.6 3.3  5.8   86.1  174.6  119.6  .03626-1 4 5-1▽ -.441.20 -.1345.14119.0 5.0112.5622.25 92133 2.4410.0019.75 6
20250504일10180010국420 9 7613혼전 4451맑음다습13 910서머파티        인디밴드어리틀포 7750.00한암 4 0 0 1 4  65817:30 33000국4이신우정영식   113 3 5 235 3 3 122  0정우주51354.569기추적66 70 705867.065.048.2183312156011191917202112163013142957→→입14.340.440.413.3344140.641.2118.9119.1 31 38  631   14.80   13.70 3 -2  4NN동53.95091814-3.6 8.0 4.4616118 0적정체중작전마주 1기 2 5 5 6 9 4 5 7④1:58.91½   .414.542.414.4  1  4  .00 4 3 -3 1.14667707771 4 6 2 12 3 2.07 6.03     3.6  3.1   46.8   65.7  341.512.73061 2 8 8 2▲ 1.140.60 -.6038.25118.919.0834.3848.1634536614.1029.2745.17 2
20250412토 61800 9국413 9 6614혼전 4459비  양호 7 910서머파티        인디밴드어리틀포 7750.00한암 4 0 0 2 4  73517:35 33000국4이신우정영식   114 2 4 135 2 2 121  0정우주50951.069기추적29 19 194211.041.022.0183312156011191917202112163013 03367→→입14.240.640.113.3185739.940.5116.8116.1 27 33  733   15.10   13.60 2  6  0LUUP54.45091814-2.2 7.8 5.6474712 1일반주행기복전력 1기 3 7 6 6 6 2 2 1①1:56.85    -.814.841.013.7 -5 -6  .00 1 6 -5  .0 136524099 8 3 5 61 2 6.07 7.04     3.7 16.1   88.9  229.6   41.7  .01631 0 3 5 0― -.740.00  .0135.42118.8 5.4511.6621.95 41118 3.03 8.6316.44 8
20250330일 7170011국451 310615혼전 4451눈  건조 3 910서머파티        인디밴드어리틀포 6837.00한암 4 0 0 9 4  76615:15 33000국4이신우정영식   115 1 3 635 1 2 120  0정우주51551.069기추적26 21 2164 7.038.011.3183312156011191917202112163013 03367→→입14.240.040.413.3328040.540.8112.1113.5 29 36  736   15.30   14.10 2 -5 -1UU동54.45091714-1.8 7.2 5.4535312 0일반주행기복전력 1기 0 1101010101111⑦1:52.1¾   1.315.140.513.6 -4  2  .00 711  1 2.0487747644110 211113 1 7.02 9.06    10.7 14.0   48.4  124.7   55.0  .01952 0 2 3 0― -.941.10  .6333.07113.4 2.79 6.1611.32 0 2 5 1.90 4.42 8.6711
20260823일10120011외2 4 1  2 0 3강 3351          10 1정상에이스      MOHAYMENTOP SHEE 2030.00미수 5 0 0   1    017:55 495002등강환민정동진   0 01611 518 3 3 218  0김정준   53.573기입적50 49 495413.040.014.9153710185411231810 019201420265050 0↗↗추13.836.738.513.38465                   46 54 4631   13.80   13.00 5 -3 -1UH동54.44751812 -.2 6.2 6.0525213 0일반주행기복전력39관 0 1                            13.8    13.0        .0                       6 8 811  3                                              .01618-3 3 2-3▽ -.838.50  .85     75.61 3.31 7.6014.93 1 3 5 2.06 7.4413.1210
20260718토101200 9외254 2 52 1 1강 1151흐림포화1810 1정상에이스      MOHAYMENTOP SHEE 2030.00미수 5 0 0 2 1   82      495002등강환민정동진   0 11510 418 2 3 217  0김정준48854.073기도적65 75 758559.055.031.6153710185411231810 019201420265050 0↗↗추13.736.738.613.2846137.038.3 73.2 75.4 50 50 5033   13.30   13.70 4  2  0HHDN54.44751812 -.8 7.2 6.4515113-4전개유리기복전력 5   0 4 5     5 5 7⑦1:13.22    1.713.837.213.0  2  5  .00 7 5  0 1.82640312432 4 6 4 52 2 1.03 9.02 2.2 3.3  2.2    4.8    7.4   18.8  .02458 0 6 5 0―  .438.70  .31  .1075.67 8.5619.4531.57 61526 5.0715.0225.51 5
20260621일 91600 9외253 4102 2혼전 4459맑음포화1610 1정상에이스      MOHAYMENTOP SHEE 20     미수 5 0 0 2 1   62      495002등강환민정동진   0 214 9 718 1 3 216  0김정준48354.072기입적 7  2  21420.049.030.3153710185411231810 019201420263367 0↗↗추13.835.938.813.2898335.940.0 99.8102.3 45 45 4527   13.70   16.00 4 -6  1UN동54.54731812  .4 7.4 7.8363613 0교체실패기복전력 5관 0 2 1   1 1 1 1③1:39.8¾    .013.339.313.7 -2-10  .00 3 5 -3  .12814634679 1 1 9 51 1 3.01 5.10 3.1 6.3  5.4    7.6   15.6   20.1  .02548 1 5 6 1―  .038.80  .7127.60102.310.5420.4430.27 81728 6.4514.0825.00 7
20260523토 7160010외211 5 12 3 3강 3351맑음다습1310 1정상에이스      MOHAYMENTOP SHEE 20     미수 5 0 0 2 1   74      495002등강환민정동진   0 313 8 618 1 3 215  0푸르칸49353.579기입보38 38 381432.046.024.1225614185411231817 019201424213367 0↗↗추13.836.238.813.1748735.944.4104.8106.9 45 55 4545   13.50   15.10 5  6 -2NHUP54.54731812  .0 7.0 7.0434313 2선행실패기복전력25관 0 8 1   1 1 3 8⑩1:44.87    4.313.743.816.0  2  6  .0510 8  5 6.097149998 8 4 2 7 51 4 1.03 3.09 1.2 2.8  1.2    4.5    5.1   28.911.22737 0 5 5 0― -.338.80  .7231.87102.5 5.9413.9924.12 81728 3.9412.6120.06 7
20260419일10140011외251 8102 4혼전 4459맑음건조 310 1정상에이스      MOHAYMENTOP SHEE 20     미수 5 0 0 2 1   82      495002등강환민정동진   0 412 7 318 1 3 214  0해리카48755.566기입하27  9  95821.040.015.6144411185411231816 019201726123367 0↗→입13.836.638.913.1777636.141.0 89.2 89.1 50 70 5050   13.50   14.70 4 -8  1UN동54.54731812  .0 7.0 7.0434313 0일반주행기복전력34관 0 2 1     1 1 1⑤1:29.2½    .613.541.315.1  2  3  .00 5 3 -6 1.254 7876766 3 510 91 1 2.07 9.06 2.9 6.6  4.8   19.4   41.4   18.1  .01633 0 5 4 0― -.839.40  .8013.6088.25 3.63 8.2215.62 2 610 4.55 9.4217.06 9
20260321토11140011외214 4 12 5혼전 4451맑음건조 510 1정상에이스      MOHAYMENTOP SHEE 20     미수 5 0 0 2 1   74      495002등강환민정동진   0 511 6 218 3 3 213  0푸르칸48455.079기입적43 49 494345.051.019.7225614185411231817 019201424213367 0↗↗추13.836.638.813.2748036.641.0 88.5 90.1 56 67 4444   13.50   13.70 6  7  1LNDN54.54731812 -.2 5.4 5.2585813-2트립기대기복전력56관 010 3     3 4 4⑩1:28.51¼  2.413.540.614.7  1  4  .0010 9  8 2.88021877819 5 5 8 70 3 1.05 1.03 1.3 3.2  1.3   11.9   13.3   13.7  .02228 0 5 6 0―  .039.60  .7614.7388.18 5.2011.8919.69 41118 6.9413.6720.82 7
20260207토10160010외251 3102 6 2강 2257맑음건조 210 1정상에이스      MOHAYMENTOP SHEE 20     미수 5 0 0 2 1  106      495002등강환민정동진   0 610 5 518 2 3 212  0푸르칸48054.079기입상72 64 641489.061.059.6225614185411231817 019201424213367 0↗↗추13.836.438.813.2638536.240.4100.7103.2 56 67 4444   13.30   13.10 7 -4 -1UHUP54.54731812  .8 3.8 4.6626213 4일반주행기복전력25관 0 3 2   2 2 2 4④1:40.7¾    .613.539.413.7  3 -6  .09 4 1 -8 2.55232696462 3 2 1 21 2 3.06 2.01 3.5 6.6  5.2   22.3   45.9  178.5  .03755 3 7 7 3― 1.138.80 -.2228.00102.624.9244.1259.6021415724.3947.7667.39 2
20251221일11120011외254 1102 7혼전 4451맑음다습1310 1정상에이스      MOHAYMENTOP SHEE 2030.00미수 4 0 0 2 1  128      495002등강환민정동진   0 7 9 4 318 1 3 211  0푸르칸48655.080기입보32 33 333417.040.011.4225614185411231817 019201424213367 0↗↗추13.836.938.313.2677636.438.3 72.6 74.8 63 50 3838   14.00   13.90 8 -3  1NNDN54.54731812  .8 3.8 4.6626213-2가는대로기복전력38기 0 7 4     5 6 6⑤1:12.61¾   .513.337.213.1 -4  5  .00 5 9 -1 1.2111231 965 7 811112 1 1.07 9.11 2.8 6.2  2.8   20.7   32.5   94.1  .01227 0 3 3 0― -.838.30  .96 -.4075.61 2.21 5.4811.37 0 2 5 3.25 9.4114.4710
20251025토11140011외224 1 72 8혼전 4451맑음건조 510 1정상에이스      MOHAYMENTOP SHEE 20     미수 4 0 1 9 1  188      495002등강환민정동진   0 8 8 3 118 1 3 210  1김용근48154.085우입적27 27 277334.046.017.02754141854112318333319203126143367 0↘↘선13.836.738.713.1728536.840.3 87.9 89.8 71 57 4343   13.30   15.20 4  7 -2LHDN54.54731812 1.2 2.0 3.2747418-2인기탐색보통주행65트 11010    111111⑨1:27.92½  1.814.039.713.9 -1-17  .00 910  4 2.07333777027 8 310 80 4 1.0711.01 2.4 3.6  2.4   25.4   37.1   66.9  .03156 0 5 6 0― -.339.40  .8414.4188.18 3.64 9.1016.96 2 610 2.47 8.8613.4210
20250927토10160010외232 1 82 9혼전 4451맑음다습1110 1정상에이스      MOHAYMENTOP SHEE 20     미수 4     9 2  254      495002등강환민정동진   0 9 7 2 418 1 3 2 0  0이동하49855.590강입하50 47 471470.060.038.92442171550 82318231319202524193367 0→↗선13.936.438.813.1598335.443.0102.2104.7 83 67 3350   14.00   13.3044 -3  2UN동54.54731812  .4 1.0 1.4919118 0일반주행보통주행43트 1 3 2   2 2 2 6⑩1:42.23    3.313.342.315.2  4 19  .0010 6  5 4.389 49693 9 5 1 6 41 2 1.04 1.10 2.0 3.8  2.0   16.9   24.5   22.1  .05085 4 8 9 4▲ 1.038.80  .2729.50102.614.0026.2738.8810223511.3226.2940.57 4
20241116토11160010외244 3 9210 1강 1151비  양호 610 1정상에이스      MOHAYMENTOP SHEE 20     미수 3 0 1 2 6 116418:00 495002등강환민정동진   010 6 1 318 2 3 2 8  1김용근47954.088우입하83 98 981486.058.034.52846222150 92318333319203126143367 0→→선13.936.238.813.1738335.940.3100.7103.0 83 67 3350   13.50   13.20 6  1 -3NH동54.54731812 1.8 1.0 2.8797918 0숨은복병승군시기 1기 1 6 6   6 6 7 6⑤1:40.7목   1.013.539.713.9  4  6  .02 5 1  0 1.05719706150 6 2 4 30 3 3.04 2.10     7.3  4.6   15.1   25.9   18.0  .03778 3 8 8 3▲ 1.138.80  .4728.03102.510.9822.5534.50 4122113.2725.3539.16 4
20241006일 8160010외352 410211혼전 4451흐림건조 310 1정상에이스      MOHAYMENTOP SHEE 20     미수 3 0 1 1 7 128616:30 41250혼3강환민정동진   011 5 5 218 1 2 2 7  1김용근47357.091우입하65 64 641464.056.026.42942152150142318333319203126145050 0↘→선13.936.338.813.0688536.738.6 99.9102.4 80 80 4060   13.80   14.30 7 -4  0NLDN53.34731812 2.3 1.0 3.3757518-2연대우수보통주행 1기 1 5 2   2 4 1 1①1:39.93    -.613.537.913.2  0  5  .00 1 1  0  .03665232695 4 2 9 72 2 1.07 5.09     9.1  3.1   22.5   36.9   67.6  .03358 1 7 9 1―  .538.80  .6327.30102.5 7.6716.6726.35 4122111.4021.2227.75 5
20240818일 9180011외341 7 4212혼전 4451맑음건조 310 1정상에이스      MOHAYMENTOP SHEE 20     미수 3 0 1 2 8 141217:30 41250혼3강환민정동진   012 4 4 318 5 2 2 6  1문세영46857.093우입하71 81 817387.068.044.1455325212510231843 019202936155050 0→→입13.939.840.113.0676939.540.9118.2119.6 80 80 4060   14.10   12.9013 -2  3NB동53.34731812 2.7 1.0 3.7717118 0전개최상연대우수 1기 1 9 3 3 4 3 3 4⑦1:58.21¼  1.613.840.814.3  6-11  .03 7 1  0 2.16123634135 2 7 2 20 5 5.02 7.05     3.9 12.6   22.1   59.1   99.4  .04090 3 9 9 3★ 1.441.20 -.2539.69118.517.9732.3544.1135556926.2645.0555.19 1
20240518토11180011외310 3 6213 1강 1151맑음양호 810 1정상에이스      MOHAYMENTOP SHEE 20     미수 3 0 1 2 9 166818:00 41250혼3강환민정동진   013 3 3 218 4 1 2 5  1문세영47954.593우자보60 66 669193.066.061.04557 02057 4231843 01920293615 099 0↗→입13.839.740.513.0704839.339.0117.8118.0 75 75 2550   14.20   13.00 9  3  3VN동52.04661812 3.5 1.0 4.5646413 0뒷심문제전개최상 1관 111 2 1 1 1 1 1①1:57.81½  -.214.138.812.9  0 10  .00 1 1  0  .0171612 291 1 9 4 11 4 1.0511.09     4.9  1.4    6.1    7.2   29.1  .04997 4 9 9 4☆ 1.741.10 -.7237.81118.630.5049.6161.0437587133.3357.0170.43 1
20240316토10180011외350 410214혼전 4451맑음건조 310 1정상에이스      MOHAYMENTOP SHEE 20     미수 3 0 1 210 186517:30 41250혼3강환민정동진   014 2 2 118 3 1 1 4  1문세영46952.093기입적32 31 318376.061.034.54855 01964 9231843 01920293615 099 0↘↗입13.839.441.212.9941939.839.5117.5117.6 67 67 3367   13.90   13.30 6  2  0NUUP52.04661812 7.0 1.0 8.0353513 2승군불리기복전력 1관 1 8 4 4 5 5 5 4②1:57.55     .014.239.113.0  1  7  .00 2 1  0  .8 834221381 111 9 63 3 3.0110.08     7.1  4.4    8.8   18.6   17.2  .02882 1 7 7 1△  .841.40 -.2536.95118.811.0522.6234.51 5122215.6527.7638.99 3
20240204일 7160010외352 510215혼전 4461맑음양호 610 1정상에이스      MOHAYMENTOP SHEE 20     미수 3 0 1 110 196715:40 41250혼3강환민정동진   015 1 1 118 2 1 1 3  1문세영46252.093강입보98 35 3514  .065.034.54855 01964 9231843 01920293615 099 0↘↗입13.836.638.912.9489236.438.8101.7102.0 67 67 3367   13.70   13.10 6 -4 -4NUUP52.04661612         2.0    13 3전개최상보통주행 1기 2 6 5   5 6 6 6④1:41.7코    .313.938.713.3  3 -8  .01 4 1  0  .62147282573 5 310 22 2 7.04 8.07     7.6 12.6   50.4  115.0   71.812.73481 2 8 9 2▲ 1.238.90  .2326.47102.812.4523.7034.52173753 8.8216.4274.19 7
20260823일10120011국2 4 1  5 0 3강 3351          10 2라온사일런스    머스킷맨갤어바웃 8625.00한암 4 0 1   1    017:55 495002등이강서손천수   1 015 3 414 1 4 514  1조재로   52.588강선보50 77 779675.058.039.83352146488432064 04850 01925228614 0↗↘입13.636.638.413.98965                   82 73 64 9   13.30   14.10 7 -6  0UHDN53.44831613 -.2 1.8 1.6909014-2전개최상전개최상44기 0 2                            13.3    14.1        .0                       4 5 1 2 12                                            12.24189 2 8 8 2▲  .738.40  .24     75.5014.0927.6539.7715314713.4027.9139.36 2
20260704토10140010국250 3105 1혼전 4451흐림건조 410 2라온사일런스    머스킷맨갤어바웃 7230.00한암 4 0 1 1 1  122      495002등이강서손천수   1 114 2 314 1 4 413  1장추열48352.593강입적64 76 769775.066.043.02950126488432064 0 050 02027228317 0↘↗입13.636.439.513.9903336.439.3 86.3 88.0 80 70 6010   13.80   14.80 6  6  0NHDN53.54831613 -.6 2.0 1.4909014-2승부최상전개최상76기 1 8 1     1 1 1②1:26.3목    .013.338.914.1  0-10  .00 2 2  0  .11414451886 1 8 4 21 1 4.02 9.08 2.8 5.2  7.5   14.1   35.3   34.7  .05199 4 9 9 4☆ 1.739.30 -.1612.0688.5218.1231.2543.0220395511.3025.0038.46 3
20260523토 7160010국211 6 15 2 3강 3351맑음다습1310 2라온사일런스    머스킷맨갤어바웃 7230.00한암 4 0 1 2 1  114      495002등박종곤손천수   1 213 1 114 1 4 412  1조재로49352.588강입상98 99 991489.062.051.73352143550222831454827 91925228317 0↗↘입13.635.940.213.8922435.741.9102.0104.0 70 60 6010   13.20   14.50 7 -8 -1UHUP53.54831613-1.2 2.6 1.4909014 2승부최상승부최상44기 0 2 2   2 2 1 3⑦1:42.0코   1.513.841.114.8  5  2  .01 7 2  1 3.278 9918539 110 1 2111 1.03 3.09 1.2 2.8  1.2    4.5    5.1   28.9  .04996 4 9 9 4▲ 1.140.20 -.4427.93103.120.3937.8151.7317375323.6240.3451.81 1
20260404토11140011국353 3105 3혼전 4451맑음양호 610 2라온사일런스    머스킷맨갤어바웃 7230.00한암 4 0 1 1 1  134      41250국3박종곤손천수   1 312 1 214 1 3 411  1이동하49153.591강입상99 97 978883.066.050.13254143550222831303027 92524198020 0↗↘선13.636.439.413.8904435.739.8 87.1 87.4 78 67 4411   13.40   13.60 5  7  0LN동53.54821413-1.2 2.6 1.4909014 0연대우수승부최상58기 110 1     1 1 1①1:27.13    -.513.239.914.5  0 -1  .00 1 1 -2  .0 6 2631696 2 8 1 11 1 1.0210.02 2.8 6.3  2.8    6.5   12.7    7.810.54998 4 9 9 4☆ 1.539.20 -.2811.6488.4521.4639.0450.0720425718.4535.1947.89 1
20260302월 6140011국453 6 55 4혼전 4451비  다습1010 2라온사일런스    머스킷맨갤어바웃 7230.00한암 4 0 1 1 1   89      33000국4박종곤손천수   1 411 3 114 8 2 410  1조재로49253.588강입하89 97 978483.069.052.33352143550222831454827 91925227525 0↗↘입13.636.439.713.8862736.438.5 86.4 87.2 75 50 6313   13.70   13.40 7 -6  1HNUP53.54791413-1.2 3.2 2.0838312 2전개최상연대우수67기 0 3 1     1 1 1①1:26.45    -.913.438.513.6 -2  2  .00 1 3  2  .0 31318 397 3 5 3 1110 3.04 3.02 1.9 3.5  7.0   25.4   59.9   12.310.54989 4 9 9 4☆ 1.639.10 -.5211.0688.6623.2740.5752.3234536617.9234.2346.76 1
20260111일 6120011국413 6 65 5혼전 4451맑음양호 610 2라온사일런스    머스킷맨갤어바웃 8625.00한암 4 0 1 2 1  110      33000국4박종곤손천수   1 510 2 314 7 2 3 9  1조재로49053.088강입보96 96 969182.069.056.93352143550222831454827 91925227525 0↗↘입13.636.638.814.0874136.938.4 75.7 75.3 71 43 5714   13.60   13.00 6  0  1NN동53.54791313-1.6 3.6 2.0838312 0전개최상전개최상 5기 1 9 1     3 3 1②1:15.72     .013.738.513.4  1  5  .00 2 1 -1  .42336352584 2 8 1 12 9 7.01 7.09 1.4 4.9 19.8    8.2   33.9   21.210.54190 3 9 9 3★ 1.538.70 -.47 -.1175.7226.1546.9656.8634536624.1839.5952.60 1
20251129토 8120011국421 2 25 6혼전 4451흐림다습1010 2라온사일런스    머스킷맨갤어바웃 8625.00한암 3 0 1 9 1  12416:05 33000국4박종곤손천수   1 6 9 1 214 6 2 2 8  1조재로48552.088강입상85 94 949784.068.052.93352143550222831454827 91925226733 0↗↘입13.636.539.314.0943037.136.4 72.5 74.2 67 33 67 0   13.20   13.70 6 -1 -3NUDN54.04771313-1.4 3.4 2.0838313-1연대우수전개최상44기 0 9 2     2 2 2②1:12.51½   .013.636.413.0  0 15  .00 2 2 -1  .3 242 1 177 1 7 1 11 8 1.02 1.09     2.3  1.7    2.3    3.1    4.510.55094 4 9 9 4☆ 1.638.50 -.58-1.6575.9525.1841.4552.9334536627.0846.3259.39 2
20251018토 4130011국554 3105 7혼전 4451흐림불량2010 2라온사일런스    머스킷맨갤어바웃 7230.00한암 3 0 0 2 2  217      24750국5박종곤손천수   1 7 8 4 714 5 1 2 7  0조재로47055.087우입상82 88 888881.069.043.92341 72953132831454827 919252299 0 0→↗입13.636.739.914.0933036.639.4 81.0 82.4 60 20 60 0   13.20   13.90 6  2  3BL동53.54811313  .2 3.0 3.2717112 0승부최상연대우수62기 010 3     3 3 3①1:21.0½    .013.239.013.7 -2-13  .00 1 3 -1  .022 8541982 310 2 22 7 3.0410.07 2.6 9.0  6.0   25.2   36.0  148.610.53784 3 9 9 3★ 1.540.20 -.27 5.8383.0317.5034.0243.8634536620.3735.8145.09 2
20250907일 4130010국541 1 45 8혼전 4451맑음포화1610 2라온사일런스    머스킷맨갤어바웃 7230.00한암 3 0 0 1 2  312      24750국5박종곤손천수   1 8 7 3 614 4 0 2 6  0조재로48352.087우입상47 59 598772.066.061.72341 72953132831454827 919252299 0 0→↗입13.736.839.914.0902736.239.3 79.8 81.4 50  0 50 0   13.50   14.40 5  1  0NUUP55.04791313 1.0 2.8 3.8666612 1가격혈통승부최상35기 0 8 1     2 2 1①1:19.81¼  -.313.238.713.9 -3  0  .00 1 4 -2  .0 3 251 889 1 8 4 11 6 4.08 8.02 2.2 3.5  7.8   92.2  197.7   72.0  .04491 3 8 9 3▲ 1.339.90 -.82 4.7083.1023.9745.0361.6734536623.7541.2154.65 3
20250802토 3120011국544 4 95 9혼전 4451맑음건조 310 2라온사일런스    머스킷맨갤어바웃 8625.00한암 3 0 0 1 3  40912:15 24750국5박종곤손천수   1 9 6 2 114 3 0 2 5  0조재로48352.086우입하23 32 328165.064.041.82844182446 62831454827 919252299 0 0↘→입13.736.839.513.9832236.938.8 75.7 75.8 67  0 67 0   13.70   14.90 6  6  0NUDN55.04791313 2.0 1.7 3.7676713-1연대우수가격혈통65기 0 7 3     4 4 3④1:15.72     .613.539.314.4 -2 -1  .00 4 6  1 1.23828493360 5 8 9 12 5 1.04 3.05     5.3  2.3    8.0   13.3   13.0  .03778 3 8 9 3▲ 1.138.70 -.54 -.4976.2316.5530.0241.84345366 9.9122.3333.13 5
20250622일 3130011국533 7 8510혼전 4451맑음포화1510 2라온사일런스    머스킷맨갤어바웃 7230.00한암 3 0 1 2 3  52311:25 24750국5박종곤손천수   110 5 1 514 2 0 2 4  1조재로48452.086하입보38 58 588080.072.049.32844182446 62831454827 919252299 0 0↘→입13.736.939.913.9872237.441.5 84.6 85.4 67  0 67 0   13.60   13.80 6 -5 -3UU동55.04791313 3.5 1.0 4.5575713 0승부최상연대우수46기 1 1 4     6 710⑨1:24.64    2.513.741.314.9  4  5  .02 9 5  2 3.49342949218 3 8 4 20 4 2.0411.09     4.5  4.3   17.1   33.8   10.412.73780 2 8 9 2▲ 1.640.70 -.52 8.5583.1621.3937.4049.3237597122.7339.7852.55 1
20250511일 3130011국640 9 4511혼전 4451흐림포화1910 2라온사일런스    머스킷맨갤어바웃 7230.00한암 3 0 0 2 4  64411:25 16500국6박종곤손천수   111 4 4 414 1 0 1 3  0조재로47955.083하입보34 59 597990.076.065.52863 81513102831454827 9192522      ↗↘입13.737.239.913.9643336.540.1 82.6 82.8 50  0 50 0   13.70   14.50 6  4  1NL동       1313 6.0 1.0 7.0303013 0가격혈통승부최상 1   0 6 1     1 1 2②1:22.65     .013.639.813.8 -1  5  .00 2 3  2  .934 6754091 2 7 5 11 3 2.03 1.06     2.3  3.2    9.9   16.0    5.010.65297 4 9 9 4☆ 2.239.80-1.15 5.6983.3529.3150.7465.4537597129.3151.5352.59 1
20250330일 2130011국650 910512 1강 1152맑음건조 310 2라온사일런스    머스킷맨갤어바웃 7230.00한암 3 0 0 9 4  77111:00 16500국6박종곤손천수   112 3 3 314 1 0 0 2  0정우주47454.069하입하25 35 3548  .052.027.11833121513102831272227 9163013      →→입13.937.739.713.6405236.340.6 85.4 83.4  0  0  0 0   14.00   14.0013 -9  1HN동       1313         7.0    13 0마방기습가격혈통 1기 1 2 1     2 5 3②1:25.48     .013.741.714.5  1 -3  .00 2 1  0 1.356 3854990 5 5 9 62 1 6.01 3.02     7.0 10.8   14.2   42.4   57.2  .03139-1 5 7-1▽  .039.50 -.29 6.0083.55 8.5117.4827.12 5122210.0018.9750.15 5
20241229일 2130011국642 6 9513 3강 3356맑음건조 410 2라온사일런스    머스킷맨갤어바웃 7230.00한암 2 0 0 9 6 103011:00 16500국6박종곤손천수   113 2 2 214 2 0 0 1  0조재로47753.087평무보39 35 3570  .071.055.93139233363132831454827 9192522      ↘↘입13.837.539.013.0478037.839.2 85.0 83.7              13.80   13.30 4  2 -1NN동       13 0         4.0     0 0마방연대마방기습 1기 111 4     4 5 6⑦1:25.01½  1.714.040.314.0  6  2  .00 7 1 -1 2.56659485330 5 3 9 22 2 4.06 2.01     4.3  6.6   46.7   78.9   46.9  .02969 1 7 8 1▲ 1.339.70 -.53 7.2182.9723.8242.2655.9035556912.6322.9263.10 5
20241130토 11300 9국420 9 7514 3강 3355흐림포화1810 2라온사일런스    머스킷맨갤어바웃 7230.00한암 2     9 6 113010:35 24750국4박종곤손천수   114 1 1 114 1 0 0 0  0조재로47554.087평무보   35 3540  .066.068.23139233363132831454827 9192522      ↘↘입13.837.539.613.1    37.639.0 83.4 83.4              13.80   13.40        NN동       13 0                 0 0일반주행마방연대 1기 1 9 4     6 8 8④1:23.45    1.313.838.813.3  2 10  .01 4 2  0 1.55550413942 2 2 5 23 1 4.01 2.07     3.6 15.6    4.7   17.2   10.411.83180 2 7 9 2▲ 1.539.60-1.23 6.2783.3525.4352.1568.2012274112.0023.9144.52 7
20260823일10120011외2 4 1  3 0 3강 3351          10 3몬탁챗          프레저베AGGREGAT 91     미수 5 0 0   1    017:55 495002등임채덕조금제   2 016 8 332 1 3 332  0오수철   53.561평입보50 40 4034 8.040.019.3 720 5 750 3 9 8 0 0 7 0112215331133↘↗입14.237.837.813.3 989                   31 50  831   13.80   13.50 9  2  3HNDN52.64832314-1.0 8.0 7.0404012-4일반주행보통주행38관 0 3                            13.8    13.5        .0                      11 111 8  1                                            11.21839 0 2 2 0― -.537.80  .51     75.84 5.4912.1819.34 1 3 7 2.06 5.58 9.6211
20260621일 91600 9외253 4103 1혼전 4459맑음포화1610 3몬탁챗          프레저베AGGREGAT 9133.00미수 5 0 0 2 1  153      495002등임채덕조금제   2 115 7 532 2 3 331  0조성환48451.053평입상50 51 511457.057.042.6 718 6 750 3 9 8 0 0 7 0101620381338↘→추14.237.339.013.3 85736.339.8100.6103.1 32 52  832   14.60   12.70 2 -2  0UUUP52.84832314-1.4 8.6 7.2393912 2착차만회부중영향 5기 0 1 5   5 7 6 7⑥1:40.63     .913.839.013.5  0  1  .00 6 6 -2  .9554255535610 2 3 20 2 3.01 5.10 3.1 6.3  5.4    7.6   15.6   20.112.73159 2 7 8 2▲  .639.00 -.3226.80103.216.6030.5642.6417375316.1328.1736.84 3
20260607일101400 9외213 4 63 2혼전 4451맑음양호 610 3몬탁챗          프레저베AGGREGAT 9133.00미수 5 0 0 1 1   21      495002등임채덕조금제   2 214 6 932 1 3 330  0조성환48351.053평입보 5  1  131 9.038.011.5 718 6 750 3 9 8 0 0 7 0101620381338↘→추14.237.538.713.4146138.537.4 88.2 88.3 29 54  433   14.10   14.00 2 -1 -4HUDN52.84832314 -.4 8.6 8.2282812-2최빈거리부중영향47기 0 3 8     9 9 7⑤1:28.2¾    .214.637.312.7 -3 -5  .00 5 8 -2 1.12196 1217511 211103 1 3.04 5.02 1.9 4.5  7.2   20.9   32.6  157.5  .02243-2 3 4-2▽-1.038.30  .5012.0888.73 2.01 6.1711.47 1 4 8 3.03 5.8010.51 9
20260523토 7160010외211 5 13 3 3강 3351맑음다습1310 3몬탁챗          프레저베AGGREGAT 9133.00미수 5 0 0 2 1   34      495002등임채덕조금제   2 313 5 432 4 3 329  0김철호48854.565평자하13 20 201413.041.019.01046 4 750 3 9 81315 7 0142025381338↘↗추14.237.138.813.4186136.941.5103.5105.6 30 52  435   14.40   13.60 5  3 -3HNUP52.84832314-1.6 8.2 6.6444412 2일반주행부중잇점54관 0 4 5   5 8 910⑨1:43.52    3.014.140.714.0 -1 -2  .00 910  2 4.79480869214 9 3 9 7017 1.03 3.09 1.2 2.8  1.2    4.5    5.1   28.9  .01612 0 4 5 0― -.738.80  .4329.73103.0 4.6610.2018.96 41118 1.57 6.7212.53 8
20260419일10140011외251 8103 4혼전 4459맑음건조 310 3몬탁챗          프레저베AGGREGAT 9133.00미수 5 0 0 2 1   82      495002등임채덕조금제   2 412 4 832 3 3 328  0김철호49057.065평자보20 15 154713.037.011.21046 4 750 3 9 81315 7 0142025381338↘↗추14.237.338.613.4326938.139.0 90.0 89.9 32 50  541   15.10   13.40 4 -8  1UB동52.84832318-2.0 7.6 5.6515112 0발길대로부중잇점16관 0 1 9    111111⑨1:30.01    1.414.439.313.6  1  9  .00 9 8  0 2.0769134674210 1 810016 2.07 9.06 2.9 6.6  4.8   19.4   41.4   18.1  .01514-2 3 2-2▽-1.138.80  .6814.0088.52 2.41 5.6011.24 1 4 8 2.27 8.3815.0510
20260321토11140011외214 4 13 5혼전 4451맑음건조 510 3몬탁챗          프레저베AGGREGAT 9133.00미수 5 0 0 2 1   74      495002등임채덕조금제   2 511 3 732 2 3 327  0김철호48156.565평자보36 46 464717.040.012.21046 4 750 3 9 81315 7 0142025381338↘↗추14.237.138.813.3445739.338.3 88.2 89.8 33 52  529   14.30   13.30 3 -2  1LB동52.84832318-1.8 7.8 6.0535312 0착차만회단기승부42기 0 911    111110⑥1:28.21¼  2.115.137.913.4 -2 -6  .00 6 8 -1 2.57399137824 9 6 910315 1.05 1.03 1.3 3.2  1.3   11.9   13.3   13.7  .02229-1 4 3-1▽ -.839.00  .6613.9388.52 2.19 5.9112.18 1 4 8 2.78 8.6314.6510
20260302월10140011외243 6 93 6혼전 4451비  다습1110 3몬탁챗          프레저베AGGREGAT 9133.00미수 5 0 0 1 1   43      495002등임채덕조금제   2 610 2 632 1 3 326  0김철호48755.565평자하30 19 194711.040.011.81046 4 750 3 9 81315 7 0142025381338↘↗추14.236.938.913.3634838.338.4 88.0 89.3 35 55  525   14.10   13.70 8  6 -2VN동52.84832318-1.8 7.6 5.8464612 0숨은복병보통주행69기 01110    1111 9⑦1:28.0머리  .914.338.213.3 -2 -4  .00 7 9  1 1.25893165356 7 41011314 7.04 5.10 3.2 7.0 12.8   26.3   49.1  177.8  .01935 0 4 5 0― -.839.10  .7213.5188.45 2.35 5.8711.84 0 2 5 1.67 4.78 9.2311
20260103토11140011외254 7103 7혼전 4451흐림다습1310 3몬탁챗          프레저베AGGREGAT 9133.00미수 5 0 0 1 1  137      495002등임채덕조금제   2 7 9 1 532 1 3 325  0임기원49157.089평자상85 85 855448.057.028.0203911 750 3 9 8 0 0 7 0233216381338↘↗입14.236.938.913.4614837.439.9 87.9 89.8 37 53  521   13.60   13.00 3  0  5NB동52.84832318-2.6 7.2 4.6595912 0착차만회탐색우려 5관 0 5 7     81010⑩1:27.9½   2.314.139.113.7  2  1  .0010 8  0 2.77468647223 7 5 6 60 2 1.03 6.09 3.2 5.6  3.2    7.9   15.2  169.0  .02247 0 6 6 0―  .539.20  .3013.9588.45 8.5918.6327.97 51222 6.7113.1521.38 8
20251213토11140011외354 1103 8혼전 4451눈  불량2010 3몬탁챗          프레저베AGGREGAT 9133.00미수 4 0 0 2 1   56      49500혼3임채덕조금제   2 8 817 432 4 2 324  0김철호49052.065평입상60 65 654030.048.018.51046 4 750 3 9 81315 7 0142025291443↘↗추14.237.038.913.4554836.538.3 84.4 86.6 33 56 1122   13.70   14.70 4 -2  0NHDN52.94822318-2.2 7.6 5.4545412-6일반주행부중영향70관 0 5 3     2 2 1①1:24.4¾   -.213.637.213.0 -7 -3  .00 1 8  3  .0 12015 492 9 6 7 8113 8.01 5.07     8.0 19.2   61.0  188.2  209.6  .02243 0 4 5 0― -.238.40  .4710.7088.52 4.19 9.9618.54 2 714 4.5811.4920.31 8
20251116일112000 7외242 9 43 9혼전 4451맑음건조 310 3몬탁챗          프레저베AGGREGAT 91     미수 4 0 0 2 1  111      495002등임채덕조금제   2 9 716 532 3 2 323  0김철호49352.065평입보 9  7  739 8.038.017.51046 4 750 3 9 81315 7 0142025171750↘↗추14.339.741.213.4293038.440.0131.6130.0 35 59  624   14.80   14.50 3  0  0NHUP53.04802318-1.8 7.6 5.8474712 4일반주행부중영향32관 0 7 1 1 1 1 1 1④2:11.6코    .413.740.814.7 -1 -6  .00 4 5 -4  .52311472175 6 3 6 7112 3.02 5.03 2.3 3.4  4.4    6.3   12.1    3.4  .02226-1 3 1-1▽ -.840.00 -.4149.08132.3 3.27 8.2217.51 3 917 2.17 6.8210.48 8
20251026일10160010외223 5 7310혼전 4456흐림양호 710 3몬탁챗          프레저베AGGREGAT 9133.00미수 4 0 0 9 1  178      495002등배휴준조금제   210 615 332 2 2 322  0김철호49952.065평입보31 19 191422.047.024.71046 4 825 710 7 91510 8142025171750↘↗추14.336.839.113.4404836.240.3102.9103.8 38 63  625   13.60   14.50 4  1 -1NH동53.04802318-2.0 7.0 5.0525212 0숨은복병부중영향68기 0 7 8   8 9 9 9⑧1:42.9½   1.614.840.114.5 -1 -2  .00 8 9  1 2.17532696735 8 3 7 6011 1.0810.01 1.5 2.5  1.5   17.3   21.9   57.1  .02232 0 5 6 0― -.139.10  .2927.88103.0 5.8614.4824.69 3 917 7.5013.7121.82 9
20250927토10160010외232 1 8311혼전 4451맑음다습1110 3몬탁챗          프레저베AGGREGAT 9133.00미수 4 0 0 9 2  25420:00 495002등배휴준조금제   211 514 232 1 2 321  0김철호50152.563우입하58 42 421419.037.010.4185015 867 210 7 91510 8142025171750↗↘추14.336.939.013.2345735.641.4101.2103.7 40 67  027   14.00   13.40 5  0  0NHUP53.04802318-1.0 6.2 5.2595912 2일반주행부중영향36관 0 6 3   3 3 3 4⑥1:41.2목   2.313.640.714.5 -2  1  .00 6 8  4 3.373 888791910 4 7 9210 1.04 1.10     3.8  2.0   16.9   24.5   22.1  .02227-1 4 5-1▽-1.039.00  .6427.80103.0 1.59 5.1710.38 2 610 5.6611.2719.81 8
20250823토10140011외254 1 5312혼전 4451맑음건조 410 3몬탁챗          프레저베AGGREGAT 9133.00미수 4 0 0 2 2  35918:00 495002등배휴준조금제   212 413 332 1 2 320  0해리카50052.571평입상84 78 784548.058.029.71557 6 867 210 7 5 010 8172612171750→↗입14.337.238.813.2416137.539.4 86.8 89.0 40 67  027   13.90   12.40 5 -1  0NHDN53.04802318-1.0 7.8 6.8434312-2뒷심문제부중영향59관 0 610    10 910⑨1:26.82    1.614.038.313.4  5  5  .09 9 4 -2 1.64968516133 9 4 4 50 1 5.03 2.05     3.9 11.4   22.6   61.7  380.4  .02876 1 6 6 1―  .638.70  .1213.0088.59 9.6019.3329.66 61526 9.2616.6725.22 6
20250719토 91600 9외253 1 5313 1강 1151흐림포화1710 3몬탁챗          프레저베AGGREGAT 9133.00미수 4 0 0 2 3  44618:00 495002등배휴준조금제   213 312 132 2 2 319  0유승완49552.569우입상61 49 491417.036.013.8 930 0 850 610 7 7 810 815272220 060↗→입14.336.739.113.3435236.937.9 98.8101.3 36 64  021   13.90   13.20 3 -3  1NNUP53.14772318 -.4 7.6 7.2323212 2일반주행탐색우려32관 0 7 6   6 6 6 7④1:38.8½    .013.936.712.4 -2 13  .00 4 6 -4  .5 780101477 6 2 6 72 2 1.07 3.06     4.8  2.7   26.9   35.5   23.7  .01617 0 4 3 0―-1.139.10  .5925.50102.9 2.71 6.7913.76 41118 3.1710.2117.76 7
20250628토 9140011외234 2 8314혼전 4451맑음다습1110 3몬탁챗          프레저베AGGREGAT 9133.00미수 4 0 0 9 3  50618:00 495002등배휴준조금제   214 211 232 1 2 318  0유승완48252.069우입하72 25 2547 8.034.0 9.5 930 0 850 610 7 7 810 815272220 060↗→입14.337.438.813.2346137.738.8 87.0 89.2 38 69  023   13.90   13.90 5  2  0BHDN53.14772318 -.8 8.0 7.2292914-6일반주행부중영향34관 010 9     9 9 9⑤1:27.01     .613.938.013.2 -5  3  .00 510  6 1.0568030516311 310113 1 2.03 7.11     4.4  2.9    8.3   11.6   18.7  .02249-2 3 2-2▽-1.338.60  .5213.0088.73 1.25 4.83 9.52 0 2 5 1.52 4.60 8.7311
20250524토10200011외222 3 7315혼전 4451맑음다습1210 3몬탁챗          프레저베AGGREGAT 91     미수 4 0 0 2 4  60518:00 495002등배휴준조금제   215 110 432 3 2 317  0빅투아47952.083우입보57 16 163419.041.016.427421812331210 713 710 822281820 060↗↘선14.339.940.913.2164139.640.0132.0131.3 38 69  023   14.30   14.20 5  7  0BH동53.14772318 -.4 7.2 6.8353514 0일반주행부중영향38관 0 8 4 4 5 5 5 8⑨2:12.01½  2.113.939.713.9  5 -9  .09 9 4 -1 2.45265475325 8 6 9 80 5 1.05 4.03     3.9  1.6    9.3   10.6   22.1  .02238 0 4 4 0― -.639.80 -.3050.52132.2 3.77 9.7816.42 2 714 7.5013.2621.58 8
20260823일10120011국2 4 1  3 0 3강 3351          10 4대사리          아치아치뷰티이천 1641.00한거 7       1    017:55 495002등강환민노만영  -4 016 1 1 0 1 7 2 0  0권중석   56.567기선보85 46 463321.033.015.11341 618541123 0 0 019201918187030 0↘→선13.837.438.213.32557                   41 37 3315   14.00   12.0012  0  4HBDN54.54982312  .8 9.0 9.8161617**숨은복병배당마주31관 0 4                            14.0    12.0        .0                       9 4 910  1                                              .01928 0 3 4 0― -.838.20  .63     75.84 3.38 7.7715.06 0 2 5 4.12 8.3714.87 9
20260531일 8230010국153 5103 1 3강 3358맑음양호 610 4대사리          아치아치뷰티이천 9537.00한거 7 0 0 9 2  214      605001등강환민노만영  -4 115 8 136 1 7 234  0김태현51953.053기선적 5  1  114 6.027.0 3.3 0 0 01550 823 027 019201912187030 0→→선13.839.341.213.34424        162.6      41 37 3315   14.10   13.7015 -8 -4HHUP54.54982312  .8 7.8 8.632321711배당마주배당마주51관 0 4 1 1 1 1 4 9⑨2:42.6대차 9.913.850.519.6  0  5  .00 9 9 -2 9.999567699   3 7 9100 1 1.03 2.10 3.2 6.5  3.2    6.9   12.8   29.3  .023 7-4 2 5-4▼-2.041.20                 .73 1.71 3.32 1 4 8 1.45 5.3011.95 9
20260215일 7120014국134 2 83 2혼전 4451맑음건조 310 4대사리          아치아치뷰티이천 1641.00한거 7 0 0 2 2  283     1650001등토니  노만영  -4 214 7 436 1 7 233  0푸르칸51457.082기선보36 37 374023.037.0 8.52575171643 8201511 026191424217030 0↘↗추13.837.137.913.2577638.139.4 75.7 77.9 42 38 3819   13.70   13.5015  1  5BH동54.54982014 -.6 7.0 6.4464617 0배당마주배당마주 5   01211    121314⑬1:15.71    2.614.138.313.7  2  2  .001311  4 2.8908869851313 711100 1 2.03 2.04 3.5 6.7  3.7    6.7   11.7   36.3  .02337 0 4 6 0―-1.039.00 1.16 2.9075.50 1.35 4.46 8.47 1 4 8 2.26 6.9210.6513
20251102일11120011국134 3 83 3혼전 4451맑음건조 510 4대사리          아치아치뷰티이천 1641.00한거 6 0 0 1 2  303      605001등토니  노만영  -4 313 6 336 1 7 232  0해리카51252.072기도보35 26 265117.041.016.71557 61643 8201518 026191726127030 0→↗입13.836.938.113.2706137.538.6 74.9 76.5 44 40 4816   13.50   13.90 7  6  1VNDN54.54982014 -.6 7.0 6.4393917-2숨은복병배당마주 5기 011 4     5 5 7⑧1:14.91½  1.513.738.413.5  1 -1  .00 8 7 -3 1.86666425139 7 811102 1 2.03 9.07 3.3 5.8  3.6    7.4   13.0    5.5  .02356 1 4 4 1― -.238.80  .90 1.5275.50 3.27 8.6116.72 0 3 5 3.5110.0815.49 9
20250914일11140011국144 1 93 4혼전 4451맑음다습1210 4대사리          아치아치뷰티이천 6336.00한거 6 0 0 2 2  285      605001등토니  노만영  -4 412 5 736 1 7 231  0이상규51351.055기도적10  9  928 5.030.012.4 4 0 41643 8201515 026191323147030 0→↘입13.836.638.813.2824437.240.4 87.4 89.6 46 46 4217   13.50   16.70 6 -3 -1NUDN54.54982014 -.6 7.0 6.4393917-2숨은복병기복전력37기 0 5 5     8 911⑩1:27.44    2.713.539.413.9  0 -1  .001010  3 3.46854798015 7 511 90 6 2.0311.03 3.0 4.8  3.2    4.8    8.5   26.1  .01929-1 2 2-1▽-1.239.50  .9614.2088.18 2.21 5.9312.43 0 1 4 1.14 3.19 8.3911
20250803일14160010국113 3 63 5 3강 3351비  건조 310 4대사리          아치아치뷰티이천 6336.00한거 6 0 0 1 2  389      605001등토니  노만영  -4 511 4 836 1 7 230  0코지  51452.088기도보17 20 201443.061.046.32255 91643 8201542 026192331197030 0→↗입13.835.838.813.2944835.344.4104.8106.6 46 46 4217   14.00   13.60 7  3 -1BUUP54.54982014-1.6 7.0 5.4484817 2숨은복병마주성향56기 0 8 3   3 3 3 8⑨1:44.86    3.813.544.016.7  2  6  .05 9 7 -1 4.197 39997 9 1 3 7 30 1 3.04 7.01 1.5 3.6  6.7   31.9   62.1  277.910.94072 3 7 9 3▲ 1.038.80  .3932.00102.217.8233.2446.31173753 8.5716.3626.77 6
20250614토 9140011국134 1 83 6혼전 4451맑음건조 310 4대사리          아치아치뷰티이천 6336.00한거 6 0 0 2 3  54618:00 605001등토니  노만영  -4 610 3 636 2 7 229  0빅투아50852.589기선보53 54 545361.059.034.02956172983 8201518 026192228187030 0↘→선13.836.538.913.2854137.939.8 88.4 90.6 48 48 4317   13.20   13.40 5 -2 -3NHUP54.54982012-2.0 7.8 5.8424217 2숨은복병마주성향34기 0 5 6    101111⑨1:28.45    2.214.038.813.6  1  1  .00 9 8  5 2.78786638121 5 610 30 3 1.07 4.03     5.4  2.0   14.5   21.3   42.7  .03775 3 7 9 3▲ 1.139.80  .3915.2088.1811.0922.4033.96122741 6.5717.3626.58 5
20250510토101200 8국114 2 13 7 1강 1155흐림불량2010 4대사리          아치아치뷰티이천 1641.00한거 6 0 0 2 4  64718:00 605001등토니  노만영  -4 7 9 2 236 1 7 228  0빅투아50755.585기도적13 16 165432.043.027.327421816   9201518 026192228186733 0↗↘선13.836.938.213.2775736.238.8 72.9 75.1 45 45 4118   13.30   15.70 5  2  4LNDN54.34972014-1.8 7.4 5.6434317-2숨은복병기복전력 1   0 7 1     1 2 3③1:12.9½    .113.237.713.4  0 -5  .00 3 3 -2  .715 5501577 6 4 8 61 2 1.04 1.03     2.2  1.4    7.5    9.8   30.312.02867 2 5 6 2―  .038.40  .56  .0075.56 7.4116.5327.28 41221 5.4915.9626.18 5
20250406일11140011국124 1 73 8혼전 4451맑음포화1510 4대사리          아치아치뷰티이천 6336.00한거 6 0 0 1 4  74118:00 605001등토니  노만영  -4 8 8 1 536 1 7 227  0김효정51252.063기도보54 53 535941.044.022.715271416   92015 3 026191922176733 0↗↘선13.836.538.913.2844135.643.0 88.8 91.0 45 45 4118   13.60   13.00 5  3 -6NU동54.34972014-1.2 7.2 6.0434317 0숨은복병마주성향 1관 0 5 1     3 510⑩1:28.813   3.813.342.115.7  5  0  .0210 5 -2 4.191 19892 8 2 7 8 70 1 2.07 3.10     4.8  3.4   24.2   31.6   20.5  .02561 1 5 6 1― -.339.90  .6815.6088.18 6.1413.2022.71 2 714 7.3716.1925.74 6
20250302일11140011국254 2103 9혼전 4452비  양호 610 4대사리          아치아치뷰티이천 6336.00한거 6     1 5  84618:00 495002등토니  노만영  -4 9 7 9 436 1 7 1 0  0김태훈51257.575기선하10 11 116516.047.032.22140111417 9201526 026191225217525 0↗→입13.836.638.913.2833736.338.7 87.5 87.7 43 43 3819   13.40   15.2013 -1  3HNDN53.94952018 -.6 6.6 6.0424217-6숨은복병마주성향 1관 4 2 2     3 3 2②1:27.51¼   .013.638.713.0 -5  4  .00 2 7  0  .1 81125 590 3 2 8 52 1 3.07 1.02     7.3  4.7   27.4   42.9   79.1  .02569 1 5 7 1― -.139.00  .3812.1688.2510.2521.0432.18 51222 5.0012.9921.43 7
20241130토112000 9국252 210310혼전 4451맑음포화1810 4대사리          아치아치뷰티이천 9537.00한거 5 0 0 9 6 112018:00 495002등토니  노만영  -410 6 8 236 5 7 125  0이상규50854.558기선보 9  3  34030.045.027.1 9 0 8305011201515 026191323147525 0→→입13.839.040.813.2673037.644.5134.1134.4 45 45 3520   13.50   14.70 7  0  0HNUP53.94952018  .2 5.2 5.4494917 6숨은복병마주성향 1기 0 3 1 1 1 6 8 8⑧2:14.112   6.013.444.015.2  1  2  .00 8 7 -3 6.191 19689 8 1 5 8 60 5 3.05 9.05     5.7  5.4   14.7   28.5   66.0  .02527 1 6 6 1― -.140.90  .0154.55131.4 6.9416.1327.11 2 613 6.0615.0825.41 7
20241012토11140011국244 2 4311혼전 4451맑음건조 310 4대사리          아치아치뷰티이천 6336.00한거 5 0 0 2 7 127218:00 495002등토니  노만영  -411 5 7 336 4 7 124  0이상규50654.555기선적31 52 528048.047.016.7 999 53150 6201515 026191323147525 0↗→입13.836.538.713.2885236.741.1 88.4 90.6 47 47 3721   13.60   14.4012 -3 -1HNDN53.94952018 -.2 4.8 4.6606017-2마주성향마주성향 1기 0 3 3     4 6 9⑩1:28.44    2.713.540.414.7  0  8  .001010  2 4.28726898415 2 4 8 90 4 1.06 4.06     2.5  2.2   21.7   28.9   11.5  .02248 0 5 6 0― -.239.80  .9515.4088.04 3.59 8.8016.68 2 610 6.4112.7920.28 8
20240720토10160010국234 2 8312 1강 1151흐림다습1110 4대사리          아치아치뷰티이천 6336.00한거 5 0 0 2 8 148718:00 495002등토니  노만영  -412 4 6 736 3 7 123  0이상규49855.055기선적36 38 381446.046.023.5 750 42436 6201515 026191323147525 0↘↗입13.835.938.913.2894435.441.0101.4103.5 50 50 3322   13.20   14.30 5  5  1NN동53.94952018  .6 4.6 5.2555517 0숨은복병마주성향 1   0 6 2   2 2 2 3④1:41.41¼   .513.640.914.4 -4 -7  .00 4 8  1 1.468 4836566 2 310 71 3 3.09 8.02     4.2  5.9   70.0  138.9  224.1  .01929 0 5 5 0― -.138.90  .8128.66102.4 6.1713.7923.54 2 613 6.8015.1622.96 5
20240615토111600 8국253 310313 3강 3351맑음건조 510 4대사리          아치아치뷰티이천 6336.00한거 5 0 0 2 8 158518:00 495002등토니  노만영  -413 3 5 636 2 7 122  0이상규50554.555기선적81 88 881482.065.051.0 750 42436 6201515 026191323147525 0↘↗입13.836.038.913.2844436.739.8102.0102.8 53 53 3524   13.40   13.50 2 -1  3UNUP53.94952018  .4 4.8 5.2575717 2전개최상마주성향 1기 0 1 1   1 1 1 2⑤1:42.0머리 1.213.239.514.3 -2 -2  .00 5 7  2 1.75066586544 1 1 4 31 2 2.03 6.03     7.5  4.6   11.5   22.7   21.210.94474 3 8 9 3▲ 1.338.90  .1327.94102.418.6235.7350.9912264117.3232.3747.93 3
20240601토111400 8국252 1 5314 2강 2251맑음건조 310 4대사리          아치아치뷰티이천 6336.00한거 5     1 9 162618:00 495002등토니  노만영  -414 2 4 236 1 6 1 0  0이상규50752.055우선적27 35 359257.055.043.21125 9336030201515 026191323147129 0↗↘입13.936.638.513.2866136.638.3 86.3 87.1 50 50 3819   13.90   16.90 5 -3 -2HUDN54.24932018 -.2 3.6 3.4747417-4숨은복병전개최상 1기 0 2 1     1 1 1①1:26.3½   -.113.438.213.5 -4 15  .00 1 5 -1  .0 22213 394 1 2 7 31 1 5.03 2.07     3.7  7.6   15.7   36.5    8.7  .04990 4 8 9 4▲  .938.90  .3311.9687.9715.0628.8443.21 82234 8.0017.7827.45 4
20240427토11180011국254 910315혼전 4458맑음다습1010 4대사리          아치아치뷰티이천 9537.00한거 5 0 0 9 9 1732:00   495002등리카디노만영  -415 1 3 536 2 6 120  0정정희49254.072우선적20 19 193447.048.027.2264421385332362930 038262024157129 0↗↘입13.939.640.413.2802238.546.8122.6123.1 53 53 3320   13.70   15.80 9  4  0NHDN54.24932012-1.0 4.6 3.6717118-2숨은복병마주성향 1기 0 5 5 3 3 4 710⑩2:02.614   5.513.946.816.9  4 -8  .0010 6 -1 6.097 3999810 4 4 7 60 4 5.02 1.04     5.4  9.8   19.1   57.8   73.712.73154 2 7 8 2▲  .241.90  .1043.14118.5 8.0217.9227.23 5122112.9423.4634.04 3
20260823일10120011국2 4 1  2 0 3강 3351          10 5엑설런트탄      언캡처드쾌한탄생 6222.00한거 5 0 0   1    017:55 495002등김동균박준배   1 016132126 1 4 526  0루이스   53.573우입보50 60 607067.051.027.62042111753 62033215719 8202616404020→↘입13.736.638.513.88373                   48 57 4819   13.10   13.40 9  1 -3NH동55.44891412-1.0 5.0 4.0646413 0가격혈통마방연대 1   0 5                            13.1    13.4        .0                       5 7 3 4  1                                            10.92570 0 7 7 0―  .238.50  .53     75.56 8.7718.6327.61 9213311.3422.3334.11 3
20260620토10120010국253 2 52 1 1강 1141비  불량2010 5엑설런트탄      언캡처드쾌한탄생 6222.00한거 5 0 0 2 1  162      495002등김동균박준배   1 115122026 7 4 525  0마이아49256.593우입보65 72 729084.062.037.83452161753 62033273119 83532 8404020↘↗선13.736.738.513.8797336.138.5 72.5 74.7 50 55 4520   14.00   13.30 8 -7  2HN동55.44891412-1.4 4.8 3.4717113 0가격혈통가격혈통 5   0 4 5     5 4 6⑥1:12.5¾    .913.137.413.4  0-10  .00 6 6  0 1.0 9 438 853 4 8 6 42 7 4.0310.05 3.5 5.0  6.2   17.5   39.0  176.212.03166 2 8 8 2▲ 1.038.50  .19 -.5075.6113.0525.7537.7710223512.2624.1837.02 4
20260426일10120011국244 2 42 2 3강 3331맑음건조 310 5엑설런트탄      언캡처드쾌한탄생 6222.00한거 5 0 0 9 1  141      495002등김동균박준배   1 214111926 6 4 524  0마이아50254.593우입하70 62 627755.055.028.83452161753 62033273119 83532 8444411↘↗선13.736.638.913.8864837.738.1 74.2 76.1 58 63 5316   13.50   13.70 7  1  1VN동55.54881412 -.4 4.4 4.0646413 0일반주행가격혈통25   011 7     7 7 6④1:14.24     .714.037.213.3 -2 -1  .00 4 6  0  .85271264060 5 9 4 53 6 3.0110.04 2.4 3.6  5.7    8.2   17.8    5.0  .03253 1 6 8 1―  .439.00  .28  .6175.78 7.7217.2928.81 61526 8.0620.4133.53 4
20260307토11120011국254 2102 3혼전 4451맑음포화1510 5엑설런트탄      언캡처드쾌한탄생 6222.00한거 5 0 0 2 1  137      495002등김동균박준배   1 313101826 5 4 523  0마이아50353.593우입상88 94 948179.065.037.63452161753 62033273119 83532 8444411↘↗선13.736.738.813.8835236.838.8 73.5 75.7 61 61 5017   13.70   13.10 5  6 -4LH동55.54881412 -.4 3.6 3.2747413 0전개최상작전마주 5   010 5     7 7 7⑦1:13.5¾   1.413.537.713.7  1 -4  .00 7 6  1 1.53728503339 511 2 20 5 5.03 5.02 3.4 5.9 11.1   30.5   76.1  471.610.54182 3 9 8 3▲ 1.338.80  .02  .2075.7814.1526.4837.5517375312.0824.6736.24 3
20260131토10120011국454 3102 4혼전 4451맑음건조 210 5엑설런트탄      언캡처드쾌한탄생 6222.00한거 5 0 0 9 1   85      41250국4김동균박준배   1 412 91726 4 3 522  0마이아50757.093우도보63 85 859471.063.028.53452161753 62033273119 83532 8503813↘↗선13.736.739.013.9824136.937.4 73.0 74.6 53 53 5312   13.30   14.40 3  2 -1HN동55.34861412  .6 2.8 3.4747413 0전개최상전개최상 5   0 4 7     5 3 1①1:13.0½    .013.737.013.1 -4  8  .00 1 5  3  .0 729 9 487 611 8 52 4 5.07 4.11 3.0 7.7  9.8   77.0  203.7  406.3  .04174 0 7 7 0―  .938.40  .20-1.1275.89 9.2318.6228.48 81728 9.9319.4429.43 4
20260110토111200 9국314 3 12 5 1강 1151눈  양호 810 5엑설런트탄      언캡처드쾌한탄생 6222.00한거 5 0 0 2 1   5317:55 41250국3김동균박준배   1 511 81626 3 3 421  0마이아49957.593우입상67 87 879194.072.069.73452161753 62033273119 83532 8503813↘↗선13.736.738.613.9806136.039.6 74.5 75.8 50 63 4413   13.50   13.70 5 -9  2UB동55.34861412  .6 2.6 3.2767613 0전개최상전개최상65기 0 2 1     2 3 2②1:14.58     .013.339.214.4  0  6  .00 2 2 -3 1.441 3753585 5 5 3 11 3 1.02 5.02     2.9  1.3    2.9    3.5    6.4  .05090 4 9 9 4☆ 2.138.80 -.79  .4875.6737.8259.5769.7437587122.8741.1256.02 2
20251207일10120011국314 1 62 6혼전 4451흐림양호 910 5엑설런트탄      언캡처드쾌한탄생 6222.00한거 4 0 0 1 1   8917:30 41250국3김동균박준배   1 610 71526 2 3 420  0마이아49356.093우선하47 51 519767.066.048.63452161753 62033273119 83532 8503813↘↗선13.736.738.713.9835736.738.3 73.8 75.9 47 60 4020   13.70   14.70 5  2 -2VNDN55.34861412 -.2 3.0 2.8787813-2전개최상전개최상 5   011 2     5 3 4③1:13.8¾    .013.538.113.7 -2  4  .00 3 5  1 1.94421341687 1 9 5 12 2 6.02 4.09     7.4  9.2   24.4   61.5   48.8  .04182 3 8 9 3▲ 1.338.80 -.24  .5475.7220.4336.2548.6234536612.0926.0939.80 3
20251102일10140011국322 3 72 7 1강 1151맑음건조 510 5엑설런트탄      언캡처드쾌한탄생 5028.00한거 4 0 0 1 1  156      41250국3김동균박준배   1 7 9 6 326 1 3 419  0마이아48958.093강도하94 91 919889.072.062.73452161753 62033273119 83532 8503813↘↗선13.736.439.613.9894136.940.5 89.3 89.9 57 71 5714   13.70   13.80 6  0  1NB동55.34861412-1.8 3.6 1.8909014 0마방연대전개최상 5   0 9 2     3 3 5⑦1:29.31    1.813.740.414.7  3 -6  .00 7 4  2 2.17536807528 1 8 4 10 1 7.03 8.02 2.0 3.7 25.6   80.1  196.7  211.1  .07099 4 9 9 4☆ 2.239.70 -.7513.8988.5929.7349.4862.6535556917.7531.2744.82 3
20250920토 9140011국354 3102 8혼전 4451맑음포화1610 5엑설런트탄      언캡처드쾌한탄생 5028.00한거 4 0 0 2 2  276      41250국3김동균박준배   1 8 8 5 226 1 3 418  0김동수49557.070강도하75 78 788549.055.025.2 8 0 02042122033195019 8102127503813↘↗추13.736.439.613.9914137.039.4 85.9 88.1 57 71 5714   13.80   13.20 7  6 -1NNUP55.34861412-2.8 4.4 1.6909014 2만회노력마방연대 5   0 9 8     7 7 5⑤1:25.9머리  .513.738.313.8  3  7  .09 5 2  1  .71843514566 4 8 4 701310.03 6.11 3.0 8.5 33.9  137.5  202.5   85.3  .03377 0 6 7 0―  .439.30  .2512.1088.59 7.8016.2425.21 41118 6.6117.0926.05 6
20250802토 8120011국334 2 82 9혼전 4431맑음건조 310 5엑설런트탄      언캡처드쾌한탄생 6222.00한거 4 0 0 1 3  40417:25 41250국3김동균박준배   1 9 7 41426 1 3 417  0김용근48857.586강선하80 81 819873.067.053.8172711204410203324 019 8312614503813↘↗선13.736.638.413.9937337.737.9 75.1 76.2 57 71 5714   14.10   13.40 6 -1  1HB동55.34861412-3.2 4.8 1.6909014 0전개최상전개최상 5   0 3 6     7 8 7⑤1:15.1½   1.113.838.113.2  4 -8  .09 5 1 -1 1.25273203348 1 3 2 13 1 4.0310.11     6.1  9.9   10.9   24.6  129.9  .04495 3 9 9 3★ 1.439.00 -.16 1.1975.5022.8240.4553.8034536617.2430.2742.56 2
20250621토 8120011국354 310210혼전 4451흐림포화1710 5엑설런트탄      언캡처드쾌한탄생 6222.00한거 4 0 0 2 3  52717:30 41250국3김동균박준배   110 6 31326 7 3 416  0김동수49656.571강선하90 94 949376.066.040.71850 92044102033195019 8102127503813→↘추13.736.638.513.9916938.037.3 74.2 75.9 57 71 5714   13.70   13.10 6 -6  1HN동55.34861412-3.0 5.0 2.0848414 0전개최상전개최상36관 0 4 9     9 9 6⑥1:14.21½  1.014.137.213.4  4 -8  .09 6 2  0 1.04383 62251 4 8 2 2312 4.0710.08     7.3  6.4   56.0   83.7   82.710.54487 3 9 9 3★ 1.438.90  .16  .8375.5615.0929.0640.7112264113.4324.9137.31 5
20250510토 9120011국344 3 9211혼전 4451흐림불량2010 5엑설런트탄      언캡처드쾌한탄생 6222.00한거 4 0 0 2 4  64817:30 41250국3김동균박준배   111 5 21226 6 3 415  0김동수50456.068우도하87 88 889174.064.034.71433 91750102033195019 8102127503813↗→추13.736.638.813.9925236.838.2 73.1 75.3 54 69 6215   13.50   14.20 5  6  1LNDN55.34861412-2.0 4.6 2.6797914-2전개최상전개최상 1   010 6     5 4 3③1:13.1½    .013.737.313.1  1  8  .00 3 2  1  .52125281488 5 9 1 3211 9.10 8.09     6.8 25.2  343.6  557.6  354.310.54173 2 8 9 2▲ 1.138.70  .16 -.1075.7211.9623.5634.6612264115.3826.1534.35 3
20250406일 8140011국324 1 7212혼전 4451맑음포화1710 5엑설런트탄      언캡처드쾌한탄생 5028.00한거 4 0 0 1 4  74416:05 41250국3김동균박준배   112 4 1 126 5 3 314  0김동수49655.567강도보92 94 949184.065.055.11433 91750102033195019 8102127503813↗→추13.736.439.713.9933336.539.5 86.2 88.3 50 67 5817   13.60   13.60 5 -4 -2HNUP55.34861412-1.0 3.4 2.4818113 2전개최상전개최상 1기 1 4 1     1 1 1②1:26.23     .013.538.914.2  1  1  .00 2 1  0  .62318543176 111 1 1110 8.01 2.04     4.3 25.9   35.1  141.1   33.610.56195 4 9 9 4☆ 1.439.40 -.5912.1988.6624.9042.0255.0834536626.0042.5154.21 1
20250301토 6120011국442 1 9213혼전 4451흐림건조 310 5엑설런트탄      언캡처드쾌한탄생 6222.00한거 4 0 0 1 5  86115:15 33000국4김동균박준배   113 3 41126 4 2 313  0김동수49557.069우입상91 96 969784.068.053.71233121440 62033195019 8102127434314↘↗추13.736.638.513.9906536.737.9 73.9 75.0 45 64 55 9   13.60   13.80 5 -2  4NB동55.14841312 -.8 3.4 2.6787813 0착차만회전개최상 1   0 8 1     2 1 1①1:13.96   -1.013.637.913.6  0  0  .00 1 1 -6  .0142018 794 1 8 2 11 9 1.09 8.07     6.0  2.9   32.1   53.1   34.410.54991 4 9 9 4☆ 1.538.60 -.22 -.0975.5624.3643.4553.6734536625.4944.9046.15 1
20250126일 7120011국454 110214혼전 4451맑음건조 310 5엑설런트탄      언캡처드쾌한탄생 6222.00한거 4 0 0 9 5  93715:15 33000국4김동균박준배   114 2 31026 3 1 312  0김동수49553.569우자하62 64 647343.053.023.71233121440 62033195019 8102127335017↘↗추13.736.738.513.9806536.438.2 73.9 75.1 40 60 5010   13.70   13.80 7  8  0LH동55.34831312  .0 3.8 3.8727213 0승부최상작전마주 1기 310 2     2 2 1①1:13.91¼  -.213.638.213.8 -6  0  .00 1 7  5  .015 927 789 5 5 7 71 8 7.0210.02     5.1 13.8   27.7   72.0   20.7  .03473 1 6 7 1△  .338.60  .59 -.1175.61 6.3115.0123.70 2 714 8.5716.2925.66 7
20241208일 5120011국453 210215 1강 1151맑음다습1310 5엑설런트탄      언캡처드쾌한탄생 6222.00한거 3 0 0 2 6 109314:00 33000국4김동균박준배   115 1 2 926 2 1 311  0김동수49553.569우자상82 89 898086.066.045.71960142364172033195019 8102127335017↗↘추13.736.838.613.9766136.939.4 74.8 76.5 40 60 5010   13.40   13.50 5 -4  2UN동55.34831312-1.4 5.8 4.4666613 0마방연대승부최상 1   0 2 3     5 4 4⑧1:14.82½  1.313.738.413.8  6  9  .09 8 2 -5 1.56329695540 4 9 2 30 7 4.01 5.06     6.5  5.8    8.6   17.7  222.6  .04491 3 9 9 3★ 1.338.90 -.15 1.1275.7216.0431.4845.6712264115.4830.9346.73 4
20260823일10120011외2 4 1  1 0 3강 3351          10 6마이티조이      런해피  LADY CIT 8719.00미수 4       1    017:55 495002등서홍수조제형   1 013 1 1 0 2 2 4 0  0김태희   52.062우선보63 77 779886.061.049.41245 71850 725301914261815241699 0 0↘→입13.636.438.713.79652                   60 70 5010   14.00   13.7029  3 -1NUDN53.54701412 -.8 3.6 2.8808014-2승부조율전개최상34관 0 6                            14.0    13.7        .0                       110 2 1  6                                              .04995 4 9 9 4▲ 1.238.70 -.07     75.5622.2137.0049.3835556926.8041.8654.23 1
20260131토11140011외214 1 61 1혼전 4451맑음건조 210 6마이티조이      런해피  LADY CIT 87     미수 4 0 1 9 3  563      495002등서홍수조제형   1 112 4 512 1 2 411  1김태희46252.564강도하92 88 889669.058.033.6 733 323471325301914261815241699 0 0→↗입13.636.339.613.7943736.639.9 87.3 89.0 67 78 5611   13.00   14.50 6  0 -2HHUP53.54701412 -.6 2.4 1.8888814 2전개최상전개최상 5기 1 3 2     3 3 2⑦1:27.31    1.113.638.814.1  0 -2  .00 7 7  3 2.14921634449 111 5 30 5 1.02 5.04 2.1 6.1  2.1    6.1   10.4   15.310.54189 2 7 8 2▲  .739.60  .0813.1088.5210.6622.4633.6110223514.2924.6432.67 4
20251221일11120011외254 1101 2혼전 4451맑음다습1310 6마이티조이      런해피  LADY CIT 8719.00미수 3 0 1 2 1  10718:00 495002등서홍수조제형   1 211 3 712 2 2 410  1해리카46454.068강도보53 53 539863.059.030.61444111850 725301813261817261299 0 0↗→입13.636.538.713.7955235.639.6 73.1 75.3 67 78 5611   13.30   15.50 8  1  2HNDN53.54701412 -.6 2.8 2.2868614-2전개최상전개최상86기 2 3 2     2 2 2⑨1:13.1½   1.013.038.514.5  5 -4  .09 9 4 -1 1.724 1732150 210 7 41 2 1.07 9.11     6.2  2.8   20.7   32.5   94.1  .04991 4 8 9 4▲  .938.80  .39  .1075.6110.9920.5030.64 8172811.3818.8231.22 5
20251025토11140011외224 1 71 3혼전 4451맑음건조 510 6마이티조이      런해피  LADY CIT 87     미수 3 0 1 9 1  188      495002등서홍수조제형   1 310 2 412 1 2 4 9  1해리카46852.566강도보80 94 949273.058.031.41444111850 725301813261817261299 0 0↗→입13.736.339.613.7903735.842.0 88.6 90.5 67 56 5611   13.10   14.4017 -9  1HN동53.54701412  .2 2.4 2.6828212 0마방연대전개최상47기 0 2 1     1 1 8⑩1:28.64    2.513.341.415.5  5 -4  .0310 5  2 2.786 2958416 210 4 61 1 1.0711.01 2.4 3.6  2.4   25.4   37.1   66.910.54192 3 8 9 3▲  .740.00  .1514.6188.52 9.4320.8531.42 51222 9.2617.7227.52 6
20250628토 9140011외234 2 81 4혼전 4451맑음다습1110 6마이티조이      런해피  LADY CIT 87     미수 3 0 1 9 3  506      495002등서홍수조제형   1 4 9 1 312 1 2 3 8  1김태희47252.064강도보80 93 938176.056.035.1 733 323471325301914261815241699 0 0→↗입13.736.439.513.7864136.239.7 86.4 88.6 63 63 5013   13.20   14.30 4  6  0VU동53.94701412 -.8 3.2 2.4828212 0전개최상마방연대53기 111 1     1 1 1②1:26.42½   .013.138.914.4 -1 -2  .00 2 3  0  .434 8622877 3 8 2 41 4 2.03 7.11 2.8 4.4  2.9    8.3   11.6   18.710.53484 1 8 8 1△  .539.40  .0512.7088.5211.7824.6835.0610223513.6426.0538.89 3
20250531토10140011외344 2 91 5혼전 4451맑음건조 410 6마이티조이      런해피  LADY CIT 87     미수 3 0 1 9 3  58418:00 49500혼3서홍수조제형   1 5 8 3 212 1 2 2 7  1문세영47452.073우도보77 90 909178.065.050.13745 0234713253046 0261829361599 0 0↘↗입13.836.639.513.7774136.139.9 86.2 88.4 57 57 4314   13.50   14.00 5  1 -4NUUP54.54691412-1.2 4.2 3.0767612 2승부조율전개최상67기 1 5 1     1 1 1②1:26.2¾    .013.238.814.3 -1  7  .00 2 3  2  .127 5672978 610 4 11 1 4.03 2.05     6.3  5.6   15.0   31.3   12.710.56697 3 8 9 3▲ 1.239.20 -.4712.3088.6621.7937.9950.1234536615.6528.7042.73 4
20250427일 9120011외314 3 61 6혼전 4451맑음양호 610 6마이티조이      런해피  LADY CIT 8719.00미수 3 0 1 9 4  68017:00 41250혼3서홍수조제형   1 6 7 2 612 3 2 1 6  1김태희46756.072우선상83 92 928778.064.032.51743 531461625301914261815241699 0 0↘→입13.836.738.513.7816536.238.8 74.0 75.3 50 50 3317   13.40   14.00 5  0  4HN동54.54691412-1.8 5.0 3.3747412 0부중유리작전마주 1관 0 4 2     2 2 1②1:14.0¾    .013.538.314.0  1 -4  .00 2 1 -3  .220 4501487 5 8 2 51 3 7.01 5.04     4.9 28.2   15.5   53.8   25.010.53183 2 9 9 2▲ 1.138.60  .36  .0775.6110.7021.3732.48 5122213.4324.6330.00 5
20250323일11120011외344 1 91 7혼전 4451맑음건조 410 6마이티조이      런해피  LADY CIT 8719.00미수 3 0 0 2 4  78318:00 41250혼3서홍수조병태   1 7 6 1 512 2 1 1 5  0김태희47152.072우입보77 88 888159.053.029.51743 531461625291921261815241699 0 0↘→입13.836.938.413.7726936.138.7 73.7 75.2 40 40 2020   14.10   13.30 6  0 -5HU동55.84681412-2.0 5.0 3.0737312 0일반주행우수능력 1기 0 4 2     2 2 1①1:13.75    -.913.438.414.0 -3  2  .00 1 4  3  .019 4471194 7 4 4 51 2 4.02 4.07     6.2  7.4    9.7   22.7   27.610.53171 2 7 7 2△  .338.40  .36 -.0975.67 9.1920.2529.52 81728 7.6918.5427.27 4
20250209일 8120011외452 4101 8혼전 4451맑음건조 410 6마이티조이      런해피  LADY CIT 8719.00미수 3 0 0 1 5  91416:05 33000혼4서홍수조병태   1 8 5 5 412 1 1 0 4  0김태희46957.066평입보73 80 807965.068.049.119441129581025291921261815241699 0 0→↘입13.837.038.414.0676937.338.1 75.6 75.5 25 25 2525   13.90   14.30 4 -7  1HNDN55.84681412-4.5 7.0 2.5787812-2편성만만작전마주 1기 1 4 5     5 5 3②1:15.62½   .014.138.413.3  1  5  .00 2 1 -4  .52954242580 4 2 2 33 1 5.01 3.04     7.7  7.6    8.2   19.4   17.212.73173 2 8 8 2▲ 1.438.40 -.24  .1475.7218.1034.4449.1012264112.5025.9529.52 4
20250111토 7140011외432 2 81 9 3강 3353맑음건조 510 6마이티조이      런해피  LADY CIT 87     미수 3 0 0 2 5  99215:15 33000혼4서홍수조병태   1 9 4 4 112 4 1 0 3  0코지  46456.578평입하55 64 645656.067.047.8164011295810252933 0261823311999 0 0↗→입13.837.039.514.0503736.239.9 88.3 88.8 33 33  033   13.80   14.30 4  2  0VNUP55.04711412-5.0 9.0 4.0717112 2승부호기작전마주 1기 011 3     2 2 1④1:28.3½    .213.939.914.3 -1-12  .00 4 5  4  .643 8683471 4 6 2 21 4 3.01 6.05     7.2  4.9    7.2   16.4   20.411.83463 2 8 8 2▲ 1.338.90 -.6612.3288.9317.6434.1147.81173753 6.9821.6226.45 5
20241214토 9120011외420 3 7110 3강 3359맑음양호 810 6마이티조이      런해피  LADY CIT 8719.00미수 2 1 1 2 6 107917:00 33000혼4서홍수조병태   110 3 3 312 3 1 0 2  1코지  47656.587우입적99 35 3590  .074.060.71941 62845 9252933 0261823311999 0 0↗↗입13.837.238.013.6549236.938.9 75.6 76.0 50 50  050   13.60   12.90 7  1  2BL동55.04711212         1.0    12 0승부호기승부호기 1기 1 9 3     3 3 2④1:15.61¾   .613.838.814.3  3  5  .00 4 1 -4 1.74728533862 4 310 22 3 2.05 4.11     3.2  2.6   15.8   23.8   20.7  .03783 3 9 9 3★ 1.838.40 -.47  .8375.6129.2148.7060.7334536612.0022.5662.59 4
20241026토 2120012외420 3 7111혼전 4455맑음다습1410 6마이티조이      런해피  LADY CIT 8719.00미수 2 0 0 9 7 123711:00 41250혼4서홍수조병태   111 2 2 212 2 0 0 1  0코지  47155.093평입상52 35 3575  .073.053.8275611226314252933 02618233119      ↘↗입13.837.338.913.6435737.136.9 72.9 74.2  0  0  0 0   13.60   13.50 4  7  0BH동       1212         4.0    12 0마방승부승부호기 1   0 8 1     1 1 1①1:12.9코    .013.636.412.9 -4  4  .00 1 5 -4  .0 239 2 277111111 11 2 5.03 8.11     2.9 11.8   32.7  106.4   98.112.73177 2 8 9 2▲ 1.937.70 -.83-2.0376.1725.0643.2553.77375871 8.7016.7926.58 8
20240928토 3120012외251 310112혼전 4455맑음건조 510 6마이티조이      런해피  LADY CIT 8719.00미수 2     9 7 132312:05 412502등서홍수조병태   112 1 1 112 1 0 0 0  0코지  46755.093평무보   35 3540  .063.043.1275611226314252933 02618233119      ↘↗입13.836.738.513.3    37.238.8 75.3 76.2              13.80   13.60        NN동       12 0                 0 0일반주행마방승부 1기 0 1 3     5 5 4④1:15.31¾   .413.638.613.5 -5 11  .00 4 9  0 2.65247494668 1 1 1 22 1 2.03 4.07     8.0  4.6   12.2   24.0   30.7  .04078 3 8 9 3▲ 1.138.90  .05  .9975.6116.9730.8043.13122641 8.3316.6725.00 1
20260823일10120011국2 4 1  2 0 3강 3351          10 7강남불청객      페더럴리새즈미즈 6031.00한수 5       1    017:55 495002등송문길(주)나스-1 016 1 1 0 1 5 3 0  0임기원   55.588기자적58 56 565167.049.027.6203911204111282933462628233216671717↘↗입14.037.238.113.55283                   57 71 2143   15.10   12.0018 -3 -2LHDN55.64852012 1.8 3.8 5.6505018-2일반주행기복전력42기 0 7                            15.1    12.0        .0                       8 3 6 5  4                                            11.82861 2 6 7 2―  .238.10  .42     75.67 8.7418.6127.57 6152611.3422.3334.11 4
20260419일10140011국251 2102 1혼전 4459맑음건조 310 7강남불청객      페더럴리새즈미즈 5435.00한수 5 0 0 2 2  333      495002등송문길(주)나스-1 11510 417 1 5 317  0이동하49357.590평자하24 25 255950.057.035.1244217365425282930402628252419671717→↗선14.036.938.713.5607336.148.2 96.6 96.5 62 77 1546   13.80   15.6010  3  5BBDN55.64852012 1.0 3.2 4.2626218-2교체실패연대우수43기 110 3     3 3 9⑪1:36.6대차 8.013.648.421.0  5  7  .0011 6  2 8.699 79999 7 6 2 5 40 2 2.07 9.06 2.9 6.6  4.8   19.4   41.4   18.1  .03774 1 7 9 1△  .540.70  .2320.9288.3212.4124.5235.10102235 7.9516.7527.09 6
20260207토10160010국251 3102 2 2강 2257맑음건조 210 7강남불청객      페더럴리새즈미즈 5435.00한수 5 0 1 2 1  190      495002등송문길(주)나스-1 214 9 317 1 5 316  1우인철48653.073우자하49 49 491447.047.031.1204810204111282933 02628102723671717↘↘입14.036.338.713.5647636.442.7103.4105.9 62 69 1546   13.90   14.20 5  3 -5LUUP55.64852012 1.0 2.4 3.4727217 2인기탐색보통주행47기 0 7 4   4 5 4 6⑨1:43.43    3.313.841.915.6  5 -4  .09 9 4 -3 5.29544959610 2 1 5 30 1 3.06 2.01 3.5 6.6  5.2   22.3   45.9  178.5  .03156 0 6 7 0― -.138.70  .5530.87102.5 8.4619.2031.11142843 8.9420.9034.78 3
20260103토11140011국254 1102 3혼전 4451흐림다습1310 7강남불청객      페더럴리새즈미즈 5435.00한수 5 0 1 1 1   95      495002등송문길(주)나스-1 313 8 317 1 5 315  1장추열49058.093우자하69 70 707962.058.028.0295012204111282930392628202722671717↘↗입14.036.938.713.5617637.139.9 87.8 89.7 67 83 1733   13.40   14.10 5  3  1HBUP55.64852012 1.0 2.4 3.4727218 2전개최상보통주행78기 1 4 6     6 7 7⑨1:27.81½  2.213.939.214.2  2  2  .00 9 7  4 2.67455666824 6 1 8 50 1 1.03 6.09 3.2 5.6  3.2    7.9   15.2  169.0  .03480 0 7 7 0―  .639.20  .4214.1488.32 9.1018.4827.98 81728 7.3817.9927.27 6
20251130일 7120013국254 1 52 4혼전 4451흐림다습1010 7강남불청객      페더럴리새즈미즈 6031.00한수 4 0 1 9 1   9315:151100002등송문길(주)나스-1 412 7 617 1 5 314  1임기원48857.088우자보79 87 879579.065.034.4203911204111282933462628233216671717↘↗입14.037.237.913.5509436.438.9 73.8 76.0 67 75 2542   13.50   13.90 8 -3  2ULDN55.64852012  .6 2.4 3.0777718-2연대우수전개최상 5   0 1 3     5 5 7⑨1:13.8목   1.113.438.414.1  6  5  .09 9 3  1 2.147 954244710 1 8 40 3 6.02 8.05     5.0 16.9   27.9   69.6  102.2  .04194 3 8 9 3▲ 1.338.30  .36  .9075.5612.0923.6534.3910223511.1822.6334.84 3
20251003금11140011국244 1 92 5혼전 4451흐림다습1110 7강남불청객      페더럴리새즈미즈 5435.00한수 4 0 1 1 2  232      495002등송문길(주)나스-1 511 6 217 1 5 313  1이용호48355.562우자보85 95 957278.057.030.01257 0365425282917382628191820671717↗→자14.136.838.713.5667636.939.2 86.3 88.5 73 73 1836   14.20   13.90 4  2  1HNDN55.64852012  .2 2.6 2.8797914-3전개최상연대우수71기 1 4 7     7 5 3③1:26.31½   .313.538.313.9  1 -6  .00 3 2  0  .43039433372 6 3 3 50 3 1.04 7.06 1.9 4.6  1.9    8.8   11.1    9.610.53771 0 8 5 0―  .539.00  .4313.0088.25 8.7719.1230.02 6152617.8229.6042.23 3
20250906토 51700 8국231 2 82 6 2강 2251흐림다습1310 7강남불청객      페더럴리새즈미즈 5435.00한수 4 0 1 1 2  322      82500국O송문길(주)나스-1 610 5 217 1 5 212  1마이아48955.093강자보74 87 879893.070.068.23965 53654252829203326283532 8602020→↘선14.039.240.413.5858039.740.0109.4111.9 70 70 2040   14.10   12.80 5  1 -2HHUP55.74842012  .0 2.4 2.4848414 5전개최상전개최상 5   0 2 1 1 1 1 1 2②1:49.42½   .014.238.813.9  0  8  .00 2 2  0  .5 738221488 2 1 3 21 1 1.02 3.02 1.6 3.2  1.6    3.2    4.8    7.0  .04999 4 9 9 4☆ 1.741.60 -.2632.30112.830.1152.5068.2235556928.5752.2870.00 1
20250803일12120011국253 1102 7 3강 3351흐림건조 310 7강남불청객      페더럴리새즈미즈 6031.00한수 4     1 2  39116:50 495002등송문길(주)나스-1 7 9 4 517 4 5 2 0  0김용근48156.582강자보69 85 859786.066.052.92045 8365425282929442628312614602020↗↘선14.037.037.913.7679138.136.8 74.1 75.7 78 78 2233   14.00   14.2019 -8  2UN동55.74842012  .0 2.0 2.0898914 0연대우수전개최상52기 1 1 7    10 8 5③1:14.12½   .414.136.812.8  1 -4  .00 3 2 -1  .73387 11270 9 1 3 13 4 3.01 9.10     7.7  6.1    7.7   19.4   13.312.24489 3 9 9 3★ 1.438.50 -.07  .7875.4523.9740.6652.8635556923.4239.8254.39 1
20250322토10120011국254 1102 8혼전 4451맑음건조 410 7강남불청객      페더럴리새즈미즈 6031.00한수 4 1 1 2 4  79418:00 495002등송문길(주)나스-1 8 8 3 417 3 5 210  1김용근48555.087강입보78 91 918475.061.032.02957 7183313282929442628312614602020↗↘선14.037.037.913.5649236.938.9 74.6 76.2 88 88 2538   13.90   13.2013  8  0BH동55.74842012 -.2 1.6 1.4919114 0전개최상연대우수 1기 1 910    10 7 3④1:14.62     .714.038.614.2  1 -6  .00 4 3  0 1.45428533761 8 3 4 53 3 1.04 6.03     6.2  3.5   15.1   24.1   43.210.53780 3 8 9 3▲  .938.60  .53 1.3475.4510.6721.3632.04 81728 9.6321.9034.24 4
20241221토11120011국254 1102 9 2강 2251흐림양호 810 7강남불청객      페더럴리새즈미즈 6031.00한수 3     2 6 105518:00 495002등송문길(주)나스-1 9 7 2 317 2 5 2 0  0김용근49155.088강입하47 50 509255.057.031.6284622254712282929442628312614602020→→선14.037.137.813.6609437.338.2 74.4 76.2100100 2943   13.50   17.00 9 -5  2UNDN55.74842012  .0 1.4 1.4919114-8승부최상전개최상 1기 0 1 6     6 5 5⑤1:14.4코    .313.937.713.2  2  2  .00 5 3  2  .85253303070 9 110 42 2 5.04 3.02     8.1  5.8   12.0   22.9  243.8  .04177 3 8 9 3▲  .638.50  .53 1.2975.45 9.8420.0431.56102235 4.9814.0820.92 5
20241019토112000 9국243 2 9210 2강 2251흐림포화1610 7강남불청객      페더럴리새즈미즈 4140.00한수 3 1 1 2 7 125018:00 495002등송문길(주)나스-110 6 1 117 1 5 2 8  1김용근48953.591강입보91 97 977593.062.063.4294215284816282929442628312614602020↘→선14.039.240.613.6606538.746.1135.4136.4100100 2943   13.40   13.70 6 -1 -4NHUP55.74842012  .4 1.0 1.4929214 8전개최상승부최상 1기 1 6 2 1 2 2 4 8⑨2:15.43    8.013.545.917.0  8  5  .01 9 1 -1 8.197229898 5 4 4 1 20 1 4.02 9.01     5.4  5.2    7.5   16.6  125.1  .04493 3 9 9 3★ 1.140.90 -.8556.55131.424.4145.4363.3617375334.2357.2773.10 1
20240907토 6120014국354 110211혼전 4451맑음다습1110 7강남불청객      페더럴리새즈미즈 6031.00한수 3 1 1 2 7 136118:10 82500국3송문길(주)나스-111 5 2 217 2 4 2 7  1임기원48457.084강선상97 97 979285.068.030.016331128481628293346262823321675 025→↗입14.137.237.813.4559536.738.0 73.2 75.2100100 3350   14.10   13.30 7  5  4NBDN55.44841812  .5 1.0 1.5919112-6승부최상전개최상 1   0 7 7     6 3 1①1:13.22½  -.413.437.413.7 -1 -1  .00 1 2 -1  .0172122 99412 1 2 42 2 2.01 7.06     6.3  4.7    6.3   13.1   19.510.54193 3 9 9 3★ 1.438.10  .53  .1575.5010.8020.9930.0310223512.0221.0829.72 2
20240721일 9180011국340 3 9212혼전 4451맑음포화1610 7강남불청객      페더럴리새즈미즈 4140.00한수 3 1 1 2 8 147817:30 41250국3송문길(주)나스-112 4 1 117 1 3 2 6  1임기원48553.593강입보96 98 989086.067.054.42647 035501928293346262823321667 033↘→입14.040.039.813.4556939.339.3115.9117.4100100 2040   14.20   13.90 5 -1 -4UHUP56.04831812  .3 1.0 1.3939312 2승부최상승부최상 1   0 2 1 1 1 1 1 1①1:55.91¾  -.414.139.013.3 -2  0  .00 1 3  2  .0 71619 492 1 3 1 11 1 3.04 2.08     6.0  4.6   14.6   24.7   57.110.56198 4 9 9 4☆ 1.640.80 -.4537.63118.525.8542.9854.4434536626.2641.8656.88 1
20240616일 61600 9국412 3 6213혼전 4451맑음건조 510 7강남불청객      페더럴리새즈미즈 5435.00한수 3 0 1 2 8 157914:50 33000국4송문길(주)나스-113 3 3 217 2 2 2 5  1서승운48557.093강자하98 99 991485.069.051.52550 035501928293155262828291650 050↘↗선14.036.239.513.4714436.338.7102.5101.5100100 2550   14.70   14.10 5 -8  3UBDN55.54821712  .0 1.0 1.0979712-1전개최상승부최상 1기 1 3 1   1 1 1 1①1:42.51¾  -.314.239.113.9  0 -5  .00 1 1  0  .01042282194 1 7 1 11 2 1.03 3.06     5.2  1.8    7.1   10.8   38.210.54993 4 9 9 4☆ 1.639.50 -.2425.78102.922.8138.6751.4535556920.0034.9846.22 1
20240511토10170011국411 5 6214혼전 4451비  다습1410 7강남불청객      페더럴리새즈미즈 5435.00한수 3 1 1 2 9 169017:30 33000국4송문길(주)나스-114 2 2 117 1 2 1 4  1서승운49054.093강자하99 99 999385.069.053.13550 02652 528293155262828291650 050↗↘선13.639.740.313.1539538.841.3110.9112.8100100  067   13.80   14.1012  7  1VNUP55.54821712  .0 1.0 1.0999912 1마방선전전개최상 1기 011 7 7 4 3 3 1②1:50.9머리  .014.741.114.1  1  1  .00 2 1  0  .125 6602484 3 4 1 22 1 3.01 4.11     4.6  9.3    7.9   24.1   18.310.55299 4 9 9 4☆ 1.741.30 -.1232.76113.124.0741.5153.0917375322.0038.4239.36 1
20240217토 7160010국441 2 4215혼전 4451맑음다습1110 7강남불청객      페더럴리새즈미즈 5435.00한수 3 1 1 210 195615:40 33000국4송문길(주)나스-115 1 1 117 2 2 0 2  1이용호48353.058강추보99 35 3514  .062.035.921991427521728291738262819182050 050→↘자13.436.639.112.4489536.738.8103.2101.8100100  0**   13.50   13.20 4  0 -3UUUP55.54821612         1.0    12 2전개최상마방선전 1기 1 4 1   1 2 4 2②1:43.21     .013.840.014.1  1  1  .00 2 1  0  .11767303586 5 510 32 2 2.01 5.04     3.7  4.0    3.7    7.8    8.3  .03777 3 8 9 3▲ 1.039.10  .1226.13102.911.8223.9635.9210223511.2120.2882.54 5
20260823일10120011국2 4 1  3 0 3강 3351          10 8드론킬러        카우보이마중물   6127.00한거 5 0 0   1    017:55 495002등박재우이관형   1 01614 428 1 5 628  0코지     57.088평입보50 57 576153.060.039.43157191944 92241201122142331192558 8↗↘입14.037.138.413.85365                   52 74 3922   13.60   14.00 7  2  0LLDN54.04992014 1.4 5.0 6.4585813-2일반주행마방연대45기 0 8                            13.6    14.0        .0                       7 6 5 3  1                                            10.92571 1 6 8 1▲  .738.40 -.01     75.7813.9127.3939.37204257 8.2520.4730.61 5
20260704토10140010국250 3103 1혼전 4451흐림건조 410 8드론킬러        카우보이마중물   6032.00한거 5 0 0 1 1  122      495002등박재우이관형   1 115131028 1 5 627  0안드레50857.091평입하58 65 654858.059.030.02556 61944 92241 0 022143822 52764 9↗→선14.036.839.413.8563737.039.1 86.8 88.5 55 73 4123   14.60   13.90 8  4 -1NNDN53.84982014 1.6 4.6 6.2555513-4연대우수급신장세60관 0 6 5     6 7 4⑤1:26.8목    .513.638.714.0 -2  6  .00 5 7  1  .62944383167 4 7 7 60 1 4.02 9.08 2.8 5.2  7.5   14.1   35.3   34.712.73375 2 6 7 2△ 1.139.00  .0012.2688.73 8.8918.4129.99 41221 8.7018.3328.21 7
20260509토 91800 9국212 7 13 2 2강 2252맑음건조 510 8드론킬러        카우보이마중물   5139.00한거 5 0 0 2 1  152      495002등박재우이관형   1 21412 428 1 5 626  0루이스50258.070우입하42 35 354047.043.023.02042111944 9224120 022142026162764 9→↘입14.040.140.513.9443740.140.5118.6119.2 57 71 3329   14.20   14.20 6 -9  3HUDN53.84982014 1.0 4.0 5.0595912-2교체실패연대우수32관 0 2 5 5 4 6 7 6⑦1:58.61     .614.640.913.9  1 -2  .00 7 6  1 2.64646494368 7 5 5 60 1 3.05 1.05 1.6 3.0  6.2   45.3   89.6   60.5  .03761-2 5 5-2▽ -.540.90  .0138.61118.8 6.2314.2723.01 51221 8.3317.2128.49 4
20260328토10200011국243 4 93 3혼전 4451맑음건조 310 8드론킬러        카우보이마중물   5139.00한거 5 0 0 9 1  116      495002등박재우이관형   1 31311 328 1 5 625  0우인철50455.072우입하76 49 494855.053.032.62048101944 92241 0 022141027232764 9↘↘입14.039.441.213.9333340.039.6132.2131.6 55 80 5035   14.50   14.60 6  9 -3VNUP53.84982014  .4 3.4 3.8676717 2승부최상부중잇점92기 211 7 8 8 8 8 7⑧2:12.21½  1.214.240.614.2  3  4  .00 8 5  0 1.45582415748 4 7 6 40 1 4.03 4.03 2.3 4.6  8.6   21.7   38.3   10.112.73464 2 6 7 2―  .540.40 -.6050.97132.010.9122.5432.62 92133 9.6222.2234.13 4
20260214토10180011국220 6 73 4혼전 4451맑음건조 310 8드론킬러        카우보이마중물   5139.00한거 5 0 0 2 1  106      495002등박재우이관형   1 41210 328 1 5 624  0빅투아50058.092우입하70 73 737773.061.032.63153141944 9224125 022142228182764 9→→선14.040.140.213.8435239.242.1117.7118.6 63 74 5332   14.80   13.50 3  1  5HB동53.84982014 -.4 3.2 2.8717120 0연대우수승부최상55관 1 2 4 4 5 5 6 5⑧1:57.71½  1.314.541.214.6  3  3  .00 8 5  3 2.23514846545 5 8 5 52 1 1.04 9.01 2.3 3.7  2.3   11.6   17.5   54.2  .04492 3 8 9 3▲  .940.80 -.1238.29118.711.4122.0732.62 5122212.8223.6333.70 4
20260125일 9180010국223 3 73 5혼전 4451맑음건조 310 8드론킬러        카우보이마중물   5139.00한거 5 0 0 2 1   44      495002등박재우이관형   1 511 9 228 3 5 623  0권중석49753.566우입상84 70 707071.059.037.91341 61944 9224113 022141918182764 9↘→선13.940.040.113.8435740.239.9117.6118.6 67 78 4428   14.00   13.70 5-10 -1UHDN53.84982014 -.8 3.2 2.4737312-2전개최상연대우수 5기 0 1 7 7 6 8 9 5④1:57.6¾    .314.839.713.5  2 -3  .00 4 2 -3 1.33848363372 7 6 3 53 3 4.06 6.10 2.8 3.4  9.3   66.7  157.8  237.312.73772 2 8 9 2▲  .840.90 -.1838.50118.611.7324.3937.89 8172812.6124.7835.65 3
20251220토11200011국241 2 93 6혼전 4451흐림포화1610 8드론킬러        카우보이마중물   5139.00한거 4 0 1 2 1   9718:00 495002등박재우이관형   1 610 8 228 2 5 622  1권중석50054.066우입상84 92 929178.066.049.51341 61944 9224113 022141918182764 9↘→선13.939.541.213.8303739.339.1128.0129.1 71 88 4729   15.10   14.00 5  6  2VN동53.84982014-1.6 4.0 2.4737320 0연대우수전개최상49기 011 6 3 3 3 4 3④2:08.01    1.014.039.613.7 -1 -4  .00 4 5  2 1.1 846252153 410 1 12 2 3.1010.07     5.4  4.5   96.4  165.9  175.110.54487 3 9 9 3★ 1.440.10-1.0348.38132.120.9937.4549.4734536615.6527.8540.79 3
20251116일112000 7국242 4 43 7혼전 4451맑음건조 310 8드론킬러        카우보이마중물   5139.00한거 4 0 0 2 1  111      495002등박재우이관형   1 7 9 7 128 1 4 621  0권중석50452.566우입보60 76 768874.063.048.91341 61944 9224113 02214191818306010↘→선13.938.941.513.8752739.838.4131.1129.5 69 75 5625   14.10   14.30 6  2 -1NHUP53.94972014-1.6 4.4 2.8646412 2연대우수연대우수52기 0 5 6 6 6 6 4 3①2:11.1¾    .015.139.214.0 -2 -2  .00 1 3  1  .01670111795 1 4 3 32 1 3.02 5.03 2.3 3.4  4.4    6.3   12.1    3.412.73785 2 9 9 2▲ 1.040.70 -.8649.08131.817.0432.3548.8915314721.7438.6442.86 3
20251004토10180011국234 2 83 8 1강 1151맑음다습1010 8드론킬러        카우보이마중물   5139.00한거 4 0 0 1 2  222      495002등박재우이관형   1 8 8 6 128 4 4 520  0문세영50653.573우입상73 57 577576.059.046.52735 01660 5224143332214293615335611↗↗입13.839.540.713.8753039.142.0116.9118.9 67 80 5327   14.50   13.50 4 -1 -2HHUP53.94961814-2.4 5.2 2.8646412 1전개최상연대우수68기 1 3 4 4 5 3 2 2②1:56.91¼   .014.141.814.3  0 13  .00 2 2 -2  .24112836089 4 6 4 22 4 6.02 1.03 2.2 4.7 18.7   28.1   84.9   75.7  .03778 1 8 7 1▲  .741.40 -.4138.70118.616.7433.2246.5212264115.6530.0944.41 3
20250906토 51700 8국231 3 83 9 2강 2241흐림다습1310 8드론킬러        카우보이마중물   6032.00한거 4 0 0 1 2  32216:10 825002등박재우이관형   1 9 7 5 128 3 4 519  0문세영49355.073우입보66 70 709488.063.047.52735 01660 5224143332214293615335611↗↗입13.739.041.213.8934440.140.4110.1112.6 71 79 5729   13.70   13.9010  3  2HNUP53.94961714-2.0 5.0 3.0626212 3전개최상전개최상 5   0 4 4 4 4 5 5 3③1:50.14     .714.539.213.5 -1 -7  .00 3 4  3 1.22159333661 1 7 5 32 3 1.02 3.02     3.2  1.6    3.2    4.8    7.0  .04191 3 8 8 3▲ 1.142.00 -.1232.40113.214.7730.9247.5215314719.5538.1755.45 3
20250628토 9140011국234 2 8310혼전 4451맑음다습1110 8드론킬러        카우보이마중물   6032.00한거 4 0 1 9 3  50618:00 495002등박재우이관형   110 6 4 928 2 4 518  1문세영50053.073우입상86 87 879582.066.051.33745 01428 3224143332214293615335611↘↗입13.736.439.413.8834436.639.6 86.8 89.0 71 79 5729   13.20   13.30 7 -2  1UNDN53.94961614-2.6 5.4 2.8646412-2승부최상전개최상53기 1 1 5     3 4 4④1:26.82½   .413.738.813.9  3 -1  .09 4 1 -1  .84922593970 2 7 6 22 2 2.03 7.11     4.4  2.9    8.3   11.6   18.7  .04196 3 9 9 3★ 1.339.50 -.3113.2088.4521.8539.0551.2734536616.6729.8942.86 2
20250511일11160010국244 2 9311 1강 1141맑음포화1610 8드론킬러        카우보이마중물   6032.00한거 4 0 0 2 4  63618:00 495002등박재우이관형   111 5 3 428 1 4 417  0문세영50152.073우입상69 66 661491.062.045.8455525215010224143332214293615385013→↘입13.836.139.913.8773735.839.5100.0101.8 69 77 5431   13.90   14.50 4 -6 -5HU동54.24961614-1.8 4.2 2.4717112 0연대우수승부최상 1   0 3 3   3 3 3 1②1:40.0½    .013.239.313.3  0  1  .00 2 2 -7  .11515502889 2 9 6 22 1 4.02 2.03     4.2  5.9    9.3   20.7    7.1  .04997 4 9 9 4▲ 1.139.90 -.2625.75103.016.9131.9845.8017375318.7534.3447.62 4
20250413일 7160010국243 6 4312 3강 3351맑음포화1710 8드론킬러        카우보이마중물   6032.00한거 4 0 1 2 4  72415:15 825002등박재우이관형   112 4 2 328 3 4 416  1조한별50057.068강입보88 78 781465.048.016.8195711215010224122 02214122118385013↘→입13.736.139.613.7795235.640.4100.6103.0 75 83 5033   14.10   13.70 4  0  5LB동54.24961614-1.4 3.4 2.0828212 0승부최상연대우수 1   0 9 6   6 6 6 4④1:40.62½  1.013.940.014.5 -5 -3  .00 4 9  4 1.156 8725352 5 8 5 82 3 2.01 6.07     3.6  4.2    3.6    9.3   34.8  .03738 0 6 6 0― -.239.60  .5727.30102.9 3.31 8.3616.83 3 917 7.0116.0026.18 6
20250315토10160010국210 3 6313 1강 1151맑음양호 610 8드론킬러        카우보이마중물   6032.00한거 4 0 1 2 5  81518:00 495002등박재우이관형   113 3 1 228 2 4 415  1조한별50352.061강입상90 94 941493.059.038.9186710254019224122 02214122118385013↗↘입13.736.439.413.7606136.239.2100.9102.2 82 82 5536   13.50   14.40 4  6 -6BUUP54.24961614 -.6 2.6 2.0828212 2마방선전승부최상 1기 0 9 6   6 4 3 5③1:40.97    1.314.138.913.7 -2  3  .00 3 5 -1 1.72733423241 3 5 1 32 2 1.02 3.06     4.1  1.5    5.7    7.7   17.2  .05292 4 9 9 4▲ 1.039.40  .0026.37102.913.1226.3138.8712264122.8941.5856.34 1
20250216일10140011국312 2 6314혼전 4451흐림건조 410 8드론킬러        카우보이마중물   6032.00한거 4 0 1 2 5  89017:30 41250국3박재우이관형   114 2 5 828 1 4 314  1조한별50058.061강입보96 86 867076.063.037.4186710254019224122 02214122118434314↗↘입13.736.738.813.6688535.640.5 87.6 88.6 80 90 5040   13.90   13.70 6 -3  1HB동53.64951614 -.6 2.2 1.6898912 0연대우수마방선전 1기 2 3 2     3 2 1②1:27.64     .013.540.514.4 -4 -4  .00 2 6  3  .733 1813376 3 4 3 32 1 5.06 7.03     7.4 10.2   25.4   63.6   59.0  .04085 3 8 9 3▲ 1.239.10  .2413.0788.2513.9626.3137.4315314713.7425.4736.21 3
20250104토10140011국351 110315혼전 4451맑음건조 310 8드론킬러        카우보이마중물   6032.00한거 4 0 1 1 6 101117:30 41250국3박재우이관형   115 1 4 728 2 4 313  1장추열50457.586우입보88 93 938883.071.049.1305420264314224133302214202722434314↗↘입13.736.638.913.6727636.938.2 87.3 87.8 89 89 5633   13.70   13.50 7 -2  5NB동53.64951614  .6 2.6 3.2797912 0전개최상연대우수 1기 0 6 5     5 5 4④1:27.36    1.013.938.413.7  1 11  .00 4 3 -1 1.5 93911 649 2 7 3 22 2 2.07 3.05     8.1  4.2   28.2   45.5   44.310.54083 3 9 9 3★ 1.639.10 -.0712.2688.2521.2036.8549.1234536615.0829.5742.63 4
20260823일10120011국2 4 1  1 0 3강 3351          10 9스타트렉        페더럴리초원의별 6031.00한거 5 0 0   1    017:55 495002등조현수(주)나스-1 016 31820 1 5 320  0빅투아   52.591우선보50 54 549354.049.027.53153141357 71023163010 32228188813 0→→선13.536.439.114.29433                   50 63 9425   13.20   13.80 5  8  0LH동55.05171412  .2 5.2 5.4555513 0전개최상전개최상51관 0 9                            13.2    13.8        .0                       211 7 6  3                                            12.24184 1 6 8 1△  .239.10  .31     75.78 8.7218.5927.53 41221 7.2217.6729.74 6
20260718토101200 9국254 2 51 1 1강 1151흐림포화1810 9스타트렉        페더럴리초원의별 6031.00한거 5 0 0 2 1   82      495002등조현수(주)나스-1 115 21720 1 5 319  0정도윤50852.584우도보85 64 649980.056.035.416 0 71357 71023 9 010 31029228813 0↗↗입13.636.438.914.2934135.838.9 72.6 74.8 53 60 9327   12.80   14.10 4 -6 -2UH동55.05171412  .0 4.8 4.8626213 0전개최상전개최상 5   0 1 1     1 1 4④1:12.62½  1.113.237.813.8  0-11  .00 4 4 -3 1.211 253 948 1 9 5 41 1 1.03 9.02 2.2 3.3  2.2    4.8    7.4   18.812.04189 2 7 6 2△  .638.80  .22 -.5075.6710.2722.5735.39 9213314.4929.2542.23 4
20260620토10120010국253 1 51 2 1강 1151비  불량2010 9스타트렉        페더럴리초원의별 6031.00한거 5 0 0 2 1   71      495002등조현수(주)나스-1 214 11620 2 5 318  0빅투아51954.091우도상68 84 849682.052.025.33153141357 71023163010 32228188813 0→→선13.636.438.814.0925235.839.3 73.0 75.2 57 57 8621   13.20   14.20 9 -3 -4NH동55.05171412-1.4 4.6 3.2727213 0전개최상전개최상 5관 0 7 2     3 3 3⑩1:13.0½   1.412.838.214.1  3  6  .0010 7  1 1.518 1651638 110 4 70 2 4.0310.05 3.5 5.0  6.2   17.5   39.0  176.2  .04176 0 7 7 0―  .238.90  .56  .0075.61 6.8016.2125.27 4111810.3821.4334.47 6
20260419일 8120011국354 4101 3혼전 4451맑음건조 410 9스타트렉        페더럴리초원의별 6031.00한거 5 0 0 2 1  164      41250국3조현수(주)나스-1 313 21520 1 5 217  0빅투아51357.591우도하74 69 699666.058.033.33153141357 71023163010 32228188614 0→→선13.636.438.914.0924835.939.6 74.6 75.7 54 62 9223   13.50   13.60 6  8  0BL동54.65181412-1.2 4.8 3.6707013 0전개최상전개최상32관 110 1     1 1 1②1:14.6½    .013.238.914.2 -4-11  .00 2 6  4  .137 2743084 1 9 6 41 1 1.06 9.10 2.5 6.5  2.5   15.5   19.7   20.2  .04192 1 7 8 1▲  .639.10  .28  .4175.6710.9721.7333.3110223511.1122.0338.76 4
20260307토10120011국354 3101 4혼전 4451맑음포화1510 9스타트렉        페더럴리초원의별 6031.00한거 5 0 0 2 1  117      41250국3조현수(주)나스-1 412 1142010 5 216  0푸르칸52457.580우도하75 67 679758.053.029.72256141357 71023253510 31424218614 0↗↗추13.636.438.814.1944836.838.8 73.5 75.7 54 62 8523   13.30   14.20 5 -8  0HL동54.65181412-1.4 4.0 2.6808013 0전개최상전개최상70기 0 2 3     4 4 1⑤1:13.51     .913.537.713.6  3  3  .09 5 2 -4 1.13625493153 2 8 4 6211 1.0310.01 2.8 5.9  2.8   13.2   23.2   34.5  .04171 1 7 6 1△  .239.10  .42  .5075.6110.3120.7429.67 5122211.7622.9232.25 3
20260131토10120011국454 3101 5혼전 4451맑음건조 210 9스타트렉        페더럴리초원의별 6031.00한거 5 0 0 9 1   85      41250국4조현수(주)나스-1 511 31320 9 5 215  0푸르칸52157.580강도하82 85 859266.060.028.12256141357 71023253510 31424218614 0↗↗추13.636.438.814.1934836.439.3 74.4 76.0 67 67 8317   13.30   14.10 5  1  0BL동54.65181412-1.4 4.0 2.6808013 0전개최상전개최상 5관 010 2     1 1 2⑥1:14.41    1.413.338.914.2  0 -5  .00 6 6  3 1.446 9683738 2 9 7 6110 5.07 4.11 3.0 7.7  9.8   77.0  203.7  406.3  .04174 0 7 8 0▲  .739.10  .48  .7875.61 7.9818.1228.12 51222 9.2218.0633.01 5
20251228일 9120011국344 2 91 6 2강 2251맑음다습1210 9스타트렉        페더럴리초원의별 6031.00한거 4 0 1 9 1   8717:00 41250국3조현수(주)나스-1 610 21220 8 5 214  1푸르칸52657.580강도상98 95 959788.062.033.22256141357 71023253510 31424218614 0↗↗추13.636.438.814.2925236.339.0 74.0 75.7 64 73 9136   13.40   13.20 4  2  3BB동54.65181412-2.2 4.0 1.8858513 0전개최상전개최상40관 0 9 2     2 2 2⑤1:14.0½    .513.338.714.1  2  0  .00 5 3  1  .939 9572566 1 9 2 31 9 1.02 6.08     6.2  3.1    6.2   10.9   61.0  .04175 1 9 9 1▲  .839.10  .33  .5275.61 9.5320.8033.2315314717.9333.2146.80 3
20251129토 9120011국354 1101 7혼전 4451흐림다습1010 9스타트렉        페더럴리초원의별 6031.00한거 4 0 0 9 1   8017:00 41250국3조현수(주)나스-1 7 9 11120 7 4 213  0푸르칸52654.580강도상92 95 959677.063.035.92256141357 71023253510 31424218317 0↗↗추13.636.438.714.0925736.537.2 72.3 74.5 60 70 8020   13.20   13.80 6  3  1NN동54.75171412-2.6 4.6 2.0858513 0전개최상전개최상58관 1 7 2     1 1 1①1:12.3코    .013.436.813.2 -1  4  .00 1 2 -4  .0 512 4 180 2 8 3 41 8 2.07 7.11     6.5  3.7   29.7   46.4  182.210.54179 2 9 9 2▲ 1.038.70  .30 -.6075.5613.5025.7135.9210223515.0029.2539.62 4
20251018토10120011국454 1101 8혼전 4451흐림포화1910 9스타트렉        페더럴리초원의별 6031.00한거 4 0 0 2 2  211      41250혼3조현수(주)나스-1 8 8 91020 6 4 112  0푸르칸52253.582강도보95 95 959663.060.026.925751711 0101023253510 314242199 0 0↘↗추13.636.538.814.1885235.938.7 73.1 75.3 56 67 7822   13.00   14.20 6  0 -2HH동54.95151412-2.4 4.8 2.4848413 0전개최상전개최상55관 0 4 3     3 2 1②1:13.14     .013.238.213.8 -4  1  .00 2 6 -1  .721 147 785 410 7 72 7 2.06 7.04 2.7 6.4  4.4   24.8   41.7  142.910.54178 2 7 7 2△  .838.80  .45  .0075.67 7.6116.5426.90 51222 8.9716.2728.94 6
20250906토 4120012국424 1 71 9혼전 4451흐림다습1310 9스타트렉        페더럴리초원의별 6031.00한거 4 0 0 1 2  323      82500국O조현수(주)나스-1 9 7 8 920 5 4 111  0푸르칸52155.082강도상95 96 969172.060.026.425751711 0101023253510 314242199 0 0↘↗추13.636.638.714.1875734.939.8 72.6 74.8 63 63 7525   13.50   13.80 8 -2 -3HN동54.95141412-2.4 4.2 1.8888813 0승부최상전개최상 5   0 4 2     1 1 1④1:12.6¾    .213.038.714.2 -3  7  .00 4 7  5  .8 9 079 975 612 3 51 6 2.0110.03 2.1 4.6  4.0    4.6    9.8   18.210.54163 0 8 8 0▲  .738.60  .48 -.5075.67 8.5817.7126.41 8172811.7320.5424.82 3
20250712토 6120010국434 2 8110 1강 1151맑음건조 510 9스타트렉        페더럴리초원의별 6031.00한거 4 0 0 2 3  46915:35 33000국4조현수(주)나스-110 6 7 820 4 3 110  0푸르칸51457.579우도상92 99 999091.069.073.63171201667101023253510 314242199 0 0→↘추13.636.738.714.1785736.737.4 73.9 74.5 57 57 7114   13.30   13.60 7  1  5NB동54.05141412-2.0 4.2 2.2838313 0도주강력승부최상35관 0 6 1     1 1 1①1:13.9¾    .013.537.913.8 -1  1  .00 1 2 -1  .0 518 7 278 4 5 1 11 5 2.03 6.09     5.3  3.4    7.4   14.3   46.7  .06192 4 9 9 4☆ 1.838.40 -.96 -.9375.7237.6861.1673.6135556927.2749.1467.31 3
20250525일 6120011국424 2 7111혼전 4451맑음양호 810 9스타트렉        페더럴리초원의별 6031.00한거 4 0 0 2 3  59914:25 33000국4조현수(주)나스-111 5 6 720 3 2 1 9  0푸르칸51352.579우도상62 86 868877.066.041.83171201667101023253510 314242199 0 0→↘추13.636.838.914.1774835.938.4 73.2 74.6 50 50 6717   13.40   14.00 4  0 -1NH동54.85151412 -.8 3.8 3.0777713 0도주강력도주강력45관 1 5 1     1 1 1①1:13.21¼  -.313.337.913.6 -2 -4  .00 1 3 -2  .0 6 137 391 7 6 3 21 4 3.04 5.02     3.9  7.9   23.7   52.4  307.1  .03779 3 9 9 3★ 1.338.30 -.20-1.1475.8915.2229.3641.7617375317.8234.7446.08 2
20250426토 6120011국414 3 6112혼전 4451맑음양호 810 9스타트렉        페더럴리초원의별 6031.00한거 4 0 0 9 4  69315:15 33000국4조현수(주)나스-112 4 5 620 2 2 0 8  0푸르칸51753.570우도상67 83 838669.057.028.8142910 6   71023253510 314242199 0 0↗→추13.736.738.714.1796136.639.3 75.3 76.1 40 60 6020   13.70   14.10 8 -6  2NN동54.85151412 -.6 3.4 2.8777713 0전개최상도주강력 1관 0 5 4     4 4 3②1:15.38     .013.439.214.0 -3  8  .00 2 5 -2 1.45014674284 4 8 2 62 3 1.05 7.05     5.3  1.8   12.4   16.8   22.6  .03462 0 7 7 0―  .538.90  .34  .7275.72 8.4518.9228.83 5122215.5727.4237.09 2
20250301토 6120011국442 1 9113혼전 4451흐림건조 310 9스타트렉        페더럴리초원의별 6031.00한거 4 0 0 1 5  86115:15 33000국4조현수(주)나스-113 3 4 520 1 2 0 7  0푸르칸50952.072강도하55 55 559258.053.025.91443111025 41023253510 314242199 0 0↘↗추13.636.738.212.9808036.839.0 75.1 76.2 50 75 7525   13.40   15.1015  6 -1VU동54.85151412  .0 2.5 2.5777713 0전개최상전개최상 1관 011 4     4 3 3④1:15.11     .213.739.014.1 -3 -4  .00 4 7  4 1.25325563873 2 4 5 62 2 1.09 8.07     6.0  2.9   32.1   53.1   34.412.74174 2 7 7 2△  .338.90  .70 1.3175.45 7.5216.9025.90 51222 9.8022.4526.26 4
20241117일 5120011국444 4 4114 3강 3351맑음양호 610 9스타트렉        페더럴리초원의별 6031.00한거 3 0 0 2 6 115914:00 33000국4조현수(주)나스-114 2 3 420 5 2 0 6  0이동하51353.090우도하74 68 689277.062.036.82747 81550141023264010 325241999 0 0→→선13.636.838.312.9768036.540.4 76.4 77.0 50 75 7525   13.20   14.10 5  1  1NN동54.85151412 1.0 2.0 3.0707013 0전개최상전개최상 1관 2 5 2     2 1 2⑦1:16.42    1.713.440.115.1  4 -4  .09 7 3  2 2.67611877230 6 2 4 41 5 2.04 4.08     3.4  3.8   13.6   23.0    6.010.94174 1 8 9 1▲  .939.10  .27 1.9275.5612.5023.8236.7810223515.5231.7634.43 3
20241013일10120011국454 210115혼전 4451맑음건조 310 9스타트렉        페더럴리초원의별 6031.00한거 3     2 7 126217:30 33000국4조현수(주)나스-115 1 2 320 4 2 0 0  0이동하51752.087우도하42 45 459247.051.022.42438171333 91023264010 325241999 0 0→→선13.636.638.312.9934436.339.4 74.4 76.0 50 75 7525   13.20   17.0030 -6 -1HUDN54.85151412 1.0 2.0 3.0747413-2승부최상전개최상 1관 0 4 1     1 1 2⑦1:14.4½   1.013.238.614.1  6 -2  .03 7 1 -3 1.147 8693848 4 4 9 61 4 7.0210.02     8.4 13.3   31.2   74.2   72.4  .04165 0 6 5 0―  .139.00  .82 1.1375.45 5.7513.7522.37 51222 9.0916.6725.13 4
20260823일10120011외2 4 1  2 0 3강 3351          1010뉴돌콩          ACCELERASWEAR BY        미수 5 0 0   1    017:55 495002등서인석이태인   2 016 6 421 2 4 322  0유승완   55.572평자보50 58 584522.043.015.61960 81845 9182719 01912152722331750→↘입14.337.637.913.44089                   38 52 1033   14.50   14.0010  1 -2BNDN55.15322018  .8 3.4 4.2585820-6일반주행보통주행47기 010                            14.5    14.0        .0                      10 2 4 9  2                                            11.21628-2 3 4-2▽ -.637.90  .65     75.78 3.75 9.3915.60 2 613 6.1911.1617.49 8
20260614일 9180011외241 5 92 1 1강 1131흐림건조 31010뉴돌콩          ACCELERASWEAR BY        미수 5 0 0 2 1  173      495002등서인석이태인   2 115 51221 1 4 321  0유승완52757.069우자보33 31 314818.039.017.81960 81845 9182719 01912152722331750→↘입14.339.940.213.3604840.040.7118.6119.2 40 55 1035   14.50   13.60 3  2  3LBUP55.15322018  .4 2.6 3.0686820 2일반주행작전마주70기 0 9 5 5 4 5 5 6⑦1:58.65    1.214.540.114.0  2 -1  .00 7 5 -1 1.65139554548 3 5 8 72 1 2.01 2.10 3.0 6.5  4.1    6.5   12.9    7.5  .02140 0 4 5 0― -.541.10  .2839.13118.6 4.3210.7617.76 4 917 1.68 6.9314.33 7
20260523토 7160010외211 1 12 2 3강 3351맑음다습131010뉴돌콩          ACCELERASWEAR BY        미수 5 0 0 2 1   54      495002등서인석이태인   2 214 4 121 1 4 320  0우인철52854.573우추하50 86 861466.054.034.02048101845 9182733 01912102723331750↘↘입14.236.438.513.3627337.039.9102.0104.1 42 53 1137   14.30   13.4031  4 -1NHDN55.15322018  .8 1.8 2.6707020-4강단마필작전마주48기 0 7 9   9 9 8 7⑥1:42.06    1.514.539.313.6  0  4  .00 6 6  4 3.27779587138 6 1 4 40 1 1.03 3.09 1.2 2.8  1.2    4.5    5.1   28.911.82862 2 6 6 2―  .438.50  .5329.16102.411.0322.7433.9910223510.2421.8538.44 4
20251018토112000 9외241 8 92 3 1강 1151흐림포화191010뉴돌콩          ACCELERASWEAR BY        미수 4 0 0 2 4  638      495002등서인석이태인   2 313 3 221 4 4 318  0마이아52155.593우추보95 53 538781.063.041.3335032214411182743 019123532 8331750→→선14.339.540.413.3475238.540.2130.0129.4 39 50  628   14.30   13.20 6 -4  3HNUP55.15322018  .0 2.2 2.2727220 2연대우수최적거리 5기 0 3 2 2 2 2 2 1③2:10.0½    .013.540.614.4  1 -1  .00 3 2 -1  .81516513192 4 3 6 41 4 4.03 4.09 2.1 4.7  7.6   11.9   27.0   12.312.03369 2 8 9 2▲ 1.040.10 -.3949.51131.414.7027.9141.2612264114.8630.1541.16 4
20250906토 71800 6외232 1 32 4혼전 4451흐림포화161010뉴돌콩          ACCELERASWEAR BY        미수 4 0 0 1 2  320      825002등서인석이태인   2 412 21121 3 4 317  0마이아52253.093우추보95 97 978584.063.041.73965 51426 4182743 019123532 8331750→↘선14.340.139.913.3586139.939.4114.5117.0 41 53  641   13.80   14.20 3  5 -1NHDN55.15322018  .4 2.0 2.4797920-2연대우수연대우수 5   0 7 3 3 4 4 4 4③1:54.58    1.414.338.213.2  0 -2  .00 3 3  2 1.6 438201335 6 3 2 42 3 2.01 4.05 2.3 2.4  2.3    2.4    4.8    2.010.53776 1 9 7 1▲  .940.60 -.2437.00118.513.8426.9241.6710223522.6138.9454.72 2
20250816토 72000 8외251 2 52 5 1강 1151맑음다습101010뉴돌콩          ACCELERASWEAR BY        미수 4 0 0 2 2  382      495002등서인석이태인   2 511 1 121 2 4 216  0마이아52453.593우추보86 91 918190.061.052.43965 51426 4182743 019123532 8331750→↘선14.439.740.213.2385739.339.1130.6128.2 38 50  644   14.20   13.20 4 -4 -5HHUP55.15322018  .6 2.2 2.8757517 2전개최상연대우수44기 0 2 2 5 4 3 3 2②2:10.6목    .013.840.314.2  1  1  .00 2 1  0  .1 348262395 5 2 3 32 2 5.01 3.02 3.0 4.1  8.0   14.2   35.8   13.8  .03772 1 8 7 1▲  .839.80 -.6548.30131.418.0135.8052.4217375329.5755.9273.20 1
20250719토 7180010외352 3102 6혼전 4451흐림포화171010뉴돌콩          ACCELERASWEAR BY        미수 4 0 0 2 3  44816:30 41250혼3서인석이태인   2 610 61021 1 3 215  0마이아52358.093우추하66 41 419169.066.042.9344833173910182743 019123532 8202060→→선14.440.539.813.2356539.139.7115.3117.8 33 47  047   14.60   13.20 4  3  0NL동54.55341818 1.0 2.8 3.8616117 0전개최상전개최상64기 0 6 2 2 2 2 1 1①1:55.31¾  -.414.238.513.2  0-11  .00 1 1 -1  .0131229 693 9 1 7 21 1 1.06 6.09     8.6  4.1   16.7   24.7   14.6  .04190 3 8 9 3▲ 1.340.30 -.3437.50118.716.2630.1342.8612264116.8129.8240.30 2
20250621토 9180011외331 3 82 7혼전 4451흐림포화171010뉴돌콩          ACCELERASWEAR BY        미수 4 0 0 2 3  52618:00 41250혼3안해양이태인   2 7 9 5 921 3 3 214  0문세영53458.073우추적83 86 869278.065.044.63745 0 940 0171847 02114293615202060↘↗입14.440.539.613.2378040.140.5116.2118.7 36 50  050   14.20   13.40 6 -8  3HB동54.55341818  .6 2.6 3.2727217 0연대우수전개최상68관 2 31010111110 5④1:56.23    1.214.639.313.2  2  0  .00 4 2 -2 1.5354752474310 1 2 23 3 3.0810.05     4.5  5.9   71.2  122.1   32.5  .04175 1 8 6 1▲ 1.140.40 -.3438.60118.617.5231.7944.5917375317.3130.7042.35 2
20250510토 8180011외350 3102 8혼전 4451흐림불량201010뉴돌콩          ACCELERASWEAR BY        미수 4 0 0 2 4  64917:00 41250혼3안해양이태인   2 8 8 4 821 2 2 213  0문세영53455.073우추적78 60 606484.066.050.94555251443 5171847 02114293615252550→↘입14.440.539.713.2337640.139.3115.3117.6 31 46  046   14.30   13.50 5  4  0VN동54.45341818 1.6 2.2 3.8676717 0최근최상연대우수 1   011 5 5 7 7 7 3①1:55.32    -.314.239.813.4 -3 -7  .00 1 4  2  .0 944181494 8 2 3 23 2 4.0711.10     7.3  6.4   35.1   57.1   85.5  .04489 3 9 9 3★ 1.440.30 -.5037.39118.620.8537.8850.9035556928.8947.3158.78 1
20250405토10180010외351 2102 9 1강 1152비  포화191010뉴돌콩          ACCELERASWEAR BY        미수 4 0 0 1 4  75220:00 41250혼3안해양이태인   2 9 7 3 721 1 2 212  0문세영54155.073평추하51 54 549085.065.060.54555251443 5171847 02114293615252550→↘입14.440.639.513.2288340.139.9113.8116.3 33 42  050   14.40   13.70 4 -2  0NN동54.45341818 1.2 2.0 3.2727217 0연대우수연대우수 1기 1 7 6 5 7 7 4 4④1:53.8¾    .314.339.113.5  2  7  .00 4 2  0  .4 146342970 8 1 4 10 1 1.06 2.08     6.1  3.3   32.5   59.4  193.7  .04088 3 8 9 3▲ 1.540.00 -.6936.20118.627.7749.4160.5337587125.2942.6255.21 1
20250309일 9180010외321 1 7210 1강 1154맑음양호 81010뉴돌콩          ACCELERASWEAR BY        미수 4 0 0 2 5  82717:00 41250혼3안해양이태인   210 6 2 621 3 2 211  0이혁  53455.088평추하46 35 358144.055.042.32455 31138 4171825502114282218252550↗→선14.440.739.513.2248540.439.4117.0119.0 36 45  045   14.60   13.30 6  7  1BN동54.45341818  .8 2.0 2.8757517 0전개최상연대우수 1관 0 9 5 7 810 6 4④1:57.01     .514.439.413.7  2 -5  .00 4 2 -2 1.04557202263 9 1 5 30 5 3.01 1.03     2.8  8.6    6.6   21.0   49.3  .03760 1 6 5 1―  .440.30 -.3038.82118.615.9329.5642.28122641 9.2120.3832.91 4
20250126일10180011외353 210211혼전 4451맑음건조 31010뉴돌콩          ACCELERASWEAR BY        미수 4 0 0 9 5  93417:30 41250혼3안해양이태인   211 5 1 521 2 2 210  0이혁  53954.588우입보86 94 949383.064.044.82455 31138 4171825502114282218252550↗→선14.440.639.513.1278741.339.7118.2119.6 40 50  050   14.40   13.20 5 -8 -4HN동54.45341818  .6 1.8 2.4808017 0승부최상전개최상 1관 0 21010101111 7⑥1:58.2¾   1.714.639.413.3  2  1  .00 6 4  3 1.9628729602810 1 1 23 4 3.08 5.04    10.5  5.4   38.5   51.2  141.010.54188 3 9 8 3▲ 1.240.40 -.3439.53118.617.7232.5444.8017375317.2732.9044.66 1
20241221토 8180011외440 6 9212 3강 3358흐림양호 81010뉴돌콩          ACCELERASWEAR BY        미수 3 0 0 2 6 105816:30 33000혼4안해양이태인   212 410 421 1 1 2 9  0이혁  53858.090기입적78 78 788785.072.082.82345 4163313171825502114282218 03367→↗선14.540.739.513.1218739.938.4119.2117.9 33 44  044   14.70   13.10 3  6  0BLUP53.25331812  .6 2.0 2.6787817 1교체실패승부최상 1관 110 3 2 2 2 1 1①1:59.23    -.614.439.613.2  0 -4  .00 1 1 -1  .01436 4 295 5 1 1 11 3 1.0410.07     6.7  3.2   10.4   14.8   11.611.24996 4 9 9 4☆ 1.840.10-1.2237.65118.643.8869.8482.8434536639.2963.9379.50 1
20241130토101700 9외450 510213혼전 4451맑음포화181010뉴돌콩          ACCELERASWEAR BY        미수 3 0 0 9 6 112117:30 33000혼4안해양이태인   213 3 9 221 1 1 2 8  0조재로54258.087기입보89 95 958279.072.054.9313923163313171818 02114192522 03367↘↘입14.540.240.113.0259240.040.3110.3112.8 38 38  050   14.90   12.70 4  0  4HBDN53.25331812 -.8 3.4 2.6777717-1승부최상작전마주 1기 1 4 8 8 7 8 7 7④1:50.32½   .414.739.113.1  2  6  .00 4 2  1 1.32657313368 7 2 2 23 1 4.07 1.08     5.5  8.1   46.0  103.4   51.410.53788 3 8 9 3▲ 1.640.80 -.3332.50113.323.2141.1954.8735556918.9538.1455.86 3
20241103일 9180010외410 7 6214 1강 1159맑음양호 71010뉴돌콩          ACCELERASWEAR BY        미수 3 0 0 1 6 119717:00 33000혼4안해양이태인   214 2 8 321 2 0 2 7  0이혁  53654.590기입보61 68 688284.072.080.32345 4163313171825502114282218 05050→↗선14.540.639.713.1228040.738.3118.0117.9 29 29  043   14.80   12.80 4 -3  2HN동52.55311812-1.2 5.4 4.2626217 0부중유리승부최상 1기 0 4 9 9 8 7 6 2①1:58.01    -.214.938.112.7  0 -4  .00 1 1 -1  .01670 3 890 6 1 1 13 2 1.02 4.09     4.6  1.7    5.6    7.4   21.2  .05293 4 9 9 4☆ 1.940.20-1.1837.64118.740.1967.5580.3335556934.6759.4675.98 1
20241005토10180011외442 5 4215혼전 4459맑음건조 31010뉴돌콩          ACCELERASWEAR BY        미수 3 0 0 1 7 129517:30 33000혼4안해양이태인   215 1 7 221 1 0 1 6  0이혁  54052.591평입보37 28 282418.049.035.52761 3196012171825502114282218 099 0↗→선14.540.639.913.2196540.938.6117.9118.4 17 17  033   14.40   12.90 6  5 -1NH동52.55221812-1.4 7.2 5.8484817 0일반주행거리속성 1관 1 7 6 6 6 7 7 4②1:57.91½   .014.838.512.8  0 -4  .00 2 2 -1  .32777 51688 6 4 7 33 1 1.02 2.07     2.6  2.7    2.6    4.9   60.3  .01962 0 5 4 0― -.140.30 -.2537.90118.711.7423.8135.53122641 4.2612.7022.97 8
20260823일10120011국2 4 1  2 0 3강 3351          1011스팔타          미스터크당대화신 8317.00한거 5 0 0   1    017:55 495002등박재우김세권   0 016 61425 2 4 825  0김효정   55.569기선적50 43 437444.048.023.91753 71944 92222183122141922176733 0↗→선13.636.538.613.58552                   48 57 7813   13.30   13.40 5  5 -1VN동54.84891412 1.0 6.0 7.0373714 0숨은복병기복전력60기 111                            13.3    13.4        .0                       3 910 7 20                                              .02047 0 5 6 0―  .038.60  .65     75.56 7.6315.1223.88 3 917 7.2214.8822.74 7
20260718토101200 9국254 2 52 1 1강 1151흐림포화181011스팔타          미스터크당대화신 8317.00한거 5 0 1 2 1   82      495002등박재우김세권   0 115 51325 1 4 824  1김효정48656.069기도적15 18 188236.043.022.41753 71944 92222183122141922176338 0↗→선13.636.638.713.5844836.038.2 72.1 74.3 50 55 7714   13.40   16.10 6 -3 -1NNDN54.64901412 2.0 5.0 7.0414114-2일반주행기복전력 5   0 6 2     2 2 3③1:12.13     .613.337.113.4 -3-15  .00 3 6  1  .7 4 328 364 2 8 8 6119 1.03 9.02 2.2 3.3  2.2    4.8    7.4   18.8  .01852 0 5 5 0― -.338.40  .59-1.0075.67 4.6211.9722.40 41221 3.6211.0720.23 6
20260607일101400 9국213 4 62 2혼전 4451맑음양호 61011스팔타          미스터크당대화신 2627.00한거 5 0 1 1 1  101      495002등박재우김세권   0 214 4 625 1 4 823  1코지  50156.586기도적25 29 298469.060.040.23157191944 9222220 022142331196338 0↗↘입13.636.339.613.6892736.741.9 90.8 91.1 59 50 64 5   13.70   13.70 6  2  4VNUP54.64901412 2.6 3.8 6.4474713 2숨은복병기복전력80기 0 9 1     1 1 4⑨1:30.88    2.813.441.816.1  4 11  .05 9 5 -2 3.79023949115 110 6 31 1 3.04 5.02 1.9 4.5  7.2   20.9   32.6  157.5  .03780 3 7 9 3▲  .840.10 -.0815.1888.5214.2227.2640.2312264119.1932.8542.04 2
20260426일10120011국244 2 42 3 3강 3341맑음건조 31011스팔타          미스터크당대화신 8317.00한거 5 0 1 9 1  101      495002등박재우김세권   0 313 31225 1 4 822  1조성환49053.054기도적50 28 287234.037.012.7 718 61944 92222 0 022141016206338 0↘→추13.536.538.713.4904837.239.2 74.6 76.8 62 52 6710   14.40   12.6024  6 -5LH동54.64901412 2.6 3.8 6.4474713 0일반주행기복전력38관 0 7 4     3 5 5⑥1:14.61¾  1.113.738.113.7 -1 -4  .00 6 7  1 1.27250646248 3 8 7 72 1 3.0110.04 2.4 3.6  5.7    8.2   17.8    5.0  .01639-1 4 3-1▽ -.939.30  .91 1.5875.61 2.67 6.4512.65 3 917 3.2311.4317.65 6
20251108토11120011국254 2102 4혼전 4451흐림건조 31011스팔타          미스터크당대화신 8317.00한거 4 0 1 2 3  491      495002등박재우김세권   0 412 2112510 4 821  1김효정49458.074우도하41 41 419762.053.022.92644171428 32222183122141922176338 0↘↘선13.536.538.613.5925235.742.5 76.5 78.7 65 65 7010   13.30   15.00 5 -2  6UN동54.64901412  .8 3.6 4.4636312 0전개최상전개최상 5기 1 1 1     1 1 4⑪1:16.55    2.813.141.616.1  5  5  .0011 6 -1 3.295 1989214 210 8 8118 4.05 4.11 3.3 7.3  6.6   27.9   53.0   50.012.74182 2 7 8 2▲  .339.90  .68 3.6075.56 6.2614.8422.93 2 714 8.2718.9127.14 5
20251004토11120011국123 1 72 5 1강 1151맑음다습101011스팔타          미스터크당대화신 8317.00한거 4 0 1 1 2  221      605001등박재우김세권   0 511 11025 9 4 820  1김효정48952.075우도하77 71 719780.052.028.01542 51660 52222183122141922176338 0↘↗선13.636.538.213.5877336.340.0 74.9 77.1 63 53 68 5   13.40   13.10 4 -4 -5HUDN54.64901412 -.2 2.8 2.6787812-2전개최상전개최상54기 0 3 1     1 1 4⑩1:14.92½  2.013.339.615.0  3 13  .0010 7  3 2.277 7835826 2 9 7 5117 1.05 6.01 3.2 7.0  3.2    8.5   12.1  292.8  .04180 1 7 7 1△  .539.40  .76 2.4075.33 8.2518.2227.96 4122111.0522.2231.65 4
20250906토 6140011국222 4 72 6혼전 4451비  다습131011스팔타          미스터크당대화신 2627.00한거 4 0 1 1 2  321      82500국O박재우김세권   0 610 4 525 8 4 819  1김효정47657.077강도하78 94 949781.064.040.41542 51660 52222183122141922176338 0↘↗선13.636.339.413.5923737.339.1 86.5 88.7 67 56 72 6   13.30   13.70 9  4 -1NNUP54.64901412 -.2 3.2 3.0828212 2전개최상전개최상 5   0 7 2     81010⑤1:26.52    1.413.438.013.1  1-11  .00 5 4  3 1.53859404438 1 8 2 3316 1.07 1.10 1.6 3.0  1.6   30.6   37.0   25.310.54489 3 9 9 3★ 1.239.60  .0513.0088.3815.7928.6740.4112264117.0531.3039.90 3
20250705토 9120011국244 1 92 7혼전 4451맑음건조 31011스팔타          미스터크당대화신 8317.00한거 4 0 1 1 3  48618:00 495002등박재우김세권   0 7 9 3 925 7 4 818  1김효정48757.574강도하81 90 909977.063.043.42644171428 32222183122141922176338 0↘↘선13.636.538.413.5906536.338.5 73.6 75.7 65 59 71 6   13.30   14.40 5 -4  2HBDN54.64901412-1.0 3.8 2.8828212-2전개최상전개최상72기 1 3 2     2 2 1③1:13.6¾    .013.338.313.7  2 -2  .00 3 1  0  .233 7401089 1 9 1 2115 4.05 4.05     5.6  7.2   32.1   54.8   22.710.55096 4 9 9 4▲ 1.238.90  .21  .7675.4517.8831.7143.4412264117.8234.4244.68 1
20250531토10140011국244 2 92 8혼전 4451맑음건조 41011스팔타          미스터크당대화신 2627.00한거 4 0 1 9 3  58418:00 495002등박재우김세권   0 8 8 2 425 6 4 817  1김효정48956.072강도적94 98 989380.062.046.62644171428 32222183122141922176338 0↘↘선13.636.439.313.5884436.240.0 86.4 88.6 69 63 69 6   13.20   13.80 5 -2  3NN동54.64901412-1.6 4.2 2.6848412 0적정체중전개최상40관 1 7 2     2 2 2③1:26.41¼   .213.338.914.4  2  1  .00 3 1 -4  .334 7703774 2 7 1 2114 4.03 2.05     6.3  5.6   15.0   31.3   12.710.54492 3 9 9 3★ 1.139.40 -.1412.9088.3818.2933.4346.6217375317.3932.1742.73 2
20250426토10140011국234 1 32 9 1강 1151맑음양호 81011스팔타          미스터크당대화신 2627.00한거 4 0 1 9 4  68918:00 495002등박재우김세권   0 9 7 1 325 5 3 816  1김효정48853.063강도적91 98 987085.052.028.41527142150102222183122141922175743 0↗↘선13.636.439.413.5824135.838.7 86.0 87.3 67 60 67 7   13.40   12.90 6  2 -4BHUP54.94901412 -.8 3.6 2.8828212 2전개최상마번불리 1관 0 9 2     2 2 1①1:26.01½  -.213.238.613.8 -4  1  .00 1 5  2  .0 3 124 191 210 2 5113 5.03 9.08     2.2 16.5   36.8   92.8   19.4  .03468 1 7 8 1―  .339.20  .3011.4788.45 7.8318.5528.42 6152614.8628.5741.30 3
20250315토 8120011국333 4 8210혼전 4451맑음양호 61011스팔타          미스터크당대화신 8317.00한거 4 0 1 2 5  81717:00 41250국3박재우김세권   010 6 5 825 4 2 815  1김효정48756.566우도하48 65 659576.065.043.91140 62540192222183122141922175050 0→↗선13.636.638.513.5836136.637.3 73.4 74.2 64 57 64 0   13.80   14.00 5  0  2LNDN54.64911412 -.4 3.4 3.0797912-2마방선전전개최상 1관 2 7 1     1 1 1①1:13.411  -1.913.437.012.9 -2 -6  .00 1 3 -3  .0 217 6 198 1 9 2 2112 3.11 7.06     6.3  4.9  130.3  193.0  623.1  .04192 3 9 9 3★ 1.338.40  .07 -.9475.5616.8431.5243.9221415721.1836.7649.33 2
20250209일 9140011국353 310211혼전 4451맑음건조 41011스팔타          미스터크당대화신 2627.00한거 4 0 1 1 5  91317:00 41250국3박재우김세권   011 5 4 225 3 2 814  1김효정49354.565강도하84 83 838274.064.040.81140 62540192222183122141922175050 0→↗선13.636.439.413.5874136.839.8 89.4 89.6 69 62 69 0   13.70   13.00 4  1  0LHUP54.64911412 -.4 2.4 2.0858512 2전개최상마방선전 1기 0 7 5     6 7 9⑦1:29.4코    .813.839.914.0  1  1  .00 7 6  5 1.26832655454 3 9 5 2011 3.07 4.01     9.9  5.2   27.3   41.7   55.112.73482 2 8 9 2▲ 1.139.70 -.0513.8188.4515.4229.0940.8017375316.1327.0930.20 4
20250112일10120011국324 1 7212혼전 4451맑음건조 31011스팔타          미스터크당대화신 8317.00한거 4 0 1 2 5  97817:30 41250국3박재우김세권   012 4 3 725 2 2 813  1김효정49254.566강도보79 88 889985.066.054.81140 62540192222183122141922175050 0→↗선13.636.538.513.5916137.337.5 74.4 75.5 69 62 69 0   13.60   13.60 4  5  2NNDN54.64911412  .0 1.8 1.8878712-2전개최상전개최상 1기 0 6 4     4 5 5⑤1:14.4¾    .613.737.613.0  4  3  .09 5 1 -3 1.22655 91161 1 6 1 1210 7.05 1.02     3.6 16.3   79.1  222.6  328.610.55298 4 9 9 4☆ 1.438.90 -.19  .4675.5024.4342.8054.8034536624.1842.3953.90 1
20241215일10140011국354 110213혼전 4451맑음양호 81011스팔타          미스터크당대화신 2627.00한거 3 0 1 2 6 106717:30 41250국3박재우김세권   013 3 2 125 1 2 712  1김효정48953.067강도보87 91 919781.063.035.31750132643142222183122141922174060 0→→선13.636.339.413.5923736.839.0 87.9 88.8 67 67 75 0   13.50   13.20 4 -4  1UNUP54.94911412  .2 1.6 1.8878712 2전개최상전개최상 1기 0 1 1     1 2 2②1:27.9머리  .013.639.113.6 -2 -2  .00 2 4  1  .04029372275 111 4 31 9 7.04 9.01    11.0 11.0   30.5   50.9   37.310.54193 3 8 9 3▲ 1.139.60  .1713.0588.3812.6223.8235.2612264115.8328.4737.50 2
20241116토10120011국353 110214혼전 4451비  양호 61011스팔타          미스터크당대화신 8317.00한거 3 0 1 2 6 116517:30 41250국3박재우김세권   014 2 1 625 1 2 611  1조상범49152.065강도보91 92 929779.059.031.513 0 82643142222142022141322165050 0→→입13.536.538.513.5945736.538.7 73.2 75.4 64 64 73 0   13.60   12.70 5  3 -6NU동55.64911312  .4 1.4 1.8878712 0전개최상전개최상 1기 1 5 3     3 3 2②1:13.2코    .013.537.713.2 -1  0  .00 2 3  1  .02411461779 2 7 2 52 1 2.03 7.05     7.3  4.6   11.4   20.8   10.210.54186 2 8 9 2▲  .738.90  .47  .4075.50 9.4720.8031.51 5122213.9529.3743.32 2
20241013일10120011국454 210215혼전 4451맑음건조 31011스팔타          미스터크당대화신 8317.00한거 3 0 1 2 7 126217:30 33000국4박재우김세권   015 1 4 525 7 2 510  1김효정49157.569우도보85 96 969986.069.051.01999 42143 72222183122141922176733 0→→선13.536.439.113.8954136.738.0 73.4 75.0 60 60 80 0   13.40   14.30 5 -7  1HBDN55.04911313  .2 1.4 1.6909012-1전개최상전개최상 1기 0 2 3     3 3 3②1:13.4¾    .013.637.212.7  0  0  .00 2 2  0  .11422221078 110 2 12 8 7.0210.02     8.4 13.3   31.2   74.2   72.410.54997 4 9 9 4☆ 1.638.90 -.35 -.4775.7825.3440.6651.0334536621.4935.7148.69 1
