20260906일 1100011국6 0 6  5 0 1강 1151           1 1인페르노                                한수 2       1    010:35 24750국6서인석배영한   2 0 1 1 1 0 1 0 0 0  0다실바   54.576평무보56 85 8569  .052.033.4 7 0 51847 9183233 01911203013      ↗↗입14.336.938.012.89937                                14.30   13.10        NN동       10 0         5.0     0 0일반주행마방연대31관 0 1                            14.3    13.1        .0                       4 5 2 4  1                                              .02248-1 5 4-1▽  .238.00  .10     62.7110.4522.6133.43 61728 9.0918.1827.27 1
20260906일 1100011국6 0 6  5 0 1강 1151           1 2명성파티                                한암 2       1    010:35 24750국6백종수함평제일 1 0 1 1 1 0 1 0 0 0  0김태훈   52.571평무보85 99 9973  .069.073.51756 840672550 0 0 063  122521      ↗→입14.738.637.311.9 199                                14.70   12.10        NN동       10 0         2.0     0 0일반주행마방승부47기 1 2                            14.7    12.1        .0                       9 1 1 1  1                                            12.03273 2 7 7 2△ 1.637.30-1.60     63.2638.3762.0573.52386172 9.0918.1827.27 2
20260906일 1100011국6 0 6  5 0 1강 1151           1 3게티즈버그                              한수 2       1    010:35 24750국6이관호김정철   1 0 1 1 1 0 1 0 0 0  0빅투아   54.591평무보53 65 6562  .054.031.5315513213810203116 02322222817      →↘선14.337.138.113.39027                                14.30   13.60        NN동       10 0         4.0     0 0일반주행마방연대36기 0 3                            14.3    13.6        .0                       5 6 3 5  1                                              .02238-3 5 5-3▽  .138.10 -.02     62.87 9.0220.8631.51122540 9.0918.1827.27 3
20260906일 1100011국6 0 6  5 0 1강 1151           1 4거센번개                                한수 2       1    010:35 24750국6이신우강석대  -1 0 1 1 1 0 1 0 0 0  0이혁     54.580평무보36 45 4531  .035.012.32257 72062 8192327172114282118      ↗↘선14.537.638.313.261 7                                14.50   13.50        NN동       10 0         7.0     0 0일반주행보통주행37기 0 4                            14.5    13.5        .0                       610 5 9  1                                              .01610-4 2 2-4▽-1.138.30  .20     63.26 2.51 6.0012.34 2 611 9.0918.1827.27 4
20260906일 1100011국6 0 6  5 0 1강 1151           1 5케이엔베스트                            한수 2       1    010:35 24750국6송문길조경수   2 0 1 1 1 0 1 0 0 0  0김효정   54.570평무보45 42 4226  .034.012.31750 7194110282717 02628202217      ↗→선15.238.537.813.0 553                                15.20   13.30        LN동       10 0         6.0     0 0일반주행보통주행44기 0 5                            15.2    13.3        .0                       8 4 810  1                                              .01616-3 2 3-3▽-1.137.80 -.02     63.48 2.49 5.9612.28 1 4 8 9.0918.1827.27 5
20260906일 1100011국6 0 6  5 0 1강 1151           1 6비워크                                  한수 2       1    010:35 24750국6토니  윤재승   0 0 1 1 1 0 1 0 0 0  0코지     54.588평무보48 44 4448  .055.038.232601930601620 044 02821233019      ↗↘입15.238.737.412.3 187                                15.20   12.60        LN동       10 0         6.0     0 0일반주행마방연대46기 1 6                            15.2    12.6        .0                      10 3 6 2  1                                              .02253 0 5 5 0―  .537.40 -.66     63.3711.6624.3938.22193956 9.0918.1827.27 6
20260906일 1100011국6 0 6  5 0 1강 1151           1 7다온헌터                                한거 2       1    010:35 24750국6홍윤화정영광   0 0 1 1 1 0 1 0 0 0  0장추열   54.593평무보51 41 4146  .041.023.12949112150 617 0 0 03315202722      ↘↗입15.538.937.312.1 193                                15.50   12.30        LN동       10 0         6.0     0 0일반주행보통주행44기 0 7                            15.5    12.3        .0                      11 2 9 6  1                                              .01639-1 3 4-1▽ -.437.30 -.28     63.43 6.5412.7023.11 51222 9.0918.1827.27 7
20260906일 1100011국6 0 6  5 0 1강 1151           1 8실버블레이드                            한수 2       1    010:35 24750국6서인석홍상기   2 0 1 1 1 0 1 0 0 0  0김태현   54.553평무보44 33 3361  .029.0 9.4 950 41847 91810 0 01911201319      →↘선13.236.538.315.099 1                                13.20   15.30        LN동       10 0         8.0     0 0일반주행작전마주40기 0 8                            13.2    15.3        .0                       1 71011  1                                              .02023-4 2 1-4▼-1.438.30  .84     62.65 1.84 4.87 9.35 1 3 7 9.0918.1827.27 8
20260906일 1100011국6 0 6  5 0 1강 1151           1 9센티포스                                한수 2       1    010:35 24750국6차우호박남성  -1 0 1 1 1 0 1 0 0 0  0마이아   54.593평무보45 59 5966  .052.034.5345115 6   7 0 0 050 0  3533 7      ↘↗선14.436.938.313.499 7                                14.40   13.70        LN동       10 0         5.0     0 0일반주행연대우수40기 0 9                            14.4    13.7        .0                       2 8 4 3  1                                              .03755 0 5 4 0―  .338.30 -.11     62.8710.9824.4734.53 91935 9.0918.1827.27 9
20260906일 1100011국6 0 6  5 0 1강 1151           110이클립스가든                            한수 2       1    010:35 24750국6서홍수조한수   0 0 1 1 1 0 1 0 0 0  0송재철   54.578평무보38 32 3253  .032.013.01746 71850 7252818212616192520      ↘↗입14.236.938.314.099 1                                14.20   14.30        LN동       10 0         9.0     0 0일반주행보통주행 1   010                            14.2    14.3        .0                       3 911 8  1                                              .01616-4 2 2-4▼-1.338.30  .52     62.87 1.68 6.0713.04 0 3 6 9.0918.1827.2710
20260906일 1100011국6 0 6  5 0 1강 1151           111거센기쁨                                한수 2       1    010:35 24750국6이관호강석대  -1 0 1 1 1 0 1 0 0 0  0김정준   54.574평무보39 42 4230  .038.018.7153810213810202416102322142126      ↗↗추14.537.838.313.544 3                                14.50   13.80        NN동       10 0         9.0     0 0일반주행보통주행31기 011                            14.5    13.8        .0                       711 7 7  1                                              .01620-2 3 4-2▽ -.738.30 -.11     63.37 4.4610.0818.71 3 917 9.0918.1827.2711
20260906일 2120011국6 0 5  5 0 2강 2251           2 1영웅바로우즈                            한수 2       1    011:00 24750국6서인석이노쿠마 1 0 1 1 1 0 1 0 0 0  0코지     54.588평무보59 51 5159  .046.025.63260191847 9182824291911233019      ↗↘입13.836.739.813.299 1                                13.80   13.50        NN동       12 0         2.0     0 0일반주행보통주행42기 0 1                            13.8    13.5        .0                       3 8 7 4  1                                              .01632-1 4 4-1▽ -.339.80 -.19     76.34 4.7113.8625.63 92033 9.0917.7427.35 3
20260906일 2120011국6 0 5  5 0 2강 2251           2 2골든라이징                              한암 2       1    011:00 24750국6김동균명마조합 0 0 1 1 1 0 1 0 0 0  0임다빈   52.575평무보29 17 1745  .027.0 6.51427 71753 6201022 019 8142424      →↗추14.136.940.014.294 1                                14.10   14.50        NN동       12 0         4.0     0 0일반주행보통주행31관 0 2                            14.1    14.5        .0                       5111111  1                                              .016 9-4 1 1-4▼-1.740.00  .13     76.56 1.07 2.31 6.54 0 2 4 9.0917.7427.35 4
20260906일 2120011국6 0 5  5 0 2강 2251           2 3레이스파티      레이스데골든스트 6224.00한암 2 0 0   1    011:00 24750국6박지헌죽마조합-2 0 2 1 2 1 1 0 0 1  0최범현   52.593하무보50 39 393018.041.016.1316013214512203329502015193217      ↗→입13.937.839.813.413 6                    0  0  0 0   13.90   13.70 4  1  0NHUP       1210-1.0 8.0 7.0232310 2마방습성마방습성43기 0 3                            13.9    13.7        .0                       9 910 6  1                                              .03336-4 4 3-4▽ -.839.80 -.52     76.95 3.41 8.4816.14 61426 1.52 8.0617.95 8
20260808토 1100010국641 5 45 1 1강 1151맑음건조 2 2 3레이스파티      레이스데골든스트 6224.00한암 2     1 1   91      24750국6박지헌죽마조합-2 1 1 1 1 1 1 0 0 0  0유승완47952.572평무보64 25 2562  .040.017.01861 8214512203314 02015152722      →↘입14.236.838.414.099 137.839.5 63.8 64.8              14.20   14.30 4  0  0NN동       10 0         8.0     0 0일반주행마방습성53기 0 2 8     8 8 7⑦1:03.84    2.013.938.813.7 -1 31  .00 7 8  0 3.79068878623 410 8 60 1 2.03 1.08 2.3 3.2  3.1    9.7   16.2   16.8  .02843-1 3 4-1▽ -.838.70  .41-10.462.87 3.63 8.7717.02 51223 7.7416.0029.66 5
20260906일 2120011국6 0 5  5 0 2강 2251           2 4라이징스톰                              한수 2       1    011:00 24750국6서인석양현모   2 0 1 1 1 0 1 0 0 0  0다실바   54.576평무보51 79 7969  .039.016.4 7 0 51847 9181833 01911203013      ↗↗입14.236.740.013.499 4                                14.20   13.70        NN동       12 0         6.0     0 0일반주행보통주행32관 0 4                            14.2    13.7        .0                       210 4 5  1                                              .01634-2 3 3-2▽ -.840.00 -.02     76.45 3.52 8.7216.39 3 916 9.0917.7427.35 5
20260906일 2120011국6 0 5  5 0 2강 2251           2 5세이브퀸                                한암 2       1    011:00 24750국6송문길남석우   4 0 1 1 1 0 1 0 0 0  0송재철   52.578평무보79 99 9988  .060.042.71746 719411028 025 02628192520      ↘↗입14.136.838.212.49999                                14.10   12.70        LN동       12 0         3.0     0 0일반주행작전마주34기 0 5                            14.1    12.7        .0                       4 1 1 3  1                                              .02057 0 6 5 0―  .738.20  .16     75.5012.5227.9042.72133149 9.0917.7427.35 6
20260906일 2120011국6 0 5  5 0 2강 2251           2 6고스트선더                              한수 2       1    011:00 24750국6안병기한대영  99 0 1 1 1 0 1 0 0 0  0유승완   54.572평무보49 46 4633  .037.015.01861 82357 8184522 01910152722      →↘입14.738.239.513.01127                                14.70   13.30        LN동       12 0         5.0     0 0일반주행마방습성31기 0 6                            14.7    13.3        .0                      10 4 8 8  1                                              .02840-2 3 3-2▽ -.939.50 -.54     77.01 3.28 8.0315.01 1 611 9.0917.7427.35 7
20260906일 2120011국6 0 5  5 0 2강 2251           2 7인투더갤럭시    나스카프뱅크엘리        한수 2 0 0   1    011:00 24750국6문병기피닉스   3 0 2 1 2 1 2 0 0 1  0빅투아   54.591평추보50 53 533317.040.016.13155132652 926 023 02827222817      →↘선14.537.639.614.04025                    0  0  0 0   14.50   14.1010  1 -1NH동       1212-2.0 6.0 4.0414112 0일반주행최적거리52기 0 7                            14.5    14.1        .0                       8 5 6 7  2                                              .01628-3 4 2-3▽ -.839.60 -.29     76.73 3.37 8.4416.06 41120 3.03 7.2614.53 9
20260628일 2120011국612 8 15 1 2강 2254맑음건조 3 2 7인투더갤럭시    나스카프뱅크엘리        한수 2     9 1  180      16500국6문병기피닉스   3 1 1 1 1 1 1 0 0 0  0빅투아45855.091평무보74 25 2558  .037.026.03155132652 926 023 02827222817      →↘선14.336.839.713.3991937.239.3 77.3 76.1              14.30   13.60 4  0  0LL동       12 0         2.0     0 0일반주행보통주행34기 0 6 8     8 8 7④1:17.33    1.314.539.614.1 -2 -2  .00 4 6  0 1.85249666341 4 5 7 33 1 1.04 5.11 1.3 2.5  1.3    5.7    6.4    6.1  .01640 0 3 3 0―-1.038.80 -.19 -.4076.34 5.1613.4926.01132741 9.8419.7333.33 5
20260906일 2120011국6 0 5  5 0 2강 2251           2 8만금스피드      나이트러최대풍속 1812.00한수 2 0 0   1    011:00 24750국6심승태전영애   1 0 2 1 1 1 2 0 0 1  0김정준   54.574하무보50 40 40 6 3.028.0 8.11538101450 8121914151213142126      ↗↗추14.938.239.612.9 4 7                    0  0  0 0   14.90   13.20 6  1 -1NHUP       1210-1.010.0 9.0222210 2발길대로보통주행40기 0 8                            14.9    13.2        .0                      11 6 910  2                                              .013 4-4 1 1-4▼-1.639.60 -.40     77.06 1.20 2.75 8.09 1 3 6  .12 1.61 5.1311
20260726일 1100011국630 7 35 1 3강 3355맑음다습10 2 8만금스피드      나이트러최대풍속 1812.00한수 2     9 1  101      24750국6심승태전영애   1 1 1 1 1 1 1 0 0 0  0김정준48155.574평무보21 25 2519  .034.010.61538101450 8121914151213142126      ↗↗추14.938.638.312.9 2 738.339.4 64.3 64.8              14.90   13.20 4  0  0LL동       10 0         9.0     0 0일반주행보통주행53기 0 710    101111⑨1:04.34    2.114.938.513.2 -1 -4  .00 910  0 4.09082859124111111 90 1 2.0410.05 2.4 2.6  2.6   18.5   27.5   85.4  .01620-2 2 3-2▽-1.336.90 -.30-12.163.81 1.30 4.7510.63 2 714 8.5116.8627.38 7
20260906일 2120011국6 0 5  5 0 2강 2251           2 9지비에이스      미스터크라이징에 8217.00한수 2 0 1   1    011:00 24750국6리카디손병석  -3 0 3 2 2 2 3 0 1 2  1푸르칸   54.580강입보50 92 929994.070.071.5245716355412364138 0382614242199 0 0↗→추13.536.639.313.99537                  100 50100 0   13.60   13.50 3  0  0NU동54.55011210 1.5 1.5 3.0858512 0전개최상전개최상43기 0 9                            13.6    13.5        .0                       1 3 2 1  3                                              .05297 4 9 9 4☆ 1.739.30-1.18     76.0034.2958.7671.5118395628.0350.8164.96 1
20260816일 11200 9국640 8 95 1 2강 2251흐림다습13 2 9지비에이스      미스터크라이징에 8217.00한수 2 0 0 2 1   61      24750국6리카디손병석  -3 1 2 2 1 2 2 0 0 1  0푸르칸50154.580강입보78 99 999795.069.071.9245716355412364138 03826142421      ↗→추13.536.539.613.9972536.538.6 75.0 74.7100  0100 0   13.60   13.80 6  3 -1NHUP       1210 3.0 1.0 4.0858510 2연대우수전개최상70기 0 9 1     1 1 1②1:15.01¾   .013.638.313.5  0 -1  .00 2 2  1  .3 914411684 1 7 1 11 2 3.02 3.09 3.0 5.1  4.2    7.0   15.8    6.1  .07197 4 9 9 4☆ 1.938.60-1.29-1.4176.1234.1457.3471.9418395633.9061.2669.44 1
20260704토 1100011국610 8 15 2 2강 2255흐림건조 5 2 9지비에이스      미스터크라이징에 8217.00한수 2     1 1  100      24750국6리카디손병석  -3 2 1 2 1 2 1 0 0 0  0푸르칸50255.580평무보83 25 2587  .070.061.8245716355412364138 03826142421      ↗→추14.537.137.412.7949336.238.7 62.6 62.6              14.50   13.00 4  0  0LL동       10 0         1.0     0 0숨은복병연대우수48기 0 6 5     5 3 3④1:02.6목    .013.638.513.8  3  2  .00 4 1  0  .133 5682683 4 1 4 12 1 8.11 5.03 1.8 3.3 29.5  616.0 1167.1  964.5  .04178 3 8 9 3▲ 1.637.90 -.52-11.962.4928.6249.1861.7618395610.9121.5732.98 3
20260906일 2120011국6 0 5  5 0 2강 2251           210파워풀미스터    제이피즈원더풀차  942.00한수 2 0 0   1    011:00 24750국6이준철(주)녹원 2 0 3 2 2 2 3 0 0 2  0김용근   54.587평입보50 83 837387.073.067.027531430471430 041 03024312714 099 0↘↘선13.837.438.713.03557                    0  0  0 0   13.40   12.80 4  6  0BUUP55.04621210-1.5 5.5 4.0757510 2연대우수연대우수60기 010                            13.4    12.8        .0                       7 2 3 2  3                                              .03779 2 8 8 2▲ 1.638.70-1.15     76.1229.3752.7666.9839597221.2140.3252.99 2
20260808토 1100010국641 5 45 1 1강 1151맑음건조 2 210파워풀미스터    제이피즈원더풀차  942.00한수 2 0 0 1 1   91      24750국6이준철(주)녹원 2 1 2 2 2 2 2 0 0 1  0김용근47754.587평입보56 87 877776.068.053.527531430471430 041 03024312714 099 0↘↘선13.837.637.513.0387637.338.3 61.9 62.9  0  0  0 0   13.80   12.90 6 -2 -1UU동55.04621010-2.0 7.0 5.0737310 0마방기습연대우수30관 0 4 2     2 7 5③1:01.9¾    .113.437.612.8 -1 15  .00 3 4 -3 1.84446514775 9 2 2 30 2 2.03 1.08 2.3 3.2  3.1    9.7   16.2   16.8  .03773 0 7 5 0― 1.137.40 -.58-12.262.8217.2936.3153.47183753 9.6823.2732.41 3
20260627토 1100011국610 6 65 2 1강 1155맑음건조 4 210파워풀미스터    제이피즈원더풀차  942.00한수 2     9 1  100      24750국6이준철(주)녹원 2 2 1 2 1 2 1 0 0 0  0김용근46255.087평무보41 25 2533  .058.037.327531430471430 041 03024312714      ↘↘선14.137.938.313.234 137.538.0 62.8 63.1              14.10   13.50 4  0  0LL동       10 0         3.0     0 0일반주행마방기습48기 0 6 5     5 6 7⑤1:02.81¼   .313.837.912.9 -2 -9  .00 5 7  0  .74953464671 7 8 8 42 1 4.02 8.05 1.2 3.5 14.2   29.4   60.3   77.8  .02460 0 5 6 0―  .537.20 -.68-13.163.4311.6324.0037.25102336 8.2816.7926.99 6
20260906일 2120011국6 0 5  5 0 2강 2251           211풀스트라이크    에어포스그레노블 1419.00한암 2 0 0   1    011:00 24750국6심승태장지만   0 0 2 1 1 1 2 0 0 1  0조상범   52.558하입상50 63 6342 6.036.014.9 926 51450 812 0 7 01213132116      ↗→입13.636.939.713.97110                    0  0  0 0   13.50   13.70 4  8  0NHUP       1210-5.0 9.0 4.0565610 2일반주행보통주행40기 011                            13.5    13.7        .0                       6 7 5 9  2                                              .01625-1 3 2-1▽ -.939.70  .07     76.39 3.24 7.9914.92 2 4 8  .76 3.23 7.6910
20260808토 1100010국641 5 45 1 1강 1151맑음건조 2 211풀스트라이크    에어포스그레노블 1419.00한암 2     1 1   91      24750국6심승태장지만   0 1 1 1 1 1 1 0 0 0  0조상범49052.558평무보 5 25 25 7  .025.0 2.7 926 51450 812 0 7 01213132116      ↗→입14.538.538.313.0 1 136.939.1 62.6 63.6              14.50   13.30 4  0  0NN동       10 0         5.0     0 0일반주행보통주행48기 1 3 4     4 5 3④1:02.64     .813.538.413.7 -5 22  .00 4 9  0 2.5673078595410 810 92 1 2.03 1.08 2.3 3.2  3.1    9.7   16.2   16.8  .016 7-4 1 1-4▼-2.036.70 -.01-13.263.76  .19 1.73 2.68 1 4 8 7.7416.0029.66 6
20260906일 3170011국6 0 9  9 0 1강 1156           3 1플라잉마하      다이나믹그레이트 2832.00한수 3       1    011:55 16500국6임채덕김형순  -1 0 5 1 1 0 1 0 0 0  0임다빈   56.076하무보26 26 26 2 6.025.0 2.61427 7 853 310 322 0 8 0142424      →↗추13.840.342.613.713 7                    0  0  0 0   14.60   13.2013 -7 -1HHUP       1712 2.3 6.0 8.3171712 4일반주행휴양불리25관 0 1                            14.6    13.2        .0                      10111111  1                                              .016 4-4 1 3-4▼-2.042.60 -.50     115.0  .24 1.82 2.58 1 3 7 1.85 6.5012.5610
20260607일 1130010국642 8 49 1혼전 4451맑음양호 6 3 1플라잉마하      다이나믹그레이트 2832.00한수 3 0 0 1 2  241      16500국6임채덕김형순  -1 1 4 4 1 4 1 0 0 3  0조상범45957.055하무보 8  8  8 1 6.027.0 3.4 880 211 01410 3 4 0 8 0132116      →↗입13.838.140.213.9 6 938.240.7 85.6 84.9  0  0  0 0   14.10   15.20 9  0  0LNUP       1312 3.5 5.5 9.0181812 1일반주행탐색우려32관 0 8 9     8 8 9⑦1:25.68    2.514.541.114.0  0 -5  .00 7 7  2 3.68976869117 710 9 80 1 2.0510.03 2.5 2.9  2.9   20.6   30.4   12.5  .016 1-4 1 1-4▼-2.139.40 -.17 6.6184.13  .13 1.51 3.40 1 4 8 1.35 5.3011.11 8
20260405일 1120011국611 9 69 2 1강 1159맑음양호 6 3 1플라잉마하      다이나믹그레이트        한수 3 0 0 1 1  173      16500국6임채덕김형순  -1 2 3 3 3 4 1 0 0 2  0김옥성46457.058하무하11 11 11 3 7.025.0 8.0 6 0 6 853 310 3 7 0 8 0141618      →→추13.837.940.213.9 1 237.441.2 79.9 78.3  0  0  0 0   14.60   14.20 5  7  1LN동       1212 6.0 6.012.0 1 112 0최빈거리거리난점44관 0 8 8     5 7 9⑦1:19.94    2.714.141.915.2  2 -3  .05 7 5  0 3.59358949417 9 9 6 90 1 2.06 6.07 1.3 4.1  8.8   32.0   53.2   11.9  .0 9 1-4 1 1-4▼-1.838.40 -.57  .1977.23  .59 2.51 7.95 0 3 6 1.14 4.52 6.79 9
20260228토 1120011국640 9 99 3 1강 1155맑음건조 3 3 1플라잉마하      다이나믹그레이트        한수 3 0 0 9 1  115      24750국6임채덕김형순  -1 3 2 2 2 4 2 0 0 1  0김정준46756.074하무하 5  5  5 310.026.0 4.6153810 853 310 3 017 8 0142126      ↗↗추13.838.039.815.0 1 237.939.2 77.9 76.9  0  0  0 0   13.80   15.3010 -9  0HH동       1212 6.0 6.012.0 1 112 0최빈거리부진마필34관 0 110     9 8 8⑥1:17.92½  1.514.639.614.2  1  4  .00 6 5 -1 2.1728261763810 9 2120 2 1.02 4.10 2.7 6.5  2.7    7.6   15.8   38.4  .0 9 1-4 1 1-4▼-2.037.80 -.31 -.9377.06  .57 3.33 4.58 0 3 6 2.34 5.08 4.7412
20251221일 1120012국621 8 29 4 1강 1152맑음포화16 3 1플라잉마하      다이나믹그레이트        한수 2     2 1  180      24750국6임채덕김형순  -1 4 1 1 1 4 1 0 0 0  0김정준46356.074평무보   25 2540  .026.0 8.5153810 853 310 3 017 8 0142126      ↗↗추13.936.738.515.1    38.844.6 82.6 83.1              13.90   15.40 4  0  0LL동       12 0                 0 0일반주행탐색우려 5기 110 7     81212⑫1:22.67    8.613.844.215.3  6 -6  .0012 6  0 9.199979999 4 2 2 9100 1 2.01 1.03 1.9 2.1  3.0    2.1    5.3    5.2  .016 6-4 1 1-4▼-1.641.00 1.05 7.8875.61 1.37 3.05 8.46 0 3 6 9.9219.2142.71 5
20260906일 3170011국6 0 9  9 0 1강 1156           3 2삼정블루        컬러즈플인디언파 4733.00한거 3 0 0   1    011:55 16500국6강환민김호선  -1 01010 1 9 1 0 0 9  0푸르칸   56.078하추하50 52 522829.054.037.2245716195411221818 02019142421 099 0↗→추14.339.941.813.94537                    0 17  0 0   15.30   13.00 3 -8  4HNUP57.04521713-1.0 6.6 5.6393914 3일반주행거리속성46트 0 2                            15.3    13.0        .0                       7 7 6 2  5                                              .02147 0 4 6 0―  .641.80 -.65     114.213.1824.8937.15193956 7.4116.2625.12 6
20260815토 2140010국613 9 69 1 1강 1151흐림건조 3 3 2삼정블루        컬러즈플인디언파 4733.00한거 3 0 0 2 1   70      16500국6강환민김호선  -1 1 9 9 3 9 1 0 0 8  0조성환45452.053하추보42 38 3822 5.031.010.9 718 61954112218 0 02019 91620 099 0↘→추14.337.440.213.9273039.637.0 90.7 88.7  0 17  0 0   14.50   13.40 4  0 -5VU동57.04521413-1.0 7.8 6.8303014 0일반주행거리탄력 5   01010     9 9 9⑦1:30.7½    .815.337.813.0  4  1  .05 7 3  0 1.43999 149591010 8 90 1 2.01 5.03 1.9 6.1  6.1    6.7   14.6   17.3  .01613-3 1 1-3▼-1.338.50 -.3711.1089.69 1.29 4.8010.89 0 2 4 1.00 2.99 7.72 9
20260718토 3140011국620 9 79 2 1강 1141흐림불량20 3 2삼정블루        컬러즈플인디언파 4733.00한거 3 0 0 2 1   58      16500국6강환민김호선  -1 2 8 8 2 9 4 0 0 7  0푸르칸45357.078하추상46 46 463120.046.017.5245716195411221818 02019142421 099 0↗→추14.337.440.213.9293337.638.4 89.4 88.6  0 33  0 0   14.30   13.90 3  8  0BN동57.04521413-1.0 7.8 6.8303014 0일반주행최적거리 5   01010    10 9 6⑥1:29.4½   1.114.539.013.4  3  1  .09 6 3 -1 1.53176152849 8 8 7 93 4 1.02 3.04 2.3 4.4  2.3    4.4    7.1   17.9  .01623-1 3 4-1▽ -.238.40 -.5510.9689.69 4.0110.6017.54 3 917 3.6110.8419.78 7
20260627토 3140011국650 7109 3혼전 4452맑음건조 4 3 2삼정블루        컬러즈플인디언파 4733.00한거 3 0 0 9 1   58      16500국6강환민김호선  -1 3 7 7 1 9 3 0 0 6  0푸르칸45257.078하추상50 45 453325.053.029.7245716195411221818 02019142421      ↗→추14.437.640.314.0232737.139.2 89.1 88.5  0 20  0 0   14.70   14.10 3 -4  0HNUP       1413-1.0 7.8 6.8303013 1일반주행거리부담58기 1 2 8     6 6 6④1:29.11¾   .714.339.513.9  0  2  .00 4 4 -2  .8274541366110 8 7 52 3 3.0611.03 3.610.3  5.5   20.9   40.0   30.1  .02139 0 4 5 0―  .238.20-1.0510.6189.89 9.2920.2229.66 81729 9.0919.3525.94 4
20260606토 3130011국613 7 69 4 3강 3357맑음양호 7 3 2삼정블루        컬러즈플인디언파 4733.00한거 3 0 0 1 1   38      16500국6강환민김호선  -1 4 6 6 3 9 2 0 0 5  0푸르칸45057.078하추상26 23 233712.046.023.7245716195411221818 02019142421      ↗→추14.437.740.114.1472238.438.7 83.8 82.5  0  0  0 0   14.70   14.20 5  5  0NN동       1313-1.0 8.3 7.3242413 0일반주행최적거리70기 0 6 9     9 8 5⑤1:23.83     .914.739.514.1 -1 -6  .00 5 6 -3 1.1238230545510 6 8 63 2 7.02 8.05 1.6 4.3 20.4   43.3  139.6  109.313.41639 0 3 4 0― -.339.20 -.45 4.6883.80 5.0313.4923.70 41118 3.49 9.3015.22 7
20260503일 1130011국620 9 79 5 1강 1159비  다습10 3 2삼정블루        컬러즈플인디언파 4733.00한거 3 0 0 1 1   90      16500국6강환민김호선  -1 5 5 5 2 9 1 0 0 4  0푸르칸45657.078하무보 5  7  719 6.034.0 8.0245716195411221818 02019142421      ↗→추14.437.440.113.763 738.039.5 84.2 83.3  0  0  0 0   14.40   15.10 3 -9  0HN동       1310  .0 8.0 8.0222212 0일반주행거리속성43기 0 110    10 9 5⑤1:24.22    1.714.739.914.2 -4 -2  .00 5 9  1 1.85571566834 3 6 9103 1 1.02 9.04 2.2 2.6  2.2    2.6    4.5   15.413.41617-3 2 2-3▼-1.439.70  .18 5.8283.61 1.29 3.65 8.02 41118 1.20 4.71 9.12 8
20260411토 3130011국641 6 99 6혼전 4456흐림다습14 3 2삼정블루        컬러즈플인디언파 4733.00한거 3 0 0 2 1   61      16500국6강환민김호선  -1 6 4 4 1 9 3 0 0 3  0장추열45857.093하무보28 23 23 6  .036.010.5294911195411221823272019202722      ↘↗입14.537.940.413.7361237.341.3 84.3 84.9  0  0  0 0   14.50   14.00 8  7  1BNUP       1310  .5 8.0 8.5242412 1주행중지거리속성48트 11011     5 7 9⑦1:24.39    2.414.441.515.1 -1-10  .00 7 8  3 2.98835928818 810 6 80 3 1.10 1.09 2.1 5.2  2.1  111.1  130.9  426.013.414 8-3 1 1-3▼-1.239.60 -.39 6.6384.13 1.32 4.9510.53 2 71419.0531.4380.73 2
20260214토 1120011국610 9 69 7 3강 3351맑음건조 3 3 2삼정블루        컬러즈플인디언파 2525.00한거 3 0 0 2 1  157      16500국6강환민김호선  -1 7 3 3 1 9 2 0 0 2  0장추열46856.093하무보21 19 1918 7.033.012.5294911195411221823272019202722      ↘↗입14.538.039.913.714 9                    0  0  0 0   14.90   14.30 4 -7 -1HH동       1210  .010.010.0171712 0일반주행부진마필74트 1 3          99        중지    14.9    14.3     4  .07   5 -1               7 8 5 80 2 1.03 6.08 1.4 4.2  1.4    7.1    7.0   10.0  .016 8-3 2 1-3▼-1.339.90 -.57     77.12 1.45 5.4012.47 1 611  .73 3.08 4.5711
20260118일 1120010국650 9109 8 2강 2251흐림건조 5 3 2삼정블루        컬러즈플인디언파 2525.00한거 3     2 1   73      16500국6강환민김호선  -1 8 2 2 1 9 1 0 0 0  0장추열46456.593하무보48 48 4820 6.036.012.1294911195411221823272019202722      ↘↗입14.538.040.213.711 937.939.2 78.1 76.6  0  0  0 0   14.30   13.3019  8  1NNUP       1210  .010.010.0171710 2일반주행보통주행 5트 010 8     8 6 6⑦1:18.11    1.714.940.214.3  1  3  .00 7 6 -4 2.26783637834 810 4 60 1 1.09 3.05 3.2 5.7  3.2   56.3   87.7   48.3  .01613-4 2 1-4▼-1.137.70 -.74-1.6377.29 1.84 5.1212.09 51324  .92 4.08 8.60 6
20250906토 1100010국611 4 69 9 1강 1155흐림다습12 3 2삼정블루        컬러즈플인디언파 2525.00한수 2     1 2  39012:50 24750국6강환민김호선  -1 9 1 1 1 9 1 0 0 0  0김용근46155.582평무보   25 2540  .056.053.52045 81444 9221833 02019312714      ↗↘선14.537.137.813.7    37.839.1 64.3 64.4              14.50   14.00        NN동       10 0                 0 0일반주행보통주행50기 2 2 9     91010⑩1:04.34    2.414.539.014.0  0  7  .001010  0 2.48567828116 1 1 3 20 1 9.07 5.07     5.7 29.7  113.4  352.4  282.9  .01669 0 5 6 0―  .338.30 -.51-10.662.7121.2742.8853.5418375310.4320.0934.44 2
20260906일 3170011국6 0 9  9 0 1강 1156           3 3금성불패        카우보이금성여왕 5732.00한수 3 0 0   1    011:55 16500국6성상현조창규   2 0 4 4 1 3 1 0 0 3  0송재철   56.078하입보50 35 35 111.033.0 8.71746 71668 315 023232315192520      ↘↗입13.939.842.314.748 8                    0  0 33 0   13.70   15.20 3 -6  0HHUP       1712 1.7 6.3 8.0141412 5걸음없음거리속성48관 0 3                            13.7    15.2        .0                       51010 9  1                                              .012 5-4 1 4-4▼-1.442.30 -.22     114.5 1.81 4.52 8.65 1 4 8 3.70 9.7616.74 9
20260817월 2120010국640 9 99 1 1강 1151흐림다습13 3 3금성불패        카우보이금성여왕 6325.00한수 3     2 1   50      16500국6성상현조창규   2 1 3 3 3 3 1 0 0 0  0이혁  50156.080하입보57 61 612121.036.011.12257 71668 315 0 0132315282118      ↗↘선14.137.939.814.2 92236.442.0 78.7 78.0  0  0  0 0   13.00   13.9036  6  0BH동       1212 1.0 7.0 8.0202012 0일반주행거리탄력 5   0 9 5     4 5 6⑧1:18.73    4.113.741.915.2  3  5  .00 8 5 -1 4.191139794 810 9 4 92 1 1.03 2.01 2.0 4.0  2.0    4.5    7.0    5.2  .01613-4 2 1-4▼-1.138.30 -.43  .2877.01 2.25 5.2711.06 1 611 4.7610.1316.20 8
20251207일 2120011국631 6 89 2 1강 1158맑음다습10 3 3금성불패        카우보이금성여왕 6325.00한수 2 0 0 1 4  702      16500국6성상현조창규   2 2 2 2 2 3 2 0 0 1  0임기원49656.090하무보16 12 1210 5.030.0 8.12050 0 0   015 0 0 02315233316      →→입13.937.740.314.6181038.038.9 77.1 76.9  0  0  0 0   13.90   14.90 4  1  0NH동       1212 1.0 8.0 9.0171712 0최빈거리거리난점 5기 1 3 5     6 5 6⑦1:17.14    2.114.039.614.3  1 16  .00 7 6 -2 2.47184547323 511 6 82 2 5.01 4.10 1.7 3.4 13.2    8.8   28.7   12.3  .0 9 3-4 1 1-4▼-1.838.10 -.51-1.1577.17  .70 2.64 8.05 3 818 1.00 3.06 5.27 9
20251109일 1120012국620 8 79 3 1강 1155맑음건조 3 3 3금성불패        카우보이금성여왕 6325.00한수 2     2 1  143      24750국6성상현조창규   2 3 1 1 1 3 1 0 0 0  0임기원48056.088평무보   25 2540  .038.025.71939 91668 315 0 0 02315233316      ↘↗입13.836.738.514.2    37.539.8 78.8 77.3              13.80   14.50 4  0  0NL동       12 0                 0 0일반주행작전마주46기 0 2 3     3 4 7⑨1:18.81¼  2.413.940.914.9  1  8  .00 9 8  0 2.88164798219 2 2 4 50 1 1.03 6.09 2.0 2.6  2.0   10.9   15.8    6.8  .02043-2 3 2-2▽-1.039.30  .53 2.1175.61 7.2214.6125.70 51223 9.6018.9729.19 2
20260906일 3170011국6 0 9  9 0 1강 1156           3 4관악산위시미    트리플나위시미석 6827.00한거 4 0 0   1    011:55 16500국6리카디손병석  -3 0 9 9 5 8 3 0 0 8  0김태희   56.061평입하50 48 482242.052.034.91248 6355412364121 03826152416      ↘→입13.939.341.713.981 7                   17 17 17 0   14.30   14.50 4 -1  0HH동       1714  .0 7.4 7.4313114 0연대우수거리속성39기 0 4                            14.3    14.5        .0                       3 6 8 4  3                                              .03340 0 5 6 0―  .441.70 -.24     113.811.5622.9434.86 6172811.1126.0237.67 4
20260809일 3170010국610 9 69 1 1강 1156흐림건조 2 3 4관악산위시미    트리플나위시미석 6827.00한거 4 0 0 1 1   79      16500국6리카디손병석  -3 1 8 8 4 8 2 0 0 7  0김태희50956.061평입하50 58 584075.056.036.51248 6355412364121 03826152416      ↘→입13.939.341.713.977 740.043.5116.9116.2 17 17 17 0   13.70   13.60 4  1 -1NHUP       1714  .0 8.2 8.2191914 3배당마주연대우수52기 0 5 4 4 5 4 6 9⑨1:56.95    3.214.343.014.5  7  2  .05 9 2 -4 3.69457929411 3 5 2 42 2 4.0810.09 1.9 5.9  7.0   35.8   71.2   79.6  .03741-1 6 5-1▽  .442.20 -.2935.15113.810.1722.2236.50 9193521.9538.7557.64 2
20260712일 31400 8국641 9 49 2혼전 4451맑음다습12 3 4관악산위시미    트리플나위시미석 6827.00한거 4 0 0 2 1   48      16500국6리카디손병석  -3 2 7 7 3 8 1 0 0 6  0김태희50757.061하입하 5  5  524 7.033.0 9.41248 6355412364121 03826152416      ↘→입14.137.139.914.160 336.839.5 89.6 87.9  0  0 40 0   14.30   14.2013  0  0HH동       1717  .0 8.2 8.2191914 0숨은복병배당마주68기 0 4 3     4 5 5③1:29.6머리  .013.740.213.6 -3 12  .00 3 6 -1 2.71334544291 4 6 8 82 1 1.05 5.03 2.1 3.0  2.1   12.6   16.6  140.3  .01916-4 2 2-4▼-1.538.60  .0510.9489.28  .73 3.53 9.44 2 714 1.61 6.1112.88 8
20260412일 2140011국631 8 39 3혼전 4451맑음다습12 3 4관악산위시미    트리플나위시미석 6827.00한거 4 0 0 2 2  251      16500국6리카디손병석  -3 3 6 6 2 8 1 0 0 5  0정정희49557.080하입보 9 11 114613.043.017.6235013315311364129403826202515      ↘→입14.137.039.914.168 338.241.1 92.9 91.9  0  0 50 0   14.50   14.70 2 -4  0HHDN       1717-1.0 8.5 7.5232314-3숨은복병최적거리47기 0 4 7     91111⑪1:32.94    5.214.341.414.2  4  1  .0011 7  1 5.895918895 4 3 3 8 60 1 5.01 7.03 2.4 3.1 12.8   11.5   39.8   10.3  .01943-2 3 3-2▽ -.739.60 -.1215.0389.21 3.36 8.5617.61 81729 4.9410.8420.93 5
20260329일 3170011국651 9109 4 1강 1159맑음건조 3 3 4관악산위시미    트리플나위시미석 6827.00한거 4 0 0 9 1   29      16500국6리카디손병석  -3 4 5 5 3 8 1 0 0 4  0빅투아49457.091하입하 5  6  66447.066.057.0315513355412364142503826222817      →↘선14.139.341.714.182 739.343.2115.9114.9  0  0 33 0   14.50   14.40 4 -2  0NH동       1713-2.3 9.3 7.0262614 0배당마주거리탄력52기 0 8 5 5 4 6 810⑨1:55.95    2.514.543.614.7  3 -6  .00 9 6  2 3.28220908520 1 4 7 20 2 1.02 5.01 2.7 5.7  2.7    5.7    8.7    8.312.02988 2 7 7 2△ 1.242.00 -.7533.90113.822.1739.4956.9518375312.7026.0939.55 3
20260228토 4170011국621 9 79 5 1강 1158맑음건조 3 3 4관악산위시미    트리플나위시미석 6827.00한거 4 0 0 9 1   91      16500국6리카디손병석  -3 5 4 4 2 8 1 0 0 3  0김효정50057.068하입보13 17 172829.055.037.41750 7355412364145333826202217      ↗→선14.139.541.614.171 840.243.7117.5116.9  0  0 33 0   14.20   14.00 3  9  0BH동       1713-2.0 9.0 7.0212114 0배당마주배당마주65기 010 6 6 8 91111⑩1:57.54    4.214.543.714.4  6  5  .0910 4 -6 4.397649395 7 5 7 8 30 1 1.06 7.04 1.7 2.7  1.7   15.4   19.2   83.9  .02455 0 5 6 0―  .642.10 -.3335.81113.810.4223.9137.39122540 5.4812.9922.69 4
20260207토 3170011국651 9109 6 1강 1153맑음건조 2 3 4관악산위시미    트리플나위시미석 6827.00한거 4     2 1   40      16500국6리카디손병석  -3 6 3 3 1 8 1 0 0 0  0빅투아49557.091하무보 6  6  63120.049.023.0315513355412364142503826222817      →↘선14.240.242.613.7261238.842.8115.7114.8  0  0  0 0   15.10   13.0039 -7  0HHUP       1713-2.0 9.0 7.0212114 4숨은복병배당마주35기 0 1 2 2 3 4 6 7⑦1:55.71    1.514.242.414.0 -3  3  .00 710  2 2.982 8877039 81111 62 1 2.11 6.03 2.6 6.6  4.1  121.2  154.3  495.8  .01947-1 4 4-1▽  .041.10 -.9132.03115.0 4.8314.3723.02 51222 3.9011.6922.80 6
20250504일 1130011국630 9 39 7 1강 1159맑음포화15 3 4관악산위시미    트리플나위시미석 6827.00한거 3 0 0 1 4  794      16500국6최용구손병석  -3 7 2 2 1 8 2 0 0 1  0조인권49257.063하무보22 20 2021 4.031.010.6 933 3356717202021142010242513      ↗→선14.237.740.314.1371538.440.2 84.4 84.6  0  0  0 0   14.20   14.40 4 -3  0NHDN       1414-3.010.0 7.0262614-1마방승부배당마주 1기 2 8 7     8 9 9⑦1:24.49    2.414.440.114.0 -1-10  .00 7 8 -2 2.58785789018 610 6 70 2 5.0110.01 1.7 2.8 13.7    6.3   24.2   39.6  .02519-2 1 2-2▽-1.239.70 -.21 6.6283.93 1.12 4.7910.55 2 611  .95 3.00 5.4810
20250405토 2140011국640 9 49 8혼전 4455비  다습12 3 4관악산위시미    트리플나위시미석 6827.00한거 3     1 4  760      16500국6최용구손병석  -3 8 1 1 1 8 1 0 0 0  0조인권50257.063평무보   25 2540  .045.017.3 933 3356717202021142010242513      ↗→선14.136.639.114.1    37.440.2 90.8 89.8              14.10   14.40 4  0  0NL동       14 0                 0 0숨은복병마방승부 1기 211 7     8 9 8⑦1:30.83    1.914.240.314.4 -3 -4  .00 710  0 1.97464747929 1 1 7 70 1 4.08 1.04 2.1 3.7  9.1   98.5  235.9  195.1  .02357 0 4 5 0― -.439.50  .6514.1488.38 4.17 8.7317.31 4111812.0020.8545.33 8
20260906일 3170011국6 0 9  9 0 1강 1156           3 5피엔에스건즈    오버애널헬리건스 3040.00한암 4 0 0   1    011:55 16500국6박윤규피엔에스 2 01111 110 2 0 110  0다실바   54.079기입적50 52 524814.047.025.9 7 0 51448 817 8 0 017 9203013 099 0↗↗입13.739.241.614.68722                   14 14 43 0   13.50   15.40 2 -1  0NHUP55.04671713-3.2 9.6 6.4343414 4일반주행기복전력34관 0 5                            13.5    15.4        .0                       2 5 5 6  2                                              .01644 0 3 3 0― -.141.60  .07     113.6 7.2715.8025.94 51222 3.7013.0122.33 8
20260822토 3130011국640 9 99 1혼전 4451비  불량20 3 5피엔에스건즈    오버애널헬리건스 3040.00한암 4 0 0 2 1   38      24750국6박윤규피엔에스 2 11010 510 1 0 1 9  0다실바46354.079기입적33 39 3934 8.036.016.9 7 0 51448 817 8 0 017 9203013 099 0↗↗입13.737.039.814.6811936.642.5 83.8 85.1 14 14 43 0   13.70   14.30 4  1 -1NHDN55.04671413-2.410.4 8.0181814-1연대우수기복전력61관 1 6 2     4 4 7⑨1:23.85    2.513.541.915.4  5 -9  .09 9 4  2 2.691 9979319 4 4 6 80 1 2.0110.08 2.6 5.3  4.2    5.7   11.7   74.2  .03332-2 2 2-2▽-1.140.50  .36 8.2783.16 4.26 8.8416.86 2 714 5.56 9.9216.10 7
20260726일 3140011국650 9109 2혼전 4451맑음다습10 3 5피엔에스건즈    오버애널헬리건스 3040.00한암 4 0 0 9 1   59      16500국6박윤규피엔에스 2 2 9 9 210 2 0 1 8  0마이아47255.093기입적55 61 615148.067.044.83451151448 817 838 017 93533 7 099 0↘↗선13.736.839.914.6641336.440.1 89.4 88.6 14 14 43 0   13.90   13.90 3 -1  0NN동55.04671413-2.410.4 8.0181814 0연대우수연대우수 5   0 5 4     3 2 3⑥1:29.4½    .413.740.114.3  4  5  .09 6 2 -4  .73415684571 6 4 4 20 2 3.08 6.11 2.8 6.4  4.7   61.6   94.1   70.7  .03760 0 6 6 0― 1.239.00 -.7011.9089.0717.6331.9244.7721435913.9221.4330.42 5
20260705일 31400 8국611 9 19 3 2강 2249흐림건조 4 3 5피엔에스건즈    오버애널헬리건스 3040.00한암 4 0 0 1 1   48      16500국6박윤규피엔에스 2 3 8 8 110 1 0 0 7  0마이아46755.093하입상21 19 195459.067.071.83451151448 817 838 017 93533 7      ↘↗선13.736.940.014.959 436.538.6 89.3 87.3  0  0 33 0   13.90   14.40 4  0  1NNUP       1413-2.410.4 8.0181813 1일반주행연대우수54관 0 6 2     3 2 3②1:29.35     .013.939.513.9 -4  7  .00 2 6 -4  .8 41722 692 3 2 5 22 1 1.06 4.06 1.5 3.0  1.5    8.2   10.6   27.0  .03773 0 6 6 0― 1.138.70-1.5410.4089.2123.2249.9171.7621435921.2143.5562.36 2
20260607일 2130010국651 9 59 4 2강 2258맑음양호 6 3 5피엔에스건즈    오버애널헬리건스 3040.00한암 4 0 0 1 1   69      16500국6박윤규피엔에스 2 4 7 7 410 1 0 0 6  0김성현46054.059하입보 5  5  518 2.029.0 4.51440 91448 817 813 717 9162319      ↗↘입13.837.139.715.375 637.639.9 85.4 83.4  0  0 40 0   13.70   16.40 4  0 -1NHUP       1312-1.410.6 9.2121213 1걸음없음작전마주 5   0 6 4     5 5 5⑤1:25.4¾   1.613.940.814.4 -5  3  .00 510  0 1.85351676636 5 310 72 1 2.01 4.09 2.2 3.6  3.3    3.6    8.2    6.8  .020 5-4 1 3-4▼-1.940.10  .72 6.6083.16  .12 1.82 4.47 41120  .12 1.80 6.52 8
20260510일 1120010국623 9 29 5 1강 1151맑음건조 5 3 5피엔에스건즈    오버애널헬리건스 5132.00한암 4 0 0 2 1   70      16500국6박윤규피엔에스 2 5 6 6 310 1 0 0 5  0정우주45755.062하입상 9  8  8 2 2.028.0 3.41250 71448 817 8 0 017 9163013      ↗→입13.837.339.514.448 836.443.6 80.6 79.2  0  0 25 0   14.00   15.40 3  4  0NNDN       1313-1.510.8 9.3131313-1걸음없음거리탄력 5   0 6 5     6 6 8⑨1:20.66    3.413.744.016.4 -1  8  .00 910 -1 3.69711999811 9 6 9112 1 5.01 1.08 1.6 1.9 16.2   12.9   53.8   23.9  .014 1-4 1 3-4▼-2.039.20  .30 2.3876.51  .12 2.49 3.37 1 4 8  .12  .97 3.2511
20260418토 2130011국632 9 89 6혼전 4451맑음건조 5 3 5피엔에스건즈    오버애널헬리건스 3040.00한암 4 0 0 2 1   61      16500국6박윤규피엔에스 2 6 5 5 310 1 0 0 4  0해리카44955.067하입상 5  9  9 2 4.027.0 3.71444111448 817 8181317 9172612      ↗→입13.937.639.914.645 736.942.3 86.2 85.0  0  0  0 0   14.10   14.80 2 -1  0HN동       1312-1.310.7 9.3141413 0일반주행거리탄력 5   0 2 5     5 5 9⑨1:26.21    2.814.042.915.4 -2 -4  .00 911  0 2.99017979316 8 810100 2 3.01 6.03 1.7 4.0  5.5    4.4   14.5   11.9  .016 4-4 1 1-4▼-1.939.90  .29 7.5483.61  .11 1.63 3.72 0 2 4 1.69 4.26 7.5310
20260404토 2130011국631 9 39 7 1강 1153맑음양호 7 3 5피엔에스건즈    오버애널헬리건스 3040.00한암 4 0 0 1 1   41      16500국6박윤규피엔에스 2 7 4 4 210 1 0 0 3  0송재철45355.078하무보25 15 15 0 4.030.0 9.11746 71448 817 8 02217 9192520      ↘↗입14.138.140.113.2 5 837.440.7 86.0 84.3  0  0  0 0   14.20   14.2019 -7  0HL동       1312  .010.510.5 4 412 0능력한계휴양탐색 5   0 3 7     4 6 6⑦1:26.01¼  1.614.141.414.8 -4 -2  .00 711  2 2.47942868236 9 6 5 92 1 1.03 1.02 1.8 2.9  1.8    3.9    5.5    3.4  .0 8 2-4 1 1-4▼-1.739.20 -.28 6.0584.06 1.77 3.38 9.08 51222 2.04 5.6611.05 6
20251123일 4130011국612 4 69 8 1강 1154맑음건조 3 3 5피엔에스건즈    오버애널헬리건스 3040.00한암 3 0 0 2 2  380      16500국6박윤규피엔에스 2 8 3 3 110 1 0 0 2  0해리카45555.072하무보10  8  8 0 4.025.0 3.11557 61043 317 8181317 9172612      →↗입14.138.340.313.2 3 437.845.4 89.6 89.5  0  0  0 0   14.10   13.5011  9  3BLUP       1312  .011.011.0 2 212 1걸음없음휴양탐색 5   010 6     6 810⑪1:29.614   8.114.145.917.4  2  1  .0111 9 -1 8.599599999 211 9 7110 1 1.03 5.01 1.3 3.5  1.3    3.5    4.1    5.0  .0 8 1-4 1 2-4▼-2.140.30 -.3510.9284.32  .12 1.34 3.09 1 3 7 1.28 3.75 6.80 9
20250907일 2120011국651 7109 9 2강 2259맑음포화16 3 5피엔에스건즈    오버애널헬리건스 5132.00한암 3     1 2  314      16500국6박윤규피엔에스 2 9 2 2 210 1 0 0 0  0이상규45452.055하무보 5 35 35 1  .024.0 4.7 4 0 41043 317 8 4 017 9132314      →↘입14.438.240.515.3 1 338.739.4 78.0 78.0  0  0  0 0   14.40   15.60 5 -9 -3HH동       1212        11.0    12 0최빈거리거리난점 5   0 1 5     6 710⑩1:18.03    3.414.139.513.5  0  1  .001010 -1 3.791967091 9111011 90 1 1.0210.04 3.1 5.6  3.1    6.1   11.2    5.6  .0 9 1-4 1 1-4▼-2.438.00 -.81 -.6977.57  .18  .21 4.74 0 2 415.1928.3992.38 4
20250803일 2120011국613 8 6910혼전 4451흐림건조 3 3 5피엔에스건즈    오버애널헬리건스 5132.00한암 3     1 3  401      16500국6박윤규피엔에스 210 1 1 110 1 0 0 0  0김태희45355.064평무보   35 3540  .025.0 2.3 733 31525 517 811 317 9152416      →↗입14.336.738.514.9    38.741.1 81.2 79.2              14.30   15.20 4  0  0LL동       12 0                 0 0일반주행작전마주 5   01010    101010⑪1:21.212   5.214.442.215.6  0 -2  .001111  0 5.397969498 4 2 2 8100 1 7.04 6.09 2.1 7.3 15.0   40.2   37.6   56.2  .02013-3 1 1-3▼-2.039.80 1.22 4.0075.61  .12 1.46 2.26 0 2 411.7621.3645.02 7
20260906일 3170011국6 0 9  9 0 1강 1156           3 6태광프린스      지롤라모두만강   4233.00한수 3 0 0   1    011:55 16500국6배휴준문창완   0 0 5 5 1 4 1 0 0 4  0권중석   54.065하무보50 39 39 1 7.030.0 6.31341 6 940 810 0 0 01111191818      ↘→선14.040.142.013.530 6                    0  0  0 0   14.40   14.50 2  5 -2NHUP       1712-1.0 9.5 8.5202012 3탄력저조탐색우려28관 0 6                            14.4    14.5        .0                       8 9 910  1                                              .0 5 1-4 1 4-4▼-1.842.00 -.15     114.5  .54 2.08 6.30 0 3 6 1.85 6.5012.5611
20260823일 3140010국640 8 99 1 1강 1159맑음포화16 3 6태광프린스      지롤라모두만강   4233.00한수 3 0 0 2 1   28      16500국6배휴준문창완   0 1 4 4 1 4 4 0 0 3  0김옥성51656.058하무보 6  7  7 1 2.027.0 3.6 6 0 6 940 810 0 0 01111141618      →→추14.037.240.013.539 437.541.4 90.9 90.9  0  0  0 0   14.00   15.10 4 -8 -1HHUP       1412-1.0 9.3 8.3252512 1발길대로탐색우려50조 1 1 9     91010⑨1:30.92½  3.514.441.014.5 -1 11  .00 910 -1 4.191709093 9 7 7 8100 4 1.0811.06 2.4 4.3  2.4   37.4   49.4   36.5  .0 6 1-4 1 2-4▼-1.939.10  .0613.7489.41  .22 1.61 3.57 1 3 7  .12 1.44 5.1511
20260725토 2130011국611 8 69 2혼전 4451맑음다습11 3 6태광프린스      지롤라모두만강   4233.00한수 3 0 0 9 1   70      16500국6배휴준문창완   0 2 3 3 1 4 3 0 0 2  0김옥성50557.058하무보36 33 33 3 5.028.012.0 6 0 6 940 810 0 0 01111141618      →→추14.638.040.113.5211937.242.2 85.0 85.4  0  0  0 0   14.60   14.20 4 -1  0NHUP       1312-1.0 8.5 7.5333312 1숨은복병탐색우려87기 0 9 8     7 9 9⑩1:25.0머리 3.114.042.015.1 -1 -4  .001011  3 3.7933096941111 9 9110 3 1.02 8.05 1.6 5.4  1.6    5.4    8.5   10.9  .019 1-4 1 1-4▼-1.539.60 -.29 7.2984.00 1.52 5.6412.04 1 3 7 2.38 5.5612.0011
20260628일 2120011국612 9 19 3 2강 2254맑음건조 3 3 6태광프린스      지롤라모두만강   3822.00한수 3 0 0 9 1   69      16500국6배휴준문창완   0 3 2 2 2 4 2 0 0 1  0김옥성50957.058하무보39 40 40 5 2.027.012.7 6 0 6 940 810 0 0 01111141618      →→추14.838.239.413.5 23737.339.5 77.8 76.4  0  0  0 0   14.80   13.80 5  2  0NH동       1212-1.0 9.0 8.0383812 0최빈거리보통주행40기 010 9     9 9 8⑦1:17.81½  1.814.639.914.2 -1  4  .00 7 8 -1 2.3595271703110 4 3 60 2 1.04 5.11 1.3 2.5  1.3    5.7    6.4    6.1  .013 7-2 1 1-2▽-1.737.50 -.43-1.2376.95 2.58 5.0112.68 2 714  .12  .90 2.5211
20260523토 1120011국611 9 69 4 2강 2259흐림다습13 3 6태광프린스      지롤라모두만강   3822.00한수 3     2 1   80      16500국6배휴준문창완   0 4 1 1 1 4 1 0 0 0  0김옥성50557.058평무보34 25 2519  .023.0 5.2 6 0 6 940 810 0 0 01111141618      →→추14.837.440.013.573 438.239.0 77.7 76.4              14.80   13.80 4  0  0LL동       12 0         6.0     0 0일반주행보통주행44기 0 810    10 9 9⑧1:17.74    1.414.839.313.8 -1 18  .00 8 9  0 1.66188587940 6 911110 1 2.04 3.02 1.4 3.8  7.5   15.7   39.6    7.0  .016 4-4 1 2-4▼-2.238.30 -.09-1.0376.84 2.52 4.20 5.18 0 2 414.4627.6746.76 4
20260906일 3170011국6 0 9  9 0 1강 1156           3 7리더스파트너    섀클포드퀄리티레 6826.00한거 3 0 0   1    011:55 16500국6서홍수유성훈   1 0 7 7 2 6 1 0 1 6  0빅투아   56.091하무상50 51 517447.067.063.13155131850 7252419272616222817 0 099→↘선13.339.840.613.14469                   17  0 1717   14.90   12.90 4 -2  0NU동56.04321713-1.2 8.6 7.4353517 0부중유리작전마주33기 0 7                            14.9    12.9        .0                       6 1 7 1  1                                            12.03189 2 6 6 2― 1.540.60 -.57     113.429.1351.1163.0938617214.8129.2740.47 1
20260809일 3170010국610 8 69 1 1강 1156흐림건조 2 3 7리더스파트너    섀클포드퀄리티레 6826.00한거 3 0 0 1 1   79      16500국6서홍수유성훈   1 1 6 6 1 6 3 0 0 5  0김옥성43256.058하무보12 11 11 2 2.029.0 8.8 6 0 61850 7252422 02616141618      →→추13.339.842.213.346 940.739.4113.7113.0  0  0 20 0   14.20   13.90 3  7 -1BHUP       1713  .2 9.0 9.2191913 3숨은복병거리속성60기 0 9 8 8 8 9 9 5②1:53.72     .014.938.912.9 -6-14  .00 2 8 -2  .43485 82388 610 8 83 3 4.0810.09 1.9 5.9  7.0   35.8   71.2   79.6  .019 5-4 1 1-4▼-1.441.20 -.1630.95114.4 1.50 4.25 8.81 1 4 8  .12 1.25 5.2410
20260718토 3140011국620 9 79 2 1강 1151흐림불량20 3 7리더스파트너    섀클포드퀄리티레 6826.00한거 3 0 0 2 1   38      16500국6서홍수유성훈   1 2 5 5 1 6 2 0 0 4  0김옥성44657.058하무보16 20 2023 4.030.0 9.3 6 0 61850 7252422 02616141618      →→추13.336.940.513.344 637.539.8 90.8 90.0  0  0 25 0   14.30   13.60 2  1  0HHUP       1413  .5 8.8 9.3202013 1일반주행거리부담 5   0 2 7     91010⑨1:30.8¾   2.514.240.413.9 -1  9  .00 910  4 2.97772647419 21010110 2 1.02 3.04 2.3 4.4  2.3    4.4    7.1   17.9  .016 6-3 1 1-3▼-1.339.20 -.1912.6089.55 1.13 4.11 9.29 1 3 7 1.20 3.61 7.6911
20260705일 2130010국651 7109 3혼전 4459흐림건조 4 3 7리더스파트너    섀클포드퀄리티레 6826.00한거 3 0 0 1 1   29      16500국6서홍수유성훈   1 3 4 4 4 6 1 0 0 3  0김옥성43757.058하선상15 12 1230 6.028.013.0 6 0 61850 7252422 02616141618      →→추13.337.040.413.871 738.439.4 84.0 83.8  0  0 33 0   14.20   14.10 4 -8  0HH동       1313  .0 9.7 9.7131313 0발길대로부진마필72기 0 1 8     9 9 9⑧1:24.01¼  1.214.339.513.6  2 -3  .00 8 6 -3 1.46885537545 3 8 6 70 1 3.07 5.03 3.8 8.2  4.9   72.3  109.4   95.8  .0 6 3-4 1 1-4▼-1.840.30  .10 6.4283.55 1.53 4.8412.99 2 714 2.70 8.3315.88 7
20260606토 3130011국613 7 69 4 3강 3357맑음양호 7 3 7리더스파트너    섀클포드퀄리티레 6826.00한거 3 0 0 1 1   78      16500국6서홍수유성훈   1 4 3 3 3 6 2 0 0 2  0김태훈44057.069하선보10 17 1726 7.030.0 6.01756 81850 7252420 02616122521      ↗→입13.336.940.914.579 337.839.9 84.8 83.5  0  0 50 0   13.80   13.90 4 -2  0NH동       1313 1.010.011.0 6 613 0일반주행부진마필37기 1 9 7     6 910⑦1:24.85    1.914.240.614.1 -2 -9  .00 7 9 -1 2.15758656828 41110100 2 7.02 8.05 1.6 4.3 20.4   43.3  139.6  109.3  .016 7-4 2 1-4▼-1.740.30  .06 5.7183.80 1.09 2.21 5.95 0 2 4 1.16 4.6510.8710
20260509토 4130011국640 9 99 5 1강 1151맑음건조 5 3 7리더스파트너    섀클포드퀄리티레 6826.00한거 3 0 0 2 1   77      16500국6서홍수유성훈   1 5 2 2 2 6 1 0 0 1  0김태훈44957.069하무보 5  5  5 3 3.025.0 2.91756 81850 7252420 02616122521      ↗→입14.338.140.514.515 435.943.6 87.3 85.9  0  0  0 0   14.30   14.80 5  6  0NH동       1313 1.010.011.0 6 613 0최빈거리거리난점76기 111 2     2 211⑪1:27.35    3.513.544.115.0  1 -8  .001110  0 4.196 1999511 91111111 1 2.05 2.04 3.7 6.1  3.7   17.5   28.0   19.9  .0 9 3-4 1 2-4▼-2.139.60 -.35 7.3284.32  .12 1.23 2.90 1 3 7  .12 1.90 6.0811
20260405일 2130011국641 9 99 6혼전 4452맑음양호 6 3 7리더스파트너    섀클포드퀄리티레 6826.00한거 3     1 1   92      16500국6서홍수유성훈   1 6 1 1 1 6 1 0 0 0  0송재철45757.078평무보   25 2540  .036.018.71746 71850 7252418 02616192520      ↘↗입14.237.539.614.3    38.241.4 86.7 85.5              14.20   14.60 4  0  0LL동       13 0                 0 0일반주행작전마주39기 0 511    111111⑪1:26.79    3.614.341.914.8  1 -5  .001110  0 3.79477939510 1 111 60 1 1.02 1.03 2.1 4.5  2.1    4.5    7.3   15.913.22050 0 3 3 0―-1.040.20  .12 8.4383.35 4.5210.7318.65 4111824.0036.3689.16 1
20260906일 3170011국6 0 9  9 0 1강 1156           3 8피엔에스워크    프로스펙파워앤스 1230.00한암 4 0 0   1    011:55 16500국6박윤규피엔에스 2 01414 113 2 0 013  0김효정   54.068평추보50 63 634848.054.035.11750 71448 817 8 81417 9202217 0 099↗→선14.040.341.113.72253                    0  8  017   14.90   13.10 4 -3  0NHUP52.54721714-1.4 7.2 5.8535314 3일반주행작전마주 1   0 8                            14.9    13.1        .0                      11 3 1 3  6                                              .02030 0 5 4 0―  .441.10 -.45     114.011.6423.1335.0912254020.3729.2740.47 2
20260808토 3140011국652 9109 1 2강 2269맑음건조 2 3 8피엔에스워크    프로스펙파워앤스 1230.00한암 4 0 0 1 1   89      16500국6박윤규피엔에스 2 113131113 1 0 012  0김효정47354.068평추하24 28 2839 3.036.018.41750 71448 817 8 81417 9202217 0 099↗→선14.037.539.613.8183738.238.8 90.9 89.8  0  9  018   14.20   14.40 3  0 -1VH동52.54721414-1.4 7.2 5.8464614 0최빈거리최적거리 5   01110    1010 7⑥1:30.9½    .714.938.813.1  0  4  .00 6 6  0 1.3729425636211 1 5 53 5 3.05 1.06 2.6 5.7  5.1   19.4   39.0  170.7  .01331 0 1 1 0―-1.038.60 -.2412.6589.34 3.45 9.2118.36 81729  .12 3.42 9.28 8
20260718토 3140011국620 9 79 2 1강 1151흐림불량20 3 8피엔에스워크    프로스펙파워앤스 1230.00한암 4 0 0 2 1   38      16500국6박윤규피엔에스 2 212121013 1 0 011  0서승운46955.084평추상67 76 765054.061.033.62440141448 817 8 0 017 9272916 0 099↗↘선14.037.539.513.7144537.140.1 90.6 89.8  0 10  020   14.40   13.60 3  5  2VN동52.54721414-2.0 8.0 6.0505014 0최빈거리최적거리 5   011 9     6 6 7⑧1:30.64    2.314.240.714.4  2  0  .00 8 6 -2 2.7725172712210 4 3 52 1 1.02 3.04 2.3 4.4  2.3    4.4    7.1   17.9  .02173 0 6 3 0― 1.038.60 -.6012.8089.2812.3423.3233.6012254010.8420.4835.16 5
20260628일 3140011국652 8109 3 1강 1151맑음건조 3 3 8피엔에스워크    프로스펙파워앤스 1230.00한암 4 0 0 9 1   48      16500국6박윤규피엔에스 2 31111 913 3 0 010  0권중석46953.065하추상36 53 532819.050.021.81341 61448 817 8 71117 9191818 0 099↘→선14.037.539.813.8193038.138.4 89.3 88.4  0  0  011   14.90   13.20 3  0  1NV동52.04751414-1.6 8.0 6.4404014 0최빈거리최적거리 5   0 610    1111 7⑤1:29.3머리  .614.438.913.6 -3 -6  .00 5 8  0  .8228814406410 5 7 73 3 2.05 8.10 2.8 6.6  3.6   16.1   25.7   25.2  .02347 1 4 3 1―  .438.30 -.4711.0689.48 4.6912.0321.81 3 917 3.15 8.9815.88 8
20260606토 2140011국650 9 59 4 1강 1154맑음양호 7 3 8피엔에스워크    프로스펙파워앤스 1230.00한암 4 0 0 1 1   39      16500국6박윤규피엔에스 2 41010 813 2 0 0 9  0권중석47552.065하입상39 50 502431.047.028.91341 61448 817 8 71117 9191818      ↘→선14.037.440.014.0252238.537.8 91.4 89.4  0  0  0 0   14.50   14.50 3 -1  0NH동       1414-1.6 7.8 6.2383814 0일반주행보통주행 5   0 610    1010 7④1:31.43     .714.938.913.2 -4  0  .00 4 8  0  .86096 43762 7 7 3 73 2 2.01 9.04 2.0 4.0  4.7    4.0   10.3   14.1  .01626 0 4 3 0― -.138.60 -.7212.0089.55 8.5018.0728.88 5122211.4826.2840.00 3
20260516토 11400 9국641 9 49 5 2강 2259맑음건조 3 3 8피엔에스워크    프로스펙파워앤스 1230.00한암 4 0 0 2 1   60      16500국6박윤규피엔에스 2 5 9 9 713 1 0 0 8  0권중석47552.065하입보29 23 2323 4.034.016.31341 61448 817 8 71117 9191818      ↘→선14.037.540.014.0181937.240.1 91.1 89.2  0  0  0 0   14.20   14.90 3  6 -3NH동       1414-1.2 8.2 7.0282814 0최빈거리보통주행 5   0 7 8     8 7 6⑥1:31.11¾   .714.540.914.5 -2  1  .00 6 8  2 3.05455686963 6 3 8 70 1 2.05 9.03 2.1 2.9  3.8   38.6   57.9   16.9  .01319-1 2 1-1▽ -.938.50 -.4411.7189.62 4.00 9.0316.32 3 818 1.56 4.4810.05 8
20260425토 21400 8국641 9 49 6 2강 2259맑음건조 3 3 8피엔에스워크    프로스펙파워앤스 1230.00한암 4 0 0 9 1   60      16500국6박윤규피엔에스 2 6 8 8 613 1 0 0 7  0정정희47455.081하추상19 24 2420 3.034.011.92044 91448 817 811 017 9202515      →→입13.937.640.013.8112237.040.0 91.2 89.2  0  0  0 0   14.40   13.90 6  0  0HH동       1414-1.6 8.6 7.0292914 0최빈거리최적거리25   0 1 5     5 4 4⑥1:31.23    1.914.241.014.9  0 -4  .00 6 6 -4 2.05748686729 6 7 5 72 1 2.03 2.08 2.3 3.6  3.6    6.3   13.0   10.7  .01328-1 1 1-1▽-1.138.40 -.4011.6089.69 1.93 5.0811.88 3 916  .12 2.29 5.45 7
20260315일 2140011국650 8109 7혼전 4456흐림양호 6 3 8피엔에스워크    프로스펙파워앤스 1230.00한암 4 0 0 2 1  114      16500국6박윤규피엔에스 2 7 7 7 513 4 0 0 6  0김효정47855.068하추상10 11 11 6 4.031.0 6.01750 71448 817 8 81417 9202217      ↗→선13.937.640.113.8131538.139.3 91.2 89.6  0  0  0 0   14.20   14.90 2 -3  0HH동       1414-1.4 8.8 7.4212114 0최빈거리최적거리 5   0 110    111110⑨1:31.21¼  1.414.439.913.9 -1 -3  .00 910  2 1.6679047753911 710110 4 8.01 6.04 3.1 8.7 22.6   22.6   72.7   54.1  .013 5-4 1 2-4▼-1.738.40 -.3011.8889.76 1.10 2.15 6.02 0 2 4 1.67 4.65 6.9310
20260302월 3140011국640 9 99 8혼전 4431비  양호 6 3 8피엔에스워크    프로스펙파워앤스 1230.00한암 4 0 0 1 1   29      16500국6박윤규피엔에스 2 8 6 6 413 3 0 0 5  0김효정48155.068하추적13 19 19 9 5.032.0 6.91750 71448 817 8 81417 9202217      ↗→선14.237.640.013.4 93337.340.4 92.0 90.0  0 25  0 0   14.00   14.70 6  2  0HH동       1412-1.5 9.0 7.5222214 0일반주행최적거리 5   0 4 4     5 5 7⑦1:32.02½  2.314.241.314.9 -1  6  .00 7 8  5 3.1786177812210 810102 3 1.02 1.02 3.4 5.9  3.4    5.9    9.9   15.1  .016 6-4 1 1-4▼-1.438.50 -.2612.4089.69 1.12 3.20 6.88 1 3 8 1.43 3.87 9.5610
20260118일 31400 8국620 9 29 9 2강 2243흐림건조 5 3 8피엔에스워크    프로스펙파워앤스 1230.00한암 4 0 0 2 1   92      16500국6박윤규피엔에스 2 9 5 5 313 2 0 0 4  0김효정47555.068하추보32 27 27 5 3.032.017.31750 71448 817 8 81417 9202217      ↗→선14.237.640.113.4 52736.840.8 90.9 89.5  0 25  0 0   14.20   13.50 4 -3  0HH동       1412 -.7 9.7 9.0141414 0능력한계최적거리 5   0 2 4     3 3 6⑥1:30.96    1.314.041.314.7  3  4  .05 6 3 -4 1.86732857942 7 6 5 42 2 2.05 8.04 1.7 2.1  3.0   17.9   26.7   35.8  .013 7-3 1 1-3▼-1.338.40 -.5911.7989.76 2.26 7.9817.31 2 613  .12 2.70 8.87 7
20251220토 3140011국610 9 1910 1강 1157흐림포화16 3 8피엔에스워크    프로스펙파워앤스 1230.00한암 3 0 0 2 1   8411:25 16500국6박윤규피엔에스 210 4 4 213 1 0 0 3  0김효정47155.068하추보 5  5  5 2 3.030.011.81750 71448 817 8 81417 9202217      ↗→선14.237.740.313.1 51737.038.8 88.4 88.4  0  0  0 0   14.20   14.70 3 -1  0NH동       1412 -.7 9.7 9.0141414 0발길대로최적거리 5   0 510     6 6 4③1:28.46    1.114.238.713.5 -4 -7  .00 3 7 -3 1.53252282749 8 810 83 1 1.02 1.10     2.3  1.2    2.3    2.6   36.3  .013 8-4 1 3-4▼-1.638.10 -.6410.4489.96 1.86 4.1611.77 51222  .12 3.28 7.23 9
20251129토 3140011국620 8 2911 2강 2259맑음다습10 3 8피엔에스워크    프로스펙파워앤스 1230.00한암 3 0 0 9 1   86      16500국6박윤규피엔에스 211 3 3 113 2 0 0 2  0김태희47855.061하추보 8 12 12 2 2.026.0 8.11248 61448 817 811 317 9152416      ↘→입14.537.940.213.1 22237.441.0 91.6 90.6  0  0  0 0   15.10   13.50 4 -1  0NHUP       1412-1.0 9.5 8.5161612 2능력한계거리부담 5   0 610     9 910⑩1:31.66    2.914.241.414.7  0 -5  .001010  2 4.5876487901311 7 7100 2 1.02 5.02 1.4 2.1  1.4    2.1    2.6    4.3  .013 1-4 1 1-4▼-1.838.40 -.5912.4790.03  .47 2.42 8.10 0 2 4  .12 1.27 4.2010
20251101토 2120010국641 9 4912 3강 3359맑음건조 5 3 8피엔에스워크    프로스펙파워앤스        한암 3     1 1  175      16500국6박윤규피엔에스 212 2 2 213 1 0 0 0  0김태희48355.062하무보 5  5  5 1 4.024.0 4.51248 61448 817 811 317 9152416      ↘→입14.538.340.915.5 3 238.738.7 79.1 77.1  0  0  0 0   15.40   13.6011 -4  0NH동       1212  .011.011.0 1 112 0최빈거리거리난점 5   0 7 9     9 9 8⑥1:19.12½  1.715.139.813.5 -2  8  .00 6 8 -3 2.7779647833411 9 5103 1 1.02 2.08 2.4 3.0  2.4    3.0    5.9   10.211.2 9 3-4 1 2-4▼-2.137.60-1.09-2.1077.84  .12 2.08 4.51 1 3 6 1.02 3.09 3.8211
20250816토 3120011국611 8 6913 1강 1151맑음다습12 3 8피엔에스워크    프로스펙파워앤스        한암 3     2 2  38612:50 16500국6박윤규피엔에스 213 1 1 113 1 0 0 0  0정우주47555.067평무보   35 3540  .027.0 8.41155 51043 317 8 0 017 9163013      →↗입14.436.738.515.4    38.143.1 81.6 81.0              14.40   15.70        NN동       12 0                 0 0일반주행보통주행 5   01110     9 911⑪1:21.65    6.014.543.315.8  0  2  .001111  0 6.499869999 4 3 311110 1 1.05 3.06     7.7  2.3    9.0   13.2   20.7  .016 6-4 2 2-4▼-1.640.40 1.05 5.8075.61 1.32 2.87 8.43 1 3 711.2120.5655.19 6
20260906일 3170011국6 0 9  8 0 1강 1156           3 9신천하트        오버애널파티레이 3040.00한암 4 0 0   1    011:55 16500국6문세영문종원   3 01414 313 3 0 013  0조상범   54.057평입보50 56 564648.052.034.8 926 521331738 0 0 05750132116      ↗→입13.839.141.914.38813                    0  0 18 0   14.20   14.00 4  5  0BH동       1712-1.0 6.4 5.4434317 0일반주행급신장세36기 0 9                            14.2    14.0        .0                       1 8 3 5  3                                              .01843 0 5 5 0―  .441.90 -.24     113.811.5022.8934.75 9193520.3729.2740.47 3
20260809일 3170010국610 8 68 1 1강 1156흐림건조 2 3 9신천하트        오버애널파티레이 3040.00한암 4 0 0 1 1   79      16500국6문세영문종원   3 11313 213 2 0 012  0조상범44354.057하입상39 48 485361.062.052.3 926 521331738 0 0 05750132116      ↗→입13.839.142.014.4891039.341.4114.4113.7  0  0 20 0   13.70   13.80 7  0 -1HH동       1712-1.0 7.4 6.4323217 0뒷심부족탄력호전62기 0 4 1 1 3 3 3 2④1:54.42½   .714.240.914.0  1 12  .00 4 3 -3 1.15623594260 1 9 3 22 2 4.0810.09 1.9 5.9  7.0   35.8   71.2   79.6  .02360 1 6 6 1― 1.142.00 -.6832.55113.817.5336.1352.3219395614.6332.5048.47 3
20260621일 2170011국650 6108 2 3강 3357맑음포화19 3 9신천하트        오버애널파티레이 3040.00한암 4 0 0 2 1  109      16500국6홍대유문종원   3 21212 113 1 0 011  0조상범43155.057하입보19 18 18 6 4.029.0 9.2 926 5194312151315 01914132116      ↗→입13.839.342.014.380 939.141.5111.4113.3  0  0 11 0   13.70   14.70 4  1  0HHUP       1712-1.4 8.0 6.6262614 3일반주행거리속성 5기 0 4 1 1 1 1 1 3④1:51.41     .413.740.613.8 -2 -4  .00 4 6 -1 1.04016623968 2 8 9 91 1 1.03 9.05 3.8 8.0  3.8    9.4   21.2   11.8  .016 9-4 1 1-4▼-1.641.80  .2031.99114.0 1.55 3.18 9.20 2 4 8 1.92 5.0810.45 9
20260524일 3140011국650 9108 3 2강 2259맑음다습11 3 9신천하트        오버애널파티레이 3040.00한암 4 0 0 2 1   68      16500국6홍대유문종원   3 31111 413 2 0 010  0김옥성43555.058하입보18 21 2140 4.032.012.6 6 0 61943121513 6 01914141618      →→추13.836.840.314.267 836.741.2 91.3 90.0  0 13 13 0   13.90   14.40 3 -8  0HH동       1412-1.8 8.4 6.6303014 0일반주행급신장세57기 0 3 3     4 5 8⑧1:31.36    2.113.741.414.7  1  2  .00 8 7  1 2.47526888226 110 6 92 2 5.10 7.11 3.6 9.6  6.6  159.3  236.7 1192.3  .01616-3 1 1-3▼-1.239.30 -.1112.8889.34 1.83 6.3412.63 1 4 8 1.25 3.85 7.87 8
20260503일 2140011국651 9 58 4 1강 1159비  다습10 3 9신천하트        오버애널파티레이 3040.00한암 4 0 0 1 1   49      24750국6홍대유문종원   3 41010 313 1 0 0 9  0김옥성43355.058하입보20 19 1910 3.029.0 8.7 6 0 61943121513 6 01914141618      →→추13.936.940.314.359 936.741.0 90.9 89.8  0  0 14 0   13.80   14.80 2  4  0NHUP       1412-2.2 8.6 6.4303014 1일반주행거리탄력29기 011 3     3 3 6⑦1:30.9½   1.713.941.214.4  1 -7  .00 7 6  3 2.37531888233 3 6 6 90 1 2.01 1.03 2.5 4.6  3.9    4.6    9.4   13.6  .016 5-4 1 2-4▼-1.739.20 -.0712.6389.41 1.65 3.16 8.67 2 613  .12 3.5710.2310
20260419일 21300 9국622 8 78 5 1강 1139맑음건조 4 3 9신천하트        오버애널파티레이 3040.00한암 4 0 0 2 1   30      16500국6홍대유문종원   3 5 9 9 313 1 0 0 8  0이혁  44055.078하입하28 27 27 4 7.035.016.62257 7194312151331251914282118      ↗↘선13.837.140.014.3721537.340.9 85.0 84.3  0  0 14 0   14.00   14.60 4  6  0NHDN       1412-1.2 8.2 7.0282814-1능력한계거리속성45기 0 7 4     5 6 7⑥1:25.01½  2.013.841.314.8  3  7  .09 6 3 -7 3.37934888225 5 7 5 52 1 4.02 4.03 1.9 2.5 14.1   11.2   32.7   37.5  .01213-4 2 1-4▼-1.340.20  .18 7.1683.35 2.12 7.6716.57 51223 1.52 6.1112.24 6
20260321토 3140011국641 9 98 6 1강 1156맑음건조 5 3 9신천하트        오버애널파티레이 3040.00한암 4 0 0 2 1   82      16500국6홍대유문종원   3 6 8 8 213 1 0 0 7  0유승완43355.069하입하 6  7  7 7 4.031.012.31861 8194312151313 01914152722      →↘입13.837.140.314.340 836.540.5 90.5 89.1  0  0  0 0   13.90   14.9011 -4  0HH동       1412-1.2 8.2 7.0282812 0숨은복병휴양불리65기 0 1 5     4 4 5④1:30.52    1.514.041.214.6 -6 23  .00 410  4 1.55017796439 4 811 92 1 1.04 9.04 2.7 5.5  2.7    7.9   14.8   33.6  .01911-4 1 1-4▼-1.338.80 -.2711.6689.55 1.55 5.5212.26 0 3 6 1.43 3.90 8.4710
20260103토 4140011국611 9 18 7 2강 2256맑음다습13 3 9신천하트        오버애널파티레이 3040.00한암 4 0 0 1 2  217      16500국6홍대유문종원   3 7 7 7 113 1 0 0 6  0문정균41055.077하입상 8  9  9 5 2.030.0 9.22467 01838 4151317 01914131923      →↘추13.837.140.314.343 737.542.2 92.2 92.2  0  0  0 0   13.60   14.8011 -5  0NHUP       1412-1.2 8.2 7.0282813 1일반주행휴양불리 5기 0 5 5     6 810⑩1:32.25    3.913.942.314.9  4 -9  .0110 6 -2 4.097679597 9 6 7 8 90 1 2.0110.01 1.3 2.4  7.0    2.4   11.4    4.6  .01610-4 1 2-4▼-1.639.50 -.1914.8189.55 1.44 3.09 9.22 2 613  .12 1.10 4.71 7
20251019일 2130011국632 6 88 8혼전 4451맑음포화17 3 9신천하트        오버애널파티레이 3040.00한암 3 0 0 2 2  23011:00 16500국6홍대유문종원   3 8 6 6 213 2 0 0 5  0정우주41955.067하입상53 38 3818 9.034.0 5.41155 51838 41513 6 01914163013      →↗입13.937.539.914.0472537.241.7 84.7 85.9  0  0  0 0   13.80   13.80 4  2  0BH동       1312-1.2 8.2 7.0282813 0숨은복병보통주행60기 010 5     5 6 8⑨1:24.71¼  3.613.641.214.8  1-14  .00 9 8 -1 3.695289591 7 6 7 8 92 2 1.03 9.11     3.6  1.7    3.6    4.6    4.6  .019 8-4 2 1-4▼-1.440.20  .32 8.4683.55  .71 2.33 5.44 2 510 1.98 4.8312.26 9
20250921일 3130010국652 4108 9혼전 4441맑음다습14 3 9신천하트        오버애널파티레이 3040.00한암 3 0 0 2 2  272      16500국6홍대유문종원   3 9 5 5 113 1 0 0 4  0정우주43355.067하입보24 25 25 1 6.030.0 6.21155 51838 41513 6 01914163013      →↗입14.037.740.114.1321737.639.2 82.9 83.1  0  0  0 0   14.10   13.70 9  5  0BHUP       1312 -.5 8.0 7.5262612 1일반주행거리속성 5기 1 8 5     4 3 5⑤1:22.92½  1.513.839.213.8 -4 -2  .00 5 9  0 1.54751494834 511 8112 1 5.04 7.06 3.2 6.8  7.0   17.8   39.8   23.1  .016 7-4 1 2-4▼-1.839.40  .06 5.3483.80  .38 1.90 6.20 1 4 8 1.15 4.32 6.3711
20250719토 1120010국641 6 9810 2강 2254비  불량20 3 9신천하트        오버애널파티레이 5132.00한암 3 0 0 2 3  454      16500국6홍대유문종원   310 4 4 413 4 0 0 3  0박태종43555.061하입상39 28 2821 4.032.010.3 550 31854101513 8 01914192421      ↗→입14.037.639.914.1291538.139.0 76.6 76.9  0  0  0 0   14.00   14.30 4  2  0HH동       1212 -.3 7.7 7.3212112 0일반주행보통주행77기 1 3 8     9 9 9⑧1:16.62½  1.314.139.213.7 -1 -3  .00 8 9  2 4.27285557640 9 8 4 60 4 1.06 4.11 2.7 6.2  2.7   17.5   24.8   18.9  .016 5-4 1 1-4▼-1.538.20 -.29 -.6476.90  .83 4.0110.26 41118  .86 2.86 4.26 9
20250621토 2120011국650 8 5811 1강 1159흐림포화19 3 9신천하트        오버애널파티레이 5132.00한암 3 0 0 2 3  53311:30 16500국6홍대유문종원   311 3 3 313 3 0 0 2  0박태종43855.061하입보20 17 17 7 6.029.010.6 550 31854101513 8 01914192421      ↗→입13.737.640.014.229 837.439.1 76.9 76.1  0  0  0 0   14.00   14.40 4 -4  0HH동       1212  .0 8.0 8.0151512 0일반주행부진마필46기 0 1 6     6 6 6⑥1:16.9½   1.614.040.014.3 -1 10  .00 6 7 -1 2.05056616232 810 7 82 3 4.03 7.02     4.2  9.4   22.9   62.6   16.1  .016 2-4 1 1-4▼-1.438.00 -.37-1.4776.95 2.23 5.5110.58 2 611 1.19 4.49 5.66 9
20250524토 1120011국631 9 3812 3강 3359흐림다습13 3 9신천하트        오버애널파티레이 5132.00한암 3 0 0 2 4  61410:35 16500국6홍대유문종원   312 2 2 213 2 0 0 1  0박태종42855.063하무보12  9  9 6 5.026.0 3.8 899 51438 51513 8 01914192421      ↘↗입13.937.440.414.938 437.539.8 78.5 77.0  0  0  0 0   13.90   15.20 4 -2  0NH동       1212 1.0 8.0 9.0 7 712 0우수혈통거리난점48기 1 5 3     4 6 7⑦1:18.5½   2.014.040.314.4 -1  3  .00 7 8  0 3.37460798027 610 5102 2 1.0211.02     2.8  1.5    4.5    6.7    3.8  .020 2-4 1 2-4▼-2.138.40 -.28 -.8577.06  .10 1.74 3.81 1 4 8 1.02 3.09 4.2010
20250426토 1120011국611 6 1813 1강 1157맑음양호 9 3 9신천하트        오버애널파티레이 5132.00한암 3     9 4  69810:35 16500국6홍대유문종원   313 1 1 113 1 0 0 0  0박태종42555.063평무보12 35 35 6  .025.0 2.6 899 51438 51513 8 01914192421      ↘↗입14.638.140.113.711 137.340.6 79.0 77.5              14.60   14.00        LN동       12 0         5.0     0 0일반주행우수혈통 1기 1 7 4     4 4 6⑨1:19.03    3.313.941.715.2  1  8  .00 9 8  0 3.885509089 911 711110 1 4.0111.03     2.2 14.8    8.6   28.9    6.9  .016 2-4 1 3-4▼-2.137.90 -.48 -.6877.29  .12 1.05 2.58 1 3 712.6323.7854.26 6
20260906일 3170011국6 0 9  9 0 1강 1156           310서폭챗          컬러즈플비카서미 4733.00한수 3 0 0   1    011:55 16500국6임채덕조금제   2 01212 211 2 0 010  0오수철   56.060평추보50 60 605129.044.025.7 733 5 853 310 8 0 0 8 0112115      ↘↗입14.140.341.113.41657                   11 11  011   14.60   13.60 4  2  0LH동       1714-1.4 7.0 5.6494912 0일반주행작전마주27관 010                            14.6    13.6        .0                       9 2 2 8  2                                              .02026-1 4 2-1▽ -.341.10 -.24     114.0 5.8715.0625.72 2 611 7.4116.2625.12 7
20260809일 3170010국610 8 69 1 1강 1156흐림건조 2 310서폭챗          컬러즈플비카서미 4733.00한수 3 0 0 1 1   79      16500국6임채덕조금제   2 11111 111 1 0 0 9  0오수철44656.060평추상41 43 4330 5.033.013.5 733 5 853 310 8 0 0 8 0112115      ↘↗입14.140.441.113.4116140.441.0115.1114.4 13 13  013   14.60   13.60 3 -1  1NNUP       1714-1.2 6.8 5.6464612 3일반주행탐색우려50관 0 8 6 6 7 8 7 6⑥1:55.11¼  1.414.640.513.6 -1  0  .00 6 7 -4 1.87375486340 9 1 5 70 1 4.0810.09 1.9 5.9  7.0   35.8   71.2   79.6  .01611-2 1 1-2▽-1.040.80 -.0232.85114.1 2.15 6.2113.51 3 917 1.22 3.7510.48 7
20260718토 3140011국620 9 79 2 1강 1151흐림불량20 310서폭챗          컬러즈플비카서미 4733.00한수 3 0 0 2 1   38      16500국6임채덕조금제   2 21010 411 2 0 0 8  0권중석44655.065평추상54 61 614813.042.019.41341 6 853 310 8 0 0 8 0191818      ↘→선14.137.739.213.4 96938.038.5 89.9 89.1 14 29  029   14.40   13.20 3  0  0NH동       1412 -.2 5.0 4.8575712 0일반주행보통주행 5   0 911    1111 8⑦1:29.93    1.614.639.113.6 -4  1  .00 711  2 2.0518919503511 2 5 83 2 1.02 3.04 2.3 4.4  2.3    4.4    7.1   17.9  .01636 0 2 2 0― -.338.30 -.1412.2089.21 3.7710.6919.44 2 611 4.8210.8419.78 6
20260627토 3140011국650 7109 3혼전 4452맑음건조 4 310서폭챗          컬러즈플비카서미 4733.00한수 3 0 0 9 1   58      16500국6임채덕조금제   2 3 9 9 311 1 0 0 7  0권중석44555.065평추하26 46 463413.039.015.71341 6 853 310 8 0 0 8 0191818      ↘→선14.137.539.513.4195738.338.3 89.5 88.9 17 33  017   15.10   14.10 4  3 -2NH동       1412 -.4 4.6 4.2626212 0일반주행보통주행74기 0 910    1111 9⑦1:29.5머리 1.114.438.613.2 -2 -2  .00 7 9  5 1.24293134849 9 4 5 93 1 3.0611.03 3.610.3  5.5   20.9   40.0   30.1  .01633 0 2 2 0― -.838.40 -.1311.9189.28 3.92 8.9115.66 2 510 6.0611.6120.30 8
20260531일 3140011국610 9 19 4 2강 2257맑음양호 7 310서폭챗          컬러즈플비카서미 4733.00한수 3 0 0 9 1   48      16500국6임채덕조금제   2 4 8 8 211 8 0 0 6  0김철호44757.065평추보42 65 6539  .051.031.11046 4 853 310 81315 8 0142025      ↘↗추14.137.639.613.4185338.139.3 92.4 90.4 17 17  0 0   14.10   13.40 4 -1  0NN동       1412 -.4 5.4 5.0585812 0출주제외작전마주50관 0 611    111010⑨1:32.41¼  1.315.140.414.1  5 13  .05 9 4    1.38391437242 9 2 2 30 8 3.02 3.11 1.4 2.6  9.3   23.3   60.4  154.8  .02030-1 5 3-1▽  .038.60 -.6513.2089.41 7.4020.4731.0614294319.3535.7784.00 3
20260502토 3140010국640 9 49 5 1강 1151흐림건조 3 310서폭챗          컬러즈플비카서미 4733.00한수 3 0 0 1 1   78      16500국6임채덕조금제   2 5 7 7 111 7 0 0 6  0김철호43957.065평추보43 65 651110.036.012.91046 4 853 310 81315 8 0142025      ↘↗추14.137.639.813.51837                   17  0  0 0   14.60   13.90 4 -1  0NNUP       1412 -.4 5.4 5.0585812 1일반주행탐색우려24관 0 7                    경제    14.6    13.9     5  .07                      8 5 4 90 7 1.02 6.11 2.2 3.7  2.2    3.7    5.7    6.9  .016 8-3 2 1-3▼ -.939.80 -.30     89.55 2.93 6.9912.94 1 4 8 2.94 6.0612.2410
20260404토 2130011국631 9 39 6 1강 1153맑음양호 7 310서폭챗          컬러즈플비카서미 4733.00한수 3 0 0 1 1   83      16500국6임채덕조금제   2 6 6 6 311 6 0 0 5  0김철호43457.065평추보41 66 665648.054.050.91046 4 853 310 81315 8 0142025      ↘↗추14.137.839.213.4336938.439.4 85.1 83.4 20  0  0 0   14.20   13.60 4 -3  1NN동       1312 -.4 5.4 5.0585812 0일반주행작전마주36기 0 811    10 8 7④1:25.11¾   .714.640.113.9  0 -8  .00 4 4  0 1.55584557663 8 2 2 23 6 1.03 1.02 1.8 2.9  1.8    3.9    5.5    3.413.42034 0 5 3 0―  .439.40 -.70 6.3883.2917.4035.0650.8919395622.4533.9645.79 2
20260308일 2130010국621 6 79 7 1강 1154맑음다습14 310서폭챗          컬러즈플비카서미 4733.00한수 3 0 0 2 1   72      16500국6임채덕조금제   2 7 5 5 211 5 0 0 4  0김철호44256.565평추보56 50 5011 7.034.012.61046 4 853 310 81315 8 0142025      ↘↗추14.137.839.413.3325737.739.4 82.8 83.7 25  0  0 0   14.40   14.20 4  0  1LN동       1312 -.5 5.8 5.3565612 0일반주행거리속성45기 01110    1010 7④1:22.82½   .514.239.013.6  0 -5  .00 4 4 -2 2.16252555465 8 4 5 93 5 1.09 7.04 2.3 2.8  2.3   85.5  148.4   77.813.416 6-4 2 1-4▼-1.239.40  .23 6.4683.42 1.71 6.2712.57 2 613 1.52 5.4412.82 7
20260208일 2130011국631 7 89 8혼전 4451맑음건조 2 310서폭챗          컬러즈플비카서미 4733.00한수 3 0 0 2 1   61      16500국6임채덕조금제   2 8 4 4 111 4 0 0 3  0김철호44756.065평추보64 94 946150.058.030.01046 4 853 310 81315 8 0142025      ↘↗추14.138.139.013.2 98537.739.9 83.6 83.1 33  0  0 0   14.60   13.50 4  7 -1NHUP       1312 -.7 5.7 5.0666612 1일반주행작전마주70기 011 9     7 7 8⑥1:23.62½  2.014.439.714.2  0  7  .00 6 6  4 3.64753717126 8 2 2 60 4 1.07 1.03 1.9 4.0  1.9   12.6   16.1   53.710.52039 0 6 4 0―  .439.00 -.18 5.9783.35 8.1818.0929.98 51223 8.1620.0026.20 7
20260111일 1120011국631 9 89 9 1강 1149맑음양호 7 310서폭챗          컬러즈플비카서미 2525.00한수 3 0 0 2 1   73      16500국6임채덕조금제   2 9 3 3 311 3 0 0 2  0김철호44056.565기무적75 96 965958.051.056.81046 4 853 310 81315 8 0142025      ↘↗추14.137.938.513.1 68938.238.0 77.5 75.6  0 50  0 0   14.10   13.40 4 -4  1HN동       1212-1.5 7.5 6.0575712 0최빈거리작전마주37기 0 410     9 7 5③1:17.5목    .014.639.113.5  1 -5  .00 3 2 -5  .53289225584 9 2 1 23 3 5.09 3.01 2.4 4.2 20.3  256.4  489.1  280.6  .02037-2 5 2-2▽ -.137.50-1.03 -.8576.2821.1139.0156.7618375310.9826.6720.78 3
20251214일 11200 9국642 5 9910 1강 1156맑음불량20 310서폭챗          컬러즈플비카서미 2525.00한수 2 0 0 2 1   76      24750국6임채덕조금제   210 2 2 211 2 0 0 1  0김철호44556.065하무보21 31 3121 4.029.0 8.21046 4 853 310 81315 8 0142025      ↘↗추14.438.138.913.8 18037.737.9 74.8 75.4  0  0  0 0   14.40   14.10 3  6  0BH동       1212  .0 8.0 8.0393912 0최빈거리보통주행50기 0 8 8     7 6 6④1:14.81     .214.137.913.4 -3 -1  .00 4 7 -1 1.02473193372 8 4 4 80 2 6.04 7.06     5.4 13.4   25.1   65.3   18.7  .01310-2 1 1-2▽-1.637.30  .05-1.6176.62 1.13 2.60 8.22 2 510  .89 2.86 4.61 9
20251123일 1120012국640 7 9911 2강 2239맑음건조 3 310서폭챗          컬러즈플비카서미 2525.00한수 2     2 1   99      24750국6임채덕조금제   211 1 1 111 1 0 0 0  0김철호44656.065평무보49 35 35 7  .024.0 2.51046 4 853 310 81315 8 0142025      ↘↗추15.338.638.112.4 19938.438.5 77.8 77.0              15.30   12.70 4  0  0NL동       12 0         4.0     0 0일반주행탐색우려53기 0 2 8     910 8⑧1:17.8¾   1.414.439.414.1  0  3  .00 8 8  0 1.8769238724012 411120 1 2.0412.01 3.8 8.8  3.8   15.1   29.2   21.9  .016 1-4 1 1-4▼-2.037.30  .36  .3276.45  .11 1.65 2.53 0 1 3 8.5716.7934.32 4
20260906일 3170011국6 0 9  9 0 1강 1156           311누리으뜸        트리플나울트라매 6827.00한암 4 0 0   1    011:55 16500국6김동균허도행   2 01414 813 1 0 013  0유승완   54.069하무보50 55 554219.045.025.91861 81753 62010202319 8152722 099 0→↘입14.339.541.213.77115                    0  8 15 8   14.80   14.10 4 10  0VH동55.04801717 -.2 6.8 6.6414112 0최빈거리작전마주44관 011                            14.8    14.1        .0                       4 4 4 7  2                                              .02031 0 2 3 0― -.141.20  .12     113.6 7.2415.7925.88 3 917 7.4117.8926.51 5
20260809일 3170010국610 8 69 1 1강 1136흐림건조 2 311누리으뜸        트리플나울트라매 6827.00한암 4 0 0 1 1   79      16500국6김동균허도행   2 11313 713 1 0 012  0푸르칸48754.078하입하 7 36 364316.047.027.02457161753 62010251319 8142421 099 0↗→추14.339.541.213.7701540.241.8115.6114.9  0  8 17 8   15.10   14.1011 -1 -1UH동55.04801717 -.6 7.8 7.2393912 0일반주행작전마주22관 0 1 7 7 6 7 8 7⑦1:55.63    1.914.841.314.1  1 21  .00 7 6  1 2.38166697728 5 2 6 50 1 4.0810.09 1.9 5.9  7.0   35.8   71.2   79.6  .02057-1 4 5-1▽ -.141.80  .1034.15113.6 6.3815.2027.02 61728 4.8810.0018.34 5
20260523토 2170010국630 9 89 2 1강 1151흐림다습13 311누리으뜸        트리플나울트라매 6827.00한암 4 0 0 2 1  199      16500국6홍대유허도행   2 21212 613 3 0 011  0이혁  46655.078하입보11 12 126928.059.034.42257 719431215 931 01914282118 099 0↗↘선14.239.341.313.8801240.541.7115.7115.2  0  9 18 9   14.40   14.90 4 -8  0UN동55.04801712 -.8 8.4 7.6272717 0일반주행작전마주44기 0 2 8 8 8 7 7 7⑦1:55.71½   .615.141.514.1  2 -5  .00 7 5 -4 2.08577698164 1 2 7 60 3 1.08 9.05 1.7 3.2  1.7   74.9   88.1  114.9  .02067 0 6 5 0―  .742.10 -.0134.61113.5 9.7421.7934.36 61728 5.8315.5427.86 5
20260425토 4170011국630 9 89 3혼전 4451맑음건조 3 311누리으뜸        트리플나울트라매 6827.00한암 4 0 0 9 1   78      16500국6홍대유허도행   2 31111 513 2 0 010  0이혁  47155.078하추하24 25 254819.052.023.32257 719431215 931 01914282118 099 0↗↘선14.339.641.313.5652239.043.6116.0114.8  0  0 1020   14.50   14.80 4 -1  0LN동55.04801712 -.6 8.0 7.4282817 0숨은복병최적거리65기 110 5 5 6 5 5 8⑦1:56.04    2.614.443.914.9 -2  0  .00 7 9  5 3.18012938619 2 6 7 62 2 1.02 4.02 2.1 4.4  2.1    4.4    7.5   17.3  .01937 0 4 4 0―  .141.70  .0933.92113.7 5.8114.4923.28 51223 5.2613.6621.92 7
20260329일 3170011국651 9109 4 1강 1159맑음건조 3 311누리으뜸        트리플나울트라매 6827.00한암 4 0 0 9 1   71      16500국6홍대유허도행   2 41010 413 1 0 0 9  0이혁  47155.078하추상36 44 446866.066.055.42257 719431215 931 01914282118 099 0↗↘선14.239.941.213.3463739.442.6114.9113.9  0  0  011   14.20   13.80 4  5  0VN동55.04801712-1.4 8.2 6.8313117 0걸음늘어작전마주78기 011 6 6 5 4 4 6⑦1:54.9½   1.514.543.014.8  3 -9  .00 7 4 -6 2.26123847739 6 1 2 32 1 1.02 5.01 2.7 5.7  2.7    5.7    8.7    8.3  .02871 1 7 6 1△ 1.141.30 -.7532.79113.819.6438.6655.3813274120.6336.2353.18 2
20260228토 4170011국621 8 79 5 1강 1158맑음건조 3 311누리으뜸        트리플나울트라매 6827.00한암 4 0 0 9 1   91      16500국6홍대유허도행   2 5 9 9 313 1 0 0 8  0김용근48055.086하추상 5  7  7 7 5.032.0 8.427531419431215 936 01914312714      ↘↘선14.740.441.313.1174139.441.3113.8113.2  0  0  025   15.30   14.70 7  2  0NN동       1712 -.6 7.8 7.2232312 0탄력저조거리속성56관 0 6 3 3 3 3 3 3⑤1:53.8½    .514.241.313.8 -5 -6  .00 510 -1  .6402556406710 410102 1 1.06 7.04 1.7 2.7  1.7   15.4   19.2   83.9  .01210-4 1 4-4▼-1.440.70  .0231.51114.2 1.30 4.08 8.43 1 4 8 1.37 3.9010.08 9
20260110토 4170011국651 8109 6혼전 4451강풍양호 8 311누리으뜸        트리플나울트라매 6827.00한암 4 0 0 2 1  123      16500국6홍대유허도행   2 6 8 8 213 4 0 0 7  0김태희48655.061하추하 5  5  5 6 4.029.0 2.71248 619431215 910 01914152416      ↘→입14.740.341.013.0215740.742.3116.1115.0  0  0  029   14.70   16.40 6 -7  0HN동       1712 -.8 7.2 6.4232312 0일반주행거리속성26관 0 4111111111110⑩1:56.1¾   2.315.342.714.7 -1 -2  .001011  3 2.48485809120 9 311110 4 5.04 6.03 2.8 7.0  9.2   28.5   62.7   30.3  .016 2-4 1 2-4▼-1.941.00  .3433.65114.0  .12 1.06 2.74 0 2 4 1.16 3.47 8.0811
20251130일 3170011국650 9 59 7 2강 2253흐림다습10 311누리으뜸        트리플나울트라매 6827.00한암 3 0 0 9 1  11811:25 16500국6홍대유허도행   2 7 7 7 113 3 0 0 6  0김태희48855.061하추보12 12 1221 3.031.0 9.71248 619431215 910 01914152416      ↘→입15.040.740.913.0 46539.944.1117.7116.1  0  0  033   15.10   13.6015  4  0NNUP       1712-1.2 7.8 6.6282812 5일반주행휴양불리44기 011 6 6 6 3 3 6⑨1:57.76    4.514.745.016.4  1  7  .00 9 8  1 4.894529697 611 3 8 90 3 1.05 9.07     4.3  2.9   11.3   20.9   12.5  .016 8-2 1 1-2▽-1.540.80  .0234.51114.2  .85 3.91 9.66 2 510  .12 2.03 5.2510
20250816토 3120011국611 8 69 8 1강 1151맑음다습12 311누리으뜸        트리플나울트라매 68     한암 3 0 0 2 2  386      16500국6홍대유허도행   2 8 6 6 513 2 0 0 5  0김태희48155.060하추상51 49 4923 9.036.015.81260 31838 415 910 01914152416      ↗↘입15.038.438.212.8 18738.938.8 78.1 77.5  0  0  040   15.00   12.50 5 -2  0NN동       1312-1.0 8.0 7.0252512 0일반주행최적거리46기 0 711    1111 8⑥1:18.11¼  2.515.139.013.6 -1 11  .00 6 7  2 2.9849849871711 4 4 83 2 1.05 3.06 2.3 7.7  2.3    9.0   13.2   20.7  .01620-3 2 1-3▼ -.937.60  .04  .9076.39 3.82 8.7415.78 3 917 1.87 4.67 7.6310
20250712토 2120011국611 8 69 9 1강 1159맑음건조 5 311누리으뜸        트리플나울트라매 68     한암 3     2 3  473      16500국6홍대유허도행   2 9 5 5 413 1 0 0 0  0김태희47055.064하추상36 38 382215.037.021.0 733 318541015 910 01914152416      →↗입15.638.538.913.5 17639.436.7 77.6 75.6  0  0  025   14.80   13.10 6  5  0BN동       1312-1.0 8.8 7.8181812 0일반주행최적거리48기 0 910    1010 9④1:17.64     .915.037.812.5 -1 11  .00 4 5 -3 2.03199 1495410 3 3 53 1 1.0310.07 1.5 3.6  1.5    3.6    5.0    5.2  .01621-3 3 1-3▼ -.936.90 -.55-1.8076.84 5.1412.1020.98 61728 2.96 7.32 5.9710
20250531토 2120011국641 9 9910 1강 1159맑음건조 4 311누리으뜸        트리플나울트라매 68     한암 3 0 0 9 3  59211:25 16500국6홍대유허도행   210 4 4 313 3 0 0 3  0김옥성45955.060하무상 7  9  9 5 3.028.012.1 6 0 818541015 9 6 01914141618      ↘↗추15.638.639.713.7 11738.937.8 78.1 76.4  0  0  0 0   15.60   14.90 3 -1  0HNDN       1312-1.0 9.0 8.0161613-1최빈거리거리난점62기 3 411    111010⑦1:18.1½   2.016.738.913.9 -1  2  .00 7 8  0 2.3589816692710 5 5 83 3 3.02 2.06     5.8  4.1    5.8   14.2    7.1  .0 9 3-4 1 1-4▼-1.537.10 -.79-1.9377.34 1.35 5.5312.14 1 4 8  .12 1.79 2.4411
20250510토 21300 8국630 9 3911 2강 2259비  불량20 311누리으뜸        트리플나울트라매 6827.00한암 3 0 0 2 4  65511:25 16500국6홍대유허도행   211 3 3 113 2 0 0 2  0김옥성45755.060하무보10 11 11 0 3.027.0 4.513 0101438 515 9 6 01914141618      ↘↘추15.838.740.213.7 21939.540.1 85.1 84.8  0  0  0 0   15.80   14.40 4 -2  0NNUP       1312 -.5 9.5 9.0141412 1능력한계거리속성 1   0 5 8     8 7 6⑥1:25.17    2.215.640.414.9 -2 -5  .00 6 8 -3 3.28898759524 7 7 3 80 2 2.01 7.06     2.8  2.7    2.8    5.7    8.8  .012 1-4 1 3-4▼-1.938.80 -.56 5.9284.51  .12 1.95 4.49 2 613  .12 3.01 4.35 8
20250412토 1120011국640 9 9912혼전 4459비  건조 5 311누리으뜸        트리플나울트라매        한암 3     2 4  74013:25 16500국6홍대유허도행   212 2 2 213 1 0 0 0  0김옥성46255.061하무보 5  5  5 4 5.025.0 3.213 0101438 515 9 6 01914141618      ↘↘추16.239.039.713.7 11938.739.4 80.1 78.1  0  0  0 0   16.20   14.0019  1  2NB동       1212  .0 8.0 8.0 1 112 0최빈거리보통주행 1기 1 711    111111⑩1:20.11¾  1.815.840.514.4 -1 -7  .001011  3 1.9919669913111 9 8110 1 3.01 2.09     8.4  6.1    8.5   20.2   19.8  .013 4-4 1 3-4▼-2.037.20 -.76 -.6077.57  .10 2.32 3.18 0 2 4 1.35 4.17 4.6510
20241201일 11200 9국620 6 2913 1강 1155맑음포화17 311누리으뜸        트리플나울트라매        한암 2     1 6 111910:35 24750국6홍대유허도행   213 1 1 113 1 0 0 0  0유승완46953.080평무보   35 3540  .047.023.22144 915441315 913231914152722      ↗→입16.336.738.513.4    41.339.4 81.5 80.8              16.30   13.70        LN동       12 0                 0 0일반주행작전마주 1관 0 6 9     8 8 8⑧1:21.57    6.316.240.414.0  0  4  .00 8 8  0 6.599996999 4 1 1 1 60 1 1.04 8.05     1.9  2.0   13.8   15.6    5.5  .02059 0 5 4 0― -.140.30  .62 5.5675.61 5.6313.2223.17 6172811.1122.2233.33 6
20260906일 41800 8국5 0 8  9 0혼전 4457           4 1오피에스탑      카우보이덕수궁   5438.00한수 4 0 0   1    012:50 24750국5김동철(주)선우 0 010 4 3 9 1 1 0 9  0우인철   54.069우추하50 59 596926.044.025.72048 926571317 0 0 01614102723 0 099→↘입14.642.739.613.61373                   25 50  050   15.90   14.1013 -2  0UH동55.04531817-2.4 5.2 2.8707014 0탐색주행휴양탐색57기 0 1                            15.9    14.1        .0                       8 1 2 7  4                                              .03062 0 5 3 0― -.439.60 -.55     119.4 7.6014.3225.71 5122310.2020.5127.84 5
20260606토 5180011국531 8 39 1 1강 1152맑음양호 7 4 1오피에스탑      카우보이덕수궁   5438.00한수 4 0 0 1 2  247      24750국5신삼영(주)선우 0 1 9 3 2 9 1 1 0 8  0조재로47054.087우추보57 58 585129.041.020.72343 71167 0 8 0 0 011 3192622 0 099→↗입14.640.939.613.6137342.742.3123.9122.4 25 50  050   15.50   13.3010 -1  3HN동55.04531817-3.4 6.6 3.2696914 0부중유리휴양탐색26관 0 3111111101011⑪2:03.91¾  2.215.941.714.1  6 14  .0911 5  1 2.3959984982211 1 3 70 1 3.01 4.06 2.0 2.5  7.0    7.0   21.3   28.5  .03182-1 5 3-1▽ -.540.50  .0941.93118.7 5.1612.1620.70 51222 4.6511.7020.85 6
20260328토 6180011국540 9 99 2혼전 4451맑음건조 3 4 1오피에스탑      카우보이덕수궁   5438.00한수 4 0 0 9 1  200      24750국5최용구(주)선우 0 2 8 2 1 9 3 1 0 7  0우인철45651.069평추상54 64 645326.053.028.52048 91943142013 0 02010102723 0 099→↘입14.640.839.713.8156541.539.7120.4118.8 29 43  043   15.00   13.20 6  1 -1HUUP55.04531817-3.4 6.6 3.2696914 1부중유리거리속성50기 0 41010101010 6③2:00.45     .915.539.513.3 -1 -1  .00 3 4 -2 1.6409226615610 1 4 43 3 1.02 2.01 3.7 7.6  3.7    7.6   12.1   11.5  .03157 1 5 4 1―  .340.10 -.0738.29118.7 8.7719.3928.46 92033 6.8514.6322.90 4
20260214토 7170010국553 4109 3혼전 4451맑음건조 3 4 1오피에스탑      카우보이덕수궁   5732.00한수 4 0 0 2 1  109      24750국5최용구(주)선우 0 3 7 1 4 9 2 1 0 6  0우인철45751.570평추상70 76 767326.050.018.22048 91943142013 0 02010102723 0 099→↘입14.640.240.313.8267340.739.7111.9112.8 17 33  033   14.70   14.00 5 -3 -2HU동55.04531717-2.6 7.2 4.6565614 0부중유리보통주행80기 0 3 9 9 91010 9③1:51.9코    .015.039.213.2 -3  3  .00 3 6  1 1.2278514338011 2 6 83 2 1.10 9.01 4.1 7.9  4.1   93.5  140.2  180.8  .03154 0 5 4 0― -.140.80  .4132.30113.4 4.0710.2518.21 2 714 4.3110.0016.44 8
20260110토 4170011국651 8109 4혼전 4451강풍양호 8 4 1오피에스탑      카우보이덕수궁   5732.00한수 4 0 0 2 1  102      16500국6최용구(주)선우 0 4 6 6 3 9 1 0 0 5  0우인철45453.070평추하32 53 5364 8.041.014.32048 91943142013 0 02010102723 0 099→↘입14.640.340.513.7206939.940.4113.7112.6  0 20  040   14.80   15.90 5 -1 -4NU동57.04521717-2.0 8.0 6.0484814 0최빈거리보통주행 5관 1 6 6 6 6 7 7 5①1:53.7¾    .014.740.814.0 -4 -5  .00 1 5  2  .0225232298810 1 5 73 1 5.04 6.03 2.8 7.0  9.2   28.5   62.7   30.3  .01343 0 2 1 0― -.740.70  .3531.76113.6 2.47 6.6414.26 41118 3.49 6.9412.69 9
20251207일 3170011국651 9 59 5혼전 4451맑음다습10 4 1오피에스탑      카우보이덕수궁   5732.00한수 3 0 0 1 1   9611:25 16500국6최용구(주)선우 0 5 5 5 2 9 5 0 0 4  0조한별45957.062평추상75 79 798750.066.048.6142110194314201320 02010122018 0 099→↘입14.240.540.412.7 88940.041.4116.6114.2  0 50  050   15.60   13.00 6 -2  0LU동57.04521712-2.8 9.3 6.5464617 0걸음늘어최적거리82기 0 7 6 6 6 6 6 4④1:56.61¼   .914.842.315.9  1  7  .00 4 3 -5 3.4685562655710 1 4 42 5 1.09 3.05     3.4  2.1   39.9   49.6   36.6  .03978 3 7 6 3△ 1.340.70 -.5033.30113.717.1733.4448.6010233611.2726.3237.35 4
20251026일 4170011국611 9 69 6혼전 4459흐림양호 6 4 1오피에스탑      카우보이덕수궁   5732.00한수 3 0 0 9 1  184      16500국6최용구(주)선우 0 6 4 4 1 9 4 0 0 3  0조한별45257.062하추상58 55 555335.062.044.2142110194314201320 02010122018      →↘입14.240.540.512.7 78341.138.5114.6112.5  0 33  033   14.80   12.70 5  6  0BHUP       1712-2.0 9.7 7.7383814 3일반주행거리속성57관 0 91111111010 7③1:54.62     .415.639.313.0 -5 -6  .00 3 8 -3  .71793 2137211 1 1 23 4 1.06 3.06 2.0 8.1  2.0   16.0   22.1  136.0  .02551 1 6 6 1―  .940.40 -.4431.45113.815.2530.7944.1510233610.5322.5631.58 4
20250920토 3140011국621 9 79 7 1강 1158맑음포화18 4 1오피에스탑      카우보이덕수궁   5732.00한수 3 0 0 2 2  282      16500국6최용구(주)선우 0 7 3 3 1 9 3 0 0 2  0조한별45857.058하무보23 21 21 3 3.027.0 8.9 950 41856 4201320 02010122018      ↗→입14.237.740.213.3 91938.238.0 89.1 88.4  0  0  0 0   14.20   13.90 7 -1  0NHUP       1412  .0 9.0 9.0323212 1가는대로거리부담 5관 0 310    1110 8⑤1:29.1목   1.014.838.112.7 -6  5  .00 511  2 1.12693 8385310 6 6 93 3 3.02 9.01 2.5 3.5  6.7    9.6   27.4   15.3  .013 1-4 1 1-4▼-1.638.10 -.5010.4789.89 1.38 2.97 8.86 1 3 7  .12 2.61 6.14 9
20250803일 3130011국641 8 99 8 3강 3351흐림건조 3 4 1오피에스탑      카우보이덕수궁   5732.00한수 3 0 0 1 2  40011:35 16500국6최용구(주)선우 0 8 2 2 1 9 2 0 0 1  0조한별45357.058하무보29 44 44 4 5.029.0 7.9 950 41856 4201320 02010122018      ↗→입14.238.239.813.3 54138.039.6 85.0 84.0  0  0  0 0   14.20   13.60 5  3  0NHUP       1312-1.0 9.0 8.0454512 1우수혈통거리속성40기 0 4 6     71010⑩1:25.0½   2.214.240.113.9  1 -5  .0010 9  0 2.6736863722110 7 5 80 2 2.04 8.11     6.0  3.0    6.4   11.9   26.811.220 8-3 1 1-3▼-1.539.10 -.12 5.9583.93  .62 2.99 7.93 2 4 8  .96 2.99 6.63 9
20250629일 1120011국640 9 99 9 2강 2259흐림양호 9 4 1오피에스탑      카우보이덕수궁   6325.00한수 3     9 3  50510:35 16500국6최용구(주)선우 0 9 1 1 1 9 1 0 0 0  0조한별45857.065평무보27 25 2522  .026.0 3.51150 6254411201320 02010122018      →↗입14.437.639.913.244 138.338.9 78.1 76.6              14.40   13.50        NN동       12 0         7.0     0 0일반주행우수혈통40기 0 1 9     8 8 9⑧1:18.1½   1.214.240.013.6 -1  7  .00 8 9  0 2.96692548047 8 611110 1 4.03 2.04     4.4  6.5   15.1   30.6    9.4  .016 5-4 1 1-4▼-2.038.10 -.09 -.8976.90  .20 2.50 3.45 0 2 411.4321.6751.47 4
20260906일 41800 8국5 0 8  8 0혼전 4457           4 2마천월드        테스타마노벨신화 4942.00한암 4 0 0   1    012:50 24750국5서범석마용숙   0 014 7 213 1 0 212  0다실바   52.578평입보50 43 434516.044.025.8 7 0 51448 520 0 0 01916203013 099 0↗↗입14.138.740.313.41648                   18 27  027   14.80   12.80 3 -3  0UHUP53.34711812 -.2 8.4 8.2353514 6일반주행거리속성31관 0 2                            14.8    12.8        .0                       1 3 8 6  1                                              .01656 0 3 2 0― -.540.30  .42     118.1 7.0415.9825.75 41118 8.1613.6821.65 8
20260815토 5120010국544 5 98 1혼전 4451흐림건조 3 4 2마천월드        테스타마노벨신화 4126.00한암 4 0 0 2 1   67      24750국5서범석마용숙   0 113 6 613 1 0 211  0김정준47652.574평입상59 59 593722.044.028.91538101448 520 017 01916142126 099 0↗↗추14.137.738.313.4297638.737.9 76.5 76.5 20 30  020   13.90   13.50 8 -6  1NNDN53.34711814 -.6 7.4 6.8474714-2일반주행급신장세46관 0 510     91010⑨1:16.51½  2.014.837.812.8  2  3  .00 9 7 -3 2.1659719682410 1 3 60 2 2.01 8.07 3.1 5.7  3.7    5.7   10.6    9.9  .01645 0 3 2 0― -.438.00  .00  .4976.06 9.7916.9728.89 51223 9.0916.6727.80 5
20260621일 5140010국531 6 88 2혼전 4451맑음포화17 4 2마천월드        테스타마노벨신화 5734.00한암 4 0 0 2 1  126      24750국5서범석마용숙   0 212 5 613 1 0 210  0김태희47351.561평입하 7 10 10 5 5.029.0 6.21248 61448 520 0 0 01916152416 099 0↘→입14.137.638.913.3166936.939.2 87.9 88.6 22 22  022   14.10   15.30 5  1 -2BH동55.04691812  .0 6.2 6.2494912 0발길대로조교부실 5관 011 6     5 6 9⑨1:27.9머리  .613.938.613.5 -1 11  .00 910  0  .6323740296211 311112 1 7.09 3.06 2.5 3.9 26.5  428.6  886.9 1549.7  .0 6 2-4 1 1-4▼-1.638.20  .4412.0988.93  .90 1.98 6.18 0 2 4 1.06 3.02 7.8711
20260517일 3140011국521 8 78 3혼전 4451맑음건조 3 4 2마천월드        테스타마노벨신화 5734.00한암 4 0 0 2 1   88      24750국5서범석마용숙   0 311 4 513 1 0 2 9  0루이스46253.069평입하31 30 3027 7.037.014.62144101448 520 017 01916202715 099 0↗↘입14.137.638.813.3117637.242.0 92.9 91.8 25 25  025   15.10   13.70 6 -1  1LN동55.04691812 -.8 5.8 5.0585814 0숨은복병조교부실28관 010 6     7 911⑪1:32.99    4.214.142.515.3  1 -3  .001110  7 4.895529595 711 1 9110 2 1.02 1.09 1.8 4.1  1.8    4.1    6.2    9.9  .01925 0 2 1 0― -.638.90  .2715.4388.86 2.80 7.7414.55 1 3 7 1.45 5.0011.5411
20260404토 4140011국512 9 18 4혼전 4454맑음양호 7 4 2마천월드        테스타마노벨신화 5734.00한암 4 0 0 1 1  121      24750국5서범석노환영   0 410 3 413 1 0 2 8  0빅투아46552.591평입하42 48 484232.048.025.73155131448 52022 7 01916222817 099 0→↘선14.137.538.913.3196938.538.8 91.5 89.6 25 25  025   14.80   12.90 5  9  0VHDN55.04691812-1.2 5.2 4.0666614-4일반주행보통주행38기 01111    10 9 9⑨1:31.51¼  2.515.139.313.7  6 -5  .05 9 3 -8 2.7689729742010 2 3 60 1 1.04 3.07 1.3 2.2  1.3    7.5    7.7    8.0  .01865 0 5 4 0―  .138.60 -.0213.1888.86 7.6817.0725.65 51222 6.1518.8426.67 3
20260301일 5180011국550 5108 5혼전 4455맑음건조 3 4 2마천월드        테스타마노벨신화 4942.00한암 4 0 0 1 1  100      24750국5서범석노환영   0 5 9 2 113 1 0 2 7  0김정준47052.573평입하40 40 40 711.037.0 9.61538101448 5202217 01916142126 099 0↗↗추13.940.540.413.4285341.239.7121.2119.6 29 29  014   14.40   14.00 5 -5  2UNUP55.04691812-1.2 5.2 4.0666614 4일반주행거리속성70기 0 2 5 5 5 6 6 7⑦2:01.2½   1.114.839.012.9 -4  6  .00 711  7 1.56585265446 8 7 9102 110.01 9.05 3.3 6.3 26.3   47.6  163.4  120.9  .01622-3 3 2-3▽-1.140.50  .2238.74118.9 1.88 4.44 9.57 1 4 8 2.70 7.0613.09 9
20260125일 4140011국521 9 28 6 1강 1151맑음건조 3 4 2마천월드        테스타마노벨신화 5734.00한암 4 0 0 2 1   70      24750국5서범석노환영   0 6 8 1 313 1 0 2 6  0권중석46451.065기입보89 90 903757.044.019.31341 61448 52022 0 01916191818 099 0↘→선13.937.239.213.2316537.639.3 90.3 89.0 33 33  017   13.90   13.20 5 -3 -4NU동55.04691412-1.4 6.0 4.6636314 0일반주행기복전력 5관 0 7 9     9 8 6⑤1:30.34    1.414.439.814.0  1 -5  .00 5 4  2 2.65176456042 7 2 3 73 1 2.03 3.01 1.4 1.9  3.8   11.0   18.2  117.9  .01632-1 5 3-1▽ -.438.70  .1612.5988.86 4.5810.0119.28 61426 7.6921.7234.62 4
20251220토 3140011국610 9 18 7 1강 1157흐림포화16 4 2마천월드        테스타마노벨신화 5734.00한암 3 0 0 2 1  10511:25 16500국6서범석노환영   0 7 7 7 213 1 0 1 5  0루이스46955.069평무하58 71 714633.046.031.82144101448 5202217 01916202715      ↗↘입13.837.439.413.3224836.638.2 87.3 87.0 20 20  0 0   14.50   13.60 5  4  0UH동       1412-1.2 7.4 6.2484814 0일반주행보통주행46기 010 5     4 2 2②1:27.32½   .013.938.213.2  0 -1  .00 2 2 -2  .4 32711 392 3 3 2 32 1 1.02 1.10     2.3  1.2    2.3    2.6   36.3  .01631-3 5 1-3▼ -.438.10 -.4210.2489.14 8.4117.8431.81122540 3.2818.0325.30 4
20251116일 3140011국650 9108 8 1강 1139맑음건조 3 4 2마천월드        테스타마노벨신화 5734.00한암 3 0 0 2 1  119      16500국6서범석노환영   0 8 6 6 113 1 0 1 4  0조상범47055.057평입상58 53 533326.045.023.8 926 51448 52022 4 01916132116      ↗→입13.837.339.413.3245337.439.0 90.5 88.9 25 25  025   14.10   13.00 3  1  0NHUP       1412-2.0 8.3 6.3424212 2일반주행거리부담72기 0 6 8     7 7 7⑥1:30.5코    .414.539.613.6  2  9  .00 6 4 -4 1.14565374670 5 2 1 50 1 5.02 5.04 2.2 6.8  9.1   22.7   49.3   15.7  .01623-1 5 4-1▽ -.438.60 -.1512.1989.07 6.1412.8323.75 61426 9.4320.3430.46 4
20251026일 2120010국640 3 48 9혼전 4451흐림건조 5 4 2마천월드        테스타마노벨신화 4126.00한암 3 0 0 9 1  186      16500국6서범석노환영   0 9 5 5 513 4 0 1 3  0박태종46155.087평입상64 87 874240.051.019.12550 01448 5202217 01916192421      ↘→입13.837.539.113.7284137.937.8 75.9 75.7 33 33  0 0   14.00   13.80 3 -4  0NH동       1212-1.7 8.3 6.7404012 0일반주행탄력호전27관 0 5 8     8 8 7⑤1:15.93    1.014.138.513.0 -3 -7  .00 5 8  0 1.33581153647 8 7 3 73 4 1.06 2.10 2.1 3.8  2.1   26.6   36.1   95.2  .01623-3 5 2-3▽ -.238.00 -.05 -.8776.39 4.1811.1819.11 3 916 6.8414.6616.96 8
20251003금 3120011국640 9 4810 1강 1159흐림다습11 4 2마천월드        테스타마노벨신화 4126.00한암 3 0 0 1 2  24014:30 16500국6서범석노환영   010 4 4 413 3 0 0 2  0박태종46855.079하무보27 20 20 7 5.032.014.727 024278815202217 01916192421      →↘입14.438.039.213.2 44136.739.0 76.7 75.5  0  0  0 0   14.40   14.30 5  4  0BH동       1212  .5 8.5 9.0171712 0최빈거리조교부실34관 0 9 6     4 4 3②1:16.78     .014.039.413.8 -6 -3  .00 2 8  0 1.4262057369010 8 4 72 3 3.08 6.09     3.8  4.8   81.4  127.0   51.6  .0 9 6-4 1 1-4▼-1.437.40 -.27-1.7476.73 3.33 8.0314.72 41120 1.03 3.19 4.1710
20250830토 4120011국640 7 4811 1강 1156맑음불량20 4 2마천월드        테스타마노벨신화 4126.00한암 3 0 0 9 2  34415:45 16500국6서범석노환영   011 3 3 313 2 0 0 1  0박태종47155.079하무보17 12 1214 7.029.0 6.227 024278815202217 01916192421      →↘입15.538.538.913.2 16137.639.2 76.4 76.6  0  0  0 0   15.50   13.50 4  2  0NH동       1212 1.0 9.010.0 8 812 0최빈거리부진마필51관 1 510     7 8 8⑧1:16.4½   1.814.439.514.3  0 -1  .00 8 8 -1 2.0666865722810 3 7100 2 2.01 9.01     3.6  3.9    3.6    7.9    4.0  .0 9 2-4 1 1-4▼-1.837.20 -.12 -.7976.84  .35 1.75 6.18 1 4 8  .98 4.00 5.47 9
20250803일 2120011국613 8 6812혼전 4441흐림건조 3 4 2마천월드        테스타마노벨신화 4126.00한암 3     1 3  40111:05 16500국6서범석노환영   012 2 2 213 1 0 0 0  0박태종47255.061평무보 5 35 35 4  .027.0 3.4 550 31114 7202217 01916192421      ↗→입15.138.539.712.9 1 139.138.7 79.2 77.2              15.10   13.20 6 -3  0NL동       12 0         7.0     0 0출주제외보통주행35기 0 311    111111⑩1:19.22    3.215.539.813.5  1-11  .0010 9    3.3799847881011 711 90 1 7.04 6.09     7.3 15.0   40.2   37.6   56.2  .018 7-4 1 1-4▼-1.937.40 -.48-1.0077.29  .11 1.43 3.42 1 4 811.7621.3645.02 3
20250621토 2120011국650 8 5813 1강 1159흐림포화19 4 2마천월드        테스타마노벨신화 4126.00한암 3     2 3  53311:30 16500국6서범석노환영   013 1 1 113 1 0 0 0  0씨씨웡  055.091평무보 5 35 35 7  .033.010.42845 61114 7202230 01916212522      →↘선15.138.539.712.9 1 1                                15.10   13.20        LN동       12 0         7.0     0 0일반주행보통주행47기 0 6                    경제    15.1    13.2     0  .07      0              11 611 90 1 4.03 7.02     4.2  9.4   22.9   62.6   16.1  .01610-4 1 5-4▼-1.439.70 -.68     77.29 2.13 5.4110.41 5122214.2924.7262.26 3
20260906일 41800 8국5 0 8  9 0혼전 4457           4 3벌교알라딘      ENTICED 핀치페니        한거 3 0 0   1    012:50 24750국5서홍수유성훈   1 011 3 210 2 1 210  0이동하   55.591평입보50 64 645168.066.062.33253131850 72524334026162524193367 0↗↘선14.239.940.713.86922                   33 33 2211   14.30   14.00 4 -5  2HN동55.84631817 -.2 3.0 2.8747418 0승부최상연대우수55기 0 3                            14.3    14.0        .0                       5 6 1 1  4                                            12.73771 2 8 8 2▲ 1.240.70 -.87     118.826.9746.4862.3432516428.5746.1564.95 1
20260808토 5180011국550 9 59 1 1강 1159맑음건조 2 4 3벌교알라딘      ENTICED 핀치페니        한거 3 0 0 1 1   87      24750국5서홍수유성훈   1 110 2 110 1 1 1 9  0이동하46353.591평추보44 55 557272.068.062.73253131850 72524334026162524193367 0↗↘선14.239.940.613.7692739.940.9119.5118.4 25 25 2513   14.30   13.80 6 -2  0NUUP55.84631817 -.6 4.6 4.0646417 1일반주행승부최상39기 0 8 4 4 5 5 4 3②1:59.58     .014.341.014.0  1 -3  .00 2 1 -4 1.32637614992 1 5 2 12 310.01 4.08 2.6 4.3 30.5   68.1  221.6   66.5  .04595 3 9 8 3▲ 1.641.00 -.8637.90118.731.4751.8762.6838587126.2345.9361.09 1
20260627토 5170010국542 6 99 2혼전 4451맑음건조 4 4 3벌교알라딘      ENTICED 핀치페니        한거 3 0 0 9 1   96      24750국5서홍수유성훈   1 2 9 1 410 1 1 1 8  0빅투아46653.591평추보38 61 616425.045.019.73155131850 72524192726162228175050 0→↘선14.139.341.313.7783039.641.1112.2113.1 29 14 29 0   14.50   14.40 4  7 -4VU동57.04621717 -.2 4.4 4.2616117 0연대우수최적거리53기 110 5 5 5 4 4 3④1:52.2코    .414.340.213.8 -1  4  .00 4 5  4  .83333503969 3 7 4 72 1 3.01 1.07 2.0 4.7  5.5    5.0   13.5   45.1  .03355 0 4 3 0― -.241.70  .3232.48113.5 4.9212.3319.70 3 818 7.5017.5423.55 7
20260530토 3170011국611 9 19 3 1강 1153맑음양호 7 4 3벌교알라딘      ENTICED 핀치페니        한거 3 0 0 9 1   58      16500국6서홍수유성훈   1 3 8 8 310 2 0 1 7  0이동하46257.091평추보63 88 888393.073.090.33253131850 725243340261625241999 0 0↗↘선14.139.441.313.6733339.241.2115.9113.5 17 17 1717   14.20   14.00 5  1  0VN동57.04621714 -.4 5.2 4.8555517 0일반주행연대우수76기 2 3 2 2 2 3 2 1①1:55.9목    .014.542.114.4  0  0  .00 1 1 -1  .04516522792 4 2 1 12 2 1.03 3.09 1.5 3.4  1.5    6.7    8.3   18.9  .04385 3 9 8 3▲ 2.041.70-1.3432.80113.648.2676.8390.2738617252.5687.8495.69 1
20260425토 4170011국630 9 89 4혼전 4451맑음건조 3 4 3벌교알라딘      ENTICED 핀치페니        한거 3 0 0 9 1   98      16500국6서홍수유성훈   1 4 7 7 210 1 0 0 6  0이동하46257.091하추상19 37 374846.069.051.23253131850 7252433402616252419      ↗↘선13.840.241.013.6234838.341.9113.4112.3  0  0  020   14.60   13.20 2 -9  3HN동       1714-1.2 6.8 5.6454512 0일반주행거리속성36기 0 2 2 2 1 1 1 1②1:53.42½   .014.241.914.0  0 -1  .00 2 2 -4  .513 1712691 8 4 6 21 1 1.02 4.02 2.1 4.4  2.1    4.4    7.5   17.3  .03775 3 6 8 3▲ 1.540.70 -.7131.14113.919.8338.7551.2118375311.8424.8432.31 4
20260412일 4170011국651 6 59 5 1강 1155맑음다습12 4 3벌교알라딘      ENTICED 핀치페니        한거 3 0 0 2 1   28      16500국6서홍수유성훈   1 5 6 6 110 2 0 0 5  0권중석46354.065평추하24 35 351414.044.027.21341 61850 7252410 02616191818      ↘→선13.840.141.413.6273340.539.5115.3114.4  0 25  0 0   13.90   14.10 4  3  1NNUP       1714-1.3 7.0 5.8444414 3숨은복병거리속성49기 011 8 8 91010 6⑤1:55.3¾   1.114.639.413.2 -1 -5  .00 5 6  3 1.37477101948 8 3 5 53 2 2.05 5.03 3.2 4.4  3.2   11.1   15.9   34.8  .01921 0 4 4 0― -.241.10 -.3232.91114.1 6.8317.0727.17 61728 2.9911.5121.52 5
20260315일 2140011국650 8109 6혼전 4456흐림양호 6 4 3벌교알라딘      ENTICED 핀치페니        한거 3 0 0 2 1   72      16500국6서홍수유성훈   1 6 5 5 310 1 0 0 4  0권중석46853.565평추하33 39 393116.045.024.61341 61850 7252410 02616191818      ↘→선13.837.539.613.6133037.439.9 91.3 89.7  0 25  0 0   13.80   13.90 6 -3 -3NHUP       1414-1.3 6.3 5.0484814 1최빈거리최적거리69기 1 8 6     8 8 9⑩1:31.3½   1.513.940.514.1  7 -1  .0910 3 -6 1.7706565723710 2 5 60 1 8.01 6.04 3.1 8.7 22.6   22.6   72.7   54.1  .01850 0 3 4 0― -.138.60 -.4212.5889.34 6.5314.8624.57 2 613 6.6712.4013.86 9
20260201일 2130011국631 5 89 7혼전 4451맑음건조 2 4 3벌교알라딘      ENTICED 핀치페니        한수 3 0 0 1 1  103      16500국6서홍수유성훈   1 7 4 4 110 4 0 0 3  0김아현46956.558기추하17 44 442210.034.010.0 967 01850 72524 0 02616152013      →→입13.837.939.213.6175337.640.3 82.9 83.6  0 33  0 0   14.10   14.20 3  1  0NNDN       1414-1.3 6.3 5.0484814-1일반주행기복전력 5   011 8     8 6 7⑧1:22.91½  1.613.839.713.9 -1 -6  .00 8 9  5 2.4625178773211 4 8 90 4 2.01 4.01 1.7 3.5  4.7    3.5    9.8    4.6  .016 7-3 2 1-3▼-1.339.30  .37 6.4583.35 1.05 4.1810.02 1 4 8 2.94 5.7410.5410
20260110토 3140011국641 9 99 8혼전 4451강풍양호 8 4 3벌교알라딘      ENTICED 핀치페니        한수 3 0 0 2 1   6111:25 16500국6서홍수유성훈   1 8 3 3 210 3 0 0 2  0김아현47556.558평추보70 75 755649.057.032.9 967 01850 72524 0 02616152013      →→입13.837.539.013.3116937.540.3 92.0 90.0  0 50  0 0   13.80   13.50 6 -1  1LN동       1412-2.5 7.5 5.0454514 0편성만만작전마주76기 110 5     910 9⑤1:32.04     .914.141.114.2  1  1  .00 5 4 -1 1.98075758455 7 1 3 53 3 1.10 1.07     6.0  2.7  108.5  132.3  291.8  .02953 0 6 3 0―  .438.60 -.2713.5088.93 9.8020.9132.93 8172911.8626.6735.71 4
20251129토 3140011국620 8 29 9 2강 2259맑음다습10 4 3벌교알라딘      ENTICED 핀치페니        한수 2 0 0 9 1  12911:25 16500국6서홍수유성훈   1 9 2 2 110 2 0 0 1  0김아현47456.058하무상35 32 322610.037.019.5 967 01850 72524 0 02616152013      →→입14.137.839.112.8 18337.239.0 89.5 88.4  0  0  0 0   14.10   13.10 3  8  0NHUP       1412-4.010.0 6.0333312 2일반주행거리부담48기 011 3     8 8 6④1:29.51¾   .813.839.513.5 -1 -2  .00 4 5 -5 2.43156394058 9 2 3 53 2 1.02 5.02     2.1  1.4    2.1    2.6    4.3  .01615-2 3 2-2▽ -.938.00 -.1711.5289.21 4.4210.9419.54 51324 3.41 7.6413.64 7
20251109일 1120012국620 8 7910 1강 1155맑음건조 3 4 3벌교알라딘      ENTICED 핀치페니        한수 2     2 1  143      24750국6서홍수유성훈   110 1 1 110 1 0 0 0  0김아현47656.059평무보49 35 3524  .026.0 6.4 967 01850 72524 0 02616152013      →→입14.437.939.312.7262738.538.0 78.0 76.5              14.40   13.00 4  0  0NL동       12 0         3.0     0 0일반주행보통주행50기 0 3 5     8 8 8⑥1:18.01¾  1.614.139.113.1 -4 -7  .00 610  0 2.06394226434 8 710100 1 1.03 6.09 2.0 2.6  2.0   10.9   15.8    6.8  .016 8-4 2 1-4▼-1.937.80 -.01 -.6976.73  .28 3.26 6.44 2 510 9.6018.9729.19 3
20260906일 41800 8국5 0 8  6 0혼전 4457           4 4슈퍼엑톤        엑톤파크슈퍼플러  966.00한거 9 0 0   1    012:50 24750국5강환민(주)메타 1 016111568 1 3 473  0푸르칸   56.579평입상50 51 51 425.056.041.7245716195411221818332019142421 75029↗→추14.440.640.513.51827                   16 24  634   15.30   13.90 4 -7  2HB동54.54501818-3.2 8.8 5.6494913 0최빈거리최근최상29관 0 4                            15.3    13.9        .0                       6 5 6 3  6                                              .02554 1 5 7 1―  .540.50 -.56     119.013.1626.8641.6810233612.2425.6435.57 4
20260808토 5180011국550 9 56 1 1강 1139맑음건조 2 4 4슈퍼엑톤        엑톤파크슈퍼플러  966.00한거 9 0 0 1 1   87      24750국5강환민(주)메타 1 115101468 3 3 472  0우인철45154.569평입상25 30 303515.056.034.52048 9195411221818 02019102723 75029→↘입14.440.740.313.5153740.640.5120.1119.0 16 24  635   14.90   13.90 5  5  0VN동54.54501818-2.8 8.6 5.8454513 0최빈거리탄력호조43기 0111111 8 910 8④2:00.13     .615.340.613.9 -5 -2  .00 4 9  2 1.9436551586610 4 6 33 310.01 4.08 2.6 4.3 30.5   68.1  221.6   66.5  .03057 0 5 6 0―  .640.30 -.3538.00118.911.2222.5334.47142943 6.5613.3321.72 6
20260705일 41800 9국550 9 56 2 2강 2259흐림건조 4 4 4슈퍼엑톤        엑톤파크슈퍼플러  966.00한거 9 0 0 1 1   67      24750국5강환민(주)메타 1 214 91368 2 3 471  0우인철45354.569평입상16 19 191410.050.036.62048 9195411221818 02019102723 75029→↘입14.440.740.213.5134140.641.0120.4119.4 19 25  435   15.60   13.70 3  1 -1NNUP54.54501817-2.4 9.2 6.8414113 1일반주행거리속성77기 0 6 9 9 9 9 9 6④2:00.4머리  .814.940.613.9 -3 -5  .00 4 7 -2 2.05467627158 8 3 8 33 2 2.01 4.03 3.0 5.0  3.7    5.0   12.3    4.3  .02341 1 3 5 1―  .340.30 -.3938.50118.911.7625.2236.61 82033 4.23 8.5716.22 8
20260613토 4170011국552 7106 3혼전 4441맑음건조 3 4 4슈퍼엑톤        엑톤파크슈퍼플러 3448.00한거 9 0 0 2 1   57      24750국5강환민(주)메타 1 313 8 768 1 3 470  0우인철45855.070평입상21 31 311416.051.020.92048 9195411221818 02019102723 75029→↘입14.440.040.813.5334841.141.1113.7114.2 17 23  636   14.50   13.50 4 -1  3NNUP54.54501818-2.2 9.0 6.8393913 1숨은탄력거리속성31관 0 5 9 9 9111010⑦1:53.71½  1.115.640.313.7 -2  2  .00 7 9 -1 2.0649152794810 510 73 1 1.03 8.03 2.9 7.3  2.9    8.9   14.6    8.2  .02148 0 4 6 0―  .141.20  .1933.39113.6 5.1712.5720.88 41118 4.44 8.0813.3811
20260517일 6160010국432 9 86 4 3강 3351맑음건조 3 4 4슈퍼엑톤        엑톤파크슈퍼플러 3448.00한거 9 0 0 2 1   65      33000국4강환민(주)메타 1 412 7 568 1 3 469  0송재철45652.578평입상27 19 1914 6.039.012.91746 7195411221811 02019192520 75029↘↗입14.437.139.113.5224836.839.3104.1104.0 15 24  737   15.00   14.10 3 -5  0NHDN54.54501818-1.6 8.2 6.6363613-2일반주행조교부실41관 0 6 9   9 9 9 7⑥1:44.1목    .914.539.913.5 -4  1  .00 610  1 2.3756740475910 4 8103 1 1.06 3.09 2.2 3.4  2.2   11.0   15.2   14.4  .01619-2 2 4-2▽ -.939.10  .4327.75103.2 3.20 7.1512.93 1 4 8  .83 3.36 7.8910
20260425토10180010국422 6 26 5혼전 4451맑음건조 3 4 4슈퍼엑톤        엑톤파크슈퍼플러  966.00한거 9 0 0 9 1   52      33000국4강환민(주)메타 1 511 61268 2 3 468  0유승완45552.568평입상19 15 15 4 6.035.014.51861 8195411221811 02019152722 75029→↘입14.440.240.613.5442241.041.6119.9119.6 13 27  436   14.80   13.10 5  9  0BH동54.54501817-2.2 8.6 6.4363613 0일반주행거리속성77관 011 9 9 9 8 8 8⑦1:59.9½   1.915.041.114.1 -2 -2  .00 7 9  1 2.46681758728 7 811 80 3 1.07 4.09 1.7 2.1  1.7   12.1   17.1  227.5  .01614-1 2 1-1▽ -.940.80  .1438.84118.9 3.97 8.4114.52 2 613 1.09 4.21 9.3110
20260322일 31800 9국441 6 96 6 1강 1157맑음건조 5 4 4슈퍼엑톤        엑톤파크슈퍼플러  966.00한거 9 0 0 2 1   92      33000국4강환민(주)메타 1 610 51168 1 3 467  0유승완45752.568평입보 8 10 10 4 3.035.019.21861 8195411221811 02019152722 75029→↘입14.440.140.713.4491941.039.7119.8119.4 16 30  236   14.30   14.10 5 -7 -1HHUP54.54501817-2.2 8.4 6.2343413 2일반주행거리속성32관 0 2 6 7 7 7 7 6⑤1:59.84    1.314.839.413.1 -3  2  .00 5 8 -2 1.35878274743 5 6 7 60 2 4.02 6.09 3.1 4.3  4.8   10.3   24.1   14.7  .01622-1 1 2-1▽ -.840.90  .0438.57118.9 4.4310.4519.16 3 917  .12 2.76 8.37 8
20260214토 8160010국441 9 96 7혼전 4451맑음건조 3 4 4슈퍼엑톤        엑톤파크슈퍼플러 3448.00한거 9 0 0 2 1   87      33000국4강환민(주)메타 1 7 9 4 468 1 3 466  0푸르칸45553.078평입보25 23 231418.046.021.8245716195411221818332019142421 75029↗→추14.436.539.113.5554836.840.2104.6104.4 19 23  535   15.00   14.90 5  0  0LHDN54.54501817-3.0 7.8 4.8434313-2일반주행작전마주56관 0 9 7   7 8 8 9⑨1:44.61    1.414.340.414.1 -1  6  .00 910  2 1.48266637143 6 310 90 5 1.05 1.08 3.2 5.6  3.2   18.7   30.2   26.1  .02026 0 4 5 0― -.339.10  .5028.79102.8 4.7812.5821.81 2 714 1.90 9.4319.44 9
20260110토 9180011국412 9 66 8 1강 1144눈  양호 8 4 4슈퍼엑톤        엑톤파크슈퍼플러  966.00한거 9 0 0 2 1   97      33000국4강환민(주)메타 1 8 8 31068 1 3 465  0해리카44953.067평입상28 12 12 1 3.031.010.9144411195411221816132019172612 75029↗→입14.440.040.713.5571940.342.3120.8120.1 19 26  233   14.10   13.70 4  1 -1BHUP54.54501817-3.0 7.6 4.6434313 2일반주행거리속성 5트 0 911 9 910 8 7⑦2:00.82½  1.515.042.714.9 -1 -3  .00 7 8  2 2.37551878740 6 4 8110 8 4.0111.02 1.7 3.9  9.6    8.3   25.8   23.5  .01612-3 1 2-3▼-1.641.10  .2639.38118.8 2.34 4.2410.91 0 2 4  .12 2.84 7.5911
20251213토 81600 8국413 5 66 9 3강 3361비  불량20 4 4슈퍼엑톤        엑톤파크슈퍼플러 3448.00한거 8 0 0 2 1   80      33000국4강환민(주)메타 1 9 7 2 368 1 3 464  0푸르칸45253.578평입상40 22 221419.047.033.4245716195411221818332019142421 75029↗→추14.436.439.013.4615336.040.1100.7102.8 22 32  539   14.80   15.40 3  6 -1VHDN54.54501817-3.4 8.2 4.8424213-1일반주행작전마주39트 0 8 7   7 6 5 5⑤1:40.71½  1.414.139.513.7 -1 -3  .00 5 6 -5 1.65226635338 5 2 6 52 4 1.02 2.03     3.5  1.5    3.5    5.1    5.511.82945 2 5 5 2― -.139.00  .3327.44102.7 8.5819.9333.40 81729 5.7114.8625.22 5
20251122토 8170011국451 710610혼전 4451맑음건조 3 4 4슈퍼엑톤        엑톤파크슈퍼플러 3448.00한거 8 0 0 2 1  103      33000국4강환민(주)메타 110 6 1 668 6 3 463  0해리카45554.567평입상35 24 2422 7.032.0 7.8144411195411221816132019172612 75029↗→입14.439.641.113.3583739.043.3112.7113.6 23 30  538   14.20   14.00 4 -3  1HNUP54.54501817-3.8 8.2 4.4505013 1일반주행보통주행57기 1 2 7 7 5 6 6 7⑥1:52.72½  1.914.842.915.4 -5 -1  .00 611  4 2.15112928529 8 6 9112 7 1.04 4.06 3.2 7.2  3.2   12.6   23.6   76.6  .01615-2 2 2-2▽-1.441.50  .5432.87113.6 1.53 3.95 7.82 0 2 4 1.12 4.10 9.8411
20251025토 7160010국511 3 6611 3강 3351맑음건조 5 4 4슈퍼엑톤        엑톤파크슈퍼플러 3448.00한거 8 0 0 9 1  192      33000혼4강환민(주)메타 111 5 7 268 5 3 462  0해리카45653.567평입상44 51 511432.056.033.6144411195411221816132019172612 75029↗→입14.436.539.013.3575736.539.4103.1103.1 23 31  538   13.80   14.10 5  4  1NN동54.54501817-3.4 8.6 5.2464613 0부중유리작전마주54기 0 5 5   5 4 6 5④1:43.19    1.714.239.614.0 -3  6  .00 4 7  0 2.05952474730 4 2 4 42 6 1.04 7.04 1.6 5.5  1.6    6.0    8.3   12.3  .03143 1 5 5 1―  .539.00  .2627.62102.8 9.6620.7933.63 92033 5.6316.5624.59 5
20250921일 6160010국442 4 4612혼전 4451맑음다습14 4 4슈퍼엑톤        엑톤파크슈퍼플러 3448.00한거 8 0 0 2 2  26914:25 33000국4강환민김병진  -212 4 6 168 4 3 361  0해리카45052.572평입보20 17 171410.043.017.61557 61444 9222416202019172612 75029→↗입14.436.639.013.3515735.940.0101.7102.6 21 32  339   14.90   13.90 4 -5 -1UHDN54.54501817-3.0 9.0 6.0363613-2일반주행보통주행 5기 1 1 5   5 6 5 4②1:41.76     .013.840.114.1 -5  2  .00 2 7  0 1.04117634878 7 1 7 63 5 3.07 8.01     3.2  5.7   83.7  164.1  333.8  .01619-1 3 5-1▽ -.639.00  .5926.97102.8 3.31 9.2017.64 51223 3.03 6.3813.59 7
20250824일 81800 9국412 2 1613 1강 1131맑음건조 4 4 4슈퍼엑톤        엑톤파크슈퍼플러  966.00한거 8 0 0 2 2  35116:05 33000국4강환민김병진  -213 3 5 968 3 3 360  0해리카44853.071평입보10  6  6 2 2.034.012.41557 61444 9222416202019172612 75029→↗입14.440.240.813.3501540.041.5118.7120.3 22 32  341   14.50   14.00 5  0 -2NH동54.54501817-3.0 9.2 6.2343413 0일반주행거리속성44기 1 6 9 8 8 7 8 7⑥1:58.71¾  1.514.940.313.9 -1 -3  .00 6 7 -2 3.27639756934 5 5 6 80 4 1.03 7.03     2.8  1.5    3.6    4.6    3.7  .016 9-3 2 1-3▼-1.240.90  .1539.28118.9 1.77 6.0512.38 1 611  .12 1.18 4.94 9
20250720일 71800 9국431 6 3614혼전 4441맑음포화17 4 4슈퍼엑톤        엑톤파크슈퍼플러  966.00한거 8 0 0 2 3  43915:15 33000국4강환민김병진  -214 2 4 868 2 3 359  0해리카45154.574평입상27 22 22 0 9.038.017.31940 91657 0222416202019172612 75029↘→입14.440.540.813.3361739.242.0117.8120.2 22 33  042   15.10   14.00 5 -1  1NN동54.54501817-3.2 9.6 6.4303013 0최근최상거리속성75기 0 6 8 8 6 6 7 6⑥1:57.8½   1.614.541.014.0 -3  5  .00 6 9 -2 1.87412836235 7 6 9 70 3 4.01 1.05     2.7 10.9    9.2   32.0   62.8  .02129 0 3 2 0― -.940.60 -.0538.85119.0 4.8210.0117.25 41118 2.60 6.1315.29 7
20250615일 6180011국410 9 6615 1강 1155맑음건조 3 4 4슈퍼엑톤        엑톤파크슈퍼플러  966.00한거 8 0 0 2 3  54014:25 33000국4강환민김병진  -215 1 3 768 1 3 358  0해리카44653.574평입보 7  2  2 2 3.032.0 8.91940 91657 0222416202019172612 85431↘→입14.440.640.613.3242539.941.5119.6118.9 23 34  043   15.10   14.60 5  5 -2NH동54.64501817-1.8 8.6 6.8303013 0일반주행거리속성38관 0 7 9 8 8 7 6 6④1:59.62½   .615.140.914.0 -7 -7  .00 411  2  .84037756767 9 511100 2 6.07 2.05     4.9 16.2  158.3  367.4  489.5  .01621-3 1 2-3▼-1.240.30  .1637.65119.0 1.17 4.26 8.92 0 3 6  .12 1.96 6.0410
20260906일 41800 8국5 0 8  7 0혼전 4457           4 5크리솔크라운    크리솔라할리퀸   9033.00한거 6 0 0   1    012:50 24750국5안병기요시다가 0 0 7 4 3 6 2 1 1 6  0오수철   56.060기추보50 54 542718.040.017.8 733 52357 81827 9 01910112115 0 099↘↗입14.540.740.013.51265                   40 40  040   14.50   13.2011 -3 -1NN동56.04881817-1.6 6.0 4.4616117 0일반주행휴양불리48관 0 5                            14.5    13.2        .0                       7 2 3 8  2                                              .01611-2 4 3-2▽ -.940.00  .10     118.8 4.8110.3417.83 2 714 4.0817.0932.47 7
20260620토 5180010국551 3107 1 3강 3359비  불량20 4 5크리솔크라운    크리솔라할리퀸   9033.00한거 6 0 0 2 2  207      24750국5안병기요시다가 0 1 6 3 2 6 1 1 1 5  0오수철48556.559우추적45 50 5039 8.031.013.315 0122053101827 9 01910112115 0 099↗↘입15.141.239.713.5 97640.740.1118.5120.3 50 50  050   15.00   13.1069  0  2NNUP56.04881817-2.3 5.8 3.5696917 1일반주행휴양탐색 5관 0 8 6 6 6 8 8 9⑧1:58.52½  1.714.539.013.2  1 -5  .00 8 7  2 2.2746837472911 1 3 90 1 1.06 7.09 2.6 5.6  2.6   15.2   25.5   27.1  .01632-2 3 2-2▽-1.339.90  .1639.38118.9 1.93 6.4313.32 1 3 6 5.7710.1716.75 7
20250216일 5170011국531 7 87 2혼전 4451흐림건조 4 4 5크리솔크라운    크리솔라할리퀸   5332.00한거 5 0 1 2 8 1403      24750국5전승규요시다가 0 2 5 2 3 6 3 1 1 4  1코지  49054.593우추적52 61 614539.057.024.83050 0203612222930431919233019 0 099→↘입15.140.440.313.6218341.339.8112.9113.1 67 67  033   15.40   14.00 4  5 -1NUDN56.04881817-2.3 6.0 3.7676717-1연대우수거리불안 5기 0 81111111111 8③1:52.91     .215.940.713.8 -2 -6  .00 3 5  4 1.4319616547511 1 6 43 3 2.03 4.07 2.5 6.2  4.1   11.8   20.7   27.4  .03372 0 6 6 0―  .640.60  .1532.41113.6 6.4114.7924.81 51324 5.5613.9717.00 7
20250119일 6180011국551 9107 3혼전 4459맑음건조 3 4 5크리솔크라운    크리솔라할리퀸   9033.00한거 5 0 1 2 5  960      24750국5전승규요시다가 0 3 4 1 1 6 2 1 1 3  1코지  49655.078기추적37 48 486552.053.039.81640111950 9222930431919233019 0 099↗→입15.141.040.213.7254841.039.6121.9119.5 67 67  067   15.10   13.2012 -4 -1UUUP56.04881817-2.5 7.5 5.0535317 1승부최상연대우수 1기 0 3 8 8 7 7 7 5⑦2:01.9½    .615.440.814.0  6  8  .01 7 1 -2 1.9587926476410 4 2 20 2 9.06 5.10 3.2 9.1 15.9   84.9  261.0  426.8  .03758 0 7 5 0―  .140.00 -.5538.30119.014.8428.4739.8418375326.3240.0053.03 1
20241026토 41700 9국630 3 37 4 1강 1141맑음다습14 4 5크리솔크라운    크리솔라할리퀸   5332.00한거 4 0 1 9 7 1235      16500국6전승규요시다가 0 4 3 3 2 6 1 0 1 2  1코지  48856.093기추적47 60 607085.071.057.5275612277111222930431919233019      ↘↗입15.240.540.814.0175740.539.4111.3112.9 50 50  050   15.20   14.00 8  1  0NH동       1712-1.0 9.0 8.0222217 0뒷심문제승부최상 1   0 7 9 9 9 9 8 5①1:51.32    -.315.139.213.2 -2  2  .00 1 3 -3  .02977102090 9 3 3 23 1 3.05 7.02 2.1 3.1  4.9   35.4   63.2   24.6  .04593 0 7 7 0― 1.440.50 -.9231.63114.021.1241.8457.5018395626.3250.2964.77 1
20240901일 3170010국610 8 67 5 3강 3359맑음건조 4 4 5크리솔크라운    크리솔라할리퀸   5332.00한거 4 0 0 1 7 137412:05 16500국6전승규요시다가 0 5 2 2 1 6 2 0 0 1  0김동수48656.070하무보13 25 2530  .034.025.01550 9277111222921 01919102127      ↗↗추15.540.841.113.4 29139.641.4114.2112.9  0  0  0**   15.50   13.70 5  1  0NHUP       1712         8.0    12 5발길대로거리속성 1관 0 6 9 9 7 6 6 4②1:54.28     .015.241.414.0 -4 -2  .00 2 6 -3 1.42734625383 9 4 9 43 2 1.06 7.06     3.6  1.3   14.9   19.9  159.111.21218-2 2 3-2▽-1.340.20 -.4830.96114.4 4.2213.1324.9910233635.2955.0099.00 1
20240727토 2120011국552 8 57 6 3강 3354맑음포화15 4 5크리솔크라운    크리솔라할리퀸   6925.00한거 4     9 8 147511:05 16500국5전승규요시다가 0 6 1 1 1 6 1 0 0 0  0김동수48856.083평무보   25 2540  .034.014.41933 0203612222921 01919102127      ↘↗추15.536.738.513.2    39.637.8 78.0 77.2              15.50   13.50        LN동       12 0                 0 0일반주행우수혈통 1관 0 510    1010 9⑧1:18.01    2.115.538.413.7 -1  8  .00 8 9  0 3.28099178323 3 3 8 60 1 3.05 8.04     4.5  6.0   23.6   48.5   11.5  .01613-3 2 2-3▼-1.339.20  .88 2.0475.61 1.96 6.7214.42 4111810.9120.1840.71 7
20260906일 41800 8국5 0 8  7 0혼전 4457           4 6안양레이저      커널존  호루라기 6943.00한거 3 0 0   1    012:50 24750국5이신우(주)에이 1 0 9 4 1 8 1 1 0 6  0서승운   54.584평입보50 47 472439.057.041.62440142062 819 0 0 02114272916 0 099↗↘선14.039.440.813.84425                   17 17  0 0   14.10   13.40 2  4 -1NHUP57.05011812  .2 6.2 6.4424217 1일반주행거리속성50조 0 6                            14.1    13.4        .0                       2 7 7 4  1                                              .02369 1 5 6 1―  .540.80 -.30     118.613.1326.8341.6313274112.2427.3543.30 3
20260822토 61700 8국540 5 47 1 1강 1157비  불량20 4 6안양레이저      커널존  호루라기 3539.00한거 3 0 0 2 1   35      24750국5이신우(주)에이 1 1 8 3 1 8 1 1 0 5  0루이스48455.069평무하19 18 18 8 3.034.015.12144102062 819 0 0 02114202715 0 099↗↘입13.839.841.613.8472539.440.8111.5113.2 20 20  0 0   15.00   13.20 2 -9  1VNUP57.05011712 -.4 7.0 6.6373712 5일반주행거리속성38기 0 2 1 1 1 4 5 4⑤1:51.5½    .914.139.913.4 -1  1  .00 5 6 -2 1.34329432853 5 6 8 82 1 1.02 4.01 2.0 3.1  2.0    3.1    5.1    9.7  .01614-1 1 1-1▽-1.241.30  .0131.82114.0 2.51 7.7915.14 41118  .12 3.25 9.42 8
20260809일 4120011국513 7 67 2 2강 2251흐림건조 2 4 6안양레이저      커널존  호루라기 4532.00한거 3 0 0 1 1   38      24750국5이신우(주)에이 1 2 7 2 3 8 3 1 0 4  0조상범48354.058평입하23 22 2233 5.037.011.6 926 52062 819 0 6 02114132116 0 099↗→입13.837.439.313.8372538.638.2 77.0 76.8 25 25  0 0   13.60   14.20 7  7 -1VUDN57.05011313-1.0 6.8 5.8393912-1숨은복병보통주행68기 11111    111111⑩1:17.0머리 1.715.038.213.2  2-13  .0010 8  2 1.77195277132 711 9 80 4 1.03 8.03 1.9 5.6  1.9    6.4    9.6   13.8  .01928 0 2 2 0― -.938.40  .10  .0676.45 2.33 5.7811.56 2 714  .74 2.44 7.16 8
20260621일 4130010국543 5 97 3혼전 4451맑음포화19 4 6안양레이저      커널존  호루라기 3539.00한거 3 0 0 2 1  107      24750국5홍대유(주)에이 1 3 6 1 3 8 2 1 0 3  0조상범49655.057평입상40 55 55 813.035.0 9.3 926 5194312152015 01914132116 0 099↗→입13.837.539.813.8522737.640.5 82.9 84.5 33 33  0 0   14.30   13.80 6  3 -2VUUP57.05011312-2.7 7.0 4.3474712 1일반주행거리속성 5기 0 4 5     8 910⑩1:22.91    2.513.639.814.2  4 -5  .0010 6  1 3.38253818116 710 5110 3 4.02 1.09 2.3 4.0  6.4    7.6   15.9   68.7  .01624-1 2 2-1▽-1.239.90  .28 7.1883.48 1.38 4.62 9.32 0 2 4 4.76 9.4717.65 8
20260510일 1120010국623 9 27 4 1강 1151맑음건조 5 4 6안양레이저      커널존  호루라기 4532.00한거 3 0 0 2 1  110      16500국6홍대유(주)에이 1 4 5 5 2 8 1 0 0 2  0조상범50157.058하입보25 18 1811  .035.016.6 926 5194312152015 01914132116      ↗→입13.837.439.414.0441537.438.8 77.0 75.4  0  0  0 0   13.90   13.50 6 -4  1HNDN       1313-2.0 8.0 6.0242413-1출주제외보통주행68기 0 110    10 8 3①1:17.01    -.214.339.413.8 -4  2  .00 1 5     .0255949539310 5 8 83 2 5.01 1.08 1.6 1.9 16.2   12.9   53.8   23.9  .01820-1 2 3-1▽-1.238.00 -.10-1.4276.51 2.95 9.1316.55 2 71410.9121.3655.28 4
20260329일 2130010국620 7 27 5 2강 2252맑음건조 3 4 6안양레이저      커널존  호루라기 3539.00한거 3 0 0 9 1  113      16500국6홍대유(주)에이 1 5 4 4 2 8 1 0 0 2  0이혁    056.578하입보14 15 153111.046.026.42257 7194312152031351914282118      ↗↘선13.937.539.914.05015                    0  0  0 0   14.00   14.20 4  1  1NN동       1313-4.010.0 6.0303013 0일반주행보통주행42기 0 5                    경제    14.0    14.2     0  .07                      4 4 6 40 1 1.07 3.01 1.5 2.2  1.5   36.6   52.3   59.0  .01638-2 4 3-2▽ -.439.90 -.26     83.55 7.6614.8626.38 92033 2.99 8.8213.74 7
20260228토 3130011국611 5 67 6 3강 3354맑음건조 3 4 6안양레이저      커널존  호루라기 3539.00한거 3 0 0 9 1   92      16500국6홍대유(주)에이 1 6 3 3 2 8 1 0 0 1  0조상범49956.057하무보27 27 27 3 5.030.0 8.3 926 5194312152015 01914132116      ↗→입13.937.940.113.2222237.540.0 84.9 84.0  0  0  0 0   13.90   13.50 9 -2  0HH동       1312-4.010.0 6.0303012 0출주취소거리속성62기 0 4 2     3 3 5⑥1:24.91    2.314.040.714.2  0  6  .00 6 6    2.57245726818 9 7 6 92 1 1.03 8.07 1.5 3.7  1.5    4.1    5.1    5.4  .02514-2 1 1-2▽-1.439.40 -.12 5.9883.93 1.42 3.95 8.32 1 611  .90 2.87 5.2510
20251228일 1130010국632 6 37 7혼전 4451흐림다습13 4 6안양레이저      커널존  호루라기 3539.00한거 2 0 0 9 1  158      24750국6홍대유(주)에이 1 7 2 2 1 8 2 0 0 1  0문정균  056.076평무보27 25 2514  .037.011.31118 6194312152017201914131923      ↘↗추13.938.039.513.21857                    0  0  0 0   13.90   13.50 4 -4  0NHUP       1312         6.0    12 1우수혈통거리속성 5기 0 6                    취소    13.9    13.5     0  .07                      8 5 9 90 2 1.04 1.07 2.0 2.5  2.0    7.9   11.5    5.4  .02021 0 2 2 0― -.939.50  .10     83.61 2.35 5.6911.27 2 510 7.9515.3837.95 5
20251129토 1120012국610 6 67 8 2강 2255맑음다습10 4 6안양레이저      커널존  호루라기 4532.00한거 2     9 1   8810:35 24750국6홍대유(주)에이 1 8 1 1 1 8 1 0 0 0  0문정균49356.074평무보33 25 2530  .036.015.01118 6194312152017201914131923      ↘↗추14.637.739.812.944 337.838.7 76.4 76.7              14.60   13.20        LN동       12 0         4.0     0 0일반주행우수혈통45기 010 4     5 8 7⑥1:16.4½   1.713.939.213.5 -4 -7  .00 610  0 2.16876476331 8 5 7 60 1 1.03 1.02     4.4  1.6    5.3    7.5   69.6  .01627-1 3 4-1▽-1.038.10 -.43 -.8276.90 2.73 7.3714.98 41120 8.3316.6725.0010
20260906일 41800 8국5 0 8  7 0혼전 4457           4 7파워풀슬루      테스타마집시캡컴 4942.00한수 3 0 0   1    012:50 24750국5문세영(주)녹원 2 0 9 5 3 8 1 1 0 8  0정도윤   54.085기추적50 53 536147.062.052.815 01221331738 0 0 0575010272250 050↗↗입15.039.740.513.11341                   17 33  017   14.70   13.80 3 -3  1NNUP56.04701814 1.0 4.2 5.2565617 1숨은복병작전마주50관 0 7                            14.7    13.8        .0                       3 4 4 2  1                                            12.72959 2 6 7 2―  .940.50 -.55     118.618.5837.2352.8218375316.3330.7744.85 2
20260815토 6170011국513 7 67 1혼전 4431흐림건조 3 4 7파워풀슬루      테스타마집시캡컴 5734.00한수 3 0 0 2 1   66      24750국5문세영(주)녹원 2 1 8 4 3 8 2 1 0 7  0김용근49153.586기추적36 41 415925.049.025.727531421331738 0 0 0575031271450 050↘↘선15.040.340.613.1217339.742.4113.8114.3 17 33  017   14.60   13.40 4  7 -1BUDN56.04701814 2.2 3.0 5.2565617-1일반주행기복전력 5   010 9 9 7 6 7 9⑨1:53.82    1.914.741.913.8  7  0  .05 9 2 -7 2.1704081792911 3 7 60 2 1.04 7.03 2.2 7.4  2.2    8.0   12.2   53.4  .01629 0 4 4 0― -.240.90  .0233.35113.7 7.5917.3425.66 51223 8.8219.8727.82 4
20260718토 5180010국541 5 97 2혼전 4454흐림불량20 4 7파워풀슬루      테스타마집시캡컴 4942.00한수 3 0 0 2 1   56      24750국5문세영(주)녹원 2 2 7 3 2 8 1 1 0 6  0김용근49154.086기추적23 21 2123 7.032.0 8.327531421331738 0 0 0575031271450 050↘↘선15.140.940.313.2124841.340.9118.3120.1 20 40  020   15.30   13.3020  2  1HN동56.04701814 2.2 3.0 5.2565617 0일반주행휴양불리 5   0 3 9 9 8 7 7 7⑥1:58.31½  1.014.639.913.4 -3  7  .00 6 9  3 2.2708758814910 5 9100 1 1.02 4.08 3.0 6.3  3.0    6.4   10.0   27.1  .01616-2 1 1-2▽-1.440.20  .1838.88119.0 1.64 4.19 8.26 1 4 8 1.33 4.8211.5410
20260301일 5180011국550 8107 3혼전 4435맑음건조 3 4 7파워풀슬루      테스타마집시캡컴 4942.00한수 3 0 0 1 3  404      24750국5리카디(주)녹원 2 3 6 2 1 8 6 1 0 5  0정정희48453.575우추하56 51 517333.042.014.72271 942641436252931382620251550 050↘↘입15.140.739.913.1267342.641.2122.6121.4 25 50  025   14.90   13.8010  0  1UNUP56.04701814 1.5 2.3 3.8676717 1전개최상마방승부66기 0 1111110 3 3 9⑪2:02.64    2.516.640.914.1  5  7  .0011 6  4 2.9899968951811 1 5 80 610.01 9.05 3.3 6.3 26.3   47.6  163.4  120.9  .03440-2 5 4-2▽ -.740.50  .1940.79118.8 3.47 7.6414.73 2 714 2.7012.9422.91 7
20251220토 6170011국552 5107 4혼전 4451흐림포화16 4 7파워풀슬루      테스타마집시캡컴 5734.00한수 2 0 0 2 1  186      24750국5리카디(주)녹원 2 4 5 1 2 8 5 1 0 4  0정정희47753.081평추하95 91 919270.057.024.22044 935541236252931382620251550 050→→입15.040.140.313.1328740.341.4111.2113.3 25 25  025   15.20   13.70 3 -8 -3UU동56.04701714 2.0 2.7 4.7575717 0일반주행전개최상 5기 0 1 8 810 7 7 7⑦1:51.24    1.214.940.413.8  5  4  .02 7 2  1 1.8467459734410 1 3 60 5 9.10 5.04 3.1 9.7 17.6   88.0  164.5  311.510.54152 0 6 5 0―  .441.00  .3332.91113.4 6.7314.8724.22 5122315.7925.0036.00 3
20251130일 3170011국650 8 57 5 2강 2253흐림다습10 4 7파워풀슬루      테스타마집시캡컴 5734.00한수 2 0 0 9 1   75      16500국6리카디(주)녹원 2 5 4 4 1 8 4 0 0 3  0정정희47356.081평추하74 77 778090.071.061.42044 9355412362529313826202515 0 099→→입14.440.140.413.1338540.040.0112.9111.3  0 33  033   14.70   13.50 5  0  0LNUP56.04671714 1.0 3.5 4.5616114 3부진만회작전마주43기 0 91010 9 2 2 2①1:52.91½  -.315.240.913.7  0  3  .00 1 1  0  .0 256242493 6 1 1 11 4 1.05 9.07 2.9 4.3  2.9   11.3   20.9   12.5  .03263 2 8 9 2▲ 1.540.70 -.5730.83113.425.3846.5961.4332516437.1159.9061.22 1
20251025토 3140011국641 7 97 6혼전 4451맑음건조 5 4 7파워풀슬루      테스타마집시캡컴 5734.00한수 2 0 0 9 1  196      16500국6리카디(주)녹원 2 6 3 3 2 8 3 0 0 2  0정정희47056.081우추보88 94 947882.065.035.22044 9355412362529313826202515 0 099→→입14.437.538.613.0168737.838.7 90.0 88.9  0 50  050   14.50   13.60 3  7  0BN동56.04671410 3.0 3.0 6.0505014 0일반주행작전마주46기 0 911    1110 8⑤1:30.01    1.014.739.213.5  4  3  .00 5 1 -3 1.44684265051 7 1 3 53 3 2.04 4.06 3.1 5.5  3.5   13.0   22.1  141.710.52976 2 8 5 2▲ 1.138.40 -.0712.8288.6610.9823.2335.18 8172919.1333.3339.95 2
20251004토 3140011국651 9107 7 2강 2251맑음다습10 4 7파워풀슬루      테스타마집시캡컴 5734.00한수 2 0 0 1 2  22911:25 16500국6리카디(주)녹원 2 7 2 2 1 8 2 0 0 1  0정정희46756.080평추보78 25 2551  .061.035.4235013315311362529313826202515      ↘→입14.437.738.712.6 99637.138.8 89.9 88.1  0  0  0**   14.40   12.50 3 -4  1HNUP       1410         6.0    10 4거리적응작전마주64기 0 2 8     9 7 4③1:29.92     .314.539.613.6 -1 -6  .00 3 4  1  .61846312673 9 111 33 2 1.0211.03     7.4  2.9    9.7   16.4   20.7  .02564 1 6 6 1―  .938.00 -.2611.7088.86 8.9621.5835.36 82033 9.3018.8071.01 4
20250913토 1100010국650 2107 8혼전 4455맑음포화19 4 7파워풀슬루      테스타마집시캡컴 4126.00한수 2     2 2  30513:15 24750국6리카디(주)녹원 2 8 1 1 1 8 1 0 0 0  0정정희47355.581평무보   25 2540  .052.051.5235013315311362529313826202515      ↘→입14.537.137.812.3    38.136.8 61.6 62.5              14.50   12.60        LN동       10 0                 0 0일반주행작전마주37기 0 6 8     810 9⑥1:01.6½   1.014.436.412.5  3  1  .00 6 3  0 1.63575 83246 1 1 2 23 1 1.06 2.08     6.8  3.1   13.1   21.6   56.5  .02062 0 5 5 0―  .137.80 -.41-12.462.7121.7739.5451.4818375310.6220.9532.55 6
20260906일 41800 8국5 0 8  6 0혼전 4457           4 8크로마이트      페더럴리레인어브 4741.00한거 6 0 0   1    012:50 24750국5전승규디디에스 0 01630 747 1 1 147  0김태훈   55.069평무보50 53 531019.050.032.31756 81847 622 528 01919122521133850↗→입14.239.840.913.94217                    7 16  216   14.40   13.60 2  0  0VNUP54.14611813-1.6 7.0 5.4565610 1일반주행거리속성 5관 0 8                            14.4    13.6        .0                       4 8 5 5  1                                              .01831 0 4 6 0―  .040.90 -.22     118.8 8.6521.9332.28 81729 8.1618.8029.38 6
20260822토 61700 8국540 5 46 1 1강 1157비  불량20 4 8크로마이트      페더럴리레인어브 5535.00한거 6 0 0 2 1   35      24750국5전승규디디에스 0 11529 447 8 1 146  0이용호46655.063평추상49 53 532331.049.036.01657 71847 622 5 0 01919191820142957→↘자14.239.641.513.9572539.840.1111.0112.7  7 14  217   14.50   15.00 2 -1  2VNDN53.94601813-2.2 7.8 5.6525210-1선행무리거리속성53관 0 8 4 4 4 5 3 2③1:51.01¾   .414.439.213.6 -2  2  .00 3 5 -3  .82749221968 3 5 3 52 8 1.02 4.01 2.0 3.1  2.0    3.1    5.1    9.7  .01824 0 5 4 0― -.141.40 -.3131.62113.810.7822.2235.98 8172911.4829.2743.98 4
20260808토 5180011국550 9 56 2 1강 1159맑음건조 2 4 8크로마이트      페더럴리레인어브 4741.00한거 6 0 0 1 1   47      24750국5전승규디디에스 0 21428 647 7 1 145  0이용호46453.562평무상32 34 34 8 8.043.020.01657 71847 622 5 0 01919191820142957→↘자14.240.540.913.9311739.542.2120.3119.2  7 12  215   15.30   14.00 4  0 -2LHUP53.94601813-2.6 7.6 5.0474710 1일반주행거리속성22관 0 9 5 5 4 2 2 2⑦2:00.3½    .814.542.315.0 -1 -5  .00 7 8 -1 2.14923847360 7 9 5 91 710.01 4.08 2.6 4.3 30.5   68.1  221.6   66.5  .01619-1 3 4-1▽ -.540.50 -.1537.79119.1 5.0412.0520.00 3 818 4.92 8.8914.93 9
20260712일 5170011국553 8106 3혼전 4451맑음다습12 4 8크로마이트      페더럴리레인어브 5535.00한거 6 0 0 2 1   46      24750국5전승규디디에스 0 31327 347 6 1 144  0이용호46955.063평추하40 40 401411.042.020.01657 71847 622 5 0 01919191820142957→↘자14.239.641.313.9573340.141.2112.3113.5 10 10  313   15.00   14.20 4  8  1UN동53.94601813-2.6 7.6 5.0494910 0숨은복병거리속성65기 0 9 8 8 8 7 7 5③1:52.35     .815.340.514.0 -6  2  .00 3 9  1 1.34759545958 5 8 6 73 6 2.08 3.11 2.9 6.3  4.8   69.2   87.2  306.8  .01918 0 3 3 0― -.641.50  .1632.62113.7 4.7611.6619.99 41118 2.60 7.6414.40 7
20260613토 4170011국552 8106 4혼전 4451맑음건조 3 4 8크로마이트      페더럴리레인어브 5535.00한거 6 0 0 2 1   77      24750국5전승규디디에스 0 41226 247 5 1 143  0이용호46754.063평무상60 56 562215.043.014.71657 71847 622 5 0 01919191820142957→↘자14.239.741.213.9543740.341.8113.9114.1 10 15  318   15.00   14.10 3 -7 -2UNDN53.94601813-2.8 7.6 4.8474710-1일반주행거리속성40기 0 1 5 5 7 8 8 8⑩1:53.9½   1.315.041.114.2  2 -3  .0010 8  3 2.26370707941 8 6 6100 5 1.03 8.03 2.9 7.3  2.9    8.9   14.6    8.2  .01616 0 3 3 0― -.641.50  .2733.21113.7 2.86 7.6514.68 1 4 8 4.44 9.0915.29 8
20260524일 6180011국550 9106 5혼전 4438맑음다습11 4 8크로마이트      페더럴리레인어브 4741.00한거 6 0 0 2 1   45      24750국5전승규디디에스 0 51125 547 4 1 142  0이용호47055.562평무상49 39 39 313.042.018.61657 71847 622 5 0 01919191820171767→↘자14.140.341.013.9371540.639.5120.5118.9 11 16  521   15.00   14.10 3 -3  2NLUP53.74591813-2.6 7.8 5.2464610 1일반주행거리속성57기 0 8 9 9 7 6 5 4④2:00.5머리  .815.040.714.1 -1 -3  .00 4 5 -4  .94067223060 510 6 92 4 4.07 3.09 3.7 9.3  8.1   50.8  114.8   87.5  .01611-1 3 4-1▽ -.740.60 -.1037.55119.0 4.9410.3218.56 1 4 8 6.9012.6822.78 7
20260503일 9170011국544 5 96 6 1강 1151흐림다습11 4 8크로마이트      페더럴리레인어브 5535.00한거 6 0 0 1 1   42      24750국5전승규디디에스 0 61024 147 3 1 141  0이용호47354.063평무보36 29 2910 6.039.017.21657 71847 622 5 0 01919191820171767→↘자14.139.741.613.8552540.141.3111.6113.0 11 24  822   14.70   14.50 3  6  0VNDN53.74591813-1.0 7.0 6.0373710-1일반주행거리속성31기 011111111 8 7 5④1:51.6머리 1.015.040.814.1 -5  0  .00 4 9  2 2.03160576350 7 8 8 83 3 1.02 2.08 3.2 4.7  3.2    4.7    8.8    6.4  .01616 0 2 2 0― -.541.30  .0231.69114.0 4.0110.0017.20 1 4 8 1.10 4.00 8.9110
20260411토 7180011국541 8 96 7 3강 3354맑음다습13 4 8크로마이트      페더럴리레인어브 4741.00한거 6 0 0 2 1   57      24750국5전승규디디에스 0 7 923 447 2 1 140  0이용호47354.062평입상34 35 35 513.044.026.21657 71847 622 5 0 01919191820171767→↘자14.140.441.013.8301740.440.7119.1119.1 11 22  819   14.20   14.20 2 -2  2NN동53.74591813-1.2 7.6 6.4434310 0부중유리거리속성34기 0 5 7 8 8 7 8 4④1:59.15    1.714.741.914.5 -3  4  .00 4 7 -2 2.55057565933 810 5 53 2 2.01 3.01 2.1 4.3  3.4    4.3    8.2    6.1  .03135 0 4 3 0― -.440.60 -.2837.66119.1 8.2015.4426.17 92033 7.1415.0026.87 4
20260329일 8180011국521 8 76 8 2강 2251맑음건조 3 4 8크로마이트      페더럴리레인어브 4741.00한거 6 0 0 9 1   24      33000국5전승규디디에스 0 8 822 347 1 1 139  0이용호46952.562평입보 6  8  8 0 3.031.0 8.31657 71847 622 5 0 01919191820171767→↘자14.140.641.013.8161739.441.0119.2118.1 11 17  617   14.60   13.70 8 -4 -2NHUP53.74591813 -.2 7.2 7.0363610 6발길대로거리속성58기 1 7 1 1 1 1 2 3③1:59.22½   .514.240.814.2 -6-10  .00 3 9  1 1.22218644068 8 9 9101 1 2.0111.09 2.3 2.4  2.4    2.4    4.6   75.8  .012 7-3 1 1-3▼-1.440.20  .0636.54119.2 1.30 3.88 8.26 1 3 6  .12 1.94 6.36 9
20260201일 5120010국554 6106 9혼전 4451맑음건조 2 4 8크로마이트      페더럴리레인어브 5932.00한거 6 0 0 1 1  142      24750국5전승규디디에스 0 9 721 747 1 1 138  0송재철47954.078평입보36 37 372712.043.019.21746 71847 622 523 01919192520171767↘↗입14.137.838.413.9106938.138.5 76.2 76.5  9 15  918   14.20   13.80 4  4  0BN동53.74591813  .0 7.2 7.2393910 0일반주행급신장세 6기 01110    1010 8⑨1:16.22    1.614.638.213.7  1  6  .00 9 8  2 1.7648836653311 7 8 70 6 1.02 1.03 3.4 6.9  3.4    6.9   11.7   20.6  .01629 0 2 2 0― -.337.90  .18  .3276.17 3.7510.4819.16 2 613 3.49 8.3314.3310
20260104일 5120011국544 7 9610혼전 4451맑음다습12 4 8크로마이트      페더럴리레인어브 5932.00한거 6 0 0 1 1   6914:00 24750국5전승규박기태  -210 620 647 1 1 137  0최범현47354.093평입하15 15 1550 8.045.022.53160131847 62214 0 01919193217171767↗→입14.137.738.213.8138037.838.7 76.3 76.3  9 12  321   14.80   14.80 3  0  0NNDN53.74591813-1.0 7.2 6.2474710-6일반주행보통주행55관 0 711    1110 9⑥1:16.31    1.114.239.113.8  0  2  .00 6 6  1 1.7587945644811 110 73 1 3.02 4.08     5.9  4.8   10.6   21.5   33.4  .01640 0 2 3 0― -.237.90  .23  .3776.00 5.9914.6622.51 3 818 3.37 6.8211.66 9
20251214일 7180011국550 410611혼전 4452맑음포화18 4 8크로마이트      페더럴리레인어브 4741.00한거 5 0 0 2 1   49      24750국5전승규박기태  -211 519 247 1 1 136  0장추열47154.093평입상32 36 362322.056.037.32949111847 6221427 01919202722171767↘↗입14.140.540.413.8234540.143.1120.9122.7 13 13  316   14.40   13.70 5 -1 -1NNUP53.74591813-2.4 8.2 5.8575710 5일반주행거리속성33관 0 7 8 9 81010 9⑧2:00.912   3.714.842.114.8  3 -1  .00 8 5 -5 4.497479393 6 8 4 6 30 1 1.06 5.10     5.3  2.7   34.9   53.9   60.2  .02170 0 4 6 0―  .440.90 -.3941.84118.913.2125.6237.32132741 6.9413.8924.15 5
20251109일 5130011국511 5 6612혼전 4451맑음건조 3 4 8크로마이트      페더럴리레인어브 5535.00한거 5 0 0 2 1  139      24750국5전승규박기태  -212 418 747 4 1 135  0송재철47254.578평입보25 27 2735 8.041.013.81746 71847 6221423131919192520202060↘↗입14.137.339.113.9655738.638.7 82.5 83.1 13 13  319   14.30   13.90 3  4 -1LNUP53.54561813-1.6 8.2 6.6484810 1일반주행조교부실36관 0 810    10 9 8⑥1:22.5½    .614.438.513.7 -4  4  .00 610  3  .84589306263 9 6 7103 5 1.07 6.03 1.6 4.9  1.6   18.8   25.0   84.5  .01622 0 2 3 0― -.739.80  .68 6.6882.90 3.18 7.1413.84 1 4 8 3.37 6.4911.30 9
20251019일 3120011국541 6 9613 3강 3351맑음포화17 4 8크로마이트      페더럴리레인어브 5932.00한거 5 0 0 2 2  207      24750국5전승규박기태  -213 317 547 3 1 134  0송재철46855.077평입하54 50 504512.047.015.5203213245710221423131919192520202060↗↘입14.137.438.513.9406138.238.4 76.1 76.8 13 13  320   14.60   12.90 3  0  1HN동53.54561813-1.6 8.0 6.4494910 0일반주행보통주행49관 0 4 9    1010 6⑥1:16.1½   1.614.338.713.9 -1  7  .00 6 7 -1 1.9708837663411 6 7 73 4 4.0210.01 3.4 6.1  4.9    8.6   19.8    9.7  .01626 0 3 3 0― -.238.40  .46  .8776.00 3.00 8.6515.47 3 916 2.42 6.4511.83 8
20250928일 5120011국553 210614혼전 4451흐림불량20 4 8크로마이트      페더럴리레인어브 5932.00한거 5 0 0 9 2  24913:35 24750국5전승규박기태  -214 216 447 2 1 133  0송재철46154.577평입상73 73 737234.058.022.3203213245710221423131919192520202060↗↘입14.137.338.713.9535338.137.4 73.9 76.1 14 14  317   14.30   13.00 2 -4  3HN동53.54561813-2.4 7.6 5.2525210 0착차만회탄력호전25관 0 411    111111⑩1:13.9¾   1.114.636.812.9  2 -1  .0010 8  2 1.34986 7284410 3 9 80 3 2.07 5.06     7.6  4.3   25.7   39.1   41.3  .02561 1 5 5 1―  .638.30  .20  .1076.06 5.6712.8822.25 2 714 7.0213.2221.55 9
20250914일 9120010국552 210615혼전 4451맑음다습12 4 8크로마이트      페더럴리레인어브 5932.00한거 5 0 0 2 2  28717:00 24750국5전승규박기태  -215 115 347 1 0 132  0송재철46252.077평입상44 43 433519.048.023.8203213245710221423131919192520252550↗↘입14.137.439.013.9444137.237.7 73.5 75.2 11 11  414   14.00   13.80 2  4  0LUDN53.94551813 -.8 7.6 6.8383810-2착차만회거리탄력20관 0 810     9 9 3①1:13.5½    .014.336.913.0 -5  1  .00 1 6 -4  .01748131377 8 6 6 63 2 6.04 8.10     6.0 14.5   59.0  168.5   58.3  .02567 0 3 5 0― -.137.90 -.08-1.2376.28 6.2914.0523.78 51324 6.4514.1922.27 7
20260906일 5120011국5 4 8  9 0혼전 4456           5 1카오스          투아너앤로드란   6627.00한암 3 0 0   1    013:40 24750국5신삼영표종순   0 0 7 2 6 6 3 1 1 5  0코지     56.088우선보50 54 549961.064.049.93260191556 3 8 0 0 011 323301999 0 0↗↘입13.536.439.713.19815                   40 80100 0   13.60   13.40 3 -6  2UL동55.04811212  .2 3.4 3.6595912 0전개최상전개최상53기 0 1                            13.6    13.4        .0                       110 4 1  3                                            12.74188 2 7 8 2▲ 1.139.70 -.66     76.1221.4738.3749.9439597217.3932.1042.21 1
20260815토 5120010국544 5 99 1혼전 4451흐림건조 3 5 1카오스          투아너앤로드란   6627.00한암 3 0 0 2 1   67      24750국5신삼영표종순   0 1 6 1 5 6 2 1 0 4  0코지  48554.088기도보81 83 839866.055.043.63260191556 3 8 0 0 011 323301999 0 0↗↘입13.436.440.114.298 736.338.3 74.5 74.5 25 75100 0   13.30   14.50 3 -1 -1NU동55.04811212  .0 4.0 4.0525212 0전개최상전개최상 5   0 7 1     1 1 1②1:14.5¾    .013.638.213.4  1  4  .00 2 1 -1  .1 6 932 882 110 2 21 2 2.01 8.07 3.1 5.7  3.7    5.7   10.6    9.9  .04173 0 7 4 0―  .338.70 -.71-2.0176.3416.6033.0043.5718375323.6441.6757.07 2
20260726일 2120011국633 8 39 2 1강 1151맑음다습10 5 1카오스          투아너앤로드란   6627.00한암 3 0 0 9 1   29      16500국6신삼영표종순   0 2 5 5 4 6 1 0 0 3  0코지  48155.088기도보80 93 939693.068.072.93260191556 3 8 0 0 011 3233019      ↗↘입13.536.440.814.798 636.239.7 75.4 75.5  0 67100 0   13.90   13.5011  3  0NN동       1212  .3 4.7 5.0414112 0일반주행전개최상39기 0 8 1     1 1 1①1:15.4¾    .013.339.714.5 -1  9  .00 1 2     .025 4764277 111 2 11 1 2.01 8.05 1.9 3.0  3.6    3.0    6.4    4.0  .04184 0 7 5 0― 1.439.00-1.93-1.7476.7333.9659.2372.9138617230.1552.8557.22 1
20260510일 1120010국623 9 29 3 1강 1151맑음건조 5 5 1카오스          투아너앤로드란   6627.00한암 3 0 0 2 2  210      16500국6최용구표종순   0 3 4 4 3 6 1 0 0 3  0씨씨웡  055.090하선보63 63 638863.058.052.72652111856 420 015 02010212522      ↘→선13.536.440.514.798 3                    0 33100 0   13.70   15.00 8  0  1NN동       1212 -.5 6.5 6.0252512 0전개최상거리탄력38기 0 5                    취소    13.7    15.0     0  .07                      111 5 20 1 5.01 1.08 1.6 1.9 16.2   12.9   53.8   23.9  .03469-1 5 4-1▽  .440.50-1.19     76.5619.8937.6752.67183753 8.1823.3032.52 3
20260315일 1120011국631 9 89 4 2강 2259흐림양호 6 5 1카오스          투아너앤로드란   6627.00한암 3 0 0 2 1  156      16500국6최용구표종순   0 4 3 3 3 6 2 0 0 2  0장추열47254.593하도보54 51 519894.075.099.029491119431420 036 02010202722      ↘↗입13.336.440.515.098 336.139.6 76.9 75.1  0  0100 0   13.50   15.30 6 -6  0NN동       1212 -.5 6.5 6.0262612 0단독선행전개최상78기 2 5 1     1 1 1③1:16.91¾   .313.740.315.0  2-11  .00 3 1 -3  .619 4743972 111 2 11 2 6.0210.02 1.6 3.6 26.7   55.4  152.8   21.9  .05294 2 9 8 2▲ 1.838.90-2.00-1.7876.5672.4495.0099.0032516433.3360.2943.85 1
20260131토 2120010국610 9 69 5 2강 2259맑음건조 2 5 1카오스          투아너앤로드란   6627.00한암 3     9 1  114      16500국6최용구표종순   0 5 2 2 2 6 1 0 0 0  0장추열48354.593하무보 5  5  556 4.033.017.729491119431420 036 02010202722      ↘↗입13.436.540.817.296 236.140.0 77.0 75.5  0  0100 0   13.40   17.6017  4  1BN동       1212  .0 9.0 9.0 1 112 0우수혈통조교부실 5관 011 1     1 1 1③1:17.05    1.013.540.815.3 -1  8  .00 3 4 -5 1.430 3814952 211 8 61 1 2.01 2.10 1.6 4.7  7.1    5.0   10.9   12.5  .02044-3 2 1-3▼-1.238.90 -.41-1.7876.78 3.04 9.7817.68 41219 1.22 3.61 5.21 9
20251004토 11200 9국650 9 59 6 1강 1159맑음다습10 5 1카오스          투아너앤로드란   6627.00한암 2     1 2  33710:35 24750국6최용구표종순   0 6 1 1 1 6 1 0 0 0  0임다빈47554.077평무보   25 2540  .034.016.22050 81856 420 013 02010142424      →→추13.536.738.517.1    36.345.0 81.8 80.6              13.50   17.40        LN동       12 0                 0 0일반주행우수혈통54기 2 7 2     3 3 9⑨1:21.819   6.613.445.717.6  0 29  .00 9 9  0 7.599 89999 5 1 1 6 80 1 1.03 9.04     4.8  2.8    6.2    9.5   12.4  .01647-1 2 3-1▽ -.940.30  .82 5.4475.61 3.80 8.8316.17 2 61113.3324.8654.27 5
20260906일 5120011국5 4 8  5 0혼전 4456           5 2글로벌최강      미스치비해성스타 7919.00한수 2 1 1   1    013:40 24750국5안병기김준현  99 0 3 2 2 2 3 1 0 2  1정정희   54.081기선적50 54 549039.052.030.02044 92357 818 018 0191020251599 0 0→→입13.436.639.913.488 9                   50  0 50 0   13.50   13.70 9 -3 -2UUUP55.54751210-4.0 8.0 4.0505010 2신뢰마주기복전력39기 0 2                            13.5    13.7        .0                       211 5 4  3                                              .02767 0 6 5 0―  .239.90 -.31     76.3410.5220.9629.98 92033 8.7019.7531.94 5
20260704토 1100011국610 8 15 1 2강 2255흐림건조 5 5 2글로벌최강      미스치비해성스타 7919.00한수 2 0 0 1 1  171      24750국6안병기김준현  99 1 2 2 2 2 2 0 0 1  0정정희47555.581하무보11  9  92854.051.024.22044 92357 818 018 01910202515      →→입14.037.238.214.3671036.138.7 62.5 62.5  0  0  0 0   14.00   14.60 5 -2  1NN동       1010-1.0 8.0 7.0 7 710 0우수혈통신뢰마주67기 1 5 2     2 2 2①1:02.5½   -.113.538.513.7 -7 -9  .00 1 8  0  .030 4672591 5 7 2 61 2 8.11 5.03 1.8 3.3 29.5  616.0 1167.1  964.5  .02723-2 5 5-2▽ -.137.70  .10-12.962.98 5.7813.8524.22 61426 8.1816.6720.30 9
20260530토 1100010국610 9 15 2 1강 1155맑음양호 7 5 2글로벌최강      미스치비해성스타 7919.00한수 2     9 1  100      24750국6안병기김준현  99 2 1 2 1 2 1 0 0 0  0정정희48455.081평무보22 25 2539  .036.019.82044 92357 818 018 01910202515      →→입15.938.937.312.8 19937.140.0 65.4 64.5              15.90   13.10 4  0  0LL동       10 0         9.0     0 0일반주행우수혈통35기 0 7 8     8 6 8⑦1:05.4목   3.314.040.414.6 -1  7  .00 7 8  0 3.3873394831210 310 70 1 1.02 2.01 1.4 3.0  1.4    3.0    3.8    8.5  .01620-1 3 4-1▽ -.836.50 -.20-11.863.43 5.7611.9319.76 3 91710.0020.0030.00 7
20260906일 5120011국5 4 8  8 0혼전 4456           5 3케이사이먼      사이먼퓨팜프린세 1036.00한거 4 0 0   1    013:40 24750국5박천서정광화   0 016 6 718 1 0 218  0임다빈   52.575평무보50 39 3921 6.035.011.01427 71167 5 7 0 7 013 5142424 0 099→↗추13.937.539.213.92337                   12 12  6 6   13.80   14.10 3 -2  0HHDN57.04751714-1.0 9.2 8.2232313-2선행무리건성마필49관 0 3                            13.8    14.1        .0                       9 91111  4                                              .01313-2 1 1-2▽-1.139.20  .13     76.45 2.45 5.4111.00 0 2 4 1.45 4.9410.2711
20260816일 4140010국511 7 18 1 1강 1151흐림다습13 5 3케이사이먼      사이먼퓨팜프린세 4437.00한거 4 0 0 2 1   58      24750국5박천서정광화   0 115 5 818 1 0 217  0조한별47452.562평추보21 17 1710 4.032.0 9.81421101167 5 7 0 3 013 5122018 0 099→↘입14.037.340.213.9281736.740.0 89.7 89.1 13 13  6 6   14.30   14.30 5 -2  2NN동57.04751714-1.2 8.4 7.2323213 0일반주행선추겸비 5   0 5 1     2 3 4⑦1:29.71    1.313.840.114.1 -2  4  .00 7 9  1 1.95430675643 510 8101 2 1.03 3.08 1.6 2.7  1.6    7.1    9.0   16.5  .016 9-3 1 1-3▼-1.138.70 -.2811.6489.62 1.69 4.33 9.81 0 3 6 1.03 3.05 7.58 8
20260711토 41400 8국540 9 48 2혼전 4451맑음다습14 5 3케이사이먼      사이먼퓨팜프린세 4437.00한거 4 0 0 2 1   77      24750국5박천서정광화   0 214 4 718 1 0 216  0조성환47051.053평추상15 17 1721 7.033.010.2 718 61167 5 7 0 0 013 5 91620 0 099↘→추14.037.240.113.9322237.839.9 90.5 89.6 13  7  7 7   14.60   13.90 8  6 -2NU동57.04751712-2.0 8.0 6.0444413 0숨은복병선추겸비69기 0 7 7     8 8 8⑧1:30.51¾  2.014.340.214.3  0 -3  .00 8 8 -1 4.26883627928 810 9 70 1 1.03 5.08 2.3 2.4  2.3    5.7    9.1   17.2  .01916-2 1 1-2▽-1.338.90 -.1512.3489.48  .97 4.0710.17 1 4 8 1.35 4.8812.20 7
20260516토 4140011국530 8 38 3 3강 3351맑음건조 3 5 3케이사이먼      사이먼퓨팜프린세 4437.00한거 4 0 0 2 1  157      24750국5구자흥정광화   0 313 3 618 2 0 215  0김태현47352.553하추보16 17 1719 4.032.010.1 950 41530101313 0 015 6201319 0 099→↘선14.037.240.113.9332538.239.5 90.9 90.1 14  7 14 7   14.30   13.70 5  0  0UU동57.04751712-1.2 7.4 6.2444413 0가는대로선추겸비47기 0 1 8     9 910⑦1:30.9머리 1.914.640.113.9 -2  2  .00 7 9 -1 2.77791537927 910 6 80 2 1.05 2.07 2.2 2.2  2.2   19.9   29.0   25.2  .01013-2 1 1-2▽-1.339.00 -.1512.8289.48 1.06 4.1410.11 1 611  .99 3.13 7.37 8
20260412일 6140011국541 7 98 4혼전 4451맑음다습12 5 3케이사이먼      사이먼퓨팜프린세 4437.00한거 4 0 0 2 1   87      24750국5구자흥정광화   0 412 2 518 1 0 214  0김태현47152.553하추보15 16 1611 3.029.0 4.9 950 41530101313 0 015 6201319 0 099→↘선14.037.240.213.8382238.239.1 90.0 89.9 15  0  8 8   15.10   15.10 3 -9 -1UUDN57.04751712-1.0 6.4 5.4464613-3가는대로보통주행48기 0 110    10 9 9⑩1:30.05    2.314.339.113.7  0 -7  .001010  0 3.87593397321 81011110 1 1.0310.04 2.4 4.3  2.4    7.3   10.4   92.7  .01311-3 1 1-3▼-1.738.90 -.0912.4689.55  .80 1.63 4.87 0 2 4  .12 1.81 4.9311
20260322일 4170011국543 9 48 5혼전 4451맑음건조 5 5 3케이사이먼      사이먼퓨팜프린세 4437.00한거 4 0 0 2 1   49      24750국5구자흥정광화   0 511 1 118 1 0 213  0조한별47853.562평추상41 54 54 413.035.0 8.81421101530101313 0 015 6122018 0 099→↘입14.039.841.813.9462739.643.5115.2115.0 17  0  8 8   14.00   14.20 5  7 -4BUUP57.04751712-1.0 5.4 4.4525213 3적정체중거리속성52기 010 6 6 7 9 9 9⑨1:55.2¾   3.115.143.215.1 -1 -1  .00 910  5 3.28335929114 711 8110 1 1.08 6.09 2.5 3.2  2.5   31.9   38.5  154.9  .02512-3 3 2-3▼-1.241.50  .0533.39114.2 1.23 4.23 8.75 0 2 4 4.17 8.8717.6510
20260214토 4140011국651 9108 6혼전 4461맑음건조 3 5 3케이사이먼      사이먼퓨팜프린세 4437.00한거 4 0 0 2 1   91      16500국6구자흥정광화   0 61013 418 2 0 112  0임다빈47957.076평추상47 73 735955.064.038.11427 7153010131323 015 6142424 0 099→↗추14.037.340.013.8273337.439.3 91.0 89.1  9  0  9 9   14.00   14.00 4  0  0HN동57.04751412 -.8 6.0 5.2474713 0착차만회탄력호전82기 1 3 8     810 6②1:31.05     .014.040.414.2 -3  4  .00 2 5 -1 1.05161475390 9 5 4 33 3 8.0511.03 2.5 6.9 24.5  128.9  293.6   88.712.73172 2 6 6 2― 1.238.70 -.8911.8089.4813.2425.3438.07 82033 9.2023.4736.16 4
20260117토 3140011국642 9 48 7 2강 2251맑음건조 5 5 3케이사이먼      사이먼퓨팜프린세 4437.00한거 4 0 0 2 1   82      16500국6구자흥정광화   0 7 912 318 1 0 011  0임다빈47557.076하입하17 20 2019 4.033.010.31427 7153010131323 015 6142424      →↗추14.037.340.214.0291537.239.4 89.8 88.7  0 10 10 0   14.90   14.00 2 -7  1HNUP       1412  .6 5.8 6.4373713 1일반주행거리탄력 5관 0 3 6     6 5 3②1:29.81¾   .014.039.814.0 -4 -5  .00 2 6  0  .34159485190 7 8 5 93 2 2.0610.03 2.2 3.4  3.2   26.5   34.4  141.7  .01616-4 1 1-4▼-1.438.60 -.2811.2289.62 1.73 4.9210.31 3 916 1.01 3.24 6.67 7
20260103토 3130011국641 7 48 8 2강 2251맑음다습13 5 3케이사이먼      사이먼퓨팜프린세 4437.00한거 4 0 0 1 1   4011:25 16500국6구자흥정광화   0 8 811 318 2 0 010  0김성현48056.059평입하49 39 3935 4.034.012.51440 91530101313 6 015 6162319      ↗↘입14.037.439.613.9494538.839.6 84.2 84.2  0 11 1111   14.00   14.80 4  4  1BNDN       1412 -.2 6.0 5.8424213-1일반주행보통주행56기 21011    111110⑧1:24.24    2.014.939.614.0  2 -3  .00 8 6  1 2.08092628725 4 3 6 63 4 1.05 3.04     2.8  1.7    8.1   10.6    7.2  .01612-3 2 1-3▼-1.339.90  .38 7.1783.29 1.43 5.4412.49 41118 1.00 3.11 7.55 9
20251206토 4140011국631 7 88 9혼전 4451맑음양호 9 5 3케이사이먼      사이먼퓨팜프린세 4437.00한거 3 0 0 1 1   8512:45 16500국6구자흥정광화   0 9 710 218 1 0 0 9  0김성현48355.059평입상67 58 583023.044.018.61440 91530101313 6 015 6162319      ↗↘입14.037.340.113.7253036.541.1 90.4 90.1  0 13 1313   14.10   13.80 4  5 -2NHUP       1412 -.6 6.8 6.2444413 1숨은복병보통주행68기 0 6 4     4 5 5⑥1:30.45    1.914.041.014.8  1  1  .00 6 5  0 3.48120898127 8 6 3 62 3 3.0211.07     3.4  3.8    5.8   13.0  119.6  .01930 0 4 3 0― -.538.90 -.4512.7089.55 3.49 9.9418.61 51223 5.8811.8317.25 6
20251108토 5130011국643 9 9810 2강 2252흐림건조 3 5 3케이사이먼      사이먼퓨팜프린세 4437.00한거 3 0 0 2 1  150      16500국6구자흥정광화   010 6 9 218 1 0 0 8  0임다빈48257.076평추상76 67 675846.057.039.31427 7153010131323 015 6142424      →↗추14.137.539.613.7494838.038.7 83.6 82.6  0  0 1414   14.10   13.8011 -8  2HN동       1412  .2 6.8 7.0404013 0일반주행최적거리 5   0 1 5     5 6 5④1:23.62½  1.314.139.313.8 -1 17  .00 4 5 -3 1.32868314244 7 6 3 32 1 1.0210.04 2.6 4.3  2.6    4.3    8.7    6.0  .01874 0 5 6 0―  .539.50 -.43 5.5283.35 9.9823.0939.30142943 9.1822.3532.81 3
20250823토 3130011국642 6 9811혼전 4451흐림건조 4 5 3케이사이먼      사이먼퓨팜프린세 4437.00한거 3 0 0 2 2  366      16500국6구자흥정광화   011 5 8 118 1 0 0 7  0김성현46555.062하무하32 30 3011 8.036.013.4 820 61940151313 6 015 6162319      →↗입14.137.439.713.6514537.939.0 82.8 82.8  0  0 1717   13.90   13.60 5  7 -2BHUP       1412  .0 7.0 7.0323212 1숨은복병거리속성64기 0 910     91010⑥1:22.8½    .714.139.113.8 -2 -6  .00 6 8  3 1.63566425159 7 4 8 63 2 1.0310.01 2.1 5.4  2.1    7.0   11.7    8.2  .01914-2 2 2-2▽-1.139.60  .29 5.7283.35 2.75 6.5313.36 41118 4.17 7.7910.51 9
20250720일 2120011국633 5 8812 1강 1145맑음포화17 5 3케이사이먼      사이먼퓨팜프린세 1036.00한거 3 0 0 2 3  44411:00 16500국6구자흥정광화   012 4 7 618 1 0 0 6  0김태훈47157.070하무하43 51 512112.035.010.5236012 7 0 5131311 015 6122521      ↗↘입14.137.339.413.6423037.938.5 75.9 76.5  0  0 2020   14.20   13.20 4 -7  0HN동       1412 -.6 8.2 7.6252512 0최빈거리탄력호전27관 0 2 6     6 7 8⑧1:15.9½   1.413.938.713.6  3  0  .00 8 5  4 2.16279405937 6 6 2 90 2 2.01 3.08     3.3  3.0    3.3    7.7    6.7  .01410-4 2 1-4▼-1.238.40  .13 -.2176.45 1.57 5.2610.50 1 4 8 2.14 6.32 4.7811
20250622일 1120011국640 8 9813 3강 3353맑음포화15 5 3케이사이먼      사이먼퓨팜프린세 1036.00한거 3 0 0 2 3  52510:35 16500국6구자흥정광화   013 3 6 518 2 0 0 5  0김태희47157.064하무상47 38 386514.042.023.3 733 3 7 0 51313 7 015 6152416      →↗입14.137.239.613.6552237.638.5 76.3 76.0  0  0 2020   14.40   13.60 4 -2  0LN동       1412 -.3 8.5 8.3191912 0최빈거리보통주행50기 0 9 9     9 9 9⑥1:16.31¼   .414.238.413.2  5 -2  .09 6 1 -6 1.14770415369 1 8 4 63 2 2.06 6.02     6.9  3.7   21.0   29.9   68.9  .01334 0 3 2 0― -.638.40 -.27 -.7676.51 5.1913.4823.32 51223 3.4511.5121.34 6
20250525일 1120011국633 4 8814 1강 1137맑음다습10 5 3케이사이먼      사이먼퓨팜프린세 1036.00한거 3 0 0 2 4  60410:35 16500국6구자흥정광화   014 2 5 418 1 0 0 4  0김태희47357.072하입상25 20 20 6 6.031.0 8.21743 5 867 01313 7 015 6152416      ↘→입14.137.339.813.949 738.537.5 76.9 75.7  0  0 25 0   13.70   14.80 3  0  3NL동       1412  .0 8.3 8.3131312 0일반주행부진마필58기 211 9    1111 8⑤1:16.9½   1.114.438.413.6 -2 -3  .00 5 7 -2 2.43494 94844 8 8 5103 1 1.02 1.02     3.4  2.2    3.4    5.6   12.5  .016 5-4 1 3-4▼-1.638.20 -.01-1.4076.67 1.14 2.65 8.20 2 611  .88 3.62 5.15 9
20250503토 1120011국641 7 9815혼전 4459흐림포화18 5 3케이사이먼      사이먼퓨팜프린세 1036.00한거 3 0 0 1 4  67710:35 16500국6구자흥정광화   015 1 4 318 1 0 0 3  0김성현47654.069하입보14 11 11 5 6.030.0 4.81540 4 867 01313 6 015 6162319      →→입14.137.339.813.943 736.739.9 76.9 76.5  0  0  0 0   13.70   14.50 4  5 -3NH동       1412-1.510.0 8.5 9 912 0걸음없음부진마필 1기 011 4     3 3 5⑧1:16.92    1.413.740.514.8 -1  4  .00 8 9  4 1.66119806538 310 8110 1 4.05 3.07     5.5  7.1   36.1   89.7   31.1  .0 5 1-4 1 4-4▼-1.938.40  .08 -.6576.67  .12 2.44 4.80 2 510 1.56 5.93 6.2110
20260906일 5120011국5 4 8  8 0혼전 4456           5 4강철파워        라이언메선플라자  344.00한수 5 0 0   1    013:40 24750국5심승태허건호  -1 016 8 427 1 1 226  0김태현   56.553평추상50 48 4823  .036.013.0 950 41450 812 0 0 01213201319 0 099→↘선14.638.138.113.5 780                   17 13  017   14.00   12.8011  3  0VNDN55.74981814-2.6 9.0 6.4454514-6출주제외보통주행30관 0 4                            14.0    12.8        .0                      11 2 810  1                                              .01820-2 2 2-2▽-1.038.10  .35     76.17 2.70 6.6613.00 1 3 617.3927.1636.50 3
20260620토 5180010국551 8108 1 3강 3359비  불량20 5 4강철파워        라이언메선플라자 25     한수 5 0 0 2 2  207      24750국5심승태허건호  -1 115 7 527 1 1 226  0김정준48756.580평추상 8 12 1214 4.035.012.52160 8 4 0 012 014 01213142126 0 099↘↗추14.640.940.613.51130                   17 13  017   16.00   13.60 5 -7  2UNUP55.74981814-3.6 8.8 5.2494914 1일반주행거리속성 5관 0 1                    경제    16.0    13.6   -14  .07                     10 511100 2 1.06 7.09 2.6 5.6  2.6   15.2   25.5   27.111.21622-2 1 1-2▽-1.140.60  .00     119.1 2.78 6.1612.45 1 611 1.92 5.0810.66 9
20260516토 5170011국551 8108 2혼전 4451맑음건조 3 5 4강철파워        라이언메선플라자 2531.00한수 5 0 0 2 1   96      24750국5심승태허건호  -1 214 6 627 1 1 225  0우인철50155.070평추상22 23 23 7 6.036.011.32048 91450 812 014 01213102723 0 099→↘입14.640.241.013.6234541.341.0114.3114.1 18 14  018   16.20   13.60 7  3  4LNDN55.74981814-3.6 8.8 5.2494914-1발길대로거리속성50기 0 8111111101011⑪1:54.32½  1.516.040.413.6  2  2  .0011 9 -2 1.6629647813811 711100 2 3.0811.01 2.9 7.2  6.5   93.4  169.4  105.6  .01214-2 1 1-2▽ -.941.00  .2132.87113.9 2.48 5.9711.30 1 3 8 1.23 4.5210.0011
20260328토 6180011국540 8 98 3혼전 4451맑음건조 3 5 4강철파워        라이언메선플라자 25     한수 5 0 0 9 1  140      24750국5최봉주허건호  -1 313 5 527 1 1 224  0조성환49951.553평추상27 30 3010 8.038.015.3 718 61350 61416 0 017 4 91620 0 099↘→추14.640.840.513.5193341.939.9121.3119.5 14 19  019   15.20   12.80 4 -3 -1NU동55.74981814-3.2 7.4 4.2616114 0일반주행거리속성50기 0 5111111111110⑦2:01.33    1.816.239.813.6 -4  5  .00 711  3 2.56396317530 9 7 8 93 1 1.02 2.01 3.7 7.6  3.7    7.6   12.1   11.5  .01627 0 2 2 0― -.740.20 -.0138.22119.0 3.49 7.8215.28 2 4 8 4.11 7.3212.60 8
20260301일 5180011국550 7108 4혼전 4455맑음건조 3 5 4강철파워        라이언메선플라자 25     한수 5 0 0 1 1   79      24750국5최봉주허건호  -1 412 4 427 1 1 223  0우인철49452.569평추보 5 15 15 9 6.037.0 9.42048 91350 61416 0 017 4102723 0 099→↘입14.640.640.813.6242241.839.0121.2119.4 15 15  015   15.00   14.10 7  1 -4LU동55.74981814-3.0 6.8 3.8676714 0숨은복병거리속성65기 0 8 8 8 8 9 9 8⑥2:01.22½  1.115.238.412.8 -2  1  .00 6 8  0 1.56095115247 91111113 110.01 9.05 3.3 6.3 26.3   47.6  163.4  120.9  .01925-2 2 2-2▽-1.140.40  .1038.04119.1 1.79 4.34 9.40 0 2 4 1.35 4.71 9.8211
20260111일 4180011국531 7 88 5혼전 4451맑음양호 7 5 4강철파워        라이언메선플라자 25     한수 5 0 0 2 1  112      24750국5최봉주허건호  -1 511 3 327 2 1 222  0김태훈49356.069평추상45 66 667237.056.036.51756 81350 6141619 017 4122521 0 099↗→입14.540.840.113.6115740.841.7121.7120.6 21 21  016   15.00   13.60 7  1  3LN동55.74981814-3.6 6.4 2.8797918 0적정체중최적거리 5기 0 710101010 8 7⑦2:01.72½  2.015.042.014.1 -1 -3  .00 7 8 -1 2.2837180862611 1 5 40 2 3.06 2.06 2.7 6.2  4.5   32.2   56.6   41.312.73171 2 6 5 2―  .640.30 -.3939.66118.912.2925.1136.53 6142611.2522.3532.14 4
20251123일 5180011국530 7 88 6혼전 4455맑음건조 3 5 4강철파워        라이언메선플라자 25     한수 4 0 0 2 1  13813:35 24750국5최봉주허건호  -1 610 2 227 1 0 221  0김태훈49653.069평추보18 36 363528.056.036.31756 81350 6141619 017 4122521 0 099↗→입14.640.840.613.5123340.140.9119.1118.9 17 17  028   15.60   14.30 4  5  0NU동57.04991814-1.8 5.6 3.8717114 0착차만회거리속성69기 0 610101010 9 4①1:59.11    -.215.040.013.6 -8  4  .00 1 9  1  .0424862599211 2 6 43 1 9.01 6.03     4.3 42.6   34.6  148.4  106.912.73273 2 5 8 2▲  .540.10 -.5137.45119.112.4723.8636.26102336 7.7918.0728.78 5
20251025토 6180011국550 8 58 7 3강 3351맑음건조 5 5 4강철파워        라이언메선플라자 25     한수 4 0 0 9 1  193      24750국5최봉주허건호  -1 7 9 1 127 1 0 220  0김동수49253.067평추보60 67 672617.036.012.414 0 01350 61416 7 017 4102127 0 099↗↘추14.640.640.413.6254141.041.8119.9120.8 18 18  018   14.90   13.20 4 -1 -4UUUP57.04991814-1.0 5.2 4.2686814 1일반주행거리속성44기 0 111101010 7 4⑤1:59.9¾    .815.640.914.3 -3 -2  .00 5 8  4 1.88479808956 9 4 3 80 1 3.01 2.08 2.9 5.0  4.6    5.7   14.4    6.212.11621-3 4 1-3▼-1.140.60  .1539.79118.9 2.44 5.9112.37 41120 5.8812.5922.08 4
20250927토 4170011국650 9 58 8 2강 2251맑음다습11 5 4강철파워        라이언메선플라자 2531.00한수 4 0 0 9 2  260      16500국6최봉주허건호  -1 8 820 527 1 0 119  0박태종49457.077평추상86 99 996580.071.071.127 0241425 9141624 017 4192421 0 099→↘입14.640.040.913.6395340.139.9114.0113.2 13 19  019   14.50   13.20 5 -1  0HNUP57.05041714-1.0 5.6 4.6656514 3일반주행거리속성72기 1 2 9 9 6 6 5 4②1:54.02½   .014.939.913.2 -2-10  .00 2 4 -1  .43861222488 6 1 2 23 1 1.04 1.02 1.9 4.2  1.9    7.8   11.5   20.3  .04176 3 8 8 3▲ 1.741.00-1.0232.28113.733.6757.0971.1038587126.2548.7565.82 2
20250824일 3140011국611 9 68 9혼전 4451맑음건조 4 5 4강철파워        라이언메선플라자 2531.00한수 4 0 0 2 2  35611:25 16500국6최봉주허건호  -1 9 719 827 2 0 118  0조재로50457.087평추상79 97 974866.067.053.42343 71425 9141627 017 4192622      →↗입14.637.639.413.7233737.438.3 88.7 88.1  7 13  013   14.80   12.90 4  1  0HN동       1714-1.0 5.8 4.8585814 0일반주행최적거리53기 1 3 9     8 7 6④1:28.7코    .114.538.113.2 -1 15  .00 4 5 -1  .41866142076 7 4 1 33 2 4.02 1.02     5.1  9.0   16.1   39.5    8.210.52162 0 7 5 0― 1.238.10-1.1011.1189.2819.1336.9253.3910233620.3135.9751.54 3
20250727일 31400 9국650 9 5810 1강 1151맑음건조 3 5 4강철파워        라이언메선플라자 2531.00한수 4 0 0 9 3  42311:35 16500국6최봉주허건호  -110 618 727 1 0 017  0조재로48957.086평추하54 61 613758.063.052.2284418236716141627 017 4192622      ↘→입14.637.639.613.8242738.337.4 90.0 88.0  0  7  0 7   14.10   13.90 4  0  2HNUP       1714-1.4 6.6 5.2464614 1숨은복병최적거리64기 0 2 7     5 5 3②1:30.07     .014.838.112.9 -4 -3  .00 2 6  1 1.31594 22191 5 4 4 23 1 2.06 9.02     4.9  3.8   26.8   46.5   52.8  .02186 0 6 8 0▲  .938.10-1.2010.8089.4118.0836.3152.1918375311.2527.3340.17 4
20250628토 2130010국611 9 6811 1강 1159흐림다습11 5 4강철파워        라이언메선플라자 2531.00한수 4 0 0 9 3  51311:30 16500국6유재길허건호  -111 517 427 5 0 016  0김성현49255.063평추하38 39 3924 6.036.014.014401010   4 8 616 912 0162319      →→입14.637.939.213.8374838.139.2 84.3 83.1  0  8  0 8   14.80   14.40 2  0  0HHDN       1714-2.0 7.6 5.6404014-4일반주행거리속성42기 0 2 5     9 8 7⑥1:24.33     .914.139.913.9  1  0  .00 6 5 -1 1.64475506557 7 1 4 80 6 1.0810.06     4.9  1.3    7.8   10.8   27.2  .01610-4 2 2-4▽-1.139.20  .26 5.9683.35 2.80 6.7014.04 3 818 1.56 6.1512.92 7
20250614토 31700 9국630 9 3812 2강 2251맑음건조 3 5 4강철파워        라이언메선플라자 2531.00한수 4 0 0 2 3  55212:50 16500국6유재길허건호  -112 416 427 4 0 015  0김성현49255.063하추상57 62 623545.062.039.414401010   4 8 616 912 0162319      →→입14.540.341.213.7194139.542.1115.3113.9  0  8  0 8   14.50   13.60 2 -1  0HHUP       1714-2.6 8.0 5.4363614 3착차만회거리속성62기 0 2 3 3 3 5 5 7⑦1:55.33    1.414.842.114.4  1 -1  .00 7 6  0 2.46128786940 9 2 3 42 5 1.08 3.06     2.6  1.6   21.3   25.8   97.4  .02549 1 6 6 1―  .940.90 -.5932.43114.111.2124.6839.43 82033 9.7819.2133.21 4
20250531토 3140010국630 9 8813 1강 1151맑음건조 4 5 4강철파워        라이언메선플라자 2531.00한수 4 0 0 9 3  59112:45 16500국6유재길허건호  -113 315 627 3 0 014  0김성현49355.063하추상28 27 272413.046.018.514401010   4 8 616 912 0162319      →→입14.537.839.713.7 62537.438.7 90.2 88.5  0  0  0 9   14.20   14.00 3 -2  0HH동       1714-2.2 9.0 6.8222213 0일반주행탄력호조40기 0 3 7     9 9 5④1:30.21¾   .414.538.913.6 -2  0  .00 4 6  0 1.12866273470 9 4 7 73 4 2.03 9.07     4.2  2.7    5.9   10.7    3.6  .03034 0 3 4 0― -.238.00 -.4910.9589.62 3.8710.6318.49 41219 3.28 8.0017.25 6
20250511일 21400 8국653 8 5814 2강 2259흐림포화19 5 4강철파워        라이언메선플라자 2531.00한수 4 0 0 2 4  64511:00 16500국6유재길허건호  -114 214 527 2 0 013  0김성현49355.069하추하 9 27 2720 3.033.013.81540 4 8 0 2 8 616 912 0162319      →→입14.537.839.713.7 72237.639.0 91.1 89.3  0  0  010   14.70   13.90 3  1  1NN동       1712-3.010.0 7.0181813 0일반주행단기승부 1   0 5 4     6 7 5⑤1:31.15    1.314.239.914.0 -1  1  .00 5 6  4 1.65975355144 5 3 7 70 3 2.04 7.06     4.0  4.3   11.0   17.7    6.8  .01613-1 1 1-1▽-1.038.20 -.3911.8089.62 2.29 6.3713.81 3 818  .12 2.37 7.32 7
20250420일 31400 9국610 9 1815 2강 2259맑음양호 9 5 4강철파워        라이언메선플라자 2531.00한수 4 0 0 2 4  70711:25 16500국6유재길허건호  -115 113 427 3 0 012  0오수철49257.059하추상23 17 17 5 2.028.0 9.5 925 8 8 0 2 8 6 5 012 0112115      ↘→입14.537.839.713.7102238.739.2 92.7 90.7  0  0  010   14.60   13.80 2  3  0HNUP       1712-1.6 8.8 7.2181813 1탄력저조단기승부 1기 0 4 6     6 6 5⑤1:32.7¾    .514.740.113.9  3 -5  .05 5 2 -8 2.48898458568 8 5 5 72 8 1.03 5.03     2.9  1.1    2.9    3.2    5.4  .0 8 1-4 1 1-4▼-1.638.50 -.2813.2089.62 1.30 3.10 9.53 2 613  .12 1.89 5.08 6
20260906일 5120011국5 4 8  7 0혼전 4456           5 5피엔에스날라    천구    로열조이  242.00한거 5 0 0   1    013:40 24750국5박윤규피엔에스 2 01621 425 1 1 425  0정도윤   56.583평무보50 57 575427.047.025.315 0121448 817 8 0 017 91027227525 0↗↗입14.137.238.413.76457                   23 18 1414   14.00   13.50 4  4  5NB동54.34631813-1.0 5.6 4.6666614 0일반주행보통주행 1   0 5                            14.0    13.5        .0                       7 4 3 6  1                                              .01660-2 4 2-2▽ -.338.40  .34     75.84 6.1815.1625.25 41120 5.8016.0526.24 6
20260809일 4120011국513 7 67 1 2강 2251흐림건조 2 5 5피엔에스날라    천구    로열조이  242.00한거 5 0 0 1 1   78      24750국5박윤규피엔에스 2 11520 325 1 1 424  0조성환47452.054평입하51 54 5454 5.040.012.7 718 61448 817 8 0 017 9 916207525 0↘→추14.137.138.413.7715737.538.6 76.3 76.2 24 19 1414   13.50   14.00 5 -8 -4UHDN54.34631813-2.4 6.0 3.6737314-1연대우수작전마주23관 0 1 6     7 7 7⑦1:16.3¾   1.014.038.613.5  1  5  .00 7 6  1 1.05768435452 6 2 6 70 1 1.03 8.03 1.9 5.6  1.9    6.4    9.6   13.8  .03329-1 3 2-1▽ -.838.50  .74  .7475.78 2.53 6.2912.69 41118  .74 2.44 7.16 7
20260705일 5130011국531 2 87 2혼전 4451흐림건조 4 5 5피엔에스날라    천구    로열조이  2     한거 5 0 0 1 1   66      24750국5박윤규피엔에스 2 21419 625 2 1 423  0마이아46956.093평입보63 70 706141.066.039.73451151448 817 838 017 93533 77525 0↘↗선14.137.039.313.7864137.340.2 82.1 83.7 25 25 1515   13.70   14.00 4  3 -1BN동54.34631814-3.0 6.8 3.8717113 0승부최상연대우수 5   0 9 5     6 7 7⑧1:22.1½   1.513.539.614.0  3  0  .00 8 5  2 1.66535756633 6 4 5 30 2 1.02 2.10 1.9 5.0  1.9    5.0    7.0    7.5  .03761 1 6 7 1― 1.140.20  .03 7.4382.8413.6527.7239.65133149 8.8919.9033.10 5
20260607일 4130011국550 8107 3 1강 1159맑음양호 6 5 5피엔에스날라    천구    로열조이  2     한거 5 0 0 1 1   67      24750국5박윤규피엔에스 2 31318 525 1 1 422  0마이아46957.093평입하59 66 668675.072.059.33451151448 817 838 017 93533 77525 0↘↗선14.137.039.413.8863037.039.6 83.3 82.8 25 20 1510   13.60   14.20 3 -3  0NL동54.34631814-1.8 6.6 4.8626214 0과중분패승부최상 5   0 6 4     4 6 5⑥1:23.31¾   .713.739.914.0  3 -1  .09 6 3 -8  .93319583361 3 7 2 12 1 8.10 5.09 3.0 8.3 22.0  252.9  456.9  421.8  .05297 4 9 9 4☆ 2.140.00 -.55 6.4482.9032.6449.0259.3438617225.3537.1350.19 2
20260517일 5130011국552 4107 4혼전 4451맑음건조 3 5 5피엔에스날라    천구    로열조이  2     한거 5 0 0 2 1   46      24750국5박윤규피엔에스 2 41217 425 1 1 421  0김태현47057.053평입하37 45 4511 6.037.0 8.4 950 41448 817 8 0 017 92013197525 0→↘선14.237.039.413.8853336.939.6 82.8 82.6 26 11 1611   14.80   12.7029  6  5BBDN54.34631814-1.8 6.6 4.8626214-5숨은복병거리속성 5   0 9 2     2 3 4⑤1:22.8½    .513.639.914.2 -6  7  .00 511  7 1.12819613764 5 9 8101 1 5.0411.01 3.5 9.2  7.3   21.6   42.1   19.6  .01918-2 2 2-2▽-1.140.00  .86 6.2082.90 1.49 3.76 8.44 2 510 1.03 4.12 8.94 9
20251025토 6180011국550 8 57 5 3강 3351맑음건조 5 5 5피엔에스날라    천구    로열조이  2     한거 4 0 0 9 4  601      24750국5박윤규피엔에스 2 51116 625 1 1 420  0권중석46352.557평입상27 43 43 7 7.036.012.4 0 0 027711917 8 71117 91918187525 0→→선14.139.940.913.7721238.353.2132.5132.2 26 11 1611   14.30   14.3014 -4 -4HHUP54.34631814-2.2 8.0 5.8505014 1기습선행휴양불리 5   0 3 2 2 2 81111⑪2:12.5대차 9.914.152.919.6  7 -2  .0311 4  0 9.999 39999 4 3 7 5 70 1 3.01 2.08 2.9 5.0  4.6    5.7   14.4    6.212.24020-3 3 1-3▼-1.142.60  .2151.36118.9 2.44 5.9412.38 3 916 1.47 5.5912.99 7
20250720일 61700 8국540 7 47 6 2강 2252맑음포화17 5 5피엔에스날라    천구    로열조이  2     한거 4 0 0 2 3  440      24750국5박윤규피엔에스 2 61015 525 3 1 319  0김효정46556.072평입상29 45 452158.052.031.02544171525 517 8 81417 92022177525 0↘↘선14.139.541.313.7662538.941.5110.8112.9 22 17  611   14.30   14.10 5 -4  3NBDN54.34631814-2.0 9.8 7.8404014-1기습선행거리속성 5   0 7 4 4 4 2 2 2②1:50.89     .014.340.914.3 -2  0  .00 2 4  2 1.52710663888 3 6 3 51 4 1.04 8.07 2.2 3.6  2.2    6.8   10.8   74.1  .04032 0 6 4 0―  .141.50 -.0432.05113.6 7.9218.9230.97 61426 8.8222.5636.36 4
20250615일 5180011국510 8 67 7 1강 1159맑음건조 3 5 5피엔에스날라    천구    로열조이  2     한거 4 0 0 2 3  541      24750국5박윤규피엔에스 2 7 914 525 2 0 318  0김효정46553.072평입상20 27 272657.054.039.72544171525 517 8 81417 92022176733 0↘↘선14.140.240.913.7491338.041.7120.0119.0 18 18  012   14.40   14.20 4  8  1VN동54.74621814-1.2 9.8 8.6282814 0기습선행작전마주 5   011 3 2 2 2 1 1①2:00.02    -.314.341.014.1 -1  5  .00 1 2 -6  .043 1781993 2 8 2 21 3 2.0811.04 1.9 7.7  6.5   66.7  109.4  229.9  .04043 0 7 5 0―  .540.80 -.5237.86119.013.6126.0239.7019395618.0043.2457.45 2
20250517토 51800 8국511 9 17 8 1강 1159맑음포화16 5 5피엔에스날라    천구    로열조이  2     한거 4 0 0 2 4  63114:25 24750국5박윤규피엔에스 2 8 813 425 1 0 217  0김효정46052.062평입보 5  6  6 2 3.037.027.016271427711917 8 81417 92022175050 0↗↘선14.140.440.813.7381539.740.1118.7118.2 13 13  013   14.50   14.50 2 -4  0HHUP56.04631814-1.4 9.6 8.2323214 1발길대로거리속성 5   0 3 1 1 2 2 2 2②1:58.73     .014.440.614.2 -6 -5  .00 2 8 -1  .62330412392 3 6 8 51 2 1.08 6.03     3.4  1.1   19.2   29.1  110.7  .01224 0 2 3 0― -.640.50 -.2537.03119.0 5.8715.1627.02 61728  .12 4.2111.46 7
20250503토 51700 9국520 4 77 9 3강 3351흐림포화18 5 5피엔에스날라    천구    로열조이  2     한거 4 0 0 1 4  67314:25 24750국5박윤규피엔에스 2 9 712 425 1 0 216  0해리카46552.073평입보 6 11 111011.045.021.41725 727711917 8181317 91726125050 0↗↘입14.139.841.213.7443339.742.1112.5115.0 13 13  013   14.60   15.10 7  3  1NNDN56.04631814-1.8 9.2 7.4393914-1일반주행거리속성 1   0 7 5 5 7 9 9 8⑨1:52.5¾   1.914.540.914.5  0  5  .00 9 9 -1 2.28342787625 4 7 9 60 1 1.05 9.04     4.2  2.1    9.7   14.8   20.211.21837 0 4 5 0― -.341.50  .0933.96113.8 3.8611.2121.39 51223 2.20 6.5213.00 8
20250315토 5180011국540 7 9710 3강 3339맑음양호 6 5 5피엔에스날라    천구    로열조이  2     한거 4 0 0 2 5  82014:25 24750국5박윤규피엔에스 210 611 325 2 0 215  0김태희46051.062평입상 5  9  9 6 5.036.014.81944111133 617 811 317 91524165050 0→↘입14.140.440.613.7332739.942.5122.6121.8 14 14  014   14.90   14.10 5 -1 -1HU동56.04631814-2.0 8.8 6.8454514 0일반주행거리속성 1   0 4 6 5 5 4 4 7⑩2:02.6¾   2.114.642.715.1  0  2  .001010 -1 3.09339888624 4 5 8 70 3 2.08 8.06     8.4  4.8   88.9  154.1   94.711.21621-2 2 2-2▽-1.140.90  .0840.81118.9 3.46 7.6614.84 51223 1.64 4.8811.82 6
20250209일 6180011국540 7 9711 2강 2258맑음건조 4 5 5피엔에스날라    천구    로열조이  2     한거 4 0 0 1 5  91614:25 24750국5박윤규피엔에스 211 510 225 1 0 214  0김태희45851.562평입보11 18 18 6 3.036.017.31944111133 617 811 317 91524165050 0→↘입14.140.340.613.7392540.540.5122.4120.5 15 15  015   14.70   14.20 3 -2 -1NU동56.04631814-2.4 7.8 5.4494914 0일반주행거리속성 1관 0 5 6 6 6 7 7 7⑦2:02.43    2.014.941.314.1 -4  4  .00 711  0 2.08063535926 4 7 5 70 2 5.04 4.01     5.2 12.7   27.6   78.4   28.5  .01634 0 2 1 0―-1.040.80  .0739.64118.9 3.67 9.1417.29 2 714  .12 3.20 8.61 9
20250119일 6180011국551 910712혼전 4459맑음건조 3 5 5피엔에스날라    천구    로열조이  2     한거 4 0 0 2 5  96014:25 24750국5박윤규피엔에스 212 4 9 125 1 0 213  0김효정45452.066평입보14 17 17 1 6.035.014.81140 61133 617 8 81417 92022175050 0→↗선14.140.440.613.7312740.340.3122.4120.0 17 17  017   14.30   14.2010  5  1NNUP56.04631814-2.0 7.4 5.4545414 1일반주행휴양탐색 1   0 7 3 3 3 3 3 8⑪2:02.41¼  1.114.741.514.2  0-15  .001111  3 2.47054474749 4 7 9100 1 9.06 5.10     9.1 15.9   84.9  261.0  426.8  .01615-1 2 1-1▽-1.240.70  .0839.00118.9 2.80 8.0814.79 1 4 8 2.63 7.2713.6410
20241110일 41700 9국550 2 5713 1강 1152맑음건조 5 5 5피엔에스날라    천구    로열조이  2     한거 3 0 0 2 6 118013:35 24750국5박윤규피엔에스 213 3 8 325 1 0 212  0김태희46951.557기입보19 29 2927 3.035.014.41050 712201117 811 317 91524165050 0↘→입14.039.941.213.6423739.741.3113.3114.2 18 18  018   15.30   13.50 3 -8 -1HU동56.04631714-1.4 6.8 5.4525214 0일반주행기복전력 1관 0 2 3 3 3 4 4 6⑥1:53.32½  1.914.340.714.2 -2  9  .00 6 8  0 2.16839605425 4 7 7 82 1 5.03 8.01     3.6 11.6   25.0   57.3   20.9  .01628-1 1 2-1▽ -.841.30  .1933.11113.8 2.86 7.3614.37 2 611  .12 2.27 6.77 7
20241020일 5170011국530 6 8714 1강 1151맑음다습14 5 5피엔에스날라    천구    로열조이  2     한거 3 0 0 2 7 124514:00 24750국5박윤규피엔에스 214 2 7 225 2 0 211  0김동수46052.070평입상48 52 521915.043.020.71550 91333 717 8181217 91021275050 0↗↗추14.039.641.213.6573740.540.9114.1115.1 20 20  020   14.00   13.50 2  6 -1BUUP56.04631714-2.6 7.2 4.6585814 3일반주행거리속성 1기 010101011111010⑦1:54.1½   1.315.340.813.5 -1  4  .00 7 8  0 2.28579496743 3 6 4 73 2 2.04 6.02     4.1  3.4   26.6   53.8  136.3  .01626-1 3 3-1▽ -.541.70  .1934.34113.6 5.4412.5620.67 41219 4.5510.3418.90 6
20241005토 6140011국550 810715 1강 1157맑음건조 3 5 5피엔에스날라    천구    로열조이  2     한거 3     1 7 129914:50 24750국5박윤규피엔에스 215 1 6 525 1 0 2 0  0김동수45652.570기입적10 16 1623 5.040.017.51550 91333 717 8181217 91021275050 0↗↗추14.037.339.513.6343337.838.6 88.9 88.5 22 22  022   13.80   15.40 5 -4 -1HU동56.04631713-2.6 6.8 4.2646414 0일반주행기복전력 1기 0 4 6     7 7 7⑥1:28.91½   .714.038.913.5 -2 -1  .00 6 8  3 1.13183244761 7 7 9 90 1 5.0111.05     6.4 10.5   24.7   59.4   27.7  .01635 0 2 3 0― -.438.50 -.0511.7289.14 4.30 8.9817.54 2 611 1.12 3.26 6.3410
20260906일 5120011국5 4 8  6 0혼전 4456           5 6해맞이          콩코드포스톰포스 7522.00한암 4 0 0   1    013:40 24750국5강환민박태준  -3 016111119 1 0 219  0김정준   52.574평입보50 41 4114 8.042.021.315381019541122 010 02019142126 0 099↗↗추14.037.639.113.91837                   12 12  6 6   14.60   15.00 3  1  0NU동55.04641412-1.2 8.6 7.4292913 0배당마주배당마주44기 0 6                            14.6    15.0        .0                      10 810 8  1                                              .02431 0 2 4 0― -.539.10 -.16     76.45 6.3013.5321.30 1 611 4.35 7.4112.5510
20260817월 31200 8국543 8 96 1 1강 1151흐림다습13 5 6해맞이          콩코드포스톰포스 7522.00한암 4 0 0 2 1   49      24750국5강환민박태준  -3 115101019 1 0 218  0송재철47252.578기입보28 27 2722 6.041.021.21746 719541122 011 02019192520 0 099↘↗입14.037.639.113.9203737.540.5 77.9 77.9 13 13  6 6   13.70   13.70 8 -1  0NU동55.04641412-1.4 9.2 7.8282813 0최빈거리배당마주 5   0 5 8     8 8 8⑧1:17.92½  2.714.640.215.0  0 -6  .00 8 8  1 3.09066899115 8 7 6 60 1 3.06 8.04 3.3 6.2  4.4   31.0   50.3  125.6  .01732 0 2 3 0― -.738.50 -.16 1.1576.45 4.8911.0621.19 51223  .97 4.2310.04 7
20260621일 3120011국523 4 26 2 3강 3366맑음포화19 5 6해맞이          콩코드포스톰포스 7522.00한암 4 0 0 2 1  128      24750국5최봉주박태준  -3 214 9 919 1 0 217  0김용근47852.587기추적55 51 513940.059.043.72753141350 61413 0 017 4312714 0 099↘↘선13.937.638.813.9145337.139.4 74.4 76.6 13 13  7 7   14.30   13.70 2 -4  0NU동55.04641412-1.6 9.4 7.8292913 0배당마주기복전력 5관 0 6 7     5 4 5⑥1:14.43    1.313.738.313.7 -1  2  .00 6 7 -3 2.5644268623910 4 4 32 1 1.02 7.08 1.6 2.3  1.6    2.3    3.5    6.811.83282 2 5 6 2―  .838.10 -.65  .2076.2814.3829.1843.7113314911.4322.2231.97 4
20260607일 3120011국532 7 36 3 3강 3351맑음양호 6 5 6해맞이          콩코드포스톰포스 7522.00한암 4 0 0 1 1   28      24750국5최봉주박태준  -3 313 8 819 2 0 216  0김태훈47652.571하추상11 10 10 9 6.034.011.81756 81350 6141319 017 4122521 0 099↗→입13.837.638.913.9124837.338.2 76.2 75.3 14  7  7 7   14.60   13.40 2  5  0BU동55.04641412-1.4 9.6 8.2242413 0배당마주배당마주34관 010 7     5 4 4④1:16.2½    .414.338.513.7 -6 -4  .00 410  0 1.0245427286910 710102 4 1.03 7.02 2.0 2.6  2.0    5.3    7.1   70.5  .02411-4 1 1-4▼-1.337.70  .21-1.1676.34 1.39 5.2711.80 2 4 8 1.27 5.1611.02 9
20260524일 5120011국543 6 46 4혼전 4451맑음다습11 5 6해맞이          콩코드포스톰포스 7522.00한암 4 0 0 2 1   26      24750국5최봉주박태준  -3 412 7 719 1 0 215  0김태훈48052.571하추하11  9  919 5.034.012.11756 81350 6141319 017 4122521 0 099↗→입13.837.638.913.9164538.838.6 76.3 77.6 15  8  8 8   14.90   14.70 3 -2  0NU동55.04641412-1.2 9.4 8.2282813 0배당마주배당마주63기 0 510     9 9 7⑨1:16.3¾   2.414.637.713.4 -1  2  .00 910  2 2.8879745841910 8 9 70 3 1.02 3.10 1.9 3.4  1.9    3.4    5.4    6.9  .02418-3 1 1-3▼-1.338.40  .21 1.1076.34 1.32 5.1712.05 2 714 1.12 3.49 8.00 9
20260502토 5120010국533 6 36 5혼전 4451흐림건조 3 5 6해맞이          콩코드포스톰포스 7522.00한암 4 0 0 1 1   56      24750국5최봉주박태준  -3 511 6 619 1 0 214  0유승완47852.572하추보16 17 173012.052.025.91861 81350 61413 02717 4152722 0 099→↘입13.837.439.014.0294138.240.4 78.2 78.5 17  8  8 0   14.20   15.40 4  2  0NUDN55.04641412-2.0 8.6 6.6444413-2배당마주배당마주35조 0 710    10 9 9⑩1:18.25    3.714.940.114.7  2  2  .0010 8 -3 3.894888794 8 9 710 60 2 1.0211.02 1.6 2.7  1.6    2.7    3.8    3.9  .02463 1 3 5 1―  .238.90 -.14 2.1276.28 7.8116.8925.91 51223 3.66 8.7014.53 9
20260405일 4140011국552 6106 6 3강 3351맑음양호 6 5 6해맞이          콩코드포스톰포스 7426.00한암 4 0 0 1 1   70      24750국5최봉주박태준  -3 610 5 319 2 0 213  0김태훈47652.569평추상42 43 432415.042.016.31756 81350 6141319 017 4122521 0 099↗→입13.837.139.814.0363037.241.4 92.0 91.4 18  9  9 9   14.60   13.30 3  1  0NUUP55.04641412-3.4 8.4 5.0595913 2숨은복병배당마주45기 0 510     6 6 9⑩1:32.08    3.014.241.615.4 -1  0  .001011  3 3.49358909112 911 9 90 2 1.03 4.02 3.3 5.5  3.3    6.6   11.4   16.5  .01924-1 3 4-1▽ -.739.30 -.0614.4589.21 3.93 8.7116.25 2 510 3.96 8.6115.58 8
20260314토 5120010국551 5 56 7 1강 1151맑음양호 7 5 6해맞이          콩코드포스톰포스 7522.00한암 4 0 0 2 1   59      24750국5최봉주박태준  -3 7 9 4 519 1 0 212  0김태훈47652.571기추적54 56 564328.053.026.41756 81350 6141319 017 4122521 0 099↗→입13.837.239.214.1464138.338.0 75.9 76.1 20 10 10 0   14.40   13.90 7 -4  0HUDN55.04641413-3.8 8.6 4.8616114-2배당마주기복전력74기 1 4 9     9 9 6⑥1:15.91¼  1.114.637.813.3 -2  2  .00 6 8 -3 1.15091195446 7 9 4 63 1 6.05 1.10 3.0 4.3 13.1   60.8  144.1  122.6  .02461 1 5 5 1―  .538.40 -.14 -.2976.28 7.3216.0026.44 51222 4.9612.8822.87 7
20260124토 6140011국553 6106 8혼전 4451맑음건조 3 5 6해맞이          콩코드포스톰포스 7426.00한암 4 0 0 2 1  131      24750국5최봉주박태준  -3 8 8 3 219 2 0 211  0임다빈47452.576기무보25 33 333011.050.022.11427 71350 61413 7 017 4142424 0 099→↗추13.836.940.314.2571537.939.0 88.7 88.9 22 11 11 0   14.20   14.40 3 -2  0LUUP55.04641413-3.2 8.2 5.0595914 1배당마주배당마주 6기 0 811    1110 7⑥1:28.72    1.214.439.213.9 -5 -4  .00 611  2 1.94785366244 51110 83 2 5.01 7.03 2.3 6.0  8.1    7.3   21.2   47.9  .02441 0 4 5 0―  .139.00 -.4111.6989.41 6.0214.1222.08 2 4 8 1.96 5.3110.6510
20260104일 4130011국530 7 86 9 3강 3351맑음다습12 5 6해맞이          콩코드포스톰포스 7426.00한암 4 0 0 1 1   4913:10 24750국5최봉주박태준  -3 9 7 2 519 1 0 210  0임다빈47852.576기입적34 32 323310.050.022.81427 71350 61413 7 017 4142424 0 099→↗추13.837.339.914.2582537.839.8 84.0 83.8 25 13 13 0   14.20   14.50 4  5  1BN동55.04641412-3.0 7.6 4.6535313 0숨은복병배당마주40관 110 7     9 7 8⑨1:24.0머리 1.614.240.014.4  0  0  .00 9 9  4 1.97361697335 611 9 60 1 1.03 1.09     4.7  2.2    5.6    8.7   34.313.21954 0 4 6 0―  .040.00 -.05 6.6383.42 5.7114.6922.77 41120 3.09 5.9112.58 8
20251206토 7130011국511 3 1610 1강 1151흐림양호 9 5 6해맞이          콩코드포스톰포스 7426.00한암 3 0 0 1 1   8215:15 24750국5최봉주박태준  -310 6 1 419 3 0 2 9  0김효정47852.068기입적46 50 502420.045.020.21750 71350 6141311 017 4202217 0 099↗→선13.837.439.714.1484137.840.5 83.3 84.5 25 13 13 0   13.80   15.00 5  0 -3NU동55.04641412-2.2 8.6 6.4383813 0숨은복병기복전력61기 2 5 8     810 9⑨1:23.31½  2.314.240.114.5  4  0  .02 9 5  1 4.08259838417 5 9 4 70 3 1.04 9.10     2.5  1.3    5.8    6.9    6.8  .01941 0 4 4 0― -.140.00  .10 7.3583.35 4.4611.3020.22 3 818 3.33 9.8420.43 7
20251102일 2130011국611 9 1611 2강 2251맑음양호 7 5 6해맞이          콩코드포스톰포스 7426.00한암 3 0 0 1 1  164      16500국6최봉주박태준  -311 5 9 319 2 0 1 8  0김효정47855.068기무적90 72 725079.065.065.51750 71350 6141311 017 4202217 0 099↗→선13.937.639.813.8363736.440.8 84.7 83.5 14 14  0 0   13.70   13.90 9 -3  0NN동55.04641412 -.2 8.4 8.2212113 0배당마주기복전력92기 1 5 4     3 2 2②1:24.78     .013.841.415.0 -2 14  .00 2 4 -6 1.359 4876090 6 5 2 22 2 1.04 2.05 1.4 3.3  1.4    4.1    5.1    6.613.22957 2 7 7 2― 1.139.60-1.36 6.0983.5523.8846.8565.5418375328.5753.3370.33 2
20250831일 2130011국611 5 1612 1강 1159맑음다습13 5 6해맞이          콩코드포스톰포스 7426.00한암 3 0 0 9 2  336      16500국6최봉주박태준  -312 4 8 219 1 0 0 7  0김효정46455.077하무하27 16 1624 6.036.015.21642 51425 9141311 017 4202217      ↘↗선13.937.740.013.8322737.138.8 81.5 81.9  0  0  0 0   14.30   13.9011  7  0BN동       1412  .8 8.6 9.4101014 0숨은복병배당마주30관 0 8 5     5 6 1②1:21.51     .013.738.813.9 -8 -1  .00 210  5  .2 927351982 7 9 8 73 1 3.1011.08 1.4 2.7 10.0  303.6  511.1   88.3  .01926-1 1 1-1▽ -.839.10 -.13 4.1983.74 3.26 8.0015.22 3 917 1.49 5.59 7.76 8
20250614토 1130010국630 7 8613 1강 1151맑음건조 3 5 6해맞이          콩코드포스톰포스 7426.00한암 3 0 0 2 3  55410:35 16500국6최봉주박태준  -313 3 7 119 3 0 0 6  0푸르칸46555.074하무상56 38 381828.046.029.93071192367161413 5 017 4142421      →↘추13.937.740.013.8322538.339.1 84.7 83.8  0  0  0 0   14.20   13.80 2 -1  0HNDN       1412 1.5 8.510.0 5 514-1배당마주거리속성72기 0 1 8     7 6 7⑨1:24.7목   2.214.339.413.9  4  3  .01 9 5 -4 2.86882456721 5 9 4 50 3 3.02 9.10     3.6  3.6    6.7   11.9    3.4  .02422-1 3 4-1▽ -.339.50 -.55 6.0983.74 6.2616.8229.94 61426 4.8413.3920.74 5
20250531토 3140010국630 9 8614 1강 1151맑음건조 4 5 6해맞이          콩코드포스톰포스 7426.00한암 3 0 0 9 3  59112:45 16500국6최봉주박태준  -314 2 6 119 2 0 0 5  0푸르칸46255.074하무상11  8  82311.043.017.13071192367161413 5 017 4142421      →↘추14.137.740.813.9 41537.039.5 90.5 88.8  0  0  0 0   14.10   14.30 2  1  0HNUP       1412 1.7 9.311.0 4 412 2배당마주배당마주29관 0 2 5     4 5 6⑤1:30.52     .714.239.713.8 -4 -1  .00 5 9  0 1.44043555062 810 9 82 2 2.03 9.07     4.2  2.7    5.9   10.7    3.6  .02425 0 3 5 0― -.438.20-1.0810.2590.31 3.96 8.4617.08 2 613 1.64 5.3311.50 8
20250517토 1120011국653 810615 2강 2231맑음포화17 5 6해맞이          콩코드포스톰포스 7522.00한암 3 0 0 2 4  63510:35 16500국6최봉주박태준  -315 1 5 419 1 0 0 4  0푸르칸46355.070하무보 5  5  5 7 5.032.010.3142910 220 01413 5 017 4142421      ↗→추14.338.139.914.0 3 938.138.8 77.7 76.7  0  0  0 0   14.70   14.50 2 -3  0HN동       1212 1.5 9.511.0 3 310 0배당마주배당마주68기 1 1 9    1010 7⑦1:17.74    1.714.139.914.3 -2 -1  .00 7 9  3 1.8678650733111 5 9 83 1 2.03 8.09     6.2  3.3    6.3    9.6   21.9  .024 9-4 1 5-4▼-1.537.70 -.57-1.3477.17  .95 4.1710.34 3 818  .92 2.87 5.30 9
20260906일 5120011국5 4 8  7 0혼전 4456           5 7실크스펙터      섀클포드캐티베이 6519.00한암 4 0 0   1    013:40 24750국5임채덕허영희   0 01310 712 2 1 012  0조상범   52.558평무보50 48 484014.044.025.2 926 5 853 310 0 413 8 01321163367 0↗→입13.637.038.913.65157                    8  8 17 8   13.80   13.60 3  0  0NH동53.34711412-2.6 8.4 5.8474712 0최빈거리단기승부49기 0 7                            13.8    13.6        .0                       5 6 7 7  6                                              .01824 0 3 3 0― -.338.90  .17     76.00 6.1615.1425.21 3 916 2.90 9.8818.25 8
20260817월 31200 8국543 8 97 1 1강 1141흐림다습13 5 7실크스펙터      섀클포드캐티베이 6519.00한암 4 0 0 2 1   49      24750국5임채덕허영희   0 112 9 612 1 1 011  0조상범47752.558하무하25 24 2426 3.033.014.7 926 5 853 310 0 413 8 01321165050 0↗→입13.537.038.913.6455337.038.7 75.6 75.6  9  9 18 9   13.30   16.00 3  6  0NHDN53.84681412-2.4 9.4 7.0393912-2최빈거리보통주행 5   0 7 3     5 4 4③1:15.62½   .413.838.413.6 -2  7  .00 3 5  0  .73239473970 4 4 7 82 5 3.06 8.04 3.3 6.2  4.4   31.0   50.3  125.6  .013 9-1 1 1-1▽-1.338.40  .46 -.3576.00 1.77 6.5514.67 41118  .12 2.12 6.69 8
20260725토 4140011국510 8 67 2 1강 1151맑음다습11 5 7실크스펙터      섀클포드캐티베이 6826.00한암 4 0 0 9 1   37      24750국5임채덕허영희   0 211 8 212 1 1 010  0김철호47052.565평무상48 45 4530 8.042.016.31046 4 853 310 01314 8 01420255050 0↘↗추13.737.339.613.5185735.543.0 90.0 90.1 10 10 1010   13.20   13.80 3 -3  0UHUP53.84681412-2.610.2 7.6414112 1선행무리탄력호전78기 1 1 1     1 1 3⑦1:30.01    1.913.342.816.0  2 -5  .00 7 5 -6 3.678 1989027 9 8 6 81 1 1.03 3.08 2.0 6.7  2.0    7.5   10.1   87.4  .01536 0 3 2 0― -.338.90 -.0613.2189.21 2.82 8.3616.26 1 4 8 2.22 4.69 9.12 8
20260705일 5130011국531 2 87 3혼전 4451흐림건조 4 5 7실크스펙터      섀클포드캐티베이 6826.00한암 4 0 0 1 1   46      24750국5임채덕허영희   0 310 7 412 4 1 0 9  0조상범47552.557평무상21 26 26 7 4.034.010.4 926 5 853 310 0 413 8 0132116 099 0↗→입13.937.839.313.5166536.540.0 81.3 82.9 11 11  011   14.60   13.60 4 -3  0HH동55.04611412-1.810.2 8.4353512 0일반주행거리속성15관 0 4 1     1 1 3④1:21.32     .713.239.413.8 -7  5  .00 411  1  .839 671355610 510111 4 1.02 2.10 1.9 5.0  1.9    5.0    7.0    7.5  .01610 0 1 1 0―-1.039.20  .37 5.7983.35 1.72 4.8210.35 0 2 4 1.11 3.14 7.2411
20260606토 4130011국511 4 67 4혼전 4452맑음양호 7 5 7실크스펙터      섀클포드캐티베이 6826.00한암 4 0 0 1 1   77      24750국5임채덕허영희   0 4 9 6 312 3 1 0 8  0조상범47052.557평무상 7 10 10 1 4.030.0 4.9 926 5 853 310 0 413 8 0132116 099 0↗→입13.937.839.413.5176138.338.9 83.8 83.3 13 13  013   15.10   14.00 3 -2  0NHDN55.04611412-1.4 9.6 8.2262612-1발길대로거리속성72기 0 710    101010⑨1:23.8½    .914.639.313.6 -1 -2  .00 910 -1 1.1508034555311 711110 3 3.02 5.02 2.0 6.6  7.3   14.1   30.8  276.5  .012 2-4 1 1-4▼-1.739.30  .45 6.1083.42  .80 1.64 4.85 0 2 4 1.28 3.55 7.6611
20260516토 4140011국530 8 37 5 3강 3351맑음건조 3 5 7실크스펙터      섀클포드캐티베이 6826.00한암 4 0 0 2 1   57      24750국5임채덕허영희   0 5 8 5 112 2 1 0 7  0조상범47252.557기무보 6 11 11 4 3.030.0 6.7 926 5 853 310 0 413 8 0132116 099 0↗→입13.837.139.713.1426138.839.4 90.9 90.2 14 14  014   14.50   14.40 3  1 -1BHUP55.04611412-1.0 8.2 7.2414112 2발길대로탐색우려37관 0 911    1110 9⑥1:30.96    1.915.139.914.0 -5  1  .00 611  1 2.77998478727 7 5 9113 2 1.05 2.07 2.2 2.2  2.2   19.9   29.0   25.2  .0 6 1-4 1 1-4▼-1.639.10  .2313.3789.14  .90 2.08 6.66 1 3 6  .12 2.08 6.3210
20260425토 5120011국513 9 67 6 1강 1154맑음건조 3 5 7실크스펙터      섀클포드캐티베이 6519.00한암 4 0 0 9 1   57      24750국5임채덕허영희   0 6 7 4 512 1 1 0 6  0조상범47153.058기무보36 36 3624 9.032.0 7.8 926 5 853 310 0 413 8 0132116 099 0↗→입13.737.038.913.2576537.939.9 78.3 77.5 17 17  017   14.60   13.9032  3  1LNDN55.04611312  .0 7.2 7.2393912-1최빈거리기복전력43관 1 810     9 910⑨1:18.33    1.714.540.214.4 -1  8  .00 910  1 2.48581808834 7 6 5100 1 5.09 6.03 1.7 4.7 16.3  135.5  339.6   84.9  .012 6-3 1 1-3▼-1.439.00  .66 1.5876.00 1.47 3.91 7.82 1 4 8 2.20 5.0512.83 9
20250914일10130010국551 4107 7 2강 2251맑음다습12 5 7실크스펙터      섀클포드캐티베이 6826.00한암 3 0 0 2 4  633      24750국5최봉주허영희   0 7 6 3 212 1 1 0 5  0박태종46352.061기입적11 14 1428 3.031.0 7.0 899 5 220 0141324 017 4192421 099 0↘↗입13.837.339.413.2526537.340.2 82.0 83.5 20 20  020   13.50   14.50 4  0  0NUUP55.04611312 -.6 7.6 7.0393912 1일반주행기복전력 5관 0 5 4     4 4 8⑩1:22.01    1.513.839.113.9  1 -1  .0010 9 -2 1.55735776834 4 7 9100 3 3.02 8.09 2.9 6.6  4.7    6.8   14.8   23.2  .01613-4 1 1-4▼-1.439.90  .69 6.7583.10 1.08 3.16 6.95 1 3 8  .12 1.68 5.3410
20250816토 4120011국552 7107 8혼전 4451맑음다습12 5 7실크스펙터      섀클포드캐티베이 6519.00한암 3 0 0 2 2  385      24750국5최봉주허영희   0 8 5 2 412 3 1 0 4  0최범현46452.093기입하20 18 184620.047.017.73264211425 9141330 017 4193217 099 0↘↗입13.937.338.813.1407636.940.0 77.1 77.0 25 25  025   13.80   14.60 4 -4 -1NUDN55.04611312  .0 6.8 6.8404012-1일반주행기복전력40기 0 5 2     3 3 6⑧1:17.11¾  1.713.540.014.5 -3 -1  .00 811  4 1.77532827433 9 611 80 3 3.02 6.08 2.3 7.6  9.0   24.9   60.5   67.1  .01642 0 4 4 0― -.238.60  .26  .9076.12 4.2810.6417.65 1 611 3.57 9.4718.5111
20250720일 51300 9국554 1107 9혼전 4441맑음포화17 5 7실크스펙터      섀클포드캐티베이 6826.00한암 3 0 0 2 3  441      24750국5최봉주허영희   0 9 4 1 112 2 1 0 3  0최범현46553.089기입적91 85 856972.066.047.5365029236716141330 017 4193217 099 0↘↘입13.937.239.113.1658737.941.2 83.0 85.2 33 33  033   13.70   13.40 4  2 -2VUUP55.04611312 -.3 6.7 6.3515112 1착차만회기복전력80기 1 9 7     7 7 8⑧1:23.010   2.913.840.214.6  1  4  .00 8 7  3 2.991649293 9 7 4 3 10 2 3.02 8.05 3.4 9.0  5.4    9.0   22.0   28.7  .02564 0 8 8 0▲ 1.140.40 -.16 8.9082.8418.7134.9247.4932516417.2031.7945.85 2
20250621토 2120011국650 8 5710 1강 1159흐림포화19 5 7실크스펙터      섀클포드캐티베이 6519.00한암 3 0 0 2 3  53311:30 16500국6최봉주허영희   010 3 3 312 1 0 0 2  0최범현46155.091하무하37 29 294018.046.032.3365029236716141330 017 4193217      ↘↘입13.937.339.914.0501337.137.4 74.9 74.1  0  0  0 0   13.90   14.90 3  4  0BH동       1212 1.0 8.0 9.0282812 0최빈거리보통주행41관 1 7 4     4 4 1①1:14.92    -.413.738.313.4 -3  2  .00 1 4 -1  .0 239 8 594 5 8 5 52 1 4.03 7.02     4.2  9.4   22.9   62.6   16.1  .01341 0 3 4 0― -.137.70 -.75-3.0776.73 9.4320.1432.31 61728 2.3811.2413.21 8
20250531토 2120011국641 9 9711 1강 1159맑음건조 4 5 7실크스펙터      섀클포드캐티베이 6519.00한암 3 0 0 9 3  59211:25 16500국6최봉주허영희   011 2 2 212 2 0 0 1  0박태종45955.061하무보35 34 342616.043.030.6 550 3236716141324 017 4192421      ↗→입14.037.539.914.0381937.039.8 78.2 76.5  0  0  0 0   14.00   14.30 4  1  0NH동       1212-2.011.0 9.0353512 0우수혈통거리난점49기 0 3 4     4 4 4⑨1:18.2머리 2.113.940.914.9  4  6  .00 9 5 -6 2.46236797124 7 8 3 50 2 3.02 2.06     5.8  4.1    5.8   14.2    7.1  .02020 0 4 3 0― -.338.20 -.84 -.9376.84 7.3818.7630.63 61728 3.36 7.17 5.70 9
20250503토 1120011국641 7 9712혼전 4459흐림포화18 5 7실크스펙터      섀클포드캐티베이 6519.00한암 3     1 4  67710:35 16500국6최봉주허영희   012 1 1 112 1 0 0 0  0박태종45355.063평무보   35 3540  .031.015.5 899 5 220 0141324 017 4192421      ↘↗입14.136.738.513.8    37.339.4 77.0 76.6              14.10   14.10        NN동       12 0                 0 0일반주행우수혈통 1기 0 2 6     6 7 9⑨1:17.0½   1.514.040.014.3 -2  9  .00 911  0 1.76450696736 1 1 9 80 1 4.05 3.07     5.5  7.1   36.1   89.7   31.1  .01634-2 2 2-2▽-1.539.00  .82 1.3575.61 2.18 7.7615.53 2 71418.7532.5970.34 1
20260906일 5120011국5 4 8  8 0혼전 4456           5 8슈퍼땅콩        콩코드포레드뎀   7522.00한암 3 0 0   1    013:40 24750국5김동균강현철   1 0 6 4 3 5 2 1 0 4  0서승운   53.585우선적50 63 639460.058.037.02440141753 6202918 019 827291699 0 0↗↘선13.636.638.713.19633                   50 50100 0   13.40   14.70 7  5  1NNDN54.54421412  .5 2.0 2.5777712-1편성탐색전개최상44관 0 8                            13.4    14.7        .0                       3 5 2 3  2                                              .04180 0 7 6 0―  .638.70  .16     75.6714.0925.5036.9618395610.1425.9339.92 4
20260718토 4130011국543 6 98 1혼전 4451흐림불량20 5 8슈퍼땅콩        콩코드포레드뎀   7426.00한암 3 0 0 2 1  128      24750국5김동균강현철   1 1 5 3 2 5 1 1 0 3  0서승운46152.584기도보39 44 448847.056.021.92440141753 6202918 019 827291699 0 0↗↘선13.636.740.013.197 636.542.5 83.5 85.5 50 50100 0   13.20   14.30 4 -3 -1UU동54.54421412 1.0 3.0 4.0565612 0일반주행기복전력 5   0 3 3     2 310⑪1:23.53    3.613.441.514.7  7  2  .0911 4  3 3.894 69792 8 21111 61 1 1.02 6.02 2.3 6.5  2.3    7.2   11.7    9.2  .01872 0 6 6 0―  .440.90  .29 8.7683.10 5.5812.5921.90 51223 6.2514.0123.08 7
20260621일 4130010국543 5 98 2혼전 4451맑음포화19 5 8슈퍼땅콩        콩코드포레드뎀   7426.00한암 3 1 1 2 1   67      24750국5김동균강현철   1 2 4 2 1 5 1 1 0 2  1김용근45953.586기도보76 78 788068.057.030.12753141753 62029243019 831271499 0 0↘↘선13.636.740.413.198 836.840.6 81.6 83.4 50 50100 0   13.70   13.40 9  0  0NUDN54.54421412 1.0 3.0 4.0565612-1강단마필작전마주 5관 0 6 1     1 1 6⑦1:21.6목   1.213.239.714.3  6 17  .01 7 1    2.05615836345 211 2 51 2 4.02 1.09 2.3 4.0  6.4    7.6   15.9   68.7  .02166 0 7 5 0―  .440.50 -.18 6.3283.35 9.6219.3430.11 8172916.6728.4241.18 3
20260419일 4140010국551 9 58 3 1강 1151맑음건조 4 5 8슈퍼땅콩        콩코드포레드뎀   7426.00한암 3 1 1 2 1  168      24750국5김동균강현철   1 3 3 1 1 5 1 1 0 2  1장추열  053.593기선보82 92 929596.071.060.22949111753 62029335019 820272299 0 0↘↗입13.636.340.613.196 4                   50 50100 0   13.60   13.4011  2 -1NUUP54.54421412 1.0 3.0 4.0565612 2전개최상전개최상59관 0 6                    취소    13.6    13.4     0  .07                      111 1 10 2 1.02 7.09 3.1 4.5  3.1    4.5    9.1   10.012.04197 2 9 9 2▲ 1.540.60-1.22     89.2126.9047.2560.2439597242.9971.2987.33 1
20260201일 1120011국651 8108 4혼전 4462맑음건조 2 5 8슈퍼땅콩        콩코드포레드뎀   7522.00한암 3 0 0 1 2  209      16500국6김동균강현철   1 4 2 2 2 5 1 0 0 1  0김용근44254.582하도보31 58 589368.070.064.22045 82042122029243019 8312714      ↗↘선13.736.639.914.095 536.138.3 74.9 74.1  0  0100 0   13.70   14.30 5 -4  1HN동       1212 1.0 3.0 4.0565612 0우수혈통전개최상 5관 2 4 1     1 1 1①1:14.97   -1.313.638.513.4  0 -5  .00 1 1 -2  .0 2 432 597 3 7 3 31 1 1.09 4.03 2.7 5.2  2.7   73.1   93.5  155.110.64174 1 7 6 1△ 1.438.40-1.28-2.4176.3421.8244.3664.1913274116.2831.4026.75 1
20251227토 2120011국610 9 68 5 1강 1159맑음다습14 5 8슈퍼땅콩        콩코드포레드뎀   7522.00한암 2     9 1  10511:00 16500국6김동균강현철   1 5 1 1 1 5 1 0 0 0  0장추열44754.093평무보   25 2540  .052.042.92949111753 62029335019 8202722      ↘↗입13.736.738.513.9    36.540.5 77.4 76.6              13.70   14.20        LN동       12 0                 0 0일반주행우수혈통31관 0 8 3     2 3 4④1:17.41¾   .813.740.914.3  1 14  .00 4 3  0 1.36914897657 3 3 7 21 1 1.02 9.02     3.6  1.2    3.6    4.2    6.3  .01639-1 5 5-1▽  .239.00  .05 1.4375.6115.2530.0242.92193956 9.1618.3335.52 6
20260906일 5120011국5 4 8  5 0혼전 4456           5 9선글라스        지몰로지나이트스 8821.00한암 3 0 0   1    013:40 24750국5서범석초춘탁   0 0 8 7 6 7 2 1 0 7  0다실바   54.076기입적50 53 533716.040.016.8 7 0 51448 52014 0 01916203013 099 0↗↗입13.937.039.013.76341                   33 50 33 0   13.80   13.80 6 -1  2NN동53.54841312 2.0 3.4 5.4595912 0일반주행기복전력29관 0 9                            13.8    13.8        .0                       4 7 6 9  2                                              .01617-2 3 1-2▽ -.739.00  .35     76.06 4.47 9.2816.84 2 4 8 5.80 9.8815.97 9
20260725토 6120011국514 5 65 1혼전 4451맑음다습10 5 9선글라스        지몰로지나이트스 8821.00한암 3 0 0 9 1  106      24750국5서범석초춘탁   0 1 7 6 5 7 1 1 0 6  0다실바47752.576우입적67 70 706138.050.024.8 7 0 51448 52014 0 01916203013 099 0↗↗입13.937.039.013.7644536.839.6 75.2 76.3 33 50 33 0   13.50   13.30 5  5 -1LU동53.54841312 1.8 3.0 4.8646412 0부진만회보통주행52관 010 6     6 6 4④1:15.24    1.113.839.013.8  2  8  .05 4 2 -2 2.76027736046 8 9 5 72 1 1.03 4.05 1.5 4.2  1.5    5.1    7.1   24.3  .01969 0 5 5 0―  .138.70  .12  .3276.06 6.8515.8424.75 3 916 5.1515.0826.84 6
20260621일 3120011국523 4 25 2 3강 3366맑음포화19 5 9선글라스        지몰로지나이트스 8821.00한암 3 0 0 2 1   88      24750국5서범석초춘탁   0 2 6 5 4 7 1 1 0 5  0루이스46953.072우입하45 55 556149.050.027.92144101448 5201417 01916202715 099 0↗↘입14.037.039.213.8623736.739.0 73.6 75.8 40 40 40 0   14.00   14.00 4 -4 -2NHDN53.54841312 1.8 3.0 4.8646412-1숨은탄력조교부실 5관 0 5 3     3 3 3④1:13.61¾   .513.537.913.3  0 -6  .00 4 4 -1 1.73921583764 3 9 3 42 1 1.02 7.08 1.6 2.3  1.6    2.3    3.5    6.8  .02159 0 6 4 0―  .138.50 -.08 -.4076.17 7.1717.3927.94 9203310.0026.1436.89 3
20260523토 4130011국550 6105 3혼전 4451맑음다습13 5 9선글라스        지몰로지나이트스 4234.00한암 3 0 0 2 1   77      24750국5서범석초춘탁   0 3 5 4 2 7 3 1 0 4  0장추열47555.093우입상42 58 584056.057.026.72949111448 5201432 01916202722 099 0↘↗입13.937.039.713.7744537.639.7 82.9 83.7 50 50 50 0   13.50   13.80 6  3  3NLUP53.54841312 1.5 2.5 4.0686812 1일반주행거리속성46기 1 9 7     6 6 7⑧1:22.92½  1.014.039.914.0  3 -1  .00 8 5  1 1.16451636150 810 7 62 4 9.02 4.06 2.5 5.1 40.6   57.0  260.0   45.413.22157 0 6 6 0―  .640.20  .14 6.9983.10 7.6816.1426.68 41219 7.6918.9229.64 6
20260411토 5120011국554 4105 4혼전 4451흐림다습14 5 9선글라스        지몰로지나이트스 8821.00한암 3 0 0 2 1  119      24750국5서범석초춘탁   0 4 4 3 3 7 2 1 0 3  0장추열47652.593기입적79 79 795467.065.044.22949111448 5201432 01916202722 099 0↘↗입13.937.039.213.8674136.439.3 74.4 75.6 33 67 33 0   14.00   13.50 4  1  0NU동54.54921312 2.3 2.0 4.3626212 0뒷심부족기복전력84기 2 6 3     4 2 3③1:14.4½    .013.538.913.8 -1 -9  .00 3 4  2  .634 9653478 5 9 4 32 3 1.03 2.08 3.3 5.6  3.3   12.9   22.0   24.7  .02363 1 6 7 1― 1.138.40 -.54 -.5676.1716.9532.2144.2418375313.9225.9536.39 5
20260314토 5120010국551 4 55 5 1강 1151맑음양호 7 5 9선글라스        지몰로지나이트스 8821.00한암 3 1 1 2 1   80      24750국5서범석초춘탁   0 5 3 2 2 7 1 1 0 2  1장추열48552.593기입적47 46 463954.054.021.72949111448 5201432 01916202722 099 0↘↗입13.837.039.613.9673037.138.3 75.1 75.4 50 50 50 0   14.20   14.10 5 -6 -2NUDN54.54921312 2.5 2.0 4.5575712-1숨은복병기복전력50기 1 5 6     4 3 3④1:15.1목    .314.038.213.5  2 -8  .00 4 2  0  .32446302670 411 8 82 2 6.05 1.10 3.0 4.3 13.1   60.8  144.1  122.6  .01935-3 5 5-3▽  .138.30 -.13-1.2476.39 5.6413.6521.74 91935 7.4414.5928.15 5
20260207토 5130011국542 6 95 6 1강 1151맑음건조 2 5 9선글라스        지몰로지나이트스 4234.00한암 3 1 1 2 1   90      24750국5서범석초춘탁   0 6 2 1 1 7 1 1 0 1  1씨씨웡49354.093강입보86 92 927884.061.032.63456111448 5201430 01916212522 099 0→↘선13.836.839.513.8946537.640.2 83.4 83.6100100100 0   13.80   14.00 5  1 -1VUUP54.54921312-1.0 2.0 1.0939312 1신마혈통거리속성72기 01110     7 7 7⑧1:23.4¾   2.114.239.814.1  6  1  .00 8 2  0 2.36249767523 2 7 2 30 1 6.10 1.03 1.6 4.9 18.5  324.7  772.5  720.8  .03783 1 8 7 1▲  .940.40  .23 7.2582.84 9.4820.7732.60 8203317.6936.4449.71 3
20260104일 1120011국621 8 25 7 1강 1154흐림다습12 5 9선글라스        지몰로지나이트스 8821.00한암 3     1 1   94      16500국6서범석초춘탁   0 7 1 1 1 7 1 0 0 0  0장추열49254.593평무보93 25 2585  .063.051.82949111448 5201432 01916202722      ↘↗입14.137.338.112.3669936.638.5 75.8 74.7              14.10   12.60 4  0  0LL동       12 0         1.0     0 0일반주행신마혈통38기 010 4     3 3 2①1:15.8¾   -.113.839.314.0 -1  4  .00 1 2  0  .0 919371791 5 110 32 1 2.0110.06 1.5 2.2  3.2    2.2    6.1   15.0  .04060 0 6 6 0―  .937.80 -.32 -.7475.7216.1734.5351.7519395611.6522.2255.83 5
20260906일 5120011국5 4 8  4 0혼전 4456           510글로리앤아너    투아너앤벤트온글 6627.00한암 6 0 0   1    013:40 24750국5이관호명마조합 0 016172240 4 2 239  0조한별   55.563평입보50 47 474321.050.028.4142110213810202416 02322122018 04456→↘입13.937.538.313.42176                   14 31  031   13.90   13.40 4  7  3BB동52.64301412-1.8 8.6 6.8424212 0최빈거리가격혈통38기 010                            13.9    13.4        .0                       8 3 9 5  6                                              .01827 0 4 5 0―  .138.30  .14     75.95 9.1119.4828.43 61426 8.7014.8123.95 7
20260809일 4120011국513 7 64 1 2강 2251흐림건조 2 510글로리앤아너    투아너앤벤트온글 6627.00한암 6     1 1   78      24750국5이관호명마조합 0 115162140 3 2 1 0  0조한별44053.063평입상70 67 674334.052.023.8142110213810202416 02322122018 05050→↘입13.937.638.313.4127336.738.4 75.3 75.2 11 29  031   13.80   13.10 6 -8 -1HVDN52.54281412 -.6 9.2 8.6292912-1최빈거리탄력호전42기 0 3 5     5 5 4②1:15.3머리  .013.938.413.4 -1 -2  .00 2 3 -8  .02226362089 9 1 4 63 5 1.03 8.03 1.9 5.6  1.9    6.4    9.6   13.8  .02138 0 5 5 0―  .237.70  .20 -.6676.00 5.8514.1323.76 51223 5.8813.0122.39 6
20260628일 5130011국554 7104 2혼전 4451맑음건조 3 510글로리앤아너    투아너앤벤트온글 6032.00한암 6 0 0 9 1   86      24750국5이관호명마조합 0 21415 140 2 2 137  0조한별44254.062평입상30 23 2318 8.038.011.7142110213810202416 02322122018 05050→↘입13.937.739.013.4286937.839.0 81.8 83.1 12 26  041   14.90   13.30 5  0  1VLDN52.54281412  .2 8.6 8.8313112-1발길대로거리속성56기 01110    1010 9⑤1:21.8머리 1.113.938.913.7 -6  3  .00 511  0 1.4436040454511 210 83 4 1.02 8.03 2.9 5.7  2.9    5.7   10.0    8.4  .01221-1 2 4-1▽ -.939.40  .56 6.3783.10 2.45 6.0411.67 2 714 3.16 6.0910.96 9
20260523토 5140011국514 6 64 3혼전 4451맑음다습13 510글로리앤아너    투아너앤벤트온글 6032.00한암 6 0 0 2 1   76      24750국5이관호명마조합 0 31314 840 1 2 136  0조한별43953.562평입보 7  9  918 6.034.010.6142110213810202416 02322122018 05050→↘입13.937.439.213.4175338.738.5 89.6 89.6 12 33  330   14.20   15.00 8  8 -2VN동52.54281412  .0 8.2 8.2404012 0일반주행건성마필31기 01111    1111 8⑦1:29.61    1.814.938.513.3 -4  2  .00 711  1 2.0659817683110 410113 3 3.01 1.02 1.6 4.2  6.2    4.2   12.1    6.8  .01619-1 1 2-1▽-1.238.70  .2512.9789.00 1.58 5.4510.57 0 2 4 1.27 4.49 9.5111
20260329일 5140011국530 8 84 4 1강 1158맑음건조 3 510글로리앤아너    투아너앤벤트온글 6032.00한암 6 0 0 9 1  150      24750국5이관호명마조합 0 41213 740 1 2 135  0김성현43755.059평입하12 12 1234 8.042.019.61440 92138102024 8192322162319 05050↗↘입13.937.439.013.4176537.541.1 92.1 91.0 13 38  334   14.10   15.20 4 -2  1HB동52.54281412  .2 8.0 8.2464612 0숨은복병건성마필78기 0 3 7     6 5 8⑩1:32.14    2.814.241.715.0  0  0  .001010  5 3.99274889215 9 211 70 1 1.03 2.05 2.1 3.5  2.1    5.5    8.1  136.9  .01934 0 3 4 0― -.239.00  .1314.6388.86 4.6112.2119.59 3 917 3.37 7.1412.84 7
20260302월 4140011국531 8 84 5 1강 1151비  양호 7 510글로리앤아너    투아너앤벤트온글 6032.00한암 6 0 0 1 1   70      24750국5이관호명마조합 0 51112 640 1 2 134  0우인철43754.070평입하40 38 3811 9.046.019.22048 9213810202418 02322102723 05050→↘입13.937.439.113.4156137.441.9 92.6 91.9 13 38  338   14.10   13.6011 -4  2NL동52.54281412 -.8 8.2 7.4515112 0일반주행휴양불리55관 0 5 8     7 811⑪1:32.67    4.014.142.215.2  6  8  .0311 5 -3 4.296659495 711 2 8 70 1 3.02 4.09 2.6 4.2  3.7    5.4    9.3    3.7  .01629 0 3 4 0― -.339.20  .1015.4088.93 3.5110.1619.22 3 916 1.30 3.6610.71 8
20251214일 8140011국542 7 94 6혼전 4451맑음포화18 510글로리앤아너    투아너앤벤트온글 6032.00한암 5 0 0 2 1  195      41250국5김동균박정배   2 61011 540 1 2 133  0송재철42952.078평입하19 22 2227 7.042.019.91746 71753 62016162119 8192520 05050↘↗입13.937.439.113.4146137.539.4 87.4 89.1 13 35  335   14.40   14.50 6  3  0BUUP52.54281412 -.8 8.2 7.4515112 2가격혈통부중유리 5관 1 9 8    101010⑩1:27.41    1.514.138.713.6  2 -5  .0010 8  2 1.6547248613811 4 8 8010 1.07 8.06 3.0 5.6  3.0   35.7   54.3  543.6  .02242 0 2 4 0― -.638.50  .0712.5888.93 4.6511.4319.87 2 714 1.32 4.6810.7910
20251101토 9120011국454 4104 7 1강 1151맑음건조 5 510글로리앤아너    투아너앤벤트온글 6627.00한암 5 0 0 1 1  168      33000국4김동균박정배   2 7 9102040 3 2 132  0김동수43452.069평입보59 60 605818.051.026.614 0 01753 62016191019 8102127 05050↗↘추13.937.638.113.4208738.339.0 77.7 77.6 13 33  040   13.70   13.70 5  3  0NUDN52.54281412-2.4 8.4 6.0585812-2최빈거리가격혈통58관 1 610    101011⑪1:17.72    2.114.439.814.5  5-11  .0011 6 -2 2.1859158822211 1 7 50 5 2.08 8.04 2.2 5.5  4.0   86.0  142.0  974.1  .02545 1 4 4 1―  .438.40  .23 1.8775.89 7.4916.1926.62 51324 1.45 7.4316.94 8
20250928일 3140010국414 3 64 8혼전 4451비  불량20 510글로리앤아너    투아너앤벤트온글 6032.00한암 5 0 0 9 2  251      33000국4김동균박정배   2 8 8 9 440 2 2 131  0김동수44552.070평입상80 76 764628.055.027.1 8 0 02042122016191019 8102127 05050↘↗추13.937.439.013.4206936.939.7 86.7 88.9 14 34  041   14.00   12.90 3 -7  0HU동52.54281412-3.4 8.6 5.2636312 0착차만회급신장세39관 0 3 4     6 6 5⑥1:26.71     .713.738.613.7 -2 -2  .00 6 8 -1 1.5453659505811 3 7 62 4 1.05 8.02 1.8 5.8  1.8    7.3   11.1  155.7  .02559 1 5 4 1―  .438.50 -.0512.5088.86 8.1316.9027.11 51223 5.3113.2222.10 7
20250906토10140011국424 6 74 9 1강 1151흐림포화16 510글로리앤아너    투아너앤벤트온글 6032.00한암 5 0 0 1 2  31719:35 33000국4김동균박정배   2 9 7 8 340 1 2 130  0김동수44752.070평입하24 27 2722 3.035.014.9 8 0 02042122016191019 8102127 05050↘↗추13.937.339.313.4275337.838.1 86.5 87.9 14 32  039   14.20   13.60 2 -1  0LUUP52.54281412-2.4 8.8 6.4505012 2가격혈통조교부실15관 010 7     7 6 5④1:26.5코    .314.037.312.9 -5  2  .00 4 9  0 1.01381102573 9 3 8 90 3 3.01 2.06     3.5 11.0    7.6   24.2   25.9  .02219-1 1 1-1▽ -.838.40  .1411.3389.00 3.57 8.2714.87 1 4 8  .12 2.12 6.3810
20250824일 9120011국412 3 6410혼전 4451맑음건조 4 510글로리앤아너    투아너앤벤트온글 6627.00한암 5 0 0 2 2  35017:00 33000국4김동균박정배   210 6 71940 2 2 129  0송재철44552.077평입상63 62 625911.047.018.82032132042122016162119 8192520 05050↗↘입13.937.538.213.4278338.237.8 74.6 76.8 15 33  037   14.20   12.80 5  4  0VU동52.54281412-2.8 8.2 5.4535312 0일반주행가격혈통45관 011 9     9 9 8⑩1:14.6¾   1.314.237.413.6  1 11  .0010 9  0 2.1708917484011 4 8 80 9 4.01 1.02     5.9  8.8    5.9   19.1    9.9  .01640 0 3 4 0― -.338.30  .46 1.1075.89 3.6610.1918.84 2 714 1.65 5.00 9.9710
20250719토 5120011국454 210411혼전 4451흐림포화19 510글로리앤아너    투아너앤벤트온글 6627.00한암 5 0 0 2 3  45014:40 33000국4김동균박정배   211 5 61840 1 2 128  0송재철43452.077평입상47 58 584517.047.018.21440 82044102016162119 8192520 05050↘↗입13.937.438.213.4338338.037.1 73.9 75.8 15 35  035   14.00   13.60 4 -1  0NU동52.54281412-2.6 7.0 4.4616112 0착차만회탄력호전23관 0 7 8     8 8 8⑥1:13.9½    .714.236.912.8 -3 -6  .00 6 9  2 1.73983 3165810 3 4 70 8 6.04 8.04     7.1 10.7   47.5   93.6  214.5  .02563 0 3 4 0― -.338.10  .54  .2275.84 3.23 9.6118.18 41118 4.49 9.6811.86 9
20250622일 7120011국453 510412 2강 2251맑음다습12 510글로리앤아너    투아너앤벤트온글 6627.00한암 5 0 0 2 3  51915:15 33000국4김동균박정배   212 4 51740 1 2 127  0김동수44052.071평입하25 22 224615.047.020.91850 92044102016191019 8102127 05743→↘추13.937.438.113.3318737.438.7 75.5 76.4 16 36  036   14.00   15.30 6  4 -1BU동52.64271412-2.0 6.2 4.2636312 0숨은복병작전마주23관 0 8 7     9 9 7④1:15.52     .814.038.313.6 -3 10  .00 4 7  2  .95860485357 9 110 63 2 8.04 7.09     7.0 25.6   67.7  254.7  168.9  .02351 1 4 4 1― -.138.30  .51  .8675.78 4.5711.5520.87 51223 2.50 6.4712.80 7
20250511일 8120011국414 4 6413혼전 4451맑음포화16 510글로리앤아너    투아너앤벤트온글 6627.00한암 5 0 0 2 4  63916:05 33000국4김동균박정배   213 3 41640 1 2 126  0조재로43053.084평입보80 84 846469.060.033.02863 81850102016 81419 8192622 05743↗↘입13.937.438.213.3318338.041.6 79.0 79.7 16 36  036   14.00   12.80 5 -1  1VV동52.64271412 -.4 5.0 4.6585812 0가격혈통작전마주 1   0 4 9    111111⑪1:19.02½  3.814.041.515.3  6 -3  .0511 5 -4 4.398829697 710 2 2 50 4 6.09 9.08     5.1 14.1  313.6  680.2  557.6  .02283 0 7 5 0―  .739.30  .11 4.1375.8411.0922.1232.95 8172913.5927.2731.85 2
20250405토 7120011국414 1 6414혼전 4451비  포화17 510글로리앤아너    투아너앤벤트온글 6627.00한암 5     1 4  75518:15 33000국4김동균박정배   214 2 31540 1 2 0 0  0김동수43352.068평입보39 32 3253 7.038.015.51433 91850102016191019 8102127 05743↗→추13.837.438.113.4358737.037.3 73.0 75.2 13 33  033   14.40   14.90 6 -6  0NUDN52.64271412 -.6 3.8 3.2656512-2일반주행가격혈통 1관 0 5 5     5 4 3②1:13.06     .014.037.012.8 -7-12  .00 2 9 -1 1.01836 6 386 9 210 92 1 1.09 3.05     3.7  1.4   25.1   34.7   33.6  .01643 0 2 2 0― -.937.90  .65 -.3075.78 4.19 8.8415.52 2 510 1.37 5.0311.67 9
20250222토 7140011국424 4 2415혼전 4451맑음건조 3 510글로리앤아너    투아너앤벤트온글 6032.00한암 5 0 0 9 5  88215:15 33000국4김동균박정배   215 1 2 240 1 2 024  0이동하44552.086평입보78 71 715627.049.022.41638 91440 62016 8 019 8252419 05743→↗선13.837.139.013.4416537.341.3 92.1 91.3 13 35  035   14.20   13.20 6  9  0VUUP52.64271412-1.4 4.2 2.8717114 2편성만만보통주행 1관 011 9     8 9 9⑩1:32.12½  3.414.442.114.9  0  2  .001010  4 3.693609192 9 8 6 5 50 1 1.02 1.04     2.0  1.5    2.0    3.0    8.2  .02971 0 4 3 0―  .039.30  .2715.2388.66 5.3914.3122.39 61426 3.5111.4020.00 8
20260906일 5120011국5 4 8  7 0혼전 4456           511명브레이싱      한센    임브레이 7925.00한수 3 0 0   1    013:40 24750국5전승규(주)자성 0 0 6 2 3 5 1 0 2 5  0김태훈   54.071우선하50 63 639261.058.042.11756 81847 6224128 01919122521 0 099↗→입13.837.238.113.35591                   75 75  0 0   14.00   14.80 3 10 -1VU동56.04481410 1.3 2.5 3.8767614 0전개최상전개최상39관 011                            14.0    14.8        .0                       6 1 1 2  1                                            12.74187 2 8 8 2▲  .738.10  .02     75.6716.5430.5542.1113314917.3932.1042.21 2
20260817월 31200 8국543 8 97 1 1강 1151흐림다습13 511명브레이싱      한센    임브레이 7925.00한수 3     2 1   49      24750국5전승규(주)자성 0 1 5 1 2 5 1 0 2 0  0안드레45054.593우선상67 68 689578.053.037.72754 51847 62241 0 019194024 4 0 099→→선13.837.238.213.3528936.940.7 77.5 77.5 75 75  0 0   14.10   13.0028 -2 -2UUDN56.04481410 1.3 3.0 4.3727214-2강단마필전개최상 5   0 1 5     3 3 7⑦1:17.56    2.314.040.414.8  6  5  .02 7 1  0 2.68534918621 6 1 3 40 1 3.06 8.04 3.3 6.2  4.4   31.0   50.3  125.6  .04181 0 7 5 0―  .238.80  .08 2.0575.7211.4624.9937.6910233618.4538.1057.99 3
20260131토 3140010국620 9 27 2 2강 2251맑음건조 2 511명브레이싱      한센    임브레이 5930.00한수 3 0 0 9 3  540      16500국6전승규(주)자성 0 2 4 4 1 5 2 0 1 3  0이동하44556.592평자상86 99 998695.075.079.3324218283610224133581919252419 0 099↘→선14.037.138.913.2428336.839.1 89.4 87.9 33 33  033   14.10   12.90 6 -2  1UVUP56.04481410 1.3 3.0 4.3727213 1마방연대승부최상 6기 0 3 1     1 1 2②1:29.47     .014.039.114.0  1 -3  .00 2 1 -2 1.21030372291 7 1 1 11 2 2.01 1.03 1.8 1.9  3.2    1.9    5.3    5.4  .05994 4 9 9 4☆ 2.238.60-1.1711.8588.5937.4663.7479.3138587138.1069.0481.52 1
20251221일 3130012국651 6107 3 3강 3351맑음포화16 511명브레이싱      한센    임브레이 5930.00한수 2 0 0 2 1  11511:25 24750국6전승규(주)자성 0 3 3 3 1 5 1 0 0 2  0이동하44856.091우입보71 99 998883.066.046.63253131847 6224133581919252419      ↗↘선13.937.039.213.3807337.538.4 80.9 82.1 50 50  0 0   13.80   14.20 5 -1  0NHUP       1310 2.5 3.0 5.5666612 1연대우수마방연대28관 0 5 9     8 7 3②1:20.9¾    .014.137.612.9 -1 -6  .00 2 3  1  .11848232084 5 3 1 23 1 1.03 6.05     8.9  3.4    8.9   13.6   28.7  .03383 0 8 7 0▲ 1.139.90 -.10 5.9482.7818.0734.0846.5618395619.4933.3326.98 1
20251115토 11200 9국630 8 37 4 1강 1155맑음건조 3 511명브레이싱      한센    임브레이 7925.00한수 2 0 0 2 1  132      24750국6전승규(주)자성 0 4 2 2 1 5 1 0 0 1  0마이아45456.093평입하49 49 495889.070.084.93451151847 62241 0 019193533 7      ↘↗선14.137.638.613.3327636.938.5 76.6 75.5  0  0  0 0   14.00   13.20 4  1  0NHUP       1210 4.0 4.0 8.0474710 2마방연대연대우수68기 0 6 2     2 2 2③1:16.6¾    .013.839.614.2  1  8  .00 3 2 -2  .62529402587 4 3 1 11 1 4.01 8.07 2.4 3.0 11.1   10.8   27.1    7.3  .03781 3 8 9 3▲ 1.537.80-1.72 -.7576.1738.3769.2784.9132516425.8346.8530.46 1
20251018토 1100012국630 2 87 5 3강 3355흐림불량20 511명브레이싱      한센    임브레이 7925.00한수 2     2 2  220      24750국6전승규(주)자성 0 5 1 1 1 5 1 0 0 0  0김철호44656.067평무보   25 2540  .062.047.2184015245710224121311919142025      ↗↘추14.137.137.813.0    37.537.8 62.5 63.1              14.10   13.30 4  0  0LL동       10 0                 0 0일반주행마방연대46기 1 5 6     6 6 7⑧1:02.5¾   1.114.037.513.2  4  2  .00 8 4  0 1.45453414444 1 1 1 22 1 2.01 4.03 3.0 6.3  3.0    6.3   11.1   20.410.92677 1 7 6 1△  .938.00 -.30-11.862.7118.8934.5647.23183956 8.3316.6725.00 5
20260906일 6130010국5 2 8  5 0 2강 2256           6 1원더풀폭스      티즈원더폭스레이 5141.00한암 6 0 0   1    014:30 24750국5박윤규투애니포 0 01618 638 1 2 038  0다실바   52.579평무상50 44 4430 3.042.019.9 7 0 51448 817 0 0 017 9203013 02060↗↗입14.438.038.713.31880                   14 16  032   14.40   13.00 4 -3  2UNDN53.94401814-2.6 9.6 7.0373712-1일반주행거리속성50관 0 1                            14.4    13.0        .0                       9 3 9 7  1                                            13.41631 0 2 2 0― -.438.70  .34     83.10 5.1710.3219.92 2 613  .12 2.29 6.98 8
20260809일 6140011국511 8 65 1 1강 1151흐림건조 2 6 1원더풀폭스      티즈원더폭스레이 5141.00한암 6 0 0 1 1   76      24750국5박윤규투애니포 0 115171338 1 2 037  0조성환46951.053평무보24 25 2528 2.033.014.9 718 61448 817 0 0 017 9 91620 02060↘→추14.437.738.913.3 76137.838.5 89.5 88.7 14 17  031   14.90   13.10 7 -7 -2HUDN53.94401814-1.6 9.6 8.0363612-4최빈거리거리난점 5   0 4 6     7 7 6④1:29.56    1.814.438.313.0 -4  2  .00 4 8 -2 2.2378518413110 2 7 83 1 1.02 9.10 1.7 4.1  1.7    4.1    5.8   12.3  .01113 0 1 1 0― -.938.10  .1412.0589.00 3.49 7.9714.92 2 613  .12 1.18 4.6011
20260620토 5180010국551 4105 2 3강 3359비  불량20 6 1원더풀폭스      티즈원더폭스레이 3339.00한암 6 0 0 2 1  116      24750국5박윤규투애니포 0 21416 338 1 2 036  0김태희46753.060하자상 9 15 15 6 3.035.014.51248 61448 817 011 017 9152416 02060↘→입14.440.740.713.4172241.539.6118.1119.8 11  9  023   14.30   14.10 3  7  1UNUP53.94401814-1.4 9.0 7.6333312 4일반주행거리속성 5관 011101010 9 9 8⑦1:58.1코   1.314.938.613.1 -3 -3  .00 710  0 1.86690235840 9 8 9 80 2 1.06 7.09 2.6 5.6  2.6   15.2   25.5   27.1  .01620 0 1 1 0―-1.040.30 -.0138.44119.1 2.92 7.4514.47 2 4 8  .12 3.39 9.1411
20260531일 4140011국540 7 45 3 2강 2251맑음양호 7 6 1원더풀폭스      티즈원더폭스레이 5141.00한암 6 0 0 9 1   47      24750국5박윤규투애니포 0 313151238 1 2 035  0정우주47052.560평무상37 32 3222 5.039.021.21250 71448 817 0 0 017 9163013 02060↗→입14.437.639.313.4163737.739.7 90.6 89.5 15 12  021   14.40   13.50 3 -3  0HH동53.94401814 -.6 8.2 7.6282812 0최빈거리거리난점51관 0 4 9     9 9 8⑥1:30.62½   .914.340.214.1 -4  6  .00 610  0 1.6617856715510 4 6 63 1 4.0310.03 2.4 3.4  6.9   27.3   61.5   86.6  .01824 0 2 2 0― -.838.40 -.2012.5589.21 6.0712.7321.17 51223 1.45 3.9710.21 6
20260510일 3140011국511 8 65 4 1강 1153맑음건조 5 6 1원더풀폭스      티즈원더폭스레이 5141.00한암 6 0 0 2 1   48      24750국5박윤규투애니포 0 412141138 1 2 034  0김성현46452.559평무보 5  6  6 8 3.029.0 8.51440 91448 817 013 017 9162319 02060↗↘입14.337.439.313.4273337.938.8 90.4 88.8 12 12  024   14.70   14.90 3  6 -4NH동53.94401814 -.8 7.8 7.0282812 0최빈거리거리난점28관 0 7 9     8 6 7⑧1:30.4½   1.014.439.513.5 -2  1  .00 810  0 1.3408424485210 311110 2 1.02 8.09 1.4 3.5  1.4    3.5    4.6   21.1  .0 9 3-4 1 1-4▼-1.438.50  .2712.1389.07 1.46 4.14 8.49 1 3 7  .12 2.44 7.0011
20260419일 4140010국551 8 55 5 1강 1151맑음건조 4 6 1원더풀폭스      티즈원더폭스레이 5141.00한암 6 0 0 2 1   48      24750국5박윤규투애니포 0 511131038 1 2 033  0조상범46356.057평무하 9 12 1218 3.030.0 8.1 926 51448 817 0 7 517 9132116 02060↗→입14.437.639.213.3164538.040.6 92.5 91.0 13 13  022   15.40   13.60 3-10  0UL동53.94401813 -.6 7.2 6.6323212 0발길대로조교부실26관 0 1 8    101010⑩1:32.56    3.014.741.214.9  0  1  .001010  2 3.3918880911311 210110 3 1.02 7.09 3.1 4.5  3.1    4.5    9.1   10.0  .0 6 5-3 1 1-3▼-1.438.80  .2114.2089.14 1.57 3.97 8.05 0 2 4  .12 1.98 6.1610
20260329일 5140011국530 8 85 6 1강 1158맑음건조 3 6 1원더풀폭스      티즈원더폭스레이 5141.00한암 6 0 0 9 1   48      24750국5박윤규투애니포 0 61012 938 1 2 032  0코지  46256.086평무보12 13 13 9 5.038.013.63260191448 817 016 017 9233019 02060↗↘입14.437.639.113.3174839.438.7 91.3 90.3 13 13  019   14.90   13.8035  6  2VBDN53.94401813-1.6 7.4 5.8353512-4일반주행휴양불리40기 01111    111111⑨1:31.32    2.015.439.213.6  1 25  .00 9 8  1 3.1829926862611 310110 1 1.03 2.05 2.1 3.5  2.1    5.5    8.1  136.9  .01614-3 2 2-3▽ -.838.60  .1113.5889.07 3.09 7.4713.55 1 4 8 1.12 3.57 9.3410
20250727일 7180010국550 7 55 7 2강 2259맑음건조 3 6 1원더풀폭스      티즈원더폭스레이 3339.00한암 5 0 0 9 4  682      24750국5손영표투애니포 0 7 911 238 3 2 031  0조한별43754.568평무보13 12 12 1 5.034.016.1195711 999 610 0 0 012 7122018 02060↘→입14.440.740.813.3161940.040.5121.2120.3 13 20  023   15.10   14.60 4  4 -1NN동53.94401813-1.6 7.8 6.2353512 0일반주행거리속성 6기 0 5 6 6 6 8 7 8⑤2:01.21½  1.814.940.713.8 -2 -1  .00 5 7  1 2.87944514530 5 5 7 60 7 2.01 8.07 2.2 4.6  4.5    4.6   11.4   47.6  .016 5-3 2 1-3▼-1.340.40 -.0938.80119.1 2.32 7.7616.14 2 714 1.49 4.0810.39 7
20250629일 51800 9국510 8 65 8 1강 1149흐림양호 8 6 1원더풀폭스      티즈원더폭스레이 3339.00한암 5 0 0 9 3  501      24750국5유재길투애니포 0 8 810 138 2 2 030  0조한별43855.065평무상22 21 2114 4.033.017.21150 610   4 8 9 4 012 0122018 02060→↗입14.240.740.513.2173740.942.0120.3119.6 14 17  021   14.60   13.70 2 -4  0ULUP53.94401813-1.8 8.2 6.4343412 4일반주행탐색우려59관 0 1 7 8 8 5 5 7⑥2:00.31    1.715.142.314.6  0 -5  .00 6 6 -2 2.06077839132 8 1 5 82 6 2.07 3.09 1.8 4.9  6.0   62.3  133.6   97.8  .016 2-4 2 1-4▼-1.540.30 -.0238.36119.0 2.28 8.1617.24 41118 2.00 5.6613.79 6
20250615일 31400 8국530 6 35 9 2강 2251맑음건조 3 6 1원더풀폭스      티즈원더폭스레이 5141.00한암 5 0 0 2 3  543      24750국5유재길투애니포 0 9 7 9 838 1 2 029  0조한별44355.065평무하12 15 15 9 3.032.011.01150 610   4 8 9 4 012 0122018 02060→↗입14.237.639.013.2145737.439.0 88.9 88.9 14 18  021   15.30   14.00 3  1  3NBDN53.94401713-1.6 8.2 6.6313112-3일반주행조교부실23관 0 5 8     7 7 6⑤1:28.91¼  1.014.638.913.7 -3  9  .00 5 8  1 1.04467374751 7 3 7 80 5 3.01 8.02 2.0 2.9  4.9    3.3    9.0   20.6  .016 6-1 1 1-1▽-1.038.30  .2512.2589.00 1.43 4.6710.98 2 613  .12 1.88 5.94 8
20250524토 91700 9국411 5 6510혼전 4451맑음다습12 6 1원더풀폭스      티즈원더폭스레이 5141.00한암 5 0 0 2 4  60617:30 41250국4유재길투애니포 010 6 8 438 1 2 028  0김용근43452.087평무상24 15 152810.043.020.62756 7 8 0 2 8 918 012 0312714 02060↗↘선14.240.140.913.2295340.942.0114.0115.3 15 19  022   15.00   12.60 3 -1  0HH동53.94401713-2.0 9.0 7.0272712 0일반주행거리속성48기 0 4 7 7 7 7 7 8⑧1:54.01½  1.715.341.014.0  1  1  .00 8 7 -2 3.08889769031 7 5 8 50 1 1.04 2.06     4.5  1.9    7.7   11.0    6.9  .01648 0 3 2 0― -.541.30  .0934.34113.8 4.2411.3920.59 81729 4.84 9.3013.88 9
20250503토 6170011국454 210511 1강 1151흐림포화18 6 1원더풀폭스      티즈원더폭스레이 5141.00한암 5 0 0 1 4  67215:15 33000국4유재길투애니포 011 5 7 338 2 2 027  0조한별43352.068평무상29 17 17 3 3.032.010.7195711 8 0 2 8 9 4 012 0122018 02060↘→입14.240.041.313.3344140.939.2112.1114.3 15 19  019   15.20   14.90 2  3  0NH동53.94401713-1.4 9.0 7.6282812 0일반주행거리속성 1관 0 51010 910 9 8⑤1:52.1¾   1.515.038.112.6 -4 -3  .00 5 9  0 1.67088 8263611 8 9103 4 2.01 7.03     8.2  4.5    8.2   14.1    9.7  .016 6-3 1 1-3▼-1.141.20  .1633.02114.0 1.94 4.9410.69 0 3 6  .12 2.17 6.4511
20250419토 6170011국452 710512 3강 3357비  양호 8 6 1원더풀폭스      티즈원더폭스레이 5141.00한암 5 0 0 2 4  71415:15 33000국4유재길투애니포 012 4 6 238 1 2 026  0오수철43652.059평무상28 12 12 7 4.032.011.3 925 8 8 0 2 8 9 5 012 0112115 02060↘→입14.239.941.313.3424140.141.6113.1113.8 16 20  020   14.10   13.30 2 -4  1HNUP53.94401713 -.8 8.2 7.4282812 1일반주행거리속성 1관 0 2 6 6 6 7 7 8⑦1:53.13    1.715.242.514.9 -2 -5  .00 7 9  1 2.85862687434 9 6 9110 4 4.03 1.04     7.9  6.8   17.4   32.1   18.0  .01612-2 1 1-2▽-1.241.20  .2132.63113.9 1.68 5.6411.30 0 2 4 1.49 4.1710.04 9
20250405토 8160010국450 410513 1강 1151비  포화17 6 1원더풀폭스      티즈원더폭스레이 5141.00한암 5 0 0 1 4  75418:55 33000국4유재길투애니포 013 3 5 438 1 2 025  0김태희44151.073평무상10 13 1314 4.034.010.21743 5 8 0 2 8 9 0 012 0152416 02060↘→입14.237.239.713.2174836.739.3101.6103.0 17 21  021   14.40   14.70 2 -1 -1NU동53.94401713-1.4 8.0 6.6404012 0일반주행보통주행 1관 0 6 6   6 6 6 8⑦1:41.61    1.914.139.013.3 -1 -3  .00 7 8  0 2.05566465326 9 7 9102 1 6.0410.02     7.5  7.1   28.8   62.2   34.8  .01615-2 1 2-2▽-1.039.70  .1826.08103.6 1.38 4.4710.18 0 3 6  .88 2.84 7.7410
20250322토 8160010국443 7 4514 1강 1156맑음건조 4 6 1원더풀폭스      티즈원더폭스레이 5141.00한암 5 0 0 2 4  79617:00 33000국4유재길투애니포 014 2 4 338 1 2 024  0오수철44452.059평무보 6  2  214 3.029.0 8.9 925 8 8 0 2 8 9 5 012 0112115 02060↘→입14.237.239.713.2164836.740.5104.7103.8 17 22  022   14.60   14.3011  1  0NHUP53.94401713-1.2 8.2 7.0373712 2발길대로휴양불리 1관 1 7 6   6 7 7 8⑥1:44.72½  1.514.441.714.7 -2 -1  .00 6 8 -3 1.87669748238 8 310 90 3 2.04 8.03     3.0  4.5   16.9   27.7    6.3  .0 7 2-4 1 1-4▼-1.639.70  .2126.93103.6 1.35 3.02 8.89 1 3 6  .12 2.34 7.32 9
20250105일 7140011국433 3 8515혼전 4457맑음양호 7 6 1원더풀폭스      티즈원더폭스레이 5141.00한암 5 0 0 1 6 100315:15 41250국4유재길투애니포 015 1 3 738 1 2 023  0조상범44552.066평무보13 18 1828 4.033.011.512 0 713  12 8 914 512 0132116 02060→→입14.237.539.213.2225738.140.0 91.1 90.5 18 23  023   14.50   13.30 4 -1  0NH동53.94401713-1.0 7.6 6.6414112 0일반주행보통주행 1관 0 6 9    101110⑩1:31.14    3.214.640.414.3 -1  9  .001011  2 3.486917188 910 4 6100 2 2.04 1.03     3.9  4.8   30.3   44.2   52.3  .01614 0 1 1 0▽-1.238.80  .1913.8389.07 1.81 5.8511.48 1 4 8 1.28 3.51 5.0211
20260906일 6130010국5 2 8  7 0 2강 2256           6 2나스카불청객    메디치글새즈미즈 9717.00한암 3 0 0   1    014:30 24750국5송문길(주)나스-1 0 5 3 3 4 1 1 0 4  0서승운   54.084우선보50 60 609792.066.056.224401419411028292955262827291699 0 0↗↘선13.436.640.313.69813                   67 67100 0   13.60   13.90 4  1  1HN동54.04761312  .0 3.7 3.7737312 0선행유리전개최상36기 0 2                            13.6    13.9        .0                       110 2 2  1                                              .04296 3 9 9 3★ 1.440.30 -.78     83.2322.5742.0256.2021435939.5868.5786.05 1
20260808토 4130011국551 8 57 1혼전 4451맑음건조 2 6 2나스카불청객    메디치글새즈미즈 9717.00한암 3 0 0 1 1   88      24750국5송문길(주)나스-1 1 4 2 2 4 4 1 0 3  0이용호47253.063우도하45 48 489059.055.026.61657 719411028291738262819182099 0 0→↘자13.436.540.213.999 836.839.5 82.0 82.5 50 50100 0   13.10   15.00 6 -3  0UU동55.04801312  .5 3.5 4.0686812 0전개최상거리속성45기 0 1 1     1 1 1③1:22.0¾    .013.639.213.9 -1 -7  .00 3 4 -1  .12516583286 111 9 51 4 1.02 6.03 3.3 4.8  3.3    4.8    8.1   14.4  .03487 1 7 6 1△  .440.40  .14 5.7683.10 7.7616.5426.55 8172913.2124.5533.23 3
20260628일 5130011국554 2107 2혼전 4451맑음건조 3 6 2나스카불청객    메디치글새즈미즈 9717.00한암 3 1 1 9 1   86      24750국5송문길(주)나스-1 2 3 1 1 4 3 1 0 2  1이용호47953.063강도보85 99 999681.065.047.81657 719411028291738262819182099 0 0→↘자13.536.740.413.9991736.040.9 82.0 83.3100100100 0   13.60   14.20 5  1 -2VUUP55.04801312-1.0 2.0 1.0949412 1우수혈통전개최상77기 1 4 1     1 1 4⑦1:22.0¾   1.313.140.815.0  2 -1  .00 7 5  3 1.650 1884939 111 1 31 3 1.02 8.03 2.9 5.7  2.9    5.7   10.0    8.410.54894 4 9 9 4☆ 1.440.40 -.68 6.1783.3517.3534.5547.7910233622.1141.6252.82 1
20260523토 1120011국611 9 67 3 2강 2259흐림다습13 6 2나스카불청객    메디치글새즈미즈 9225.00한암 3 0 0 2 1   80      16500국6송문길(주)나스-1 3 2 2 2 4 2 0 0 1  0이용호48055.065평무하31 25 2558  .042.031.31657 7194110282917382628191820      →↘자14.036.940.214.286 136.239.4 76.1 74.8              14.00   14.50 5 -1  0NL동       12 0         7.0     0 0우수혈통우수혈통39기 0 3 2     2 2 1①1:16.11¼  -.213.639.714.2 -1 -3  .00 1 2  0  .010 4703293 21110 51 2 2.04 3.02 1.4 3.8  7.5   15.7   39.6    7.0  .02029-1 4 5-1▽ -.738.30 -.67-2.3376.67 9.5118.6431.28 8172914.4627.6746.76 1
20260418토 1120010국634 8 37 4 1강 1151맑음건조 5 6 2나스카불청객    메디치글새즈미즈 9225.00한암 3     2 1  102      16500국6송문길(주)나스-1 4 1 1 1 4 1 0 0 0  0이용호48355.065평무보80 25 2558  .036.024.21657 7194110282917382628191820      →↘자14.136.939.312.9903736.940.0 77.5 76.6              14.10   13.20 4  0  0NL동       12 0         4.0     0 0일반주행우수혈통50기 1 4 6     4 4 4⑦1:17.5½   1.114.040.414.5  5 -4  .01 7 2  0 2.06733827448 6 1 9 42 1 3.08 6.10 1.5 3.1  5.0   92.4  159.8  509.9  .01621-1 3 4-1▽ -.838.80  .03  .4176.17 5.1612.8724.16 6172813.3324.7263.79 4
20260906일 6130010국5 2 8  6 0 2강 2256           6 3파이널질주      에치드  제이원    841.00한암 6 0 0   1    014:30 24750국5임채덕럭키     0 01630 634 4 2 334  0조상범   54.057기입보50 40 40 2 2.033.010.2 926 5 853 31015 415 8 0132116135038↗→입14.037.339.513.76141                   17 21 1414   14.40   13.90 3 -5 -1HN동53.95001814-1.8 9.4 7.6272712 0노쇠부진기복전력44기 0 3                            14.4    13.9        .0                       6 71010  7                                              .012 3-3 1 1-3▼-1.239.50  .55     83.16 1.37 4.8510.18 1 4 8  .12 1.14 4.6510
20260817월 41300 9국522 6 26 1 2강 2254흐림다습13 6 3파이널질주      에치드  제이원    841.00한암 6 0 0 2 1   48      24750국5임채덕럭키     0 11529 534 3 2 333  0조상범51155.057기입적23 28 2824 6.037.015.8 926 5 853 31015 415 8 0132116135038↗→입14.037.239.613.7693738.139.9 83.6 84.2 18 21 1414   14.40   13.30 3 -2  2NN동53.95001814-1.6 9.4 7.8323212 0일반주행기복전력 5   0 8 6     7 7 8⑦1:23.63    3.314.439.413.9  0 11  .00 7 7 -3 4.17873697910 6 8 4 60 6 1.02 4.05 1.8 1.2  1.8    1.2    2.0    3.6  .01617-1 2 2-1▽-1.040.10  .39 7.3683.16 2.21 6.9615.78 51223 1.10 4.7611.59 5
20260725토 5130010국552 6106 2혼전 4451맑음다습10 6 3파이널질주      에치드  제이원    841.00한암 6 0 0 9 1   36      24750국5임채덕럭키     0 21428 434 2 2 332  0조상범50053.057기입적14 13 1324 6.032.0 6.2 926 5 853 31015 415 8 0132116145729↗→입14.037.239.613.8723738.638.5 82.1 83.3 19 19 1515   14.00   14.10 2  3 -2VH동54.15001814 -.2 8.4 8.2282812 0일반주행기복전력71기 11010    10 9 8⑤1:22.12½   .714.438.213.3 -5 -2  .00 510  1  .9518824566110 711113 5 1.03 1.06 2.9 5.5  2.9    6.4   12.0    7.0  .01615-2 1 1-2▽-1.439.90  .67 6.4883.16 1.00 2.90 6.23 0 2 4  .83 3.39 7.3211
20260711토 5130010국541 6 96 3 3강 3351맑음다습14 6 3파이널질주      에치드  제이원    841.00한암 6 0 0 2 1   36      24750국5임채덕럭키     0 31327 334 1 2 331  0조상범50255.057기입보 6  9  928 6.033.011.7 926 5 853 31015 415 8 0132116145729↗→입13.937.239.513.7724537.639.8 82.7 83.6 19 19 1219   13.80   14.50 2 -1  4NNDN54.15001814 -.8 8.0 7.2404012-1일반주행기복전력58기 0 7 6     6 5 5⑦1:22.7코   1.914.039.514.1 -2 -2  .00 7 9 -2 2.06354676727 3 8 9 92 4 3.01 6.04 3.1 7.5  4.5    8.1   18.0   33.8  .01616-2 2 1-2▽-1.240.00  .56 6.8783.10 1.72 5.8511.69 2 4 8 1.56 5.5911.69 9
20260628일 4140011국553 4106 4 2강 2251맑음건조 3 6 3파이널질주      에치드  제이원    841.00한암 6 0 0 9 1   27      24750국5임채덕럭키     0 412261434 1 2 330  0조성환50451.053기입보22 22 2214 3.032.0 7.2 718 6 853 31015 0 0 8 0 91620145729↘→추14.037.039.813.7543037.241.0 89.8 90.4 20 20 2420   14.20   14.50 2  7 -1NU동54.15001814-1.0 7.0 6.0494912 0일반주행기복전력22관 0 8 8     8 7 9⑩1:29.8¾   2.213.841.014.5 -1 -2  .001011  1 2.28249878619 81010110 1 1.03 4.06 2.8 5.4  2.8    3.4    5.7    8.1  .01612-1 1 1-1▽-1.439.20  .2313.5889.14 1.13 3.35 7.21 0 2 4  .12 1.76 5.4711
20260613토 3140011국554 6106 5혼전 4451맑음건조 3 6 3파이널질주      에치드  제이원    841.00한암 6 0 0 2 1   18      24750국5임채덕럭키     0 511251334 1 2 329  0권중석50651.565기입하39 39 3931 8.035.0 7.61341 6 853 31015 0 0 8 0191818145729↘→선13.936.839.813.7683337.540.2 90.4 90.0 21 21 1721   14.00   15.30 2 -2 -5UU동54.15001814-2.4 7.0 4.6626214 0일반주행기복전력21관 0 1 8     7 7 9⑨1:30.4¾   2.014.240.414.5 -1  1  .00 910  3 2.97569707825 41011110 1 2.0110.07 3.3 6.6  4.0    6.6   13.0    8.1  .01619-3 2 1-3▼-1.239.30  .3313.3589.00  .95 3.48 7.59 0 2 4 2.91 5.31 9.59 9
20260530토 6140011국514 8 66 6 1강 1131맑음양호 7 6 3파이널질주      에치드  제이원    841.00한암 6 0 0 9 1   35      24750국5임채덕럭키     0 610241234 1 2 328  0조상범50556.557기입적52 51 5114 7.037.014.9 926 5 853 31015 415 8 0132116145729↗→입13.936.839.813.7663336.441.5 91.0 89.7 22 22  922   14.10   14.60 6 -7  0HL동54.15001814-2.0 7.0 5.0575714 0숨은복병기복전력65기 1 3 8     6 6 6⑧1:31.0½   1.714.042.115.3  1 -4  .00 8 7  2 2.06912918232 6 6 5102 3 2.04 9.07 2.3 7.6  5.8   25.2   40.5   33.3  .01911-3 2 2-3▽ -.939.30  .1413.1489.00 3.61 8.1314.87 2 611 1.16 4.6211.49 9
20260419일 4140010국551 8 56 7 1강 1151맑음건조 4 6 3파이널질주      에치드  제이원    841.00한암 6 0 0 2 1  108      24750국5임채덕럭키     0 7 9231134 2 2 327  0코지  50956.586기입적71 77 775867.065.047.7326019 853 3101517 0 8 0233019145729↗↘입13.936.739.813.6743337.439.7 90.7 89.2 23 27  918   14.10   13.70 3  9  2VB동54.15001814-2.0 6.6 4.6606014 0숨은복병기복전력60관 110 5     4 4 5⑦1:30.71½  1.214.140.414.6  2  3  .00 7 5 -2 1.55162576346 4 8 3 32 2 1.02 7.09 3.1 4.5  3.1    4.5    9.1   10.0  .02356 1 7 6 1― 1.139.30 -.6612.6588.9318.4334.6047.7418395610.2823.7638.01 3
20260328토 4140011국553 6106 8 1강 1151맑음건조 3 6 3파이널질주      에치드  제이원    841.00한암 6 0 0 9 1   60      24750국5임채덕럭키     0 8 8221034 1 2 226  0코지  50655.086기입적46 53 534326.048.019.3326019 853 3101517 0 8 0233019175033↗↘입14.036.839.613.5674537.438.6 88.4 88.3 19 19  519   13.90   13.70 2 -3 -1UN동53.94991812-1.8 6.6 4.8565614 0일반주행기복전력34관 0 1 3     4 3 3②1:28.45     .014.138.713.7 -5  0  .00 2 7  1  .82465232983 6 7 5 72 1 3.0711.01 3.1 7.9  4.7   25.6   36.7   21.5  .01662 0 4 3 0― -.239.00  .1611.9288.86 4.3511.3519.29 41118 3.73 9.4916.30 7
20260315일 3140010국550 6106 9혼전 4458흐림양호 6 6 3파이널질주      에치드  제이원    841.00한암 6 0 0 2 1   29      24750국5임채덕럭키     0 9 721 934 2 2 225  0조상범50656.057기입적70 72 725056.057.033.5 926 5 853 31015 415 8 0132116204040↗→입14.037.039.613.5564837.139.0 89.5 88.7 20 25  515   14.00   14.10 4 -2  2HB동53.54981812-2.2 7.2 5.0494914 0기습선행기복전력34관 0 4 4     3 3 3④1:29.51     .613.939.213.7 -2  4  .00 4 6 -4  .63746353164 3 7 1 32 2 3.02 8.03 2.3 5.2  7.2   17.6   38.8   14.5  .04040 0 7 6 0―  .538.90 -.3212.1189.0010.5821.4433.4514294314.0430.0042.31 2
20260214토 5140011국552 9 5610혼전 4459맑음건조 3 6 3파이널질주      에치드  제이원    841.00한암 6 0 0 2 1   69      24750국5임채덕럭키     010 620 834 1 2 124  0조상범50254.057기자적12 12 1222 6.036.016.3 926 5 853 31015 415 8 0132116 05050↗→입14.037.039.813.5553736.638.7 89.1 87.4 16 16  016   14.20   15.6010  1 -1NN동53.44971812-1.2 7.0 5.8414112 0일반주행기복전력41관 0 6 1     1 1 1②1:29.1½    .014.039.714.1 -8  8  .00 210  5  .1 521271092 7 9 9 91 1 7.10 5.06 2.3 4.6 14.5  150.9  379.5  519.3  .01623-1 2 3-1▽ -.838.60 -.0110.5589.14 4.42 9.6316.25 1 3 8 1.72 6.3512.56 9
20251207일 51400 9국541 7 4611 1강 1151맑음양호 9 6 3파이널질주      에치드  제이원    841.00한암 5 0 0 1 1  199      24750국5손영표럭키     011 519 734 3 2 123  0이혁  49455.078기자적19 16 1628 5.040.014.92257 7 0   010 010 012 7282118 05050↗↘선14.037.139.813.5493737.142.9 92.9 92.3 16 21 1116   14.70   15.70 4  1  1NLDN53.44971812-1.2 6.8 5.6404012-4선행무리기복전력 5기 0 5 5     6 6 9⑨1:32.912   4.614.243.215.6  4 -8  .09 9 5  1 4.897509898 6 7 4 9 92 6 1.06 8.07 1.8 3.4  1.8   10.9   17.3   14.5  .01321-2 2 2-2▽ -.939.50 -.0415.4089.21 3.45 8.0914.92 41118 1.03 3.26 8.86 8
20251108토 6180011국551 810612 2강 2259흐림건조 3 6 3파이널질주      에치드  제이원    8     한암 5 0 0 2 1  149      24750국5손영표럭키     012 418 534 2 2 122  0이혁  50254.076기자적 5  4  421 5.038.017.02257 7 0   010 010 012 7282118 05050↗↘선14.040.341.313.5381339.744.1123.1121.8 16 16 1621   14.20   15.20 3 -3  0HN동53.44971812-1.6 8.4 6.8323212 0일반주행기복전력77기 1 4 2 2 2 2 2 7⑨2:03.11¾  3.314.743.615.7  5 -6  .09 9 4 -3 3.69330969511 41010 61 5 6.01 5.09 2.6 5.6 16.4   16.7   56.2   97.1  .01628-2 3 1-2▽-1.041.00 -.1440.17119.2 3.45 9.0116.99 51223 1.47 4.2310.34 6
20251019일 5180011국510 6 6613혼전 4451맑음포화17 6 3파이널질주      에치드  제이원    8     한암 5 0 0 2 2  205      24750국5손영표럭키     013 317 434 1 2 121  0이혁  50854.080기자적 5  9  923 9.038.011.51231 4 899 310 010 012 7282118 05050↘↗선14.040.541.213.5301939.444.3121.7123.6 17 17 1122   14.10   14.30 5  1  0NN동53.44971812-2.6 9.0 6.4383812 0일반주행기복전력44기 0 7 6 710101010⑩2:01.73    3.114.243.315.2  3  2  .0010 7  4 3.89819979511 8 911 90 4 1.02 2.04 1.8 6.1  1.8    6.1    7.5    9.7  .01634-2 2 1-2▽-1.041.00 -.0441.85119.2 2.12 5.6011.49 2 510 2.30 5.2613.2211
20250913토 6180010국540 3 9614혼전 4459맑음포화17 6 3파이널질주      에치드  제이원    8     한암 5 0 0 2 2  30017:25 24750국5손영표럭키     014 216 334 1 2 120  0장추열50654.093기입적 9 14 143741.063.054.4335017 899 310 013 012 7202722 05050↗↘입13.940.541.113.5252239.041.3117.7120.2 18 18  624   14.50   14.20 4 -4  1NN동53.44971812-2.4 9.0 6.6404012 0착차만회기복전력66기 0 6 1 1 1 1 1 2⑤1:57.72     .814.140.114.3  2  0  .00 5 3 -4 1.47410723954 6 9 5 21 1 2.05 1.04     7.4  4.5   20.2   34.8   64.612.73273 2 6 8 2▲ 1.140.60 -.9838.57119.221.7240.4654.4238587119.0539.1854.24 2
20250817일 3180011국552 710615 3강 3359맑음양호 8 6 3파이널질주      에치드  제이원    8     한암 5 0 0 2 2  37711:25 24750국5손영표럭키     015 115 234 1 2 119  0마이아50653.593기자적 5  4  421 6.040.022.13963 5 899 310 0 02312 73533 7 03367→↘선13.940.641.413.4251339.940.1120.8119.1 19 19  625   13.90   13.60 4  2  0BNUP53.34941812-1.2 8.6 7.4333312 4일반주행기복전력45기 010 4 4 5 4 4 2③2:00.82½   .514.540.614.2 -4  5  .00 3 7 -2  .74738402967 91111 62 1 1.02 9.05     7.1  3.2    7.1   10.3   38.611.21634-3 3 1-3▼ -.940.40 -.3737.09119.3 7.1714.1422.14 51223 2.27 7.6914.59 8
20260906일 6130010국5 2 8  7 0 2강 2256           6 4스마트마루      레볼루셔용마루   6132.00한암 4 0 0   1    014:30 24750국5박재우박정재   2 015 9 514 6 2 014  0정정희   55.081평입상50 53 534634.054.032.52044 92044 9231417132215202515 05050→→입13.937.239.713.96533                   14 14  7 0   14.10   13.40 4  2  1VN동54.34361412-2.0 7.6 5.6585813 0일반주행최적거리33기 0 4                            14.1    13.4        .0                       5 8 6 3  7                                              .02144 0 5 5 0―  .439.70 -.14     83.23 9.4120.0932.54142943 8.3318.2929.07 4
20260808토 4130011국551 8 57 1혼전 4451맑음건조 2 6 4스마트마루      레볼루셔용마루   6132.00한암 4 0 0 1 1   88      24750국5박재우박정재   2 114 8 414 5 2 013  0정정희43854.581평입하18 21 212123.052.023.02044 92044 9231417132215202515 06733→→입13.937.239.814.0632737.738.9 82.2 82.7 15 15  8 0   14.00   13.90 5 -7  1HNUP54.24361412 -.6 7.2 6.6484814 1숨은복병거리속성63기 0 2 8     8 9 7⑤1:22.2½    .314.138.613.4 -6  1  .00 511  4  .33259384273 81011 63 6 1.02 6.03 3.3 4.8  3.3    4.8    8.1   14.4  .02339 1 5 6 1―  .239.80  .08 5.6683.29 6.6114.8223.03 41118 4.72 9.0916.17 9
20260704토 4120011국542 4 47 2 1강 1151흐림건조 5 6 4스마트마루      레볼루셔용마루   4125.00한암 4 0 0 1 1   77      24750국5박재우박정재   2 213 7 814 4 2 012  0정정희43753.581평입하38 40 4027 5.041.018.72044 92044 9231417132215202515 06733→→입13.937.239.314.0492237.539.2 76.2 76.7 17 17  8 0   14.00   14.30 4  3 -2LHDN54.24361412-1.0 7.4 6.4494913-1일반주행조교부실24관 0 9 6     6 6 8⑧1:16.2코   1.614.039.013.9  1 -3  .00 8 7 -1 2.36962646831 8 9 7 92 5 1.02 1.02 2.5 3.9  2.5    3.9    7.0   49.9  .01616 0 2 2 0― -.438.60  .01  .2176.34 4.82 9.8118.73 1 4 8  .88 2.63 7.0811
20260606토 4130011국511 4 67 3혼전 4452맑음양호 7 6 4스마트마루      레볼루셔용마루   6132.00한암 4 0 0 1 1   77      24750국5박재우박정재   2 312 6 314 3 2 011  0정정희44055.581평입보24 33 332121.052.022.62044 92044 9231417132215202515 06733→→입13.937.239.814.0632737.739.9 84.2 83.7 18 18 18 0   13.90   14.50 5 -3 -1NNDN54.24361412-1.6 7.2 5.6444414-1숨은복병거리속성61기 0 6 5     6 7 9⑩1:24.22    1.314.040.314.3  2  2  .0010 8  4 1.56354676740 611 7 70 4 3.02 5.02 2.0 6.6  7.3   14.1   30.8  276.5  .01932 0 5 6 0―  .140.00  .08 6.7083.29 6.0314.3722.64 41118 7.6914.2022.99 8
20260502토 4140011국532 9 87 4혼전 4451흐림건조 3 6 4스마트마루      레볼루셔용마루   6132.00한암 4 0 0 1 1   97      24750국5박재우박정재   2 411 5 214 2 2 010  0정정희43856.081평입상53 60 604656.064.047.12044 92044 9231417132215202515 06733→→입13.937.040.114.0511337.040.2 91.1 89.6 20 20 20 0   14.00   13.80 5  8  4LBUP54.24361412-3.2 8.2 5.0525214 2착차만회최적거리 5관 0 9 7     7 8 6④1:31.11¾   .813.940.914.5  0  3  .00 4 4 -4 1.16541716760 510 3 33 3 1.07 6.10 2.5 3.8  2.5   32.9   45.3   96.312.73162 2 7 8 2▲ 1.139.10-1.0112.5089.3417.4034.2447.0918375310.9626.4238.37 4
20260329일 4120010국544 8 97 5 1강 1152맑음건조 3 6 4스마트마루      레볼루셔용마루   4125.00한암 4 0 0 9 1   91      24750국5박재우박정재   2 510 4 714 1 1 0 9  0정정희43552.581평입하26 25 253913.047.027.02044 92044 9231417132215202515 099 0→→입13.937.339.314.0412537.338.8 76.4 75.9 11 22 11 0   14.60   13.50 8 -7  0UH동55.04361412-1.2 8.2 7.0383814 0일반주행보통주행40관 0 1 6     7 7 4①1:16.4코    .014.039.013.8 -7 20  .00 1 8 -1  .04252515079 7 9 5 33 2 8.02 1.04 1.9 4.6 25.0   55.4  191.0   23.6  .01855 0 3 5 0―  .138.20 -.28 -.7576.39 7.5917.8727.04122540 6.2512.5923.08 6
20260201일 5120010국554 6107 6혼전 4451맑음건조 2 6 4스마트마루      레볼루셔용마루   4125.00한암 4 0 0 1 1  142      24750국5박재우박정재   2 6 9 3 614 2 1 0 8  0김태희41552.562평입보53 47 4727 8.039.015.21248 62044 92314 8 02215152416 099 0↘→입13.937.239.214.0503037.739.2 76.5 76.8 13  0 13 0   14.00   13.90 5  1 -1NHDN55.04361412-2.8 8.6 5.8474714-2일반주행보통주행 5기 0 8 9     8 810⑩1:16.52    1.914.638.913.5  1-12  .0010 9  1 2.07275617227 511 6110 2 1.02 1.03 3.4 6.9  3.4    6.9   11.7   20.6  .01619 0 2 2 0― -.638.60  .18  .4276.28 3.04 8.1715.15 0 2 4 3.49 6.2511.2611
20251228일 5140011국531 6 37 7 3강 3351맑음다습12 6 4스마트마루      레볼루셔용마루   6132.00한암 3 0 0 9 1   9113:35 24750국5박재우박정재   2 7 8 2 114 1 1 0 7  0김태희42753.061기입보25 19 1926 6.033.011.31248 62044 92314 8 02215152416 099 0↘→입13.836.940.114.1541536.739.9 89.1 88.8 14 29 14 0   14.60   13.50 3 -1  1NNUP55.04361412-1.6 7.8 6.2414113 2일반주행기복전력38기 0 7 4     4 4 6⑦1:29.12    1.514.040.113.9 -1  3  .00 7 8  1 1.84530655437 41010102 1 5.04 1.04     2.4 16.7   71.1  180.8   27.2  .01619 0 2 2 0―-1.239.00  .0011.7789.28 1.63 5.6111.32 1 4 8 1.09 4.52 9.96 9
20251206토 6120011국544 4 97 8 2강 2251흐림양호 9 6 4스마트마루      레볼루셔용마루   4125.00한암 3 0 0 1 1   6114:25 24750국5박재우박정재   2 8 7 1 514 4 1 0 6  0조한별42452.063기입적68 76 764626.051.023.81421102044 9231422 02215122018 099 0→↘입13.837.039.314.0652538.738.0 76.4 76.6 17 33 33 0   13.60   13.50 9  6 -3NUDN55.04361312-1.6 8.4 6.8454513-1착차만회기복전력67기 1 8 8     8 8 8⑥1:16.41    2.214.638.513.5 -1-14  .00 6 7 -2 2.56596226719 710 5 50 4 1.02 5.03     4.0  3.1    4.0    6.5    3.7  .02540 0 5 5 0―  .138.70 -.02  .2976.23 5.2214.1423.76 51324 4.2411.1619.80 5
20251004토 2130011국640 8 97 9 2강 2251맑음다습10 6 4스마트마루      레볼루셔용마루   6132.00한암 3 0 0 1 2  230      16500국6박재우박정재   2 9 6 6 214 3 0 0 5  0조한별43855.058하입적 5  5  5 613.044.019.6 950 41660 5231422 02215122018 099 0↗→입14.037.440.114.4561536.839.1 82.6 82.4  0 20 20 0   13.80   14.50 4 -9  0HU동55.04341312 -.2 8.6 8.4282812 0가는대로거리속성51기 0 2 3     3 3 2①1:22.62½  -.413.639.513.5 -8  8  .00 1 9  1  .02114461994 5 8 9 52 3 9.08 2.11 1.8 4.4 50.3  785.4 2295.6 1471.9  .01828 0 3 5 0― -.439.50 -.15 4.9283.61 4.48 9.9219.59 51223 3.67 8.4114.48 7
20250906토 2130011국621 3 7710혼전 4451맑음다습13 6 4스마트마루      레볼루셔용마루   6132.00한암 3 0 0 1 2  325      16500국6박재우박정재   210 5 5 114 2 0 0 4  0조한별43055.058하입적77 66 662747.061.040.5 950 41660 5231422 02215122018 099 0↗→입14.037.340.114.4621737.741.2 84.0 85.2  0 25 25 0   14.00   13.90 5  2  0VUUP55.04341312-1.0 8.8 7.8333312 1착차만회거리속성27기 011 8     9 911⑪1:24.0머리 2.813.840.914.5  3 -4  .0011 8 -3 3.29154919110 710 3 50 2 4.06 1.04 2.3 2.9  7.7   88.7  149.0   80.313.22552 0 6 6 0―  .740.30 -.67 7.7983.5513.6528.1940.52132741 9.7621.4322.42 5
20250802토 2120011국611 8 1711 1강 1159맑음건조 3 6 4스마트마루      레볼루셔용마루   4125.00한암 3 0 0 1 3  41011:05 16500국6박재우박정재   211 4 4 414 1 0 0 3  0조한별43455.065하입하 8  7  719 7.032.014.91150 61428 3231422 02215122018      →↗입14.037.339.515.249 337.138.4 77.0 75.2  0  0 33 0   13.90   15.50 4  7  0BH동       1212 1.0 8.0 9.0191912 0일반주행부진마필33기 0 9 8     6 5 2④1:17.01½   .314.039.513.9 -7  5  .00 411  7  .71943363071 4 6 7 72 1 1.04 3.05     2.7  1.4    6.3    8.1    6.1  .01612-2 2 1-2▽-1.138.00 -.04-1.5776.51 2.30 6.7214.93 3 818 1.01 4.26 7.63 9
20250706일 1120011국621 6 7712혼전 4459맑음건조 3 6 4스마트마루      레볼루셔용마루   4125.00한암 3 0 0 1 3  48510:35 16500국6박재우박정재   212 3 3 314 1 0 0 2  0이혁  42955.081하무보20 27 2730 6.034.010.72132101428 32314 6 02215282118      ↗↘선14.037.239.813.653 637.241.6 79.3 78.7  0  0 50 0   14.00   14.40 2 -9  0HH동       1212-1.010.0 9.0272712 0최빈거리거리난점77기 1 2 4     6 6 7⑨1:19.31¼  4.213.942.415.5  5-21  .00 9 4 -6 4.995469695 5 8 7 5 82 1 1.07 3.07     2.4  2.1   18.3   27.2   10.5  .01022-1 1 1-1▽-1.139.20 -.04 1.6876.62 1.90 4.7310.65 3 916  .96 3.96 3.7910
20250622일 1120011국640 8 9713 3강 3353맑음포화15 6 4스마트마루      레볼루셔용마루   4125.00한암 3 0 0 2 3  52510:35 16500국6박재우김태성  9913 2 2 214 1 0 0 1  0코지  45055.092하무보14 10 1011 6.030.0 7.23047 61428 3232524 02215233019      ↘→입14.137.839.813.617 836.640.4 77.2 76.9  0  0  0 0   14.10   13.9011 10  0NH동       1212-1.010.0 9.0131312 0최빈거리거리난점29관 011 6     3 4 6⑨1:17.22½  1.314.040.314.4 -1 33  .00 910  0 2.07418887741 71010100 1 2.06 6.02     6.9  3.7   21.0   29.9   68.9  .0 918-4 1 1-4▼-1.738.00 -.26 -.6676.95 1.25 2.55 7.15 2 510 1.72 5.7611.30 9
20250405토 1120011국640 6 9714 3강 3351비  다습12 6 4스마트마루      레볼루셔용마루   4125.00한암 3     1 4  76113:25 16500국6박재우김태성  9914 1 1 114 1 0 0 0  0정정희41755.076평무보18 35 3520  .026.0 9.01740 4215010232517 02215202515      ↗↘입14.837.939.913.334 137.540.0 77.4 77.4              14.80   13.60        NN동       12 0         6.0     0 0일반주행보통주행 1관 0 1 8     8 910⑨1:17.42½  2.614.139.913.9 -1  8  .00 910  0 3.08365828514101011110 1 1.02 3.05     4.5  2.7    4.5    7.3    6.1  .016 9-3 1 1-3▼-1.738.10 -.43 -.3977.06 2.01 3.59 9.00 0 2 412.9024.0447.96 2
20260906일 6130010국5 2 8  6 0 2강 2256           6 5골든디바        COLLECTE골든오브 6421.00한암 3 0 0   1    014:30 24750국5토니  이민정  99 0 9 4 6 8 5 1 2 8  0코지     56.086우자하50 60 609386.068.062.83260193060162036444628212330195050 0↗↘입13.536.839.013.38476                   60 80 2020   13.70   15.2011  0  0NLDN54.04471413-1.8 4.4 2.6727213-1탐색주행전개최상55기 0 5                            13.7    15.2        .0                       2 4 1 1  7                                              .04391 3 9 9 3★ 1.639.00 -.29     82.5229.9050.0262.8438587126.0448.0068.60 2
20260621일 5140010국531 8 86 1혼전 4451맑음포화17 6 5골든디바        COLLECTE골든오브 6421.00한암 3 0 0 2 1  197      24750국5토니  이민정  99 1 8 3 1 8 4 1 2 7  0코지  45056.086우자보81 82 826961.061.033.43260193060162036444628212330195050 0↗↘입13.536.839.313.3586136.641.6 89.6 90.0 60 80 2020   14.00   13.90 4 -6 -1NNUP54.04471413-1.0 4.0 3.0696913 1전개최상신뢰마주26관 0 5 2     2 2 8⑩1:29.610   2.313.741.115.2  7 -4  .0110 3  0 2.37724928721 5 4 5 31 6 7.09 3.06 2.5 3.9 26.5  428.6  886.9 1549.7  .03660 0 7 7 0―  .739.30 -.0213.8888.6610.3121.7133.4213314912.7726.1336.39 4
20260523토 4130011국550 6106 2혼전 4451맑음다습13 6 5골든디바        COLLECTE골든오브 6421.00한암 3 0 1 2 1   77      24750국5토니  이민정  99 2 7 2 5 8 3 1 2 6  1코지  45456.586우자보85 86 869379.072.051.33260193060162036444628212330195050 0↗↘입13.636.839.013.4837637.938.8 82.3 83.1 40 80 4020   13.20   13.60 6  6  3VB동54.04471313-1.0 4.0 3.0696913 0연대우수전개최상42관 111 8     8 7 5⑥1:22.31½   .414.039.013.9  3  8  .09 6 3 -3  .54464334270 2 3 3 10 5 9.02 4.06 2.5 5.1 40.6   57.0  260.0   45.410.64191 3 9 9 3★ 1.740.30  .04 7.2982.5224.9641.0351.2538587117.3132.4344.01 1
20260411토 4130011국551 6106 3혼전 4451흐림다습14 6 5골든디바        COLLECTE골든오브 6421.00한암 3 0 0 2 1  120      24750국5토니  이민정  99 3 6 1 4 8 2 0 2 5  0코지  44653.586우추보90 93 938480.068.041.932601930601620364446282123301999 0 0↗↘입13.637.039.213.4766136.439.5 80.4 82.5 50 75 25 0   13.70   13.90 4  3 -1NU동54.54481313-1.0 4.0 3.0696913 0전개최상연대우수74조 1 5 1     3 3 2①1:20.4목    .013.239.013.6 -5 -2  .00 1 6  4  .023 4591975 4 6 1 22 4 6.01 5.11 3.3 9.9  9.3   16.8   37.8   36.110.53990 3 9 9 3★ 1.439.90  .04 6.2582.7815.9430.5941.9318375319.4434.8246.43 2
20260314토 2130011국611 9 16 4 2강 2251맑음양호 7 6 5골든디바        COLLECTE골든오브 6421.00한암 3 0 0 2 1   83      16500국6토니  이민정  99 4 5 5 3 8 1 0 1 4  0코지  44854.586우추하92 99 999794.071.072.6326019306016203644462821233019      ↗↘입13.637.339.013.3588036.939.0 82.8 81.9 33 67  0 0   13.90   14.20 4  0  1HN동       1312-1.3 4.7 3.3646413 0전개최상전개최상63기 1 2 2     2 2 1②1:22.8½    .013.739.513.9  0  4  .00 2 2  1  .1 917431988 3 1 1 11 3 1.02 1.02 1.7 3.3  1.7    3.3    5.0    7.0  .06198 4 9 9 4☆ 1.939.50 -.87 5.6082.8433.4058.0872.6018375341.1170.0084.13 1
20260214토 3130011국630 9 86 5 1강 1151맑음건조 3 6 5골든디바        COLLECTE골든오브 6421.00한암 3 0 0 2 1   71      16500국6토니  이민정  99 5 4 4 2 8 1 0 1 3  0푸르칸44454.078평추보92 99 999695.073.065.9245716306016203611 02821142421      ↗→추13.637.338.913.1598936.939.6 84.0 82.6 33 33  033   14.00   13.40 6 -3 -1HHUP       1312-2.5 6.5 4.0535313 1전개최상전개최상49기 0 2 2     3 3 4④1:24.01     .213.940.214.2  3  8  .09 4 1  0  .72918613775 3 1 1 12 1 3.04 6.07 1.9 3.3  4.9   23.6   29.1  287.4  .04185 3 9 9 3★ 1.839.70 -.63 6.4082.7832.5952.3165.9138587138.1066.0276.01 1
20260103토 11200 9국620 8 26 6 2강 2259맑음다습13 6 5골든디바        COLLECTE골든오브 3954.00한암 3 0 0 1 1  126      24750국6토니  이민정  99 6 3 3 2 8 2 0 0 2  0코지  43654.588우추보94 97 979191.070.099.0326019306016203644462821233019      ↗↘입13.637.438.312.9379637.438.4 76.2 75.7  0 50  050   13.60   13.70 3 -1  1NNDN       1312-2.5 6.5 4.0535313-1승부최상전개최상50기 0 5 7     7 8 2②1:16.213    .014.038.813.4  1  2  .00 2 1 -3 2.33763344290 4 2 1 13 2 2.01 6.05 1.6 1.5  2.6    1.5    3.6    4.1  .04792 3 9 9 3★ 1.738.10-1.84 -.0275.8957.3993.9599.0038587126.6751.0240.00 1
20251213토 2130010국620 8 26 7 1강 1151비  포화16 6 5골든디바        COLLECTE골든오브 6421.00한암 2 0 0 2 1   65      24750국6토니  이민정  99 7 2 2 1 8 1 0 0 1  0코지  43454.086하추상44 40 408481.076.069.9326019306016203644462821233019      ↗↘입14.338.338.912.9 49837.438.6 81.0 81.8  0  0  0**   14.30   13.10 3 -1  0NHUP       1312-4.0 9.0 5.0393912 1마방연대승부최상94기 0 6 2     2 2 3③1:21.03     .513.638.413.7 -1  1  .00 3 4 -5 1.1 738292063 7 3 5 11 1 2.0110.04     2.0  2.5    2.0    4.5    4.0  .05696 4 9 9 4☆ 2.238.50-1.35 4.6183.4228.4151.4869.9432516414.0930.0445.30 4
20251122토 1120012국611 7 16 8 3강 3351맑음건조 3 6 5골든디바        COLLECTE골든오브 3954.00한암 2     2 1  110      24750국6토니  이민정  99 8 1 1 1 8 1 0 0 0  0루이스43354.072평무보12 25 2531  .043.020.82144103060162036 0 02821202715      ↗↘입15.038.539.512.7 11938.637.4 76.3 76.2              15.00   13.00 4  0  0LL동       12 0         6.0     0 0일반주행마방연대45관 0 711    1110 6⑤1:16.3목   1.414.338.013.1 -4-23  .00 5 9  0 2.95195 8473811 911 63 1 1.02 4.03 1.5 2.8  1.5    2.8    4.5    5.3  .02242-1 4 5-1▽ -.537.10 -.88-1.8477.17 4.9212.1220.75 41120 8.6316.9934.27 6
20260906일 6130010국5 2 8  7 0 2강 2256           6 6뱅크라인        섀클포드인텔리젠 6826.00한암 3 0 0   1    014:30 24750국5심승태파인트리99 012 5 611 2 0 411  0김태훈   56.069우선보50 59 597673.052.029.61756 81450 8123615 012131225218020 0↗→입13.736.839.313.98657                   44 67 2211   13.70   13.80 4  3  2NB동54.24751312 -.6 3.6 3.0737313 0신뢰마주신뢰마주40기 0 6                            13.7    13.8        .0                       3 6 3 4  2                                            13.22752 0 7 5 0―  .339.30  .43     82.71 8.6019.7729.60 8203315.6334.2951.16 3
20260808토 4130011국551 8 57 1혼전 4451맑음건조 2 6 6뱅크라인        섀클포드인텔리젠 6826.00한암 3 0 0 1 1   88      24750국5심승태파인트리99 111 4 511 1 0 310  0김태훈47754.569우입보71 76 768680.064.039.91756 81450 8123615 012131225217525 0↗→입13.736.839.313.9875736.939.2 81.9 82.4 38 63 2513   13.30   13.60 5 -3  2HN동54.14741312 -.6 3.6 3.0737313 0신뢰마주신뢰마주52기 1 3 2     2 2 2②1:21.9머리  .013.738.913.8  0  0  .00 2 2 -1  .02220482586 3 4 2 21 1 1.02 6.03 3.3 4.8  3.3    4.8    8.1   14.4  .03987 3 9 8 3▲ 1.240.10  .15 6.2682.7115.3528.0239.8910233619.8135.4546.71 1
20260705일 5130011국531 2 87 2혼전 4451흐림건조 4 6 6뱅크라인        섀클포드인텔리젠 6826.00한암 3 0 0 1 1   66      24750국5심승태파인트리99 210 3 411 2 0 3 9  0루이스47753.069우입보77 82 828867.059.035.62144101450 81236 0 012132027156733 0↗↘입13.736.939.213.8826136.639.5 80.9 82.5 43 57 14 0   13.70   14.00 4  4 -1LH동54.54731312 -.4 3.6 3.2727213 0마방연대신뢰마주67기 0 6 2     2 2 1③1:20.91¾   .313.338.913.6  0  4  .00 3 3  1  .424 7562168 3 2 4 41 2 1.02 2.10 1.9 5.0  1.9    5.0    7.0    7.512.73178 2 7 7 2△  .840.10  .27 6.4382.7111.7623.7435.56 9203312.2225.1338.28 3
20260606토 4130011국511 4 67 3혼전 4432맑음양호 7 6 6뱅크라인        섀클포드인텔리젠 6826.00한암 3 0 0 1 1   77      24750국5심승태파인트리99 3 9 2 311 1 0 2 8  0루이스47354.069평입보34 38 385424.047.020.22144101450 81236 0 012132027155050 0↗↘입13.737.139.313.8675337.139.2 82.9 82.4 33 50 17 0   14.10   13.40 4 -4  2HNUP54.84741312 -.6 4.4 3.8575712 1연대우수마방연대42기 0 2 2     2 2 1②1:22.91     .013.739.614.0  0  2  .00 2 2 -6  .21924442479 5 5 5 81 1 3.02 5.02 2.0 6.6  7.3   14.1   30.8  276.513.23354-1 5 4-1▽ -.339.80  .52 6.0082.90 4.1211.2320.15 2 714 6.4114.2021.90 7
20260509토 5120011국553 5 57 4혼전 4451맑음건조 5 6 6뱅크라인        섀클포드인텔리젠 6519.00한암 3 0 0 2 1   76      24750국5심승태파인트리99 4 8 1 611 2 0 2 7  0조상범47152.558평입상89 89 895937.046.018.9 926 51450 81236 7 012131321165050 0↗→입13.736.938.913.9684838.038.5 76.3 76.4 40 60 20 0   13.70   13.20 4  5 -3LU동54.84741312-1.2 4.8 3.6575712 0마방연대연대우수47기 0 6 8     8 8 7⑥1:16.34    1.414.138.413.4 -2  1  .00 6 8  5 1.76183386239 5 5 4 90 2 5.02 2.04 2.3 4.5  8.7   19.0   48.4   12.710.53743 0 5 3 0― -.338.80  .40  .5875.95 3.7110.4218.92 2 4 8 7.8317.0225.35 6
20260412일 1120011국642 6 47 5 1강 1151맑음다습12 6 6뱅크라인        섀클포드인텔리젠 6519.00한암 3 0 0 2 1   72      16500국6심승태파인트리99 5 7 7 511 1 0 1 6  0조상범47055.058기입적30 42 426432.054.036.8 926 51450 81236 7 0121313211699 0 0↗→입13.636.839.614.3771936.938.1 74.3 74.9 25 25 25 0   13.60   14.90 5 -7  1UNDN54.54771312-1.3 5.3 4.0505012-1숨은복병마방연대84기 2 1 4     3 3 2②1:14.31     .013.737.813.2 -1 -4  .00 2 3  0  .21436261782 5 7 6 42 1 1.03 2.01 2.1 3.4  2.1    8.0   12.4    6.9  .02259 0 5 6 0―  .538.40 -.45-1.4976.2811.4923.0636.82 91935 4.0412.8715.27 8
20260308일 2130010국621 8 77 6 1강 1154맑음다습14 6 6뱅크라인        섀클포드인텔리젠 6826.00한암 3 0 0 2 1   93      16500국6심승태파인트리99 6 6 6 211 4 0 1 5  0최범현47454.593기입하32 24 245023.045.025.23160131450 8123629 0121319321799 0 0↗→입13.636.940.114.4811536.442.2 84.0 84.8 25 50 50 0   13.80   14.90 4  1  1BN동54.54771312-1.7 6.3 4.7383812 0연대우수기복전력43기 0 8 5     2 2 6⑧1:24.01    1.713.641.614.9  5 -6  .06 8 3  1 3.387 3978831 3 9 7 51 4 1.09 7.04 2.3 2.8  2.3   85.5  148.4   77.8  .03323-3 4 2-3▽ -.540.60  .02 7.7783.29 6.3315.3225.20 51324 7.5813.6123.08 6
20260208일 2130011국631 7 87 7혼전 4451맑음건조 2 6 6뱅크라인        섀클포드인텔리젠 6826.00한암 3 0 0 2 1   61      16500국6심승태파인트리99 7 5 5 111 3 0 1 4  0최범현48054.093기입보87 88 887682.073.060.83160131450 8123629 0121319321799 0 0↗→입13.637.140.014.2722237.141.1 84.1 83.6 25 50 25 0   13.80   13.90 4  1 -1LHUP54.54771312-1.7 6.3 4.7383812 1신뢰마주연대우수63기 0 7 3     4 4 5⑩1:24.1½   2.513.840.914.9  8  3  .0110 2  0 4.16324918317 2 8 3 10 3 1.07 1.03 1.9 4.0  1.9   12.6   16.1   53.710.53779 2 9 9 2▲ 1.740.10-1.04 6.4783.3529.9749.4360.8432516422.4539.0044.79 1
20260110토 5120010국620 9 77 8 2강 2259강풍양호 8 6 6뱅크라인        섀클포드인텔리젠 6519.00한암 3 0 0 2 1   80      24750국6심승태파인트리99 8 4 4 411 2 0 0 3  0최범현47754.593하입보69 69 696993.077.099.03160131450 8123629 01213193217      ↗→입13.737.139.514.2532536.238.7 76.4 74.5  0 33  0 0   13.70   13.90 9  3  1NN동       1212-1.7 6.3 4.7383812 0마방연대신뢰마주38기 0 6 1     1 1 2②1:16.4½    .013.839.513.9  0  6  .00 2 2 -1  .0 7 7481591 2 6 1 11 2 4.02 9.06 1.5 2.4 15.2   31.2   88.0    9.2  .03978 3 9 8 3▲ 2.238.00-2.00-2.0876.3944.6878.2799.0038617246.0779.2765.68 1
20251109일 2120011국612 5 67 9혼전 4451맑음건조 3 6 6뱅크라인        섀클포드인텔리젠 6519.00한암 2 0 0 2 1  18511:00 16500국6심승태파인트리99 9 3 3 311 1 0 0 2  0최범현47154.093하입보29 21 214024.051.025.33160131450 8123629 01213193217      ↗→입13.537.239.814.5481037.038.4 76.1 75.5  0  0  0 0   13.50   14.90 5  1  0HN동       1212-3.0 8.0 5.0232312 0연대우수마방연대43기 1 3 1     2 4 3④1:16.11¼   .513.739.213.9  1  9  .00 4 3 -3  .72638362864 6 9 6 72 1 1.02 2.09     4.3  1.4    4.3    5.3    6.3  .03365-1 5 5-1▽  .038.20 -.44-1.5576.62 6.3516.3825.25 3 818 5.6213.2612.05 8
20251004토 11200 9국650 9 5710 1강 1159맑음다습10 6 6뱅크라인        섀클포드인텔리젠 6519.00한암 2 0 0 1 2  231      24750국6심승태파인트리9910 2 2 211 1 0 0 1  0송재철46254.077하무상50 43 434235.055.037.8203213 4 0 01236 4 01213192520      ↗↘입14.137.839.413.9145336.840.4 78.2 76.9  0  0  0 0   14.10   14.20 5 -5  1HN동       1212-5.010.0 5.0373712 0마방기습연대우수47기 1 2 3     6 5 5⑤1:18.23    3.013.541.514.9 -1 -6  .00 5 6 -4 3.97326888014 6 6 3 32 1 1.03 9.04 2.8 4.8  2.8    6.2    9.5   12.4  .03752 0 5 4 0―  .538.00 -.93 -.2976.7310.4222.8937.81122540 6.6716.9514.63 7
20250830토 4120010국640 7 4711 1강 1156맑음불량20 6 6뱅크라인        섀클포드인텔리젠 6519.00한암 2     9 2  344      16500국6심승태파인트리9911 1 1 111 1 0 0 0  0김정준46853.580평무보16 35 3514  .036.010.92160 8 4 0 0123614 01213142126      ↘↗추15.038.539.312.9 13737.638.8 76.0 76.2              15.00   13.20 4  0  0LN동       12 0        10.0     0 0일반주행마방기습57기 2 7 7     8 7 6⑤1:16.02    1.414.139.114.2 -5  2  .00 510  0 1.6536852613811 511 60 1 2.01 9.01 1.9 3.6  3.9    3.6    7.9    4.0  .02432-3 3 3-3▼-1.237.10 -.49-1.5977.06 1.33 5.1310.90 5122311.7622.0050.91 5
20260906일 6130010국5 2 8  6 0 2강 2256           6 7터보차지        언캡처드선기어   4929.00한암 4 0 0   1    014:30 24750국5강환민송암축산 2 01615 619 7 1 219  0김태현   52.553평입보50 47 473516.043.019.8 950 419541122 9271120192013197525 0→↘선13.636.839.814.18815                   16 11 3211   13.90   13.20 3 -3  0NHUP53.54631712-2.4 8.0 5.6434313 1일반주행최적거리48기 0 7                            13.9    13.2        .0                       4 9 8 8  7                                            13.41625 0 4 4 0― -.439.80  .40     83.03 5.1210.2819.82 3 818 4.17 9.1416.28 5
20260815토 5120010국544 5 96 1혼전 4451흐림건조 3 6 7터보차지        언캡처드선기어   6718.00한암 4 0 0 2 1   67      24750국5강환민송암축산 2 11514 819 6 1 218  0김태현47452.553평입보21 24 243511.038.020.1 950 419541122 9271120192013197525 0→↘선13.636.739.214.2791337.438.7 76.0 76.0 17 11 3311   13.60   14.50 4  4  0VHDN53.54631712-2.0 8.2 6.2434313-1일반주행보통주행 5   010 4     4 4 4④1:16.0목   1.513.938.613.2 -2 -3  .00 4 6 -1 1.64861475335 4 8 7 82 6 2.01 8.07 3.1 5.7  3.7    5.7   10.6    9.9  .01614 0 3 2 0― -.938.80  .32  .0976.00 6.1212.2020.06 2 714 3.6410.0017.56 8
20260719일 4130011국523 5 76 2 1강 1151흐림포화16 6 7터보차지        언캡처드선기어   4929.00한암 4 0 0 2 1   47      24750국5강환민송암축산 2 21413 519 5 1 217  0김태현47752.553평선상40 37 3733 8.039.017.2 950 419541122 9271120192013197525 0→↘선13.636.939.714.2781936.941.4 82.9 84.6 18 12 41 6   13.30   14.10 3 -3  0NH동53.54631712-2.6 9.0 6.4494913 0일반주행최적거리 5   0 6 4     4 4 6⑥1:22.96    1.713.640.714.5 -1  6  .00 6 7 -2 2.28319928430 4 8 6 72 5 1.04 1.10 2.0 3.7  2.0    8.6   12.4    8.513.41617-1 3 2-1▽ -.640.50  .48 7.9783.03 3.55 9.5217.24 3 917 4.76 7.7412.94 7
20260628일 5130011국554 2106 3혼전 4451맑음건조 3 6 7터보차지        언캡처드선기어   4929.00한암 4 0 0 9 1   46      24750국5강환민송암축산 2 31312 419 4 1 216  0김태현47152.553평선보20 19 1934 6.036.0 8.8 950 419541122 9271120192013197525 0→↘선13.636.939.714.2781536.840.0 81.9 83.2 19 13 3113   13.50   14.80 2  0  0LHDN53.54631712-1.8 9.0 7.2414113-1숨은복병최적거리64기 0 9 6     5 6 8⑥1:21.9½   1.213.339.914.1 -3-16  .00 6 9 -2 1.54713714441 3 911 92 4 1.02 8.03 2.9 5.7  2.9    5.7   10.0    8.413.41919-2 2 2-2▽-1.140.20  .70 6.5783.03 1.40 3.79 8.75 0 2 4 1.05 4.06 8.9711
20260613토 3140011국554 6106 4혼전 4451맑음건조 3 6 7터보차지        언캡처드선기어   4929.00한암 4 0 0 2 1   18      24750국5강환민송암축산 2 41211 519 3 1 215  0김태현48752.553평선상52 62 625318.047.017.6 950 419541122 9271120192013197525 0→↘선13.636.639.914.269 836.741.1 90.5 90.1 20 20 4013   13.50   14.60 6 -1  0LH동53.54631712-1.8 8.6 6.8474713 0일반주행탄력호전55관 0 9 2     2 2 8⑩1:30.5½   2.113.541.314.8 -1 11  .001011  4 3.07725878024 211 7 81 3 2.0110.07 3.3 6.6  4.0    6.6   13.0    8.1  .01634 0 4 4 0― -.339.60  .1313.5588.93 3.18 9.2517.59 2 714 1.94 8.8518.31 8
20260502토 4140011국532 9 86 5혼전 4451흐림건조 3 6 7터보차지        언캡처드선기어   4929.00한암 4 0 0 1 1  117      24750국5강환민송암축산 2 51110 419 2 1 114  0김태현47652.553평입보21 22 223513.039.013.8 950 419541122 9271120192013196733 0→↘선13.636.739.914.269 835.541.3 90.3 88.6 14 14 3614   14.00   13.80 4  6  0BHUP53.84581712-1.0 8.6 7.6383813 2일반주행조교부실15관 010 2     2 1 2②1:30.31½   .013.542.014.6 -5  9  .00 2 7  0  .331 1905591 1 9 8 81 2 1.07 6.10 2.5 3.8  2.5   32.9   45.3   96.3  .01623-2 3 3-2▽ -.939.10  .1711.9789.00 3.41 7.6713.80 2 714 5.4811.3220.93 6
20260405일 51200 9국532 7 86 6 1강 1151맑음양호 6 6 7터보차지        언캡처드선기어   6718.00한암 4 0 0 1 1   69      24750국5강환민송암축산 2 610 9 719 1 1 113  0김태현46752.553평입상50 55 554228.043.022.3 950 419541122 9271120192013196733 0→↘선13.636.839.214.2731537.938.8 77.0 76.6 15 15 3115   14.10   13.0021  0  1UN동53.84581712-1.2 8.8 7.6404013 0일반주행급신장세40기 0 4 8     8 7 7⑦1:17.0코   1.614.039.113.8  0 -6  .00 7 7 -4 1.96880516935 5 6 4 60 1 1.05 9.07 2.2 4.8  2.2    8.5   14.3   13.4  .01626 0 4 4 0― -.538.90  .20  .6376.06 5.5313.0622.32 51223 4.9613.1624.61 6
20251109일 6120011국554 6106 7 1강 1151맑음건조 3 6 7터보차지        언캡처드선기어   6718.00한암 3     2 3  422      24750국5강환민송암축산 2 7 9 8 619 1 1 1 0  0푸르칸47352.078평입하10 11 1124 5.036.010.43071191657 022 918 020191424216733 0→↘추13.636.939.214.2691737.338.8 75.9 76.2 17 17 3317   14.20   15.90 5 -2  0UUDN53.84581712  .2 7.6 7.8383813-5발길대로보통주행 5기 0 4 8     7 8 8⑦1:15.9¾    .613.938.713.5 -4  2  .00 711  2 1.05255505162 71011110 1 2.08 7.08 2.8 7.3  4.4   63.3   90.9  168.6  .01318-3 2 3-3▼-1.238.70  .49  .0876.12 1.51 5.2910.43 1 4 8  .93 2.74 7.2310
20251004토 5170011국552 6106 8혼전 4451맑음다습10 6 7터보차지        언캡처드선기어   4929.00한암 3 0 0 1 2  227      24750국5강환민송암축산 2 8 8 7 119 1 1 111  0이혁  47152.080평입상37 38 382126.056.028.21231 41444 922 925 020192821186733 0↘↗선13.639.141.714.2851339.545.3117.5117.6 18 18 3618   13.80   13.90 4 -3  0NUUP53.84581712  .8 7.2 8.0424213 5숨은탄력거리속성70기 0 6 5 5 6 91110⑩1:57.519   5.114.245.615.9  1 -9  .0010 9  0 5.598319898 5 3 8 8 50 1 3.04 8.01 2.2 5.3  5.4   26.5   46.1   63.1  .02570 1 5 6 1―  .542.60  .0336.80113.6 8.0517.2428.22 51223 5.1512.0619.42 7
20250907일 6120011국553 5106 9 1강 1151맑음다습14 6 7터보차지        언캡처드선기어   6718.00한암 3 0 0 1 2  310      24750국5강환민송암축산 2 9 7 6 519 3 1 110  0임다빈48052.077평선보29 35 355921.049.025.12050 81444 922 936 020191424246733 0→→추13.636.839.214.2731537.238.9 74.9 76.3 20 20 4020   13.60   15.00 6  3  0LUDN53.84581412 1.4 6.2 7.6464613-2일반주행조교부실20관 0 9 6     6 5 6⑧1:14.92½   .913.838.513.9 -1 18  .00 8 9  2 1.75548535152 3 8 8 62 3 2.07 6.07 2.2 5.3  4.2   24.6   41.7  275.9  .01640 0 4 4 0―  .138.80  .12  .2876.06 6.7515.9325.11122540 7.0612.8322.26 7
20250726토 3140010국521 8 7610 1강 1151맑음건조 4 6 7터보차지        언캡처드선기어   4929.00한암 3 0 0 9 3  43212:15 24750국5강환민송암축산 210 6 5 319 2 1 1 9  0임다빈46252.078평선상37 38 385853.055.031.61846 51657 022 936 020191424246733 0↗→추13.636.739.814.0651535.941.9 89.8 89.8 22 22 3322   13.70   14.80 6 -2 -1NUUP53.84581412 1.6 5.0 6.6575713 1일반주행작전마주24관 0 6 3     4 3 5⑥1:29.81¾  1.313.641.615.0 -1  6  .00 6 7 -1 2.272 2958343 2 5 7 52 2 8.02 5.10     4.7 36.9   78.9  286.4   34.8  .02050 0 6 6 0―  .539.40 -.2413.2588.93 8.6419.1831.55 9193510.3419.3230.34 5
20250614토 4130011국554 510611혼전 4451맑음건조 3 6 7터보차지        언캡처드선기어   4929.00한암 3 0 0 2 3  55113:45 24750국5강환민송암축산 211 5 4 319 1 1 1 8  0임다빈45652.578평선하24 37 375435.054.023.61846 51657 022 936 020191424246733 0↗→추13.537.039.413.8714137.040.4 82.9 83.2 25 25 3825   14.10   14.30 4  4 -2NH동53.84581412 1.4 4.2 5.6656513 0숨은탄력최적거리74기 1 8 6     6 4 6⑦1:22.9¾   1.213.740.414.8 -1  2  .00 7 8  3 1.54822816743 5 6 8 72 1 3.01 4.05     5.8  5.3    5.8   12.1   12.613.41855 0 5 5 0―  .240.10  .41 6.7682.90 6.7515.1423.59 51223 6.0014.3522.36 7
20250518일 4130011국554 710612혼전 4452맑음다습13 6 7터보차지        언캡처드선기어   4929.00한암 3 0 0 2 4  62212:45 24750국5강환민송암축산 212 4 3 219 6 1 1 7  0이동하45454.085기선적38 39 397743.058.035.530621219561122 9223120192524196733 0↗↘선13.536.939.513.8793738.138.9 84.2 83.7 29 29 4329   13.60   15.20 3 -3  2UNDN53.84581412  .6 4.2 4.8686813-1일반주행기복전력52기 1 4 7     8 9 8⑧1:24.21    1.014.139.514.3  3  2  .00 8 5 -2 2.06572365151 3 8 7 60 7 2.03 1.06     6.9  4.1    3.5    7.7    8.813.42957 2 6 7 2―  .740.30  .10 7.2982.9012.4124.6535.47 5122310.8120.1327.99 6
20250427일 2140011국543 5 9613혼전 4451맑음양호 7 6 7터보차지        언캡처드선기어   4929.00한암 3 0 0 9 4  68711:00 24750국5강환민송암축산 213 3 2 219 5 1 1 6  0이동하45252.085평선하55 66 666431.054.022.730621219561122 9223120192524196733 0↗↘선13.636.839.613.8593036.341.4 91.2 90.0 33 33 3333   14.30   14.30 5  0 -2NUUP53.84581412 -.6 4.0 3.4686813 2일반주행보통주행 1기 1 7 3     2 2 8⑪1:31.2½   1.913.642.015.2  4-12  .0011 7  3 2.67710918126 3 9 7 61 6 2.06 5.04     5.4  3.5   17.0   23.9  238.6  .01847 0 5 5 0―  .239.30  .0513.5888.86 6.4914.3622.72 51223 8.0518.1826.67 5
20250322토 5120011국554 810614혼전 4451맑음건조 4 6 7터보차지        언캡처드선기어   6718.00한암 3 0 0 2 4  79914:25 24750국5강환민송암축산 214 2 1 419 4 1 1 5  0이동하46454.087기선보89 92 926563.062.036.430621219561122 9223120192524196733 0↗↘선13.637.138.613.7515337.439.1 77.8 76.3 40 40 4040   13.70   13.70 5  1 -1NVDN53.84581412-1.6 5.2 3.6585813-1일반주행작전마주 1관 1 7 9    1010 9⑥1:17.81     .414.340.114.3  2  2  .00 6 4  3  .95559596370 8 5 2 23 5 3.11 3.02     7.2  5.0  156.2  254.3  694.210.52160 0 7 6 0―  .838.50 -.03  .5875.8912.7925.1136.38132741 9.0923.3030.15 4
20250216일 2130011국652 4 5615혼전 4451흐림건조 4 6 7터보차지        언캡처드선기어   4929.00한암 3 0 0 2 5  89811:00 16500국6강환민송암축산 215 1 5 119 3 0 1 4  0이동하46254.586평도상78 85 855064.066.031.21638 91945 922 9223120192524195050 0→↗선13.637.239.513.7553737.038.2 82.5 81.7 25 25 5025   14.10   13.50 6 -3  1NNDN53.54571412-2.0 6.3 4.3505014-1일반주행거리속성 1기 0 6 1     1 1 1①1:22.51½  -.213.739.213.7  0  4  .00 1 1 -3  .0 62215 490 3 8 3 61 4 1.06 6.01     4.1  2.2   22.0   29.7   18.413.42148 0 7 5 0― 1.139.60  .04 5.0483.10 9.3020.0931.24 81729 8.6619.7515.21 4
20260906일 6130010국5 2 8  6 0 2강 2256           6 8챌린지삭스      올드패션캐쥬얼애 7430.00한암 9 0 0   1    014:30 24750국5이관호김창식   1 016 9 357 4 2 456  0김정준   52.573평추보50 58 586112.052.029.6153810213810201216142322142126 02755↗↗추14.137.738.513.63383                   19 19  019   15.10   13.40 4 -3  0LH동52.34461714-3.4 8.8 5.4696913 0일반주행최적거리25관 0 8                            15.1    13.4        .0                       7 1 4 5  6                                              .01840 0 4 5 0―  .338.50  .37     82.78 8.5819.7529.56 51324 3.13 9.1416.28 6
20260808토 4130011국551 8 56 1혼전 4451맑음건조 2 6 8챌린지삭스      올드패션캐쥬얼애 7430.00한암 9 0 0 1 1   88      24750국5이관호김창식   1 115 8 257 3 2 455  0김정준43952.573평추상76 76 767948.066.039.5153810213810201216142322142126 03050↗↗추14.137.738.613.6338038.438.6 82.3 82.8 19 19  019   14.20   13.40 6  1  0VHDN52.34471714-3.4 9.2 5.8626213-1걸음늘어최적거리72기 01111    1110 8⑦1:22.3목    .415.138.313.4 -1 -9  .00 7 8  0  .4368527567110 1 3 43 5 1.02 6.03 3.3 4.8  3.3    4.8    8.1   14.412.73270 2 7 8 2▲ 1.239.30  .03 6.4682.8415.2127.8039.5313274110.3816.3626.05 6
20260628일 4140011국553 4106 2 2강 2251맑음건조 3 6 8챌린지삭스      올드패션캐쥬얼애 7430.00한암 9 0 0 9 1   87      24750국5이관호김창식   1 214 71757 2 2 454  0김정준44852.573평추상72 73 736143.061.038.2153810213810201216142322142126 03344↗↗추14.137.438.913.6195337.738.5 87.8 88.2 20 17  215   14.70   13.50 3 -1  0LHUP52.24471714-3.0 9.6 6.6565613 1최빈거리탄력호전34관 01010     9 9 5④1:27.81     .214.238.513.4 -4 -1  .00 4 8 -1  .2217917347210 1 4 43 4 1.03 4.06 2.8 5.4  2.8    3.4    5.7    8.1  .03970 3 6 6 3― 1.038.40 -.2811.9488.8013.2325.7338.20102336 6.7814.1022.80 5
20260606토 4130011국511 4 66 3혼전 4452맑음양호 7 6 8챌린지삭스      올드패션캐쥬얼애 7430.00한암 9 0 0 1 1   37      24750국5이관호김창식   1 313 6 157 1 2 453  0김정준44952.573평추상46 52 526641.064.040.9153810213810201216142322142126 03838↗↗추14.137.638.713.7376938.338.2 82.9 82.4 13 13  015   15.10   13.30 3  9  2VNDN52.24471714-2.210.0 7.8515113-4걸음늘어작전마주63관 01111     9 8 5③1:22.9½    .014.738.613.5 -6  0  .00 3 9 -1  .2208014327910 1 4 33 3 3.02 5.02 2.0 6.6  7.3   14.1   30.8  276.5  .04389 3 7 8 3▲ 1.239.30  .00 6.0982.8415.9428.9440.8513274110.2622.4935.04 4
20260516토 5170011국551 8106 4혼전 4451맑음건조 3 6 8챌린지삭스      올드패션캐쥬얼애 7430.00한암 9 0 0 2 1   56      24750국5이관호김창식   1 412 5 957 1 2 452  0권중석44951.065평무보26 33 33 7 7.040.016.41341 6213810201214332322191818 04343↘→선14.140.040.813.7354840.540.3113.4113.2 15 18  315   13.70   14.80 2 -3 -5HUUP52.44461714-1.810.0 8.2414113 3일반주행거리속성49관 0 2 7 7 7 9 8 8⑥1:53.4목    .615.139.813.3 -4  2  .00 610  1  .73276243963 9 5 9 90 1 3.0811.01 2.9 7.2  6.5   93.4  169.4  105.6  .01628 0 2 3 0― -.441.00  .3032.35113.6 4.00 8.3616.36 1 4 8 1.23 4.5211.11 9
20260502토 4140011국532 9 86 5혼전 4451흐림건조 3 6 8챌린지삭스      올드패션캐쥬얼애 7430.00한암 9 0 0 1 1   37      24750국5이관호김창식   1 511 41657 1 2 451  0김정준44756.073평무보27 26 2634 6.044.019.9153810213810201216142322142126 04343↗↗추14.137.538.813.6135736.740.8 91.2 89.6 16 18  311   14.20   14.20 5 -5  1NB동52.44461714-1.810.4 8.6393913 0최빈거리작전마주19관 0 5 5     6 5 4⑦1:31.2코    .913.741.514.8 -2 -4  .00 7 9 -1 1.2692883765610 1 7 62 2 1.07 6.10 2.5 3.8  2.5   32.9   45.3   96.3  .02026 0 2 4 0― -.438.60  .2013.3288.80 5.4610.6719.87 41118 1.37 5.0310.47 9
20260328토 4140011국553 6106 6 1강 1151맑음건조 3 6 8챌린지삭스      올드패션캐쥬얼애 7430.00한암 9 0 0 9 1  102      24750국5이관호김창식   1 610 31557 2 2 450  0정정희45155.081평무상45 40 4030 7.044.017.62044 9213810201215192322202515 04343→→입14.137.538.813.6135737.839.6 90.0 89.9 16 19  314   15.30   13.70 2 -1  3LBDN52.44461714-2.210.6 8.4383813-3최빈거리작전마주40기 010 8     8 9 9⑨1:30.03    1.614.239.714.2 -1 -3  .00 910  0 2.4748255733411 2 7 90 6 3.0711.01 3.1 7.9  4.7   25.6   36.7   21.5  .02022 0 3 4 0― -.438.60  .2513.5888.80 4.36 8.9317.61 2 510  .75 3.16 8.1510
20260315일 6170011국452 5106 7혼전 4456맑음양호 6 6 8챌린지삭스      올드패션캐쥬얼애 7430.00한암 9 0 0 2 1   26      33000국4이관호김창식   1 7 9 2 857 1 2 449  0정정희45452.581평무상32 32 322116.048.028.72044 9213810201215192322202515 04343→→입14.140.040.813.6344840.940.4113.2113.4 19 17  014   15.10   13.60 6  9  0VH동52.44461714-1.810.6 8.8313113 0숨은복병거리속성69기 011101010 910 8⑧1:53.2¾   1.115.340.413.7 -2  0  .00 810 -1 1.3478931614710 4 4 50 5 2.07 1.02 3.4 5.9  3.7   25.5   43.0   25.6  .02566 1 4 5 1―  .341.10  .0132.63113.6 9.1919.9628.70 61728 7.4112.7019.27 7
20260131토 8170011국430 8 86 8혼전 4451맑음건조 2 6 8챌린지삭스      올드패션캐쥬얼애 7430.00한암 9 0 0 9 1  108      33000국4이관호김창식   1 8 8 1 757 2 2 448  0임다빈45452.576평무보20  9  9 6 4.028.0 4.71427 7213810201214232322142424 05050→↗추14.139.940.913.6374540.040.8113.0113.7 20 17  011   15.20   14.10 3  0  0HH동52.34451714-2.610.4 7.8323213 0일반주행거리속성 5관 0 2 8 8 8101110⑨1:53.01¾   .715.140.213.6 -2 -1  .00 911  1  .85557434762 9 610110 9 8.03 7.04 1.7 3.3 43.9  177.0  620.8   58.3  .016 5-3 1 1-3▼-1.841.20  .5632.85113.6  .31 1.37 4.73 0 2 4  .93 2.60 6.0011
20260111일 7170011국533 9 86 9혼전 4451맑음양호 6 6 8챌린지삭스      올드패션캐쥬얼애 7430.00한암 9 0 0 2 1   4615:40 33000국5이관호김창식   1 9 7 2 657 1 2 447  0임다빈45552.576평무상32 29 292211.043.017.91427 7213810201214232322142424 05050→↗추14.139.940.913.6414540.740.9115.1114.3 21 18  018   14.50   13.50 4  1  0HHUP52.34451714-2.610.0 7.4404013 3숨은복병거리속성64기 0 2 9 9 910 9 8⑧1:55.1¾   2.515.241.414.1 -2  0  .00 810 -1 2.6758649732110 2 7 80 8 2.06 5.10     5.1  3.7   19.5   26.9   55.0  .01942 0 3 4 0― -.141.30  .2633.53113.6 4.1410.0617.92 1 4 8 2.15 6.3812.41 9
20251214일 8140011국442 5 9610혼전 4451맑음포화18 6 8챌린지삭스      올드패션캐쥬얼애 7430.00한암 8 0 0 2 1   69      41250국4이관호김창식   110 6 11457 1 2 446  0정정희45552.581평추보23 14 1428 5.031.010.12044 9213810201215192322202515 05050→→입14.137.339.113.6284537.839.1 87.2 89.1 21 21  015   15.00   13.20 6 -8  0UHDN52.34451714-2.4 9.0 6.6383813-3가는대로보통주행 5   0 111    1111 8⑨1:27.2목   1.314.538.313.5 -2  4  .00 911  0 1.4568642664210 310110 4 1.07 8.06     5.6  3.0   35.7   54.3  543.6  .01323-2 1 2-2▽-1.538.70  .4012.7288.86 1.10 4.3810.09 0 2 4 1.32 3.51 8.6311
20251102일 7170011국554 510611혼전 4451맑음양호 6 6 8챌린지삭스      올드패션캐쥬얼애 7430.00한암 8 0 0 1 1  159      33000혼4이관호김창식   111 5 8 557 1 2 445  0조한별45152.562평추보17 18 1814 5.039.012.4142110213810201216232322122018 05050→↘입14.139.741.113.6533740.940.5114.2114.4 19 19  019   14.70   14.20 6  7 -2BH동52.34451714-2.2 8.4 6.2444414 0숨은복병거리속성68기 0 9 9 9 91010 9⑧1:54.21¼  1.915.040.613.2 -3  7  .00 811  1 2.0729038682711 4 7 70 2 3.01 4.05 2.8 5.3  4.0    8.1   15.6    6.4  .01923 0 2 2 0― -.841.50  .4033.60113.6 2.47 6.2412.43 41118 1.14 3.21 8.3311
20250921일 9170010국541 5 9612혼전 4451맑음다습13 6 8챌린지삭스      올드패션캐쥬얼애 7430.00한암 8 0 0 2 2  266      41250혼4이관호김창식   112 4 7 457 1 2 444  0김정준44454.080평추상47 53 535319.049.021.62160 8215016201216142322142126 05050↘↗추14.139.840.713.6495339.942.3112.7115.2 19 19  019   14.60   14.90 5 -4  1HN동52.34451714-3.0 8.4 5.4515117 0일반주행최적거리 5기 0 2 5 5 5 5 710⑩1:52.73    2.514.741.314.2  0  3  .001010  0 2.58652818217 9 3 5 70 1 1.05 4.06 2.6 5.0  2.6   13.6   22.0   70.8  .01642 0 4 5 0― -.141.60  .3334.70113.4 5.7112.7421.61 41118 4.6011.6419.00 7
20250816토 6170011국422 9 2613 3강 3351맑음다습12 6 8챌린지삭스      올드패션캐쥬얼애 7430.00한암 8 0 0 2 2  38315:35 33000국4이관호김창식   113 3 6 357 1 2 443  0조재로44153.087평추상39 45 455821.047.016.32343 7215016201221 62322192622 06040→↗입14.139.940.413.5387339.442.5113.3113.6 20 20  020   14.20   13.80 5  1  0NNUP52.24461714-3.0 8.2 5.2555517 3일반주행거리탄력72기 0 6 8 810 9 7 5④1:53.31     .614.642.414.9 -6 -2  .00 410  2  .7512485776711 2 8 73 1 7.04 8.05     2.2 23.2   82.2  287.5   58.0  .01643-1 4 5-1▽ -.241.20  .5733.27113.3 3.58 9.5416.34 3 818 5.0810.4818.10 7
20250712토 8140011국441 5 9614 1강 1151맑음건조 5 6 8챌린지삭스      올드패션캐쥬얼애 7430.00한암 8 0 0 2 3  46717:30 33000국4이관호김창식   114 2 51357 2 2 442  0장추열44353.093평추상36 28 284810.047.023.03048 4163012201222172322202722 06040↘↗입14.137.338.713.5256937.539.0 89.3 89.1 21 21  021   15.00   13.50 5  2 -2NNDN52.24461714-3.2 8.4 5.2525217-3일반주행작전마주38관 0 5 8     9 9 9⑥1:29.3코    .814.239.313.8 -2 -5  .00 6 8  2 1.05368384956 9 1 8 63 5 1.06 9.10     5.3  3.3   20.3   25.3   18.7  .02036 0 3 3 0― -.338.70  .3113.1188.59 4.8913.1923.02 81729 2.44 5.0611.6110
20250607토 61700 8국452 6 5615 1강 1151맑음건조 3 6 8챌린지삭스      올드패션캐쥬얼애 7430.00한암 8 0 0 2 3  56715:35 33000국4이관호김창식   115 1 4 257 1 2 441  0장추열44855.093평무보24 37 3750 6.045.020.23048 4163012201222172322202722 06040↘↗입14.139.840.513.5466940.440.3114.2113.6 21 21  021   13.80   14.50 5 -2  2HLUP52.24461714-3.8 9.2 5.4525217 3일반주행보통주행35관 0 3 4 4 6 5 6 6⑤1:54.23    1.715.040.013.5 -1-13  .00 5 6 -2 1.95276304633 4 4 6 62 4 1.03 4.01     4.0  2.5    6.4   11.5    5.7  .01642-2 3 3-2▽ -.541.30  .4733.30113.3 4.1711.1120.23 51223  .78 3.40 8.41 8
20260906일 6130010국5 2 8  9 0 2강 2256           6 9금성퀸          투아너앤왓넥스트 6032.00한암 3 0 1   1    014:30 24750국5백종수조창규   2 0 5 2 1 4 1 0 2 4  1오수철   52.560기추적50 51 5122 3.032.011.2 733 540672550 0 01363  112115      ↘↗입14.338.039.113.21876                   50 50  025   14.50   13.50 4  1  0NHDN       1412 -.8 5.8 5.0494912-1일반주행기복전력58기 0 9                            14.5    13.5        .0                       8 5 7 9  1                                              .01611-3 2 1-3▼-1.339.10  .34     83.35 1.32 4.9011.17 1 3 8  .12 2.29 6.98 9
20260809일 6140011국511 8 69 1 1강 1151흐림건조 2 6 9금성퀸          투아너앤왓넥스트 6032.00한암 3 0 1 1 1   76      24750국5백종수조창규   2 1 4 1 1 4 1 0 2 3  1이동하43752.591기추상76 79 794577.061.044.632531340672550 0 0 063  252419      ↗↘선14.337.439.513.2285737.839.1 90.1 89.3 67 67  033   14.40   13.20 5  3 -2NHUP       1412-1.7 6.0 4.3606012 2뒷심문제기복전력37관 2 8 8     8 8 7⑦1:30.1½   2.414.538.913.5  2  2  .00 7 5  2 2.85885386220 9 4 3 20 1 1.02 9.10 1.7 4.1  1.7    4.1    5.8   12.3  .02882 1 7 6 1△  .938.60 -.8312.3589.2113.8029.3444.6421435919.7737.8755.17 2
20260704토 2120010국611 8 19 2 1강 1154흐림건조 5 6 9금성퀸          투아너앤왓넥스트 6627.00한암 3 0 1 1 1   79      16500국6백종수조창규   2 2 3 3 3 4 3 0 1 2  1김성현43554.061기추적66 99 996184.065.049.21440 940672550 0 02063  162319      ↗↘입14.337.739.213.4264837.337.9 76.1 75.0 50 50  0 0   14.30   13.80 5 -5  0NN동       1212-2.0 7.5 5.5474712 0착차만회작전마주72기 1 5 9     9 8 6②1:16.16     .014.438.413.2 -1 -6  .00 2 3 -6 1.11355212382 9 3 1 23 3 1.03 1.05 1.1 2.1  1.1    4.7    5.8    3.7  .02566 0 7 4 0― 1.237.50-1.08-1.9176.5617.4633.5049.1812254020.7240.5441.04 1
20260531일 2120011국641 9 49 3 1강 1157맑음양호 7 6 9금성퀸          투아너앤왓넥스트 6627.00한암 3 0 0 9 1   89      16500국6배휴준조창규   2 3 2 2 2 4 2 0 0 1  0김성현44154.061하무보13 10 10 5 5.026.0 3.51440 9 940 810 0 0201111162319      ↗↘입14.538.140.514.414 337.038.5 77.4 75.4  0  0  0 0   14.90   13.5021  3  1LN동       1212 3.0 6.0 9.0 9 912 0최빈거리거리난점47기 110 8     7 5 2②1:17.48     .014.339.613.8 -7 -8  .00 2 9  3 1.32234372691 811 5113 2 2.0911.10 2.3 3.5  3.3  130.8  174.7   73.6  .0 9 4-4 1 3-4▼-2.037.30 -.73-3.2077.51  .19 2.41 3.52 41118  .67 2.21 4.2510
20260103토 11200 9국620 9 29 4 2강 2259맑음다습13 6 9금성퀸          투아너앤왓넥스트 6627.00한암 3     1 3  426      24750국6김윤섭조창규   2 4 1 1 1 4 1 0 0 0  0김성현44953.565평무보   25 2540  .028.013.21440101943 4 8101520 9 2162319      →→입14.436.738.514.4    37.641.3 79.3 78.1              14.40   14.70 4  0  0LN동       12 0                 0 0일반주행작전마주 5기 1 7 9     9 9 9⑨1:19.3½   3.114.541.414.7  3 -3  .00 9 6  0 5.49268959613 1 1 6 80 1 2.01 6.05 1.6 1.5  2.6    1.5    3.6    4.1  .02026-3 2 2-3▼-1.439.50  .91 2.9075.61 2.38 6.6713.23 2 61311.4322.4550.30 5
20260906일 6130010국5 2 8  7 0 2강 2256           610글로벌기상      인디밴드하늘기상 7836.00한암 4 0 0   1    014:30 24750국5전승규장재형   1 011 9 310 1 1 010  0이혁     52.578평추보50 56 564510.051.028.12257 71847 6222315141919282118 0 099↗↘선14.538.138.613.22791                   22 44  033   14.40   13.40 3  4  0VHDN53.54831814-1.0 6.6 5.6595912-1일반주행거리속성45트 010                            14.4    13.4        .0                      10 2 5 6  2                                            13.21854 0 3 4 0―  .238.60  .12     83.10 7.9617.9528.12 41219 3.13 6.8613.95 7
20260816일 4140010국511 7 17 1 1강 1151흐림다습13 610글로벌기상      인디밴드하늘기상 7836.00한암 4 0 0 2 1   58      24750국5전승규장재형   1 110 8 310 2 1 0 9  0임다빈47652.576평추보64 64 645626.052.030.91427 71847 62223 6 61919142424 0 099→↗추14.537.838.713.1177638.038.8 89.5 88.9 25 50  038   14.40   13.10 4  0  0NHUP53.54831812 -.6 6.6 6.0565614 2일반주행최적거리27트 0 6 7     8 9 6⑥1:29.5½   1.114.438.913.4  1  1  .00 6 5  0 1.7479027594910 1 4 53 2 1.03 3.08 1.6 2.7  1.6    7.1    9.0   16.5  .02151 0 4 3 0―  .438.10 -.2212.4488.93 8.6118.8630.92 61728 5.1512.1820.58 6
20260718토 6120011국554 8107 2혼전 4451흐림불량20 610글로벌기상      인디밴드하늘기상 3626.00한암 4 0 0 2 1   55      24750국5전승규장재형   1 2 9 7 210 1 1 0 8  0임다빈47552.575평추보65 66 666438.055.042.61427 71847 62223 6 61919142424 0 099→↗추14.538.137.913.1159337.638.4 74.6 75.5 29 43  043   15.10   12.6024  2  0NHDN53.54831813  .4 6.0 6.4505014-5뒷심문제보통주행46트 0 6 8     8 9 6⑤1:14.61     .514.437.613.1  0 -5  .00 5 5 -2 1.0276634446511 1 3 23 1 7.0411.09 2.3 6.2 17.2   69.3  172.5  261.6  .02865 1 5 4 1―  .437.30 -.40 -.4976.0615.6629.2942.61132741 7.6922.0636.84 5
20260131토 5170011국520 7 77 3혼전 4451맑음건조 2 610글로벌기상      인디밴드하늘기상 7836.00한암 4 0 0 9 3  478      24750국5전승규장재형   1 3 8 6 210 2 1 0 7  0김용근48052.586평추상41 42 427243.059.049.6172711283610222310141919312714 0 099↘↗선14.340.440.512.9178340.140.5114.6114.5 33 50  050   15.00   13.60 5  0  1HNDN53.54831813  .4 5.0 5.4565614-1일반주행거리속성 5기 0 4 5 5 5 3 5 5⑥1:54.6코    .614.839.913.4 -1  0  .00 6 7 -4 1.2716235406511 1 4 12 2 1.02 3.01 2.5 4.2  2.5    4.2    7.0    9.412.72961 2 6 6 2―  .740.80 -.5333.56113.721.6037.0549.6332516415.3826.2334.72 3
20251227토 7180011국511 9 67 4혼전 4451흐림다습14 610글로벌기상      인디밴드하늘기상 4655.00한암 3 0 0 9 1  10015:15 24750국5전승규장재형   1 4 7 5 110 1 1 0 6  0김용근48052.086우추하28 23 233713.032.011.82753141847 6222310141919312714 0 099↘↘선14.340.940.512.8105340.939.8120.5119.5 40 60  060   14.50   13.70 4 -4 -3HUUP53.54831813 1.0 3.6 4.6575712 4일반주행거리속성40트 0 4 8 810111010⑦2:00.5목   1.215.040.813.6 -4  2  .00 711  7 1.5607333494711 2 9113 1 1.0610.06     5.5  1.7   11.5   13.3   60.8  .01644 0 2 1 0―-1.040.10  .0338.08119.1 2.25 5.8311.78 0 2 4 4.94 9.8418.37 8
20251129토 4140011국532 6 87 5혼전 4451흐림다습10 610글로벌기상      인디밴드하늘기상 7836.00한암 3 0 0 9 1   8512:45 24750국5전승규장재형   1 5 6 4 210 2 1 0 5  0이동하47855.091우추보75 72 726567.061.040.93253131847 6222333 01919252419 0 099↗↘선14.337.738.912.8 48337.639.5 89.1 89.4 40 60  060   14.70   13.50 4  1  3NL동53.54831713 1.5 3.3 4.8535314 0숨은복병최적거리89기 2 810     7 6 8⑧1:29.1½   2.014.539.313.7  4 -7  .09 8 4 -1 2.2637654692311 3 5 40 2 3.01 4.11     4.9  4.3    5.5   12.7    6.212.73178 2 7 7 2△  .938.30 -.5412.8489.0013.5727.5940.8810233611.7025.1337.76 4
20251102일 5140011국520 6 77 6 2강 2251맑음양호 6 610글로벌기상      인디밴드하늘기상 7836.00한암 3 0 0 1 1  161      24750국5전승규장재형   1 6 5 3 110 1 1 0 4  0이동하48552.091우추적54 46 466156.052.024.73253131847 6222333 01919252419 0 099↗↘선14.338.038.912.6 58937.438.3 90.2 88.2 25 50  050   15.90   14.30 4 -4  0NUDN55.04801713 1.0 2.7 3.7606012-3전개최상보통주행45관 1 710    1110 8④1:30.2¾    .214.739.213.5 -1  2  .00 4 5  0  .6216315197711 2 6 43 1 1.1011.03 1.9 3.4  1.9   31.9   50.9   29.6  .03477 0 6 6 0―  .237.80 -.3111.3089.21 6.5015.3324.66 92033 6.6719.0926.33 4
20251004토 5170011국552 6107 7혼전 4441맑음다습10 610글로벌기상      인디밴드하늘기상 7836.00한암 3 0 0 1 2  227      24750국5전승규장재형   1 7 4 2 110 3 1 0 3  0씨씨웡48352.090강추하81 70 709166.064.035.7265211245710222335311919212522 0 099↘→선14.340.440.512.6129641.341.6114.1114.2 33 67  067   14.30   13.60 4  4 -1VUUP55.04801713-1.0 3.0 2.0737312 4전개최상전개최상62기 01111111111 9 9⑧1:54.13    1.715.941.914.3  3  1  .00 8 5  3 2.1689668913211 1 2 40 3 3.04 8.01 2.2 5.3  5.4   26.5   46.1   63.1  .04173 1 7 8 1▲ 1.040.80 -.2133.30113.713.6625.0235.6610233613.4025.1337.86 4
20250907일 4130010국541 7 47 8혼전 4451맑음포화16 610글로벌기상      인디밴드하늘기상 7836.00한암 3 1 1 1 2  31212:25 24750국5전승규장재형   1 8 3 1 210 2 1 0 2  1씨씨웡48252.590우추보93 96 969486.065.067.3265211245710222335311919212522 0 099↘→선14.338.238.712.6 79838.139.4 81.6 83.2 50100  0**   14.30   12.70 5 -1 -3LU동55.04801312-1.0 4.0 3.0505013 0종반뒷심전개최상29트 0 710     9 9 9⑦1:21.61¼  1.514.338.813.6  5  2  .00 7 2  0 1.8497354683210 1 1 10 2 4.08 8.02     3.5  7.8   92.2  197.7   72.010.54588 3 9 8 3▲ 1.338.90-1.08 6.3083.2328.7850.7167.2618375332.0554.5572.84 1
20250803일 3130011국641 8 97 9 3강 3351흐림건조 3 610글로벌기상      인디밴드하늘기상 7836.00한암 3 0 0 1 2  40011:35 16500국6전승규장재형   1 9 2 2 110 1 0 0 1  0씨씨웡48055.090우추보73 35 3564  .066.039.3265211245710222335311919212522      ↘→선15.638.638.912.6 29838.237.2 82.4 81.4  0100  0**   15.60   13.00 9  7  0BHUP       1312         3.0    12 1일반주행거리속성48기 1 8 9    10 7 5①1:22.42½  -.414.337.712.7 -1  0  .00 1 2 -2  .0 276 2 79411 211 43 1 2.04 8.11     6.0  3.0    6.4   11.9   26.810.91876 0 6 6 0― 1.138.10 -.68 3.8583.6111.4725.4139.25 9203311.5421.8978.73 4
20250531토 2120011국641 9 9710 1강 1159맑음건조 4 610글로벌기상      인디밴드하늘기상 3626.00한암 3     9 3  59211:25 16500국6전승규장재형   110 1 1 110 1 0 0 0  0이혁  48055.081평무보   35 3540  .049.034.7213210283610222315141919282118      ↗↘선15.536.738.512.3    38.936.8 77.1 75.4              15.50   12.60        NN동       12 0                 0 0일반주행작전마주49기 0 110    1011 9③1:17.16    1.015.637.913.0 -1 -3  .00 3 4  0 1.32398 23652 1 1 7 43 1 3.02 2.06     5.8  4.1    5.8   14.2    7.1  .02062 0 4 5 0―  .138.60  .28  .1775.6110.9824.2034.66 9193510.0819.7340.71 3
20260906일 7140011국4 3 4  4 0혼전 4451           7 1싹다나은        콩코드포사사     7426.00한암 4 0 0   1    015:20 33000국4함완식이진경  -2 014 1 313 1 2 213  0이혁     54.578우자적50 61 619048.052.027.82257 7225711152929 02211282118404020↗↘선13.636.440.013.89222                   55 45 55 0   13.80   13.00 7 -4  2UNUP53.44761412 -.8 4.6 3.8707012 2탐색주행보통주행53기 0 1                            13.8    13.0        .0                       211 7 4  1                                              .03077 0 6 7 0―  .340.00 -.07     88.86 8.2518.6427.81 4121911.2217.2227.19 5
20260718토 7120010국552 6104 1 1강 1151흐림불량20 7 1싹다나은        콩코드포사사     7522.00한암 4 0 0 2 1  125      33000혼4함완식이진경  -2 113 5 613 3 2 212  0임기원47152.588기자보62 68 687450.061.029.91939 92257111529 0 02211233316404020↘↗입13.636.739.113.8833737.638.5 74.6 75.8 55 45 55 0   13.40   14.10 5 -4 -1NHDN53.44761412 -.8 5.4 4.6636312-1일반주행기복전력 5   0 5 6     6 6 7⑨1:14.6¾   1.013.837.713.0  6  0  .09 9 3  1 1.44370375150 2 7 5 52 3 7.10 8.01 3.4 8.4 10.5  233.0  367.3  355.7  .02365 1 5 5 1― 1.038.80  .08  .0375.95 9.3019.2329.89122540 6.0614.9322.36 6
20260613토 91300 9국531 3 84 2 1강 1151맑음건조 3 7 1싹다나은        콩코드포사사     7426.00한암 4 0 0 2 1   92      41250국5함완식이진경  -2 212 4 513 2 2 211  0임기원47153.089기자상68 74 748084.067.061.81939 92257111529 0 02211233316404020↘↗입13.636.739.613.8924137.039.7 82.3 83.2 60 50 60 0   13.60   13.50 5  5  1VNUP53.44761412 -.8 5.4 4.6636312 1일반주행기복전력70기 0 9 4     5 4 2③1:22.32½   .413.439.614.1  1 -3  .00 3 2 -1  .94622603968 2 6 2 12 2 1.05 3.06 2.5 5.0  2.5   18.6   25.0   14.212.03273 2 8 8 2▲ 1.540.40 -.58 6.8582.8426.5448.1861.8038617226.4451.7266.16 1
20260510일10120010국552 6 54 3혼전 4454맑음건조 5 7 1싹다나은        콩코드포사사     7522.00한암 4 0 0 2 1   81      33000국5함완식이진경  -2 311 3 513 1 2 110  0임기원47452.588우자적44 45 458025.046.030.01939 92257111529 0 022112333165050 0↘↗입13.636.639.013.8834536.438.7 75.2 74.9 56 44 56 0   13.60   74.60 6 -5  0HHDN53.64771412-1.8 6.2 4.4656512-2일반주행보통주행45기 0 4 5     5 5 3②1:15.2코    .013.638.913.5 -1  3  .00 2 3 -3  .01410471783 3 6 4 63 1 5.03 6.04 2.6 4.9  6.6   16.1   38.4   87.7  .01673 0 5 5 0― -.338.60  .20 -.6675.84 7.4718.2329.97 5122310.3423.0832.55 5
20260328토 7140011국452 7104 4 1강 1151맑음건조 3 7 1싹다나은        콩코드포사사     7426.00한암 4 0 0 9 1  119      33000국4함완식이진경  -2 410 2 213 1 2 1 9  0유승완47152.569우자보88 94 947284.055.027.01861 8225711152925 022111527225050 0→↘입13.636.539.913.8792736.740.7 90.1 89.7 63 38 50 0   14.00   12.60 7  7  0LH동53.64771412-2.0 5.6 3.6747414 0강단마필최적거리49기 1 9 3     4 4 6⑨1:30.1코   2.113.640.974.6  3-10  .00 9 6  4 2.57028827426 210 2 40 1 1.03 5.02 3.2 6.3  3.2    9.3   16.1   17.4  .02176 0 7 6 0―  .539.60 -.0513.3088.86 7.1716.0526.95 9193514.6530.3042.13 3
20260208일 8140011국414 7 64 5혼전 4451맑음건조 2 7 1싹다나은        콩코드포사사     7426.00한암 4 0 0 2 1  118      33000국4함완식이진경  -2 5 9 1 113 2 2 1 8  0해리카48152.567우자적73 83 835449.043.017.9144411225711152914 022111726125050 0↗→입13.536.639.913.8722736.539.6 87.5 88.4 57 43 57 0   13.30   14.60 4 -6 -3UHUP53.64771412-2.4 6.0 3.6747412 1일반주행보통주행56기 1 2 4     3 3 2③1:27.5¾    .013.638.913.9  1  0  .00 3 2 -8  .62717573288 610 2102 4 3.06 3.01 1.4 3.7  9.9  122.2  240.4   80.1  .01643-2 6 4-2▽ -.639.20  .1311.9388.93 4.1410.3117.93 1 611 7.3720.1029.61 4
20260110토 6130011국541 5 94 6혼전 4451강풍양호 8 7 1싹다나은        콩코드포사사     7426.00한암 4 0 0 2 1   79      24750국5함완식이진경  -2 6 8 6 413 1 2 0 7  0해리카48155.067우입하30 39 393529.045.021.2144411225711152914 022111726123367 0↗→입13.637.039.413.7715736.340.0 81.7 82.5 50 33 50 0   14.20   13.60 3 -2  3NL동53.24751312-1.4 4.8 3.4747412 0일반주행거리속성74기 0 8 2     2 2 2②1:21.7머리  .013.339.914.6 -8  2  .00 210  4  .027 3743180 3 910 71 3 1.1010.08 2.7 4.4  2.7   37.0   52.0  207.713.22153 0 5 5 0― -.339.90  .49 6.0782.90 4.4812.1721.18 1 4 8 4.21 9.7617.03 9
20251221일 6130011국523 1 74 7혼전 4451맑음다습14 7 1싹다나은        콩코드포사사     7426.00한암 3 0 0 2 1   4914:25 24750국5함완식이진경  -2 7 7 5 313 1 2 0 6  0권중석47952.565우자적80 86 868040.049.023.11341 62257111529 8 022111918183367 0↘→선13.636.839.313.6896538.639.0 81.9 83.8 60 60 60 0   13.50   13.90 5  7  1BNUP53.24751312 -.8 5.0 4.2676713 1부중유리최적거리52관 01011    101010⑦1:21.91½  1.514.238.613.6  1  5  .00 7 6 -1 1.76788417132 3 5 4 83 1 7.01 7.01     3.7 30.0   16.2   80.3   47.6  .03167 0 5 4 0― -.140.40  .63 7.6882.71 6.4213.8923.09 2 714 8.6017.9926.44 6
20251116일 5120011국523 6 74 8 1강 1151맑음건조 3 7 1싹다나은        콩코드포사사     7522.00한암 3 0 0 2 1  117      24750국5함완식이진경  -2 8 6 4 413 1 1 0 5  0해리카47452.069기자적44 47 475324.052.031.0144411225711152914 022111726125050 0↗→입13.636.739.013.7784536.538.4 75.3 74.9 50 25 50 0   13.60   14.3012 -2 -2UUDN53.84761312  .5 4.5 5.0606013-1숨은복병기복전력26관 0 3 3     3 3 2①1:15.33    -.513.539.113.9 -6  6  .00 1 7  4  .01212351294 4 7 5 42 2 7.01 3.08 1.6 3.6 17.6   11.8   45.6  113.1  .01953 0 5 7 0―  .138.50  .11 -.7775.89 9.7220.9931.02102336 5.3213.0421.74 5
20250824일 5130011국552 1104 9혼전 4451맑음건조 4 7 1싹다나은        콩코드포사사     7426.00한암 3 0 0 2 2  354      24750국5함완식이진경  -2 9 5 3 213 1 1 0 4  0코지  46853.588기자보47 54 546635.049.016.72055 91260 61529 7 022112330195050 0→↗입13.636.739.713.7953737.440.1 82.0 83.9 50 25 50 0   13.70   13.30 6 -2  1NNUP53.84761312  .0 5.0 5.0575713 1일반주행기복전력37기 0 5 4     6 7 9⑨1:22.02    1.513.639.414.3  6 -1  .09 9 3  0 1.87039756832 2 8 7 90 1 2.04 3.09 4.0 8.4  4.7   16.4   32.9  121.5  .01776 0 5 4 0― -.140.60  .61 7.4682.90 3.60 9.0416.69 2 510 5.5012.6620.22 8
20250713일 4120011국553 510410혼전 4451흐림건조 4 7 1싹다나은        콩코드포사사     7522.00한암 3 0 0 2 3  46212:45 24750국5함완식이진경  -210 4 2 313 1 1 0 3  0송재철46952.577기입보58 64 647451.057.033.31440 82150131529153422111925205050 0↘↗입13.636.739.814.1792537.538.2 75.6 76.0 67 33 67 0   13.40   14.30 7  4  0NUDN53.84761312  .5 5.5 6.0434313-1부중유리기복전력49기 1 7 6     8 8 7⑤1:15.62     .513.738.613.3  2-11  .00 5 3 -1 1.04465293866 211 5 43 1 2.01 2.10     6.1  6.0    6.1   18.2   17.8  .03170 0 6 6 0―  .538.80 -.39 -.5576.3410.5821.1533.2713274114.6126.8836.24 4
20250525일 51300 9국551 4 5411 1강 1141맑음양호 8 7 1싹다나은        콩코드포사사     7426.00한암 3 1 1 2 3  60013:35 24750국5함완식이진경  -211 3 1 113 2 1 0 2  1이동하48052.592기입적90 70 704683.050.027.43242182150131529 0 02211252419 099 0↘→선13.637.240.514.1591536.739.9 82.0 82.9 50 50 50 0   13.70   14.40 4 -6 -3UUUP55.04711312 4.0 7.011.0 1 112 1일반주행기복전력49기 0 3 2     2 2 2③1:22.0¾    .013.439.614.3 -1  9  .00 3 4  0  .637 9693777 5 9 4 51 2 2.03 9.07     4.6  3.7   12.6   25.3   33.2  .01641 0 5 4 0― -.139.80 -.47 5.1683.74 7.2516.4727.41 8172918.7034.2348.08 3
20250427일 1120010국611 9 1412 1강 1159맑음양호 7 7 1싹다나은        콩코드포사사     7522.00한암 3     9 4  68810:35 16500국6함완식이진경  -212 2 2 213 1 0 0 0  0이동하47155.087하무하 5 35 3514  .034.016.93062122050 41529 0 02211252419      ↗↘선14.237.939.914.813 236.139.0 76.3 74.4  0  0  0 0   14.20   15.1022  3  1LN동       1212        11.0    12 0우수혈통거리난점 1기 1 9 5     4 4 1①1:16.3½    .013.739.914.4 -3  7  .00 1 4 -3  .0 4 3551590 6 810 52 1 4.05 9.01     2.8 13.3   37.9   86.6   82.7  .02016-3 2 2-3▽-1.137.10 -.66-3.4477.06 3.03 8.1216.92 6172816.6730.9985.47 3
20241123토 1120012국621 7 2413 3강 3355맑음건조 4 7 1싹다나은        콩코드포사사     7522.00한암 2     2 6 115210:35 24750국6함완식이진경  -213 1 1 113 1 0 0 0  0해리카46454.073평무보   35 3540  .028.0 7.0203311 925 0152914 02211172612      ↗↘입14.136.738.514.5    37.643.3 82.2 80.7              14.10   14.80        LN동       12 0                 0 0일반주행우수혈통 1기 0 6 8     8 911⑪1:22.26    5.514.244.215.1  4  6  .0011 7  0 7.199699999 4 7 7 7110 1 2.04 4.05     1.7  2.3    7.2   10.9  230.2  .01612-3 2 2-3▼-1.640.30 1.08 5.5375.61 1.06 2.24 6.96 0 2 4 8.3316.6725.00 6
20260906일 7140011국4 3 4  7 0혼전 4451           7 2거센펀치        섀클포드특별스타 6826.00한거 3 0 0   1    015:20 33000국4이관호강석대  -1 011 1 510 4 2 010  0유승완   54.069기입적50 64 645335.052.026.51861 8213810202421242322152722 099 0→↘입13.836.738.913.26876                   38 38 3825   13.50   14.70 7 -5  2HN동53.04861413 -.4 4.2 3.8767614 0뒷심부족기복전력52기 0 2                            13.5    14.7        .0                       5 2 6 6  4                                              .02339 0 5 6 0―  .238.90  .48     88.32 7.6716.9526.48 51324 6.1214.3522.50 7
20260719일 6140011국553 3107 1혼전 4451흐림다습14 7 2거센펀치        섀클포드특별스타 6826.00한거 3 0 0 2 1  116      33000혼4이관호강석대  -1 110 5 410 3 2 0 9  0유승완48252.569우입적90 88 887840.055.018.51861 8213810202421242322152722 099 0→↘입13.836.838.813.2618336.141.2 88.4 89.0 43 43 2929   14.10   13.60 5  3  0NU동53.04861413 -.8 4.8 4.0686814 0부중유리최적거리 5   0 7 4     3 2 4⑥1:28.4¾    .513.541.014.7  2 -6  .00 6 4 -1 1.349 6887167 8 2 5100 3 5.01 4.10 3.3 8.7  9.0   13.5   39.3   57.210.53166 0 6 5 0―  .339.10  .6813.4088.32 4.7411.4818.46 2 510 5.8411.9718.7510
20260613토 51400 8국532 6 87 2 2강 2251맑음건조 3 7 2거센펀치        섀클포드특별스타 6826.00한거 3 0 0 2 1   96      33000국5이관호강석대  -1 2 9 4 310 2 2 0 8  0유승완48852.569기입상82 83 836535.056.032.01861 8213810202421242322152722 099 0→↘입13.736.939.113.0576937.238.9 87.4 88.2 33 33 5017   13.90   13.50 5 -1 -2VUUP53.34851413  .2 5.4 5.6565614 1일반주행기복전력52기 0 4 5     4 5 3③1:27.4½    .114.138.813.6 -2  6  .00 3 5  3  .51748302775 5 3 4 42 2 3.01 3.01 2.4 4.9  4.5    6.2   11.8   16.7  .01849 0 5 5 0―  .438.90  .0712.1788.59 7.7218.2831.97 61426 5.6615.1525.71 6
20260510일 4130011국514 7 67 3 1강 1159맑음건조 5 7 2거센펀치        섀클포드특별스타 6826.00한거 3 0 0 2 1   87      24750국5이관호강석대  -1 3 8 3 410 1 1 0 7  0유승완48254.069기선적38 36 363719.048.024.61861 8213810202421242322152722 099 0→↘입13.737.340.212.5541537.038.6 82.0 81.7 20 20 4020   13.70   14.60 4  2  0NHDN52.54881412 1.2 6.0 7.2424214-1숨은탄력기복전력69기 0 5 3     3 2 2①1:22.02    -.413.938.813.5 -1 -8  .00 1 2  0  .0 521261095 410 4 52 1 2.01 5.02 2.1 6.6  6.1    6.6   14.1   11.6  .01846 0 4 5 0―  .139.50 -.29 4.1983.61 6.4615.4224.56 51222 6.2514.9724.05 6
20260412일 6140011국541 8 97 4혼전 4451맑음다습12 7 2거센펀치        섀클포드특별스타 6826.00한거 3 0 0 2 1   67      24750국5이관호강석대  -1 4 7 2 210 1 1 0 6  0코지  49054.086기선적29 26 267657.064.038.5326019213810202429 02322233019 099 0↗↘입13.736.740.512.568 236.639.9 88.7 88.5 20 20 6020   13.50   14.20 6 -1  3VNUP52.54881412 2.3 6.5 8.8272714 1숨은탄력기복전력40기 0 3 2     2 2 2⑦1:28.7목   1.013.739.914.6  5  6  .09 7 2 -1 2.53122644752 111 9 31 1 1.0310.04 2.4 4.3  2.4    7.3   10.4   92.712.73287 2 7 8 2▲ 1.139.10 -.8511.3489.4112.8826.5838.54132741 8.6521.7229.59 4
20260302월 5130011국542 5 97 5혼전 4451비  양호 9 7 2거센펀치        섀클포드특별스타 6826.00한거 3 0 0 1 1  111      24750국5이관호강석대  -1 5 6 1 310 2 1 0 5  0우인철48451.070기선적40 49 496859.056.022.92048 9213810202418 02322102723 099 0→↘입13.737.239.112.6638036.840.2 82.2 83.1 20 20 6020   14.00   12.80 5  3 -2VUDN52.54881412 2.3 6.5 8.8272714-1부중유리기복전력77기 1 4 2     4 2 5⑥1:22.22½   .913.540.014.2  3 -4  .02 6 3 -1 1.04714785650 5 7 8 70 2 6.04 1.11 2.1 5.5 20.2   53.4  151.6  293.812.73162 2 6 5 2―  .539.90  .50 6.8282.84 5.9713.2822.90 2 71411.1121.2630.16 4
20260124토 3140011국641 9 97 6 2강 2259맑음건조 3 7 2거센펀치        섀클포드특별스타 6826.00한거 3 0 0 2 1   82      16500국6이관호강석대  -1 6 5 5 110 1 0 0 4  0우인철48852.570하선보24 25 258156.058.054.32048 9213810202418 02322102723      →↘입13.736.440.814.192 237.737.1 88.4 86.4  0  0 50 0   13.60   14.90 6 -7 -4HHUP       1412 2.3 6.5 8.8272713 1일반주행거리부담 5기 0 1 3     3 3 1①1:28.46   -1.014.037.712.8 -3-11  .00 1 4 -2  .0 183 1 499 111 5 32 1 4.01 1.05 2.6 4.7  6.3    6.9   14.0    6.6  .02374 1 5 5 1―  .739.00-1.25 9.2089.4117.9536.0354.2714294311.2727.4542.31 4
20251214일 2130011국654 9107 7 1강 1159맑음불량20 7 2거센펀치        섀클포드특별스타 6826.00한수 2 0 0 2 1  117      16500국6이관호강석대  -1 7 4 4 210 1 0 0 3  0빅투아49956.091하선보11 12 127825.049.031.7315513213810202416102322222817      →↘선13.636.740.414.196 536.640.7 82.7 83.3  0  0 33 0   13.60   14.90 5  4  0NN동       1312 2.3 6.7 9.0222213 0일반주행최적전개47기 0 8 3     2 2 3⑧1:22.71¼  1.213.640.714.9  2 -2  .00 8 6 -1 1.557 9876743 11110 51 1 1.0710.05     5.8  1.9   14.7   17.9  209.9  .01673 0 4 3 0―  .040.40 -.24 6.1783.35 8.7121.8531.68 5132410.1722.0630.94 4
20251108토 21300 9국640 7 97 8 1강 1151흐림건조 3 7 2거센펀치        섀클포드특별스타 6826.00한수 2 0 0 2 1  153      24750국6이관호강석대  -1 8 3 3 110 1 0 0 2  0정우주50156.060하무보10 11 112213.037.011.11250 7213810202417252322163013      ↗→입13.736.940.414.186 436.840.6 84.1 84.2  0  0  0 0   13.80   15.20 7 -8  1HNUP       1312 3.5 6.510.0191912 1숨은복병거리속성69기 1 4 2     2 2 6⑦1:24.18    1.913.640.614.9  0  9  .00 7 7 -1 2.27812846526 2 8 7 81 1 4.05 5.07 2.4 4.8  5.8   34.8   50.6   22.7  .01926-1 3 4-1▽-1.040.40  .22 6.9083.48 1.51 4.7811.13 2 714 2.96 7.4414.25 6
20250921일 1120012국610 8 67 9 3강 3351맑음다습14 7 2거센펀치        섀클포드특별스타 6519.00한수 2 0 0 2 2  274      24750국6이관호강석대  -1 9 2 2 210 2 0 0 1  0장추열49255.593하무하13 12 124324.047.023.4335017215016202422232322202722      ↗↘입13.737.040.014.170 536.741.0 77.6 77.9  0  0  0 0   13.70   14.40 9  8  0NH동       1212 4.0 5.0 9.0222212 0우수혈통보통주행 5기 112 7     5 4 6⑪1:17.62½  2.413.841.115.2  3  7  .0011 8  3 3.09020938719 510 6 60 2 5.02 3.09 1.9 6.3  8.6   35.1   95.0 1225.8  .02027-1 4 5-1▽ -.339.10 -.38  .9276.62 4.3612.6323.39 51223 4.6310.7610.38 9
20250720일 1120012국630 6 8710혼전 4455맑음포화17 7 2거센펀치        섀클포드특별스타 6519.00한수 2     2 3  44510:35 24750국6이관호강석대  -110 1 1 110 1 0 0 0  0장추열48555.593평무보48 35 3559  .041.018.63048 4163012202422232322202722      ↘↗입14.336.939.913.498 136.940.5 77.0 77.5              14.30   13.70        NN동       12 0         2.0     0 0일반주행우수혈통46트 1 4 3     3 4 8⑨1:17.06    2.113.740.814.4  4 -2  .00 9 5  0 2.38431888323 411 8100 112.02 9.05     8.3 60.2  129.8  392.1  147.1  .01623-3 3 4-3▽ -.639.10 -.16  .6876.51 4.6411.1518.61 0 3 6 8.3316.6725.00 4
20260906일 7140011국4 3 4  5 0혼전 4451           7 3타이거망치      올드패션블랙재퍼 7430.00한거 3 1 1   1    015:20 33000국4강환민김형란  -3 0 3 2 1 2 3 2 0 2  1김용근   53.086강추보50 87 879179.068.058.9275314195411223833422019312714 0 099↘↘선13.437.438.112.12096                  100100  0**   13.40   12.30 7 -3 -1UUUP55.54541412 -.5 1.5 1.0949412 1전개최상전개최상50관 0 3                            13.4    12.3        .0                      11 1 1 1  3                                              .04191 3 9 9 3★ 1.638.10 -.33     88.2528.5647.0658.8838587118.3734.4545.94 2
20260718토 4130011국543 6 95 1혼전 4451흐림불량20 7 3타이거망치      올드패션블랙재퍼 7430.00한거 3 1 1 2 1  128      24750국5강환민김형란  -3 1 2 2 1 2 2 1 0 1  1김용근45654.086강추보92 95 959381.070.044.9275314195411223833422019312714 0 099↘↘선14.438.238.511.7 69937.637.9 79.7 81.7100100  0**   14.40   11.70 4  3 -3LUUP57.04521312-1.0 2.0 1.0959512 1추입무난전개최상 5   0 6 5     6 6 3①1:19.71    -.213.436.912.3  0  4  .00 1 1 -1  .0 75210 99211 1 2 13 2 1.02 6.02 2.3 6.5  2.3    7.2   11.7    9.210.54796 4 9 9 4☆ 1.738.50 -.35 4.9683.1020.6034.7344.8818375316.4131.9142.18 1
20260620토 2120011국642 9 95 2 1강 1151비  불량20 7 3타이거망치      올드패션블랙재퍼 7120.00한거 3     2 1   79      16500국6강환민김형란  -3 2 1 2 1 2 1 0 0 0  0김용근45257.087평무보76 25 2565  .064.048.0275314195411223833422019312714      ↘↘선14.136.939.613.1941938.136.1 74.0 73.8              14.10   13.40 4  0  0NL동       12 0         1.0     0 0숨은복병배당마주 5관 0 310    1010 9①1:14.01¾  -.314.436.011.7 -1  7  .00 1 2  0  .0 186 1 395 4 8 9 33 1 2.10 3.06 2.3 5.0  4.1   92.1  146.5   66.3  .02357 1 6 8 1▲ 1.238.00 -.82-2.6976.3417.4033.8847.9712254010.1719.7342.01 4
20260906일 7140011국4 3 4  5 0혼전 4451           7 4골드베르크      카우보이트룰레이 5732.00한암 5 0 0   1    015:20 33000국4송문길이정화   2 016 3 728 7 3 028  0김정준   52.573평추상50 51 514215.044.022.3153810194110282024102628142126 01767↗↗추13.637.239.013.41961                   22 35 1330   14.50   13.70 4  0  0HHDN52.84521812-1.4 6.8 5.4555512-2일반주행보통주행38기 0 4                            14.5    13.7        .0                      10 310 7 11                                              .01642 0 3 3 0― -.339.00  .21     88.73 4.5212.2722.32 3 818 4.08 8.6115.00 9
20260808토 71600 9국430 9 85 1 3강 3351맑음건조 2 7 4골드베르크      카우보이트룰레이 5732.00한암 5 0 0 1 1   85      33000국4송문길이정화   2 115 2 128 6 3 027  0김정준46052.573평추하27 25 251410.044.016.3153810194110282024102628142126 01767↗↗추13.637.339.413.4105736.239.9103.0102.9 23 36 1432   14.00   14.00 5  1  0HHUP52.84521812-1.2 7.0 5.8484812 2일반주행보통주행42기 0 4 7   7 8 7 4③1:43.02½   .414.539.213.7 -5 -9  .00 3 8  1 1.64837585472 9 51010310 2.03 6.02 3.1 5.5  3.2    6.8   13.6   55.811.21619 0 4 5 0― -.439.40  .1426.20103.4 3.93 8.1916.32 2 4 8 2.83 5.3610.5010
20260705일 71400 9국451 3105 2 3강 3351흐림건조 4 7 4골드베르크      카우보이트룰레이 5732.00한암 5 0 0 1 1   64      33000국4송문길이정화   2 214 1 628 5 3 026  0김정준46952.573평추상57 63 634333.051.024.1153810194110282024102628142126 01767↗↗추13.637.338.913.4126537.639.6 88.5 89.6 24 38 1924   14.70   13.40 5  0 -2HHUP52.84521812-2.4 7.8 5.4505013 1뒷심문제탄력호전47기 0 3 6     8 8 8⑧1:28.5목   1.514.039.314.0  1  3  .00 8 7  1 3.36774556935 9 3 7 70 9 1.03 5.02 3.1 6.2  3.1    7.6   13.3   11.211.22851 0 5 5 0―  .138.80  .1513.4188.73 6.2014.7124.10 3 916 1.57 8.8717.50 7
20260530토 5130011국553 4105 3혼전 4451맑음양호 7 7 4골드베르크      카우보이트룰레이 5732.00한암 5 0 0 9 1   96      24750국5송문길이정화   2 313 4 228 4 2 025  0김정준46654.573평추보30 33 334224.053.023.2153810194110282024102628142126 02060↗↗추13.637.738.813.4207638.438.5 82.1 82.6 20 35 2035   14.40   13.70 5 -6 -2HNDN52.54491812 -.8 8.0 7.2383812-5일반주행거리속성72기 1 310    10 9 5①1:22.1목   -.114.738.613.4 -5 -4  .00 1 6 -1  .0238220438810 2 9 63 8 6.03 3.02 2.3 6.4 17.0   42.1  139.2  273.8  .01841 0 4 6 0―  .239.30  .38 6.0682.97 6.9714.9623.17 51223 5.1012.0018.99 8
20260426일 4180011국551 8105 4 2강 2251맑음건조 3 7 4골드베르크      카우보이트룰레이 5438.00한암 5 0 0 9 1   87      24750국5송문길이정화   2 412 3 528 3 2 024  0김정준47056.073평추하18 13 132119.043.019.7153810194110282024102628142126 02060↗↗추13.640.740.413.4 54839.840.8120.7119.6 21 32 1637   15.10   13.90 5  5  4BB동52.54491812-1.4 8.0 6.6393912 0일반주행거리속성42기 0 9 5 4 4 3 3 3⑦2:00.7목    .814.440.113.7  0  4  .00 7 7  1 1.56538574755 6 5 7 50 7 2.04 1.02 2.5 5.4  3.5   10.1   20.9   32.1  .01618-1 4 5-1▽ -.640.30 -.0638.51119.0 4.2311.0119.71 81729 3.5110.5818.94 6
20260322일 31800 9국441 6 95 5 1강 1157맑음건조 5 7 4골드베르크      카우보이트룰레이 5438.00한암 5 0 0 2 1   92      33000국4송문길이정화   2 511 2 428 2 2 023  0김정준46652.573평추상43 21 2122 8.038.020.3153810194110282024102628142126 02060↗↗추13.640.640.313.4 75341.540.4120.8120.4 22 39 1733   14.80   13.50 6 -1  0HNUP52.54491812-2.0 8.2 6.2474712 1일반주행거리속성44기 0 4 8 8 8 9 9 8⑧2:00.8½   2.315.140.113.9  2 -3  .00 8 6 -3 2.38090477621 8 4 6 50 6 4.02 6.09 3.1 4.3  4.8   10.3   24.1   14.7  .01631-1 3 3-1▽ -.740.50  .0039.47118.9 4.4010.4320.25 61728 4.05 8.2815.35 5
20260207토 8170011국454 3105 6혼전 4451맑음건조 2 7 4골드베르크      카우보이트룰레이 5732.00한암 5 0 0 2 1  108      33000국4송문길이정화   2 610 1 128 1 2 022  0김정준46952.573평추상39 38 382711.042.013.7153810194110282024102628142126 02060↗↗추13.640.240.713.4156940.440.7111.5113.4 24 35 2429   15.80   13.40 5 -1  0NNDN52.54491812-2.2 8.6 6.4484812-1숨은복병거리속성67기 0 5 8 8 8 9 6 6⑤1:51.5½   1.514.839.713.5 -4  5  .00 5 9 -2 1.6467541563611 3 9 90 5 2.01 7.01 2.4 7.2  5.0    7.2   18.8   20.8  .01935-1 3 5-1▽ -.740.90  .3032.48113.7 2.90 6.9113.74 2 510 1.82 5.4510.84 9
20260103토 7180011국542 7 95 7 3강 3351흐림다습13 7 4골드베르크      카우보이트룰레이 5438.00한암 5 0 0 1 1   99      33000국5송문길이정화   2 7 9 3 328 3 2 021  0이용호46452.562평입하24 23 23 710.042.023.41657 7194110282017 02628191820 02060→↘자13.640.540.713.4133342.239.5120.8119.4 25 38 1938   15.20   14.30 5  0  1NN동52.54491812-1.4 7.6 6.2484812 0일반주행거리속성45기 0 6 9 9 9 9 9 9⑥2:00.82½  1.115.840.713.4 -5 -1  .00 611  4 1.35897257651 4 7 6 43 4 4.03 3.07 2.2 5.0  9.6   25.1   52.9   52.811.21629 0 3 4 0― -.540.50 -.1638.22119.0 6.1514.7123.39 41120 4.35 8.3917.03 6
20251129토 7180011국443 5 95 8혼전 4459맑음다습10 7 4골드베르크      카우보이트룰레이 5438.00한암 4 0 0 9 1  10415:15 33000국4송문길이정화   2 8 8 2 228 2 2 020  0이용호46552.062평입보18 33 33 914.039.017.71657 7194110282017 02628191820 02060→↘자13.640.540.513.4134141.340.9118.2119.5 27 40 2733   15.70   13.60 8  4  0NH동52.54491812-2.2 7.0 4.8595912 0일반주행거리속성47기 0 6111110 9 9 8⑩1:58.21    1.615.241.114.3  3 11  .0010 7  0 1.96088638433 9 4 5 80 3 6.05 8.05     7.3 11.2   54.0  119.4  351.1  .01635 0 3 3 0― -.840.50  .0138.48118.9 4.8110.4617.68 2 714 2.8610.6019.51 7
20251003금 8180011국441 5 95 9 3강 3355흐림다습11 7 4골드베르크      카우보이트룰레이 5438.00한암 4 0 0 1 2  235      33000국4송문길이정화   2 9 7 1 128 1 2 019  0이용호45452.061평자상32 32 321111.038.015.81267 0365226282017 02628191820 02060↗→자13.640.240.613.4354142.540.7119.5120.0 29 43 2136   14.10   13.30 4 -4  0HHUP52.54491812-1.8 6.8 5.0575712 4숨은복병거리속성65기 0 2101010 9 9 7④1:59.5목    .715.740.913.6 -3 -8  .00 4 7  0 3.57099569261 6 7 4 83 2 1.03 3.05 3.3 7.5  3.3    7.9   13.9   10.511.21932 0 3 4 0― -.840.90  .1239.20118.9 4.03 8.7115.82 1 611 2.50 7.4113.64 8
20250906토11140011국554 510510 1강 1151비  포화16 7 4골드베르크      카우보이트룰레이 5732.00한암 4 0 0 1 2  316      33000혼4송문길이정화   210 610 528 1 2 018  0씨씨웡46252.090평자상59 53 534638.059.037.7265211365226282027 02628212522 02550↘→선13.637.139.013.4306937.239.4 86.9 89.1 31 46 2338   14.60   12.60 6  3  0NHUP52.64461412-1.4 6.0 4.6595912 2일반주행보통주행34기 0 6 8     910 7⑥1:26.91¾   .714.138.513.3 -1 10  .00 6 7 -4  .85151525259 7 3 7 33 1 2.09 7.03 3.0 6.5  4.6   56.6   78.2  129.7  .02369 1 5 6 1―  .738.80 -.1512.9688.6612.5525.4937.67132741 4.7613.8225.53 6
20250726토 5120011국413 2 6511혼전 4451맑음건조 4 7 4골드베르크      카우보이트룰레이 6325.00한암 4 0 0 9 3  43014:30 33000국4송문길이정화   211 5 91228 3 2 017  0김정준45252.077평자보52 56 565029.051.021.0264017253314282024102628142126 02550→↘추13.637.238.213.5328338.936.4 74.7 76.0 33 50 2533   14.20   14.50 5 -1  0HHDN52.64461412 -.6 5.0 4.4595912-2일반주행보통주행74기 1 310    1010 7⑥1:14.72½  1.314.636.512.6 -5-10  .00 611  5 1.44597 12241 8 5 5 83 4 4.0311.08     7.0  7.5   19.7   41.3   33.3  .01646 0 5 6 0―  .038.30  .57  .5875.72 5.1713.2221.00 41118 4.04 9.4816.62 8
20250622일 91400 9국441 4 9512 3강 3351맑음다습12 7 4골드베르크      카우보이트룰레이 5732.00한암 4 0 0 2 3  51717:00 33000국4송문길이정화   212 4 8 428 2 2 016  0김정준46252.075우자상77 83 835458.054.030.7264017253314282024102628142126 02550→↘추13.637.239.113.5246537.239.8 88.8 89.2 36 55 2736   13.90   13.70 5 -3  0HHUP52.64461412 -.8 5.0 4.2656512 2일반주행보통주행49기 0 4 7     7 6 6⑤1:28.81¼  1.114.239.814.5 -1  4  .00 5 6  2 1.95656656750 6 5 4 50 3 4.02 8.02     4.6  5.6   12.8   25.3    7.711.22559 1 6 6 1―  .438.80 -.0912.9088.80 8.6518.8330.67 41120 8.0419.1329.54 5
20250517토 6120010국432 4 8513 1강 1151맑음포화16 7 4골드베르크      카우보이트룰레이 6325.00한암 4 0 0 2 4  63015:15 33000국4송문길이정화   213 3 71128 1 2 015  0김정준45852.073우자하36 33 335013.038.018.7163312183113282024102628142126 03367→→추13.637.438.113.5198937.337.9 75.5 75.4 30 50 3040   14.00   14.80 2  6  0NH동52.84411412-1.4 5.2 3.8676712 0최빈거리작전마주74기 1 7 7     7 4 3③1:15.5½    .013.938.113.7 -1-11  .00 3 4  1  .02251202083 8 1 5 80 2 1.06 8.01     4.1  1.8   12.5   18.9   40.5  .02052 0 3 3 0― -.837.90  .57 -.1475.78 4.6510.5418.68 3 916 4.9411.3922.31 6
20250503토 8120011국414 2 6514혼전 4451맑음포화18 7 4골드베르크      카우보이트룰레이 6325.00한암 4 0 0 1 4  67017:00 33000국4송문길이정화   214 2 61028 1 2 014  0김용근46952.087우자하55 63 635929.046.019.12756 7183113282029102628312714 03367↗↘선13.637.438.113.5199137.139.7 76.1 77.2 30 50 3040   13.70   14.60 8 -9  0UH동52.84411412-1.0 4.6 3.6727212 0최빈거리최적거리 1기 0 1 7     4 4 5⑨1:16.15    2.414.039.714.8  6  6  .05 9 3 -3 2.6804277721711 3 5 90 4 1.05 6.09     5.1  1.3   13.0   17.3   32.4  .01376 0 4 5 0― -.138.50  .57 1.7375.78 4.6410.8419.10 1 4 8 5.4810.3617.09 9
20250308토 6120011국454 310515혼전 4451맑음다습11 7 4골드베르크      카우보이트룰레이 6325.00한암 4 0 0 2 5  84015:15 33000국4송문길이정화   215 1 5 928 1 2 013  0이용호46352.075우자보81 85 855939.045.019.5277310264314282017 02628191820 03367↗↘자13.637.338.113.3299336.739.5 75.5 76.3 33 56 3344   13.40   13.1014  3  0BH동52.84411412-1.2 4.2 3.0777712 0승부최상보통주행 1기 110 5     5 2 2⑤1:15.51½  1.013.739.314.6 -1 11  .00 5 6  3 1.2572073555010 3 4 82 1 7.01 4.09    11.8 12.1   30.8   62.5  105.8  .03453-2 5 5-2▽ -.538.40  .62  .9475.72 5.1811.9419.48 2 714 7.5017.4927.81 7
20260906일 7140011국4 3 4  5 0혼전 4451           7 5두레이쇼        한센    아가워   5930.00한암 4 0 0   1    015:20 33000국4김동균김영근  -1 016 1 821 1 1 521  0서승운   53.084평자보50 53 533513.038.012.92440141753 6201518 019 8272916114433↗↘선13.736.839.313.76041                   30 45 2025   13.60   13.50 2  1  1NN동53.14351413-1.0 4.6 3.6606014 0일반주행최적거리27관 0 5                            13.6    13.5        .0                       8 6 9 9  2                                              .01630-3 3 2-3▽ -.939.30  .50     88.66 3.09 6.9512.93 1 4 8 4.08 8.6116.8810
20260822토 71400 9국542 4 95 1혼전 4451흐림불량20 7 5두레이쇼        한센    아가워   5930.00한암 4 0 0 2 1   34      33000혼4김동균김영근  -1 11516 721 1 1 520  0박재이44252.561우자상92 90 907666.058.048.3 699 01753 62015 0 019 8 82821114433↘↗입13.736.739.313.7664537.439.0 86.7 88.9 32 47 2126   13.80   12.80 9  2 -4HHUP53.14351413-1.8 4.4 2.6676714 1착차만회최적거리49관 0 4 4     5 5 6⑦1:26.7½   1.013.638.013.5  2  5  .00 7 5  1 1.14669334349 3 4 1 32 1 4.02 6.03 3.7 5.5  4.2    7.7   16.8   44.710.52972 2 7 6 2△  .739.20 -.3512.9088.5918.0534.1648.3313274120.0034.2550.65 3
20260620토 4130011국543 5 45 2 3강 3351비  불량20 7 5두레이쇼        한센    아가워   5930.00한암 4 0 0 2 1  168      24750국5김동균김영근  -1 21415 721 1 0 519  0서승운43756.584평자상65 73 735866.064.038.62440141753 6201518 019 8272916133838↗↘선13.737.039.213.7765337.638.1 79.8 81.9 28 44 2828   13.80   14.20 3 -5  2UBDN52.74351412 -.8 4.6 3.8606014-1착차만회거리속성 5관 1 2 5     4 4 3①1:19.8코    .013.837.112.8 -3  2  .00 1 4  0  .01152131382 6 6 7 32 1 4.01 2.09 2.9 3.8  9.7   12.1   32.6  102.912.12581 1 6 7 1△ 1.039.80  .12 5.7082.7815.9127.9338.5518395613.2723.4734.21 4
20260530토 6140011국514 8 65 3 1강 1141맑음양호 7 7 5두레이쇼        한센    아가워   5930.00한암 4 0 0 9 1   55      24750국5김동균김영근  -1 31314 621 5 0 418  0유승완43555.069평자보39 37 373118.044.025.51861 81753 62015201419 8152722142943→↘입13.736.839.513.8603336.340.0 89.3 88.1 24 29 1824   14.00   14.20 3  0  2NL동52.44351412 -.6 5.2 4.6515114 0일반주행최적거리39관 1 7 5     5 4 3②1:29.31½   .013.840.614.2 -2 -2  .00 2 4 -2  .315 9673588 5 2 7 32 5 2.04 9.07 2.3 7.6  5.8   25.2   40.5   33.3  .01622-1 4 3-1▽ -.338.90  .0611.7588.80 5.2014.2525.47 51222 2.3311.5624.14 4
20260509토 7140010국552 7 55 4혼전 4451맑음건조 5 7 5두레이쇼        한센    아가워   5930.00한암 4 0 0 2 1   54      24750국5김동균김영근  -1 41213 521 4 0 417  0유승완43753.569평자보60 56 564026.047.021.01861 81753 62015201419 8152722142943→↘입13.736.839.313.7604836.940.1 89.8 89.5 19 38 1325   13.70   14.60 2 -3 -2NN동52.44351412 -.8 5.0 4.2616114 0일반주행최적거리56관 0 7 7     6 5 5⑤1:29.81¼  1.514.040.414.2 -1 -1  .00 5 6  2 2.06234706238 2 5 6 72 4 4.02 5.08 2.5 5.0  7.2   10.6   24.1   23.7  .01626-1 4 4-1▽ -.339.20  .3013.3888.66 4.5511.8020.96 41118 5.4313.1119.45 7
20260425토 7140011국534 8 85 5혼전 4451맑음건조 3 7 5두레이쇼        한센    아가워   5930.00한암 4 0 0 9 1   35      24750국5김동균김영근  -1 51112 421 3 0 416  0유승완43855.069우자상87 88 885463.056.032.01861 81753 62015201419 8152722142943→↘입13.637.139.013.6356536.640.2 89.5 88.9 20 47 2020   13.90   13.40 3  3  2BB동52.44351412-1.0 5.4 4.4656514 0일반주행최적거리31관 010 4     4 3 3③1:29.57    1.213.740.614.6 -1  5  .00 3 4  0 1.24324735946 7 3 1 32 3 1.03 3.05 2.5 3.9  2.5    6.2   10.0   11.710.52154 0 7 5 0―  .638.80  .0112.7688.6611.3021.0832.04142943 9.8925.0040.40 3
20260404토 4140011국512 8 15 6혼전 4454맑음양호 7 7 5두레이쇼        한센    아가워   5930.00한암 4 0 0 1 1   60      24750국5김동균김영근  -1 61011 321 2 0 315  0유승완43353.569평자하36 44 442717.044.020.51861 81753 62015201419 8152722 03350→↘입13.737.239.113.6236137.037.9 89.0 87.1 21 43 2114   13.90   14.30 2 -4  0NNUP52.24361412-1.6 6.0 4.4656514 1일반주행최적거리33관 0 7 2     2 2 2②1:29.01     .013.938.413.4 -2 -2  .00 2 4 -1  .2 244 8 592 7 4 4 91 2 1.04 3.07 1.3 2.2  1.3    7.5    7.7    8.0  .01630 0 3 3 0― -.238.30  .1710.8388.80 5.5213.1620.54 2 611 6.1513.0422.67 7
20260321토 5130011국523 4 75 7 1강 1151맑음건조 5 7 5두레이쇼        한센    아가워   5930.00한암 4 0 0 2 1   38      24750국5김동균김영근  -1 7 910 621 1 0 314  0유승완43553.569평추보54 51 514019.051.021.11861 81753 62015201419 8152722 03350→↘입13.637.738.713.5188737.040.4 83.2 84.0 15 38 2315   14.00   13.30 6  3 -1VN동52.24361412-2.4 6.2 3.8636314 0숨은복병거리속성67관 11110     6 5 6⑦1:23.22½  1.013.940.314.3  2  2  .00 7 5 -2 1.5722280654811 210 82 1 1.03 1.03 2.6 5.6  2.6   20.5   27.7   25.0  .01937 0 4 6 0―  .239.60  .49 7.6182.90 5.4613.0321.10 2 613 2.96 8.3314.81 9
20260207토 5130011국542 4 95 8 1강 1151맑음건조 2 7 5두레이쇼        한센    아가워   5930.00한암 4 0 0 2 1  111      24750국5김동균김영근  -1 8 8 9 521 2 0 313  0문정균43354.576평추상69 74 744653.062.032.11118 61753 6201510 019 8131923 03350↘↗추13.637.838.713.5178937.839.0 82.6 83.1 17 42 3317   13.80   13.60 3 -3  3NL동52.24361412-2.8 6.8 4.0676714 0착차만회거리속성32관 0 8 6     8 8 8⑥1:22.6½   1.314.039.013.3 -1  0  .00 6 7  2 1.5446242484010 2 4 40 2 6.10 1.03 1.6 4.9 18.5  324.7  772.5  720.813.22552 1 6 7 1― 1.039.30  .13 6.5582.9711.2521.4632.08142943 6.9213.7723.14 6
20260118일 5130010국541 2 95 9혼전 4451흐림건조 5 7 5두레이쇼        한센    아가워   5930.00한암 4 0 0 2 1   48      24750국5김동균김영근  -1 9 7 8 421 1 0 312  0문정균43352.076평추상72 70 704038.057.030.51118 61753 6201510 019 8131923 02060↘↗추13.637.838.713.4169337.238.9 81.3 82.4 27 45 1827   15.40   12.90 3  1  1BNDN52.24361412-3.4 7.8 4.4646414-1착차만회거리속성63기 011 6     4 3 1③1:21.3½    .013.838.113.6 -2  3  .00 3 5 -1  .5253041267510 4 3 52 1 4.06 8.04 3.1 8.3  5.8   18.4   43.2   39.0  .02560 0 6 6 0―  .739.10  .16 5.9082.97 9.6820.2330.50 91935 6.1017.0528.38 7
20251228일 5140011국531 6 3510 3강 3351맑음다습12 7 5두레이쇼        한센    아가워   5930.00한암 3 0 0 9 1   4913:35 24750국5김동균김영근  -110 6 7 221 4 0 311  0우인철43051.070평자보50 46 462411.042.016.62048 91753 6201514 019 8102723 02550→↘입13.637.039.313.6425338.537.3 88.2 87.9 30 40 3010   14.30   13.70 3  7  0BU동52.54381412-3.0 8.0 5.0595912 0일반주행급신장세39기 01011    1111 9④1:28.23     .615.437.512.9 -2 -4  .00 4 6  3  .91497 12262 5 4 6 73 4 5.04 1.04     2.4 16.7   71.1  180.8   27.2  .01615-3 3 2-3▽ -.838.70  .2811.5888.80 4.05 9.1616.61 81729 2.17 6.7813.28 8
20251207일 5140010국541 7 4511 1강 1151맑음양호 9 7 5두레이쇼        한센    아가워   5930.00한암 3 0 0 1 1   5113:35 24750국5김동균김영근  -111 5 6 121 3 0 310  0우인철43451.070평자상72 75 756476.064.044.92048 91753 6201514 019 8102723 02550→↘입13.536.839.313.6574837.639.3 89.8 89.4 30 30 3030   14.20   13.30 4  0  0HUUP52.54381412-2.0 7.0 5.0595912 1착차만회거리부담76기 0 3 7     8 8 7⑥1:29.81¼  1.514.339.213.7  3 -3  .01 6 3 -4 1.76376476337 3 3 3 30 3 1.06 8.07     3.4  1.8   10.9   17.3   14.5  .02554 0 7 7 0―  .939.20 -.3313.3388.6613.7829.9544.9113274115.4634.7852.03 3
20251109일 5130011국511 5 6512혼전 4451맑음건조 3 7 5두레이쇼        한센    아가워   5930.00한암 3 0 0 2 1  139      24750국5김동균김영근  -112 4 5 321 2 0 2 9  0우인철43751.070평자보31 40 403919.049.021.22048 91753 6201514 019 8102723 03333→↘입13.536.939.113.6836138.038.4 81.9 82.5 22 22 3322   14.60   12.90 3 -2  0HUUP53.04381312-2.6 7.2 4.6686812 1일반주행거리속성29관 0 3 9     8 8 6②1:21.91¼   .014.238.213.3 -5  1  .00 2 7  1  .22370203280 3 5 6 83 2 1.07 6.03 1.6 4.9  1.6   18.8   25.0   84.5  .01646 0 4 4 0― -.140.00  .74 6.4882.65 5.5712.4721.22 41118 4.4911.8919.52 7
20251019일 3120011국541 6 9513 3강 3351맑음포화17 7 5두레이쇼        한센    아가워   7925.00한암 3 0 0 2 2  207      24750국5김동균김영근  -113 3 4 621 1 0 2 8  0우인철43651.072평입상74 72 727655.062.029.813 0 8204212201514 019 8102723 03333↘→입13.536.738.813.9804538.437.9 75.8 76.5 25 25 3813   13.90   13.00 3  2 -1NU동53.04381312-1.2 5.6 4.4646412 0숨은탄력탄력호전53기 0 511    111111④1:15.86    1.314.638.212.9 -2 -2  .00 4 6 -4 1.66292205742 3 7 4 53 1 4.0210.01 3.4 6.1  4.9    8.6   19.8    9.712.12969 2 6 6 2―  .939.00  .25  .9775.78 7.6818.2429.83 92033 6.4518.5531.27 5
20250928일 5120011국553 210514혼전 4451흐림불량20 7 5두레이쇼        한센    아가워   7925.00한암 3 0 0 9 2  24913:35 24750국5김동균김영근  -114 2 3 521 1 0 2 7  0김용근43852.082평입상70 73 739047.060.022.32045 8204212201524 019 8312714 05050↗↘선13.536.838.913.9774537.337.7 73.4 75.6 29 29 43 0   13.60   13.20 6 -4  0HU동53.54381312 -.2 4.8 4.6585812 0선입실패선행유리66관 1 3 8     9 9 8⑦1:13.4½    .613.937.113.0 -3 -4  .00 710  0  .83153131460 4 6 8 70 1 2.07 5.06     7.6  4.3   25.7   39.1   41.3  .03081 0 6 6 0―  .638.60  .37 -.1075.89 5.6712.8822.25 51223 7.0214.8824.03 8
20250816토 4120011국552 610515혼전 4451맑음다습12 7 5두레이쇼        한센    아가워   7925.00한암 3 0 0 2 2  38513:45 24750국5김동균김영근  -115 1 2 421 5 0 2 6  0조상범44252.056기선보50 49 496822.040.015.5 880 22042122015141819 8132116 0 099→↗입13.536.838.814.2754537.238.4 75.8 75.7 33 33 50 0   13.30   14.70 6 -2  0NUDN55.04341312  .0 4.4 4.4626212-1일반주행기복전력26관 0 7 4     5 6 5⑤1:15.81     .413.638.413.2 -5  8  .00 510  3  .43449373471 2 5 9102 5 3.02 6.08     7.6  9.0   24.9   60.5   67.1  .01649 0 4 3 0― -.638.70  .63  .1075.84 3.27 8.3815.45 1 3 6 5.9510.5318.5110
20260906일 7140011국4 3 4  6 0혼전 4451           7 6금적산          콩코드포로쿠     7426.00한암 3 0 1   1    015:20 33000국4이강서장수영   0 0 9 2 4 8 3 3 1 8  1이동하   56.591강선보50 79 799881.067.052.532531359833325 0 03645252524197525 0↗↘선13.636.439.414.08745                  100100 8020   13.60   14.60 6 -5  4NB동54.04761414  .2 1.4 1.6929212 0전개최상전개최상35기 0 6                            13.6    14.6        .0                       1 7 2 2  3                                              .04194 3 9 9 3★ 1.439.40 -.36     88.4521.5039.4852.5421435921.4339.2349.69 1
20260726일 6140011국452 5106 1혼전 4451맑음양호 9 7 6금적산          콩코드포로쿠     7426.00한암 3 0 0 9 1   96      33000국4이강서장수영   0 1 8 1 3 8 2 2 1 7  0이동하47352.591강도보99 99 999184.066.053.932531359833325 0 03645252524196733 0↗↘선13.636.639.214.0745735.540.3 86.8 87.6100100 7525   13.30   14.00 4  3 -3VUUP54.54761412  .3 1.5 1.8919112 1뒷심문제전개최상72기 011 5     2 2 1①1:26.82½  -.513.640.114.6  0 -7  .00 1 1  0  .0 7 1732095 4 3 2 11 2 1.0611.08 2.8 6.6  2.8   12.2   17.0   42.510.55696 4 9 9 4☆ 1.739.00 -.3911.8088.4526.3443.7453.9421435923.7141.4752.25 2
20260628일 5130011국554 2106 2혼전 4441맑음건조 3 7 6금적산          콩코드포로쿠     7426.00한암 3 0 0 9 1   66      24750국5우창구장수영   0 2 7 5 2 8 1 1 1 6  0이동하48055.591강선하22 51 518047.055.027.63253131952 920182936221125241999 0 0↗↘선13.737.038.412.8739536.539.1 80.4 81.6100100 3333   14.30   14.40 6  1 -1BNUP54.04751412  .3 1.7 2.0909012 1전개최상마번불리50기 1 8 5     3 3 1①1:20.41½  -.313.339.014.0  0 -7  .00 1 1  0  .0 5 5451190 4 1 7 52 1 1.02 8.03 2.9 5.7  2.9    5.7   10.0    8.4  .03469 0 6 6 0―  .439.70  .91 6.2382.26 7.2116.4927.62 81729 8.4218.2728.90 5
20260517일 4120011국524 7 76 3 1강 1151맑음건조 3 7 6금적산          콩코드포로쿠     7522.00한암 3 0 0 2 1   87      24750국5우창구장수영   0 3 6 4 3 8 6 1 1 5  0장추열48756.593강도하96 99 999792.071.061.92949111952 920182631221120272299 0 0↘↗입13.636.738.212.8838936.740.5 76.6 76.9100100 6733   13.90   14.20 7  2  3LBDN54.04751412 -.5 2.0 1.5929212-2전개최상전개최상84기 2 7 8     6 5 5⑤1:16.62½   .914.340.214.4  4 20  .09 5 1  0 1.47422887955 6 1 1 12 6 7.05 9.10 2.6 5.5 18.8   67.5  172.5  104.0  .05694 4 9 9 4☆ 2.139.10 -.33 2.0075.4535.5353.2861.8738617226.3941.8150.23 1
20260328토 4140011국553 6106 4 1강 1151맑음건조 3 7 6금적산          콩코드포로쿠     7426.00한암 3 0 1 9 1  142      24750국5우창구장수영   0 4 5 3 2 8 5 1 1 4  1장추열46754.093강도하92 92 929992.070.065.42949111952 920182631221120272299 0 0↘↗입13.536.338.312.8969137.138.7 88.5 88.210010010050   13.60   15.10 4  0 -1NUUP54.04751412 -.5 2.0 1.5929212 1탐색주행전개최상54기 1 5 2     2 2 2③1:28.5¾    .013.938.914.2  2-10  .00 3 1  0  .92453232283 1 1 1 11 5 3.0711.01 3.1 7.9  4.7   25.6   36.7   21.5  .06498 4 9 9 4☆ 1.939.50  .0613.6387.6331.9053.4765.3532516428.3647.4360.33 1
20260228토 6130011국514 5 16 5혼전 4451맑음건조 3 7 6금적산          콩코드포로쿠     7426.00한암 3 0 1 9 1   89      24750국5우창구장수영   0 5 4 2 1 8 4 1 1 3  1장추열47755.093강도보90 95 958176.067.037.82949111952 920182631221120272299 0 0↘↗입13.536.739.612.8984536.140.7 83.5 83.210010010050   13.70   13.40 9 -6  2NVDN54.04751412-1.0 3.0 2.0858512-1전개최상거리속성65기 0 5 3     1 1 1⑤1:23.5목    .813.641.215.1  4  3  .01 5 1  0  .848 1854756 2 7 2 21 4 6.02 4.06 1.6 3.4 23.4   36.9  114.1  864.310.53480 2 8 8 2▲ 1.340.40  .09 6.9082.8414.9226.7437.8118395611.3624.6236.91 2
20251228일 5140011국531 7 36 6 3강 3351맑음다습12 7 6금적산          콩코드포로쿠     7426.00한암 2 1 1 9 1  154      24750국5우창구장수영   0 6 3 1 1 8 3 1 1 2  1장추열47453.593강도보99 99 999886.068.065.92949111952 920182631221120272299 0 0↘↗입13.636.340.112.8964536.738.4 87.6 87.110010010050   13.50   13.10 5  7 -1VUUP54.04751412-1.0 3.0 2.0858512 2전개최상전개최상 5기 211 1     3 3 2③1:27.6½    .013.738.713.4  2 -2  .01 3 1  0  .3 33115 789 1 9 1 12 3 5.04 1.04 1.5 2.4 16.7   71.1  180.8   27.212.24396 3 9 9 3★ 1.539.20-1.0710.6588.8628.4551.8665.8932516427.1747.4665.31 1
20251122토 1120012국611 4 16 7 3강 3351맑음건조 3 7 6금적산          콩코드포로쿠     7522.00한암 2 0 1 2 1  11010:35 24750국6우창구장수영   0 7 2 2 2 8 2 0 1 1  1장추열47654.093강도보99 99 999983.071.065.02949111952 920182631221120272299 0 0↘↗입13.536.538.713.7989436.836.3 73.4 73.3100100100 0   13.50   14.00 7  0  0UU동54.04731212-1.0 3.0 2.0858512 0조교만전전개최상47기 0 4 1     1 1 1①1:13.49   -1.513.536.913.1  0  3  .00 1 1 -2  .0 124 1 095 4 5 1 11 2 1.02 4.03     2.8  1.5    2.8    4.5    5.312.24195 3 9 8 3▲ 1.638.20 -.59-1.9475.6130.6452.1364.9939597216.5529.3420.16 2
20251004토 11200 9국650 9 56 8 1강 1159맑음다습10 7 6금적산          콩코드포로쿠     7522.00한암 2     1 2  231      24750국6우창구장수영   0 8 1 1 1 8 1 0 0 0  0장추열47354.093평무보49 25 2554  .055.037.53350172236 4201826312211202722      ↗↘입15.038.438.312.7 19336.138.1 75.2 73.9              15.00   13.00 4  0  0NL동       12 0         3.0     0 0일반주행조교만전57기 2 4 5     2 2 2②1:15.25     .013.539.214.0 -1 16  .00 2 3  0  .9 1 425 391 9 4 8 41 1 1.03 9.04 2.8 4.8  2.8    6.2    9.5   12.4  .02955 0 5 6 0―  .436.50 -.65-2.7976.4510.7423.3337.54 9193513.3324.8654.27 2
20260906일 7140011국4 3 4  6 0혼전 4451           7 7블리스스타      카우보이블리스터 5732.00한수 3 0 1   1    015:20 33000국4서인석송창오   1 011 1 510 1 1 410  1다실바   55.579강선적50 71 716956.052.027.7 7 0 51847 9182933 0191120301399 0 0↗↗입13.636.639.613.87427                   63 63 3825   13.60   13.60 7  4  2NN동55.35021413  .2 2.0 2.2818114 0전개최상최적거리49관 0 7                            13.6    13.6        .0                       4 9 4 5  1                                              .03471 0 6 7 0―  .339.60  .05     88.73 8.2018.5827.70 82033 8.1620.1030.94 4
20260719일 8140011국543 7 96 1혼전 4451맑음다습14 7 7블리스스타      카우보이블리스터 5732.00한수 3 0 1 2 1  114      33000혼4서인석송창오   1 110 6 410 7 1 4 9  1조재로50353.588우선보91 90 909477.066.045.73453131847 918292535191119262299 0 0↗↘입13.636.539.713.8781936.639.7 87.3 88.2 63 63 3825   13.70   13.10 6 -4 -4UH동55.35021413  .2 4.2 4.4646414 0일반주행전개최상 5   0 3 5     5 5 6④1:27.3½    .013.639.413.6  3 -3  .09 4 1  0  .32121573789 1 9 2 22 8 4.05 2.05 3.4 7.2  5.1   17.4   40.8  113.410.54182 2 8 8 2▲ 1.239.30 -.4211.9988.7319.0033.0545.7118375318.8932.4947.06 2
20260607일 5140010국552 8106 2혼전 4451맑음양호 6 7 7블리스스타      카우보이블리스터 5732.00한수 3 0 1 1 1  106      24750국5서인석송창오   1 2 9 5 310 6 0 4 8  1조재로50657.088우선보89 89 899077.066.050.43453131847 918292535191119262299 0 0↗↘입13.736.439.713.8871937.437.9 88.9 87.4 57 57 29 0   13.80   13.30 5 -1  3NB동54.75011413  .2 4.2 4.4646414 0부중유리작전마주67기 0 7 2     2 2 1①1:28.91    -.213.738.513.1  0 11  .00 1 1  0  .0 460 6 692 1 6 1 11 7 1.02 7.06 2.7 6.2  2.7    6.2    9.8   20.910.53179 1 8 8 1▲ 1.439.20 -.4711.3388.6622.1039.4750.3838617219.7735.1645.28 1
20260503일 3140011국533 7 36 3 2강 2251비  다습10 7 7블리스스타      카우보이블리스터 5732.00한수 3 0 0 1 1   88      24750국5서인석송창오   1 3 8 4 210 5 0 3 7  0조재로49554.588우선적54 57 578058.056.034.53453131847 918292535191119262299 0 0↗↘입13.636.439.813.8901336.638.7 87.1 87.7 50 50 33 0   13.60   13.70 7  4 -1NHUP54.75011413 -.8 5.2 4.4646413 1전개최상보통주행42기 0 8 2     1 1 2②1:27.12     .013.838.213.3  1-11  .00 2 1 -1  .4 82321 889 1 7 6 31 6 3.0110.08 2.2 2.8  5.9    6.1   15.5   20.0  .03472 1 6 7 1△  .639.30 -.1111.5288.7310.6121.7834.4814294310.5924.7235.56 3
20260315일 4130011국522 3 76 4혼전 4451흐림양호 6 7 7블리스스타      카우보이블리스터 5732.00한수 3 0 1 2 1  133      24750국5서인석송창오   1 4 7 3 310 4 0 3 6  1조재로50655.088기도적56 51 519246.058.030.33453131847 918292535191119262299 0 0↗↘입13.536.639.712.8972237.139.9 82.3 83.4 60 60 60 0   13.80   14.40 7 -2  1UNDN54.75011412-1.4 6.2 4.8626213-1직전탐색전개최상62기 0 4 3     4 4 3④1:22.3¾    .913.639.613.7  2  4  .00 4 2  0 1.95428705552 111 9 42 5 1.0410.07 1.9 4.0  1.9   15.6   23.9   39.4  .04164 0 6 6 0―  .540.50  .30 7.0582.84 9.8119.5830.3413274110.8421.0527.63 3
20260124토 6140011국553 6106 5혼전 4451맑음건조 3 7 7블리스스타      카우보이블리스터 5732.00한수 3 0 1 2 1  131      24750국5서인석송창오   1 5 6 2 110 3 0 3 5  1조재로50254.088기선보81 79 797460.064.033.83453131847 918292535191119262299 0 0↗↘입13.536.440.212.886 936.840.2 88.9 89.1 60 60 40 0   13.20   13.40 5 -1  2NNUP54.75011412-1.3 6.8 5.5565613 1부중유리기복전력 5기 0 6 3     4 4 5⑦1:28.91    1.413.840.414.4  5  0  .01 7 2 -2 2.15431746539 110 4 32 4 5.01 7.03 2.3 6.0  8.1    7.3   21.2   47.9  .03169 0 7 7 0― 1.039.60 -.3512.4989.0013.2323.9133.79183956 6.8618.5831.07 5
20251220토 5130011국543 1 46 6 1강 1151흐림포화16 7 7블리스스타      카우보이블리스터 5732.00한수 2 0 1 2 1  10313:35 24750국5서인석송창오   1 6 5 1 210 2 0 2 4  1조재로50252.588기도보78 81 816260.057.028.33453131847 918292535191119262299 0 0↗↘입13.636.839.712.8851736.439.0 79.2 81.4 50 50 50 0   13.50   15.20 5 -4 -4NU동55.85011312-1.3 6.8 5.5565613 0일반주행기복전력53기 1 7 1     2 2 2②1:19.23     .013.237.913.4 -2 -1  .00 2 4  2  .6 4 444 876 3 9 4 41 3 1.0410.07     3.5  2.2    6.5   10.2    7.013.21853 0 6 6 0―  .539.90  .24 4.9082.97 7.6516.9128.32 82033 5.3817.0026.05 5
20251116일 2130011국641 9 96 7 2강 2251맑음건조 3 7 7블리스스타      카우보이블리스터 5732.00한수 2 0 0 2 1  120      16500국6서인석송창오   1 7 4 4 110 1 0 1 3  0조재로50356.088기선보 8 14 145940.055.032.73453131847 918292535191119262299 0 0↗↘입13.837.039.512.8752735.640.5 83.1 82.1 33 33  0 0   13.70   14.90 4  0  0VVUP55.54981312-1.7 8.3 6.7464612 1승부최상기복전력72기 111 2     1 2 1②1:23.1½    .013.541.115.2  0  3  .00 2 2-10  .114 1822291 3 4 7 41 2 3.02 6.11 3.1 6.0  4.3    6.9   14.6    9.0  .03449 0 6 6 0―  .439.90  .10 5.6482.97 8.3319.6832.66 82033 7.6217.5327.96 4
20251019일 7120012국614 5 66 8혼전 4451맑음포화17 7 7블리스스타      카우보이블리스터 6325.00한수 2 0 1 2 2  203     110000국O서인석송창오   1 8 3 3 210 1 0 1 2  1장추열50056.093우선적82 99 998280.070.033.43350171423 518293638191120272299 0 0↗↘입13.836.938.812.8666137.140.7 76.8 78.4 50 50  0 0   13.50   13.10 6  7  1BV동55.54981210-2.5 6.5 4.0646412 0우수혈통승부최상 5   011 6     4 511⑫1:16.85    2.913.740.714.9  0  2  .001212  6 3.59341908812 710 2 30 1 1.02 9.04 1.4 4.1  1.4    4.1    5.0    6.510.54597 3 9 9 3★ 1.639.40  .05 2.6775.8912.7323.9133.4213274111.6723.3526.67 4
20250907일 1120011국610 5 66 9 1강 1151맑음포화16 7 7블리스스타      카우보이블리스터 6325.00한수 2 0 0 1 2  31510:35 24750국6서인석송창오   1 9 2 2 110 1 0 0 1  0조재로49855.587하무보26 38 383112.040.015.02343 71423 5182925351911192622      →↗입14.137.639.913.6311236.838.1 73.9 75.0  0  0  0 0   14.10   13.90 9 -4  0HHUP       1210-1.0 7.0 6.0434310 2우수혈통우수혈통39기 0 4 2     2 2 1②1:13.91     .013.537.913.1 -4 11  .00 2 6 -1  .21324261283 711 6 51 110.0610.04     3.6 44.6  358.0  828.4 2667.0  .02032-2 3 2-2▽ -.937.60 -.43-2.5176.90 3.50 8.0315.02 51223 2.08 6.02 8.54 8
20250705토 1100010국640 7 9610혼전 4455맑음건조 3 7 7블리스스타      카우보이블리스터 6325.00한수 2     1 3  49410:35 24750국6서인석송창오   110 1 1 110 1 0 0 0  0이동하48755.592평무보74 35 3566  .050.028.13242181842101829 7 01911252419      ↘→선14.236.838.213.3991937.538.9 64.0 63.7              14.20   13.60        LN동       10 0         8.0     0 0일반주행우수혈통48트 0 8 7     7 6 7⑥1:04.01¾  1.214.139.013.9 -1  6  .00 6 7  0 2.77154777144 6 8 7 60 1 1.06 1.05     5.3  3.2   42.0   62.6   36.5  .01634-1 5 6-1▽ -.138.40  .20-11.362.76 8.0017.3828.07 4112010.0020.0030.00 8
20260906일 7140011국4 3 4  7 0혼전 4451           7 8바람개비        메디치글말리부퀸 9717.00한수 3 0 0   1    015:20 33000국4신삼영선형조   0 0 6 1 1 5 4 2 0 5  0김태희   54.061우자보50 67 676236.042.018.71248 61556 3 825142011 3152416 099 0↘→입13.836.739.113.27565                   40 80 2040   13.70   12.80 9  7 -1LUUP55.85001413  .4 2.0 2.4757512 2부중유리보통주행46기 1 8                            13.7    12.8        .0                       6 4 5 8  4                                              .03142 0 5 5 0― -.439.10  .53     88.45 4.96 9.8118.68 2 613 7.1417.2226.25 6
20260704토 4120011국542 3 47 1 1강 1151흐림건조 5 7 8바람개비        메디치글말리부퀸 9225.00한수 3 0 0 1 1  168      24750국5신삼영선형조   0 1 5 1 2 5 3 1 0 4  0김태희50154.562우자상95 96 968682.048.024.51248 61556 3 825142011 3152416 099 0↘→입13.836.838.513.4797637.137.2 73.9 74.3 25 75 2525   14.10   13.20 4 -9 -3UUDN57.04991313  .5 2.3 2.8707012-1전개최상최적거리52기 0 1 4     4 3 2①1:13.94    -.713.737.012.8  0  2  .00 1 1 -1  .0 446 4 493 3 3 1 42 3 1.02 1.02 2.5 3.9  2.5    3.9    7.0   49.9  .03458-1 6 5-1▽  .038.20  .54 -.9875.67 5.8315.6924.49 9193519.3034.2146.90 3
20260607일 1130010국642 8 47 2혼전 4451맑음양호 6 7 8바람개비        메디치글말리부퀸 9717.00한수 3 0 0 1 1   70      16500국6신삼영선형조   0 2 4 4 3 5 2 0 0 3  0김태희49957.061우자보95 96 969886.068.066.01248 61556 3 825142011 3152416      ↘→입13.736.839.413.5935737.138.3 82.0 81.4  0 67 6733   14.10   13.40 5  2  0NNUP       1313 1.0 2.3 3.3606012 1선입실패전개최상72기 010 7     4 3 1①1:22.06   -1.114.138.713.2 -1 -6  .00 1 2  0  .0 22416 597 2 1 2 22 2 2.0510.03 2.5 2.9  2.9   20.6   30.4   12.510.54189 3 9 9 3★ 1.539.90 -.63 5.2282.7825.2448.0466.0313274133.7855.6372.84 1
20260502토 1120010국631 9 37 3 1강 1155흐림건조 3 7 8바람개비        메디치글말리부퀸 9225.00한수 3 0 0 1 1  100      16500국6신삼영선형조   0 3 3 3 1 5 1 0 0 2  0김태희50557.062평추보51 64 647068.052.046.71248 61556 3 825142011 3152416      ↘→입13.636.739.413.8882737.038.1 76.5 74.6  0 50 50 0   13.60   14.90 6  7  1BNDN       1313 1.0 2.5 3.5555513-1전개유리탐색우려47기 0 8 4     4 4 3③1:16.52     .414.138.613.4  1  5  .00 3 2  0  .9 740251970 3 1 1 32 1 3.01 3.06 2.2 2.2  4.6    4.6   11.3    2.5  .02433 0 6 3 0―  .338.40 -.57-1.5476.1213.7832.0446.7212254010.0020.9318.72 2
20260321토 1130011국630 8 37 4 1강 1141맑음양호 6 7 8바람개비        메디치글말리부퀸 9717.00한수 3 0 0 2 1  126      24750국6신삼영선형조   0 4 2 2 2 5 2 0 0 1  0장추열50056.093평추보88 94 944388.068.041.62949111556 3 82523 011 3202722      ↘↗입13.637.339.413.7595736.640.9 83.9 83.5  0  0  0 0   13.60   13.7016 -4  0HH동       1313  .0 3.0 3.0676713 0편성만만휴양탐색64기 0 1 1     1 1 3④1:23.9½   1.213.641.214.9  2 11  .00 4 2 -1 1.559 7886945 5 6 3 51 2 4.0111.02 2.4 2.8 19.3   21.6   77.9   14.513.22955 0 7 5 0― 1.139.90 -.27 6.8183.1012.8227.8741.6113274116.7733.3328.53 2
20251130일 11300 9국632 7 87 5 1강 1151흐림다습10 7 8바람개비        메디치글말리부퀸 9717.00한수 2     9 2  319      24750국6신삼영선형조   0 5 1 1 1 5 1 0 0 0  0장추열48956.093평무보56 25 2539  .043.017.73350171167 0 82523 011 3202722      ↗↘입14.136.940.513.399 437.139.3 81.7 82.6              14.10   13.60 4  0  0LL동       13 0         1.0     0 0일반주행탐색우려 5기 1 5 7     6 6 4③1:21.73     .513.639.113.7  0-19  .00 3 3  0 1.12728513464 3 8 9 73 1 2.09 1.06 1.6 3.3  4.9  213.2  407.2  287.4  .01616-3 4 3-3▽ -.640.10 -.03 5.1983.55 3.22 9.1617.72 4112011.1121.7863.75 5
20260906일 7140011국4 3 4  6 0혼전 4451           7 9벌교데스티노    PRACTICA테이크어 9831.00한수 4       1    015:20 33000국4서홍수유성훈   1 010 1 1 0 2 2 1 0  0김태훈   55.569우입하73 76 766967.053.030.41756 81850 7252420 026161225215050 0↗→입14.336.839.113.47065                   43 86 2929   14.10   13.7020  3  2BN동55.04961814 1.4 1.4 2.8767612 0편성탐색주력우수35관 0 9                            14.1    13.7        .0                       9 5 3 3  2                                              .02959 1 7 6 1―  .439.10  .18     88.52 8.9418.8430.3714294311.2222.9734.69 3
20260418토10140010국442 8 96 1혼전 4451맑음건조 4 7 9벌교데스티노    PRACTICA테이크어 9831.00한수 4 0 0 2 2  384      33000국4서홍수유성훈   1 1 9 2 4 9 1 2 1 8  0김태훈48653.578우입보82 90 906668.052.021.81620 81125 5252420 026161225215050 0↘↗입14.337.039.013.4606937.639.4 90.4 89.8 43 86 2929   14.20   15.0014  4  1NNDN55.04961814 1.8 1.6 3.4717112-4부중유리보통주행74기 1 6 7     7 7 9⑩1:30.4½   1.814.239.814.1  5-20  .0310 5  4 2.07376496430 7 5 6 70 1 1.09 4.09 2.6 4.6  2.6   37.5   49.8   39.510.53167 0 6 6 0―  .239.10  .3313.7888.59 6.2313.8721.81 41118 9.9319.2929.79 5
20260110토 9180011국412 6 66 2 1강 1154눈  양호 8 7 9벌교데스티노    PRACTICA테이크어 98     한수 4 0 0 2 2  275      33000국4서홍수유성훈   1 2 8 1 2 9 4 2 0 7  0송재철50652.574우자보75 82 828469.045.030.12032131125 5252418 026161925205050 0↗↘입14.440.339.913.4428038.742.2119.3118.5 33 67  067   14.00   13.20 4 -3 -3HU동55.04961814 1.8 1.6 3.4717118 0일반주행작전마주 5기 0 2 6 2 2 2 2 2②1:59.34     .014.242.615.0  1 -2  .00 2 1  0  .833 5845492 9 1 1 51 4 4.0111.02 1.7 3.9  9.6    8.3   25.8   23.5  .02067 0 6 4 0― -.440.60 -.0238.28118.611.1418.5930.06 8172922.2242.5554.43 1
20251214일 7180011국550 4106 3혼전 4452맑음포화18 7 9벌교데스티노    PRACTICA테이크어 98     한수 3 0 0 2 1   70      24750국5서홍수유성훈   1 3 7 6 1 9 3 1 0 6  0송재철50855.078우입보84 79 797674.058.038.01746 71850 7252418 02616192520 099 0↘↗입14.340.340.213.4456539.139.9116.5118.3 20100 2040   13.80   14.40 4  4  0NNUP55.04841814 1.8 1.6 3.4717112 1탐색주행작전마주88기 1 5 3 2 2 1 1 1①1:56.54    -.714.038.913.2  0  0  .00 1 1  0  .0281236 994 4 2 2 21 3 1.06 5.10     5.3  2.7   34.9   53.9   60.2  .03065 0 7 7 0―  .540.60 -.2937.84118.712.9625.4037.9518375322.2244.4453.39 1
20251115토 6170011국531 5 86 4혼전 4452맑음건조 3 7 9벌교데스티노    PRACTICA테이크어 9831.00한수 3 0 0 2 1  127      24750국5서홍수유성훈   1 4 6 5 1 9 2 1 0 5  0송재철50855.078우입보86 82 828979.061.049.51746 71850 7252418 02616192520 099 0↘↗입14.439.740.613.4578037.742.2111.9112.3 20 80 2040   14.50   13.60 4 -5  0UNUP55.04841714 2.0 1.5 3.5757512 3일반주행작전마주50기 0 1 1 1 1 1 1 1④1:51.9머리  .113.841.714.4  3  8  .01 4 1 -1  .514 0802076 8 1 1 11 210.07 9.11 2.3 5.0 48.6  314.4  766.5  326.312.72979 2 8 7 2▲  .841.20 -.2232.01113.319.6036.5549.5118375330.0051.4361.51 1
20251018토 5140011국521 8 76 5혼전 4451흐림포화19 7 9벌교데스티노    PRACTICA테이크어 9831.00한수 3 0 0 2 2  216      24750국5서홍수유성훈   1 5 5 4 3 9 1 1 0 4  0송재철50055.075강입하87 86 867672.056.024.42032131125 5252418 02616192520 099 0↗↘입14.437.138.913.3458037.138.7 88.4 88.4 25 75 2550   13.90   13.60 7 -4  0NN동55.04841412 2.0 1.3 3.3767612 0연대우수작전마주82기 2 611     5 5 3③1:28.44     .814.538.313.6  1  7  .00 3 2  0 1.02548262256 9 1 2 72 1 4.03 3.09 2.4 5.3  9.1   23.0   46.6   18.7  .03379 0 7 5 0―  .438.70  .2812.3588.59 6.6514.7224.43 4111813.0125.4137.19 3
20250830토 6140011국520 6 76 6 1강 1151맑음포화18 7 9벌교데스티노    PRACTICA테이크어 9831.00한수 3 0 0 9 2  34217:25 24750국5서홍수유성훈   1 6 4 3 2 9 2 1 0 3  0이동하49355.090강입하93 91 918494.067.047.82647171125 5252433402616252419 099 0→↗선14.436.938.913.3608037.139.4 87.2 88.5 33100 3367   14.10   13.10 5  2  0BNUP55.04841412 1.5 1.5 3.0787812 2전개최상연대우수50기 110 8     7 4 4④1:27.2코    .413.938.713.6  2 -1  .00 4 2  1 1.03246504568 4 2 1 20 2 1.05 3.05     3.9  1.8   15.2   20.0   59.5  .03784 3 9 8 3▲ 1.638.90 -.2312.7488.4519.0436.1247.8419395625.5247.5563.33 1
20250726토 4120011국534 6 86 7혼전 4451맑음건조 4 7 9벌교데스티노    PRACTICA테이크어 98     한수 3     9 3  43113:25 24750국5서홍수유성훈   1 7 3 2 2 9 1 1 0 0  0이동하49455.092강입보95 99 999484.069.058.5324218234713252433402616252419 099 0↘→선14.437.038.013.5779538.037.2 75.5 75.4 50100 5050   14.80   14.3029  7  1BNDN55.04841412  .0 1.0 1.0979712-2전개최상전개최상58기 1 8 9     9 9 6④1:15.5목    .314.137.813.1  3 14  .00 4 1 -1  .42383 52073 6 1 1 13 1 6.0911.04     5.7 16.0  224.2  352.9  872.910.57299 4 9 9 4☆ 2.138.30 -.27  .3775.5032.0748.4358.4538587125.2745.4555.24 1
20250105일 41400 9국522 5 26 8 2강 2258눈  양호 7 7 9벌교데스티노    PRACTICA테이크어 9831.00한수 3 1 1 1 6 100612:45 24750국5서홍수유성훈   1 8 2 1 1 9 2 1 0 1  1조재로48054.587강입보99 25 2599  .071.081.23141232745 9252442222616192622 099 0↘↘입14.336.638.712.9909337.139.1 89.9 88.4100100100**   14.20   12.80 4 -3 -1UUUP55.04841412         1.0    12 2마방기습전개최상 1기 0 1 8     3 3 3⑤1:29.91¾   .714.839.814.3  3 -4  .00 5 2  1 1.42851403859 1 2 9 12 2 1.03 4.02     1.5  2.0    8.3   11.6   43.8  .04897 4 9 9 4☆ 1.939.20 -.7913.1488.1135.6263.9981.1638587116.9033.0899.00 2
20241207토 1120011국630 4 86 9 2강 2255맑음다습14 7 9벌교데스티노    PRACTICA테이크어        한수 2     2 6 110810:35 24750국6서홍수유성훈   1 9 1 1 1 9 1 0 0 0  0조재로48455.087평무보   25 2540  .064.045.63141232745 9252442222616192622      ↘↘입14.336.738.512.6    36.637.7 73.9 74.4              14.30   12.90        NN동       12 0                 0 0일반주행마방기습 1기 0 4 7     5 2 2①1:13.93    -.514.237.512.8  0  6  .00 1 1  0  .0 41614 392 3 3 4 32 1 1.03 4.02     4.5  2.0    4.8    8.3    4.8  .02482 0 6 8 0▲ 1.038.30 -.04 -.8575.6115.8631.2545.60133149 9.5218.9729.39 4
20260906일 7140011국4 3 4  6 0혼전 4451           710이십년세월      미스치비팜파스팜 2226.00한수 3 0 0   1    015:20 33000국4조현수이혜란   2 012 1 511 2 2 311  0우인철   56.070우선보50 60 605321.037.012.92048 91253 7 91214 0 9 310272350 025→↘입13.936.539.614.09022                   55 45 4518   13.50   13.00 6  0  0LN동55.14981714  .0 4.0 4.0676714 0일반주행탐색우려47기 010                            13.5    13.0        .0                       3 8 810  2                                              .01627-2 4 4-2▽ -.939.60  .50     88.66 3.06 6.9412.88 1 3 8 6.1211.4819.69 8
20260726일 5140011국552 2106 1혼전 4451맑음양호 9 710이십년세월      미스치비팜파스팜 2226.00한수 3 0 0 9 1   97      24750국5조현수이혜란   2 111 8 411 1 1 310  0우인철49656.070우선보78 80 807261.059.032.32048 91253 7 91214 0 9 310272333 033→↘입14.036.639.614.0881936.238.4 86.3 87.1 50 40 4010   13.70   13.50 4  7  1BN동54.84991717  .2 4.6 4.8646414 0일반주행작전마주74기 010 2     1 1 1①1:26.34    -.813.538.013.0  0 -1  .00 1 1 -4  .0 2 814 193 4 4 1 41 1 1.0710.03 3.711.9  3.7   35.2   52.0   77.1  .02584 1 7 7 1△  .738.90 -.0510.8988.7311.2322.0232.33 8172915.7927.2336.88 1
20260628일 4140011국553 4106 2 2강 2251맑음건조 3 710이십년세월      미스치비팜파스팜 2226.00한수 3 0 0 9 1   67      24750국5조현수이혜란   2 210 7 311 1 1 3 9  0권중석49755.065우도하48 57 576936.047.022.61341 61253 7 91222 0 9 319181850 050↘→선14.036.539.714.1951337.139.1 87.8 88.2 56 22 6711   13.70   14.50 4 -1 -2HNUP54.85001717 -.6 4.8 4.2666614 1숨은탄력최적거리48기 0 3 7     7 6 4⑤1:27.8½    .213.739.113.5  0 -3  .00 5 5  1  .22348383572 4 7 7 50 1 1.03 4.06 2.8 5.4  2.8    3.4    5.7    8.1  .02567 1 5 5 1― -.139.30  .1812.0388.73 5.1312.5722.58 81729 5.9315.8625.53 4
20260530토 5130011국553 3106 3혼전 4451맑음양호 7 710이십년세월      미스치비팜파스팜 2226.00한수 3 0 1 9 1   56      24750국5조현수이혜란   2 3 9 6 211 2 1 3 8  1이동하50057.091기도적76 80 807064.063.034.63253131253 7 91226 0 9 325241950 050↗↘선14.036.939.414.0973037.040.4 82.8 83.2 63 38 6313   13.80   13.90 6 -1  4HBDN54.85001717 -.4 5.0 4.6575714-1적정체중기복전력80기 1 4 4     5 3 2⑥1:22.8코    .613.740.514.5  2 -1  .00 6 4 -2  .74919796161 4 8 3 22 5 6.03 3.02 2.3 6.4 17.0   42.1  139.2  273.813.22558 0 7 6 0―  .840.20  .17 6.9382.8412.2423.4334.5513274111.2224.0034.18 4
20260418토 4140011국533 7 86 4혼전 4441맑음건조 5 710이십년세월      미스치비팜파스팜 2226.00한수 3 0 0 2 1  119      24750국5조현수이혜란   2 4 8 5 211 1 0 3 7  0이동하50153.591평도하33 31 317324.051.025.13253131253 7 91226 0 9 3252419 0 099↗↘선14.136.539.714.0961336.738.5 88.4 87.4 57 29 71 0   14.00   15.80 4  0 -1NHDN56.04981717  .8 4.0 4.8575714-3일반주행최적거리36관 1 5 1     1 1 1①1:28.4목    .013.839.013.9 -5 -1  .00 1 6  2  .0 42316 589 2 8 9 61 4 6.01 5.09 2.5 3.6 17.4   16.6   55.2   39.8  .01676 0 5 5 0―  .039.10  .1311.1988.73 6.6316.7925.07 51223 6.1713.1120.13 7
20260322일 4170011국543 9 46 5혼전 4451맑음건조 5 710이십년세월      미스치비팜파스팜 2226.00한수 3 0 1 2 1   70      24750국5조현수이혜란   2 5 7 4 411 1 0 3 6  1푸르칸50254.578우선보71 80 806673.061.036.32457161253 7 91225 0 9 3142421 0 099↗→추14.139.141.313.8953037.644.8114.8114.6 67 33 50 0   14.10   13.90 5  1  1NN동56.04981717-1.0 4.8 3.8727213 0일반주행보통주행49기 0 5 1 1 1 1 1 3⑦1:54.81¼  2.714.044.515.8  3 -7  .00 7 4  0 2.876 0978318 2 8 3 31 3 1.08 6.09 2.5 3.2  2.5   31.9   38.5  154.912.73271 2 8 8 2▲  .942.20  .0534.15113.412.2624.2536.3113274115.6329.5644.12 3
20260214토 7170010국553 4106 6혼전 4451맑음건조 3 710이십년세월      미스치비팜파스팜 2226.00한수 3 0 1 2 1   88      24750국5조현수이혜란   2 6 6 3 311 3 0 3 5  1이동하50954.091평선상35 58 586851.063.030.93253131253 7 91226 0 9 3252419 0 099↗↘선14.139.141.713.6931939.340.8112.0112.9 60 20 60 0   14.30   14.20 6  2  1HN동56.04981717-1.4 6.2 4.8575714 0적정체중보통주행62기 0 4 3 3 3 4 4 3⑤1:52.0½    .014.140.313.9  1  8  .00 5 4 -2 1.32924422481 211 7 52 3 1.10 9.01 4.1 7.9  4.1   93.5  140.2  180.8  .02566 1 7 8 1▲ 1.041.90 -.0432.08113.610.5121.0030.86 8172911.2120.8329.59 4
20260103토 6170011국511 9 66 7혼전 4451맑음다습13 710이십년세월      미스치비팜파스팜 2226.00한수 3 0 1 1 1  121      24750국5조현수이혜란   2 7 5 2 211 2 0 2 4  1이동하50153.091기선적26 26 266626.053.025.73253131253 7 91226 0 9 3252419 0 099↗↘선14.039.141.713.6911738.541.8112.6113.6 50 25 50 0   14.40   15.70 4 -7  1UN동56.04981712 -.8 6.3 5.5505014 0일반주행기복전력 5기 1 2 1 1 1 2 2 2②1:52.610    .014.341.414.2 -4 -8  .00 2 6  1 1.855 3713092 21110 51 2 1.06 5.02 1.8 5.9  1.8   17.1   20.4   52.8  .01659 0 6 5 0―  .242.00  .0732.81113.6 7.7816.6925.68 81729 5.4911.9419.29 7
20251207일 4170011국521 7 76 8혼전 4451맑음양호 9 710이십년세월      미스치비팜파스팜 2226.00한수 2 0 1 1 1   7412:45 24750국5조현수이혜란   2 8 4 1 111 1 0 2 3  1이동하50952.591기추보66 75 756434.046.016.53253131253 7 91226 0 9 3252419 0 099↗↘선13.539.141.513.6893038.843.4114.6114.4 67 33 33 0   13.80   14.60 4  5 -4LUUP56.04981712-2.0 6.7 4.7606014 3일반주행탐색우려47기 0 9 3 3 3 2 2 6⑧1:54.64    2.314.443.715.7  3  6  .00 8 5  4 2.373 7938321 1 8 4 81 1 1.07 7.10     4.7  2.6   26.9   43.5   57.7  .01661-3 5 3-3▽ -.442.10  .3933.80113.5 4.05 8.4116.53 1 611 8.4216.4925.57 6
20251109일 31400 9국642 9 46 9 2강 2258맑음건조 3 710이십년세월      미스치비팜파스팜 2226.00한수 2 0 1 2 1  141      16500국6조현수이혜란   2 9 3 3 111 2 0 1 2  1푸르칸50356.078하추적45 74 745471.066.071.32457161253 7 91225 0 9 3142421 0 099↗→추13.837.339.513.6264136.040.0 90.2 88.2 50  0  0 0   13.80   13.70 5 -7  0UNUP56.04981412-3.5 9.5 6.0484813 1일반주행작전마주48기 0 4 2     2 2 2②1:30.21     .013.840.614.6  1  5  .00 2 1 -7  .121 3692891 7 2 2 21 2 2.01 1.04 2.4 3.6  3.8    3.6    7.4   13.8  .02054-1 7 6-1▽  .938.50-1.4511.4089.1429.2253.6471.2838587134.8856.3174.57 1
20251004토 2130011국640 8 9610 2강 2251맑음다습10 710이십년세월      미스치비팜파스팜 2226.00한수 2 0 0 1 2  230      16500국6조현수이혜란   210 2 2 111 1 0 0 1  0푸르칸49856.081하무보 9  7  7 9 3.029.0 5.625751611 010 91225 0 9 3142421      ↘↗추14.238.339.612.7 23737.339.0 83.0 82.8  0  0  0 0   14.20   13.00 6  7  1NNUP       1312-1.011.010.0111112 1숨은복병탐색우려60기 111 7     7 8 5②1:23.02½   .013.839.413.7 -6 -6  .00 2 8 -3  .4353743318411 4 8103 1 9.08 2.11 1.8 4.4 50.3  785.4 2295.6 1471.9  .01911-4 1 2-4▼-1.838.70 -.01 4.9283.87  .28 1.56 5.56 2 510  .12 1.87 4.8310
20250824일 1120012국622 4 2611혼전 4453흐림건조 4 710이십년세월      미스치비팜파스팜 7919.00한수 2     2 2  35810:35 24750국6조현수이혜란   211 1 1 111 1 0 0 0  0조한별50455.560평무보25 35 35 6  .023.0 2.6 950 411 010 912 4 0 9 3122018      ↗→입14.237.740.013.434 139.039.0 77.6 78.1              14.20   13.70        NN동       12 0         6.0     0 0일반주행탐색우려31기 0 410    111111⑩1:17.61¼  2.914.239.313.0 -1 12  .001011  0 3.29298569011 81012110 1 3.02 2.05     2.3  9.4    9.3   27.0    4.3  .016 1-4 1 1-4▼-2.238.50 -.20  .4477.01  .80 1.67 2.60 0 1 2 9.6018.1838.48 4
20260906일 7140011국4 3 4  6 0혼전 4451           711스톰트루퍼      카우보이레디포코 5732.00한거 3 0 0   1    015:20 33000국4정호익에릭코   3 014 1 313 1 2 213  0임다빈   53.076평입보50 43 432711.033.0 9.41427 72032 7242919 022141424246733 0→↗추13.736.739.913.76522                   44 56 3322   13.60   13.60 4  0  2VNUP55.54791412  .4 5.2 5.6494913 2일반주행보통주행55기 111                            13.6    13.6        .0                       7101111  1                                              .01621-3 2 1-3▼-1.239.90  .31     89.00 1.23 4.48 9.37 0 2 4 2.04 5.7411.2511
20260808토 8120011국513 3 66 1 1강 1151맑음건조 2 711스톰트루퍼      카우보이레디포코 6325.00한거 3 0 0 1 1   84      33000혼4정호익에릭코   3 113 9 713 1 2 212  0우인철47751.572평입상83 83 836565.054.021.92048 92032 72429 0 022141027236733 0→↘입13.737.038.813.7594836.639.6 75.4 76.5 50 63 2525   13.40   13.50 5  7 -4VUDN55.54791412  .4 3.8 4.2585813-1일반주행탄력호전38기 011 5     4 4 5⑨1:15.4목   1.413.639.013.6  1  4  .00 9 8  3 1.56419735537 6 9 4 70 1 9.01 7.09 1.5 5.0 30.6   16.5   51.9   67.8  .01864 0 5 4 0―  .238.70  .31  .6775.95 5.3413.4821.91 41118 8.2216.3727.14 6
20260704토 5130011국553 5106 2혼전 4451흐림건조 4 711스톰트루퍼      카우보이레디포코 5732.00한거 3 0 0 1 1   76      24750국5정호익에릭코   3 212 8 313 1 1 211  0정우주47355.560평선하36 35 352722.041.017.51250 72032 7242912 0221416301399 0 0↗→입13.837.039.613.7753737.138.9 81.6 82.1 43 43 2929   13.90   14.20 6  0  1HNDN55.54821412 1.2 3.0 4.2585812-1숨은복병거리속성66기 1 4 1     2 4 1①1:21.6머리  .013.438.713.5 -4 -1  .00 1 5  0  .01228351982 6 8 7 82 1 5.06 4.02 2.1 6.9  9.9   57.6  142.2  195.1  .01928-2 3 4-2▽ -.839.80  .46 5.4783.03 4.8710.4717.53 41118 8.2013.7922.62 8
20260523토 5140011국514 8 66 3혼전 4451맑음다습13 711스톰트루퍼      카우보이레디포코 5732.00한거 3 0 0 2 1  116      24750국5정호익에릭코   3 311 7 213 1 1 210  0장추열47455.093우선하45 46 466633.046.020.92949112032 7242928 0221420272299 0 0↘↗입13.836.739.713.7723337.240.2 89.4 89.5 50 50 3333   13.80   14.1011 -4  0HHUP55.54821412  .4 3.0 3.4696914 1일반주행최적거리38기 0 4 4     4 4 5⑥1:29.42½  1.613.940.214.2  1 -9  .00 6 5  1 1.85952727234 4 8 6 52 2 3.01 1.02 1.6 4.2  6.2    4.2   12.1    6.8  .02570 0 5 4 0― -.439.30  .1113.0888.86 6.2811.7720.94 81729 2.5312.3622.18 7
20260308일 5130011국512 6 66 4 3강 3351맑음다습13 711스톰트루퍼      카우보이레디포코 5732.00한수 3 0 0 2 2  213      24750국5정호익에릭코   3 410 6 213 1 1 2 9  0푸르칸48355.081우선하36 44 448654.058.039.92575162650 72429 0 0221414242199 0 0↘↗추13.836.839.313.7925337.240.2 83.5 84.0 33 50 3333   14.10   13.80 4  0 -1NHUP55.54821412  .0 2.6 2.6767614 1숨은복병작전마주80기 2 8 4     3 4 9⑨1:23.52    1.813.840.314.1  5 -5  .05 9 4 -2 1.87429776530 2 6 6 30 1 1.0311.07 1.7 3.5  1.7    7.2    9.6    9.111.83280 2 7 8 2▲  .840.50  .15 7.9182.7114.4728.2539.8514294311.6920.1233.68 5
20260207토 4120011국554 8106 5혼전 4451맑음건조 2 711스톰트루퍼      카우보이레디포코 6325.00한수 3 0 0 2 1   70      24750국5정호익에릭코   3 5 9 5 613 1 1 2 8  0씨씨웡48856.093우선하78 82 828568.060.025.63456112032 7242921 0221421252299 0 0→↘선13.736.838.413.4818037.439.2 77.0 76.3 60 60 4020   13.70   14.00 4  4 -1LN동55.54821412  .0 2.6 2.6767614 0전개최상작전마주40기 0 8 6     6 6 8⑧1:17.04    1.814.139.713.8  2  7  .00 8 6  5 1.95859636630 5 2 3 72 1 7.08 1.06 3.2 8.8 10.7   52.4  142.9  166.0  .03474 0 7 6 0―  .638.90  .53 1.1275.61 7.5415.9125.62 8172910.7720.9333.25 6
20260111일 5120011국534 8 86 6 1강 1151맑음양호 6 711스톰트루퍼      카우보이레디포코 6325.00한수 3 0 0 2 1   69      24750국5정호익에릭코   3 6 8 4 513 1 1 2 7  0장추열48156.593강선하84 85 859989.069.067.62949112032 7242928 0221420272299 0 0↘↗입13.736.738.513.3868036.939.1 76.7 75.8 60 80 4040   13.60   13.20 3  1  1HN동55.54821412 -.5 2.8 2.3808012 0전개최상전개최상58기 1 4 5     5 5 5⑤1:16.7목    .513.739.514.0  4 -4  .09 5 1 -1  .74235605066 2 1 1 12 110.05 8.06 1.8 4.8 57.2  283.3  716.3  310.3  .05698 4 9 9 4☆ 2.038.80 -.67  .6175.6135.8557.0767.5538617233.3352.0062.66 1
20251221일 5120011국524 2 76 7 3강 3351맑음다습14 711스톰트루퍼      카우보이레디포코 6325.00한수 2 0 1 2 1   5013:35 24750국5정호익에릭코   3 7 7 3 413 1 1 2 6  1마이아48556.093강도하83 87 879884.072.054.53451152032 7242940 022143533 799 0 0↘↗선13.736.738.913.1896137.438.0 74.2 75.7 75 75 5050   13.60   13.80 4  2  1UN동55.54821412 -.5 2.8 2.3808012 0전개최상전개최상73기 0 3 6     5 6 5④1:14.21     .713.637.813.2  2 -6  .00 4 2  1  .73456242657 4 7 3 12 5 6.01 8.06     2.6 25.0    8.0   48.7   15.4  .05299 4 9 9 4☆ 1.838.80 -.52  .0975.8425.7241.8254.5339597218.7037.0449.57 3
20251123일 6120010국524 3 76 8혼전 4451맑음건조 3 711스톰트루퍼      카우보이레디포코 6325.00한수 2 0 1 2 1   94      24750국5정호익에릭코   3 8 6 2 313 1 1 2 5  1해리카49155.569우도보92 96 969979.063.053.41444112032 7242913 0221417261299 0 0↗→입13.736.639.313.1934537.038.5 75.4 75.7 75 75 5050   13.80   13.40 4 -6  1UN동55.54821412-1.0 3.3 2.3787812 0전개최상전개최상46기 1 1 2     4 3 4⑤1:15.4½    .413.638.913.8  4  8  .09 5 1  0  .73537393066 1 8 1 12 1 3.10 5.08 1.7 3.3  9.8  316.6  614.6 1014.410.54194 3 9 8 3▲ 1.138.90 -.63 -.1876.0021.1140.0853.3632516428.1346.1557.65 1
20251026일 5120011국512 7 66 9혼전 4453흐림양호 6 711스톰트루퍼      카우보이레디포코 6325.00한수 2 0 1 9 1  183      24750국5정호익에릭코   3 9 5 1 213 1 1 1 4  1유승완48354.572우도보84 89 899978.064.054.91861 82032 7242915 0221415272299 0 0→↘입13.636.638.813.1905737.137.9 75.7 74.9 67 67 6733   13.50   13.40 4  3 -1NUDN55.54821410-1.5 4.5 3.0747412-2전개최상전개최상74기 2 7 2     2 1 2②1:15.74     .013.838.213.4  1 -4  .00 2 1  0  .71038191487 1 5 1 11 1 8.0111.07 1.5 5.3 23.5   13.8   52.6   37.510.54397 3 9 9 3★ 1.238.60 -.41 -.5575.7226.1242.8354.9239597228.3647.3763.41 1
20250928일 2140011국624 7 7610 1강 1151비  불량20 711스톰트루퍼      카우보이레디포코 5732.00한수 2 0 0 9 2  25211:00 16500국6정호익에릭코   310 4 4 113 4 0 1 3  0마이아48755.593기도적80 95 959796.074.068.33963 52650 7242940 022143533 799 0 0→↘선13.736.540.413.3871036.039.8 86.9 88.3 50 50 5050   13.40   14.10 4 -1  0UUUP55.54761410  .0 4.0 4.0636312 1전개최상전개최상46기 1 4 2     1 1 1①1:26.9½    .013.539.213.4  0  6  .00 1 1  0  .023 3642287 1 9 1 11 4 1.08 4.05     4.7  1.9   14.3   19.3   30.6  .04196 3 9 9 3★ 1.839.30-1.4311.3989.2136.5555.9668.3038587135.1159.2662.96 1
20250831일 2130011국611 5 1611 1강 1159맑음다습13 711스톰트루퍼      카우보이레디포코 5732.00한수 2 0 1 9 2  33611:00 16500국6정호익에릭코   311 3 3 113 3 0 1 2  1마이아48155.593기도보85 35 3595  .076.084.43963 52650 7242940 022143533 799 0 0→↘선13.737.039.113.3819736.539.6 81.7 82.1 50 50 5050   13.60   13.60 4 -5  0NUUP55.54761310         2.0    12 1단독선행전개최상68기 1 5 3     1 1 2③1:21.71     .213.439.614.1  2  5  .01 3 1 -4  .412 6632473 3 111 11 3 3.1011.08     2.7 10.0  303.6  511.1   88.3  .04287 3 9 9 3★ 2.239.80-1.06 5.9982.7141.9569.2184.3538617217.9130.7780.17 4
20250803일 1120012국651 710612 1강 1155흐림건조 3 711스톰트루퍼      카우보이레디포코 6325.00한수 2 0 0 1 3  40210:35 24750국6정호익에릭코   312 2 2 113 2 0 0 1  0마이아47655.593평도보52 35 3585  .068.051.2345033205010242940 022143533 7      →→선13.836.740.013.893 936.937.6 75.7 74.8  0  0100 0   13.80   14.10 4  6  0BHUP       1210         4.0    10 2마방기습도주강력45기 110 2     2 1 1②1:15.7목    .013.638.613.6 -3  8  .00 2 5  1  .0103212 789 310 6 21 2 8.0512.10     5.6 38.2  131.9  387.7  118.0  .03160 0 7 6 0― 1.138.50-1.02-1.8776.4518.3436.6051.15183753 7.1914.4328.5610
20250705토 1100010국640 7 9613혼전 4455맑음건조 3 711스톰트루퍼      카우보이레디포코 6325.00한수 2     1 3  49410:35 24750국6정호익에릭코   313 1 1 113 1 0 0 0  0마이아46855.593평무보44 35 3540  .056.037.8345033205010242940 022143533 7      →→선14.137.738.113.3442736.539.0 63.4 63.1              14.10   13.60        NN동       10 0         4.0     0 0일반주행마방기습50기 1 4 2     2 3 3④1:03.41¾   .613.839.114.1  0  8  .00 4 4  0 2.15213804862 8 7 8 41 1 1.06 1.05     5.3  3.2   42.0   62.6   36.5  .02449 0 5 6 0―  .437.30 -.51-12.763.2012.7825.2937.81 9203310.0020.0030.00 4
20260906일 8120012외4 4 3  5 0혼전 4451           8 1[부]벌교의꿈                            한거 6 0 0   1    016:20700000혼O이상영김은태   0 0 3 2 3 2 1 5 630  0진겸     58.079평입보50 51 5165 9.038.011.430 0 0 0   0 0 0 0 0 0 01153 5      ↗↘입13.736.539.314.19522                    0 50100 0   13.40   13.7016 -1  1HN동       1212-5.010.5 5.5555512 0전개최상보통주행 1   0 1                            13.4    13.7        .0                       713 811  1                                              .03440-3 3 3-3▽-1.039.30  .63     75.95 2.38 5.8611.37 0 2 4 1.48 3.60 8.4914
20260517일 8120014외414 1 15 1혼전 4451맑음건조 3 8 1[부]벌교의꿈                            한거 6 0 0 2 2  294     385000혼O이상영김은태   0 1 2 2 2 2 2 5 628  0최은경50657.055강도상93 78 789413.035.0 6.8 0 0 0 0   0 0 0 0 0 0 0202020      →→선13.636.538.713.1947336.339.7 74.0 76.2  0100100 0   13.30   13.40 5 -3  0HH동       1212-9.013.0 4.0606012 0일반주행전개최상 5   0 2 5     4 4 5⑦1:14.0머리 1.013.438.613.7 -1 -3  .00 7 8 -5 1.156 9764848 414 6152 210.0210.09 1.4 3.0 82.7  258.7  942.7   76.5  .04166-1 4 2-1▽-1.239.10 1.08 1.0075.61 1.08 3.47 6.77       2.37 5.06 9.5214
20260412일 7120014외444 2 95 2혼전 4451맑음다습11 8 1[부]벌교의꿈                            한거 6 0 0 2 1   86     275000혼4이상영김은태   0 2 1 2 1 2 1 5 627  0최은경50957.055평무보   25 2540  .028.0 5.1 0 0 0 0   0 0 0 0 0 0 0202020      →→선13.636.738.513.5    36.438.6 72.9 75.1              13.60   13.80 4  0  0LL동       12 0                 0 0일반주행탐색우려 5   0 5 2     2 2 3④1:12.91¾   .713.337.513.4 -9  1  .00 413  0 1.11811431658 1 112151 1 2.0810.15 3.2 4.0  3.3   55.6   75.5  303.7  .01612-3 1 1-3▼-1.738.60 1.14 -.1075.61 1.07 2.00 5.14       7.5913.9234.63 6
20260906일 8120012국1 4 3  1 0혼전 4451           8 2빈체로카발로    카우보이시티래스 6325.00한수 5 0 1   1    016:207000001등서인석김현강   0 016101923 112 327  1최범현   58.093강추하50 77 779077.064.044.43160131847 918 038 0191119321745 945↗→입13.736.837.813.07299                   78 89 5672   14.00   12.70 9  0  0UL동55.45121412 -.4 1.4 1.0939314 0전개최상승부최상 1   0 2                            14.0    12.7        .0                      10 5 1 1  1                                              .04798 3 9 9 3★ 1.237.80  .35     75.2820.1733.3544.3532516412.5923.0233.96 1
20260705일10120010국154 1 51 1 3강 3351비  다습13 8 2빈체로카발로    카우보이시티래스 6325.00한수 5 0 1 1 1  152      605001등서인석김현강   0 115 91823 112 326  1김태훈51758.071강선하94 96 969988.064.042.01756 81847 918 014 0191112252145 945↗→입13.736.737.813.0759937.937.3 73.1 75.3 78 89 5672   13.50   13.20 7 -1  1UB동55.45121412 -.2 1.2 1.0949414 0전개최상전개최상72기 0 2 7     9 910⑨1:13.1목   1.214.036.212.7  8-11  .09 9 1  0 1.32482 62146 4 1 1 30 1 5.0210.04 2.3 4.4  9.6   20.3   55.5  114.6  .04795 4 9 8 4▲ 1.338.60  .46  .8075.2216.0629.4241.9513274116.2531.5143.74 3
20260517일 8120014국114 1 11 2혼전 4451맑음건조 3 8 2빈체로카발로    카우보이시티래스 6325.00한수 5 0 1 2 1  123     3850001등서인석김현강   0 214 817231112 325  1조재로52857.088강도하99 99 999582.063.026.83453131847 918 025 0191119262245 945↗↘입13.736.737.813.0789936.938.6 73.4 75.6 78 83 5067   13.40   12.60 5 -7  0HL동55.45121412 -.2 1.2 1.0949414 0종반뒷심전개최상 5   0 3 7     7 6 3③1:13.42     .413.537.513.2  2 -3  .09 3 1 -1  .5293041266711 5 1 431110.0210.09 1.4 3.0 82.7  258.7  942.7   76.510.54184 2 9 8 2▲ 1.038.70  .90 1.1075.2211.0019.3726.7813274113.0221.9128.04 2
20260412일 7120014국144 1 91 3혼전 4451맑음다습11 8 2빈체로카발로    카우보이시티래스 6325.00한수 5 0 1 2 1   86     2750001등서인석김현강   0 313 716231011 324  1조재로53157.088강도하50 48 487953.047.018.13453131847 918 025 01911192622501040↗↘입13.736.637.813.0829936.737.2 71.8 74.0 76 88 7165   13.70   12.5031  5  0BL동55.35101412 -.2 1.2 1.0949414 0일반주행마번불리 5   010 3     5 5 1①1:11.82    -.413.436.112.6 -1  6  .00 1 2 -1  .0 224 5 294 7 3 8 9310 2.0810.15 3.2 4.0  3.3   55.6   75.5  303.7  .01849 0 6 7 0― -.238.30 1.21 -.4075.17 4.9111.7318.05 2 714 5.7010.7612.6410
20250907일 7120013국113 1 11 4혼전 4451맑음다습14 8 2빈체로카발로    카우보이시티래스 6325.00한수 4     1 4  614     7000001등서인석김인규  99 412 61523 910 3 0  0조재로51857.084강선상99 98 989575.061.047.62863 8214411183625551911192622501040↗↘입13.736.737.813.1819937.636.2 71.7 73.9 76 88 6565   14.00   13.1016  2  0NL동55.35101412 -.8 2.8 2.0848414 0전개최상전개최상 5   0 510    1011 9⑥1:11.71¾  1.114.135.112.0  3  0  .03 6 3  2 1.2 169 0 145 9 6 2 13 9 4.01 7.13 1.3 1.8 16.3   16.2   49.9  248.910.54175 1 8 8 1▲  .838.20  .29 -.6075.2218.2533.9147.6210233611.3921.1616.60 3
20250518일 8120014국114 1 61 5혼전 4451맑음다습11 8 2빈체로카발로    카우보이시티래스 6325.00한수 4 0 1 2 4  618     3850001등서인석김인규  99 511 51423 8 9 320  1조재로51857.084강도상99 99 999780.066.037.02863 8214411183625551911192622561133↗↘입13.736.737.912.9809936.937.4 72.2 74.4 75 81 6363   13.70   12.80 5 -1  0HL동55.15091412 -.4 2.6 2.2838314 0전개최상전개최상 5   0 311    10 7 4①1:12.21     .014.036.313.1  0  2  .00 1 1 -1  .0 430 8 379 5 5 1 13 8 1.02 3.04 1.5 5.3  1.5    5.3    6.5   20.410.54188 3 9 9 3★ 1.338.30  .55 -.2075.2815.7927.6937.0332516412.6522.5426.49 2
20250413일 8120014국124 1 71 6혼전 4451흐림포화17 8 2빈체로카발로    카우보이시티래스 6325.00한수 4 0 1 2 4  723     2750001등서인석김인규  99 610 41323 7 8 319  1조재로51657.084강도하89 80 809873.061.034.52863 8214411183625551911192622631325↗↘입13.736.637.912.9879836.436.7 71.6 73.8 73 80 6060   13.50   14.40 8  0  0HL동54.85081412 -.2 2.6 2.4818114 0전개최상전개최상 1   0 4 8     7 6 1①1:11.61½  -.213.736.212.8 -1  9  .00 1 2  1  .0 1 9 1 092 3 5 5 23 7 2.10 4.11 3.1 4.3  3.4   72.8  157.4   77.512.74180 2 8 7 2▲  .838.30  .69 -.7075.2212.9624.6534.49132741 9.0917.7521.00 4
20250216일 8120012국154 1 51 7혼전 4451흐림건조 4 8 2빈체로카발로    카우보이시티래스 6325.00한수 4 0 1 2 5  89216:051650001등서인석김인규  99 7 9 31223 6 7 317  1조재로51157.084강도보99 98 989982.061.032.31741 91946 8183625551911192622631325↘↗입13.736.537.912.9929835.839.5 74.2 75.9 73 80 6060   14.30   12.20 5 -2  1HB동54.85081412  .2 2.6 2.8777714 0전개최상전개최상 1   0 4 3     2 2 3⑧1:14.21½  1.213.539.214.4  7 -3  .09 8 1  0 1.543 1732443 2 2 2 31 6 5.11 2.03     3.8  9.9  208.1  298.4  550.410.54179 1 8 7 1▲  .839.00  .81 1.5275.1710.9921.7432.34 8172912.9424.0734.34 3
20250112일11120011국144 1 91 8혼전 4451맑음건조 3 8 2빈체로카발로    카우보이시티래스 6325.00한수 4 0 1 2 5  97718:00 605001등서인석김인규  99 8 8 21123 5 6 316  1조재로51456.584강선보98 98 989882.061.034.41741 91946 8183625551911192622711414↘↗입13.736.637.913.1909837.635.5 72.6 73.9 71 79 6457   13.40   12.70 5  4  1NB동54.65071412-1.2 4.0 2.8767614 0전개최상전개최상 1기 0 6 9    11 9 5①1:12.6¾   -.114.335.612.2  0  7  .00 1 1  0  .0 166 1 091 2 7 2 43 5 1.09 6.01     5.1  2.5   90.8  106.5  160.110.54174 0 9 8 0▲  .738.30  .69 -.6375.2211.8123.3734.3910233615.0726.9038.59 1
20241208일10120010국114 1 61 9 1강 1151맑음다습13 8 2빈체로카발로    카우보이시티래스 6325.00한수 3 0 1 2 6 108818:00 605001등서인석김인규  99 9 7 11023 4 5 315  1조재로50755.587강도보99 99 999995.065.060.0314123255212183625551911192622671717↘↘입13.736.537.913.1909837.236.9 72.3 74.5 69 77 6954   13.30   13.30 8 -2 -1UNDN54.45071412 -.8 2.6 1.8898914-2전개최상전개최상 1기 0 2 2     1 1 1①1:12.32½  -.413.435.812.7  0 -2  .00 1 1  0  .0 545 2 294 2 2 1 11 4 1.02 2.10     4.5  1.6    4.5    6.8   13.6  .06198 4 9 9 4☆ 1.538.60  .00  .1075.1725.3846.6960.0032516420.7338.7548.70 1
20241012토11140011국244 2 4110혼전 4431맑음건조 3 8 2빈체로카발로    카우보이시티래스 5732.00한수 3 0 1 2 7 127218:00 495002등서인석김인규  9910 6 4 223 3 4 313  1조재로50956.081우도상96 78 789874.064.041.8275615244513183625551911192622602020↘↘입13.736.338.613.1928936.337.8 84.2 86.4 67 75 6750   13.50   13.20 5 -9  0HLUP54.15071412 -.8 3.0 2.2777714 2마주신뢰전개최상 1기 0 4 2     2 2 1①1:24.28   -1.513.337.113.3  0  1  .00 1 1 -8  .0 110 6 197 1 3 6 11 3 1.06 4.06     2.5  2.2   21.7   28.9   11.5  .04193 3 9 9 3★ 1.239.10  .4911.5087.8317.0630.1541.7532516412.3123.0231.42 3
20240908일 6120016국214 1 1111혼전 4451맑음다습10 8 2빈체로카발로    카우보이시티래스 6325.00한수 3 0 1 2 7 135015:207000002등서인석김인규  9911 5 3 923 2 4 312  1조재로50856.083우도보95 97 978878.062.034.2275615244513183625551911192622602020↘↘입13.736.537.913.0949636.337.8 72.1 74.3 73 73 6445   13.40   12.90 2  2  2BL동54.15071412-1.0 3.0 2.0808014 0전개최상마주신뢰 1   013 5     4 4 5⑥1:12.11    1.413.536.813.2 -3  1  .00 6 9  8 1.8 3 715 238 5 8 2 32 2 1.03 7.08     2.1  1.2    5.0    5.5    3.510.53482 2 9 8 2▲ 1.038.50  .75 -.1075.1714.0425.0434.2018375312.5824.0023.74 2
20240824토11120011국254 210112 3강 3351맑음다습12 8 2빈체로카발로    카우보이시티래스 6325.00한수 3 0 1 2 7 140021:00 495002등서인석김인규  9912 4 2 823 1 4 211  1조재로50754.583우도보93 94 949989.065.046.3275615244513183625551911192622602020↘↘입13.736.538.012.9929636.937.5 72.5 74.7 70 70 7040   13.50   12.50 9  9  2VN동54.15071412-1.6 3.8 2.2717114 0전개최상전개최상 1기 011 5     5 5 1②1:12.5머리  .013.436.612.9  1  4  .00 2 1  0  .0 83010 580 1 2 3 13 1 9.01 1.11    13.6 23.4   30.4   76.2   70.6  .04799 4 9 9 4☆ 1.338.70  .35  .2075.2219.9435.1646.2539597221.3836.4947.60 1
20240622토11120010국243 1 4113혼전 4451흐림불량20 8 2빈체로카발로    카우보이시티래스 6325.00한수 3 0 1 2 8 156318:00 495002등서인석김인규  9913 3 1 723 7 4 110  1조인권50353.081우도하92 94 949986.064.047.42760 7225613183621501911242513602020→↘선13.736.538.012.9949536.837.2 72.0 74.2 67 67 7833   13.30   13.30 5 -5  1UN동54.15071412 -.4 2.6 2.2727214 0전개최상전개최상 1기 2 2 2     2 2 2②1:12.0¾    .013.536.212.5  1 -6  .00 2 1  0  .2 225 5 280 1 3 2 21 8 3.01 6.02     3.9  6.6    5.2   13.5   10.610.55297 4 9 9 4☆ 1.338.50  .32 -.3075.2219.1634.3647.3718375325.2542.8647.45 1
20240518토 7120011국313 1 6114혼전 4451맑음다습10 8 2빈체로카발로    카우보이시티래스 6325.00한수 3 0 1 2 9 167215:40 49500국3서인석김인규  9914 2 2 623 6 4 1 9  1조인권50952.077우도상79 89 899988.068.042.2193810193313183621501911242513602020↘→선13.736.538.012.9959136.238.5 72.7 74.9 63 63 7538   13.30   13.20 5 -4 -1NU동54.15071412  .0 2.4 2.4696914 0적정체중전개최상 1기 1 7 3     2 1 1③1:12.7½    .113.337.513.3  2  0  .00 3 1 -7  .411 538 876 1 6 4 11 7 3.06 3.09     6.7  8.6   47.5  107.2   25.110.54797 4 9 9 4☆ 1.538.70  .46  .4075.2216.9031.5742.1732516418.3133.6845.71 1
20240414일 8120014국354 110115혼전 4451맑음건조 4 8 2빈체로카발로    카우보이시티래스 6325.00한수 3 0 1 2 9 176816:30 82500국3서인석김인규  9915 1 1 523 5 3 1 8  1조인권50953.077우도상96 96 968576.059.020.919381019331318362150191124251375 025↘→선13.736.638.112.3869736.738.0 73.2 75.4 57 57 8643   13.60   13.60 5  6 -2BUDN54.45061412-1.0 3.6 2.6777714-2전개최상마번불리 1   011 4     3 3 1①1:13.22½  -.413.337.413.2 -7  0  .00 1 8  6  .0232122 995 4 9 6 92 6 8.0911.08     8.5 18.9  214.7  501.0  677.910.53478 1 8 8 1▲  .738.80  .96  .6975.33 6.3413.4920.94 2 510 7.2515.8024.23 4
20260906일 8120012외1 4 3  5 0혼전 4451           8 3아메리칸스테이지                        미수 4       1    016:20700000혼O야하기요시자와 0 0 1 1 1 0 1 0 0 0  0사카이   58.067평무보    1  140  .029.0 5.5 0 0 0         0 0 0    5050 0      →→선    36.738.5                                        13.80   13.60        NN동       12 0                 0 0일반주행보통주행 1   0 3                            13.8    13.6        .0                       4 41413  1                                              .016 9-3 1 1-3▼-1.738.50 1.11     75.61 1.18 2.16 5.54       8.8915.8322.64 4
20260906일 8120012외1 4 3  1 0혼전 4451           8 4파이널케이      CAIRO PRCLOUDBUR 9219.00미수 4 1 1   1    016:207000001등송문길강경운   2 010 4 7 9 1 7 110  1장추열   58.093강추보50 74 748373.058.031.4294911194110282330322628202722252550↘↗입14.137.037.913.56396                  100100 3863   13.90   12.8012  0  5HB동55.04801812 -.4 1.4 1.0909018 0부중유리승부최상 1   0 4                            13.9    12.8        .0                      12 7 3 3  6                                              .04591 1 8 8 1▲  .637.90  .56     75.4511.5621.3031.3613274111.1121.5831.13 2
20260613토10120011외114 1 61 1혼전 4451맑음건조 3 8 4파이널케이      CAIRO PRCLOUDBUR 9219.00미수 4 1 1 2 2  222      605001등우창구강경운   2 1 9 3 6 9 1 6 1 9  1이동하48253.090강자하76 80 807977.057.038.22647172236 4202229282211252419292943→↗선14.137.037.913.6669637.437.0 72.6 74.8100100 4357   13.30   13.90 4 -9 -4HU동55.34801812 -.4 1.4 1.0929218 0인기탐색작전마주72기 0 4 8     6 5 4①1:12.6목    .013.935.912.8  0  0  .00 1 1 -2  .01164 3 682 8 5 2 33 1 1.06 4.11 1.5 5.1  1.5   12.4   16.4   40.012.73287 2 9 9 2▲  .638.20  .36 -.1075.4513.9426.0738.1618375316.0429.2242.35 2
20260517일 8120014외114 1 11 2혼전 4451맑음건조 3 8 4파이널케이      CAIRO PRCLOUDBUR 9219.00미수 4 1 1 2 1   63     3850001등우창구강경운   2 2 8 2 5 9 5 6 1 8  1장추열48257.093강자보87 94 948080.057.021.32949111952 9202226322211202722292943↘↗입14.137.137.913.5559836.239.9 74.0 76.2100100 2957   14.10   13.10 4  7  2BL동55.34801812  .0 1.2 1.2929218 0부중유리작전마주 5   013 3     2 2 2⑥1:14.0½   1.013.338.813.9  3 -4  .04 6 3  0 1.155 580514814 6 2 71 510.0210.09 1.4 3.0 82.7  258.7  942.7   76.510.53175 1 8 9 1△  .538.50  .79 1.2075.50 6.5113.4421.29 4111812.4321.9127.51 3
20260418토11120011외154 2101 3혼전 4451맑음건조 4 8 4파이널케이      CAIRO PRCLOUDBUR 9219.00미수 4 1 1 2 1   72      605001등우창구강경운   2 3 7 1 4 9 4 5 1 7  1장추열48655.093강자보50 84 848870.057.025.62949111952 9202226322211202722333333↘↗입14.037.037.813.7639737.337.8 73.7 75.6100100 3350   14.00   12.5052  5 -2NHDN55.34791812  .0 1.2 1.2929218-6강단마필우수능력47기 1 6 9    10 7 3①1:13.7½    .014.137.013.1 -2 16  .00 1 3  2  .0335317188611 3 6 73 4 3.08 6.09 2.3 5.3  6.0   52.2   92.7   23.4  .02574 1 7 9 1▲  .638.40  .76  .7875.39 7.8715.9825.56 9203312.2420.6730.34 4
20250413일 61800 9외223 5 21 4혼전 4451흐림포화17 8 4파이널케이      CAIRO PRCLOUDBUR 5422.00미수 3 1 1 2 6 1051      825002등우창구강경운   2 4 6 2 1 9 3 4 1 5  1장추열46857.086강자보92 99 998686.067.051.23054202042 4202226322211202722402040↗↘입13.739.739.913.5717639.939.3114.8117.3100100 6060   13.80   13.70 7 -7  4UBUP55.04811812 -.2 1.4 1.2929212 4승부최상승부최상 5   0 1 5 4 3 3 3 1①1:54.85    -.914.738.613.6  0 -8  .00 1 1  0  .0 738171099 4 2 1 12 3 1.02 1.02 1.9 1.5  1.9    1.5    2.7   10.310.54892 4 9 9 4☆ 1.541.10 -.3237.70118.420.4038.7051.1618395622.1237.3350.72 1
20250223일10140011외244 1 91 5혼전 4451맑음건조 3 8 4파이널케이      CAIRO PRCLOUDBUR 9325.00미수 3 1 1 9 5  868      495002등우창구강경운   2 5 5 1 2 9 2 3 1 4  1장추열47653.593강추보98 99 998884.063.040.02638 31742 920222632221120272250 050↘↗입13.736.738.613.4689536.638.5 86.8 87.8100100 5075   14.20   13.50 6 -3 -4NU동55.44821412 -.3 1.5 1.3919112 0추입무난승부최상 1기 0 8 7     5 4 1①1:26.81    -.213.838.513.7  0 -8  .00 1 1  0  .0102119 591 5 3 1 32 2 1.02 8.03 2.3 4.9  2.3    4.9    8.2    8.210.54591 3 9 9 3★ 1.139.00  .2912.4988.1114.0728.1439.9713274120.5437.9749.01 1
20250111토10140011외343 1 41 6 1강 1151맑음건조 5 8 4파이널케이      CAIRO PRCLOUDBUR 9325.00미수 3 1 1 2 5  989      41250혼3우창구강경운   2 6 4 3 1 9 1 2 1 3  1장추열48457.593강도보99 99 999794.068.058.62638 31742 920222632221120272267 033↘↗입13.736.538.613.1859637.238.1 86.9 87.8100100 6767   13.60   12.80 5  1  4VBUP54.74811412 -.3 1.7 1.3939312 2전개최상전개최상 1기 211 9     7 7 2①1:26.9½    .014.237.813.5  0  0  .00 1 1  0  .0115210 976 1 2 1 13 1 1.0311.01 1.9 3.6  1.9    5.1    8.0    5.0  .06499 4 9 9 4☆ 1.739.20 -.0912.7487.9730.1148.2558.5832516423.7242.7155.75 2
20241207토 9120011외314 1 61 7혼전 4451맑음다습14 8 4파이널케이      CAIRO PRCLOUDBUR 9219.00미수 2 1 1 2 6 110017:00 41250혼3우창구강경운   2 7 3 2 3 9 3 1 1 2  1김용근48454.088강도보93 99 999984.069.048.52746212042 420221643221131271499 0 0→→선13.736.537.912.3959737.337.1 72.4 74.610010010050   13.40   13.30 3  4 -1BU동55.04801212 -.5 2.0 1.5939312 0전개최상전개최상 1기 010 7     7 7 2①1:12.42    -.313.636.112.8  0  2  .00 1 1 -1  .0 650 3 391 3 1 1 13 3 1.0510.02     4.2  1.5   10.9   12.5   72.610.56497 4 9 9 4☆ 1.838.60  .35  .2075.1722.6936.7748.4532516418.2533.9637.34 1
20241117일 7120011외324 1 71 8혼전 4451맑음양호 6 8 4파이널케이      CAIRO PRCLOUDBUR 9219.00미수 2 1 1 2 6 115715:40110000혼3우창구강경운   2 8 2 1 2 9 2 1 0 1  1김용근48255.088강도보99 99 999886.067.035.62746212042 420221643221131271499 0 0→→선13.736.538.112.3989936.638.3 73.2 75.4100100100**   13.50   12.60 7  2  0NU동55.04771212-1.0 2.0 1.0****12 0승부조율전개최상 1   0 6 2     2 1 1②1:13.24     .013.437.413.3  0  5  .00 2 2  0  .72417321385 4 4 1 31 2 3.0211.06     3.2  8.5   12.5   33.9    7.010.56197 4 9 9 4☆ 1.638.90  .58  .8075.2813.6825.4935.5913274116.4529.6821.20 2
20240928토 3120012외451 3101 9혼전 4455맑음건조 5 8 4파이널케이      CAIRO PRCLOUDBUR 9219.00미수 2     9 7 132312:05 41250혼4우창구강경운   2 9 1 1 1 9 1 0 0 0  0김용근47755.091평무보   25 2540  .060.037.2284214308811202216432211312714      ↘→선13.736.738.512.4    36.137.3 72.7 73.6              13.70   12.70        NN동       12 0                 0 0일반주행보통혈통 1기 2 4 2     2 2 1①1:12.713  -2.213.537.112.6 -1  9  .00 1 2  0  .0 1 3 5 095 7 7 7 41 1 2.03 4.07     8.0  4.6   12.2   24.0   30.7  .02362 1 6 7 1―  .738.10  .22-1.6175.6113.2825.8937.19102336 8.3316.6725.00 4
20260906일 8120012국1 4 3  1 0혼전 4451           8 5문학보이        LORD NEL미스가이        한수 4 0 0   1    016:207000001등정호익에스지이 3 015 2 514 1 8 017  0코지     58.088강선적50 75 759668.059.036.13260192032 72419175722142330198614 0↗↘입13.536.538.213.49497                   78 78 6756   13.90   14.2022 -4  0NLDN55.45081814-1.4 2.4 1.0949413-6승군불리전개최상 1   0 5                            13.9    14.2        .0                       811 2 2  2                                            12.74186 2 8 8 2▲  .738.20  .53     75.3313.6925.7536.0518375310.3719.4229.72 3
20260329일 9180011국154 2101 1혼전 4451맑음건조 3 8 5문학보이        LORD NEL미스가이        한수 4 1 1 9 3  437      605001등정호익에스지이 3 114 1 114 4 8 014  1마이아51758.093우선보60 51 516841.049.023.43450332050102419401822143533 78614 0→→선13.539.340.513.4935739.142.4118.1120.6 78 78 6756   13.70   13.50 6  6  1BHUP55.45081814-1.0 4.4 3.4757513 6전개최상마번불리64기 0 9 2 2 2 4 610⑩1:58.14    2.413.941.214.2  6  0  .0110 4  3 2.87910866620 2 7 9 70 6 2.01 6.03 2.7 5.6  4.6    5.6   13.2   10.9  .03454 0 7 7 0― -.141.80  .2540.76118.5 6.5714.5123.44 41118 6.6115.0825.40 7
20260215일 7120014국234 2 81 2혼전 4451맑음건조 3 8 5문학보이        LORD NEL미스가이        한수 4 1 1 2 1   98     1650002등정호익에스지이 3 213 4 414 3 8 013  1마이아51757.093우도보98 98 989875.068.040.43451152032 72419401822143533 78614 0↘↗선13.536.438.213.4979637.438.9 74.4 76.6 78 78 6744   13.10   13.7020  2 -1HNDN55.45081614-1.0 4.4 3.4757513-4승부최상전개최상 5   0 3 6     8 8 8⑩1:14.4코   1.313.737.913.5  9  9  .0210 1  0 1.56658515439 3 9 4 10 5 2.03 2.04 3.5 6.7  3.7    6.7   11.7   36.310.54189 1 9 9 1▲ 1.339.30  .47 2.0075.2817.2930.2940.3832516410.1117.7721.43 4
20250927토10160010국232 2 81 3혼전 4451맑음다습11 8 5문학보이        LORD NEL미스가이        한수 3 1 1 9 3  402      495002등정호익권경자   2 312 3 114 2 6 011  1마이아51758.092우도보98 99 991480.066.050.3345033205010241940 022143533 78317 0→→선13.635.939.213.4928735.539.4 97.9100.4 75 75 6350   13.30   13.30 5  0  0ULUP55.05061614-1.0 4.4 3.4757513 2전개최상승부최상 5기 1 1 1   1 1 1 1①1:37.96   -1.013.138.213.7  0  1  .00 1 1  0  .0 1 8451696 2 5 2 31 4 1.04 1.10 2.0 3.8  2.0   16.9   24.5   22.110.54592 3 9 9 3★ 1.339.20  .0625.30102.520.5036.3850.2913274120.5937.5050.00 2
20250823토 9140011국434 1 81 4혼전 4451맑음건조 4 8 5문학보이        LORD NEL미스가이        한수 3 1 1 2 2  360      41250혼3정호익권경자   2 411 2 614 1 5 010  1마이아51658.093우도적96 93 939879.072.047.83963 52650 7241940 022143533 78020 0→↘선13.636.438.913.4868935.538.3 84.0 86.2 71 71 5743   13.40   13.10 4 -8  3UB동54.45041414-1.0 4.4 3.4747413 0승부조율전개최상47기 1 1 2     2 2 1①1:24.07   -1.213.337.213.3  0  5  .00 1 1 -2  .0 1 114 095 3 3 3 11 3 1.08 1.05 1.9 3.8  1.9   24.7   30.3  207.510.54398 3 9 9 3★ 1.738.90  .0810.9088.1122.6338.4047.8232516413.3326.6738.18 3
20250727일13140010국354 2 51 5혼전 4451맑음건조 3 8 5문학보이        LORD NEL미스가이        한수 3 0 0 9 3  413      41250국3정호익권경자   2 510 1 514 1 4 0 9  0조인권51155.068우도상92 92 928376.055.021.01729 82050102419222422142425137525 0→↘선13.636.438.913.4928736.938.0 85.7 87.2 67 67 6733   13.30   13.00 4  8 -1BN동54.35021414 -.8 4.2 3.4777713 0전개최상작전마주47기 1 9 2     2 2 2①1:25.7¾    .013.437.413.1 -2  3  .00 1 3  1  .0 337 8 478 4 3 1 81 3 3.02 9.06 2.7 4.9  5.6   11.7   26.6    8.710.53466 0 7 7 0―  .339.10  .7911.9488.11 5.6713.2921.01 41118 9.8721.3332.34 5
20250629일 6140011국443 2 91 6혼전 4451맑음양호 8 8 5문학보이        LORD NEL미스가이        한수 3 0 0 9 3  50014:25 33000국4정호익권경자   2 6 9 6 414 2 3 0 8  0조인권50856.068우선적79 82 829873.061.044.21729 82050102419222422142425136733 0→↘선13.636.439.313.4917636.537.9 85.9 87.1 60 60 6020   13.60   13.80 4  0  4UN동53.75001414-1.0 4.8 3.8686813 0부중유리전개최상72기 1 1 1     1 1 1①1:25.98   -1.413.337.513.0 -1  5  .00 1 2 -3  .0 217 7 195 1 3 5 21 2 2.07 1.05     6.6  3.9   24.8   38.1   23.612.74186 2 8 8 2▲  .839.10 -.0611.4288.3816.4630.8044.2018375315.1529.1341.80 2
20250601일 7140010국451 3101 7혼전 4451맑음건조 3 8 5문학보이        LORD NEL미스가이        한수 3 0 0 1 3  57715:15 33000국4정호익권경자   2 7 8 5 314 1 2 0 7  0조인권50352.068우입적47 42 428952.054.028.31729 82050102419222422142425135050 0→↘선13.636.539.313.4867336.039.4 87.1 88.0 50 50 5025   13.70   13.30 4 -4 -1UUUP54.54991413 -.3 4.8 4.5646413 2일반주행작전마주48기 1 1 2     1 1 1①1:27.1목    .013.638.913.8 -4  5  .00 1 5  3  .015 3501083 1 4 7 61 1 5.01 1.10     8.1  9.3   12.2   28.2   42.3  .02582 1 7 8 1▲  .639.20  .3012.2188.45 8.2217.3028.34 5122212.0524.7236.21 5
20250503토 8120011국414 3 61 8혼전 4451맑음포화18 8 5문학보이        LORD NEL미스가이        한수 3 0 0 1 4  67017:00 33000국4정호익권경자   2 8 7 4 314 2 2 0 6  0임다빈49852.582우입적47 55 558860.061.038.21946 41031 3241919 722141424245050 0↘↗추13.636.738.313.4859437.937.9 75.1 76.2 50 50 5025   13.70   13.70 6  1 -1NU동54.54991413-1.0 2.7 1.7838313 0인기탐색작전마주 1기 2 5 4     7 9 8⑤1:15.13    1.413.737.913.3  3 -6  .05 5 2  0 1.65481204239 3 6 7 23 2 1.05 6.09     5.1  1.3   13.0   17.3   32.4  .03780 3 7 8 3▲ 1.238.90  .30 1.2375.5014.4126.4238.18122540 9.5921.7633.23 3
20250323일 6120011국414 2 61 9 1강 1151맑음건조 4 8 5문학보이        LORD NEL미스가이        한수 3 0 0 2 4  78814:25 33000국4정호익권경자   2 9 6 3 214 1 2 0 5  0임다빈50453.082우입적40 36 367648.054.028.81946 41031 3241919 722141424245050 0↘↗추13.636.738.413.4868937.440.0 76.7 77.8 50 50 5025   13.70   15.60 4 -3 -4HUDN54.54991413-1.5 3.5 2.0777713-2부진만회작전마주 1기 1 4 6     7 9 9⑥1:16.78    1.813.739.913.7  4  8  .05 6 2 -9 4.28859828327 4 3 7 33 1 1.06 2.01     4.4  1.5    4.2    5.8   15.012.03278 2 7 7 2△  .639.40  .50 2.6675.56 8.0517.7228.82 51324 7.1012.7722.03 7
20250223일 8140013국454 110110 3강 3351맑음건조 3 8 5문학보이        LORD NEL미스가이        한수 3 1 1 9 5  87016:05110000국4정호익권경자   210 5 2 214 1 2 0 4  1코지  49657.078평입하29 19 196823.049.015.21640112660132419173022142330195050 0↗→입13.636.639.113.4768536.542.1 91.5 92.1 67 67 3333   13.70   14.30 5  3  4NB동54.54991413-2.0 5.0 3.0545413 0승부최상보통주행 1   0 7 5     7 912⑬1:31.5¾   3.513.742.315.6  2-16  .001311  8 3.696179592 4 5 811 90 110.04 2.01     5.6 38.1  170.2  457.4  278.911.23448 0 5 5 0― -.140.00  .7016.4488.38 3.72 8.6015.15 0 2 4 2.50 5.33 9.0513
20250119일 7140011국424 1 7111혼전 4451맑음건조 3 8 5문학보이        LORD NEL미스가이        한수 3 1 1 2 5  95915:15 33000국4정호익권경자   211 4 1 114 1 2 0 3  1이혁  51253.089강입상99 35 3585  .065.036.22555 32660132419242522142821185050 0↗→선13.636.538.913.4819636.741.6 90.8 91.2 67 67 3333   13.40   13.2010 -5 -1HUUP54.54991413         1.0    13 1전개최상승부최상 1기 0 4 4     5 911⑨1:30.82½  3.413.741.714.3  6 13  .01 9 3  2 3.792249389 7 3 510 40 1 2.01 2.07     4.0  2.9    4.0    7.2   11.612.74591 2 8 8 2▲ 1.139.90  .3315.8088.1811.3824.0536.21102336 9.4517.3259.88 6
20241109토 5130011국533 1 8112혼전 4451맑음양호 6 8 5문학보이        LORD NEL미스가이        한수 2 1 1 2 6 119014:00 24750국5정호익권경자   212 3 1 214 1 1 0 2  1장추열49954.085우도보98 35 3597  .071.060.83054201739 024192830221420272299 0 0↗↘입13.636.739.113.6989437.237.6 80.9 82.3 50 50 50 0   13.50   13.90 3  5 -1BU동55.04991312         1.0    13 0연대우수전개최상 1기 0 9 3     3 3 1①1:20.91½  -.313.437.013.2  0  0  .00 1 1 -1  .01728 4 189 1 511 12 1 1.11 9.10     4.0  2.0   65.1   95.7  268.910.65298 4 9 9 4☆ 1.940.20 -.24 6.4582.5231.3250.9460.8038587115.1924.1872.00 3
20241020일 11300 8국620 9 2113 2강 2255맑음포화15 8 5문학보이        LORD NEL미스가이        한수 2 0 0 2 7 124910:35 24750국6정호익권경자   213 2 2 114 2 0 0 1  0마이아49955.085평무보51 35 3568  .075.082.7315321255312241940 022143533 7      ↘↘선14.337.240.113.7763036.638.4 81.2 80.6  0  0  0 0   14.30   14.00 5  2  0NHUP       1312         3.0    12 1마방연대연대우수 1기 0 4 2     2 2 1①1:21.211  -1.913.538.813.9 -1 18  .00 1 2 -3  .0 1 720 299 5 5 5 11 2 2.01 4.03     1.5  4.5    1.5    6.3    2.3  .03768 2 8 9 2▲ 1.839.30-1.77 3.3383.4836.0661.2382.73325164 9.6020.0938.83 4
20240915일 1120010국131 6 3114혼전 4455맑음다습14 8 5문학보이        LORD NEL미스가이        한수 2     2 7 133510:35 247501등정호익권경자   214 1 1 114 1 0 0 0  0마이아48155.088평무보   35 3540  .057.034.7315321255312241940 022143533 7      ↘↘선14.436.738.513.7    37.039.1 75.8 76.0              14.40   14.00        NN동       12 0                 0 0일반주행마방연대 1기 0 2 9     9 5 4③1:15.85     .914.339.214.0 -2 12  .00 3 5  0 1.14434625153 4 4 4 40 1 3.02 1.06     3.1  3.6    5.4   10.3   13.912.72974 2 7 9 2▲  .738.80  .28  .7575.6110.0222.3234.71 5132410.0020.0030.00 2
20260906일 8120012국1 4 3  1 0혼전 4451           8 6실버레인        투아너앤플리트코 6627.00한수 4 0 0   1    016:207000001등안병기조근식  -3 016 11218 5 5 419  0정정희   58.081우선보50 59 596834.038.013.62044 92357 8182818411910202515603010→→입13.636.638.313.38283                   53 59 4741   13.50   12.80 7  4 -1NN동55.24791612-2.0 6.6 4.6646413 0연대우수배당마주 1   0 6                            13.5    12.8        .0                       912 710 16                                              .03336 0 5 7 0― -.838.30 1.05     75.45 3.69 7.8013.57 1 4 8 5.9311.5117.6910
20260718토101200 9국254 2 51 1 3강 3351흐림포화18 8 6실버레인        투아너앤플리트코 6627.00한수 4 0 0 2 1  122      495002등안병기조근식  -3 115 21118 4 5 318  0정정희48158.581평도상79 78 788980.067.055.82044 92357 8182818411910202515672211→→입13.636.638.513.3757336.237.4 71.5 73.7 50 56 4438   13.70   13.00 5 -6  6HB동54.84781612-1.2 7.0 5.8525213 0배당마주연대우수 5   0 2 4     3 3 2②1:11.51     .013.536.312.8 -1 -6  .00 2 3 -1  .1 1 7 7 180 3 5 3 2215 1.03 9.02 2.2 3.3  2.2    4.8    7.4   18.812.24184 3 9 9 3★ 1.438.20 -.27-1.4075.5621.1040.7955.7739597219.0935.7849.52 3
20260613토10120011국114 1 61 2혼전 4451맑음건조 3 8 6실버레인        투아너앤플리트코 6627.00한수 4 0 0 2 1   91      605001등안병기조근식  -3 214 11018 3 5 317  0정정희48752.581평도상50 46 468551.052.032.32044 92357 8182818411910202515751313→→입13.636.538.513.3827637.137.6 72.8 75.0 53 53 6727   13.90   13.30 4  7 -5LU동55.14771612-1.0 6.6 5.6545413 0배당마주배당마주63기 0 8 5     4 3 3③1:12.81¼   .213.736.513.0 -1 -1  .00 3 4 -8  .2134411 974 2 9 8 5214 1.06 4.11 1.5 5.1  1.5   12.4   16.4   40.012.73269 2 7 9 2▲  .338.70  .47  .0075.5011.0723.4432.28 8172912.2622.8331.76 4
20260517일 8120014국214 1 11 3혼전 4451맑음건조 3 8 6실버레인        투아너앤플리트코 6627.00한수 4 0 1 2 1   63     3850002등안병기조근식  -3 313 9 918 2 5 316  1정정희48857.081평도보52 67 678653.052.017.52044 92357 8182818411910202515751313→→입13.636.538.413.1898337.338.7 73.9 76.1 57 57 7121   13.60   15.00 4 -7 -1UNDN55.14771612  .2 4.6 4.8636313-2전개최상배당마주 5   0 113    1310 8⑤1:13.9¾    .913.937.613.3 -7  3  .00 512  8 1.05153474751 61212 931310.0210.09 1.4 3.0 82.7  258.7  942.7   76.5  .03459 0 6 7 0―  .139.10  .96 1.2075.45 5.0111.4117.46 2 510 5.33 9.5514.2911
20260419일10140011국251 8101 4혼전 4459맑음건조 3 8 6실버레인        투아너앤플리트코 6032.00한수 4 0 1 2 1   62      495002등안병기조근식  -3 412 8 418 1 5 315  1정정희48558.081우도적62 50 509277.060.043.92044 92357 8182818411910202515751313→→입13.636.339.213.2887336.240.8 89.1 89.1 62 62 6238   13.60   13.70 6  1  6NHUP55.14771612  .4 4.0 4.4676713 2배당마주전개최상77기 1 8 2     2 2 2④1:29.12     .513.641.115.0  0 -1  .00 4 4  3 1.152 8846469 1 7 3 1112 2.07 9.06 2.9 6.6  4.8   19.4   41.4   18.1  .04393 3 9 9 3▲ 1.039.60  .0613.5688.2519.7933.7543.8632516420.0034.4148.16 1
20260307토11120011국254 2101 5혼전 4451맑음포화15 8 6실버레인        투아너앤플리트코 6627.00한수 4 0 1 2 1  116      495002등안병기조근식  -3 511 7 818 1 5 314  1권중석48652.066우도하63 64 648359.050.019.21341 62357 81828 0 01910191818751313↘→선13.536.538.413.3898336.539.2 73.6 75.8 62 54 7731   13.70   14.10 3 -3 -5NU동55.14771612  .6 2.4 3.0767613 0인기탐색배당마주60기 0 7 6     5 5 8⑨1:13.6코   1.513.638.113.7  8  1  .09 9 1 -9 1.63914633636 4 8 9 80 2 5.03 5.02 3.4 5.9 11.1   30.5   76.1  471.6  .03170 1 6 8 1△  .139.00  .90  .9075.45 4.9711.9019.18 1 4 8 9.0917.2025.06 7
20260215일 7120014국234 3 81 6혼전 4451맑음건조 3 8 6실버레인        투아너앤플리트코 6627.00한수 4 0 1 2 1   35     1650002등안병기조근식  -3 610 6 718 3 5 313  1정정희48557.081강도하64 60 606641.041.011.22044 92357 8182818411910202515751313→→입13.536.438.413.2908536.839.2 74.4 76.5 67 58 7525   13.80   14.00 6  2 -1BNDN55.14771612  .6 2.4 3.0767613-2전개최상배당마주 5   010 7     6 5 6⑨1:14.4머리 1.313.738.614.1 -1 -2  .00 910  5 1.56326634739 5131010011 2.03 2.04 3.5 6.7  3.7    6.7   11.7   36.3  .03437-1 5 6-1▽ -.839.30 1.19 1.6975.39 2.71 6.1711.24 1 4 8 4.4910.8915.5812
20260103토11140011국254 7101 7혼전 4451흐림다습13 8 6실버레인        투아너앤플리트코 6032.00한수 4 0 1 1 1  116      495002등안병기조근식  -3 7 9 5 318 2 5 312  1정정희48758.081강도보98 99 999686.066.043.22044 92357 8182818411910202515751313→→입13.636.339.113.2868037.040.3 87.5 89.4 73 73 6436   13.70   13.10 5  3  1LBUP55.14771612  .0 1.6 1.6909013 2전개최상전개최상 5기 0 8 4     3 3 6⑧1:27.5코   1.913.839.514.0  3  0  .00 8 5  3 2.36345737231 1 6 3 1010 1.03 6.09 3.2 5.6  3.2    7.9   15.2  169.010.54392 3 9 9 3★ 1.439.70  .1513.9688.1817.6232.8743.2432516416.4529.2742.75 1
20251130일 7120013국254 1 51 8혼전 4451흐림다습10 8 6실버레인        투아너앤플리트코 6627.00한수 3 0 1 9 1   9315:151100002등안병기조근식  -3 8 8 4 618 1 5 211  1정정희48757.081강도보97 99 999583.065.034.72044 92357 8182818411910202515751313→→입13.636.438.413.0969136.637.6 72.7 74.9 70 70 6040   13.50   13.00 6 -2  3NL동55.14771612  .0 3.0 3.0797913 0전개최상전개최상 5   0 5 9     8 7 3②1:12.76     .013.737.113.1  0 -1  .00 2 2  0 1.0121712 385 3 7 1 33 9 6.02 8.05     5.0 16.9   27.9   69.6  102.210.54796 4 9 9 4☆ 1.338.80  .50  .1075.3913.1924.3834.6910233614.8424.6032.54 3
20251018토10120011국454 1101 9혼전 4451흐림포화19 8 6실버레인        투아너앤플리트코 6627.00한수 3 0 1 2 2  211      41250혼3안병기조근식  -3 9 7 3 518 1 4 210  1권중석48854.059우도하96 95 959859.055.020.61475 02053101828 0 0191019181886 014→↘선13.536.438.512.8939336.237.7 72.4 74.6 67 67 5622   13.00   13.80 6  4 -3NH동55.24761612 -.6 3.6 3.0797913 0전개유리전개최상63기 0 7 6     6 3 3①1:12.44    -.713.537.213.0 -1  0  .00 1 2  1  .0 6 513 193 2 7 6 82 1 2.06 7.04 2.7 6.4  4.4   24.8   41.7  142.910.54177 1 7 7 1△  .438.70  .84 -.3075.45 5.2711.9820.60 2 714 8.5917.2025.40 6
20250906토 4120012국324 1 7110혼전 4451흐림다습13 8 6실버레인        투아너앤플리트코 6627.00한수 3 0 1 1 2  323      82500국O안병기조근식  -310 6 2 418 5 4 1 9  1정정희48857.081우도보92 88 888560.055.018.523501320531018281841191020251586 014↘→입13.636.538.512.8939135.239.3 72.4 74.6 63 63 5025   13.30   13.50 6 -3  1HLDN55.24761612-1.2 4.4 3.2747413-2마방선전배당마주 5   0 3 1     2 2 2②1:12.43     .013.038.213.8  1  2  .00 2 1 -1  .6 6 167 679 510 8 81 8 2.0110.03 2.1 4.6  4.0    4.6    9.8   18.210.52465 0 6 7 0―  .338.60  .88 -.4075.50 5.4612.3018.47 2 714 4.1212.2818.65 9
20250727일13140011국354 2 5111혼전 4451맑음건조 3 8 6실버레인        투아너앤플리트코 6032.00한수 3 1 1 9 3  41317:25 41250국3안병기조근식  -311 5 1 218 4 4 0 8  1정정희48656.075우도보88 92 927980.064.033.32271 934501918281841191020251583 017↘↘입13.636.439.412.8908336.738.3 85.8 87.3 57 57 5714   13.40   13.90 4  1 -2NNUP55.14741612-1.6 4.6 3.0767613 1마방선전마방선전64기 0 6 1     1 1 1②1:25.8¾    .013.337.713.5  0  1  .00 2 2  1  .1 42615 578 5 9 2 41 7 3.02 9.06     4.9  5.6   11.7   26.6    8.710.53284 2 9 9 2▲ 1.139.20  .1611.5488.4510.7322.0533.26 8172913.8226.0035.78 2
20250629일 8130011국434 2 8112 1강 1158맑음양호 8 8 6실버레인        투아너앤플리트코 6032.00한수 3     9 3  49816:05 33000국4안병기조근식  -312 4 4 118 3 3 0 0  0정정희48557.575우도보50 28 288853.062.048.52271 934501918281841191020251580 020↘↘입13.636.639.312.8988336.438.5 79.1 80.5 50 50 5017   13.70   12.9018 -3  1NBDN54.64721612-1.6 4.6 3.0747412-1숨은복병마방선전40기 0 5 2     1 1 1①1:19.15    -.913.438.013.9  0  5  .00 1 1 -8  .0 1 423 294 2 6 4 21 6 1.03 5.09     3.2  1.9    5.3    7.3   19.0  .03782 3 7 9 3▲ 1.039.90  .06 4.5682.5820.4936.6448.4718395610.4720.1224.85 4
20250223일 8140013국454 110113 3강 3351맑음건조 3 8 6실버레인        투아너앤플리트코 6032.00한수 3 1 1 9 5  87016:05110000국4안병기조근식  -313 3 3 118 2 3 0 6  1정정희48057.074우선상86 97 977867.059.024.71445 612251018281841191020251580 020↗↗입13.636.539.312.8798735.742.0 89.8 90.4 60 60 4020   13.40   14.60 8 -2  4LBDN54.64721612-2.4 4.2 1.8848412-2승부최상배당마주 1   0 8 1     1 1 2⑨1:29.8목   1.813.442.215.6  0 -1  .00 9 9  4 1.985 1958225 311 5 71 510.04 2.01     5.6 38.1  170.2  457.4  278.9  .03469 1 7 8 1▲  .739.70  .3814.6488.45 7.9016.2524.72 41118 5.5012.8018.59 8
20241228토 9160010국412 4 6114혼전 4451맑음건조 4 8 6실버레인        투아너앤플리트코 6032.00한수 2 0 0 9 6 103516:30 33000국4안병기조근식  -314 2 2 118 1 2 0 5  0정정희48153.084우도보62 76 761469.063.036.32050 41017 818281841191020251575 025→↗입13.636.039.912.8858536.239.2102.0102.0 50 50 5025   13.30   14.5010  4 -2VUUP55.04701612-2.0 4.0 2.0818112 4마주성향승부최상 1기 110 5   5 1 1 1①1:42.02    -.413.440.414.6 -4  3  .00 1 5  0  .02133423293 2 8 4 41 4 5.0610.09     6.2 11.4   38.7   84.6   55.912.74593 2 8 9 2▲ 1.039.90  .0226.09103.012.7124.3336.2713274115.2228.3038.86 4
20241020일 7120012국454 310115혼전 4451맑음다습14 8 6실버레인        투아너앤플리트코 6627.00한수 2 1 1 2 7 124315:40110000국4안병기조근식  -315 1 1 318 1 2 0 3  1오수철47455.058강선상92 98 988466.056.017.1 450 22363 61828 9 0191011211567 033↘↗입13.736.738.412.8809836.040.2 74.7 76.3 67 67 3333   13.50   13.70 6  2  0LU동55.04681212-2.0 3.7 1.7878712 0전개최상마주성향 1   0 6 1     1 1 3③1:14.73     .613.339.714.5 -2  2  .00 3 5  2  .955 2855262 610 4101 1 4.0812.08     9.2  7.1   53.1  109.8   88.910.53478 1 7 8 1△  .538.90  .85 1.1875.56 4.06 9.3517.11 1 4 8 7.1014.2913.96 6
20260906일 8120012국5 4 3  5 0혼전 4451           8 7드래건웰즈                              미수 4       1    016:20700000혼O후지와요시로쿠 0 0 1 1 1 0 1 0 0 0  0토사키   58.055평무보    1  140  .033.010.2 0 0 0         0 0 0                ↘→추    36.738.5                                        13.80   13.60        LN동       12 0                 0 0일반주행보통주행 1   0 7                            13.8    13.6        .0                       2 21212  1                                              .01619-2 2 3-2▽-1.338.50  .99     75.61 1.45 4.8210.15 0 1 2 8.8915.8322.64 5
20260906일 8120012외4 4 3  5 0혼전 4451           8 8[부]위너클리어                          한수 4 0 1   1    016:20700000혼O백광열이종훈   3 0 3 2 3 2 3 7 317  1서승운   58.085강추보50 61 617048.051.024.5244014 0 0  1123 0331414272916 0 099↗↘선13.637.338.013.24597                   50100  0**   13.60   12.7016 -1  1NV동57.05361212 2.0 1.5 3.5727212 0일반주행최적거리 1   0 8                            13.6    12.7        .0                      14 9 6 7  3                                              .02175 0 5 5 0―  .138.00  .51     75.67 7.6716.6324.53 41118 8.1512.9520.52 9
20260517일 8120014외414 1 15 1혼전 4451맑음건조 3 8 8[부]위너클리어                          한수 4 0 1 2 2  294     385000혼O백광열이종훈   3 1 2 2 2 2 2 7 216  1서승운53657.092강추하93 78 787455.046.015.51850 05099 01123 0331414272916      ↗↗선13.737.338.013.2459737.137.9 73.0 75.2  0100  0**   13.70   12.80 5  0  0NH동       1212 4.0 1.0 5.0606012 0일반주행최적거리 5   0 910    1011 6②1:13.0½    .013.636.812.7  0  2  .00 2 2  1  .1214518168015 9 7123 210.0210.09 1.4 3.0 82.7  258.7  942.7   76.5  .01673 0 5 4 0― -.338.00  .79 -.1075.67 3.41 8.9515.48 0 1 2 4.7312.9219.58 8
20260412일 7120014외444 1 95 2혼전 4451맑음다습11 8 8[부]위너클리어                          한수 4 0 1 2 1   86     275000혼4백광열이종훈   3 2 1 2 1 2 1 7 215  1서승운53457.085평무보   25 2540  .054.023.7244014 0 0  1123 0331414272916      ↗↘선14.036.738.512.9    37.137.9 72.9 75.1              14.00   13.20 4  0  0LL동       12 0                 0 0일반주행작전마주 5   0 9 9    10 8 8⑤1:12.9목    .713.736.812.8  4 -8  .00 5 1  0 1.11845191658 2 213 63 1 2.0810.15 3.2 4.0  3.3   55.6   75.5  303.7  .02055 0 4 5 0―  .238.60  .59 -.1075.61 7.8716.3423.72 81729 7.5913.9234.63 7
20260906일 8120012외4 4 3  5 0혼전 4451           8 9셀프임프루브먼트DEEP FIEJERRY'S         호거 7 1 1   1    016:20700000혼O만    청인웡   0 0 2 1 2 1 1 1 0 1  1모       58.055강선보50 63 639132.041.017.1 0 0 0      99 0 0 09999      99 0 0→→추13.736.438.112.39899                  100100100**   13.40   12.5051  2  1NV동57.04801212-3.0 4.0 1.0858512 0일반주행전개최상 1   0 9                            13.4    12.5        .0                       610 5 9  1                                              .04167 0 5 5 0― -.638.10 1.18     75.22 4.2010.1017.14 2 510 2.96 9.3514.1512
20250907일 7120013국613 1 15 1혼전 4451맑음다습14 8 9셀프임프루브먼트DEEP FIEJERRY'S         호거 6     1 6 1028     700000혼O만    청인웡   0 1 1 1 1 1 1 0 0 0  0차우  48057.080평무보   25 2540  .030.010.830 0 099    99 0 0 0999999 0 0      →→선13.736.738.512.6    36.036.6 70.5 72.7              13.70   12.90 4  0  0LL동       12 0                 0 0일반주행보통주행 5   0 7 2     2 2 2①1:10.5½    .013.435.512.5 -3  0  .00 1 4  0  .0 1 3 1 080 3 310101 1 4.01 7.13 1.3 1.8 16.3   16.2   49.9  248.9  .01621-2 2 3-2▽-1.537.80  .96-2.5075.61 1.22 4.8210.79 1 4 8 7.5915.0235.09 8
20260906일 8120012외1 4 3  1 0혼전 4451           810마이티룩        ARMY MULSAOIRSE  2122.00미암 6 0 0   1    016:207000001등조현수조제형   2 015141824 2 5 425  0푸르칸   56.080평추상50 48 485130.053.025.52457161253 7 9 02536 9 3142421 02070↗→추13.837.137.813.25087                   50 59  950   14.20   12.00 4  2  3BB동52.84641612-3.4 9.6 6.2525212 0연대우수최적거리 1   010                            14.2    12.0        .0                      13 6 9 5  4                                              .03357 0 5 7 0―  .237.80  .73     75.45 8.5917.5625.45 81729 2.9610.7916.2711
20260809일10120011외153 1 51 1혼전 4451맑음건조 2 810마이티룩        ARMY MULSAOIRSE  2122.00미암 6     1 1   72      605001등조현수조제형   2 114131724 1 5 4 0  0푸르칸48153.580평추상74 71 717058.057.027.22457161253 7 9 02536 9 3142421 02267↗→추13.836.938.013.2638538.336.6 73.5 75.7 52 62 1048   14.50   12.5026  6  1LN동52.74621612-2.8 8.2 5.4545412 0일반주행연대우수34관 0 8 7    10 9 9⑥1:13.51     .314.235.612.0 -5  6  .00 611  1  .43893 11473 4 9 5 63 3 5.01 6.02 2.6 4.6 10.3    9.2   28.8   18.6  .03777 1 7 7 1△  .638.60  .67  .8075.45 8.6517.2227.23 51223 7.6918.1126.52 5
20260208일10120011외153 1 51 2혼전 4451맑음건조 2 810마이티룩        ARMY MULSAOIRSE  2122.00미암 6 0 0 2 3  481      605001등함완식조제형   2 213121624 1 5 423  0해리카47552.575평추보42 32 3254 8.043.017.81940 9215013151414132211172612 02267↘→입13.837.138.013.2498736.639.6 74.1 76.3 50 60 1555   13.40   15.10 3 -1 -3HHDN52.74621612-3.4 9.0 5.6585812-2우수혈통최적거리38기 0 2 3     3 3 4⑦1:14.14    2.013.838.514.0 -3 -6  .00 710 -1 2.25617745425101011 80 1 5.02 3.01 3.1 5.0  9.1    7.7   24.7   27.9  .02058 0 3 3 0― -.538.50  .82 1.2075.56 4.5810.6517.84 2 714 2.29 4.62 8.6411
20260118일10140011외153 1 51 3혼전 4451흐림건조 5 810마이티룩        ARMY MULSAOIRSE  8922.00미암 6 0 0 2 1   43      605001등함완식조제형   2 31211 524 1 5 422  0코지  48155.086우추보61 64 648328.048.022.03260192257111514 7 02211233019 02267↗↘입13.937.138.513.2358536.141.3 87.4 89.6 58 63  558   13.90   13.1011  2  4HLUP52.74621612-3.0 7.4 4.4656512 2편성불리우수혈통46기 0 3 2     2 2 6⑩1:27.42½  2.213.440.415.1 -1  9  .001011  6 2.371 990782110 2 8 91 1 2.0310.09 3.0 4.6  3.5   10.4   15.1   10.5  .02376 0 5 5 0― -.139.00  .5814.0088.32 5.9212.9121.96 2 714 4.8812.2421.20 9
20251102일11120011외134 1 81 4혼전 4451맑음건조 5 810마이티룩        ARMY MULSAOIRSE  2122.00미암 5 0 0 1 2  21918:00 605001등함완식조제형   2 411101524 2 5 421  0우인철47251.072우추상83 86 866446.053.030.713 0 81260 61514 0 92211102723 02267↘→입13.937.137.913.2489137.837.6 74.2 76.1 61 72  650   13.50   13.60 4 -8  0UU동52.74621612-3.6 8.2 4.6636312 0부중유리최적거리60기 0 1 6     6 7 6⑤1:14.22     .813.937.413.1  0 -8  .00 5 5 -6 1.1507811275911 3 4 50 2 2.03 9.07     5.8  3.6    7.4   13.0    5.512.73178 2 6 6 2―  .438.50  .50 1.0875.50 9.5719.6330.70 81729 8.0417.3223.80 5
20251004토11120011외123 1 71 5혼전 4451맑음다습10 810마이티룩        ARMY MULSAOIRSE  2122.00미암 5 0 0 1 2  221      605001등함완식조제형   2 510 91424 1 5 420  0우인철48051.072우추하32 20 2031 5.031.0 7.813 0 81260 61514 0 92211102723 01375↘→입13.937.237.913.2409336.637.8 73.0 75.2 53 65  653   13.90   13.90 5  8 -2BU동52.94591612-1.8 6.6 4.8595912 0연대우수최적거리35기 0 9 7     5 3 2③1:13.01     .013.537.413.6 -8  6  .00 311  8  .3181617 58710 711112 1 1.05 6.01 3.2 7.0  3.2    8.5   12.1  292.8  .03359-3 2 2-3▼-1.238.10 1.11  .1075.56 1.02 3.67 7.81 1 3 7  .87 2.45 6.3211
20250831일111200 9외153 1101 6 3강 3351맑음포화17 810마이티룩        ARMY MULSAOIRSE  2122.00미암 5 0 0 9 2  327      605001등함완식조제형   2 6 9 81324 2 5 419  0김성현47452.562우추상74 76 767776.052.031.0 820 61260 6151454 02211162319 01375→↗입13.937.237.913.2399538.040.0 76.1 78.3 53 65  653   14.20   13.70 8 -7  2UNDN52.94591612-2.0 6.6 4.6616112-4연대우수연대우수68기 0 1 7     9 9 9⑨1:16.116   4.713.939.113.9  6 -1  .09 9 3 -1 4.793838290 5 8 4 4 40 2 7.01 2.06 2.5 5.7 28.5   25.3   76.0   49.812.13782 1 7 7 1△  .539.10  .45 3.2075.56 8.2618.2831.01 6172813.8928.8343.38 3
20250706일11160010외121 2 71 7 2강 2251맑음건조 3 810마이티룩        ARMY MULSAOIRSE  8922.00미암 5 0 0 1 3  47518:00 605001등함완식조제형   2 7 8 7 124 1 5 318  0김성현47551.063우추상93 66 661485.053.040.7144010215013151454 02211162319 01471→→입13.936.639.213.1476936.239.2101.2102.4 50 69  656   13.70   12.8010 -8 -5LUUP53.14571612 -.8 4.8 4.0646412 4일반주행연대우수47기 0 8 6   6 6 6 4②1:41.21¼   .014.238.913.7 -2 11  .00 2 4-10  .23430413079 7 5 3 33 1 6.04 5.08     4.5 17.7   44.4  120.2   46.3  .03764 2 8 8 2▲  .339.20 -.0526.56102.915.1230.4140.7113274122.5239.8252.45 3
20250309일11120011외154 1101 9혼전 4451맑음양호 8 810마이티룩        ARMY MULSAOIRSE  2122.00미암 5 0 1 2 5  82518:00 605001등함완식조병태   1 9 7 51224 2 5 315  1푸르칸46252.573우추보65 67 677445.046.024.81543111029 61510 0132211142421 01471↘↗추13.937.237.913.1429436.637.3 72.4 74.5 57 71  057   14.00   13.40 4 -4  1UNDN53.14571412 -.2 3.6 3.4757512-2전개최상최적거리 1기 0 1 4     4 3 3④1:12.41     .813.736.612.8  1 -3  .00 4 3 -6  .8 514 5 156 7 7 5 52 2 2.01 2.05     6.9  4.0    8.0   15.8  103.2  .03467 0 6 5 0― -.237.90  .62 -.6275.56 6.9116.0624.82 51223 8.6515.2525.97 5
20250209일11140011외150 110110혼전 4451맑음건조 4 810마이티룩        ARMY MULSAOIRSE  8922.00미암 5     1 5  91118:00 605001등함완식조병태   110 6 4 424 1 5 3 0  0푸르칸46552.071우추보87 81 819153.050.021.81543111029 61510 0132211142421 01471↘↗추13.936.938.713.1508037.438.7 87.8 89.2 62 77  062   13.70   13.5040 -2 -4NU동53.14571412 -.6 3.6 3.0797912 0승부최상전개최상 1기 0 5 8     9 8 8⑥1:27.84    1.014.038.213.4 -3 -3  .00 6 9  6 1.55664273450 8 4 5 70 1 2.06 2.11     8.1  3.7   26.4   39.8   75.412.74179 2 6 6 2―  .139.10  .5813.6188.32 6.0513.9721.83 41118 7.6913.9921.89 8
20240428일 7140012외114 1 1111혼전 4451맑음양호 9 810마이티룩        ARMY MULSAOIRSE  8922.00미암 4 0 1 9 9 17255:40 3850001등서홍수조병태   111 5 3 324 1 5 313  1문세영46856.093우추상88 92 928484.059.031.44659 02242 0252946422616293615 01471↗→입13.836.938.813.0537637.238.8 86.0 88.2 67 75  067   13.30   13.20 4  4  4LBUP53.14571412  .0 3.0 3.0777712 2승부최상승부최상 1   0 7 6     6 6 3④1:26.01¼   .613.737.813.5  1  1  .00 4 3 -1 1.3215228266210 8 3 52 3 1.0212.03     3.4  1.3    3.4    4.0    6.210.54598 3 9 9 3▲  .838.90  .2812.5088.3810.1720.6231.38 5122314.4729.0329.24 1
20240331일11120011외154 210112혼전 4451맑음다습12 810마이티룩        ARMY MULSAOIRSE  2122.00미암 4 0 1 910 180918:00 605001등서홍수조병태   112 4 21124 1 4 312  1씨씨웡46752.089강추보74 76 768972.057.041.43150123867 8252928352616212522 0 083↗↘선13.937.237.913.0459637.037.4 72.9 75.0 64 73  064   13.60   13.70 5  0  0HUDN53.34551412  .0 2.6 2.6818112-2편성불리승부최상 1기 1 3 3     4 2 1①1:12.92½  -.413.336.913.2 -3  6  .00 1 4 -1  .01236 7 495 7 1 4 32 1 4.02 3.04     7.9  5.2    8.7   19.8   55.9  .04597 3 8 8 3▲  .738.00  .16 -.1575.5615.1629.5541.43 8172914.9529.1142.72 3
20240225일11140012외153 310113혼전 4451맑음포화19 810마이티룩        ARMY MULSAOIRSE  8922.00미암 4 0 1 910 191918:00 605001등서홍수조병태   113 3 1 224 1 4 311  1박을운46152.070강추보94 93 938981.050.027.913 0 73867 8252911 02616272212 0 083→↘선13.937.038.512.9459136.939.6 86.8 89.0 70 80  070   13.70   12.50 5 -6 -4HUUP53.34551412  .0 2.4 2.4848412 2전개최상작전마주 1기 1 3 6     3 3 3⑤1:26.84     .913.638.813.7  0 -4  .00 5 5  3 1.04939574956 7 1 2 52 1 3.01 9.10     6.0  5.1    7.1   14.0   18.710.54390 3 9 8 3▲  .338.90  .4913.5088.25 9.0419.6127.87 8172915.7930.1540.46 1
20240120토11120011외254 110114 3강 3351비  포화16 810마이티룩        ARMY MULSAOIRSE  2122.00미암 4 0 1 211 201818:00 495002등서홍수조병태   114 2 61024 1 4 210  1문세영46556.093강추하84 97 979190.069.044.65563 0327119252946422616293615 0 083↘↘입13.837.337.912.9419837.437.3 72.9 75.1 67 78  067   13.50   13.10 4  8  0BL동53.34551412  .0 1.8 1.8868612 0승부최상전개최상 1기 1 9 4     2 4 2②1:12.96     .013.736.312.5  0 -1  .00 2 2 -2 1.01459 6 881 9 6 3 12 2 8.02 4.09     9.3 15.9   24.5   51.0  116.8  .05698 4 9 9 4☆ 1.738.00 -.01 -.1575.6121.4135.8744.6332516416.5130.3339.18 2
20231225월12120011외244 2 9115혼전 4451맑음다습12 810마이티룩        ARMY MULSAOIRSE  2122.00미암 3 0 1 211 209317:00 495002등서홍수조병태   115 1 5 924 4 4 2 9  1안토니46656.093강추상98 99 998085.067.036.93144 0327119252935482616253017 0 083→↗선13.637.437.912.9309837.238.3 74.3 76.0 75 88  075   13.90   12.80 5 -3  2UB동53.34551412  .2 1.4 1.6888812 0승부최상승부최상 1기 1 1 3     3 4 6⑤1:14.3¾    .213.538.013.1  1  4  .00 5 4  1  .6444634307511 7 2 22 5 9.06 6.09     6.5 22.5  166.3  342.9  175.610.54593 3 9 9 3★ 1.438.10  .16  .6775.6713.4626.2636.9432516414.7127.1632.39 2
20260906일 8120012국6 4 3  5 0혼전 4451           811[부]닉스고원                            미암 3 1 1   1    016:20700000혼O문현철힐링팜조-4 0 1 1 1 0 1 5 1 7  1정도윤   55.083평무보    1  140  .052.025.515 012      38 0 0 01717102722      ↗↗입    36.738.5                                        13.80   13.60        LN동       12 0                 0 0숨은복병마주성향 1   011                            13.8    13.6        .0                       1 111 6  1                                              .02576 1 5 7 1△  .238.50  .56     75.61 8.5917.5625.45 51223 8.8915.8322.64 6
20260906일 8120012국1 4 3  1 0혼전 4451           812한센브레이싱    한센    임브레이 7925.00한암 4 0 1   1    016:207000001등전승규(주)자성 0 016 21517 1 8 318  1이혁     56.080우입보50 65 658656.050.023.02257 71847 6224115 01919282118305020↗↘선13.736.838.013.27396                   73 93 3367   13.70   12.50 4 10  4BB동54.04111412-1.0 4.0 3.0757512 0전개최상마방연대 1   012                            13.7    12.5        .0                      11 8 4 8  2                                              .03577 0 6 7 0―  .038.00  .84     75.39 6.4715.7422.95 2 714 5.9315.1123.35 8
20260809일10120011국153 1 51 1혼전 4451맑음건조 2 812한센브레이싱    한센    임브레이 7925.00한암 4 0 1 1 1   72      605001등전승규(주)자성 0 115 11417 1 8 217  1이동하42052.591우자상96 94 949584.062.037.33253131847 6224133581919252419305020↗↘선13.736.738.013.2749637.337.3 73.2 75.4 71 93 3664   13.10   12.50 7 -8 -5HH동54.04111412-1.2 4.0 2.8777712 0마방연대전개최상23관 0 2 2     2 2 3②1:13.2목    .013.736.312.5  1  5  .00 2 1 -3  .12759 5 889 3 8 2 2112 5.01 6.02 2.6 4.6 10.3    9.2   28.8   18.610.54398 3 9 9 3★ 1.138.70  .50  .7075.3313.3826.3037.3418375319.6637.0448.07 1
20260620토10120010국253 2 51 2 1강 1151비  불량20 812한센브레이싱    한센    임브레이 7925.00한암 4 0 1 2 1  111      495002등전승규(주)자성 0 214 51317 1 7 216  1이혁  41557.080우입하59 56 568859.053.025.02257 71847 6224115 01919282118335611↗↘선13.736.838.113.3709436.437.2 71.5 73.7 69 85 3169   13.60   14.00 8 -2  1VHDN53.64101412 -.6 3.4 2.8777712-2전개최상마방연대 5관 010 6     6 7 4①1:11.5½    .013.136.112.5 -3-15  .00 1 4 -5  .0 110 5 179 6 5 7 63 1 4.0310.05 3.5 5.0  6.2   17.5   39.0  176.2  .03481 0 6 7 0―  .238.00  .73-1.2075.45 6.5115.6825.01 51223 6.7314.5923.72 7
20260426일 7140014국244 2 91 3혼전 4451맑음건조 3 812한센브레이싱    한센    임브레이 5930.00한암 4 0 1 9 1  144     3850002등전승규(주)자성 0 313 4 217 1 7 215  1김용근43056.086강입상97 99 999181.063.024.92753141847 6224110 01919312714335611↘↘선13.736.538.813.3828736.839.9 88.4 89.5 75 83 3367   13.50   12.90 7  7  4BVUP53.64101412 -.6 2.0 1.4878712 2전개최상전개최상 5   012 3     3 6 8⑩1:28.42    1.813.639.614.0  1 20  .0010 9  4 1.96230635026 8 9 1 60 112.02 7.15 2.4 9.5 72.2  189.5  647.2  212.910.54190 2 9 9 2▲ 1.039.50  .6814.1988.11 9.2517.2724.9410233610.6120.7122.62 1
20260307토11120011국254 2101 4혼전 4451맑음포화15 812한센브레이싱    한센    임브레이 7925.00한암 4 0 1 2 1  137      495002등전승규(주)자성 0 412 3121711 6 214  1이동하41052.591강선보87 96 969584.065.038.43253131847 6224133581919252419385013↗↘선13.736.838.113.4769536.337.8 72.0 74.2 73 82 3645   13.50   13.30 9  1 -3NH동53.84111412 -.4 1.8 1.4888812 0전개최상전개최상50관 0 5 4     4 4 1①1:12.0½    .013.536.712.9 -4 -1  .00 1 5  4  .0 3 816 280 9 4 1 1211 5.03 5.02 3.4 5.9 11.1   30.5   76.1  471.610.54391 3 9 9 3★ 1.338.20  .36 -.7075.4515.3427.6638.3618375314.9428.6639.28 1
20260103토10120010국433 6 81 5 2강 2251흐림다습13 812한센브레이싱    한센    임브레이 7925.00한암 4 0 1 1 1  169      41250국4전승규(주)자성 0 511 2111710 5 213  1이동하41155.591강입하94 91 919593.070.063.63253131847 6224133581919252419295714↗↘선13.736.838.113.3699736.938.2 73.8 75.5 70 80 3070   14.00   12.90 5 -5  1HL동53.54101412 -.4 1.8 1.4898912 0연대우수전개최상 5관 1 4 1     2 1 1①1:13.8목   -.113.537.813.3  0 -5  .00 1 1  0  .02831281793 6 2 1 1110 1.03 4.06 2.0 4.9  2.0    6.6   10.1    8.2  .06194 4 9 9 4☆ 2.038.60 -.39  .5775.4529.8551.0863.6138587126.9746.7658.89 1
20251129토 9120011국354 1101 6혼전 4451흐림다습10 812한센브레이싱    한센    임브레이 7925.00한암 3 0 1 9 1  10217:00 41250국3전승규(주)자성 0 610 11017 9 5 212  1이동하41655.091강입보94 96 968883.064.038.73253131847 6224133581919252419295714↗↘선13.736.838.113.3739837.337.0 72.9 75.1 70100 4080   13.70   13.40 4  0  3NN동53.54101412 -.4 2.0 1.6878712 0전개최상연대우수 5관 0 9 9     8 7 8④1:12.92     .614.036.612.9  3  7  .09 4 1  0  .61653 3 461 8 5 2 33 9 2.07 7.11     6.5  3.7   29.7   46.4  182.210.53780 2 9 9 2▲ 1.138.50  .33  .2075.4514.1627.7038.7413274116.9128.7938.96 3
20251101토10120011국414 2 61 7혼전 4451맑음건조 5 812한센브레이싱    한센    임브레이 7925.00한암 3 0 1 1 1  167      41250혼3전승규(주)자성 0 7 9 5 917 8 4 211  1이동하40952.091강입보97 99 999686.070.055.83253131847 62241335819192524193367 0↗↘선13.736.838.113.3779737.437.4 74.3 75.3 67 78 3356   13.70   13.00 6  8 -4LU동53.84111412 -.4 2.0 1.6878712 0전개최상전개최상59관 1 9 6     9 8 3①1:14.31    -.213.737.713.4  0 -5  .00 1 1  0  .02160 71091 7 2 1 13 8 1.02 9.11 2.3 6.9  2.3    8.5   13.5   15.310.55695 4 9 9 4☆ 1.838.50 -.16  .4075.4527.0143.3255.8332516421.9334.8542.75 1
20250920토 7120011국434 2 81 8 2강 2251맑음포화16 812한센브레이싱    한센    임브레이 7925.00한암 3 0 1 2 2  278      33000국4전승규(주)자성 0 8 8 4 817 7 3 210  1이동하41456.090강선하93 95 959893.069.057.62647172457102241335819192524194060 0→↗선13.736.838.113.3779736.937.4 72.5 74.7 63 75 3850   13.40   13.80 4 -6  0UL동53.34101412 -.4 1.8 1.4888812 0전개최상전개최상 5   0 1 4     4 4 2①1:12.5½    .013.736.613.0  0 10  .00 1 1 -1  .0 830 8 379 5 2 3 22 7 1.02 1.11 2.4 3.2  2.4    3.2    5.5   16.9  .04391 3 9 9 3★ 1.738.40 -.22 -.2075.4527.3246.9457.5621435933.3354.8566.67 1
20250824일 9120011국412 1 61 9혼전 4451맑음건조 4 812한센브레이싱    한센    임브레이 7925.00한암 3 0 1 2 2  35017:00 33000국4전승규(주)자성 0 9 7 3 717 6 3 2 9  1이동하40456.090강입상98 98 989285.068.044.62647172457102241335819192524194060 0→↗선13.736.838.113.3779736.238.6 73.4 75.6 71 86 2957   13.30   12.80 4 -4  4NN동53.34101412  .2 1.6 1.8848412 0부중유리전개최상29관 0 7 2     2 2 2③1:13.4¾    .113.438.213.8  1 -2  .00 3 2 -2  .931 5441174 4 2 1 21 6 4.01 1.02     5.9  8.8    5.9   19.1    9.910.54184 3 9 9 3★ 1.438.60  .16  .7075.4517.6432.9444.5618375320.6636.6747.37 1
20250726토 5120011국413 2 6110혼전 4451맑음건조 4 812한센브레이싱    한센    임브레이 7925.00한암 3 0 1 9 3  43014:30 33000국4전승규(주)자성 010 6 2 617 5 2 2 8  1이동하40652.592강입하57 51 518860.064.038.73242182836102241335819192524192575 0↘→선13.736.838.113.3789737.436.5 73.3 74.6 67 83 3350   13.50   15.4021  0 -1VUDN53.54111412-1.0 3.4 2.4737312-2전개최상부중영향36관 111 1     1 1 1①1:13.3½   -.113.336.612.8 -3  4  .00 1 4  3  .0 655 1 189 5 2 7 31 5 4.0311.08     7.0  7.5   19.7   41.3   33.312.73484 2 8 9 2▲ 1.138.30  .33 -.3275.4513.9626.9838.72132741 7.0719.9132.31 5
20250302일 9140011국454 610111 1강 1151비  건조 5 812한센브레이싱    한센    임브레이 5930.00한암 3 0 1 1 5  84817:00 33000국4전승규(주)자성 011 5 1 117 4 2 2 6  1이동하40953.086강입보98 96 969393.068.069.81638 91950 92241335819192524192575 0→↗선13.736.538.813.3828735.642.0 91.6 90.2 67 83 3350   13.40   13.20 8  4 -3VHUP53.54111412-1.3 3.8 2.5707012 2전개최상전개최상 1관 111 1     2 1 5⑦1:31.62    2.313.542.715.4  6  6  .01 7 1  0 2.581 1958021 5 1 1 11 4 5.07 1.03     6.9 10.6   53.6  164.3   98.4  .04894 4 9 9 4☆ 1.939.70 -.5014.8988.1137.3459.1769.7738617243.6267.0176.29 1
20250104토 6120011국532 3 8112혼전 4451맑음건조 3 812한센브레이싱    한센    임브레이 7925.00한암 3 0 1 1 6 101514:25 24750국5전승규(주)자성 012 4 2 517 3 1 2 5  1이동하40355.590우자보93 94 949382.070.057.42747 81550 4224133581919252419 099 0→→선13.836.838.113.3769636.837.0 74.6 74.1 60 80 4040   13.50   13.10 5  4  3NB동52.84141212-1.7 4.7 3.0656512 0전개최상전개최상 1관 0 7 1     1 1 1①1:14.61¼  -.213.437.713.2  0 -4  .00 1 1 -1  .0 224 3 190 5 2 1 11 3 1.02 7.08     3.2  1.9    3.2    4.2   11.110.54389 3 9 9 3★ 1.738.20 -.19 -.7875.4530.0648.0157.3538587125.8841.7153.54 1
20241130토 5120011국524 3 7113혼전 4451맑음포화18 812한센브레이싱    한센    임브레이 7925.00한암 2 0 1 9 6 112614:00 24750국5전승규(주)자성 013 3 1 417 2 1 1 4  1이동하40752.590우자보93 88 889581.068.045.82747 81550 4224133581919252419 099 0→→선13.836.938.113.3689637.137.6 73.9 75.0 50 75 5025   13.80   13.30 4 -7 -1UU동53.04171212-3.0 6.5 3.5565612 0전개최상전개최상 1기 0 3 4     4 5 2②1:13.91¼   .013.537.613.1  0 -2  .00 2 2  1  .3124212 985 7 1 3 12 2 3.02 4.03     5.5  7.4    7.6   16.6    7.610.54393 3 9 9 3★ 1.538.30  .07 -.0575.5018.0734.1445.7518375316.9435.1932.78 1
20241103일 2120011국651 310114 3강 3351맑음양호 7 812한센브레이싱    한센    임브레이 7925.00한암 2 0 0 1 7 120411:00 16500국6전승규(주)자성 014 2 4 317 1 0 1 3  0이동하40953.087우자보94 91 919389.070.059.7253817277111224133581919252419 099 0→→선13.836.938.113.2689836.438.0 73.4 74.5 33 67 3333   13.60   13.60 7  3  0LU동53.04251212-6.010.0 4.0383812 0부중효과전개최상 1기 010 5     4 2 1①1:13.4코    .013.837.313.3  0 -3  .00 1 1  0  .0 5 821 485 5 2 1 12 1 1.0710.09     5.1  1.8   12.1   14.4   24.8  .05698 4 9 9 4☆ 1.838.20 -.33 -.4875.5028.2346.0859.6618375326.2745.2235.61 1
20240914토 2120011국610 7 6115 2강 2255맑음포화16 812한센브레이싱    한센    임브레이 7925.00한암 2 0 0 2 7 134515:10 24750국6전승규(주)자성 015 1 3 217 3 0 0 2  0김철호41253.066우입보78 35 3581  .070.060.7 733 3277111224121311919142025 099 0↗↗추13.837.238.213.2519336.338.2 74.2 74.3  0 50  050   13.80   13.80 3  0  0NU동53.04251210         3.0    10 0연대우수부중효과 1기 1 7 2     2 2 2②1:14.27     .013.638.213.6  1-13  .00 2 1 -2 1.2 3 728 588 8 6 7 21 3 5.01 8.07     5.4 10.7    7.0   19.9   47.0  .03380 2 8 9 2▲ 1.437.80 -.58-1.0975.7225.2946.3560.72183956 8.5116.9928.54 7
20260906일 91800 9외4 2 3  5 0 2강 2251           9 1[부]퍼니와일드                          한수 3 1 1   1    017:10800000혼O최기홍최상일   1 0 3 2 2 2 1 5 1 9  1송경윤   55.062강입보50 75 757839.044.033.0 0 0 0 0 0  57 0 0 025 025252599 0 0↘↗선13.738.340.714.69612                  100 50100 0   13.30   13.7013 -5 -2UUDN57.04962018 1.0 1.0 2.0858518-2연대우수최적거리 1   0 1                            13.3    13.7        .0                       5 8 3 4  1                                              .03381 0 5 3 0― -.440.70  .26     118.1 9.8718.7732.99102336 6.5217.6830.88 6
20260607일 8200014외423 3 75 1혼전 4451맑음양호 6 9 1[부]퍼니와일드                          한수 3 1 1 1 2  234     385000국O최기홍최상일   1 1 2 2 1 2 2 4 1 8  1서승운49657.093강입보88 94 948572.063.035.01850 09999  57 077 025 0272916      ↗↗선14.038.940.814.693 938.339.6130.5130.9100100100 0   13.70   14.40 5 -8  0NHUP       2018 2.0 1.0 3.0858518 2마방기습연대우수 5   0 6 2 2 3 2 2 1①2:10.5½    .013.339.413.7  0 -4  .00 1 1  0  .042 8381290 3 8 5 21 2 1.03 6.03 2.5 6.9  2.5   10.9   15.5   57.210.53778 0 7 7 0―  .940.80 -.1351.19131.312.3024.8235.0013274111.1920.7426.73 4
20260503일 8180014외414 4 65 2혼전 4451흐림다습11 9 1[부]퍼니와일드                          한수 3 1 1 1 1   83     550000국O최기홍최상일   1 2 1 2 1 2 1 4 1 7  1서승운50057.084평무보   25 2540  .054.019.3244014 0 0  57 077 025 0272916      ↗↘선14.040.140.814.0    38.641.4116.0118.1              14.00   14.30 4  0  0NL동       18 0                 0 0일반주행마방기습 5   014 3 4 4 3 3 2③1:56.0¾    .013.741.814.4  2 -7  .00 3 1  0  .420 5692882 6 616 82 1 2.07 2.09 3.0 6.4  7.0   63.7  133.3   65.0  .02464 0 5 5 0―  .240.70  .0237.15118.9 6.0712.9519.25 2 714 5.7711.5525.2413
20260906일 91800 9외4 2 3  2 0 2강 2251           9 2[부]운주가이                            한수 4 0 0   1    017:10800000혼O권승주부수선  -5 0 4 4 2 3 1 5 623  0다실바   57.078기선적50 43 435121.052.042.3 7 0 5 0    25 0 0 0404020301399 0 0↗↗입14.138.441.113.484 5                   50 50 50 0   13.60   15.0045 -9  2UNDN57.04702020-3.0 8.5 5.5464618-2배당마주배당마주 1   0 2                            13.6    15.0        .0                       6 9 6 3  1                                              .02455 0 5 6 0―  .041.10 -.09     118.311.5629.4142.25132741 6.5213.2623.16 7
20251019일 8200013외442 2 42 1혼전 4451맑음포화16 9 2[부]운주가이                            한수 3 0 1 2 5  921     550000국O권승주부수선  -5 1 3 3 2 3 1 4 414  1먼로  48755.067강선하81 79 795017.042.013.8 0 0 0 0   025 0 0 04040 7312099 0 0↗↗입14.339.640.513.4522538.441.9131.0133.5100100  0 0   13.90   14.3018  9 -2BU동57.04702018-8.010.0 2.0858518 0탐색주행배당마주 5   011 2 1 1 1 3 8⑨2:11.05    3.613.641.815.0  2  6  .00 9 7  5 3.784108267 610 4 7101 1 3.04 7.01 1.9 3.3  4.8   16.7   35.9   15.4  .03048 0 5 4 0― -.240.30  .1453.40131.6 3.11 8.1913.80 0 3 6 3.13 6.4112.0312
20250615일 8200013외414 5 12 2혼전 4451맑음건조 3 9 2[부]운주가이                            한수 3 0 1 2 3  538     385000국O권승주부수선  -5 2 2 2 1 3 1 3 311  1김혜선47457.072평선보97 25 2556  .054.027.5 0 0 0 0 0 025 0 0 0404014362399 0 0↘↗입14.339.640.813.4512738.541.2131.3131.4100100  0 0   14.00   13.70 5 -5  0UUUP57.04702018         2.0    18 2배당마주배당마주 5   0 2 7 8 9 911 9⑥2:11.31    1.513.941.414.3  4  4  .01 6 2 -8 1.65314735638 61113 33 1 3.0910.11 1.4 3.4  8.1  142.6  343.5 1119.3  .02456 0 5 5 0―  .240.10 -.3450.97131.810.3319.5327.48 81729 9.3816.0642.80 5
20250511일 7180014외423 5 72 3혼전 4451맑음포화17 9 2[부]운주가이                            한수 3 0 1 2 4  640     550000국O권승주부수선  -5 3 1 1 1 3 1 3 210  1유현명47057.078평무보   25 2540  .064.045.530 01099  9925 0 0 04040124623      ↘↗입14.340.140.813.5    39.940.6115.1117.6              14.30   13.80 4  0  0LL동       18 0                 0 0숨은복병배당마주 1   0 7 5 5 4 2 2 3②1:55.12     .014.040.213.7 -8-15  .00 210  0  .3 937564586 7 713 11 1 1.1013.07 1.5 3.0  1.5   71.1   92.5   90.012.73168 2 6 8 2▲ 1.140.70 -.5936.70118.918.8434.7245.52325164 7.6914.5232.35 7
20260906일 91800 9외1 2 3  1 0 2강 2251           9 3원평스톰        TALE OF READY FO 4338.00미수 4 0 1   1    017:108000001등정호익김용재  99 014 9 213 1 7 115  1마이아   57.093강자하50 81 818984.061.078.63451152032 72425405422143533 7145729↘↗선14.039.739.613.07985                  100 88 3888   14.20   15.7024 -6  1HBDN54.45362320  .2 1.0 1.2959518-2연대우수승부최상 1   0 3                            14.2    15.7        .0                       8 5 1 1  5                                              .04796 4 9 9 4▲ 1.139.60 -.87     118.331.5060.4778.5518375325.0049.7263.97 1
20260315일 7200012외122 4 21 1 1강 1151맑음양호 6 9 3원평스톰        TALE OF READY FO 4338.00미수 4 1 1 2 3  481     2750001등정호익김용재  99 113 8 413 1 7 113  1장추열54456.593강자보57 53 538062.056.035.33048 4205010242528442214202722145729↘↗입14.039.340.413.0558039.743.6134.0134.8100 88 3888   14.30   14.00 5 -1 -2LNUP54.45362320 -.4 1.4 1.0989818 8전개최상연대우수 5   0 9 6 7 7 8 812⑫2:14.06    5.614.243.515.7  7 -5  .0512 5  2 6.292659494 3 7 5 5 40 1 1.04 6.07 1.6 1.9  1.6   10.7   13.4    6.412.03767 2 7 9 2▲  .640.70 -.1355.07131.311.4422.8235.25 92033 9.7219.4025.00 4
20260208일10120011외153 1 51 2혼전 4451맑음건조 2 9 3원평스톰        TALE OF READY FO 7211.00미수 4 1 1 2 1   74      605001등정호익김용재  99 212 7 213 4 7 112  1마이아54958.093강자보95 97 979683.063.043.13451152032 72425405422143533 7145729↘↗선14.037.037.713.1679837.340.1 75.4 77.6100100 5050   13.90   14.10 6  2  3BBDN54.45362320 -.4 1.4 1.0989818-8마주신뢰전개최상48기 01011     91011⑪1:15.41¼  3.314.339.114.0  8 -8  .0411 3  2 3.58653838210 9 2 1 10 4 5.02 3.01 3.1 5.0  9.1    7.7   24.7   27.910.54390 3 9 9 3★ 1.239.00  .32 2.9075.3317.5130.9743.1232516417.5629.2339.27 3
20251228일11200011외120 4 71 3 3강 3341맑음다습12 9 3원평스톰        TALE OF READY FO 4338.00미수 3 1 1 9 1  106      605001등정호익김용재  99 311 6 313 3 7 011  1마이아55755.093강자보97 99 998986.063.040.53451152032 72425405422143533 7145729↘↗선14.039.340.613.1527339.038.5128.9129.9100100 4371   13.80   15.60 4  3  0BNDN54.45362310 -.4 1.4 1.0989818-3연대우수마주신뢰69기 0 8 4 1 1 1 1 2②2:08.96     .013.939.414.1  1  6  .00 2 1 -2 1.1172812 587 4 6 1 31 3 2.01 7.08 2.1 3.0  3.1    3.0    4.7   19.6  .05988 4 9 9 4☆ 1.340.30 -.3949.98131.416.0728.9740.5413274115.0626.4239.16 3
20251130일 8230016외152 5101 4혼전 4451흐림다습10 9 3원평스톰        TALE OF READY FO 4338.00미수 3 1 1 9 1   7016:055500001등정호익김용재  99 410 5 113 2 7 010  1마이아55155.093강자하95 97 971484.066.039.73451152032 72425405422143533 7145729↘↗선14.039.440.613.14769        149.7     100 86 4357   14.00   12.60 9  3  0NNUP54.45362310 -.4 1.4 1.0959514 5전개최상연대우수 5   0 5 2 3 3 2 2 4⑥2:29.7코   3.013.842.715.6  3  4  .01 6 3  2 4.5           9 7 3 21 2 6.0411.06    16.2 13.1   43.8  126.8   80.310.55287 4 9 9 4☆ 1.540.60               15.1029.2439.7418375314.0227.4432.83 1
20250928일111800 8외112 1 61 5 2강 2231흐림포화18 9 3원평스톰        TALE OF READY FO 4338.00미수 3 1 1 9 2  243      605001등정호익김용재  99 5 9 4 113 1 6 0 9  1마이아54755.093강입하49 63 639286.060.067.93963 52650 72425405422143533 7 06733→↘선14.039.939.813.1597338.738.4111.7114.2100 83 3350   14.80   14.80 8 -2 -2HNUP54.35342010-1.6 2.6 1.0949414 2승부최상전개최상48기 1 2 2 2 2 2 1 1①1:51.710  -1.814.037.212.6  0  3  .00 1 1  0  .0 1 4 4 097 4 1 2 21 1 1.05 2.06 1.8 4.4  1.8    8.1   10.3   12.4  .04193 3 9 9 3▲  .940.50 -.7334.50118.426.1148.9967.8818375326.6049.1271.37 2
20250803일14160010외113 3 61 6혼전 4451비  건조 3 9 3원평스톰        TALE OF READY FO 43     미수 3 1 1 1 2  389      605001등정호익김용재  99 6 8 3 313 8 6 0 8  1임다빈54456.576강입하99 97 971483.061.049.72050 82650 7242519262214142424 06733→→추14.036.438.713.1617635.641.2102.6104.4100 83 3350   13.90   13.1010  3  5HB동54.35342010-2.0 3.0 1.0949414 0여유우승승부최상58기 2 4 8   8 8 7 5⑥1:42.6목   1.614.840.814.8  5  7  .09 6 1  0 1.985 9857636 8 2 1 10 8 3.04 7.01 1.5 3.6  6.7   31.9   62.1  277.910.56192 4 9 9 4▲ 1.238.70  .0629.30102.520.4636.3849.6613274121.9037.0748.70 1
20250525일 8160010외113 1 61 7 3강 3351맑음양호 8 9 3원평스톰        TALE OF READY FO 43     미수 3 1 1 2 3  59716:05 605001등정호익김용재  99 7 7 2 213 7 5 0 6  1임다빈53752.078강입하67 59 591461.055.032.01846 5205010242519262214142424 06040↗→추13.936.538.713.0548035.738.8 98.1100.6100 80 2060   13.70   14.7010  0  1UNDN54.85332010-2.7 3.7 1.0939314-4신뢰마주신뢰마주71기 4 1 6   6 6 3 1①1:38.18   -1.413.937.613.1  0 11  .00 1 1 -2  .0 11130 897 8 3 8 42 7 1.06 1.09     5.0  1.7   11.0   14.7  205.010.94179 3 8 9 3▲  .638.70  .4425.40102.610.1220.4131.98 61426 8.2818.6427.68 5
20250316일 8200016외153 4101 8혼전 4451맑음양호 6 9 3원평스톰        TALE OF READY FO 4338.00미수 3 1 1 2 5  80716:052750001등정호익김용재  99 8 6 1 213 6 5 0 5  1임다빈52651.070강입보90 96 968574.053.025.9254219266013242519262214142424 06040↗↘추13.939.240.213.0588538.742.3131.9132.8100 80 2060   13.80   13.50 5  0 -6UU동54.85332010-3.0 4.0 1.0919114 0전개최상신뢰마주 1   0 1 4 5 4 6 813⑭2:11.9½   2.913.742.114.7 11-13  .0914 3  2 2.97821867712 5 6 1 60 6 1.0412.02     9.6  4.0   12.5   25.3   41.110.53469 2 8 9 2▲  .440.60  .2653.42131.0 8.2316.5325.87 2 71410.6020.7123.91 2
20250209일10200011외222 7 71 9혼전 4451맑음건조 4 9 3원평스톰        TALE OF READY FO 4338.00미수 3 1 1 1 5  91217:30 495002등정호익김용재  99 9 5 2 113 5 4 0 4  1임다빈53956.570강입보95 99 999774.066.064.0254219266013242519262214142424 07525↗↘추13.939.040.412.9788539.039.7132.6130.5100100 2575   14.00   12.90 5 -5  5UBUP54.45322010-6.0 7.0 1.0979714 4승부최상전개최상 1기 0 1 3 3 4 5 6 2①2:12.61¼  -.313.839.313.5  0  1  .00 1 1  0  .03534382998 2 1 1 13 5 1.08 1.06     2.5  1.8   31.5   44.2  174.910.55690 4 9 9 4☆ 1.740.70 -.6551.14131.032.6753.2564.0138587117.5832.3240.51 2
20250105일11160010외224 1 7110혼전 4451맑음양호 7 9 3원평스톰        TALE OF READY FO 72     미수 3 1 1 1 5  99918:00 495002등정호익김용재  9910 4 1 113 4 3 0 3  1임다빈53852.070강입상99 35 3514  .066.057.0254219266013242519262214142424 06733↗↘추13.737.238.712.8179536.338.8 99.2101.7100100 33**   13.90   12.20 7 -5 -3NUUP55.25291610         1.0    14 4적정체중승부최상 1기 3 6 4   4 5 4 1①1:39.23    -.514.037.812.9  0  8  .00 1 1 -2  .0143828219410 110 12 4 1.10 6.05     3.4  2.0   74.1   97.4   60.0  .04791 4 9 9 4☆ 1.438.70 -.4725.80103.025.2744.8557.0032516410.8119.3864.02 7
20241117일 7120011외324 1 7111혼전 4451맑음양호 6 9 3원평스톰        TALE OF READY FO 7211.00미수 2 1 1 2 6 115715:40110000혼3정호익김용재  9911 3 1 113 3 2 0 2  1임다빈53055.072강입보99 35 3588  .061.023.8 844 01739 0242519262214142424 099 0↘↗추13.737.338.213.0389937.736.5 72.5 74.7100100 50**   13.70   13.20 7  6 -1VUDN55.35291410         1.0    14-2전개최상승부호기 1   011 9     8 7 4①1:12.54    -.713.935.612.2 -2  1  .00 1 3  2  .0 873 1 396 9 711 83 3 3.0211.06     3.2  8.5   12.5   33.9    7.012.73474 2 8 8 2▲  .837.90  .42 -.8075.78 6.4214.3523.81 2 714 7.8915.5536.6510
20240928토10140011외431 5 8112 2강 2259맑음건조 5 9 3원평스톰        TALE OF READY FO 72     미수 2 1 1 9 7 131617:30 33000혼4정호익김용재  9912 2 2 113 2 1 0 1  1임다빈52955.571강입상98 35 3597  .071.068.0216413255312242519262214142424 099 0↗↘추13.536.338.912.8969737.237.4 86.5 86.2100100100**   13.50   12.90 4  2  1NVUP55.05291410         1.0    10 4우수혈통전개최상 1기 1 5 3     6 3 1①1:26.5목    .013.737.713.2  0  0  .00 1 1 -6  .0 153 2 286 2 2 6 22 2 1.02 5.01     3.3  2.6    3.3    5.0   14.3  .05997 4 9 9 4☆ 1.839.00 -.3911.0388.0431.2352.2968.0118395610.8120.6641.30 5
20240901일 11000 8외121 1 7113 3강 3355맑음건조 4 9 3원평스톰        TALE OF READY FO 7211.00미수 2     1 7 137610:35 412501등정호익김용재  9913 1 1 113 2 0 0 0  0임다빈52955.075평무보   35 3540  .048.024.4216413255312242519262214142424      ↗↘추13.537.137.812.5    36.436.5 61.0 61.7              13.50   12.80        NN동       10 0                 0 0일반주행우수혈통 1기 2 3 3     3 4 1①1:01.03    -.513.536.712.9 -6  4  .00 1 7  0  .012 8 4 191 4 4 4 62 1 7.01 3.07     2.7 31.0   17.1   82.2   30.2  .01841 0 5 7 0― -.137.60  .37-13.262.71 5.7213.4724.38 5122312.5025.0037.50 3
20260906일 91800 9외4 2 3  5 0 2강 2251           9 4[부]대지초이스                          한수 7 0 0   1    017:10800000혼O김도현한정협   0 0 3 2 2 2 110 439  0이성재   57.058평추보50 46 4628 4.030.010.1 0 0 0         0 0 0    2121 5      ↘→선13.937.540.213.32361                    0  0  0 0   13.90   13.1067 -4  0HHUP       1812 1.5 6.5 8.0474712 6일반주행휴양불리 1   0 4                            13.9    13.1        .0                       4 7 5 7  1                                              .016 7-4 1 1-4▼-1.740.20 1.16     117.6 2.09 4.0310.14 41118 1.09 3.31 7.72 9
20250518일 8120014외414 1 65 1혼전 4451맑음다습11 9 4[부]대지초이스                          한수 6 0 0 2 7 1337     385000혼O양귀선한정협   0 1 2 2 2 2 110 432  0송경윤48057.059하추하44 40 403716.034.0 7.1 0 0 033  3314 0 0 0 0 0252525      →→선13.937.738.213.1178537.538.1 73.5 75.7  0  0  0 0   13.90   12.8064  1  0NH동       1212 5.0 2.0 7.0505012 0최빈거리최적거리 5   0 8 8    131413⑨1:13.51    1.213.937.013.1 -2 -2  .00 911  9 1.33867253542141312143 1 1.02 3.04 1.5 5.3  1.5    5.3    6.5   20.4  .01344-1 2 2-1▽-1.237.80  .69 -.2076.00 1.04 3.54 7.07       2.41 4.62 7.1314
20240218일 7120014외444 2 95 2혼전 4451비  다습11 9 4[부]대지초이스                          한수 5 0 0 210 1945     165000국O양귀선한정협   0 2 1 2 1 2 1 7 321  0채상현47957.057평무보   25 2540  .033.011.6 0 0 0 0 0  14 0 0 0 0 042 817      →→선14.136.738.512.7    37.538.2 74.4 76.2              14.10   13.00 4  0  0LL동       12 0                 0 0일반주행최적전개 1   0 710    111213⑦1:14.41½  1.013.937.512.8  5  3  .00 7 2  0 1.15465283750 1 111103 1 3.0112.09 2.6 5.8  5.4    7.4   17.0   68.0  .01630-1 1 2-1▽-1.338.90  .94 1.0375.61 1.63 5.4811.59 0 1 2 8.8916.5457.04 7
20260906일 91800 9외4 2 3  5 0 2강 2251           9 5[부]빅뮤지컬스타                        한거 4 0 0   1    017:10800000혼O백광열이장현   0 0 1 1 1 0 1 7 219  0정도윤   57.085평무보    1  140  .040.024.915 012 0 0  11 0 0 01414102722      ↗↗입    40.140.8                                        14.10   13.40        LN동       18 0                 0 0일반주행거리속성 1   0 5                            14.1    13.4        .0                       1 1 7 5  1                                              .01647-1 3 4-1▽ -.840.80 -.12     118.9 6.5614.5424.89 8172913.0424.3135.29 3
20260906일 91800 9외4 2 3  5 0 2강 2251           9 6[부]어메이징칸                          미수 4 0 0   1    017:10800000혼O토마스정영광   0 0 1 1 1 0 1 3 517  0진겸     57.079평무보    1  140  .029.0 9.830 0 0 0   0 9 0 0 0 0 01153 5      ↗↘입    40.140.8                                        14.10   13.40        LN동       18 0                 0 0일반주행탐색우려 1   0 6                            14.1    13.4        .0                       2 2 8 9  1                                              .016 6-4 2 2-4▼-1.840.80  .22     118.9  .87 3.40 9.84 2 71413.0424.3135.29 4
20260906일 91800 9외4 2 3  5 0 2강 2251           9 7[부]클린원                              미수 4 1 1   1    017:10800000혼O문현철힐링팜조-4 0 3 2 1 2 2 7 111  1서승운   57.084강선보50 80 807271.063.068.6244014      38 0 0 0171727291699 0 0↗↘선13.839.040.013.07087                  100100  0**   13.80   13.3024  1  1NNDN55.84802320-2.5 3.5 1.0999920-2마주성향마주성향 1   0 7                            13.8    13.3        .0                       7 6 2 2  2                                              .02769 1 7 8 1▲ 1.040.00 -.55     118.129.5252.0968.6332516416.3032.0447.43 2
20260315일 7200012외422 4 25 1 1강 1151맑음양호 6 9 7[부]클린원                              미수 4 1 1 2 3  481     275000혼O문현철힐링팜조-4 1 2 2 1 2 1 5 1 9  1서승운47956.593평선상50 25 2540  .052.025.93050 09999  38 0 0 0171727291699 0 0↗↗선13.740.039.713.5    39.038.4127.8128.6              13.70   13.8015 -5  2NLDN55.048023 0-5.0 6.0 1.0**** 0-3마주성향마주성향 5   0 6 1 1 1 1 1 1①2:07.84    -.613.838.313.3  0 -1  .00 1 1 -5  .0 43212 598 2 212 51 1 1.04 6.07 1.6 1.9  1.6   10.7   13.4    6.4  .02765-2 6 5-2▽  .039.60  .0848.87131.3 6.4516.9225.92 61426 8.3316.4248.72 5
20251130일 8230014외452 5105 2혼전 4451흐림다습10 9 7[부]클린원                              미수 3 1 1 9 2  291     550000혼O문현철힐링팜조-4 2 1 2 1 2 1 4 1 8  1다실바48055.083평무보   25 2514  .061.028.330 01067  6738 0 0 01717203013      ↘↗입                            145.2                                 4  0  0LL동       23 0                 0 0숨은복병마주성향 5   011 1 1 1 1 1 1①2:25.29   -1.513.738.813.8 -5 13  .00 1 6  0  .075    75   1 113 61 1 6.0411.06 2.116.2 13.1   43.8  126.8   80.3  .02561 1 6 7 1―  .8                     8.9318.3928.34 51223 7.3213.4148.11 9
20260906일 91800 9외4 2 3  5 0 2강 2251           9 8딕테이언        KING KAMMEDEIA          일거 8 1 1   1    017:10800000혼O아라야지원레이 0 0 2 1 2 1 2 1 0 1  1야노     57.061강추보50 70 708322.039.022.8 0 0 0      99 0 0 09999 0 099 0 099→→추14.640.639.512.62695                  100100  0**   14.60   12.4051  1  0NU동57.05041818-3.0 4.0 1.0949418 0뒷심문제최적거리 1   0 8                            14.6    12.4        .0                       9 4 4 6  2                                              .02854-1 5 4-1▽ -.939.50  .16     118.6 6.1213.4122.80 51223 5.4311.0520.96 8
20250907일 8180011국142 1 45 1 2강 2256맑음다습14 9 8딕테이언        KING KAMMEDEIA          일거 7     1 6 1027     800000혼O아라야지원레이 0 1 1 1 1 1 1 0 0 0  0야노  50457.079평무보   25 2540  .028.011.330 0 099    99 0 0 09999 0 099      →→추14.940.140.812.3    40.637.8110.8113.3              14.90   12.60 4  0  0LL동       18 0                 0 0일반주행거리속성 5   0 7 8 8 8 7 7 3①1:50.81    -.214.637.112.4 -3  0  .00 1 4  0  .0 164 1 292 2 2 9 93 1 4.03 7.02 2.3 2.3  7.1   19.7   45.9   16.5  .01624-2 3 3-2▽-1.440.20  .2032.40118.9 2.27 5.9211.32 2 61310.8121.2650.82 6
20260906일 91800 9국5 2 3  5 0 2강 2251           9 9선데이펀데이                            일수 6       1    017:10800000혼O히가시요시자와 0 0 1 1 1 0 1 0 0 0  0츠노다   57.055평무하    1  140  .029.0 9.9 0 0 0         0 0 0                →→추    40.140.8                                        14.10   13.40        NN동       18 0                 0 0일반주행거리속성 1   0 9                            14.1    13.4        .0                       3 3 9 8  1                                              .016 5-4 2 1-4▼-1.740.80  .22     118.9 1.96 3.88 9.91 2 51013.0424.3135.29 5
20260906일10170011국4 0 4  6 0 1강 1151          10 1최강스피드      미스터크파이어리 2128.00한수 4 0 0   1    017:50 33000혼4전승규김길리   0 016 2 318 1 2 218  0이혁     52.578기추적50 50 505323.050.022.92257 71847 6222515 01919282118 02244↗↘선14.139.840.913.65069                   27 47 2727   15.00   15.30 4 -2  0UUUP53.94811713-1.4 7.6 6.2515113 1일반주행기복전력41관 0 1                            15.0    15.3        .0                      10 8 9 7  1                                              .01645 0 4 7 0― -.140.90  .19     113.6 5.8513.2922.88 41118 3.97 7.7514.10 9
20260808토 71600 9국430 9 86 1 3강 3351맑음건조 210 1최강스피드      미스터크파이어리 2128.00한수 4 0 0 1 1   85      33000국4전승규김길리   0 115 1 418 2 2 217  0임다빈48352.576평추상70 62 621427.051.022.11427 71847 62225 6 01919142424 02244→↗추14.137.139.413.6206535.242.7105.1105.0 29 50 2129   14.60   14.00 5 -4  0HUUP53.94811713-2.0 7.0 5.0636313 2일반주행보통주행 5트 1 3 9   9 5 4 8⑨1:45.11½  2.515.042.015.3  3  7  .00 9 6 -2 3.790 3958921 8 4 6 80 2 2.03 6.02 3.1 5.5  3.2    6.8   13.6   55.8  .01624 0 5 6 0―  .139.40  .0928.50103.3 5.3613.3522.11 3 916 3.7711.6120.12 8
20260704토 9140010국553 5106 2혼전 4451흐림건조 410 1최강스피드      미스터크파이어리 2128.00한수 4 0 0 1 1   72      33000국5전승규김길리   0 214 2 218 1 2 216  0임다빈47652.576우추상77 77 778140.051.022.71427 71847 62225 6 01919142424 02550→↗추14.137.438.913.5238337.838.8 87.7 88.7 23 62  831   15.10   13.10 4  6 -1NUUP54.14821713-1.4 5.6 4.2696913 2승부최상보통주행52기 1 7 9     8 6 5⑤1:27.73     .814.638.714.0 -3-10  .00 5 8  0  .83581285057 9 1 5 80 1 1.02 5.02 2.9 6.1  2.9    6.1   12.5    6.3  .03481 1 5 5 1―  .138.40  .1212.3588.80 5.7913.8522.74 2 714 8.6017.0025.08 7
20260606토 6120011국454 3106 3혼전 4451맑음양호 710 1최강스피드      미스터크파이어리 8217.00한수 4 0 0 1 1   75      33000국4전승규김길리   0 313 1 418 1 2 215  0씨씨웡48653.093우추보52 65 657257.057.026.33456111847 6222535361919212522 02943→↘선14.137.438.213.6418938.237.1 75.4 75.4 33 58  025   15.70   14.00 5 -8 -2UHDN54.24811713 -.4 4.2 3.8686813-4일반주행승부최상76기 0 111    1110 9⑤1:15.4½    .415.137.313.1 -3  6  .00 5 8  1  .42187 31967 8 3 4 53 4 4.10 5.09 2.610.6  8.0   42.1   83.4  175.712.74593 2 7 7 2△  .638.00  .31 -.2175.84 8.1416.2226.25 81729 7.6918.9026.93 4
20260502토 7160010국554 9106 4 2강 2251흐림건조 310 1최강스피드      미스터크파이어리 2128.00한수 4 0 0 1 1   94      33000국5전승규김길리   0 412 5 318 2 2 214  0임기원48054.589우추상46 59 591426.049.026.61939 91847 62225 0 01919233316 03350↘↗입14.137.139.313.7206535.839.2103.9103.3 36 64  027   15.70   13.90 5  0  1LN동54.24811713 -.6 3.4 2.8747413 0일반주행거리탄력35관 0 910  1010 9 7⑦1:43.9¾    .815.739.514.0  0  0  .00 7 7 -2  .8581335146010 1 5 50 2 4.02 4.08 2.3 5.2  8.6   18.4   50.8   10.9  .02339 1 4 5 1―  .139.30  .0226.91103.3 6.8516.2426.55 41120 4.2010.7117.92 7
20260329일 7160010국451 8 56 5혼전 4451맑음건조 310 1최강스피드      미스터크파이어리 2128.00한수 4 0 0 9 1   88      33000국4전승규김길리   0 511 4 218 1 2 213  0임기원48053.589우추하46 42 421414.034.010.61939 91847 62225 0 01919233316 04040↘↗입14.037.239.313.6156936.439.4103.2103.9 40 70 2030   15.10   14.70 4  2  1LN동54.34821713  .0 2.4 2.4747413 0일반주행조교부실37관 0 910  101010 8⑤1:43.22     .715.739.313.9 -4 -2  .00 5 9  5  .8704440366210 3 9103 1 3.01 2.03 2.8 3.4  6.1    6.6   15.4    4.8  .01623-2 3 2-2▽-1.339.30  .3527.35103.3 1.24 4.6310.64 1 4 8 2.02 7.8815.1910
20260301일 6160010국412 8 66 6혼전 4451맑음건조 310 1최강스피드      미스터크파이어리 2128.00한수 4 0 0 1 1   78      33000국4전승규김길리   0 610 3 118 1 2 212  0송재철48253.078우추보79 79 791449.052.031.81746 71847 6222523 01919192520 04040↘↗입14.137.139.313.6236936.440.0104.7104.4 40 60 2030   16.40   13.90 4  2 -1NHDN54.34821713  .4 2.2 2.6696913-1연대우수보통주행63트 0 710  10 7 7 8⑨1:44.71    2.415.140.214.7  5 -3  .01 9 4  2 3.18339595620 9 1 4 30 1 3.02 4.03 1.4 3.5  7.4   22.4   50.7  108.0  .03360 1 5 6 1―  .439.30 -.1028.03103.310.0720.0331.77142943 8.2422.2233.46 4
20260131토 8170011국430 8 86 7혼전 4451맑음건조 210 1최강스피드      미스터크파이어리 2128.00한수 4 0 0 9 1   56      33000국4전승규김길리   0 7 9 2 218 2 2 211  0이동하48553.591우추보83 83 838078.064.033.63253131847 6222533501919252419 04040↗↘선14.139.940.813.6437341.040.6112.7113.2 40 50 2030   15.20   13.40 6 -1  1NN동54.34821713  .4 2.2 2.6696913 0승부최상연대우수 5트 0 51111111110 5⑧1:52.7코    .416.440.013.9  6  8  .09 8 2 -1  .5429338717010 5 3 20 2 8.03 7.04 1.7 3.3 43.9  177.0  620.8   58.3  .03775 1 8 8 1▲ 1.041.10 -.0532.47113.612.2923.0633.5518375317.5931.1744.57 2
20251221일 8170011국413 4 66 8혼전 4451맑음다습1310 1최강스피드      미스터크파이어리 2128.00한수 3 0 0 2 1  11016:05 33000국4전승규김길리   0 8 8 1 118 1 2 210  0이동하47752.591강추보96 92 928083.065.051.63253131847 6222533501919252419 05025↗↘선14.139.641.113.6656140.440.6110.5113.0 44 67 1133   14.80   13.50 4 -2 -1NUUP54.84831713  .4 2.2 2.6696913 4부중유리승부최상44트 0 611111110 6 5③1:50.51     .215.239.413.4  0 -3  .00 3 3  2  .43875395473 9 5 1 23 1 4.01 2.05     4.7  6.6    4.7   13.1    8.010.54595 3 9 9 3★ 1.241.40 -.4732.30113.621.2037.8251.5618375327.7143.4354.95 2
20251122토 6130010국543 4 96 9 3강 3351맑음건조 310 1최강스피드      미스터크파이어리 2128.00한수 3 0 0 2 1  105      24750국5전승규김길리   0 9 7 7 618 1 1 2 9  0우인철48053.070우자적75 73 738169.055.040.42048 91847 6222527 01919102723 067 0→↘입14.137.238.913.5688538.337.9 81.7 82.0 38 63  025   14.60   13.80 4 -2 -4LU동55.34841413  .4 2.4 2.8696913 0연대우수보통주행73기 1 810     9 6 2①1:21.7코    .014.837.813.5  0 -3  .00 1 1  0  .01180 82480 5 2 2 23 1 1.03 8.04 3.0 6.1  3.0    6.5   11.3    7.512.13383 0 7 5 0―  .439.60  .15 5.9182.7115.1128.3640.3513274123.7345.8058.11 1
20251025토 5130011국553 210610혼전 4451맑음건조 510 1최강스피드      미스터크파이어리 2128.00한수 3 0 0 9 1  194      24750국5전승규김길리   010 6 6 518 4 1 2 8  0문세영48356.573강입상89 90 908681.064.034.23845 01847 6222539331919293615 067 0↗↘입14.137.138.913.4758538.138.6 82.0 82.8 43 71  029   14.10   13.20 4  7  1BN동55.34841413 -.6 3.0 2.4757513 0전개최상연대우수42기 01011    10 7 4③1:22.03     .614.638.413.8  2  2  .00 3 1 -2  .83675264360 7 2 1 43 4 2.10 4.06 2.1 6.6  5.0   92.7  163.2   59.610.54775 0 8 7 0▲ 1.039.90  .38 6.8482.6512.3123.3834.1813274117.3632.6744.04 2
20250927토 5130011국542 3 9611 1강 1151맑음다습1110 1최강스피드      미스터크파이어리 2128.00한수 3 0 0 9 2  25916:35 24750국5전승규김길리   011 5 5 418 3 1 1 7  0문세영48155.573우자상91 79 799291.068.047.52735 0245710222539331919293615 050 0↗↗입14.137.139.013.5748037.538.5 81.2 82.1 33 67  033   14.50   13.10 4  0  1UN동55.34851412  .2 3.6 3.8606013 0부중유리전개최상63트 1 3 7     3 2 2②1:21.2½    .014.138.213.2 -1 -4  .00 2 3 -1  .11443231882 3 2 3 32 3 2.03 1.03     4.6  4.3    9.1   18.1   41.812.04190 2 9 9 2▲ 1.339.80 -.04 6.0482.7118.1934.2747.4813314921.8841.6758.24 2
20250831일 4130011국512 1 6612혼전 4451맑음다습1310 1최강스피드      미스터크파이어리 2128.00한수 3 0 0 9 2  33412:45 24750국5전승규김길리   012 4 4 318 2 1 1 6  0문세영48555.073기무적60 46 466223.053.024.82735 0245710222539331919293615 050 0↗↗입14.137.139.413.6746938.438.0 80.4 82.1 40 60  020   14.70   14.20 4  2 -1UH동55.34851412  .2 4.0 4.2555513 0일반주행기복전력32관 1 311    10 8 5③1:20.43     .614.537.413.1 -1  7  .00 3 4  1 1.41383113358 5 9 7 53 2 5.02 4.05     7.0 10.0   32.1   73.6   61.5  .01643 0 5 4 0―  .139.70  .32 5.6282.97 6.8615.6124.81 51223 5.3210.2617.59 8
20250803일 4130010국550 510613혼전 4451흐림건조 310 1최강스피드      미스터크파이어리 2128.00한수 3 0 0 1 2  39912:15 24750국5전승규김길리   013 3 3 218 1 1 1 5  0문세영47855.573기무보76 67 676445.057.026.12735 0245710222539331919293615 050 0↗↗입14.137.239.313.6697638.639.5 84.1 84.1 40 60  020   14.30   14.90 4 -7  0UHDN55.34851412 -.3 4.5 4.3565613-1연대우수기복전력48기 1 1 8     7 8 8⑧1:24.13    2.414.739.514.2  5-13  .09 8 3  1 2.77788588218 4 7 6 60 1 7.01 9.10     6.2 15.2   22.1   58.5   31.213.23351 0 6 6 0―  .440.10  .29 7.6482.97 6.9815.6226.13 51223 8.4915.8926.13 6
20250705토 4140010국550 810614 3강 3351맑음건조 310 1최강스피드      미스터크파이어리 2128.00한수 3 0 1 1 3  49113:45 24750국5전승규김길리   014 2 2 118 3 1 1 4  1씨씨웡49155.592기입보71 69 695481.070.053.02845 6283610222535361919212522 050 0→↘선14.137.239.613.6376936.740.3 89.3 88.4 50 50  025   14.70   13.70 4  1  2LNUP55.34851412 -.3 5.3 5.0464613 1연대우수연대우수75기 1 810     2 1 1④1:29.33    1.014.340.614.9  2  9  .00 4 2  0 1.12724766352 7 4 4 11 3 1.03 5.02     5.1  2.8    8.0   13.7   19.410.93770 2 8 8 2▲ 1.538.60 -.9811.6089.1421.3240.0752.9818395621.4342.0554.27 2
20250608일 2130010국511 6 1615 3강 3357맑음건조 310 1최강스피드      미스터크파이어리 2128.00한수 3 0 0 2 3  56211:25 24750국5전승규김길리   015 1 1 118 2 1 0 3  0씨씨웡48253.592기입적85 71 715384.063.058.42845 6283610222535361919212522 099 0→↘선14.137.639.513.6376537.838.0 81.4 81.4 33 33  0 0   14.00   13.80 5  4 -4NUUP57.04881312 1.0 6.0 7.0222212 1일반주행연대우수53기 1 7 9     7 4 2②1:21.41¾   .014.738.113.7  0 -6  .00 2 2 -2  .3 360111587 8 8 2 20 2 1.02 1.07     2.7  1.2    2.7    2.9    5.512.13762 0 7 7 0―  .939.10 -.95 4.2983.3521.2943.2358.3518395625.2751.4354.89 2
20260906일10170011국5 0 4  4 0 1강 1151          10 2빈체로킹        지롤라모더블브릴 4233.00한거 7 0 0   1    017:50 33000혼4서인석오종택  -1 016 3 240 1 3 239  0김태희   51.061기무보50 46 46 413.031.0 5.51248 61847 918 914 01911152416114444↘→입14.039.841.313.54341                   24 26  921   14.90   14.70 9 -6 -3HUUP53.34701714  .0 6.2 6.2414114 3발길대로기복전력49기 0 2                            14.9    14.7        .0                       9101011  5                                              .012 3-4 1 1-4▼-1.741.30  .37     113.8  .96 1.90 5.54 0 2 4 3.17 6.9814.1011
20260705일 71400 9국451 3104 1 3강 3331흐림건조 410 2빈체로킹        지롤라모더블브릴 4233.00한거 7 0 0 1 1  155      33000국4서인석오종택  -1 115 21740 1 3 238  0이용호47753.563기무적25 23 23 7 6.029.0 8.41657 71847 918 916 01911191820114444→↘자14.037.239.313.5364838.640.3 89.7 90.9 24 27  921   14.60   13.90 5  7  1BNDN53.34701714 -.6 5.2 4.6565614-2최빈거리기복전력80기 0 8 9     9 9 9⑨1:29.77    2.714.939.914.7  0 -3  .00 9 9 -1 4.59098739313 8 7 9 90 7 1.03 5.02 3.1 6.2  3.1    7.6   13.3   11.2  .012 6-3 1 1-3▼-1.539.10  .3914.4388.93  .74 3.34 8.39 2 4 8  .79 3.23 7.50 9
20260531일 7160010국412 8 64 2 1강 1151맑음양호 610 2빈체로킹        지롤라모더블브릴 4233.00한거 7 0 0 9 1   84      33000국4서인석오종택  -1 214 1 340 3 3 237  0김태훈48052.569기무적48 37 3714 8.034.010.71756 81847 918 914 01911122521114444↗→입14.036.939.813.5344537.140.1104.7103.9 25 34  625   14.10   13.30 7 -1 -1UHUP53.34701714 -.2 3.8 3.6707014 2일반주행기복전력28관 0 1 8   8 8 8 7⑥1:44.74    1.914.640.613.9 -4 -1  .00 610  5 2.17485647928 9 6 8100 3 3.02 3.07 1.5 3.7  9.8   25.1   52.4   68.1  .016 9-3 2 2-3▼-1.039.80  .2627.17103.4 1.78 4.9410.69 0 3 6 2.46 4.84 9.19 9
20260412일 3140011국532 6 84 3 3강 3351맑음다습1210 2빈체로킹        지롤라모더블브릴 4233.00한거 7 0 0 2 1  130      33000국5서인석오종택  -1 313 61640 2 3 236  0김태훈48153.069기추적50 48 483724.050.020.31756 81847 918 914 01911122521114444↗→입14.037.139.013.5396938.438.4 88.5 89.3 22 28  928   13.70   14.80 5  0 -2HHDN53.34701714-1.4 3.8 2.4858514-2부진만회기복전력47기 0 210    111110⑨1:28.5목   2.014.138.113.3  4  1  .09 9 5 -1 2.05795155726 7 3 7 70 2 6.03 8.11 1.7 3.3 24.9   68.6  211.3   52.1  .01939 0 5 5 0―  .138.90  .3213.2388.66 4.7312.1320.27 3 916 5.1512.0019.74 7
20260307토 9160010국521 4 74 4 3강 3331맑음포화1510 2빈체로킹        지롤라모더블브릴 4233.00한거 7 0 0 2 1   97      33000국5서인석오종택  -1 412 5 240 1 3 235  0김태훈48054.569기입적62 62 621423.049.021.81756 81847 918 914 01911122521114444↗→입13.936.739.813.5414536.641.5103.3105.1 26 26 1023   14.80   14.20 5 -2  2VN동53.34701714-1.4 3.8 2.4858514 0마방습성기복전력82기 1 2 2   2 4 5 9⑨1:43.39    3.113.741.114.8  3 -2  .00 9 6  3 3.29053879010 4 7 4 80 1 9.04 7.08 1.8 3.7 36.9  147.4  403.3   93.1  .03324 0 4 5 0―  .039.80  .0928.63103.3 5.3613.6621.82 3 916 5.1510.5818.62 6
20260201일 7160010국443 5 94 5 1강 1151맑음건조 210 2빈체로킹        지롤라모더블브릴 4233.00한거 7 0 0 1 1   77      33000국4서인석김인규  99 511 4 140 1 3 234  0우인철48252.570기입적96 98 981475.061.039.62048 91847 9183633 01911102723114444→↘입14.036.839.813.5354535.939.8103.3103.9 26 32  629   14.20   12.90 6 -7 -4NHUP53.34701714-2.6 4.6 2.0858514 2마방기습마방습성 5기 0 410  10 8 7 7⑦1:43.3½   2.014.839.714.2  4  1  .01 7 3 -2 2.07519573826 8 4 2 30 1 2.05 1.05 2.4 5.6  3.9   24.7   36.9   15.2  .03157 1 7 6 1―  .839.80 -.3927.25103.413.5926.9639.5613274111.6121.9134.11 3
20251220토 8140011국412 5 64 6혼전 4451비  포화1610 2빈체로킹        지롤라모더블브릴 4233.00한거 6 0 0 2 1  12116:05 33000국4서인석김인규  99 610 31540 5 3 233  0조재로48156.588기추적92 95 957374.070.047.83453131847 9183625551911192622135038↗↘입13.937.139.113.5416137.338.3 86.3 88.1 23 30 1020   14.20   13.90 6  1  3VB동52.94681714-2.6 4.6 2.0858514 0신뢰마주마방기습49기 01111    1011 6④1:26.3½    .014.237.412.9 -1  5  .00 4 5  4  .72268121882 8 3 3 13 5 3.07 4.07     6.1 10.4   40.3   96.0   22.910.53787 3 9 9 3★ 1.538.60 -.4811.9288.7319.7536.2847.7932516415.6928.5736.84 2
20251109일 9140011국442 7 94 7 3강 3351맑음건조 310 2빈체로킹        지롤라모더블브릴 4233.00한거 6 0 0 2 1  135      33000국4서인석김인규  99 7 9 21440 4 3 232  0조재로47653.588기무적96 97 975672.066.044.23453131847 9183625551911192622135038↗↘입14.037.239.013.5336937.039.1 89.0 88.5 17 31 1024   14.20   13.00 8  8  2BN동52.94681714-3.2 5.6 2.4838314 0신뢰마주신뢰마주49기 010 8     8 7 6③1:29.0¾    .214.239.213.9  2  0  .00 3 1 -3  .33245403476 8 3 1 33 410.03 9.11 3.1 6.5 38.3   86.6  261.9   87.6  .02750 1 8 6 1▲ 1.238.60 -.3712.3488.7317.1131.1544.1913274113.5627.3139.13 3
20250913토 31400 8국430 3 84 8 1강 1151맑음포화1910 2빈체로킹        지롤라모더블브릴 4233.00한거 6 0 0 2 2  303      33000국4서인석김인규  99 8 8 11340 3 2 231  0조재로47652.087기추적95 90 905872.064.050.92343 71423 5183625551911192622144343→↗입13.937.339.113.5226536.838.6 85.9 87.9 14 29 1125   14.50   12.90 7 -6 -2HH동53.04671714-3.2 7.0 3.8707014 0신뢰마주신뢰마주52기 1 2 7     4 4 2①1:25.9목    .014.237.513.0 -3 10  .00 1 4  1  .01332231284 7 2 1 22 3 4.02 2.01 2.2 4.3  9.8   17.5   48.6    8.8  .02765 1 8 8 1▲ 1.038.40 -.6811.5288.8620.0336.1950.8521435918.1837.5856.25 3
20250727일 4140010국550 7104 9혼전 4451맑음건조 310 2빈체로킹        지롤라모더블브릴 4233.00한거 6 0 0 9 3  42212:15 24750국5서인석김인규  99 9 7211240 2 1 230  0조재로46654.086평무상83 82 825464.070.050.3284418184210183625551911192622175033↘→입13.937.339.313.6235737.937.3 88.5 87.4 11 26 1122   14.10   13.80 6  5  1VN동52.84671714-2.8 8.2 5.4565614 0마방기습신뢰마주72기 0 8 9     9 5 4①1:28.51½  -.314.537.512.9 -2-10  .00 1 3 -3  .0 487 2 894 6 4 2 23 2 3.07 8.07     7.4  5.0   36.5   64.5  160.310.64166 3 9 9 3★ 1.638.30 -.7710.7589.0020.9237.8150.3418375315.2829.8133.54 2
20250615일 31400 8국530 6 3410 2강 2251맑음건조 310 2빈체로킹        지롤라모더블브릴 4233.00한거 6 0 0 2 3  54311:25 24750국5서인석김인규  9910 6201140 1 1 229  0조재로47653.086평무하42 43 434352.062.042.3284418184210183625551911192622204040↘→입13.937.439.213.5196136.938.8 88.0 88.0  8 23 1223   14.80   14.20 7 -2  0HH동52.84651714-3.4 9.0 5.6535314 0마방습성마방기습48기 1 3 5     5 5 2③1:28.0¾    .014.138.713.8 -3 -4  .00 3 6  3  .11439302186 5 4 5 32 1 3.01 8.02     2.9  4.9    3.3    9.0   20.6  .03377 2 6 8 2▲ 1.138.30 -.5711.3589.0011.5027.0242.34142943 8.7020.6634.65 5
20250426토 4140011국511 5 6411 1강 1151맑음양호 810 2빈체로킹        지롤라모더블브릴 4233.00한거 6 0 0 9 4  69513:35 24750국5서인석김인규  9911 5191040 6 1 228  0이용호48053.078평무상71 67 674072.057.030.91958 4214411183616 01911191820204040↘↗자13.937.439.313.5195738.039.3 90.9 89.4  8 23 1223   14.90   13.50 8 -3  1NN동52.84651714-2.4 9.0 6.6454514 0마방습성마방습성 1기 0 5 9    10 8 8⑦1:30.9½    .914.840.214.2  4  7  .05 7 3 -6 3.66289477352 9 5 3 40 6 6.02 2.08     9.4  9.1   27.0   56.6   27.4  .03336 0 6 6 0―  .638.60 -.3412.7189.07 9.8219.6130.87 8203315.5328.0540.12 4
20250301토 4140011국552 310412 1강 1152흐림건조 310 2빈체로킹        지롤라모더블브릴 4233.00한거 6 0 0 1 5  86313:35 24750국5서인석김인규  9912 418 940 5 1 127  0이용호47352.073하무상48 44 443112.047.022.82773101946 8183616 01911191820255025↗↘자13.937.439.413.6175337.837.7 89.1 87.9  4 20 1220   14.80   13.60 7  4  0BH동53.04641714-1.4 9.0 7.6373714 0마방기습마방습성 1관 0 811     8 6 5②1:29.12     .014.938.413.5 -7  2  .00 2 9  3  .41280 41283 7 8 6 83 5 1.09 4.08     5.6  2.5   53.2   76.3   71.8  .03128 0 3 4 0―  .038.30 -.1911.0689.14 5.5514.2722.77 51222 4.1110.2613.21 9
20250111토 61400 9국531 3 3413 2강 2252맑음건조 510 2빈체로킹        지롤라모더블브릴 4233.00한거 6 0 0 2 5  99314:25 24750국5서인석김인규  9913 317 840 4 1 126  0이용호47152.073평자보35 28 283515.049.035.92773101946 8183616 01911191820255025↗↘자13.937.339.413.6275337.738.3 90.3 88.8  4 21 1317   14.80   13.90 4  0 -1HH동53.04641714-2.2 8.6 6.4515114 0마방기습마방기습 1기 1 4 8     8 9 8⑤1:30.32     .514.838.813.6 -1  3  .00 5 6 -5 1.94078142963 8 5 4 33 4 1.07 6.09     2.5  1.6   25.4   35.3   18.1  .03149 0 4 5 0―  .138.60 -.4712.0589.0710.5824.0935.93142943 4.4910.9120.87 4
20241214토 5140011국513 6 1414혼전 4451맑음양호 810 2빈체로킹        지롤라모더블브릴 4233.00한거 5 0 0 2 6 108314:00 24750국5서인석김인규  9914 216 740 3 1 125  0이용호46852.574평자보32 28 283017.052.022.7184313255212183616 01911191820255025↘↗자13.937.339.513.6304538.338.8 91.5 89.7  4 22 1317   14.60   14.40 6 -1  0HHDN53.04641712-2.2 8.8 6.6494914-3마방기습마방기습 1기 0 411    11 9 8⑧1:31.51¼  2.414.839.813.9 -3  5  .00 811  2 2.77094296818 8 8 7 60 3 6.0111.05     2.5 27.1   15.6   74.2   22.8  .03147 0 4 6 0―  .138.80 -.1912.8989.14 5.8814.1022.71 51223 4.55 9.9411.92 8
20241102토 6170011국511 2 6415 1강 1151맑음양호 710 2빈체로킹        지롤라모더블브릴 4233.00한거 5 0 0 1 7 121114:50 24750국5서인석김인규  9915 115 140 2 1 124  0이용호46352.563평자상65 58 584554.057.033.5279914244513183616 01911191820255025→↘자13.939.641.313.6564540.540.4114.4114.5  5 23 1418   14.30   13.80 4  2  0NHUP53.04641712 -.6 8.2 7.6404014 3마방기습마방기습 1기 0 5 6 6 7 7 7 8⑨1:54.42½  1.914.640.314.4  0  0  .00 9 9 -1 2.37476355224 3 9 3 30 2 2.11 1.07     5.3  7.6  235.3  340.2 1539.1  .03156 0 6 7 0―  .741.60 -.1633.59113.710.5922.0233.5412254010.1118.5834.16 3
20260906일10170011국4 0 4  9 0 1강 1151          10 3고주일척        섀클포드차이밍비 6826.00한거 3 0 1   1    017:50 33000혼4함완식이관형   1 0 8 1 3 7 6 2 2 7  1유승완   53.569우자보50 76 768473.059.032.91861 8225711151525442211152722252550→↘입14.439.340.513.27765                   57 43 1443   13.80   12.90 7 -1 -2VUDN56.14821814-1.0 3.2 2.2878717-1연대우수연대우수62기 1 3                            13.8    12.9        .0                       3 2 1 4  6                                              .03779 0 8 7 0▲  .640.50  .43     112.910.5821.0132.8713274111.9023.2634.46 4
20260718토 5180010국541 7 99 1혼전 4454흐림불량2010 3고주일척        섀클포드차이밍비 9128.00한거 3 0 1 2 1  127      24750국5함완식이관형   1 1 7 2 2 7 5 1 2 6  1유승완48255.068우입하26 51 515132.048.022.61861 8225711151525442211152722 03367→↘입14.640.540.613.2432539.439.4116.1117.9 50 33  033   14.70   13.50 6 -2  1VN동56.54821814-1.2 5.2 4.0707017 0연대우수연대우수 5   0 4 1 1 1 1 1 1①1:56.17   -1.213.838.512.9  0-10  .00 1 1  0  .0131820 596 5 6 4 81 5 1.02 4.08 3.0 6.3  3.0    6.4   10.0   27.1  .03762 0 6 4 0― -.240.30 -.1336.76119.0 6.0314.4822.64 41118 5.3315.6623.08 6
20260606토 5180011국531 9 39 2 1강 1152맑음양호 710 3고주일척        섀클포드차이밍비 9128.00한거 3 0 0 1 1  116      24750국5함완식이관형   1 2 6 1 1 7 4 1 1 5  0유승완49254.068기추보65 73 736248.050.026.41861 8225711151525442211152722 03367→↘입14.540.640.413.1294139.841.4121.7120.2 40 40  040   14.90   13.30 6  2 -3NUUP56.54821814-1.4 7.0 5.6555517 1연대우수연대우수48기 0 6 6 4 4 4 4 3②2:01.71     .014.741.013.5  1  9  .00 2 1  0  .17033726084 7 2 2 52 4 3.01 4.06 2.0 2.5  7.0    7.0   21.3   28.5  .03748-2 7 3-2▽  .040.50 -.1739.16118.9 6.5116.9826.39 6172812.7921.0533.59 5
20260425토 4170011국630 9 89 3혼전 4451맑음건조 310 3고주일척        섀클포드차이밍비 6826.00한거 3 0 0 9 1  118      16500국6함완식이관형   1 3 5 5 2 7 3 0 1 4  0유승완48357.069기입적69 85 858870.073.061.81861 8225711151525442211152722 05050→↘입14.539.840.712.9527339.840.9112.9112.1 25 25  050   14.50   13.20 6  3  1VV동56.34821714-1.8 8.5 6.8454517 0걸음늘어연대우수84기 0 4 9 9 9 7 7 2①1:52.92½  -.514.940.713.3  0  5  .00 1 1 -5  .0 742433796 4 1 2 13 3 1.02 4.02 2.1 4.4  2.1    4.4    7.5   17.310.63989 3 9 8 3▲ 1.841.10 -.6031.62113.431.1149.1961.7732516423.6838.5151.92 1
20260314토 3170010국650 9109 4혼전 4454맑음양호 710 3고주일척        섀클포드차이밍비 6826.00한거 3 0 0 2 1  124      16500국6함완식이관형   1 4 4 4 1 7 2 0 0 3  0유승완47856.569하추적27 40 403520.051.022.11861 8225711151525442211152722 0 099→↘입14.340.541.412.7 74839.539.9112.2111.5  0  0  033   14.80   13.00 4 -1  1UVUP56.04851714-1.0 9.3 8.3323214 3일반주행거리속성40기 0 1 3 3 3 3 3 2②1:52.24     .014.540.213.2 -4 -7  .00 2 6 -1  .7 32819 88910 6 6 82 2 3.06 3.01 3.3 8.5  5.5   15.4   32.5   30.9  .01844 0 4 5 0―  .040.30 -.4129.63114.4 5.2913.9122.10 41118 5.1712.3323.17 7
20260215일 3140011국641 9 99 5 2강 2251맑음건조 310 3고주일척        섀클포드차이밍비 6826.00한거 3 0 0 2 1   60      16500국6함완식이관형   1 5 3 3 2 7 1 0 0 2  0유승완48556.069하무보 5  7  7 2 2.028.0 4.71861 8225711151525442211152722      →↘입14.337.740.113.5 6 239.138.0 90.8 88.8  0  0  0 0   14.60   15.30 5 -6 -1HH동       1412 -.510.510.0141414 0능력한계보통주행72기 1 211    111111⑤1:30.81¾   .514.839.013.0 -2 -4  .00 5 7 -4  .64499 86768 9 711103 1 3.01 6.03 2.7 6.5  5.2    6.5   15.8   12.6  .013 4-4 1 2-4▼-1.838.20 -.3311.0289.83  .26 1.24 4.68 0 2 4  .12  .95 3.9311
20260110토 3140011국641 9 99 6혼전 4451강풍양호 810 3고주일척        섀클포드차이밍비 6826.00한거 3 0 0 2 1  103      16500국6함완식이관형   1 6 2 2 1 7 1 0 0 1  0해리카48956.567하무보 5  5  5 1 4.025.0 3.0144411225711151514252211172612      ↗→입14.337.940.613.5 1 437.641.8 93.5 91.5  0  0  0 0   14.30   13.8012  2  1NNUP       1412  .010.010.0121212 2걸음없음휴양불리 5기 1 810    10 910⑩1:33.51    2.414.642.615.3 -1 -5  .001011  1 3.49475939620111111110 1 1.10 1.07 2.7 6.0  2.7  108.5  132.3  291.8  .0 7 1-4 1 3-4▼-2.438.60 -.7113.0090.31  .12  .13 3.03 0 2 4 1.69 4.00 8.3310
20251019일 1120012국621 5 79 7혼전 4451맑음포화1710 3고주일척        섀클포드차이밍비 6519.00한수 2     2 2  25210:35 24750국6함완식이관형   1 7 1 1 1 7 1 0 0 0  0최범현49456.093평무보93 25 2562  .050.014.83264211260 6151528 02211193217      ↘↗입14.337.538.212.5569938.839.8 77.7 78.8              14.30   12.80        LN동       12 0         8.0     0 0일반주행작전마주43기 0 611    111212⑩1:17.7½   2.814.339.913.8  0  3  .001010  0 4.79597789413 5 3 8 80 1 1.05 5.08     4.0  1.6   10.6   12.1   21.9  .02042-1 5 5-1▽ -.238.90  .57 3.0675.89 2.81 8.0514.83 2 714 8.2815.4437.50 8
20260906일10170011국4 0 4  4 0 1강 1151          10 4한마디말도      지롤라모신라의달 4233.00한수 4 0 0   1    017:50 33000혼4정하백우태율   1 016 1 216 4 1 416  0코지     55.086우자하50 63 637879.063.044.2326019234817193529462619233019175017↗↘입13.739.440.613.66773                   38 54 2323   14.80   13.80 8 -2 -1HNUP53.94501714 1.2 2.8 4.0707013 1연대우수마방선전44기 0 4                            14.8    13.8        .0                       5 6 4 2  4                                              .03783 3 7 9 3▲ 1.140.60  .08     113.116.0331.5344.2318375314.2927.9138.38 3
20260712일 8160010국511 6 64 1혼전 4451맑음다습1010 4한마디말도      지롤라모신라의달 4233.00한수 4 0 0 2 1  134      33000혼4정하백우태율   1 115 2 216 3 1 415  0코지  44755.586우자보82 86 861482.070.053.8326019234817193529462619233019175017↗↘입13.736.639.013.6506936.040.0101.5103.0 38 54 2323   14.20   13.80 6 -1  3NN동53.94501714 1.0 3.0 4.0707013 0연대우수연대우수48기 1 610  10 6 6 5⑤1:41.53     .814.839.113.8  4  3  .09 5 1 -1  .95124594858 5 2 1 12 3 9.0210.02 2.2 7.3 23.2   91.2  192.1  269.010.64683 3 9 9 3★ 1.639.00 -.2627.40102.823.8241.5053.7821435925.5841.2754.27 1
20260531일 7160010국412 8 64 2 1강 1151맑음양호 610 4한마디말도      지롤라모신라의달 4233.00한수 4 0 0 9 1  104      33000국4정하백우태율   1 214 1 116 2 1 314  0코지  44453.086평자보72 73 731488.070.063.23260192348171935294626192330192060 0↗↘입13.736.539.113.7566136.339.1102.8102.0 33 42 2525   14.20   13.40 5  0  0NHDN54.14511714 1.0 3.0 4.0707013-1마방연대연대우수54기 1 7 6   6 7 6 4②1:42.81¼   .014.239.613.8  0 -1  .00 2 2 -1  .21832362587 5 2 5 13 2 3.02 3.07 1.5 3.7  9.8   25.1   52.4   68.1  .04376 3 8 9 3▲ 1.939.10 -.4726.39102.831.5552.2163.1838617221.3139.5253.48 2
20260426일 5170010국533 3 84 3혼전 4451맑음건조 310 4한마디말도      지롤라모신라의달 4233.00한수 4 0 0 9 1   86      33000국5정하백우태율   1 313 4 116 1 1 313  0코지  44553.086우자하54 53 536650.061.033.33260192348171935294626192330192550 0↗↘입13.739.540.713.6606939.640.3112.2113.0 36 55 1818   13.90   13.50 5  4 -2NHUP54.44531714 1.0 3.2 4.2696913 4마방연대마방연대52기 0 7 3 3 3 5 4 3③1:52.21½   .214.239.513.4  0 -7  .00 3 3  1  .43036261573 6 3 4 42 1 1.04 3.08 1.9 3.3  1.9    9.2   11.6   16.3  .03074 0 6 9 0▲  .941.50  .2332.78113.210.2522.0333.2519395610.6723.1232.75 3
20260321토 8130011국552 4104 4혼전 4457맑음건조 510 4한마디말도      지롤라모신라의달 4233.00한수 4 0 0 2 1   98      33000국5정하백우태율   1 412 3 416 1 1 312  0조한별45254.562우자하55 57 577750.056.032.01421102348171935251426191220182550 0→↘입13.737.238.713.6598538.138.8 82.7 83.6 36 55 1827   14.30   13.90 3 -7  2HNDN54.44531414  .2 2.4 2.6818113-1승부최상마방연대92기 1 3 5     8 8 5⑤1:22.72    1.413.938.613.5  3 -5  .09 5 2 -4 1.56074355137 6 3 2 53 1 5.04 4.02 2.0 5.9  9.7   21.9   54.6  435.512.73484 2 7 7 2△  .540.00  .49 7.6582.58 9.4319.8331.96 8172911.5925.6436.90 2
20260302월 6140011국453 6 54 5혼전 4451비  다습1010 4한마디말도      지롤라모신라의달 4233.00한수 4 0 0 1 1   47      33000국4정하백우태율   1 511 2 416 3 1 311  0정정희45752.581우자보93 88 887973.065.043.42044 92348171935253326192025152550 0→→입13.737.038.713.5478338.339.3 89.3 89.9 40 60 1030   13.80   13.00 4  8 -2BUUP54.44531412  .2 2.4 2.6818114 2탐색주행승부최상56관 01011    111110⑩1:29.3머리 2.014.339.413.9  4 -1  .0010 6  5 2.97494467826 9 2 5 40 3 3.04 3.02 1.9 3.5  7.0   25.4   59.9   12.310.54794 4 8 9 4▲ 1.339.10 -.0414.1888.3815.6930.1843.4310233613.6427.5241.28 5
20260201일 6120011국453 5104 6혼전 4451맑음건조 210 4한마디말도      지롤라모신라의달 3822.00한수 4 0 0 1 1   47      33000국4정하백우태율   1 610 1 416 2 1 310  0정정희45854.581우자보98 99 998581.062.038.72044 92348171935253326192025152550 0→→입13.737.238.013.5479137.837.7 74.8 75.5 40 60 2030   13.60   12.70 5  1  0HH동54.44531412  .4 2.4 2.8797914 0전개최상마방선전 5관 0 2 4     6 9 6④1:14.81     .813.837.613.0  3  2  .02 4 1  0  .93078133058 8 1 1 33 2 2.03 1.09 2.9 6.5  4.0   10.7   21.7   59.910.53986 3 8 9 3▲ 1.038.20  .16  .2975.6115.9327.8438.7210233619.4437.2748.04 1
20251227토 3120011국521 6 74 7혼전 4451흐림다습1410 4한마디말도      지롤라모신라의달 3822.00한수 3 0 0 9 1  10411:25 24750국5정하백우태율   1 7 9 4 316 1 0 3 9  0정정희45654.581우자하91 90 909180.066.052.12044 9234817193525332619202515 067 0→→입13.737.038.213.5628937.137.1 73.9 73.9 33 56 3322   13.70   15.00 6 -9  0UHDN54.34521413  .4 2.4 2.8797914-2마방선전전개최상66관 0 1 1     2 3 1①1:13.96   -1.013.637.112.7  0  8  .00 1 1 -1  .0 245 3 396 4 1 1 21 1 1.02 1.05     4.9  2.0    4.9    7.6   14.410.54392 3 8 8 3▲ 1.437.90 -.21-1.2775.6121.3939.9252.1018375323.0840.2152.17 1
20251115토 7140011국540 7 94 8혼전 4451맑음건조 310 4한마디말도      지롤라모신라의달 4233.00한수 3 0 0 2 1  12615:15 24750국5정하백우태율   1 8 8 3 316 2 0 3 8  0씨씨웡44854.593우자상96 96 967472.062.036.13456112348171935 0652619212522 067 0→↘선13.736.939.113.6507336.340.1 88.9 88.4 38 50 2525   14.00   13.10 4  1  2BN동54.34521413-1.2 4.4 3.2757514 0승부최상마방선전38관 010 1     2 1 1④1:28.92½   .513.740.315.0  2 -4  .00 4 2 -1  .92610734767 4 3 2 31 2 1.07 3.08     5.0  2.7   29.6   36.1  123.410.53483 2 8 7 2▲ 1.038.90 -.0412.3788.5912.6824.2336.0613314918.1834.0745.61 2
20251018토 5140011국521 8 74 9혼전 4451흐림포화1910 4한마디말도      지롤라모신라의달 4233.00한수 3 0 0 2 2  216      24750국5정하백우태율   1 9 7 2 216 1 0 2 7  0씨씨웡45253.090평자보87 85 855951.066.035.02652111743 61935 0652619212522 050 0↘→선13.637.039.313.7416536.938.2 87.6 87.6 29 43 2914   14.00   13.20 4  1  0BUUP55.04521413-2.0 6.0 4.0707014 1마방연대승부최상79기 1 9 6     3 3 2②1:27.61¼   .014.037.813.1 -1 -4  .00 2 3 -1  .2 63612 689 8 4 4 42 1 4.03 3.09 2.4 5.3  9.1   23.0   46.6   18.7  .04591 1 7 6 1△ 1.138.60 -.2011.2588.8011.4423.9134.9613274110.5720.4929.75 7
20250920토 4130011국531 1 8410혼전 4451맑음포화1810 4한마디말도      지롤라모신라의달 4233.00한수 3 0 0 2 2  281      24750국5정하백우태율   110 6 1 316 1 0 2 6  0이동하45653.090평입보75 82 828156.061.036.52647171743 6193527 72619252419 099 0→↗선13.637.139.013.7667637.838.6 80.1 82.3 33 33 3317   14.00   13.80 4  6 -4LUDN57.04481412-1.2 6.0 4.8666614-1일반주행마방연대 5관 0 8 8     8 6 4④1:20.12     .414.037.513.2  0  8  .00 4 4  2  .51860273366 4 2 2 40 1 3.07 9.04 1.8 4.6  6.7   46.7  100.6   48.1  .02288 0 7 6 0―  .739.80  .24 6.2082.7112.2024.4936.5010233610.0022.4633.22 4
20250824일 3140011국611 8 6411혼전 4451맑음건조 410 4한마디말도      지롤라모신라의달 4233.00한수 3     2 2  35611:25 16500국6정하백우태율   111 5 6 116 1 0 1 0  0푸르칸44857.081평추보56 79 796861.068.058.82575161743 61935 0272619142421      ↘↗추13.636.939.313.7556536.839.2 88.6 88.0 20 20 4020   13.90   14.7035 -4  2HBUP       1412-1.8 7.2 5.4636313 1강단마필작전마주43기 0 2 3     4 4 4②1:28.62     .014.039.013.8  0  4  .00 2 2  1  .31532453087 3 2 2 22 1 4.02 1.02     5.1  9.0   16.1   39.5    8.212.73269 2 8 8 2▲ 1.338.80 -.7711.8188.7322.2042.4158.7618375318.7537.4148.90 2
20241222일 2130011국611 7 6412 3강 3359맑음양호 710 4한마디말도      지롤라모신라의달 4233.00한수 2 0 0 2 6 105311:00 16500국6신삼영우태율   112 4 5 216 1 0 0 4  0조재로44455.087평추상29 51 518659.068.062.7314123199910 811 0 011 3192622      ↘↘입13.536.939.113.6817637.438.5 83.4 81.8  0  0 5025   13.60   13.20 9  1  0NNUP       1312-2.5 8.8 6.3585810 1숨은탄력작전마주 1기 2 6 4     4 3 1②1:23.41½   .013.739.614.3  1 10  .00 2 1-11  .3 741241788 3 4 2 12 1 4.01 5.06     4.2 13.8    5.5   23.8   54.711.83189 2 7 8 2▲ 1.439.90 -.42 5.7882.6528.1948.6462.6839597219.1835.7624.56 1
20241020일 7120012국654 310413혼전 4451맑음다습1410 4한마디말도      지롤라모신라의달 3822.00한수 2 0 0 2 7 124315:40110000국6신삼영우태율   113 3 4 216 1 0 0 3  0정우주43455.064평추상44 69 697220.050.014.11560 714 011 811 0 011 3163013      →↘입13.536.838.513.7728738.138.5 75.1 76.7  0  0 6733   13.50   13.50 8  4  0NN동       1310-1.3 7.7 6.3606010 0숨은탄력선추겸비 1   0 5 6    111111⑥1:15.1½   1.013.638.013.2 -6 15  .00 612  1 1.36885396449 811 6113 1 4.0812.08     9.2  7.1   53.1  109.8   88.9  .02367 1 4 3 1―  .139.00  .82 1.3875.67 3.13 7.9914.09 0 1 2 1.64 5.14 7.1612
20240825일 8120013국654 410414혼전 4455맑음다습1210 4한마디말도      지롤라모신라의달 3822.00한수 2 0 0 2 7 139215:40 82500국6신삼영우태율   114 2 3 116 1 0 0 2  0트레보41955.075평선하45 63 637028.046.0 9.32475 014 011 811 0 011 3253020      →↘선13.536.639.013.5924838.237.9 75.1 76.4  0  0100 0   13.40   15.20 5 -9  1HNDN       1310  .5 6.0 6.5606010-1숨은탄력탐색우려 1   0 1 8    1113 7⑥1:15.12     .713.537.413.5 -5 -3  .00 611  7 1.25989185062 412 3123 1 8.01 3.07     7.4 15.3   25.4   67.6   69.2  .01842-1 4 3-1▽ -.439.10  .80  .7975.84 1.91 4.28 9.32 0 1 2 3.9010.42 7.1913
20240721일 2130011국651 310415 2강 2251흐림불량2010 4한마디말도      지롤라모신라의달 4233.00한수 2 0 0 2 8 148511:05 16500국6신삼영우태율   115 1 2 116 2 0 0 1  0해리카42254.576평도보49 78 789048.059.031.61955 91150 7 811163311 3172612      ↘→입13.536.739.313.5978936.940.1 83.2 83.5  0  0100 0   13.60   13.80 5  4 -1BHUP       1310-3.0 8.0 5.0707010 3편성만만작전마주 1   010 4     3 2 2⑧1:23.2¾   1.013.440.815.2  4  4  .00 8 4 -4 1.36017745247 1 4 5 40 2 1.02 1.06     5.5  3.2    5.5   10.3   11.8  .02970 0 6 5 0―  .740.50  .44 7.5182.65 9.0919.9331.64 51324 8.4014.1714.77 8
20260906일10170011국4 0 4  5 0 1강 1151          10 5명진불패        섀클포드소우산   6826.00한암 5 0 0   1    017:50 33000혼4문병기(주)자성 0 016 3 633 1 1 532  0빅투아   55.591평추보50 42 422328.049.020.23155132652 9262723272827222817 03350→↘선14.340.041.413.52927                   32 45  635   14.70   13.40 4 -3  3NBUP53.34472014-1.6 8.2 6.6393913 1일반주행거리속성22관 0 5                            14.7    13.4        .0                      111111 8 19                                              .01651 0 4 5 0― -.241.40 -.10     114.0 4.9212.3720.23 2 714 4.7611.6320.37 6
20260809일 91600 8국313 9 65 1 1강 1151맑음건조 210 5명진불패        섀클포드소우산   6826.00한암 5 0 0 1 1   73      41250국3문병기(주)자성 0 115 2 733 1 1 531  0임기원46952.589평추보22 23 231417.046.027.01939 92652 9262729 02827233316 03350↘↗입14.336.939.813.5313736.939.3103.6103.0 33 47  737   14.10   13.80 3  4  0NH동53.34472014-1.8 8.8 7.0353513 0일반주행선추겸비55기 0 8 8   8 8 8 8⑦1:43.62    1.714.738.913.4  0 -1  .00 7 7  0 2.55078405437 6 3 6 60 1 1.02 3.07 1.3 3.6  1.3    4.3    6.1    6.8  .01632 0 4 5 0― -.339.80 -.1226.28103.4 5.5315.1327.00 51223 3.45 8.2216.09 7
20260719일 7160010국311 7 65 2 1강 1151맑음다습1410 5명진불패        섀클포드소우산   6826.00한암 5 0 0 2 1   24      41250국3문병기(주)자성 0 214 1 63316 1 530  0빅투아47052.591평추상47 36 361428.049.027.33155132652 9262723272827222817 03350→↘선14.337.039.713.5274136.340.4101.9103.5 34 45  738   14.20   13.30 3 -1  0HHUP53.34472014-1.4 7.8 6.4464613 2일반주행보통주행 5   0 4 8   8 7 8 6⑤1:41.9머리 1.614.139.713.8 -2  0  .00 5 7 -3 2.06740706936 7 7 7 6318 4.0110.01 1.6 3.9  9.9    6.9   21.4    9.4  .02332 1 5 6 1―  .039.70 -.1226.83103.4 7.0117.8927.34 51223 5.0812.4022.61 7
20260627토10140011국452 2105 3혼전 4451맑음건조 410 5명진불패        섀클포드소우산   6826.00한암 5 0 0 9 1   51      41250국4문병기(주)자성 0 313 4103315 1 529  0빅투아47052.591평입하18 19 192712.041.015.03155132652 9262723272827222817 03350→↘선14.337.339.313.5324137.838.6 86.9 88.8 36 57  736   14.50   15.10 5  0  0NHDN53.34472014  .2 6.6 6.8454517-4일반주행조교부실20관 0 510    1010 9⑤1:26.9½   1.114.238.013.3 -5 -6  .00 510  3 1.1398019384510 7 9 9317 1.06 9.02 3.4 6.9  3.4   21.5   32.1   44.1  .01622-1 3 3-1▽ -.838.60  .1412.2289.00 3.93 8.4714.99 2 510 3.26 8.3814.14 9
20260523토 9180011국343 9 95 4혼전 4451맑음다습1310 5명진불패        섀클포드소우산   9128.00한암 5 0 0 2 1   72      41250국3문병기(주)자성 0 412 3 23314 1 528  0빅투아47652.591평입상52 43 431047.057.036.93155132652 9262723272827222817 03350→↘선14.340.440.913.6261739.841.9121.3120.6 37 52 1137   15.10   13.90 4  0  0NH동53.34472014 -.2 5.6 5.4545413 0숨은탄력거리속성54기 1 5 6 5 5 6 7 8⑩2:01.3¾   1.814.542.915.1  3  6  .0010 7 -3 2.48035817434 811 6 5016 1.08 4.02 2.9 6.2  2.9   50.4   62.9  726.5  .02557 1 6 7 1―  .640.70 -.5139.25119.013.0925.0036.93 8172910.3921.1832.34 3
20260426일 9180011국352 8105 5혼전 4451맑음건조 310 5명진불패        섀클포드소우산   9128.00한암 5 0 0 9 1   62      41250국3문병기(주)자성 0 511 2 13313 1 527  0빅투아47052.591평입보19 16 16 314.037.0 9.73155132652 9262723272827222817 03655→↘선14.340.440.713.5272740.841.4118.1118.4 38 46 1242   14.20   14.8011 -5  0NHUP53.44452014  .2 4.6 4.8606017 4일반주행휴양불리40기 0 5101010 8 8 8⑥1:58.1½    .815.140.813.9 -4  0  .00 610  0  .93175718260 9 91111015 4.05 1.10 2.5 5.6  6.8   27.4   66.8  256.7  .01614-3 3 2-3▽-1.140.50  .1637.29119.0 1.84 4.51 9.72 1 4 8 2.15 7.9215.0910
20260207토11140011국352 5105 6혼전 4461맑음건조 210 5명진불패        섀클포드소우산   6826.00한암 5 0 0 2 2  210      41250국3문병기(주)자성 0 610 1 93312 1 526  0빅투아47052.590우입보92 91 916573.057.025.42836182654 9262723272827222817 03655→→선14.337.338.613.5308037.041.3 89.1 90.6 40 52 1244   14.70   13.30 3  1 -4LHDN53.44452014 -.2 3.6 3.4747417-3일반주행보통주행46기 110 8     6 5 9⑨1:29.13    2.714.240.314.8 -1  1  .00 910  8 3.0864290891711 2 3 6014 2.07 5.07 3.1 5.4  3.2   49.2   79.8   95.210.52961 2 7 7 2―  .639.00  .3214.6888.52 6.9815.3025.35 5122310.3422.3034.44 5
20260118일 6170011국411 3 65 7 1강 1151흐림건조 510 5명진불패        섀클포드소우산   6826.00한암 5 0 0 2 1   47      33000국4문병기(주)자성 0 7 9 3 53311 1 425  0빅투아46956.091우추하73 58 583964.054.037.83155132652 9262723272827222817 03655→↘선14.240.041.013.5334839.640.1111.0112.2 38 54 1342   14.00   14.00 3 -2  0NLUP53.44452014 -.2 4.8 4.6636313 3승군시기거리속성60기 0 9 8 8 6 4 3 2②1:51.08     .014.738.913.3  0  0  .00 2 2 -2 1.5153824158510 4 3 2213 1.0211.09 1.5 4.7  1.5    5.0    5.8   16.0  .02444 0 7 7 0―  .540.90 -.3131.19113.811.7924.4737.7719395616.1836.9252.43 2
20251228일 6140011국412 5 65 8혼전 4451맑음다습1210 5명진불패        섀클포드소우산   6826.00한암 4 0 0 9 1   4814:25 33000국4문병기(주)자성 0 8 8 2 83310 1 424  0빅투아46956.091우추하86 83 837255.057.035.23155132652 9262723272827222817 03655→↘선14.237.238.713.5397637.438.9 88.1 88.6 39 57  943   14.10   13.80 6 10  2VBDN53.44452014 -.6 4.8 4.2666613-2일반주행승군시기39기 011 7     6 6 5⑦1:28.1½   1.314.038.914.0  3 -5  .00 7 4  2 1.53668303943 9 1 3 5212 1.03 7.01     4.6  1.6    4.8    6.2    7.5  .01870 0 7 6 0―  .438.60  .0512.6688.5212.2724.3835.2410233610.1324.3437.50 5
20251115토 31600 8국441 6 45 9 3강 3351맑음건조 310 5명진불패        섀클포드소우산   6826.00한암 4 0 0 2 1  13011:25 33000국4문병기(주)자성 0 9 7 1 533 9 1 423  0빅투아47454.591우추상87 83 831480.063.066.53155132652 9262723272827222817 03655→↘선14.336.838.813.5387336.638.7102.6102.0 41 55 1445   14.30   13.20 3 -8  1UN동53.44452014 -.8 5.2 4.4606013 0착차만회보통주행72기 1 1 4   4 4 3 3③1:42.61½   .314.139.013.8  1  6  .00 3 2 -3  .42161252773 7 1 3 2211 3.04 8.04     2.4  4.7   15.9   35.3   16.712.24168 3 8 8 3▲ 1.138.80 -.5726.38102.824.9148.6366.5018375326.9252.3569.96 1
20251025토 7160010국511 3 6510 3강 3351맑음건조 510 5명진불패        섀클포드소우산   6826.00한암 4 0 0 9 1  192      33000혼4문병기(주)자성 010 614 433 8 1 422  0빅투아46854.091평추상79 80 801481.069.060.83155132652 9262723272827222817 04060→↘선14.336.838.813.5377336.737.7101.5101.5 38 52 1443   15.00   13.10 5  3 -1NNDN53.34422014 -.4 4.8 4.4585813-1착차만회급신장세54기 0 9 7   7 7 5 3③1:41.5½    .014.337.913.2 -2  8  .00 3 5  0  .41166 7 684 5 1 2 1010 1.04 7.04 1.6 5.5  1.6    6.0    8.3   12.312.24162 3 8 8 3▲ 1.538.80 -.4325.92102.825.2547.4560.8039597229.5852.2365.16 1
20250921일 9170010국541 4 9511혼전 4451맑음다습1310 5명진불패        섀클포드소우산   6826.00한암 4 0 0 2 2  266      41250혼4문병기(주)자성 011 513 433 7 1 321  0빅투아46054.590평추보39 36 362829.051.022.62836182654 9262723272827222817 04456→→선14.339.841.313.5433740.039.8110.2112.7 35 50 1540   14.30   14.80 5 -3  0NNUP53.24402014  .2 4.6 4.8545413 1일반주행거리속성 5기 0 6 8 8 7 7 6 2②1:50.2½    .015.038.813.1 -3 -7  .00 2 5 -3  .02357181786 8 9 9 63 9 1.05 4.06 2.6 5.0  2.6   13.6   22.0   70.8  .01627 0 4 5 0―  .041.20 -.0231.60113.8 5.7614.8022.61 51223 4.6010.5818.00 9
20250816토 8160010국450 410512 3강 3351맑음다습1010 5명진불패        섀클포드소우산   6826.00한암 4 0 0 2 2  38117:30 41250국4문병기(주)자성 012 412 333 6 1 320  0빅투아46754.590우추보84 68 681451.052.024.02836182654 9262723272827222817 04456→→선14.336.639.013.5476936.340.2103.9103.6 37 53 1642   14.20   13.30 4  3  2NN동53.24402014 -.6 4.2 3.6656513 0일반주행보통주행42기 1 9 8   8 7 6 7⑧1:43.9½   1.714.340.814.8  0  9  .00 8 8  4 2.47141666731 4 3 6 80 8 1.03 2.10     5.6  2.6    9.4   13.3   35.912.12136 0 5 6 0―  .239.00  .4527.99102.8 6.5615.3223.95 1 61112.0421.1931.30 4
20250719토 8160010국452 210513혼전 4451흐림포화1710 5명진불패        섀클포드소우산   6826.00한암 4 0 0 2 3  44717:30 33000국4문병기(주)자성 013 311 233 5 1 319  0빅투아45853.089평추보72 57 571434.056.029.8295617355914262723272827222817 04456↘→선14.336.838.913.4357336.339.4100.2102.1 39 50 1744   14.90   13.60 6  4 -3NHDN53.24402014-1.2 4.8 3.6626213-1일반주행보통주행76기 2 6 9   9 8 9 5⑤1:40.2¾    .814.238.313.3  1  4  .00 5 4  0 1.52438464154 8 1 5 53 7 3.01 9.05     6.8  5.1    6.8   10.3   25.5  .02336 1 5 6 1―  .538.90  .2626.36102.9 9.3018.6229.83 81729 8.5116.2420.97 6
20250607토 61700 8국452 6 5514 1강 1151맑음건조 310 5명진불패        섀클포드소우산   6826.00한암 4 0 0 2 3  56715:35 33000국4문병기(주)자성 014 210 333 4 1 318  0빅투아45455.589우추보74 78 786485.067.056.1295617355914262723272827222817 04456↘→선14.239.941.113.4394840.140.2113.7113.1 41 53 1847   14.50   12.70 5 -2  3UB동53.24402014 -.6 5.0 4.4656513 0부중유리거리속성45기 0 2 3 3 4 4 4 4④1:53.72    1.214.939.913.6  0 -5  .00 4 4  1 1.43563283346 6 6 3 22 6 1.03 4.01     4.0  2.5    6.4   11.5    5.7  .04382 3 9 9 3★ 1.441.10 -.7232.10113.819.3539.8356.1218375319.5337.4553.27 3
20250503토 6170011국454 510515 1강 1151흐림포화1810 5명진불패        섀클포드소우산   6826.00한암 4 0 0 1 4  67215:15 33000국4문병기(주)자성 015 1 9 233 3 1 317  0빅투아45952.584우추보63 71 716254.055.035.9284618354821262723272827222817 03863↗↘선14.139.741.213.4484140.438.9110.8113.0 44 56 1944   14.30   15.10 3 -1 -1HHUP53.34382014 -.2 4.8 4.6656517 1일반주행최적거리 1기 0 4 6 6 7 6 5 3③1:50.8¾    .214.537.812.7  0  4  .00 3 3 -1  .33272 5 873 9 7 4 32 5 2.01 7.03     8.2  4.5    8.2   14.1    9.7  .01857 0 5 6 0―  .641.30 -.2132.12113.711.2823.3435.94122540 9.7818.4834.41 4
20260906일10170011국4 0 4  3 0 1강 1151          10 6하트케이        퍼지    해동의별 5040.00한거 6 0 0   1    017:50 33000혼4송문길강경운   2 016 2 232 1 1 332  0송재철   52.578평입보50 57 572732.050.023.91746 7194110282325202628192520174242↘↗입13.739.440.613.56965                   23 30 1327   14.10   12.50 6  0  0NHUP53.94601712-1.8 6.6 4.8646414 5일반주행거리속성29관 0 6                            14.1    12.5        .0                       4 5 8 6  9                                              .01849 0 5 6 0―  .040.60  .54     113.1 5.8815.3923.88 51223 3.1710.0815.67 7
20260726일10120010국451 1103 1혼전 4451맑음양호 910 6하트케이        퍼지    해동의별  534.00한거 6 0 0 9 1   92      41250혼3송문길강경운   2 115 11232 3 1 331  0김정준45652.574평입보59 68 685029.049.020.0153810194110282324 42628142126174242↗↗추13.737.338.013.5328538.037.0 74.1 75.7 24 31 1424   13.70   12.80 5  1 -1NH동53.94601714-2.4 6.2 3.8727214 0숨은복병보통주행61관 0 6 5     7 6 7⑧1:14.1머리 1.814.136.412.5 -1 -1  .00 8 9  2 2.03786 31628 7 4 7 8015 2.01 2.07 2.8 7.1  4.6    7.1   15.6   10.5  .02134 0 5 5 0―  .038.10  .65  .3775.67 4.2111.8619.98 2 714 4.12 9.3916.98 9
20260621일10120011국552 5103 2혼전 4451맑음포화1610 6하트케이        퍼지    해동의별  534.00한거 6 0 0 2 1   81      33000국5송문길강경운   2 214221132 2 1 330  0김정준45753.074평입보67 80 804644.055.027.2153810194110282324 42628142126184536↗↗추13.837.338.113.5358037.438.5 74.0 76.2 25 39 1425   13.90   13.80 5  2  1NNDN54.04601714-3.0 6.6 3.6696914-4일반주행조교부실 5관 0 5 7     9 9 8⑥1:14.0½    .613.737.412.8 -1 -3  .00 6 7  3  .95258404464 9 3 3 6314 1.08 4.11 3.5 5.1  3.5   23.7   31.5   54.6  .01831 0 6 5 0―  .338.30  .39  .7875.72 8.6118.4327.19 81729 9.5217.3025.60 6
20260516토 8160010국512 9 63 3 2강 2254맑음건조 310 6하트케이        퍼지    해동의별 5040.00한거 6 0 0 2 1   93      33000국5송문길강경운   2 31321 232 1 1 329  0김정준46052.573평입보50 57 571452.058.036.7153810194110282324 42628142126184536↗↗추13.736.639.713.5494136.439.5103.3102.7 22 33 1530   13.80   13.50 5 -6  0HHUP54.04601714-3.6 7.2 3.6646414 4일반주행조교부실28관 0 3 2   2 4 4 3③1:43.3½    .013.940.113.8 -1-10  .00 3 4 -2 1.13841484392 6 4 3 4213 5.01 2.04 2.2 6.9  8.4    9.7   25.5   19.5  .02342 1 6 8 1▲  .639.70 -.1826.39103.211.9923.3836.69102336 9.6221.0533.76 5
20260411토 6120010국454 4 53 4 3강 3351맑음다습1410 6하트케이        퍼지    해동의별  534.00한거 6 0 0 2 1   98      33000국4송문길강경운   2 412201032 1 1 328  0이용호47052.565평입상77 79 796556.058.048.81657 7194110282317142628191820184536→↘자13.737.338.013.6308337.438.6 75.0 76.2 23 38 1527   14.00   12.60 5  3  0LH동54.04601714-3.2 7.4 4.2585814 0걸음늘어작전마주33관 0 9 8     8 9 8④1:15.0¾    .713.838.413.5 -2 -1  .00 4 6 -1 1.85663445159 9 1 3 23 1 2.09 5.07 2.2 4.3  4.4  182.3  244.2   63.5  .02863 0 6 5 0―  .638.30 -.18  .8975.6719.1335.5748.7618375312.3126.7539.92 4
20260308일 6120011국444 5 93 5혼전 4451맑음다습1310 6하트케이        퍼지    해동의별  534.00한거 6 0 0 2 1   89      33000국4송문길강경운   2 51119 932 4 1 327  0김정준47152.574평입상72 66 664219.048.021.9153810194110282324 42628142126184536↗↗추13.737.238.313.6387637.937.5 74.1 75.2 20 32 1620   13.90   13.10 5  1  0NH동54.04601714-2.8 7.2 4.4555514 0일반주행급신장세50관 0 6 9     9 9 7③1:14.1¾    .014.036.812.6 -4  3  .00 3 7  0 1.22082 92778 8 5 5 7312 1.08 2.04 2.0 5.4  2.0   22.3   31.8   88.2  .01636 0 4 3 0― -.138.10  .48 -.2875.78 5.3112.5421.90 41219 4.7112.2220.07 6
20260201일 6120011국453 5103 6혼전 4451맑음건조 210 6하트케이        퍼지    해동의별  534.00한거 6 0 0 1 1   78      33000국4송문길강경운   2 61018 832 3 1 326  0김정준46852.574평자상48 47 473316.044.018.8153810194110282324 42628142126205030↗↗추13.737.438.213.6268037.637.7 74.6 75.3 21 38 1729   13.90   13.50 5  1  0NH동54.14601714-2.6 7.6 5.0545414 0일반주행조교부실 5관 0 5 7     7 6 4③1:14.63     .613.937.613.1 -4  0  .00 3 7 -2  .72368132364 9 4 8 8311 2.03 1.09 2.9 6.5  4.0   10.7   21.7   59.9  .01631 0 3 3 0― -.537.90  .51 -.2875.84 4.9611.3318.77 2 714 3.70 7.2712.69 8
20251227토 4120011국454 4103 7혼전 4451흐림다습1410 6하트케이        퍼지    해동의별  534.00한거 5 0 0 9 1  10312:45 33000국4송문길강경운   2 7 917 732 2 1 325  0김정준46852.574평자상65 57 574221.049.022.8153810194110282324 42628142126205030↗↗추13.737.238.313.6447637.338.9 74.8 76.2 22 30 1730   13.80   13.10 5  2 -1HH동54.14601714-2.0 7.2 5.2505014 0일반주행조교부실36관 0 4 6     5 6 5⑤1:14.84    1.013.938.413.5 -4  6  .00 5 9  2 1.95756535549 9 3 9 6210 4.10 1.07    10.0  6.7   94.3  173.1  264.8  .01843 0 4 5 0―  .138.40  .45  .7275.78 6.2814.6222.82 41219 5.00 9.8417.0710
20251123일 7120011국434 1 83 8혼전 4451맑음건조 310 6하트케이        퍼지    해동의별  534.00한거 5 0 0 2 1   9315:15 33000국4송문길강경운   2 8 816 632 1 1 324  0김정준46253.074평입보40 32 324316.046.020.2153810194110282324 42628142126205030↗↗추13.737.238.313.6387637.437.8 74.0 75.9 23 36 1427   13.80   13.60 5 -8  1UN동54.14601714-1.8 7.0 5.2515114 0일반주행보통주행59관 1 2 7     7 8 6③1:14.04     .713.837.613.1 -4  2  .00 3 7  0 1.04158151958 8 710 73 9 2.03 5.06     4.5  3.4    6.3   12.0   43.0  .01651 0 4 5 0― -.338.30  .54  .3875.78 3.7810.8420.15 41118 3.39 6.7812.0711
20251019일 6120011국444 4 43 9혼전 4441맑음포화1710 6하트케이        퍼지    해동의별  534.00한거 5 0 0 2 2  204      33000국4송문길강경운   2 9 715 532 1 1 323  0유승완46052.067평입상77 71 715639.054.025.71133 7365226282330242628152722205030→→입13.737.238.313.6447638.138.5 75.5 77.0 24 38 1429   14.10   13.10 5  3  0BUDN54.14601714-1.4 6.2 4.8595914-2편성만만조교부실27관 010 9    10 9 7⑦1:15.53    1.713.838.413.6  0  2  .00 7 7  1 1.87486386531 8 4 5 50 4 1.02 5.02 1.9 3.5  1.9    3.5    5.4   25.9  .02951 0 5 4 0―  .338.60  .37 1.4675.78 7.1316.8425.73 81729 5.8314.8124.93 5
20250913토 31400 8국430 3 8310 1강 1151맑음포화1910 6하트케이        퍼지    해동의별 5040.00한거 5 0 0 2 2  303      33000국4송문길강경운   210 6141432 1 1 322  0김정준45852.080평입상72 58 585153.056.042.42160 8365226282324 42628142126225622↘↗추13.736.839.313.6624837.338.6 86.3 88.3 25 35 1530   13.60   13.30 8 -3  0NUDN54.34601714-1.8 6.6 4.8595914-2일반주행작전마주29관 0 7 6     7 7 6④1:26.3¾    .414.137.513.1 -2 -1  .00 4 6 -3  .42461232768 3 5 5 43 8 4.02 2.01 2.2 4.3  9.8   17.5   48.6    8.8  .02352 1 6 7 1―  .639.00 -.2512.2288.6613.7927.4842.39 8203310.2320.6133.75 4
20250719토 8160010국452 210311혼전 4451흐림포화1710 6하트케이        퍼지    해동의별 5040.00한거 5 0 0 2 3  44717:30 33000국4송문길강경운   211 513 132 1 1 321  0김용근45952.086평입보37 35 351422.051.024.5172711253314282329432628312714225622↘↗선13.736.239.913.6703736.239.7100.2102.1 26 32 1632   13.60   14.50 5  7  0VUUP54.34601714-1.8 6.6 4.8595914 2일반주행보통주행35관 010 4   4 4 8 7⑥1:40.2머리  .813.638.613.3 -3 -3  .00 6 9  2 1.52432554754 6 4 6 90 2 3.01 9.05     6.8  5.1    6.8   10.3   25.5  .02142 0 4 6 0―  .139.90  .2225.96103.1 7.1215.8624.46 2 714 5.3210.1515.32 9
20250615일 9140011국454 310312혼전 4455맑음건조 310 6하트케이        퍼지    해동의별 5040.00한거 5 0 0 2 3  53717:00 33000국4송문길강경운   212 4121332 5 1 320  0김정준46252.075평입하34 38 385325.056.038.2264017253314282324 42628142126225622→↘추13.736.839.113.5586136.640.6 88.4 89.5 28 33 1733   13.40   15.10 5 -3 -1HU동54.34601714-2.2 6.2 4.0707014 0숨은복병작전마주35관 0 3 6     5 6 6⑥1:28.41    1.613.640.214.5 -1 -5  .00 6 7  3 1.96620837131 7 3 5 42 7 8.03 5.04     9.3 13.8   36.3   80.1   74.2  .02146 0 5 7 0―  .439.20 -.0313.6388.5213.3825.9038.15102336 9.6820.5529.11 6
20250510토 5140011국423 6 7313혼전 4454흐림불량2010 6하트케이        퍼지    해동의별 5040.00한거 5 0 0 2 4  65214:25 33000국4송문길강경운   213 3111232 4 1 319  0김정준46752.572평입하58 66 665046.056.024.6163312183113282324 42628142126225622→→추13.736.839.213.5615736.640.9 89.8 90.0 28 33 1733   13.90   13.30 5 -2  1NN동54.34601714-1.4 6.0 4.6686814 0일반주행작전마주 1   0 6 4     6 7 9⑩1:29.81¼  2.013.442.015.1  6  2  .0910 4 -2 2.07821877825 6 5 2 50 610.07 9.01     4.0 43.3  414.7  707.0 1444.4  .02032-1 6 6-1▽  .339.40  .2514.0388.59 6.9416.0524.58 8172911.6923.1223.66 5
20250405토 6140011국421 3 7314혼전 4451비  포화1710 6하트케이        퍼지    해동의별 5040.00한거 5 0 0 1 4  75617:35 33000국4송문길강경운   214 2101132 3 1 318  0김정준46552.072평입하52 68 686645.061.044.7163312183113282324 42628142126256313→→추13.736.739.313.5715337.438.6 88.1 88.8 29 35 1835   13.90   13.60 5  4  0NUUP54.64591714-2.4 7.2 4.8656514 2일반주행작전마주 1관 2 8 6     8 7 5③1:28.13     .613.938.513.3 -3  0  .00 3 6  3  .94364222761 3 3 2 23 5 1.08 1.07     4.0  2.3   22.2   30.4   43.8  .02554 1 7 7 1―  .839.20 -.2712.8388.5916.6131.8544.7318375312.6822.9735.80 4
20250301토 6120011국442 1 9315혼전 4451흐림건조 310 6하트케이        퍼지    해동의별  534.00한거 5 0 0 1 5  86115:15 33000국4송문길강경운   215 1 9 432 2 1 317  0김정준46552.070평입상72 72 726647.058.032.5185614264314282324 42628142126256313→→추13.737.038.413.5607337.438.5 75.2 76.3 31 38 1938   14.00   13.10 5 -4  0HU동54.64591714-1.0 6.8 5.8575714 0일반주행보통주행 1관 1 4 7     7 7 5⑤1:15.2½    .313.938.513.6  2  7  .00 5 3 -5 1.35757394270 7 7 3 30 4 1.09 8.07     6.0  2.9   32.1   53.1   34.4  .01846 0 6 6 0―  .838.60  .22  .9175.7210.8421.7932.51 91935 8.8918.3723.39 5
20260906일10170011국4 0 4  5 0 1강 1151          10 7당대초월        섀클포드황금물결 6826.00한거 5       1    017:50 33000혼4홍윤화죽마조합-2 016 1 1 0 1 3 5 0  0우인철   56.570우입보63 71 718086.057.037.42048 92150 61742 0 03315102723 05038→↘입14.439.740.413.45580                   47 29 1241   15.00   12.2023  0 -1NNDN55.44561817  .0 2.2 2.2787813-1일반주행마방기습42기 0 7                            15.0    12.2        .0                       7 1 2 3  1                                              .03983 3 8 7 3▲  .740.40  .19     113.112.4025.1537.4010233619.8432.5646.21 2
20260322일 31800 9국441 6 95 1 1강 1157맑음건조 510 7당대초월        섀클포드황금물결 9128.00한거 5 0 0 2 3  464      33000국4홍윤화죽마조합-2 115 1 419 1 3 517  0장추열45957.593우추상48 70 708282.056.050.63048 417 0251742 0 03315202722 04343↘↗입14.440.040.213.4625340.638.9119.0118.7 50 31 1338   14.20   13.20 3  0  3NB동55.14561817  .0 1.8 1.8838313 0전개최상마방기습60관 1 7 3 3 4 4 4 4③1:59.03     .514.339.413.4  0  1  .00 3 3  0  .53565 91567 4 3 2 32 1 4.02 6.09 3.1 4.3  4.8   10.3   24.1   14.7  .03772 0 8 6 0▲  .740.90 -.5038.51118.616.2034.3250.5912254029.7353.7973.95 2
20260228토 8180010국550 2105 2혼전 4451맑음건조 310 7당대초월        섀클포드황금물결 9128.00한거 5 0 0 9 1   66      33000국5홍윤화죽마조합-2 214 3 319 1 2 516  0최범현45854.593우추하50 61 619172.064.042.43160132150 61742 0503315193217 03350↗→입14.440.140.213.4565339.240.1117.7118.8 47 40  747   14.70   13.30 5 -3 -2NHUP55.24561817 -.2 2.0 1.8838313 1마방기습전개최상52관 0 7 2 3 3 4 3 3②1:57.7동착  .014.238.913.2 -1 -4  .00 2 3  1  .04114401275 3 2 4 22 1 7.03 3.07 2.8 7.3  7.1   44.1   52.4   57.2  .04796 3 8 9 3▲ 1.240.80 -.3238.50118.717.6630.5442.3918375316.8429.6741.28 2
20260124토 8170011국541 6 95 3혼전 4441맑음건조 310 7당대초월        섀클포드황금물결 6826.00한거 5 0 0 2 1   77      33000국5홍윤화죽마조합-2 313 2 519 5 2 515  0빅투아46256.091우추보59 76 768368.063.036.23155132150 6174234 03315222817 03350→↘선14.539.640.613.3616940.140.6112.7113.3 50 43 1450   14.50   13.00 4  2  3LNDN55.24561813 -.4 2.4 2.0858513-1승부최상마방기습 5기 010 6 6 5 5 6 5③1:52.74     .714.739.813.3  1 -2  .00 3 2  0 1.94563374361 4 4 4 43 5 1.09 5.01 2.6 5.4  2.6   29.2   46.0   43.412.73479 2 8 7 2▲ 1.041.40  .1633.05113.213.3724.8936.2413274114.1426.7339.50 4
20251228일 8180011국420 5 75 4 2강 2251맑음다습1210 7당대초월        섀클포드황금물결 9128.00한거 4 0 0 9 1   6716:10 33000국4홍윤화죽마조합-2 412 1 219 4 2 414  0빅투아46453.591우추보81 91 918291.067.063.73155132150 6174234 03315222817 02060→↘선14.339.940.713.4693040.639.2119.5119.3 46 46 1538   14.00   13.70 4  3 -4NHUP55.54541813 -.2 2.8 2.6818117 1마방기습승부최상53기 1 8 5 5 5 4 4 4②1:59.5½    .014.539.613.0  0 -3  .00 2 2  1  .05664162382 4 7 1 22 4 1.02 3.08     2.9  1.5    2.9    3.5    5.2  .04892 4 9 9 4☆ 1.541.10 -.9138.70118.825.9748.4263.7318375325.2347.1763.87 2
20251129토 6170011국550 4105 5혼전 4451맑음다습1010 7당대초월        섀클포드황금물결 6826.00한거 4 0 0 9 1   8314:25 24750국5홍윤화죽마조합-2 51111 419 3 1 413  0빅투아46757.091우추보70 81 817665.064.036.03155132150 6174234 03315222817 02550→↘선14.339.541.013.3685339.140.2111.6111.9 42 33  842   14.60   13.70 4 -5  3NB동55.14511813  .2 3.4 3.6707013 0승부최상마방기습52기 0 5 2 2 3 6 7 1①1:51.61    -.214.040.413.7  0  8  .00 1 1  0  .0 81428 790 7 4 4 53 3 1.04 5.02     6.3  2.6    9.6   12.9   13.1  .03465 1 7 8 1▲ 1.041.30  .0031.43113.414.0625.1636.0010233612.7723.3536.75 5
20251101토 5170011국550 6105 6 1강 1154맑음건조 510 7당대초월        섀클포드황금물결 6826.00한거 4 0 0 1 1  172      24750국5홍윤화죽마조합-2 61010 319 2 0 412  0빅투아45954.591평입상74 81 818690.073.060.33155132150 6174234 03315222817 03333→↘선14.339.640.813.3606539.241.2112.3113.0 36 36  045   14.40   13.50 6  0  1LN동55.34481813-1.2 5.0 3.8686813 0승부최상승부최상77기 110 7 7 7 5 5 3①1:52.3½   -.114.640.713.7  0 -1  .00 1 1 -3  .03117573391 4 2 1 13 2 1.0510.07 2.6 6.8  2.6    9.3   14.8   58.7  .04792 4 9 9 4☆ 2.141.40 -.5032.57113.435.3351.6460.2638617237.8959.0070.71 1
20250920토 5170011국551 6105 7 2강 2262맑음포화1610 7당대초월        섀클포드황금물결 6826.00한거 4 0 0 2 2  280      24750국5홍윤화죽마조합-2 7 9 9 219 1 0 311  0빅투아46054.090평입보38 51 517990.069.062.1283618 9 0 6174234 03315222817 03333→→선14.339.740.713.2517339.440.9110.2112.7 30 30  050   15.20   13.60 3  7  0BHDN55.34481813 -.8 5.6 4.8585813-1마주성향승부최상 5기 010 6 6 6 6 6 4②1:50.27     .014.440.213.5 -2  2  .00 2 4  0 1.22324503186 6 1 4 13 1 7.04 8.10 2.0 6.3 26.5   79.0  209.1  289.2  .05697 4 8 9 4▲ 1.741.30 -.5432.30113.430.1650.5262.0818375327.6949.3762.31 2
20250830토 5180011국530 8 85 8혼전 4451맑음포화1810 7당대초월        섀클포드황금물결 9128.00한거 4     9 2  34316:35 24750국5최봉주죽마조합-2 8 8 8 119 1 0 3 0  0디에고45854.056평입보41 45 4551  .044.022.7 5 0 01425 91428 0 017 4132321 0 050→→입14.140.739.813.1158339.640.9118.5119.5 33 33  056   13.70   12.90 9  2  0HHUP56.04431813 -.6 5.6 5.0585813 5마방승부마주성향44기 1 310 8 4 5 4 4④1:58.5¾    .415.240.313.6  0 21  .00 4 4     .75827624369 9 2 4 72 1 1.1111.04     4.0  2.8   83.6  102.2   86.4  .02541-1 5 4-1▽ -.440.30  .0438.99118.7 6.9512.7422.67 4121916.4429.7390.58 4
20250629일 41300 9국510 3 15 9 2강 2251흐림양호 810 7당대초월        섀클포드황금물결 6826.00한거 4 0 0 9 3  50212:45 24750국5최봉주죽마조합-2 9 7 7 419 2 0 310  0씨씨웡45154.092평입보54 60 608887.072.062.82845 62367161428 9 017 4212522 0 050→↘선14.137.738.613.13696                   33 33  056   15.20   13.10 7 -8 -1UH동56.04431713 -.8 5.2 4.4626213 0마주성향마방승부59기 1 1                    경제    15.2    13.1    14  .07                      8 1 5 20 2 1.04 6.09     2.5  1.3    4.9    6.6    4.8  .04384 3 8 8 3▲ 1.838.60 -.60     82.8426.8247.2662.7838587126.4249.2665.72 2
20250511일 4130011국511 9 1510혼전 4451맑음포화1910 7당대초월        섀클포드황금물결 6826.00한거 4 0 0 2 4  64312:45 24750국5최봉주죽마조합-210 6 6 419 1 0 3 9  0씨씨웡43755.092평입보50 53 537640.056.027.62437 5 220 01428 9 017 4212522 0 050↘→선14.137.638.613.1449638.738.4 82.8 83.0 38 38  063   14.10   13.60 3  3  1LNDN56.04431714-1.0 4.6 3.6727213-1편성탐색마주성향 1   0 911    1111 9⑤1:22.82     .615.238.113.1  1  3  .00 5 4  0 1.14390215766 9 1 5 53 1 8.01 8.01     3.4 49.3   21.6   97.0   34.1  .02971-1 5 4-1▽  .439.50  .43 6.8282.78 8.3117.2427.57 91935 9.7618.7826.62 6
20250420일 4140011국530 7 3511혼전 4451맑음양호 910 7당대초월        섀클포드황금물결 6826.00한거 4 0 0 2 4  70612:45 24750국5최봉주죽마조합-211 5 5 419 1 0 3 8  0조상범43454.556우입하49 51 515324.040.014.91471 9 220 0142811 017 4132116 0 050→→입14.137.338.713.1348937.938.7 90.7 89.3 43 43  071   15.00   13.90 3  3  0NH동56.04431713  .4 3.6 4.0676713 0승부최상부중잇점 1기 0 6 6     6 7 7⑥1:30.72    1.414.139.013.6  2 -3  .00 6 4  1 2.35984244939 7 2 5 80 1 1.03 9.05     3.0  1.7    4.5    6.0   16.9  .03451 0 4 3 0― -.738.70  .5113.3088.59 3.42 7.7214.88 2 510 5.2112.8320.48 6
20250330일 4140011국541 5 9512 1강 1151눈  건조 310 7당대초월        섀클포드황금물결 6826.00한거 4 0 0 9 4  76912:45 24750국5최봉주죽마조합-212 4 4 319 1 0 3 7  0마이아43754.592우입보92 91 918788.066.068.4335032 220 01428 0 017 43533 7 0 050→→선14.137.338.713.1338938.038.7 90.8 89.5 43 43  071   14.90   13.00 9 -5  2HN동56.04431713 -.2 3.6 3.4727213 0부중유리승부최상 1기 0 311    1011 9⑦1:30.84    1.415.039.613.9  4  6  .09 7 3 -6 1.46589255639 7 1 1 13 1 6.09 7.04     4.7 22.9  365.0  805.0  367.5  .04594 3 8 7 3▲ 1.438.70 -.8813.5188.5933.2956.8068.4432516431.3353.5566.90 2
20250125토 7140011국511 5 6513 1강 1151맑음건조 310 7당대초월        섀클포드황금물결 6826.00한거 4 0 0 9 5  94815:15 24750국5최봉주죽마조합-213 3 3 219 1 0 2 6  0이동하43153.086평입보66 63 636241.055.030.71638 92956111428 0 017 4252419 0 050→↗선14.137.338.713.2338737.637.5 88.6 87.7 33 33  067   14.60   13.30 4  2 -1NU동56.04431713 -.5 3.5 3.0727213 0승부최상부중잇점 1조 0 8 9     7 6 3②1:28.69     .014.938.213.0 -7-12  .00 2 9  2 1.6 973 3 576 4 2 5 43 1 1.09 2.08     4.3  1.6   25.8   36.1   77.8  .03471 1 5 5 1―  .738.40  .1011.7288.59 8.6119.0430.65 61728 6.4016.8124.30 6
20241228토 5140011국512 3 6514 3강 3351맑음건조 510 7당대초월        섀클포드황금물결 6826.00한거 3 0 0 9 6 103913:35 24750국5최봉주죽마조합-214 2 2 119 1 0 2 5  0코지  44354.088우입하72 77 778684.070.049.51941 62670171428 0 017 4233019 0 050↗↗입14.137.338.713.2368738.138.4 90.4 89.2 40 40  060   14.40   13.20 6 -3 -1NUDN56.04431713 -.7 4.0 3.3686813-3트립손실승부최상 1기 1 6 9     9 9 9⑦1:30.4½   1.514.638.813.3  0 -1  .00 7 7  3 2.05790174934 7 2 3 20 2 1.0610.03     7.6  2.2   13.8   22.1   27.2  .04898 4 9 9 4☆ 1.738.70 -.4113.2288.5922.0638.1849.5418375316.9134.3539.73 2
20241117일 4170011국511 5 6515 1강 1151흐림양호 610 7당대초월        섀클포드황금물결 6826.00한거 3 0 1 2 6 116013:10 24750국5최봉주죽마조합-215 1 1 119 1 0 2 4  1이철경44454.572평입보85 86 866688.062.042.9197110267017142825 017 4102319 0 050↘↗입14.039.940.513.1378940.039.8113.5113.3 50 50  050   14.10   13.10 5 -2 -2LUUP56.04431713-1.5 5.5 4.0606013 4전개최상부중잇점 1   0 9 3 3 4 6 6 7⑤1:53.51¾   .414.439.813.2  1 -9  .00 5 4  2  .64155191968 8 3 2 22 3 2.01 5.02     5.8  9.4    5.8   16.5   20.512.03476 2 8 8 2▲ 1.241.20 -.1132.88113.416.0229.6742.9419395623.2145.3760.00 2
20260906일10170011외4 0 4  5 0 1강 1151          10 8마이머닝스      MUNNINGSKNIGHT O 7351.00미수 3 0 0   1    017:50 33000혼4정호익에스지이 3 013 2 512 1 1 112  0장추열   57.593우추하50 60 603527.041.013.02949112032 7241928232214202722 05050↘↗입14.539.840.513.64765                   20 50  020   14.80   14.00 4  0  5LBDN55.15161812 -.6 3.8 3.2747417-1탐색주행거리불안58기 1 8                            14.8    14.0        .0                       8 3 610  5                                              .03039-4 4 4-4▽ -.940.50  .64     113.3 3.15 7.0612.96 2 510 3.1710.0818.02 8
20260809일 8180011외312 8 65 1 2강 2251맑음건조 210 8마이머닝스      MUNNINGSKNIGHT O 1336.00미수 3 0 0 1 1   74      41250혼3정호익에스지이 3 112 1 312 1 1 111  0이동하52752.591우추보75 71 718176.058.036.43253132032 7241930322214252419 05050↗↘선14.540.340.213.6384541.540.2119.3119.4 20 50  020   14.70   13.80 5  6 -5LHUP55.15161812 -.4 4.4 4.0737317 1편성만만부중영향44기 0 8 5 6 6 7 7 7⑧1:59.3목   1.614.840.114.0  6  5  .02 8 2 -1 2.15588427137 5 4 3 40 4 5.0110.02 1.4 3.5 18.4    9.4   47.6   20.5  .03685 1 8 8 1▲  .740.70 -.2538.91118.710.5923.3336.4114294311.5427.1243.65 4
20260705일 8170010외430 6 85 2 1강 1151흐림건조 410 8마이머닝스      MUNNINGSKNIGHT O 7351.00미수 3 0 0 1 1   63      33000혼4정호익에스지이 3 21111 412 3 1 110  0장추열52257.593평추보79 85 857770.061.037.22949112032 7241928232214202722 03367↘↗입14.639.840.713.6455739.840.2112.2112.6 22 44 1111   14.90   14.00 4 -2  0UL동54.35141812 -.4 4.4 4.0737317 0일반주행작전마주77기 1 2 5 5 5 5 4 3③1:52.23     .614.739.513.8  0  7  .00 3 3 -1  .82048262363 6 3 3 52 4 4.01 4.08 2.3 4.5  9.4   10.9   31.7   10.1  .02044 0 7 5 0―  .641.20 -.0232.12113.412.1524.4037.2210233614.8827.9339.59 4
20260606토 81700 9외451 6105 3 2강 2251맑음양호 610 8마이머닝스      MUNNINGSKNIGHT O 7351.00미수 3 0 0 1 1   73      33000혼4정호익에스지이 3 31010 312 2 1 1 9  0장추열51557.593평추상90 95 958487.071.058.12949112032 7241928232214202722 0 099↘↗입14.339.840.713.6455740.140.5113.4113.2 25 38 2513   14.80   14.20 4  2  5VB동52.85141812  .0 4.0 4.0727217 0부중민감작전마주43기 0 4 5 5 5 4 4 1③1:53.42½   .414.940.614.0 -1  1  .00 3 4  0  .73355333569 4 4 2 22 3 5.02 3.05 3.8 6.6  7.8   14.8   39.3   17.4  .03768 3 8 8 3▲ 1.641.20 -.5032.66113.424.7043.7658.0639597221.0539.3753.91 2
20260510일 7170011외441 7 45 4혼전 4451맑음건조 510 8마이머닝스      MUNNINGSKNIGHT O 7351.00미수 3 0 0 2 1   64      33000혼4정호익에스지이 3 4 9 9 212 1 0 1 8  0장추열51453.093평추하38 40 406935.059.027.82949112032 7241928232214202722 0 099↘↗입14.339.840.813.5445739.340.7111.5111.9 14 14 1414   14.90   13.50 3 -7 -1UVDN52.55141812  .4 4.0 4.4636317-1과중문제부중민감54기 1 2 7 7 6 6 5 3①1:51.52    -.314.840.214.2 -3 -1  .00 1 4  2  .0 521361796 7 4 8 63 2 4.05 2.09 2.5 3.5  6.4   26.4   59.8   62.0  .02871 0 5 6 0―  .541.00  .1331.25113.5 7.7916.9027.78 81729 6.2514.9322.78 7
20260419일 6180011외452 5 55 5혼전 4451맑음건조 410 8마이머닝스      MUNNINGSKNIGHT O 1336.00미수 3 0 0 2 1   46      33000혼4정호익에스지이 3 5 8 8 212 2 0 1 7  0빅투아51554.091평추보57 57 574046.055.037.83155132032 7241916192214222817 0 099→↘선14.240.440.513.5323341.039.3120.7120.0 14 14 1414   15.20   13.60 4  7  2LNUP52.55141812 1.8 3.6 5.4535317 1일반주행부중잇점70기 1 9 8 8 7 8 6 8⑦2:00.7½   1.314.939.713.5  5  1  .09 7 2 -1 1.67378183542 6 6 4 40 2 6.04 5.06 2.3 4.7 16.6   57.6  168.0  122.9  .02141 0 5 5 0―  .440.70 -.4139.08118.913.3525.9837.8310233612.6824.5431.70 4
20260321토 9170010외451 6 55 6혼전 4451맑음건조 510 8마이머닝스      MUNNINGSKNIGHT O 7351.00미수 3 0 0 2 1   76      33000혼4정호익에스지이 3 6 7 7 112 1 0 0 6  0빅투아51452.591평추하40 43 435034.055.019.93155132032 7241916192214222817      →↘선14.239.841.013.4474840.140.4111.1112.2  0 17 1717   14.50   13.10 3 -9  0HHDN       1812 1.8 3.6 5.4535312-1일반주행부중영향45기 0 2 8 8 8 6 6 3②1:51.14     .015.239.613.6 -1 -5  .00 2 3 -2  .61161313683 7 8 5 63 1 2.03 6.02 2.5 4.9  3.7   10.9   20.0   22.7  .02175 0 5 6 0―  .341.10  .2131.35113.6 4.6611.8119.86 51223 6.9614.0423.28 6
20260228토 8180010외450 2105 7혼전 4451맑음건조 310 8마이머닝스      MUNNINGSKNIGHT O 1336.00미수 3 0 0 9 1   66      33000혼4정호익에스지이 3 7 6 6 112 1 0 0 5  0임다빈51952.575평추하34 33 333424.047.018.71427 72032 7241919212214142424      →↗추14.240.440.613.4303339.840.6118.4119.5  0 20 2040   14.50   13.30 4  2  0BHUP       1812 1.2 3.4 4.6555512 4일반주행부중영향70기 111 4 5 5 6 7 7⑦1:58.4머리  .714.539.413.1  2  0  .00 7 5 -1  .76134544056 8 6 9 90 1 7.03 3.07 2.8 7.3  7.1   44.1   52.4   57.2  .02146 0 4 5 0― -.240.60 -.0138.50118.9 4.7411.6318.68 2 510 5.2611.4818.35 9
20260131토 7140011외451 8105 8 3강 3351맑음건조 210 8마이머닝스      MUNNINGSKNIGHT O 7351.00미수 3 0 0 9 1   57      33000혼4정호익에스지이 3 8 5 5 112 3 0 0 4  0이동하51952.591평추보75 66 665976.067.042.33253132032 7241930322214252419      ↗↘선14.337.438.913.3226937.339.6 88.7 89.2  0 50 2550   14.50   13.20 4 -1  0LHUP       1412 1.3 2.8 4.0555512 2일반주행부중영향 5기 1 910    101010⑦1:28.7목    .814.539.013.3  1 -3  .00 7 6  4 1.3576557645811 2 4 23 3 2.0810.03 2.7 8.0  4.9   67.9  141.4  166.010.93979 3 7 7 3△ 1.338.60 -.3812.8888.8017.1431.0542.3113314914.1527.2338.74 3
20260104일 9120011외453 5105 9 3강 3351맑음다습1210 8마이머닝스      MUNNINGSKNIGHT O        미수 3 0 0 1 1   6517:25 33000혼4정호익에스지이 3 9 4 4 412 2 0 0 3  0이동하52252.591평추상81 63 635960.060.031.53253132032 7241930322214252419      ↗↘선14.337.438.113.3348337.837.6 75.0 75.4  0 33 3333   14.00   12.60 5  8  1BN동       1212 1.3 3.0 4.3515112 0부중유리부중잇점76기 11011    1110 6③1:15.03     .614.537.813.2  1  1  .00 3 2 -2 1.0268010286310 4 5 53 2 7.01 1.03     8.7 10.4   22.2   44.6   34.211.23165 1 6 6 1―  .737.90  .19 -.1475.78 9.3920.1031.52 61426 7.2220.4932.51 5
20251129토 8120011외421 2 2510혼전 4451흐림다습1010 8마이머닝스      MUNNINGSKNIGHT O        미수 2 0 0 9 1  10316:05 33000혼4정호익에스지이 310 3 3 312 1 0 0 2  0이동하52152.091평입하48 43 435651.061.036.73253132032 7241930322214252419      ↗↘선14.337.238.913.5536137.836.8 73.6 75.3  0  0 50 0   14.30   13.60 3 -5 -4HH동       1212 2.5 2.5 5.0535312 0숨은복병부중영향43기 1 2 7     7 7 5③1:13.66    1.114.036.812.6 -1 -6  .00 3 4  3 1.42176 2 847 6 6 5 33 1 1.02 1.09     2.3  1.7    2.3    3.1    4.5  .02377 1 6 8 1▲  .838.10 -.28 -.8576.1212.7324.5036.7210233613.2724.5136.12 3
20251108토 31200 8외440 5 4511 2강 2259흐림건조 310 8마이머닝스      MUNNINGSKNIGHT O        미수 2 0 0 2 1  152      41250혼4정호익에스지이 311 2 2 212 1 0 0 1  0장추열52756.093평추보58 66 668677.064.060.92949112032 7241928232214202722      ↘↗입13.636.739.013.7905337.438.6 76.7 76.3  0  0100 0   13.60   13.6010  2  1NN동       1212-1.0 4.0 3.0696912 0마방습성작전마주50기 1 7 7     6 5 7⑦1:16.71¾  1.414.339.313.6  6  6  .00 7 1 -3 1.85558424539 2 4 2 22 1 3.02 2.04 2.2 2.8  4.6    8.7   19.2   70.6  .03386 2 7 7 2△ 1.238.90 -.75  .5775.8922.1142.3360.9221435913.7129.3630.32 3
20250830토 3120012외431 3 8512혼전 4459맑음불량2010 8마이머닝스      MUNNINGSKNIGHT O        미수 2     9 2  345      41250혼4정호익에스지이 312 1 1 112 1 0 0 0  0마이아52155.593평무보64 35 3553  .050.017.63963 52650 72419401822143533 7      →↘선14.938.338.212.6 59836.638.8 74.0 76.1              14.90   12.90 4  0  0LL동       12 0         4.0     0 0일반주행마방습성53기 1 5 7     6 6 5③1:14.02     .413.638.413.6 -1 11  .00 3 4  0 1.2481652276710 512 83 1 7.05 2.12 3.0 5.4 29.1  174.2  500.4  474.6  .02854-1 5 5-1▽ -.237.30  .04 -.4476.34 4.0310.4717.59 2 714 9.4517.2537.50 3
20260906일10170011국4 0 4  3 0 1강 1151          10 9굿모닝컴        프리덤차오버파워 8522.00한수 3 0 0   1    017:50 33000혼4박재우이관형   1 013 1 212 1 3 212  0마이아   56.093우추보50 60 609490.069.058.73451152044 9234244 022153533 7 03367↘↗선13.939.240.913.58357                   45 73 2736   14.60   12.40 4 -1 -2NNUP54.14961712  .8 3.6 4.4686810 5승부최상전개최상40기 0 9                            14.6    12.4        .0                       1 7 5 1  1                                              .04897 4 9 9 4☆ 1.640.90 -.32     113.129.1247.5958.7232516428.5745.7454.83 1
20260808토 8120011국513 3 63 1 1강 1151맑음건조 210 9굿모닝컴        프리덤차오버파워 8724.00한수 3 0 0 1 1   84      33000혼4박재우이관형   1 112 2 612 1 3 211  0장추열49557.593우추하44 50 508172.066.037.82949112044 9234233302215202722 03367↘↗입13.936.938.313.5728038.337.3 74.8 75.9 50 80 3030   14.50   13.30 4  0  1LB동54.14961712 -.4 4.0 3.6747410 0전개최상승부최상64기 01010    1010 9⑥1:14.8목    .814.636.712.4  1 10  .00 6 5  0  .94491 63456 5 3 5 33 2 9.01 7.09 1.5 5.0 30.6   16.5   51.9   67.812.04592 2 8 9 2▲ 1.238.60  .19  .6775.6112.4225.3937.8113274110.9622.0633.92 5
20260712일 6120011국454 3103 2 3강 3351맑음다습1010 9굿모닝컴        프리덤차오버파워 8724.00한수 3 0 1 2 1   45      33000국4박재우이관형   1 211 1 512 2 3 210  1코지  48557.088강입보90 98 989389.067.043.63260192044 9234224202215233019 03367↗↘입14.036.838.213.5838338.238.7 75.4 77.1 56 89 3333   14.10   13.00 7  3  3LB동54.14961712-1.0 3.2 2.2868610 0전개최상전개최상32관 01011    111110⑧1:15.41¼  1.514.538.013.3  3  0  .00 8 5  4 1.67789467336 6 1 1 23 2 3.10 8.11 2.8 5.8  7.3  217.9  478.4  227.1  .04891 4 9 9 4☆ 1.539.10  .13 2.0875.5016.8032.2043.5813274119.8735.0245.83 1
20260524일 9120011국551 4103 3혼전 4451맑음다습1010 9굿모닝컴        프리덤차오버파워 8724.00한수 3 0 0 2 1  122      33000국5박재우이관형   1 310 7 412 1 2 2 9  0코지  48554.588강입하91 91 919483.070.056.93260192044 9234224202215233019 04060↗↘입14.036.938.213.5788737.338.1 73.7 75.5 50 88 3825   13.60   13.80 6 -2 -1NNDN54.04981712-1.0 3.8 2.8818110-1전개최상전개최상32관 0 7 7     6 7 4①1:13.7¾   -.214.137.013.0  0 -2  .00 1 1 -2  .02652232391 2 2 1 13 1 1.07 7.01 3.0 5.9  3.0   14.1   19.7   19.010.55998 4 9 9 4☆ 1.838.50 -.30  .3975.5625.2642.6256.9413274130.2642.4651.55 1
20260411토 9130011국530 4 83 4 1강 1151맑음다습1310 9굿모닝컴        프리덤차오버파워 8522.00한수 3 0 1 2 1  115      33000국5박재우이관형   1 4 9 6 312 3 2 2 8  1조재로48755.088강입상90 91 919693.071.058.43453132044 9234217 02215192622 04060↗↘입14.036.838.913.5948036.839.2 80.3 82.5 57 86 2914   14.30   14.40 3  5  2NNDN54.04981712-1.2 3.4 2.2838313-4전개최상전개최상34관 0 9 4     3 4 3④1:20.3½    .013.638.713.8  1-11  .00 4 3 -1  .32512481975 1 3 2 12 3 1.07 4.10 2.6 3.3  2.6   12.8   20.4  127.8  .04795 4 9 9 4☆ 1.740.10 -.10 6.8082.4529.4147.9558.4032516427.1548.5150.23 1
20260321토 9170010국551 4 53 5혼전 4451맑음건조 510 9굿모닝컴        프리덤차오버파워 8522.00한수 3 0 1 2 1   55      33000국5박재우이관형   1 5 8 5 112 2 2 2 7  1조재로49853.088강입상93 94 949481.069.039.73453132044 9234217 02215192622 04060↗↘입13.939.140.913.5886938.941.5111.5112.6 67 83 1733   13.70   13.30 5  0  1HNUP54.04981712  .0 2.8 2.8818113 5승부최상전개최상35관 0 4 2 2 2 2 2 2③1:51.52     .414.340.714.4 -1 -4  .00 3 4 -3 1.020 9623269 1 4 2 41 2 2.03 6.02 2.5 4.9  3.7   10.9   20.0   22.710.54191 3 9 9 3★ 1.541.90  .1732.55113.112.8626.8039.6610233618.2635.9647.46 2
20260215일 8120011국554 4103 6혼전 4451맑음건조 310 9굿모닝컴        프리덤차오버파워 8724.00한수 3 0 1 2 1   76      33000국5박재우이관형   1 6 7 4 312 1 2 1 6  1조재로50252.588강입하46 47 478857.064.030.93453132044 9234217 02215192622 05050↗↘입13.936.938.213.5738936.938.3 74.5 75.2 60 80 2040   14.10   14.40 5  2  0HUDN54.44971310  .6 2.2 2.8818113-1연대우수승부최상58관 1 4 5     5 6 4②1:14.51     .013.737.913.3 -5  4  .00 2 7  4  .21936292081 5 2 7 63 1 4.07 5.04 3.710.7  6.1   26.9   54.1   79.812.74594 2 8 9 2▲ 1.138.40  .45  .0875.56 9.5020.3430.87 51223 7.9619.9230.77 5
20260111일 9130010국554 4103 7혼전 4451맑음양호 610 9굿모닝컴        프리덤차오버파워 8522.00한수 3 0 1 2 1   86      33000국5박재우이관형   1 7 6 3 212 2 2 1 5  1해리카49852.567강입보92 96 967980.060.037.71444112044 9234222252215172612 05050↗→입13.937.038.813.5838738.440.3 84.6 85.5 60 80 2040   13.80   14.40 5 -7 -1UU동54.44971310  .8 2.5 3.3777713 0승부최상연대우수 5기 0 2 8    1010 9⑨1:24.611   2.814.140.114.4  6  0  .09 9 3  2 3.49484799012 4 3 2 30 3 2.07 1.07 2.2 5.9  5.0   30.8   62.4   85.810.53778 2 8 7 2▲  .840.60  .39 9.6982.5213.2725.6337.6613274120.1935.6247.71 1
20251207일 8130011국551 7 53 8혼전 4451흐림양호 910 9굿모닝컴        프리덤차오버파워 8522.00한수 2 0 1 1 1   9116:05 24750국5박재우이관형   1 8 5 2 112 1 1 1 4  1해리카49853.067우입보82 84 849082.064.043.71444112044 9234222252215172612 03367↗→입13.937.338.813.3629337.038.9 81.2 81.7 50 75 2550   13.90   13.20 4 -2  0NUUP54.84971310  .8 2.5 3.3777710 1전개최상승부최상82기 1 9 4     4 2 1①1:21.21½  -.313.838.914.4  0 -6  .00 1 1 -3  .0 621391892 5 2 3 42 2 1.04 9.10     4.5  2.5    8.8   13.6   11.2  .04593 3 9 9 3★ 1.239.50  .05 5.6182.7116.2530.5443.7210233624.7242.3955.02 1
20251108토 7120011국551 4103 9혼전 4451흐림건조 310 9굿모닝컴        프리덤차오버파워 8724.00한수 2 0 1 2 1  148      24750국5박재우이관형   1 9 4 1 212 1 1 1 3  1장추열50453.093강입보94 95 959185.068.049.42949112044 9234233302215202722 05050↘↗입14.036.938.213.3738937.837.0 75.3 75.0 67 67 3333   13.80   13.40 5  0 -3NUUP55.84941210 1.0 2.0 3.0787810 2승부최상전개최상49기 011 6     6 7 5④1:15.3머리  .313.937.713.2  0  6  .00 4 4  3  .51476 31171 6 3 2 13 1 2.0110.09 3.0 6.8  4.3    8.6   18.7   45.010.54398 3 9 9 3★ 1.538.40 -.07 -.0775.5619.1836.6449.4318375321.9339.6451.66 1
20251003금 1100012국650 710310 1강 1159흐림다습1210 9굿모닝컴        프리덤차오버파워 8724.00한수 2 0 1 1 2  242      24750국6박재우이관형   110 3 3 212 1 0 1 2  1해리카49856.073우입하81 99 999095.068.066.01557 61660 5234222252215172612 0 099→↗입14.137.237.313.3659636.437.6 61.9 61.7 50 50  050   13.80   13.70 4  9  1BVDN55.54891210 1.5 2.5 4.0717110-2전개최상승부최상62기 011 3     3 4 1①1:01.91    -.113.837.613.4  0  5  .00 1 1  0  .014 8321190 5 3 1 12 1 1.0211.07 2.8 6.4  2.8    6.4   12.3   11.8  .04795 4 9 9 4☆ 1.537.50 -.65-12.862.4929.2552.1366.0139597225.1646.1025.92 1
20250907일 1120011국610 8 6311 1강 1151맑음포화1610 9굿모닝컴        프리덤차오버파워 8724.00한수 2 0 1 1 2  31510:35 24750국6박재우이관형   111 2 2 112 1 0 1 1  1임기원49355.586강추보99 99 999791.071.079.52945271660 5234226 02215233316 0 099→↘입14.437.538.212.7449937.038.7 74.7 75.8100100  0**   14.40   12.80 5 -9  0UUUP55.54891210-2.0 4.0 2.0858510 2마방연대전개최상34기 0 2 6     5 4 3⑥1:14.71     .813.838.513.7  5  4  .00 6 1 -3 1.03734483556 6 1 1 12 110.0610.04     3.6 44.6  358.0  828.4 2667.0  .06498 4 9 9 4☆ 1.938.00-1.30  .0975.8940.1166.4379.5232516419.4437.5940.24 3
20250802토 1100011국640 7 9312혼전 4455맑음건조 310 9굿모닝컴        프리덤차오버파워 8724.00한수 2     1 3  41110:35 24750국6박재우이관형   112 1 1 112 1 0 0 0  0최범현48955.591평무보17 35 3569  .063.055.03650291428 3234223 02215193217      ↘↘입14.237.238.414.182 137.336.5 62.0 61.3              14.20   14.40        NN동       10 0         9.0     0 0숨은복병마방연대60기 311 8     8 8 4②1:02.0착변  .014.436.712.8 -2-12  .00 2 4  0  .0 646 4 889 511 5 13 1 3.04 2.11     6.0  5.2   18.2   38.7   71.8  .02276 0 6 7 0―  .837.40 -.89-14.363.0922.8540.9555.00325164 9.0918.1827.2711
20260906일10170011국4 0 4  5 0 1강 1151          1010거센대로        카우보이거센질주 5732.00한수 3 0 0   1    017:50 33000혼4이신우강석대  -1 0 9 4 1 8 1 2 2 9  0이동하   53.091우자하50 65 655160.054.026.43253132062 81923 0 02114252419333333↗↘선13.639.340.613.67873                   71 57 2943   13.80   14.80 4  0  0LHUP53.55191712  .6 2.8 3.4747413 1조교만전거리속성48기 110                            13.8    14.8        .0                       2 4 3 5  1                                              .03277 0 7 6 0―  .240.60  .54     113.0 7.7917.1626.43 81729 5.5616.2827.42 5
20260808토 71600 9국430 5 85 1 3강 3351맑음건조 21010거센대로        카우보이거센질주 5732.00한수 3     1 1   85      33000국4이신우강석대  -1 1 8 3 3 8 3 2 2 0  0푸르칸52953.078우자보50 74 741448.053.023.12457162062 8192326182114142421333333↗→추13.636.839.613.6374836.441.6104.1104.0 71 57 2943   14.00   12.9018  6  0BH동53.55191612  .0 3.6 3.6676713 0뒷심문제조교만전56기 210 4   4 4 5 5⑥1:44.14    1.513.840.914.8  5  3  .03 6 1 -1 2.77652889040 4 8 5 72 3 2.03 6.02 3.1 5.5  3.2    6.8   13.6   55.812.12948 0 6 6 0―  .239.60  .1027.60103.3 6.0714.2423.06 4112010.3816.0725.36 7
20260329일 7160010국451 8 55 2혼전 4451맑음건조 31010거센대로        카우보이거센질주 5732.00한수 3 0 1 9 2  348      33000국4이신우강석대  -1 2 7 2 2 8 2 2 2 7  1푸르칸52653.081우자보87 90 901473.061.040.52575161658 2192326182114142421333333↘↗추13.637.139.013.3228336.040.3102.6102.6 67 67 1750   13.70   13.60 4  1  1HN동53.55191612  .0 3.6 3.6676713 0부중유리보통주행79기 0 4 3   3 3 3 3③1:42.61     .013.640.714.6  1  9  .00 3 2  0  .24122675784 7 1 3 32 2 3.01 2.03 2.8 3.4  6.1    6.6   15.4    4.810.53263 2 8 8 2▲  .939.00 -.1626.53103.113.2727.1140.4713274115.1529.5642.72 2
20260301일 6160010국412 5 65 3혼전 4451맑음건조 31010거센대로        카우보이거센질주 5732.00한수 3 0 1 1 1   78      33000국4이신우강석대  -1 3 6 1 1 8 1 2 1 6  1푸르칸51752.578우추보84 86 861457.049.024.92457162062 819232618211414242150 050↗→추13.636.439.413.4586537.038.6102.3102.0 40 60 2040   13.50   14.00 5 -6 -4UUUP54.05201612-2.2 5.6 3.4696913 3전개최상추입유리51관 0 3 2   2 3 2 2②1:42.34     .013.738.813.6  0-14  .00 2 2  1  .71876202887 4 3 3 62 1 3.02 4.03 1.4 3.5  7.4   22.4   50.7  108.0  .03444 0 6 6 0―  .039.40  .3426.23102.9 6.4916.1124.90 8203310.5926.6740.15 3
20260125일 5130010국522 5 75 4혼전 4451맑음건조 31010거센대로        카우보이거센질주 5732.00한수 3 0 0 2 1   69      24750국5이신우강석대  -1 4 5 3 2 8 1 2 0 5  0마이아53156.593우추보81 80 809478.071.055.03451152062 8192338 021143533 750 050↘↗선13.637.138.713.3698936.639.0 81.6 81.9 50 50  050   13.50   13.20 4  3  4LL동54.05201312-3.0 6.8 3.8656513 0부중유리전개최상 5기 0 9 1     1 1 1②1:21.61     .013.538.814.0  1  3  .00 2 1  0  .110 7421083 4 1 3 11 1 3.01 3.09 1.7 2.8  9.8    7.7   29.6   17.010.64196 3 9 9 3★ 1.639.70 -.08 6.0782.5227.2944.6755.0039597220.8836.5551.49 2
20251227토 6130011국541 5 95 5혼전 4451흐림다습141010거센대로        카우보이거센질주 5732.00한수 2     9 1   8014:25 24750국5이신우강석대  -1 5 4 2 1 8 3 1 0 0  0김용근52852.586기추하17 25 255813.045.021.72753142062 8192322 02114312714 0 099↘↘선13.938.038.713.3168937.038.0 80.3 81.4 33 33  033   14.70   13.9010  3 -4NUUP55.55121312-4.0 8.7 4.7585812 1일반주행기복전력44기 0 6 1     1 1 1①1:20.3목    .013.537.613.2  0  1  .00 1 1 -7  .0 42313 47611 210 81 3 1.02 6.02     4.2  1.8    4.2    5.2   14.4  .01836 0 4 3 0―  .038.70  .29 4.6783.10 5.4314.1021.74 2 611 5.1310.7119.64 8
20251019일 7120012국514 6 65 6혼전 4451맑음포화171010거센대로        카우보이거센질주 6325.00한수 2 1 1 2 2  20315:15110000국5이신우강석대  -1 6 3 1 3 8 2 1 0 2  1김용근52956.082우추보68 76 767723.040.0 8.52045 81658 2192322 02114312714 0 099↗↘선13.937.838.013.2149638.738.0 75.7 77.3 50 50  050   13.90   13.80 9 -5  1UV동55.55121212-6.5 9.0 2.5737312 0승부최상최적거리 5   0 312    121110⑨1:15.71    1.814.738.013.9  1  8  .00 9 8  2 2.4809621683011 110110 2 1.02 9.04     4.1  1.4    4.1    5.0    6.5  .03467 0 5 2 0― -.738.10  .69 1.4775.95 1.48 3.84 8.51 0 2 4 2.78 5.99 9.2311
20250817일 8120010국614 3 65 7혼전 4451맑음양호 71010거센대로        카우보이거센질주 6325.00한수 2 1 1 2 2  372      82500국O이신우강석대  -1 7 2 2 2 8 1 1 0 1  1김용근52155.082강추상94 99 998625.059.023.72045 81658 2192322 02114312714 0 099↗↘선14.037.838.112.7139837.638.3 75.2 76.0100100  0**   14.00   12.80 4 -1 -1NU동55.55121212 -1112.0 1.0949412 0마방승부승부최상 5   0 8 8     7 7 6④1:15.22     .913.938.513.8 -2  9  .00 4 6 -6 2.1476731425310 1 7 83 1 1.07 9.03 1.7 4.2  1.7   13.1   15.5  108.710.54594 1 6 5 1―  .737.80  .20  .1376.00 5.9714.0423.69 2 714 3.47 9.2613.53 9
20250720일 1120012국630 7 85 8혼전 4455맑음포화171010거센대로        카우보이거센질주 6325.00한수 2     2 3  445      24750국6이신우강석대  -1 8 1 1 1 8 1 0 0 0  0조상범51255.561평무보   25 2540  .052.028.01370 51963 81923 6 02114132116      →→입14.236.738.512.4    37.637.5 74.7 75.2              14.20   12.70 4  0  0LL동       12 0                 0 0일반주행마방승부50기 1 9 6     7 7 5①1:14.7¾   -.214.037.812.8-11  1  .00 112  0  .01769 91791 1 1 1 43 112.02 9.05 3.4 8.3 60.2  129.8  392.1  147.1  .02353 0 6 5 0―  .238.60  .48 -.0275.61 9.6819.7827.98 61728 8.3316.6725.00 9
20260906일10170011국4 0 4  4 0 1강 1151          1011제이원파워      더킹    제이원   2943.00한수 4 0 0   1    017:50 33000혼4송문길박정재   2 016 1 217 2 2 016  0김효정   53.568평입보50 58 582218.041.014.91750 7194110282517132628202217 06040↗→선13.839.541.113.76653                   25 31 1313   14.30   13.90 4  9 -3VU동55.24451713-1.6 5.2 3.6717113 0선행무리거리속성40기 011                            14.3    13.9        .0                       6 9 7 9  8                                              .01332-1 4 3-1▽ -.741.10  .43     113.5 3.31 7.5814.86 1 4 8 1.59 7.7516.4510
20260808토 6170011국510 8 64 1 1강 1151맑음건조 21011제이원파워      더킹    제이원   2943.00한수 4 0 0 1 1   86      33000혼4송문길박정재   2 115 2 117 1 2 015  0김효정44456.068평입보35 41 411827.050.022.51750 7194110282517132628202217 06040↗→선13.839.441.313.7704139.740.9112.9113.0 20 33 1313   13.90   13.90 6 -3  3HNUP55.24451713-1.0 4.8 3.8686813 5일반주행거리속성42기 0 2 2 2 2 2 2 2③1:52.9½    .114.340.413.9 -3  4  .00 3 6 -2 1.33445474377 4 8 7 61 7 1.05 1.09 1.4 3.8  1.4   10.7   13.6   39.3  .01638 0 5 6 0―  .041.60  .2232.26113.6 4.9213.8122.46 41118 3.1310.8820.06 7
20260627토 6120011국454 2104 2혼전 4451맑음건조 41011제이원파워      더킹    제이원   29     한수 4 0 0 9 1   95      33000국4송문길박정재   2 214 1 617 1 2 014  0김정준44053.574평입상92 91 916142.050.018.7153810194110282524282628142126 06040↗↗추13.837.138.513.7556537.339.5 75.0 77.0 21 36 1421   13.80   14.00 6 -6 -2NUDN55.24451413 -.6 3.6 3.0747413-1일반주행탄력호전78기 1 5 6     8 7 8⑦1:15.0½   1.413.938.513.9 -1-11  .00 7 8  3 1.47550727036 7 6 4 90 9 5.02 1.04 2.3 5.4 11.6   22.4   55.0  105.110.52172 0 5 5 0―  .038.80  .51 1.4075.84 4.2311.5618.66 2 510 4.8412.6021.26 9
20260517일 5130011국552 5104 3혼전 4451맑음건조 31011제이원파워      더킹    제이원   2943.00한수 4 0 0 2 1   86      24750국5송문길박정재   2 31311 817 1 1 013  0김효정45155.568평입상54 66 665370.065.038.81750 7194110282517132628202217 05050↗→선13.837.339.213.6595737.138.4 81.7 81.5 15 31 1515   13.80   13.60 5  7  1VNUP55.14431413  .4 3.0 3.4686813 1연대우수최적거리 5   011 5     3 2 1①1:21.74    -.613.838.714.0 -4 -2  .00 1 5  0  .0 32421 894 7 5 3 32 6 5.0411.01 3.5 9.2  7.3   21.6   42.1   19.612.73367 2 7 9 2▲ 1.139.40 -.07 5.0182.9713.5227.0938.7518375318.5631.9644.70 4
20260411토 5120011국554 4104 4혼전 4451흐림다습141011제이원파워      더킹    제이원   29     한수 4 0 0 2 1   99      24750국5송문길박정재   2 41210 517 1 1 012  0이동하45355.091평입하73 73 736563.064.039.1325313194110282530362628252419 06733↗↘선13.837.238.413.6527337.238.5 74.6 75.6 17 25 1717   14.20   13.30 5 -6  0HHDN55.24401413  .4 3.0 3.4666613-1일반주행연대우수54기 1 4 7     9 7 4④1:14.61     .213.838.313.6 -1  2  .00 4 5  3  .83647373574 7 3 5 53 1 1.03 2.08 3.3 5.6  3.3   12.9   22.0   24.7  .03781 0 7 7 0―  .938.20 -.06  .0475.8413.3626.7139.1013274111.3925.9539.34 4
20260308일 5130011국512 6 64 5 3강 3341맑음다습131011제이원파워      더킹    제이원   2943.00한수 4 0 0 2 1   90      24750국5송문길박정재   2 511 9 717 1 1 011  0김효정45155.068평입보57 65 654860.056.031.21750 7194110282517132628202217 06733↗→선13.837.239.113.7676137.738.8 82.3 82.9 18 45 1818   13.60   14.60 8  6  0BH동55.24401413 -.2 3.6 3.4676713 0일반주행작전마주74기 110 9     7 7 6③1:22.33     .614.238.713.3  1  2  .00 3 2 -2  .64055353764 6 4 2 43 5 1.0311.07 1.7 3.5  1.7    7.2    9.6    9.113.22051 0 6 6 0―  .539.80  .28 6.6282.84 9.4319.8831.18 82033 9.0924.8536.84 3
20260110토 6130011국541 5 94 6혼전 4451강풍양호 81011제이원파워      더킹    제이원   2943.00한수 4 0 0 2 1  152      24750국5송문길박정재   2 610 8 617 2 1 010  0김정준44955.073평입하71 67 675158.058.029.0153810194110282524282628142126 05050↗↗추13.837.239.213.6645736.940.0 82.2 83.0 20 30 1010   13.90   13.50 5  0  0HH동55.34361413  .0 4.0 4.0585813 0주행고전최적거리 5기 0 4 5     4 4 4④1:22.2½    .513.639.914.6  0  2  .00 4 4  2  .54315734965 6 7 3 52 8 1.1010.08 2.7 4.4  2.7   37.0   52.0  207.7  .03748 0 6 6 0―  .439.80  .28 6.5782.90 8.9318.7428.96 81729 9.4721.4630.28 4
20251206토 7130011국511 3 14 7 1강 1151흐림양호 91011제이원파워      더킹    제이원   2943.00한수 3 0 0 1 1  10315:15 24750국5송문길박정재   2 7 9 7 517 1 1 0 9  0김정준44755.073평입보77 72 726283.066.040.9153810194110282524282628142126 05050↗↗추13.937.439.113.5516537.539.0 81.6 82.7 22 44 1122   14.00   13.80 5  2  1HN동55.34361412  .2 4.6 4.8535313 0부중유리작전마주66기 1 4 4     5 7 3③1:21.63     .613.938.613.5  1  9  .00 3 2  0 2.33144423561 4 3 2 23 7 1.04 9.10     2.5  1.3    5.8    6.9    6.8  .03184 1 8 8 1▲ 1.239.60 -.11 6.2482.9714.0627.8440.8721435925.5641.5353.76 2
20251101토 6130011국511 3 64 8 1강 1141맑음건조 51011제이원파워      더킹    제이원   2943.00한수 3     1 1  171      24750국5송문길박정재   2 8 8 6 417 1 1 0 0  0김효정43854.568기입적68 68 684235.048.022.41750 7194110282517132628202217 05050↗→선13.837.439.113.4526537.339.3 82.0 82.6 13 38 1325   14.30   12.80 5 -5 -1HH동55.34361412-1.0 5.4 4.4595913 0일반주행기복전력52기 0 2 7     6 4 3③1:22.02½   .414.039.313.8  1  7  .00 3 2     .62635513866 9 4 4 62 4 1.03 1.04 1.5 3.7  1.5    5.3    7.1    7.1  .01639-1 4 5-1▽  .039.60  .41 6.0782.97 5.4514.1122.39 51222 6.1215.7924.66 5
20250927토 5130010국542 3 94 9 1강 1151맑음다습111011제이원파워      더킹    제이원   2943.00한수 3 0 0 9 2  259      24750국5송문길박정재   2 9 7 5 317 3 1 0 8  0김정준43355.080기입적65 61 615169.060.037.32160 8365226282524282628142126 05050↘↗추13.837.439.113.45065                   13 38 1325   14.00   13.50 5 -2  1NN동55.34361412-1.4 5.6 4.2616113 0일반주행기복전력36기 0 7                    경제    14.0    13.5     2  .07                      8 5 4 40 6 2.03 1.03 2.4 4.6  4.3    9.1   18.1   41.812.02949 2 6 6 2―  .839.10 -.01     82.9711.8624.8137.30 9203310.9425.0037.94 4
20250823토 4130011국552 1 5410혼전 4451흐림건조 41011제이원파워      더킹    제이원   2943.00한수 3 0 0 2 2  36513:35 24750국5송문길박정재   210 6 4 317 2 1 0 7  0김정준43154.580평입상55 55 554330.051.017.62160 8365226282524282628142126 05050↘↗추13.837.439.413.4554837.738.4 80.5 82.0 14 29 1414   14.00   13.00 5  3  0BHUP55.34361412-1.6 6.4 4.8525213 1일반주행최적거리47기 0 9 8     7 7 4④1:20.5코    .614.037.813.5 -1 -4  .00 4 5  0 1.11057202260 8 9 6 73 5 4.02 2.03     5.0  8.4   13.1   34.4   62.4  .01637 0 5 5 0―  .039.40  .33 5.1983.16 3.5210.4217.60 41118 3.2011.5817.97 7
20250720일 4120011국544 3 9411 1강 1151맑음포화171011제이원파워      더킹    제이원   29     한수 3 0 0 2 3  44212:45 24750국5송문길박정재   211 5 3 417 1 1 0 6  0김정준43554.577평입하35 34 3433 7.045.021.3264017253314282524282628142126 099 0→↘추13.837.439.213.5383737.637.5 73.9 75.5 17 17 17 0   14.10   13.70 5  5  1NNDN56.04361412-1.4 7.0 5.6525213-2일반주행보통주행53기 1 6 8    10 9 7③1:13.92     .314.037.313.0 -2  2  .00 3 5 -1  .42568 8166810 8 7 63 4 9.10 8.10     4.4 38.2  463.6  900.9 1495.0  .01637 0 3 5 0― -.438.00 -.10-1.1576.39 5.7311.3621.25 51223 1.22 4.6011.32 8
20250615일 41400 9국550 4 5412 2강 2251맑음건조 31011제이원파워      더킹    제이원   2943.00한수 3 0 0 2 3  54212:45 24750국5송문길박정재   212 4 2 117 3 1 0 5  0김효정43354.072평입하30 35 353732.054.033.0254417253314282517132628202217 099 0↘↘선13.736.940.113.4542737.239.9 89.8 89.7 20 20 20 0   14.00   13.50 6-10 -1UUUP56.04361412-2.3 7.5 5.3565613 1일반주행거리부담57기 1 1 4     3 6 8⑦1:29.82½  2.214.139.713.7  1  0  .00 7 6  1 2.47153666719 5 7 6 52 3 7.02 6.09     4.7 13.2   19.2   53.7   15.0  .02135 0 5 7 0―  .339.20 -.5812.7289.2810.0622.4232.95 81729 3.8113.0020.91 6
20250503토 3130011국532 6 8413혼전 4451흐림포화181011제이원파워      더킹    제이원   2943.00한수 3 0 0 1 4  67512:45 24750국5송문길박정재   213 3 1 217 2 1 0 4  0김효정43355.063기입적61 64 644642.049.021.8162714183113282517132628202217 099 0↗↘선13.737.139.713.4764537.839.6 82.1 83.7 25 25 25 0   13.70   13.90 5  8 -1VU동56.04361312-1.3 8.0 6.7414113 0일반주행기복전력 1기 011 7     8 8 9⑦1:22.1코   1.414.038.713.5  2 -3  .00 7 5 -1 1.56660616639 510 3 50 2 6.07 7.03     5.0 20.2  120.0  323.3   89.5  .01649 0 5 4 0― -.140.10  .22 6.9383.16 5.1812.4821.77 81729 7.7918.9329.56 5
20250330일 2130011국650 910414 1강 1152맑음건조 31011제이원파워      더킹    제이원   2943.00한수 3 0 0 9 4  77111:00 16500국6송문길박정재   214 2 4 117 1 0 0 3  0김효정43656.063하입상49 52 521968.062.046.6162714183113282517132628202217      ↗↘선13.937.839.813.2334536.339.5 84.1 82.1  0  0  0 0   14.20   13.60 5 -3  0HNUP       1312 -.5 9.0 8.5242412 1일반주행거리속성 1기 1 3 2     3 1 1①1:24.18   -1.313.740.613.9 -5 -2  .00 1 6  0  .013 3591498 6 7 3 22 1 6.01 3.02     7.0 10.8   14.2   42.4   57.213.22156 0 6 6 0―  .839.10 -.95 4.5083.6816.8732.1046.5613314911.2023.4820.22 3
20250223일 1120011국640 8 4415 2강 2259맑음건조 31011제이원파워      더킹    제이원          한수 3 0 0 9 5  87710:35 16500국6송문길박정재   215 1 3 317 3 0 0 2  0김정준43856.070하무보19 17 171112.040.029.0185614264314282524282628142126      →→추14.137.840.214.3 8 837.738.3 78.0 76.0  0  0  0 0   14.10   14.60 6  5  0NN동       1212 2.0 9.011.0202012 0최빈거리거리난점 1기 2 6 6     5 3 4③1:18.01¼   .214.239.413.6 -3 -3  .00 3 6 -3 1.24672324774 9 8 5 42 3 2.05 8.05     3.2  3.8   28.2   48.2   72.1  .01119 0 3 4 0― -.837.80-1.11-2.0077.17 9.0318.4228.96102336 3.13 8.51 6.61 9
