20260912토 1100010외4 0 5  5 0혼전 4451           1 1이스트위너                              미수 2       1    010:35 41250혼4박재우김영구   0 0 1 1 1 0 1 0 0 0  0다실바   54.580평무보35 14 14 3  .037.0 8.11350 42045 92319 0 02215222912      ↗↗선14.438.338.312.7 7 1                                14.40   13.00        NN동       10 0         5.0     0 0일반주행부진마필37관 0 1                            14.4    13.0        .0                       7101010  1                                              .015 2-4 1 5-4▼-1.438.30 -.06     63.65 1.41 4.11 8.14 1 4 810.5320.4730.00 2
20260912토 1100010외4 0 5  5 0혼전 4451           1 2스톰페트럴                              미수 2       1    010:35 41250혼4리카디이기선  -4 0 1 1 1 0 1 0 0 0  0푸르칸   54.580평무보46 38 3848  .062.040.3246016355512363340483826142421      ↗→추14.838.637.312.5 198                                14.80   12.80        NN동       10 0         8.0     0 0숨은복병마방습성39기 0 2                            14.8    12.8        .0                       9 3 8 3  1                                            12.73063 2 6 9 2▲  .937.30 -.62     63.2613.2627.6040.3310233510.5320.4730.00 3
20260912토 1100010외4 0 5  5 0혼전 4451           1 3에이케이준      FROSTED MYTHOLOG 8320.00미거 2 0 1   1    010:35 41250혼4홍윤화함승원   0 0 3 2 3 2 3 0 1 2  1코지     54.588우입보50 58 588775.067.046.333582023501019 046 03521233019      ↗↘입13.936.837.413.68785                   50  0 50 0   14.00   13.10 5 -2  0HH동       1010 1.0 2.0 3.0767610 0연대우수연대우수42기 0 3                            14.0    13.1        .0                       3 6 4 2  3                                            12.73777 2 8 8 2▲ 1.237.40  .09     62.3218.9833.6546.3133536614.9130.7045.94 1
20260809일 11000 9외430 4 85 1 1강 1159흐림건조 2 1 3에이케이준      FROSTED MYTHOLOG 8320.00미거 2 0 0 1 1  101      41250혼4홍윤화함승원   0 1 2 2 2 2 2 0 0 1  0코지  48754.588평입보48 57 579088.070.073.933582023501019 046 03521233019      ↗↘입13.836.737.714.0966136.937.5 61.8 62.4  0  0100 0   13.70   13.90 6 -2 -1NH동       1010 1.0 3.0 4.0676710 0마방기습연대우수50기 0 5 4     4 4 2②1:01.83     .014.037.213.1  1  3  .00 2 1 -2  .53131282078 2 2 1 12 2 6.01 7.05 2.2 3.3 21.2   19.1   60.6   38.9  .04588 3 9 8 3▲ 1.638.20 -.82-12.062.4330.2154.9073.9418375431.9154.3560.00 1
20260628일 1100011외420 2 25 2혼전 4455맑음건조 3 1 3에이케이준      FROSTED MYTHOLOG 8320.00미수 2     9 1   90      41250혼4홍윤화함승원   0 2 1 2 1 2 1 0 0 0  0코지  48455.088평무보78 25 2557  .064.038.333582023501019 046 03521233019      ↗↘입15.338.737.311.9 19936.338.5 62.0 63.4              15.30   12.10 4  0  0LL동       10 0         6.0     0 0일반주행마방기습52기 1 7 3     3 3 3④1:02.01¾   .513.737.913.9  1 -8  .00 4 3  0 1.660 7622663 8 1 4 32 1 2.01 6.02 1.9 2.3  2.9    2.3    5.2    6.6  .02571 1 6 7 1△ 1.036.40 -.61-12.763.3113.8926.7038.27122640 9.8418.8029.95 6
20260912토 1100010외4 0 5  5 0혼전 4451           1 4나르샤럭키      AUDIBLE LOOKINTO 7752.00미암 2 0 0   1    010:35 41250혼4정호익(주)아진 0 0 2 1 2 1 1 0 0 1  0서승운   52.584평입보50 57 576935.047.023.22337142032 9241030 02214272817 099 0↗↘선14.237.737.313.13497                    0  0  0 0   14.20   13.00 5  0  0UU동52.55141010-1.0 5.0 4.0727210 0일반주행최적거리35기 0 4                            14.2    13.0        .0                       6 1 5 7  1                                              .01560 0 5 4 0― -.337.30  .34     62.76 5.7914.3123.16 41118 4.3910.2318.7510
20260809일 11000 9외430 5 85 1 1강 1159흐림건조 2 1 4나르샤럭키      AUDIBLE LOOKINTO 7752.00미암 2     1 1  101      41250혼4정호익(주)아진 0 1 1 1 1 1 1 0 0 0  0임다빈51452.575평무보77 25 2557  .029.0 8.41327 72032 9241019 92214142424      →↗추14.136.838.213.1991737.537.3 62.1 62.7              14.10   13.40 4  0  0NN동       10 0         4.0     0 0일반주행우수혈통48기 1 4 6     6 6 4④1:02.11¼   .314.237.013.0 -1  1  .00 4 5  0  .84158213070 4 7 8 82 1 6.01 7.05 2.2 3.3 21.2   19.1   60.6   38.9  .01523-3 2 1-3▼-1.638.20  .78-12.362.76 1.03 3.09 8.39 2 71412.7723.9145.23 5
20260912토 1100010외4 0 5  5 0혼전 4451           1 5세종비상        LEXITONIBOURBONS        미수 2 0 0   1    010:35 41250혼4이신우정성진   2 0 2 1 2 1 2 0 0 1  0마이아   54.593평무보50 34 3462  .058.029.63452152162 8204338 022133533 8      ↘↗선13.536.938.313.484 3                                13.50   13.70 3 -5  0LL동       10 0         6.0     0 0마방연대마방습성46기 1 5                            13.5    13.7        .0                       5 9 9 5  2                                              .03044 0 5 7 0―  .438.30  .04     62.87 8.2018.5029.62 8172810.5320.4730.00 4
20260823일 2100010외411 4 65 1 1강 1155맑음포화16 1 5세종비상        LEXITONIBOURBONS        미수 2     2 1   49      41250혼4이신우정성진   2 1 1 1 1 1 1 0 0 0  0마이아47654.593평무보18 25 2569  .061.044.33452152162 8204338 022133533 8      ↘↗선14.136.838.314.499 137.038.7 61.8 63.4              14.10   14.70 4  0  0NL동       10 0         8.0     0 0일반주행마방연대48기 110 4     4 5 5⑥1:01.8½   1.713.537.813.7  2  2  .01 6 4  0 3.06434715631 3 8 7 32 1 1.02 2.01 1.4 3.8  1.4    3.8    4.8    6.2  .02363 0 6 7 0― 1.038.30 -.32-11.762.8216.1831.7844.33193955 9.7618.8830.28 9
20260912토 1100010외4 0 5  5 0혼전 4451           1 6히어로플레임                            미수 2       1    010:35 41250혼4백종수임재형   2 0 1 1 1 0 1 0 0 0  0임다빈   54.575평무보57 51 5139  .043.018.31327 738712245 0 0316050142424      →↗추15.338.637.312.4 498                                15.30   12.70        LN동       10 0         7.0     0 0일반주행보통주행50기 1 6                            15.3    12.7        .0                      10 4 6 8  1                                              .01833 0 3 5 0― -.537.30  .02     63.26 4.16 9.7018.28 2 51010.5320.4730.00 5
20260912토 1100010외4 0 5  5 0혼전 4451           1 7마이티로그                              미수 2       1    010:35 41250혼4서홍수조제형   2 0 1 1 1 0 1 0 0 0  0이동하   54.591평무보85 95 9595  .065.046.53354151850 7242933 02616252419      ↗↘선13.936.737.411.99999                                13.90   12.10        LN동       10 0         1.0     0 0일반주행전개최상40기 0 7                            13.9    12.1        .0                       1 5 1 1  1                                            10.54183 2 8 7 2▲ 1.237.40  .11     62.2719.0433.8046.5218375410.5320.4730.00 6
20260912토 1100010외4 0 5  5 0혼전 4451           1 8가라카이        CARACAROALGOWILD        미수 2 0 0   1    010:35 41250혼4정호익에스지이 3 0 2 1 2 1 2 0 0 1  0장추열   54.593평입보50 48 487745.056.029.52950132032 9242028252214202722      ↘↗입13.836.838.013.89125                    0  0100 0   13.80   13.60 7  4 -1BH동       1010  .0 4.0 4.0545410 0일반주행보통주행38기 0 8                            13.8    13.6        .0                       2 7 7 6  2                                              .01850 0 6 6 0―  .338.00  .27     62.65 9.1819.8329.47 51222 7.0215.8125.31 9
20260725토 11000 8외421 6 25 1 1강 1159맑음다습11 1 8가라카이        CARACAROALGOWILD        미수 2     9 1  131      41250혼4정호익에스지이 3 1 1 1 1 1 1 0 0 0  0장추열48255.593평무보74 25 2559  .042.028.42950132032 9242028252214202722      ↘↗입15.038.237.412.7249736.639.0 62.8 63.0              15.00   13.00 4  0  0NL동       10 0         5.0     0 0일반주행보통주행59기 2 4 3     3 3 3④1:02.8¾    .913.838.513.6  0  0  .00 4 4  0 1.24817805255 7 2 7 62 1 2.01 8.05 1.8 1.7  2.4    1.7    4.1    4.1  .01547 0 4 3 0― -.336.80 -.11-12.663.09 6.5817.0528.40 3112013.7927.1654.10 3
20260912토 1100010외4 0 5  5 0혼전 4451           1 9드림닉스                                미수 2       1    010:35 41250혼4함완식배태후   0 0 1 1 1 0 1 0 0 0  0김용근   54.587평무보72 64 6464  .044.018.327511422561015 018 02111312714      ↘↘선14.336.938.213.09717                                14.30   13.30        LN동       10 0         2.0     0 0일반주행보통주행42기 0 9                            14.3    13.3        .0                       4 8 3 9  1                                              .01542 0 5 3 0― -.538.20  .43     62.82 4.15 9.7118.27 2 71410.5320.4730.00 7
20260912토 1100010외4 0 5  5 0혼전 4451           110토렌스                                  미암 2       1    010:35 41250혼4토니  이한준  -2 0 1 1 1 0 1 0 0 0  0이혁     52.580평무보78 74 7459  .064.039.92258 7305916203733 02820282118      ↗↘선15.438.537.312.3 799                                15.40   12.60        NN동       10 0         4.0     0 0일반주행마방습성36관 010                            15.4    12.6        .0                       8 2 2 4  1                                              .02666 1 7 8 1▲ 1.037.30 -.56     63.2015.7928.7939.8812264010.5320.4730.00 8
20260912토 2120010국6 0 5  5 0혼전 4451           2 1환상의루나      한센    킹덤레이 7925.00한암 2 0 0   1    011:25 24750국6안병기환상마   0 0 3 2 2 2 1 0 0 2  0푸르칸   52.580평입하50 76 767881.070.058.42460162357 8183310 01810142421      ↗→추13.636.639.513.88817                    0  0 50 0   13.40   13.70 5 -5  0HHUP       1210 3.0 1.0 4.0666610 2전개최상보통주행47기 0 1                            13.4    13.7        .0                       2 6 2 1  1                                            10.63783 3 8 9 3▲ 1.539.50 -.89     76.1222.3742.0358.4412264019.4737.5649.21 1
20260808토 1100010국641 4 45 1 1강 1151맑음건조 2 2 1환상의루나      한센    킹덤레이 7925.00한암 2 0 0 1 1  111      24750국6안병기환상마   0 1 2 2 2 2 1 0 0 1  0서승운46752.584평선보72 97 979591.069.049.52337142357 81833 0 01810272817      ↗↘선13.736.937.513.1848036.439.1 62.6 63.4  0  0  0 0   13.80   13.40 7  0 -1NH동       1010 2.0 1.0 3.0757510 0전개최상전개최상58관 1 6 3     3 2 4⑤1:02.6코    .813.438.813.7  4  0  .00 5 1  0 2.56411825053 6 1 1 42 1 2.03 1.08 2.3 3.2  3.1    9.7   16.2   16.8  .04183 0 7 6 0― 1.238.20 -.10-11.062.4317.4434.1349.4710233522.7341.9145.45 1
20260620토 1100010국620 7 75 2혼전 4455비  불량20 2 1환상의루나      한센    킹덤레이 7925.00한암 2     2 1  120      24750국6안병기환상마   0 2 1 2 1 2 1 0 0 0  0씨씨웡46753.093평무보95 25 2592  .072.059.93456112357 8183332461810212522      →↘선14.036.837.412.9999836.738.2 62.2 62.9              14.00   13.20 4  0  0LN동       10 0         1.0     0 0일반주행전개최상 5기 0 6 2     2 2 2③1:02.21½   .213.837.313.4  2  6  .00 3 1  0 1.04220522975 3 3 3 11 1 7.09 3.05 1.7 2.8 30.7  426.6 1075.0  236.410.64175 1 7 7 1△ 1.438.20 -.32-11.362.3226.7547.4359.87335366 9.0918.1827.27 6
20260912토 2120010국6 0 5  5 0혼전 4451           2 2명뷰티풀                                한암 2       1    011:25 24750국6문병기(주)자성 0 0 1 1 1 0 1 0 0 0  0송재철   52.577평무보48 53 5343  .040.015.31645 72652 9262616142827192620      ↘↗입14.838.438.212.4 193                                14.80   12.70        NN동       12 0         4.0     0 0일반주행보통주행40기 1 2                            14.8    12.7        .0                       8 2 7 6  1                                              .01533-1 3 4-1▽ -.838.20  .07     76.39 3.45 7.5515.31 5122210.6220.6630.28 4
20260912토 2120010국6 0 5  5 0혼전 4451           2 3푸른돌풍        한센    블루엠파 7925.00한암 2 0 0   1    011:25 24750국6이관호손병현   1 0 2 1 2 1 2 0 0 1  0조한별   52.563하입상50 58 586819.049.023.3132110213910203916 02321122118      →↘입13.736.739.914.290 4                    0  0100 0   13.80   14.00 7 -3 -1HHUP       1210-5.011.0 6.0484810 2마방연대우수혈통40기 0 3                            13.8    14.0        .0                       3 9 6 5  2                                              .03036 0 5 4 0― -.139.90 -.16     76.39 4.4112.8323.27 81728 4.42 9.3919.87 8
20260726일 1100011국630 7 35 1혼전 4455맑음다습10 2 3푸른돌풍        한센    블루엠파 7925.00한암 2     9 1  121      24750국6이관호손병현   1 1 1 1 1 1 1 0 0 0  0조한별42653.563평무보22 25 2536  .042.014.6132110213910203916 02321122118      →↘입14.538.038.313.332 136.539.5 63.3 63.6              14.50   13.60 4  0  0LN동       10 0         8.0     0 0일반주행마방연대57기 0 6 5     5 5 6⑥1:03.3½   1.113.838.914.0 -5 14  .00 611  0 3.06816906548 71010 72 1 2.0410.05 2.4 2.6  2.6   18.5   27.5   85.4  .02340-2 3 6-2▽ -.737.20 -.10-12.863.48 3.70 7.9914.64 41118 9.2317.7428.80 5
20260912토 2120010국6 0 5  5 0혼전 4451           2 4상상속그대                              한암 2       1    011:25 24750국6문병기(주)나스-1 0 1 1 1 0 1 0 0 0  0장추열   52.593평무보66 80 8081  .071.058.42950132652 9263946382827202722      ↘↗입14.638.138.012.21099                                14.60   12.40        NN동       12 0         4.0     0 0일반주행마방습성38기 0 4                            14.6    12.4        .0                       7 1 1 2  1                                            12.73081 2 8 9 2▲ 1.538.00 -.89     76.1222.3442.0158.3918375410.6220.6630.28 5
20260912토 2120010국6 0 5  5 0혼전 4451           2 5캔들스스타                              한암 2       1    011:25 24750국6서인석송창오   0 0 1 1 1 0 1 0 0 0  0김효정   52.570평무보56 60 6046  .037.0 9.41650 71848 9183012 02012192317      ↗→선15.438.538.212.5 498                                15.40   12.80        LN동       12 0         6.0     0 0일반주행마방습성38기 0 5                            15.4    12.8        .0                       9 3 5 7  1                                              .02631-3 2 3-3▼-1.238.20  .19     76.45 1.11 4.24 9.35 4111810.6220.6630.28 6
20260912토 2120010국6 0 5  5 0혼전 4451           2 6툰테자          미스터크빅토리브 7416.00한암 2 0 0   1    011:25 24750국6리카디로스린다 0 0 2 1 1 1 2 0 0 1  0정정희   52.581하무보50 40 402713.032.0 7.32044 935551236 029 03826202515      →↗입14.237.639.913.531 6                    0  0  0 0   14.20   13.80 2  0  0NHUP       1210-1.0 8.0 7.0262610 2일반주행단기승부50기 1 6                            14.2    13.8        .0                       510 8 8  2                                              .015 7-4 2 2-4▼-1.539.90 -.20     76.90  .75 2.86 7.26 2 714 1.77 6.5712.30 9
20260829토 11000 8국621 3 75 1 2강 2256흐림다습14 2 6툰테자          미스터크빅토리브 7416.00한암 2     9 1   40      24750국6리카디로스린다 0 1 1 1 1 1 1 0 0 0  0정정희53252.581평무보23 25 2546  .038.015.92044 935551236 029 03826202515      →↗입15.838.937.312.7 19837.439.3 62.8 64.3              15.80   13.00 4  0  0LN동       10 0         8.0     0 0일반주행우수혈통 5   0 6 8     8 8 7⑦1:02.85    1.914.238.213.8 -1 -3  .00 7 8  0 2.98454867924 8 4 8 70 1 1.02 2.01 1.6 2.8  1.6    2.8    4.1    4.0  .01530 0 3 5 0― -.736.40 -.07-11.963.43 3.48 8.1715.94 2 715 8.7018.4132.27 6
20260912토 2120010국6 0 5  5 0혼전 4451           2 7안양에이스      테스타마집시캡컴 1926.00한암 2 0 0   1    011:25 24750국6서인석(주)에이 1 0 2 1 1 1 2 0 0 1  0다실바   52.580하도보50 27 27 8 8.028.0 4.81350 41848 918 035 02012222912      ↗↗선14.238.039.813.7 5 2                    0  0  0 0   14.20   14.00 8  5 -1BHUP       1210 1.0 9.010.0 4 410 2발길대로부진마필44트 0 7                            14.2    14.0        .0                       6 81010  2                                              .0 6 2-4 1 1-4▼-1.839.80 -.31     77.06  .38 2.03 4.78 1 4 8 2.65 4.6910.4110
20260718토 1100011국630 6 85 1 1강 1155비  불량20 2 7안양에이스      테스타마집시캡컴 1926.00한암 2     2 1  151      24750국6서인석(주)에이 1 1 1 1 1 1 1 0 0 0  0다실바42353.580평무보17 25 2527  .033.0 8.41350 41848 918 035 02012222912      ↗↗선14.137.538.313.961 138.240.7 64.9 65.8              14.10   14.20 4  0  0NN동       10 0         6.0     0 0일반주행보통주행 5   0 2 7     7 9 9⑩1:04.95    4.014.239.814.0  1-14  .0010 9  0 4.297799898 6 8 8 8 80 1 7.03 8.06 2.5 4.7 28.5   53.5  183.2  149.1  .01510-4 3 3-4▼-1.538.20  .36-10.163.20  .96 3.58 8.38 2 714 6.7413.7525.97 3
20260912토 2120010국6 0 5  5 0혼전 4451           2 8시티오브드림    레이스데해피우먼 6225.00한암 2 0 1   1    011:25 24750국6박재우(주)제주 0 0 3 2 1 2 1 0 1 2  1코지     52.588우입적50 73 739766.069.058.03358202045 923 024 0221523301999 0 0↗↘입13.636.639.614.392 8                   50  0100 0   13.50   13.70 4  4  0NUUP52.54451210-1.0 6.0 5.0646410 2부중유리전개최상52기 0 8                            13.5    13.7        .0                       1 7 4 3  1                                              .04197 3 8 8 3▲ 1.539.60 -.94     76.1722.2241.7958.0110233512.3923.4737.85 3
20260815토 1100010국630 5 85 1 2강 2239흐림건조 3 2 8시티오브드림    레이스데해피우먼 6225.00한암 2 0 0 2 1   91      24750국6박재우(주)제주 0 1 2 2 2 2 2 0 0 1  0루이스44552.567하입보16 33 336019.044.026.32144102045 923 021 02215202715      ↗↘입13.636.838.214.3881036.338.1 61.9 62.5  0  0100 0   13.60   14.10 5 -6 -1HH동       1010  .0 8.0 8.0444410 0일반주행보통주행 5   0 4 1     1 2 1②1:01.93     .013.537.913.7 -2  4  .00 2 4 -4  .631 9502079 2 7 4 51 2 1.04 5.04 2.1 3.6  2.1    7.1   11.5    8.3  .01544 0 4 4 0― -.338.10  .25-12.662.76 5.8915.5926.32 61325 4.8110.2619.21 6
20260712일 1100011국640 7 95 2혼전 4459맑음다습12 2 8시티오브드림    레이스데해피우먼 6225.00한암 2     2 1   70      24750국6박재우(주)제주 0 2 1 2 1 2 1 0 0 0  0루이스44153.567평무보72 25 2553  .040.019.92144102045 923 021 02215202715      ↗↘입14.136.738.413.899 136.640.0 63.7 64.3              14.10   14.10 4  0  0LN동       10 0         5.0     0 0일반주행보통주행52기 110 5     5 5 7⑧1:03.71    1.213.639.414.1  0 -2  .00 8 8  0 2.48315937444 2 9 7 72 1 1.02 4.07 2.2 5.5  2.2    5.5    9.0   33.6  .01539 0 4 3 0― -.738.60  .37-10.862.82 6.2712.4819.90 4111811.3221.8935.76 6
20260912토 2120010국6 0 5  5 0혼전 4451           2 9대한여전사                              한암 2       1    011:25 24750국6서홍수이종수   0 0 1 1 1 0 1 0 0 0  0김태훈   52.572평무보48 39 3921  .030.0 7.21757 71850 724 018 02616122521      ↗→입15.738.738.512.3 165                                15.70   12.60        LN동       12 0         7.0     0 0일반주행보통주행48기 1 9                            15.7    12.6        .0                      10 5 9 9  1                                              .01515-2 2 2-2▽-1.538.50 -.04     76.73  .72 2.84 7.20 2 51010.6220.6630.28 7
20260912토 2120010국6 0 5  5 0혼전 4451           210라온폴리스      머스킷맨토미켄스 8325.00한암 2 0 0   1    011:25 24750국6이강서라온랜드 2 0 2 1 2 1 1 0 0 1  0서승운   52.584평추보50 74 747982.071.058.0233714568340224460 04225272817      ↗↘선14.137.438.413.24783                    0  0  0 0   14.10   13.10 4  8  0NHUP       1210 1.0 2.0 3.0727210 2전개최상연대우수61기 110                            14.1    13.1        .0                       4 4 3 4  1                                            12.73789 2 9 9 2▲ 1.538.40 -.72     75.9522.2041.7757.9733536616.8135.6849.21 2
20260815토 1100010국630 7 85 1 2강 2259흐림건조 3 210라온폴리스      머스킷맨토미켄스 8325.00한암 2     2 1   91      24750국6이강서손천수   1 1 1 1 1 1 1 0 0 0  0장추열47252.593평무보85 25 2598  .073.078.42950135683402255 0504225202722      ↘↗입14.036.837.613.6997637.237.7 62.2 62.8              14.00   13.90 4  0  0NN동       10 0         5.0     0 0일반주행전개최상 5   0 2 7     7 6 6③1:02.21¾   .314.137.513.1  1  3  .00 3 2  0  .94144363369 1 1 8 13 1 1.04 5.04 2.1 3.6  2.1    7.1   11.5    8.3  .04188 3 8 8 3▲ 1.838.20 -.94-11.762.4337.7562.9478.3938587011.5422.5642.07 3
20260912토 3140011국6 1 9  9 0혼전 4453           3 1다나은루비      킹삭스  대압승    924.00한암 3 0 0   1    012:45 16500국6김동균이진경  -2 01010 2 9 2 0 0 9  0우인철   53.069하선보50 53 539440.061.046.92049101752 6202013 019 811282299 0 0→↘입13.436.440.313.79227                    0 13 75 0   13.80   13.90 4 -6  0UHUP54.54341413 -.8 6.4 5.6393914 1일반주행전개최상45관 0 1                            13.8    13.9        .0                       1 9 8 2  2                                              .04183 1 5 4 1―  .940.30 -.76     89.0718.1434.3146.9219405610.4521.3329.76 4
20260815토 3130011국652 7109 1 2강 2254흐림건조 3 3 1다나은루비      킹삭스  대압승    924.00한암 3 0 0 2 1   89      16500국6김동균이진경  -2 1 9 9 4 9 1 0 0 8  0우인철44953.069하선상61 54 548470.063.066.12049101752 6202013 019 811282299 0 0→↘입13.436.740.714.4961037.639.1 83.7 82.7  0 14 86 0   13.80   14.80 6  4  2NNDN54.54341413  .0 6.8 6.8323214-1부중유리탄력호전 5   0 7 3     5 6 5④1:23.75    1.113.839.613.9 -2  5  .00 4 6  1 1.53550434147 111 3 22 1 4.03 1.02 3.3 6.5  5.7   13.0   26.8   11.7  .03176 0 6 5 0―  .840.30-1.36 5.3483.5524.4745.2266.1318375429.1750.4569.61 2
20260705일 31400 8국611 9 19 2 2강 2259흐림건조 4 3 1다나은루비      킹삭스  대압승    924.00한암 3 0 0 1 1   88      16500국6김동균이진경  -2 2 8 8 1 9 1 0 0 7  0조성환44451.053하도하 6  9  982 5.030.017.9 718 61752 62020 0 019 8 9171999 0 0↘→추13.436.340.314.493 236.339.5 90.1 88.1  0  0 83 0   13.50   16.50 7 -6 -4UUUP54.54341413 1.8 6.2 8.0282813 1일반주행거리부담26관 0 3 1     1 1 2③1:30.15     .813.840.414.8 -2  9  .00 3 5  0 1.61711512159 1 6 6 61 1 1.06 4.06 1.5 3.0  1.5    8.2   10.6   27.0  .01548-3 2 1-3▼-1.339.40  .0611.5089.00 2.83 7.9517.85 51221 3.51 6.7213.95 6
20260517일 11300 9국651 9 59 3 3강 3351맑음건조 3 3 1다나은루비      킹삭스  대압승    924.00한암 3 0 0 2 1  130      16500국6김동균이진경  -2 3 7 7 3 9 3 0 0 6  0유승완43555.069하도하21 19 198214.039.016.61860 81752 6202019 019 815272299 0 0→↘입13.436.740.214.497 535.943.4 86.7 85.2  0  0 80 0   13.40   16.00 6  2  0VN동54.54341310 2.2 6.0 8.2303013 0일반주행도주호기38관 1 9 1     2 2 5⑧1:26.73    2.913.544.216.5  3 16  .00 8 5  0 3.091 1999415 1 7 5 61 3 3.02 5.06 1.6 3.1  8.2   12.7   32.1  205.9  .01536-3 3 1-3▼-1.040.90  .30 8.3483.23 2.71 8.1616.56 51222 4.4810.0715.61 7
20260405일 2130011국641 9 99 4혼전 4452맑음양호 6 3 1다나은루비      킹삭스  대압승    924.00한암 3 0 0 1 1  112      16500국6김동균이진경  -2 4 6 6 2 9 2 0 0 5  0유승완41955.069하도상42 44 447324.049.034.31860 81752 6202019 019 815272299 0 0→↘입13.436.740.614.496 635.942.4 85.1 83.9  0  0 75 0   13.40   14.70 2 -1  1NN동54.54341310 2.0 6.3 8.3323213 0전개선전탄력호전62관 1 7 1     1 1 2⑧1:25.11    2.013.442.916.0  3-15  .00 8 5 -6 2.172 0978427 211 5 41 2 1.02 1.03 2.1 4.5  2.1    4.5    7.3   15.913.22656 0 4 2 0―  .040.60 -.41 6.6483.4810.2322.7034.33143045 5.6618.0321.01 4
20260322일 1130011국651 6109 5 3강 3351맑음건조 5 3 1다나은루비      킹삭스  대압승    924.00한암 3 0 0 2 1   31      16500국6김동균이진경  -2 5 5 5 1 9 1 0 0 4  0유승완43454.569하도하 8  8  820 7.031.0 9.51860 81752 6202019 019 8152722      →↘입13.437.140.514.566 436.840.1 83.9 83.3  0  0 67 0   14.10   15.00 3  5  1NNUP       1310 4.7 4.7 9.3222210 1전개최상거리속성28관 0 8 1     1 1 1⑤1:23.92½   .713.440.414.7 -6  4  .00 511  3  .85111744759 411 9111 1 6.0711.02 2.5 6.1 19.9  203.8  338.2 1445.2  .03411-4 1 1-4▼-1.540.00  .07 5.7283.68 1.27 4.55 9.54 0 1 4 3.13 7.1910.56 9
20260301일 2120011국634 9 89 6 1강 1151맑음건조 3 3 1다나은루비      킹삭스  대압승   4214.00한암 3 0 0 1 1   61      16500국6김동균이진경  -2 6 4 4 2 9 1 0 0 3  0장추열43054.093하도하15 13 139347.060.031.02950131752 6202032 019 8202722      ↘↗입13.436.540.114.597 437.441.2 79.4 78.3  0  0100 0   14.00   15.30 8 -5 -1HN동       1210 6.0 3.0 9.0292910 0전개최상전개최상56관 0 3 8     8 810⑩1:19.44    3.314.141.615.0  2-11  .0010 8  3 4.49363949512 211 9 50 1 1.03 8.10 2.2 3.8  2.2    5.2    7.4  111.6  .04181 0 5 4 0―  .639.80 -.39 1.7376.39 9.4419.1531.01 81728 7.0114.7920.22 6
20260104일 1120011국621 9 29 7 1강 1154흐림다습12 3 1다나은루비      킹삭스  대압승   4214.00한암 3 0 0 1 1  136      16500국6김동균이진경  -2 7 3 3 1 9 3 0 0 2  0송재철44154.577하도하25 24 249240.048.032.71645 71752 62020163319 8192620      ↘↗입13.436.540.414.596 337.441.3 79.6 78.3  0  0100 0   13.60   14.90 9  1  1NNUP       1210 5.0 4.0 9.0212110 2마주성향전개최상 5관 0 8 7     7 811⑪1:19.69    3.714.042.315.3  6 -9  .0111 5  3 3.89362959510 111 4 40 3 2.0110.06 1.5 2.2  3.2    2.2    6.1   15.0  .04167 0 4 2 0― -.239.70 -.62 1.3676.56 7.8718.5332.74102335 6.4815.6115.92 6
20251101토 1100012국651 8109 8 3강 3355맑음건조 5 3 1다나은루비      킹삭스  대압승   4214.00한암 2 0 0 1 1  19810:35 24750국6김동균이진경  -2 8 2 2 2 9 2 0 0 1  0송재철45054.077하도하18 14 146843.048.029.31645 71752 62020163319 8192620      ↘↗입13.436.638.214.5971236.339.6 64.2 63.5  0  0100 0   13.40   14.80 9 -3  1NN동       1010 5.0 4.0 9.0212110 0교체실패마주성향34관 0 7 1     1 1 2⑨1:04.2머리 1.413.639.914.9  7 15  .00 9 2 -2 1.566 6915938 5 7 1 61 2 9.0112.09     7.7 18.1   34.0  125.4   42.4  .02438-3 5 2-3▽ -.438.60  .27-11.362.6510.8619.0429.32 51222 6.3814.56 8.2012
20250830토 2100010국650 4 59 9 2강 2255맑음불량20 3 1다나은루비      킹삭스  대압승   4214.00한암 2     9 2  346      24750국6김동균이진경  -2 9 1 1 1 9 1 0 0 0  0송재철43553.577평무보61 25 2526  .030.0 7.72032142042122020163319 8192620      ↗↘입14.137.937.812.5325336.339.8 63.6 64.0              14.10   12.80 4  0  0NN동       10 0         2.0     0 0일반주행보통주행49기 110 2     2 2 3⑨1:03.63    2.113.439.614.8  5  1  .00 9 4  0 2.579 7936421 9 6 9101 1 1.02 5.09 2.4 3.8  2.4    3.8    6.1    5.5  .015 9-4 2 2-4▼-1.537.40  .41-11.763.15  .70 3.08 7.65 1 4 8 8.8917.9631.2810
20260912토 3140011국6 1 9  9 0혼전 4453           3 2믿음의질주      오버애널믿음의빛 2739.00한암 3 0 0   1    012:45 16500국6배휴준강종우   4 0 7 7 2 6 1 0 0 6  0임다빈   54.076하추상50 37 37 7 6.031.0 9.41327 7 940 8 9 4 0 01111142424      →↗추14.437.840.213.7 422                    0  0  0 0   15.10   13.60 4 -1  0HHUP       1413-1.6 9.4 7.8181813 1발길대로부진저하45관 0 2                            15.1    13.6        .0                      11 81111  1                                              .0 7 8-4 1 1-4▼-1.440.20 -.56     89.96 1.91 5.09 9.44 0 2 5 1.49 5.3311.9011
20260815토 3130011국652 7109 1 2강 2254흐림건조 3 3 2믿음의질주      오버애널믿음의빛 2739.00한암 3 0 0 2 1   89      16500국6배휴준강종우   4 1 6 6 3 6 6 0 0 5  0유승완45854.069하추보 5  6  6 3 2.030.0 8.11860 8 940 8 9 4 7 71111152722      →↘입14.438.339.913.9 73038.839.0 84.7 83.7  0  0  0 0   14.60   14.20 4  2 -1HH동       1412 -.8 9.0 8.2161613 0걸음없음최적거리 5   0 311    111110⑦1:24.71¾  2.115.139.513.6 -3  2  .00 710  0 2.5699239742311 710 93 6 4.03 1.02 3.3 6.5  5.7   13.0   26.8   11.7  .013 2-4 1 3-4▼-2.038.90 -.25 5.5484.06  .85 3.98 8.08 41118  .12 3.60 6.63 7
20260719일 2130011국651 9109 2 1강 1156흐림포화16 3 2믿음의질주      오버애널믿음의빛 2739.00한암 3 0 0 2 1   49      16500국6배휴준강종우   4 2 5 5 2 6 5 0 0 4  0유승완45655.069하추상19 16 1623 3.032.010.51860 8 940 8 9 4 7 71111152722      →↘입14.438.239.913.9 82738.341.0 84.8 85.1  0  0  0 0   14.40   14.40 2 -7  0HH동       1412-1.0 8.8 7.8161613 0일반주행최적거리 5   0 110     91010⑩1:24.8½   2.614.640.914.2  0  1  .001010  2 3.4908289941810 8 8100 5 4.05 7.05 2.8 6.0  9.1   42.1   92.4   30.1  .015 8-4 1 1-4▼-1.539.40 -.24 7.0484.00 1.74 5.2110.47 1 4 8  .12 2.90 5.9110
20260704토 31300 9국653 7 59 3 1강 1155흐림건조 5 3 2믿음의질주      오버애널믿음의빛 2739.00한암 3 0 0 1 1   38      16500국6배휴준강종우   4 3 4 4 1 6 4 0 0 3  0유승완45555.069하추하10  8  8 5 3.030.0 9.51860 8 940 8 9 4 7 71111152722      →↘입14.638.339.913.5 53737.840.0 84.0 83.8  0  0  0 0   14.60   14.80 3  0  0LHDN       1412 -.3 9.0 8.7111112-1발길대로탐색우려47트 2 8 9     8 8 8⑤1:24.03    1.614.440.314.4 -3 -2  .00 5 8 -1 1.8676370753510 2 9 93 4 2.01 9.06 2.8 3.8  3.1    3.8    7.2   12.2  .0 6 1-4 1 2-4▼-1.538.90 -.30 5.5984.06  .95 3.99 9.54 2 510  .12 2.67 6.94 9
20260614일 3140011국630 7 89 4 1강 1151흐림건조 3 3 2믿음의질주      오버애널믿음의빛 2739.00한암 3 0 0 2 1   48      24750국6배휴준강종우   4 4 3 3 1 6 3 0 0 2  0유승완45755.069하추상17 12 12 3 3.027.0 4.41860 8 940 8 9 4 7 71111152722      →↘입14.937.940.113.5 23338.140.8 92.2 91.1  0  0  0 0   15.00   13.70 4  4  0BHUP       1412-1.5 9.0 7.5121212 2걸음없음탐색우려56트 0 811    101011⑪1:32.23    3.414.641.314.8  2 12  .0011 9 -1 3.690898292 911 910110 3 3.04 1.06 2.1 5.0  5.5   18.5   35.6   14.9  .0 5 1-4 1 2-4▼-2.038.50 -.4313.0989.96  .34 1.95 4.42 1 2 6  .12 1.64 4.5210
20260516토 2120010국621 9 29 5 2강 2243맑음건조 3 3 2믿음의질주      오버애널믿음의빛 6340.00한암 3 0 0 2 1   79      16500국6배휴준강종우   4 5 2 2 2 6 2 0 0 1  0유승완44555.072하무보14 10 10 3 3.026.0 3.51860 8 940 8 9 4 7 71111152722      →↘입14.938.339.813.7 11338.738.7 78.8 77.0  0  0  0 0   14.90   14.00 2  3  0NH동       1212 1.0 8.0 9.0 8 812 0최빈거리거리난점30관 0 4 9    1010 9⑥1:18.83    2.415.039.213.7 -4  7  .00 610  2 3.8759648842111 6 6113 2 1.02 6.08 1.5 1.5  1.5    1.5    2.0    3.4  .0 9 1-4 1 1-4▼-2.137.50 -.45-1.1577.23  .27 1.65 3.52 1 4 8  .12 2.17 4.32 9
20260502토 1120010국631 9 39 6 1강 1155흐림건조 3 3 2믿음의질주      오버애널믿음의빛 6340.00한암 3     1 1   40      16500국6배휴준강종우   4 6 1 1 1 6 1 0 0 0  0유승완43855.072평무보11 25 25 3  .025.0 6.01860 8 940 8 9 4 7 71111152722      →↘입15.138.539.913.2 1 138.339.5 79.3 77.4              15.10   13.50 4  0  0NL동       12 0         5.0     0 0일반주행탐색우려34트 0 1 9     9 9 9⑨1:19.32½  3.214.940.214.0  1 12  .00 9 8  0 3.78392728912 8 7 9100 1 3.01 3.06 2.2 2.2  4.6    4.6   11.3    2.5  .015 2-4 1 2-4▼-1.937.50 -.68-1.0577.40  .61 1.37 5.99 2 510 8.1616.6731.49 3
20260912토 3140011국6 1 9  9 0혼전 4453           3 3원더풀캐시      퍼지    노블볼트 5140.00한암 4 0 0   1    012:45 16500국6서범석지대섭   2 016161015 1 0 014  0오수철   54.060평입보50 55 5521  .033.012.5 733 51445 52010 0131916112215 0 0 0↘↗입13.837.440.013.82030                    0 10 10 0   13.80   13.70 4 -5  0HH동55.04851714 -.8 6.8 6.0424214 0최빈거리보통주행38관 0 3                            13.8    13.7        .0                       8 6 710  1                                              .01320-1 1 1-1▽-1.040.00 -.27     89.55 2.17 6.1712.46 1 4 817.9129.3338.10 2
20260815토 2140010국613 9 69 1혼전 4451흐림건조 3 3 3원더풀캐시      퍼지    노블볼트 5140.00한암 4 0 0 2 1   90      16500국6서범석지대섭   2 11515 915 6 0 014  0조상범  054.057평입보41 44 4421 7.034.012.3 926 61445 52010 4141916132216 0 0 0↗→입13.837.340.013.82430                    0 10 10 0   14.00   14.30 6  6 -1LH동55.04851714 -.8 6.8 6.0464614 0일반주행보통주행 5   0 8                    경제    14.0    14.3     0  .07                      8 8 7 80 6 2.01 5.03 1.9 6.1  6.1    6.7   14.6   17.3  .01512-2 1 2-2▽-1.340.00 -.21     89.48 2.04 5.7212.33 2 714 2.82 6.3311.49 8
20260705일 31400 8국611 9 19 2 2강 2249흐림건조 4 3 3원더풀캐시      퍼지    노블볼트 5140.00한암 4 0 0 1 1   88      16500국6서범석지대섭   2 21414 915 5 0 013  0조상범47355.057평입보19 38 382111.038.023.7 926 61445 52010 4141916132216 0 0 0↗→입13.837.440.013.8193036.939.6 90.9 88.9  0 11  0 0   15.50   14.60 5 -5  0HNDN55.04851714 -.8 6.8 6.0464614-3최빈거리최적거리28관 0 2 4     5 5 5④1:30.94    1.614.040.514.3  1 12  .00 4 3 -4 2.44439544636 6 3 3 52 5 1.06 4.06 1.5 3.0  1.5    8.2   10.6   27.0  .01314-2 3 2-2▽ -.838.50 -.5911.5089.55 6.2012.7423.66 61325 5.2613.4524.42 5
20260530토 3170011국611 9 19 3 1강 1153맑음양호 7 3 3원더풀캐시      퍼지    노블볼트 5140.00한암 4 0 0 9 1   98      16500국6서범석지대섭   2 31313 115 4 0 012  0조상범46155.057평입상36 52 521810.039.021.8 926 61445 52010 4141916132216 0 0 0↗→입13.939.741.813.8513341.141.3117.2115.0  0 13  0 0   14.50   13.70 4 -1  0NNUP55.04851714-2.0 7.2 5.2494914 3숨은복병거리속성66관 1 7 8 8 9 9 9 9⑦1:57.22½  1.315.542.114.6  0 -1  .00 7 7 -1 1.38093578344 7 6 4 50 4 1.03 3.09 1.5 3.4  1.5    6.7    8.3   18.9  .01923 0 2 2 0― -.541.60 -.2033.45114.1 4.2011.2621.82 71829 3.80 9.1515.65 5
20260503일 2140011국651 9 59 4 1강 1159비  다습10 3 3원더풀캐시      퍼지    노블볼트 5140.00한암 4 0 0 1 1   69      24750국6서범석지대섭   2 41212 815 3 0 011  0조상범46255.057평입하11 25 2526 3.032.016.3 926 61445 52010 4141916132216 0 0 0↗→입13.837.140.213.9451538.038.8 90.2 89.3  0 14 14 0   14.20   14.90 4  5  0LN동55.04851414-1.4 7.0 5.6515114 0일반주행조교부실31관 0 810     9 8 5④1:30.22½  1.014.539.013.7 -4 -4  .00 4 8  1 1.65688275753 4 4 5 53 3 2.01 1.03 2.5 4.6  3.9    4.6    9.4   13.6  .01515 0 1 1 0―-1.038.90 -.3212.0089.48 2.60 8.0916.30 51221  .12 3.92 8.9310
20260405일 3140010국610 9 69 5 3강 3358맑음양호 6 3 3원더풀캐시      퍼지    노블볼트 5140.00한암 4 0 0 1 1   71      24750국6서범석지대섭   2 51111 715 2 0 010  0조상범46655.057기입적16 45 4524 8.034.016.4 926 61445 52010 4141916132216 0 0 0↗→입13.837.040.313.9481036.941.5 93.1 91.1  0 14 29 0   14.20   14.10 4 -4  0HN동55.04851414 -.4 6.8 6.4424214 0일반주행기복전력46관 1 3 4     4 4 9⑨1:33.1목   2.214.242.514.9  2 -3  .05 9 7 -1 2.49138919024 4 8 5 90 2 2.04 4.07 1.5 4.0  5.3   18.8   35.2   33.2  .01516-1 2 1-1▽-1.139.40 -.3213.8089.48 3.04 7.7716.42 2 3 7 5.36 8.5513.25 7
20260308일 3140010국651 9109 6혼전 4459맑음다습13 3 3원더풀캐시      퍼지    노블볼트 5140.00한암 4 0 0 2 1   71      24750국6서범석지대섭   2 61010 615 1 0 0 9  0조상범46955.057기무적16 24 2422 5.030.0 9.9 926 61445 52010 4141916132216 0 0 0↗→입13.636.940.313.7531237.740.0 90.7 90.2  0 17 33 0   14.30   14.60 5 -1  0NN동55.04851414 -.4 6.8 6.4424214 0최빈거리기복전력60관 0 7 6     4 3 5⑤1:30.71¾   .614.240.214.1 -3  7  .00 5 8  0 1.08078698164 3 9 6 92 1 4.01 8.02 3.7 7.8  6.4   15.6   35.0   19.3  .012 9-2 1 1-2▽-1.539.30 -.0913.0189.41 1.36 4.53 9.89 2 510 3.13 5.76 7.0811
20260131토 3140010국620 9 29 7 2강 2251맑음건조 2 3 3원더풀캐시      퍼지    노블볼트 5140.00한암 4     9 1   92      16500국6서범석지대섭   2 7 9 9 515 1 0 0 0  0이용호46255.063기무적17 26 2631 4.034.012.81657 71445 52010 8 01916191820 0 0 0→↘자13.736.740.313.7681237.740.4 91.4 90.2  0 20 20 0   14.30   14.0020 -2  0LN동55.04851412-1.2 6.8 5.6484814 0숨은복병휴양불리 5관 0 8 8     7 610⑩1:31.45    2.014.340.414.6  2 -2  .0010 8  6 3.28280788727 1 7 7 80 1 2.01 1.03 1.8 1.9  3.2    1.9    5.3    5.4  .01927-1 2 2-1▽ -.939.50 -.0513.1889.28 1.96 6.2212.81 2 715  .92 2.94 7.45 7
20250913토 5140010국621 9 79 8 1강 1151맑음포화19 3 3원더풀캐시      퍼지    노블볼트 5140.00한암 3 0 0 2 3  40716:35 16500국6서범석지대섭   2 8 8 8 415 4 0 0 7  0마이아46455.091하무적54 73 736471.071.076.83450331114 7201026 019163533 8 0 0 0→→선13.636.940.313.8571035.842.8 91.7 90.8  0 20 20 0   14.10   13.90 7  5  0VN동55.04851412-1.8 7.8 6.0464614 0일반주행탄력호전19관 010 1     1 1 9⑩1:31.76    3.313.842.715.8  8-15  .0910 2  1 4.190 2979212 3 8 3 11 5 3.07 4.03     4.1  8.6   45.2   89.4  171.6  .02454 1 6 4 1― 1.739.40-1.8513.6289.4139.9563.8876.7938607123.4443.9445.52 2
20250726토 21400 8국610 9 69 9 2강 2254맑음건조 4 3 3원더풀캐시      퍼지    노블볼트 5140.00한암 3 0 0 9 3  433      16500국6서범석지대섭   2 9 7 7 315 3 0 0 6  0마이아47955.091하무상47 54 545769.071.061.63450331114 7201026 019163533 8 0 0 0→→선13.737.040.313.7491237.039.1 90.0 88.1  0 20 20 0   13.80   13.70 4 -6  0NN동55.04851412 -.3 7.3 7.0444414 0일반주행탄력호전40기 0 5 3     2 1 2④1:30.0½    .214.139.413.9  3 -1  .09 4 1 -2  .31643413476 3 6 3 21 4 4.02 7.06 1.8 5.2  8.0   23.1   54.7   49.0  .02554 1 6 5 1― 1.438.70-1.5210.7589.4823.4545.2361.6118375417.4434.3251.92 3
20250629일 2140011국621 7 7910 3강 3351흐림양호 9 3 3원더풀캐시      퍼지    노블볼트 5140.00한암 3 0 0 9 3  504      16500국6서범석지대섭   210 6 6 215 2 0 0 5  0마이아48055.091하무상30 43 436039.064.047.93450331114 7201026 019163533 8 0 0 0→→선13.737.040.613.850 436.639.6 88.8 88.3  0  0  0 0   13.90   14.80 5  9  0VN동55.04851412  .0 7.5 7.5373714 0적정체중보통주행40기 011 4     6 5 4④1:28.81½   .913.839.613.7  1 -2  .00 4 3 -6 1.22320583655 2 9 7 32 3 2.0110.07 2.0 3.2  2.8    3.2    6.5    6.9  .02561 1 5 5 1― 1.038.80-1.3410.6889.6919.1935.0347.8713294611.1123.2828.10 4
20250524토 2140010국650 910911 3강 3351흐림다습13 3 3원더풀캐시      퍼지    노블볼트 5140.00한암 3 0 0 2 4  61311:25 16500국6서범석지대섭   211 5 5 115 1 0 0 4  0마이아48255.092하무상26 56 565140.068.047.8335032 833 3201026 019163533 8 0 0 0→→선14.037.040.813.858 636.640.5 90.3 88.9  0  0  0 0   14.40   14.50 6 -1  0HNUP55.04851412-2.0 8.0 6.0545412 2숨은복병거리부담67기 2 2 3     2 2 3③1:30.35     .913.940.714.8 -6 -3  .00 3 9  2 2.14723806857 6 9 4 31 2 2.08 1.03     8.7  4.2   18.1   26.6  123.811.83080 2 6 6 2― 1.338.90-1.4711.1489.8317.4133.3547.81132946 8.0517.9827.47 4
20250412토 1120011국640 9 9912 2강 2259비  건조 5 3 3원더풀캐시      퍼지    노블볼트  638.00한암 3 0 0 2 4  74013:25 16500국6서범석지대섭   212 4 4 415 1 0 0 3  0씨씨웡48555.091하무보 5 35 3520  .036.014.32437 5 833 3201030 01916212522      ↘→선14.037.939.913.8 9 537.639.5 79.1 77.1  0  0  0 0   14.40   14.30 7  2  1HN동       1212         9.0    12 0최빈거리보통주행 1관 0 3 7     7 8 7⑥1:19.1목    .814.440.614.5 -1  4  .00 6 7  0  .97766727759 61011 70 1 3.01 2.09     8.4  6.1    8.5   20.2   19.8  .01325-3 1 1-3▼-1.238.00 -.57 -.7077.06 2.36 7.7514.27 5122214.2926.8358.74 3
20250222토 1120011국651 910913 1강 1151맑음건조 3 3 3원더풀캐시      퍼지    노블볼트  638.00한암 3 0 0 9 5  88810:35 16500국6서범석지대섭   213 3 3 315 2 0 0 2  0이동하48154.585하무보14 35 3521  .033.014.11638 92171142010 0 01916252419      →↗선14.037.839.913.8171037.940.4 80.3 78.3  0  0  0 0   14.50   14.80 5 -8  1HL동       1212         8.0    12 0교체실패거리난점 1기 0 1 9     9 910⑨1:20.32    2.214.441.514.3  2  3  .00 9 7  1 2.29379889323 8 810 70 2 6.01 5.07     8.5  8.2   11.7   26.9   36.0  .02012-3 2 1-3▼-1.338.50 -.52  .6077.01 2.41 6.6214.10 31017 9.0217.3944.21 4
20250119일 1120011국612 7 1914 1강 1155맑음건조 3 3 3원더풀캐시      퍼지    노블볼트  638.00한암 3 0 0 2 5  96510:35 16500국6서범석지대섭   214 2 2 215 1 0 0 1  0이동하47854.085평무보38 35 3540  .034.011.61638 92171142010 0 01916252419      →↗선14.037.139.913.8681237.839.8 78.8 77.4  0  0  0 0   14.00   14.10 5  2  1NN동       1212         6.0    12 0최빈거리보통주행 1관 1 9 8     8 8 8⑧1:18.81    2.014.540.914.8  2 -5  .05 8 6 -2 2.58375798525 6 8 9 70 1 2.09 1.08     2.8  7.4  574.0  900.4   84.0  .01321-3 2 2-3▽-1.138.90 -.07  .4076.62 1.56 4.7611.64 3 817 9.3018.6431.52 8
20241215일 1120012국650 8 5915혼전 4455흐림양호 8 3 3원더풀캐시      퍼지    노블볼트  638.00한암 2     2 6 107610:35 24750국6서범석지대섭   215 1 1 115 1 0 0 0  0마이아48353.093평무보   35 3540  .042.016.4334620193313201026 019163533 8      ↘→선13.836.738.513.6    36.939.7 77.8 76.5              13.80   13.90        LN동       12 0                 0 0일반주행보통주행 1기 0 7 6     9 8 8⑥1:17.82     .914.040.414.1 -2 11  .00 6 8  0 1.56232776754 4 4 6 90 1 4.0112.11     3.9 10.2    8.5   21.2   51.6  .01547-1 3 3-1▽ -.539.00  .82 1.2875.61 3.58 8.5416.35 1 4 7 8.5116.6728.34 8
20260912토 3140011국6 1 9  8 0혼전 4453           3 4엑스칼리버      피스룰즈빅토리고 4032.00한거 3 0 0   1    012:45 16500국6서인석홍상기   2 0 7 7 3 6 4 0 1 6  0이용호   56.063기자적50 50 505925.047.025.91657 71848 9181016222012191820 0 099→↘자13.736.739.813.76827                   20 20 40 0   14.20   13.30 7 -7 -1UH동57.04611410 -.2 8.0 7.8353514 0전개선전작전마주39기 0 4                            14.2    13.3        .0                       3 3 9 5  5                                              .02642-1 4 2-1▽ -.239.80 -.08     88.93 7.7915.6025.91 6132511.9422.6729.76 3
20260726일 3140011국650 9108 1 1강 1151맑음다습10 3 4엑스칼리버      피스룰즈빅토리고 4032.00한거 3 0 0 9 1  119      16500국6서인석홍상기   2 1 6 6 2 6 3 0 0 5  0이용호46157.063하입보33 32 325135.055.030.11657 71848 9181016222012191820      →↘자13.736.540.614.183 937.438.8 89.0 88.1  0  0 50 0   13.70   14.10 5  2  0NN동       1410 1.3 8.0 9.3222214 0숨은탄력탄력호전93기 11110    10 9 6②1:29.01¾   .014.238.913.3 -6 -3  .00 2 8  0  .31865273491 311 7 53 4 3.08 6.11 2.8 6.4  4.7   61.6   94.1   70.7  .02152 0 5 5 0―  .439.20 -.5611.0089.34 7.9318.5630.13102135 4.7611.0018.63 6
20260620토 3140011국611 9 68 2 1강 1151비  불량20 3 4엑스칼리버      피스룰즈빅토리고 4032.00한거 3 0 0 2 1   98      16500국6서인석홍상기   2 2 5 5 1 6 2 0 0 4  0이용호46457.063하선보 9  7  74512.035.010.21657 71848 9181016222012191820      →↘자13.836.541.714.782 136.939.4 89.1 88.5  0  0 67 0   15.00   13.20 6 -2  0NNUP       1410 1.7 8.0 9.7121210 2거리적응거리부담 5기 0 9 4     4 5 7⑧1:29.1머리  .913.739.914.1  0 -3  .00 8 8  2 1.23235524257 11110 92 3 3.06 8.03 1.8 6.4  8.3   30.3   61.3  110.8  .02030-3 3 3-3▽-1.039.30 -.7110.3090.10 1.39 4.5710.16 1 4 9 2.25 8.0515.61 7
20260509토 2120011국614 9 18 3 2강 2251맑음건조 5 3 4엑스칼리버      피스룰즈빅토리고 6822.00한거 3 0 0 2 1  119      16500국6서인석홍상기   2 3 4 4 1 6 1 0 0 3  0이용호46757.065하선하50 26 2640 9.031.0 8.11657 71848 9181016222012191820      →↘자13.736.740.814.787 239.138.4 78.7 76.9  0  0 67 0   14.00   13.4023  4  1NNDN       1310 2.0 8.010.0171710-1일반주행부진마필47기 01110    101010⑧1:18.73    2.615.039.213.2  2-18  .01 8 6 -2 3.07498368417 611 8 80 2 1.02 1.03 1.5 2.9  1.5    3.8    4.7    3.9  .01510-4 2 1-4▼-1.439.10 -.23 -.6076.90 1.17 3.91 8.13 1 4 7 1.60 5.13 8.39 8
20251130일 11300 9국632 5 88 4 3강 3351흐림다습10 3 4엑스칼리버      피스룰즈빅토리고 4032.00한수 2 0 0 9 3  465      24750국6서인석홍상기   2 4 3 3 1 6 1 0 0 2  0루이스48556.074하도보13 10 1033 6.030.0 6.12250 0194210181016 02012202715      →↘입13.836.740.814.798 337.543.5 86.4 87.3  0  0100 0   13.80   15.00 8 -2  0NNUP       1310 2.0 8.010.0171710 3걸음없음거리속성 5기 0 7 5     7 8 9⑨1:26.414   5.213.543.315.6  1 16  .00 9 8 -1 5.899469999 3 1 9 7 90 1 2.09 1.06 1.6 3.3  4.9  213.2  407.2  287.4  .01213-4 1 4-4▼-1.741.40  .24 9.8083.61  .66 2.13 6.08 2 3 7 1.05 4.30 7.61 9
20251003금 1100012국650 6108 5 3강 3359흐림다습12 3 4엑스칼리버      피스룰즈빅토리고 6822.00한수 2 0 0 1 2  242      24750국6서인석홍상기   2 5 2 2 2 6 1 0 0 1  0이용호46956.063하무보 5  6  640 5.027.0 2.51267 01322 5181016222012191820      ↗→자13.736.738.214.792 836.440.3 64.5 64.3  0  0100 0   13.70   15.00 7  1  1NN동       1010 3.0 7.010.0181810 0작전마주부진마필67기 0 9 2     2 3 5⑩1:04.52½  2.513.840.315.0  1 -5  .0010 9  2 2.685 8977816 310 4121 1 1.0211.07 2.8 6.4  2.8    6.4   12.3   11.8  .020 5-4 1 4-4▼-2.138.60 1.00-10.662.71  .16 1.17 2.49 1 2 6 1.32 2.88 2.5712
20250816토 1100011국630 4 38 6혼전 4455맑음다습12 3 4엑스칼리버      피스룰즈빅토리고 6822.00한수 2     2 2  388      24750국6서인석홍상기   2 6 1 1 1 6 1 0 0 0  0빅투아47455.590평무보   25 2540  .048.027.52838181322 5181025 02012222818      →→선13.837.137.814.7    36.640.8 65.0 65.2              13.80   15.00 4  0  0LL동       10 0                 0 0일반주행작전마주38기 0 8 3     3 3 8⑩1:05.03    2.313.740.715.0  3 32  .0010 7  0 3.29415998917 2 2 2 60 1 5.01 6.04 2.4 2.4 16.7   18.3   55.0   27.5  .02058-2 5 4-2▽ -.238.40  .27-9.7362.71 7.7216.4727.49 51221 8.3316.6725.00 8
20260912토 3140011국6 1 9  8 0혼전 4453           3 5고산봉          한센    월드피스 5730.00한거 3 0 0   1    012:45 16500국6박천서함평제일 1 0 6 6 1 5 2 0 0 5  0조한별   56.061평입보50 55 555322.041.021.21321101157 5 713 3 013 5122118 099 0→↘입13.736.540.414.184 9                    0  0 67 0   13.90   13.70 5  0  0NUUP56.04841412 -.7 6.0 5.3434313 2선입실패탐색우려25관 0 5                            13.9    13.7        .0                       211 6 7  2                                              .03023-2 3 3-2▽ -.640.40 -.20     89.21 5.6013.2121.22 2 715 7.4614.6725.00 7
20260808토 2120010국642 9 98 1 1강 1151맑음건조 2 3 5고산봉          한센    월드피스 7925.00한거 3 0 0 1 1  110      16500국6박천서함평제일 1 1 5 5 3 5 1 0 0 4  0조한별48456.063하입하30 29 298319.047.029.21321101157 5 713 3 013 5122118      →↘입13.636.640.014.692 637.138.7 76.1 75.7  0  0100 0   13.70   15.00 6 -4 -1NHDN       1312 -.5 6.0 5.5353513-1숨은복병보통주행72기 1 5 5     5 6 6⑤1:16.13     .813.938.913.7 -1 -8  .00 5 6  3  .83745454055 1 8 6 52 1 7.08 3.10 3.2 6.2 18.9  164.5  301.2  285.7  .01954 0 4 3 0―  .038.80 -.33 -.9476.39 8.2318.1729.18 71829 4.95 9.9518.48 9
20260627토 2130011국650 5108 2 2강 2251맑음건조 4 3 5고산봉          한센    월드피스 5730.00한거 3 0 0 9 1   99      16500국6박천서함평제일 1 2 4 4 2 5 4 0 0 3  0정우주49257.060하입상46 37 376922.044.017.61250 71157 5 713 73013 5163013      ↗→입13.636.740.414.796 536.641.3 83.9 83.9  0  0100 0   13.60   14.60 5  2  0BH동       1312-2.0 8.0 6.0131313 0일반주행작전마주43기 1 9 5     3 3 5⑨1:23.92    1.813.741.215.0  6 10  .09 9 3 -1 2.371 7917527 110 7 70 4 7.05 4.01 2.9 6.4 17.3   84.4  189.4  623.113.22054-1 3 2-1▽ -.540.60  .15 6.8283.35 3.49 8.9617.56 41118 4.24 9.7318.16 7
20260524일 2130011국631 9 88 3 1강 1158맑음다습11 3 5고산봉          한센    월드피스 5730.00한거 3 0 0 2 1   69      16500국6박천서함평제일 1 3 3 3 1 5 3 0 0 2  0정우주48257.060하입보18 13 1339 7.028.010.41250 71157 5 713 73013 5163013      ↗→입13.636.740.514.797 436.840.0 83.8 83.0  0  0100 0   13.70   14.70 5  4  0BHUP       1312-2.0 8.0 6.0131312 1걸음없음탐색우려51기 1 7 1     1 1 1⑤1:23.81¾   .813.640.514.6  1  8  .00 5 4 -4 1.24111724459 110 9 91 3 3.07 5.03 2.4 5.5  3.9   43.4   67.0   46.1  .0 5 6-4 2 1-4▼-1.640.30  .31 5.7983.42 1.51 4.2610.42 0 3 6 4.17 8.9315.79 6
20260419일 1120011국612 9 18 4 2강 2251맑음건조 4 3 5고산봉          한센    월드피스 7925.00한거 3 0 0 2 1   91      16500국6박천서함평제일 1 4 2 2 2 5 2 0 0 1  0정우주47457.062평무보12 25 2549  .032.016.11250 71157 5 713 73013 5163013      ↗→입13.836.740.415.096 136.540.7 77.6 77.1              13.80   15.30 4 -6  1NB동       12 0         7.0     0 0숨은복병우수혈통65기 0 3 2     2 4 5⑥1:17.62    2.713.740.814.7 -2  4  .00 6 8  3 3.07815908015 41110 72 2 4.01 2.06 1.4 3.4 11.5    8.1   29.0    9.4  .019 9-4 2 2-4▼-1.339.20 -.24 -.0476.67 3.17 8.1416.14 2 71513.4824.1857.77 4
20260321토 2120010국632 9 38 5 3강 3339맑음건조 5 3 5고산봉          한센    월드피스 7925.00한거 3     2 1   83      16500국6박천서함평제일 1 5 1 1 1 5 1 0 0 0  0정우주47056.562평무보55 25 2518  .026.0 7.51250 71157 5 713 73013 5163013      ↗→입14.237.140.013.582 436.841.3 79.2 77.5              14.20   13.80 4  0  0LL동       12 0         7.0     0 0일반주행탐색우려42기 0 9 4     4 4 4⑦1:19.2½   2.013.842.015.3  2  0  .01 7 5  0 2.18525959027 6 7 8102 1 3.02 7.06 1.5 2.5  6.5   10.7   21.1    3.0  .015 2-4 1 3-4▼-2.038.90 -.01  .4476.67  .66 3.62 7.53 0 1 4 9.6018.5735.69 7
20260912토 3140011국6 1 9  9 0혼전 4453           3 6스카일러태하    미스치비대완마   2426.00한거 3 0 0   1    012:45 16500국6정하백류민수  -2 0 5 5 3 4 1 0 0 4  0정도윤   56.082기추보50 63 633438.053.034.312 0 924481819 0 0 02519102523 0 099↗↗입14.637.539.713.72237                   25 25  050   14.70   13.3012  5 -1NU동57.04461714 1.5 4.0 5.5505014 0뒷심문제휴양불리 1   0 6                            14.7    13.3        .0                       9 2 3 4  1                                              .02860 0 5 3 0―  .339.70 -.73     89.4112.5724.6734.31 82134 7.4616.0028.57 6
20260620토 3140011국611 9 69 1 1강 1151비  불량20 3 6스카일러태하    미스치비대완마   2426.00한거 3 0 0 2 2  229      16500국6정하백류민수  -2 1 4 4 2 4 2 0 0 3  0코지  44657.087하추하 6 13 1331 8.041.017.32055 91743 619 028 02519233019      ↗↗입14.637.740.113.9231937.638.2 88.2 87.7  0  0  033   14.90   14.80 8 -2  0HNDN       1713 2.0 4.0 6.0383814-3마주성향최적거리 5기 1 1 8     7 7 3④1:28.2목    .014.738.313.3  0-17  .00 4 4  1  .3 974112091 9 7 9 73 2 3.06 8.03 1.8 6.4  8.3   30.3   61.3  110.8  .02832-2 2 2-2▽ -.537.90 -.65 9.8889.83 3.56 8.7017.26 3 817 3.37 5.7512.27 8
20260425토 4170011국630 9 89 2 2강 2251맑음건조 3 3 6스카일러태하    미스치비대완마   2426.00한수 3 0 0 9 1  158      16500국6정하백류민수  -2 2 3 3 1 4 1 0 0 2  0코지  46357.086하추보37 69 695762.068.041.133582024481819 028 02519233019      ↗↘입14.640.641.114.0 65739.544.3116.3115.5  0  0  050   14.60   13.50 5 -5  1HNUP       1713  .5 4.5 5.0525214 3일반주행마주성향 5   0 3 8 8 8 8 9 9⑧1:56.32    2.914.943.914.8  5 -3  .00 8 3 -1 3.4883095941611 5 4 30 1 1.02 4.02 2.1 4.4  2.1    4.4    7.5   17.3  .02464 0 6 7 0― 1.240.80 -.7533.84114.214.3828.0241.0912264013.5926.2137.62 3
20260322일 2140011국641 9 99 3 1강 1159맑음건조 5 3 6스카일러태하    미스치비대완마   2426.00한수 3 0 0 2 1   93      16500국6정하백류민수  -2 3 2 2 1 4 2 0 0 1  0장추열46656.593하추보 5 23 233023.054.033.629501324481819 0 0 02519202722      ↘↗입14.937.741.014.817 239.038.1 90.8 88.9  0  0  0 0   14.90   15.00 5 -1  1NNUP       1413 2.0 5.0 7.0383813 1교체실패거리부담78기 1 8 8    10 8 6③1:30.82½   .514.638.913.5 -1  5  .00 3 4 -1 1.24499 96568 911 7 53 2 2.01 5.02 3.0 5.8  3.5    5.8   11.2   11.3  .02146 0 4 5 0―  .338.20-1.6610.1990.44 9.3521.4933.57 51326 8.0018.4232.61 5
20260215일 1130010국640 8 99 4 1강 1132맑음건조 3 3 6스카일러태하    미스치비대완마   2426.00한수 3     2 1   83      24750국6정하백류민수  -2 4 1 1 1 4 1 0 0 0  0장추열46156.093평무보23 25 2510  .031.012.929501324481819 0 0 02519202722      ↘↗입15.138.639.312.6 16538.040.6 86.5 85.2              15.10   12.90 4  0  0LL동       13 0         6.0     0 0일반주행거리속성56기 1 910    1010 8⑦1:26.51    1.414.941.715.0  2-12  .00 7 5  0 3.6927184893810 3 9 63 1 1.07 2.03 2.4 5.8  2.4   58.0   73.5   41.4  .01512-4 2 1-4▼-1.639.00 -.20 7.3183.87 1.91 5.3612.91 8172813.0423.7852.49 5
20260912토 3140011국6 1 9  9 0혼전 4453           3 7온리유          지금이순블루울프 8031.00한암 3 0 0   1    012:45 16500국6신삼영선형조   0 0 6 6 2 5 3 0 0 5  0김태희   54.060평무상50 47 472111.036.015.41248 61558 3 822131812 3152416 099 0↘→입13.737.339.913.62722                   20 20  0 0   13.80   13.40 7  1 -1NH동55.04181412-1.0 8.6 7.6303014 0일반주행조교부실34관 0 7                            13.8    13.4        .0                       6 510 9  3                                              .01514-1 2 1-1▽ -.939.90 -.23     89.41 3.62 8.6515.38 1 4 7 4.4810.6716.6710
20260725토 3140011국641 9 99 1 1강 1151맑음다습11 3 7온리유          지금이순블루울프 8031.00한암 3 0 0 9 1  129      16500국6신삼영선형조   0 1 5 5 1 5 2 0 0 4  0김태희41855.060하무보14 11 11 5 3.028.0 5.71248 61558 3 822131812 3152416      ↘→입13.937.640.213.8 61336.839.3 89.2 88.4  0  0  0 0   13.90   14.00 5 -1  0NNUP       1412  .8 8.0 8.8181812 1일반주행탐색우려41관 0 6 2     3 3 4③1:29.21½   .213.839.613.4 -8  6  .00 311  2  .9293346337611 711112 2 2.01 4.05 3.1 4.9  3.2    4.9    8.7  159.3  .015 1-4 1 1-4▼-1.638.20 -.3610.6389.83  .61 2.03 5.67 1 4 6  .12 2.09 5.3210
20260621일 1130010국650 6109 2 1강 1152맑음포화19 3 7온리유          지금이순블루울프 8031.00한암 3 0 0 2 1   90      16500국6신삼영선형조   0 2 4 4 2 5 1 0 0 3  0김태희41255.060하추보12 11 11 5 4.028.010.71248 61558 3 822131812 3152416      ↘→입14.538.339.913.8 92238.040.0 83.3 84.2  0  0  0 0   14.50   14.10 2  6  3NN동       1312 1.0 7.7 8.7181812 0일반주행거리속성 6기 0 7 8     7 7 9⑨1:23.3¾   2.313.939.514.0  0 -6  .00 9 9  3 2.9806971791911 5 9 90 1 6.04 9.05 2.3 5.5 14.3   49.1  134.4   70.4  .015 6-4 1 1-4▼-1.739.10 -.33 6.0484.06 1.82 4.6210.71 2 3 7 2.27 5.7711.17 8
20260607일 2130010국651 9 59 3 1강 1158맑음양호 6 3 7온리유          지금이순블루울프 8031.00한암 3 0 0 1 1   29      16500국6신삼영선형조   0 3 3 3 1 5 1 0 0 2  0권중석41852.066하무보30 21 21 6 4.026.0 3.81341 61558 3 822 0 012 3191818      ↘→선14.638.340.113.4 62238.439.8 86.1 84.1  0  0  0 0   14.60   13.8010-10 -3HHUP       1312 1.0 8.5 9.5181812 1일반주행탐색우려21관 0 110    1010 9⑦1:26.11¾  2.314.540.714.1  1  1  .00 7 6 -1 2.5758366822210 6 5 93 1 2.01 4.09 2.2 3.6  3.3    3.6    8.2    6.8  .015 1-4 1 1-4▼-2.139.00 -.26 5.7084.19  .35 1.82 3.77 1 2 6 1.85 4.9610.77 6
20260329일 1120010국640 9 99 4 2강 2251맑음건조 3 3 7온리유          지금이순블루울프        한암 3 0 0 9 1  194      16500국6문병기선형조   0 4 2 2 2 5 1 0 0 1  0빅투아41754.591하무보11 11 11 5 2.028.0 4.83153132652 9262123 02827222818      →→선14.738.239.713.4 1 938.039.1 78.5 76.5  0  0  0 0   14.70   13.70 8  1  0NH동       1212-1.010.0 9.0181812 0최빈거리부진마필52기 011 8     8 8 9⑩1:18.51¼  2.314.639.613.8  3 -4  .0010 7 -3 2.4658361772211 5 6110 1 5.0210.05 3.1 5.4  9.4   12.9   32.6   18.5  .0 910-4 1 2-4▼-1.837.50 -.37-1.3977.12  .27 1.96 4.83 51221  .12 1.54 1.9111
20260201일 1120011국651 9109 5혼전 4452맑음건조 2 3 7온리유          지금이순블루울프        한암 3     1 1  146      16500국6문병기선형조   0 5 1 1 1 5 1 0 0 0  0이용호42154.565평무보25 25 2530  .026.0 3.91657 72652 9262133272827191820      →↘자14.237.240.013.573 138.339.6 78.5 77.5              14.20   13.80 4  0  0LL동       12 0         4.0     0 0일반주행보통주행23기 010 9    1010 9⑨1:18.53    2.314.739.913.7 -1 -6  .00 910  0 3.68492728922 5 911 90 1 1.09 4.03 2.7 5.2  2.7   73.1   93.5  155.1  .015 8-4 1 1-4▼-1.938.80  .05  .2776.73  .25  .76 3.91 0 2 413.4824.5853.22 5
20260912토 3140011국6 1 9  8 0혼전 4453           3 8은하칼라스      선더모카은빛퀸   2930.00한암 4       1    012:45 16500국6박윤규오종환   2 0 9 1 1 0 1 0 0 0  0푸르칸   54.079평입하51 62 621418.037.015.42460161450 7171316 017 9142421 099 0↗→추13.836.840.314.16117                   17 17  0 0   14.20   13.7027  4 -1BU동55.04761412  .6 4.4 5.0525214 0숨은복병휴양불리38기 0 8                            14.2    13.7        .0                       410 4 8  1                                              .01919-3 3 2-3▽ -.940.30 -.16     89.34 3.63 8.6815.41 2 715 4.4812.0022.62 9
20260301일 3140011국650 9 58 1 2강 2251맑음건조 3 3 8은하칼라스      선더모카은빛퀸   2930.00한암 4 0 0 1 3  557      16500국6박윤규오종환   2 1 8 8 3 8 3 0 0 7  0빅투아47155.089평입보69 76 766486.067.041.42953171525 5171314 017 9222818 099 0↘→선13.836.940.414.1591537.141.7 92.9 90.9 17 17  0 0   14.10   14.10 4 -6  0VU동55.04761412  .4 5.0 5.4434314 0숨은복병작전마주61관 0 4 5     7 7 9⑪1:32.9코   2.114.042.715.2  8  8  .0911 3 -1 2.19048929225 2 8 2 30 3 1.0711.09 2.3 4.7  2.3   22.2   28.6   54.6  .02168 1 7 5 1― 1.139.40 -.9713.6089.4813.8727.1941.4113294617.1935.2552.63 3
20260131토 3140010국620 9 28 2 2강 2241맑음건조 2 3 8은하칼라스      선더모카은빛퀸   2930.00한암 4 0 0 9 1   61      16500국6박윤규오종환   2 2 7 7 2 8 2 0 0 6  0빅투아46355.091평입보33 38 3830 9.039.014.93153131450 7171314 017 9222818 099 0→→선13.836.940.414.0551337.039.1 89.6 88.1  0 20  0 0   13.80   14.10 4  8  0VU동55.04761412  .4 5.0 5.4434312 0선행무리조교부실 5관 010 4     4 4 3④1:29.6¾    .214.139.114.1  0  9  .00 4 4  0 1.42047393578 510 5 62 2 2.01 1.03 1.8 1.9  3.2    1.9    5.3    5.4  .01223-2 2 2-2▽ -.738.80 -.2910.8189.48 3.01 7.6814.91 51221 1.83 5.8813.83 6
20260103토 4140011국611 9 18 3 2강 2256맑음다습13 3 8은하칼라스      선더모카은빛퀸   2930.00한암 4 0 0 1 1   8112:45 16500국6박윤규오종환   2 3 6 6 1 8 1 0 0 5  0빅투아45455.091평입하49 52 524263.056.039.73153131450 7171314 017 9222818 099 0→→선13.836.940.414.0541536.840.2 89.7 89.4  0  0  0 0   13.60   14.40 3  0  0UUUP55.04761412  .5 5.3 5.8454512 1연대우수거리부담60관 1 2 2     2 2 4④1:29.72    1.413.840.314.1  0-20  .00 4 4  2 1.56636736740 410 3 31 1 2.0110.01     2.4  7.0    2.4   11.4    4.6  .03251 0 6 4 0―  .539.10 -.9512.1289.4810.7824.5939.6514304511.5827.1746.06 3
20251214일 2130011국654 4108 4혼전 4459맑음불량20 3 8은하칼라스      선더모카은빛퀸   2930.00한암 3 0 0 2 1   54      16500국6박윤규오종환   2 4 5 5 1 8 2 0 0 4  0마이아47455.093평입상51 53 534866.064.054.13452151450 71713391817 93533 8 099 0↘↗선13.837.240.013.9663037.240.1 82.5 83.3  0  0 25 0   13.90   14.00 4  0  0UUUP55.04761312  .7 5.3 6.0414112 1연대우수연대우수42기 0 2 2     4 4 7⑦1:22.51    1.013.640.014.4  5 -2  .01 7 2 -3 1.35329766447 5 8 2 22 2 1.0710.05     5.8  1.9   14.7   17.9  209.9  .03760 0 7 5 0―  .839.90 -.90 6.1083.4220.6037.9654.1119415525.0040.3255.81 1
20251115토 2120011국633 6 88 5혼전 4452맑음건조 3 3 8은하칼라스      선더모카은빛퀸   3024.00한암 3 0 0 2 1  131      16500국6박윤규오종환   2 5 4 4 4 8 1 0 0 3  0마이아47655.093평입보44 41 415463.070.050.13452151450 71713391817 93533 8      ↘↗선13.737.039.614.1701737.338.6 76.6 76.0  0  0 33 0   14.00   13.80 3 -1  0HH동       1212 1.5 4.5 6.0474712 0숨은복병연대우수69기 0 2 5     4 3 4⑤1:16.63     .813.939.414.0  0 -5  .00 5 5 -2  .94453434357 6 6 3 22 1 1.02 1.07 3.1 5.0  3.1    5.0    9.2   40.910.63785 0 7 8 0▲ 1.338.50 -.94 -.6376.3918.2235.6050.1138587012.9427.4724.58 2
20251026일 2120010국640 3 48 6혼전 4451흐림건조 5 3 8은하칼라스      선더모카은빛퀸   3024.00한암 3 0 0 9 1  186      16500국6박윤규오종환   2 6 3 3 3 8 2 0 0 2  0임기원48155.088하입하55 60 606441.060.032.31939 91450 7171313 017 9233316      ↘↗입13.737.139.814.1611537.539.0 76.7 76.5  0  0 50 0   13.70   14.20 4  1  0HH동       1212-1.0 7.0 6.0323212 0교체실패보통주행44기 0 3 6     7 6 6⑥1:16.74    1.814.039.713.8 -1  0  .00 6 7  5 2.16365566326 310 7 50 2 1.06 2.10 2.1 3.8  2.1   26.6   36.1   95.2  .02048 0 5 5 0―  .638.60 -.59 -.3776.56 9.9820.1332.34 51326 6.1413.6417.46 7
20250927토 3120011국612 9 18 7 1강 1159맑음다습11 3 8은하칼라스      선더모카은빛퀸   3024.00한암 3 0 0 9 2  26114:55 16500국6박윤규오종환   2 7 2 2 2 8 1 0 0 1  0임기원48155.086하입보41 25 2531  .045.027.5294527 938 3171313 017 9233316      →↘입14.037.239.814.1531536.539.4 77.2 75.9  0  0  0 0   13.80   14.20 4 -4  0HH동       1212         6.0    12 0숨은복병보통주행81기 2 2 1     2 1 2⑥1:17.2½    .613.739.914.2  4 10  .00 6 2 -5 1.84014694464 6 410 51 1 1.07 5.08     3.0  1.6   15.3   18.9   36.9  .01938-3 4 4-3▽ -.338.30 -.53-1.1576.62 6.4816.8227.52 7182910.5320.9551.92 3
20250830토 4120011국640 7 48 8 1강 1156맑음불량20 3 8은하칼라스      선더모카은빛퀸   3024.00한암 3     9 2  34415:45 16500국6박윤규오종환   2 8 1 1 1 8 1 0 0 0  0김태희47155.060평무보   25 2540  .028.0 7.31260 3 938 3171311 017 9152416      ↗↘입14.036.738.513.8    37.139.5 76.2 76.4              14.00   14.10        LN동       12 0                 0 0일반주행작전마주54기 1 6 4     5 5 7⑥1:16.21¼  1.613.839.814.2 -1-10  .00 6 7  0 1.86041736733 1 1 9 92 1 2.01 9.01     3.6  3.9    3.6    7.9    4.0  .02028-3 2 1-3▼-1.739.00 1.08 1.2175.61  .88 2.62 7.30 1 4 811.7622.1152.64 4
20260912토 3140011국6 1 9  9 0혼전 4453           3 9아름다운빛      나이트러터프그린 6826.00한암 3 0 0   1    012:45 16500국6함완식이경헌   0 0 8 8 3 7 2 0 1 7  0서승운   54.082평추보50 63 637452.068.058.523371422561015 043 0211127281750 050↗↘선13.536.939.513.55348                   17  0 3317   14.40   13.20 5  3  0BN동54.54321413-2.0 7.2 5.2515113 0마방연대연대우수45조 1 9                            14.4    13.2        .0                       5 1 2 1  2                                              .03770 0 7 7 0― 1.339.50 -.86     88.8625.6044.8958.4538587019.4033.3342.86 1
20260808토 3140011국652 9109 1 1강 1159맑음건조 2 3 9아름다운빛      나이트러터프그린 6826.00한암 3 0 0 1 1  109      16500국6함완식이경헌   0 1 7 7 2 7 1 0 0 6  0서승운42854.082평추하24 24 246925.058.049.523371422561015 043 0211127281799 0 0↗↘선13.536.640.413.8751937.638.5 90.2 89.1  0  0 40 0   13.70   14.40 6 -2 -1NN동55.04361413-2.8 8.6 5.8424213 0숨은복병마방연대63관 1 6 6     6 7 4②1:30.23     .014.438.713.2 -3-10  .00 2 5  0  .65477163090 4 6 6 33 1 3.05 1.06 2.6 5.7  5.1   19.4   39.0  170.7  .02375 0 5 6 0―  .839.40-1.0012.1389.2817.3833.3849.49 8173215.6928.8138.66 4
20260627토 3140011국650 7109 2 3강 3352맑음건조 4 3 9아름다운빛      나이트러터프그린 6826.00한암 3 0 0 9 1   98      16500국6최봉주이경헌   0 2 6 6 1 7 3 0 0 5  0송재철43855.077하추상47 50 506822.052.029.41645 71350 614 010 017 419262099 0 0↘↗입13.536.540.513.9821237.140.4 90.7 90.1  0  0 40 0   14.00   14.00 3 -2  0LLUP55.04361413-3.3 9.8 6.5404013 1가격혈통거리부담28관 0 8 5     7 810⑩1:30.74    2.313.740.714.4  5  2  .0110 5  1 2.47849777620 110 4 40 3 3.0611.03 3.610.3  5.5   20.9   40.0   30.1  .02152 0 4 4 0―  .239.70 -.4713.0789.28 9.2719.5829.44102135 7.9415.1723.77 7
20260607일 2130010국651 9 59 3 1강 1158맑음양호 6 3 9아름다운빛      나이트러터프그린 6826.00한암 3 0 0 1 1   29      16500국6최봉주이경헌   0 3 5 5 3 7 2 0 0 4  0송재철43655.077하무상47 56 568263.069.081.21645 71350 614 010 017 419262099 0 0↘↗입13.536.740.214.0961037.739.0 84.8 82.8  0  0 50 0   13.70   15.00 3  9  0VL동55.04361312-3.3 9.8 6.5404013 0걸음늘어가격혈통47기 010 6     6 7 4③1:24.86    1.014.039.914.0 -1  0  .00 3 4 -5 1.23355404253 1 7 2 13 2 2.01 4.09 2.2 3.6  3.3    3.6    8.2    6.812.03076 2 7 6 2△ 1.340.30-1.46 5.9083.2332.1260.7681.1837577020.3741.3260.00 3
20260516토 3130011국642 9 99 4 1강 1152맑음건조 3 3 9아름다운빛      나이트러터프그린 6826.00한암 3 0 0 2 1   58      16500국6최봉주이경헌   0 4 4 4 2 7 1 0 0 3  0송재철43655.077하추하12 17 1733 3.035.013.21645 71350 614 010 017 4192620      ↘↗입13.536.840.214.091 936.340.5 84.6 82.9  0  0 33 0   13.50   15.60 6 -5  4HB동       1312-2.710.0 7.3313112 0일반주행거리속성57기 1 1 1     1 1 1④1:24.63     .613.741.515.0 -5 11  .00 4 9  1  .841 3824766 310 8 81 1 4.01 2.10 2.6 5.3  6.9   10.5   24.5   57.4  .01530-3 2 1-3▼-1.040.20  .35 5.9383.29 1.70 6.0613.16 31120  .12 2.84 5.5810
20260405일 2130011국641 9 99 5혼전 4452맑음양호 6 3 9아름다운빛      나이트러터프그린 6826.00한암 3 0 0 1 1  112      16500국6최봉주이경헌   0 5 3 3 1 7 1 0 0 2  0조성환42551.053하추보45 43 43 3 6.031.012.0 718 61350 614 0 0 017 4 91719      ↘→추13.737.440.213.9501336.342.2 85.2 84.0  0  0  0 0   13.70   14.10 4  5 -3NHUP       1312-4.511.0 6.5363612 1일반주행거리속성75기 0 6 2     3 2 6⑨1:25.2½   2.113.542.715.6  1-12  .00 9 8 -2 2.274 2968725 7 9 6100 2 1.02 1.03 2.1 4.5  2.1    4.5    7.3   15.9  .015 9-2 1 1-2▽-1.239.90  .01 6.4483.68 1.76 6.3711.95 1 4 8 1.89 6.5611.6710
20260307토 1120011국612 8 19 6 1강 1139맑음포화17 3 9아름다운빛      나이트러터프그린 13 9.00한암 3 0 0 2 1   84      24750국6최봉주이경헌   0 6 2 2 2 7 1 0 0 1  0김태훈43754.072하추상24 30 3021 8.037.016.71757 71350 614 019 017 4122521      ↗→입14.137.939.713.9101537.139.3 75.9 76.1  0  0  0 0   14.10   13.90 4 -6  4HL동       1212-7.012.0 5.0373712 0일반주행최적거리27관 0 1 4     4 4 5⑧1:15.9¾   1.513.739.214.1 -2 -4  .00 810 -2 1.85045645936 810 2 50 1 1.05 7.10 1.5 3.2  1.5    9.0   10.1   10.7  .01543-3 3 2-3▽ -.937.70 -.55-1.4976.95 3.00 8.8616.72 71829 2.22 4.03 4.8710
20260207토 1120012국621 8 79 7혼전 4445맑음건조 2 3 9아름다운빛      나이트러터프그린 13 9.00한암 3     2 1   73      24750국6최봉주이경헌   0 7 1 1 1 7 1 0 0 0  0조성환44150.554평무보 5 25 25 3  .023.0 1.4 718 61350 614 0 0 017 4 91719      ↘→추14.538.140.013.910 137.939.1 76.9 76.7              14.50   14.20 4  0  0LN동       12 0         5.0     0 0일반주행보통주행40기 0 7 9     9 8 7⑤1:16.98    1.414.139.513.9 -7 -4  .00 512  0 2.36979617538111011123 1 1.06 5.04 1.5 2.7  1.5   10.4   13.1   47.8  .015 3-4 1 2-4▼-2.337.70 -.37-1.4277.23  .12  .13 1.35 0 1 2 8.3316.6725.16 7
20260912토 3140011국6 1 9  9 0혼전 4453           310에클레어윈드    위드디스에클레어 2236.00한암 3 0 0   1    012:45 16500국6전승규(주)엑스-4 0 7 7 4 6 6 0 1 6  0송재철   54.077평추보50 66 663433.055.034.71645 71746 6221723131919192620      ↘↗입14.637.739.813.71741                   17 17  017   14.90   13.50 4  9  0BH동       1414 -.2 5.2 5.0575714 0마주성향마주성향49기 010                            14.9    13.5        .0                      10 4 1 3  6                                              .02847 0 5 3 0―  .439.80 -.94     89.6211.2823.1734.67143045 7.4621.3329.76 5
20260815토 2140010국613 9 69 1혼전 4451흐림건조 3 310에클레어윈드    위드디스에클레어 2236.00한암 3 0 0 2 1   90      16500국6전승규(주)엑스-4 1 6 6 3 6 5 0 1 5  0송재철44154.077평추상76 98 984951.060.035.51645 71746 6221723131919192620      ↘↗입14.237.340.013.8352539.037.5 90.6 88.6 20 20  0 0   14.60   14.10 5 -6 -1HH동       1412 -.6 5.6 5.0575714 0마주성향마주성향 5   0 1 6     5 5 4⑤1:30.62     .714.938.413.5  1 -4  .00 5 4  0 1.33599 24563 7 7 2 52 5 2.01 5.03 1.9 6.1  6.1    6.7   14.6   17.310.52850 0 6 4 0―  .538.50 -.8111.3089.4811.4823.4535.4810233514.0824.0532.18 5
20260711토 31400 8국631 9 89 2 2강 2251맑음다습14 310에클레어윈드    위드디스에클레어 2236.00한암 3 0 0 2 1   78      24750국6전승규(주)엑스-4 2 5 5 2 6 4 0 0 4  0송재철44555.077평추보68 63 633733.056.037.31645 71746 6221723131919192620      ↘↗입14.237.340.113.8351937.239.6 89.2 88.3  0  0  0 0   14.20   14.10 4 -2  0NN동       1412 -.3 6.0 5.8505014 0배당마주마주성향54관 0 7 7     8 7 5②1:29.210    .014.639.914.1 -2 -6  .00 2 4 -4 1.82254545591 5 4 4 43 4 1.04 1.07 2.0 3.5  2.0    7.7   11.7    8.4  .02449 0 5 5 0―  .638.50 -.9310.8989.5510.4522.0137.32 82134 5.4317.9830.24 5
20260614일 3140011국630 8 89 3 1강 1151흐림건조 3 310에클레어윈드    위드디스에클레어 2236.00한암 3 0 0 2 1   68      24750국6전승규(주)엑스-4 3 4 4 1 6 3 0 0 3  0송재철45155.077평추보41 61 612840.054.026.71645 71746 6221723131919192620      ↘↗입14.237.340.113.8331937.139.5 89.9 88.6  0  0  0 0   14.50   14.10 6  1  0BNUP       1412 -.7 5.3 4.7515112 1배당마주배당마주 5   0 9 8     7 7 8⑨1:29.91    1.114.240.114.1  1-12  .00 9 8  3 1.33044504547 5 8 7 50 3 3.04 1.06 2.1 5.0  5.5   18.5   35.6   14.9  .02344 0 4 5 0―  .338.50 -.6711.1989.55 7.4317.1026.69 51326 5.5613.1122.59 6
20260502토 2130011국651 9 59 4 3강 3351흐림건조 3 310에클레어윈드    위드디스에클레어 2236.00한암 3 0 0 1 1  119      16500국6전승규(주)엑스-4 4 3 3 1 6 2 0 0 2  0송재철46355.077평추보35 39 3931 9.037.015.91645 71746 6221723131919192620      ↘↗입14.237.839.613.7334837.639.9 84.9 83.6  0  0  0 0   14.20   13.90 4  2  0BNUP       1312-1.0 5.5 4.5474712 1숨은복병배당마주 5   0 811    1010 9⑤1:24.9½    .714.540.614.1  0  2  .00 5 5  0 1.0624969676210 3 6 63 2 1.02 9.06 2.0 4.8  2.0    4.8    7.3    7.7  .01917-2 2 3-2▽-1.039.40  .02 6.2483.55 2.62 8.0815.87 51326 3.17 8.5716.07 7
20260404토 1120010국630 7 89 5 1강 1151맑음양호 7 310에클레어윈드    위드디스에클레어 5726.00한암 3 0 0 1 1   84      16500국6전승규(주)엑스-4 5 2 2 2 6 1 0 0 1  0송재철46155.077평무보68 83 834922.042.023.61645 71746 6221723131919192620      ↘↗입14.537.938.513.2138537.239.3 76.9 76.4  0  0  0 0   14.50   13.50 3  5  1BN동       1212-1.0 6.0 5.0646412 0배당마주거리난점 5   0 6 7     7 7 5④1:16.91¼  1.714.239.613.9 -1 -8  .00 4 5 -1 1.86050676531 7 4 4 53 1 1.03 1.08 1.9 3.6  1.9    4.9    7.5   15.1  .02341 0 3 2 0― -.437.80 -.08 -.0376.28 6.2513.4623.58 61325 3.85 9.4013.02 7
20260314토 1120011국620 6 29 6 1강 1155맑음양호 7 310에클레어윈드    위드디스에클레어 5726.00한암 3     2 1   63      24750국6전승규(주)엑스-4 6 1 1 1 6 1 0 0 0  0장추열46954.093평무보69 25 2545  .038.021.82950131746 6221727 01919202722      ↘↗입14.738.038.412.9249337.538.5 76.0 75.8              14.70   13.20 4  0  0NL동       12 0         5.0     0 0숨은복병배당마주 5   0 1 9     7 6 6⑤1:16.01¼   .614.538.513.5 -1 15  .00 5 6  0 1.8396636476210 6 8 40 1 1.03 5.02 1.6 2.2  1.6    5.2    6.7   43.6  .01938-2 3 3-2▽ -.737.50 -.02 -.5776.28 5.8912.5521.78 81732 7.2314.4326.59 3
20260912토 3140011국6 1 9  9 0혼전 4453           311브라운슈거      지금이순비바라슬 8031.00한암 4       1    012:45 16500국6성상현허도행   2 013 1 1 0 1 0 0 0  0장추열   54.093하입보49 56 562219.045.025.82950131668 314 0 0 02315202722      ↘↗입13.937.440.213.92122                    0  0 25 0   14.70   13.8020 10 -1NH동       1714  .4 5.4 5.8444414 0최빈거리휴양불리46관 111                            14.7    13.8        .0                       7 7 5 6  2                                              .01139 0 3 3 0― -.240.20 -.77     89.69 7.7015.5225.78 51221 7.4613.3325.00 8
20260419일 31400 9국621 9 79 1 1강 1159맑음건조 4 311브라운슈거      지금이순비바라슬 8031.00한암 4 0 0 2 2  400      16500국6성상현허도행   2 11212 512 1 0 011  0씨씨웡48755.090평무하23 36 364311.044.032.826521134561314 0 0 02315212522      ↘→선13.737.040.314.0451338.439.1 91.6 89.6  0  0 29 0   15.30   14.60 2-10  0HN동       1712  .0 5.4 5.4464614 0숨은복병단기승부82기 3 1 7     6 5 5⑦1:31.6¾    .814.639.913.9  2  0  .00 7 5  0 1.36995367559 4 6 4 42 1 3.04 7.03 1.6 3.1 10.9   41.8   80.2  301.5  .01956-1 2 2-1▽ -.539.10 -.7712.3289.48 9.7120.1632.79102335 9.3818.6027.27 5
20260405일 3140010국610 9 69 2 3강 3358맑음양호 6 311브라운슈거      지금이순비바라슬 8031.00한암 4 0 0 1 1   29      24750국6성상현허도행   2 21111 412 1 0 010  0이혁  48755.078하무상 7  9  928 5.037.017.32258 71668 314 0 0 02315282118      ↗↘선13.737.140.414.0401338.539.4 92.3 90.3  0  0 43 0   14.60   17.10 5  8  0BNDN       1712  .0 6.2 6.2383814-3일반주행최적거리47기 01110     9 9 6⑦1:32.32½  1.415.340.414.6  2  3  .05 7 5  2 1.68296498442 5 9 9 80 2 2.04 4.07 1.5 4.0  5.3   18.8   35.2   33.2  .01523-1 2 1-1▽ -.939.10 -.4612.8089.62 3.80 9.8717.30 2 511 3.57 6.84 9.64 9
20260228토 4170011국621 7 79 3 1강 1158맑음건조 3 311브라운슈거      지금이순비바라슬 8031.00한암 4 0 0 9 1  112      16500국6성상현허도행   2 31010 112 1 0 0 9  0임다빈48455.076하무상31 38 3811 8.038.016.11327 71668 314 0 0 02315142424      →↗추13.739.842.114.0461939.846.1118.8118.3  0  0 29 0   14.60   13.80 3 -2  0HNUP       1712  .0 6.2 6.2383814 3일반주행거리속성52관 0 3 7 7 5 4 4 8⑪1:58.87    5.514.646.217.1  8  1  .0111 3 -1 5.699489999 5 710 4 70 1 1.06 7.04 1.7 2.7  1.7   15.4   19.2   83.9  .01528-1 2 2-1▽ -.742.00 -.2736.38114.4 3.58 8.6716.07 2 510 3.95 6.6214.16 6
20260207토 2140011국630 9 89 4 2강 2251맑음건조 2 311브라운슈거      지금이순비바라슬 8031.00한암 4 0 0 2 1   41      16500국6성상현허도행   2 4 9 9 312 1 0 0 8  0유승완48355.069하자상29 39 393611.042.023.51860 81668 314 0 0232315152722      →↘입13.737.140.514.1351037.339.7 90.4 88.9  0  0 33 0   14.60   14.00 3  1  0NN동       1412  .0 6.2 6.2383814 0일반주행탄력호전17관 0 5 8     6 7 5⑤1:30.4½   1.014.639.713.8  1 -2  .00 5 4 -5 1.84863586553 410 5 50 1 2.01 1.02 1.8 3.6  3.9    3.6    7.0    4.4  .01535-1 3 2-1▽ -.538.80 -.6811.3189.69 5.2412.5623.49 82134 4.2311.1919.53 5
20260117토 3140011국642 9 49 5 2강 2251맑음건조 5 311브라운슈거      지금이순비바라슬 8031.00한암 4 0 0 2 1   61      16500국6성상현허도행   2 5 8 8 212 1 0 0 7  0조재로48555.088하무하14 15 1533 6.038.014.73453131668 314 0 0 02315192622      ↗↘입13.736.940.714.257 637.539.4 90.7 89.1  0  0 40 0   14.30   14.10 4  0  0HNUP       1412  .6 6.8 7.4282812 1교체실패부진저하67기 0 411    1011 8⑤1:30.72     .914.640.114.0 -4  0  .00 5 9  5 1.25675506455 510 7 63 1 2.0610.03 2.2 3.4  3.2   26.5   34.4  141.7  .02016-3 2 3-3▽-1.039.10 -.4811.4989.69 2.07 6.7814.66 51222  .93 3.90 8.72 8
20251220토 2130011국621 6 29 6 2강 2251흐림포화16 311브라운슈거      지금이순비바라슬 8031.00한암 3     2 1   8511:00 16500국6성상현허도행   2 6 7 7 112 1 0 0 0  0장추열48555.093하입하 6  7  737 6.038.011.62950131668 314 0 0 02315202722      ↘↗입13.736.840.314.390 938.040.0 82.6 84.0  0  0 50 0   13.90   16.2029  0  0HNDN       1412  .0 7.5 7.5292912-1교체실패거리속성20관 0 410    10 7 5⑦1:22.63    1.914.339.114.1  3 11  .00 7 4  0 1.97771738127 3 9 8 70 1 1.03 3.07     2.3  2.1    7.5   11.3    3.3  .02028-4 3 2-4▼-1.340.50  .31 6.9083.35 1.53 4.8411.58 2 714  .89 3.65 7.77 9
20250524토 2140010국650 9109 7 3강 3351흐림다습13 311브라운슈거      지금이순비바라슬 8031.00한암 3 0 0 2 4  613      16500국6강성오굿원     5 7 6 6 112 1 0 0 5  0이혁  47455.083하입보26 29 296531.057.030.61430 825581422 026 026 8282118      →↗선13.736.640.714.276 636.643.4 93.6 92.2  0  0 25 0   13.70   14.20 3 -1  0HNUP       1412  .0 8.3 8.3262612 2일반주행거리부담46기 0 4 4     3 5 9⑩1:33.65    4.213.943.616.2  6 -2  .0110 4  1 5.497239998 8 1 7 9 50 1 2.08 1.03 3.7 8.7  4.2   18.1   26.6  123.8  .02166 0 5 5 0―  .540.00 -.7114.9489.48 8.9618.7730.59 51326 6.9017.9827.47 5
20250503토 1120011국641 7 99 8혼전 4459흐림포화18 311브라운슈거      지금이순비바라슬        한암 3 0 0 1 4  677      16500국6강성오굿원     5 8 5 5 512 2 0 0 4  0김용근47655.087하입보21 15 153912.039.018.42756 725581422 024 026 8312714      ↗↘선13.736.939.914.270 836.639.5 76.4 76.0  0  0 25 0   13.70   14.10 4 -4  0NN동       1212  .010.010.0 8 812 0일반주행부진마필 1기 0 5 3     2 2 6⑥1:16.4코    .913.740.114.2  3 -3  .09 6 3 -2 1.14415724953 211 7 71 4 4.05 3.07 3.0 5.5  7.1   36.1   89.7   31.1  .01512-3 3 2-3▽-1.038.60 -.13 -.8576.51 3.9610.0518.38 51222 3.0810.00 8.88 9
20250405토 1120011국640 6 99 9 1강 1141비  다습12 311브라운슈거      지금이순비바라슬        한암 3 0 0 1 4  76113:25 16500국6강성오굿원     5 9 4 4 412 1 0 0 3  0김용근47955.087하입보30 26 265116.045.026.62756 725581422 024 026 8312714      ↗↘선13.736.840.014.282 736.739.7 76.3 76.3  0  0 33 0   13.70   14.30 4  7  1NN동       1212-1.012.011.0 3 312 0뒷심부족보통주행 1기 1 9 2     2 2 4⑤1:16.34    1.513.739.614.1  0 15  .00 5 5  0 1.95722776135 311 5 41 3 1.02 3.05     4.5  2.7    4.5    7.3    6.1  .02355-2 3 3-2▽ -.538.80 -.39 -.4976.51 6.8015.0826.57102135 5.4911.70 8.60 8
20250308토 1120011국612 8 1910 2강 2259맑음다습11 311브라운슈거      지금이순비바라슬        한암 3 0 0 2 5  84510:35 16500국6강성오굿원     510 3 3 312 1 0 0 2  0해리카46454.072하무보 8 35 3521  .027.0 9.61344 71563 022 014 026 8172612      ↘↗입13.737.340.415.046 336.639.4 76.3 75.8  0  0  0 0   14.10   15.30 3 -8 -1HH동       1212         9.0    12 0최빈거리보통주행 1기 0 2 3     3 3 4⑤1:16.31½   .613.739.814.3  0-12  .00 5 5 -3 1.23918704963 4 9 7 82 1 2.0611.03     3.3 12.2   92.7  176.7  241.6  .013 6-4 1 1-4▼-1.738.20 -.40-1.8777.01 1.26 3.64 9.62 1 4 7 8.0016.4840.38 3
20250215토 2120011국641 7 4911 1강 1156흐림건조 4 311브라운슈거      지금이순비바라슬        한암 3 0 0 2 5  90911:00 16500국6강성오굿원     511 2 2 212 2 0 0 1  0김용근47654.587하무보 5 35 3528  .032.0 7.81833 81563 022 024 026 8312714      →↗선13.736.840.515.884 237.241.0 79.7 78.0  0  0  0 0   13.70   16.10 6 -2  1NN동       1212        11.0    12 0작전마주거리난점 1기 110 6     6 7 9⑨1:19.77    2.714.142.115.3  1  5  .00 9 8 -4 3.79048939215 410 9100 2 2.01 1.06     3.0  3.8    3.0    6.5    5.8  .020 7-4 1 3-4▼-1.739.40 -.12  .6776.78 1.03 3.00 7.84 2 714 8.6316.8643.52 7
20250104토 1120012국640 5 9912 1강 1155맑음건조 3 311브라운슈거      지금이순비바라슬        한암 3     1 6 102010:35 24750국6강성오굿원     512 1 1 112 1 0 0 0  0김용근47154.089평무보   35 3540  .050.029.42846221346 322 024 026 8312714      →→선13.536.738.515.4    36.742.6 80.9 79.4              13.50   15.70        NN동       12 0                 0 0일반주행작전마주 1기 012 2     3 311⑪1:20.911   4.313.743.716.1 -1 -3  .001112  0 4.697229997 4 2 2 2 50 1 5.04 1.06     5.4 14.9   60.6  142.2  365.5  .02060-1 5 4-1▽  .039.90  .45 4.2475.61 7.9018.2229.38 82134 8.3316.6725.0012
20260912토 4130011국6 1 9  9 0혼전 4451           4 1로열만세        오버애널나바이어 2739.00한거 3       1    013:35 16500국6박윤규이장호  99 0 4 1 1 0 1 0 0 0  0조상범   56.057하무보49 39 39 0 7.024.0 3.3 926 61450 717 0 7 017 9132216      ↗→입14.038.040.914.11710                    0  0  0 0   15.10   13.00 9 -3 -1HH동       1312  .0 8.0 8.0212112 0일반주행거리속성29관 0 1                            15.1    13.0        .0                      11111011  1                                              .015 2-4 1 1-4▼-2.140.90 -.53     84.51  .35 1.70 3.32 0 2 4 3.39 7.5813.27 8
20260711토 21300 9국643 9 49 1 1강 1151맑음포화15 4 1로열만세        오버애널나바이어 2739.00한거 3 0 0 2 1  170      16500국6신삼영이장호  99 1 3 3 1 3 1 0 0 2  0임다빈48657.076평무보 5 25 25 1  .028.0 9.01327 71558 3 8 017 012 3142424      →↗추14.038.340.014.1 6 3                    0  0  0 0   14.80   16.5019  3  1HN동       1312        11.0    12 0걸음없음탐색우려47기 0 4          99        중지    14.8    16.5    -2  .07   8  3               9 6 9 60 1 4.01 5.08 2.1 2.9  6.2    5.1   14.0   42.5  .0 5 2-4 1 2-4▼-1.640.00 -.33     84.13 1.10 3.41 9.00 2 51012.6325.2958.80 4
20260228토 3130011국611 7 69 2 3강 3354맑음건조 3 4 1로열만세        오버애널나바이어 2739.00한거 3 0 0 9 2  397      16500국6최용구이장호  99 2 2 2 1 3 2 0 0 1  0해리카48856.071평무보13 25 25 1  .026.0 5.51557 61856 4202122252010172612      →↗입14.038.040.514.1181039.543.2 89.9 88.9  0  0  0 0   14.00   14.4011 -8  0HHUP       1312         8.0    12 1신뢰마주거리속성74기 0 111    111111⑪1:29.914   7.314.843.816.5  6  4  .0111 5 -3 7.599989899 4101010100 2 1.03 8.07 1.5 3.7  1.5    4.1    5.1    5.4  .027 3-4 1 1-4▼-1.840.40 -.3410.4084.25  .53 2.44 5.45 0 1 410.1720.2853.88 4
20251214일 11200 9국642 7 99 3 1강 1156맑음불량20 4 1로열만세        오버애널나바이어 6340.00한거 2     2 2  202      24750국6최용구이장호  99 3 1 1 1 3 1 0 0 0  0해리카48456.073평무보   25 2540  .034.011.11557 61856 4202122252010172612      →↗입14.236.738.514.2    37.739.9 76.7 77.5              14.20   14.50 4  0  0NL동       12 0                 0 0일반주행신뢰마주 5기 1 9 7     8 7 9⑧1:16.74    2.114.039.714.4  0 -2  .00 8 8  0 2.98673808523 1 1 7 70 1 6.04 7.06 2.7 5.4 13.4   25.1   65.3   18.7  .02833-1 3 2-1▽-1.239.30  .96 2.3375.61 1.33 5.0411.06 4111811.3221.3658.40 7
20260912토 4130011국6 1 9  8 0혼전 4451           4 2세명크로우      더킹    세명엠파 3737.00한수 3 0 0   1    013:35 16500국6배휴준이기철   4 0 4 4 1 3 1 0 0 3  0빅투아   56.091기입보50 66 663742.054.036.9315313 940 8 91313 01111222818 099 0→→선13.937.439.513.85365                    0 33 33 0   13.90   14.00 5  1  0VUUP56.05091312-2.0 7.0 5.0585812 1뒷심부족탐색우려29관 0 2                            13.9    14.0        .0                       5 3 3 5  1                                              .02360-2 6 3-2▽  .039.50 -.25     83.2311.6624.3436.8810233511.8625.7637.17 3
20260808토 2120010국642 5 98 1 1강 1151맑음건조 2 4 2세명크로우      더킹    세명엠파        한수 3 0 0 1 1  110      16500국6배휴준이기철   4 1 3 3 3 3 3 0 0 2  0김태훈50956.072평추보59 74 745152.053.033.41757 7 940 8 913 3 01111122521      ↗→입14.638.038.713.6 88036.538.7 75.5 75.1  0  0  0 0   14.80   13.80 5 -5 -1HH동       1212-2.5 8.0 5.5505012 0일반주행최적거리42기 0 1 4     4 3 3④1:15.5¾    .213.938.914.0 -1 12  .00 4 5  0  .2181645207310 2 3 42 3 7.08 3.10 3.2 6.2 18.9  164.5  301.2  285.7  .01549-1 5 3-1▽  .337.30 -.50-1.6476.4511.3723.3733.42 8173212.8724.8831.67 2
20260704토 2120010국611 8 18 2 1강 1154흐림건조 5 4 2세명크로우      더킹    세명엠파        한수 3 0 0 1 1   79      16500국6배휴준이기철   4 2 2 2 2 3 2 0 0 1  0김태훈49757.072하무상25 36 36 9 3.030.011.31757 7 940 8 913 3 01111122521      ↗→입14.638.139.613.8 53337.538.4 76.8 75.7  0  0  0 0   14.60   14.10 4 -2  0NH동       1212-4.011.0 7.0404012 0최빈거리거리난점70기 1 610    10 7 8④1:16.82½   .714.838.913.8 -1 -3  .00 4 5 -6 1.8346538475911 5 6 83 2 1.03 1.05 1.1 2.1  1.1    4.7    5.8    3.7  .0 9 9-2 1 1-2▽-1.337.40 -.43-2.0177.01 1.64 5.0011.30 1 4 9  .12 1.86 3.3511
20260606토 1120011국630 9 38 3 1강 1159맑음양호 7 4 2세명크로우      더킹    세명엠파        한수 3     1 1   80      16500국6배휴준이기철   4 3 1 1 1 3 1 0 0 0  0김태훈50057.072평무보13 25 25 3  .026.0 3.51757 7 940 8 913 3 01111122521      ↗→입15.538.639.512.7 11738.039.1 78.9 76.9              15.50   13.00 4  0  0LL동       12 0         9.0     0 0일반주행탐색우려38트 0 8 8     8 9 7⑦1:18.9머리 1.314.640.214.1 -4  3  .00 711  0 1.6718458764211 410110 1 5.02 6.03 1.6 2.9 19.0   25.3   69.9   12.2  .015 2-4 1 3-4▼-2.237.20 -.45-1.2077.23  .34 2.15 3.52 2 71412.1222.5637.83 5
20260912토 4130011국6 1 9  9 0혼전 4451           4 3일급비술        컬러즈플최고비슬 4333.00한암 3 0 0   1    013:35 16500국6전승규(주)대홍 0 01010 5 9 3 0 1 8  0김태훈   54.071평추보50 69 696647.060.050.41757 71746 6222525 01919122521 0 050↗→입13.837.938.913.32785                   33 33  017   14.60   13.00 4 -6  0HH동54.54851413-1.6 6.0 4.4606013 0부중효과부중잇점48기 0 3                            14.6    13.0        .0                       9 1 2 1  4                                            13.22756 0 6 5 0―  .638.90 -.55     83.1621.2436.4350.3533536618.6431.8241.15 2
20260816일 2130011국652 8109 1혼전 4451흐림다습13 4 3일급비술        컬러즈플최고비슬 4333.00한암 3 0 0 2 1   80      16500국6전승규(주)대홍 0 1 9 9 4 9 2 0 0 7  0김태훈49054.071평무보54 56 565918.050.031.31757 71746 6222525 01919122521 0 0 0↗→입13.837.639.213.5436138.838.1 82.5 82.2 20 20  0 0   13.80   13.90 3  8 -1BH동55.04801413 -.6 6.4 5.8454512 0최빈거리부중효과 5   0 910    10 8 7②1:22.54     .014.638.013.0 -3 10  .00 2 5  0  .71992134987 8 1 6 33 3 2.0510.09 3.3 7.0  3.7   12.5   22.6   34.5  .02144 0 4 4 0―  .239.30 -.03 5.4483.16 9.9521.2131.33 82134 5.2612.6824.15 7
20260725토 2130011국611 8 69 2 1강 1151맑음다습11 4 3일급비술        컬러즈플최고비슬 4333.00한암 3 0 0 9 1   39      16500국6전승규(주)대홍 0 2 8 8 3 9 1 0 0 6  0김태훈48055.071평무하59 56 564610.040.020.21757 71746 6222525 01919122521 0 0 0↗→입13.837.739.113.5336937.439.8 82.9 83.4 25 25  025   14.30   13.90 4 -3  0UNDN55.04801412 -.8 6.8 6.0444412-1숨은복병부중잇점72기 0 1 5     8 7 6⑤1:22.92    1.013.839.813.9  0  6  .00 5 5  3 1.65443666151 9 1 4 70 2 1.02 8.05 1.6 5.4  1.6    5.4    8.5   10.9  .01926-2 2 3-2▽ -.639.50  .28 6.5883.16 4.8112.1420.16 3 817 4.92 9.7215.79 7
20260627토 3140011국650 7109 3 3강 3352맑음건조 4 4 3일급비술        컬러즈플최고비슬 4333.00한암 3 0 0 9 1   78      16500국6전승규(주)대홍 0 3 7 7 2 9 1 0 0 5  0임다빈47455.076평추상25 28 2839 7.039.016.61327 71746 62225 6 01919142424 0 0 0→↗추13.837.339.413.4215337.539.2 89.5 88.9 25 25  025   13.30   15.20 2  3  0VNUP55.04801412 -.7 7.0 6.3393912 1일반주행부중잇점47트 1 4 9     8 7 7⑧1:29.5목   1.114.339.513.9  6 -2  .09 8 2  1 1.24569435449 6 2 9 80 1 3.0611.03 3.610.3  5.5   20.9   40.0   30.1  .01535-1 2 3-1▽ -.838.60  .0312.1689.07 4.65 9.3616.56 2 3 7 3.17 6.9011.3210
20260614일 2130011국651 7 59 4 1강 1156흐림건조 3 4 3일급비술        컬러즈플최고비슬 4333.00한암 3 0 0 2 1    9      16500국6전승규(주)대홍 0 4 6 6 2 9 1 0 0 4  0김용근47655.086기무적53 55 557551.056.034.82751141746 6222510 01919312714 0 0 0↘↘선13.837.838.913.3318536.441.2 84.2 83.7 25 25  025   14.40   13.90 4 -2  0UN동55.04801412 -.7 7.0 6.3393912 0일반주행기복전력78기 1 1 1     1 1 5⑤1:24.22    1.413.341.615.2  4 -4  .09 5 1 -5 1.964 490693910 1 3 41 1 2.03 9.08 2.7 3.7  3.4    9.3   13.8   27.1  .01866 0 5 5 0―  .539.40 -.08 6.9883.1010.7422.2534.78 8213411.9022.0932.06 3
20260516토 3130011국642 9 99 5 1강 1152맑음건조 3 4 3일급비술        컬러즈플최고비슬 4333.00한암 3 0 0 2 1   78      16500국6전승규(주)대홍 0 5 5 5 1 9 1 0 0 3  0김태훈48055.071기추적45 43 435913.037.018.51757 71746 6222525 01919122521      ↗→입13.838.138.913.3198937.839.6 84.7 83.1 33 33  033   15.40   12.3020 -5  1HLDN       1412 -.7 7.0 6.3393912-1일반주행기복전력45기 0 3 7     7 7 8⑤1:24.7¾    .714.440.513.9 -1-15  .00 5 6     .94660596362 9 1 5 50 1 4.01 2.10 2.6 5.3  6.9   10.5   24.5   57.4  .01526-1 2 2-1▽ -.839.00  .21 6.1383.29 4.13 9.8518.46 71829 2.94 9.9314.50 7
20251228일 3140010국621 9 29 6 1강 1151흐림다습12 4 3일급비술        컬러즈플최고비슬 4333.00한암 2 0 0 9 2  395      16500국6전승규(주)대홍 0 6 4 4 1 9 1 0 0 3  0김효정49554.076기추적45 48 48 713.035.014.41642 52557112225 0 01919192317      ↘↗선13.837.539.413.41457                   33 33  0 0   14.10   13.6013  5  1LNUP       1412  .0 8.0 8.0202012 2부중효과휴양불리 5기 0 8                    경제    14.1    13.6     0  .07                      7 4 5 90 1 1.06 1.10 1.7 2.3  1.7   13.5   18.9   34.6  .02715-3 2 1-3▼-1.139.40 -.02     89.21 2.27 6.3014.41 2 511 2.22 7.2513.64 8
20250927토 3120011국612 9 19 7 1강 1159맑음다습11 4 3일급비술        컬러즈플최고비슬 2624.00한암 2 0 0 9 2  26114:55 16500국6김동철(주)대홍 0 7 3 3 2 9 1 0 0 2  0해리카49553.573하무보26 22 2218 6.029.0 8.41557 626751217 0 0 01614172612      →↗입13.838.039.012.7 84837.238.2 76.7 75.4  0  0  050   14.20   13.00 4 -5  0HH동       1210  .0 8.0 8.0202012 0부중효과부중효과52기 1 3 6     7 7 5③1:16.71     .114.138.713.6 -2  8  .00 3 5 -4 1.32249282678 8 3 4103 1 1.07 5.08     3.0  1.6   15.3   18.9   36.9  .02715-4 1 1-4▼-1.537.30  .05-1.6576.62  .89 3.47 8.42 2 510  .88 3.81 5.2410
20250830토 4120010국640 7 49 8 1강 1156맑음불량20 4 3일급비술        컬러즈플최고비슬 2624.00한암 2 0 0 9 2  344      16500국6김동철(주)대홍 0 8 2 2 1 9 1 0 0 1  0조한별48753.560하무보 5  5  5 6 5.026.0 1.7 950 426751217 0 3 01614122118      ↗→입13.837.240.414.852 338.937.8 76.3 76.5  0  0  0 0   13.80   15.10 7  4  0BHUP       1210 2.0 7.0 9.0 9 910 2걸음없음부중효과72기 1 8 8     9 9 9⑦1:16.3¾   1.714.238.113.0 -2 11  .00 7 9  2 1.96397176931 511 8110 1 2.01 9.01 1.9 3.6  3.9    3.6    7.9    4.0  .018 2-4 1 4-4▼-2.238.50 -.12-1.0976.95  .12  .79 1.71 0 2 4 1.96 4.02 4.0910
20250712토 11000 9국620 5 79 9 1강 1155맑음건조 5 4 3일급비술        컬러즈플최고비슬 2624.00한암 2     2 3  474      24750국6김동철(주)대홍 0 9 1 1 1 9 1 0 0 0  0조재로47653.587평무보   25 2540  .047.026.42744172643 817 022 01614192622      ↘→입13.837.137.814.8    37.240.3 65.0 65.0              13.80   15.10 4  0  0NN동       10 0                 0 0일반주행보통주행44기 0 4 3     3 5 6⑨1:05.0½   3.013.840.215.1  2-12  .00 9 7  0 3.89341969010 2 2 2 60 1 3.01 8.05 1.9 2.5  9.8    6.3   23.1   20.1  .01538-2 5 4-2▽ -.138.40  .31-9.8662.71 5.2615.3826.43 3112011.1122.2233.33 4
20260912토 4130011국6 1 9  9 0혼전 4451           4 4청강겨울        지롤라모남행열차 4433.00한암 3 0 0   1    013:35 16500국6성상현김관호   0 0 5 5 1 4 1 0 0 4  0김아현   54.058하무상50 51 51 5 8.034.013.2 967 01668 31420 0 02315152013      →→입13.637.639.912.83237                    0  0 2525   14.90   13.10 4 -7  0HHDN       1412 -.8 8.3 7.5363614-1일반주행거리속성44기 0 4                            14.9    13.1        .0                       7 5 5 8  3                                              .01513-1 1 1-1▽-1.239.90  .05     83.61 2.22 7.1713.16 2 714 5.08 7.5814.60 9
20260815토 2140010국613 9 69 1혼전 4451흐림건조 3 4 4청강겨울        지롤라모남행열차 4433.00한암 3 0 0 2 1   90      16500국6성상현김관호   0 1 4 4 2 4 2 0 0 3  0임다빈46354.076하선상25 26 26 8 7.033.0 7.61327 71668 31420 0 02315142424      →↗추13.637.040.613.640 639.137.2 90.6 88.6  0  0 33 0   14.30   13.90 3  9 -1BH동       1412  .3 7.7 8.0272714 0일반주행마번불리 5   011 8     7 6 7⑥1:30.6머리  .714.938.113.1 -4 -2  .00 610  1 1.33599 13863 41110100 2 2.01 5.03 1.9 6.1  6.1    6.7   14.6   17.3  .015 8-4 1 2-4▼-1.638.80 -.2911.0089.69 1.09 3.06 7.58 1 4 8 2.82 6.3311.4910
20260725토 3140011국641 9 99 2 1강 1151맑음다습11 4 4청강겨울        지롤라모남행열차 4433.00한암 3 0 0 9 1   38      16500국6성상현김관호   0 2 3 3 1 4 1 0 0 2  0임다빈46555.076하도보26 23 2346 8.033.010.21327 71668 31420 0 02315142424      →↗추13.636.740.614.066 337.539.8 90.5 89.5  0  0 50 0   13.70   15.30 6 -2  0HNUP       1412 1.0 7.0 8.0232312 2일반주행거리부담39기 0 2 6     7 7 7⑧1:30.51    1.514.340.113.9 -1 -2  .00 8 9  0 2.26369627139 310 9 80 1 2.01 4.05 3.1 4.9  3.2    4.9    8.7  159.3  .01534-2 2 2-2▽-1.139.30 -.1512.1789.48 1.38 4.1910.23 1 4 9 3.13 5.2411.70 8
20260614일 11200 9국653 9109 3 2강 2258흐림건조 3 4 4청강겨울        지롤라모남행열차 4821.00한암 3 0 0 2 1  110      16500국6성상현김관호   0 3 2 2 2 4 2 0 0 1  0김아현46755.060하무하18 15 15 8 4.025.0 9.2 967 01668 31420 0 02315152013      →→입14.237.940.014.0 7 936.041.1 77.9 76.5  0  0  0 0   14.20   14.3013 -2  1HN동       1212 4.0 5.0 9.0191912 0최빈거리보통주행40기 0 4 4     2 3 6⑦1:17.9¾   1.813.741.515.3 -2  4  .00 7 9  4 1.964 3947929 9 8 6 91 2 4.0110.08 3.1 5.5  6.7    9.9   23.2   18.1  .013 4-4 1 1-4▼-1.737.80 -.48-1.3677.12 1.65 3.94 9.24 0 2 5 1.16 3.33 5.4510
20260315일 1120011국631 9 89 4 2강 2239흐림양호 6 4 4청강겨울        지롤라모남행열차 4821.00한암 3     2 2  256      16500국6성상현김관호   0 4 1 1 1 4 1 0 0 0  0김아현46354.561평무보23 25 25 8  .024.0 4.01150 73456131420 0 02315152013      ↘→입15.238.539.012.9 25337.739.9 78.8 77.0              15.20   13.20 4  0  0LL동       12 0         7.0     0 0일반주행우수혈통44기 1 6 9     91010⑨1:18.8¾   2.214.240.614.3  4-14  .00 9 5  0 2.5777480862310 3 9 80 1 6.0210.02 1.6 3.6 26.7   55.4  152.8   21.9  .015 3-4 1 2-4▼-2.237.40 -.12 -.4676.90  .29 2.08 3.99 1 4 810.4321.3645.70 2
20260912토 4130011국6 1 9  8 0혼전 4451           4 5월스트리트      섀클포드클립스어 6526.00한암 3 0 0   1    013:35 16500국6조현수이혜란   2 0 6 6 4 5 1 0 0 5  0정도윤   54.082하입적50 47 475137.051.036.812 0 91253 7 912 9 0 9 310252399 0 0↗↗입13.737.339.813.45130                    0 25 25 0   13.90   13.50 9 -4 -1NU동54.54861313 1.0 6.0 7.0292913 0일반주행가격혈통46트 0 5                            13.9    13.5        .0                       4 4 7 6  1                                            13.21855 0 4 4 0―  .039.80 -.37     83.3511.6124.2936.79 5122213.5625.7634.51 4
20260711토 21300 9국643 9 48 1 1강 1151맑음포화15 4 5월스트리트      섀클포드클립스어 6526.00한암 3 0 0 2 1  170      16500국6조현수이혜란   2 1 5 5 3 5 1 0 0 4  0박재이49055.061하선하 5  9  9 5 4.029.0 8.8 699 01253 7 912 0 0 9 3 8282199 0 0↘↗입13.537.440.813.841 437.239.1 82.8 82.2  0  0 33 0   15.40   12.1013  1  0VV동54.54861313 2.7 5.7 8.3282812 0일반주행휴양탐색34관 0 9 5     6 5 3③1:22.89    1.613.939.313.5 -4  8  .00 3 7  0 1.71933443037 6 9 4 72 1 4.01 5.08 2.1 2.9  6.2    5.1   14.0   42.5  .015 8-4 1 1-4▼-1.539.50 -.28 4.0484.06  .81 3.57 8.83 31120 1.05 3.45 6.98 7
20260411토 3130011국641 7 98 2 1강 1156흐림다습14 4 5월스트리트      섀클포드클립스어 6526.00한암 3 0 0 2 2  261      16500국6문병기이혜란   2 2 4 4 2 5 1 0 0 3  0마이아48255.093하선하 5 14 141034.057.030.83963 52754 9262133 028273533 899 0 0→↘선13.537.440.313.842 638.242.7 86.9 87.5  0  0 50 0   14.00   14.10 6  6  1BV동54.54861312 2.0 5.0 7.0414112 0전개최상거리속성36기 0 810    111111⑪1:26.99    5.014.242.614.9  4 -3  .0011 7  3 5.599779899 5 5 8 8 40 1 1.10 1.09 2.1 5.2  2.1  111.1  130.9  426.013.23454-1 6 4-1▽  .340.70 -.57 9.8283.74 9.2420.4130.80102135 7.0616.9523.01 6
20260301일 1130011국642 8 98 3 2강 2259맑음건조 3 4 5월스트리트      섀클포드클립스어 6526.00한암 3 0 0 1 1  125      24750국6문병기이혜란   2 3 3 3 1 5 3 0 0 2  0빅투아48554.091하선보15 70 709486.076.076.13153132652 9262123 0282722281899 0 0→→선13.536.640.915.799 338.840.5 86.2 85.5  0  0100 0   13.50   16.00 7 -2 -1UUUP54.54861312-3.0 6.0 3.0676712 1가격혈통전개최상72기 1 210    111111⑪1:26.2목   2.514.041.114.1  7 -1  .0011 4 -2 2.89493839517 112 1 10 3 2.0111.05 2.4 6.8  3.7    6.8   12.8  113.4  .04187 3 8 8 3▲ 2.241.00-1.69 7.9983.6139.0563.1476.0738607114.2931.0526.95 2
20260110토 11200 9국610 9 18 4 1강 1155강풍양호 8 4 5월스트리트      섀클포드클립스어 6719.00한암 3 0 0 2 1  126      24750국6문병기이혜란   2 4 2 2 1 5 2 0 0 1  0빅투아48654.591평무하 5 25 2522  .036.020.63153132652 9262123 02827222818      →→선15.238.540.013.3 1 235.942.0 78.1 77.4              15.20   13.6011 -7  1NLUP       12 0        12.0     0 2교체실패가격혈통 5기 0 4 3     2 2 2③1:18.13     .513.542.316.0 -3  6  .00 3 6  2  .883 2989068 9 6 9 71 2 1.02 7.01 1.3 2.1  1.3    2.1    2.8   10.1  .02010-4 3 2-4▼-1.337.50-1.16-1.1577.45 4.4110.6620.61 5122213.4825.8841.03 4
20251025토 1100012국620 4 28 5 1강 1155흐림건조 5 4 5월스트리트      섀클포드클립스어 6719.00한암 2     9 2  24110:35 24750국6문병기이혜란   2 5 1 1 1 5 1 0 0 0  0빅투아48054.090평무보   25 2540  .056.035.62838182754 9262123 02827222818      →→선15.237.137.813.3    39.538.7 65.1 65.4              15.20   13.60        LN동       10 0                 0 0일반주행가격혈통39기 01112    121212⑫1:05.13    3.615.238.613.6  8 -9  .0112 4  0 4.396967395 6 3 3 3 30 1 2.0512.02     2.3  4.0   35.3   63.4   12.7  .01554-1 6 6-1▽  .538.50  .02-9.4962.7111.3923.7735.60132943 8.3316.6725.0011
20260912토 4130011국6 1 9  5 0혼전 4451           4 6누리돌풍        한센    스프렌도 5730.00한수 3 0 0   1    013:35 16500국6김동철허도행   2 0 3 2 1 2 1 0 0 2  0우인철   55.069하무하50 48 48 619.041.022.120491025571217 0 0 01614112822      →↘입14.337.540.414.15310                    0  0  0 0   14.30   14.80 7 -4 -2NHUP       1312 1.0 6.0 7.0292912 1일반주행거리속성37기 0 6                            14.3    14.8        .0                       6 9 6 7  1                                              .01518-1 3 3-1▽ -.740.40 -.45     83.87 7.0913.5922.08 41118 8.4715.1527.88 7
20260726일 2120011국633 8 35 1 1강 1151맑음다습10 4 6누리돌풍        한센    스프렌도 7925.00한수 3 0 0 9 1  120      16500국6김동철허도행   2 1 2 2 2 2 2 0 0 1  0유승완44657.072하무보53 45 453112.036.019.81860 825571217 020231614152722      →↘입14.437.240.014.1671337.540.3 77.7 77.4  0  0  0 0   14.40   14.40 4  2  0NH동       1212-2.0 7.0 5.0383812 0최빈거리보통주행48기 01010    10 8 8⑨1:17.71½  2.214.340.514.8  4  2  .00 9 5 -2 2.38566878921 9 5 4 40 2 2.01 8.05 1.9 3.0  3.6    3.0    6.4    4.0  .01318-1 2 1-1▽ -.838.80 -.41  .2276.73 5.2311.3219.75 3 817 1.59 6.09 9.97 8
20260628일 2120011국612 8 15 2 1강 1144맑음건조 3 4 6누리돌풍        한센    스프렌도 7925.00한수 3     9 1   69      16500국6최봉주허도행   2 2 1 2 1 2 1 0 0 0  0유승완44457.072평무보41 25 2530  .029.013.81860 81350 614 0 02317 4152722      →↘입14.637.440.013.566 436.839.6 77.4 76.0              14.60   13.80 4  0  0LL동       12 0         6.0     0 0일반주행우수혈통52기 0 8 7     7 5 6⑤1:17.4½   1.414.440.014.4 -2  1  .00 5 7  0 1.94525745940 6 610 80 1 1.04 5.11 1.3 2.5  1.3    5.7    6.4    6.1  .01511-3 2 1-3▼-1.738.10 -.35-1.4376.84 2.00 5.5513.78 81728 8.5116.9932.26 7
20260912토 4130011국6 1 9  9 0혼전 4451           4 7피엔에스리프    천구    갈잎      178.00한거 4 0 0   1    013:35 16500국6박윤규피엔에스 2 0 4 4 1 3 2 0 0 3  0다실바   56.082하입보50 33 33 1 6.033.0 9.91350 41450 717 8 0 017 9222912      ↗↗선14.037.940.013.81913                    0  0  0 0   13.90   15.60 3 -1  0NHUP       1312-1.0 8.7 7.7121212 1걸음없음거리속성 1   0 7                            13.9    15.6        .0                      10 611 9  2                                              .012 3-4 1 2-4▼-1.640.00 -.11     83.87 1.62 4.18 9.87 2 510 1.69 6.0613.2711
20260822토 2120010국623 8 79 1 1강 1155비  불량20 4 7피엔에스리프    천구    갈잎      327.00한거 4 0 0 2 1   59      16500국6박윤규피엔에스 2 1 3 3 3 3 1 0 0 2  0다실바46656.080하입보15 12 12 5 3.027.0 8.11350 41450 717 8 0 017 9222912      ↗↗선14.037.839.513.8101737.642.3 79.0 79.0  0  0  0 0   14.00   14.1013 -2 -1NH동       1212-2.5 9.0 6.5171712 0발길대로부진마필 5   0 8 6     6 710⑩1:19.014   5.013.941.915.6  2-21  .0010 8  0 6.297709898 4 8 3 7 60 1 3.0110.07 1.7 2.7  8.1    4.3   14.3    3.2  .0 6 4-4 1 2-4▼-2.038.70 -.12 1.7076.78  .73 3.85 8.06 2 714  .12 1.86 4.4011
20260524일 1120011국620 9 79 2 3강 3359맑음다습11 4 7피엔에스리프    천구    갈잎      327.00한수 4 0 0 2 2  241      16500국6박윤규피엔에스 2 2 2 2 2 3 2 0 0 1  0김태현48757.053하입보36 24 24 7 4.025.013.3 0 0 0 938 317 8 0 017 9201218      →→선14.038.039.313.4 73337.640.6 78.7 77.7  0  0  0 0   14.30   13.60 3  3  0LH동       1212-3.010.0 7.0212112 0일반주행보통주행 5   010 6     710 9⑥1:18.78    2.614.040.514.1 -2  2  .00 6 8 -2 3.18870899218 8 4 4 83 2 1.02 7.04 1.6 3.1  1.6    3.1    4.4   19.8  .015 4-4 1 1-4▼-2.038.10 -.26  .3976.78 1.98 7.8713.27 2 510 1.19 3.55 4.4010
20260502토 1120010국631 9 39 3 1강 1155흐림건조 3 4 7피엔에스리프    천구    갈잎      327.00한수 4     1 1   60      16500국6박윤규피엔에스 2 3 1 1 1 3 1 0 0 0  0김태현48557.053평무보12 25 25 3  .022.0 7.8 950 41450 717 8 0 017 9201218      →↘선15.038.539.712.8 1 737.839.3 78.2 76.5              15.00   13.10 4  0  0LL동       12 0         5.0     0 0일반주행보통주행 5   0 7 6     6 6 8⑦1:18.2½   2.114.339.713.6 -3 -4  .00 710  0 2.66576667624 9 4 7 82 1 3.01 3.06 2.2 2.2  4.6    4.6   11.3    2.5  .015 1-4 1 1-4▼-2.037.20 -.62-1.6877.29  .65 3.51 7.75 1 4 6 8.1616.6731.49 8
20260912토 4130011국6 1 9  5 0혼전 4451           4 8푸른참          레볼루셔푸른미소 6132.00한암 3 0 0   1    013:35 16500국6박천서김명식   1 0 3 2 1 2 1 0 0 2  0조한별   54.061하도보50 44 44 3 7.028.0 5.21321101157 5 7 0 3 013 5122118      →↘입13.937.640.313.646 9                    0  0  0 0   13.90   13.90 7  6  3BNUP       1312-1.0 9.0 8.0242412 1발길대로탐색우려26관 0 8                            13.9    13.9        .0                       8 8 910  2                                              .0 6 1-4 1 3-4▼-1.940.30  .02     83.87  .59 1.30 5.21 1 4 8 3.39 7.5813.2710
20260726일 2120011국633 8 35 1 1강 1151맑음다습10 4 8푸른참          레볼루셔푸른미소 5527.00한암 3 0 0 9 1  120      16500국6박천서김명식   1 1 2 2 2 2 1 0 0 1  0조성환42051.054하무보25 19 1928 3.026.0 9.5 718 61157 5 7 0 0 013 5 91719      ↘→추13.936.940.114.275 537.839.7 77.4 77.1  0  0  0 0   13.90   14.50 4 -5 -4HH동       1212-2.010.0 8.0222212 0최빈거리보통주행78기 0 2 6     81010⑧1:17.4¾   1.913.939.913.9  0-14  .00 8 8 -2 2.08078778526 6 7 5100 1 2.01 8.05 1.9 3.0  3.6    3.0    6.4    4.0  .01312-1 1 1-1▽-1.539.00 -.01  .1276.62 1.21 4.34 9.51 0 3 6  .12 1.74 3.8410
20260628일 2120011국612 9 15 2 1강 1134맑음건조 3 4 8푸른참          레볼루셔푸른미소 5527.00한암 3     9 1   69      16500국6박천서김명식   1 2 1 2 1 2 1 0 0 0  0조한별43455.063평무보 9 25 25 7  .025.0 4.81321101157 5 7 0 3 013 5122118      →↘입14.137.740.113.932 136.740.4 78.1 76.7              14.10   14.20 4  0  0LL동       12 0         5.0     0 0일반주행탐색우려34관 0 7 6     6 7 9⑧1:18.11¾  2.113.940.814.5 -2 -7  .00 810  0 2.66820877725 9 811110 1 1.04 5.11 1.3 2.5  1.3    5.7    6.4    6.1  .015 2-4 1 2-4▼-2.138.10 -.31-1.1377.06  .37 2.43 4.77 1 4 8 8.5116.9932.26 6
20260912토 4130011국6 1 9  5 0혼전 4451           4 9글로벌디노      테스타마래피즈로 5333.00한수 3 0 0   1    013:35 16500국6함완식장재형   1 0 3 2 1 2 1 0 0 2  0서승운   56.082하무하50 46 463938.057.041.9233714225610151743 02111272817      ↗↘선14.137.140.814.482 4                    0  0  0 0   13.80   14.4010  0 -1LNUP       1310 2.0 8.010.0252510 1작전마주거리속성36관 1 9                            13.8    14.4        .0                       210 8 3  1                                            13.22052 0 5 5 0―  .340.80-1.00     83.8715.9031.1341.92183754 8.4718.1831.86 5
20260704토 2120010국611 9 15 1 1강 1154흐림건조 5 4 9글로벌디노      테스타마래피즈로 1926.00한수 3 0 0 1 1  190      16500국6함완식장재형   1 1 2 2 1 2 1 0 0 1  0장추열47457.093평무보70 52 5265  .063.045.32950132256101517 8222111202722      ↘↗입14.136.840.314.4931237.039.1 77.1 76.0  0  0  0 0   14.00   13.8051  6  2BLUP       1210         4.0    10 2일반주행작전마주37관 1 9 8     7 6 5⑧1:17.1동착 1.013.839.714.4  4 18  .01 8 4 -4 2.14942605349 210 2 30 1 1.03 1.05 1.1 2.1  1.1    4.7    5.8    3.7  .02057 0 7 5 0― 1.138.70-1.07-1.1376.6715.7830.7145.33 8173210.7120.4739.51 6
20250705토 1100010국640 7 95 2혼전 4455맑음건조 3 4 9글로벌디노      테스타마래피즈로 1926.00한수 2     1 6 1042      24750국6함완식장재형   1 2 1 2 1 2 1 0 0 0  0조인권45655.575평무보   25 2540  .054.033.1152216 925 0151713382111242513      →↗선14.137.137.814.4    36.940.0 64.7 64.4              14.10   14.70 4  0  0NL동       10 0                 0 0일반주행연대우수 5기 0 3 5     5 5 6⑩1:04.71¼  1.914.140.114.7  2  4  .0010 8  0 3.48627948027 2 2 2 60 1 1.06 1.05 3.2 5.3  3.2   42.0   62.6   36.5  .03757 0 5 5 0―  .238.30  .10-10.562.7111.4922.3033.09 5122210.0020.0030.00 3
20260912토 4130011국6 1 9  9 0혼전 4451           410제주블루        에어포스제주의하 1716.00한암 3 0 0   1    013:35 16500국6박지헌미즈타니 0 0 5 5 2 4 3 0 1 4  0김태현   54.053우선보50 73 738150.056.042.4 950 421451120 0 0 02015201218      →↘선13.636.740.214.19717                   25 75 50 0   13.40   14.7015  7 -1BH동       1312-1.8 5.8 4.0686813 0편성만만최적거리33관 010                            13.4    14.7        .0                       1 7 1 2  3                                              .02974 0 6 4 0―  .440.20 -.39     83.2314.3129.2742.4412264018.6436.3645.13 1
20260530토 2130010국623 7 79 1혼전 4451맑음양호 7 410제주블루        에어포스제주의하 1716.00한암 3 0 0 9 2  290      16500국6우창구미즈타니 0 1 4 4 1 4 2 0 1 3  0김태현43355.053우선보34 59 593914.031.015.2 0 0 02136 420 0 0 02211201218      →→선13.636.940.114.1891935.940.3 82.9 82.2 33 67 33 0   13.80   14.30 6 -5  0HNUP       1312-1.7 6.0 4.3656512 1일반주행거리속성39기 0 3 1     1 1 2③1:22.91     .213.441.114.7 -2  1  .00 3 5  0 1.018 1772675 3 7 3 71 2 4.01 9.02 1.6 3.0 12.4    5.4   21.6    8.8  .01518-3 3 1-3▼-1.540.00  .29 5.1983.29 2.53 7.6715.17 41118 5.6611.8617.14 5
20260418토 1120010국634 8 39 2 1강 1151맑음건조 5 410제주블루        에어포스제주의하 1819.00한암 3 0 1 2 1  122      16500국6우창구미즈타니 0 2 3 3 3 4 1 0 1 2  1김태현43255.053우도보83 99 996561.041.024.6 950 42052 920 0 0 02211201218      →↘선13.636.739.713.7921736.939.9 77.4 76.4 50 50 50 0   13.70   14.40 7  2  1BN동       1212-2.5 6.5 4.0737312 0전개최상마번불리40기 0 8 3     3 5 5⑤1:17.45    1.013.840.314.3  0 -2  .00 5 5  1 1.96132797149 4 3 2 32 1 3.08 6.10 1.5 3.1  5.0   92.4  159.8  509.9  .03432-4 5 1-4▼ -.739.00 -.11 -.0176.28 5.3313.4324.64132943 9.5726.5227.73 3
20260302월 1120010국641 9 99 3 1강 1151비  건조 3 410제주블루        에어포스제주의하 1819.00한암 3 0 0 1 1  136      16500국6우창구미즈타니 0 3 2 2 2 4 2 0 0 1  0김효정43454.070평선보81 84 849667.061.057.81650 72052 920 0 8 02211192317      ↗→선13.736.839.713.7822736.439.6 76.8 75.4  0  0  0 0   13.70   14.00 6  3 -1LH동       1212-3.0 9.0 6.0606012 0편성만만전개최상64기 0 6 1     1 1 2②1:16.811    .013.740.014.4 -2  1  .00 2 4 -5 1.927 9734587 1 3 2 31 2 2.04 2.06 2.2 4.1  4.1    7.0   13.4    5.0  .04178 0 6 4 0―  .738.60-1.11-1.0676.3417.4138.0257.7713294610.9423.7719.05 3
20260117토 1120012국620 8 79 4 2강 2255맑음건조 5 410제주블루        에어포스제주의하 1819.00한암 3     2 1  105      24750국6우창구미즈타니 0 4 1 1 1 4 1 0 0 0  0김효정43354.570평무보48 25 2539  .026.0 8.01650 72052 920 0 8 02211192317      ↗→선14.137.039.913.389 137.038.7 76.2 75.3              14.10   13.60 4  0  0NL동       12 0         3.0     0 0일반주행보통주행 5기 0 3 2     2 2 2⑥1:16.2목    .713.739.414.0 -3 -3  .00 6 9  0 2.12341453759 412 9111 1 2.07 4.01 1.7 3.1  4.0   29.2   45.7   84.8  .015 9-3 1 1-3▼-1.638.30  .10-1.6176.56 1.20 3.25 8.04 0 2 5 8.5116.7929.87 5
20260912토 4130011국6 1 9  9 0혼전 4451           411다르리여왕      투아너앤블루엠파 5932.00한암 3 0 0   1    013:35 16500국6이관호현태봉   1 0 6 6 2 5 3 0 0 5  0임다빈   54.076평입하50 59 596432.054.038.01327 7213910202614392321142424      →↗추13.637.239.314.05941                    0 25 2525   13.80   14.60 5  7  0NHUP       1412 -.8 5.3 4.5474712 1연대우수연대우수58기 111                            13.8    14.6        .0                       3 2 4 4  3                                              .03747 0 5 4 0―  .239.30 -.04     82.9713.4426.5138.03 81728 6.7818.1827.88 6
20260808토 2120010국642 5 99 1 1강 1151맑음건조 2 411다르리여왕      투아너앤블루엠파 6627.00한암 3 0 0 1 1  110      16500국6이관호현태봉   1 1 5 5 3 5 2 0 0 4  0임다빈43754.075하입상70 72 724650.055.036.21327 7213910202614392321142424      →↗추13.637.238.814.0403736.539.6 76.4 76.0  0 25 2525   13.70   14.00 5 -3 -1HH동       1412-1.3 6.3 5.0393912 0연대우수연대우수45기 0 4 2     3 4 4⑧1:16.4코   1.113.839.814.6  7  2  .09 8 1 -1 1.14816735145 8 3 4 30 2 7.08 3.10 3.2 6.2 18.9  164.5  301.2  285.7  .03747 0 4 3 0―  .538.30 -.20 -.0476.0611.8323.7936.2013294310.8923.8829.91 3
20260704토 2120010국611 8 19 2 1강 1154흐림건조 5 411다르리여왕      투아너앤블루엠파 6627.00한암 3 0 0 1 1   79      16500국6이관호현태봉   1 2 4 4 2 5 1 0 0 3  0임다빈43555.075하입보47 48 483331.048.025.31327 7213910202614392321142424      →↗추13.737.238.914.1403336.738.8 76.4 75.3  0  0 3333   13.30   15.30 3  5  0BNDN       1412-1.3 6.3 5.0393912-1작전마주연대우수46기 0 7 5     6 3 2③1:16.41¾   .313.739.314.0  1 -7  .00 3 2 -3 1.42123523270 6 2 4 52 1 1.03 1.05 1.1 2.1  1.1    4.7    5.8    3.7  .03741-1 4 3-1▽  .038.10  .06 -.8176.12 5.8414.7325.27 71829 5.3614.8816.74 8
20260614일 2130011국651 7 59 3 1강 1146흐림건조 3 411다르리여왕      투아너앤블루엠파 5932.00한암 3 0 0 2 1   49      16500국6이관호현태봉   1 3 3 3 1 5 3 0 0 2  0조한별44255.061하입보32 38 384611.036.014.4132110213910202616 02321122118      →↘입13.937.539.113.6505736.740.6 83.9 83.5  0  0  050   14.10   14.60 6 -2  0HNDN       1412-1.5 7.0 5.5353512-1작전마주작전마주70기 0 2 2     3 3 3④1:23.96    1.113.341.015.3 -1  3  .00 4 5  1 1.655 9825747 7 2 6 72 3 2.03 9.08 2.7 3.7  3.4    9.3   13.8   27.1  .02023-1 2 2-1▽ -.939.70  .57 6.8583.03 3.00 7.6814.42 2 715 3.57 9.3016.03 6
20260503일 2140011국651 9 59 4 1강 1159비  다습10 411다르리여왕      투아너앤블루엠파 5932.00한암 3 0 0 1 1  109      24750국6이관호현태봉   1 4 2 2 1 5 2 0 0 1  0조한별43955.061하추상74 55 555924.046.035.7132110213910202616 02321122118      →↘입15.038.038.712.6 19536.940.5 90.7 89.5  0  0  0**   15.00   12.80 5  1  1NNUP       1412-4.010.0 6.0353512 2일반주행작전마주36기 0 4 5     4 4 4⑤1:30.73    1.514.140.714.6  1  4  .00 5 4 -6 2.1623778723911 1 2 32 2 2.01 1.03 2.5 4.6  3.9    4.6    9.4   13.6  .02059 0 4 3 0― -.138.00 -.4712.7689.07 8.6522.9835.65143045 7.5021.5732.14 3
20260329일 1120010국640 9 99 5 2강 2251맑음건조 3 411다르리여왕      투아너앤블루엠파 6627.00한암 3     9 1   94      16500국6이관호현태봉   1 5 1 1 1 5 1 0 0 0  0조한별43554.563평무보21 25 2548  .025.0 7.4132110213910202616 02321122118      →↘입14.437.040.314.289 138.837.4 77.7 75.7              14.40   14.50 4  0  0NL동       12 0         8.0     0 0일반주행우수혈통44기 0 310    101010⑥1:17.71¾  1.515.038.112.8 -4  0  .00 610  0 1.63897 75438 210 9 83 1 5.0210.05 3.1 5.4  9.4   12.9   32.6   18.5  .01510-4 1 1-4▼-1.738.50 -.09-1.5676.78  .88 2.68 7.37 1 4 8 9.0216.9940.19 6
20260912토 5130011국5 2 8  6 0혼전 4452           5 1초월마          콩코드포사제불이 7326.00한거 4 0 0   1    014:25 24750국5문병기(주)디알 2 011 6 810 1 1 110  0이혁     56.578우입보50 65 658570.063.037.62258 72652 9265035142827282118255025↗↘선13.937.338.913.65980                   38 50  025   14.20   13.70 8 -4  0UNDN56.05161413  .4 2.4 2.8828214-1전개최상마방연대47기 0 1                            14.2    13.7        .0                       8 3 2 1  1                                              .03483 1 8 8 1▲  .938.90  .15     82.7813.1726.1737.5518375416.4728.7240.38 2
20260719일 51400 9국521 8 76 1 2강 2251흐림다습14 5 1초월마          콩코드포사제불이 7326.00한거 4 0 0 2 1  137      24750국5문병기(주)디알 2 110 5 210 1 1 1 9  0장추열49656.593우입하79 83 839193.070.070.32950132652 9265046182827202722255025↘↗입13.937.139.013.6467337.039.5 88.7 88.5 43 57  029   13.90   13.80 7  0  1NNUP56.05161413  .2 2.4 2.6838314 1연대우수전개최상 5   0 5 4     5 5 5④1:28.71     .514.239.613.7  2-12  .00 4 2  1  .93143524667 3 3 2 12 1 7.05 8.07 2.0 3.2 16.3   55.0  150.0   32.9  .04999 4 9 9 4☆ 1.938.70 -.9912.4088.6632.2755.0070.2638587041.2463.9683.33 1
20260530토 5130011국553 3106 2혼전 4451맑음양호 7 5 1초월마          콩코드포사제불이 7326.00한거 4 0 0 9 1  136      24750국5문병기(주)디알 2 2 9 4 710 7 1 1 8  0빅투아50855.591우입보87 91 918879.069.046.83153132652 9265023352827222818255025→→선13.837.438.813.6548737.639.4 82.7 83.2 43 57  029   14.00   13.60 5 -2 -2NHDN56.05161413 -.4 3.4 3.0787814-1연대우수연대우수63기 1 5 7     8 8 8④1:22.7½    .513.939.513.8  3 -4  .09 4 1 -1  .64649514863 9 1 1 13 8 6.03 3.02 2.3 6.4 17.0   42.1  139.2  273.810.54388 3 9 9 3★ 1.539.70 -.10 6.9682.7819.6235.2346.7818375421.7836.5444.95 1
20260426일 3140011국542 7 96 3 1강 1161맑음건조 3 5 1초월마          콩코드포사제불이 7326.00한거 4 0 0 9 1   88      24750국5문병기(주)디알 2 3 8 3 110 6 1 1 7  0빅투아51257.091우자보86 89 896687.062.043.43153132652 9265023352827222818255025→→선13.837.039.213.6506137.238.5 88.7 88.0 33 67  017   14.00   13.50 5 -1  2NNUP56.05161413 -.4 3.4 3.0787813 1연대우수연대우수38기 0 7 5     5 5 4③1:28.7½    .014.038.913.6  1 -1  .00 3 2  0  .91254171789 6 4 2 32 7 1.05 5.03 2.0 4.5  2.0   18.2   28.9   22.6  .03770 1 8 7 1▲  .938.70 -.3411.7688.7314.9030.6443.3818375426.2147.0061.62 2
20260322일 5130011국520 6 76 4 2강 2259맑음건조 5 5 1초월마          콩코드포사제불이 7326.00한거 4 0 0 2 1   90      24750국5문병기(주)디알 2 4 7 2 610 5 1 0 6  0빅투아51355.091평자하60 64 647788.071.069.83153132652 9265023352827222818333333→→선13.837.439.013.6547637.238.9 82.7 82.7 20 40  020   13.70   14.20 5 -1  1LN동56.35161313 -.6 4.4 3.8747413 0연대우수연대우수52기 1 8 6     4 3 2②1:22.74     .014.039.013.5  0 -9  .00 2 2  0  .63029392483 8 2 2 12 6 1.0210.08 2.4 2.6  2.4    2.6    4.8    5.0  .04588 3 9 9 3★ 1.839.60 -.86 6.2782.9034.1757.2069.8238587036.1464.1083.69 2
20260215일 5130011국512 1 66 5혼전 4451맑음건조 3 5 1초월마          콩코드포사제불이 7326.00한거 4 0 0 2 1   79      24750국5문병기(주)디알 2 5 6 1 510 4 1 0 5  0빅투아52254.091평자상80 89 896576.067.031.13153132652 9265023352827222818333333→→선13.837.539.013.6497637.239.4 83.0 83.4 20 40  020   13.80   13.10 5  8 -3BU동56.35161313 -.8 5.3 4.5676713 0연대우수연대우수62기 0 9 3     3 4 3⑥1:23.01¼   .913.739.714.2  4  7  .02 6 2  1 2.2552956394910 5 2 52 5 6.04 4.05 1.9 5.7 16.2   49.1   97.1   24.310.53773 2 8 8 2▲ 1.239.60  .16 6.8782.9710.9120.8931.07 8172812.3123.4032.84 4
20260111일 2130011국640 8 96 6 1강 1152맑음양호 7 5 1초월마          콩코드포사제불이 7326.00한거 4 0 0 2 1   93      16500국6문병기(주)디알 2 6 5 5 410 3 0 0 4  0빅투아51557.091평입상89 99 998894.075.089.93153132652 9265023352827222818 05050→→선13.937.539.213.6496937.337.8 82.5 81.3  0 25  0 0   13.80   13.50 9 -2  0UN동56.05171313 -.8 5.3 4.5676713 0연대우수연대우수 5기 0 1 1     1 1 1①1:22.58   -1.413.838.213.1  0  0  .00 1 1 -4  .0 335 8 497 4 2 1 11 4 1.10 1.06 1.8 4.2  1.8   56.4   65.5   57.2  .04388 3 9 9 3★ 2.239.20-1.60 4.6383.1052.8177.3289.9138607149.4085.0077.48 1
20251108토 4130011국644 6 96 7 2강 2251흐림건조 3 5 1초월마          콩코드포사제불이 7326.00한거 3     2 1  19412:45 16500국6문병기(주)디알 2 7 4 4 310 2 0 0 0  0빅투아51557.091평입하53 70 706964.068.056.33153132652 9265023352827222818 0 099→→선14.037.839.313.8317337.539.1 82.6 82.4  0  0  0 0   14.20   13.6041 -8  1UL동55.05191313 -.7 5.3 4.7666612 0일반주행연대우수48기 0 3 3     4 3 3④1:22.61     .313.839.313.5 -1 -2  .00 4 5  3  .82145474172 8 3 4 32 3 4.0211.07     4.5  6.2   11.0   23.5    6.8  .03772 2 7 7 2△ 1.339.10 -.89 5.3383.3517.5437.2256.3412264010.4823.1940.14 5
20250118토 3130011국611 7 66 8 2강 2241맑음건조 4 5 1초월마          콩코드포사제불이 7326.00한수 3 0 0 2 5  974      16500국6문병기박남성  -1 8 3 3 210 1 0 0 2  0빅투아51756.088평추보78 90 908487.072.086.91745 6314122264623122827222818 0 099↘↗선14.438.139.213.5168737.639.0 84.3 83.1  0  0  0 0   14.40   13.80 5  7  1VV동55.05191312-1.5 7.0 5.5626213 0승부최상연대우수 1기 011 4     5 4 4③1:24.31¼   .314.140.114.3  1  8  .00 3 2 -5 2.04751414072 9 4 2 22 2 1.04 6.01 1.4 3.5  1.4    7.0    9.4   13.8  .03789 3 8 8 3▲ 1.739.00-1.87 5.8383.4838.7768.9486.8638587031.0358.3960.20 2
20241214토 21300 9국620 5 76 9혼전 4451맑음양호 8 5 1초월마          콩코드포사제불이 7326.00한수 2 0 0 2 6 1086      24750국6문병기박남성  -1 9 2 2 110 1 0 0 1  0문세영50955.093평추보49 77 778171.074.054.1415030333321264649522827293615 0 099→→입14.438.239.213.5 98738.138.7 83.6 82.8  0  0  0 0   14.40   13.90 4  0  0UUUP55.05191312-1.0 7.0 6.0666612 1마방기습승부최상 1기 1 4 8     7 6 6⑤1:23.6머리  .814.439.713.8 -2-10  .00 5 7  0 1.23574304556 9 5 4 10 1 1.05 1.05 2.4 2.7  2.4    9.3   18.0   21.310.64695 3 9 9 3★ 1.838.80-1.03 5.4283.5522.6640.3354.1333536612.0024.5822.41 4
20241116토 1120012국641 6 9610 1강 1155맑음건조 3 5 1초월마          콩코드포사제불이 7622.00한수 2     2 6 117410:35 24750국6문병기박남성  -110 1 1 110 1 0 0 0  0빅투아51955.084평무보   35 3540  .055.033.9308611333321264623122827222818      ↗↘선14.336.738.513.2    38.038.2 77.6 76.0              14.30   13.50        NN동       12 0                 0 0일반주행마방기습 1기 1 410    10 9 6⑥1:17.62     .514.439.313.9 -1  2  .00 6 7  0  .84684295564 7 7 8 43 1 6.02 5.06     6.2 19.0   28.8   72.1   46.1  .02564 0 5 6 0―  .638.80  .30  .8275.6111.5222.1333.92 81732 9.0217.8927.03 3
20260912토 5130011국5 2 8  9 0혼전 4452           5 2인스파이어      언캡처드로희     5030.00한수 3 0 0   1    014:25 24750국5최용건김정철   1 010 2 8 9 5 0 1 9  0이동하   54.091우선하50 57 579353.060.036.033541528551222164124271425241967 033↗↘선13.737.039.613.88245                   50 17 17 0   13.60   14.00 4 -4 -2UU동56.74811413 -.8 5.0 4.2626214 0연대우수전개최상56관 2 2                            13.6    14.0        .0                       210 7 5  5                                            13.44175 1 7 7 1△  .739.60 -.04     83.0311.7724.5136.01102335 8.2418.4630.77 5
20260816일 3130010국523 7 79 1 2강 2251흐림다습13 5 2인스파이어      언캡처드로희     5030.00한수 3 0 0 2 1   79      24750국5최용건김정철   1 1 9 1 7 9 4 0 1 8  0이동하48455.591평선보73 76 766578.061.042.333541528551222164124271425241967 033↗↘선13.737.039.713.8813737.040.3 82.9 83.7 50 17 17 0   13.90   13.70 4  2 -2NUDN56.74811413-1.4 6.6 5.2494914-1승부최상연대우수 5   0 6 4     4 5 5⑦1:22.92    1.113.640.014.0  4  0  .02 7 3  1 1.56721796347 5 7 2 32 4 5.02 1.04 2.1 4.5 12.6   17.0   46.2   42.913.43755 0 8 6 0▲  .740.20 -.27 6.9883.1012.1327.6342.2514304517.5933.3352.45 4
20260718토 3140011국620 9 79 2혼전 4451흐림불량20 5 2인스파이어      언캡처드로희     5030.00한수 3 0 0 2 1   58      16500국6최용건김정철   1 2 8 8 1 9 3 0 0 7  0이동하48457.091평자보69 70 708869.073.056.533541528551222164124271425241950 050↗↘선13.736.840.413.9681536.638.5 88.3 87.5 40  0 20 0   14.60   14.10 5 -7  0UVUP56.54801413-1.4 6.6 5.2494913 1연대우수승부최상 5   0 4 2     2 2 2②1:28.32     .013.939.113.7  0 -5  .00 2 2  1  .4 52318 692 1 9 4 11 3 1.02 3.04 2.3 4.4  2.3    4.4    7.1   17.910.64492 3 9 9 3★ 2.038.80-1.3110.2689.4127.8547.7056.4838607121.7438.1654.22 1
20260613토 2130011국622 8 79 3 1강 1151맑음건조 3 5 2인스파이어      언캡처드로희     5030.00한수 3 0 0 2 1   99      16500국6최용건김정철   1 3 7 7 6 9 2 0 0 6  0이동하48957.091하자하61 75 757490.076.091.633541528551222164124271425241950 050↗↘선13.737.040.013.9792537.939.0 83.6 82.5 40  0 20 0   13.80   13.90 6  1  0VV동56.54801313-1.5 7.3 5.8393913 0마방연대연대우수43기 011 9     7 7 5④1:23.63     .814.639.714.1  3  8  .09 4 1 -3 1.02266374758 3 6 1 13 2 2.07 7.05 1.9 5.4  4.7   16.4   30.5   67.813.43781 2 9 8 2▲ 2.239.90-1.83 5.4683.2954.8480.7591.5538607146.3880.5694.25 1
20260502토 2130011국651 9 59 4 3강 3351흐림건조 3 5 2인스파이어      언캡처드로희     5030.00한수 3 0 0 1 1  119      16500국6최용건김정철   1 4 6 6 5 9 1 0 0 5  0이동하48157.091하입하49 50 506259.069.069.233541528551222164124271425241999 0 0↗↘선13.737.040.114.1801937.239.5 84.2 82.9 25  0 25 0   13.90   13.90 3  4  0LV동56.04781313-1.5 7.3 5.8393913 0일반주행마방연대43기 010 8     9 8 5③1:24.2코    .013.840.213.9 -1 -2  .00 3 4  1  .33829574191 4 6 5 13 1 1.02 9.06 2.0 4.8  2.0    4.8    7.3    7.713.42388 0 7 7 0― 1.240.00-1.26 5.8483.3532.3655.3569.2037577015.8734.2946.88 3
20260411토 3130011국641 6 99 5 1강 1156흐림다습14 5 2인스파이어      언캡처드로희     5030.00한수 3 0 0 2 1   61      16500국6최용건김정철   1 5 5 5 4 9 3 0 0 4  0정정희48357.081하입상43 39 393415.045.019.02044 9285512221616 0271420251599 0 0→↗입13.737.140.114.1741537.439.7 82.7 83.3 25  0 25 0   13.70   14.30 4  0  1NV동56.04781313-2.3 8.7 6.3383813 0일반주행최적거리72기 0 6 8     8 6 5⑥1:22.7½    .813.939.913.9  3 10  .09 6 3  0 1.35340645656 3 5 4 70 3 1.10 1.09 2.1 5.2  2.1  111.1  130.9  426.013.41527-2 3 3-2▽ -.540.00  .07 6.1383.42 4.11 9.8218.95 31017 5.8810.1715.64 7
20260314토 2130011국611 8 19 6 2강 2251맑음양호 7 5 2인스파이어      언캡처드로희     5030.00한수 3 0 0 2 1   83      16500국6최용건김정철   1 6 4 4 3 9 2 0 0 3  0정정희47356.581하선상56 68 687064.066.041.72044 9285512221616 0271420251599 0 0→↗입13.837.040.213.6791337.139.9 84.0 83.1 33  0 33 0   13.90   14.10 4 -2  1NV동56.04781313-2.3 8.7 6.3383813 0부중유리최적거리46기 1 6 5     4 4 3④1:24.03    1.213.740.414.3  1 -5  .00 4 3 -5 1.34625715545 1 9 5 32 2 1.02 1.02 1.7 3.3  1.7    3.3    5.0    7.013.43167 0 6 5 0― 1.040.10 -.57 5.9083.4213.7128.0541.6512264010.5823.7639.72 3
20260214토 3130011국630 8 89 7 1강 1151맑음건조 3 5 2인스파이어      언캡처드로희     5030.00한수 3 0 0 2 1   71      16500국6최용건김정철   1 7 3 3 2 9 1 0 0 2  0정정희47856.081하무보17 12 12 2 3.027.0 6.22044 9285512221616 02714202515      →↗입13.837.640.413.6461536.739.9 83.8 82.4  0  0  0 0   14.20   13.90 3  0 -1NHUP       1312-1.0 9.0 8.0141412 1걸음없음거리속성72기 0 8 3     2 2 3③1:23.8목    .013.940.514.1 -5 -8  .00 3 8  0  .52310694086 61111111 1 3.04 6.07 1.9 3.3  4.9   23.6   29.1  287.413.412 6-4 1 1-4▼-1.739.30 -.07 4.4083.93  .73 2.21 6.21 0 2 5  .12 2.05 5.1411
20260124토 2120011국620 9 29 8 2강 2238맑음건조 3 5 2인스파이어      언캡처드로희     6419.00한수 3 0 0 2 1   62      16500국6최용건김정철   1 8 2 2 1 9 2 0 0 1  0오수철48656.561하무보13 10 10 8 2.025.0 3.0 733 5285512221617142714112215      ↘↗입13.837.239.813.954 538.038.8 77.7 76.3  0  0  0 0   13.80   14.20 4  0  1NNDN       1313-3.010.0 7.0181813-1일반주행부진마필 5기 0 8 4     6 810⑨1:17.7½   2.914.239.613.9  1 -3  .00 9 8 -2 3.15984507214 5 7 7100 2 1.02 1.09 2.0 2.0  2.0    2.0    4.2    7.2  .015 1-4 1 2-4▼-2.138.40  .19 -.6976.62  .12 1.18 2.99 1 2 6  .12 2.29 4.0510
20251228일 1130012국632 6 39 9 3강 3351흐림다습13 5 2인스파이어      언캡처드로희     5030.00한수 2     9 1   7410:35 24750국6최용건김정철   1 9 1 1 1 9 1 0 0 0  0오수철48956.060평무보15 25 25 1  .024.0 1.3 733 5285512221617142714112215      ↘↗입14.638.340.513.610 137.440.9 84.1 84.5              14.60   13.90        LN동       13 0         7.0     0 0일반주행거리속성48기 0 8 8     6 7 7⑦1:24.16    2.313.840.814.2 -3 -5  .00 710  0 2.78441898519121010120 1 1.04 1.07     2.5  2.0    7.9   11.5    5.413.415 5-4 1 2-4▼-2.239.10 -.42 5.6584.45  .12  .55 1.28 0 1 2 7.1414.1037.45 7
20260912토 5130011국5 2 8  5 0혼전 4452           5 3케이삭스        레이스데소울리마 8831.00한수 2 1 1   1    014:25 24750국5리카디김창식   1 0 3 2 1 2 2 1 0 2  1김효정   53.568강무보50 74 749272.062.037.51650 7355512363245 03826192317 0 0 0↗→선14.037.039.013.18296                  100100  0**   14.00   13.40 5  1 -1VUUP54.54561312-1.0 2.0 1.0949412 1마방기습전개최상40기 0 3                            14.0    13.4        .0                       4 6 1 2  2                                            12.74180 2 8 8 2▲  .939.00  .27     82.6513.1526.1637.5112264017.6531.7941.35 1
20260809일 21200 9국640 7 95 1혼전 4451흐림건조 2 5 3케이삭스        레이스데소울리마 6225.00한수 2 0 0 1 1  100      24750국6리카디김창식   1 1 2 2 1 2 1 0 0 1  0김효정45654.570평무보56 25 2560  .060.037.31650 7355512363245 03826192317      ↗→선14.438.137.912.1 19936.837.7 75.6 74.4              14.40   12.30 6  0 -1NNUP       12 0         6.0     0 2마방기습마방기습44기 0 2 4     4 6 2①1:15.61¼  -.214.038.313.4 -1  7  .00 1 2 -1  .0 53014 792 9 1 6 50 1 2.08 2.05 2.6 5.9  3.7   54.2   90.9  145.5  .03171 0 6 6 0―  .636.90 -.23-1.6276.0613.4825.2237.34 8172814.2925.8844.55 2
20260627토 1100011국610 6 65 2혼전 4435맑음건조 4 5 3케이삭스        레이스데소울리마 6225.00한수 2     9 1  100      24750국6리카디김창식   1 2 1 2 1 2 1 0 0 0  0빅투아44955.091평무보77 25 2562  .062.041.5315313355512363241223826222818      →→선14.838.137.312.5249938.437.3 62.8 63.1              14.80   12.80 4  0  0NL동       10 0         5.0     0 0일반주행마방기습45기 0 2 9     91111⑥1:02.8코    .314.437.212.3  3 -9  .01 6 3  0  .74982215371 8 2 5 33 1 4.02 8.05 1.2 3.5 14.2   29.4   60.3   77.8  .02562 0 6 6 0―  .636.90 -.38-12.362.9814.9127.9241.47122640 8.7617.3927.73 3
20260912토 5130011국5 2 8  9 0혼전 4452           5 4브리도갤럭시    레볼루셔에브리모 6132.00한거 3 0 0   1    014:25 24750국5정하백조수영   2 0 8 1 2 7 1 1 1 7  0김용근   55.086기무보50 59 596640.060.032.427511424481819224338251931271450 050↘↘선13.837.139.313.97737                   29 29 29 0   13.90   13.20 7 -4 -2HU동57.04761714-1.4 5.6 4.2696913 0작전마주마방연대37기 0 4                            13.9    13.2        .0                       5 8 6 6  3                                              .02371 0 6 7 0―  .639.30  .19     82.9011.9521.6432.40 81728 8.2416.4124.04 6
20260725토 2130011국611 8 69 1 1강 1151맑음다습11 5 4브리도갤럭시    레볼루셔에브리모 6132.00한거 3 0 0 9 1  130      16500국6정하백조수영   2 1 7 7 1 7 4 0 1 6  0코지  47657.086기선적85 98 985986.070.069.333582024481819222824251923301999 0 0↗↘입13.837.239.614.4711737.138.8 81.3 81.8 17 17 33 0   13.70   13.70 4  5  0LNDN57.04751714-1.4 7.4 6.0545414-1일반주행작전마주59기 0 8 7     6 5 4①1:21.33    -.613.938.513.2  0  1  .00 1 1 -5  .0 930352095 5 3 1 13 4 1.02 8.05 1.6 5.4  1.6    5.4    8.5   10.913.22052 0 8 7 0▲ 1.639.60-1.07 4.9883.1635.1356.9269.3238607136.0759.7278.95 1
20260627토 3140011국650 7109 2 3강 3352맑음건조 4 5 4브리도갤럭시    레볼루셔에브리모 6132.00한거 3 0 0 9 1   78      16500국6정하백조수영   2 2 6 6 3 7 3 0 0 5  0코지  47557.086하무하14 45 454226.061.042.9335820244818192228242519233019      ↗↘입14.037.239.714.653 336.539.0 88.4 87.8  0  0 20 0   14.20   14.50 5  2  0HNDN       1714 -.8 8.4 7.6383817-3최빈거리보통주행60기 1 3 3     2 2 3②1:28.4½    .013.739.313.7 -4  0  .00 2 6  3  .11016361388 5 5 6 31 3 3.0611.03 3.610.3  5.5   20.9   40.0   30.1  .01838 0 5 6 0―  .738.50 -.7710.8689.2114.2530.1542.85132946 7.9416.5524.91 5
20260523토 2170010국630 9 89 3 1강 1151흐림다습13 5 4브리도갤럭시    레볼루셔에브리모 6132.00한거 3 0 0 2 1   79      16500국6정하백조수영   2 3 5 5 2 7 2 0 0 4  0코지  47557.086하무상28 30 303925.061.034.5335820244818192228242519233019      ↗↘입14.139.941.414.642 839.342.5115.4114.7  0  0  0 0   14.70   14.50 8 -9  1HN동       1714-1.5 9.8 8.3292917 0숨은복병보통주행86기 1 1 1 1 1 2 3 3⑤1:55.4코    .314.242.614.5  2 -9  .00 5 3 -4 1.77621817072 5 6 5 51 2 1.08 9.05 1.7 3.2  1.7   74.9   88.1  114.9  .01934 0 5 7 0― 1.041.40 -.3733.42114.011.6223.6234.49 81732 8.3317.8027.08 5
20260329일 3170011국651 9109 4 2강 2259맑음건조 3 5 4브리도갤럭시    레볼루셔에브리모 6132.00한수 3 0 0 9 1  152      16500국6정하백조수영   2 4 4 4 1 7 1 0 0 3  0코지  48456.586하무상18 26 261041.057.036.1335820244818192228242519233019      ↗↘입14.140.342.313.3191039.742.0114.8113.7  0  0  0 0   14.20   13.60 6  5  1BNUP       1714-1.310.7 9.3262614 3마방기습거리속성37관 010 8 8 9 8 9 8⑤1:54.85    1.414.742.414.5 -2  3  .00 5 7 -4 2.15440737042 911 3 53 1 1.02 5.01 2.7 5.7  2.7    5.7    8.7    8.3  .03138 0 5 5 0―  .440.80-1.1031.08114.8 9.7822.4136.11 81728 9.4619.3533.61 5
20260215일 3140011국641 9 99 5 2강 2251맑음건조 3 5 4브리도갤럭시    레볼루셔에브리모 6132.00한수 3 0 0 2 1  102      16500국6정하백조수영   2 5 3 3 2 7 2 0 0 2  0김용근48156.086하무보 5  9  9 7 8.035.0 9.9275114244818192243382519312714      ↘↘선14.137.741.014.4 8 138.139.1 91.3 89.4  0  0  0 0   14.10   14.70 5 -6 -1NHUP       1412 -.510.510.0141412 2마방기습마방기습76기 1 5 6     8 910⑧1:31.3¾   1.014.240.113.6 -3-17  .00 811  1 1.161913970531011 9 70 2 3.01 6.03 2.7 6.5  5.2    6.5   15.8   12.6  .03114-3 2 2-3▼-1.338.30-1.0210.7090.44 1.14 3.92 9.91 41118 2.83 4.8311.00 7
20260111일 1120011국631 9 89 6혼전 4459맑음양호 7 5 4브리도갤럭시    레볼루셔에브리모 5527.00한수 3 0 0 2 1   94      16500국6정하백조수영   2 6 2 2 1 7 1 0 0 1  0김용근49856.587하무보 5  5  5 9 9.036.027.1275114244818192243382519312714      ↘↘선14.137.940.114.8 3 238.040.4 79.3 77.9  0  0  0 0   14.10   15.1010  9  1NNDN       1414-1.011.010.0 2 214-2걸음없음마방기습 6기 011 6     6 6 8⑩1:19.3코   1.914.141.314.7  0  8  .001010 -1 2.39086879429 810 7 50 1 5.09 3.01 2.4 4.2 20.3  256.4  489.1  280.6  .02516-4 3 3-4▼-1.338.20-1.06 -.1177.17 6.6415.3827.10 81728 2.63 7.89 7.98 8
20251101토 3140011국651 8 59 7 3강 3361맑음건조 5 5 4브리도갤럭시    레볼루셔에브리모 6132.00한수 2     1 2  21711:25 16500국6정하백조수영   2 7 1 1 1 7 1 0 0 0  0이용호49056.061평무보59 25 2526  .029.0 8.31267 01743 61922 0 02519191820      ↗→자14.337.240.513.2541737.642.0 94.0 92.5              14.30   13.50        NN동       14 0         7.0     0 0일반주행보통주행48관 1 2 7    101010⑩1:34.01¾  4.714.142.715.1 -1 -2  .001011  0 4.898809597 5 51011110 1 3.01 7.06     4.7  4.7    5.2   12.7   11.7  .01512-2 2 2-2▽-1.539.50 -.3514.7989.76  .96 3.64 8.33 0 2 413.9524.8685.09 3
20260912토 5130011국5 2 8  9 0혼전 4452           5 5만금크라운      빅스    코즈투셀 8740.00한수 3 0 0   1    014:25 24750국5심승태전영애   1 011 5 310 1 0 210  0조상범   55.557강추보50 61 617530.045.021.2 926 61452 81219 7151213132216 02575↗→입14.137.538.613.25189                   43 71  029   14.10   13.40 4 -1  0NNDN55.44871714 -.2 3.4 3.2696913-1숨은복병작전마주65기 2 5                            14.1    13.4        .0                       9 1 4 8  8                                              .02165 0 4 4 0― -.338.60  .68     82.71 5.6013.2821.20 2 714 4.7116.4122.12 7
20260817월 5140010국550 8109 1혼전 4451흐림다습13 5 5만금크라운      빅스    코즈투셀 8740.00한수 3 0 0 2 1   67      24750국5심승태전영애   1 110 4 310 2 0 2 9  0서승운49355.582우추적67 61 617324.048.023.72337141452 81219 0 01213272817 03367↗↘선14.137.338.713.2327637.638.6 89.1 88.5 50 83  033   13.90   13.70 6 -5 -1NNUP55.34851712 -.2 4.4 4.2606013 1전개최상보통주행 5   0 6 6    10 9 8⑥1:29.1동착  .414.138.813.4  0  6  .00 6 6  5  .73276213671 6 2 6 63 2 3.01 1.07 2.6 8.2  6.9    9.5   21.9   16.0  .03463 0 5 3 0―  .038.50  .2812.5188.59 5.9613.8323.68 51221 3.1310.5317.20 8
20260704토 5130011국553 5109 2혼전 4451흐림건조 4 5 5만금크라운      빅스    코즈투셀 8740.00한수 3 0 0 1 1   96      24750국5심승태전영애   1 2 9 3 210 1 0 2 8  0서승운48756.082우추적91 89 899156.056.036.72337141452 81219 0 01213272817 03367↗↘선14.137.638.613.2369137.439.5 82.9 83.4 50 67  033   14.10   13.00 4  5  3VNDN55.34851712-1.8 6.2 4.4606014-1작전마주전개최상44관 011 9     8 9 8⑥1:22.92½  1.313.939.313.7  5 -3  .09 6 1 -1 1.3534356494010 1 2 33 1 5.06 4.02 2.1 6.9  9.9   57.6  142.2  195.110.54183 0 6 5 0―  .439.50  .17 7.1782.7812.3525.6436.7410233515.6327.4541.86 3
20260607일 5140010국552 8109 3혼전 4451맑음양호 6 5 5만금크라운      빅스    코즈투셀 8740.00한수 3 0 0 1 1   66      24750국5심승태전영애   1 3 8 2 210 3 0 1 7  0조상범49053.557기추적80 74 745750.055.034.3 926 61452 81219 7151213132216 0 099↗→입14.237.338.813.4306937.637.8 89.1 87.7 40 60  040   14.20   13.30 5 -1  1NN동56.34831712-1.8 6.2 4.4606013 0작전마주작전마주44관 0 6 5     3 3 3②1:29.11     .014.138.413.0  0  1  .00 2 2 -3  .2 670 4 789 8 2 3 32 7 1.02 7.06 2.7 6.2  2.7    6.2    9.8   20.9  .02460 1 6 5 1―  .738.30 -.0511.5588.6611.1523.0934.26 7182912.6425.4030.27 4
20260503일 3140011국533 7 39 4 2강 2251비  다습10 5 5만금크라운      빅스    코즈투셀 8740.00한수 3 0 0 1 1   88      24750국5심승태전영애   1 4 7 1 110 2 0 1 6  0조상범48953.057기추보74 79 794543.045.022.3 926 61452 81219 7151213132216 0 099↗→입13.837.339.013.4275337.139.0 87.7 88.3 50 25  025   13.80   13.90 4  4 -4NUUP56.34831712-1.8 6.5 4.8595913 1작전마주작전마주70관 1 7 5     5 5 3③1:27.74     .614.238.513.3 -2  2  .00 3 5  3 1.02250323063 8 2 2 62 6 3.0110.08 2.2 2.8  5.9    6.1   15.5   20.0  .02045 0 5 3 0― -.238.50  .1412.0288.80 5.1212.1822.29 51221 8.7419.9032.37 4
20260405일 2130011국641 9 99 5혼전 4452맑음양호 6 5 5만금크라운      빅스    코즈투셀 8740.00한수 3 0 0 1 1   72      16500국6심승태전영애   1 5 6 6 110 1 0 0 5  0조상범48757.057기추적42 39 3956 7.036.017.5 926 61452 81219 7151213132216 0 099↗→입14.238.138.513.2269337.039.4 83.1 81.9 33 33  033   14.70   14.20 3 -7  1UNDN55.54791712-2.3 8.0 5.7505017-4작전마주작전마주34관 0 3 5     5 7 3②1:23.1½    .013.839.913.9  0 -5  .00 2 2  1  .1102155339111 2 7 83 5 1.02 1.03 2.1 4.5  2.1    4.5    7.3   15.9  .02027-2 2 2-2▽ -.938.70  .48 5.3483.03 3.9810.0217.47 2 715 3.77 8.2011.67 8
20260314토 3170010국650 7109 6혼전 4444맑음양호 7 5 5만금크라운      빅스    코즈투셀 8740.00한수 3 0 0 2 1   61      16500국6심승태전영애   1 6 5 5 310 1 0 0 4  0임기원49256.589기추보31 54 548231.066.039.51939 91452 8121910 01213233316 0 099↘↗입14.240.440.313.2148540.041.3114.3113.6 33 33  033   14.70   14.10 7  1  0VV동55.54791712-4.011.0 7.0545417 0숨은복병작전마주64기 010 4 4 5 7 6 5⑤1:54.3코   2.114.741.614.2  4  5  .09 5 1  0 2.85353586124 8 1 4 20 1 3.06 3.01 3.3 8.5  5.5   15.4   32.5   30.9  .02181 1 6 6 1― 1.240.70 -.1732.92113.615.6028.2439.48194056 9.5222.7030.86 4
20260125일 3170011국641 9 99 7 2강 2252맑음건조 3 5 5만금크라운      빅스    코즈투셀 8740.00한수 3 0 0 2 1  123      16500국6심승태전영애   1 7 4 4 210 4 0 0 3  0조상범48756.557기추보59 61 617028.051.026.3 926 61452 81219 7151213132216 0 099↗→입14.240.440.313.1138539.541.8114.4113.7 33  0  033   14.60   13.80 8  4  1LV동55.54791712-4.011.0 7.0545417 0일반주행작전마주 5기 1 9 7 7 7 7 7 6④1:54.42½   .814.741.914.1  3 -3  .09 4 1 -1 1.4573271625810 1 2 53 4 5.0211.10 3.0 7.5 11.3   15.0   31.8   25.0  .02032 0 5 3 0―  .140.70  .1233.02113.6 6.9116.3426.26 61325 8.2514.2925.26 6
20251130일 3170011국650 9 59 8 2강 2254흐림다습10 5 5만금크라운      빅스    코즈투셀 8740.00한수 2 0 0 9 1  16011:25 16500국6심승태전영애   1 8 3 3 110 3 0 0 2  0조상범49056.057기추보17 29 2953 2.033.012.7 926 61452 81219 7151213132216 0 099↗→입14.240.640.612.7 39439.740.3114.4112.4 50 50  050   14.20   13.30 6 -2  0NVUP55.54791712-4.011.0 7.0535312 5일반주행기복전력76기 1 5 5 5 5 6 6 4③1:54.47    1.214.641.113.8  1 10  .00 3 2 -9 1.5204432254710 2 6 63 3 1.05 9.07     4.3  2.9   11.3   20.9   12.5  .01529 0 2 1 0▽-1.140.30  .1631.20113.9 1.89 5.2612.69 2 714  .12 1.95 3.35 9
20251019일 7120012국614 5 69 9혼전 4451맑음포화17 5 5만금크라운      빅스    코즈투셀 5526.00한수 2 0 0 2 2  203     110000국O심승태전영애   1 9 2 2 210 2 0 0 1  0조상범48056.056강추상81 99 996211.037.0 7.1 880 2 4 0 01219 7151213132216 0 099→↗입14.538.238.112.7 19938.938.1 76.0 77.6100  0  0**   14.50   12.70 4  0  1NV동55.54791212-8.011.0 3.0858512 0뒷심문제최적거리 5   0 710    111212⑪1:16.01½  2.114.238.113.3  0  1  .001111  0 2.7859724752312 4 4120 2 1.02 9.04 1.4 4.1  1.4    4.1    5.0    6.510.52876 0 4 1 0― -.937.80  .47 1.2776.23 1.06 3.21 7.08 0 1 2 1.69 4.76 6.9012
20250921일 1120012국610 8 6910 3강 3351맑음다습14 5 5만금크라운      빅스    코즈투셀 5526.00한수 2     2 2  274      24750국6심승태전영애   110 1 1 110 1 0 0 0  0조상범47955.556평무보 5 35 35 1  .023.0 1.4 880 2 4 0 01219 7151213132216      →↗입14.638.439.512.9 1 138.636.8 75.3 75.6              14.60   13.20 4  0  0LL동       12 0         8.0     0 0일반주행보통주행 5관 0 712    121110③1:15.3¾    .014.536.912.7 -8  0  .00 311  0  .73195 2268812 712123 1 5.02 3.09 1.9 6.3  8.6   35.1   95.0 1225.811.215 1-4 1 1-4▼-2.337.00 -.25-2.2877.12  .12  .13 1.38 0 5 9 9.7618.6448.71 8
20260912토 5130011국5 2 8  7 0혼전 4452           5 6컴플리트퓨처    섀클포드빅토리브 6526.00한거 3 0 0   1    014:25 24750국5강성오장석영   0 0 7 2 4 6 4 1 0 6  0임기원   54.589기입보50 51 515722.054.024.31939 92556102223292226 8233316 099 0↘↗입13.737.039.713.87748                   33 33 17 0   14.00   14.00 5 -1  1NNUP55.84991312-1.8 7.4 5.6535313 1일반주행기복전력 1   0 6                            14.0    14.0        .0                       311 9 7  4                                              .01536-1 5 5-1▽  .139.70  .23     83.10 7.2215.7224.30 41118 5.8811.2820.19 8
20260809일 4120011국513 5 67 1 3강 3351흐림건조 2 5 6컴플리트퓨처    섀클포드빅토리브 6719.00한거 3 0 0 1 1   98      24750국5강성오장석영   0 1 6 1 3 6 3 1 0 5  0임기원50654.088기입상73 79 795663.063.035.91939 92556102223292226 8233316 099 0↘↗입13.637.139.213.8564837.138.8 76.2 75.9 40 40 20 0   13.60   14.1015  5 -3LUDN56.84961313-1.8 8.0 6.2434313-1숨은복병기복전력62기 0 7 7     6 6 6⑤1:16.2¾    .914.039.014.0  0 12  .00 5 5  3  .94646504652 5 8 2 42 3 1.03 8.03 1.9 5.6  1.9    6.4    9.6   13.8  .02456 1 7 7 1―  .938.40 -.37 -.4076.23 9.6622.4235.9010233510.7823.8137.74 4
20260426일 11300 8국631 8 37 2 3강 3352맑음건조 3 5 6컴플리트퓨처    섀클포드빅토리브 6526.00한거 3 0 0 9 2  270      16500국6강성오장석영   0 2 5 5 3 6 2 0 0 4  0임기원49457.083기입적59 64 647273.072.070.92945272440162223292226 8233316 099 0→↘입13.737.339.713.8634836.839.4 83.1 82.2 25 25  0 0   13.80   13.90 5 -2  1UN동56.54981312-2.0 9.5 7.5303013 0착차만회기복전력25   0 2 2     3 2 2①1:23.1¾   -.113.640.014.1 -1 -4  .00 1 2 -7  .01515522591 4 3 3 22 2 2.01 2.07 1.6 2.8  4.1    2.8    7.5    9.610.93577 3 8 8 3▲ 1.639.60-1.26 5.2083.2928.2352.6770.9237577020.2439.0544.55 2
20260322일 1130011국651 7107 3 3강 3351맑음건조 5 5 6컴플리트퓨처    섀클포드빅토리브 6526.00한거 3 0 0 2 1   94      16500국6강성오장석영   0 3 4 4 2 6 1 0 0 3  0임기원49856.589하무보 5  5  518 7.037.014.91939 92556102223292226 8233316      ↘↗입13.737.240.213.768 437.338.9 83.3 82.5  0  0  0 0   13.80   14.90 5  0  1HN동       1312 -.7 9.7 9.0121212 0일반주행거리속성 5   0 4 5     4 4 3③1:23.3¾    .013.839.213.9 -6  2  .00 3 9 -1  .22534372487 6 810 82 1 6.0711.02 2.5 6.1 19.9  203.8  338.2 1445.2  .01523-3 2 1-3▼-1.039.80  .05 5.1383.55 2.86 8.1114.93 2 511 3.13 7.1910.56 8
20260215일 2130011국652 5107 4 3강 3351맑음건조 3 5 6컴플리트퓨처    섀클포드빅토리브 6526.00한거 3     2 1   82      16500국6강성오장석영   0 4 3 3 1 6 1 0 0 0  0임다빈49656.076하무보19 13 13 3 6.031.0 7.61327 7255610222328 026 8142424      →↗추13.737.740.613.737 637.241.3 85.9 85.4  0  0  0 0   14.80   13.4022 -2  1HNUP       1312-1.0 9.5 8.5111112 1일반주행휴양탐색42기 0 4 6     6 710⑩1:25.94    2.713.842.114.9  0 -7  .001010 -1 2.89331928813 710 8 90 1 2.0111.08 2.2 7.5  4.6    7.5   15.2   13.5  .01521-2 1 2-2▽-1.439.90 -.30 7.1484.13 1.08 3.55 7.55 2 510  .99 4.1010.3810
20250914일 1120011국611 7 67 5 1강 1151맑음다습14 5 6컴플리트퓨처    섀클포드빅토리브 6719.00한수 2 0 0 2 3  443      24750국6강성오장석영   0 5 2 2 2 6 1 0 0 1  0조한별50355.565하무보 5  5  5 3 5.025.0 2.11150 61550 62223211426 8122118      →↗입14.238.040.214.9 2 337.339.6 75.9 76.6  0  0  0 0   14.20   15.20 4  1  0NH동       1212  .0 8.0 8.0 3 312 0최빈거리거리난점 5   0 6 6     7 8 9⑨1:15.9코   2.213.739.414.0 -2 -1  .00 911  3 2.368547272211010 7110 1 5.02 9.04 1.7 5.0 11.8   19.0   45.2   10.5  .0 9 4-4 1 1-4▼-2.137.70 -.45-1.5977.29  .14  .95 2.13 0 2 4 1.25 2.80 3.5711
20250816토 3120011국611 8 67 6 1강 1151맑음다습12 5 6컴플리트퓨처    섀클포드빅토리브 6719.00한수 2     2 2  386      16500국6강성오장석영   0 6 1 1 1 6 1 0 0 0  0이혁  50455.579평무보   25 2540  .046.024.91231 42440162223262326 8282118      ↘↗선14.136.738.514.8    37.741.8 79.9 79.3              14.10   15.10 4  0  0LL동       12 0                 0 0일반주행우수혈통 5   0 5 8     8 8 9⑧1:19.94    4.314.242.015.2  0  6  .00 8 8  0 4.797739797 6 2 210 50 1 1.05 3.06 2.3 7.7  2.3    9.0   13.2   20.7  .01544 0 4 5 0― -.139.90  .56 4.1075.61 5.1114.8924.85 7182911.2120.8558.43 3
20260912토 5130011국5 2 8  5 0혼전 4452           5 7블랙스펙터      한센    걸크러시 5730.00한수 5       1    014:25 24750국5배휴준허영희  -1 016 1 1 0 1 2 2 0  0오수철   55.060평무보76 60 60 8 7.034.0 6.6 733 5 940 8 9 810 81111112215 02563↘↗입14.337.738.913.73469                   15 18  015   14.70   12.60 3 -4  2NNUP54.54411812-1.0 8.4 7.4393913 1일반주행탐색우려31기 0 7                            14.7    12.6        .0                      11 5 511 27                                              .015 3-4 1 3-4▼-1.538.90  .76     83.03  .82 2.88 6.58 0 2 4 2.35 5.13 9.6211
20260823일 6120011국524 4 75 1 3강 3351맑음포화15 5 7블랙스펙터      한센    걸크러시 7925.00한수 5 0 0 2 1   45      24750국5배휴준허영희  -1 115291834 4 2 233  0권중석46553.067평무상52 51 513113.043.019.61341 6 940 8 9 8 0 01111191818 02563↘→선14.337.738.413.7186938.338.3 74.9 76.9 16 19  016   14.70   13.00 2  2  0VH동54.54411812-1.0 8.4 7.4444413 0최빈거리거리난점52기 01111    1111 9⑦1:14.93    1.514.637.613.6 -2  6  .00 7 9  0 1.57592316835 9 3 6 83 4 2.01 1.07 2.4 2.9  2.9    2.9    5.9    6.0  .02124 0 3 2 0― -.438.10  .20  .7576.12 5.6111.3819.58 2 714 2.02 6.8612.54 9
20260809일 4120011국513 7 65 2 3강 3351흐림건조 2 5 7블랙스펙터      한센    걸크러시 7925.00한수 5 0 0 1 1   38      24750국5배휴준허영희  -1 214281734 3 2 231  0권중석45953.067평무상22 22 2226 4.036.0 9.41341 6 940 8 9 8 0 01111191818 02957↘→선14.337.738.513.7195738.137.7 76.0 75.8 13 23  316   14.40   13.90 2  1  0LH동54.74381812 -.4 8.8 8.4383813 0최빈거리거리난점28기 0 910    1010 9④1:16.03     .714.737.713.0 -5 -2  .00 4 9 -2  .7398713406110 4 8 93 3 1.03 8.03 1.9 5.6  1.9    6.4    9.6   13.8  .01112 0 1 1 0―-1.037.80  .46 -.4476.17 1.10 3.95 9.37 2 510  .98 2.86 6.7710
20260725토 6120011국514 5 65 3혼전 4451맑음다습10 5 7블랙스펙터      한센    걸크러시 7925.00한수 5 0 0 2 1   15      24750국5배휴준허영희  -1 313271634 2 2 231  0권중석46153.067평무하25 26 2626 5.036.010.41341 6 940 8 9 8 0 01111191818 02957↘→선14.337.738.513.7235737.539.7 75.9 77.2 13 20  010   14.40   13.80 3  1 -1NH동54.74381812-1.0 8.4 7.4494913 0최빈거리보통주행31기 0 811     9 8 8⑦1:15.91¼  1.814.439.113.9 -4  4  .00 711  5 3.4806176782811 510100 2 1.03 4.05 1.5 4.2  1.5    5.1    7.1   24.3  .01312-1 1 1-1▽-1.038.20  .44 1.0276.17 1.62 4.8910.41 1 4 8 2.02 4.12 8.0011
20260704토 4120011국542 4 45 4 1강 1151흐림건조 5 5 7블랙스펙터      한센    걸크러시 7925.00한수 5 0 0 1 1   57      24750국5배휴준허영희  -1 412261534 1 2 230  0권중석45753.567평입보52 55 5530 9.041.018.71341 6 940 8 9 8 0 01111191818 02957↘→선14.337.638.613.7305338.439.0 76.9 77.4 14 24  010   14.50   13.20 4  1 -3NH동54.74381812-1.8 9.0 7.2525213 0일반주행보통주행36기 0 710    111010⑩1:16.92½  2.314.438.813.8  4 -5  .0010 6 -1 3.08392578318 9 5 6 80 1 1.02 1.02 2.5 3.9  2.5    3.9    7.0   49.9  .01527 0 2 2 0― -.438.40  .18 1.2276.17 4.9510.4218.72 2 510 1.68 5.2210.94 8
20260607일 3120011국532 6 35 5 3강 3351맑음양호 6 5 7블랙스펙터      한센    걸크러시 7925.00한수 5 0 0 1 1   68      24750국5배휴준허영희  -1 51125143430 2 229  0오수철46256.061평입상55 55 553017.044.021.2 733 5 940 8 9 810 81111112215 02957↘↗입14.337.638.713.8284838.238.0 76.6 76.2 18 18  011   14.10   13.70 2  1 -1NN동54.74381812-2.8 9.6 6.8484813 0일반주행단기승부36기 0 6 9     8 8 8⑨1:16.61     .814.538.213.2  2 -3  .00 9 7 -2 1.44988215257 9 3 3 5026 1.03 7.02 2.0 2.6  2.0    5.3    7.1   70.5  .01523 0 4 2 0― -.438.00  .06 -.1476.23 5.8812.2921.23 51222 3.80 8.5415.48 6
20260523토 3120011국524 8 75 6혼전 4451맑음다습13 5 7블랙스펙터      한센    걸크러시 7925.00한수 5 0 0 2 1   38      24750국5배휴준허영희  -1 61024133429 2 228  0오수철46557.061평입보26 27 2727 4.036.010.5 733 5 940 8 9 810 81111112215 02957↘↗입14.437.638.713.8264537.139.1 76.2 75.8 19 22  0 7   14.80   13.40 2 -2  1NB동54.74381812-3.010.0 7.0404013 0일반주행단기승부49기 0 5 7     7 4 5⑦1:16.22     .714.139.013.7 -2  2  .00 7 9 -2 1.1414660565910 4 7 9025 7.06 3.09 2.2 2.7 28.4  250.7  629.4  132.6  .01512 0 1 1 0―-1.037.90  .38 -.5076.23 1.57 4.9110.45 2 510  .97 2.91 5.7911
20260509토 5120011국553 5 55 7혼전 4451맑음건조 5 5 7블랙스펙터      한센    걸크러시 7925.00한수 5 0 0 2 1   36      24750국5배휴준허영희  -1 7 923123428 2 227  0오수철46356.561평입상47 60 604012.044.016.0 733 5 940 8 9 810 81111112215 02957↘↗입14.337.638.913.8343738.338.7 76.8 77.0 19 27  012   14.20   14.20 2  4 -1NN동54.74381812-2.4 9.6 7.2383813 0착차만회탄력호전27기 0 710     91010⑨1:16.81    1.914.838.613.4 -2  4  .00 911  2 2.2769146752710 7 810024 5.02 2.04 2.3 4.5  8.7   19.0   48.4   12.7  .02536 0 3 2 0― -.438.30  .10  .5076.34 4.20 8.8716.00 2 3 7 1.94 6.1712.2810
20260425토 5120011국513 9 65 8 1강 1154맑음건조 3 5 7블랙스펙터      한센    걸크러시 7925.00한수 5 0 0 9 1   37      24750국5배휴준허영희  -1 8 822113427 2 126  0오수철45957.061평입보23 25 2528 5.038.013.5 733 5 940 8 9 810 81111112215 03350↘↗입14.437.638.613.7275336.839.3 76.6 75.8 16 24  012   14.20   14.30 3 -5  1HB동54.34351812-2.6 9.8 7.2383813 0일반주행보통주행74기 0 3 7     7 5 4②1:16.64     .014.239.614.2 -7  4  .00 2 9  0  .7412767529010 310 9323 5.09 6.03 1.7 4.7 16.3  135.5  339.6   84.9  .01520-1 2 2-1▽ -.937.90  .35 -.4276.17 2.79 7.1013.47 2 510 1.83 3.85 7.8910
20260404토 5120011국544 7 95 9 1강 1153맑음양호 7 5 7블랙스펙터      한센    걸크러시 7925.00한수 5 0 0 1 1   59      24750국5배휴준허영희  -1 9 721103426 2 125  0오수철45556.061평입상30 29 2928 6.036.018.1 733 5 940 8 9 810 81111112215 03350↘↗입14.337.538.713.7354837.339.8 77.6 77.0 17 29  013   14.80   13.60 3 -1 -1NN동54.34351812-2.6 9.6 7.0414113 0일반주행보통주행27기 0 8 6     4 4 7⑨1:17.62½  1.714.240.214.3  0  2  .00 9 9 -1 2.07654787833 9 3 5 8022 1.03 6.04 1.7 5.0  1.7    5.9    7.9    9.3  .01514-1 2 1-1▽-1.138.30  .21  .7776.17 3.67 8.6918.12 2 714 1.59 5.7113.8910
20260314토 5120010국551 5 5510 1강 1151맑음양호 7 5 7블랙스펙터      한센    걸크러시 7925.00한수 5 0 0 2 1   59      24750국5배휴준허영희  -110 620 93425 2 124  0오수철45356.561평입보34 29 2928 4.035.011.0 733 5 940 8 9 810 81111112215 03350↘↗입14.337.538.713.7364538.038.7 76.3 76.5 22 30  013   14.30   13.70 2  5 -1BN동54.34351812-2.6 9.6 7.0414113 0일반주행단기승부49기 0 910    10 8 8⑦1:16.32½  1.514.838.513.6 -3 -4  .00 710 -1 1.5638343663510 61010021 6.05 1.10 3.0 4.3 13.1   60.8  144.1  122.6  .01510-1 1 1-1▽ -.938.20  .41  .3176.17 1.88 5.6011.03 0 3 6  .90 2.67 6.3411
20260228토 5120011국544 5 9511혼전 4451맑음건조 3 5 7블랙스펙터      한센    걸크러시 7925.00한수 5 0 0 9 1   48      24750국5배휴준허영희  -111 519 83424 2 123  0오수철45757.061평입하28 26 2633 5.035.0 9.3 733 5 940 8 9 810 81111112215 03350↘↗입14.337.638.513.7305737.838.7 76.4 76.4 18 32  018   14.60   14.10 3 -7  0HL동54.34351812-2.2 8.6 6.4414113 0일반주행보통주행28기 0 4 9     9 910⑧1:16.44    2.014.338.913.7 -3 -3  .00 811  2 2.4627649642411 51111020 4.05 5.01 3.1 8.9  6.2   18.1   31.9  127.4  .01511-2 1 1-2▽-1.138.10  .52  .3376.12 1.40 3.86 9.34 0 1 4 1.61 3.24 6.4911
20260207토 4120011국554 810512혼전 4451맑음건조 2 5 7블랙스펙터      한센    걸크러시 7925.00한수 5 0 0 2 1   39      24750국5배휴준허영희  -112 418 73423 2 122  0오수철46057.061평입상75 76 765932.054.022.6 733 5 940 8 9 810 81111112215 03350↘↗입14.337.638.413.7336538.039.2 77.6 76.9 19 33  019   14.00   13.40 3  8  2VB동54.34351812-3.0 8.6 5.6515113 0착차만회탄력호전34기 01111     9 910⑩1:17.62½  2.414.639.714.1  1  1  .0010 9 -1 2.5758563801910 4 5 9019 7.08 1.06 3.2 8.8 10.7   52.4  142.9  166.0  .02550 1 5 4 1―  .438.20  .17  .8976.06 5.8913.5722.58 2 510 3.39 9.4917.37 9
20260117토 5120011국531 4 3513혼전 4461맑음건조 5 5 7블랙스펙터      한센    걸크러시 7925.00한수 5 0 0 2 1   59      24750국5배휴준허영희  -113 317 63422 2 021  0오수철45955.061평입보32 33 333612.043.017.2 733 5 940 8 9 810 81111112215 04040↘↗입14.337.638.513.7305737.237.9 74.7 75.0 15 35  020   13.90   14.10 2  0 -1HN동54.24301812-1.8 8.6 6.8414113 0일반주행단기승부48기 0 3 7     7 6 3②1:14.74     .014.038.113.4 -8  3  .00 210  2  .7164918187910 4 9 9318 3.10 1.03 1.6 3.1  5.4  130.1  211.8   43.9  .01828 0 3 3 0― -.537.60  .29-1.1076.12 4.15 9.4017.24 1 4 8 2.41 7.9514.3811
20260103토 5120011국554 610514혼전 4451맑음다습13 5 7블랙스펙터      한센    걸크러시 7925.00한수 5 0 0 1 1   3813:35 24750국5배휴준허영희  -114 216 53421 2 019  0오수철45655.561평입보39 34 3433 6.036.0 9.6 733 5 940 8 9 810 81111112215 04040↘↗입14.337.638.513.7276137.039.9 75.8 76.9 11 32  021   13.80   13.70 2 -1 -2HN동54.24301814-2.0 9.2 7.2373713 0일반주행단기승부23기 0 3 8     6 6 7⑧1:15.81½  1.213.939.814.1  0  0  .00 8 8 -2 2.5733780734411 4 611217 1.05 1.09     7.8  3.0    8.9   16.8  159.4  .01514 0 1 1 0―-1.038.20  .49  .7776.12 1.30 4.36 9.64 0 2 4 1.04 4.12 9.9011
20251221일 5120011국524 2 7515 3강 3341맑음다습14 5 7블랙스펙터      한센    걸크러시 7925.00한수 4 0 0 2 1   2913:35 24750국5배휴준허영희  -115 115 43420 2 019  0오수철45657.061평입보42 33 3339 4.035.0 9.8 733 5 940 8 9 810 81111112215 04040↘↗입14.437.638.513.7295737.638.6 75.0 76.5 11 28  011   14.30   14.40 2 -7  1HB동54.24301814-2.2 9.2 7.0393913 0일반주행단기승부51기 0 4 8     9 7 7⑦1:15.01    1.513.838.413.7 -3 -3  .00 710  4 1.5646546553311 21010016 6.01 8.06     2.6 25.0    8.0   48.7   15.4  .01512-2 1 1-2▽-1.138.10  .49  .4176.12 1.39 3.93 9.78 0 1 4  .83 2.53 6.1011
20260912토 5130011국5 2 8  8 0혼전 4452           5 8천마누비        선더모카누비퀸   2930.00한암 3 0 0   1    014:25 24750국5서인석천병득   3 0 8 1 4 7 2 1 0 7  0다실바   52.582평자보50 49 495319.042.014.11350 41848 918 935 0201222291250 050↗↗선13.737.538.913.34473                   17 17 1717   13.90   12.80 5  7 -2LUDN54.54981413  .2 6.0 6.2474714-1부중유리보통주행38트 0 8                            13.9    12.8        .0                      10 41010  2                                              .03142-2 4 3-2▽ -.738.90  .68     82.90 3.89 7.9214.08 1 4 8 5.8810.2620.19 9
20260808토 3140011국652 9108 1 1강 1159맑음건조 2 5 8천마누비        선더모카누비퀸   2930.00한암 3 0 0 1 1  109      16500국6서인석천병득   3 1 7 7 1 7 1 0 0 6  0다실바50354.082하무보30 38 383412.042.023.71350 41848 918 935 0201222291299 0 0↗↗선13.736.940.313.9532237.538.2 89.6 88.5  0 20 20 0   13.50   14.30 5 -1 -1UHUP55.04931413 1.2 7.0 8.2292913 1선행무리거리부담44트 0 1 2     5 5 2①1:29.63    -.613.938.412.8 -2 10  .00 1 3 -2  .03273 91797 7 5 4 53 1 3.05 1.06 2.6 5.7  5.1   19.4   39.0  170.7  .01341-2 3 2-2▽ -.438.90 -.4611.3389.41 7.0514.1123.73 71829 3.9211.8620.10 5
20260705일 2130010국651 7108 2 1강 1159흐림건조 4 5 8천마누비        선더모카누비퀸   2930.00한암 3 0 0 1 1   69      16500국6서인석천병득   3 2 6 6 3 7 1 0 0 5  0이용호49355.063하입상57 41 412412.037.024.01657 71848 918 916 02012191820      →↘자13.937.440.014.0572736.740.3 83.5 83.3  0 25  0 0   14.00   14.30 4 -2  0HN동       1312 1.5 7.5 9.0212113 0숨은복병보통주행65기 0 2 1     2 2 4⑤1:23.51¾   .713.540.414.3  0 -4  .00 5 5 -3  .95211785460 5 6 4 51 1 3.07 5.03 3.8 8.2  4.9   72.3  109.4   95.8  .01923-2 2 2-2▽-1.139.70 -.20 5.9283.55 4.9711.8923.99 81728 5.1314.4323.21 5
20260606토 3130011국613 7 68 3 3강 3357맑음양호 7 5 8천마누비        선더모카누비퀸   2930.00한암 3 0 0 1 1   78      16500국6서인석천병득   3 3 5 5 2 7 5 0 0 4  0조재로49755.088하무보10  8  8 6 5.032.0 4.83453131848 918 925 02012192622      ↗↘입13.737.540.013.5481237.439.5 84.0 82.7  0  0  0 0   13.90   14.70 5 -2  0HN동       1312 2.7 7.310.0121213 0걸음없음부진마필43기 0 4 4     5 5 6⑥1:24.01¼  1.114.040.214.3 -2 15  .00 6 8  1 1.32838534249 9 511112 5 7.02 8.05 1.6 4.3 20.4   43.3  139.6  109.3  .0 5 1-4 1 4-4▼-1.839.50  .27 5.2183.61  .40 2.15 4.82 1 4 8 2.04 4.35 8.39 9
20260503일 1130011국620 9 78 4 1강 1159비  다습10 5 8천마누비        선더모카누비퀸   2930.00한암 3 0 0 1 1   90      16500국6서인석천병득   3 4 4 4 1 7 4 0 0 3  0조재로48255.088하무보39 26 26 511.034.0 7.63453131848 918 925 02012192622      ↗↘입13.738.040.413.5101337.240.9 84.9 84.0  0  0  0 0   14.00   13.7021  2  1NNUP       1312 3.0 7.510.5101012 1일반주행거리속성50기 1 6 3     4 4 7⑨1:24.9목   2.413.941.314.7  2 -8  .00 9 7 -2 2.575338781201010 6100 4 1.02 9.04 2.2 2.6  2.2    2.6    4.5   15.4  .015 7-4 2 1-4▼-1.539.30 -.37 5.6284.19  .64 2.87 7.61 41118 3.33 9.0413.86 5
20251207일 1120012국610 9 18 5 1강 1151맑음다습10 5 8천마누비        선더모카누비퀸   3024.00한암 2 0 0 1 3  423      24750국6서인석천병득   3 5 3 3 3 7 3 0 0 2  0조재로49054.087하무보 9  8  8 9 8.030.0 6.727441719421018 925 02012192622      ↘→입13.737.939.813.5 41037.240.4 77.4 77.1  0  0  0 0   13.90   14.20 4 -6  0HN동       1212 3.0 8.011.0 6 612 0최빈거리부진마필 5기 0 4 6     6 810⑪1:17.4목   1.513.840.414.5  2  2  .0511 9  2 2.27951888738 7 7 5 90 3 4.02 8.05 1.4 3.0 22.6   25.8   85.1   40.4  .0 9 3-4 2 1-4▼-1.538.00 -.31 -.5677.01  .61 2.65 6.67 1 4 7 2.26 4.13 5.0010
20251108토 1120011국643 6 98 6 3강 3351흐림건조 3 5 8천마누비        선더모카누비퀸   3024.00한암 2 0 0 2 1  154      24750국6서인석천병득   3 6 2 2 2 7 2 0 0 1  0조재로48854.088하무보10 25 2510  .036.0 5.93453131848 918 925 02012192622      ↗↘입13.737.939.613.5 22237.939.6 78.2 77.7  0  0  0 0   13.70   13.80 6  2  1NN동       1212        11.0    12 0교체실패보통주행82기 110 6     7 8 9⑩1:18.21¼  2.613.940.414.2  3  6  .0010 7 -1 2.7887975841510 910 90 2 2.01 1.11 1.7 4.3  4.4    4.5   11.0  137.7  .020 8-4 2 5-4▼-1.538.20 -.17  .2476.90  .52 2.24 5.88 2 510 8.6316.7337.84 7
20250928일 1120012국651 3 58 7혼전 4451비  불량20 5 8천마누비        선더모카누비퀸   3024.00한암 2     9 2  253      24750국6서인석천병득   3 7 1 1 1 7 1 0 0 0  0조재로48253.586평무보   25 2540  .033.0 6.52341 71322 518 925 02012192622      →↗입14.036.738.513.6    38.239.4 76.3 77.7              14.00   13.90 4  0  0LN동       12 0                 0 0일반주행작전마주44기 0 8 4     7 911⑪1:16.34    3.513.739.113.8  3  1  .0011 8  0 3.687896885 5 1 1 9110 1 2.0110.12 2.0 4.7  4.2    4.7    9.0   16.8  .02048-3 2 2-3▼-1.439.40 1.08 2.5375.61  .90 2.98 6.53 0 2 4 8.3316.0644.86 6
20260912토 5130011국5 2 8  3 0혼전 4452           5 9위즈드림        섀클포드차이나골 6526.00한암 3 0 0   1    014:25 24750국5전승규최몽주   2 0 7 6 5 6 2 1 0 6  0송재철   53.077기자적50 53 537968.063.036.61645 71746 622262326191919262099 0 0↘↗입13.536.839.413.98530                   25 25 7525   14.40   13.10 4  1 -2BH동53.54811313 2.8 2.5 5.3585810 0착차만회기복전력43관 0 9                            14.4    13.1        .0                       1 9 8 4  2                                            12.73074 2 7 7 2△ 1.039.40  .17     82.7815.4726.9336.6033536614.1224.6233.65 4
20260816일 3130010국523 7 73 1 2강 2251흐림다습13 5 9위즈드림        섀클포드차이나골 6526.00한암 3 0 0 2 1   79      24750국5전승규최몽주   2 1 6 5 4 6 1 1 0 5  0송재철47254.577기입적43 50 507281.059.041.91645 71746 622262326191919262099 0 0↘↗입13.536.739.514.5951537.939.1 82.4 83.2 33 3310033   13.50   14.7013  3  2BL동53.54811313 4.3 1.3 5.7575710 0승부최상작전마주 5   0 810     9 8 7④1:22.41     .614.438.813.1 -2 -4  .00 4 6  4 1.05165465463 2 5 5 43 1 5.02 1.04 2.1 4.5 12.6   17.0   46.2   42.9  .03466 0 6 7 0―  .740.40  .04 6.9882.7812.0127.4041.90 8213420.3739.2254.55 3
20260517일 5130011국552 6103 2혼전 4451맑음건조 3 5 9위즈드림        섀클포드차이나골 6526.00한암 3 0 0 2 2  226      24750국5박지헌최몽주   2 2 5 4 3 6 1 1 0 4  0장추열47653.093기입적48 59 598179.071.051.933501722331520271317201520272299 0 0↗↘입13.536.739.414.5971936.839.8 82.8 82.6 33 3310033   13.50   14.30 8  2 -1NNUP53.54811313 3.0 1.0 4.0676710 1직전탐색승부최상83기 0 5 1     1 1 2⑥1:22.8목    .513.540.114.7  4 -3  .09 6 2  1 1.12612663766 2 8 5 11 4 5.0411.01 3.5 9.2  7.3   21.6   42.1   19.610.64495 4 8 9 4▲ 1.740.30 -.18 6.5082.7126.0742.8551.9233536624.4440.2150.87 1
20260321토 4120010국554 6103 3 1강 1151맑음건조 5 5 9위즈드림        섀클포드차이나골 6719.00한암 3 0 0 2 1  163      24750국5박지헌최몽주   2 3 4 3 1 6 1 1 0 3  0이혁  47953.580기입적41 45 456966.063.042.22258 721451120272316201528211899 0 0↗↘선13.636.738.714.2873736.439.2 75.8 75.5 33 33 6733   13.60   14.20 9 -2  1VNDN53.54811313 3.0 1.0 4.0676710-1숨은복병작전마주56관 0 3 1     1 1 2④1:15.8목    .313.539.514.3  3-15  .01 4 1 -1  .53213643771 4 3 4 31 1 4.0310.06 3.1 6.3  6.4   14.9   33.1   47.512.03063 2 6 8 2▲ 1.238.70 -.04  .1375.7216.2830.5242.2219395510.6120.4935.71 4
20260118일 5130010국541 1 93 4혼전 4431흐림건조 5 5 9위즈드림        섀클포드차이나골 6526.00한암 3 1 1 2 1  163      24750국5박지헌최몽주   2 4 3 2 2 6 3 1 0 2  1장추열49452.593우입적24 36 367853.059.034.329501321451120271317201520272299 0 0↘↗입13.636.739.514.5951937.040.2 82.8 84.2 50 5010050   13.30   14.4013 -1  0NU동53.54811310 3.0 1.0 4.0676710 0전개최상거리속성 5기 0 5 4     3 4 7⑨1:22.8½   1.513.639.714.2  7 15  .00 9 2  1 2.07720775932 110 8 30 3 4.06 8.04 3.1 8.3  5.8   18.4   43.2   39.0  .03480 1 6 7 1△  .640.60  .26 7.9682.7812.9223.3134.28122640 8.9720.5733.57 3
20251018토 4130011국554 5103 5혼전 4451흐림불량20 5 9위즈드림        섀클포드차이나골 6526.00한암 2 1 1 2 2  28112:45 24750국5박지헌최몽주   2 5 2 1 1 6 2 1 0 1  1장추열47952.593강도보91 95 959780.066.049.733501722331520271317201520272299 0 0↗↘입13.536.638.912.5999836.940.6 82.5 83.6100100100**   13.40   12.80 5  4 -1BUUP53.54811310  .0 1.0 1.0979710 3거리늘어전개최상77기 1 6 4     4 4 5⑦1:22.53    1.413.340.414.4  6 -2  .00 7 1  0 1.56617857037 2 2 1 12 2 3.0410.07     9.0  6.0   25.2   36.0  148.610.57297 4 8 9 4▲ 1.840.60  .25 8.0882.3323.9239.5449.6918375420.0033.3344.48 2
20250913토 1100010국650 2103 6 1강 1155맑음포화19 5 9위즈드림        섀클포드차이나골 6719.00한암 2     2 2  305      24750국6박지헌최몽주   2 6 1 1 1 6 1 0 0 0  0장추열48153.593평무보17 25 2551  .059.063.2335017223315202713172015202722      ↗↘입14.537.538.313.266 136.236.6 60.0 60.9              14.50   13.50 4  0  0NN동       10 0         3.0     0 0일반주행우수혈통44기 0 2 1     1 1 1①1:00.03    -.613.436.212.8  0 14  .00 1 1  0  .0 2 5 5 192 6 8 7 11 1 1.06 2.08 3.1 6.8  3.1   13.1   21.6   56.5  .01844 0 5 7 0―  .537.00-1.23-14.963.2027.8548.7263.2033536610.6221.0532.55 2
20260912토 5130011국5 2 8  9 0혼전 4452           510순간의파이터    지금이순유로파이 8031.00한거 3 0 0   1    014:25 24750국5이관호김용래   2 0 9 3 2 8 3 1 2 8  0정정희   57.081강자보50 63 638260.059.037.12044 9213910201815 8232120251550 050→↗입13.937.238.913.47189                   43 71 1414   14.20   13.30 5  7  4BL동54.64541414-1.2 3.6 2.4767613 0작전마주최적거리52기 010                            14.2    13.3        .0                       6 2 3 3  3                                              .03783 3 7 7 3△  .938.90  .24     82.7112.9825.9137.12 5122212.9427.6940.38 3
20260809일 5130010국552 6109 1혼전 4451흐림건조 2 510순간의파이터    지금이순유로파이 8031.00한거 3 0 0 1 1   97      24750국5이관호김용래   2 1 8 2 1 8 2 0 2 7  0정정희44753.081우자상79 82 827957.056.034.72044 9213910201815 8232120251567 033→↗입13.937.139.013.5758038.037.6 81.9 81.6 33 67 17 0   13.90   13.50 6  0  1HNDN55.24561414-1.0 4.4 3.4686814-1작전마주작전마주 5   0 3 6     5 5 4①1:21.9½    .014.237.813.3  0  1  .00 1 1 -7  .0 572 51287 8 3 2 33 2 1.03 3.07 3.5 7.9  3.5   11.0   23.5   13.5  .02073 0 7 6 0―  .439.60  .29 5.4782.7111.3923.4134.7412264010.9428.0040.96 3
20260627토 4140011국553 4109 2혼전 4451맑음건조 4 510순간의파이터    지금이순유로파이 8031.00한거 3 0 0 9 1   97      24750국5이관호김용래   2 2 7 1 4 8 1 0 2 6  0정정희44652.581평선상87 89 895958.057.024.32044 9213910201815 8232120251599 0 0→↗입13.936.939.613.5614537.138.8 87.3 88.1 40 40 20 0   14.10   14.40 6 -5 -5HU동56.54611414  .4 3.8 4.2616114 0숨은복병작전마주68기 0 311     8 7 4③1:27.31½   .313.938.613.5 -5 -4  .00 3 8  5  .51747282371 6 5 2 73 1 5.04 8.07 4.0 7.8  8.5   25.5   63.6  264.510.52067 0 6 6 0―  .438.80 -.0311.6088.93 6.4614.9424.28 41118 8.2618.1029.03 5
20260517일 21400 8국610 9 19 3 1강 1151맑음건조 3 510순간의파이터    지금이순유로파이 8031.00한거 3 0 0 2 1   89      16500국6이관호김용래   2 3 6 6 3 8 4 0 1 5  0조재로45057.088평자하55 62 625948.054.034.734531321391020182120232119262299 0 0↗↘입14.037.039.613.5514536.439.3 89.9 87.9 25 25  0 0   14.00   14.30 7 -2  1VV동56.04721412  .8 4.0 4.8555514 0일반주행작전마주44트 0 8 4     2 2 2②1:29.95     .014.140.314.4 -1-14  .00 2 3  0  .81115421791 3 4 4 51 4 1.03 7.08 1.4 3.4  1.4    3.8    4.6    7.0  .02036-1 5 3-1▽  .438.70 -.3811.3089.00 8.4020.5834.72 8173211.8427.4543.93 5
20260328토 3140011국650 9109 4혼전 4451맑음건조 3 510순간의파이터    지금이순유로파이 8031.00한수 3 0 0 9 1  143      16500국6이관호김용래   2 4 5 5 2 8 3 0 1 4  0조재로46456.588평자보73 89 896978.069.042.634531321391020182120232119262299 0 0↗↘입14.037.139.613.5474537.439.3 90.7 88.7 25 25  0 0   13.90   13.70 4  8  1BV동56.04721412 1.0 4.7 5.7454514 0작전마주탄력호전55기 110 3     3 3 4⑥1:30.73    1.214.040.114.3  3 -8  .09 6 3  1 1.34069475747 3 3 3 42 3 4.01 1.07 2.6 5.8  7.7    8.6   24.3   15.410.52956 0 7 6 0― 1.238.80 -.6612.0089.0714.7928.4842.5918375420.6536.5651.90 3
20260302월 3140011국640 9 99 5혼전 4451비  양호 6 510순간의파이터    지금이순유로파이 8031.00한수 3 0 0 1 1   71      16500국6이관호김용래   2 5 4 4 1 8 2 0 0 3  0조재로47256.088평입보64 61 615354.061.036.3345313213910201821202321192622      ↗↘입14.437.239.813.5413336.838.7 89.7 87.7  0  0  0 0   14.30   13.90 6 -8 -1HHUP       1412 1.0 4.7 5.7444412 2일반주행작전마주78기 1 2 1     1 1 2②1:29.74     .013.939.613.7  0  4  .00 2 2 -2  .8 831241391 3 4 4 41 2 1.02 1.02 3.4 5.9  3.4    5.9    9.9   15.1  .02047 0 6 6 0―  .838.40 -.6610.7089.2811.0022.5136.2914304511.6924.3935.96 4
20260117토 2120011국632 8 89 6 1강 1156맑음건조 5 510순간의파이터    지금이순유로파이        한수 3 0 0 2 1  104      16500국6이관호김용래   2 6 3 3 2 8 1 0 0 2  0조재로46856.588하추보38 51 515447.053.035.9345313213910201821202321192622      ↗↘입14.337.838.913.1195737.338.2 75.8 75.2  0  0  0 0   14.30   14.20 8 -1  1LN동       1210 1.5 5.0 6.5414110 0마방기습보통주행 5기 010 9     6 6 3④1:15.8½   1.014.338.913.9  0  4  .00 4 4 -1 1.2225430315010 1 3 32 1 1.05 3.08 2.0 4.2  2.0   15.1   17.5   17.9  .03173 0 5 3 0―  .337.50 -.59-1.4876.4510.5923.7335.8514304511.9624.4229.43 4
20251123일 1120012국640 9 99 7 2강 2259맑음건조 3 510순간의파이터    지금이순유로파이        한수 2 0 0 2 1  16310:35 24750국6이관호김용래   2 7 2 2 1 8 1 0 0 1  0문세영46456.073하추보36 33 334886.072.072.63845 0213910201844 02321293615      ↗↘입14.738.238.613.1 57337.239.4 77.5 76.5  0  0  0 0   14.70   13.10 7  7  0BHUP       1210 2.0 5.0 7.0353510 2숨은복병마방기습84기 211 7     7 5 5⑥1:17.53    1.114.340.214.2  1  8  .00 6 5  0 1.5624668645010 8 3 10 1 2.0412.01     8.8  3.8   15.1   29.2   21.9  .03089 2 7 8 2▲ 1.637.50-1.71 -.3576.5134.6558.2972.6438587015.3831.2721.69 2
20251003금 1100012국650 6109 8 3강 3359흐림다습12 510순간의파이터    지금이순유로파이        한수 2     1 2  242      24750국6이관호김용래   2 8 1 1 1 8 1 0 0 0  0조상범45656.056평무보21 25 2518  .024.0 3.9 880 2215016201817 02321132216      →↗입14.438.737.912.3 13738.337.8 63.5 63.3              14.40   12.50 4  0  0NL동       10 0         9.0     0 0일반주행보통주행44트 1 411    111110⑦1:03.5목   1.514.737.813.1  2-16  .00 7 5  0 1.6627940633612 911113 1 1.0211.07 2.8 6.4  2.8    6.4   12.3   11.811.215 5-4 1 1-4▼-1.936.40  .07-13.363.65  .29  .73 3.94 0 5 9 7.8915.8331.83 5
20260912토 5130011국5 2 8  3 0혼전 4452           511마이티아미      ARMY MUL얼터너티 6124.00한암 4 0 0   1    014:25 24750국5조현수조병태   1 016 8 416 2 2 116  0정도윤   55.082기선적50 40 404621.044.016.612 0 91253 7 9 0 9 0 9 31025237525 0↗↗입13.737.339.213.25165                   27 36 36 9   14.00   13.00 4  2 -1VNUP52.04351412 -.4 8.2 7.8272710 1일반주행기복전력36관 011                            14.0    13.0        .0                       7 711 9  2                                              .01528 0 4 3 0― -.539.20  .54     82.97 3.96 8.9116.64 2 510 3.53 9.2317.3110
20260815토 5120010국544 4 93 1혼전 4451흐림건조 3 511마이티아미      ARMY MUL얼터너티 5226.00한암 4 0 0 2 1   87      24750국5조현수조병태   1 115 7 716 1 2 115  0정도윤44456.080기선적21 17 175717.051.035.612 0 91253 7 9 0 9 0 9 31025237525 0↗↗입13.637.038.913.3525337.937.9 76.0 75.9 30 40 4010   14.10   13.70 6  2  3LBDN52.04351414  .8 7.8 8.6242410-1일반주행기복전력38트 0 9 5     6 6 6⑤1:16.0코   1.514.038.013.0 -4 -6  .00 5 9  2 1.64784204635 5 6 9 32 1 2.01 8.07 3.1 5.7  3.7    5.7   10.6    9.9  .01869 0 4 5 0―  .138.50 -.14  .0176.0011.7925.3435.55122640 5.0010.7718.48 7
20260704토 5130011국553 8103 2혼전 4451흐림건조 4 511마이티아미      ARMY MUL얼터너티 6124.00한암 4 0 0 1 1   96      24750국5조현수조병태   1 214 6 316 1 2 114  0권중석45053.566기선상15 19 194929.046.027.41341 61253 7 9 022 0 9 31918187525 0↘→선13.637.039.713.5743339.238.7 83.8 84.3 33 44 4411   13.50   14.40 5  5 -1NN동52.04351414 -.4 8.2 7.8353510 0전개유리기복전력40트 0 710    101110⑩1:23.8코   2.214.138.513.7  3-12  .0010 7  1 2.27997297721 4 9 8 60 1 5.06 4.02 2.1 6.9  9.9   57.6  142.2  195.1  .02529 0 5 5 0― -.240.30  .14 7.5783.10 8.4817.2227.39 51222 4.6918.3024.42 7
20260531일 5130011국542 5 43 3혼전 4458맑음양호 6 511마이티아미      ARMY MUL얼터너티 6124.00한암 4 0 0 9 1   86      24750국5조현수조병태   1 313 5 216 1 2 113  0루이스46254.565기선적12 12 126423.044.034.92144101253 7 9 0 0 0 9 32027157525 0↗↘입13.737.139.613.5653736.340.5 83.0 83.6 38 38 3813   14.00   14.20 3 -8 -1UN동52.04351414  .6 8.4 9.0252510 0일반주행기복전력42기 0 2 1     1 1 5⑤1:23.0코   1.113.540.414.4 -1  7  .00 5 6 -4 1.159 3814347 3 8 8 41 1 3.01 8.03 2.7 3.6  6.2    7.5   16.4    4.0  .01542 0 4 4 0― -.440.10 -.08 6.8683.1014.2323.6834.90 8172815.0027.1840.54 4
20260509토 6130011국531 7 83 4혼전 4451맑음건조 5 511마이티아미      ARMY MUL얼터너티 6124.00한암 4 0 0 2 1   55      24750국5구자흥조병태   1 412 4 116 1 2 112  0김성현45555.559기도적18 16 163016.038.017.41440 915301013 0 6 015 61623197525 0↗↘입13.637.139.613.5634137.140.2 84.4 83.6 43 57 43 0   13.80   14.20 7  7  5BBUP52.04351414 1.0 6.8 7.8363610 1일반주행기복전력72기 010 3     4 4 8⑧1:24.41½  1.614.040.714.2 -2  2  .00 810  3 1.96127776434 4 910 90 1 5.01 8.06 3.0 4.8 13.9   23.1   71.0   86.1  .01522 0 3 2 0― -.640.10  .42 6.8683.10 3.68 9.9217.42 1 4 8 5.6813.0221.82 9
20260321토 7120011국414 6 63 5 1강 1151맑음건조 5 511마이티아미      ARMY MUL얼터너티 5226.00한암 4 0 0 2 1  140      33000국4구자흥조병태   1 511 3 616 1 2 111  0우인철45351.072기도적62 63 636854.048.022.120491015301013 0102615 61128227525 0→↘입13.636.838.913.5714537.239.7 77.0 77.1 43 57 57 0   14.30   12.9014 -8 -1HUDN52.04351414  .6 5.2 5.8555510-2일반주행기복전력50기 1 3 4     4 6 7⑨1:17.01    2.013.839.714.2  2  5  .03 9 7 -2 2.37952777526 4 9 6 62 1 1.03 1.02 1.5 4.3  1.5    4.3    6.0   14.9  .01559 0 4 4 0― -.239.10  .37 1.3675.89 5.5112.4422.08 51222 5.9214.2321.77 7
20251213토 6140011국454 7103 6 3강 3351비  불량20 511마이티아미      ARMY MUL얼터너티 6124.00한암 3 0 0 2 2  281      33000국4구자흥조병태   1 610 2 516 1 2 110  0푸르칸44852.081기선적18 15 155342.049.025.525751619401513 0 01315 61424217525 0↘↗추13.636.639.713.4693737.743.2 92.0 93.2 50 67 3317   13.70   14.70 5  2  1VN동52.04351414  .6 5.2 5.8555510 0체중불리기복전력 5관 011 9     91011⑪1:32.08    5.314.042.715.5  2  3  .0011 9  2 5.899769899 6 2 8 9 70 1 3.05 9.03 2.7 6.9  5.9   24.4   56.6  108.9  .02143 0 6 7 0―  .040.20  .0516.9088.80 7.2716.0625.52 31017 7.4516.3525.93 7
20251108토 8140011국422 5 73 7혼전 4451흐림건조 3 511마이티아미      ARMY MUL얼터너티 6124.00한암 3 0 0 2 1  147      33000국4구자흥조병태   1 7 9 1 416 3 2 1 9  0김태희44551.060우선적72 72 726264.055.028.31248 615301013 0 72015 61524167525 0↘→입13.636.739.613.5654136.441.2 89.9 90.5 60 80 4020   14.00   13.6011  7  0BU동52.04351414  .0 4.2 4.2707010 0숨은탄력보통주행82기 0 9 2     2 510⑨1:29.92    2.213.740.914.7  2 19  .00 9 7 -2 2.38513907921 6 9 5 50 4 9.01 3.10 2.5 3.6 62.8  104.7  312.0  240.812.73061 2 7 8 2▲  .539.50 -.0114.1588.80 8.3217.9328.25 8172810.8922.5428.93 4
20250823토 6140011국551 4103 8혼전 4451맑음건조 4 511마이티아미      ARMY MUL얼터너티 6124.00한암 3     2 2  363      33000혼4서홍수조병태   1 8 8 7 316 2 2 1 0  0김태희42651.058우도적21 22 227721.040.014.41260 31125 52428192026161524166733 0↗↘입13.536.839.813.5553336.739.5 87.5 88.4 75 75 5025   14.40   15.10 5 -1  0UU동52.34371412  .8 3.0 3.8696910 0전개최상부중유리13관 0 2 1     2 2 3⑥1:27.5코    .314.038.713.6 -3  2  .00 6 9  2  .82728533770 2 9 8 81 3 5.0811.05 2.7 7.1 10.0  158.6  239.4  188.3  .03463 0 4 4 0― -.839.00  .1711.8189.00 3.92 8.0914.37 2 714 3.57 9.8918.43 8
20250720일 9140011국452 5103 9혼전 4451맑음포화17 511마이티아미      ARMY MUL얼터너티 6124.00한암 3 0 0 2 3  43717:00 33000국4서홍수조병태   1 9 7 6 216 1 2 1 7  0김태희42451.064강선하46 47 479862.062.043.7 733 32347132428192026161524166733 0→↗입13.536.439.213.5936137.942.3 91.6 93.1100100 6733   13.40   15.90 4  2 -1UU동52.34371412 -.3 1.7 1.3919110 0전개최상전개최상80기 1 3 9     81010⑪1:31.64    5.414.441.615.1  4 -9  .0011 7  3 5.499849698 4 1 4 6 30 2 6.05 6.07     8.1 10.0   43.0   91.6   80.6  .04391 3 8 9 3▲ 1.140.40  .0017.5388.3216.8130.1443.7310233514.7427.0036.77 4
20250621토 51400 8국434 5 3310혼전 4451흐림포화19 511마이티아미      ARMY MUL얼터너티 6124.00한암 3 0 1 2 3  53014:40 33000국4서홍수조병태   110 6 5 116 1 2 1 6  1문세영43352.073강도보59 62 629972.067.053.43745 02347132428464226162936156733 0↘↗입13.536.339.213.5956535.844.3 90.5 92.6100100 6733   13.40   14.2010-10  0UUUP52.34371412 -.5 1.5 1.0959510 2만회노력전개최상35기 0 1 1     1 2 7⑧1:30.56    4.213.443.215.9  4 12  .01 8 4  1 4.598 19998 6 2 4 4 21 5 5.03 8.05     3.1 13.5   24.1   65.8   15.0  .04598 3 9 9 3★ 1.540.40 -.1717.1088.2519.4837.6353.3512264014.7129.8143.00 4
20250413일10120011국424 4 2311혼전 4451흐림포화17 511마이티아미      ARMY MUL얼터너티 5226.00한암 3 0 1 2 4  72117:30 33000국4서홍수조병태   111 5 4 516 1 2 1 5  1김태희42152.072강도보65 77 779978.067.053.91743 53046162428192026161524166733 0↘→입13.536.538.113.5979337.540.0 76.8 77.8100100 6733   13.70   14.10 6  1  0VU동52.34371212-1.0 2.0 1.0939310 0도주강력전개최상 1기 011 4     4 710⑩1:16.8½   2.313.440.314.2  7-11  .0510 3 -1 2.88863838519 1 1 2 20 1 2.04 4.02     2.2  2.4   18.3   25.0    7.8  .05998 4 9 9 4☆ 1.739.60  .06 3.1775.2825.4042.4753.9312264019.5934.0032.05 2
20250301토 6120011국442 1 9312혼전 4451흐림건조 3 511마이티아미      ARMY MUL얼터너티 5226.00한암 3 1 1 1 5  86115:15 33000국4서홍수조병태   112 4 3 416 1 2 1 4  1이동하43252.085강도보83 35 3590  .062.037.61638 93058112428332026162524196733 0→↗선13.536.838.513.5727336.939.7 75.9 77.0100100 6733   13.60   13.70 6  5  0BU동52.34371212         8.0    10 0전개최상도주강력 1기 110 3     3 4 7⑧1:15.9코   1.013.739.714.1  4 -1  .09 8 4  3 2.07530766547 3 911 20 1 1.09 8.07     6.0  2.9   32.1   53.1   34.4  .03477 1 7 8 1▲  .839.10  .13 1.7175.6712.7525.0637.6218375414.4623.5389.84 4
20250119일 8120011국414 2 6313혼전 4451맑음건조 3 511마이티아미      ARMY MUL얼터너티 5226.00한암 3 1 1 2 5  95816:05 41250국4서홍수조병태   113 3 2 316 4 2 1 3  1문세영43352.093강도보94 35 3598  .072.054.24053 03058112428464226162936156733 0→→입13.536.738.313.5848337.038.7 75.9 76.3100100 6733   13.70   13.50 5 -2  0NU동52.34371212         2.0    10 0전개최상전개최상 1기 0 5 3     3 3 5⑧1:15.9½    .913.639.113.7  7 -6  .09 8 1 -1 1.35438483851 2 410 10 4 2.04 2.06     5.2  7.1   38.9   72.1   57.210.66094 3 9 9 3★ 1.738.90 -.16 1.2575.5026.5544.1754.1933536614.4623.5374.50 5
20241215일 61200 9국414 4 1314 2강 2251맑음양호 8 511마이티아미      ARMY MUL얼터너티 5226.00한암 2 1 1 2 6 107114:50 33000국4서홍수조병태   114 2 1 216 3 2 0 2  1문세영43952.093강도보97 35 3598  .071.063.74150302845 924284642261629361599 0 0→→입13.536.538.412.7968036.838.4 75.3 75.410010010050   13.40   14.30 6  4  0NU동52.54371210         1.0    10 0전개최상전개최상 1기 0 7 3     3 3 3②1:15.32     .013.738.513.5  0 -1  .00 2 2  1  .42425362082 2 4 9 22 3 4.02 6.07     3.4  7.7   18.3   37.4    4.8  .05498 4 9 9 4☆ 1.938.90 -.39  .5075.4526.3147.9563.72385870 9.0219.3887.37 5
20241103일 61200 9국534 4 8315 1강 1151맑음양호 7 511마이티아미      ARMY MUL얼터너티 5226.00한암 2 1 1 1 6 120014:50 24750국5서홍수조병태   115 1 1 116 2 1 0 1  1문세영44052.093강도보97 35 3599  .069.080.64150302845 924284642261629361599 0 0→→입13.536.538.312.7989736.438.5 75.0 74.9100100100**   13.60   13.00 5 -7 -1UUUP53.04331210         1.0    10 2마방기습전개최상 1기 0 3 1     1 1 1①1:15.03    -.513.438.714.3  0  7  .00 1 1 -1  .011 9391293 1 1 9 11 2 1.06 3.08     4.9  1.9   10.2   14.6   16.6  .07599 4 9 8 4▲ 2.238.70 -.82  .1075.3943.6367.5080.5838607116.9029.3399.00 4
20260912토 6170011국5 0 8  7 0 1강 1153           6 1마이티크리스    크리솔라알파퀸   5531.00한수 3 0 0   1    015:15 24750국5서홍수조병태   1 010 4 2 9 1 1 1 9  0김태희   54.060기추적50 56 565417.046.023.41248 61850 7242819202616152416 0 099↘→입14.039.840.713.65065                   25 25  025   14.70   14.20 8 -8 -1UHUP52.04431713-2.0 6.2 4.2616117 3일반주행기복전력52기 0 1                            14.7    14.2        .0                       5 2 4 7  1                                              .01840 0 4 5 0―  .040.70  .30     113.4 5.1113.4423.38 3 817 3.70 8.5415.18 7
20260719일 51400 9국521 8 77 1 2강 2251흐림다습14 6 1마이티크리스    크리솔라알파퀸   5531.00한수 3 0 0 2 1  137      24750국5서홍수조병태   1 1 9 3 3 9 5 1 1 8  0우인철45155.069기추적55 54 5411 3.038.012.92049101850 7242828262616112822 0 099→↘입14.037.239.313.6414538.040.2 90.0 89.8 25 25  025   14.30   13.8012  1  0VN동52.04431713-2.6 7.0 4.4545417 0일반주행휴양불리 5   0 9 9     7 7 8⑨1:30.0목   1.814.740.314.2  5  8  .03 9 4  0 2.27488728830 5 8 5 90 5 7.05 8.07 2.0 3.2 16.3   55.0  150.0   32.9  .01516-3 2 2-3▽ -.938.90  .2613.3088.93 2.13 6.3112.85 1 4 7  .12 2.03 5.56 9
20260426일 3140011국542 7 97 2 1강 1151맑음건조 3 6 1마이티크리스    크리솔라알파퀸   5531.00한수 3 0 0 9 2  228      24750국5서홍수조병태   1 2 8 2 2 9 4 1 1 7  0우인철44355.073기추적84 85 855146.056.031.513 0 81125 5242828262616112822 0 099↘→입14.137.239.313.7404137.838.9 89.8 89.0 29 43  029   15.20   13.30 5 -1  4NNDN52.04431713-2.6 7.0 4.4545417-3부중유리기복전력84기 0 8 8     7 6 6⑦1:29.8목   1.114.339.313.8  3  2  .00 7 4 -4 2.04680305149 8 6 3 40 4 1.05 5.03 2.0 4.5  2.0   18.2   28.9   22.6  .03165 0 6 4 0―  .338.70 -.2412.5388.9310.2721.9031.54102335 7.7714.0025.25 5
20260322일 4170011국543 9 47 3혼전 4451맑음건조 5 6 1마이티크리스    크리솔라알파퀸   5531.00한수 3 0 0 2 1   91      24750국5서홍수조병태   1 3 7 1 1 9 3 1 0 6  0우인철44151.069평입상59 64 642333.051.022.42049101850 7242828262616112822 0 099→↘입14.040.241.013.8244839.540.7112.1112.0 17 17  033   14.70   13.00 5  3 -2LUUP53.04451713-1.6 6.8 5.2444414 3뒷심문제거리속성49관 1 9 7 7 6 7 6 2②1:52.1¾    .015.240.313.3 -6 -4  .00 2 8  5  .1 83140269210 5 4 83 3 1.08 6.09 2.5 3.2  2.5   31.9   38.5  154.9  .02852 0 5 5 0―  .240.60 -.0530.76113.9 6.5714.0622.35 2 715 5.4916.2424.35 4
20260215일 3140011국641 9 97 4 2강 2251맑음건조 3 6 1마이티크리스    크리솔라알파퀸   5531.00한수 3 0 0 2 1   81      16500국6서홍수조병태   1 4 6 6 1 9 2 0 0 5  0우인철44553.069하입상41 49 494882.073.059.82049101850 7242828262616112822      →↘입14.037.239.814.0361738.737.6 90.2 88.3  0  0  020   14.00   13.10 4 -1  1NNUP       1413-1.4 7.8 6.4353510 1부중유리거리부담68관 1 610    1010 6①1:30.2목    .014.738.613.0 -2  1  .00 1 3 -6  .02398 34091 5 2 5 23 2 3.01 6.03 2.7 6.5  5.2    6.5   15.8   12.6  .04172 3 7 8 3▲ 1.838.60-1.2911.3089.2823.5244.4359.7818375417.9236.7152.00 2
20260118일 2130010국652 4107 5혼전 4451흐림건조 5 6 1마이티크리스    크리솔라알파퀸   5531.00한수 3 0 0 2 1   72      16500국6서홍수조병태   1 5 5 5 3 9 1 0 0 4  0우인철44452.569하입하 5  7  7 3 8.033.0 7.62049101850 7242828262616112822      →↘입14.037.339.914.663 738.038.2 81.9 82.7  0  0  0 0   13.90   14.10 4  2 -4NH동       1310 -.3 7.5 7.3252510 0탄력저조거리속성 5관 1 7 7     7 7 5③1:21.91     .214.038.013.1 -6-17  .00 3 9  2 1.53469182871 6 610 93 1 1.02 3.06 2.2 5.4  2.2    7.9   10.9   77.8  .01214-3 2 2-3▼-1.439.70  .36 5.4983.42 1.21 3.73 7.64 2 510 3.70 5.71 9.4610
20251220토 2130011국621 6 27 6 2강 2251흐림포화16 6 1마이티크리스    크리솔라알파퀸   5531.00한수 2 0 0 2 1   8511:00 16500국6서홍수조병태   1 6 4 4 2 9 4 0 0 3  0김효정46156.068하입보 6  9  91013.043.018.31650 71850 7242818 62616192317      ↗→선14.037.239.914.771 837.641.0 83.4 84.8  0  0  0 0   14.00   14.70 6 -4  0NN동       1310 -.7 7.7 7.0292910 0숨은복병거리속성64기 0 5 8     6 6 8⑧1:23.44    2.713.940.114.1  1 15  .00 8 7 -1 2.78953908914 5 7 7 62 4 1.03 3.07     2.3  2.1    7.5   11.3    3.3  .01925 0 3 3 0― -.640.30  .15 7.7083.35 3.37 9.8718.26 51222 1.79 6.3910.10 7
20251108토 21300 9국640 5 97 7 3강 3351흐림건조 3 6 1마이티크리스    크리솔라알파퀸   5531.00한수 2 0 0 2 1  153      24750국6서홍수조병태   1 7 3 3 1 9 3 0 0 2  0김효정44656.068하무보32 35 35 910.040.014.11650 71850 7242818 62616192317      ↗→선14.337.540.113.3552537.441.1 84.8 84.9  0  0  0 0   14.30   13.90 5  4  0NNUP       1310-1.0 7.5 6.5373710 3가격혈통거리속성43기 0 9 6     5 5 8⑧1:24.84    2.614.041.114.7  0  6  .00 8 8  1 2.98939908715 5 6 5 62 3 4.05 5.07 2.4 4.8  5.8   34.8   50.6   22.711.22119 0 2 3 0― -.740.00 -.05 7.3083.68 2.76 6.8514.08 51222 3.09 7.3710.56 8
20251003금 1100012국650 6107 8 3강 3359흐림다습12 6 1마이티크리스    크리솔라알파퀸   6921.00한수 2 0 0 1 2  242      24750국6서홍수조병태   1 8 2 2 2 9 2 0 0 1  0김효정44056.075하무보39 37 373425.049.025.51642 51125 5242818 62616192317      ↘↗선14.537.837.713.3316137.138.7 63.5 63.3  0  0  0 0   14.50   13.60 4 -1  1NN동       1010-1.0 8.0 7.0383810 0가격혈통가격혈통66기 1 5 8     8 6 6⑥1:03.5½   1.514.338.713.9 -1  6  .00 6 7 -1 1.66235725636 8 8 3 50 2 1.0211.07 2.8 6.4  2.8    6.4   12.3   11.8  .02127 0 4 4 0― -.137.30  .03-12.263.04 5.4015.1725.45102135 5.2612.23 8.0411
20250906토 1100010국611 4 67 9 2강 2255흐림다습12 6 1마이티크리스    크리솔라알파퀸   6921.00한수 2     1 2  32612:50 24750국6서홍수조병태   1 9 1 1 1 9 1 0 0 0  0김효정43455.575평무보53 25 2537  .029.012.31642 51125 5242818 62616192317      ↘↗선14.737.238.313.489 737.638.3 63.3 63.3              14.70   13.70        LN동       10 0         7.0     0 0일반주행가격혈통32기 0 610    10 9 9⑦1:03.32    1.414.538.213.6 -1  8  .00 7 8  0 1.46160595937 6 9 8 90 1 9.07 5.07     5.7 29.7  113.4  352.4  282.9  .01517-3 2 2-3▼-1.737.90  .40-12.263.04 2.18 5.2512.32 2 510 9.0918.6434.03 6
20260912토 6170011국5 0 8  6 0 1강 1153           6 2신한에이스      퍼지    에이스비 5140.00한암 4 0 0   1    015:15 24750국5서인석부건영   5 01311 212 1 1 112  0다실바   52.582평추하50 55 558249.060.035.91350 41848 918 335 02012222912 05050↗↗선14.039.940.513.34080                   18 36  027   14.80   13.00 4  0  2UNUP52.84791812 -.6 5.4 4.8616114 3숨은복병작전마주 1   0 2                            14.8    13.0        .0                       7 1 5 3  2                                              .02160 0 6 7 0― 1.040.50  .05     113.411.9924.8535.8513294311.1123.1735.02 3
20260816일 4140010국511 7 16 1 1강 1151흐림다습13 6 2신한에이스      퍼지    에이스비 5140.00한암 4 0 0 2 1   78      24750국5서인석부건영   5 11210 312 1 1 111  0조재로49151.088평추보57 61 616058.062.047.43453131848 918 325 02012192622 05050↗↘입14.037.438.813.3137338.738.5 89.8 89.2 18 36  027   14.00   12.80 4 -8 -2UUDN52.84791812  .0 5.8 5.8494914-4뒷심문제작전마주 5   0 210    1010 8⑧1:29.8½   1.414.838.713.0  6  3  .05 8 2 -4 2.05698187141 6 2 5 20 4 1.03 3.08 1.6 2.7  1.6    7.1    9.0   16.512.03087 2 6 7 2△ 1.238.60 -.4512.9988.7317.8332.7147.43193955 9.5720.9436.26 4
20260718토 5180010국541 5 96 2혼전 4454흐림불량20 6 2신한에이스      퍼지    에이스비 3134.00한암 4 0 0 2 1   56      24750국5서인석부건영   5 211 9 112 1 1 110  0다실바48852.582평추보40 40 404334.057.039.51350 41848 918 335 02012222912 05050↗↗선14.040.940.113.3 66940.240.1117.4119.2 20 40  040   14.90   13.50 3  4  0VHUP52.84791812  .0 5.8 5.8494914 1숨은탄력거리속성 5   010 5 5 5 6 6 5③1:57.4½    .114.039.112.8 -3  1  .00 3 6  0 1.34751353475 9 2 7 33 1 1.02 4.08 3.0 6.3  3.0    6.4   10.0   27.112.73075 2 6 6 2―  .740.10 -.4638.18118.912.7327.3839.48143045 8.4518.9928.41 5
20260627토 5170010국542 7 96 3혼전 4451맑음건조 4 6 2신한에이스      퍼지    에이스비 5140.00한암 4 0 0 9 1   56      24750국5서인석부건영   5 310 8 112 2 1 1 9  0김태훈48752.571평추보73 66 663744.056.030.11757 71848 918 314 02012122521 05050↗→입14.040.340.613.3178340.739.9112.6113.6 22 33  022   15.00   13.30 6  2 -1NNUP52.84791712 -.4 6.2 5.8505014 3일반주행거리속성52기 0 6 8 8 9 910 8⑥1:52.6½    .814.939.113.5  0  2  .00 6 6  3 1.2498517395911 3 3 53 2 3.01 1.07 2.0 4.7  5.5    5.0   13.5   45.1  .02132 0 6 6 0―  .640.80 -.0732.74113.710.2119.4930.05 61325 9.6419.7828.21 5
20260517일 3140011국521 8 76 4혼전 4441맑음건조 3 6 2신한에이스      퍼지    에이스비 5140.00한암 4 0 0 2 1   88      24750국5서인석부건영   5 4 9 7 212 1 1 1 8  0김태훈48553.071평추상51 50 503736.054.031.51757 71848 918 314 02012122521 05050↗→입14.037.539.213.3146538.437.9 89.4 88.3 25 25  013   14.70   13.20 4  1  2HN동52.84791412 -.6 7.4 6.8434314 0착차만회최적거리81기 1 411    1111 9③1:29.44     .715.038.413.3  0 -4  .00 3 3 -4 1.32395 6366110 4 7 53 1 1.02 1.09 1.8 4.1  1.8    4.1    6.2    9.912.73062 2 5 5 2―  .738.30 -.3611.6389.07 8.9020.3431.52 71829 9.0918.2929.03 6
20260419일 4140010국551 8 56 5 1강 1151맑음건조 4 6 2신한에이스      퍼지    에이스비 5140.00한암 4 0 0 2 1   68      24750국5서인석부건영   5 5 8 6 112 3 1 1 7  0정우주48951.560평추하24 25 2521 4.035.013.21250 71848 918 3 5 02012163013 099 0↗→입14.137.539.613.4114137.838.3 90.1 88.6 29 14  0 0   14.20   13.60 2 -2 -1UUUP54.04681412  .4 7.0 7.4343412 2일반주행거리부담55기 0 3 9     9 9 7④1:30.13     .614.738.913.2 -3 -3  .00 4 7  2  .9358412326510 6 8 93 3 1.02 7.09 3.1 4.5  3.1    4.5    9.1   10.0  .01515-1 1 1-1▽-1.138.30 -.1111.4789.34 2.05 5.6213.18 2 510  .89 2.76 6.77 8
20260404토 5120011국544 7 96 6 1강 1153맑음양호 7 6 2신한에이스      퍼지    에이스비  638.00한암 4 0 0 1 1   38      24750국5서인석부건영   5 6 7 5 412 2 1 1 6  0정우주49252.562평추보25 23 2323 6.037.019.51250 71848 918 3 5 02012163013 099 0↗→입14.137.638.613.4166538.038.6 77.1 76.5 33 17  0 0   14.60   13.40 8 -5  1NNDN54.04681312 -.2 6.2 6.0454512-1최빈거리최적거리78기 1 5 5     6 7 8⑧1:17.11½  1.214.239.013.6  3 -7  .00 8 5 -3 1.5638443664610 2 7 70 2 1.03 6.04 1.7 5.0  1.7    5.9    7.9    9.3  .01325 0 1 1 0― -.938.10  .15  .2876.17 4.8811.3619.51 41118 1.59 5.7113.89 8
20260208일 5130011국543 3 96 7 3강 3351맑음건조 2 6 2신한에이스      퍼지    에이스비 5140.00한암 4 0 0 2 1  142      24750국5서인석부건영   5 7 6 4 312 1 1 1 5  0정우주49951.560평추상33 42 422312.038.013.01250 71848 918 3 5 02012163013 099 0↗→입14.137.639.113.4386939.239.2 83.4 84.3 40 20  0 0   14.10   13.10 6  7  0BUUP54.04681312 -.6 5.4 4.8585812 1배당마주거리속성47기 01010    1111 9⑧1:23.45    2.414.638.813.4  0 11  .00 8 8  0 3.37997498715 9 4 5103 1 1.10 4.02 2.3 5.4  2.3   59.1   73.0   75.413.42321-1 2 2-1▽ -.839.80  .53 7.6283.10 3.02 6.7512.98 1 2 6 1.59 5.8612.10 9
20251227토 3120011국521 6 76 8혼전 4451흐림다습14 6 2신한에이스      퍼지    에이스비  638.00한암 3 0 1 9 1  125      24750국5서인석부준혁  -3 8 5 3 312 1 1 1 4  1김용근48851.587기추보35 35 354335.056.031.12751141848 9183416 02012312714 099 0↘↘선13.937.338.713.4386137.738.1 75.5 75.5 50 50  0 0   13.80   13.80 4  0 -1UUDN54.04681312 -.3 4.8 4.5575712-1배당마주배당마주83기 0 3 7     8 9 7⑥1:15.51¼   .614.138.113.1 -2 -8  .00 6 8 -1 1.63275244163 8 4 9 43 1 1.02 1.05 2.0 4.9  2.0    4.9    7.6   14.4  .02375 1 5 7 1△  .538.10 -.06 -.4876.06 9.3719.9231.11 51222 5.5611.4019.93 8
20251129토 5130011국554 1106 9혼전 4441맑음다습10 6 2신한에이스      퍼지    에이스비 5140.00한암 3     9 1   8413:35 24750국5서인석부준혁  -3 9 4 2 212 1 1 1 0  0루이스49652.065우추적42 55 556535.049.021.52144101848 9183416 02012202715 099 0↗↘입14.037.739.113.3337637.439.8 81.7 83.8 67 67  0 0   14.30   13.0044 -7  0UU동54.04681312  .0 3.3 3.3686812 0편성탐색배당마주40관 0 3 6     8 8 7⑧1:21.72½  1.913.839.113.8 -1 26  .00 8 9  4 2.46841676123 9 4 9 70 1 1.08 4.11     5.6  2.5   26.4   36.8   34.013.42974 0 5 6 0― -.139.50  .25 7.0083.16 4.7012.7921.46 2 714 4.9510.2818.18 8
20250119일 4130011국531 1 8610혼전 4451맑음건조 3 6 2신한에이스      퍼지    에이스비 5140.00한암 3 1 1 2 5  962      24750국5서인석부준혁  -310 3 1 112 3 1 1 2  1조재로47052.085강입보72 92 927474.063.036.31741 91946 8183425502012192622 099 0↘↗입14.037.239.113.2727638.738.8 83.6 84.3100100  0 0   14.20   13.70 4  4 -2BUUP54.04681312-1.0 2.5 1.5919112 1승부최상연대우수 1기 01010    101110⑦1:23.6¾   2.214.639.213.8  2  2  .00 7 5  4 2.98090356918 4 8 1 33 3 4.0111.05 2.0 5.6 14.3   16.7   42.2   26.110.53773 2 8 8 2▲ 1.040.20  .14 7.9982.8414.2626.2136.2613294618.4832.9934.46 2
20241221토 1120010국610 9 1611 2강 2255맑음다습10 6 2신한에이스      퍼지    에이스비  638.00한암 2 0 1 2 6 1065      24750국6서인석부준혁  -311 2 2 212 2 0 1 1  1조재로46854.087강추보93 99 998387.071.069.7314123255212183425502012192622      ↘↘입14.037.538.313.0329536.838.8 77.4 75.4100100  0 0   14.00   13.30 4  1  0NH동       1212-2.0 4.0 2.0858512 0배당마주승부최상 1기 1 6 4     4 4 2①1:17.43    -.614.239.913.7  0  5  .00 1 1 -3  .02424503297 7 8 1 22 2 1.02 6.11 1.5 2.9  1.5    2.9    3.8   28.0  .05392 3 9 9 3★ 1.737.90-1.07 -.4075.9532.9855.5069.6619405620.0038.0617.05 1
20241123토 1120012국621 7 2612 3강 3355맑음건조 4 6 2신한에이스      퍼지    에이스비  638.00한암 2     2 6 115210:35 24750국6서인석부준혁  -312 1 1 112 1 0 0 0  0조재로46354.087평무보   35 3540  .054.029.1314123255212183425502012192622      ↘↘입13.936.738.512.7    37.338.1 76.7 75.2              13.90   13.00        LN동       12 0                 0 0숨은복병배당마주 1기 1 5 5     5 5 4②1:16.79     .014.039.013.3 -2 -1  .00 2 4  0 1.61954242584 6 6 6 43 1 2.04 4.05     1.7  2.3    7.2   10.9  230.2  .01955 0 5 6 0―  .338.60  .45  .0375.61 8.3918.8229.08102135 8.3316.6725.00 5
20260912토 6170011국5 0 8  7 0 1강 1153           6 3호명퀸          티즈원더금캐라   4640.00한암 5 0 0   1    015:15 24750국5이동국양일추   0 016 3 527 1 4 026  0김아현   54.058기입보50 34 34 3 8.031.010.3 967 01363 610 0 0 01811152013 099 0→→입14.139.941.414.04219                   16 12  012   14.60   15.30 2 -5  3HNDN53.14501814 -.6 9.4 8.8131313-1능력한계기복전력40기 0 3                            14.6    15.3        .0                       8 8 9 9  1                                              .012 6-4 1 1-4▼-1.341.40  .18     114.0 1.36 4.3910.28 0 3 6 3.70 6.1012.84 9
20260830일 3180010국511 7 67 1 1강 1157맑음다습11 6 3호명퀸          티즈원더금캐라   4741.00한암 5 0 0 9 1   28      24750국5이동국양일추   0 115 2 627 1 4 025  0조성환48551.053기입하 5  4  4 6 3.027.0 8.1 718 61363 610 0 3 01811 91719 099 0↘→추14.140.540.814.0261240.644.0123.3123.0 17 13  013   14.30   14.60 3 -2 -2LU동53.14501814 -.6 9.4 8.8141413 0숨은복병기복전력62기 0 8 6 8 9 91010⑩2:03.318   5.114.643.915.3  0  0  .001010  1 5.297679697 5 9 5 9100 3 7.01 4.09 1.8 5.1 19.1   25.7   83.9   84.9  .01914-3 1 1-3▼-1.640.90  .1541.71119.0 1.01 3.09 8.14 0 3 6  .12 3.31 7.4310
20260809일 7180011국452 9107 2 3강 3351맑음건조 2 6 3호명퀸          티즈원더금캐라   4741.00한암 5 0 0 1 1   55      33000국4이동국양일추   0 214 1 527 7 4 024  0오수철48552.560기입상 5  2  2 0 3.028.0 5.4 733 51363 610 0 4 01811112215 099 0↘↗입14.140.740.814.0141239.842.1121.7121.0 17 13  013   14.40   13.80 5  7  0BHUP53.14501814 -.8 9.0 8.2131313 4능력한계기복전력40기 010 4 4 4 9 910⑩2:01.75    3.114.342.214.6  1 15  .0010 9 -1 3.38531827415 7 7 9100 7 1.02 5.06 3.7 6.2  3.7    6.2   11.8   17.9  .012 1-4 1 2-4▼-2.040.50  .1639.45119.1  .39 2.46 5.43 0 2 4  .12 2.44 5.8811
20260704토 9140010국553 5107 3혼전 4451흐림건조 4 6 3호명퀸          티즈원더금캐라   4640.00한암 5 0 0 1 1   72      33000국5이동국양일추   0 313 2 627 6 4 023  0오수철47052.560기입적 5  4  4 7 5.027.0 3.1 733 51363 610 0 4 01811112215 099 0↘↗입14.137.439.513.9202238.539.0 88.9 89.9 18 23  5 9   14.50   13.70 2 -2  0HHDN53.14501814-1.2 8.8 7.6141413-4최빈거리기복전력54기 0 3 8    10 9 9⑨1:28.9½   2.014.438.913.8 -1  4  .00 910  1 2.0739635762510 610100 6 1.02 5.02 2.9 6.1  2.9    6.1   12.5    6.3  .012 4-4 1 1-4▼-1.938.70  .2812.9589.21  .24  .58 3.07 1 4 8 1.90 3.57 7.1210
20260621일 61800 9국451 4 57 4 1강 1159맑음포화17 6 3호명퀸          티즈원더금캐라   4741.00한암 5 0 0 2 1   25      33000국4이동국양일추   0 412 1 427 5 4 022  0오수철46652.560기입상 5  2  2 1 3.026.0 9.1 733 51363 610 0 4 01811112215 099 0↘↗입14.140.640.914.021 840.640.3120.4121.6 19 24  510   14.90   14.70 2  3  0NHUP53.14501814 -.8 9.0 8.2121213 1능력한계기복전력 6기 0 5 4 4 4 6 7 7⑦2:00.410   2.414.539.413.7 -2  6  .00 7 9  0 3.79066445317 7 8 9 80 5 2.01 9.07 1.8 2.7  5.2    2.7    8.3    6.3  .012 4-3 1 1-3▼-1.640.70  .0740.06119.1 1.13 3.34 9.07 2 510  .12 3.05 7.46 9
20260606토 81700 9국551 6107 5 2강 2241맑음양호 6 6 3호명퀸          티즈원더금캐라   4640.00한암 5 0 0 1 1   33      33000국5이동국양일추   0 511 4 427 4 4 021  0오수철46052.560기입보 5  4  4 1 2.031.0 6.8 733 51363 610 0 4 01811112215 099 0↘↗입14.040.141.513.9261739.942.5115.5115.2 20 25  510   14.80   15.20 2 -6  0HHDN53.14501814 -.4 9.0 8.6101013-1능력한계기복전력24관 0 2 4 4 4 6 6 9⑧1:55.5¾   2.514.942.614.7 -1-12  .00 8 9 -1 2.88546818118 8 8 9 92 4 5.02 3.05 3.8 6.6  7.8   14.8   39.3   17.4  .012 2-4 1 1-4▼-1.641.20  .0933.62114.2  .74 2.35 6.80 2 3 7  .12 1.63 3.53 9
20260524일 7180010국453 8 57 6 2강 2251맑음다습10 6 3호명퀸          티즈원더금캐라   4741.00한암 5 0 0 2 1   24      33000국4이동국양일추   0 610 3 327 3 4 020  0오수철47252.560기입보 5  2  2 0 2.029.0 8.0 733 51363 610 0 4 01811112215 099 0↘↗입13.940.640.914.018 941.741.6122.6122.0 21 26 1111   14.80   15.10 2  5 -2BH동53.14501814  .0 8.2 8.2121213 0능력한계기복전력46기 1 8 91010 9 9 9⑩2:02.62½  3.514.842.715.2  0 -4  .001010  3 3.89494739311 9 8 9100 3 1.02 4.06 2.5 4.1  2.5    4.1    7.5   38.0  .012 1-4 1 1-4▼-1.740.70  .0940.48119.1 1.01 2.95 8.04 1 4 8  .12 1.94 4.2010
20260509토 31800 7국421 9 27 7 1강 1154맑음건조 5 6 3호명퀸          티즈원더금캐라   4741.00한암 5 0 0 2 1   38      33000국4이동국양일추   0 7 9 2 227 2 4 019  0오수철47654.060기입적 5  2  2 9 6.032.015.1 733 51363 610 0 4 01811112215 099 0↘↗입13.940.640.813.9161740.743.3123.8121.9 22 28 1111   14.90   14.10 4 -1 -1HN동53.14501814  .2 8.2 8.4131313 0일반주행기복전력72기 0 3 4 5 5 7 7 7⑦2:03.813   4.014.844.015.1  0  4  .00 7 7 -2 4.19472939610 8 6 8 70 2 6.02 7.05 1.9 1.8 28.9   43.0  166.2   50.4  .01831 0 2 2 0―-1.040.70 -.0440.50119.1 2.13 6.9315.05 2 511 1.22 5.1913.39 7
20260412일 81800 9국442 6 97 8 1강 1151맑음다습11 6 3호명퀸          티즈원더금캐라   4741.00한암 5 0 0 2 1   65      33000국4이동국양일추   0 8 8 1 127 1 4 018  0오수철47254.560기입보 5  2  2 0 3.026.0 6.3 733 51363 610 0 4 01811112215 099 0↘↗입14.040.740.913.9121340.440.2120.0120.0 24 24  012   14.20   15.10 3  2  2HNUP53.14501814 1.0 7.8 8.8131313 4능력한계탐색우려37관 0 4 6 6 6 8 8 4⑥2:00.0코   1.814.941.214.1 -3 -6  .00 6 9 -1 1.97460424631 8 8 9 90 1 3.05 3.09 3.2 4.5  4.5   44.1   62.9   32.4  .0 6 2-4 1 2-4▼-1.840.40  .1038.41119.2  .48 2.69 6.26 1 4 9  .12 2.86 7.21 8
20260322일 6140010국512 9 67 9 2강 2259맑음건조 5 6 3호명퀸          티즈원더금캐라   4640.00한암 5 0 0 2 1   47      41250국5이동국양일추   0 9 7 4 527 2 4 017  0조성환47853.053기입하 8  9  914 5.033.012.1 718 61363 610 0 3 01811 91719 099 0↘→추14.037.339.513.9262537.541.2 92.6 91.3 25 25  013   15.00   12.80 9 -6  2HNDN53.14501714 -.6 7.6 7.0292913-2일반주행기복전력42조 1 2 6     6 810⑩1:32.611   3.114.241.915.1  0  7  .001010  1 3.39373899315 9 610100 2 6.08 6.10 1.6 4.6 18.4  194.4  373.5  372.3  .01513-2 1 2-2▽-1.139.10  .1014.5489.14 1.85 5.1212.10 1 4 8 1.65 3.54 7.5710
20260117토 8160010국411 6 6710 1강 1151맑음건조 5 6 3호명퀸          티즈원더금캐라   4640.00한암 5     2 1  171      33000국4이동국양일추   010 6 3 327 1 4 0 0  0조성환47151.053평입보11  3  314 4.030.0 8.3 718 61363 610 0 3 01811 91719 099 0↘→추13.937.139.913.9182236.942.0107.0107.2 27 27 1313   14.60   14.3045  2 -5BUUP53.14501714 -.2 6.6 6.4353513 2일반주행휴양불리 5기 0 810  10101010⑩1:47.09    5.315.241.714.7  1 32  .0010 9  3 5.898769195 510 610100 1 5.04 4.06 1.6 4.5 15.7   56.7  122.9   68.7  .015 9-2 1 1-2▽-1.539.90  .1930.23103.6  .92 3.54 8.28 1 4 8  .98 2.96 6.7710
20250302일 9140011국454 710711 1강 1151비  건조 5 6 3호명퀸          티즈원더금캐라   4640.00한암 4 0 0 1 5  91217:00 33000국4이신우양일추   011 5 2 427 8 4 015  0정우주43956.063평입하20 14 1418 5.034.013.3165013 9 0 5202717302213163013 099 0→→입14.037.339.313.9303737.940.2 91.8 90.2 29 36  021   14.30   14.50 5  1  1NNDN53.14501712-1.2 6.2 5.0505013-2일반주행보통주행 1기 1 6 8     91010⑧1:31.81    2.514.640.214.3  2 -7  .00 8 6 -1 2.7828973881911 610 90 8 5.07 1.03     6.9 10.6   53.6  164.3   98.4  .01515-1 2 2-1▽ -.938.90  .2013.5589.00 2.61 6.8713.27 1 4 9 2.22 4.52 8.8210
20250126일 8160010국454 6 5712 3강 3351맑음건조 3 6 3호명퀸          티즈원더금캐라   4640.00한암 4 0 0 9 5  936      33000국4이신우양일추   012 4 1 227 7 4 014  0정우주44655.063평입하19 27 2714 6.031.0 8.9165013 9 0 5202717302213163013 099 0→→입14.036.839.913.9352536.739.9104.8103.7 31 38  815   14.90   14.70 4  4 -1NNDN53.14501712-1.6 5.2 3.6656513-1일반주행보통주행 1기 0 5 9   9 9 9 8⑧1:44.83    2.714.340.814.5  1  4  .00 8 7  0 4.17369607016 8 710100 7 2.09 1.04 2.3 3.4  3.6   51.5   93.8  183.8  .015 7-2 1 1-2▽-1.439.90  .3026.99103.4 1.43 4.47 8.88 1 4 8  .93 3.72 9.43 9
20241228토11170011국523 7 7713혼전 4451맑음건조 4 6 3호명퀸          티즈원더금캐라   4640.00한암 3 0 0 9 6 1033      41250혼4이신우양일추   013 3 3 327 6 4 013  0정우주44256.067평입상74 82 823753.055.031.91538 91010 6202717302213163013 099 0↘→입14.039.541.113.8684141.041.0115.4115.5 33 42  817   13.80   12.90 4 -3  5UBUP53.14501712-2.4 5.4 3.0656513 1일반주행거리속성 1기 1 11010111111 8⑧1:55.46    1.914.942.014.7  1 -5  .00 8 7 -2 2.98991517928 7 5 1 33 6 1.0610.06 2.3 4.7  2.3   12.4   18.6   16.0  .01852 0 6 5 0―  .541.90  .0434.89113.5 9.3720.4131.91143045 7.3718.4631.37 3
20241130토 7160010국423 4 7714혼전 4451흐림포화18 6 3호명퀸          티즈원더금캐라   4640.00한암 3 0 0 9 6 112415:40 33000국4이신우양일추   014 2 2 127 5 3 012  0정우주44751.067평입하49 40 401415.043.016.31538 91010 6202717302213163013 099 0↘→입13.936.640.213.9502236.238.7 99.9102.2 27 36  918   13.90   14.00 5 -1  0HUUP53.64511712-1.6 5.0 3.4626213 2일반주행보통주행 1기 1 4 4   4 5 3 1①1:39.91½  -.213.838.112.9 -8 -3  .00 1 9  5  .02732261691 6 7 9 82 5 9.02 4.05     5.6 32.0   70.2  209.8  159.4  .01818 0 4 5 0― -.440.20  .0925.36103.5 4.28 9.0316.34 2 511 5.26 8.6516.41 9
20241027일 9140011국414 3 6715혼전 4451흐림다습12 6 3호명퀸          티즈원더금캐라   4640.00한암 3 0 0 9 7 121917:00 33000국4이신우양일추   015 1 1 327 4 3 011  0정우주45051.061평입상89 83 833920.042.015.31660 7185010202717302213163013 099 0→↘입13.937.039.613.9533037.739.5 88.3 89.5 30 40 1020   13.80   14.20 6  3 -5NU동53.64511712-2.0 5.6 3.6606013 0일반주행탄력호전 1   0 5 8     8 9 7⑦1:28.3목   1.813.939.114.0  3 -3  .00 7 4  0 2.46679537028 9 7 5 80 4 1.02 1.03     4.6  1.6    4.6    6.0   30.2  .01528-1 3 3-1▽ -.739.00  .1412.9289.00 3.88 8.5415.25 41118 2.3810.0619.08 6
20260912토 6170011국5 0 8  9 0 1강 1153           6 4블랙선          어플릿익핫걸     7628.00한암 3 0 0   1    015:15 24750국5정호익정우종합 0 014 3 513 4 0 213  0임다빈   52.576평추보50 61 613941.051.024.51327 72032 9241519 02214142424 0 099→↗추14.039.940.913.64261                   20 30  010   15.20   13.70 4 -7  0HU동55.04801714 -.8 4.2 3.4717110 0일반주행거리속성59기 1 4                            15.2    13.7        .0                       6 4 2 5  6                                              .01535 0 5 5 0―  .240.90  .12     113.6 6.0114.8524.46 71829 8.6418.2931.52 4
20260815토 6170011국513 7 69 1혼전 4451흐림건조 3 6 4블랙선          어플릿익핫걸     7628.00한암 3 0 0 2 1   86      24750국5정호익정우종합 0 113 2 413 3 0 212  0임다빈48452.576평추보67 70 703419.044.021.71327 72032 9241519 02214142424 0 099→↗추14.039.841.113.5475340.441.0112.7113.1 22 33  011   14.10   13.90 5  5 -1VUUP55.04801714-1.2 4.6 3.4707010 3일반주행거리속성 5   011111111 8 8 6⑤1:52.74     .815.240.713.7 -1  3  .00 5 6  4 1.04077476459 7 6 4 83 5 1.04 7.03 2.2 7.4  2.2    8.0   12.2   53.4  .01539 0 4 2 0― -.541.20  .1232.24113.7 6.1512.8021.68 2 714 6.9412.2723.95 8
20260712일 41400 9국510 8 69 2 1강 1151맑음다습12 6 4블랙선          어플릿익핫걸     7628.00한암 3 0 0 2 1   67      24750국5정호익정우종합 0 212 1 713 2 0 211  0임다빈48153.576평추하87 82 824258.054.030.91327 72032 9241519 02214142424 0 099→↗추14.037.339.713.6253037.140.2 88.6 88.7 22 22  011   14.00   13.60 4  0 -2NU동55.04801714-1.4 5.4 4.0585810 0숨은복병선추겸비60기 0 6 7     8 8 7⑤1:28.61¾   .914.139.813.9  3  1  .02 5 2 -2 1.93851727255 7 6 2 53 4 8.05 4.08 1.5 3.9 24.7  163.6  523.5  334.1  .01948 0 6 5 0―  .538.60 -.5211.7489.28 8.6319.0430.86 8173210.2321.8636.26 4
20260614일 3140011국630 8 89 3 1강 1151흐림건조 3 6 4블랙선          어플릿익핫걸     7628.00한암 3 0 0 2 1   68      24750국6정호익정우종합 0 31111 613 1 0 110  0임다빈48055.076평추하32 71 714629.052.024.31327 72032 9241519 02214142424 0 099→↗추14.037.339.813.6242537.138.4 88.8 87.5 13 13 13 0   15.50   13.70 3  0  0NNDN55.04791714-1.4 5.4 4.0585810-3일반주행단기승부38기 0 6 6     6 5 3②1:28.8¾    .014.039.013.6 -2  0  .00 2 4  2  .2 44413 988 4 5 5 73 3 3.04 1.06 2.1 5.0  5.5   18.5   35.6   14.9  .02367 0 4 3 0―  .238.30 -.4110.3989.34 6.3114.6024.29 51222 2.3811.4818.98 7
20260523토 2170010국630 9 89 4 1강 1151흐림다습13 6 4블랙선          어플릿익핫걸     7628.00한암 3 0 0 2 1   59      16500국6정호익정우종합 0 41010 313 3 0 1 9  0이용호48055.063평추상59 77 775372.064.043.41657 72032 9241520 02214191820 0 099→↘자14.039.841.313.6474141.140.6115.4114.7 13 13 13 0   15.00   13.60 4 -5  0NN동55.04791714-1.2 5.0 3.8636310 0일반주행거리속성40기 0 6 9 9 9 9 9 8⑥1:55.4머리  .315.540.713.7  4  2  .09 6 2 -2 1.77693346773 3 3 3 33 3 1.08 9.05 1.7 3.2  1.7   74.9   88.1  114.9  .02142 1 7 6 1― 1.341.50 -.4733.62113.813.7329.6043.3913294315.6332.4646.57 3
20260425토 4170011국630 9 89 5 2강 2251맑음건조 3 6 4블랙선          어플릿익핫걸     7628.00한암 3 0 0 9 1   78      16500국6정호익정우종합 0 5 9 9 213 2 0 1 8  0이용호47855.063평추상42 84 844352.058.026.21657 72032 9241520 02214191820 0 099→↘자14.039.941.413.6423740.040.9114.2113.0 14 14  0 0   14.50   13.40 3  4  0VNUP55.04791714-1.2 5.0 3.8636310 3일반주행거리속성44기 0111010111110 5④1:54.21     .815.041.213.6  0 -1  .00 4 4  0 1.33256464959 5 8 3 53 2 1.02 4.02 2.1 4.4  2.1    4.4    7.5   17.3  .01534 0 6 4 0―  .441.10 -.1931.72114.0 6.1715.3726.20 8172812.6224.2735.64 4
20260405일 3140010국610 9 69 6 3강 3358맑음양호 6 6 4블랙선          어플릿익핫걸     7628.00한암 3 0 0 1 1   50      24750국6정호익정우종합 0 6 8 8 513 1 0 0 7  0이용호47955.063평추하20 54 543035.047.029.61657 72032 9241520 02214191820      →↘자14.037.339.813.7262537.738.7 90.9 88.9 17 17 17 0   14.40   13.80 4  2  1NN동       1714 -.2 5.0 4.8494910 0일반주행선추겸비46기 1 7 6     7 7 3②1:30.91¼   .014.539.713.4 -2  0  .00 2 4  1  .24579264490 6 4 3 43 1 2.04 4.07 1.5 4.0  5.3   18.8   35.2   33.2  .01532 0 5 4 0― -.238.60 -.5611.8089.34 8.5618.3529.64102135 8.9318.8024.10 5
20260308일 3140010국651 9109 7혼전 4459맑음다습13 6 4블랙선          어플릿익핫걸     7628.00한암 3 0 0 2 1   71      24750국6정호익정우종합 0 7 7 7 413 1 0 0 6  0푸르칸47954.579평추상36 46 464240.055.042.32460162032 92415 0 02214142421      ↗→추14.037.339.813.7292738.139.3 90.4 89.9 20 20  0 0   15.30   13.80 6 -1  0NNDN       1714 -.6 5.6 5.0424210-3일반주행보통주행78기 1 5 7     8 7 4④1:30.4머리  .314.439.513.8  1 -4  .00 4 3 -5  .77590477572 6 5 2 23 1 4.01 8.02 3.7 7.8  6.4   15.6   35.0   19.3  .01848 0 6 5 0―  .338.80 -.8712.8189.3416.7331.3542.2512264010.9423.0222.12 4
20260125일 3170011국641 9 99 8 2강 2252맑음건조 3 6 4블랙선          어플릿익핫걸     7628.00한암 3 0 0 2 1  102      16500국6정호익정우종합 0 8 6 6 113 3 0 0 5  0장추열48354.593평추상32 31 313333.054.029.62950132032 9241528 02214202722      ↘↗입14.040.141.613.6303740.042.0114.6113.7 25 25  0 0   14.50   13.90 4 -2  1NNUP       1714  .0 5.0 5.0414110 3일반주행거리속성 5기 0 6111111 9 9 8⑤1:54.61    1.015.341.713.8 -3 -2  .00 5 8  0 1.65961758053 8 6 5 43 3 5.0211.10 3.0 7.5 11.3   15.0   31.8   25.0  .01836 0 4 5 0―  .441.00 -.4932.00114.2 7.8018.1929.61143045 5.1516.3326.32 4
20251227토 5140011국651 9109 9혼전 4451흐림다습14 6 4블랙선          어플릿익핫걸     7628.00한암 2 0 0 9 1   8113:35 16500국6정호익정우종합 0 9 5 5 313 2 0 0 4  0장추열48554.093기입적12 13 132014.040.010.32950132032 9241528 02214202722      ↘↗입14.037.339.913.7243037.839.5 90.2 89.2  0 33  0 0   14.80   14.6012  2  0LN동       1410 1.0 4.0 5.0454510 0교체실패휴양불리50기 0 811    1010 9⑤1:30.21¼  1.814.540.113.9 -3-12  .00 5 8  5 2.15985537431 9 710 83 2 1.02 4.07     5.5  2.3    5.5    8.3    8.3  .02017-3 3 2-3▽-1.038.70 -.0911.9789.41 1.34 4.5910.30 2 714 3.57 8.0915.05 8
20251003금 4140011국631 8 8910 2강 2253흐림다습11 6 4블랙선          어플릿익핫걸     7628.00한암 2 0 0 1 2  23915:20 16500국6정호익정우종합 010 4 4 213 1 0 0 3  0장추열49754.093하입적53 57 574288.074.068.43350172550 7241528 02214202722      ↗↘입14.037.539.913.6113038.241.6 93.3 92.3  0 33 33 0   14.00   13.30 4  5  1NNUP       1410 1.0 5.0 6.0282810 4숨은복병신저혈통65기 1 610    101011⑪1:33.32½  4.614.841.814.6  8  4  .0911 3  1 4.897929397 5 8 5 4 20 1 2.0111.10     3.6  3.3    3.6    6.8   18.4  .03083 2 7 8 2▲ 1.639.10-1.7514.8789.5527.9051.5968.3833536624.7944.6451.18 2
20250906토 1100010국611 4 6911 2강 2255흐림다습12 6 4블랙선          어플릿익핫걸     19 7.00한암 2 0 0 1 2  326      24750국6정호익정우종합 011 3 3 213 1 0 0 2  0조인권49353.573하추보24 25 253919.043.029.81738112550 7241522 02214242513      ↘→선14.237.937.613.9276136.737.6 62.0 62.0  0  0  0 0   14.50   14.20 3 -5  0HHDN       1410-1.0 6.0 5.0414110-4일반주행최적거리42기 1 1 6     6 4 1③1:02.0½    .114.037.513.3  1 -4  .00 3 2 -2  .12120321774 9 4 1 42 1 9.07 5.07 1.5 5.7 29.7  113.4  352.4  282.9  .01540-2 4 3-2▽ -.736.90 -.12-13.563.0410.6219.1429.83102335 3.79 8.47 6.9410
20250817일 2140011국640 9 9912 1강 1151맑음양호 8 6 4블랙선          어플릿익핫걸     7628.00한암 2 0 0 2 2  378      16500국6정호익정우종합 012 2 2 113 2 0 0 1  0임다빈49753.576하무보36 35 3526  .039.015.52050 82550 7241519 02214142424      →→추14.237.540.313.0212238.139.6 92.4 90.4  0  0  0 0   14.20   13.30 5 -3  0NHUP       1410         5.0    10 4일반주행거리부담43기 0 610     91010⑦1:32.4코   2.514.540.514.2  3 12  .00 7 4 -2 3.18491588219 6 911 83 2 1.03 8.09 2.1 5.2  2.1    7.7   11.6    9.0  .01515-2 3 2-2▽ -.738.70 -.5912.6089.83 3.53 8.4215.48 2 51014.6326.0494.55 3
20250712토 11000 9국620 5 7913 1강 1155맑음건조 5 6 4블랙선          어플릿익핫걸     19 7.00한암 2     2 3  47410:35 24750국6정호익정우종합 013 1 1 113 1 0 0 0  0임다빈48553.577평무보20 35 35 7  .028.0 7.71846 5205010241519 02214142424      ↗→추14.738.538.312.7 2 337.738.3 63.3 63.3              14.70   13.00        NN동       10 0         3.0     0 0일반주행보통주행49기 1 9 7     7 7 7⑤1:03.34    1.314.238.213.3 -1 12  .00 5 6  0 2.16263586140 9 9 9 80 1 3.01 8.05     2.5  9.8    6.3   23.1   20.1  .015 7-4 2 2-4▼-1.636.60 -.16-13.563.76  .84 2.71 7.65 3 81711.1122.2233.33 9
20260912토 6170011외4 0 8  4 0 1강 1153           6 5마이모어        모스피릿SHEZAHOT 5328.00미거 3 0 0   1    015:15 24750국5안병기황봉기   2 01212 611 4 0 011  0정정희   56.581기무보50 43 433310.044.020.12044 92357 8181417131810202515 099 0→↗입14.339.441.114.07130                    9  9  9 0   14.50   14.10 5  2  4NB동52.54651717-2.2 8.8 6.6474717 0최빈거리기복전력40기 0 5                            14.5    14.1        .0                       3 5 8 8  6                                              .01219 0 4 4 0― -.241.10  .36     113.4 4.3310.9020.13 2 510 3.70 8.5414.01 8
20260808토 6170011외410 7 64 1 1강 1151맑음건조 2 6 5마이모어        모스피릿SHEZAHOT 5328.00미거 3 0 0 1 1  106      33000혼4안병기황봉기   2 11111 511 3 0 010  0정정희48053.081기무적74 68 686275.066.040.92044 92357 8181417131810202515 099 0→↗입14.139.241.213.9852240.140.8113.6113.5 10 10 10 0   13.80   13.30 7  1  1VV동52.54651717-2.6 9.6 7.0404017 0부중유리기복전력82기 1 3 3 3 3 5 4 4⑤1:53.6목    .814.540.614.1  1 15  .00 5 4 -7 2.05164425059 2 6 3 42 5 1.05 1.09 1.4 3.8  1.4   10.7   13.6   39.312.03265 2 8 7 2▲ 1.241.90 -.0633.09113.414.0527.6840.9110233513.8227.5042.36 3
20260620토 8170011외410 6 64 2 1강 1151비  불량20 6 5마이모어        모스피릿SHEZAHOT 5328.00미거 3 0 0 2 1  113      33000혼4안병기황봉기   2 21010 411 2 0 0 9  0정정희46552.581하무상34 20 2021 6.044.016.92044 92357 8181417131810202515      →↗입13.639.541.214.263 838.740.4108.3110.8  0  0  0 0   14.00   13.80 2 -5 -5HHUP       1717-1.2 9.4 8.2242413 4최빈거리조교부실 5관 0 2 2 2 3 3 3 1③1:48.3목    .013.839.313.3 -8 -5  .00 311  2  .2 1 532 586 5 5 8 82 4 2.05 4.10 1.9 5.2  5.7   50.8   76.5  712.0  .01822 0 2 3 0― -.441.20  .3330.10113.6 4.33 9.1816.90 2 714 1.05 4.1010.3810
20260607일 4130011국550 8104 3 1강 1159맑음양호 6 6 5마이모어        모스피릿SHEZAHOT 5328.00미거 3 0 0 1 1   27      24750국5안병기황봉기   2 3 9 9 211 1 0 0 8  0정정희47057.081하무상13 13 13 4 3.034.0 9.32044 92357 8181417131810202515      →↗입13.637.639.514.1481037.539.7 83.7 83.2  0  0 13 0   14.60   14.30 4  3  5LBDN       1717-1.0 9.8 8.8161617-4일반주행거리속성50기 0 7 7     8 8 9⑧1:23.71    1.114.040.013.8 -1 -4  .00 8 9 -1 1.3484262554810 810110 3 8.10 5.09 3.0 8.3 22.0  252.9  456.9  421.8  .01512-3 1 1-3▼-1.139.50  .40 6.1083.35 1.23 3.73 9.25 0 3 6  .12 2.40 5.5111
20260510일 7170011외441 9 44 4혼전 4451맑음건조 5 6 5마이모어        모스피릿SHEZAHOT 5328.00미거 3 0 0 2 1   64      33000혼4안병기황봉기   2 4 8 8 311 3 0 0 7  0루이스47452.565하무보10  1  1 5 5.029.0 4.22144102357 81814 8111810202715      ↗↘입13.640.141.314.1261039.342.3113.4113.8  0  0  0 0   14.70   13.80 4  1  0HH동       1712 -.2 9.8 9.6121217 0발길대로부진마필72기 1 4 5 5 7 7 7 7⑦1:53.41    1.614.641.814.3 -3  6  .00 710  0 1.9522177643710 910100 3 4.05 2.09 2.5 3.5  6.4   26.4   59.8   62.0  .0 6 1-4 1 1-4▼-1.841.00  .2632.35114.0  .34 1.87 4.24 0 2 4 2.13 4.00 7.7210
20260411토10170011외431 3 34 5혼전 4451맑음다습13 6 5마이모어        모스피릿SHEZAHOT 5328.00미거 3 0 0 2 1   74      33000혼4안병기황봉기   2 5 7 7 211 2 0 0 6  0루이스46852.565하무상 9  1  1 3 5.030.0 3.02144102357 81814 8111810202715      ↗↘입13.639.841.414.143 740.141.9112.5114.7  0  0  0 0   14.60   13.90 5 -2  0HH동       1712 -.2 9.6 9.4101017 0능력한계부진마필48기 1 3 6 6 7101010⑩1:52.5코   2.514.741.113.8  0 -4  .001010  2 2.57859717516 8 810110 2 3.02 2.07 2.2 2.9  5.3    6.9   15.6   48.4  .0 6 1-4 1 2-4▼-1.941.50  .3933.52113.9  .21  .55 3.03 1 4 8 1.90 3.64 7.3210
20260308일 8170011외411 5 64 6혼전 4452맑음다습13 6 5마이모어        모스피릿SHEZAHOT 5328.00미거 3 0 0 2 1   87      33000혼4안병기황봉기   2 6 6 6 111 1 0 0 5  0루이스47252.565하무상 5  1  1 0 4.033.0 5.92144102357 81814 8111810202715      ↗↘입13.640.042.213.133 639.642.4112.7114.4  0  0  0 0   14.90   13.40 4  1  0NHUP       1712 -.4 9.8 9.4111110 4탄력저조거리속성49기 0 5 6 6 81011 9⑦1:52.71½  2.214.641.913.9 -1 -5  .00 7 8 -2 2.37237827922101111113 1 2.01 4.03 1.4 4.5  8.5    4.5   14.0   13.3  .012 2-4 1 4-4▼-1.741.20 -.2032.15114.6  .73 2.15 5.94 1 2 6 1.18 3.31 7.3410
20260207토 7130011외434 3 84 7혼전 4451맑음건조 2 6 5마이모어        모스피릿SHEZAHOT 5328.00미거 3 0 0 2 1   67      33000혼4안병기황봉기   2 7 5 5 111 1 0 0 4  0씨씨웡47752.593하무보 9  1  1 2 7.035.0 7.53456112357 8181432201810212522      →↘선13.637.640.113.240 739.739.6 83.4 84.9  0  0  0 0   14.10   14.4013 -2  1HNUP       1412 -.3 9.8 9.5121210 1숨은복병휴양탐색64기 0 411    111110⑨1:23.41½  3.714.938.713.4 -1 -3  .00 910 -1 3.889996194 610 910100 2 1.02 2.01 2.8 3.9  2.8    3.9    7.1    3.8  .01920-4 2 1-4▼-1.439.90  .06 7.2083.74 1.24 3.71 7.53 1 4 8 1.98 4.67 9.2010
20251109일 7120011외422 5 74 8혼전 4452맑음건조 3 6 5마이모어        모스피릿SHEZAHOT 8517.00미수 2 0 0 2 2  264      33000혼4안병기황봉기   2 8 4 4 211 1 0 0 3  0정정희48052.081하무하 6  1  1 1 5.032.0 4.5235013205310181417131810202515      ↘→입13.637.839.713.220 738.140.2 78.0 78.2  0  0  0 0   14.30   14.30 3  5 -2LH동       1410 -.3 9.3 9.0131310 0능력한계부진마필43기 0 6 9     91011⑪1:18.05    3.014.140.314.4  0 -9  .001111  1 3.09287849211 91111110 2 4.07 9.02 2.4 4.0  8.9   32.1   67.7  144.7  .0 6 1-4 1 3-4▼-1.838.40 -.12  .6676.90  .32 1.95 4.49 1 4 8 2.86 5.10 9.3011
20251018토 6120011외414 5 64 9 3강 3351흐림포화19 6 5마이모어        모스피릿SHEZAHOT 8517.00미수 2 0 0 2 2  215      33000혼4안병기황봉기   2 9 3 3 111 1 0 0 2  0푸르칸48954.082하무보 9  1  122 6.032.0 8.7257516205310181410 01810142421      ↘↗추13.637.339.313.235 738.739.4 77.5 78.4  0  0  0 0   13.60   14.70 4 -7  2HNDN       1410-1.0 9.0 8.0161610-2일반주행부진마필74기 0 1 8    111111⑪1:17.58    3.214.339.614.3  1 -2  .001110  1 4.19396689110 71010100 1 1.02 9.04 1.5 3.6  1.5    3.6    4.9    8.9  .01514-1 2 2-1▽-1.339.00  .24 1.7576.39 1.20 3.66 8.71 0 2 4  .79 3.29 8.4310
20250920토 6140011외452 210410 1강 1151맑음포화16 6 5마이모어        모스피릿SHEZAHOT 5328.00미수 2 0 0 2 2  279      33000혼4안병기황봉기   210 2 2 111 1 0 0 1  0정정희49152.081하무보11  3  3 2 2.033.0 6.8235013205310181417131810202515      ↘→입14.737.940.513.2 41336.842.0 88.8 91.0  0  0  0 0   14.70   13.50 5  6 -4BHUP       1410-2.0 9.0 7.0262610 4발길대로거리부담 5관 0 8 7     6 8 9⑨1:28.88    3.513.640.914.7  0 15  .00 9 9  0 3.991319594 6111110110 1 6.0311.10 3.1 6.5 10.5   21.0   61.5   55.7  .013 3-4 1 3-4▼-1.538.50 -.7612.6090.24  .73 2.79 6.76 2 715  .12 1.86 3.7711
20250816토 2100010외410 6 6411 3강 3355맑음다습12 6 5마이모어        모스피릿SHEZAHOT 8517.00미수 2     2 2  38711:30 41250혼4안병기황봉기   211 1 1 111 1 0 0 0  0씨씨웡47655.590평무보 5 35 3526  .042.014.0265211205310181432201810212522      ↘→선14.838.538.313.8 3 138.538.5 64.3 64.1              14.80   14.10        NN동       10 0         8.0     0 0일반주행우수혈통45기 0 2 9     9 9 9⑦1:04.32½  1.914.738.613.5 -2  3  .00 7 9  0 2.08285668327 9 910100 1 1.07 4.05     3.9  1.8   19.5   29.3   28.9  .01517-3 3 4-3▽ -.836.80 -.33-12.763.76 3.33 7.2614.04 2 3 7 9.2318.1833.77 3
20260912토 6170011국5 0 8  6 0 1강 1153           6 6샤크텐          일루시브샤크런   1053.00한거 5 0 0   1    015:15 24750국5박지헌힐링팜조-3 016231127 1 0 427  0이혁     52.578평추보50 50 504226.054.031.62258 7214511201023 02015282118132550↗↘선14.440.040.713.73545                   15 23  419   15.10   13.70 2 -4 -4NH동53.84641818  .6 5.4 6.0515117 0숨은복병배당마주40기 0 6                            15.1    13.7        .0                       9 3 7 4  7                                              .02148 1 3 6 1―  .640.70 -.02     113.6 9.2019.9131.59 81732 6.1714.6325.68 5
20260829토 4170010국550 5106 1혼전 4451맑음다습12 6 6샤크텐          일루시브샤크런   1053.00한거 5 0 0 9 1   37      24750국5박지헌힐링팜조-3 115221027 2 0 426  0조상범47356.557평추보46 54 544224.047.016.8 926 6214511201011232015132216132550↗→입14.440.040.613.7364840.541.4112.6114.4 16 24  420   14.70   14.00 3  3  3VBDN53.84641818  .0 4.8 4.8606017-1숨은복병최적거리46기 010 8 8 9101010⑩1:52.64    2.015.140.413.7  2 -3  .0010 8  3 2.47478607525 8 2 6 7013 3.09 1.03 3.0 5.1  6.3  109.3  200.2   97.9  .02132 0 4 4 0― -.141.20  .3933.84113.5 3.19 9.4116.83 41118 3.4511.6417.94 7
20260808토 5180011국550 9 56 2 1강 1159맑음건조 2 6 6샤크텐          일루시브샤크런   10     한거 5 0 0 1 1   67      24750국5박지헌힐링팜조-3 214211127 1 0 425  0조상범47653.556평입하16 25 2533 7.042.021.4 926 6214511201011232015132216132550↗→입14.540.740.013.7194540.540.6120.2119.1 17 29  421   14.80   13.20 3  0  0NH동53.84641818  .2 4.4 4.6636317 0최빈거리보통주행78기 1 7 8 8 910 9 9⑤2:00.2코    .714.740.714.0  0  3  .00 5 5 -2 2.04661535862 9 2 7 531210.01 4.08 2.6 4.3 30.5   68.1  221.6   66.5  .01838 0 2 4 0― -.540.30  .0338.39118.8 5.2411.8421.37 41118 3.51 8.4015.00 8
20260718토 5180010국541 5 96 3혼전 4454흐림불량20 6 6샤크텐          일루시브샤크런   10     한거 5 0 0 2 1   36      24750국5박지헌힐링팜조-3 313201027 6 0 424  0이혁  47353.576평입보39 48 483032.055.035.62258 7214511201023 02015282118132550↗↘선14.540.640.113.7284141.740.3118.6120.4 17 26  422   14.70   13.80 2  6  0NH동53.84641817-1.0 4.4 3.4686817 0마주성향거리속성 5   0 7101010 9 9 8⑨1:58.6½   1.314.839.313.2  2  4  .00 9 7  4 2.57693427841 7 1 5 40 6 1.02 4.08 3.0 6.3  3.0    6.4   10.0   27.1  .02856 1 5 5 1―  .640.50 -.3139.67118.812.9824.2235.60 61325 5.6315.1923.86 6
20260705일 41800 9국550 9 56 4 1강 1159흐림건조 4 6 6샤크텐          일루시브샤크런   10     한거 5 0 0 1 1   27      24750국5박지헌힐링팜조-3 41219 927 5 0 423  0이혁  46953.576평입상43 53 536668.068.075.22258 7214511201023 02015282118132550↗↘선14.440.739.813.7195340.241.3120.4119.5 18 32 1423   14.60   12.60 2 -9 -1UH동53.84641817-1.0 5.6 4.6626217 0뒷심문제마주성향60관 0 1 7 7 8 8 8 8③2:00.44     .814.740.913.8  0  0  .00 3 3 -1 2.05349696758 7 1 2 13 5 2.01 4.03 3.0 5.0  3.7    5.0   12.3    4.3  .03577 3 8 9 3▲ 1.540.30-1.1338.97118.734.2760.3775.2038587022.2241.3855.26 1
20260620토 5180010국551 2106 5 3강 3359비  불량20 6 6샤크텐          일루시브샤크런   10     한거 5 0 0 2 1   36      24750국5박지헌힐링팜조-3 51118 827 4 0 422  0이혁  46954.076평입상47 51 512334.056.041.72258 7214511201023 02015282118141457↗↘선14.440.740.313.7243740.838.7116.9119.0 19 33 1414   15.00   13.50 5  3  0VNUP53.74631817 -.8 6.2 5.4565617 1숨은복병거리속성 5관 110 7 7 7 5 5 2③1:56.9½    .114.638.012.6 -1 -3  .00 3 4 -1  .63972 61373 8 3 2 32 4 1.06 7.09 2.6 5.6  2.6   15.2   25.5   27.111.22140 0 6 6 0―  .440.30 -.5337.99118.915.2429.2741.7318375412.0028.0439.89 3
20260516토 5170011국551 8106 6혼전 4431맑음건조 3 6 6샤크텐          일루시브샤크런   1053.00한거 5 0 0 2 1   96      24750국5박지헌힐링팜조-3 61017 927 3 0 421  0이혁  47254.078평입하34 48 483928.056.028.32258 7214511201023 02015282118171767↗↘선14.440.040.713.7345340.040.9113.3113.1 20 30  520   15.40   12.90 3  3  1NNDN53.74621817-1.0 6.6 5.6555517-1숨은복병최적거리46기 0 7 6 6 6 7 5 5④1:53.32     .515.040.313.5 -1 -7  .00 4 5  2  .63055434667 8 3 7 60 3 3.0811.01 2.9 7.2  6.5   93.4  169.4  105.6  .02144 0 5 6 0―  .641.00  .0832.37113.6 9.0818.2928.32 6132510.5315.6425.35 6
20260426일 4180011국551 4106 7 1강 1151맑음건조 3 6 6샤크텐          일루시브샤크런   10     한거 5 0 0 9 1   47      24750국5박지헌힐링팜조-3 7 916 727 2 0 420  0이혁  47953.576평입상60 55 552749.059.043.52258 7214511201023 02015282118171767↗↘선14.440.740.313.8253340.939.4120.2119.2 21 26 1621   15.40   13.60 5  2  0HHUP53.74621817-2.8 8.0 5.2585817 1배당마주거리속성47기 0 410 9 9 9 9 6④2:00.2½    .315.438.712.9  1  6  .00 4 3 -4 1.05479193770 8 2 5 33 2 2.04 1.02 2.5 5.4  3.5   10.1   20.9   32.112.03266 2 6 6 2―  .840.30 -.5538.17118.913.4927.7743.45102335 8.5719.0030.82 4
20260322일 4170011국543 9 46 8혼전 4451맑음건조 5 6 6샤크텐          일루시브샤크런   1053.00한거 5 0 0 2 1   91      24750국5박지헌힐링팜조-3 8 815 827 1 0 419  0이혁  47353.578평입보30 32 324323.056.029.32258 7214511201023 02015282118202060↗↘선14.439.940.813.7394840.041.0112.6112.5 22 28  617   15.60   13.10 3 -9  1UNDN53.74591817-3.0 8.0 5.0616117-1배당마주배당마주47기 0 2 8 8 8 8 8 5③1:52.63     .515.440.613.6 -4  1  .00 3 7 -2  .61756495269 8 3 9 53 1 1.08 6.09 2.5 3.2  2.5   31.9   38.5  154.9  .02365 1 5 7 1―  .641.00  .0531.76113.610.2919.1629.34 61325 6.5914.2124.35 5
20260301일 5180011국550 6106 9혼전 4455맑음건조 3 6 6샤크텐          일루시브샤크런   10     한거 5 0 0 1 1   58      24750국5박지헌힐링팜조-3 9 714 627 3 0 418  0조상범47253.056평입보36 41 4119 8.042.016.6 926 6214511201011232015132216202060↗→입14.440.340.613.8482242.239.1121.9120.1 24 24  612   14.60   14.10 3  7 -2VH동53.74591817-3.6 7.8 4.2717117 0배당마주배당마주55기 111101011111111⑨2:01.91½  1.815.638.613.1  0 -2  .00 9 9  2 2.27598156728 5 9 8 801110.01 9.05 3.3 6.3 26.3   47.6  163.4  120.9  .02327 0 2 3 0― -.640.80  .0739.23118.9 3.70 9.7316.60 2 510 3.70 5.5611.6210
20260208일 6180011국551 510610혼전 4451맑음건조 2 6 6샤크텐          일루시브샤크런   10     한거 5 0 0 2 1   26      24750국5박지헌힐링팜조-310 613 527 2 0 417  0조상범47455.056기입적26 43 432210.042.020.6 926 6214511201011232015132216202060↗→입14.440.340.613.7482240.240.7119.2119.3 25 31  613   15.30   13.90 5 -6  2HNUP53.74591817-4.0 7.4 3.4707017 1마주성향배당마주79기 1 4 4 5 5 5 6 6⑦1:59.21    1.114.640.714.1  0  8  .00 7 7  0 1.45748605546 3 8 5 6210 1.02 5.02 2.5 6.6  2.5    6.6   11.5   29.6  .02824 0 3 4 0― -.440.70 -.0238.35118.9 6.1712.0720.60 51221 4.17 9.2715.06 7
20260103토 6170011국511 8 6611혼전 4431맑음다습13 6 6샤크텐          일루시브샤크런   1053.00한거 5 0 0 1 1  100      24750국5박지헌힐링팜조-311 512 727 1 0 315  0조상범46653.557평입상85 86 864033.048.020.6 926 6214511201011232015132216202060↗→입14.439.640.913.6584540.441.3113.2114.6 27 33  713   14.90   12.90 2  6  1BN동53.74591817-3.8 7.0 3.2676717 0배당마주마주성향43기 0101111 9 9 9 7⑤1:53.2½    .615.340.713.9 -2  1  .00 5 7 -3 2.48077597563 5 5 2 83 9 1.06 5.02 1.8 5.9  1.8   17.1   20.4   52.8  .02450 0 5 2 0― -.341.70  .3534.13113.4 5.0512.6920.59 2 510 5.3816.0824.43 5
20251220토 6170011국552 410612혼전 4431흐림포화16 6 6샤크텐          일루시브샤크런   1053.00한거 4 0 0 2 1   3914:25 24750국5박지헌힐링팜조-312 411 627 1 0 315  0유승완46552.569평입상83 84 844231.055.021.41860 8214511201014 02015152722252550→↘입14.439.541.413.7673040.239.8110.0112.5 21 29  7 7   15.10   13.80 2 -6  1HN동54.04581817-2.0 6.0 4.0616117 0배당마주배당마주47기 0 4 9 9 8 8 8 5②1:50.03     .014.938.812.9 -8  1  .00 210  3  .61867182480 8 7 5 73 1 9.10 5.04     9.7 17.6   88.0  164.5  311.5  .02370 0 4 5 0―  .241.40  .1331.60113.7 5.9613.2721.42 41118 5.1313.1720.95 8
20251207일 4170011국521 7 7613혼전 4441맑음양호 9 6 6샤크텐          일루시브샤크런   1053.00한거 4 0 0 1 1   52      24750국5박지헌힐링팜조-313 310 527 2 0 214  0조상범46452.057평입상66 65 653042.056.031.5 926 6214511201011232015132216333333↗→입14.339.441.613.8771740.040.0112.3112.1 15 23 23 8   14.60   14.10 3  7  0BU동54.74561814-1.0 5.8 4.8505014 0배당마주배당마주70기 010 9 9 9 7 7 3②1:52.3½    .015.140.313.8 -5 -3  .00 2 7 -1  .01057232489 5 9 7 53 8 1.07 7.10 2.6 4.7  2.6   26.9   43.5   57.712.73058 2 5 6 2―  .641.50 -.1531.12113.810.4120.4331.49102135 7.4517.1726.92 6
20251115토 6170011국531 5 8614혼전 4452맑음건조 3 6 6샤크텐          일루시브샤크런   1053.00한거 4 0 0 2 1  127      24750국5박지헌힐링팜조-314 2 9 427 1 0 213  0조상범46752.057평입하29 25 2526 9.039.018.5 926 621451120101123201513221650 050↗→입14.339.441.713.7711738.941.7112.0112.4 17 17 17 8   14.30   13.60 7 -6  0UUDN56.04501814  .0 6.0 6.0373714-1배당마주배당마주46기 1 3 5 5 4 4 4 4⑤1:52.0½    .214.641.214.1 -3 -4  .00 5 8  7  .617 9704273 411 9 72 710.07 9.11 2.3 5.0 48.6  314.4  766.5  326.3  .02339 0 2 3 0― -.741.50  .1031.31113.8 5.5811.2118.48 2 510 2.60 7.7915.54 8
20250928일 4180011국550 510615혼전 4452흐림불량20 6 6샤크텐          일루시브샤크런   10     한거 4 0 0 9 2  25012:45 24750국5박지헌힐링팜조-315 1 8 427 1 0 212  0빅투아47152.091평입상16 14 142414.044.020.2283818223315201025 0201522281850 050→→선14.340.241.113.754 939.841.1118.4119.7 17 17 17 8   14.30   14.3013  1  0BU동56.04501814  .2 7.2 7.4303014 0배당마주배당마주62기 0 9 6 6 5 5 7 7⑥1:58.42½  1.814.341.013.6  5 -9  .03 6 1 -4 2.56333675427 510 9 80 1 5.03 3.05     9.4  6.3   14.5   31.9   62.3  .02356-1 4 5-1▽ -.540.80 -.1238.38119.0 5.3411.3820.20 41118 4.29 9.2717.28 9
20260912토 6170011외4 0 8  7 0 1강 1153           6 7브리도큐피드    LOOKIN AMARVELOU  666.00미거 3 0 0   1    015:15 24750국5정하백조수영   2 0 6 6 2 5 1 0 0 5  0권중석   54.566하무보50 24 24 5 5.031.0 8.31341 6244818192210 02519191818      ↘→선14.940.441.713.217 6                    0  0  0 0   15.30   14.20 5 -3  2NN동       1818 -.610.2 9.6111117 0능력한계부진마필58기 0 7                            15.3    14.2        .0                      11101111  1                                              .0 6 4-3 1 1-3▼-1.241.70 -.19     114.5  .94 3.92 8.26 1 4 6 2.47 4.88 9.3410
20260808토 6170011외410 7 67 1 1강 1151맑음건조 2 6 7브리도큐피드    LOOKIN AMARVELOU  666.00미거 3 0 0 1 1  106      33000혼4정하백조수영   2 1 5 5 1 5 2 0 0 3  0조상범45453.057하무보 5  1  1 0 3.029.0 3.2 926 62448181922 0 02519132216      ↗→입14.940.441.913.218 540.741.6114.4114.3  0  0  0 0   15.00   13.80 2  7  1BNUP       1818 -.310.0 9.8 6 612 1탄력저조거리속성46기 010 9 911 4 7 9⑨1:54.41    1.615.341.414.2 -2  1  .00 911  1 2.87186648335111111110 2 1.05 1.09 1.4 3.8  1.4   10.7   13.6   39.3  .012 1-4 1 3-4▼-1.940.80 -.1931.99114.6  .22  .64 3.16 0 2 4  .12 1.67 4.3211
20260726일 7160010외451 4107 2혼전 4451맑음양호 9 6 7브리도큐피드    LOOKIN AMARVELOU  666.00미거 3 0 0 2 1    4      33000혼4정하백조수영   2 2 4 4 1 5 1 0 0 3  0조상범45352.557하선보 5  1  114 4.027.0 4.3 926 62448181922 0 02519132216      ↗→입14.937.339.613.2 7 237.141.2104.9106.3  0  0  0 0   15.10   14.80 4  0  0UHDN       1818  .010.010.0 7 712-2능력한계보통주행94기 1 310  10101010⑨1:44.96    4.715.040.813.8 -1  2  .00 910 -1 4.997888392 410 510100 1 5.0110.01 2.4 5.4  9.0   10.4   28.5   13.0  .013 3-4 1 1-4▼-1.939.60  .3329.41103.6  .43 1.01 4.29 1 4 8 1.33 3.75 8.3310
20260627토 8180011외412 7 67 3 1강 1157맑음건조 4 6 7브리도큐피드    LOOKIN AMARVELOU 4953.00미거 3 0 0 9 1   73      33000혼4정하백조수영   2 3 3 3 2 5 3 0 0 2  0김용근45152.586하무보 5  1  1 412.038.014.7275114244818192243382519312714      ↘↘선14.941.140.813.212 441.243.4121.4121.9  0  0  0 0   15.20   14.5012 -5  1HN동       1812  .5 9.510.0 8 818 0마방기습휴양불리64기 1 3101111111111⑩2:01.4¾   3.915.142.614.8 -1 -2  .001011  0 5.093859397 811 711 80 3 1.05 6.11 1.2 3.5  1.2    8.0    9.8   12.5  .03113-3 3 4-3▽-1.140.20 -.1939.96119.3 2.64 6.7114.71 2 714 2.78 8.8116.54 8
20260404토 7180011외422 8 77 4 1강 1141맑음양호 7 6 7브리도큐피드    LOOKIN AMARVELOU 4953.00미수 3 0 0 1 2  218      33000혼4정하백조수영   2 4 2 2 1 5 2 0 0 1  0김용근45351.581하무보 5  1  1 5 8.030.0 7.12045 81743 6192243382519312714      ↗↘선14.941.241.413.2 31340.542.8122.3121.1  0  0  0 0   14.90   13.50 5  0 -5NHUP       1812 1.0 8.0 9.0101012 6마방기습마방기습74기 0 8101010 91011⑪2:02.311   3.515.242.614.5  0 -6  .001111  3 4.08764909310111111100 2 1.03 7.06 1.6 3.1  1.6    5.8    8.3  101.7  .03110-4 2 1-4▼-1.440.00 -.2138.48119.6 1.04 3.44 7.10 0 3 6 2.91 4.7210.65 9
20260228토 21200 9외432 7 37 5 2강 2239맑음건조 3 6 7브리도큐피드    LOOKIN AMARVELOU 8138.00미수 3     9 1  114      41250혼4정하백조수영   2 5 1 1 1 5 1 0 0 0  0김용근45956.087평무보 5 25 2526  .046.025.0275114244818192243382519312714      ↘↘선15.438.639.913.2 1 138.639.1 78.1 77.6              15.40   13.50 4  0  0LL동       12 0         7.0     0 0일반주행마방기습52기 1 8 9     9 9 9⑨1:18.15    3.014.939.213.5  1  7  .00 9 8  0 3.28595598713 9 7 9 50 1 2.01 4.01 2.3 2.1  2.4    2.1    4.5    6.5  .02544-2 5 5-2▽ -.337.40-1.28 -.9477.45 4.8814.3525.00 6132510.4320.4756.29 5
20260912토 6170011국5 0 8  7 0 1강 1153           6 8타이거리벤저    파워블레미나키   6934.00한암 3 0 0   1    015:15 24750국5강환민(주)메타 1 0 5 3 1 4 5 1 0 4  0푸르칸   52.579평추보50 51 512121.050.024.1246016195311231719311919142421 0 050↗→추14.040.141.513.63248                   25 25  0 0   14.00   13.80 5  0 -1LUUP54.04551712-1.3 7.5 6.3535312 4일반주행거리속성47기 0 8                            14.0    13.8        .0                      10 9 6 6  5                                              .01828 0 4 5 0―  .241.50 -.30     114.2 5.9014.6524.13 31120 3.7010.9821.01 6
20260808토 4130011국551 5 57 1혼전 4451맑음건조 2 6 8타이거리벤저    파워블레미나키   6934.00한암 3 0 0 1 1  108      24750국5강환민(주)메타 1 1 4 2 2 4 4 1 0 3  0푸르칸45253.079평추보26 28 282418.051.021.6246016195311231719311919142421 0 099↗→추14.237.939.413.6286137.839.1 82.7 82.9 33 33  0 0   14.20   13.60 5  5  1BN동55.04571312-1.7 6.7 5.0515112 0숨은복병거리속성62트 0 8 7     7 7 9⑩1:22.7½    .814.039.113.8  0 -6  .001010  3  .8416045505611 610 70 4 1.02 6.03 3.3 4.8  3.3    4.8    8.1   14.4  .02132 1 4 5 1―  .139.10 -.09 5.5983.48 5.9513.5421.61 41118 3.00 8.6517.0111
20260705일 5130011국531 2 87 2 1강 1151흐림건조 4 6 8타이거리벤저    파워블레미나키   6934.00한암 3 1 1 1 1   66      24750국5강환민(주)메타 1 2 3 1 1 4 3 1 0 2  1푸르칸45852.579기추적77 88 886478.060.029.1246016195311231719311919142421 0 099↗→추14.437.839.413.3346938.039.4 82.0 83.6 50 50  0 0   14.40   13.70 4 -3 -3UUUP55.04571312-2.5 6.5 4.0585812 1착차만회작전마주39트 0 310    1010 8⑦1:22.0코   1.414.238.813.6  0  1  .00 7 7  2 1.5626952633511 6 2 53 3 1.02 2.10 1.9 5.0  1.9    5.0    7.0    7.513.22552 0 7 6 0―  .639.40 -.22 6.4383.42 8.4017.8629.0610213513.5727.0942.02 4
20260606토 1120011국630 9 37 3 1강 1159맑음양호 7 6 8타이거리벤저    파워블레미나키   6028.00한암 3 0 0 1 1   80      16500국6강환민(주)메타 1 3 2 2 2 4 2 0 0 1  0푸르칸45755.080하무보37 24 242440.052.054.5246016195311231719311919142421      ↗→추14.538.139.413.6 53737.238.3 77.3 75.3  0  0  0 0   14.50   13.90 4  1  0NH동       1212-1.0 8.0 7.0212112 0최빈거리작전마주88기 1 6 6     5 5 3①1:17.31¾  -.314.439.413.7 -4 -5  .00 1 5 -3  .01948302795 9 3 2 33 2 5.02 6.03 1.6 2.9 19.0   25.3   69.9   12.2  .02032 0 5 4 0―  .037.20-1.58-2.2076.9018.8837.4354.54183754 7.0716.4113.32 9
20260509토 2120011국614 9 17 4 2강 2251맑음건조 5 6 8타이거리벤저    파워블레미나키   6028.00한암 3     2 1   79      16500국6강환민(주)메타 1 4 1 1 1 4 1 0 0 0  0푸르칸46255.080평무보11 25 2542  .030.0 8.2246016195311231719311919142421      ↗→추14.336.940.114.197 137.839.2 78.2 76.5              14.30   14.40 4  0  0LL동       12 0         9.0     0 0일반주행보통주행44관 0 5 9     9 8 8⑦1:18.21    2.114.539.913.9 -1 -7  .00 7 8  0 2.56479657724 81011 70 1 1.02 1.03 1.5 2.9  1.5    3.8    4.7    3.9  .01514-3 2 2-3▼-1.438.80  .05 -.5576.62 1.22 3.96 8.23 1 4 8 9.6018.8054.55 5
20260912토 6170011국5 0 8  9 0 1강 1153           6 9제축산지로      섀클포드엘로퀀트 6526.00한거 3 0 0   1    015:15 24750국5이신우제주축산99 0 7 2 2 6 3 1 1 6  0마이아   53.593우입보50 59 597981.071.070.53452152162 8205638 022133533 8 06733↘↗선14.039.341.314.17933                   50 17 1717   13.80   13.60 8  4 -1NUDN57.05301814-1.0 4.0 3.0696914-1연대우수승부최상50조 0 9                            13.8    13.6        .0                       2 6 3 1  3                                              .06095 4 9 9 4☆ 2.141.30 -.83     113.539.5359.6370.4838607127.1648.7860.70 2
20260718토 5180010국541 4 99 1혼전 4454흐림불량20 6 9제축산지로      섀클포드엘로퀀트 9427.00한수 3 0 0 2 1  147      24750국5이신우제주축산99 1 6 1 1 6 2 1 1 5  0마이아53754.093기입상43 58 585471.067.051.23452152162 8205638 022133533 8 06733↘↗선14.040.241.014.2511239.540.8117.9119.9 60 20 2020   14.00   14.40 3 -3 -3NUUP57.05301814 -.4 4.4 4.0595914 4승부최상연대우수 5   0 5 2 2 2 5 4 4④1:57.92½   .613.839.713.6 -1  5  .00 4 5  3 1.86823573560 410 2 12 2 1.02 4.08 3.0 6.3  3.0    6.4   10.0   27.112.73772 2 8 8 2▲ 1.340.90 -.7938.70119.020.1238.1451.2038587021.1336.7150.00 2
20260628일 3140011국652 8109 2 1강 1151맑음건조 3 6 9제축산지로      섀클포드엘로퀀트 6526.00한수 3 0 0 9 1   48      16500국6이신우제주축산99 2 5 5 3 6 1 0 1 4  0마이아53257.093하입보34 73 736486.080.067.13452152162 8205638 022133533 8 05050↘↗선14.137.239.814.2461336.639.3 88.5 87.6 50  0  025   13.90   14.80 4 -3  0NN동57.05301714 -.3 5.0 4.8505014 0신뢰마주승부최상64기 0 8 7     4 4 3①1:28.51½  -.214.039.814.4 -1 -4  .00 1 2  0  .0 517441992 4 3 5 12 1 2.05 8.10 2.8 6.6  3.6   16.1   25.7   25.2  .04494 4 9 9 4☆ 2.538.40-1.4710.5689.2831.6648.7067.0738607116.7934.9649.72 2
20260531일 3140011국610 9 19 3 2강 2257맑음양호 7 6 9제축산지로      섀클포드엘로퀀트 6526.00한수 3 0 0 9 1   48      16500국6이신우제주축산99 3 4 4 2 6 1 0 0 3  0푸르칸53657.079하입하47 65 656091.073.086.62460162162 8205627 02213142421 0 099↗→추14.537.439.614.2411337.039.6 91.1 89.1 33  0  033   14.40   12.90 3  4  0VNDN57.05231713 -.3 6.0 5.7383814-3뒷심문제신뢰마주29기 011 3     4 3 1②1:31.1머리  .013.940.714.8  0 10  .00 2 2 -1  .05043544890 5 1 1 12 1 3.02 3.11 1.4 2.6  9.3   23.3   60.4  154.8  .03776 3 8 8 3▲ 1.838.60-2.0012.1089.2843.1672.0986.5938587050.0087.0289.36 1
20260509토 11700 9국642 9 49 4 1강 1159맑음건조 5 6 9제축산지로      섀클포드엘로퀀트 6526.00한수 3 0 0 2 1   60      16500국6이신우제주축산99 4 3 3 1 6 2 0 0 2  0송재철52657.077하추적33 61 618382.074.099.01645 72162 82056 0 02213192620 0 099↘↗입14.440.541.013.0 97639.444.5116.8115.4 50  0  050   14.50   13.30 3  2  0NNUP57.05231713-1.5 7.5 6.0424214 3걸음늘어신뢰마주53기 0 7 4 4 4 5 4 5⑤1:56.84    1.714.644.115.1  2  3  .00 5 3 -5 3.08726969534 8 1 1 12 2 2.01 3.02 2.2 2.6  3.5    2.6    5.7   32.1  .04380 3 8 7 3▲ 1.840.90-1.9733.87114.147.4382.5599.0037577040.4372.3895.71 1
20260419일 31400 9국621 9 79 5 1강 1159맑음건조 4 6 9제축산지로      섀클포드엘로퀀트 6526.00한수 3 0 0 2 1   49      16500국6이신우제주축산99 5 2 2 1 6 1 0 0 1  0송재철52357.077하무보 5  5  522 6.029.012.11645 72162 82056 0 02213192620      ↘↗입14.437.540.914.722 138.238.1 91.0 89.0  0  0  0 0   14.40   15.00 4 -4  1NNUP       1413 2.0 7.0 9.0101013 1신뢰마주거리부담82기 2 5 6     7 7 6③1:31.01½   .214.539.013.3 -5 -1  .00 3 8  1  .74893104076 8 9 9 83 1 3.04 7.03 1.6 3.1 10.9   41.8   80.2  301.5  .02718-4 1 2-4▼-1.738.40 -.8910.6090.24 2.30 5.5212.12 2 510 3.13 9.3019.48 8
20260321토 1130011국630 8 39 6 1강 1151맑음양호 6 6 9제축산지로      섀클포드엘로퀀트 6526.00한수 3     2 1   84      24750국6이신우제주축산99 6 1 1 1 6 1 0 0 0  0김정준52456.073평무보   25 2540  .045.017.61538102162 8205622112213132026      ↗↗추14.437.539.614.6    37.941.6 85.7 85.3              14.40   14.90 4  0  0LL동       13 0                 0 0일반주행신뢰마주44기 0 910     9 7 8⑨1:25.7목   3.014.441.915.0  2 -5  .00 9 7  0 3.39264949512 1 1 8 70 1 4.0111.02 2.4 2.8 19.3   21.6   77.9   14.5  .02864 0 4 4 0― -.440.10  .15 8.1783.35 4.17 9.4117.57 51222 7.0614.5234.66 6
20260912토 6170011국5 0 8  9 0 1강 1153           610이클립스베이    섀클포드실크베리 6526.00한수 3       1    015:15 24750국5서홍수조한수   0 011 1 1 0 1 1 0 0  0서승운   53.082평입하85 76 767985.061.041.92337141850 72428 0 026162728175050 0↗↘선14.239.041.414.69612                   13 13 75 0   14.00   12.70 7  9 -1LU동56.34651817 -.6 4.8 4.2606017 0숨은복병보통주행 1   010                            14.0    12.7        .0                       1 7 1 2  1                                              .03787 3 7 6 3△ 1.241.40 -.09     113.414.4529.2641.9119395528.4051.2263.04 1
20260726일 4170011국551 2109 1혼전 4451맑음양호 9 610이클립스베이    섀클포드실크베리 6526.00한수 3 0 0 9 1  118      24750국5서홍수조한수   0 110 5 510 2 1 0 9  0이동하47254.091평입보53 57 578164.065.035.03354151850 72428333326162524195050 0↗↘선14.239.041.514.696 938.846.5117.0118.3 13 13 75 0   14.30   14.20 6 -3  0UU동56.34651817 -.2 4.8 4.6535317 0승부최상최적거리 5   0 1 2 2 1 3 411⑪1:57.014   6.214.146.216.7  6  9  .0911 5 -1 6.399 89999 2 1 9 5 30 3 4.01 3.05 3.5 9.2  7.7   12.7   28.7  146.912.73482 2 7 7 2△ 1.142.80  .0237.77113.412.8423.6234.9512264011.3423.1934.76 4
20260613토 4170011국552 8109 2 3강 3331맑음건조 3 610이클립스베이    섀클포드실크베리 6526.00한수 3 0 0 2 1  117      24750국5서홍수조한수   0 2 9 4 410 1 1 0 8  0이동하46354.091평입보40 44 448170.067.042.23354151850 72428333326162524195050 0↗↘선14.239.141.514.5931238.641.9113.0113.2 14 14 57 0   14.20   14.30 5 -5 -1UUDN56.34651817 -.2 4.8 4.6535317-1숨은탄력승부최상60관 0 4 2 2 1 1 1 2④1:53.01     .414.341.214.2 -2 -8  .00 4 6  1 1.336 3713569 1 8 9 31 2 1.03 8.03 2.9 7.3  2.9    8.9   14.6    8.212.24495 3 8 9 3▲ 1.441.90 -.1932.60113.516.7331.1842.2412264012.3924.2436.95 4
20260510일 5180010국551 9109 3혼전 4451맑음건조 5 610이클립스베이    섀클포드실크베리 9427.00한수 3 0 0 2 1   86      24750국5서홍수조한수   0 3 8 3 310 6 1 0 7  0해리카47154.567기입하14 13 134514.037.015.01444111850 72428183026161726125050 0↗→입14.239.640.814.887 439.341.3120.4119.4 17 17 67 0   14.30   15.00 4 -2  0NU동56.34651817  .2 4.6 4.8464617 0일반주행기복전력 5   0 9 5 4 4 4 4 5⑥2:00.4½    .914.242.114.3  1  2  .00 6 5  1 1.55717684456 1 510112 6 2.01 3.01 3.1 5.9  3.8    5.9    9.5   23.0  .01536 0 4 2 0― -.941.40  .2539.04118.7 3.54 8.5314.96 0 2 4 4.17 8.7015.2211
20260411토 7180011국541 8 99 4 3강 3354맑음다습13 610이클립스베이    섀클포드실크베리 9427.00한수 3 0 0 2 1   77      24750국5서홍수조한수   0 4 7 2 210 5 1 0 6  0해리카46954.567기선적14 14 144014.038.019.71444111850 72428183026161726125050 0↗→입14.139.640.714.888 739.941.5119.7119.7 20 20 60 0   13.90   15.10 4  2  1VN동56.34651817  .6 4.8 5.4484817 0일반주행기복전력 5   011 5 5 5 5 6 5⑤1:59.73    2.314.342.715.0  1 -3  .00 5 4  0 3.16737746521 1 5 6 62 5 2.01 3.01 2.1 4.3  3.4    4.3    8.2    6.1  .01530 0 4 2 0― -.741.40  .1739.40118.7 5.6911.7419.66 51222 5.5611.9722.22 6
20260314토 4180011국552 8109 5 1강 1151맑음양호 7 610이클립스베이    섀클포드실크베리 9427.00한수 3 0 0 2 1   81      24750국5서홍수조한수   0 5 6 1 110 4 1 0 5  0해리카47254.067기선적26 38 38 931.038.014.21444111850 72428183026161726125050 0↗→입14.139.640.814.885 438.043.4120.9119.3 20 20 60 0   14.20   13.50 5  3 -2LUUP56.34651817 1.0 5.5 6.5353517 1부중유리기복전력 5   0 9 2 2 2 2 2 3⑧2:00.92½  2.113.942.715.1  4 12  .01 8 4  2 2.256 1946524 3 6 7111 4 3.0211.04 2.6 8.3  7.3   15.6   32.1   80.6  .03119-2 5 2-2▽ -.841.40  .2838.89118.7 3.43 7.5514.24 1 4 7 5.6114.9523.81 6
20260207토 3170011국651 9109 6 1강 1153맑음건조 2 610이클립스베이    섀클포드실크베리 6526.00한수 3 0 0 2 1   92      16500국6서홍수조한수   0 6 5 5 310 3 0 0 4  0해리카46056.067하입상35 47 476263.063.040.71444111850 7242818302616172612 099 0↗→입14.139.142.214.893 638.740.6112.8112.2  0  0 50 0   14.20   14.90 4 -1 -1NU동56.54691717 1.0 5.5 6.5353517 0뒷심부족탄력호전 5   0 6 3 3 2 2 1 1①1:52.88   -1.414.240.213.5 -1 -9  .00 1 2 -5  .012 537 799 1 9 6 31 3 2.11 6.03 2.6 6.6  4.1  121.2  154.3  495.812.03070 2 6 6 2― 1.241.80 -.5430.85114.013.9828.4740.6613294315.0731.0645.35 3
20260110토 4170011국651 9109 7 1강 1141강풍양호 8 610이클립스베이    섀클포드실크베리 6526.00한수 3 0 0 2 1   81      16500국6서홍수조한수   0 7 4 4 210 2 0 0 3  0해리카46956.567하선보 9 17 17 6 9.033.0 6.31444111850 7242818302616172612      ↗→입14.039.042.114.496 338.942.0114.4112.9  0  0 33 0   14.20   16.80 5 -3  1NN동       1712 2.0 5.0 7.0262612 0일반주행거리속성 5   0 7 2 2 4 4 4 4⑤1:54.4머리  .614.242.614.9 -2 -2  .00 5 7  1  .73310755164 31010102 2 5.04 6.03 2.8 7.0  9.2   28.5   62.7   30.3  .015 5-4 2 1-4▼-1.542.00  .3731.75113.8  .51 2.36 6.28 1 4 8 1.69 5.5612.62 7
20251207일 3170011국651 9 59 8혼전 4451맑음다습10 610이클립스베이    섀클포드실크베리 6526.00한수 2 0 0 1 1   9611:25 16500국6서홍수조한수   0 8 3 3 110 1 0 0 2  0해리카47156.067하무보10 14 14 613.032.0 7.71444111850 7242818302616172612      ↗→입13.739.142.514.491 438.843.2117.4115.0  0  0 50 0   13.80   14.70 4  5  0BHUP       1712 3.0 4.5 7.5242412 3거리적응거리속성 5   010 1 1 1 1 1 3⑥1:57.41¼  1.714.244.116.8  0  4  .00 6 6  2 4.284 7917933 211 9 91 1 1.09 3.05     3.4  2.1   39.9   49.6   36.6  .02022-2 2 2-2▽-1.442.20  .0733.40114.2 1.08 3.58 7.70 2 510 2.94 8.9715.54 7
20251109일 31400 9국642 9 49 9 2강 2258맑음건조 3 610이클립스베이    섀클포드실크베리 6526.00한수 2 0 0 2 1  141      16500국6서홍수조한수   0 9 2 2 110 1 0 0 1  0이동하46756.091하무보15 22 226450.054.046.03354151850 7242833332616252419      ↗↘선13.736.540.914.486 236.641.3 92.4 90.4  0  0  0 0   13.70   14.70 5  0  0NHUP       1412 3.0 5.0 8.0303012 2교체실패거리부담 5   0 5 3     5 8 8⑦1:32.46    2.213.841.914.7  3  6  .00 7 4 -1 2.38421908423 2 7 6 30 1 2.01 1.04 2.4 3.6  3.8    3.6    7.4   13.8  .02051-1 5 5-1▽  .139.70-1.1613.0089.5516.0332.8845.9612264021.1541.0355.43 3
20251003금 3120010국640 9 4910 1강 1159흐림다습11 610이클립스베이    섀클포드실크베리 6719.00한수 2     1 2  240      16500국6서홍수조한수   010 1 1 110 1 0 0 0  0이혁  46156.079평무보   35 3540  .034.017.11231 41125 5242829272616282118      ↘↗선13.536.738.514.3    36.740.7 78.4 77.2              13.50   14.60 4  0  0LL동       12 0                 0 0일반주행우수혈통 5   0 5 2     3 3 6⑧1:18.43    1.713.741.114.7  3  8  .00 8 5  0 3.17820918333 2 2 8 40 1 3.08 6.09 2.5 3.8  4.8   81.4  127.0   51.6  .01529-2 2 2-2▽-1.039.20  .79 1.9675.61 2.78 8.4717.12 7182911.7622.6847.14 4
20260912토 6170011외4 0 8  5 0 1강 1153           611세상너머로      ROCK YOUEXCUSE M 3921.00미암 3 0 0   1    015:15 24750국5강환민한춘희   0 01111 110 1 0 010  0우인철   52.569하무보50 25 25 8 6.035.0 9.620491019531123 018 01919112822      →↘입13.839.442.213.671 9                    0  0 25 0   14.00   14.10 3  4  0NHUP       1712  .6 9.410.0141412 3일반주행거리속성29관 011                            14.0    14.1        .0                       4111010  1                                              .01516-3 1 2-3▼-1.042.20  .02     114.2 1.16 4.26 9.56 1 4 9 1.23 4.8811.6711
20260822토 91400 8외442 7 95 1 1강 1141흐림불량20 611세상너머로      ROCK YOUEXCUSE M 3921.00미암 3     2 1   52      33000혼4강환민한춘희   0 11010 410 2 0 0 0  0조한별48752.561하무하35 26 2633 7.031.0 7.813211019531123 011 01919122118      →↘입13.836.640.413.674 937.440.2 88.7 90.0  0  0 29 0   15.00   11.80 8  6  0BH동       1412  .2 9.4 9.6141412 0일반주행부진마필38기 0 7 5     7 7 8⑧1:28.77    1.414.039.714.1  0 -5  .00 8 8 -2 2.17767717840 2 8 7 80 2 2.07 5.03 3.1 5.7  3.8   58.4   85.0  126.0  .015 5-3 1 1-3▼-1.539.50  .0812.9989.28  .83 3.22 7.84 2 714 2.53 5.9211.54 8
20260628일10140011외452 5 55 2 1강 1151맑음건조 3 611세상너머로      ROCK YOUEXCUSE M 3921.00미암 3 0 0 9 1  132      33000혼4강환민한춘희   0 2 9 9 310 1 0 0 8  0조한별49252.561하무보 5  1  1 9 3.028.0 5.913211019531123 011 01919122118      →↘입13.936.940.313.7521036.445.8 94.2 94.8  0  0 17 0   13.70   15.50 3 -3 -3HHUP       1412  .0 9.4 9.4232312 1숨은복병부진저하68기 0 1 4     61111⑪1:34.28    6.613.345.817.3  1  1  .001110 -1 6.899149999 3 61011110 1 2.05 5.03 2.7 4.8  4.9   25.9   40.3   14.8  .019 4-3 1 1-3▼-1.540.30  .0117.5889.41  .56 2.35 5.92 1 4 6  .12 1.93 4.9311
20260607일 4130011국550 8105 3 1강 1159맑음양호 6 611세상너머로      ROCK YOUEXCUSE M 3921.00미암 3 0 0 1 1   27      24750국5강환민한춘희   0 3 8 8 210 1 0 0 7  0송재철49155.077하입하 5  4  4 3 3.034.0 9.31645 719531123 011 01919192620      ↘↗입13.937.339.913.7532537.142.4 86.2 85.7  0  0 2020   13.80   15.60 4  1  3HBDN       1412  .0 9.0 9.0252512-1탄력저조거리속성39기 0 4 3     7 711⑪1:26.213   3.613.742.715.5  0 -7  .001111  4 3.895239794 9 81011100 7 8.10 5.09 3.0 8.3 22.0  252.9  456.9  421.8  .01212-3 1 2-3▼-1.140.40  .34 8.5083.42 1.26 3.76 9.32 1 4 6  .12 2.40 5.5110
20260509토 7140010국552 7 55 4혼전 4451맑음건조 5 611세상너머로      ROCK YOUEXCUSE M 3921.00미암 3 0 0 2 1   74      24750국5강환민한춘희   0 4 7 7 210 1 0 0 6  0권중석49852.066하입보17 15 1523 5.038.013.31341 619531123 0 0 01919191818      ↘→선13.837.140.213.7341936.842.9 92.9 92.6  0  0 2525   13.50   14.30 2  0 -1HHUP       1412 -.8 9.5 8.8313114 1일반주행단기승부48트 1 3 2     4 810⑩1:32.92½  4.613.843.115.6  3 -5  .0010 7 -4 5.198299796 6 61111100 1 4.02 5.08 2.5 5.0  7.2   10.6   24.1   23.7  .01523 0 1 2 0― -.839.60 -.2315.2889.48 3.31 7.1013.27 1 4 8 2.13 4.15 8.0511
20260425토 9130011외452 2105 5혼전 4451맑음건조 3 611세상너머로      ROCK YOUEXCUSE M 3921.00미암 3 0 0 9 1   33      41250혼4강환민한춘희   0 5 6 6 110 6 0 0 5  0송재철50352.577하입상42 27 27 8 9.042.012.51645 719531123 011 01919192620      ↘↗입13.937.739.813.7263036.940.4 83.8 84.4  0  0  0 0   14.00   13.80 5 -3  0HHUP       1412 -.7 9.0 8.3333314 1숨은복병거리속성60기 1 3 3     4 5 9⑩1:23.84    2.113.540.414.3 -1 13  .001011  3 2.18217816421 91110100 6 1.0311.06 4.0 8.3  4.0   13.0   27.4   84.2  .01924-2 2 3-2▽ -.839.70  .08 6.9283.61 2.82 6.3512.48 2 714 2.04 5.9711.3610
20260322일 8120011외432 7 35 6 1강 1151맑음건조 5 611세상너머로      ROCK YOUEXCUSE M 39     미암 3 0 0 2 1   87      33000혼4강환민한춘희   0 6 5 5 410 5 0 0 4  0송재철49052.577하무하24  9  910 2.031.0 8.31645 719531123 011 01919192620      ↘↗입13.737.838.913.3 95736.939.3 76.9 76.2  0  0  0 0   13.90   13.80 3 -3  0NH동       1412  .0 9.5 9.5303014 0최빈거리거리난점47기 0 6 3     4 4 5⑥1:16.91½  1.314.039.613.8 -2  1  .00 6 8  5 2.55331675442 8 7 9112 5 1.1011.05 1.6 3.1  1.6   56.7   59.2  192.9  .0 9 3-4 1 1-4▼-1.537.80  .21 -.5476.45  .88 3.55 8.29 1 4 8  .12 2.23 3.8511
20260302월 8120010외421 8 25 7 2강 2259비  다습11 611세상너머로      ROCK YOUEXCUSE M 39     미암 3 0 0 1 1   45      33000혼4강환민한춘희   0 7 4 4 310 4 0 0 3  0송재철48952.577하무적34 17 1722 6.036.015.81645 719531123 011 01919192620      ↘↗입13.737.839.813.3141337.839.3 77.1 77.1  0  0  050   14.10   13.60 6  6  0BHDN       1412  .0 9.0 9.0141414-2최빈거리거리난점74기 0 9 4     6 7 6⑦1:17.1½   2.513.939.213.8  4  0  .05 7 3 -7 2.87880667918 6 9 5 60 4 2.01 3.06 1.5 2.0  3.9    2.0    5.8   20.8  .01014-1 2 1-1▽ -.838.10 -.52 -.5476.95 3.17 7.9715.76 51221  .87 3.90 8.70 7
20260117토 9140011외441 7 95 8 1강 1151맑음건조 5 611세상너머로      ROCK YOUEXCUSE M 3921.00미암 3 0 0 2 1   97      41250혼4강환민한춘희   0 8 3 3 110 3 0 0 2  0송재철48952.577하무보 8  1  121 3.029.0 6.11645 719531123 011 01919192620      ↘↗입13.737.440.313.811 737.938.7 88.9 88.8  0  0  0 0   13.10   14.60 4  2  1HNUP       1412  .0 9.0 9.0141412 2선행무리거리부담 5관 0 3 7     7 7 8⑩1:28.9코   1.114.138.713.6  0-12  .001010  2 1.74688255448111111110 3 4.02 9.06 4.0 8.9  5.3   13.4   27.5   86.3  .013 8-3 1 1-3▼-1.638.50 -.3011.1489.76  .76 2.22 6.05 0 2 4  .12 1.18 3.1911
20251220토 9120011외412 3 65 9 1강 1156흐림포화16 611세상너머로      ROCK YOUEXCUSE M        미암 2 0 0 2 1   7817:00 33000혼4강환민한춘희   0 9 2 2 210 2 0 0 1  0송재철50152.077평무보17 35 3526  .031.010.71645 719531123 011 01919192620      ↘↗입13.737.839.713.8112536.441.6 75.9 78.1  0  0  0 0   13.70   14.10 4 -5 -2HH동       1212         9.0    12 0최빈거리거리난점45기 0 1 1     2 210⑩1:15.911   3.213.140.514.6  2 -2  .0510 8 -1 3.591109690 8 71111 81 2 1.05 4.09     4.0  1.3    5.8    7.3    9.4  .0 911-3 1 1-3▼-1.338.40 -.32  .6076.90 1.41 4.5410.68 1 4 910.7119.3862.64 5
20251122토 3120012외420 2 7510 1강 1159맑음건조 3 611세상너머로      ROCK YOUEXCUSE M        미암 2     2 1  108      41250혼4강환민한춘희   010 1 1 110 1 0 0 0  0송재철50354.077평무보   35 3540  .036.016.71645 719531123 011 01919192620      ↘↗입13.936.738.513.7    37.739.2 76.6 77.2              13.90   14.00 4  0  0LL동       12 0                 0 0일반주행보통주행52기 0 6 2     3 5 6⑨1:16.61¾  2.613.739.614.1  0  0  .00 9 9  0 3.07971657314 2 2 6 80 1 4.01 2.04 2.4 2.7  8.9    7.6   22.3   17.5  .01535-1 3 3-1▽ -.839.20  .79 1.9975.61 4.84 9.4316.74 2 715 8.7017.4632.76 5
20260912토 7180011외4 3 6  4 0혼전 4453           7 1마이던          BRETHRENSOUTHERN        미수 3 0 0   1    016:05 33000혼4정호익권경자   2 01515 314 4 0 113  0서승운   52.582평입보50 53 533433.056.031.32337142032 9241930 02214272817 067 0↗↘선14.238.940.914.18212                   10 30 2010   14.10   14.30 4 -2  0UV동52.35061812-2.0 5.8 3.8636317 0일반주행거리속성52관 1 1                            14.1    14.3        .0                       6 6 6 4  4                                              .01854 0 5 5 0―  .440.90  .07     118.5 9.8620.7831.31122640 6.8517.5825.60 4
20260815토 7180010외443 7 94 1 3강 3351흐림건조 3 7 1마이던          BRETHRENSOUTHERN        미수 3 0 0 2 1   85      33000혼4정호익권경자   2 11414 214 3 0 112  0서승운50452.582평입상76 70 703463.063.048.42337142032 9241930 02214272817 067 0↗↘선14.239.840.914.0731338.941.7118.6118.5 11 33 1111   14.20   13.20 4 -6  0HVUP52.35061812-1.6 6.0 4.4565617 1일반주행거리속성 5   0 3 3 3 4 3 2 3③1:58.64     .814.141.414.3 -1  6  .00 3 4 -4 1.031 8784559 3 8 3 22 3 8.02 4.07 2.2 4.6 25.9   47.9  149.8   75.912.12462 1 7 6 1―  .941.10 -.5737.81118.818.2235.3848.4037577013.9228.9043.33 3
20260718토 8170011외422 3 74 2혼전 4451흐림포화18 7 1마이던          BRETHRENSOUTHERN        미수 3 0 0 2 1   53      33000혼4정호익권경자   2 21313 214 2 0 011  0서승운49852.582평입상75 67 673669.070.050.52337142032 9241930 02214272817 050 0↗↘선14.239.341.514.1792539.340.9109.2111.7  0 25 1313   14.50   14.30 5  7  0LVDN52.35101812 -.6 5.2 4.6494918-1일반주행거리속성 5   0 9 6 6 5 3 3 1②1:49.2목    .014.239.713.2 -6 -4  .00 2 8  2  .1 422432584 5 7 3 22 2 1.08 4.09 2.2 2.6  2.2   21.1   27.7   16.310.64177 3 8 9 3▲ 1.741.50 -.5030.90113.624.0940.4250.5138587015.9629.2943.83 3
20260613토 71800 9외451 9104 3 2강 2259맑음건조 3 7 1마이던          BRETHRENSOUTHERN        미수 3 0 0 2 1   94      33000혼4정호익권경자   2 31212 114 1 0 010  0서승운50252.582평입보20 20 203957.055.033.22337142032 9241930 02214272817 0 0 0↗↘선14.240.040.814.0552239.341.5118.9118.2  0 14  014   14.20   14.10 4 -3  0UVUP52.05171812-1.0 5.6 4.6515112 2일반주행거리속성21관 0 2 3 3 3 3 4 3⑤1:58.9½    .514.541.314.3 -1 -4  .00 5 6 -1  .61815724670 2 7 7 52 1 5.02 8.07 2.7 6.6  7.9   12.8   20.3   21.0  .02477 1 6 5 1―  .440.90 -.2737.44118.9 8.7820.0433.19 81728 6.9320.6934.93 5
20260516토 8160010외412 9 64 4 2강 2253맑음건조 3 7 1마이던          BRETHRENSOUTHERN        미수 3 0 0 2 1   73      33000혼4정호익권경자   2 41111 114 2 0 0 9  0루이스50652.565평입보57 52 521430.046.025.02144102032 9241919242214202715 0 0 0↗↘입14.236.740.614.1451336.440.0104.0103.3  0 17  017   14.30   13.00 3  4  0NVDN52.05171712 -.4 6.0 5.6484812-1일반주행급신장세31기 0 5 5   5 6 6 5⑤1:44.02½   .814.240.614.1 -2  4  .00 5 7    1.85943595860 710 4 62 3 5.01 2.04 2.2 6.9  8.4    9.7   25.5   19.5  .01519 0 4 4 0― -.340.60 -.3526.02103.8 5.9915.0425.04 51222 3.6014.4121.36 6
20260426일 5170010외433 3 84 5 1강 1151맑음건조 3 7 1마이던          BRETHRENSOUTHERN        미수 3 0 0 9 1   46      33000혼4정호익권경자   2 51010 114 1 0 0 9  0루이스50452.565평입보21 11 1120 6.038.012.82144102032 9241919242214202715 0 0 0↗↘입14.239.641.514.16027                    0 17  017   14.30   14.80 3-10  0UVUP52.05171712 -.4 6.4 6.0454513 3일반주행거리속성52기 1 1                    경제    14.3    14.8     2  .07                      71010100 2 1.04 3.08 1.9 3.3  1.9    9.2   11.6   16.3  .01536-1 3 2-1▽ -.741.50  .22     113.8 3.23 6.9612.82 0 3 6  .99 3.77 9.5210
20260404토10140011외411 5 64 6혼전 4451맑음양호 6 7 1마이던          BRETHRENSOUTHERN        미수 3 0 0 1 1   54      33000혼4정호익권경자   2 6 9 9 214 1 0 0 8  0푸르칸50252.579평입하18 10 104013.043.021.82460162032 92419 0 02214142421 0 0 0↗→추14.137.039.814.1501537.440.5 90.5 90.3  0 17  017   14.00   14.30 7 10  0VV동52.05171412 -.4 6.4 6.0454513 0일반주행보통주행70기 111 8     7 7 8⑨1:30.54    2.314.340.714.8  2  1  .05 9 7  3 3.38265808521 4 7 9 70 1 4.05 1.02 1.4 3.7 10.3   31.6   82.0   71.5  .01837 0 4 4 0― -.339.20 -.1613.4789.14 5.3013.4321.81 2 715 2.50 7.7813.3610
20260214토11140011외430 6 84 7 3강 3351맑음건조 3 7 1마이던          BRETHRENSOUTHERN        미수 3 0 0 2 1  126      33000혼4정호익권경자   2 7 8 8 114 1 0 0 7  0조재로50152.588평입보49 37 374240.058.025.33453132032 92419 0 02214192622 0 0 0↗↘입14.137.039.814.2521537.840.4 89.9 90.6  0 17  017   13.90   13.90 6 -5  0UVUP52.05171412 -.4 6.4 6.0454513 2숨은복병거리부담66기 0 1 8     9 910⑩1:29.9½   2.214.040.414.3  6-21  .0110 4  0 2.48680778722 610 8 60 1 3.07 5.06 2.6 3.4  3.7   32.1   53.5   24.411.22464 1 6 7 1―  .639.30 -.2413.7789.14 7.1715.1425.30 51222 4.4310.7015.96 8
20260104일 9120011외453 7104 8혼전 4461맑음다습12 7 1마이던          BRETHRENSOUTHERN        미수 3 0 0 1 1  107      33000혼4정호익권경자   2 8 7 7 514 1 0 0 6  0루이스52252.567평입하48 30 304815.045.016.42144102032 9241919242214202715 0 0 0↗↘입14.137.339.014.1473037.238.7 75.5 75.8  0 20  020   13.70   14.40 4 -5  0NVDN52.05171312 -.4 6.4 6.0454512-1일반주행보통주행 5기 1 6 8     7 7 4④1:15.53    1.113.939.013.9  0  4  .00 4 4 -1 1.53949454349 8 910 73 1 7.01 1.03 3.3 8.7 10.4   22.2   44.6   34.2  .01545 0 3 3 0― -.438.20  .21 -.5576.23 4.26 8.9616.36 41118 4.81 8.5713.18 8
20251207일 9130011외421 2 74 9혼전 4451흐림양호 9 7 1마이던          BRETHRENSOUTHERN        미수 2 0 0 1 1   6917:00 33000혼4정호익권경자   2 9 6 6 114 5 0 0 5  0조인권51852.572평입하54 55 552224.045.013.91750 82032 9241922242214242513 0 0 0→→선14.437.539.313.9485737.539.9 81.8 83.3  0 25  025   14.00   14.00 4  4  1VVUP52.05171312 -.8 6.8 6.0505012 1일반주행거리속성48기 111 6     5 4 4⑥1:21.8목   2.013.739.414.4  1 -5  .00 6 5  4 3.7534469652210 6 5112 5 1.0410.03     4.4  1.8    9.1   11.9   85.5  .01524-1 4 4-1▽ -.539.60  .45 6.5183.16 2.88 7.1213.91 1 4 8 3.0610.9514.88 9
20251109일 7120011외422 3 7410혼전 4442맑음건조 3 7 1마이던          BRETHRENSOUTHERN        미수 2 0 0 2 1  137      33000혼4정호익권경자   210 5 5 414 4 0 0 4  0조인권52352.073평입보51 46 464220.044.017.91750 82032 9241922242214242513 0 0 0→→선14.437.538.513.9336937.138.5 75.3 75.9  0 25  025   13.80   13.90 3 -1 -2NU동52.05171212 -.7 7.7 7.0505012 0적정체중보통주행54기 1 7 6     6 6 4④1:15.31¼   .314.038.814.0  3  2  .09 4 1 -3  .34140403271 8 6 5 82 4 4.07 9.02 2.4 4.0  8.9   32.1   67.7  144.7  .02530-1 4 2-1▽ -.538.00  .32 -.1276.06 3.85 9.3217.90 41118 2.8611.4619.77 9
20251018토 6120011외414 5 6411 3강 3351흐림포화19 7 1마이던          BRETHRENSOUTHERN        미수 2 0 0 2 2  215      33000혼4정호익권경자   211 4 4 314 3 0 0 3  0조인권52154.073하입적68 57 573341.058.024.41738112550 7241922242214242513 0 0 0↘→선14.637.638.913.9264837.238.7 75.3 76.2  0 33  033   13.70   12.90 5 -1  2NN동52.05171212  .5 7.5 8.0373712 0뒷심문제탄력호전63기 0 8 6     4 4 4③1:15.36    1.013.838.913.9 -1  4  .00 3 4 -4 1.95148454251 9 7 5 62 3 1.02 9.04 1.5 3.6  1.5    3.6    4.9    8.911.22836 0 5 6 0―  .538.00 -.13 -.3576.34 6.3314.5524.37 51222 5.5612.3522.75 7
20250913토 8120011외424 1 7412혼전 4451맑음포화17 7 1마이던          BRETHRENSOUTHERN        미수 2 0 0 2 2  29819:10 33000혼4정호익권경자   212 3 3 214 2 0 0 2  0조인권51752.073하입보33 22 223010.034.010.71738112550 7241922242214242513      ↘→선14.637.639.413.9284137.137.5 72.9 75.1  0  0  0 0   14.10   14.00 4  0 -1LH동       1210  .0 6.0 6.0353512 0일반주행보통주행42기 0 9 7     7 7 7⑤1:12.9¾    .113.736.812.9 -3  0  .00 5 8 -1  .2154110 87310 9 9 90 2 2.07 2.08     2.6  3.2   32.7   53.5  102.8  .01520-1 2 1-1▽ -.937.70 -.04-1.9076.62 1.83 5.1810.66 1 4 9 3.53 7.8212.63 8
20250817일 7120011외452 510413 1강 1151맑음양호 7 7 1마이던          BRETHRENSOUTHERN        미수 2 0 0 2 2  37315:15 33000혼4정호익권경자   213 2 2 114 1 0 0 1  0조인권51752.573하입보31 35 3524  .036.011.01738112550 7241922242214242513      ↘→선14.637.739.413.9324137.638.9 76.3 76.6  0  0  0 0   14.50   13.80 5  6 -3BHUP       1210         6.0    10 2연대우수보통주행47기 0 9 8     9 710⑩1:16.3목   1.414.139.314.0  1  0  .0010 9  3 2.66467526138 9 811100 1 1.0210.07     5.1  2.1    5.1    7.9   23.4  .03214-3 3 3-3▽ -.938.00 -.09 -.5476.67 1.69 5.2010.99 2 51010.6219.3879.59 5
20250713일 11000 8외441 3 9414혼전 4455흐림건조 4 7 1마이던          BRETHRENSOUTHERN        미수 2     2 3  46510:35 41250혼4정호익권경자   214 1 1 114 1 0 0 0  0마이아51755.593평무보   35 3540  .071.067.9345033205010241939 022143533 8      →→선14.637.137.813.6    37.538.2 63.1 63.5              14.60   13.90        NN동       10 0                 0 0일반주행연대우수47기 1 3 6     6 5 5⑥1:03.11½  1.514.538.013.8  0 22  .00 6 6  0 2.06753575534 1 1 3 12 1 1.02 8.01     4.2  2.5    4.2    8.7   31.712.73781 2 8 9 2▲ 1.538.10 -.91-11.462.7127.7351.3467.8933536613.7926.8345.96 2
20260912토 7180011국5 3 6  6 0혼전 4453           7 2파워에치드      에치드  베트파티 2134.00한거 6 0 0   1    016:05 33000혼4심승태박정재   2 016 31445 1 3 345  0김정준   56.073평자상50 48 484033.053.031.21538101452 8121313281213132026204733↗↗추14.137.840.613.84027                   24 32 2224   14.10   13.00 3  0  0HNUP54.94961817-1.6 7.8 6.2474712 4뒷심문제작전마주40기 0 2                            14.1    13.0        .0                       3 3 8 5  1                                              .02868 1 5 5 1―  .340.60  .48     117.911.0522.3031.18 81728 6.8517.5825.60 5
20260822토 71400 9국542 3 96 1 1강 1151흐림불량20 7 2파워에치드      에치드  베트파티 21     한거 6 0 0 2 1   54      33000혼4심승태박정재   2 115 2 245 2 3 344  0김옥성50356.058평자보26 19 1922 4.031.013.8 6 0 61452 8121311161213141618215029→→추14.137.239.413.9413337.837.7 85.8 88.0 23 30 2323   14.40   14.50 4 -1 -1HNDN54.84961817 -.8 7.4 6.6373712-3일반주행보통주행70기 2 2 7     6 6 5③1:25.81     .014.136.713.0 -5  6  .00 3 8 -2  .21583 41282 6 7 9 8326 4.02 6.03 3.7 5.5  4.2    7.7   16.8   44.7  .01525-1 1 2-1▽-1.138.50  .1711.4089.00 2.25 5.9413.77 2 510 1.06 3.24 7.69 8
20260725토 8170011국440 3 46 2혼전 4451맑음다습10 7 2파워에치드      에치드  베트파티 21     한거 6 0 0 9 1   64      33000국4심승태박정재   2 214 11445 1 3 343  0김옥성49756.558평자상43 33 331010.033.0 9.3 6 0 61452 8121311161213141618215029→→추14.139.741.113.9534140.142.3111.9114.4 23 26 1023   14.30   14.50 4 -1  4HLDN54.84961817-1.2 6.6 5.4444412-1숨은복병보통주행82기 0 3 5 5 71010 8⑩1:51.9목   2.914.441.114.5  0 -4  .001010  3 3.07363808512 5 6 810025 4.01 5.06 2.2 3.9  7.7    6.9   20.7   15.6  .01916-2 2 3-2▽-1.341.50  .4733.60113.6 1.34 4.00 9.31 1 4 8 2.56 6.1110.40 9
20260627토 8180011국512 7 66 3 1강 1157맑음건조 4 7 2파워에치드      에치드  베트파티 2134.00한거 6 0 0 9 1   73      33000국5심승태박정재   2 313 21345 1 3 342  0조성환50152.553평자상24 32 32 6 6.033.010.7 718 61452 81213 6 01213 91719215029↘→추14.140.340.613.9433039.642.1118.8119.3 24 29 1824   14.60   13.90 3  1 -5HH동54.84961817-1.6 6.6 5.0535312 0일반주행거리속성24기 0 4 4 5 5 6 5 5⑤1:58.8½   1.314.341.314.5 -2  2  .00 5 7  0 2.45128827244 6 2 5 92 1 1.05 6.11 1.2 3.5  1.2    8.0    9.8   12.5  .01535 0 2 2 0―-1.240.70  .2038.36118.9 1.51 5.4210.74 2 510 1.39 5.0311.81 9
20260607일 71800 7국430 8 86 4 1강 1151맑음양호 6 7 2파워에치드      에치드  베트파티 2134.00한거 6 0 0 1 1   24      33000국4심승태박정재   2 412 1124522 3 341  0김옥성49957.556평자하31 19 19 5 5.030.0 8.3 6 0 61452 8121311161213141618234631→→추14.140.240.613.8473040.240.0121.1119.4 24 32 1622   15.20   14.40 4 -3  1HBUP54.64961817-2.6 7.0 4.4575712 1일반주행거리속성56기 0 3 2 2 3 4 4 4⑤2:01.11     .514.640.613.9 -2 -3  .00 5 7  0  .75553363568 5 3 7 8224 4.01 5.07 1.9 3.9 10.1    8.0   23.7    8.8  .01511-2 2 1-2▽-1.540.80  .3038.57118.9  .85 3.35 8.32 2 714 2.04 4.30 8.89 8
20260510일 7170011국541 9 46 5혼전 4451맑음건조 5 7 2파워에치드      에치드  베트파티 21     한거 6 0 0 2 1   64      33000국5심승태박정재   2 511 2134521 3 340  0김옥성50257.058평자보52 48 482716.045.021.2 6 0 61452 8121311161213141618234631→→추14.139.640.913.8575340.041.6113.5113.9 25 33 1725   15.10   13.90 2  3  0NLDN54.64961817-3.8 7.6 3.8626212-1일반주행보통주행31기 0 6 9 9 91011 8⑧1:53.5목   1.715.241.114.4  1  1  .00 8 7  1 2.05555626435 6 5 7 9323 4.05 2.09 2.5 3.5  6.4   26.4   59.8   62.0  .01818 0 4 5 0― -.341.50  .3533.35113.4 5.2513.0121.16 2 510 5.3211.0019.29 9
20260425토10180010국422 6 26 6 1강 1151맑음건조 3 7 2파워에치드      에치드  베트파티 2134.00한거 6 0 0 9 1   32      33000국4심승태박정재   2 610 1114520 3 339  0김옥성50157.056평자보59 42 42 5 3.031.0 8.6 6 0 61452 8121311161213141618234631→→추14.140.240.313.8464541.140.7119.5119.2 26 37 1429   14.60   14.20 4 -1 -1HN동54.64961817-4.2 8.2 4.0606012 0일반주행거리속성38기 0 310101010 9 6⑤1:59.54    1.515.140.213.9 -1  0  .00 5 6  0 2.05582567537 9 4 510322 1.07 4.09 1.7 2.1  1.7   12.1   17.1  227.5  .015 6-3 1 1-3▼-1.540.80  .3638.74118.7 1.16 3.92 8.60 1 4 8  .12 1.76 4.6710
20260329일 8180011국521 8 76 7 2강 2251맑음건조 3 7 2파워에치드      에치드  베트파티 2134.00한거 6 0 0 9 1   66      33000국5심승태박정재   2 7 920104519 3 338  0김옥성50157.556평입상75 72 722220.050.028.3 6 0 61452 8121311161213141618234631→→추14.140.340.313.7394540.240.1119.8118.8 26 35  929   14.20   13.80 4 -1  1HBUP54.64961817-4.2 8.2 4.0626212 1일반주행거리속성42기 0 4 5 5 6 9 7 4④1:59.84    1.114.639.914.2 -2  0  .00 4 6 -1 1.84149413750 5 3 4 4321 2.0111.09 2.3 2.4  2.4    2.4    4.6   75.8  .01834 0 5 3 0―  .140.60 -.1038.15118.8 7.1717.6728.25102135 1.82 8.5318.15 5
20260302월 7170011국553 2106 8 1강 1151비  다습10 7 2파워에치드      에치드  베트파티 21     한거 6 0 0 1 1   67      33000국5심승태박정재   2 8 819124518 3 337  0김옥성50156.558평입상55 61 614252.062.034.1 6 0 61452 8121311161213141618175033→→추14.139.641.113.8614139.240.3110.1111.8 24 36 1227   14.50   13.30 5  4  0NL동54.44951817-2.6 8.2 5.6464612 0숨은복병탄력호조62기 0 5 2 2 1 2 2 2③1:50.1코    .014.239.813.8 -4 -8  .00 3 7 -2  .7 61828 977 9 6 4 2120 6.02 4.10 2.9 7.4 11.8   30.5   56.9  142.6  .03564 3 6 7 3― 1.241.20 -.0531.12113.611.8623.4734.0913294311.9323.5834.07 4
20260124토 8170011국541 6 96 9혼전 4451맑음건조 3 7 2파워에치드      에치드  베트파티 21     한거 6 0 0 2 1   77      33000국5심승태박정재   2 9 718114517 3 236  0김옥성50956.558평자상36 39 394621.053.027.1 6 0 61452 8121311161213141618175033→→추14.139.641.213.7574139.740.3112.0112.6 22 38 1625   15.70   14.20 3 -4  1UL동54.44951817-2.8 8.6 5.8414112 0일반주행탄력호조 5기 0 1 3 3 3 3 2 2②1:52.07     .014.539.513.3 -7 -1  .00 2 9 -1 1.22243282187 5 7 8 6219 1.09 5.01 2.6 5.4  2.6   29.2   46.0   43.4  .03156 1 4 6 1―  .341.40  .0531.75113.6 8.1017.6227.09 51222 3.33 9.4717.59 7
20260104일 6170011국412 8 6610 3강 3331맑음다습12 7 2파워에치드      에치드  베트파티 21     한거 6 0 0 1 1   4714:50 33000국4심승태박정재   210 617104516 3 235  0김옥성51055.558평입보17 14 14 9 5.034.010.1 6 0 61452 8121311161213141618185527→→추14.139.541.213.7643740.640.8113.4113.8 23 32 1626   14.60   13.80 2 -5  0NNDN54.34941817-1.8 8.6 6.8393912-1숨은복병보통주행62기 0 51111111111 9⑤1:53.42½   .815.740.414.2 -5 -8  .00 510  1  .9608245665710 81110318 2.04 2.11     3.5  7.8   50.1  101.3   64.411.21911-2 2 2-2▽-1.141.60  .5033.05113.6 1.44 4.1610.05 1 2 6 1.59 3.24 6.5911
20251220토 7180011국421 5 7611혼전 4448흐림포화16 7 2파워에치드      에치드  베트파티 2134.00한거 5 0 0 2 1   3815:15 33000국4심승태박정재   211 516 94515 3 234  0김옥성51855.556평입상19 22 22 8 7.036.013.6 6 0 61452 8121311161213141618185527→→추14.140.240.813.7442239.641.3118.0120.0 23 30 1730   14.30   13.80 5  7  0BNUP54.34941817-1.2 8.4 7.2414112 2일반주행거리속성33기 010 5 6 7 3 3 5⑥1:58.0½   1.914.640.413.8 -3 22  .00 6 9  3 2.37327725726 3 7 4 9217 1.02 5.09     2.5  1.9    2.5    4.0   14.9  .01518-1 2 1-1▽-1.040.90  .1039.02118.9 2.19 6.7913.57 2 510 3.17 7.6313.6410
20251115토 31600 8국441 6 4612 3강 3351맑음건조 3 7 2파워에치드      에치드  베트파티 21     한거 5 0 0 2 1  130      33000국4심승태박정재   212 415 14514 3 233  0김옥성49655.558평입하 5  3  314 5.036.017.1 6 0 61452 8121311161213141618205030→→추14.136.539.713.7553736.638.8103.0102.4 24 38 1731   14.90   15.80 2 -2 -2HNDN54.24941817 -.8 8.0 7.2404012-2일반주행보통주행34기 0 3 6   6 6 5 5④1:43.02½   .714.339.113.8 -2 -4  .00 4 6 -1  .83561283161 5 5 7 6216 3.04 8.04 2.0 2.4  4.7   15.9   35.3   16.711.21511-1 2 2-1▽-1.139.70  .3526.18103.2 2.86 7.6817.10 51222 2.70 5.2610.30 6
20251102일 8180011국452 910613 1강 1151맑음건조 5 7 2파워에치드      에치드  베트파티 2134.00한거 5 0 0 1 1  158      33000국4심승태박정재   213 314 84513 3 232  0김옥성50057.056평입상11 22 22 814.046.024.4 6 0 61452 8121311161213141618205030→→추14.140.040.713.7582540.044.1123.9123.5 25 39 1832   14.40   13.90 9  1  2NB동54.24941817-1.4 8.6 7.2454512 0착차만회거리속성64기 0 5 9 9 9111111⑪2:03.98    4.514.943.715.8  4 11  .0011 7 -4 5.498409796 9 5 6 9 5015 1.0811.08 2.2 5.5  2.2   34.8   47.7   36.9  .02535 1 4 5 1― -.141.50 -.0442.83118.8 5.3514.9024.35 81728 2.13 5.7412.54 7
20250831일 8180011국443 3 9614혼전 4451맑음포화17 7 2파워에치드      에치드  베트파티 2134.00한거 5 0 0 9 2  33016:05 33000국4심승태박정재   214 213 74512 3 231  0김옥성48955.556평입보21 22 22 5 5.032.0 8.6 6 0 6 4 0 0121311161213141618225622↗→추14.140.040.713.7562739.140.7117.3119.8 26 41 1533   15.40   13.60 8 -3 -2HNUP54.14941817-1.0 7.8 6.8505012 1일반주행거리속성38기 0 4 6 5 5 7 6 5③1:57.34     .714.439.513.9 -8 -6  .00 311  1  .96611582357 7 7 810314 1.02 6.07     4.2  2.7    4.2    8.3   81.9  .01512-2 1 1-2▽-1.441.10  .3139.10118.8 1.55 4.46 8.61 1 4 8 2.82 5.10 9.45 9
20250706일 6170010국453 510615혼전 4451맑음건조 3 7 2파워에치드      에치드  베트파티 21     한거 5 0 0 1 3  48014:25 33000국4심승태박정재   215 112 94511 3 230  0김옥성49557.060평입보20 22 222811.040.016.6 5 0 7173310121311161213141618225622↘↗추14.139.441.213.7724141.239.8114.4113.8 27 42 1531   14.90   14.10 4  4  1NBDN54.14941817 -.6 6.8 6.2494912-1숨은복병보통주행62기 0 7 7 7 7 7 7 8⑩1:54.4¾   1.015.439.413.6  0  0  .001010  2 2.05795185451 5 8 9 8013 1.06 8.09     7.7  3.2   19.0   31.3  108.3  .01918-1 2 4-1▽ -.641.70  .3933.17113.5 3.41 9.2716.61 2 715 3.90 8.8415.22 8
20260912토 7180011국4 3 6  5 0혼전 4453           7 3강철전사        퍼지    소우전러 3134.00한수 6 0 0   1    016:05 33000혼4김동균허도행   2 016 31229 2 2 129  0우인철   51.068하입보50 36 3621 9.036.012.92049101752 620 913 019 8112822116711→↘입14.340.840.914.24012                   15  8 19 8   14.80   13.50 2 -1  0HUUP54.45011818-1.8 8.0 6.2333313 1일반주행보통주행38관 1 3                            14.8    13.5        .0                      10 71011  2                                              .01527-2 2 1-2▽-1.140.90 -.08     119.2 2.38 5.9012.93 0 2 4 2.74 6.5912.2911
20260830일 7170011국450 3 55 1혼전 4441흐림다습11 7 3강철전사        퍼지    소우전러 5140.00한수 6 0 0 9 1   24      33000국4김동균허도행   2 115 2 729 1 2 128  0우인철51951.069하입하10  3  3 8 6.033.010.22049101752 620 913 019 8112822116711→↘입14.339.541.514.2631740.840.7112.1114.6 16  8 20 8   15.20   14.50 2  1 -2HU동54.45011818-1.6 8.4 6.8333313 0일반주행거리속성51관 0 4 8 8 7 9 9 9⑧1:52.1¾   2.914.839.513.5 -1 -3  .00 8 9  1 3.27788396611 61011100 1 1.02 8.10 3.0 4.6  3.0    4.6   10.5    4.9  .01533-1 2 1-1▽-1.341.80  .3333.60113.8 1.57 4.5010.15 1 4 8  .95 3.70 9.0610
20260817월 7170011국412 5 65 2혼전 4451흐림다습13 7 3강철전사        퍼지    소우전러 5140.00한수 6 0 0 2 1   25      33000국4김동균허도행   2 214 1 629 4 2 127  0푸르칸52252.579평입상60 41 411818.044.017.92460161752 620 9251319 8142421116711↗→추14.339.641.514.2591740.442.5113.5115.6 17 13 25 8   14.60   14.00 3 -3  0HHDN54.45011818-1.8 8.4 6.6404013-1일반주행거리속성 5   0 3111111 9 9 9⑩1:53.5목   3.215.241.514.5  2 -2  .0010 8 -1 3.79176829011 7 9 7 80 7 6.03 7.08 1.6 4.2 14.9   70.5  153.8   21.7  .01532 0 4 5 0― -.541.80  .1034.54113.8 4.13 9.6017.90 2 714 3.06 8.8717.65 9
20260726일 9180011국551 5105 3혼전 4461맑음양호 9 7 3강철전사        퍼지    소우전러 3134.00한수 6 0 0 9 1   22      33000국5김동균허도행   2 313 31129 3 2 126  0푸르칸52452.580하입보10 11 112013.042.014.62460161752 620 9251319 8142421116711↗→추14.340.540.914.2261540.141.0117.9118.0 13  9 22 9   14.80   15.00 4  4  0NH동54.45011818 -.8 7.4 6.6414113 0일반주행보통주행76기 1 6 8 8 9 8 6 3④1:57.92     .914.641.114.0 -5 10  .00 4 9  3 1.01445615654 8 9 9 90 6 7.02 8.09 2.0 6.2 24.4   60.0  225.7  129.3  .01534 0 3 3 0― -.640.30 -.0436.57119.1 3.04 8.1414.63 2 510 2.13 6.6712.2611
20260627토 8180011국512 7 65 4 1강 1157맑음건조 4 7 3강철전사        퍼지    소우전러 3134.00한수 6 0 0 9 1   73      33000국5김동균허도행   2 412 21029 2 2 125  0푸르칸51452.580평입상16 24 242723.051.030.82460161752 620 9251319 8142421116711↗→추14.340.440.814.0282240.043.1119.2119.7 14  9 23 9   14.50   14.20 5 -8  0HH동54.45011818-1.0 7.0 6.0494913 0일반주행탄력호전71관 2 2 8 8 7 5 4 4⑥1:59.22½  1.714.842.315.0  0  3  .00 6 6 -2 2.86243919133 7 5 7 42 5 1.05 6.11 1.2 3.5  1.2    8.0    9.8   12.5  .02154 1 5 5 1―  .140.60 -.3438.46119.0 9.1020.2830.82102335 8.3317.6129.53 5
20260524일 7180010국453 6 55 5 2강 2251맑음다습10 7 3강철전사        퍼지    소우전러 3134.00한수 6 0 0 2 1   64      33000국4김동균허도행   2 511 1 929 1 2 124  0푸르칸51152.580평입보 7  2  214 7.032.014.02460161752 620 9251319 8142421136313↗→추14.240.540.714.1252740.140.4119.7119.2 14 14 2414   15.10   14.40 5  3  0VH동54.65001818  .4 6.0 6.4474713 0일반주행보통주행40관 110 6 5 5 4 3 4③1:59.74     .614.541.414.2 -5 11  .00 3 8 -3  .95148464164 6 5 7 72 4 1.02 4.06 2.5 4.1  2.5    4.1    7.5   38.0  .01524-3 2 2-3▼-1.340.50  .0438.03119.0 2.10 6.2214.04 2 715 1.77 4.8510.49 7
20260419일 6180011국552 4 55 6혼전 4451맑음건조 4 7 3강철전사        퍼지    소우전러 3134.00한수 6 0 0 2 1   86      33000국5김동균허도행   2 610 3 829 3 2 123  0김철호50052.564평입하20 26 26 3 8.032.0 9.01046 41752 620 9 0 019 8142025136313↘↗추14.240.340.714.1372541.440.4122.1121.3 15 15 2510   14.40   14.60 3  2 -1NHUP54.65001814  .6 4.2 4.8555513 2일반주행거리속성56관 0 7 9 9 9 9 9 9⑪2:02.1머리 2.715.140.714.4  0  1  .001111  3 3.09190457614 5 911110 3 6.04 5.06 2.3 4.7 16.6   57.6  168.0  122.9  .015 8-3 1 1-3▼-1.440.90  .2240.34118.9 1.74 4.83 9.03 0 2 4 3.75 5.6812.0011
20260329일 7160010국451 4 55 7혼전 4451맑음건조 3 7 3강철전사        퍼지    소우전러 5140.00한수 6 0 0 9 1   46      33000국4김동균허도행   2 7 9 2 129 2 2 122  0김철호49953.065평입보77 67 671420.036.012.71046 41752 620 9 0 019 8142025136313↘↗추14.236.739.914.1442536.840.8103.8104.4 21 26 2111   15.20   13.70 2  1  1NNDN54.65001814  .2 3.0 3.2666613-1일반주행조교부실31관 0 5 8   8 8 7 7⑨1:43.81    1.314.440.814.6  1  0  .00 9 8  4 1.48268758444 5 8 6 90 2 3.01 2.03 2.8 3.4  6.1    6.6   15.4    4.8  .01515 0 3 1 0― -.939.90  .2627.82103.4 2.48 6.5612.71 1 2 6 2.08 8.9116.94 8
20260315일 6170011국452 7105 8 1강 1156맑음양호 6 7 3강철전사        퍼지    소우전러 5140.00한수 6 0 0 2 1   26      33000국4김동균허도행   2 8 8 1 529 1 2 121  0김철호49952.565평입하30 30 3019 7.037.015.61046 41752 620 9 0 019 8142025136313↘↗추14.239.441.114.2714140.940.2112.9113.1 17 17 2811   14.70   14.40 2  2  1HNDN54.65001814 -.6 3.8 3.2686813-1숨은복병거리속성32관 1 4 9 9 910 8 7④1:52.93     .815.240.213.7  0 -4  .00 4 4  2 1.03789255556 5 6 5 93 1 2.07 1.02 3.4 5.9  3.7   25.5   43.0   25.6  .01929-2 2 4-2▽-1.141.60  .4632.63113.4 3.13 7.3315.62 2 510 2.90 6.9012.88 8
20260228토 8180010국550 5105 9혼전 4451맑음건조 3 7 3강철전사        퍼지    소우전러 3134.00한수 6 0 0 9 1   45      33000국5김동균허도행   2 9 7 4 729 2 2 120  0김용근50352.086평입하49 52 52 839.054.026.12751141752 620 924 019 8312714136313↘↘선14.240.240.514.2473340.141.2119.8120.3 17 17 2811   14.40   14.30 6  0  1HN동54.65001814 -.2 4.2 4.0595913 0부중유리거리속성70기 1 2 5 4 4 3 5 8⑩1:59.8¾   2.114.740.914.4  8 -1  .0910 2 -2 2.18045706521 7 4 7 60 2 7.03 3.07 2.8 7.3  7.1   44.1   52.4   57.2  .03136 0 5 5 0―  .340.90 -.0839.62118.8 7.6917.2026.05 5122210.6421.3631.68 5
20260117토 7180011국551 510510 1강 1151맑음건조 5 7 3강철전사        퍼지    소우전러 3134.00한수 6 0 0 2 1   99      33000국5김동균허도행   210 6 3 629 1 2 119  0김용근50451.586평입하48 45 45 828.048.023.82751141752 620 924 019 8312714145714↘↘선14.240.240.614.1453039.341.7118.3118.9 24 24 2412   14.90   14.30 7 -9 -1HU동55.14991814 -.2 4.2 4.0595913 0일반주행거리속성 8기 1 2 5 4 3 3 3 2③1:58.31½   .314.441.614.3 -1  6  .00 3 4  1  .84614805872 5 4 4 62 1 2.01 6.01 2.9 5.2  3.1    5.2    9.3    9.5  .01861 0 5 4 0― -.140.70 -.0738.09118.9 5.2014.3823.78 41118 7.2113.2723.76 6
20251129토 7180011국443 5 9511 3강 3359맑음다습10 7 3강철전사        퍼지    소우전러 3134.00한수 5 0 0 9 1  14615:15 33000국4김동균허도행   211 5 2 529 3 2 118  0푸르칸49852.080평입보44 37 371418.047.026.22460161752 620 9251319 8142421145714↗→추14.140.040.714.1632540.740.6117.5118.8 19 13 3113   14.30   13.60 6  0 -1VU동55.14991814 -.8 5.0 4.2525213 0부중유리거리속성38관 011 9 8 8 8 5 5⑤1:57.52½   .914.940.814.3  2 -4  .00 5 3  1 1.23971546553 4 6 4 50 3 6.05 8.05     7.3 11.2   54.0  119.4  351.1  .03147 0 4 4 0― -.240.90 -.0838.09118.8 7.3415.8826.19 81728 4.6212.8623.95 6
20251018토 8180011국412 6 6512 1강 1151흐림포화19 7 3강철전사        퍼지    소우전러 3134.00한수 5 0 0 2 2  213      33000국4김동균허도행   212 4 1 429 2 2 117  0푸르칸50253.082평입상44 56 562631.044.022.825751620421220 9251319 8142421145714↘↗추14.239.940.714.1712740.040.5117.7118.9 20 13 3313   14.30   13.30 5 10 -2VU동55.14991814-1.0 5.2 4.2575713 0작전마주거리속성38관 011 7 7 7 7 4 3③1:57.75     .914.340.213.6  1 -8  .00 3 2  0 1.74042524355 3 6 4 60 2 1.05 3.01 1.3 4.6  1.3    6.2    7.6   13.2  .02037 0 5 3 0― -.441.00  .0138.29118.8 6.2313.0622.80 51222 6.7417.6827.57 5
20250913토 6180010국540 8 9513혼전 4459맑음포화17 7 3강철전사        퍼지    소우전러 3134.00한수 5 0 0 2 2  300      24750국5김동균허도행   213 313 329 1 1 116  0푸르칸51055.082평입상30 31 315162.061.053.025751620421220 9251319 8142421 06717↘↗추14.239.940.914.1661939.339.8116.3118.8 14 14 2914   14.60   14.10 4 -6  0UH동55.14971814-1.2 6.2 5.0474713 0일반주행작전마주40관 1 1 2 2 2 2 2 1①1:56.33    -.614.338.613.3 -1  0  .00 1 2 -6  .03717311092 2 6 1 11 1 2.05 1.04 4.1 7.4  4.5   20.2   34.8   64.612.73072 2 7 8 2▲ 1.041.00 -.7237.97118.923.9240.9352.9619405634.1554.5567.06 1
20250817일 3180011국552 610514 3강 3359맑음양호 8 7 3강철전사        퍼지    소우전러 3134.00한수 5 0 0 2 2  37711:25 24750국5김동균허도행   214 212 229 1 1 115  0씨씨웡51055.090평입보30 23 23 818.050.047.326521120421220 917 019 8212522 08020↘→선14.239.941.014.1681340.339.8120.9119.2 15 15 3115   14.00   13.90 6 -2 -1NHUP55.14951814 -.4 6.0 5.6474713 4숨은복병거리속성68관 1 7 5 6 6 7 5 4④2:00.91     .614.640.314.1 -4 -1  .00 4 8  2  .85055303263 2 8 5 30 1 1.02 9.05     7.1  3.2    7.1   10.3   38.6  .01952 0 4 4 0―  .041.10 -.6138.29118.918.4234.6047.27122640 7.3217.6530.48 4
20250705토 4140010국550 710515 3강 3351맑음건조 3 7 3강철전사        퍼지    소우전러 5140.00한수 5 0 0 1 3  49113:45 24750국5김동균허도행   215 111 629 7 1 114  0조인권51155.568평입보34 31 314311.043.017.21729 820441020 911 019 8242513 08020→↘선14.236.739.814.1791937.339.7 90.0 89.1 17 17 3317   14.50   15.60 2 -2  0LVDN55.14951814 -.2 5.6 5.4545413-3일반주행조교부실35관 0 9 6     7 7 8⑦1:30.01¼  1.714.040.013.9  1  3  .00 7 6 -1 1.85257606332 2 6 8 80 7 1.03 5.02     5.1  2.8    8.0   13.7   19.4  .01525 0 3 3 0― -.539.30  .1512.6088.93 3.61 8.8117.21 31017 3.00 7.8813.82 7
20260912토 7180011외4 3 6  6 0혼전 4453           7 4벌교낙성        FIRST SAA TOUCH         미수 4 0 0   1    016:05 33000혼4강성오유성훈   1 01111 310 1 0 1 9  0이동하   53.591평추보50 58 586960.065.041.933541525561022 8174526 8252419 0 099↗↘선14.039.840.513.45237                   33 44  022   14.80   13.80 7 -3 -1HV동53.34551814-1.4 5.2 3.8686818 0일반주행연대우수40기 0 4                            14.8    13.8        .0                       7 2 3 1  1                                              .03783 0 7 8 0▲ 1.040.50 -.32     118.718.8432.1241.8633536615.0729.6743.00 1
20260726일 9180011외451 6106 1혼전 4451맑음양호 9 7 4벌교낙성        FIRST SAA TOUCH         미수 4 0 0 9 1  113      33000혼4강성오유성훈   1 11010 210 1 0 1 8  0조재로44554.088평추보78 78 786566.064.037.534531325561022 8302226 8192622 0 099↗↘입14.040.140.413.4524139.841.4118.2118.3 38 38  025   15.10   13.80 6  2  1NN동53.34551814-2.4 6.0 3.6727218 0연대우수최적거리86기 0 7 9 9 8 5 7 7⑥1:58.2½   1.214.841.613.8  1 -9  .00 6 5  2 1.32736726245 5 5 3 20 1 7.02 8.09 2.0 6.2 24.4   60.0  225.7  129.312.73269 2 8 6 2▲ 1.140.80 -.2737.84118.713.7725.1137.4518375414.8923.8137.74 4
20260613토 71800 9외451 9106 2 2강 2259맑음건조 3 7 4벌교낙성        FIRST SAA TOUCH         미수 4 0 0 2 1  114      33000혼4강성오유성훈   1 2 9 9 110 1 0 1 7  0장추열45453.593평무하36 34 344652.062.043.529501325561022 839 026 8202722 0 099↘↗입14.040.040.713.3573340.540.6118.6117.9 29 29  029   13.70   13.90 5 -5 -1NVUP53.04561814-1.6 6.6 5.0595914 4과중문제연대우수50기 0 5 8 8 8 8 7 6③1:58.61¼   .215.140.413.8  0 -2  .00 3 3 -1  .31463505779 3 5 5 33 1 5.02 8.07 2.7 6.6  7.9   12.8   20.3   21.0  .03761 0 6 7 0―  .740.80 -.4937.19118.812.7128.1443.5212264012.8724.6336.99 4
20260510일 6140010외441 6 96 3혼전 4455맑음건조 5 7 4벌교낙성        FIRST SAA TOUCH         미수 4 0 0 2 1   85      33000혼4강성오유성훈   1 3 8 8 410 4 0 1 6  0김철호45654.065기추적82 84 847252.061.034.91046 425561022 8201426 8142025 0 099↘↗추14.037.038.813.3497636.939.9 89.0 89.2 33 33 1733   14.00   13.80 5  8  2VN동53.04561412-2.2 7.0 4.8565614 0작전마주작전마주50기 010 6     6 7 6⑤1:29.0½   1.013.740.113.9  1  3  .00 5 4 -1 1.25437645651 4 1 1 50 4 1.02 7.06 3.2 5.6  3.2    7.0   11.2    7.7  .02466 1 7 5 1―  .939.00  .1213.4188.45 9.9922.5834.91 6132515.4828.7440.30 3
20260404토10140011외411 6 66 4혼전 4451맑음양호 6 7 4벌교낙성        FIRST SAA TOUCH         미수 4 0 0 1 1   95      33000혼4강성오유성훈   1 4 7 7 310 3 0 0 5  0김철호45352.565평추상68 71 718163.066.047.71046 425561022 8201426 8142025 0 099↘↗추13.737.238.913.2376936.938.8 88.2 88.0 20 20  040   14.20   13.40 4 -5 -1UU동53.04561412-2.2 7.6 5.4494914 0걸음늘어작전마주62기 1 2 5     3 2 2②1:28.26     .014.038.913.8 -3 -3  .00 2 5 -4 1.01438261786 7 1 3 22 3 4.05 1.02 1.4 3.7 10.3   31.6   82.0   71.512.73275 2 8 8 2▲ 1.338.50 -.4111.8888.6617.5334.3147.7319405613.7527.7840.07 3
20260308일 7140011외452 9 56 5 3강 3351맑음다습13 7 4벌교낙성        FIRST SAA TOUCH         미수 4 0 0 2 1   67      33000혼4강성오유성훈   1 5 6 6 210 2 0 0 4  0김철호45653.065평추상40 38 383420.047.019.11046 425561022 8201426 8142025      ↘↗추13.737.139.112.9426137.738.4 88.2 88.0  0  0  025   14.10   14.20 5  1  0LH동       1412-1.3 7.3 6.0404014 0일반주행최적거리72기 0 7 8     7 8 7③1:28.2머리  .014.238.513.4 -6 -5  .00 3 9  0  .11576163092 5 4 8 73 211.10 9.08 2.7 4.9 61.0  847.8 1562.5 1822.611.21542 0 4 6 0― -.338.60  .2911.8288.73 4.3111.2519.14 31017 1.82 8.1815.41 9
20260131토 7140011외451 8106 6혼전 4451맑음건조 2 7 4벌교낙성        FIRST SAA TOUCH         미수 4 0 0 9 1   88      33000혼4강성오유성훈   1 6 5 5 110 1 0 0 3  0김철호46153.065하추하15  2  243 8.037.011.11046 425561022 8201426 8142025      ↘↗추13.737.338.912.8267637.040.2 88.5 89.0  0  0  033   13.70   15.10 4  4 -1LHUP       1412 -.3 6.7 6.3323212 2일반주행거리부담 5기 0 6 7     7 6 6⑤1:28.51¼   .614.139.614.2 -4-10  .00 5 9  3 1.1524673716510 111110 1 2.0810.03 2.7 8.0  4.9   67.9  141.4  166.0  .01539 0 2 2 0― -.938.60  .5012.8488.73 2.08 5.6511.14 0 2 4 2.75 4.39 9.2711
20260104일 9120011외453 5106 7혼전 4451맑음다습12 7 4벌교낙성        FIRST SAA TOUCH         미수 4 0 0 1 1   6517:25 33000혼4강성오유성훈   1 7 4 4 310 1 0 0 2  0김효정47154.070평추보59 38 3831  .040.012.71650 725561022 8102026 8192317      ↗→선14.037.938.012.8119736.840.9 77.3 77.7  0  0  050   14.00   12.60 5 -8  1HN동       1212-2.5 7.0 4.5434312 0작전마주최적거리42기 0 2 6     3 4 9⑩1:17.34    2.913.741.115.1  4 12  .0010 6    3.3883192881311 3 9100 1 7.01 1.03     8.7 10.4   22.2   44.6   34.2  .02043-1 2 3-1▽ -.838.20  .52 1.7676.00 3.05 6.5612.70 1 4 811.5420.9572.09 5
20251129토 8120011외421 2 26 8혼전 4451흐림다습10 7 4벌교낙성        FIRST SAA TOUCH         미수 3 0 0 9 1  10316:05 33000혼4강성오유성훈   1 8 3 3 210 3 0 0 2  0이혁  45553.580평추보54 41 416431.058.031.02258 725561022 8261126 8282118      ↗↘선14.037.738.112.72996                    0  0  050   14.20   12.6010  5 -1BH동       1212-3.0 8.0 5.0505012 0숨은복병작전마주68기 010                    경제    14.2    12.6    -4  .07                      7 1 6 50 3 1.02 1.09     2.3  1.7    2.3    3.1    4.5  .02463 1 5 6 1―  .738.10  .06     75.95 8.5819.6530.97 61325 6.3816.0824.67 6
20250921일 7120011외441 3 96 9 1강 1151맑음다습14 7 4벌교낙성        FIRST SAA TOUCH         미수 3     2 2  268      33000혼4강성오유성훈   1 9 2 2 210 2 0 0 0  0이혁  45954.579평무보34 36 3614  .038.013.61231 424401622 8261126 8282118      ↘↗선14.038.039.713.2101038.237.6 74.2 76.1  0  0  0 0   14.70   13.1042  1 -1NH동       1212         3.0    12 0최빈거리거리난점 5기 1 5 9     9 9 4④1:14.21¼  1.514.236.912.6 -2 17  .00 4 6 -2 1.650901040351010 5 83 2 4.03 1.08 2.5 6.4  6.0   15.5   35.5   14.7  .01127 0 2 2 0― -.837.60 -.52-1.5977.01 3.10 6.9413.60 2 511 9.1618.8063.79 4
20241124일 2120010외411 3 1610 1강 1155맑음건조 4 7 4벌교낙성        FIRST SAA TOUCH         미수 2     2 6 1140      41250혼4강성오유성훈   110 1 1 110 1 0 0 0  0이혁  44255.088평무보   35 3540  .043.020.22345 41346 322 8261126 8282118      →↗선14.036.738.513.1    37.438.4 76.3 76.1              14.00   13.40 4  0  0NL동       12 0                 0 0일반주행보통주행 1기 1 4 5     7 5 5⑤1:16.31    1.014.038.813.5 -3 -7  .00 5 8  0 2.44859374149 3 3 3 70 1 1.04 7.08 1.1 1.8  1.1    5.6    7.2   47.3  .01545-2 4 4-2▽ -.438.90  .71  .8875.61 5.1711.2920.22 3 81710.0020.0030.00 4
20260912토 7180011외4 3 6  6 0혼전 4453           7 5별콩            TARZINO ROMEO'S         뉴거 5 0 0   1    016:05 33000혼4서인석이태인   2 016191318 1 2 018  0조성환   53.053기입적50 51 512122.040.019.1 718 61848 91824 0 02012 91719 07525↘→추14.540.540.613.73822                   24 29 1818   14.70   13.40 4  1 -1NN동52.64521818-1.8 5.6 3.8595918 0일반주행기복전력52기 0 5                            14.7    13.4        .0                       9 4 7 9  1                                              .02441 1 4 3 1― -.540.60 -.04     119.0 4.8710.6719.08 1 4 8 6.8512.0921.50 9
20260815토 7180010외443 7 96 1 3강 3351흐림건조 3 7 5별콩            TARZINO ROMEO'S         뉴거 5 0 0 2 1   85      33000혼4서인석이태인   2 115181218 1 1 017  0조재로45554.088평입하14  2  22727.053.035.53453131848 9182425 02012192622 06733↗↘입14.540.340.813.8491540.539.9117.6117.5 19 25 1919   14.80   14.50 5  3  1HN동52.24501818 -.4 5.0 4.6525218 0일반주행최적거리 5   0 4 6 6 6 5 3 2①1:57.61½  -.214.739.613.4 -7  2  .00 1 8  4  .0 961333993 5 6 9 42 1 8.02 4.07 2.2 4.6 25.9   47.9  149.8   75.911.22167 0 6 6 0―  .340.50 -.4036.41119.012.6725.4835.47102135 5.0613.8723.33 6
20260712일 91800 8외453 8 56 2 1강 1145맑음다습10 7 5별콩            TARZINO ROMEO'S         뉴거 5 0 0 2 1   62      33000혼4서인석이태인   2 214171118 1 1 016  0우인철45353.568평입보32 35 354524.054.037.42049101848 9182432 02012112822 06733→↘입14.640.440.513.7423041.041.2120.2120.2 20 27 20 7   14.90   14.20 6 -7 -3UN동52.24501818-1.6 5.4 3.8676718 0일반주행최적거리78기 1 1 6 6 6 7 7 8⑦2:00.26    3.014.841.914.5  3 -8  .00 7 4 -2 3.27280668113 5 3 4 40 1 6.03 4.02 2.1 2.5 23.1   60.2  178.8  413.5  .01865 0 5 5 0―  .540.70 -.3939.28118.911.3623.9537.44132943 5.0817.4627.14 5
20260530토 8180010외420 9 76 3혼전 4451맑음양호 7 7 5별콩            TARZINO ROMEO'S         뉴거 5 0 0 9 1  113      33000혼4서인석이태인   2 313161018 3 1 015  0유승완46156.568기입적57 49 492028.047.023.41860 81848 9182418132012152722 06733→↘입14.640.240.613.7572740.640.9122.1119.7 21 14 21 7   14.80   14.20 8  6  2NB동52.24501818-1.2 4.8 3.6696918 0과중문제기복전력 5   0 8 4 4 4 3 4 4⑤2:02.11¾  1.014.941.214.2 -1  9  .00 5 6  2 1.15964596654 5 7 4 62 3 1.02 3.05 1.8 2.9  1.8    2.9    4.6    9.7  .02224 0 5 5 0― -.340.80 -.0438.90118.9 5.5513.9523.42 51222 8.7915.2225.17 6
20260404토 7180011외422 8 76 4 1강 1151맑음양호 7 7 5별콩            TARZINO ROMEO'S         뉴거 5 0 0 1 1  158      33000혼4서인석이태인   2 41215 918 2 1 014  0유승완45254.568기입적64 65 654357.056.034.51860 81848 9182418132012152722 06733→↘입14.540.240.613.7572540.141.5119.8118.5 21 36 14 7   14.80   13.10 5 -1  2UL동52.24501818 -.6 4.6 4.0676718 0일반주행기복전력52기 0 2 7 7 7 7 7 7⑧1:59.8코   1.014.841.014.2  4 -4  .09 8 4 -3 1.53351737352 5 4 3 30 2 1.03 7.06 1.6 3.1  1.6    5.8    8.3  101.7  .02453 1 6 5 1―  .740.70 -.3137.67118.9 9.2222.1434.54132943 6.8019.8132.90 3
20260228토 8180010외450 2106 5혼전 4441맑음건조 3 7 5별콩            TARZINO ROMEO'S         뉴거 5 0 0 9 1  108      33000혼4서인석이태인   2 51114 818 1 0 013  0유승완45652.568기입적42 45 453724.043.016.01860 81848 9182418132012152722 05050→↘입14.540.140.713.7642739.839.9117.7118.8 15 31 1515   14.60   14.10 6 -2  0UV동52.04481818 -.6 4.6 4.0676718 0교체실패기복전력67기 0 3 6 6 6 5 4 4①1:57.7동착  .014.838.713.1 -6  1  .00 1 7  4  .04137332375 410 8 92 1 7.03 3.07 2.8 7.3  7.1   44.1   52.4   57.2  .02044-1 4 3-1▽ -.540.80  .1238.03118.9 3.44 8.3016.04 2 3 7 3.1910.6816.77 9
20260117토 7180011외451 6106 6 1강 1151맑음건조 5 7 5별콩            TARZINO ROMEO'S         뉴거 5 0 0 2 1   99      33000혼4서인석이태인   2 61013 718 1 0 012  0씨씨웡45552.593기입보57 48 483052.059.036.43456111848 9182425 02012212522 05050→↘선14.540.340.613.5493740.241.5118.8119.4 17 33  817   14.70   13.80 8 -1  0NV동52.04481818-1.0 5.4 4.4575718 0작전마주기복전력 5기 0 5 6 7 7 6 6 6⑤1:58.81½   .814.641.414.1  2 -2  .00 5 3 -2 1.36047777557 6 5 3 52 2 2.01 6.01 2.9 5.2  3.1    5.2    9.3    9.5  .02166 0 7 6 0―  .640.70 -.3738.49118.912.5824.0636.3810233511.7123.7035.64 3
20251122토 9180011외450 6106 7혼전 4458맑음건조 3 7 5별콩            TARZINO ROMEO'S         뉴거 4 0 0 2 1  16617:00 33000혼4서인석이태인   2 7 912 618 1 0 011  0김용근45752.586기입적56 64 643646.056.040.12751141848 9182416 02012312714 05050↘↘선14.440.340.713.6463039.241.5118.5118.8 18 27 18 9   14.50   13.50 8  2  0NV동52.04481818-2.2 6.2 4.0606018 0일반주행작전마주74기 1 6 3 3 2 5 4 3⑤1:58.52     .814.740.713.8  0 10  .00 5 5 -1 1.43816755257 6 6 2 32 1 1.02 7.08     5.9  2.7    6.1    9.7    8.8  .02061 0 7 5 0―  .440.60 -.4937.76118.913.9928.3640.0912264015.3822.9536.76 4
20250927토 8180011외440 7 96 8 1강 1151맑음다습11 7 5별콩            TARZINO ROMEO'S         뉴거 4 0 0 9 2  256      33000혼4서인석이태인   2 8 811 518 1 0 010  0씨씨웡44752.590기무보50 40 403134.058.035.72652111322 5182425 02012212522 0 099↘→선14.340.140.913.7571540.339.7118.4118.8 10 20 2010   14.50   13.80 9 -3 -1HV동51.54481818-2.0 7.2 5.2525217 0과중문제기복전력50기 1 4 3 3 3 3 3 3③1:58.4머리  .014.539.913.5 -3  5  .00 3 6  3  .13954282988 310 6 42 1 2.0711.05 2.9 8.3  4.9   31.4   43.9   85.4  .02456 1 5 5 1―  .940.80 -.4037.84118.911.0224.2135.73132943 5.2213.9523.96 6
20250727일111800 9외452 7 56 9 2강 2259맑음건조 3 7 5별콩            TARZINO ROMEO'S         뉴거 4 0 0 9 3  415      33000혼4서인석이태인   2 9 710 418 2 0 0 9  0문정균44253.561평무상26 31 313459.056.045.11599 81942101824 0 02012131923 0 099↘→추14.440.440.913.5351939.041.0118.0118.1 11 11 1111   14.60   13.60 4 -1  2NN동51.54481814-2.4 8.6 6.2464617 0부중유리작전마주88기 1 7 4 4 4 4 6 3④1:58.03     .714.540.213.8  1 -6  .00 4 3 -3  .820 8652861 4 7 2 32 2 1.04 6.03 2.8 4.2  2.8   10.6   15.1   11.0  .03142 2 6 6 2―  .740.40 -.6936.84119.012.9529.1945.0714304511.2428.0742.86 3
20250628토 8180011외410 9 6610혼전 4459흐림다습11 7 5별콩            TARZINO ROMEO'S         뉴거 4 0 0 9 3  50717:30 33000혼4안해양이태인   210 6 9 318 1 0 0 8  0문정균44851.561하무보 5  1  118 3.030.0 7.31599 8 940 01718 0 02114131923      ↘→추14.440.640.913.6271940.440.1119.4119.0  0 13 1313   14.80   15.50 6 -3 -1NH동       1814-2.2 9.4 7.2343417 0일반주행거리탄력52관 2 8 6 6 8 7 6 5③1:59.4½    .114.640.613.6 -3  4  .00 3 6 -1  .24356394179 81111113 110.0211.01     6.3 44.9  133.8  386.1  380.3  .015 9-3 1 1-3▼-1.640.40  .1137.45119.1  .98 2.89 7.33 0 2 4  .12 2.99 6.5511
20250518일 6180011외452 910611혼전 4451맑음다습11 7 5별콩            TARZINO ROMEO'S         뉴거 4 0 0 2 4  62014:25 33000혼4안해양이태인   211 5 8 218 1 0 0 7  0조인권44452.062하무상31 23 23 410.047.017.8 933 31443 5171818 02114242513      ↗→선14.440.540.713.6263040.843.0121.5122.0  0 14 1414   14.50   13.70 9  3  0NH동       1814-2.410.0 7.6343418 0착차만회최근최상82관 211 5 7 8 8 9 9⑦2:01.56    3.414.843.915.5  0  1  .00 7 7 -2 3.49472929512 7 910 90 3 5.0210.06     6.3  8.7   23.8   56.8   46.4  .02540 0 3 5 0― -.140.80 -.0440.76119.0 3.7310.3917.79 2 3 7 2.97 6.5711.0111
20250316일 9180011외410 8 1612혼전 4455맑음양호 6 7 5별콩            TARZINO ROMEO'S         뉴거 4 0 0 2 5  80617:00 33000혼4안해양이태인   212 4 7 118 2 0 0 6  0김철호44352.065하무상11  2  2 3 5.033.014.4 6 0 01138 41718 0 02114142025      ↘↗추13.940.540.713.0291240.240.1118.9118.3  0  0 1717   14.40   14.90 4 -3  0NHUP       1814-1.010.2 9.2222217 1일반주행거리속성 1관 2 8 5 5 5 6 5 4③1:58.92½   .414.540.513.7 -6-13  .00 3 9 -2 2.32352393870 6 9 8102 2 1.02 1.06     2.4  1.3    2.4    2.9   15.3  .01516-1 2 1-1▽-1.040.40  .0437.05119.0 2.41 7.2514.38 1 4 7 3.57 6.9613.04 9
20250215토 8170011외452 610613혼전 4451흐림건조 4 7 5별콩            TARZINO ROMEO'S         뉴거 4 0 0 2 5  90316:05 33000혼4안해양이태인   213 3 6 118 1 0 0 5  0김철호45652.067하무상 7  1  1 0 4.028.0 2.9 6 0 01138 41718 0 02114142025      ↘↗추13.940.441.913.0111739.141.9112.7113.4  0  0  020   14.60   13.70 5  4  1NNUP       1714 -.610.0 9.4151514 3능력한계거리속성 1관 011 3 3 3 4 4 6⑨1:52.71    1.014.442.914.9 -2-16  .00 911  1 2.244127655521110 9110 1 1.04 8.04    13.8  4.7   20.1   41.2  134.3  .012 1-4 1 1-4▼-1.940.70 -.1931.05114.6  .17  .50 2.93 0 2 4 1.01 2.96 5.0811
20250111토 7140011외432 2 8614 1강 1154맑음건조 5 7 5별콩            TARZINO ROMEO'S         뉴거 4 0 0 2 5  99215:15 33000혼4안해양이태인   214 2 5 318 2 0 0 4  0김태희47251.563하무상 9  1  1 3 3.029.0 3.21944121138 41718 6 02114152416      →↘입13.937.740.513.0 51037.939.4 89.8 90.3  0  0  025   14.60   13.30 7 -4 -1NH동       1614 -.510.0 9.5111114 0최빈거리부진마필 1관 1 711    11 9 9⑨1:29.81¼  1.714.639.413.7 -1  1  .00 910  0 2.183875274281111 9110 2 3.01 6.05     7.2  4.9    7.2   16.4   20.4  .0 9 1-4 1 2-4▼-1.938.50 -.5312.1290.10  .21  .57 3.23 0 2 4  .12 1.87 3.8111
20241124일 9140011외451 1 5615 2강 2259맑음건조 4 7 5별콩            TARZINO ROMEO'S         뉴거 3 0 0 2 6 113317:00 33000혼4안해양이태인   215 1 4 218 1 0 0 3  0김태희47152.057하무보 5  1  1 2 2.027.0 5.31050 71733131718 6 02114152416      ↘→입13.937.640.113.3 5 438.238.3 89.4 89.9  0  0  0 0   14.30   14.30 8  7 -1NHDN       1613  .010.010.0 9 914-2능력한계보통주행 1관 011 8    101010⑧1:29.4¾   2.314.638.113.3 -2  0  .00 810  0 2.47693145016 810 9100 1 3.05 9.08     4.6  4.3   16.4   33.6   14.4  .013 1-4 1 1-4▼-1.938.50 -.2712.2389.76  .36 1.01 5.32 1 4 8  .12 2.74 3.9911
20260912토 7180011외4 3 6  4 0혼전 4453           7 6럭키링맨        FROSTED HEIRLOOM 1656.00호수 3 0 0   1    016:05 33000혼4이준철이미양  -1 0 5 5 1 4 1 0 0 4  0김용근   52.586하입보50 33 331846.061.041.0275114304614301440 03024312714      ↘↘선14.237.541.313.912 9                    0  0  0 0   14.40   13.90 4  5  2BNUP       1810  .5 6.8 7.3282814 4일반주행거리속성54기 0 6                            14.4    13.9        .0                       21111 2  2                                              .02154 0 6 7 0―  .741.30  .13     118.114.2529.1541.0018375410.9615.3825.60 7
20260816일 61400 8외432 6 84 1 3강 3351흐림다습13 7 6럭키링맨        FROSTED HEIRLOOM 83     호수 3 0 0 2 1   76      33000혼4이준철이미양  -1 1 4 4 1 4 2 0 0 3  0김태희46951.060하입하 5  1  111 9.037.016.11248 6304614301422 03024152416      ↘→입14.237.740.213.9 7 737.539.8 89.9 90.2  0  0  0 0   14.20   13.30 5 -1 -5HHUP       1410  .3 7.0 7.3262610 4일반주행거리부담 5   0 1 7     5 8 7⑦1:29.97    1.614.439.713.9  1  3  .00 7 6 -1 3.28273607133 8 8 8 80 2 1.07 6.08 1.9 3.5  1.9   14.6   18.8   16.311.21515-2 3 3-2▽-1.138.50 -.6812.3189.89 2.96 7.4816.10 2 714 2.74 7.5514.57 8
20260711토 11000 9외421 6 24 2 2강 2254맑음포화16 7 6럭키링맨        FROSTED HEIRLOOM 8320.00호수 3 0 0 2 1   80      41250혼4이준철이미양  -1 2 3 3 3 4 1 0 0 2  0김태희46656.062하입보14  8  822 8.032.011.51248 6304614301422 03024152416      ↘→입14.238.038.013.9193038.839.4 63.6 65.2  0  0  0 0   14.40   13.20 2 -3  1HN동       1010 -.5 7.0 6.5282810 0연대우수보통주행48기 0 2 8     8 9 9⑨1:03.62    2.114.238.513.3  2 -2  .00 9 7  0 3.39390889523 4 6 4 80 1 1.02 6.07 2.0 1.9  2.0    1.9    3.5    2.7  .03217-1 2 1-1▽-1.337.60  .14-10.863.31 1.50 4.7311.51 2 714 1.69 3.32 6.60 9
20260628일 1100011외420 2 24 3혼전 4455맑음건조 3 7 6럭키링맨        FROSTED HEIRLOOM 8320.00호수 3 0 0 9 1   30      41250혼4이준철이미양  -1 3 2 2 2 4 1 0 0 1  0김용근46855.587하입보12  2  24257.062.037.8275114304614301440 03024312714      ↘↘선14.237.938.113.9252238.238.2 62.9 64.2  0  0  0 0   14.20   13.90 4  4  0LH동       1010-1.0 7.0 6.0181810 0일반주행연대우수58관 1 5 9     9 9 8⑦1:02.91    1.414.437.613.2  0 -2  .00 7 7  0 2.58377526937 3 7 2 40 1 2.01 6.02 1.9 2.3  2.9    2.3    5.2    6.6  .03765 0 7 7 0―  .737.40 -.61-11.863.3110.6224.4437.84102335 5.7417.9516.9710
20260531일 11000 8외421 6 24 4 1강 1155맑음양호 7 7 6럭키링맨        FROSTED HEIRLOOM 8320.00호수 3     9 1   50      41250혼4이준철이미양  -1 4 1 1 1 4 1 0 0 0  0유승완47055.572평무보11 25 2521  .033.010.21860 8304614301437 03024152722      →↘입14.638.138.313.524 137.739.1 64.3 64.2              14.60   13.80 4  0  0NL동       10 0         3.0     0 0일반주행우수혈통43기 0 1 5     5 4 5⑥1:04.31½  2.314.239.113.9 -1 -6  .00 6 7  0 2.68564848221 6 8 8 72 1 1.03 3.07 1.6 1.5  1.6    5.4    7.7    1.9  .01511-4 3 3-4▼-1.437.20 -.01-12.263.54 1.56 4.7910.18 31017 9.0218.8036.68 2
20260912토 7180011국4 3 6  9 0혼전 4453           7 7더선스토리      섀클포드엘루시브 9427.00한암 3 1 1   1    016:05 33000혼4홍윤화한명로  -1 0 6 1 1 5 4 3 0 5  1김효정   52.567강선보50 78 783760.052.028.51650 723501019 025 0352119231799 0 0↗→선13.738.741.114.29213                   75 75 50 0   14.10   14.10 9  4 -4NUUP55.04551814-1.3 3.5 2.3878714 1전개유리거리속성42기 0 7                            14.1    14.1        .0                       4 9 1 6  4                                              .02557 1 7 6 1―  .241.10  .11     118.5 9.4219.1828.53 5122215.0729.6743.00 2
20260712일 5170011국553 8109 1혼전 4451맑음다습12 7 7더선스토리      섀클포드엘루시브 6526.00한암 3 1 1 2 1  157      24750국5홍윤화한명로  -1 1 5 2 1 5 3 2 0 4  1김효정45756.568강선상92 95 955372.058.038.91650 723501019 025 0352119231799 0 0↗→선13.539.041.814.2941738.741.2111.0112.1 67 67 33 0   13.40   14.80 6 -6  3HBUP54.34541714-1.3 4.0 2.7848414 3부중유리거리속성46기 0 3 3 3 3 2 2 1①1:51.03    -.514.140.514.1 -1  3  .00 1 2  0  .012 6541995 210 2 31 3 2.08 3.11 2.9 6.3  4.8   69.2   87.2  306.810.53169 1 8 7 1▲  .641.90 -.2331.29113.614.4027.0738.9310233518.9935.8447.96 2
20260530토 6140011국514 8 69 2 1강 1151맑음양호 7 7 7더선스토리      섀클포드엘루시브 6526.00한암 3 0 0 9 1  115      24750국5홍윤화한명로  -1 2 4 1 2 5 2 1 0 3  0김효정45453.568우입상87 92 927280.057.043.71650 723501019 025 0352119231799 0 0↗→선13.636.540.114.3861235.540.9 89.0 88.1 50 50 50 0   13.70   13.60 4  8 -2BU동55.04531413-1.5 5.0 3.5797914 0일반주행최적거리73기 2 9 1     1 1 1①1:29.01½  -.313.441.414.8 -1  1  .00 1 2  0  .014 1864193 3 9 2 21 2 2.04 9.07 2.3 7.6  5.8   25.2   40.5   33.312.03074 2 7 7 2△  .939.20 -.6211.4689.0014.2830.1943.7019395524.7144.8560.71 2
20260503일 2140011국651 9 59 3 1강 1149비  다습10 7 7더선스토리      섀클포드엘루시브 6526.00한암 3 0 0 1 1   69      24750국6홍윤화한명로  -1 3 3 3 1 5 1 0 0 2  0김효정45355.068하입보30 66 665457.061.063.31650 723501019 025 03521192317      ↗→선13.736.640.814.281 736.639.1 88.6 87.7  0  0  0 0   13.80   14.50 9 -8  1HNUP       1413-2.0 8.0 6.0606013 1일반주행거리부담42기 0 1 1     1 1 1①1:28.64    -.613.739.313.6 -1-13  .00 1 2 -6  .0 821381897 211 1 21 1 2.01 1.03 2.5 4.6  3.9    4.6    9.4   13.6  .01852 0 6 7 0―  .839.00-1.6110.3089.5523.4043.8263.3119405617.5041.1860.71 2
20260301일 1130011국642 9 99 4 2강 2259맑음건조 3 7 7더선스토리      섀클포드엘루시브 6526.00한암 3 0 0 1 1  188      24750국6홍윤화한명로  -1 4 2 2 1 5 1 0 0 1  0정정희46654.081평무하31 25 25 6  .031.010.82044 923501019 0 5 03521202515      →↗입14.037.340.714.366 137.140.4 84.4 83.9              14.00   14.60 5 -2 -1LNUP       13 0         8.0     0 1신마혈통거리속성62기 0 9 7     5 5 5⑥1:24.4½    .713.840.914.5 -2  0  .00 6 8  6 1.06925816859 51111 92 1 2.0111.05 2.4 6.8  3.7    6.8   12.8  113.4  .04111-3 2 2-3▼-1.340.00 -.21 5.8683.93 1.34 4.5810.75 0 3 6 7.7915.8839.52 6
20260124토 1120012국611 9 69 5 1강 1155맑음건조 3 7 7더선스토리      섀클포드엘루시브 6719.00한암 3     2 1   84      24750국6홍윤화한명로  -1 5 1 1 1 5 1 0 0 0  0빅투아46654.591평무보91 25 2575  .052.039.331531323501019 034243521222818      →→선14.537.538.212.6549937.139.9 77.9 76.5              14.50   12.90 4  0  0LL동       12 0         2.0     0 0일반주행신마혈통 5기 011 8     6 5 8⑧1:17.92    2.614.040.714.6  6-10  .01 8 2  0 3.56442807517 7 5 7 32 1 1.05 9.03 1.3 4.2  1.3    7.6    9.5   14.4  .03954 0 5 5 0―  .338.20 -.12  .7675.8912.9327.7939.29132943 7.4115.1727.2511
20260912토 7180011외4 3 6  3 0혼전 4453           7 8마터호른케이    SHANCELOYO ALI          미수 4 0 0   1    016:05 33000혼4백종수강경운   1 01313 112 3 0 212  0푸르칸   52.580평입보50 54 54 923.049.023.424601638712245 0 0126050142421      ↗→추14.240.040.813.75130                   33 44  0 0   14.70   13.80 5 -1 -2LHUP       1814-3.2 7.0 3.8656514 1일반주행거리속성54기 1 8                            14.7    13.8        .0                       8 5 5 7  3                                              .01528 0 5 5 0― -.240.80 -.04     118.9 6.7614.0323.41 41118 8.2215.3824.57 8
20260808토 6170011외410 7 63 1 1강 1151맑음건조 2 7 8마터호른케이    SHANCELOYO ALI          미수 4 0 0 1 1  106      33000혼4백종수강경운   1 11212 412 2 0 111  0푸르칸51654.579평입상79 68 683769.068.046.524601638712245 0 0126050142421      ↗→추14.139.741.513.7573340.040.4112.8112.7 25 38  0 0   14.00   13.90 8  8  2BLUP       1714-2.4 7.8 5.4535314 3편성만만거리속성72기 0 9 4 4 4 3 3 3②1:52.87     .014.740.213.8 -3-13  .00 2 5  0 1.22660303489 5 9 4 32 2 1.05 1.09 1.4 3.8  1.4   10.7   13.6   39.3  .03565 3 7 9 3▲ 1.441.30 -.6031.49113.917.2133.8146.4518375412.2024.1738.90 4
20260614일 71400 9외453 6 53 2 2강 2251비  건조 3 7 8마터호른케이    SHANCELOYO ALI          미수 4 0 0 2 1  124      33000혼4최봉주강경운   1 21111 412 1 0 110  0푸르칸52952.579평입하36 39 394040.056.042.72460161350 614 0 51217 4142421      ↗→추14.137.139.913.7432237.238.7 88.8 87.9 29 14  0 0   14.30   14.00 6 -4 -2HHDN       1714-1.8 7.2 5.4585814-2일반주행보통주행50기 0 1 6     5 5 3④1:28.81½   .614.039.313.9 -1  0  .00 4 5  2 1.01356252765 7 4 5 32 1 6.03 3.04 1.9 4.8 17.2   25.6   64.1   59.1  .03051 2 5 7 2―  .738.60 -.8410.9489.2811.8527.3642.68143045 8.4319.3930.24 5
20260502토 7160010외454 9103 3 2강 2251흐림건조 3 7 8마터호른케이    SHANCELOYO ALI          미수 4 0 0 1 1  114      33000혼4김윤섭강경운   1 31010 212 5 0 1 9  0유승완52954.069평입보25 15 151413.038.014.31860 8142012 8 61124 9 2152722      →↘입14.236.940.413.6292536.939.4104.1103.4 29 29  014   13.90   13.90 6  4  0NNUP       1714 -.8 6.6 5.8484814 3일반주행보통주행57기 1 5 7   7 7 7 8⑧1:44.11¼  1.014.340.014.0  5-11  .09 8 3  0 1.06178425554 7 8 8 90 9 4.02 4.08 2.3 5.2  8.6   18.4   50.8   10.9  .01510-1 3 3-1▽ -.840.40 -.0926.11103.8 3.31 7.3514.33 2 3 7 1.64 5.9611.61 8
20260321토 8130011외452 3103 4혼전 4457맑음건조 5 7 8마터호른케이    SHANCELOYO ALI          미수 4 0 0 2 1  119      33000혼4김윤섭강경운   1 4 9 9 112 4 0 1 8  0유승완54054.069평입보56 55 552131.041.016.81860 8142012 8 61124 9 2152722      →↘입14.137.539.413.6474838.139.3 83.2 84.1 29 29  0 0   14.20   13.30 6 -6  2HNDN       1714 -.8 6.6 5.8484814-3일반주행탐색우려78기 0 1 4     7 7 7⑦1:23.21    1.913.939.113.9  4  4  .01 7 3 -6 2.0747452662510 6 3 80 8 5.04 4.02 2.0 5.9  9.7   21.9   54.6  435.5  .01514 0 4 2 0― -.539.80  .30 7.1683.23 3.85 8.8516.83 2 715 8.1118.7127.37 5
20260208일 7160010외421 3 73 5혼전 4431맑음건조 2 7 8마터호른케이    SHANCELOYO ALI          미수 4 0 0 2 1   98      33000혼4김윤섭강경운   1 5 8 8 112 3 0 0 7  0유승완53652.569평입보23 19 1914 7.032.0 7.71860 8142012 8 61124 9 2152722      →↘입14.036.940.713.7341936.239.9100.5102.8 17 17  0 0   14.40   13.90 6 -1  1LNDN       1714 -.8 6.6 5.8484814-1일반주행탐색우려36관 0 7 4   4 4 4 3②1:40.56     .014.238.813.3 -7  9  .00 2 9  2 1.03930564679 7 7 7102 7 1.09 2.07 2.4 4.4  2.4   43.4   48.2  187.7  .015 2-3 1 1-3▼-1.540.70 -.0825.16103.9  .84 3.28 7.66 1 4 8 2.41 5.9511.03 9
20251227토 9170011외413 4 63 6혼전 4452흐림다습14 7 8마터호른케이    SHANCELOYO ALI          미수 3 0 0 9 1  119      33000혼4김윤섭강경운   1 6 7 7 312 2 0 0 6  0유승완52752.069평입상35 28 281815.046.019.61860 8142012 8 61124 9 2152722      →↘입14.039.941.713.8423039.841.7112.5114.3 20 20  0 0   13.90   13.90 5  5  0BHUP       1714-1.0 6.6 5.6454514 3일반주행거리속성94기 3 8 7 7 7 6 7 7⑦1:52.51¾  1.314.440.913.9  0  3  .00 7 7 -2 1.37448696741 710 8 90 6 1.06 7.06 1.7 6.7  1.7    8.0   10.4   92.5  .01846 0 3 4 0― -.241.30 -.2132.74114.2 5.0411.1419.63 2 510 5.49 9.4716.29 9
20251123일 8140011외434 3 83 7 3강 3351맑음건조 3 7 8마터호른케이    SHANCELOYO ALI          미수 3     2 1   9216:05 33000혼4김윤섭강경운   1 7 6 6 312 1 0 0 0  0유승완52452.069기입하62 57 57 710.038.011.41860 8142012 8 61124 9 2152722      →↘입14.037.439.613.4175336.740.1 87.9 89.2 25 25  0 0   14.40   13.4040 -2 -1HHDN       1714  .0 6.0 6.0444414-3최빈거리휴양불리50기 1 3 5     5 6 6④1:27.95    1.013.939.613.9 -5  9  .00 4 9  0 1.1542672584810 4 5 92 5 1.06 2.05     4.0  2.1   16.9   25.2   39.511.21030-1 2 2-1▽ -.938.60  .0012.1689.28 1.98 5.5911.42 2 510 2.54 6.2511.01 8
20250215토 8170011외452 6103 8혼전 4451흐림건조 4 7 8마터호른케이    SHANCELOYO ALI          미수 3 0 0 2 5  903      33000혼4김윤섭강경운   1 8 5 5 212 1 0 0 4  0김정준51553.067기입적19  8  83310.037.011.31856141367 6 8 6 5 4 9 2132026      →→추14.040.041.013.4357340.641.3113.6114.3 33 33  0 0   14.60   15.10 6  0  0NH동       1714 -.3 5.0 4.7494914 0숨은복병기복전력 1기 0 5 8 8 8 91010⑩1:53.65    1.915.042.314.7  1-11  .0010 9  5 3.16979627828 9 6 8100 1 1.04 8.04 4.713.8  4.7   20.1   41.2  134.3  .01929 0 3 3 0― -.941.20  .3133.25113.8 2.12 5.7711.32 1 4 8 3.03 6.90 7.6310
20250105일 9170011외411 3 63 9 1강 1151맑음양호 7 7 8마터호른케이    SHANCELOYO ALI          미수 3 0 0 1 6 1001      33000혼4김윤섭강경운   1 9 4 4 112 4 0 0 3  0유승완52653.080기입적47 43 432719.040.011.32144 91443 9 8 61124 9 2152722      ↗→입14.040.041.113.4366539.742.8114.6115.5 33 33  0 0   13.90   13.60 8 -1  1NNUP       1714-1.5 6.5 5.0313114 3작전마주탐색우려 1기 0 5 5 5 4 6 710⑩1:54.64    2.814.643.015.1  6 11  .0110 4  2 4.08940888712 7 7 7 90 4 1.02 8.01 1.7 4.7  1.7    4.7    6.6   53.2  .020 9-3 3 3-3▼ -.941.40  .2634.36113.8 1.97 5.5311.26 2 510 4.17 8.4417.95 9
20241109토 81400 9외451 3 5310 1강 1149맑음양호 6 7 8마터호른케이    SHANCELOYO ALI          미수 2 0 0 2 6 118716:30 33000혼4김윤섭강경운   110 3 3 212 3 0 0 2  0유승완51552.080하입적60 35 353761.054.040.92144 91443 9 8 61124 9 2152722      ↗→입14.037.439.613.4175337.438.6 88.5 89.0  0 50  0 0   13.90   13.50 6  3  0LH동       1412-1.0 7.0 6.0282814 0일반주행작전마주 1기 2 6 7     7 6 5④1:28.5목    .013.938.313.6  2  2  .00 4 2 -4  .55066212776 5 6 2 40 3 3.05 2.09     4.5  5.1   20.6   34.6   38.0  .02047 0 6 5 0―  .338.50 -.7812.0389.2813.8128.4540.9110233518.7544.4438.22 1
20240928토10140011외431 5 8311 2강 2259맑음건조 5 7 8마터호른케이    SHANCELOYO ALI          미수 2 0 0 9 7 131617:30 33000혼4김윤섭강경운   111 2 2 112 2 0 0 1  0유승완51352.084하무보14 35 3518  .031.0 6.92058 41567 4 8 61124 9 2152722      →↗입14.837.840.213.3 92537.238.9 88.1 87.8  0  0  0 0   14.80   13.60 6  0 -3HHUP       1412         6.0    12 2작전마주탐색우려 1관 1 3 4     5 5 5④1:28.1목   1.513.939.213.5 -2  2  .00 4 6 -1 1.61153313137 91011102 2 1.02 5.01     3.3  2.6    3.3    5.0   14.3  .020 5-4 2 1-4▼-1.537.90 -.51 9.8389.96  .66 2.72 6.87 1 2 610.7120.2841.85 4
20240818일 2120012외431 2 8312혼전 4455맑음건조 4 7 8마터호른케이    SHANCELOYO ALI          미수 2     2 8 141911:05 41250혼4김윤섭강경운   112 1 1 112 1 0 0 0  0유승완51155.087평무보   35 3540  .049.018.2274411173812 8 61124 9 2152722      →→입15.036.738.513.4    37.839.0 75.7 77.2              15.00   13.70        NN동       12 0                 0 0일반주행작전마주 1기 1 311     9 8 7⑥1:15.73    1.814.838.613.6 -1 -4  .00 6 7  0 3.07976567027 1 1 2 90 1 2.01 7.11     3.4  2.6    3.4    6.7   78.4  .02061 0 5 5 0―  .039.20  .76 2.0075.61 4.0210.2318.15 1 4 7 8.2816.4826.51 4
20260912토 7180011외4 3 6  3 0혼전 4453           7 9픽처            THOUSAND잉글리시        미거 4 0 0   1    016:05 33000혼4강성오박희상   2 01515 114 1 1 214  0정도윤   55.582평선보50 58 585150.055.031.412 0 92556102218 0 026 8102523502525↗↗입13.637.141.013.98222                   27 36 55 9   13.50   13.30 8 -2 -1LNUP54.84861812-2.2 5.4 3.2727213 6일반주행작전마주54관 1 9                            13.5    13.3        .0                       1 8 2 3  1                                              .02070 0 6 6 0―  .341.00  .57     117.811.0822.4431.3510233515.0726.3734.81 3
20260718토 7120010외452 6103 1 1강 1151흐림불량20 7 9픽처            THOUSAND잉글리시        미거 4 0 0 2 1  145      33000혼4강성오박희상   2 11414 914 1 1 213  0이혁  48456.080평도하35 31 318825.052.020.82258 7255610221826 026 828211867 033↗↘선13.536.538.914.1903737.138.5 74.1 75.0 30 30 6010   13.30   15.80 6  5 -1BNDN54.34861612-1.8 5.4 3.6686813-2작전마주도주호기 5   011 3     3 3 4⑤1:14.1코    .513.537.713.3  0  0  .00 5 5  1  .91747393565 1 5 9 72 3 7.10 8.01 3.4 8.4 10.5  233.0  367.3  355.7  .02062 0 5 5 0―  .338.80  .57 -.3775.72 5.3913.2320.78 3 817 6.0212.9317.32 9
20260606토 71400 8외423 6 23 2 3강 3352맑음양호 6 7 9픽처            THOUSAND잉글리시        미거 4 0 0 1 1  114      33000혼4강성오박희상   2 21313 314 1 1 212  0루이스48457.065평도상55 63 638860.061.058.92144102556102218 0 026 820271567 033↗↘입13.636.339.913.9941935.642.9 90.8 91.0 30 30 5020   13.60   14.40 7  2  1NBDN54.34861612-1.6 6.4 4.8636313-2전개유리작전마주68기 0 6 1     3 3 6⑧1:30.85    2.513.343.015.8  4 -1  .05 8 4  3 3.090 1979018 1 7 2 20 3 5.01 3.05 1.7 1.8 15.1   11.4   51.6    6.611.22568 1 7 7 1―  .840.10 -.7714.7988.7321.2140.7558.8918375418.9743.9064.29 2
20260418토 8160010외451 8103 3혼전 4451맑음건조 4 7 9픽처            THOUSAND잉글리시        미거 4 0 0 2 1  135      33000혼4강성오박희상   2 31212 114 1 1 211  0이혁  48556.078평도상82 83 831470.070.047.42258 7255610221826 026 828211867 033↗↘선13.635.840.613.9951735.740.9103.3103.0 30 30 6010   13.50   13.60 4  0  2HBUP54.34861612-1.6 6.4 4.8636313 3적정체중작전마주37기 0 4 1   1 1 1 1④1:43.3½    .313.640.814.4  3  1  .01 4 1 -4  .64711776573 110 2 21 2 3.02 2.08 4.1 9.8  5.1   13.4   27.0   48.310.63788 3 8 9 3▲ 1.540.60 -.4726.59103.317.7633.8147.4118375415.0528.2840.65 2
20260321토 8130011외452 5103 4혼전 4457맑음건조 5 7 9픽처            THOUSAND잉글리시        미거 4 0 0 2 1   77      33000혼4강성오박희상   2 41111 114 2 0 210  0루이스48454.565평도보29 31 318736.060.036.72144102556102218 0 026 820271550 050↗↘입13.536.639.714.1972236.938.6 81.2 82.0 22 11 67 0   13.50   14.80 5 -4  1HNUP54.34881412-1.6 6.4 4.8636312 1전개최상부중편성60기 1 4 1     1 1 1①1:21.2½    .013.538.313.6 -4-10  .00 1 5 -3  .01118291083 1 9 7 31 2 5.04 4.02 2.0 5.9  9.7   21.9   54.6  435.5  .03570 3 6 7 3△ 1.040.20  .11 5.6882.8414.6926.5036.71143045 9.4618.7129.56 6
20260215일 8120011외454 5103 5혼전 4451맑음건조 3 7 9픽처            THOUSAND잉글리시        미거 4 0 0 2 1   76      33000혼4강성오박희상   2 51010 814 1 0 2 9  0루이스49453.567평도하40 42 429644.065.030.52144102556102218 0 026 820271550 050↗↘입13.536.439.214.1972236.340.3 75.9 76.6 25 13 63 0   13.50   14.5013  2 -1NH동54.34881412-2.2 6.4 4.2666612 0전개최상전개최상79기 1 8 4     4 2 3⑥1:15.91½  1.413.539.914.8 -2 12  .00 6 8  7 1.666 9856638 1 9 8 70 1 4.07 5.04 3.710.7  6.1   26.9   54.1   79.812.74188 2 7 8 2▲ 1.239.30  .17  .9875.8410.2420.0530.50 41118 6.9014.6924.26 8
20251115토 9120011외434 7 33 6혼전 4454맑음건조 3 7 9픽처            THOUSAND잉글리시        미거 3 0 0 2 2  272      33000혼4강성오박희상   2 6 9 9 714 5 0 2 8  0송재철48254.577평도상79 84 849164.066.036.42032142440162218232026 819262050 050↗↘입13.536.439.214.0952237.139.9 76.9 77.0 25 25 63 0   13.50   13.40 4  2 -2NN동54.34881412-2.8 7.8 5.0595912 0전개최상전개최상 6기 0 6 2     2 4 8⑩1:16.91½  1.713.540.214.5  9 -6  .0910 1 -1 1.77646807633 210 1 30 5 3.0211.01 1.8 2.9  6.5   18.6   42.3  293.7  .04175 0 8 7 0▲ 1.039.40  .02 1.3875.8414.0426.2036.3718375413.9227.7540.86 2
20251018토 6120011외414 5 63 7 3강 3351흐림포화19 7 9픽처            THOUSAND잉글리시        미거 3 0 0 2 2  215      33000혼4강성오박희상   2 7 8 8 614 4 0 1 7  0송재철48856.077평도상72 70 709880.071.047.22032142440162218232026 8192620 0 099↗↘입13.636.539.313.9952236.838.1 74.3 75.2 14 14 5714   13.50   13.20 5 -4  4HB동52.54871412-1.4 8.0 6.6494912 0부중유리전개최상64관 1 4 1     2 2 2②1:14.35     .013.538.313.4  0  1  .00 2 2 -5  .91726241286 1 9 3 21 4 1.02 9.04 1.5 3.6  1.5    3.6    4.9    8.912.24187 3 9 9 3★ 1.638.80 -.40 -.6575.9519.3235.0847.2233536616.6730.4542.98 3
20250913토 8120011외424 1 73 8혼전 4451맑음포화17 7 9픽처            THOUSAND잉글리시        미거 3 0 0 2 2  298      33000혼4강성오박희상   2 8 7 7 514 3 0 0 6  0송재철48752.577하도보41 36 368441.066.046.82032142440162218232026 8192620      ↗↘입13.636.539.714.493 836.737.8 72.8 75.0  0  0 67 0   13.60   14.70 4  2 -2NH동       1412-1.6 8.4 6.8474712 0일반주행부중영향32관 1 8 5     5 6 5②1:12.8머리  .013.537.113.2 -5 10  .00 2 7  2  .1132017 680 210 7 23 3 2.07 2.08 2.2 2.6  3.2   32.7   53.5  102.812.73281 2 7 8 2▲ 1.538.70 -.63-1.2076.1718.2234.3346.84193955 8.2416.7628.42 5
20250817일 7120011외452 4103 9 1강 1151맑음양호 7 7 9픽처            THOUSAND잉글리시        미거 3 0 0 2 2  37315:15 33000혼4강성오박희상   2 9 6 6 414 2 0 0 5  0송재철47754.077하선상36 36 368859.068.052.72032142440162218232026 8192620      ↗↘입13.636.539.714.491 936.539.7 76.0 76.3  0  0 60 0   13.30   15.50 5  4  2NNDN       1412-1.3 8.0 6.8444412-2숨은탄력보통주행78기 0 6 2     2 2 3⑦1:16.01    1.113.640.114.7  2 -1  .00 7 5 -5 2.35511755147 211 7 21 2 1.0210.07     5.1  2.1    5.1    7.9   23.4  .04380 3 7 8 3▲ 1.739.10 -.80  .0676.1722.3140.0652.73193955 8.8521.1526.79 4
20250712토 7140011외454 610310 1강 1151맑음건조 5 7 9픽처            THOUSAND잉글리시        미거 3 0 0 2 3  46816:30 33000혼4강성오박희상   210 5 5 214 1 0 0 4  0송재철47852.078하입상28 25 253015.048.021.51540 81550 62218232026 8192620      ↘↗입13.736.540.414.486 435.741.6 89.7 89.3  0  0 50 0   13.60   14.4016 -1  0HH동       1412  .0 8.0 8.0424212 0일반주행휴양불리40관 0 2 1     1 1 2⑦1:29.7머리  .813.342.015.5 -3-13  .00 710  2 1.259 1937357 410 7 61 1 5.04 6.01     5.7 10.6   34.7   66.1  478.1  .01855 0 4 5 0― -.139.50 -.2012.4189.21 4.5012.5121.47 41118 3.55 6.9815.34 7
20250323일10140011외433 3 8311 2강 2251맑음건조 4 7 9픽처            THOUSAND잉글리시        미거 3 0 0 2 4  78417:30 33000혼4강성오박희상   211 4 4 114 1 0 0 3  0김동수49152.067하선상33 26 265653.057.027.61433 92558142218 0 026 8102127      ↗→추13.836.740.713.868 935.940.7 89.2 89.6  0  0 33 0   13.70   14.30 4 -4  0HHUP       1412 1.5 7.5 9.0363612 2일반주행부중영향 1관 0 3 2     3 3 5③1:29.25     .913.640.714.4 -5 -4  .00 3 8 -1 2.269 2835250 211 7 52 1 1.04 2.04     4.3  2.2    7.9   10.9   63.3  .03073 2 5 6 2―  .639.40 -.6912.2489.55 7.4816.8427.61 81728 5.3414.8822.48 5
20250223일 7120011외421 2 7312 1강 1151맑음건조 3 7 9픽처            THOUSAND잉글리시        미거 3 0 0 9 5  87115:15 33000혼4강성오박희상   212 3 3 314 1 0 0 2  0김철호49552.065하무보30 20 203612.042.017.0 6 0 01563 02218202526 8142025      ↘↗추14.037.139.713.8682236.639.4 76.2 76.3  0  0  0 0   14.00   14.10 8 -4 -3NH동       1212 1.0 7.0 8.0373712 0부중효과부중영향 1기 1 7 2     2 2 2⑥1:16.21     .913.739.814.3 -3 -5  .00 6 9  1 1.45715704750 410 5 71 2 1.07 1.06     3.2  2.4   41.7   61.7   20.9  .02744 0 3 3 0― -.538.60 -.10 -.4776.51 3.56 8.9317.03 41118 1.77 6.76 9.11 7
20241228토 2120012외430 3 8313 3강 3355맑음건조 5 7 9픽처            THOUSAND잉글리시        미수 2 0 0 9 6 104211:00 41250혼4강성오박희상   213 2 2 214 1 0 0 1  0이혁  50055.088하무보38 35 3551  .049.017.82345 41346 3221826 026 8282118      →↗선14.237.139.914.1702237.139.6 77.3 77.0  0  0  0 0   14.20   14.40 5  2  0NH동       1212         8.0    12 0최빈거리부중효과 1기 111 7     7 8 9⑩1:17.3코   1.514.040.114.1  2  6  .0010 8  1 2.97444757034 91012 80 1 3.02 5.07     3.8  6.6   12.1   23.7  173.711.21866 0 4 5 0― -.138.70 -.24 -.0376.62 3.29 9.9817.81 2 511 8.2215.7727.9310
20241124일 2120010외411 3 1314 1강 1155맑음건조 4 7 9픽처            THOUSAND잉글리시        미거 2     2 6 114011:00 41250혼4강성오박희상   214 1 1 114 1 0 0 0  0김철호49455.060평무보   35 3540  .033.011.01350 51346 32218202526 8142025      ↗↘추14.236.738.514.0    36.939.3 76.7 76.5              14.20   14.30        LN동       12 0                 0 0일반주행보통주행 1기 0 9 6     3 4 4⑧1:16.71    1.414.239.714.4  1 -9  .00 8 7  0 2.86231675537 5 5 5 90 1 1.04 7.08     1.8  1.1    5.6    7.2   47.3  .01519-1 2 3-1▽-1.039.00  .96 1.2875.61 1.43 4.9610.95 1 4 910.0020.0030.00 9
20260912토 7180011외4 3 6  5 0혼전 4453           710나비드          MR. MONEFASHION         미거 4 0 0   1    016:05 33000혼4전승규박철근   2 01621 720 5 1 120  0김태훈   55.070기추적50 56 565616.042.016.01757 71746 6221125251919122521 05050↗→입14.840.840.013.41465                   18 29  029   15.20   13.90 4  1 -1BN동52.64651817-1.2 5.4 4.2676714 0일반주행기복전력53기 010                            15.2    13.9        .0                      11 1 410  5                                              .01518-1 3 3-1▽ -.740.00  .12     118.9 4.69 9.4116.02 2 510 6.8512.0920.4810
20260815토 7180010외443 6 95 1 3강 3331흐림건조 3 710나비드          MR. MONEFASHION         미거 4 0 0 2 1   85      33000혼4전승규박철근   2 11520 620 4 1 119  0김태훈46555.570기추보65 59 595915.043.018.31757 71746 6221125251919122521 05050↗→입14.840.840.013.4216540.840.7118.8118.7 19 31  031   15.30   13.40 6  4 -1LNUP52.64651817-2.2 6.0 3.8727214 1작전마주기복전력 5   0 9 9 9 8 7 6 4⑤1:58.8½   1.015.240.413.9 -2  0  .00 5 7  2 1.23771576952 9 2 4 80 4 8.02 4.07 2.2 4.6 25.9   47.9  149.8   75.911.22017-3 4 3-3▽ -.740.10  .0737.91118.9 5.4110.7818.27 2 511 6.3310.4018.89 8
20260705일 8170010외430 6 85 2 1강 1151흐림건조 4 710나비드          MR. MONEFASHION         미거 4 0 0 1 1   83      33000혼4전승규박철근   2 21419 620 3 1 118  0김태훈46556.071기추적81 90 908380.068.058.51757 71746 6221125251919122521 05050↗→입14.840.140.513.3327640.839.6112.4113.0 20 27  020   15.20   13.10 4  2  3NB동52.64651817-3.0 6.8 3.8717114 0걸음늘어작전마주69기 0 5 9 9 9 8 8 6⑤1:52.4코    .815.338.713.4  0  4  .00 5 5  0 1.02988113256 9 1 2 13 3 4.01 4.08 2.3 4.5  9.4   10.9   31.7   10.1  .03568 3 8 7 3▲ 1.440.90 -.5632.36113.525.6946.3658.4633536619.4435.2446.08 2
20260606토 81700 9외451 6105 3 2강 2251맑음양호 6 710나비드          MR. MONEFASHION         미거 4 0 0 1 1   73      33000혼4전승규박철근   2 31318 520 2 0 117  0김태훈46153.071평추보29 44 4437 9.043.018.01757 71746 6221125251919122521 06733↗→입14.840.140.713.3306940.339.5112.7112.5 14 21  029   15.70   13.20 3 -3  1HNDN52.54671818-2.4 7.4 5.0555514-1일반주행부중잇점47기 0 3 7 7 7 8 8 3①1:52.71½  -.315.239.613.1 -4 -8  .00 1 5  0  .01465111393 7 5 6 83 2 5.02 3.05 3.8 6.6  7.8   14.8   39.3   17.4  .01529 0 4 3 0― -.540.80  .2631.66113.6 3.41 8.8617.99 2 511 1.57 4.9010.59 8
20260517일 9180010외441 9 95 4 3강 3351맑음건조 3 710나비드          MR. MONEFASHION         미거 4 0 0 2 1   42      33000혼4전승규박철근   2 41217 520 1 0 116  0김태훈46952.570평추보42 36 362613.049.025.71757 71746 6221125251919122521 06733↗→입14.740.740.713.4272741.638.8122.1119.9 15 23  815   14.80   12.90 3  2  0NHUP52.54671817-2.0 7.8 5.8434314 1일반주행부중영향74기 0 610 9 9 9 9 6⑤2:02.1¾    .615.738.713.2  0 -1  .00 5 5  0 1.67093 84167 810 7 63 1 2.04 4.08 3.4 5.7  3.7   11.3   19.3    9.411.22248 0 4 6 0―  .040.40 -.2838.54119.1 6.9515.5925.67 51222 2.25 7.7313.73 9
20260426일 5170010외433 3 85 5 1강 1141맑음건조 3 710나비드          MR. MONEFASHION         미거 4 0 0 9 1   46      33000혼4전승규박철근   2 51116 420 2 0 115  0김옥성47052.558기추적67 59 594335.047.021.7 6 0 61746 62211 9 01919141618 05050→→추14.639.941.413.5424140.239.9112.4113.2 17 25  017   14.80   13.70 3  3  0VHDN52.54651818-3.0 9.0 6.0414114-1일반주행기복전력49기 0 4 6 6 6 6 5 5⑤1:52.4머리  .414.839.412.9  0 -1  .00 5 5 -5  .6396618246710 9 3 82 2 1.04 3.08 1.9 3.3  1.9    9.2   11.6   16.3  .02140 1 5 3 1―  .141.20 -.1031.91114.0 5.8013.4921.72 2 510 4.9510.3819.05 8
20260404토 7180011외422 8 75 6 1강 1151맑음양호 7 710나비드          MR. MONEFASHION         미거 4 0 0 1 1   57      33000혼4전승규박철근   2 61015 420 1 0 114  0김옥성47152.556평추상21  9  934 3.033.0 9.5 6 0 61746 62211 9 01919141618 0 099→→추14.240.941.013.3122539.741.0118.9117.7  9 18  918   14.90   13.20 2 -9  2UNUP52.54591813-2.0 9.2 7.2323214 6일반주행부중잇점50기 0 1 6 5 5 5 5 5③1:58.9½    .114.840.313.7 -7 -1  .00 310  1  .61330634777 910 9 92 1 1.03 7.06 1.6 3.1  1.6    5.8    8.3  101.7  .01523 0 1 1 0―-1.039.90 -.0735.81119.3 1.24 4.24 9.53 1 4 9  .12 1.89 4.8410
20260322일 8120011외432 7 35 7 1강 1151맑음건조 5 710나비드          MR. MONEFASHION         미거 4 0 0 2 1   24      33000혼4전승규박철근   2 7 914 220 1 0 113  0권중석47251.067평추보13  2  233 5.040.018.11341 61746 62211 0 01919191818 0 099↘→선14.238.338.713.4156138.337.7 76.6 76.0 10 20  010   15.40   13.80 6 -1 -2LUDN52.54591813-1.6 9.4 7.8232314-6숨은복병부중영향62트 01010     9 8 7⑤1:16.6¾   1.014.938.013.2 -4 11  .00 5 9  1 2.2469213485211 510 83 1 1.1011.05 1.6 3.1  1.6   56.7   59.2  192.9  .02249-2 3 5-2▽ -.737.30 -.24 -.9976.62 4.6510.3818.14 2 715 2.04 4.47 7.6910
20260207토 9180011외411 7 15 8 1강 1144맑음건조 2 710나비드          MR. MONEFASHION         미거 4 0 0 2 1  107      33000혼4전승규박철근   2 8 813 320 1 0 112  0김용근46152.586기추적 5  1  126 3.032.0 9.32751141746 6221110 01919312714 0 099↘↘선14.240.441.213.4371341.142.5121.1121.3 11 22 1111   14.90   13.90 7  5  1VN동52.54591813-1.0 9.0 8.0222214 0일반주행기복전력25관 01110101010 9 9⑦2:01.15    2.715.441.613.8 -1  4  .00 7 8  1 5.89083889517 71111 90 1 1.03 3.05 1.2 3.4  1.2    3.4    3.9    4.4  .01518-3 2 1-3▼-1.240.80  .0439.66119.2 1.01 4.33 9.34 2 510  .12 2.67 6.4711
20251220토 7180011외421 6 75 9혼전 4458흐림포화16 710나비드          MR. MONEFASHION         미거 3 0 0 2 1  143      33000혼4전승규박철근   2 9 712 220 2 0 111  0김태희45752.060기추적12  6  62815.041.023.01248 61746 6221121111919152416 0 099↘→입14.240.840.913.4162739.742.0119.5121.8 13 25  0 0   15.40   13.70 3 -5 -2NUUP52.54591813-1.2 8.0 6.8343414 1일반주행기복전력49기 0 6 9 8 6 9 9 9⑨1:59.51    3.414.940.913.9  2 -3  .00 9 7 -4 3.893308374 8 9 8 7 50 7 1.02 5.09 1.9 2.5  1.9    2.5    4.0   14.9  .01835 0 4 5 0― -.640.50 -.3140.05119.2 5.6814.3323.02 81728 7.9413.7423.18 5
20251130일10170011외432 5 8510 1강 1159흐림다습10 710나비드          MR. MONEFASHION         미거 3 0 0 9 1   68      33000혼4전승규박철근   210 611 320 1 0 110  0김태희46054.060기추적20  9  933 8.035.012.71248 61746 6221121111919152416 0 099↘→입14.239.841.613.2514541.140.5113.5113.4 14 29  029   14.70   14.10 2  2  1VNUP52.54591813-1.4 7.4 6.0393914 4일반주행기복전력54기 01111111110 9 9⑥1:53.51     .715.440.913.7 -5  2  .00 611  0 1.94593387159 9 811113 6 2.03 6.03 2.1 4.2  4.8   13.5   22.1  104.4  .01524-1 2 3-1▽ -.941.30  .0531.97114.0 2.40 6.6312.68 1 4 6 3.57 5.9912.9410
20251116일 6130011외433 7 8511 3강 3359맑음건조 3 710나비드          MR. MONEFASHION         미거 3 0 0 2 1  116      33000혼4전승규박철근   211 510 320 1 0 1 9  0이동하45853.591기추적 7  1  16234.059.041.23354151746 6221133 01919252419 0 099↗↘선14.237.838.913.2218938.439.7 83.7 83.7 17 33  033   14.80   14.70 3  3  0BVDN52.54591813-2.4 7.6 5.2414114-3최빈거리기복전력63관 0 911    10 7 9⑨1:23.71    1.714.739.914.1 -2  3  .00 911  1 1.9668364813211 411 30 1 7.01 8.01 3.0 4.9 18.1   28.2   88.2   28.111.83069 2 6 8 2▲  .739.40 -.24 7.0183.1014.8629.6241.19122640 9.2319.3528.30 5
20251025토 7160010외411 3 6512 2강 2251맑음건조 5 710나비드          MR. MONEFASHION         미거 3     9 1  19215:15 33000혼4전승규박철근   212 4 9 120 1 0 1 0  0김효정45553.568평추하59 49 4914 3.037.011.11650 71746 62211 0 01919192317 0 099↗→선14.237.339.213.2108536.041.8105.7105.7 20 40  040   14.90   12.9017 -2 -1NVUP52.54591813-2.6 7.8 5.2494914 3일반주행휴양불리27관 0 6 9   9 6 7 9⑧1:45.73    4.314.842.014.7 -2  6  .00 810  4 4.695219189 410 4 6 90 1 1.04 7.04     5.5  1.6    6.0    8.3   12.3  .015 7-3 2 2-3▼-1.039.20  .3529.22103.3 1.58 5.0511.08 2 511  .12 2.13 5.3610
20250629일 8130011외434 2 8513 3강 3358맑음양호 8 710나비드          MR. MONEFASHION         미수 3 0 0 9 3  49816:05 33000혼4서인석박철근   213 3 8 220 2 0 1 7  0조재로44954.587평추하12 10 105711.052.031.5274417194210182525 02012192622 0 099↘→입14.238.238.813.2189438.539.9 82.9 84.3 25 50  050   15.00   15.80 6  5 -1LNDN52.54591814-3.8 8.3 4.5595914-5교체실패부중잇점58기 1 811     910 9⑧1:22.94    2.914.539.414.0  2 -4  .00 8 6  2 3.8798669861011 2 6 50 2 1.03 5.09     3.2  1.9    5.3    7.3   19.011.22043 0 5 6 0―  .039.10 -.14 7.2683.29 9.6120.4731.45 51326 3.66 9.3611.97 7
20250518일 6180011외452 610514혼전 4451맑음다습11 710나비드          MR. MONEFASHION         미수 3 0 0 2 4  62014:25 33000혼4서인석박철근   214 2 7 120 1 0 1 6  0조재로45355.582평추보58 47 475320.050.020.4296311214411182525 02012192622 0 099↗↘입14.240.840.113.2167640.743.3121.8122.3 25 50  050   14.60   13.70 4  2  2HNUP52.54591814-5.310.3 5.0555514 4승부최상부중잇점82기 3 3 8 8 7 7 8 8⑧2:01.81¼  3.715.044.215.8  4-11  .01 8 4  2 3.7956993961110 4 8 80 1 5.0210.06     6.3  8.7   23.8   56.8   46.4  .03455 1 5 4 1―  .140.60  .0041.36118.9 5.4612.5320.42 2 511 1.98 8.4515.60 8
20250420일 9140011외420 6 7515 1강 1151맑음양호 8 710나비드          MR. MONEFASHION         미수 3 0 0 2 4  70117:00 33000혼4서인석박철근   215 1 6 220 1 0 1 5  0장추열46454.093평추보58 61 617578.071.059.04369 5214411182536 02012202722 0 099↗↘입14.237.839.013.2128537.638.3 89.7 88.1 33 33  033   15.10   14.20 4 -1  0UHDN52.54591712-5.011.5 6.5404014-3주행고전승부최상 1기 0 110     9 7 4③1:29.72     .414.639.413.7  1  2  .00 3 2  0 1.1187615286911 4 3 23 1 1.04 7.02     3.7  2.0   10.5   13.7    7.9  .04496 3 8 8 3▲ 1.637.90-1.1311.3289.1422.2943.5558.9733536620.8836.9653.76 3
20260912토 7180011국4 3 6  8 0혼전 4453           711미스터카라      언캡처드몬아치라 5625.00한거 4 0 0   1    016:05 33000혼4최영주명주환   0 016 1 616 1 2 216  0이혁     52.576평선보50 46 464030.048.023.42258 7315021191536332313282118671717↗↘선14.038.741.113.98910                   29 21 43 0   14.00   15.10 4  5  0VU동55.94971818 -.4 4.8 4.4595917 0일반주행보통주행50관 011                            14.0    15.1        .0                       510 9 8  5                                              .01553 0 5 5 0― -.241.10  .25     118.5 6.7414.0023.37 2 714 5.4817.5823.55 6
20260815토 7180010국543 7 98 1 3강 3351흐림건조 3 711미스터카라      언캡처드몬아치라 5625.00한거 4 0 0 2 1   85      33000혼4서범석명주환   0 115 2 516 4 2 215  0루이스50052.563평선보34 50 502026.044.021.82144101445 520 017 01916202715671717↗↘입14.039.641.113.9891538.743.5120.6120.5 31 23 38 0   13.90   13.50 6  5 -2NU동55.94971812-1.8 4.8 3.0767617 0선행실패거리속성 5   0 6 2 2 2 2 4 7⑧2:00.64    2.814.043.215.1  3  0  .00 8 5  1 3.080 5948215 2 9 6 70 6 8.02 4.07 2.2 4.6 25.9   47.9  149.8   75.911.22725-2 5 3-2▽ -.541.50  .0139.81118.8 5.6412.2821.82 31017 6.3313.8724.44 7
20260704토 71800 8국441 6 48 2혼전 4451흐림건조 4 711미스터카라      언캡처드몬아치라 5625.00한거 4 0 0 1 1   94      33000국4서범석명주환   0 214 1 416 3 2 214  0루이스50054.063평선보21 56 565652.056.047.02144101445 520 017 01916202715602020↗↘입14.139.641.113.9911539.740.1119.3119.2 33 25 42 0   14.10   13.90 4 -3 -3UH동56.34971812-1.6 4.2 2.6808017 0적정체중거리속성42관 0 1 1 1 1 1 1 3④1:59.32½   .513.939.313.5  0  1  .00 4 4  1  .94931362167 1 7 4 51 5 2.01 4.02 2.5 3.5  3.5    3.5    8.2    5.1  .02571 0 7 7 0―  .441.40 -.5538.54118.814.4731.1347.0110233515.4829.5939.27 3
20260606토 5180011국531 8 38 3 1강 1152맑음양호 7 711미스터카라      언캡처드몬아치라 5625.00한거 4 0 0 1 1   76      24750국5서범석명주환   0 313 5 316 2 1 213  0루이스49957.063평선상46 58 584252.056.037.72144101445 520 017 01916202715502525↗↘입14.139.640.913.9902238.641.5121.6120.1 27 18 36 0   14.10   14.80 4 -4  0HN동56.14961812-1.8 4.6 2.8787817 0적정체중거리속성46관 0 4 2 2 1 1 1 1①2:01.61    -.114.141.113.9 -2  4  .00 1 3 -4  .068 4743091 1 7 4 31 4 3.01 4.06 2.0 2.5  7.0    7.0   21.3   28.5  .02555 0 6 6 0―  .641.50 -.2939.55118.712.7324.9737.6519395514.6128.5741.54 2
20260510일 5180010국551 9108 4혼전 4451맑음건조 5 711미스터카라      언캡처드몬아치라 5625.00한거 4 0 0 2 1   66      24750국5서범석명주환   0 412 4 216 1 1 212  0루이스49557.063평입보55 62 622435.052.029.82144101445 520 017 01916202715502525↗↘입14.039.840.813.9783038.242.9120.1118.9 30 30 30 0   13.80   13.90 5  2  0BNUP56.14961812-1.2 4.0 2.8777717 4숨은복병거리속성63관 0 8 2 2 1 1 1 1③2:00.14     .614.143.314.8 -4  4  .00 3 7  2 1.243 2905866 3 6 5 41 3 2.01 3.01 3.1 5.9  3.8    5.9    9.5   23.0  .01941 0 5 5 0―  .141.10 -.1438.28118.8 9.9620.6429.80102335 6.9413.6621.74 7
20260405일 4140011국552 6108 5 3강 3351맑음양호 6 711미스터카라      언캡처드몬아치라 5030.00한거 4 0 0 1 1   90      24750국5서범석명주환   0 511 3 216 1 1 211  0이혁  49157.078기선적34 35 3554 8.046.022.82258 71445 520 015331916282118502525↗↘선14.136.739.713.9823037.039.2 89.7 89.1 33 33 33 0   14.70   14.70 4 -1  0LNDN56.14961812-1.4 4.2 2.8696917-3숨은복병기복전력41관 0 6 4     5 5 5⑥1:29.71¼   .713.839.413.9  1-12  .00 6 5  4 1.15047403659 2 810 62 4 1.03 4.02 3.3 5.5  3.3    6.6   11.4   16.5  .01948 0 3 4 0― -.339.20  .0512.6588.86 6.1814.3722.83 2 511 2.91 4.8510.3411
20260307토 6170011국552 5108 6 3강 3351맑음포화15 711미스터카라      언캡처드몬아치라 5030.00한거 4 0 0 2 1   79      24750국5최영주명주환   0 610 2 416 2 1 210  0루이스50357.065기선하74 84 844952.059.032.4214410315021191540 02313202715502525↗↘입14.139.141.513.9913040.043.2114.1116.3 33 22 33 0   14.30   13.20 6  5  4BNDN56.14961812-1.4 4.8 3.4656517-1연대우수기복전력50관 0 7 8 8 6 6 811⑪1:54.16    4.114.742.314.7 10  3  .0411 1 -4 4.294589193 7 2 9 6 40 2 6.1011.05 3.610.5  8.3  133.9  211.4  174.4  .03253 0 6 6 0―  .642.40  .0435.65113.511.1821.7032.3710233510.8321.5531.58 4
20260124토 5180011국551 7108 7혼전 4454맑음건조 3 711미스터카라      언캡처드몬아치라 5625.00한거 4 0 0 2 1  111      24750국5최영주명주환   0 7 9 1 116 1 0 2 9  0루이스50053.563기입보72 70 704658.055.034.3214410315021191540 02313202715333333↗↘입14.039.841.113.9771939.439.4119.2118.5 25 38 25 0   13.90   13.60 5 -4  1HNUP57.04951812-1.4 4.8 3.4656517 1연대우수연대우수 6기 0 2 2 1 1 1 1 1①1:59.23    -.614.339.513.2 -4  3  .00 1 5  4  .0341721 694 410 1 41 1 5.06 2.08 3.9 9.3  9.0   44.9   85.2  731.5  .03763 0 7 5 0―  .541.10 -.3237.59118.910.8422.3034.28 8173213.8529.2043.61 2
20251221일 4170011국631 4 88 8 1강 1151맑음다습14 711미스터카라      언캡처드몬아치라 5030.00한거 3 0 0 2 1   9312:45 16500국6최영주명주환   0 8 8 9 316 2 0 1 8  0이혁  49757.078기입적88 99 998691.073.077.22258 7315021191536332313282118333333↗↘선14.039.241.613.9883338.241.5111.0112.4 14 29 14 0   14.30   14.00 3 -1  0LN동57.04951712-2.4 6.8 4.4585817 0연대우수연대우수30관 0 6 2 2 1 1 1 1②1:51.0¾    .013.940.713.6  1  2  .00 2 1 -4  .221 1651782 1 8 1 11 3 2.0110.06     4.5  4.5    4.5   10.6   20.212.04285 2 8 7 2▲ 2.041.70-1.1031.64113.639.2266.5077.1738607144.3069.5185.37 1
20251130일 3170011국650 8 58 9 2강 2254흐림다습10 711미스터카라      언캡처드몬아치라 5030.00한거 3 0 0 9 1   75      16500국6최영주명주환   0 9 7 8 216 1 0 0 7  0이혁  49557.078기입적35 35 356080.069.059.42258 7315021191536332313282118 05050↗↘선14.039.941.613.9443039.040.3113.2111.6  0 17  0 0   14.80   14.30 5  2  0BN동57.04951712-1.8 7.6 5.8434314 0숨은복병연대우수64기 0 7 1 1 1 1 1 1②1:53.21½   .014.341.214.0 -3 10  .00 2 5  2  .3 41232 889 2 8 5 21 2 1.05 9.07 2.9 4.3  2.9   11.3   20.9   12.5  .04383 3 8 9 3▲ 1.540.90-1.0630.13114.124.2145.0659.3818375419.2736.1042.74 3
20251026일 4170011국611 9 6810혼전 4459흐림양호 6 711미스터카라      언캡처드몬아치라 5030.00한거 3 0 0 9 1  184      16500국6최영주명주환   010 6 7 116 1 0 0 6  0김철호48557.065하입보60 55 55 826.046.020.41046 43150211915 3 02313142025 05050↘↗추14.039.841.813.9472240.240.8116.0113.9  0 17  0 0   14.30   13.40 5  3  0NNUP57.04951712-1.2 8.4 7.2333314 3일반주행거리속성 5   0 5 7 7 7 8 8 8⑦1:56.03    1.814.841.614.3  4 -8  .01 7 3 -1 2.15966465432 6 9 2 60 1 1.06 3.06 2.0 8.1  2.0   16.0   22.1  136.0  .01517-3 5 2-3▽ -.641.30 -.2132.25114.2 4.7812.2820.41 51222 9.6218.9028.95 5
20250920토 3140011국621 9 7811 1강 1158맑음포화18 711미스터카라      언캡처드몬아치라 5030.00한거 3 0 0 2 2  28214:55 16500국6최영주명주환   011 5 6 116 1 0 0 5  0이혁  49357.080하입보20 20 2030 7.042.022.01231 4 617 0191536332313282118 099 0↘↗선14.037.040.414.253 837.538.8 88.8 88.1  0  0  0 0   13.90   14.50 5  1  0HNUP57.04961412-1.5 9.0 7.5373712 1일반주행거리부담 6기 0 2 7     8 7 5③1:28.84     .714.338.913.4 -1  2  .00 3 4 -2  .81772294262 5 8 7 53 1 3.02 9.01     3.5  6.7    9.6   27.4   15.3  .01530-3 3 2-3▽ -.538.70 -.5310.6789.55 4.9612.1022.03 71829 2.82 6.7110.27 7
20250817일 1130011국651 710812혼전 4451맑음양호 8 711미스터카라      언캡처드몬아치라 5030.00한거 3 0 0 2 2  37910:35 16500국6최영주명주환   012 4 5 116 1 0 0 4  0문정균49157.077하입상49 48 482113.038.012.12467 0 617 01915 9 02313131923 099 0→↘추14.137.440.114.0562237.340.8 84.3 84.0  0  0  0 0   14.00   14.30 5-10  0UNUP57.04961312 -.7 9.3 8.7252512 1일반주행거리속성30관 0 1 4     5 5 7⑥1:24.34    2.213.941.014.5  0 -5  .00 6 6 -2 2.47336868121 4 8 6 92 2 3.0411.10     7.3  4.5   14.2   25.4   14.113.41529-2 2 1-2▽ -.939.90  .08 6.4983.61 2.30 6.1412.14 2 3 7 1.96 7.11 8.71 9
20250713일 2120011국653 810813 1강 1152흐림건조 4 711미스터카라      언캡처드몬아치라 6419.00한거 3 0 0 2 3  46411:00 16500국6최영주명주환   013 3 4 416 1 0 0 3  0조재로49657.087하무상31 27 271810.035.010.2274417235010191528 02313192622      ↘→입13.937.540.013.626 437.039.0 76.5 76.0  0  0  0 0   13.90   13.90 5  9  0NN동       1212 1.0 8.5 9.5101012 0최빈거리부진마필50기 111 7     5 5 4④1:16.5코    .314.039.814.3 -4  4  .00 4 8 -3  .44635564672 7 9 6102 1 5.06 9.05     6.4  9.2   53.9  137.9 1213.2  .0 928-3 2 2-3▼-1.238.10 -.29-1.5076.90 1.35 5.1110.23 2 510 3.19 7.1812.24 9
20250608일 1120011국651 810814 1강 1159맑음건조 3 711미스터카라      언캡처드몬아치라 6419.00한거 3 0 0 2 3  56310:35 16500국6최영주명주환   014 2 3 316 1 0 0 2  0문정균49257.063하무보 7  7  7 7 4.026.0 7.91599 82350101915 9 02313131923      ↘→추14.037.640.214.535 437.039.0 77.1 76.0  0  0  0 0   14.40   15.30 8  1  0HN동       1212 2.0 8.010.0111112 0최빈거리거리난점59기 1 2 6     7 7 9⑦1:17.1½    .913.940.113.9 -4  2  .00 711  2 1.24435584855 611 7100 1 1.0810.08     8.7  3.6   17.3   30.5  192.2  .0 9 4-4 1 1-4▼-1.737.90 -.40-1.8477.06 1.12 3.12 7.88 1 4 8 1.12 3.39 4.0510
20250413일 1120011국631 8 3815 3강 3357비  포화16 711미스터카라      언캡처드몬아치라 6419.00한거 3 0 0 2 4  73010:35 16500국6최영주명주환   015 1 2 216 1 0 0 1  0정정희49057.076하무보 9 35 3510  .027.0 2.11740 41650 81915 0 02313202515      ↗↘입14.037.440.214.540 437.740.7 79.2 78.2  0  0  0 0   14.00   14.8016 -2  2HB동       1212        10.0    12 0최빈거리거리난점 1관 0 110     9 810⑨1:19.27    3.114.441.315.3  0 -6  .00 9 9  1 3.19271909311 71111100 1 1.07 2.06     2.8  2.0   17.8   24.8   32.1  .0 9 4-4 1 2-4▼-2.138.80 -.12  .5876.95  .12  .76 2.05 0 2 411.4320.7585.71 4
20260912토 8160010국4 1 5  3 0 3강 3351           8 1굿카보          카우보이해피댄서 5732.00한거 6 0 0   1    016:55 33000혼4박윤규김지훈   3 016 5 130 2 3 229  0다실바   53.082평자보50 49 491434.058.032.01350 41450 71719 0 017 9222912292943↗↗선13.836.440.013.56125                   24 28 2420   14.00   15.00 4 -7  0UHUP53.44961712-3.0 9.2 6.2525213 2부중효과부중효과42관 1 1                            14.0    15.0        .0                       2 8 8 4  2                                            11.22743 0 6 8 0―  .540.00 -.10     103.310.2520.7732.03102335 6.2514.8524.27 6
20260815토 9140010국454 4103 1혼전 4451흐림건조 3 8 1굿카보          카우보이해피댄서 5732.00한거 6 0 0 2 1   83      33000국4박윤규김지훈   3 115 4 630 1 3 228  0다실바49553.082평자하34 35 3543 8.045.016.61350 41450 71719 0 017 9222912292943↗↗선13.836.739.213.5664137.342.8 96.0 95.9 25 29 2521   13.50   14.90 5  6 -1LHUP53.44961712-3.8 9.4 5.6666613 2승부최상부중효과 5   0 8 6     7 9 9⑨1:36.0대차 8.214.043.115.0 -1 -3  .00 910  6 8.699609798 4 4 4 9 90 1 2.07 3.07 2.7 6.0  4.3   64.4  111.7  399.5  .03452 0 3 4 0― -.440.70  .5220.0188.52 4.48 9.2716.57 2 510 2.78 4.41 9.5711
20260712일 6120011국454 4103 2 3강 3351맑음다습10 8 1굿카보          카우보이해피댄서 6327.00한거 6 0 0 2 1   65      33000국4박윤규김지훈   3 214 31330 1 3 227  0마이아49854.093평자상68 76 766273.072.045.63452151450 7171939 017 93533 8292943↘↗선13.837.238.213.6396936.740.8 75.9 77.7 25 21 2517   14.00   13.40 9 -7  1HN동53.44961712-2.4 9.2 6.8565613 0적정체중승부최상61기 1 2 5     5 6 6⑨1:15.93    2.013.540.114.9  5  0  .09 9 4 -4 2.1872291832411 3 6 12 1 3.10 8.11 2.8 5.8  7.3  217.9  478.4  227.112.24493 3 8 9 3▲ 1.738.90 -.15 2.3175.7221.7836.2845.5737577010.5621.5731.32 5
20260510일 9120011국434 5 83 3혼전 4451맑음건조 5 8 1굿카보          카우보이해피댄서 6327.00한거 6 0 0 2 1  162      33000국4박윤규김지훈   3 313 21230 2 3 226  0조상범49853.558평자상67 77 775958.061.035.6 926 61450 71719 7 017 9132216333333↗→입13.837.238.113.6377336.938.7 75.1 75.6 22 17 2217   14.00   13.30 4  2  2BN동53.34951712-2.4 9.2 6.8565613 0적정체중작전마주66관 0 9 8     8 6 3③1:15.1½    .014.038.513.4 -5  4  .00 3 8 -1  .12829442981 7 2 3 33 2 5.01 3.06 2.3 3.9 19.3   16.5   66.6   65.612.73277 2 8 7 2▲  .938.20  .19  .2775.6711.7224.2735.56122640 9.6819.5131.63 5
20260411토 6120010국454 6 53 4 3강 3351맑음다습14 8 1굿카보          카우보이해피댄서 6327.00한거 6 0 0 2 1   78      33000국4박윤규김지훈   3 412 11130 1 3 125  0조상범49452.058평자하42 33 3328 8.037.017.4 926 61450 71719 7 017 9132216333333↗→입13.837.338.213.6326937.138.2 74.3 75.5 18 27 3227   14.10   13.60 4  3 -1NH동53.34951712-1.6 9.0 7.4484813 0작전마주부중영향36관 0 710     9 8 3②1:14.36     .014.038.013.3 -7 -5  .00 2 9  1 1.13147302682 7 2 6 93 1 2.09 5.07 2.2 4.3  4.4  182.3  244.2   63.5  .02238-2 3 4-2▽-1.138.10  .62  .0075.78 3.28 8.2617.37 2 714 4.23 6.5813.25 9
20260314토 8120011국554 6103 5 1강 1151흐림양호 7 8 1굿카보          카우보이해피댄서 6327.00한거 6 0 0 2 1   77      33000국5박윤규김지훈   3 511 41030 3 3 124  0김효정49952.570평자상67 62 625752.063.044.21650 71450 71719 7 017 9192317333333↗→선13.837.238.213.6406537.638.8 76.1 76.4 19 24 3329   14.00   13.60 6 -4 -2HH동53.34951712-2.6 9.0 6.4515113 0일반주행작전마주75기 0 4 7     7 7 7⑨1:16.1머리 1.514.138.713.6  1-11  .00 9 8 -3 1.66167485835 7 1 4 30 3 1.06 7.11 2.2 5.5  2.2   13.0   18.7   34.512.03058 2 6 7 2― 1.038.50 -.10 1.0175.7217.2531.4944.1712264014.6126.8838.57 3
20260131토 6120011국552 6103 6혼전 4451맑음건조 2 8 1굿카보          카우보이해피댄서 6327.00한거 6 0 0 9 1  110      33000국5박윤규김지훈   3 610 3 930 2 3 123  0김효정51054.070평자상61 61 614332.054.023.71650 71450 71719 7 017 9192317333333↗→선13.837.138.313.5486537.338.3 75.4 75.5 20 30 3520   13.90   13.50 3  5  1BN동53.34951712-1.2 8.0 6.8474713 0부중효과조교부실 5관 0 8 6     6 5 5⑧1:15.4코    .814.038.413.6 -3 -2  .00 811  0 1.53052333356 5 4 5 82 2 1.05 3.04 2.4 5.7  2.4   17.5   24.8   29.1  .02738 0 5 6 0―  .338.30  .48  .1275.72 6.9915.4823.71 2 714 4.1211.3219.70 9
20260111일 6120011국413 6 63 7혼전 4451맑음양호 6 8 1굿카보          카우보이해피댄서 6327.00한거 6 0 0 2 1   4714:50 33000국4박윤규김지훈   3 7 9 2 830 1 3 122  0김효정51253.070평자하34 26 264817.046.019.51650 71450 71719 7 017 9192317402040↗→선13.737.038.413.5516137.038.8 76.2 75.8 21 26 3732   15.20   14.2010 -4 -1HH동53.44921712  .2 7.4 7.6353513 0작전마주부중효과44관 0 3 4     5 4 7⑥1:16.2½    .513.938.913.5 -5  6  .00 611  4  .94142504366 6 4 9102 1 7.01 7.09     4.9 19.8    8.2   33.9   21.2  .02056 0 4 5 0― -.238.50  .62  .3775.72 5.0111.0519.46 1 4 8 3.09 6.8312.2610
20251101토 9120011국454 3103 8 1강 1151맑음건조 5 8 1굿카보          카우보이해피댄서 6327.00한거 5 0 0 1 2  21117:00 33000국4박윤규김지훈   3 8 8 1 730 1 3 121  0김용근50653.582평자상50 31 316434.053.023.82045 8 938 31719333317 9312714402040↗↘선13.736.838.613.5744538.538.1 77.0 76.9 22 22 3322   14.80   13.20 8  0  3LNDN53.44921712  .2 7.6 7.8303013-2숨은복병작전마주80기 0 711    111110⑨1:17.0½   1.415.238.914.2  2 13  .00 9 7 -1 1.47394276837 3 4 8 60 5 2.08 8.04     5.5  4.0   86.0  142.0  974.1  .02061 0 5 7 0―  .139.00  .48 1.4875.72 6.4215.0523.82 81728 4.5512.2021.43 7
20250906토10140010국524 5 73 9 1강 1151흐림포화16 8 1굿카보          카우보이해피댄서 5732.00한거 5 0 0 1 2  317      33000혼4박윤규김지훈   3 9 7 9 530 1 3 120  0이상규49351.055평자상40 35 357749.054.036.3 4 0 4 938 31719 4 017 9132314402040→↘입13.736.339.613.6951538.038.7 87.4 88.8 24 24 3524   14.00   13.70 5  1 -2LU동53.44921712 1.2 7.0 8.2323213 0부중효과작전마주48기 0 7 9     9 8 7⑤1:27.45    1.214.837.913.2 -3 -4  .00 5 8  0 1.94388265545 1 4 7 43 1 3.01 2.06 1.5 3.5 11.0    7.6   24.2   25.9  .02774 1 6 6 1―  .639.60  .0312.9388.5212.4523.9036.26 81732 8.4118.9131.25 4
20250802토 51400 9국554 310310혼전 4451맑음건조 3 8 1굿카보          카우보이해피댄서 5732.00한거 5 0 0 1 3  407      33000혼4박윤규김지훈   310 6 8 430 1 3 119  0푸르칸49753.074평자하10 13 137439.054.029.13071191525 5171916 017 9142421402040→↘추13.736.339.613.5941736.839.4 88.4 88.6 25 25 3825   13.70   15.20 3  2 -1NH동53.44921712 1.6 7.4 9.0323213 0숨은복병부중효과62관 1 6 5     5 6 5④1:28.41     .914.039.113.7 -4 -7  .00 4 8  2 1.13333503653 1 8 8 72 1 3.01 7.08 3.4 7.7  4.9    7.9   17.9  105.1  .02479 1 5 6 1―  .539.50  .2112.6688.52 8.0617.6429.10 51221 9.1720.2825.82 6
20250712토 7140011국454 510311 1강 1151맑음건조 5 8 1굿카보          카우보이해피댄서 5732.00한거 5 0 0 2 3  46816:30 33000국4박윤규김지훈   311 5 7 330 1 3 118  0김용근50454.087평자보12  3  37227.052.025.11727111525 51719333317 9312714402040↘↗선13.736.439.513.5902236.241.6 90.5 90.1 27 27 3327   14.00   15.10 4  1  2HNDN53.44921712 -.2 7.4 7.2434313-3작전마주작전마주74관 1 4 5     3 3 8⑩1:30.5¾   1.613.742.015.2  4  7  .0010 6 -2 2.080 6938334 2 510 50 4 5.04 6.01     5.7 10.6   34.7   66.1  478.1  .02166 0 5 6 0―  .239.80  .3214.2188.52 6.9915.3825.10 81728 2.84 9.3017.90 6
20250614토 7170011국442 4 9312혼전 4453맑음건조 3 8 1굿카보          카우보이해피댄서 5732.00한거 5     2 3  54816:30 33000국4박윤규김지훈   312 4 6 130 1 3 1 0  0김성현49752.063평자보32 38 384630.047.017.31440101525 5171913 017 9162319402040→→입13.739.341.013.5764538.343.6113.2114.7 29 29 2929   14.20   13.3014 -7 -4HUUP53.44921712 -.8 6.2 5.4595913 5일반주행작전마주42관 0 3 2 2 2 4 5 6⑩1:53.22½  3.014.043.015.1  2-15  .0010 8    3.178 1947811 3 5 6 70 1 4.02 9.06     4.0  6.6   14.0   28.7   16.5  .02050 0 4 6 0― -.242.00  .5434.41113.3 3.55 8.8917.26 41118 4.7618.0819.17 5
20250309일 6120011국452 110313 3강 3351맑음양호 9 8 1굿카보          카우보이해피댄서 6327.00한거 5 0 0 2 5  83014:25 33000국4박윤규김지훈   313 3 5 630 1 3 117  0정우주  055.566평자보26 29 2949 9.040.018.01650131133 61719 0 017 9163013402040→→입13.736.938.213.56369                   29 29 2929   13.60   16.2010  6  0BLDN53.44921412-1.2 5.4 4.2717113-2작전마주작전마주 1기 010                    경제    13.6    16.2     0  .07                      3 4 6 70 1 3.02 9.01     5.4  6.4   12.8   27.1   37.9  .02025-1 3 2-1▽ -.738.20  .82     75.56 5.1310.6518.01 31017 2.63 7.0214.77 8
20241229일 6140011국443 4 9314혼전 4451맑음건조 4 8 1굿카보          카우보이해피댄서 5732.00한거 4 0 0 9 6 102614:50 33000국4박윤규김지훈   314 2 4 230 1 3 116  0씨씨웡51255.571평자하49 62 626029.057.027.71942101220111719113317 9212522402040↗↘선13.737.138.713.5346935.843.4 91.6 91.6 31 31 2331   13.30   13.90 8  1  1HLUP53.44921412-1.2 5.0 3.8727214 2승부최상작전마주 1관 0 4 7     2 2 5⑩1:31.67    3.113.643.616.2  2 10  .0010 8  3 3.794 2999610 7 1 7 51 2 1.05 2.03     9.2  2.5   10.7   16.3   66.8  .03462 1 5 4 1―  .539.40  .3015.8088.45 8.3717.5627.71 51222 2.8612.6118.37 8
20241102토 9120011국454 110315혼전 4451맑음양호 7 8 1굿카보          카우보이해피댄서 6327.00한거 4 0 0 1 7 120817:00 33000국4박윤규김지훈   315 1 3 630 1 3 115  0코지  50254.593평자보66 74 746855.066.034.12756121333 6171916 017 9233019402040↘↗입13.837.437.813.4259536.339.7 74.3 76.5 33 33 1733   13.40   14.00 8  2  2HN동53.44921412-1.2 3.8 2.6787814 0착차만회승부최상 1기 0 3 3     3 5 4⑦1:14.31     .913.338.713.9  2  7  .00 7 5 -5  .963 777495311 1 6 42 1 3.0710.06     6.5  6.9   71.2  130.8  118.0  .04493 3 7 7 3△ 1.338.30  .30 1.3075.6111.0122.9234.05102335 8.1316.0325.13 8
20260912토 8160010국4 1 5  7 0 3강 3351           8 2눈꽃            나이트러레이즈미 6826.00한암 3 0 0   1    016:55 33000혼4심승태김선식   5 012 1 111 5 2 111  0김정준   52.573기추적50 58 581424.049.022.81538101452 8121113201213132026 02575↗↗추14.337.339.613.51153                   33 33  033   14.50   13.00 3  0 -3HUUP54.54891614-3.2 6.4 3.2686814 2착차만회기복전력49기 1 2                            14.5    13.0        .0                      10 6 4 7  6                                              .02527 0 5 6 0― -.139.60 -.12     103.6 5.3214.0722.84 41118 3.1310.8917.48 8
20260822토 5140011국542 5 97 1혼전 4451비  불량20 8 2눈꽃            나이트러레이즈미 6826.00한암 3 0 0 2 1   56      24750국5심승태김선식   5 111 5 611 4 2 010  0김정준48855.573기추적46 45 4526 9.039.012.41538101452 8121113201213132026 0 099↗↗추13.937.539.213.6145737.338.2 86.2 87.8 25 25  025   14.80   14.10 4 -7  0HN동54.24891414-3.0 6.8 3.8646414 0최빈거리기복전력48관 3 210     6 4 2②1:26.21     .014.537.413.0 -4  0  .00 2 6  2  .11063 9128211 5 8112 5 9.06 4.02 1.8 4.0 37.1  280.4  701.5  149.8  .01222-1 2 2-1▽ -.938.20  .1611.0589.07 2.65 6.6412.37 0 2 4 2.41 6.7412.5911
20260725토 4140011국510 9 67 2혼전 4451맑음다습11 8 2눈꽃            나이트러레이즈미 6826.00한암 3 0 0 9 1   68      24750국5심승태김선식   5 210 4 511 3 2 0 9  0김정준48855.573기추적84 82 825760.064.034.81538101452 8121113201213132026 0 099↗↗추13.937.439.113.5206537.740.1 89.8 89.5 29 29  029   14.70   13.00 5  6  2BL동54.24891414-2.8 7.2 4.4585814 0부중유리기복전력74기 0 911    1110 9⑥1:29.82    1.714.840.014.1  2  2  .00 6 4 -3 3.4668170833411 1 3 53 4 1.03 3.08 2.0 6.7  2.0    7.5   10.1   87.412.73161 2 8 6 2▲ 1.338.60 -.3213.0488.9310.1522.4734.75 7182911.5827.6941.31 3
20260621일 5140010국531 6 87 3혼전 4431맑음포화17 8 2눈꽃            나이트러레이즈미 6826.00한암 3 0 0 2 1   86      24750국5심승태김선식   5 3 9 3 411 2 1 0 8  0김정준48653.573기추적48 42 4221 7.037.010.81538101452 8121113201213132026 0 099↗↗추14.037.439.513.5165737.738.4 87.3 88.1 17 17  017   14.60   13.80 5 -5 -1HU동54.54911414-1.6 7.8 6.2434314 0최빈거리기복전력 5관 1 3 9    10 9 5①1:27.3코    .014.737.813.0 -6 -5  .00 1 7 -4  .01777173284 9 7 9103 3 7.09 3.06 2.5 3.9 26.5  428.6  886.9 1549.7  .01233-2 2 2-2▽ -.938.30  .0611.1589.21 2.05 5.5110.84 1 4 8 1.96 4.74 9.3810
20260517일 3140011국521 8 77 4혼전 4451맑음건조 3 8 2눈꽃            나이트러레이즈미 6826.00한암 3 0 0 2 1   88      24750국5심승태김선식   5 4 8 2 311 1 1 0 7  0김정준49154.573기추적20 19 192411.041.018.61538101452 8121113201213132026 0 099↗↗추13.937.439.613.5204837.838.9 89.9 88.8 20 20  020   14.90   14.00 4  3  2LN동54.54911413 -.6 7.2 6.6424214 0교체실패기복전력32관 1 810     9 8 7⑥1:29.9코   1.214.639.413.8 -5 11  .00 611  8 1.84181305146 8 611 80 2 1.02 1.09 1.8 4.1  1.8    4.1    6.2    9.9  .02052 0 3 3 0― -.338.50 -.2111.8389.28 4.2311.0318.56 2 510 3.90 9.1415.05 9
20260419일 4140010국551 8 57 5 1강 1151맑음건조 4 8 2눈꽃            나이트러레이즈미 6826.00한암 3 0 0 2 1   68      24750국5심승태김선식   5 5 7 1 211 1 1 0 6  0최범현48053.093하추하24 36 363023.042.016.13159141452 8121129 01213193217 0 099→→입13.937.439.813.5213337.639.6 91.3 89.8 20  0  0 0   14.50   13.40 6 -3 -2NU동54.54911413  .0 8.0 8.0282814 0일반주행최적거리47기 1 510     6 8 9⑧1:31.33    1.814.940.214.0  5-14  .02 8 3 -1 2.17377556930 8 9 7 70 1 1.02 7.09 3.1 4.5  3.1    4.5    9.1   10.0  .01562-3 4 3-3▽ -.838.70 -.2512.5789.41 3.99 8.6016.13 41118 5.3612.9024.19 5
20260308일 3140010국651 9107 6혼전 4459맑음다습13 8 2눈꽃            나이트러레이즈미 6826.00한암 3 0 0 2 1  113      24750국6심승태김선식   5 6 6 6 111 1 0 0 5  0김정준49454.573하입하15 14 142119.045.027.51538101452 8121113201213132026 0 099↗↗추13.937.340.113.6301937.938.8 89.7 89.2  0  0  0 0   14.60   13.40 5  2  0BNUP54.54881413  .0 8.0 8.0282810 1숨은복병거리부담66기 1 8 9     7 8 3①1:29.72½  -.414.538.913.4 -3  7  .00 1 4  0  .05587305795 5 7 8 63 1 4.01 8.02 3.7 7.8  6.4   15.6   35.0   19.3  .01933 0 4 5 0― -.438.70 -.6711.8089.55 9.8017.2727.49 51222 7.8114.3918.58 7
20260201일 2130011국631 5 87 7혼전 4451맑음건조 2 8 2눈꽃            나이트러레이즈미 6826.00한암 3 0 0 1 1   82      16500국6심승태김선식   5 7 5 5 311 2 0 0 4  0유승완48754.569하입적34 32 321412.036.012.11860 81452 8121110 01213152722 0 099→↘입13.937.539.913.7462238.239.9 83.1 83.7  0  0  0 0   14.90   13.40 4 -3  0NN동54.54881313 1.0 8.0 9.0161613 0능력한계보통주행31기 0 6 9     9 910⑨1:23.11    1.814.639.413.4  5 -1  .09 9 4 -4 2.66878718328 8 8 9 70 2 2.01 4.01 1.7 3.5  4.7    3.5    9.8    4.6  .01312-2 2 2-2▽-1.139.70  .13 6.3483.55 1.82 4.9912.09 2 714 1.83 6.5411.0810
20260103토 3130011국641 8 47 8 1강 1151맑음다습13 8 2눈꽃            나이트러레이즈미 6826.00한암 3 0 0 1 1   8211:25 16500국6심승태김선식   5 8 4 4 211 1 0 0 3  0유승완48854.569하입하 5  5  510 7.035.010.61860 81452 8121110 01213152722      →↘입13.937.440.114.0571338.239.0 82.8 82.7  0  0  0 0   14.00   15.10 8  7  1BN동       1310 1.0 8.0 9.0161610 0일반주행거리속성53기 1 910    10 9 7⑤1:22.81     .614.939.113.4 -3 -7  .00 5 8  2  .63777466464 3 810 63 1 1.05 3.04     2.8  1.7    8.1   10.6    7.2  .01516-3 2 1-3▼-1.239.60  .10 5.2283.61 1.30 5.0210.55 51222 2.08 5.2910.45 8
20251108토 21300 9국640 5 97 9 3강 3351흐림건조 3 8 2눈꽃            나이트러레이즈미 6826.00한암 2 0 0 2 1  17511:00 24750국6심승태김선식   5 9 3 3 111 3 0 0 2  0임다빈49554.076하입보18 13 13 4 7.033.0 7.31327 71452 8121110 01213142424      →↗추13.937.839.914.0242537.642.4 86.4 86.4  0  0  0 0   13.90   13.30 6 -5  1HNUP       1310  .0 9.0 9.0232310 1발길대로거리속성70기 1 2 5     6 9 9⑨1:26.410   4.214.042.415.1  3 12  .00 9 6 -4 4.597489797 5 7 5 6 90 3 4.05 5.07     4.8  5.8   34.8   50.6   22.7  .01212-3 2 2-3▼-1.440.10  .09 8.7183.74  .91 3.18 7.34 2 510 2.06 5.26 8.80 9
20250928일 1120012국651 3 5710혼전 4451비  불량20 8 2눈꽃            나이트러레이즈미 13 9.00한암 2 0 0 9 2  253      24750국6심승태김선식   510 2 2 111 2 0 0 1  0임다빈48353.577하입보37 32 323911.038.010.92050 8 4 0 0121110 01213142424      →→추13.937.039.813.9731538.438.6 75.7 77.1  0  0  0 0   13.90   13.90 4  6  0BHUP       1210  .0 8.0 8.0353510 2일반주행보통주행47기 1 710    101110⑩1:15.72    2.913.938.313.3  0  1  .001010  2 3.078924274 9 610 7100 2 2.0110.12 2.0 4.7  4.2    4.7    9.0   16.8  .01522-1 2 2-1▽ -.938.90  .07  .3376.51 1.84 5.2410.89 1 4 8 2.08 5.84 6.3411
20250830토 2100010국650 4 5711 2강 2255맑음불량20 8 2눈꽃            나이트러레이즈미 13 9.00한암 2     9 2  346      24750국6심승태김선식   511 1 1 111 1 0 0 0  0임다빈48253.577평무보16 35 3534  .031.0 7.72050 8 4 0 0121110 01213142424      →→추14.337.138.414.389 136.938.8 63.0 63.4              14.30   14.60 4  0  0NN동       10 0         7.0     0 0일반주행보통주행54기 2 1 6     6 5 6⑧1:03.0목   1.513.938.613.9  0  2  .00 8 8  0 1.96329745434 710 8 92 1 1.02 5.09 2.4 3.8  2.4    3.8    6.1    5.5  .01512-4 2 5-4▼-1.638.00  .51-12.163.04  .90 2.77 7.66 1 4 7 8.8917.9631.28 2
20260912토 8160010외4 1 5  4 0 3강 3351           8 3창창삭스        RAGEESE TREPIDAT        뉴수 5 0 0   1    016:55 33000혼4한만달김창식   1 01624 623 1 1 223  0우인철   56.569우추하50 54 541410.038.013.1204910 0   0   0 028    112822 0 099→↘입14.936.739.213.64257                   39 39  628   14.50   14.00 4 -1  1HLUP55.44931814-1.4 5.2 3.8666617 2작전마주보통주행52기 0 3                            14.5    14.0        .0                       7 3 610  7                                            11.22023-1 3 4-1▽ -.939.20  .57     103.0 2.76 6.9813.10 1 4 8 3.13 6.9311.6510
20260816일 61400 8외432 6 84 1 3강 3351흐림다습13 8 3창창삭스        RAGEESE TREPIDAT        뉴수 5 0 0 2 1   76      33000혼4한만달김창식   1 115231423 1 1 222  0권중석50055.566평추보77 79 796055.056.038.21341 6 0   0   0 033    191818 0 099↘→선14.936.939.013.6496137.939.9 90.0 90.3 39 39  628   14.30   13.50 7  1  0HN동55.44931814-1.0 5.6 4.6575717 0뒷심문제작전마주 5   0 4 8     7 6 8⑧1:30.0½   1.714.539.814.0  4  2  .09 8 4 -1 3.38387638231 4 1 3 40 1 1.07 6.08 1.9 3.5  1.9   14.6   18.8   16.311.22856 0 6 5 0―  .439.30 -.0314.4188.5211.5125.3038.2010233513.7026.4240.08 5
20260628일10140011외452 5 54 2 1강 1151맑음건조 3 8 3창창삭스        RAGEESE TREPIDAT        뉴수 5 0 0 9 1  101      33000혼4우창구김창식   1 214221323 2 1 121  0우인철49855.569평추하65 68 683610.042.015.22049102052 9201317282211112822 0 099→↘입14.937.039.013.6475737.338.9 87.6 88.2 35 24  618   14.50   13.30 3  2  1HN동55.34911814-1.0 5.6 4.6575717 0일반주행조교부실19관 0 311    11 9 6②1:27.6¾    .014.338.913.5 -3  2  .00 2 5  2  .22058293181 8 4 4 93 6 2.05 5.03 2.7 4.8  4.9   25.9   40.3   14.8  .01522-3 2 2-3▽ -.538.80  .5112.2288.59 2.87 7.6315.19 1 4 9 2.86 6.7611.84 9
20260606토 71400 8외423 6 24 3 3강 3332맑음양호 6 8 3창창삭스        RAGEESE TREPIDAT        뉴수 5 0 0 1 1   34      33000혼4우창구김창식   1 313211223 1 1 120  0우인철49655.069평추하60 51 514912.044.026.02049102052 9201317282211112822 0 099→↘입15.037.039.213.6435337.838.5 88.6 88.8 38 25  613   15.10   13.40 4 -1 -2UN동55.34911814-1.0 6.4 5.4454517 0교체실패보통주행43기 0 1 7     8 8 7⑤1:28.61½   .314.538.613.3  2  1  .00 5 3  0  .83883173772 5 3 4 63 5 5.01 3.05 1.7 1.8 15.1   11.4   51.6    6.611.22040-2 3 3-2▽ -.638.90  .1012.5688.73 6.2116.0525.96 51222 3.4511.3821.43 5
20260509토 8140010외411 6 64 4 3강 3331맑음건조 5 8 3창창삭스        RAGEESE TREPIDAT        뉴수 5 0 0 2 1   73      33000혼4우창구김창식   1 412201123 1 1 119  0장추열49556.593평추보44 46 465352.063.042.72950132052 9201326172211202722 0 099↘↗입15.037.139.113.6375738.537.6 89.0 88.5 38 31  619   14.70   13.20 3 -3  1ULDN55.34911814 -.4 5.8 5.4454517-2숨은복병작전마주82기 2 2 9     8 8 7⑥1:29.0¾    .715.137.913.4  3 -4  .05 6 3 -4 1.82796 22761 5 3 5 20 6 1.05 4.03 1.9 4.8  1.9    9.4   12.1   67.111.22481 1 6 7 1△  .938.70 -.3412.2888.7315.3129.7142.7119415516.6729.4141.38 3
20260418토 8160010외451 8104 5혼전 4451맑음건조 4 8 3창창삭스        RAGEESE TREPIDAT        뉴수 5 0 0 2 1   55      33000혼4우창구김창식   1 51119 523 1 1 118  0조재로49955.588평추보56 54 541460.065.038.23453132052 92013 0 62211192622 0 099↗↘입15.036.939.313.7295336.438.9103.2102.9 33 33 13 7   15.20   13.80 5 -1  3NN동55.34881814 -.4 5.8 5.4454517 0작전마주탄력호전66기 0 5 9   9 9 8 7③1:43.21     .214.739.113.2 -4  1  .00 3 7  4  .54242272076 9 1 7 43 1 3.02 2.08 4.1 9.8  5.1   13.4   27.0   48.3  .03779 3 7 8 3▲ 1.239.30 -.1626.71103.213.3025.2838.2010233511.8327.2740.65 3
20260315일 5160010외430 8 34 6 1강 1139흐림양호 6 8 3창창삭스        RAGEESE TREPIDAT        뉴수 5 0 0 2 1   90      33000혼4우창구김창식   1 61018 423 4 1 117  0우인철49853.069기추적15  5  51410.041.024.82049102052 9201317282211112822 0 099→↘입15.037.039.313.7275336.538.7103.7102.5 29 36 14 7   14.70   14.40 5  2 -1NH동55.34881814 -.2 5.6 5.4474717 0일반주행작전마주44기 1 610  1010 9 6③1:43.71     .215.239.213.8  0 -1  .00 3 3 -5 1.62949221776 6 2 6 53 4 1.05 7.09 2.0 3.0  2.0   10.6   14.5   20.6  .02020-2 3 3-2▽ -.739.30  .1026.18103.2 7.6815.2424.79 51326 5.6612.5019.89 5
20260208일 7160010외421 2 74 7혼전 4451맑음건조 2 8 3창창삭스        RAGEESE TREPIDAT        뉴수 5 0 0 2 1   77      33000혼4우창구김창식   1 7 917 323 3 1 116  0우인철49953.569기추적20 12 121414.044.021.52049102052 9201317282211112822 0 099→↘입14.137.239.313.5155735.641.8102.7104.7 31 46  815   14.70   14.80 3 -7  1HNDN55.34881814  .4 4.4 4.8585817-2일반주행기복전력54기 2 4 8   8 5 5 7⑥1:42.71¾  2.214.740.914.4 -2  0  .00 6 8  3 3.288 791831910 2 9 62 3 1.09 2.07 2.4 4.4  2.4   43.4   48.2  187.7  .01831 0 3 3 0― -.439.30  .0928.18103.3 6.3012.7221.52 51222 3.61 8.3315.44 8
20260117토 7180011외451 8104 8 1강 1151맑음건조 5 8 3창창삭스        RAGEESE TREPIDAT        뉴수 5 0 0 2 1   57      33000혼4우창구김창식   1 8 816 123 2 1 115  0우인철49952.568기추적47 37 373625.049.023.62049102052 9201317282211112822 0 099→↘입14.140.540.513.6334139.344.5121.5122.5 31 38  015   14.30   13.20 4  7 -1VHUP55.34881814  .2 3.8 4.0676717 4일반주행기복전력59기 211 7 6 6 8 9 9⑩2:01.54    3.514.743.614.8  5  3  .0110 5 -2 4.09616979510 7 3 6 70 2 2.01 6.01 2.9 5.2  3.1    5.2    9.3    9.5  .01832 0 4 5 0― -.140.90 -.1241.48118.9 5.1114.3023.62 51222 7.2116.1124.75 4
20251221일 7140011외454 4104 9혼전 4451맑음다습13 8 3창창삭스        RAGEESE TREPIDAT        뉴수 4 0 0 2 1   6915:15 33000혼4우창구김창식   1 9 7151023 1 1 114  0우인철49653.569기추적36 27 273114.046.020.92049102052 9201317282211112822 0 099→↘입14.137.439.213.6265337.439.2 86.8 89.0 33 33  017   14.70   14.60 3 -4 -5HH동55.34881714  .2 3.8 4.0676717 0교체실패기복전력74기 1 411    1111 9⑥1:26.81    1.314.338.313.2 -1 -4  .00 6 7  0 1.6527141534111 4 9 73 1 4.0910.09     8.6  8.1   76.8  137.7  107.8  .02052 0 3 3 0― -.338.50 -.0112.3889.00 5.2612.8620.94 2 714 3.09 6.7012.92 9
20251130일 6140011외450 610410혼전 4451흐림다습10 8 3창창삭스        RAGEESE TREPIDAT        뉴수 4 0 0 9 1   72      33000혼4우창구김창식   110 614 923 1 1 113  0장추열50058.093평추하30 26 263919.053.026.82950132052 9201326172211202722 0 099↘↗입14.137.438.913.5216937.540.4 89.9 90.2 36 27  018   14.60   14.90 5 -2  3LBDN55.34881714  .2 2.8 3.0767617-2작전마주보통주행63관 2 811    10 9 9⑨1:29.97    2.714.740.514.6  2  7  .00 9 7  5 2.7817278861510 4 8 60 5 1.1111.09 2.7 6.9  2.7  144.3  180.9  190.1  .02054 0 4 5 0―  .338.80  .0213.8888.80 8.1617.9726.80 51221 5.6210.6421.65 7
20251025토 7160010외411 3 6411 2강 2251맑음건조 5 8 3창창삭스        RAGEESE TREPIDAT        뉴수 4 0 0 9 1  192      33000혼4우창구김창식   111 513 223 1 1 112  0김성현49355.559평추보89 90 901469.061.042.21440 92052 92013 0 02211162319 0 099↗↘입14.137.139.213.5216537.241.2105.9105.9 36 27  018   14.10   12.90 5  4 -2VNUP55.34881714 -.8 3.4 2.6808017 2승군시기작전마주55기 010 8   8 9 9 8⑨1:45.9¾   4.514.641.414.9  7  2  .05 9 2 -2 4.896908493 3 7 3 1 30 1 1.04 7.04 1.6 5.5  1.6    6.0    8.3   12.3  .03255 2 7 6 2―  .939.20 -.3029.62103.213.5528.4642.1913294615.3130.8548.21 3
20250920토 6140011외452 210412 1강 1151맑음포화16 8 3창창삭스        RAGEESE TREPIDAT        뉴수 4 0 0 2 2  27917:25 33000혼4우창구김창식   112 412 823 2 1 111  0장추열49157.593우추보79 86 866275.057.037.83350172136 4201326172211202722 0 099↗↘입14.337.539.113.5197337.338.7 85.5 87.7 40 20  020   14.80   13.30 4  0  1NB동53.04841714-1.6 4.4 2.8787817 0작전마주승군시기 5기 1 611     9 6 4③1:25.51½   .214.137.612.9 -1 -5  .00 3 4  2  .6 860263072 9 3 3 53 4 6.0311.10     6.5 10.5   21.0   61.5   55.7  .02472 1 7 4 1△  .738.10 -.4611.1089.0011.7625.1937.81 6132516.5030.7046.23 3
20250823토 6140011외451 410413혼전 4451맑음건조 4 8 3창창삭스        RAGEESE TREPIDAT        뉴수 4 0 0 2 2  36315:15 33000혼4우창구김창식   113 311 723 1 1 110  0장추열49657.093평추하79 84 844955.061.038.93350172136 4201326172211202722 0 099↗↘입14.337.539.113.5197337.438.6 87.3 88.2 33 11  022   14.30   13.4013  4  0NL동53.04841714-2.0 5.0 3.0757517 0승부최상작전마주89기 3 6 9     7 5 4③1:27.3¾    .014.837.813.3  1  9  .00 3 2  1  .6216722307911 4 2 40 3 5.0811.05     7.1 10.0  158.6  239.4  188.3  .03485 1 7 5 1△  .838.30 -.4911.6189.0013.6726.3238.9410233511.9023.0833.79 4
20250524토 71400 9외450 8 5414 1강 1151맑음다습12 8 3창창삭스        RAGEESE TREPIDAT        뉴수 4 0 0 2 4  60816:05 33000혼4우창구김창식   114 210 623 2 1 1 9  0문세영48757.073평추보63 72 727084.072.069.04555252442 5201348332211293615 0 099→↘입14.337.639.013.5127637.638.7 89.0 88.4 33 11  022   14.50   14.40 4 -8  1UB동53.04841714-2.6 6.2 3.6707017 0마방연대승부최상64기 2 2 6     6 5 7⑥1:29.0½    .414.338.613.4  5  1  .09 6 1 -1 1.02674253970 9 5 1 12 2 5.08 3.06     4.0 13.4   99.7  213.6  154.4  .04493 4 9 9 4☆ 1.838.20-1.2811.7989.0032.3455.2969.0037577029.8748.4850.15 1
20250426토 7140011외454 610415혼전 4431맑음양호 8 8 3창창삭스        RAGEESE TREPIDAT        뉴수 4 0 0 9 4  69216:05 33000혼4우창구김창식   115 1 9 523 1 1 1 8  0문세영48656.573평추보56 64 645739.060.029.74555252442 5201348332211293615 0 099→↘입14.337.639.113.5127337.439.5 89.7 88.9 25 13  025   14.80   13.70 5  6  1BB동53.04841714-2.0 7.0 5.0595917 0적정체중마방연대 1기 01011    11 9 7③1:29.7½    .114.540.414.4  1  0  .00 3 2 -2  .5466453607611 3 4 53 1 5.03 5.11     6.2  9.2   19.5   46.9   19.0  .03373 0 6 5 0―  .538.30 -.3212.2289.07 9.0919.0029.69102335 9.2619.4724.11 5
20260912토 8160010국4 1 5  7 0 3강 3351           8 4마이티비트      섀클포드센걸     6526.00한수 3       1    016:55 33000혼4서홍수조병태   1 010 1 1 0 1 1 2 0  0푸르칸   52.579우입보85 79 791469.051.026.32460161850 7242820132616142421 07525↗→추14.136.539.213.45565                   43100  029   14.10   12.1019 -2  0HUDN54.84441714  .4 2.2 2.6777714-1편성탐색작전마주49기 1 4                            14.1    12.1        .0                       5 2 2 6  1                                              .02961 0 7 6 0―  .139.20  .35     102.9 7.7617.0426.27 5122215.6328.7143.69 3
20260502토 8170010국441 6 47 1 1강 1151흐림건조 3 8 4마이티비트      섀클포드센걸     6526.00한수 3 0 0 1 2  364      33000국4서홍수조병태   1 1 9 1 1 9 1 1 2 8  0이동하44252.590강입상91 94 946587.062.043.92547161125 5242833202616252419 07525→↗선14.039.440.613.3718040.040.4112.2112.8 50100  033   14.00   13.40 4  4 -2NUUP54.84441714  .4 2.0 2.4787814 3일반주행승부최상40기 0 6 4 4 5 5 5 6⑤1:52.2머리  .614.540.013.7  2 -1  .00 5 3  0 1.32956313263 8 3 3 32 3 1.07 2.04 1.9 3.5  1.9   30.4   38.9   27.9  .04491 3 8 8 3▲ 1.041.60  .0832.82113.116.9331.9143.9219415519.2936.8651.40 3
20260405일 4140011국552 6107 2 3강 3351맑음양호 6 8 4마이티비트      섀클포드센걸     6526.00한수 3 0 0 1 1   70      24750국5서홍수조병태   1 2 8 3 5 9 2 1 1 7  0우인철44354.069우입하72 72 727344.050.022.82049101850 7242828262616112822 06733→↘입14.136.939.013.4546936.938.8 89.0 88.4 40 60  020   13.90   13.50 4 -2  2UN동55.04441414  .6 2.2 2.8747414 0탐색주행최적거리54기 1 2 6     3 3 2②1:29.02     .014.039.013.4 -1 -4  .00 2 3  1  .42541261983 5 2 5 72 2 1.03 4.02 3.3 5.5  3.3    6.6   11.4   16.512.13062 0 5 4 0― -.138.90  .3712.4588.52 5.4413.9822.76 51326 7.7717.4828.21 4
20260308일 4140011국522 8 77 3혼전 4451맑음다습13 8 4마이티비트      섀클포드센걸     6526.00한수 3 0 0 2 1   70      24750국5서홍수조병태   1 3 7 2 4 9 1 1 1 6  0우인철44752.569우입보94 93 937974.058.026.22049101850 7242828262616112822 06733→↘입14.137.038.913.3537337.239.5 88.4 89.1 40 40  020   14.00   12.90 5  0 -1UU동55.04441414  .8 2.3 3.0717114 0승부최상작전마주72기 0 4 6     5 5 7⑥1:28.41¾  1.013.939.113.5  4  0  .09 6 2  0 1.65052515152 5 2 3 52 1 1.08 9.11 2.5 2.9  2.5   24.9   29.9   98.910.53484 1 7 5 1△  .638.90  .2913.1688.52 7.6316.0026.16 8172812.4124.1530.41 4
20260201일 4140011국520 8 77 4 1강 1151맑음건조 2 8 4마이티비트      섀클포드센걸     6526.00한수 3 0 0 1 1   80      24750국5서홍수조병태   1 4 6 1 3 9 1 1 0 5  0장추열44753.593강입보98 98 988192.062.045.72950131850 72428 0 02616202722 05050↘↗입14.237.039.213.4517337.038.2 87.5 87.2 25100  025   13.90   13.50 5  0 -3UU동55.84431412  .8 2.3 3.0717114 0승부최상승부최상 5기 1 4 4     4 4 3②1:27.52½   .014.037.912.9  0 -1  .00 2 2  1  .4 34513 989 5 3 2 22 1 1.02 5.04 1.7 4.0  1.7    4.0    5.5   14.412.04494 2 8 7 2▲ 1.038.50 -.4210.9688.7317.9733.5145.7119405631.4855.1772.34 2
20251227토 5140011국651 9107 5혼전 4451흐림다습14 8 4마이티비트      섀클포드센걸     6526.00한수 2 0 0 9 1  10213:35 16500국6서홍수조병태   1 5 5 5 2 9 1 0 0 4  0이동하44856.091우입하87 88 888484.071.060.63354151850 7242833202616252419 099 0↗↘선14.237.039.413.4556136.738.6 88.1 87.1  0100  033   13.80   13.70 5 -6  0UV동55.54371412 1.0 2.7 3.7636314 0승부최상승부최상52기 0 4 5     5 5 1①1:28.11¾  -.313.939.113.5  0 -1  .00 1 1 -1  .0 33020 996 5 3 2 13 2 1.02 4.07     5.5  2.3    5.5    8.3    8.310.54696 3 9 9 3★ 1.638.50 -.9510.7188.8625.7645.8960.5833536627.3846.2459.14 1
20251122토 4140011국642 6 47 6 3강 3351맑음건조 3 8 4마이티비트      섀클포드센걸     6526.00한수 2 0 0 2 1  10712:45 16500국6서홍수조병태   1 6 4 4 1 9 1 0 0 3  0문세영44956.073우입보87 97 978891.071.066.23845 01850 7242846422616293615 099 0↗↘입14.337.439.113.4248336.639.6 88.6 88.5  0 50  050   14.40   13.70 4 -1  0NVUP55.54371412 1.0 3.0 4.0676712 2편성만만승부최상70기 110 6     7 5 4③1:28.65     .913.839.613.7  1  7  .00 3 2  0 1.23121573554 6 2 2 20 1 3.01 8.03     3.4  4.4    4.4   11.3    4.8  .04594 3 9 9 3★ 1.738.40-1.1312.0288.9328.8850.8866.2118375438.8965.1480.15 1
20251026일 1120011국640 5 47 7혼전 4451흐림건조 5 8 4마이티비트      섀클포드센걸     6719.00한수 2 0 0 9 1  187      24750국6서홍수조병태   1 7 3 3 2 9 1 0 0 2  0이동하44256.091평입보82 97 977378.071.057.83354151850 7242833202616252419 099 0↗↘선14.037.338.313.3458737.837.7 76.3 75.5  0  0  0 0   13.70   13.20 7  2  1VV동55.54371212  .0 4.0 4.0646412 0작전마주작전마주31기 01111     6 6 5④1:16.31½   .414.438.713.7  2  5  .00 4 2 -2  .62677132868 6 3 2 12 1 5.03 5.01 1.8 2.9 34.1   54.5  193.5   30.610.53088 2 8 8 2▲ 1.538.10 -.61 -.1375.8425.0044.6057.7933536616.5230.0924.79 2
20250907일 1120011국610 5 67 8 1강 1131맑음포화16 8 4마이티비트      섀클포드센걸     6719.00한수 2 0 0 1 2  315      24750국6서홍수조병태   1 8 2 2 1 9 1 0 0 1  0씨씨웡43755.590평무보74 25 2549  .037.011.72652111125 5242828352616212522      ↘→선14.237.438.312.7519737.238.3 74.5 75.6              14.20   13.00 6  3  0BLUP       12 0         6.0     0 2작전마주작전마주38기 0 9 5     6 5 6④1:14.5½    .613.738.113.2  0  0  .00 4 4  0  .83046332863 5 210 92 110.0610.04 1.6 3.6 44.6  358.0  828.4 2667.0  .02034-4 3 1-4▼-1.338.00  .66 -.1175.89 1.60 5.1711.74 2 510 8.0516.6059.65 5
20250727일 1100011국620 3 77 9 1강 1155맑음건조 3 8 4마이티비트      섀클포드센걸     6719.00한수 2     9 3  42510:35 24750국6서홍수조병태   1 9 1 1 1 9 1 0 0 0  0임다빈43755.577평무보   25 2540  .057.035.61846 5234713242827252616142424      ↗→추14.337.137.812.8    37.437.5 62.3 62.6              14.30   13.10        LN동       10 0                 0 0일반주행작전마주55기 2 6 7     7 7 7⑥1:02.3¾    .814.237.313.0  2  7  .01 6 4  0  .83648293154 1 1 1 40 1 7.08 8.07     2.5 36.2  342.4  716.6  153.1  .02070 0 6 6 0―  .737.80  .02-12.362.7110.0723.0835.56 71829 9.0918.1827.27 6
20260912토 8160010외4 1 5  6 0 3강 3351           8 5브리도챔피언    OMAHA BESENSE OF        미거 3 0 0   1    016:55 33000혼4정하백조수영   2 0 7 7 1 6 2 0 0 6  0정도윤   52.582평자상50 47 471427.056.029.512 0 92448181922 0 02519102523 0 099↗↗입13.736.740.013.14537                   25 50  025   14.00   12.60 5  4  0NUUP52.54601612-1.3 6.3 5.0545412 4일반주행보통주행40기 0 5                            14.0    12.6        .0                       6 9 9 5  2                                            11.21839 0 5 6 0―  .440.00 -.19     103.4 8.7118.9329.54 81728 4.1711.8820.39 7
20260808토 8120011외413 2 66 1 1강 1151맑음건조 2 8 5브리도챔피언    OMAHA BESENSE OF        미거 3 0 0 1 1  104      33000혼4정하백조수영   2 1 6 6 5 6 1 0 0 5  0정도윤46052.580평입하48 44 445948.062.030.412 0 92448181922 0 02519102523      ↗↗입13.737.238.913.4525337.737.3 74.5 75.3 33 33  0 0   13.80   12.90 3 -8  2HN동       1412 -.3 6.0 5.7494912 0숨은복병보통주행68기 0 1 8     9 9 7③1:14.53     .514.037.012.6 -4 -8  .00 3 7  3  .62575 61764 710 7 53 1 9.01 7.09 1.5 5.0 30.6   16.5   51.9   67.812.03075 2 6 7 2△  .938.10 -.08 -.7976.12 8.0619.1530.38 51222 6.1215.3826.99 7
20260718토 7120010외452 6106 2 1강 1151흐림불량20 8 5브리도챔피언    OMAHA BESENSE OF        미거 3 0 0 2 1   34      33000혼4정하백조수영   2 2 5 5 4 6 1 0 0 4  0권중석46851.067평입상63 56 564026.045.016.21341 6244818192210 02519191818      ↘→선13.737.239.213.4563338.238.2 74.7 76.3 33 33  0 0   13.70   13.20 5  6 -2BH동       1412 -.5 7.0 6.5353512 0연대우수탄력호전 5   0 9 7     71010⑩1:14.7½   1.113.837.312.9  6 11  .0910 4  0 1.55888285947 8 9 7 90 1 7.10 8.01 3.4 8.4 10.5  233.0  367.3  355.7  .03232 0 3 4 0― -.138.50  .15 -.0676.28 2.96 9.2416.18 2 510 3.76 9.1315.2410
20260614일101200 8외442 6 46 3 1강 1159흐림건조 3 8 5브리도챔피언    OMAHA BESENSE OF        미거 3 0 0 2 1   81      33000혼4정하백조수영   2 3 4 4 3 6 1 0 0 3  0이혁  45753.080하입상39 26 266054.068.081.92258 7244818192250 02519282118      ↗↘선13.837.239.413.5502237.338.4 75.9 75.6  0  0  0 0   13.70   14.3010 -2  1HNDN       1412 -.5 7.0 6.5353512-2선행무리연대우수52기 0 3 4     4 5 4④1:15.9코    .113.738.313.2  0 -4  .00 4 4 -6 1.42954343576 4 7 4 12 1 2.01 7.02 1.7 3.2  5.0    3.2    8.4   17.6  .03785 3 7 8 3▲ 1.438.20-1.86-1.0276.3940.6567.5881.9133536613.0427.4028.49 5
20260404토10140011외411 6 66 4혼전 4451맑음양호 6 8 5브리도챔피언    OMAHA BESENSE OF        미수 3 0 0 1 1  195      33000혼4정하백조수영   2 4 3 3 1 6 1 0 0 2  0이용호46152.563하입보52 33 332119.039.014.81657 72448181922 0 02519191820      →↘자13.837.240.213.5381736.840.4 89.6 89.5  0  0  0 0   13.90   13.50 5 -1 -4NHUP       1412 2.0 4.0 6.0323212 2일반주행거리부담50관 0 5 2     2 3 6⑦1:29.62    1.413.740.514.3 -3-12  .00 710  6 2.46232766740 810 7 91 1 4.05 1.02 1.4 3.7 10.3   31.6   82.0   71.5  .01519-1 3 4-1▽ -.738.80 -.3512.0789.55 3.82 8.2314.76 1 4 7 6.2511.1121.58 7
20260228토 21200 9외432 7 36 5 2강 2259맑음건조 3 8 5브리도챔피언    OMAHA BESENSE OF        미수 3 0 0 9 1  114      41250혼4정하백조수영   2 5 2 2 2 6 1 0 0 1  0장추열47356.093평무하13 25 2562  .052.029.32950132448181922 0 02519202722      ↘↗입14.137.140.214.473 137.339.0 76.7 76.2              14.10   14.70 7 -4 -1LN동       12 0        10.0     0 0교체실패보통주행59관 1 6 3     4 6 5⑥1:16.7½   1.613.939.113.5  2 -2  .00 6 4  1 1.85154565634 3 8 8 42 1 2.01 4.01 2.3 2.1  2.4    2.1    4.5    6.5  .02356 0 4 5 0―  .238.50 -.72-1.1476.78 6.7217.2529.27 8213410.4320.4756.29 4
20260110토 2120010외410 8 66 6혼전 4455강풍양호 8 8 5브리도챔피언    OMAHA BESENSE OF        미수 3     2 1  125      41250혼4정하백조수영   2 6 1 1 1 6 1 0 0 0  0씨씨웡47556.593평무보95 25 2578  .051.032.33456112448181922 0 02519212522      →↘선14.236.938.412.9949937.040.6 78.2 77.4              14.20   13.20 4  0  0NL동       12 0         2.0     0 0일반주행작전마주 5기 010 4     5 5 9⑩1:18.2½   1.714.141.014.7  7-10  .0110 3  0 3.48439908632 2 7 4 40 1 1.10 3.09 1.5 3.6  1.5   89.2   94.6  209.3  .02057 0 5 5 0―  .239.10  .31 2.1375.6710.3621.5632.26 8213410.5320.3734.57 9
20260912토 8160010국4 1 5  5 0 3강 3351           8 6번개루이스      언캡처드컨셉리처 5030.00한수 3 1 1   1    016:55 33000혼4토니  김창국  -3 0 3 2 1 2 3 2 0 2  1이혁     52.578강선보50 90 901483.067.057.22258 730591620 033 0282028211899 0 0↗↘선13.736.039.212.98589                  100100 50**   13.90   13.20 4  3 -2BUUP55.84801612  .0 1.0 1.0989812 2전개최상승부최상42기 0 6                            13.9    13.2        .0                       1 1 1 1  3                                            12.24494 4 9 9 4☆ 1.539.20 -.15     102.626.8645.9957.2233536621.8841.5855.34 1
20260816일 4140010국511 7 15 1 1강 1151흐림다습13 8 6번개루이스      언캡처드컨셉리처 5030.00한수 3 1 1 2 1   78      24750국5토니  김창국  -3 1 2 2 1 2 2 1 0 1  1이혁  48654.578강도보99 99 999993.070.070.72258 730591620 033 0282028211899 0 0↗↘선13.636.439.113.0929436.638.1 87.8 87.2100100100**   13.70   13.30 6  2 -3VUUP57.04741412  .0 1.0 1.0999912 2전개최상전개최상43기 0 3 3     1 1 1①1:27.84    -.613.938.313.2  0 12  .00 1 1  0  .0 324 9 296 1 5 1 11 2 1.03 3.08 1.6 2.7  1.6    7.1    9.0   16.5  .06099 4 9 9 4☆ 2.039.10 -.6511.6988.2535.2959.5570.7038607142.5565.9782.42 1
20260704토 2120010국611 8 15 2 1강 1154흐림건조 5 8 6번개루이스      언캡처드컨셉리처 6419.00한수 3     1 1   99      16500국6토니  김창국  -3 2 1 2 1 2 1 0 0 0  0이혁  47457.080평무보99 25 2597  .072.069.42258 730591620 033 02820282118      ↗↘선14.336.838.111.9999936.437.8 75.0 73.9              14.30   12.10 4  0  0NL동       12 0         1.0     0 0숨은복병전개최상49기 0 1 3     1 1 1①1:15.06   -1.113.738.213.3  0  0  .00 1 1  0  .0 11014 397 3 1 9 11 1 1.03 1.05 1.1 2.1  1.1    4.7    5.8    3.712.04176 2 7 7 2△ 1.938.10 -.53 -.9975.4533.3855.9069.3638607110.7120.4739.51 3
20260912토 8160010국4 1 5  8 0 3강 3351           8 7라온더벨몬트    머스킷맨라온챔버 7531.00한암 4 0 0   1    016:55 33000혼4이강서라온랜드 2 016 2 217 2 1 117  0조상범   52.557평추보50 55 551469.060.040.6 926 65683402244 0204225132216 02575↗→입13.936.939.613.43253                   14 50  757   13.90   13.80 5 -2  0NH동54.04551714 -.2 4.6 4.4575713 0마방기습연대우수60기 1 7                            13.9    13.8        .0                       9 5 5 2  2                                            11.83754 2 7 9 2▲  .839.60 -.37     103.314.4626.9040.6012264015.6328.7143.69 4
20260808토 71600 9국430 8 88 1 1강 1141맑음건조 2 8 7라온더벨몬트    머스킷맨라온챔버 7531.00한암 4 0 0 1 1  105      33000국4이강서라온랜드 2 115 1 117 1 1 116  0조상범45852.557우추상61 57 571466.051.025.5 926 65683402244 0204225132216 02575↗→입14.036.939.613.4335736.439.8103.3102.9 15 54  862   14.00   14.10 5  5  0VUUP54.04551714 -.4 4.2 3.8646413 2승부최상마방기습40기 0 9 5   5 6 6 6④1:43.31¼   .713.939.813.8 -3  6  .00 4 7  0 1.94950545461 6 9 7 42 1 2.03 6.02 3.1 5.5  3.2    6.8   13.6   55.8  .03571 3 6 7 3△  .439.60 -.0126.44103.3 6.3815.2525.54 3101710.5319.4632.43 5
20260704토 9140010국553 5108 2혼전 4451흐림건조 4 8 7라온더벨몬트    머스킷맨라온챔버 7531.00한암 4 0 0 1 1   72      33000국5이강서라온랜드 2 214 6 717 1 1 115  0서승운45252.582우추하45 43 437361.063.039.4233714568340224460 04225272817 02575↗↘선14.037.339.013.4317337.539.0 87.9 88.9 17 58  858   14.50   14.70 6  1  2HNDN54.04551714  .0 3.2 3.2646413-3전개최상승부최상81기 2 4 7     7 7 6⑥1:27.9¾   1.014.038.914.1 -1-16  .00 6 7  1 1.04269354650 8 3 8 50 1 1.02 5.02 2.9 6.1  2.9    6.1   12.5    6.3  .04491 3 7 8 3▲ 1.138.60 -.3012.5588.8014.2126.3939.43 81728 8.5721.4329.38 5
20260523토 8170011국551 9108 3혼전 4451맑음다습13 8 7라온더벨몬트    머스킷맨라온챔버 7531.00한암 4 0 0 2 1  113      33000국5박종곤라온랜드 2 313 5 217 1 1 114  0김성현46851.059평추보93 94 949180.071.049.01440 93550212825212327 9162319 02575↗↘입14.040.040.513.4348539.542.2113.7114.3 18 45  955   14.40   13.30 5 -6 -3HUUP54.04551714 -.4 3.0 2.6747413 3작전마주전개최상64기 1 3 5 5 6 6 7 6⑦1:53.72    2.114.542.114.7  1  6  .00 7 6  4 2.66726786826 8 1 1 20 1 2.04 8.07 3.6 6.7  3.7   16.2   29.3   17.610.54592 3 9 9 3★ 1.741.20 -.3033.82113.421.3537.7848.9518375420.1933.1845.00 2
20260419일 4140010국551 8 58 4 1강 1151맑음건조 4 8 7라온더벨몬트    머스킷맨라온챔버 7531.00한암 4 0 0 2 1   88      24750국5박종곤라온랜드 2 412 4 617 1 1 013  0우인철46254.069평추보79 81 816683.063.042.9204910355021282527 027 9112822 03367→↘입14.037.438.813.4218337.937.8 89.5 88.0 10 40 1050   14.10   13.30 5  8 -2BH동54.04531714  .0 3.0 3.0727212 0작전마주작전마주50기 0 9 7     8 6 6②1:29.51¾   .014.438.513.3  0  7  .00 2 2  1  .31786 52187 9 1 2 33 1 1.02 7.09 3.1 4.5  3.1    4.5    9.1   10.012.03075 2 7 6 2△ 1.038.30 -.3411.7988.7316.2830.7642.8912264018.7538.7155.16 2
20260315일 3140010국550 8108 5혼전 4458흐림양호 6 8 7라온더벨몬트    머스킷맨라온챔버 7531.00한암 4 0 0 2 1   92      24750국5박종곤라온랜드 2 511 3 517 1 1 012  0조재로45555.588평추하29 28 287552.065.055.73453133550212825453927 9192622 03367↗↘입14.137.538.813.4188037.338.5 89.3 88.5 11 44  056   14.30   14.80 5 -7  1UN동54.04531713  .0 3.4 3.4676713 0작전마주작전마주52기 1 1 6     6 5 4③1:29.32     .414.138.713.3  2  0  .00 3 1 -4  .4316019227011 1 8 12 1 3.02 8.03 2.3 5.2  7.2   17.6   38.8   14.5  .04190 3 8 9 3▲ 1.438.30 -.7512.2188.8026.3544.5755.6938587018.3132.2644.26 2
20260208일 4140011국511 7 68 6혼전 4451맑음건조 2 8 7라온더벨몬트    머스킷맨라온챔버 7531.00한암 4 0 0 2 1   80      24750국5박종곤라온랜드 2 610 2 417 2 1 011  0정우주45554.560평추보88 89 896280.065.058.81250 73550212825273227 9163013 03367↗→입14.137.538.813.4128038.141.1 90.9 91.2 11 44  056   14.30   13.00 6  7  3NN동54.04531713  .4 3.4 3.8616113 0부중유리작전마주67기 0 8 5     7 710⑩1:30.91    4.514.340.514.8  5  8  .0510 5  0 4.693908895 610 2 1 10 3 2.06 3.01 1.9 5.0  5.7   19.6   38.2   16.910.53779 3 8 7 3▲ 1.238.90 -.8314.8788.8028.2047.2058.7533536631.8251.3963.49 1
20251228일 5140011국531 6 38 7 1강 1141맑음다습12 8 7라온더벨몬트    머스킷맨라온챔버 7531.00한암 3 0 0 9 1  112      24750국5박종곤라온랜드 2 7 9 1 317 1 0 010  0정우주44752.060우추하85 77 776569.053.030.11250 73550212825273227 9163013 05050↗→입14.037.439.113.5186936.937.9 87.3 87.0  0 50 1350   15.80   13.30 6-10 -3UUDN55.04561713  .4 3.4 3.8616113-3전개최상부중영향50기 1 1 6     5 5 3①1:27.31¼  -.314.338.113.0 -4 -9  .00 1 5  3  .0 241 6 393 9 3 4 43 2 5.04 1.04 1.5 2.4 16.7   71.1  180.8   27.2  .03481 0 6 7 0―  .238.10 -.1910.4888.93 8.8919.5230.0510233513.2727.1043.27 4
20251115토 5170011국621 9 28 8 2강 2252맑음건조 3 8 7라온더벨몬트    머스킷맨라온챔버 7531.00한암 3 0 0 2 1  12813:35 16500국6박종곤라온랜드 2 8 810 117 6 0 0 9  0최범현45655.093우추상83 89 899193.071.088.43159143550212825403027 9193217 05050→→입14.039.841.113.5506140.839.8115.1112.8  0 57 1429   14.00   14.50 6 10  0VNUP55.04561713 1.0 3.6 4.6565613 3승부최상전개최상60관 011111111 7 7 6③1:55.16    1.015.840.113.3  1 -7  .00 3 2 -3 1.42787184153 4 2 1 23 6 1.04 6.05     2.1  1.6   12.8   17.8    8.7  .04386 3 9 8 3▲ 1.841.20-1.4131.92113.739.9370.2788.3519405650.6388.1199.00 1
20251004토 3140011국651 9108 9혼전 4451맑음다습10 8 7라온더벨몬트    머스킷맨라온챔버 7531.00한암 3 0 0 1 2  229      16500국6박종곤라온랜드 2 9 7 9 217 5 0 0 8  0최범현46355.093우추보87 93 938785.071.054.13264213053172825403027 9193217 0 099↘→입14.137.639.113.4107336.339.9 90.1 88.3  0 50  033   14.40   13.30 5 -9  0UNUP55.04481413 1.2 3.2 4.4575713 1연대우수승부최상34관 2 1 4     3 3 2④1:30.1¾    .514.040.714.5 -1  5  .00 4 5  3  .824 8683769 6 2 2 22 5 1.0211.03 2.9 7.4  2.9    9.7   16.4   20.710.54493 3 9 9 3★ 1.738.20 -.9511.6089.0722.9641.5954.1219405627.0646.1546.29 1
20250831일 1130011국641 5 9810 3강 3359맑음다습13 8 7라온더벨몬트    머스킷맨라온챔버 7531.00한암 3 0 0 9 2  337      16500국6박종곤라온랜드 210 6 8 417 4 0 0 7  0최범현45855.093평추보81 71 718082.070.076.93264213053172825403027 9193217 0 099↘→입14.138.038.913.4168738.238.2 82.4 82.3  0 40  020   14.20   13.70 4  7  0BN동55.04481412  .2 4.6 4.8545413 0전개최상연대우수46기 110 8     8 7 5④1:22.4½    .214.438.313.3  2  4  .00 4 2 -1 1.11877153173 7 1 1 13 4 1.03 8.04 2.3 5.0  2.3    6.6    9.1   20.612.13766 1 8 7 1▲ 1.338.90-1.36 5.4083.2331.3759.8276.8537577026.7650.3341.16 1
20250803일 3130011국641 8 9811 3강 3351흐림건조 3 8 7라온더벨몬트    머스킷맨라온챔버 7531.00한암 3 0 0 1 2  40011:35 16500국6박종곤라온랜드 211 5 7 317 3 0 0 6  0최범현45455.093평추보73 66 669184.072.056.53264213053172825403027 9193217 0 099↘→입14.138.038.913.4148937.838.9 83.9 82.9  0 50  025   13.80   14.30 5 -1  0UN동55.04481412 -.3 5.0 4.8565613 0전개최상전개최상63기 0 3 5     5 8 7⑤1:23.91¼  1.114.239.413.7  2  3  .00 5 3  1 1.53658394347 8 1 4 23 3 2.04 8.11     6.0  3.0    6.4   11.9   26.812.14588 3 9 9 3★ 1.739.00 -.81 5.9583.2323.7042.7656.5013294621.5040.2044.96 3
20250628토 1130011국620 7 7812 1강 1152흐림다습11 8 7라온더벨몬트    머스킷맨라온챔버 7531.00한암 3     9 3  51410:35 16500국6박종곤라온랜드 212 4 6 217 2 0 0 0  0최범현45155.089평추하53 41 419165.068.056.73450272446 62825403027 9193217 0 099↘↘입14.138.038.913.4168737.340.3 83.6 83.6  0 50  025   15.10   13.30 6 -7  0UNUP55.04481412  .3 5.0 5.3525213 1뒷심문제전개최상34기 0 4 4     5 4 5⑤1:23.61    1.413.840.414.3  3  3  .09 5 2 -3 1.66136787140 9 1 5 22 2 4.01 9.08     4.8  8.8   10.2   25.8   38.0  .04179 1 7 8 1▲ 1.239.20 -.81 6.6783.2323.0341.3456.6619415510.7822.8920.94 3
20250517토 1120011국653 810813 3강 3351맑음포화17 8 7라온더벨몬트    머스킷맨라온챔버 8325.00한암 3 0 0 2 4  63510:35 16500국6박종곤라온랜드 213 3 5 317 1 0 0 4  0최범현44855.083평추하40 44 445946.066.052.42120221513102825403027 9193217      ↗↘입14.137.938.213.4 78938.437.2 76.4 75.4  0 33  0 0   14.50   14.5014  4  1NN동       1412-1.5 6.0 4.5676713 0숨은복병마방기습68기 11111    1111 6③1:16.42     .415.138.313.6 -2  2  .00 3 5  1  .52292 53268 9 2 4 33 1 2.03 8.09     6.2  3.3    6.3    9.6   21.911.83089 2 7 8 2▲ 1.137.40 -.72 -.7476.1218.2035.1452.43122640 8.3314.3616.23 7
20250208토 2120011국631 8 8814 1강 1159맑음건조 5 8 7라온더벨몬트    머스킷맨라온챔버 8325.00한암 3 0 0 1 5  93111:00 16500국6박종곤라온랜드 214 2 4 217 1 0 0 3  0정우주44654.566평추보52 51 513623.045.022.11650131438 72825273227 9163013      →→입14.137.938.213.4 69138.040.1 80.2 78.2  0 33  0 0   14.40   14.00 6  3  2NNDN       1412-3.0 9.0 6.0626213-2일반주행작전마주 1기 0 7 6     81111⑩1:20.24    2.914.541.214.5  6 -2  .0910 4  1 3.7928484911210 2 2 50 1 1.06 5.04     5.3  2.8   18.5   27.4   39.3  .02037-2 5 3-2▽ -.438.30  .15 2.1076.12 5.9412.7022.07 61325 5.4513.46 9.41 9
20241228토 4140011국630 6 8815 1강 1159맑음건조 5 8 7라온더벨몬트    머스킷맨라온챔버 7531.00한암 2 0 0 9 6 104012:45 16500국6박종곤라온랜드 215 1 3 117 1 0 0 2  0송재철44853.079우추보95 35 3543  .050.024.71333 53563142825272727 9192620      →↗입14.037.639.013.3138337.639.2 91.6 89.6  0 50  0 0   14.00   13.40 4 -6 -1HHUP       1412         3.0    13 1일반주행부중잇점 1기 1 4 5     5 5 5⑦1:31.6¾   2.014.440.114.0  4 -7  .00 7 3  0 2.16875466124 7 4 8 62 1 1.02 2.09     5.3  2.2    6.1   10.4   19.3  .01575 0 5 4 0―  .238.50 -.1213.0089.00 6.1215.1524.73 3112010.0819.7346.99 4
20260912토 8160010외4 1 5  5 0 3강 3351           8 8태권브이        MO TOWN SWEET OA 2336.00미거 3 0 0   1    016:55 33000혼4김동균강현철   1 0 6 6 1 5 1 0 1 5  0서승운   52.582평입상50 46 461415.041.015.12337141752 6202917 019 8272817 099 0↗↘선13.936.740.113.44233                   25  0  0 0   13.60   13.50 3  5  0LUUP52.54851612 -.5 6.3 5.8505014 2일반주행조교부실29관 0 8                            13.6    13.5        .0                       81010 9  1                                              .01542-1 3 2-1▽ -.840.10  .11     103.5 4.19 8.4115.10 2 510 5.21 8.9116.50 9
20260822토 91400 8외442 7 95 1 1강 1151흐림불량20 8 8태권브이        MO TOWN SWEET OA 2336.00미거 3 0 0 2 1   52      33000혼4김동균강현철   1 1 5 5 1 5 1 0 0 4  0푸르칸48552.579하입하23 11 113313.049.029.12460161752 6202925 019 8142421      ↗→추14.037.439.413.3204836.739.5 87.3 88.6  0  0  0 0   14.00   13.50 2  1  0HHUP       1412 1.0 6.0 7.0383812 2일반주행거리부담48관 0 3 2     4 4 4②1:27.34     .013.639.013.5 -5-10  .00 2 7 -3  .73428513587 7 5 8 52 2 2.07 5.03 3.1 5.7  3.8   58.4   85.0  126.0  .02151 1 4 5 1―  .038.40 -.3511.7989.14 7.3617.2229.08 81728 2.53 8.2815.00 7
20260808토 8120011외413 3 65 2 1강 1151맑음건조 2 8 8태권브이        MO TOWN SWEET OA        미거 3     1 1   44      33000혼4김동균강현철   1 2 4 4 4 5 1 0 0 0  0박재이49552.562평입보40 29 2924 7.033.0 8.7 699 01752 62029 0 019 8 82821      ↘↗입14.037.838.313.3157637.439.5 76.1 77.0  0  0  0 0   14.20   13.3023 -5 -4HH동       1212 1.0 4.0 5.0464612 0최빈거리보통주행27관 0 2 9     8 811⑪1:16.13    2.114.038.913.5  1  9  .001110  7 2.2775970722211 510100 1 9.01 7.09 1.5 5.0 30.6   16.5   51.9   67.8  .01321-2 2 2-2▽-1.338.10  .52  .9276.12 1.16 3.66 8.74 0 2 4 1.36 3.66 7.71 9
20260228토 21200 9외432 6 35 3 2강 2259맑음건조 3 8 8태권브이        MO TOWN SWEET OA        미수 3 0 0 9 3  458      41250혼4김동균강현철   1 3 3 3 3 5 1 0 0 2  0마이아48656.093하추하31 40 407486.070.068.03450332044102029286319 83533 8      →→선14.237.938.113.1 39737.339.1 76.6 76.2  0  0  0**   14.30   14.30 7 -1 -1NH동       1212  .0 5.0 5.0575712 0숨은복병승부최상61관 2 7 6     6 5 6⑤1:16.63    1.514.139.013.4  2  0  .00 5 3  1 1.75454606036 6 1 2 22 1 2.01 4.01 2.3 2.1  2.4    2.1    4.5    6.5  .04494 3 8 8 3▲ 1.637.70-1.12  .2376.0625.2949.8867.9519405619.1340.0038.38 2
20260110토 2120010외410 8 65 4혼전 4455강풍양호 8 8 8태권브이        MO TOWN SWEET OA        미수 3 0 0 2 1  125      41250혼4김동균강현철   1 4 2 2 2 5 1 0 0 1  0루이스48656.567평추보37 25 2556  .046.027.62144101752 6202923 019 8202715      ↗↘입14.238.038.113.2 39537.339.6 77.5 76.7  0  0  0 0   14.20   12.90 3  0  1NN동       1212         5.0    12 0일반주행최적거리 6기 0 8 7     6 8 8⑦1:17.5½   1.014.340.014.3  5  3  .05 7 2 -3 2.77155747451 7 1 6 50 1 1.10 3.09 1.5 3.6  1.5   89.2   94.6  209.3  .01558-1 5 4-1▽ -.337.80 -.03  .6376.12 7.5617.9727.63 6132510.5320.3734.57 7
20251221일 2120012외421 3 25 5혼전 4455맑음포화16 8 8태권브이        MO TOWN SWEET OA        미수 2     2 1   5311:00 41250혼4김동균강현철   1 5 1 1 1 5 1 0 0 0  0푸르칸48356.080평무보   25 2540  .040.016.42460161752 6202925 019 8142421      ↗→추14.536.738.512.8    38.137.9 74.3 76.5              14.50   13.10        LN동       12 0                 0 0일반주행보통주행31관 0 8 9     9 8 7⑤1:14.32½   .814.237.212.9  0 -1  .00 5 5  0 1.26386184656 3 3 5 73 1 1.02 2.03     2.1  1.5    2.1    2.6   17.7  .01521-1 3 5-1▽ -.739.00  .82 1.3075.61 4.33 9.2916.41 31017 7.4114.4726.79 8
20260912토 8160010국4 1 5  7 0 3강 3351           8 9러브오마인      크리솔라상류     5531.00한암 5 0 0   1    016:55 33000혼4전승규한춘택  -4 016 1 623 9 2 123  0김용근   52.586평추보50 51 511425.049.022.82751141746 6221310 01919312714 04060↘↘선14.236.539.913.95419                   19 24 1419   13.70   14.40 4  2  0BH동52.94581817-1.2 5.2 4.0585817 0마주성향배당마주53기 0 9                            13.7    14.4        .0                       4 7 7 8 11                                            11.22815 0 4 6 0― -.139.90  .10     103.3 5.2714.0422.75 2 714 8.3316.8324.27 5
20260816일 71600 9국513 9 67 1 2강 2251흐림다습13 8 9러브오마인      크리솔라상류     5531.00한암 5 0 0 2 1   75      41250혼4전승규한춘택  -4 115 4 523 8 2 122  0김용근46552.586평추상70 74 741449.061.041.52751141746 6221310 01919312714 04060↘↘선14.336.739.813.9452235.941.4103.4103.5 20 25 1520   14.00   13.50 5 -2  0NH동52.94581817-1.6 5.8 4.2555517 0배당마주마주성향 5   0 7 4   4 4 4 4④1:43.45    1.413.741.014.4  0  6  .00 4 4 -2 3.06621858242 8 3 4 4210 2.01 6.01 1.8 3.6  5.9    6.5   17.1    7.3  .02440 1 6 6 1―  .939.80 -.3727.00103.312.1227.0041.49 82134 7.0916.7428.66 4
20260712일 8160010국511 7 67 2혼전 4451맑음다습10 8 9러브오마인      크리솔라상류     5531.00한암 5 0 0 2 1   63      33000국5전승규한춘택  -4 214 3 423 7 2 121  0김용근45952.586평추보55 54 541440.057.035.72751141746 6221310 01919312714 02575↘↘선14.336.939.613.9292736.339.5100.8102.4 16 21 1621   14.80   13.40 4  0  0LHDN53.04581817-1.6 6.4 4.8505017-1배당마주배당마주69기 0 9 7   7 5 4 3③1:40.8¾    .014.038.713.5 -3 -8  .00 3 6 -1  .23139463987 7 4 6 42 9 9.0210.02 2.2 7.3 23.2   91.2  192.1  269.012.73242 2 6 6 2―  .839.60 -.2525.87103.311.4722.6835.69 82134 8.7516.9325.60 5
20260613토 61700 8국450 4 57 3 2강 2251맑음건조 3 8 9러브오마인      크리솔라상류     5531.00한암 5 0 0 2 1   75      33000국4전승규한춘택  -4 313 2 623 6 2 120  0김용근46752.586평추보43 34 344341.055.029.92751141746 6221310 01919312714 0 099↘↘선14.239.541.013.9643740.340.1112.5113.5 22 22 1722   14.30   14.40 2  5  0BHUP53.24541817 -.4 6.4 6.0424217 1배당마주배당마주44기 0 9 5 5 4 5 5 4④1:52.52½   .814.839.113.4 -3  3  .00 4 7  1  .84568233157 3 8 8 62 8 4.01 2.07 2.8 4.8  7.5    8.9   25.7   19.7  .02339 0 5 7 0―  .541.60  .1432.97113.4 7.7217.8829.91 51221 5.0011.9023.28 6
20260531일 7160010국412 8 67 4 1강 1151맑음양호 6 8 9러브오마인      크리솔라상류     5531.00한암 5 0 0 9 1   24      33000국4전승규한춘택  -4 412 1 323 5 2 119  0김용근46452.586평추보64 49 491427.047.022.52751141746 6221310 01919312714 0 099↘↘선14.236.939.613.9313035.940.4104.0103.1 24 24  624   14.80   13.50 4  2  0VHDN53.24541817 -.8 7.4 6.6444417-2배당마주배당마주63기 0 4 7   7 5 4 5⑤1:44.03    1.214.340.914.4 -1 -1  .00 5 6  3 1.45116695646 8 5 6 72 7 3.02 3.07 1.5 3.7  9.8   25.1   52.4   68.1  .02323 0 4 5 0―  .139.60  .0926.56103.3 5.7513.8022.45 3 817 2.92 9.4517.70 8
20260503일 7180010국511 3 17 5 2강 2248흐림다습11 8 9러브오마인      크리솔라상류     9033.00한암 5 0 0 1 1   64      33000국5전승규한춘택  -4 51112 423 4 2 118  0김용근46552.586평추상19 15 152817.043.020.92751141746 6221310 01919312714 0 099↘↘선14.240.040.814.0531240.939.4118.2118.4 25 25 1319   14.60   14.00 5 -5  0HHUP53.24541817 -.8 7.6 6.8414117 2배당마주배당마주40기 0 2 6 6 6 7 7 6④1:58.2목    .514.840.113.5  1  1  .00 4 3 -4 1.33179193764 3 7 5 53 6 1.02 8.06 1.3 2.1  1.3    2.1    2.7    8.5  .02319-1 4 4-1▽ -.440.90  .0037.59118.9 5.4711.7920.90 51221 3.57 8.0515.42 7
20260328토 8160010국512 9 17 6 3강 3351맑음건조 3 8 9러브오마인      크리솔라상류     5531.00한암 5 0 0 9 1   98      33000국5전승규한춘택  -4 61011 223 3 2 117  0김용근46452.586평추상46 46 461462.066.045.82751141746 6221310 01919312714 0 099↘↘선14.036.340.014.0651336.539.7103.8103.3 27 27  720   14.30   13.10 3 -2  0NHUP53.24541817  .0 6.6 6.6454517 4배당마주배당마주82기 2 7 9   9 6 6 4⑤1:43.8코   2.014.640.114.0 -2  2  .00 5 7 -2 2.05445514828 1 7 6 32 5 4.01 1.02 1.2 1.9 19.1    8.1   45.5    6.812.24359 3 7 9 3▲ 1.340.00 -.3927.01103.216.6032.6145.8013294613.8626.0935.96 4
20260308일 6120011국444 6 97 7혼전 4451맑음다습13 8 9러브오마인      크리솔라상류     6921.00한암 5 0 0 2 1   47      33000국4전승규한춘택  -4 7 910 423 2 2 116  0김용근46252.587평추하25 22 224019.050.023.72751141746 6221310 01919312714 0 099↘↘선14.037.338.514.1444838.337.8 74.8 76.0 21 36 1421   13.70   14.50 6  5  1BN동53.24541817 1.0 5.2 6.2484817 0교체실패배당마주67기 0 911    1010 8⑥1:14.81¼   .814.337.213.1 -3  1  .00 6 9  2 1.94591144858 9 7 8 53 4 1.08 2.04 2.0 5.4  2.0   22.3   31.8   88.2  .02043 0 4 5 0―  .138.20  .26  .1675.95 6.2914.7023.71 61325 5.8810.9921.36 7
20260124토10120011국423 5 27 8 1강 1151맑음건조 3 8 9러브오마인      크리솔라상류     6921.00한암 5 0 0 2 1  106      33000국4전승규한춘택  -4 8 8 9 323 1 2 115  0김용근46151.587평추상52 52 524952.061.041.52751141746 6221310 01919312714 0 099↘↘선13.937.138.514.0554837.040.2 76.4 77.3 23 31 1523   13.90   13.40 5  2 -2VUDN53.24541817  .8 5.0 5.8484817-2배당마주배당마주 6기 0 4 4     5 5 9⑩1:16.42½  2.213.740.114.5  3  5  .0010 7 -4 2.98136868021 7 5 7 30 3 1.05 3.02 1.7 2.2  1.7    8.8   12.3   20.4  .03584 3 6 7 3△  .938.80 -.12 1.6675.8413.9929.1241.45132946 9.9220.2431.40 3
20251220토 8140011국412 4 67 9혼전 4451비  포화16 8 9러브오마인      크리솔라상류     5531.00한암 4 0 0 2 1  10016:05 33000국4전승규한춘택  -4 9 7 8 223 1 2 114  0송재철45653.077평추보35 41 415121.046.018.91645 71746 6221323 01919192620 0 099↘↗입14.036.639.514.0811737.239.3 87.1 88.9 25 33 1725   13.60   15.00 3 -2  1HNDN53.24541817 1.8 3.4 5.2525217-2숨은복병배당마주21관 0 2 9     91010⑧1:27.11¾   .913.938.413.4 -3 -4  .00 811  7 1.55163445155 3 710 90 1 3.07 4.07     6.1 10.4   40.3   96.0   22.9  .01945 0 3 4 0― -.339.30  .3512.8288.66 4.5511.3418.92 1 4 8 2.88 8.1115.5611
20251130일 9160010국422 6 2710 1강 1151흐림다습10 8 9러브오마인      크리솔라상류     5531.00한암 4 0 0 9 1   69      33000국4전승규한춘택  -410 6 7 123 2 2 113  0김용근46052.086평추보27 21 211423.046.028.12751141746 6221310 01919312714 0 099↘↘선14.336.340.013.9671736.041.4103.3103.5 36 36  927   14.20   15.00 6  0 -1VUDN53.24541817  .8 3.6 4.4626217-2교체실패보통주행58기 1 4 3   3 4 4 5⑤1:43.33    1.013.641.715.0  1 -8  .00 5 4 -4 1.66923878550 3 6 7 52 2 7.01 3.08 2.1 2.0 28.0   17.7   73.8  101.8  .02023 0 4 5 0―  .040.00  .0327.23103.2 7.1716.9928.11 71829 6.5215.9127.99 5
20251018토 8180011국412 7 6711 1강 1151흐림포화19 8 9러브오마인      크리솔라상류     9033.00한암 4 0 0 2 2  213      33000국4전승규한춘택  -411 5 6 323 1 2 112  0김용근46852.581평추하49 43 433422.046.026.22045 8255711221310 01919312714 0 099↗↘선14.340.240.613.9542239.942.7120.1121.3 36 36  927   14.50   14.7014 -3 -1VHUP53.24541817 -.8 4.8 4.0707017 1배당마주배당마주69기 0 4 4 5 5 6 5 6⑩2:00.13    3.314.242.415.0  2  4  .0310 8  6 4.18938908812 8 5 6 50 1 1.05 3.01 1.3 4.6  1.3    6.2    7.6   13.2  .02338 0 4 5 0― -.241.00 -.1140.49118.9 6.5314.8726.24 81728 5.6212.1524.26 6
20250713일 8170010국453 610712 1강 1141흐림양호 6 8 9러브오마인      크리솔라상류     5531.00한암 4 0 0 2 3  45816:05 33000국4전승규한춘택  -412 4 5 523 2 2 111  0이혁  46453.081우추하29 32 3256 9.043.022.8213210273610221314 01919282118 0 099↗↘선14.339.241.213.8903039.541.5113.1113.4 40 40 1030   14.50   14.80 3  6 -2NHDN53.24541817-1.2 6.4 5.2656517-1마주성향배당마주38트 0 7 5 5 6 7 7 4④1:53.12    1.214.541.514.7  2  5  .00 4 2  1 1.94633655647 3 6 6 73 2 4.01 4.03     6.7  7.3   10.4   22.8   16.7  .02839 0 3 5 0― -.341.90  .3533.03113.4 5.4113.9322.84 2 510 1.79 5.5012.38 7
20250621토 61800 9국442 8 9713혼전 4458흐림포화19 8 9러브오마인      크리솔라상류     9033.00한암 4 0 0 2 3  52915:35 41250국4전승규한춘택  -413 3 4 223 1 2 110  0이혁  45954.580우추보65 70 707955.061.054.1213210273610221314 01919282118 0 099↗↘선14.340.340.713.8462239.542.1119.9120.7 40 40 1030   15.60   13.60 9-10  2ULUP53.24541817-1.2 6.0 4.8676717 1마주성향마주성향68기 3 1 6 6 5 6 6 6⑤1:59.95    2.014.541.714.8  4  2  .09 5 1 -1 2.48324847226 7 4 1 22 1 5.04 7.08     5.7 10.4   21.4   48.0   27.912.73090 2 8 8 2▲ 1.040.90 -.8039.71118.924.7942.3654.1238587018.5233.3345.83 1
20250419토 6170011국452 710714 3강 3357비  양호 8 8 9러브오마인      크리솔라상류     5531.00한암 4 0 0 2 4  71415:15 33000국4전승규한춘택  -414 2 3 423 1 2 1 9  0김철호45752.560우추하48 41 416618.046.026.1184014253614221321 01919142025 0 099↗↘추14.339.440.913.9784541.139.2111.7112.4 44 33 1122   14.30   15.50 4  5  0VHDN53.24541817-2.8 6.8 4.0727217-1배당마주마주성향 1기 011 9 9101110 7④1:51.7¾    .315.640.113.6  2  2  .00 4 2 -4 1.41794 83374 4 3 5 43 6 4.03 1.04     7.9  6.8   17.4   32.1   18.011.22464 0 5 5 0― -.141.50  .3332.13113.3 5.5415.7026.13102135 4.2912.1624.05 5
20250323일 9180011국453 810715 1강 1151맑음건조 4 8 9러브오마인      크리솔라상류     9033.00한암 4 0 0 2 4  78517:00 33000국4전승규한춘택  -415 1 2 123 1 2 1 8  0김동수45552.565평추하31 41 412811.041.015.21433 9253614221321 01919102127 0 099↗→추14.040.540.513.6343738.742.8120.1119.7 50 38  025   14.80   14.30 4  2  1NNUP53.24541817-1.6 6.8 5.2565617 1배당마주배당마주 1기 0 6 2 3 3 5 5 8⑧2:00.12    2.414.343.515.5  2 -4  .00 8 6  3 2.664 5917121 9 9 8 92 4 1.07 1.08     7.2  2.9   21.4   32.2   56.1  .02327 0 3 5 0― -.740.50  .0838.74118.9 4.00 8.3815.18 2 510 2.63 6.5612.10 9
20260912토 8160010국4 1 5  4 0 3강 3351           810리플렉트        레이스데시티세븐 8831.00한수 3 0 0   1    016:55 33000혼4김동철박남성  -1 012 2 111 1 2 111  0송재철   55.077우입보50 70 701476.061.040.51645 72557121735 0271614192620252550↘↗입14.136.439.613.76057                   45 64  918   14.70   13.70 4  6  2VNDN54.94991713  .4 2.2 2.6818114-1마방기습마방기습52기 010                            14.7    13.7        .0                       3 4 3 3  1                                            10.93174 2 8 9 2▲  .839.60 -.14     103.014.4226.8740.5418375416.6730.6942.72 2
20260817월 7170011국412 5 64 1혼전 4451흐림다습13 810리플렉트        레이스데시티세븐 8831.00한수 3 0 0 2 1   65      33000국4김동철박남성  -1 111 1 211 5 2 110  0조재로50053.588우입보97 95 958179.064.045.7345313255712173522411614192622252550↗↘입14.039.340.913.7786939.840.2110.4112.5 40 60 1020   14.20   13.30 4  1 -2HH동54.94991713  .2 2.6 2.8828217 0전개최상마방기습 5   0 4 7 7 5 4 3 3③1:50.4½    .114.739.413.7  2  4  .00 3 1 -1  .62147252177 5 5 1 1210 6.03 7.08 1.6 4.2 14.9   70.5  153.8   21.710.53481 2 9 8 2▲ 1.141.60 -.0732.32113.218.1632.4345.7018375422.4537.4445.51 1
20260718토 8170011국522 3 74 2혼전 4451흐림포화18 810리플렉트        레이스데시티세븐 8831.00한수 3 0 0 2 1   53      33000국5김동철박남성  -1 210 7 111 4 2 1 9  0조재로49655.088우추상97 97 979381.070.050.8345313255712173522411614192622252550↗↘입13.939.440.713.6728339.540.8109.5112.0 44 44 1122   13.90   13.20 5 -7 -1HNUP54.94991713 -.2 3.0 2.8828214 3연대우수전개최상 5   0 3 4 4 4 5 4 3③1:49.51¾   .314.239.613.3  1 -3  .00 3 2  0  .4 831402870 6 1 1 12 9 1.08 4.09 2.2 2.6  2.2   21.1   27.7   16.310.54187 3 9 9 3★ 1.741.50 -.1331.90113.124.2040.6150.8419405623.4040.4050.65 1
20260613토 3140011국554 6104 3 3강 3351맑음건조 3 810리플렉트        레이스데시티세븐 8831.00한수 3 0 0 2 1   98      24750국5최봉주박남성  -1 3 9 6 211 3 1 1 8  0조재로49956.088평추상92 91 916586.072.045.23453131350 614 0274117 419262233 067↗↘입13.936.939.513.8575736.937.8 87.5 87.1 38 38 1313   13.40   13.40 6 -1  2LNUP54.54981413  .4 3.2 3.6707014 1연대우수연대우수42기 010 4     3 3 1①1:27.55    -.913.938.113.2 -1  2  .00 1 2 -2  .0 236 5 296 5 9 3 32 8 2.0110.07 3.3 6.6  4.0    6.6   13.0    8.1  .03780 3 9 9 3★ 1.638.60 -.5210.6788.8618.2233.5145.1633536615.9432.8247.62 2
20260503일 4130011국541 5 94 4혼전 4451비  다습10 810리플렉트        레이스데시티세븐 8831.00한수 3 0 0 1 1  107      24750국5최봉주박남성  -1 4 8 5 511 2 1 0 7  0조재로49754.088평추하64 70 707253.061.031.03453131350 614 0274117 4192622 0 099↗↘입14.037.239.113.7718037.138.6 80.9 82.0 29 29 1414   13.80   13.50 5  7 -1VH동54.84991413  .6 2.8 3.4717114 0연대우수연대우수42기 011 2     2 2 1②1:20.9¾    .013.438.213.4 -2  7  .00 2 4  2  .11127261182 6 3 5 31 7 1.04 2.11 2.7 5.2  2.7    9.0   13.9   59.013.23753 0 6 7 0―  .839.60  .28 5.7282.84 9.5319.1930.97143045 7.2218.6531.58 6
20260328토 5130011국553 3 54 5혼전 4451맑음건조 3 810리플렉트        레이스데시티세븐 8831.00한수 3 0 0 9 1  101      24750국5최봉주박남성  -1 5 7 4 411 1 1 0 6  0조재로49055.088평추보72 80 807078.066.040.03453131350 614 0274117 4192622 0 099↗↘입14.137.139.213.8737337.638.8 82.2 82.9 33 33 1717   13.80   14.20 4  2  2HNDN54.84991413  .0 3.2 3.2727214-1선행무리연대우수80기 2 4 6     6 6 5④1:22.21     .413.838.813.5  2 -3  .00 4 2 -1  .73749353366 5 6 3 32 6 5.01 2.03 2.4 3.7  9.8   12.8   36.0   20.312.73788 2 8 7 2▲ 1.239.90  .03 6.5882.8415.6828.4739.9612264019.3934.8748.70 1
20260228토 7140011국511 8 64 6혼전 4451맑음건조 3 810리플렉트        레이스데시티세븐 8831.00한수 3 0 0 9 1   88      24750국5김동철박남성  -1 6 6 3 111 1 1 0 5  0김용근49353.586평추상80 77 775973.067.036.0275114255712173524331614312714 0 099↘↘선14.437.439.613.8265336.739.3 89.3 88.4 20 20  020   13.90   13.50 5 -8  0UHUP54.84991413  .0 3.4 3.4626213 1편성만만거리부담60기 0 2 1     1 1 1④1:29.3코    .013.839.914.2  1 -1  .00 4 3 -1  .4262746298610 9 6 41 1 5.07 6.03 1.9 4.5  9.6  183.8  292.4  263.7  .04181 3 8 8 3▲ 1.438.40 -.6611.3989.2812.4124.8035.9810233513.9326.4036.68 3
20260125일 5130010국522 3 74 7혼전 4451맑음건조 3 810리플렉트        레이스데시티세븐 8831.00한수 3 0 0 2 1   69      24750국5김동철박남성  -1 7 5 2 311 5 1 0 4  0조재로49453.588평추보59 51 514538.053.022.7345313255712173522411614192622 0 099↗↘입14.437.739.413.9426138.138.2 81.9 82.2 25 25  0 0   14.30   13.50 4  1  1VN동56.05041312  .3 3.3 3.5606013 0연대우수최적거리 5기 010 7    10 8 6③1:21.91¾   .313.938.013.5 -1 -8  .00 3 4  1  .417731629681010 9 63 5 3.01 3.09 1.7 2.8  9.8    7.7   29.6   17.0  .03238 0 5 5 0―  .239.20  .01 5.0783.35 6.1113.8822.68 61325 5.6812.7024.83 7
20251227토 6130011국541 2 94 8 1강 1141흐림다습14 810리플렉트        레이스데시티세븐 8831.00한수 2 0 0 9 1   8014:25 24750국5김동철박남성  -1 8 4 1 211 4 1 0 3  0조재로50253.088평추상73 81 816485.059.037.3345313255712173522411614192622 0 099↗↘입14.237.639.413.9466537.838.9 81.7 82.8 33 33  0 0   14.60   13.90 5  1 -3LU동56.05041312 -.3 3.3 3.0676713 0연대우수연대우수72기 0 910     6 4 5⑤1:21.74    1.414.338.513.5  2 -2  .00 5 3  1 1.43962404735 811 2 22 4 1.02 6.02     4.2  1.8    4.2    5.2   14.4  .03748 0 7 5 0―  .839.40 -.31 5.7783.2912.3124.0937.3119395522.3340.3851.43 3
20251122토 2130011국631 7 84 9 1강 1157맑음건조 3 810리플렉트        레이스데시티세븐 8831.00한수 2 0 0 2 1  10911:00 24750국6김동철박남성  -1 9 3 3 111 3 0 0 2  0조재로50456.088평추보39 71 715990.069.060.4345313255712173522411614192622      ↗↘입14.237.639.713.9454837.838.7 82.3 82.5  0  0  0 0   14.20   13.90 5  1  0NNUP       1312  .0 4.0 4.0555512 1일반주행연대우수44기 0 8 9     6 6 3①1:22.3½   -.114.638.813.9 -1 15  .00 1 2 -2  .02360313691 4 7 2 23 3 2.03 8.03     3.2  2.7    4.7    8.2   19.912.03761 2 8 8 2▲ 1.339.30-1.13 5.1783.4822.5244.7160.4219415523.1945.3128.94 1
20251019일 1120012국621 6 7410 1강 1141맑음포화17 810리플렉트        레이스데시티세븐 6225.00한수 2 0 0 2 2  209      24750국6김동철박남성  -110 2 2 211 2 0 0 1  0조재로48956.086하추보53 46 463951.055.019.32341 7267512173522411614192622      →↗입14.437.739.013.9296137.338.8 75.3 76.3  0  0  0 0   14.40   13.80 5  2  1NN동       1212 1.0 4.0 5.0393912 0마방연대최적거리50기 1 7 9     7 6 3③1:15.32½   .414.239.013.9 -1 -7  .00 3 4  0 2.35653515169 7 7 6 73 2 1.05 5.08 1.6 4.0  1.6   10.6   12.1   21.9  .03044 0 5 5 0―  .237.90 -.10 -.4176.45 4.2010.7419.27 51222 4.7610.1610.0211
20250914일 1120011국611 6 6411 1강 1151맑음다습14 810리플렉트        레이스데시티세븐 6225.00한수 2     2 2  295      24750국6김동철박남성  -111 1 1 111 1 0 0 0  0조재로49655.586평무보 5 35 3523  .044.014.52341 7267512173522411614192622      →↗입14.438.139.713.110 137.438.7 75.1 76.2              14.40   13.40 4  0  0LL동       12 0         5.0     0 0일반주행마방연대50기 1 510     9 9 7⑤1:15.1¾   1.414.438.513.8  1  8  .00 5 4  0 1.5515648513911 811 83 1 5.02 9.04 1.7 5.0 11.8   19.0   45.2   10.5  .02329-3 4 5-3▽ -.737.50 -.57-1.6377.06 3.41 7.7114.49 2 714 7.5015.3845.54 5
20260912토 9120011국3 4 3  4 0혼전 4453           9 1금빛천하        퍼지    금빛공주  638.00한수 6 0 0   1    017:25 41250국3박윤규퍼플라인 1 016 1 431 2 2 531  0다실바   55.580평자보50 43 435111.039.015.11350 41450 71720 0 017 9222912603010↗↗선14.037.138.113.45973                   38 45 1438   13.70   13.70 5 -9 -1UNDN53.84811818-2.2 8.4 6.2434314-2숨은복병보통주행60관 0 1                            13.7    13.7        .0                       8 3 9 8  2                                              .01930-1 3 3-1▽ -.638.10  .85     75.61 3.20 8.6015.05 2 510 3.37 8.6014.53 8
20260808토 9140011국412 5 64 1 1강 1151맑음건조 2 9 1금빛천하        퍼지    금빛공주 5140.00한수 6 0 0 1 1  103      41250혼3박윤규퍼플라인 1 115 7 431 1 2 530  0다실바50356.082평자상38 35 352810.042.015.81350 41450 71720 0 017 9222912603010↗↗선14.036.939.113.4594137.239.7 88.6 89.5 38 45 1438   14.00   13.90 5  5  1BLDN53.84811818-1.6 7.2 5.6535314-2작전마주최적거리44관 010 4     5 6 8⑨1:28.6코   1.813.739.113.7  2  0  .05 9 7 -2 2.26754596030 6 6 8102 1 1.02 9.02 1.4 3.8  1.4    3.8    4.8   37.5  .02026-2 3 3-2▽ -.539.10  .4913.5488.59 3.38 8.2215.79 1 4 9 2.19 5.41 9.8410
20260704토 8160010국414 4 64 2 3강 3351흐림건조 4 9 1금빛천하        퍼지    금빛공주 5140.00한수 6 0 0 1 1   73      41250국4박윤규퍼플라인 1 214 61231 1 2 529  0루이스50355.565평자보24 28 281415.048.021.42144101450 71720 0 017 9202715603010↗↘입14.036.439.313.4584536.340.1101.4103.0 36 57 1132   14.20   14.90 6 -1  3NNDN53.84811818-1.6 7.2 5.6535314-2숨은복병작전마주66관 0 5 7   7 9 8 6④1:41.42    1.314.039.513.9 -5  0  .00 4 9 -1 1.65245626241 5 3 9 73 1 1.05 2.08 1.7 5.8  1.7    7.0   10.2   14.9  .02033 0 4 5 0― -.139.30  .4727.29102.9 4.3812.4721.42 31017 5.21 9.2817.23 7
20260523토 9180011국343 5 94 3혼전 4451맑음다습13 9 1금빛천하        퍼지    금빛공주 3134.00한수 6 0 0 2 1  112      41250국3박윤규퍼플라인 1 313 5 631 1 2 528  0권중석50353.065평자상53 57 57 111.037.011.61341 61450 71720 7 017 9191818603010↘→선14.039.940.613.4632539.341.5121.2120.6 33 63  741   14.50   14.3010  1 -3NH동53.84811818-2.2 7.0 4.8626214 0일반주행휴양탐색27관 0 6 3 4 4 8 8 9⑨2:01.22    1.714.242.514.9 -1 12  .00 910  0 2.37816745036 4 6 5100 1 1.08 4.02 2.9 6.2  2.9   50.4   62.9  726.5  .01520-2 2 2-2▽-1.041.20  .2940.07118.7 1.88 5.6311.57 1 4 8 3.45 8.7914.7410
20260315일 9180011국352 9104 4혼전 4451맑음양호 6 9 1금빛천하        퍼지    금빛공주 3134.00한수 6 0 0 2 1  188      41250국3박윤규퍼플라인 1 412 4 531 1 2 527  0코지  49156.086평자보20 21 211937.057.028.23358201450 7172016 017 9233019603010↗↘입14.039.840.513.4673340.041.2118.5118.0 35 62 1242   14.70   13.50 6 -3  3NL동53.84811812-1.0 5.6 4.6555514 0숨은복병거리속성84기 0 5 7 7 7 8 8 8⑤1:58.5머리  .214.541.714.3 -5 -6  .00 510  3 1.22044686279 3 611 53 111.07 9.02 3.5 7.4 41.7  251.3  510.6  268.712.73055 2 6 7 2―  .641.00 -.0137.72118.7 9.9118.7928.20 41118 6.2013.5520.69 8
20260131토 9180011국333 3 84 5혼전 4451맑음건조 2 9 1금빛천하        퍼지    금빛공주 3134.00한수 6 0 0 9 1  107      41250국3박윤규퍼플라인 1 511 3 431 1 2 526  0우인철49753.068평자보45 34 34 912.041.017.12049101450 71720 0 017 9112822603010→↘입14.039.740.413.3724140.541.1120.1120.2 40 56 1248   14.40   13.50 6  4 -5LH동53.84811812 -.8 4.8 4.0585814 0일반주행거리속성 5관 1 8 6 6 7 8 8 8⑦2:00.12½  1.714.741.113.5  0  3  .00 7 7  1 2.27861687234 4 7 7 70 1 1.05 3.06 2.0 4.1  2.0    9.2   12.6   10.2  .01529 0 3 3 0― -.741.40  .3040.12118.6 4.72 9.8917.10 41118 1.89 6.7013.25 7
20251221일 9180011국342 4 94 6혼전 4451맑음다습13 9 1금빛천하        퍼지    금빛공주 3134.00한수 5 0 0 2 1  10917:00 41250국3박윤규퍼플라인 1 610 2 331 3 2 525  0임기원49457.590평자상45 66 662851.058.032.21939 91450 7172013 017 9233316603010↘↗입14.039.840.613.3682740.139.7117.4118.9 42 54 1350   13.90   13.80 5  2  5HBUP53.84811812 -.6 4.6 4.0636314 2작전마주거리속성67관 1 4 4 4 4 5 6 5⑥1:57.41½  1.414.439.813.5  0 -5  .00 6 6  3 1.54343322538 4 6 6 52 3 1.08 5.06     4.2  2.2   44.3   56.5  234.7  .02157 1 6 5 1―  .641.10 -.1338.45118.710.5620.7532.17 81728 8.6217.5125.23 6
20251116일 9160010국331 3 34 7 1강 1159맑음건조 3 9 1금빛천하        퍼지    금빛공주 5140.00한수 5 0 0 2 1  113      41250국3박윤규퍼플라인 1 7 9 11131 2 1 524  0임기원49953.089평자상21 54 541465.056.044.81939 91450 7172013 017 9233316672211↘↗입13.936.339.413.3674536.239.2101.8102.0 30 65  939   14.00   14.00 4 -7 -1HHDN53.94791812 -.6 4.8 4.2616114-2일반주행작전마주78관 0 2 2   2 3 3 2①1:41.8½   -.113.939.313.8 -2  0  .00 1 3 -6  .02032413192 4 5 2 22 2 3.01 2.08 2.0 3.0  5.4    5.4   13.3    4.0  .02132 0 6 7 0―  .739.40 -.1026.25102.914.0630.3444.7819395514.8629.6845.12 2
20251019일11180011국452 5104 8 1강 1149맑음포화16 9 1금빛천하        퍼지    금빛공주 3134.00한수 5 0 0 2 1  199      41250혼3박윤규퍼플라인 1 8 8 6 231 1 1 523  0임기원49954.090평자하36 25 252417.046.021.21939 91450 7172013 017 9233316751313↘↗입14.039.940.413.2604138.741.3118.3120.6 32 68  541   14.40   13.50 5  3  0BHUP53.94771812  .0 3.8 3.8616114 2연대우수거리속성50관 1 9 1 1 1 3 2 3⑤1:58.3½    .214.040.414.0 -4  3  .00 5 9  6  .481 5723174 6 3 9 82 1 1.0410.05 4.2 9.2  4.2   14.0   26.4   18.0  .03244-1 4 3-1▽ -.141.20  .1540.26118.7 4.5312.8121.18 2 510 4.11 8.3815.06 9
20250914일 71600 8국330 2 84 9 1강 1153맑음다습13 9 1금빛천하        퍼지    금빛공주 5140.00한수 5 0 0 2 2  28915:15 41250국3박윤규퍼플라인 1 9 7 51031 2 1 522  0마이아49654.093우자하56 57 571475.060.042.63963 5 938 31720392917 93533 8751313→↘선13.936.639.213.2525736.139.0100.4102.9 33 71  543   14.30   13.60 4  2  1NNDN53.94771812  .0 3.6 3.6676714-2연대우수연대우수68기 0 6 7   7 6 6 4④1:40.45    1.414.438.413.5  1  1  .00 4 3  0 1.45027372336 5 3 2 42 2 2.05 7.08     4.1  2.9   19.1   29.9   43.7  .03755 1 7 8 1▲  .739.20 -.1027.05102.911.6727.5442.6412264015.6033.8551.94 3
20250817일10180011국353 310410 1강 1151맑음양호 7 9 1금빛천하        퍼지    금빛공주 3134.00한수 5 0 0 2 2  37017:30 41250국3박윤규퍼플라인 110 6 4 131 1 1 521  0마이아49553.093우자보76 68 687566.060.047.03963 5 938 31720392917 93533 8751313→↘선13.940.140.013.2466140.040.4118.5119.5 35 75  545   14.00   13.30 4 -4  0HHUP53.94771812 -.6 3.8 3.2757514 2숨은복병연대우수81관 1 4 2 4 4 6 6 5④1:58.56    1.114.340.213.6  1-10  .00 4 3 -2 1.35839504047 7 1 4 22 1 4.0210.05     7.7  7.2   11.7   34.5   22.2  .03790 1 6 6 1―  .740.90 -.3839.37118.614.5731.4246.9718375412.7324.8839.87 4
20250720일 8160010국314 4 6411 1강 1151맑음포화17 9 1금빛천하        퍼지    금빛공주 5140.00한수 5 0 0 2 3  43816:05 41250국3박윤규퍼플라인 111 5 3 931 3 1 520  0김용근50553.087우자상90 88 881483.056.039.01727111525 51720333117 9312714751313↘↗선13.936.738.713.2447636.938.6101.2101.9 37 74  547   13.90   13.60 6  2  1LN동53.94771712 -.4 3.4 3.0747414 0작전마주작전마주48관 1 8 4   4 5 5 5⑥1:41.22     .614.038.013.3  1 12  .00 6 5  1 1.51877233362 5 1 2 32 3 1.09 2.10     4.0  1.6   22.5   27.4   30.512.03047 2 7 7 2―  .738.70  .1826.45102.711.1925.5638.9714304519.4439.8137.25 2
20250608일 81600 9국342 3 4412 1강 1151맑음건조 3 9 1금빛천하        퍼지    금빛공주 5140.00한수 5 0 0 2 3  55617:00 41250국3박윤규퍼플라인 112 4 2 831 2 1 419  0김용근49352.087우자보47 73 731473.055.043.51727111525 51720333117 931271486 014↘↗선13.936.738.813.1457636.438.7101.3101.3 33 72  650   13.70   14.40 5 -1  0NU동54.14741712-1.4 4.4 3.0747414 0마방승부작전마주44관 0 6 4   4 3 3 2②1:41.31     .013.938.813.6 -2 -5  .00 2 4  0  .2 643262080 6 1 3 42 2 3.04 7.06     3.5  7.1   16.3   38.9    9.612.03058 2 7 6 2―  .738.80  .0225.78102.813.3229.0843.50 8173217.0034.7448.56 3
20250504일 7160010국342 3 9413혼전 4451맑음다습14 9 1금빛천하        퍼지    금빛공주 5140.00한수 5 0 0 1 4  66115:15 41250국3박윤규퍼플라인 113 3 1 731 1 1 418  0김용근49852.087우자보90 80 801477.063.059.72756 72771191720333117 931271483 017↗↘선13.836.938.813.1337635.541.3101.2103.4 35 76  053   14.00   12.90 4  4 -6NU동54.54701712-1.2 4.6 3.4737314 0주행고전마방승부 1기 1 7 2   2 2 2 2③1:41.2¾    .213.740.714.4 -1 11  .00 3 4  2  .367 6867473 6 1 2 11 1 5.01 1.09     6.4 12.7   29.6   71.7   33.7  .04589 3 9 9 3★ 1.338.80 -.4527.73102.925.0145.2459.7219405621.1836.4651.43 1
20250405토 8160010국450 410414 1강 1161비  포화17 9 1금빛천하        퍼지    금빛공주 5140.00한수 5 0 0 1 4  75418:55 33000국4박윤규퍼플라인 114 2 7 631 2 1 417  0해리카48758.073우자상84 90 901488.066.055.01825 82771191720183117 917261283 017↗↘입13.837.038.813.1257636.638.1100.2101.6 38 75  050   14.20   13.40 4 -4  0HL동54.54701712-1.4 4.8 3.4767614 0승군시기작전마주 1기 0 3 4   4 3 4 3③1:40.23     .514.037.812.9  1  4  .00 3 2 -2  .61159141364 7 1 1 22 2 6.0410.02     7.5  7.1   28.8   62.2   34.8  .04576 3 8 9 3▲ 1.438.80 -.3825.78102.921.5940.9455.0318375427.7850.0065.22 1
20250309일 7160010국412 4 1415 1강 1151맑음양호 8 9 1금빛천하        퍼지    금빛공주 5140.00한수 5 0 0 2 5  82915:15 33000국4박윤규퍼플라인 115 1 6 531 1 1 316  0해리카48358.071우자하65 70 701461.051.032.71344 71133 61720183117 917261283 017↘↗입13.837.138.813.1197636.238.9101.7102.0 33 73  053   14.40   13.60 2  2  4NBUP54.54701712 -.8 4.4 3.6717114 4편성탐색승군시기 1기 0 7 7   7 6 5 3②1:41.76     .014.238.713.4 -2  6  .00 2 4  1 1.02334322280 9 3 3 33 1 1.04 1.07     2.8  1.5    9.4   12.3    9.1  .02972 0 6 5 0―  .238.80  .1026.14103.010.4621.5332.70143045 8.5724.0034.38 3
20260912토 9120011국3 4 3  3 0혼전 4453           9 2런와일드        컬러즈플초산     2624.00한거 5 0 0   1    017:25 41250국3이관호손병현   1 016 21517 1 3 417  0장추열   53.593평자보50 55 555634.058.032.4295013213910203923322321202722204030↘↗입13.937.238.213.74873                   50 64 2136   13.50   13.20 3 -8  0HU동55.64821412 -.8 7.2 6.4585814 0마방연대연대우수38관 0 2                            13.5    13.2        .0                      10 5 5 6 12                                              .03786 0 5 6 0―  .738.20  .25     75.72 9.5021.4332.39 71829 6.7416.1325.95 7
20260822토10120011국314 4 63 1 3강 3351흐림불량20 9 2런와일드        컬러즈플초산     2624.00한거 5 0 0 2 1   51      41250국3이관호손병현   1 115 11417 1 3 416  0정정희49653.581평자상71 61 614946.053.025.22044 9213910203915292321202515223333→↗입13.937.238.213.7437336.838.7 73.4 75.1 54 62 2338   13.70   13.90 5  5  0BUDN55.84811412 -.8 6.8 6.0585814-2숨은복병마방연대60관 010 3     3 4 5⑥1:13.4¾    .613.537.613.2  0  8  .00 6 6 -1  .61930473262 9 4 3 62 5 1.0211.04 2.0 6.3  2.0    8.0   10.3   19.7  .02365 0 6 7 0―  .138.10  .45 -.3075.72 6.2815.3825.16102135 7.5513.9325.17 6
20260719일10140010국452 7103 2혼전 4451맑음다습14 9 2런와일드        컬러즈플초산     4333.00한거 5 0 0 2 1   72      41250국4이관호손병현   1 214 6 21711 3 415  0장추열48853.593우자보36 47 475645.059.033.6295013213910203923322321202722223333↘↗입13.936.839.313.6634137.439.0 87.8 88.3 58 50 1742   14.00   13.20 8 -3 -1NUUP55.84811412-1.4 6.6 5.2666612 2작전마주보통주행 5   0 5 4     4 4 4⑤1:27.82     .813.738.813.9 -2  1  .00 5 7 -1 1.42566324060 6 8 8 4211 3.0110.06 3.5 6.6  4.5    6.7   14.4   21.3  .02454 1 6 7 1―  .839.00 -.0512.2388.6610.2521.0533.56 82134 8.3316.4324.55 6
20260523토10120010국444 3 43 3 3강 3351맑음다습13 9 2런와일드        컬러즈플초산     2624.00한거 5 0 1 2 1  151      41250국4이관호손병현   1 313 5131710 3 414  1장추열48754.093우자보44 60 607350.058.028.2295013213910203923322321202722223333↘↗입13.936.938.213.6687637.538.8 74.6 76.4 64 55 1845   13.70   13.80 6  4 -1BU동55.84811412-1.4 5.6 4.2737312 0마방기습작전마주34관 0 8 8     6 6 5⑦1:14.61½  1.014.037.813.2 -1  3  .00 7 8 -1 1.45764475549 7 4 6 5210 4.02 6.02 2.3 3.4  7.7   13.5   31.8   22.5  .03160 0 6 7 0―  .538.80  .53 1.2575.56 8.4818.0028.23102135 9.0920.0828.18 5
20260412일10120011국454 3103 4혼전 4451맑음다습11 9 2런와일드        컬러즈플초산     2624.00한거 5 0 1 2 1  103      41250국4이관호손병현   1 412 41217 9 3 413  1장추열48455.093우자보71 83 838659.064.027.9295013213910203923322321202722223333↘↗입13.936.838.213.6777336.839.4 74.4 76.6 70 70 1060   14.40   13.00 6 -4  0HH동55.84811412-1.2 4.2 3.0808012 0연대우수마방기습40관 0 4 5     5 4 6⑧1:14.4½   1.013.738.413.8 -1 -5  .00 8 9  3 1.16629705750 6 4 5 60 9 3.01 8.02 2.4 7.0  7.5    9.9   22.3   13.1  .03275 0 7 8 0▲  .838.90  .59 1.5675.50 8.0916.7727.91 51222 7.8717.5825.86 6
20260301일10120010국414 3 13 5 1강 1151맑음건조 3 9 2런와일드        컬러즈플초산     2624.00한거 5 0 1 1 1  116      41250국4이관호손병현   1 511 31117 8 3 412  1장추열48955.093강자보70 83 837286.064.031.6295013213910203923322321202722253838↘↗입13.936.738.313.7856538.037.6 74.5 76.0 78 78 2244   13.70   13.60 8  6 -1BH동55.94801412-1.2 3.2 2.0868612 0전개최상연대우수62관 0 8 9     8 8 9⑥1:14.5½    .414.436.913.0  0  1  .00 6 6  2  .64785113468 5 5 2 40 8 3.02 2.05 1.3 3.2  9.3   23.1   49.2  392.8  .03768 0 8 9 0▲  .938.80  .47 1.0075.50 8.9720.8731.6412264014.8629.7637.27 2
20260103토10120010국433 6 83 6 2강 2251흐림다습13 9 2런와일드        컬러즈플초산     2624.00한거 5 0 1 1 1  138      41250국4이관호손병현   1 610 21017 7 3 411  1장추열48855.593강자하92 87 879489.069.060.9295013213910203923322321202722292943↘↗입13.836.838.113.6828037.138.8 74.6 76.2 88 88 2550   13.70   13.50 5  0  1HN동56.04791412-1.8 3.4 1.6919112 0연대우수전개최상 5관 0 2 4     4 4 5④1:14.63     .713.738.413.6  0  0  .00 4 4  1  .85743504463 5 1 2 22 7 1.03 4.06 2.0 4.9  2.0    6.6   10.1    8.2  .04995 4 9 9 4☆ 1.838.80 -.30 1.3275.4525.4246.8660.9319405621.3838.3151.64 2
20251129토 9120011국354 1103 7혼전 4451흐림다습10 9 2런와일드        컬러즈플초산     2624.00한거 4 0 1 9 1  10217:00 41250국3이관호손병현   1 7 9 1 917 6 3 410  1장추열48855.093강자하96 99 998681.065.038.7295013213910203923322321202722292943↘↗입13.936.938.013.5698536.937.8 73.3 75.5 88 75 2563   13.50   13.50 8 -7 -3HH동56.04791412 -.8 2.4 1.6909012 0승부최상연대우수49관 0 2 5     5 4 4⑧1:13.3¾   1.013.737.413.5  5  5  .02 8 3 -3 1.0283116 950 9 2 1 30 6 2.07 7.11     6.5  3.7   29.7   46.4  182.210.53790 3 9 9 3★ 1.238.50  .33  .6075.4516.0427.9238.7312264017.0531.6242.16 2
20251004토 7120011국454 5103 8혼전 4451맑음다습10 9 2런와일드        컬러즈플초산     2624.00한거 4 0 1 1 2  225      33000국4이관호손병현   1 8 8 5 817 5 2 4 9  1장추열48358.093강자하61 72 727973.070.053.7335017215016203923322321202722331750↗↘입13.936.938.213.6757336.937.8 74.3 74.8 86 71 2957   13.90   13.70 6  3  0BL동55.74781412  .2 2.2 2.4848412 0인기탐색승부최상23관 0 9 4     4 4 2①1:14.34    -.713.538.213.5 -5  5  .00 1 6  3  .0103017 996 7 4 5 12 5 6.02 9.08 3.0 7.2 12.0   15.4   42.3  174.610.64493 4 9 9 4☆ 1.738.30 -.22 -.2975.5625.3742.2553.6933536614.0527.0537.09 3
20250824일 9120011국412 1 63 9혼전 4451맑음건조 4 9 2런와일드        컬러즈플초산     2624.00한거 4 0 1 2 2  350      33000국4이관호손병현   1 9 7 4 717 4 2 4 8  1장추열47858.093강자하97 97 977577.066.037.7335017215016203923322321202722331750↗↘입13.937.038.113.6738037.538.3 74.4 76.6 86 71 2957   13.80   13.20 6 -3  2NB동55.74781412  .2 2.2 2.4848412 0연대우수마방선전32관 0 6 5     6 6 7⑧1:14.4머리 1.113.937.913.7  5  0  .05 8 3  0 1.96663334145 8 3 2 32 4 4.01 1.02 1.8 5.9  8.8    5.9   19.1    9.910.53277 2 8 9 2▲ 1.238.70  .24 1.5075.5614.3126.4637.7312264015.5228.3341.98 3
20250712토 6120010국434 2 8310 1강 1151맑음건조 5 9 2런와일드        컬러즈플초산     2624.00한거 4     2 3  46915:35 33000국4이관호손병현   110 6 3 617 3 2 3 0  0장추열47856.593강추하91 95 958492.065.051.93048 415261220392332232120272240 060↘↗입13.936.938.313.7796937.137.1 74.0 74.6 83 67 3350   14.40   13.30 7  5  1BN동55.54781412  .3 2.5 2.8818112 0트립손실연대우수34관 0 9 5     3 3 2②1:14.0¾    .013.837.613.2 -1 -5  .00 2 3  1  .1 638 3 279 5 3 2 22 3 2.03 6.09     5.3  3.4    7.4   14.3   46.712.03781 2 8 8 2▲ 1.138.20 -.21 -.6375.6118.9135.7651.9013294626.9849.1266.02 2
20250525일 6120011국424 3 7311혼전 4451맑음양호 8 9 2런와일드        컬러즈플초산     2624.00한거 4 0 1 2 3  59914:25 33000국4이관호손병현   111 5 2 517 2 2 3 6  1장추열48356.093우추보80 92 928784.068.047.03048 415261220392332232120272240 060↘↗입13.936.838.313.7856538.438.5 75.8 77.2 83 67 3350   14.20   15.00 5  1  1VNDN55.54781412 1.3 1.7 3.0797912-2승부최상승부최상45기 0 411    1110 8⑧1:15.82    2.315.338.013.6  6  3  .09 8 2  0 2.67892407318 6 2 1 10 2 3.04 5.02     3.9  7.9   23.7   52.4  307.110.54493 3 9 9 3★ 1.539.10 -.01 2.0675.5619.7636.2546.9633536622.7738.1050.30 1
20250419토 7140011국443 8 9312혼전 4451비  양호 9 9 2런와일드        컬러즈플초산     4333.00한거 4 0 1 2 4  71316:05 33000국4이관호손병현   112 4 1 117 1 2 2 5  1장추열48055.593우자보93 97 978288.066.044.34369 52152 620392332232120272250 050↗↘입13.936.739.213.3765336.340.6 89.1 88.7 80 80 2060   14.40   12.50 6  1 -1HHUP55.54771412 2.0 2.0 4.0717112 2전개최상승부최상 1관 0 310     9 7 2②1:29.12½   .014.240.815.0  0 -1  .00 2 2  1  .439 9826284 3 4 1 23 1 3.02 7.03     4.6  6.2    9.0   22.2   73.210.54498 4 9 9 4☆ 1.439.20 -.1912.8488.5218.7833.7144.3412264024.0040.6553.13 1
20250309일 5120011국513 3 6313 1강 1159맑음다습10 9 2런와일드        컬러즈플초산     2624.00한거 4     2 5  83113:35 24750국5이관호손병현   113 3 2 417 2 1 2 0  0정정희48156.575강선상95 96 969592.067.073.41345 627631420391529232120251567 033↗↗입13.936.838.713.8837337.536.2 74.4 73.5 75 75 2550   14.40   13.7032  1  2HN동55.24761312  .0 2.0 2.0858512 0전개최상전개최상 1기 1 210     6 8 1①1:14.47   -1.314.436.912.5  0  2  .00 1 1 -4  .0 160 1 194 3 6 1 13 4 1.06 2.11     6.3  1.5   13.2   17.1   62.7  .04793 3 9 9 3★ 1.638.00 -.98-2.0175.7835.5460.3173.3638607143.5972.2663.55 1
20240728일 71200 9국553 6 5314혼전 4454맑음다습12 9 2런와일드        컬러즈플초산     2624.00한수 3 0 1 9 8 146113:55 24750국5이관호손병현   114 2 1 317 1 1 1 3  1정정희47954.585강선보99 35 3596  .068.051.828501525751520391529232120251599 0 0↘→입13.936.938.613.9826537.337.9 74.9 75.2 67 67 3333   13.90   13.80 6 -4 -2UU동55.54751312         1.0    12 0승부최상전개최상 1기 0 1 8     8 7 2②1:14.94     .014.437.813.7 -3  7  .00 2 5  4  .61954182084 2 5 9 23 3 1.05 5.01     3.6  2.4    9.3   12.9   18.0  .04196 3 8 9 3▲ 1.438.40 -.38 -.2975.7821.0639.4351.7518375414.4626.8399.00 2
20240616일 1120011국640 8 4315 1강 1159맑음건조 5 9 2런와일드        컬러즈플초산     2624.00한수 3     2 8 158410:35 16500국6이관호손병현   115 1 3 217 1 0 1 0  0빅투아47256.084평입하52 35 3569  .071.099.0285415257515203916 0232122281899 0 0↗↘선14.037.039.313.9682536.737.8 76.2 74.2 50 50 50 0   13.80   13.6021  3  0NVDN55.04771312         6.0    12-1숨은탄력승부최상 1기 1 5 3     2 2 2①1:16.21¾  -.313.938.813.8  0 -3  .00 1 1 -1  .0 32015 595 7 611 11 1 1.04 5.03     3.5  2.2    7.6   10.5    9.1  .06494 4 8 9 4▲ 1.938.00-2.00-2.0976.2351.1584.7699.0037577012.2423.7839.81 2
20260912토 9120011국4 4 3  4 0혼전 4453           9 3로열베스트      한센    로열스텝 7925.00한수 5 0 0   1    017:25 41250국3박재우박민지   2 016 11231 2 3 431  0임기원   51.088우입보50 65 658452.057.034.11939 92045 92312261722152333168813 0↘↗입13.736.938.113.56683                   36 59 2323   13.60   13.30 3  2 -7HUDN55.14861812 -.4 4.2 3.8747414-2전개최상작전마주39기 0 3                            13.6    13.3        .0                       4 1 2 3  2                                              .03473 1 7 7 1△  .838.10  .42     75.5010.9421.8234.14 3112014.6126.8837.37 3
20260822토 71400 9국542 3 94 1 1강 1151흐림불량20 9 3로열베스트      한센    로열스텝 5730.00한수 5 0 0 2 1   54      33000혼4박재우박민지   2 11527 931 1 3 430  0임기원48657.589우선하78 80 809781.067.063.91939 92045 92312261722152333168813 0↘↗입13.636.539.113.5785337.538.4 86.1 88.3 38 57 2419   13.40   14.70 5 -6  0UL동55.14861812-1.6 4.8 3.2777714 0연대우수전개최상74기 1 1 3     4 4 4⑤1:26.11     .413.637.413.3  2  0  .00 5 3  1  .52571142368 1 2 3 12 1 4.02 6.03 3.7 5.5  4.2    7.7   16.8   44.712.04188 2 8 8 2▲ 1.539.30 -.5212.7088.3228.0650.2463.8938607123.4043.2457.14 2
20260719일 8140011국543 7 94 2혼전 4451맑음다습14 9 3로열베스트      한센    로열스텝 5730.00한수 5 0 0 2 1   74      33000국5박재우박민지   2 21426 831 3 3 429  0마이아48657.593우선상86 88 888279.070.047.93452152045 9231245 022153533 88813 0↘↗선13.736.739.113.5655336.340.9 88.0 88.9 43 62 1919   13.50   13.80 5  4  3NB동55.14861812 -.8 5.4 4.6646414 0전개최상연대우수 5   0 7 2     2 2 4⑦1:28.02½   .813.440.614.7  5-11  .04 7 2 -1 1.04510846759 4 1 3 11 3 4.05 2.05 3.4 7.2  5.1   17.4   40.8  113.410.53770 1 9 8 1▲ 1.339.20 -.2313.0888.4518.2234.8847.9233536622.4536.8946.52 1
20260613토 51400 8국532 4 84 3 2강 2251맑음건조 3 9 3로열베스트      한센    로열스텝 5730.00한수 5 0 0 2 1   96      33000국5박재우박민지   2 31325 731 2 2 428  0마이아49754.593우선상87 89 899494.074.065.63452152045 9231245 022153533 88614 0↘↗선13.736.739.213.5644536.239.3 86.9 87.7 35 60 2020   13.70   13.20 6 -7 -2HH동55.14841812 -.8 5.4 4.6646414 0승부최상전개최상47기 0 3 1     1 1 1①1:26.92½  -.413.539.213.8 -2 -9  .00 1 3  0  .0 7 5451092 2 4 3 21 2 3.01 3.01 2.4 4.9  4.5    6.2   11.8   16.7  .04496 4 9 9 4☆ 2.038.90 -.7711.7788.5228.7852.3265.6038587034.1761.2679.32 1
20260503일 3140011국533 8 34 4 2강 2241비  다습10 9 3로열베스트      한센    로열스텝 5730.00한수 5 0 0 1 1  108      24750국5박재우박민지   2 41224 631 1 1 427  0마이아50656.593평선상65 68 686988.074.067.63452152045 9231245 022153533 88317 0↘↗선13.736.839.413.6563736.638.3 86.7 87.3 37 58 3216   14.20   13.50 5  6 -1BN동54.94811812-1.0 6.6 5.6565612 0일반주행승부최상47기 010 1     2 2 1①1:26.72    -.413.737.813.2 -2 11  .00 1 3 -3  .0 32311 394 2 6 4 11 1 3.0110.08 2.2 2.8  5.9    6.1   15.5   20.0  .04493 2 9 9 2▲ 1.838.80-1.0011.1088.7332.3254.5167.5738587029.1352.3670.14 2
20260328토 4140011국553 6104 5 1강 1151맑음건조 3 9 3로열베스트      한센    로열스텝 5730.00한수 5 0 0 9 1  102      24750국5박재우박민지   2 51123 531 1 1 426  0루이스49557.065평선하30 32 325412.040.013.12144102045 9231221 022152027158317 0↗↘입13.636.739.613.6692737.338.7 88.6 88.5 33 50 3911   13.80   14.70 2  0  0VL동54.94811812-1.2 6.6 5.4565612 0작전마주부중편성77기 1 4 5     3 4 4④1:28.6목    .214.238.813.5 -2-13  .00 4 6  0 1.02960232775 5 610102 1 3.0711.01 3.1 7.9  4.7   25.6   36.7   21.5  .02027-2 3 3-2▽ -.839.10  .3912.1888.80 3.10 6.7613.09 1 2 6 1.59 5.6911.80 8
20260314토 6140011국553 9104 6혼전 4451맑음양호 7 9 3로열베스트      한센    로열스텝 5730.00한수 5 0 0 2 1   37      24750국5박재우박민지   2 61022 431 3 1 425  0조상범50857.057우선상88 89 898068.056.026.3 926 62045 92312141622151322168317 0↗→입13.636.639.413.5723736.640.6 91.0 89.5 35 59 3512   13.90   12.70 5  3  2VL동54.94811812-1.6 5.8 4.2676714 0부중효과작전마주42기 0 4 3     4 4 6⑧1:31.02    1.613.841.414.7  2  9  .00 8 6  0 2.86320827037 4 2 1 50 3 3.02 2.10 2.9 7.9  5.8   12.7   25.5   80.210.52764 0 7 6 0―  .439.40  .2313.4888.59 7.2216.4926.29 8172812.6323.5332.61 4
20260208일 4140011국511 7 64 7혼전 4451맑음건조 2 9 3로열베스트      한센    로열스텝 5730.00한수 5 0 0 2 1   80      24750국5박재우박민지   2 7 921 331 2 1 324  0조상범49955.057평선보23 26 267433.049.032.8 926 62045 92312141622151322168020 0↗→입13.636.639.913.5762536.838.0 86.4 86.7 31 50 38 6   14.00   14.00 4 -1 -1UHUP54.94771812 -.2 5.4 5.2525214 2전개최상부중효과46기 0 1 1     1 1 1②1:26.4½    .013.937.412.7 -4 -1  .00 2 6  0  .1 131 8 390 2 8 6 41 2 2.06 3.01 1.9 5.0  5.7   19.6   38.2   16.9  .03469 0 5 5 0―  .038.80 -.2710.1788.93 9.9721.6632.75 81728 7.5822.2231.12 4
20260111일 5120011국534 8 84 8 1강 1151맑음양호 6 9 3로열베스트      한센    로열스텝 7925.00한수 5 0 0 2 1   69      24750국5박재우박민지   2 8 8201131 1 1 323  0조상범50056.058평선하48 51 519129.051.026.9 926 62045 92312141622151322168020 0↗→입13.636.738.913.5854538.139.1 77.9 77.0 33 60 13 7   13.90   13.10 8 -9  1HN동54.94771813-1.2 5.6 4.4535314 0가격혈통전개최상46기 0 210    101010⑧1:17.92    1.714.039.514.0  2  8  .00 8 6  3 1.97888608031 1 6 7 40 110.05 8.06 1.8 4.8 57.2  283.3  716.3  310.3  .04158 1 5 5 1―  .439.20  .28 1.4175.84 7.0016.3226.89 71829 2.9713.3319.69 5
20251116일 5120011국523 6 74 9 1강 1151맑음건조 3 9 3로열베스트      한센    로열스텝 7925.00한수 4 0 0 2 1  16013:35 24750국5박재우박민지   2 9 7191031 1 1 322  0김태희49255.562평선하52 53 538233.048.027.51248 62045 92312 8 022151524168020 0↘→입13.636.739.113.5843338.538.0 77.0 76.5 33 60 20 7   13.90   13.10 8  2  2VNDN54.94771813 -.2 4.6 4.4464614-1일반주행가격혈통59기 011 7    101111⑨1:17.01½  1.213.938.813.1  6 10  .09 9 3 -6 1.76493236344 3 9 4 50 1 7.01 3.08     3.6 17.6   11.8   45.6  113.1  .01856 0 4 4 0― -.139.00  .14  .7475.95 6.4117.0527.50 81728 5.3817.1127.37 5
20250921일 4130011국553 610410혼전 4451맑음다습14 9 3로열베스트      한센    로열스텝 5730.00한수 4 0 0 2 2  271      24750국5박재우박민지   210 618 931 1 1 321  0김성현48254.062평선하18 18 185621.042.014.8 820 61660 52312 0 022151623198020 0→↗입13.636.739.613.6923337.938.7 82.0 83.1 36 64 29 7   14.00   14.60 5  4 -3BH동54.94771812  .8 3.8 4.6434314 0일반주행마번불리27기 0 9 5     8 9 8⑥1:22.02½   .813.938.313.1 -3  6  .00 6 9  4 1.24564303854 1 810103 1 3.06 3.08 2.6 5.4  6.1   25.4   42.0   56.5  .01538 0 4 4 0― -.640.40  .72 6.7882.84 3.11 8.3214.80 1 4 8 3.45 9.5718.43 9
20250817일 4130010국534 7 3411혼전 4451맑음양호 8 9 3로열베스트      한센    로열스텝 5730.00한수 4 0 0 2 2  376      24750국5박재우박민지   211 517 831 2 1 320  0장추열47656.593평선보10 10 108154.059.036.23350171660 52312333122152027228020 0↗↘입13.636.839.513.6904137.540.7 84.3 84.6 36 64 29 7   13.70   14.60 6  0 -1NN동54.94771812 1.0 3.6 4.6434314 0작전마주부중편성43기 0 5 7     8 910⑨1:24.32½  2.114.040.714.6  4 -3  .09 9 5  2 2.48545868324 1 711 40 2 1.08 2.06 2.0 2.9  2.0   54.6   77.8   33.313.22156 1 6 6 1―  .640.60  .14 8.3482.8414.2825.4636.1910233510.0020.5130.57 6
20250706일 31300 9국551 410412혼전 4451맑음건조 3 9 3로열베스트      한센    로열스텝 5730.00한수 4 0 0 1 3  48311:25 24750국5박재우박민지   212 416 731 1 1 319  0장추열47957.093평선보42 43 438463.060.038.93048 41428 32312333122152027228020 0↘↗입13.636.839.413.6914837.340.8 84.0 84.6 36 64 29 7   14.00   13.70 5 -2  0NLDN54.94771812  .4 3.2 3.6585814-1일반주행작전마주76기 1 5 4     5 6 8⑧1:24.06    2.513.740.614.6  5 -9  .09 8 3  1 2.78437878215 1 6 7 42 1 1.08 6.04     5.4  2.2   28.3   40.0   43.7  .02076 0 6 7 0―  .640.60  .12 8.3682.7814.7526.4538.9010233511.5825.9132.05 3
20250601일 5140011국551 510413혼전 4451맑음건조 3 9 3로열베스트      한센    로열스텝 5730.00한수 4 0 0 1 3  57913:35 24750국5박재우박민지   213 315 231 1 1 318  0해리카48857.075우선보69 71 718573.056.024.21940 91428 3231222 022151726128020 0↘→입13.636.639.813.6743036.939.5 89.0 88.7 36 64 29 7   13.60   14.00 5  4  0NLUP54.94771812 1.2 2.4 3.6666614 1편성만만부중편성45기 0 7 2     3 3 6⑥1:29.02½  1.014.039.413.7  4 -7  .09 6 2 -4 1.43935554450 1 9 3 72 1 4.05 9.05     9.7  7.6   24.2   48.1  151.6  .02984 0 7 7 0―  .439.30  .0412.3488.86 6.1314.3924.24 3101715.4530.0040.06 2
20250427일 6130011국552 110414혼전 4451맑음양호 7 9 3로열베스트      한센    로열스텝 5730.00한수 4 0 0 9 4  68314:25 24750국5박재우박민지   214 214 631 3 1 317  0조한별49557.068우선보75 84 848665.051.020.51957112150102312221322151221188020 0↘→입13.636.739.313.6945737.239.0 82.0 82.8 38 69 31 8   13.80   14.30 5  2  1HLDN54.94771812  .6 2.6 3.2767614-1작전마주작전마주 1기 0 3 3     2 3 2③1:22.01     .213.639.414.0 -3  5  .00 3 6  4 1.43631412670 3 6 1 71 3 2.01 5.07     6.7  4.7    8.3   16.5   24.6  .02047 0 7 5 0―  .040.30  .77 6.8482.65 4.7411.7520.45 41118 9.4819.6631.36 7
20250322토 4140011국512 8 6415 3강 3355맑음건조 5 9 3로열베스트      한센    로열스텝 5730.00한수 4 0 0 2 4  80013:35 24750국5박재우박민지   215 113 131 2 1 216  0조한별49056.068강입보81 83 838183.064.052.11957112150102312221322151221187525 0↘→입13.636.539.613.6823735.840.2 89.5 88.1 33 67 25 8   13.70   13.60 3 -2  0UNUP54.64741812  .2 2.4 2.6838312 2마방선전작전마주 1기 0 1 2     1 1 2②1:29.5코    .013.840.814.3  0 -3  .00 2 2  0  .016 1732787 2 5 1 31 2 1.02 7.01     4.1  1.7    4.1    7.2   35.611.23582 3 8 9 3▲ 1.139.20 -.5211.9688.6619.4536.2452.1012264026.2552.5068.40 1
20260912토 9120011국3 4 3  7 0혼전 4453           9 4골드캐처        카우보이처비아너 6327.00한암 4 0 1   1    017:25 41250국3리카디홍애란   0 014 2 313 5 4 314  1빅투아   55.591강선보50 74 749880.067.052.2315313355512364841433826222818333333→→선13.736.638.314.08880                   91 82 45 0   13.50   13.20 3  0  2HN동54.34651714 -.8 3.0 2.2868617 0전개최상전개최상40기 0 4                            13.5    13.2        .0                       2 6 1 1 11                                              .05495 4 9 9 4☆ 1.738.30 -.05     75.4526.8543.1052.2338607123.6039.7852.94 1
20260822토10120011국314 4 67 1 3강 3351흐림불량20 9 4골드캐처        카우보이처비아너 6327.00한암 4 0 0 2 1   51      41250국3리카디홍애란   0 113 1 213 4 4 213  0빅투아45554.091강도하94 95 959988.067.061.0315313355512364841433826222818382538→→선13.736.638.614.0926936.938.0 72.8 74.5 90 80 50 0   13.70   14.4018  2  0HHDN54.34661714-1.2 3.2 2.0898917-2전개최상전개최상60기 0 4 2     4 3 2②1:12.8머리  .013.536.913.2  0  2  .00 2 2  1  .0 735221479 2 6 1 1210 1.0211.04 2.0 6.3  2.0    8.0   10.3   19.7  .06998 4 9 9 4☆ 1.738.50 -.47 -.7075.6129.6749.1260.9619415528.3049.7565.44 1
20260419일 9140010국452 3107 2혼전 4451맑음건조 3 9 4골드캐처        카우보이처비아너 5732.00한암 4 0 1 2 2  334      41250국4리카디홍애란   0 212 2 713 3 4 211  1빅투아46354.090강자상98 99 999782.069.051.9283818315311364841433826222818382538→→선13.736.339.614.0954836.639.4 88.2 88.1 89 89 5611   13.60   14.00 4 -4 -1UH동54.34661714-1.6 3.4 1.8909013 0전개최상전개최상38기 0 2 1     1 1 1③1:28.2머리  .113.739.514.4  2 -2  .00 3 1 -5  .21821472678 111 1 11 9 2.03 6.01 4.6 8.8  5.1    9.5   23.5   12.610.54998 4 9 9 4☆ 1.739.40 -.4012.2288.5227.5242.7251.9433536616.3831.6742.39 1
20260322일 9140010국354 3107 3 2강 2251맑음건조 5 9 4골드캐처        카우보이처비아너 5732.00한암 4 0 1 2 1   65      41250국3리카디홍애란   0 311 1 613 2 4 210  1빅투아46554.591강자상97 99 999792.066.056.8315313355512364841433826222818292943→→선13.736.339.714.0974136.638.8 88.0 87.8 88 88 63 0   13.40   13.70 6  3 -2NN동54.34671714 -.6 2.4 1.8909017 0승부최상전개최상74기 1 6 1     1 1 1③1:28.0코    .013.638.914.0 -3  4  .00 3 6  3  .01121281188 1 7 1 11 8 2.03 7.01 2.6 5.3  4.6   18.6   38.1   47.2  .04997 4 9 9 4☆ 1.639.40 -.5911.8288.5924.6342.5556.7519405625.1942.7555.59 1
20260208일 8140011국414 7 67 4 3강 3351맑음건조 2 9 4골드캐처        카우보이처비아너 5732.00한암 4 0 1 2 1   97      33000국4리카디홍애란   0 410 2 513 1 3 2 9  1빅투아46156.091강자하59 58 589070.064.045.2315313355512364841433826222818173350→→선13.936.439.614.0934836.239.2 86.9 87.8 86 86 43 0   13.70   15.70 9 -7  1HLDN54.04681714 -.4 2.2 1.8909013-3전개최상승부최상48기 0 3 1     1 1 1①1:26.93    -.513.438.513.7 -2  2  .00 1 3  0  .011 7431196 3 7 5 21 7 3.06 3.01 1.4 3.7  9.9  122.2  240.4   80.111.25096 3 8 9 3▲ 1.239.30 -.2711.8388.5919.8834.6445.2319415515.3827.8640.51 3
20251206토 8170011국451 4107 5 3강 3351흐림양호 9 9 4골드캐처        카우보이처비아너 5732.00한암 3 0 1 1 1  186      33000국4리카디홍애란   0 5 9 1 213 1 3 2 8  1정정희45955.581강자보95 98 989584.064.045.22044 9355512364829153826202515173350→↗입13.839.041.414.0964538.043.3114.3114.8 86 71 57 0   14.00   13.80 3  7  2BN동54.04681714-1.0 2.6 1.6929217 0전개최상전개최상72기 010 1 1 1 1 1 5⑩1:54.33    2.513.743.215.7  7  0  .0610 3  0 3.582 1926217 1 9 2 31 1 2.01 8.07 2.8 5.6  3.6    5.6   11.7   25.412.24195 3 9 9 3★ 1.142.30 -.1634.40113.416.0531.0645.1713294621.9038.6552.72 3
20251115토10170011국551 4 57 6 1강 1151맑음건조 3 9 4골드캐처        카우보이처비아너 5732.00한암 3 0 1 2 1  123      33000혼4리카디홍애란   0 6 8 3 113 1 3 1 7  1빅투아45954.091강추하59 65 659183.068.059.8315313355512364841433826222818 04060→→선13.839.141.614.0883738.740.5111.5112.3 83 67 50 0   13.50   14.60 4 -8 -1HHUP54.04691714 -.8 3.0 2.2858513 3승부최상전개최상48기 0 3 1 1 1 1 1 1②1:51.5½    .014.039.813.8 -1 -2  .00 2 3  2  .113 636 686 2 8 4 11 6 1.0310.03 2.8 4.8  2.8    7.1   13.1    5.7  .04394 3 9 9 3★ 1.541.80 -.6531.57113.627.4647.5359.8237577022.8343.5258.76 1
20251019일10140011국514 4 67 7혼전 4451맑음포화16 9 4골드캐처        카우보이처비아너 5732.00한암 3 1 1 2 1  200      41250혼4리카디홍애란   0 7 7 2 413 1 3 1 6  1마이아46155.093강추보91 95 958082.071.045.0345215355512364850 038263533 8 04060↘↗선13.836.639.914.0713036.540.7 89.3 89.5 83 67 50 0   13.90   14.40 4  3  3VNDN54.04691614-1.0 3.3 2.3858513-2승부최상승부최상68기 011 3     3 3 3④1:29.36    1.613.540.514.6  3 -7  .09 4 1 -2 2.16417837037 5 8 2 12 1 8.04 3.09 2.0 6.5 19.0   55.1  129.0   83.910.56099 4 9 9 4☆ 1.939.40 -.5912.9788.9318.9333.1044.9918375415.9731.4041.82 1
20250921일 6160010국442 4 47 8혼전 4451맑음다습14 9 4골드캐처        카우보이처비아너 5732.00한암 3 0 1 2 2  26914:25 33000국4리카디홍애란   0 8 6 1 113 5 2 1 5  1빅투아46852.090강추보89 97 971480.068.057.5283818315311364841433826222818 02575→→선13.636.640.513.9503334.839.8100.7101.6 80 60 40 0   13.70   13.50 4  6 -3LUUP54.54701614-2.0 4.0 2.0848413 2전개최상승부최상27기 0 8 6   6 5 1 1①1:40.76   -1.013.939.914.4 -2  1  .00 1 3  1  .011 158 996 6 9 2 12 5 3.07 8.01     3.2  5.7   83.7  164.1  333.810.55491 4 9 9 4☆ 1.640.50-1.0224.47103.724.0742.4257.4912264020.7937.0051.17 2
20250824일 4140011국540 6 97 9혼전 4451맑음건조 4 9 4골드캐처        카우보이처비아너 5732.00한암 3 1 1 2 2  35512:45 24750국5리카디홍애란   0 9 5 3 313 4 2 0 4  1빅투아46755.090우추적65 79 799376.068.051.8283818315311364841433826222818 0 099→→선13.636.840.013.9563736.439.1 87.0 87.8 75 50 25 0   13.70   14.60 4  0  0UN동54.34701414-2.5 5.0 2.5787813 0연대우수전개최상45기 0 2 2     4 4 2②1:27.0코    .013.738.413.5  0  9  .00 2 2  1  .01012421482 110 4 22 4 1.02 9.02     4.3  1.9    4.3    6.2   19.1  .05497 4 9 9 4☆ 1.638.90 -.9511.0089.1422.1838.7951.8018375414.9528.4439.05 3
20250726토 3140010국521 7 7710 1강 1151맑음건조 4 9 4골드캐처        카우보이처비아너 5732.00한암 3 1 1 9 3  43212:15 24750국5리카디홍애란   010 4 2 213 3 2 0 3  1빅투아45855.089기추상64 77 776691.072.068.0295317426414364841433826222818 0 099↘→선13.937.340.013.9283735.940.7 88.6 88.6 67 67  0 0   14.30   14.00 3  0  2UN동54.34701412-1.0 5.0 4.0626214 0승부최상연대우수56기 1 2 4     2 2 2③1:28.6목    .013.740.414.6  2 -5  .00 3 1 -1 1.032 2845285 8 8 1 11 3 8.02 5.10     4.7 36.9   78.9  286.4   34.8  .04188 3 9 9 3★ 2.038.50-1.6811.2589.4832.4558.0068.0138607138.0460.6475.27 1
20250706일 2140011국532 6 8711혼전 4451맑음건조 3 9 4골드캐처        카우보이처비아너 5732.00한암 3 1 1 1 3  48411:00 24750국5리카디홍애란   011 3 1 113 2 1 0 2  1빅투아46353.089우추적99 35 3577  .071.053.1295317426414364841433826222818 0 099↘→선13.937.139.914.0464137.138.7 88.9 87.9 50 50  0 0   13.90   13.80 4 -8 -2UUUP55.04741412         1.0    13 1승부최상승부최상70기 0 210     9 7 2①1:28.92½  -.514.339.014.0 -1 -1  .00 1 2 -3  .01349262295 6 811 13 2 2.09 2.08     5.1  4.8   79.0  144.8  583.610.64996 4 9 9 4☆ 1.938.60-1.1010.9289.2824.6841.4253.1238587013.3323.0472.67 2
20250607토 2130010국651 910712 1강 1153흐림건조 3 9 4골드캐처        카우보이처비아너 5732.00한암 3 0 0 2 3  57111:30 16500국6리카디홍애란   012 2 2 113 1 0 0 1  0빅투아46455.089하추보23 35 3546  .073.074.9295317426414364841433826222818 0 099↘→선14.637.940.414.2341937.538.8 82.3 81.8  0  0  0 0   14.60   14.60 8  0  0HUUP55.04841312         4.0    12 1가격혈통승부최상45기 010 7     8 5 1①1:22.3¾   -.213.939.213.8 -4-20  .00 1 5  0  .0 747353192 91010 13 1 5.0310.08     7.2  6.2   21.2   44.6   38.8  .04995 4 9 9 4☆ 1.938.90-2.00 3.4884.1337.3960.1274.8737577015.1925.5896.21 2
20250412토 1120011국640 9 9713 2강 2259비  건조 5 9 4골드캐처        카우보이처비아너 6327.00한암 3     2 4  74013:25 16500국6박병일홍애란   013 1 1 113 1 0 0 0  0김정준48455.073평무보42 35 3543  .032.010.91633123062 7221022122413132026      →→추15.438.638.112.3 19737.539.4 78.9 76.9              15.40   12.60        LN동       12 0         6.0     0 0일반주행가격혈통 1기 110 8     8 7 6④1:18.9목    .614.640.514.6 -1-12  .00 4 5  0  .7736169736410 210 83 1 3.01 2.09     8.4  6.1    8.5   20.2   19.8  .01519-3 2 2-3▼-1.537.20  .13  .2076.45 1.41 5.0310.85 2 71414.2926.8358.74 6
20260912토 9120011국3 4 3  2 0혼전 4453           9 5이스트강적      한센    달려라강 7925.00한수 4 0 0   1    017:25 41250국3박지헌김영구   0 016 1 416 2 4 016  0김용근   52.587우선상50 56 568162.053.024.627511421451120 0 024201531271483 017↘↘선13.637.038.113.55687                   33 60 4013   13.50   13.30 5  2  0NHDN54.54541414-1.2 4.6 3.4606013-2부중유리거리혈통51기 1 5                            13.5    13.3        .0                       6 2 3 7 14                                              .03168 0 7 7 0―  .438.10  .62     75.56 6.5215.2224.62 3 81715.7329.0339.45 2
20260808토 9140011국412 5 62 1 1강 1151맑음건조 2 9 5이스트강적      한센    달려라강 5730.00한수 4     1 1  103      41250혼3박지헌김영구   0 115 8 916 1 4 0 0  0김용근47352.586우도하34 22 226421.043.019.627511421451120 0 024201531271480 020↘↘선13.736.839.113.5616136.738.9 87.2 88.1 36 57 4314   13.90   13.9019 -8 -2HHUP54.94501414 -.4 4.4 4.0595913 2일반주행보통주행46관 0 3 1     1 1 3③1:27.22     .413.538.313.3 -7 18  .00 310  7  .82026311569 5 510 7113 1.02 9.02 1.4 3.8  1.4    3.8    4.8   37.5  .01852 0 5 5 0― -.238.90  .4512.2488.52 4.8010.9119.55 3 817 2.19 6.9514.75 8
20260322일10120011국424 3 72 2혼전 4451맑음건조 5 9 5이스트강적      한센    달려라강 7925.00한수 4 0 0 2 2  366      41250국4서인석김영구   0 214 7 316 1 4 014  0조재로45554.086우선보85 70 708360.058.031.42341 71322 518272542201219262280 020→↗입13.637.038.113.6618537.538.5 75.2 76.2 38 46 3823   13.80   13.60 8  5  1VNDN54.94501414-1.2 5.0 3.8575712-2숨은복병연대우수68트 011 5     5 5 6⑤1:15.2¾   1.314.038.113.1  2  4  .00 5 3  1 1.55363414942 8 4 3 42 1 1.02 5.03 2.7 3.6  2.7    3.6    5.9   16.8  .03790 0 7 7 0―  .438.60  .45 1.1075.56 9.5520.7231.4312264014.6729.8337.61 2
20260125일10140010국354 5 52 3혼전 4451맑음건조 3 9 5이스트강적      한센    달려라강 5730.00한수 4 0 0 2 1  137      41250국3서인석김영구   0 313 6 81610 4 013  0김용근45153.586우도하84 74 747254.054.022.62751141848 918271624201231271480 020↘↘선13.636.639.213.6735737.338.6 87.5 88.3 42 50 5017   14.20   13.60 7 -2  2NN동54.94501414-1.6 5.0 3.4636312 0부중유리주력우수 5기 0 6 3     4 4 5③1:27.54     .813.838.713.6  1  1  .00 3 2  0 1.12256232459 6 5 4 8212 5.03 3.04 3.3 4.9  9.3   18.4   42.0   21.2  .03156 0 6 5 0―  .239.20  .4312.4988.45 6.1314.1322.58 2 714 8.8218.3528.40 5
20251206토11140011국342 2 92 4혼전 4431흐림양호 9 9 5이스트강적      한센    달려라강 5730.00한수 3 0 0 1 1  14118:00 41250국3서인석김영구   0 412 5 716 9 4 012  0김용근45052.086우도상78 68 687749.047.019.22751141848 918271624201231271480 020↘↘선13.636.639.213.6775737.139.1 86.6 88.5 45 45 5518   14.00   13.50 7  7 -2LU동54.94501414-1.8 4.8 3.0686812 0전개최상보통주행56기 1 8 8     6 6 6③1:26.62½   .414.238.313.6  1  5  .00 3 2 -4  .73456373968 4 8 6 6311 7.0611.04     5.8 12.2   60.0  140.1   96.1  .03447-1 6 4-1▽ -.439.20  .5312.6788.45 5.1310.9119.24 51222 9.5718.2727.86 6
20251018토 9140011국353 4102 5혼전 4451흐림포화19 9 5이스트강적      한센    달려라강 5730.00한수 3 0 0 2 2  212      41250국3서인석김영구   0 511 4 616 8 4 011  0김용근44554.081우도상85 72 729767.060.028.82045 81322 518271624201231271499 0 0↗↘선13.636.439.413.5894837.339.0 86.4 88.6 50 60 5030   13.40   13.80 6 -7 -1UHUP55.14511414 -.8 4.0 3.2666613 2전개최상전개최상68기 1 1 8     8 8 5③1:26.44     .714.037.913.5 -3 -8  .00 3 6 -3  .83461364259 3 6 7 5310 2.08 6.07 3.1 7.0  3.8   52.4   74.1  164.812.74178 2 7 7 2△  .839.40  .2712.8088.45 8.2617.4228.80 5122210.4520.7929.48 5
20250906토 4120012국324 1 72 6혼전 4451흐림다습13 9 5이스트강적      한센    달려라강 7925.00한수 3 0 0 1 2  323      82500국O서인석김영구   0 610 3 216 7 4 010  0김용근45355.082우도보71 62 629658.057.019.12045 81322 518271624201231271499 0 0↗↘선13.636.638.313.1898036.139.0 73.0 75.2 56 56 4433   13.50   13.50 6  1  2LNDN55.14511414 -.4 2.6 2.2727213-2전개최상전개최상 5   0 8 4     5 4 4⑥1:13.01¾   .613.437.913.8 -3  3  .00 6 9  3 1.218 3571762 7 512 82 9 2.0110.03 2.1 4.6  4.0    4.6    9.8   18.2  .04166 0 7 7 0―  .438.70  .90  .3075.45 5.0311.6519.06 41118 5.8112.1617.22 9
20250727일13140011국354 2 52 7혼전 4451맑음건조 3 9 5이스트강적      한센    달려라강 5730.00한수 3 0 0 9 3  41317:25 41250국3서인석김영구   0 7 9 2 516 6 4 0 9  0김용근45053.587강도하71 78 789779.065.037.717271119421018271624201231271499 0 0↘↗선13.636.339.212.5957337.238.9 87.3 88.8 63 63 5038   13.50   13.90 6  5  2NN동55.14511413  .0 1.6 1.6858513 0전개최상전개최상75기 1 7 4     5 7 5④1:27.35    1.513.538.313.5 -2 -1  .00 4 6  4 1.64354343435 2 6 6 33 8 3.02 9.06     4.9  5.6   11.7   26.6    8.7  .04491 4 8 9 4▲ 1.439.60  .2213.3488.2514.5027.7437.7212264013.9225.5034.59 4
20250615일10140011국353 2102 8혼전 4451맑음건조 3 9 5이스트강적      한센    달려라강 5730.00한수 3 1 1 2 3  53617:30 41250국3서인석김영구   0 8 8 1 416 5 4 0 8  1김용근45152.087강도보83 91 919879.059.026.117271119421018271624201231271499 0 0↘↗선13.636.439.212.5927336.939.1 87.7 88.8 63 63 5038   13.60   14.30 4 -8 -6UU동55.14511413  .0 2.0 2.0818113 0전개최상전개최상54기 1 2 1     1 1 2⑥1:27.7목    .813.538.513.9  4 -3  .09 6 2  0 1.14036402855 2 5 2 81 7 1.0811.10     8.0  2.8   31.7   39.3  105.410.54184 1 8 7 1▲  .639.50  .4813.1788.32 8.6016.6026.12 2 71414.0125.2533.33 2
20250517토 8140010국433 7 82 9 1강 1151흐림포화16 9 5이스트강적      한센    달려라강 5730.00한수 3 0 0 2 4  62817:00 33000국4서인석김영구   0 9 7 3 316 4 3 0 7  0김용근45457.587우도보88 94 949792.065.040.52756 721441118271624201231271499 0 0↗↘선13.636.439.212.5917336.139.4 87.9 88.1 57 57 4343   13.60   13.20 4  8  5VB동54.34501413  .2 2.2 2.4787813 0전개최상전개최상76기 110 3     1 1 1①1:27.9½    .013.639.714.3 -1  0  .00 1 2  1  .018 4521389 2 4 2 31 6 2.0110.07     4.4  4.2    5.5   11.3    5.512.04185 2 9 8 2▲ 1.139.30  .0812.5288.3214.4027.0940.5310233520.2436.3649.64 3
20250419토 5140011국432 2 8210혼전 4451흐림양호 8 9 5이스트강적      한센    달려라강 5730.00한수 3 0 0 2 4  71514:25 33000국4서인석김영구   010 6 2 216 3 2 0 6  0김용근45452.587우도하51 64 649875.067.041.42756 721441118271624201231271499 0 0↗↘선13.636.539.312.5846536.638.1 87.7 87.5 50 50 5033   13.60   14.90 4 -4  1UN동55.34481413  .2 2.4 2.6818113 0전개최상전개최상 1기 0 2 1     1 1 1①1:27.73    -.613.638.713.2  0  1  .00 1 1 -1  .0 62310 292 2 6 3 41 5 1.05 2.01     5.7  3.1   15.1   23.3   66.7  .04189 3 9 9 3★ 1.639.10 -.0511.7388.4514.5329.5541.41 8173220.4836.6751.40 1
20250323일10140011국433 3 8211 2강 2251맑음건조 4 9 5이스트강적      한센    달려라강 5730.00한수 3 0 0 2 4  78417:30 33000국4서인석김영구   011 5 1 116 2 2 0 5  0김용근45352.087우선보81 93 939590.065.036.52756 721441118271624201231271499 0 0↗↘선13.636.639.012.5728535.741.0 89.3 89.7 60 60 4040   13.40   14.10 5  3 -3NUUP55.34481413  .5 2.5 3.0787813 1전개최상전개최상 1기 1 6 3     2 2 2④1:29.3½   1.013.641.014.9  2  8  .00 4 2  0 2.371 1875647 1 4 2 41 4 1.04 2.04     4.3  2.2    7.9   10.9   63.3  .04186 2 9 9 2▲ 1.139.50  .2114.1488.3211.1223.6036.4810233524.4347.9349.88 2
20250216일 4130011국541 2 9212혼전 4451흐림건조 4 9 5이스트강적      한센    달려라강 5730.00한수 3 0 0 2 5  89612:45 24750국5서인석김영구   012 4 1 316 1 1 0 4  0김용근44554.588우선보87 90 909987.068.044.11833 81946 818271624201231271499 0 0→↗선13.537.038.812.5769336.439.4 81.8 82.8 50 75 2550   13.60   13.80 4 -3 -2UU동56.04501313  .7 3.0 3.7707013 0전개최상전개최상 1기 0 3 1     1 1 1①1:21.81    -.213.439.814.1 -1 -5  .00 1 2  1  .034 3561489 1 4 1 31 3 2.01 3.01     4.5  4.5    4.5    9.8    8.110.54999 4 9 9 4☆ 1.640.00  .23 6.9882.5216.4031.4044.1110233521.9539.5035.67 1
20250118토 3130011국611 7 6213 2강 2251맑음건조 4 9 5이스트강적      한센    달려라강 5730.00한수 3 0 0 2 5  97411:25 16500국6서인석김영구   013 3 4 216 1 0 0 3  0마이아45056.093우선상89 96 969895.071.098.43348211946 8182743 020123533 8      →→선13.637.238.812.5639336.737.7 82.3 81.1 33 67  033   13.50   14.20 5  0  1NN동       1310 1.5 2.5 4.0747412 0편성만만전개최상 1기 0 6 1     1 1 1①1:22.310  -1.713.638.813.8  0 -1  .00 1 1 -3  .0 110 6 097 3 2 1 11 1 1.04 6.01     3.5  1.4    7.0    9.4   13.8  .04999 4 9 9 4☆ 1.939.40-1.39 5.1382.6543.9177.4898.3619405650.5781.9975.00 1
20241214토 21300 9국620 5 7214혼전 4451맑음양호 8 9 5이스트강적      한센    달려라강 5730.00한수 2 0 0 2 6 108611:00 24750국6서인석김영구   014 2 3 116 2 0 0 2  0김용근45155.088평추보70 99 997284.072.049.7284622255212182716242012312714      →→선13.537.338.812.5579537.439.0 83.4 82.6 50 50  050   13.50   14.20 5  1  0NHUP       1310 2.0 3.0 5.0636312 1승부최상거리속성 1기 0 6 2     2 2 3③1:23.43     .613.540.014.2 -1 -2  .00 3 4  2 1.02841403161 5 2 2 21 2 1.05 1.05     2.7  2.4    9.3   18.0   21.310.53773 3 8 8 3▲ 1.739.70 -.12 6.5282.7120.9637.0749.7318375418.4033.9028.01 1
20241110일 1120012국610 4 6215 1강 1155흐림건조 5 9 5이스트강적      한센    달려라강 7925.00한수 2 0 0 2 6 118310:35 24750국6서인석김영구   015 1 2 116 1 0 0 1  0김용근45355.089평추보66 35 3568  .071.065.0284622255212182716242012312714      →→선14.137.938.212.5 89736.838.5 76.0 75.5  0  0  0**   14.10   12.80 8  2  0NHUP       1210         5.0    10 2신마혈통승부최상 1기 1 5 3     2 2 2③1:16.0목    .013.539.114.2  1 13  .00 3 2 -1 1.1262539228112 8 8 11 1 1.05 4.08     3.8  1.6   11.3   15.0   12.7  .04492 3 7 8 3▲ 1.937.50-1.09 -.6376.1232.2453.5464.98386071 8.3316.6725.00 5
20260912토 9120011국3 4 3  1 0혼전 4453           9 6월드섀넌스      뉴화이트섀넌스데 5126.00한거 5 0 0   1    017:25 41250국3이신우송태형   2 016 21628 2 4 227  0푸르칸   57.080평선보50 53 535454.060.038.32460162162 820 027 0221314242182 9 9↗→추13.637.038.513.65165                   38 48 3829   13.90   12.90 3  4  1NB동54.54841612-1.6 7.4 5.8565610 0일반주행보통주행55기 0 6                            13.9    12.9        .0                       5 8 6 2  2                                              .03556 3 7 8 3▲ 1.138.50  .02     75.7814.2726.3838.2819395510.1121.5132.18 4
20260822토10120011국314 4 61 1 3강 3351흐림불량20 9 6월드섀넌스      뉴화이트섀넌스데 5126.00한거 5 0 0 2 1   51      41250국3이신우송태형   2 115 11528 1 4 226  0푸르칸49856.580평선보40 31 314010.039.012.72460162162 820 027 022131424219010 0↗→추13.637.038.613.7555337.637.6 73.1 74.8 40 45 4025   13.90   13.30 2 -2 -1HNDN54.34831612-1.6 8.2 6.6464610-2일반주행단기승부34관 1 2 6     7 7 4④1:13.11¼   .313.936.512.9  0 -5  .00 4 4 -4  .31272112272 8 8 8 93 1 1.0211.04 2.0 6.3  2.0    8.0   10.3   19.7  .01522-2 3 5-2▽ -.938.20  .68 -.8075.84 2.28 6.3912.73 31017 2.83 6.9712.08 7
20260808토 9140011국412 5 61 2 1강 1151맑음건조 2 9 6월드섀넌스      뉴화이트섀넌스데 51     한거 5 0 0 1 1   43      41250국4이신우송태형   2 214 3 528 1 4 225  0안드레50357.593기선적33 40 402219.041.015.82754 52162 820 0 0 022134024 49010 0↗→선13.636.939.813.7471737.639.6 88.3 89.4 42 47 4226   13.80   13.6012 -5  0VLUP54.34831612-1.4 8.0 6.6525213 2숨은복병휴양불리69기 0 4 7     7 8 9⑦1:28.32½  1.513.938.613.3 -1  4  .00 7 8 -1 1.96377546937 710 7 90 1 1.02 9.02 1.4 3.8  1.4    3.8    4.8   37.5  .01932-3 5 3-3▽ -.639.10  .0512.7289.07 3.36 9.0515.83 0 3 6 3.65 7.7217.21 7
20260516토10120011국334 3 81 3혼전 4451맑음건조 3 9 6월드섀넌스      뉴화이트섀넌스데 5126.00한거 5 0 0 2 2  211      41250국3홍대유송태형   2 313 21428 1 4 224  0이혁  49957.579기도적40 60 605451.061.028.61231 41838 41528312019142821189010 0↘↗선13.636.838.513.7706136.939.3 75.0 76.4 44 44 4428   13.50   13.60 4  8  4BB동54.34831612-2.4 8.0 5.6616113 0일반주행마번불리31관 0 9 4     3 3 6⑥1:15.01    1.013.838.613.6 -3-11  .00 6 9  0 1.85930675550 4 7 6 62 8 2.01 2.03 2.7 3.8  3.0    3.8    8.2    4.512.73071 2 7 8 2▲  .938.90  .39 1.0975.67 8.0918.4328.59 51222 7.7514.7321.88 8
20260419일 8120011국354 4101 4혼전 4451맑음건조 4 9 6월드섀넌스      뉴화이트섀넌스데 5126.00한거 5 0 0 2 1   64      41250국3홍대유송태형   2 412 11328 2 4 223  0조성환51054.054평도보28 40 406619.040.016.7 718 61943121528 0 01914 9171999 0 0↘→추13.636.938.813.7644536.939.0 75.2 76.2 47 53 5324   13.50   14.20 5 -6  0UH동54.34801612-2.0 7.8 5.8494913 0일반주행급신장세79기 0 1 5     5 4 4⑦1:15.2¾    .613.538.513.6 -2  4  .00 7 9  2  .75535564563 8 810 72 2 1.06 9.10 2.5 6.5  2.5   15.5   19.7   20.2  .01537 0 4 4 0― -.638.70  .51  .4875.89 3.60 9.4716.66 2 511 4.17 8.6217.50 9
20260315일10120011국454 3 51 5혼전 4451맑음양호 6 9 6월드섀넌스      뉴화이트섀넌스데 5126.00한거 5 0 0 2 1   85      41250국4홍대유송태형   2 511 41228 1 4 222  0조성환50654.054기도보37 30 304010.042.015.9 718 61943121528 0 01914 9171999 0 0↘→추13.637.138.413.4456936.639.7 75.3 76.6 50 56 5025   13.50   13.20 6  4 -1LH동54.34801612-2.0 8.6 6.6464610 0일반주행기복전력43관 0 7 2     2 5 2⑤1:15.32     .813.539.214.2 -2  6  .00 5 7 -1 1.76719755857 9 5 8102 1 1.02 2.09 2.7 4.7  2.7    4.7    7.8    6.9  .01530 0 3 5 0― -.438.60  .65 1.1375.78 4.19 9.0115.90 1 4 8 3.37 7.4110.0011
20260131토10120011국454 3101 6 3강 3351맑음건조 2 9 6월드섀넌스      뉴화이트섀넌스데 5126.00한거 5 0 0 9 1  106      41250국4홍대유송태형   2 610 31128 1 4 221  0우인철50055.072평도보50 55 556229.049.015.92049101943121528 0 0191411282299 0 0→↘입13.637.038.313.3517637.438.8 74.9 76.5 53 67 4727   13.80   13.00 5 -7 -3HN동54.34801612-1.6 8.4 6.8444410 0일반주행선행강점 5기 0 3 4     7 910⑧1:14.92    1.913.538.413.2  0  6  .00 8 8  1 1.96356525526 8 510110 1 5.07 4.11 3.0 7.7  9.8   77.0  203.7  406.3  .01536-2 5 5-2▽ -.338.70  .77 1.1675.67 3.51 9.1115.93 0 2 4 1.67 8.2113.0710
20251228일 9120011국344 2 91 7혼전 4451맑음다습12 9 6월드섀넌스      뉴화이트섀넌스데 5126.00한거 4 0 0 9 1   8717:00 41250국3홍대유송태형   2 7 9 21028 2 4 220  0문정균49458.074기도적75 79 796253.055.022.81118 6194312152817 0191413192399 0 0↘↗추13.636.838.413.4657337.537.9 74.1 75.8 57 64 5021   13.50   13.30 5  9  3BB동54.34801612-2.6 8.6 6.0474710 0전개유리마번불리58기 010 5     5 5 5⑦1:14.1코    .613.837.613.0  0  0  .00 7 7 -2 1.04366192863 5 7 4 62 2 1.02 6.08     6.2  3.1    6.2   10.9   61.0  .02542-1 6 7-1▽  .238.70  .62  .6275.61 5.9213.9222.84 51326 6.1915.5227.99 6
20251123일10120011국354 1 51 8 3강 3351맑음건조 3 9 6월드섀넌스      뉴화이트섀넌스데 5126.00한거 4 0 0 2 1   9017:30 41250국3홍대유송태형   2 8 8 1 928 1 3 219  0문정균49455.074기도보11 10 105122.043.018.41118 6194312152817 0191413192399 0 0↘↗추13.636.938.413.4596936.737.1 72.7 74.7 54 54 5431   13.80   15.1017 -2  2UNDN54.34781612-1.0 7.4 6.4444410-4숨은복병기복전력68관 0 1 1     1 1 1①1:12.72½  -.413.537.013.3 -8 19  .00 1 9  1  .0 720 4 192 7 711 91 1 9.04 1.07     4.6 40.8  279.2  609.0  149.5  .01936-2 4 6-2▽ -.638.20  .71 -.6475.67 4.6711.3618.40 2 3 7 5.7511.1721.85 7
20250727일12160010국433 2 31 9 1강 1151맑음건조 3 9 6월드섀넌스      뉴화이트섀넌스데 51     한거 4 0 0 9 3  414      41250혼3홍대유송태형   2 9 710 128 1 3 218  0이혁  47553.081평도상43 42 421454.058.036.621321018541015283120191428211899 0 0↗↘선13.636.239.913.4714537.142.9105.4107.0 58 58 5833   14.20   12.80 5 -6 -1HHUP54.34781612-1.8 7.0 5.2616110 4일반주행보통주행38관 1 3 5   5 910 9⑧1:45.44    4.113.842.315.1  0-10  .00 8 8 -3 5.098879698 5 4 8 5 20 7 6.01 4.05 1.7 3.1 18.2   12.1   33.2  140.3  .02144 0 6 9 0▲  .839.90 -.0930.93103.110.2422.6036.56132943 7.2616.8129.00 4
20250621토 8120011국354 310110혼전 4451흐림포화17 9 6월드섀넌스      뉴화이트섀넌스데 5126.00한거 4 0 0 2 3  527      41250국3홍대유송태형   210 6 9 828 1 3 217  0박태종48554.061우선하31 35 356220.036.0 9.2 550 31854101528 8 0191419242199 0 0↗→입13.636.638.313.4887638.437.1 74.4 76.1 64 64 6427   13.40   15.40 4  1 -2BHDN54.34781412-1.4 5.0 3.6717112-2작전마주마번불리50기 0 911    111111⑨1:14.4½   1.214.237.012.8 -2 -6  .00 911  4 1.25092 32845 5 511110 5 4.0710.08 3.6 7.3  6.4   56.0   83.7   82.7  .02043-2 4 3-2▽-1.139.00 1.19 1.2375.45 1.30 3.72 9.24 0 2 4 1.47 6.7712.9110
20250525일101400 9국343 2 9111 1강 1151맑음양호 8 9 6월드섀넌스      뉴화이트섀넌스데 51     한거 4 0 0 2 3  59517:30 41250국3홍대유송태형   211 5 8 428 1 3 216  0김태희49155.564강도하38 42 428850.052.026.0 733 3185410152810 0191415241699 0 0→↗입13.636.439.013.4896936.642.0 89.1 91.0 70 70 6030   13.60   14.30 5  3  1BNUP54.34781412-1.6 4.0 2.4838314 2전개최상작전마주57기 1 8 3     3 4 7⑨1:29.15    2.513.441.415.4  2  5  .00 9 7  3 2.99119959215 2 3 6 50 1 3.02 1.02     5.8  5.5    7.2   18.6   16.0  .03477 1 7 7 1△  .240.00  .5915.5888.18 6.2115.6425.98 81728 8.0919.2829.82 5
20250420일11120011국344 1 9112 1강 1151맑음양호 8 9 6월드섀넌스      뉴화이트섀넌스데 5126.00한거 4 0 0 2 4  69918:00 41250국3홍대유송태형   212 4 7 728 1 3 215  0이혁  48655.082강선하81 89 899790.066.044.31430 81438 515283120191428211899 0 0→↗선13.636.638.113.4908737.740.4 77.0 78.6 70 70 6030   13.50   13.30 8 -1  1NN동54.34781412 -.6 2.8 2.2858514 0전개최상전개최상 1기 0 5 3     5 911⑪1:17.0코   3.013.639.914.3  7  8  .0911 4 -4 3.29472889110 2 6 2 20 6 2.01 3.04     5.7  3.6    5.7   10.1    8.2  .04190 3 9 8 3▲ 1.339.70  .30 3.8775.3316.0231.6444.3318375420.3839.1952.08 1
20250222토 9120011국354 110113혼전 4451맑음건조 3 9 6월드섀넌스      뉴화이트섀넌스데 5126.00한거 4 0 0 9 5  88017:00 41250국3홍대유송태형   213 3 6 628 1 3 214  0마이아47854.093강도하48 50 509257.061.033.13348211360 41528 0 019143533 899 0 0→→선13.636.638.113.4868736.738.6 74.8 76.0 78 78 5633   13.70   14.00 4 -2  0LH동54.34781413 -.6 2.8 2.2838314 0전개최상전개최상 1기 0 6 1     2 1 2③1:14.8¾    .213.538.713.3 -5  0  .00 3 8  5  .24419442274 3 411 41 1 1.02 7.11     9.0  2.3    9.0   13.0   48.4  .04189 1 7 7 1△  .838.90  .61 1.2775.3311.0621.3633.12 81728 5.1114.6324.76 7
20250125토 9120011국353 110114혼전 4451맑음건조 3 9 6월드섀넌스      뉴화이트섀넌스데 5126.00한거 4 0 0 9 5  94617:00 41250국3홍대유송태형   214 2 5 528 1 3 213  0이동하47854.085강도하92 93 939783.067.045.21638 91360 4152823 0191425241999 0 0→↗선13.636.638.113.4858737.239.7 76.2 77.6 78 78 5633   13.50   13.30 4  4  1BN동54.34781413 -.4 2.4 2.0858514 0전개최상전개최상 1관 0 8 3     4 4 8⑨1:16.21½  2.213.739.714.0  6 -7  .09 9 3  0 2.48548787519 1 5 2 10 1 2.07 1.10     5.4  5.1   46.2   71.7  278.910.54192 3 9 9 3★ 1.439.40  .27 2.8875.3319.6635.2245.2433536616.2830.8842.86 1
20241229일 9120011국354 110115혼전 4451맑음건조 4 9 6월드섀넌스      뉴화이트섀넌스데 5126.00한거 3 0 0 9 6 102317:00 41250국3홍대유송태형   215 1 4 428 1 3 212  0김용근48553.589강도하73 59 599469.063.038.728462215441315283610191431271499 0 0→→선13.536.738.113.4818936.637.9 73.6 75.0 75 75 5025   13.50   13.90 5 -1 -1NHDN54.44771413 -.4 2.4 2.0858514-2전개최상전개최상 1기 0 4 2     2 2 2③1:13.6코    .013.537.713.3  0  0  .00 3 3  1  .0131519 682 4 6 5 11 2 2.0610.09     8.6  5.3   47.4  103.7  122.6  .04190 3 8 9 3▲ 1.138.50  .38  .1875.3915.4027.2238.7018375414.0226.9838.79 2
20260912토 9120011국3 4 3  3 0혼전 4453           9 7검이불루        커널존  블레이징 4833.00한암 6 0 0   1    017:25 41250국3강환민김우식   0 016 1 635 1 3 534  0김태현   52.553평자보50 52 522412.039.014.9 950 4195311232025 01919201218135038→↘선13.937.438.117.42283                   29 32  718   14.00   14.30 4  2  0NHDN53.34651614-3.0 8.2 5.2575712-2일반주행부중영향37관 0 7                            14.0    14.3        .0                      11 4 7 9  1                                              .02249 0 3 5 0― -.638.10  .68     75.78 3.14 8.5414.93 1 4 9 2.25 7.5313.49 9
20260817월111400 8국451 3 53 1 2강 2251흐림다습13 9 7검이불루        커널존  블레이징 3338.00한암 6 0 0 2 1   61      41250혼3강환민김우식   0 115111635 2 3 533  0김정준47852.573평자상63 60 603112.047.027.01538101953112320 9 01919132026135038↗↗추13.937.239.117.7265737.139.8 88.7 89.4 30 33  719   14.00   13.80 5  1  0NH동53.34651614-3.6 9.0 5.4575712 0일반주행부중영향 5   0 5 6     5 5 4⑥1:28.7½   2.114.039.514.3  0  3  .00 6 6  0 2.76153616223 6 5 4 52 4 3.02 7.01 3.1 4.3  5.1    5.6   12.2    4.2  .02240-1 4 4-1▽ -.338.80  .0213.0588.80 6.4316.1926.96 51326 1.96 7.3314.83 6
20260712일101400 8국451 3 53 2 1강 1151맑음다습10 9 7검이불루        커널존  블레이징 3338.00한암 6 0 0 2 1   61      41250국4강환민김우식   0 214101535 1 3 532  0김정준47552.573평자보52 54 5427 9.045.021.31538101953112320 9 01919132026135038↗↗추13.937.239.117.7225737.339.5 87.3 88.7 31 35 1919   14.50   13.90 4 -1  0HHDN53.34651614-4.4 9.8 5.4606010-2일반주행부중영향32관 0 4 7     7 7 7⑤1:27.3¾    .814.038.913.8 -1  2  .00 5 6 -2 1.03558525560 4 4 4 60 3 7.02 7.01 2.8 4.3 18.6   30.0   80.2   47.3  .02250 0 4 4 0― -.438.70  .1712.3888.80 5.2911.4721.28 51222 1.96 6.2213.19 7
20260613토 8160010국452 2103 3혼전 4451맑음건조 3 9 7검이불루        커널존  블레이징 3338.00한암 6 0 0 2 1   73      41250국4강환민김우식   0 313 9 635 2 3 531  0유승완47352.569평자상54 60 601413.049.016.61860 8195311232011 01919152722135038→↘입13.937.139.917.7193736.739.1101.6102.9 32 32 1220   14.90   13.70 4  3  0NHUP53.34651614-4.410.0 5.6545410 2일반주행부중영향51관 0 5 8   8 8 8 6⑧1:41.63    1.014.539.013.9  0 -9  .00 8 8 -3 1.04962353950 9 9 7100 2 3.01 4.08 3.1 7.0  5.3    7.0   16.7   10.3  .02241 0 4 5 0― -.139.90 -.0225.93103.6 3.21 9.3116.62 1 4 8 1.53 5.22 9.9710
20260517일10140011국453 3103 4혼전 4451맑음건조 3 9 7검이불루        커널존  블레이징 3338.00한암 6 0 0 2 1   61      49500국4강환민김우식   0 412 81435 1 3 530  0유승완48252.569기자적62 67 675120.054.023.51860 8195311232011 01919152722145729→↘입13.937.239.418.0244537.339.1 88.3 88.8 33 38 1325   15.10   13.10 3 -8 -1HH동53.44631614-3.0 9.8 6.8414112 0교체성공기복전력25관 0 210     9 9 6⑤1:28.3목    .414.939.013.7 -6  2  .00 511  1  .7396136417010 9 9 83 1 1.07 8.04 3.1 7.4  3.1   39.2   62.9   56.4  .03076 0 4 4 0―  .338.70 -.0612.2089.00 7.1715.6123.46 2 511 1.53 6.7212.8111
20260426일 6140011국411 6 63 5 1강 1153맑음건조 3 9 7검이불루        커널존  블레이징 3338.00한암 6 0 0 9 1   45      33000국4강환민김우식   0 511 71335 1 3 429  0조성환48053.053기자적21 13 1321 4.037.018.1 718 61953112320 0 01919 91719176717↘→추13.937.239.518.4263738.537.6 89.6 88.0 30 35 1322   14.80   74.20 4  6 -4BH동53.44601614-2.2 9.6 7.4363610 0가는대로기복전력40기 01010    1010 8②1:29.6¾    .015.138.413.1 -8 12  .00 210  0  .11796 33293 7 710 93 111.10 5.10 1.9 7.7 64.6  647.2  901.5 1566.0  .01835 0 2 3 0― -.638.50  .0011.3289.07 3.9210.3918.10 0 3 6 1.02 3.17 7.4211
20260328토 7140011국452 4103 6 1강 1151맑음건조 3 9 7검이불루        커널존  블레이징 3338.00한암 6 0 0 9 1   78      33000국4강환민김우식   0 610 61235 2 3 428  0김정준46857.073기자적28 36 364314.046.020.91538101953112320 9 01919132026176717↗↗추13.937.139.513.8313337.939.8 90.0 89.7 32 36 1814   14.60   13.10 4 -3  1HNUP53.44601614-2.4 9.8 7.4353512 2일반주행기복전력78기 0 411    111011⑦1:30.01¾  2.014.839.974.2 -3  6  .00 710  0 2.46986628027 8 810 83 2 1.03 5.02 3.2 6.3  3.2    9.3   16.1   17.4  .01844 0 3 4 0― -.239.00 -.0113.0589.00 5.1011.7020.88 2 511 1.99 4.7610.2910
20260228토11120011국454 5 53 7혼전 4451맑음건조 3 9 7검이불루        커널존  블레이징 4833.00한암 6 0 0 9 1   84      33000국4강환민김우식   0 7 9 5 535 1 3 427  0김정준46256.573기입보26 14 1426 7.039.013.21538101953112320 9 01919132026176717↗↗추13.937.438.413.8246538.137.9 75.4 76.1 33 43 1414   14.20   14.20 5 -1  6NBDN53.44601614-1.8 8.8 7.0303012-2일반주행기복전력54관 0 711    11 8 8⑤1:15.4¾    .314.637.613.1 -5  1  .00 510  1 2.2498719477110 511103 1 1.06 1.05 2.1 4.8  2.1   18.5   25.8   27.5  .01529 0 2 2 0― -.738.20  .57  .2575.95 3.18 7.0413.16 1 2 6 2.02 4.74 9.4610
20260125일10140010국354 2 53 8혼전 4451맑음건조 3 9 7검이불루        커널존  블레이징 3338.00한암 6 0 0 2 1   64      41250국3강환민김우식   0 8 8 41135 5 3 426  0정우주46151.060기입하 9  9  9 4 5.032.0 6.61250 7195311232015 01919163013176717↗→입13.937.139.513.8333737.440.0 89.0 89.7 35 45 1515   14.30   14.60 4 -2  0LU동53.44601614-1.8 8.6 6.8363612 0가는대로기복전력 5관 0 8 9     7 8 9⑨1:29.0½   2.314.239.714.2  0  1  .00 9 9 -1 2.67368677521 9 811110 5 5.03 3.04 3.3 4.9  9.3   18.4   42.0   21.2  .012 5-2 1 1-2▽-1.439.00  .3513.1489.00  .97 3.19 6.56 0 2 4 1.96 3.67 7.1011
20251227토10140011국312 1 63 9혼전 4451흐림다습14 9 7검이불루        커널존  블레이징 3338.00한암 5 0 0 9 1   7617:30 49500국3강환민김우식   0 9 7 31035 4 3 425  0정우주46051.060평자상47 46 463026.047.020.71250 7195311232015 01919163013176717↗→입13.937.139.313.7294537.441.1 89.7 91.1 37 42 2121   13.90   13.80 5  8  0BU동53.44601614-2.2 8.6 6.4434312 0일반주행부중영향55관 010 9     91011⑪1:29.79    3.614.340.714.6  1 -2  .001110  1 3.793738892 7 8 8 9 70 4 4.08 5.02     8.5  9.0   87.8  159.2  190.1  .02457 1 5 5 1―  .039.30  .1114.7188.86 4.9211.8320.66 2 511 4.1010.1318.08 8
20251122토10140010국353 3 5310 2강 2251맑음건조 3 9 7검이불루        커널존  블레이징 3338.00한암 5 0 0 2 1  10117:30 41250국3강환민김우식   010 6 2 935 3 3 424  0정우주46251.060기입적22 19 192818.041.023.91250 7195311232015 01919163013176717↗→입13.937.039.413.7414137.339.0 87.4 88.9 39 44 1117   14.20   13.90 5  0 -1HU동53.44601614-1.4 7.2 5.8474712 0일반주행기복전력26관 0 2 4     7 8 6⑤1:27.4½    .613.938.413.8 -4  2  .00 5 9 -2 1.44560353961 8 7 7 63 3 1.03 4.08     3.0  2.0    7.7   11.4    5.7  .02148 0 4 5 0― -.338.90  .0412.5088.86 5.6614.5223.87 51221 2.40 7.5614.18 8
20251018토 9140011국353 110311혼전 4451흐림포화19 9 7검이불루        커널존  블레이징 3338.00한암 5 0 0 2 2  212      41250국3강환민김우식   011 5 1 835 2 3 423  0정우주46052.067기입적69 49 493724.039.010.91155 51444 9232015 01919163013176717→↗입13.936.939.413.7514537.540.3 87.9 90.1 41 47 1218   14.30   13.70 8 -3  1HN동53.44601612-1.4 6.0 4.6636312 0부중유리기복전력72기 1 210    10 9 9⑦1:27.9½   2.214.239.213.9 -4 -5  .00 711  6 2.37971768421 8 710100 2 2.08 6.07 3.1 7.0  3.8   52.4   74.1  164.8  .03133 0 4 3 0― -.739.30  .4313.8088.80 2.43 5.6110.85 1 4 8 2.24 7.8914.00 9
20250824일10140011국411 3 6312혼전 4451맑음건조 4 9 7검이불루        커널존  블레이징 3338.00한암 5 0 0 2 2  349      41250혼3강환민김우식   012 4 3 735 1 3 422  0정우주46551.067기입보30 37 372714.040.015.51155 51444 9232015 01919163013176717→↗입13.936.839.413.7544137.039.2 86.4 88.4 44 44 1319   14.30   13.70 6 -2 -1NU동53.44601612-1.0 6.8 5.8575712 0일반주행기복전력32관 0 510     6 4 3③1:26.46    1.114.338.113.7 -2  4  .00 3 5 -3 1.52642443745 5 7 7 82 110.01 9.03 1.9 7.9 32.0   22.8   75.0  106.9  .01532 0 3 4 0― -.739.00  .3712.1988.73 4.26 8.9615.53 2 510 3.75 8.1915.05 8
20250713일10140010국342 2 9313혼전 4451흐림양호 6 9 7검이불루        커널존  블레이징 3338.00한암 5 0 0 2 3  45617:30 41250국3강환민김우식   013 3 2 635 1 3 421  0이혁  46152.081기입보37 36 3630 9.039.011.42132101657 0232025 01919282118176717↗↘선13.936.839.413.7584137.539.6 88.6 89.5 47 47 1320   14.30   13.40 4  3  0NU동53.44601612 -.8 6.8 6.0515112 0일반주행기복전력58관 0 7 9     8 9 8⑧1:28.6머리 1.214.339.413.7  0 -3  .00 8 8 -2 2.96468586746 6 7 7 80 1 1.06 6.02     4.3  2.1   17.3   23.7   21.6  .01538-1 3 3-1▽ -.939.20  .5013.2988.73 1.96 5.6011.39 2 714 1.98 5.8012.66 8
20250615일10140011국353 210314혼전 4451맑음건조 3 9 7검이불루        커널존  블레이징 3338.00한암 5 0 0 2 3  53617:30 41250국3강환민김우식   014 2 1 535 1 3 420  0조재로46452.087기입보47 60 604636.052.019.22744171657 02320 0 01919192622176717↘→입13.936.739.413.7624138.038.7 88.2 89.3 50 50 1421   13.90   14.00 6 -3 -1HU동53.44601612-1.6 6.8 5.2545412 0뒷심문제기복전력23트 0 4 8     9 9 9⑨1:28.2½   1.314.338.113.4 -1 -1  .00 910  8 1.65888265540 4 910 90 1 1.0811.10     8.0  2.8   31.7   39.3  105.4  .02874 0 5 6 0―  .139.30  .3513.1788.66 5.0611.7819.24 2 510 4.4610.6318.3711
20250504일 5140011국442 4 9315 1강 1154맑음다습14 9 7검이불루        커널존  블레이징 3338.00한암 5 0 0 1 4  66313:35 33000국4강환민김우식   015 111 435 1 3 319  0김성현46553.069기입적53 59 594261.052.032.21540 4205612232015 01919162319206020→→입13.936.739.513.6654136.839.6 88.0 88.8 46 54 1523   13.80   13.60 4 -3  0NH동53.54591612-1.6 8.0 6.4424212 0부중유리기복전력 1기 1 7 7     6 4 4②1:28.05     .013.939.314.0  0 -2  .00 2 2 -3  .94029584381 3 7 3 42 1 1.02 9.07     5.2  3.2    6.0    9.8    7.4  .03141 0 6 5 0―  .339.20 -.0512.5788.7310.0822.0432.2413294311.5429.4540.41 2
20260912토 9120011국3 4 3  6 0혼전 4453           9 8테마탄생        테이크차미스트래 1629.00한거 6 0 0   1    017:25 41250국3차우호김길리   0 016 4 340 2 3 540  0정도윤   53.080기선적50 38 3826 9.038.012.412 0 9 6   6 0 0 0 0 0 01025238218 0↗↗입13.837.038.813.76245                   28 47 38 9   14.20   13.30 3  1  0BH동54.74701814-1.4 8.8 7.4333313 0발길대로마번불리27관 0 8                            14.2    13.3        .0                       7 91010  2                                              .01114-3 1 1-3▼ -.838.80  .60     75.95 3.06 6.6012.42 0 3 6 2.25 6.4512.4610
20260822토10120011국314 4 66 1 3강 3351흐림불량20 9 8테마탄생        테이크차미스트래 1629.00한거 6 0 0 2 1   51      41250국3차우호김길리   0 115 3 240 1 3 539  0정도윤46753.080기선보16 21 215710.039.014.612 0 9 6   6 0 0 0 0 0 01025238218 0↗↗입13.836.838.913.7783738.438.3 74.6 76.3 29 48 3910   13.90   14.70 4  0 -2LHDN54.74701814-1.2 7.6 6.4424212-2일반주행기복전력23관 0 710     9 9 9⑨1:14.61    1.814.237.213.3 -2  9  .00 911  2 1.86094327129 410 9 80 1 1.0211.04 2.0 6.3  2.0    8.0   10.3   19.7  .01546-2 2 2-2▽ -.838.80  .57  .6075.89 3.40 7.5714.56 2 511 2.83 6.9712.08 9
20260725토10140010국353 7106 2혼전 4431맑음다습10 9 8테마탄생        테이크차미스트래 1936.00한거 6 0 0 9 1   62      41250국3차우호김길리   0 214 2 940 1 3 538  0안드레45854.593기선보12 17 174013.039.013.62754 5 6   6 0 0 0 0 0 04024 48218 0↗→선13.836.739.613.7692736.541.7 89.1 90.1 30 47 4010   14.20   14.50 7 -2  1LN동54.74701814-1.4 6.8 5.4474712 0연대우수기복전력70기 0 7 6     3 3 8⑨1:29.12½  2.213.941.114.7  0 -5  .00 9 9  0 3.38020928825 3 910100 1 3.01 6.02 2.6 6.3  6.7    6.8   16.7   18.3  .03238-2 3 2-2▽ -.739.50  .3613.8488.80 3.34 7.2613.55 0 3 6 1.96 6.6012.0010
20260606토10140010국342 4 46 3혼전 4451흐림양호 6 9 8테마탄생        테이크차미스트래 1936.00한거 6 0 0 1 1  131      41250국3문병기김길리   0 313 1 840 1 3 537  0신형철46353.564기도보56 50 506231.047.023.3 0 0 02652 9264012 028271513278218 0↗→추13.836.639.613.7742737.340.8 89.8 90.4 31 41 4517   14.00   13.40 3  5  0BHDN54.74701814-1.2 6.8 5.6444412-4일반주행연대우수37기 1 9 6     5 5 7⑨1:29.84    2.314.240.614.5  0 -8  .00 9 9  0 2.38558848620 210 5 60 1 2.04 4.10 2.6 3.3  3.6   12.0   24.2   72.4  .03759 0 5 5 0― -.139.60  .1814.2188.73 5.1613.9923.33 51221 6.9817.9827.37 5
20260516토 9180010국444 8 96 4 1강 1154맑음건조 3 9 8테마탄생        테이크차미스트래 4431.00한거 6 0 0 2 1   52      41250국4문병기김길리   0 412 1 540 1 3 536  0빅투아47153.591평선상43 54 544271.063.041.93153132652 9264023 028272228188218 0→→선13.739.740.813.7692238.846.5123.4123.6 32 39 4611   14.10   13.40 4 -1 -1HH동54.74701814-1.2 5.4 4.2616114 0교체성공연대우수55기 0 4 4 4 3 7 910⑨2:03.411   5.514.445.815.7  0 -2  .00 9 9  3 5.898 79998 6 3 8 3 20 7 1.03 2.06 3.3 7.0  3.3    7.5   12.4   80.3  .03783 0 8 8 0▲  .941.80 -.3843.14118.714.3529.4741.9119405618.2934.3249.81 2
20260419일 6180011국552 5 56 5혼전 4451맑음건조 4 9 8테마탄생        테이크차미스트래 4431.00한거 6 0 0 2 1   66      33000국5문병기김길리   0 511 4 440 1 2 535  0권중석47354.565평선상12 29 293152.056.040.51341 62652 92640 0 028271918188020 0↘→선13.739.641.113.8781040.138.6119.1118.3 30 41 4811   13.40   14.80 3  4  0NHUP54.84691814 -.2 5.0 4.8575714 2선행실패거리속성34기 0 5 1 1 1 1 1 1①1:59.11½  -.314.139.013.4 -5  4  .00 1 6  1  .02948 5 493 110 8 21 1 6.04 5.06 2.3 4.7 16.6   57.6  168.0  122.912.73063 2 6 7 2―  .641.30 -.4237.63118.817.0928.9140.5412264016.2528.4139.27 2
20260329일 7160010국451 8 56 6혼전 4451맑음건조 3 9 8테마탄생        테이크차미스트래 1936.00한거 6 0 0 9 1   46      33000국4문병기김길리   0 610 3 840 3 2 534  0우인철46954.569기도상34 38 381445.055.028.82049102652 9264015 028271128227822 0→↘입13.836.040.313.8821735.941.1102.8103.4 31 54 42 8   14.00   13.60 4 -1  1UN동54.84691814  .0 5.0 5.0535314 0숨은복병기복전력66기 1 1 1   1 1 1 2④1:42.81     .313.441.114.8 -1  2  .00 4 5  0  .45814807174 21010 41 3 3.01 2.03 2.8 3.4  6.1    6.6   15.4    4.8  .01943 0 6 7 0―  .440.30  .0127.12103.2 7.9117.8628.80102135 8.3316.8326.91 6
20260301일 6160010국412 8 66 7 2강 2251맑음건조 3 9 8테마탄생        테이크차미스트래 1936.00한거 6 0 0 1 1   78      33000국4문병기김길리   0 7 9 2 740 2 2 533  0우인철46753.569기도하 5  9  91415.043.022.52049102652 9264015 028271128227822 0→↘입13.835.840.313.7931937.038.9103.4103.1 32 56 4412   13.90   14.90 3 -7 -1HHUP54.84691814  .4 5.2 5.6505013 2마방연대기복전력36기 0 2 5   5 4 5 6④1:43.44    1.114.039.113.6 -1 -2  .00 4 5 -4 1.85176273749 2 710 72 2 3.02 4.03 1.4 3.5  7.4   22.4   50.7  108.0  .03023 0 4 4 0― -.340.30  .2627.03103.1 5.2313.3422.49 2 715 4.50 8.2616.61 7
20260208일 8140011국414 7 66 8 3강 3351맑음건조 2 9 8테마탄생        테이크차미스트래 1936.00한거 6 0 0 2 1   24      33000국4문병기김길리   0 8 8 1 740 1 2 532  0우인철46954.569평선하 8 10 106212.048.021.72049102652 9264015 028271128227822 0→↘입13.836.439.813.7911936.642.7 91.0 91.8 33 58 3813   14.40   16.20 4  0 -4LHDN54.84691814  .8 4.8 5.6505014-3연대우수마방연대54기 1 9 7     8 710⑩1:31.02½  3.613.941.914.9  1 -2  .0010 9  6 4.19625979610 4 811 70 1 3.06 3.01 1.4 3.7  9.9  122.2  240.4   80.1  .03268 0 4 6 0― -.240.10  .2115.5588.73 5.9112.8721.67 51222 2.20 6.9713.5011
20260111일 7170011국533 9 86 9 1강 1151맑음양호 6 9 8테마탄생        테이크차미스트래 1936.00한거 6 0 0 2 1   67      33000국5문병기김길리   0 9 7 2 340 4 2 531  0마이아47158.093평선보58 60 606487.074.060.43452152652 9264033 028273533 87822 0↘↗선13.839.041.813.7961238.445.6116.5115.9 33 58 38 8   13.60   13.80 4  6  3BBUP54.84691814  .6 5.4 6.0424214 1연대우수연대우수40기 0 9 4 4 3 1 2 5⑩1:56.51¾  3.914.446.016.2  7 -9  .0410 3  1 4.093 2989611 311 3 11 4 2.06 5.10 2.8 5.1  3.7   19.5   26.9   55.0  .03779 3 9 9 3★ 2.142.50 -.7135.09113.633.8450.0260.3938607123.6842.1555.62 2
20251213토 81600 8국413 5 6610 1강 1141비  불량20 9 8테마탄생        테이크차미스트래 1936.00한거 5 0 0 2 1   80      33000국4문병기김길리   010 6 1 640 3 2 430  0마이아48055.593평도보35 40 401473.067.069.13452152652 9264033 028273533 87525 0↘↗선13.735.840.313.7952235.939.5 99.3101.4 30 48 48 9   13.50   15.60 6 -1  0HN동54.74681814  .6 5.4 6.0424214 0전개유리연대우수42기 0 3 2   2 2 1 1②1:39.31     .013.638.913.8  0 10  .00 2 2 -2  .21021472880 3 7 4 11 3 1.02 2.03     3.5  1.5    3.5    5.1    5.5  .03771 3 8 9 3▲ 1.340.30 -.8525.34103.127.3151.4669.0837577019.3236.2651.53 3
20251101토 8160010국513 8 6611 1강 1153맑음건조 5 9 8테마탄생        테이크차미스트래 1936.00한거 5 0 0 1 1  169      33000혼4문병기김길리   011 511 540 2 2 429  0마이아47055.593평도보19 24 241479.069.065.23452152652 9264033 028273533 87129 0↘↗선13.835.840.213.7962235.541.3104.2102.7 27 50 4114   13.40   15.20 6 -1  1HN동54.64681814 1.0 4.8 5.8393914 0마방연대급신장세63기 0 4 1   1 1 1 3④1:44.2½    .213.542.215.6  0  2  .00 4 4 -1  .345 6867575 2 4 8 11 2 1.07 2.03 2.2 6.3  2.2   15.0   20.4   25.1  .04572 3 8 9 3▲ 1.640.20 -.7126.70103.029.2651.3265.1933536620.9538.1949.49 3
20250921일 61600 9국442 4 4612혼전 4441맑음다습14 9 8테마탄생        테이크차미스트래 1936.00한거 5 0 0 2 2  269      33000국4문병기김길리   012 410 440 1 2 428  0마이아46855.093평선하17 16 161454.060.036.03963 52754 9264033 028273533 87129 0→↘선13.835.840.213.7952235.042.1102.7103.6 29 52 3814   14.00   14.60 4  1 -1NHDN54.64681814 1.0 4.4 5.4393914-2일반주행마방연대 6기 0 5 3   3 2 3 3⑤1:42.71    1.013.442.215.2  0 -2  .00 5 5 -1 2.070 1938049 2 8 8 51 1 3.07 8.01 2.0 3.2  5.7   83.7  164.1  333.8  .02377 1 6 7 1△  .740.20 -.0227.57103.0 9.7922.5635.98 81728 8.9120.0032.11 5
20250824일 81800 9국412 2 1613 1강 1151맑음건조 4 9 8테마탄생        테이크차미스트래 4431.00한거 5 0 0 2 2  35116:05 33000국4문병기김길리   013 3 9 340 4 2 427  0빅투아47055.591평선하 6  2  23643.053.036.62838182754 9264023 028272228187129 0→→선13.839.441.013.7931238.342.2118.8120.4 30 55 3515   14.60   15.50 4 -1 -1HNUP54.64681814 1.2 3.4 4.6444414 1일반주행거리속성25관 0 4 1 1 1 1 1 3⑦1:58.81    1.614.041.014.6  1 -2  .00 7 6 -1 3.378 2854232 1 8 8 41 6 1.03 7.03     2.8  1.5    3.6    4.6    3.7  .02141 0 6 6 0―  .341.70 -.2439.98118.711.3624.9536.61102135 9.3820.9935.71 4
20250727일10170011국454 510614혼전 4451맑음건조 3 9 8테마탄생        테이크차미스트래 1936.00한거 5 0 0 9 3  41615:40 33000국4문병기김길리   014 2 8 240 3 2 426  0빅투아47256.589평선상51 46 466261.061.036.5295317355914264023 028272228187129 0↘→선13.839.041.513.7952739.244.5114.4115.5 32 58 3216   13.60   14.70 3  3  1NLUP54.64681814 -.6 3.4 2.8626217 3전개최상최적거리35기 0 5 9 9 8 6 6 9⑩1:54.41    3.214.643.915.5  3  5  .0010 7  2 3.28918979511 1 7 7 40 511.08 8.03     8.8 58.8  317.2  673.6  620.312.73462 2 7 7 2―  .942.40  .0034.98113.412.0625.1736.45102335 9.3822.9730.37 4
20250705토 51400 9국452 4 5615 2강 2251맑음건조 3 9 8테마탄생        테이크차미스트래 1936.00한거 5 0 0 1 3  49014:40 33000국4문병기김길리   015 1 7 640 2 2 425  0빅투아46756.089우선하54 58 589172.059.032.6295317355914264023 028272228187129 0↘→선13.836.539.613.7842736.140.5 88.2 89.0 33 61 2817   13.80   14.70 4  1 -1HNDN54.64681813 -.6 3.6 3.0646417-2연대우수전개최상36기 0 2 2     2 2 2④1:28.2½   1.113.640.214.7 -1 -3  .00 4 5  4 1.248 5805246 3 7 6 51 4 2.07 9.04     3.5  2.9   31.3   43.8   24.3  .04168 1 6 8 1▲  .639.40 -.0212.8788.66 8.9719.5832.59 8172810.7924.6037.61 4
20260912토 9120011국3 4 3  2 0혼전 4453           9 9글로벌서브      투아너앤글로벌퀸 6627.00한거 4 0 0   1    017:25 41250국3정호익장재형   1 016 11925 7 3 325  0코지     54.088평선보50 50 508142.059.033.43358202032 92416162022142330194555 0↗↘입13.636.539.114.19030                   35 40 8010   13.20   13.60 3  2 -3BH동55.54861612-3.0 6.2 3.2676713 0부중효과마번불리38기 0 9                            13.2    13.6        .0                       110 8 5  8                                              .02761 1 6 7 1―  .939.10  .11     75.8410.4922.6633.40132943 7.8718.2829.07 6
20260823일 7120010국454 2102 1혼전 4451맑음포화15 9 9글로벌서브      투아너앤글로벌퀸 6627.00한거 4 0 0 2 1   44      33000국4정호익장재형   1 115 11825 6 2 324  0코지  49857.088평입보59 66 667543.058.031.33358202032 92416162022142330194060 0↗↘입13.636.539.214.1902736.338.4 72.7 74.9 32 37 7911   13.20   14.00 4  3 -1NN동55.44851612-3.2 6.6 3.4676713 0전개최상부중효과52기 1 7 2     2 1 1①1:12.7½    .013.237.413.6 -3 -2  .00 1 4  0  .0141034 979 310 7 51 7 4.02 7.01 3.7 7.6  7.4   13.8   31.0   26.1  .03451 0 6 6 0―  .538.70  .11 -.8075.8910.0220.4531.34102335 9.2818.1027.36 7
20260725토 7120011국514 3 62 2 1강 1151맑음다습10 9 9글로벌서브      투아너앤글로벌퀸 6627.00한거 4 0 0 9 1   65      33000국5정호익장재형   1 214 41725 5 2 323  0코지  50057.588평도상61 66 669785.071.054.23358202032 92416162022142330194456 0↗↘입13.636.539.214.1922536.439.4 74.2 76.0 33 39 7211   13.60   13.80 4 -6  0HL동55.14831612-3.0 6.6 3.6646413 0전개최상전개최상50기 0 4 2     3 3 2④1:14.22½   .413.238.614.0  0  5  .00 4 4 -5  .94713674267 1 9 2 22 6 1.0811.06 1.3 3.5  1.3    8.3    9.1   23.4  .04491 4 9 9 4☆ 1.739.00 -.55  .2775.8922.5741.5254.2219415520.1838.1849.09 2
20260627토 6120011국454 2102 3혼전 4451맑음건조 4 9 9글로벌서브      투아너앤글로벌퀸 6627.00한거 4 0 0 9 1   75      33000국4정호익장재형   1 313 31625 4 2 322  0코지  49557.588평도상48 53 539358.066.037.23358202032 92416162022142330195050 0↗↘입13.636.539.414.1941736.739.1 74.1 76.0 35 41 7112   13.50   14.20 4  6  0BL동54.84811612-1.2 6.0 4.8525213 0전개최상전개최상67기 010 3     3 4 3④1:14.1½    .513.638.013.8 -5  9  .00 4 9  2  .54722604065 111 9 32 5 5.02 1.04 2.3 5.4 11.6   22.4   55.0  105.1  .04179 3 7 8 3▲ 1.339.10 -.17  .1176.0012.6525.3737.24122640 6.7715.3826.12 7
20260530토10120011국454 3 52 4 3강 3351맑음양호 7 9 9글로벌서브      투아너앤글로벌퀸 6627.00한거 4 0 0 9 1   51      33000국4정호익장재형   1 412 21525 3 2 321  0코지  48657.588평도하25 24 249657.066.044.33358202032 92416162022142330195050 0↗↘입13.636.539.314.1952236.839.3 76.1 76.1 31 44 63 6   13.60   15.70 3 -1 -1HN동54.84811612 -.4 4.8 4.4585813 0부중효과전개최상34기 0 4 4     4 5 4④1:16.12     .913.539.714.2 -3 -6  .00 4 7  4 1.35224685155 111 9 32 4 1.0411.10 3.1 4.4  3.1   13.0   15.1    9.312.24388 3 8 9 3▲ 1.439.10 -.32  .3175.9516.6032.3144.34122640 5.3817.2129.14 5
20260510일 9120011국434 5 82 5혼전 4451맑음건조 5 9 9글로벌서브      투아너앤글로벌퀸 6627.00한거 4 0 0 2 1   42      33000국4정호익장재형   1 511 11425 2 2 320  0코지  49258.088평도하50 42 429057.059.031.03358202032 92416162022142330195050 0↗↘입13.636.539.414.1961536.042.0 77.6 78.0 38 44 69 6   13.50   13.70 3 -4  1NB동54.84811612  .8 4.0 4.8545413 0선입실패부중효과40기 0 5 3     2 2 6⑧1:17.64    2.613.641.815.7  5  5  .09 8 3 -4 2.691 3979116 211 8 51 3 5.01 3.06 2.3 3.9 19.3   16.5   66.6   65.6  .03073 0 6 7 0―  .639.70  .00 2.1276.0010.7720.2631.00 81728 7.5320.4932.59 4
20260418토 7120011국534 4 82 6 3강 3351맑음건조 5 9 9글로벌서브      투아너앤글로벌퀸 6627.00한거 4 0 0 2 1   56      33000국5정호익장재형   1 610 61325 1 2 319  0코지  48757.588평도하26 30 307841.059.028.23358202032 92416162022142330195743 0↗↘입13.636.539.414.2951536.639.0 74.7 75.8 40 47 67 7   14.90   14.00 4  3  4BB동54.44811612  .8 4.0 4.8545413 0부중효과마번불리63기 0 9 3     4 3 3③1:14.74     .813.538.713.7 -4 -6  .00 3 7  3  .84118583556 2 7 9 62 2 1.04 6.01 2.4 4.5  2.4   10.9   14.4   91.110.92772 1 6 6 1―  .739.00  .09 -.1376.00 7.1017.5628.18 51222 5.0711.3621.15 8
20260321토 7120011국414 6 62 7 1강 1151맑음건조 5 9 9글로벌서브      투아너앤글로벌퀸 6627.00한거 4 0 0 2 1   78      33000국4정호익장재형   1 7 9 51225 3 2 318  0조성환49353.554평선보61 70 709079.059.034.7 718 62032 92416 4 02214 917195743 0↘→추13.636.539.314.2942237.639.3 76.8 77.0 47 47 60 7   13.50   14.10 3  1  0NH동54.44811612 1.4 3.2 4.6545413 0전개최상부중효과36기 0 611     9 8 8⑧1:16.8¾   1.814.939.214.0  4  9  .05 8 4 -2 2.17770657331 211 4 40 3 1.03 1.02 1.5 4.3  1.5    4.3    6.0   14.9  .03474 0 6 6 0―  .639.40 -.06 1.2375.9511.7022.7534.6810233514.4727.0533.33 3
20260228토11120011국454 5 52 8혼전 4451맑음건조 3 9 9글로벌서브      투아너앤글로벌퀸 6627.00한거 4 0 0 9 1   63      33000국4정호익장재형   1 8 8 41125 2 2 217  0조성환48453.554평도보56 53 539372.064.045.4 718 62032 92416 4 02214 917195743 0↘→추13.636.539.214.1952536.539.2 75.1 75.8 36 50 64 7   13.50   14.40 5  0 -1NH동54.44811612 1.4 3.2 4.6545413 0일반주행전개최상70기 1 5 2     2 2 3②1:15.111    .013.538.914.1 -4-10  .00 2 6  2 1.93814633781 110 8 21 2 1.06 1.05 2.1 4.8  2.1   18.5   25.8   27.5  .05491 4 7 8 4▲ 1.439.00 -.29  .0575.8918.7134.4145.4113294615.1529.3840.69 2
20260124토10120011국423 4 22 9 1강 1151맑음건조 3 9 9글로벌서브      투아너앤글로벌퀸 6627.00한거 4 0 0 2 1   75      33000국4정호익장재형   1 9 7 31025 1 2 216  0조성환49454.054기도적27 18 188931.044.023.0 718 62032 92416 4 02214 917195743 0↘→추13.636.539.214.1952536.539.4 75.1 75.9 38 46 8515   13.30   15.50 5  4 -4NHDN54.44811612  .8 3.4 4.2575713-2전개최상기복전력 5기 0 5 3     2 3 4⑤1:15.12½   .913.539.314.4  1 -2  .00 5 4 -2 1.64515684455 211 8 71 1 1.05 3.02 1.7 2.2  1.7    8.8   12.3   20.4  .03461 1 5 5 1― -.239.00  .34  .1775.89 6.0313.2822.96 31017 4.5812.9621.80 7
20251221일 7140011국454 410210혼전 4451맑음다습13 9 9글로벌서브      투아너앤글로벌퀸 5932.00한거 3 0 0 2 1   9015:15 33000국4정호익장재형   110 6 2 225 1 2 215  0코지  49657.586우도하35 29 299860.062.036.23358202032 92416162022142330195743 0↗↘입13.636.340.014.2941736.042.6 88.7 90.9 42 50 7517   13.30   16.40 8 -8  0UL동54.44811612 -.2 2.6 2.4757513 0승군불리전개최상65기 0 1 1     1 1 6⑩1:28.73    3.213.341.715.5  4 -7  .0010 6  4 3.591 69792 9 111 8 41 1 4.0910.09     8.6  8.1   76.8  137.7  107.812.74191 2 8 8 2▲ 1.040.00 -.2314.5688.8014.5526.1036.2310233511.3425.8438.77 4
20251025토 8140011국453 410211혼전 4451맑음건조 5 9 9글로벌서브      투아너앤글로벌퀸 5932.00한거 3 0 0 9 1  191      33000국4정호익장재형   111 5 1 125 2 2 214  0마이아50357.593우도보90 85 858973.060.035.83452152032 92416391822143533 85743 0↘↗선13.736.339.914.1912535.943.3 91.3 91.6 33 50 5825   13.20   13.90 4  7  1BBDN54.44811612 -.6 3.2 2.6757513-2연대우수마번불리37기 0 9 1     1 2 9⑪1:31.311   3.513.343.416.4  9  6  .0111 2  1 3.594 39896 8 111 6 41 3 5.01 5.06 3.0 7.5  8.6   12.4   30.2   69.7  .03270 1 7 7 1△  .740.20 -.1615.3888.7311.8324.8735.8412264014.9127.1637.82 2
20250928일 61600 9국542 2 9212 1강 1151흐림불량20 9 9글로벌서브      투아너앤글로벌퀸 5932.00한거 3 0 0 9 2  248      33000혼4정호익장재형   112 4 5 225 1 2 113  0마이아49757.093평입하67 63 631478.072.058.93963 52550 72416391822143533 85743 0→↘선13.735.940.814.1881235.639.8 99.0101.5 36 45 5527   13.60   14.70 4 -5  1UB동54.44811612 -.8 3.4 2.6797913 0연대우수연대우수37기 0 2 1   1 1 1 2②1:39.03     .013.239.213.9  1 10  .00 2 1 -2  .610 8583075 1 9 5 11 2 8.01 7.02 1.7 4.3 43.7   19.4  117.0   70.712.03788 2 8 9 2▲ 1.940.80 -.8824.80103.428.1246.0458.9038607116.8129.6944.38 3
20250830토 8160010국452 310213 1강 1151맑음포화18 9 9글로벌서브      투아너앤글로벌퀸 5932.00한거 3 0 0 9 2  34019:10 33000국4정호익장재형   113 3 4 125 3 2 112  0조인권48756.071우도상91 90 901491.066.047.21738112550 72416223822142425135743 0↘→선13.735.940.013.9874835.741.3101.1103.0 40 50 5030   13.50   13.20 5  1  3NLUP54.44811612 -.6 3.6 3.0777713 3전개최상연대우수57기 1 7 3   3 3 3 3⑤1:41.1½   1.513.640.414.7  2  3  .00 5 3  1 2.15412867933 1 7 1 22 3 6.05 2.06     6.5 15.4   43.3  119.3   29.3  .04379 3 9 9 3★ 1.340.00 -.2327.05103.016.0733.0047.1613294631.2551.1265.22 1
20250727일 8130011국452 210214혼전 4451맑음건조 3 9 9글로벌서브      투아너앤글로벌퀸 5932.00한거 3 0 0 9 3  41814:30 33000국4정호익장재형   114 2 3 225 2 1 111  0조인권48453.568평입상79 82 829281.069.053.01729 82050102416223822142425135050 0→↘선13.736.739.513.9956137.038.1 80.6 81.7 33 44 5622   13.50   14.20 5  3 -1NHUP54.64801312  .0 3.0 3.0787813 1부중효과전개최상44기 0 6 1     1 1 1①1:20.6목    .013.537.713.2 -1 11  .00 1 2 -3  .0 52012 376 1 8 2 21 2 2.10 6.10    12.3  4.8   80.5  125.2  115.6  .04392 3 9 9 3★ 1.540.10 -.27 5.5082.7820.7939.7852.9818375427.5046.2456.52 1
20250622일 7120011국453 510215 2강 2251맑음다습12 9 9글로벌서브      투아너앤글로벌퀸 6627.00한거 3 0 0 2 3  51915:15 33000국4정호익장재형   115 1 2 925 1 1 110  0조인권47354.069평입하27 26 268769.056.031.61729 82050102416223822142425134060 0→↘선13.736.639.013.9865736.239.5 75.1 76.0 38 50 5025   13.30   16.30 4 -7 -2HH동54.74811312 2.0 2.8 4.8606013 0전개최상부중효과46기 0 3 2     1 1 2③1:15.12½   .413.539.114.2 -2 -5  .00 3 5  3  .544 5723870 2 4 7 41 1 8.04 7.09     7.0 25.6   67.7  254.7  168.9  .03482 2 7 6 2△  .738.90  .14  .3675.84 8.4819.7231.63 82134 9.5520.1435.62 4
20260912토 9120011외3 4 3  1 0혼전 4453           910루프톱          INSTAGRAJUST CAT 4027.00미수 3 0 0   1    017:25 41250국3홍윤화김한수   1 011 5 810 1 3 010  0마이아   58.093기입적50 55 556249.059.033.83452152350101919 0 035213533 85050 0↘↗선13.836.838.513.67648                   50 50 3350   13.60   13.8011  7  2BLDN55.94921412  .6 3.4 4.0575710-2교체실패기복전력 1   010                            13.6    13.8        .0                       3 7 4 4  1                                              .02069 0 6 7 0―  .838.50  .25     75.6710.8021.6133.79 8173210.1120.4331.14 5
20260627토10140011외352 2101 1혼전 4451맑음건조 4 910루프톱          INSTAGRAJUST CAT 2923.00미수 3 0 0 9 2  202      41250혼3홍윤화김한수   1 110 4 210 1 3 0 9  0우인철49556.073기입적72 73 736868.064.047.813 0 8 9 0 61919 0 035211128225050 0↘→입13.836.639.213.6753037.139.3 87.2 89.0 50 50 3350   13.80   13.10 5 -1 -1HHUP55.94921412 -.2 3.8 3.6626210 2전개최상작전마주77기 1 3 5     6 6 6⑥1:27.21½  1.413.638.813.8  4  9  .09 6 2 -1 1.44853434337 1 5 1 12 1 1.06 9.02 3.4 6.9  3.4   21.5   32.1   44.1  .03778 3 7 6 3△ 1.239.30 -.2313.1588.4522.0836.4947.7933536614.2926.3736.33 3
20260523토10120010외344 3 41 2 3강 3351맑음다습13 910루프톱          INSTAGRAJUST CAT 4027.00미수 3 0 0 2 1   71      41250혼3홍윤화김한수   1 2 9 3 710 5 3 0 8  0코지  48657.088기도적50 64 649178.068.044.23358202350101919462535212330196733 0↗↘입13.836.738.413.8784536.838.6 73.9 75.4 60 60 6040   13.60   13.70 2 -4  0HN동55.54931412 -.2 3.8 3.6626210 0연대우수전개최상39기 0 4 5     3 3 2③1:13.92     .313.837.813.1  0-14  .00 3 3  0  .72524442670 3 6 5 32 5 4.02 6.02 2.3 3.4  7.7   13.5   31.8   22.512.24180 2 8 9 2▲ 1.338.70  .07  .2875.5616.5432.0244.1919415515.7028.4541.44 3
20260509토10120011외353 4 51 3혼전 4451맑음건조 5 910루프톱          INSTAGRAJUST CAT 4027.00미수 3 0 0 2 1   31      41250혼3홍윤화김한수   1 3 8 2 610 4 3 0 7  0코지  50057.088기도적77 83 838183.069.030.63358202350101919462535212330196733 0↗↘입13.736.738.613.8823336.739.6 75.5 76.5 60 60 6040   13.90   12.90 7  3  3BN동55.54931412 -.3 4.5 4.3555510 0적정체중연대우수44기 0 8 3     5 5 8⑦1:15.5목    .713.639.113.7  4  4  .04 7 3  2 2.36322735560 310 4 52 4 6.11 9.10 3.1 4.0 16.4  553.4  795.3 2151.7  .03773 0 8 8 0▲ 1.239.00  .33 1.1775.6710.6020.5730.6333536615.5630.5542.33 1
20260322일10120011외324 4 71 4혼전 4451맑음건조 5 910루프톱          INSTAGRAJUST CAT 4027.00미수 3 0 0 2 1  126      41250혼3홍윤화김한수   1 4 7 1 510 3 2 0 6  0코지  49654.588기입적26 27 276551.055.028.63358202350101919462535212330195050 0↗↘입13.736.738.613.8833737.037.3 73.7 74.5 50 50 7550   13.50   14.50 3 -3 -3NUDN56.04921412 -.3 4.5 4.3555510-2전개최상기복전력74기 1 5 3     2 3 2①1:13.71    -.213.937.012.9  0 -1  .00 1 1 -8  .0 738 6 492 3 7 8 51 3 1.02 5.03 2.7 3.6  2.7    3.6    5.9   16.8  .03441 0 6 6 0―  .238.40  .39 -.7875.67 9.1419.0228.5510233513.3320.9925.07 5
20260301일 71400 9외434 6 31 5혼전 4451맑음건조 3 910루프톱          INSTAGRAJUST CAT 2923.00미수 3 0 0 1 1   56     110000혼4홍윤화김한수   1 5 6 6 110 2 2 0 5  0코지  49757.086우도보87 92 929484.072.043.03358202350101919462535212330195050 0↗↘입13.736.438.713.0897636.940.8 89.9 90.3 67 67 6767   13.80   12.90 4  5  1BNUP56.04921412  .7 3.0 3.7686810 2전개최상전개최상 5   0 8 2     4 5 6⑥1:29.95    2.513.541.014.5 -3  6  .00 6 9  8 4.68237858117 2 3 8 22 2 2.08 1.04 1.9 2.8  3.4   86.6  142.5  144.910.54191 3 9 9 3★ 1.739.80  .3315.1787.9717.1731.2942.9718375414.4726.9439.29 4
20260131토 6120011외452 6101 6혼전 4451맑음건조 2 910루프톱          INSTAGRAJUST CAT 4027.00미수 3 0 0 9 1   58      33000혼4홍윤화김한수   1 6 5 5 410 1 1 0 4  0코지  49156.588기도적42 35 359269.070.046.033582023501019194625352123301999 0 0↗↘입13.736.638.712.1884136.837.3 73.9 74.0 50 50 5050   13.70   13.50 2 -6 -1HV동55.54931210 1.0 4.0 5.0535310 0전개최상전개최상 5기 0 3 3     3 2 1①1:13.94    -.713.837.412.9  0 -3  .00 1 1  0  .0 227 6 296 2 6 8 12 1 1.05 3.04 2.4 5.7  2.4   17.5   24.8   29.110.64187 3 8 9 3▲ 1.538.30 -.10-1.3075.6719.2134.9445.9833536615.4627.3640.30 3
20260118일 9120011외442 2 91 7 3강 3351흐림건조 5 910루프톱          INSTAGRAJUST CAT 4027.00미수 3 0 0 2 1   2317:25 33000혼4홍윤화김한수   1 7 4 4 310 2 1 0 3  0장추열49457.593우선적97 98 989983.071.053.22950132350101919 027352120272299 0 0↘↗입13.736.637.812.1889837.738.4 75.4 76.3 50 50 5050   13.40   13.20 5  1  1BL동55.54931210-4.0 5.0 1.0979710 0전개최상전개최상39기 0 9 8     7 911⑧1:15.41¾  1.513.738.413.5  7  0  .09 8 1 -1 2.45973375234 2 1 2 20 3 5.0410.11     5.3 12.7   25.9   49.0  215.2  .04795 4 9 9 4☆ 1.739.00  .20 1.8875.1723.5541.1653.2218375417.8035.5950.44 3
20251213토 9120011외412 2 11 8혼전 4451비  불량20 910루프톱          INSTAGRAJUST CAT 4027.00미수 2 1 1 2 1  100      33000혼4홍윤화김한수   1 8 3 3 210 1 1 0 2  1장추열49457.093우도적51 52 529855.067.054.72950132350101919 027352120272299 0 0↘↗입13.736.637.312.1909736.438.4 72.8 75.0 50 5010050   13.30   15.60 4  7  1BN동55.54931210-4.0 5.0 1.0979710 0전개최상전개최상84기 1 8 2     2 2 2④1:12.8¾    .313.437.413.2  2-10  .05 4 2 -1  .71410351070 2 1 6 21 2 1.0611.06     2.1  1.3    9.4   11.5   19.1  .04997 4 9 8 4▲ 1.638.60  .43 1.1074.8922.1740.7354.6818375411.9023.7335.48 4
20251116일 8120011외454 2101 9혼전 4451맑음건조 3 910루프톱          INSTAGRAJUST CAT 4027.00미수 2 1 1 2 1  114     110000혼O홍윤화김한수   1 9 2 2 110 1 1 0 1  1이동하50456.091강도상97 35 3598  .072.041.43354152350101919 018352125241999 0 0↗↘선13.836.738.012.1889936.541.5 76.9 78.7100100100**   13.60   12.30 7 -5  1UVUP55.54931210         1.0    10 2승부호기전개최상 5   0 1 2     2 3 6⑨1:16.94    3.113.341.415.6  6 11  .00 9 3 -2 3.295129690 7 4 211 31 1 1.02 4.06 2.9 7.8  2.9    7.8   12.1   22.810.64498 4 9 9 4☆ 1.839.70  .38 3.9575.3316.7530.1041.40183754 8.1114.9759.51 7
20250927토 2100010외410 1 1110 1강 1155맑음다습12 910루프톱          INSTAGRAJUST CAT 4027.00미수 2     9 2  262      41250혼4홍윤화김한수   110 1 1 110 1 0 0 0  0장추열49355.593평무보81 35 3578  .072.061.2335017 9 0 61919 0273521202722      ↗↘입15.138.537.312.4 79936.736.6 60.1 61.5              15.10   12.70 4  0  0LL동       10 0         1.0     0 0승부조율승부호기45기 1 6 2     2 2 2①1:00.13    -.513.636.012.3 -4  6  .00 1 5  0  .01018 6 391 7 4 6 11 1 5.01 6.04 1.1 2.9 20.4    6.5   33.1    7.6  .04182 3 8 9 3▲ 1.736.20-1.17-14.363.2030.3450.0861.2137577010.3420.7532.42 5
20260912토 9120011국3 4 3  2 0혼전 4453           911월드참          테스타마블랙탄   1926.00한수 7 0 0   1    017:25 41250국3박지헌유성훈   1 01616 321 2 5 219  0조상범   58.058기선보50 26 2610 8.038.0 8.8 926 621451120 011 0201513221699 0 0↗→입13.737.139.114.65230                   41 35 4712   14.80   14.70 2  2  6VBDN55.75062014 -.8 9.2 8.4161613-6발길대로기복전력45기 111                            14.8    14.7        .0                       9111111  3                                              .012 8-4 2 6-4▼-1.039.10  .46     76.17 1.20 4.02 8.77 1 4 6 3.37 5.3811.4211
20260829토 8180011국254 1 52 1 3강 3351맑음다습12 911월드참          테스타마블랙탄   5043.00한수 7 0 0 9 1   33      495002등박지헌유성훈   1 11515 421 1 5 218  0조상범48352.556기선적 7  8  8 0 4.028.0 6.8 926 621451120 011 0201513221699 0 0↗→입13.739.941.214.650 541.042.0119.2121.7 44 38 5013   13.20   13.4010  2  0BHUP55.75062014-2.2 9.0 6.8313113 2작전마주마번불리55관 0 9 8 8 8 9 9 9⑩1:59.23    3.514.841.214.7  0-17  .001010    4.292798291 8 511 8110 2 1.03 6.08 2.5 5.0  2.5    6.5    9.4   14.0  .020 5-4 1 1-4▼-1.641.40  .2340.60119.0  .87 2.52 6.79 0 1 4  .97 2.90 7.0210
20260621일 91600 9국253 4102 2혼전 4459맑음포화16 911월드참          테스타마블랙탄   5333.00한수 7 0 0 2 1  173      495002등박지헌유성훈   1 21414 421 1 5 218  0유승완  052.569기선적42 40 401416.036.014.41860 821451120 014 0201515272299 0 0→↘입13.736.240.014.57125                   44 44 5013   14.80   12.6031  6  0NHDN55.75062014-2.2 9.0 6.8434313-4숨은탄력작전마주33관 1 7                    경제    14.8    12.6     0  .07                      4 6 6 90 1 3.01 5.10 3.1 6.3  5.4    7.6   15.6   20.1  .02024-1 3 2-1▽-1.140.00  .41     103.2 2.81 6.7214.41 2 510 7.2514.9724.00 7
20251116일112000 7국242 9 42 3 3강 3351맑음건조 3 911월드참          테스타마블랙탄   5043.00한수 6     2 4  619      495002등심승태김세민   1 31313 121 1 5 2 0  0조상범50052.556기선적 5  2  2 7 7.030.015.01471 9 5   612 0 714121313221699 0 0→→입13.739.241.714.0492239.345.3137.1135.2 47 53 4720   13.20   13.40 6 -1  1UNUP55.75062014-2.2 9.0 6.8434312 2주행중지기복전력 5관 0 1 5 5 4 5 5 6⑦2:17.18    5.914.245.216.8  1 -8  .00 7 6 -3 6.09450979711 3 7 7 82 1 3.02 5.03 2.3 3.4  4.4    6.3   12.1    3.4  .01411-2 2 1-2▽-1.340.80 -.3454.33132.3 2.21 6.5014.99 2 511 2.20 5.8812.50 7
20251004토10180011국234 8 82 4 1강 1151맑음다습10 911월드참          테스타마블랙탄   5043.00한수 6     1 2  222      495002등심승태김세민   1 41212 321 3 5 2 0  0오수철50852.059기선적 5  2  2 3 2.028.0 5.315 012 4 0 012 01714121311221599 0 0↗↘입13.739.741.214.06615                   47 40 4720   13.40   15.4033 -2  0UHUP55.75061814-2.8 9.0 6.2424213 2일반주행휴양불리33관 1 2          99        중지    13.4    15.4     0  .07   9  0               6 9 911010 6.02 1.03 2.2 4.7 18.7   28.1   84.9   75.7  .015 4-4 1 1-4▼-1.841.20  .34     118.9  .48 2.41 5.27 0 2 4  .12 1.84 3.7211
20250215토111600 9국223 1 72 5 1강 1151흐림건조 4 911월드참          테스타마블랙탄   5333.00한수 6 0 0 2 5  900      495002등유재길김세민   1 51111 421 2 5 215  0오수철50852.056기도적27 23 2314 9.037.015.31160 6 8 0 9 825 51412 011221599 0 0→↘입13.736.440.114.0603736.741.2103.1104.7 50 43 5021   13.80   14.70 6  1 -1HH동55.75061814-2.6 8.6 6.0444413 0전개유리기복전력 1기 0 4 2   2 3 4 6⑨1:43.12½  1.913.441.815.4  0 -1  .00 9 9  0 3.38867859027 4 9 9 80 9 2.08 2.07 2.4 3.3  2.6   35.8   45.9  119.7  .02522 0 4 3 0― -.840.10  .2528.16103.3 3.73 8.0715.31 2 3 7 1.25 4.10 8.1110
20250105일11160010국224 1 72 6혼전 4451맑음양호 7 911월드참          테스타마블랙탄   5333.00한수 6 0 1 1 5  99918:00 495002등유재길김세민   1 61010 321 1 5 214  1오수철50953.056기도적31 21 2114  .035.011.01160 6 8 0 9 825 51412 011221599 0 0→↘입13.736.640.114.0523736.241.3101.5104.0 54 46 5423   13.20   13.40 8 -1  1HNUP55.75061814-2.0 7.6 5.6464613 2출주취소기복전력 1기 0 3 3   3 2 2 5⑥1:41.52    1.813.840.314.7 -3  3  .00 6 9    2.38032868628 6 9 7 91 8 1.10 6.05     3.4  2.0   74.1   97.4   60.0  .02518-1 4 3-1▽-1.040.10  .2627.30103.4 1.70 5.2311.01 2 3 710.0018.3365.50 6
20241110일 9140010국254 1102 7 1강 1151맑음건조 5 911월드참          테스타마블랙탄   5333.00한수 5 0 1 2 6 1175:00   495002등유재길김세민   1 7 9 9 521 1 5 214  1문정균  052.060기선적25 14 1426 4.031.010.015751013  12 825 4 012 013192399 0 0↗↘추13.736.739.814.06533                   54 46 5423   13.80   15.30 6 -3 -1HHDN55.75061814 -.4 7.2 6.8313113-4일반주행기복전력 1기 0 4                    취소    13.8    15.3     0  .07                      510 9 90 1 5.07 5.08     8.7  5.8   36.1   49.8   43.9  .01522-2 2 1-2▽-1.239.80  .34     88.93 1.26 4.82 9.98 1 4 9 1.15 3.24 8.4810
20240929일 7180014국252 4102 8혼전 4451맑음건조 4 911월드참          테스타마블랙탄   5043.00한수 5 0 1 9 7 130915:401100002등유재길김세민   1 8 8 8 321 7 5 213  1오수철50653.057기선적38 27 27 629.038.0 7.2 450 2 0   0 825 51412 011221599 0 0↘↗입13.739.841.014.0632238.642.9118.2120.0 58 50 5025   13.70   13.40 8 -3  1NNUP55.75061814 -.6 6.2 5.6383813 4부중유리기복전력 1   0 7 1 1 2 3 3 7⑩1:58.21¾  2.413.842.315.3 -2  8  .001012  3 2.871 4917016 31412120 7 2.13 4.08     9.7  4.7  266.0  438.2  776.7  .03113-2 4 2-2▽-1.041.30  .3239.21118.9 1.00 3.21 7.15 0 1 2 1.95 8.6411.7411
20240803토 9140011국234 1 82 9혼전 4451맑음건조 3 911월드참          테스타마블랙탄   5333.00한수 5 0 1 1 8 144518:00 495002등유재길김세민   1 9 7 7 521 6 5 112  1오수철49852.058기선보50 52 522025.036.011.814331213 0 6 825 51412 011221599 0 0→↘입13.636.739.614.2673037.837.5 85.4 87.6 55 45 5518   14.00   14.5010  1 -1BHDN55.75061814  .0 4.6 4.6535313-4일반주행마번불리 1기 010 4     3 2 2②1:25.46     .013.736.813.4 -7 -2  .00 2 9  3 1.1 782 2 879 311 9 92 6 1.09 6.10     3.4  2.1  100.1  111.3   98.4  .01517-2 3 2-2▽-1.138.90  .4111.3088.80 1.83 5.0611.84 2 510 7.2115.3222.94 6
20240525토11180011국253 910210혼전 4451맑음건조 3 911월드참          테스타마블랙탄   5043.00한수 5 0 1 9 9 164718:00 495002등유재길김세민   110 6 6 221 5 5 111  1오수철50052.557우선적14 11 112430.035.010.9 7 0 71999 8 825 51412 011221599 0 0↗→입13.639.640.714.2753039.741.1118.2118.7 60 50 6020   13.60   14.80 6  2 -6LHUP55.75061814  .4 3.4 3.8656513 2작전마주거리속성 1기 1 9 2 2 2 2 1 2⑦1:58.21½   .714.041.514.5  1 -7  .00 7 6 -3 2.23528685265 210 7 91 5 1.04 2.03     5.3  2.6    8.1   12.6   32.7  .02030 0 5 5 0―-1.041.30  .3738.42118.7 1.57 5.0810.92 2 510 4.0415.6121.70 6
20240414일 6160010국252 210211혼전 4451맑음건조 4 911월드참          테스타마블랙탄   5333.00한수 5 1 1 2 9 177014:50 825002등유재길김세민   111 5 5 221 4 5 110  1오수철50758.058우도적71 71 711456.048.023.1 7 0 71999 8 825 51412 011221599 0 0↗→입13.636.238.913.4758536.241.4102.2103.9 67 56 6722   14.50   13.50 5  1  6NVDN55.75061814  .2 2.2 2.4787813-2승부조율작전마주 1   0 7 2   2 3 3 4⑥1:42.25    2.213.640.714.8 -3  5  .00 6 9  2 2.57832878718 3 5 8 72 4 5.03 3.10     6.8  7.6   20.0   45.5   21.6  .03445 0 6 5 0― -.138.90  .7028.82102.5 5.2214.0523.05 41118 8.2017.0029.35 6
20240309토111800 8국232 4 8212 1강 1153맑음건조 4 911월드참          테스타마블랙탄   5043.00한수 5 1 1 210 188618:00 495002등유재길김세민   112 4 4 121 3 5 1 9  1오수철50252.059강선보60 61 617569.051.044.3 6 0 5 733 4 825 51412 011221599 0 0↗↗입13.539.340.613.1923340.539.1120.7118.7 75 63 7513   13.70   14.60 5  2  0NHUP55.75061814  .0 1.0 1.0969613 4만회노력작전마주 1관 0 6 2 2 2 3 3 4⑤2:00.7¾   1.314.539.513.5 -2-10  .00 5 7  0 1.43560141843 1 5 3 42 3 1.02 5.03     4.2  2.9    4.2    8.0    8.9  .03365 1 7 7 1―  .241.60 -.2538.80118.515.3031.0544.2910233519.7436.9455.79 3
20240203토11140012국254 210213혼전 4451맑음양호 7 911월드참          테스타마블랙탄   5333.00한수 5 1 1 110 197418:00 495002등유재길김세민   113 3 3 421 2 5 1 8  1오수철51252.061강도하50 60 609238.043.019.4 6 0 5 733 4 825 51412 011221599 0 0↗↗입13.436.339.213.1933036.940.7 88.9 89.9 86 71 8614   14.10   14.50 4 -3  1HNDN55.75061612  .2 1.0 1.2959513-2유망전력전개최상 1기 1 4 3     2 3 6⑧1:28.91    1.913.740.614.6  1  3  .00 8 7  0 3.27636837926 3 9 9 91 2 3.09 8.07     9.4  5.1   73.2  111.4  123.5  .04166 0 6 5 0― -.339.80  .7214.4288.25 5.1512.1819.38 1 4 6 4.5910.3019.41 9
20240107일11160010국254 910214 3강 3351맑음포화17 911월드참          테스타마블랙탄   5333.00한수 5     111 204918:00 495002등유재길김세민   114 2 2 121 1 5 1 0  0오수철50951.064강도하56 68 681457.046.020.11043 3 3 0 0 825 51412 011221599 0 0→↗입13.435.839.513.1964136.342.7103.8104.9100 8310017   13.70   74.9029  1 -1NUUP55.75061612  .3 1.0 1.3949413 2전개최상최적전개 1기 0 7 7   7 91010⑧1:43.83    3.014.141.514.5  1  5  .00 8 7  6 3.99140969617 1 6 6 80 1 3.04 3.06     6.2  5.6   22.2   36.4   17.612.13463 0 7 7 0― -.139.50  .6829.63102.6 4.2111.7320.06 2 511 5.0015.5625.89 6
20230617토10140011국242 1 9215 1강 1151맑음건조 4 911월드참          테스타마블랙탄   5333.00한수 4     214 265118:00 495002등유재길김세민   115 1 1 321 2 5 1 0  0김용근50452.093강도보93 99 999893.062.041.83263 8 3 0 0 825183812 031271499 0 0↘↗선13.436.339.813.1974136.541.0 88.6 90.4100 8310017   13.30   13.6027  2 -4NU동55.75061412  .3 1.0 1.3939313 0전개최상전개최상 1기 1 6 5     3 3 6⑪1:28.6½   1.813.740.574.9 10 -8  .0211 1  0 1.98517877728 1 9 2 20 3 2.04 5.09     6.7  4.1    8.3   14.8   30.3  .04194 3 9 9 3▲ 1.039.90 -.2514.3388.6616.6230.6141.7818375424.3944.5248.08 2
20260912토10120011국2 4 1  3 0혼전 4451          10 1태평레전드      AFLEET A서치포새 60     한수 4       1    017:55 495002등박병일에스지이 3 016 1 1 0 1 5 1 0  0김용근   52.587기선보76 62 628463.049.024.42751141336 62231 0 024133127148317 0↘↘선13.936.838.513.07773                   58 58 3342   14.00   13.3033 -7  0UHDN54.34782012  .8 5.2 6.0515118-4일반주행마방연대44기 0 1                            14.0    13.3        .0                       6 9 7 7  1                                              .02375 0 6 7 0―  .038.50  .54     75.67 6.7215.0824.39 31017 9.4020.3331.15 5
20260124토11160010국253 1103 1 3강 3351맑음건조 310 1태평레전드      AFLEET A서치포새 60     한수 4 0 0 2 4  644      495002등박병일에스지이 3 115 5 515 1 5 114  0해리카49652.573우선보45 50 501447.043.019.31825 83062 72231172124131726128317 0↗↘입13.936.039.213.0828336.342.7103.0105.5 64 64 3645   13.50   14.00 9  6  0LHUP54.34782012 -.2 4.4 4.2707018 2마방연대마방연대 5관 0 8 3   3 3 410⑩1:43.03    4.013.541.514.8  1  0  .0010 9  2 4.493439596 6 4 4 8 90 1 1.04 7.05 2.3 6.3  2.3    6.5    9.7    8.111.23050 0 6 6 0― -.539.20  .7530.30102.6 4.8210.6619.25 2 510 8.1515.8524.03 7
20251122토11140011국241 1 93 2혼전 4451맑음건조 310 1태평레전드      AFLEET A서치포새 60     한수 3 0 0 2 1  18518:00 495002등박병일에스지이 3 214 4 215 1 5 113  0임기원49652.589우선하43 55 558954.057.027.21939 91336 62231 0 024132333168317 0↘↗입13.936.738.913.0698736.440.3 87.3 89.4 70 60 3050   13.80   14.90 7 -3 -1HHDN54.34782012 -.6 3.6 3.0797918-4전개최상마방연대50기 0 2 1     1 3 6⑧1:27.31¼  1.313.539.514.0  1 16  .00 8 7  4 1.56416755741 8 5 8 51 1 4.01 5.03     4.9  9.0    6.4   20.6    8.9  .04183 0 7 8 0―  .539.30  .4513.7588.32 7.7916.8127.16 81728 6.9815.2724.94 8
20251004토10180011국234 8 83 3 1강 1151맑음다습1010 1태평레전드      AFLEET A서치포새 6041.00한수 3 0 1 1 2  222      495002등박병일에스지이 3 313 3 215 1 5 112  1장추열48053.593강선하73 63 639282.063.060.23350171933 52231 02524132027228317 0↗↘입13.939.540.113.1817338.743.3118.7120.7 70 70 5030   13.30   14.40 4 -3 -2NHUP54.34782012-1.4 2.6 1.2959518 4편성탐색전개최상78기 1 5 3 3 3 4 3 6⑥1:58.74    1.813.843.114.9  3-10  .09 6 3 -3 2.083 5948033 4 2 2 12 1 6.02 1.03 2.2 4.7 18.7   28.1   84.9   75.7  .06099 4 9 9 4☆ 1.441.70 -.5241.10118.428.3948.6860.1833536617.9235.0248.30 2
20250906토 6140011국222 4 73 4혼전 4451비  다습1310 1태평레전드      AFLEET A서치포새 60     한수 3 0 1 1 2  321      82500국O박병일에스지이 3 412 2 11512 5 111  1이동하49055.090강도하69 67 678767.062.035.32547161933 52231323324132524198317 0→↗선13.936.538.813.1838536.341.3 87.3 89.5 78 78 4433   13.30   15.1015  1  0LNDN54.34782012 -.8 2.4 1.6919118-6승군탐색작전마주 5   0 8 1     2 4 7⑩1:27.3¾   2.213.340.214.4  4 22  .0010 6  1 2.365 9917920 6 3 6 4012 1.07 1.10 1.6 3.0  1.6   30.6   37.0   25.3  .04583 3 9 9 3★ 1.139.50  .4214.2088.1113.1523.9135.33 8172810.6121.5630.00 4
20250518일 7200011국212 8 63 5혼전 4451맑음다습1110 1태평레전드      AFLEET A서치포새 6041.00한수 3 1 1 2 4  61915:151100002등박병일에스지이 3 511 1 11511 5 110  1이동하46855.085강선보95 99 995678.058.036.03062123062 72231323324132524198317 0↗↘선13.939.140.813.1736537.842.7132.7132.2 78 78 4433   14.10   14.10 3 -2 -3NNUP54.34782012-1.0 2.6 1.6909018 2전개최상작전마주 5   0 7 2 2 2 4 8 9⑨2:12.78    2.613.342.715.1  4-10  .01 9 5  3 3.369 2897118 3 5 1 3011 1.0411.03     7.5  1.6    8.2   12.2   29.210.53448 2 9 7 2▲  .740.70 -.2752.25131.412.5225.1635.9510233513.9725.7638.46 2
20250426토 9180011국351 5 53 6 2강 2251맑음양호 810 1태평레전드      AFLEET A서치포새 6041.00한수 3 0 1 9 4  69017:30 41250국3박병일에스지이 3 610 2 11510 4 1 9  1이동하47857.585강입상90 94 949394.069.063.43062123062 72231323324132524198020 0↗↘선13.939.740.213.1756939.339.6116.9117.2 75 75 3838   13.50   13.90 5  5  6BBUP53.74781812  .0 2.0 2.0888813 2작전마주전개최상 1기 0 9 1 2 2 2 2 1①1:56.91½  -.214.140.614.1 -1 -1  .00 1 2  0  .0 51624 693 1 3 1 1110 2.03 9.04     4.8  3.8    8.9   14.1   61.6  .06093 4 9 9 4☆ 1.741.00 -.6837.33118.529.8150.6763.3819415531.5458.1271.78 1
20250322토 9160010국344 5 93 7 1강 1151맑음건조 410 1태평레전드      AFLEET A서치포새        한수 3 0 1 2 4  79517:30 41250국3박병일에스지이 3 7 9 1 415 9 3 1 8  1이동하47952.085우도상97 96 961488.061.039.63062123062 72231323324132524197525 0↗↘선13.936.139.313.1797636.438.7101.8101.4 71 71 4343   13.70   13.80 5  1 -3HU동54.14781612  .4 2.4 2.8777713 0적정체중작전마주 1기 1 4 2   2 2 2 1①1:41.84    -.813.539.913.9 -1  1  .00 1 2 -3  .0 845272297 210 2 41 9 2.01 4.05     5.1  3.8    6.4   12.1   10.1  .02562 1 8 8 1▲  .839.30  .1625.96102.711.9424.6939.5610233517.8633.6749.12 4
20250216일 9160010국420 5 73 8 1강 1151흐림건조 410 1태평레전드      AFLEET A서치포새        한수 3 0 0 2 5  89117:00 33000국4박병일에스지이 3 8 8 3 315 8 2 1 7  0이동하47855.086우입하54 59 591474.062.035.61638 92650152231323324132524196733 0→↗선13.936.239.413.1717335.838.5101.3100.8 67 67 3350   13.90   14.80 4 -2  1HN동53.84781612  .5 2.8 3.3717113 0숨은복병작전마주 1기 0 3 1   1 1 1 1①1:41.35    -.913.739.713.8 -4 -5  .00 1 5  3  .0 11421 597 2 3 7 41 8 5.01 3.02     4.2  9.1    8.7   21.4   28.3  .03768 3 8 9 3▲ 1.039.40  .1625.15102.811.9923.9335.61102335 9.7120.6531.13 4
20250118토 7160010국414 5 63 9혼전 4451맑음건조 410 1태평레전드      AFLEET A서치포새        한수 3 0 1 2 5  97015:15 33000국4박병일에스지이 3 9 7 2 215 7 2 1 6  1이동하48354.086우입보84 88 881480.065.044.21638 92650152231323324132524196733 0→↗선13.936.339.413.1667336.540.2104.4103.4 67 67 3350   14.10   13.40 5 -3  2NN동53.84781612  .0 3.3 3.3707013 0작전마주작전마주 1기 1 5 4   4 6 710⑧1:44.41½  1.213.941.414.8  6 -2  .05 8 2 -1 2.06755677344 7 3 2 20 7 4.03 2.01     4.5  9.7   14.8   36.4   71.210.53064 2 8 9 2▲ 1.139.40 -.0727.73102.916.6730.6444.2418375421.0035.7548.11 1
20241214토 71600 8국452 7 5310 1강 1151맑음양호 810 1태평레전드      AFLEET A서치포새        한수 2 0 0 2 6 108115:40 33000국4박병일에스지이 310 6 1 115 6 2 0 5  0이동하48552.091평입보88 85 851494.069.066.82747 81850 42231323324132524195050 0→→선13.936.139.213.1808036.338.9102.6101.9 60 60 4060   13.70   13.40 4 -1 -3VUUP54.84741612 1.0 3.5 4.5575713 3전개최상작전마주 1기 2 8 2   2 2 2 2②1:42.62½   .014.139.313.4 -1 10  .00 2 3  2  .52036342688 2 3 2 11 6 4.03 4.08     4.8  5.7    9.3   19.3   10.412.03471 2 9 9 2▲ 1.539.20 -.4326.61102.628.5851.9166.8138587034.1762.3977.48 1
20241116토 5130011국513 1 6311혼전 4451맑음건조 310 1태평레전드      AFLEET A서치포새        한수 2 0 0 2 6 117014:00 24750국5박병일에스지이 311 5 2 215 5 1 0 4  0이동하47554.591평입보70 59 599381.068.053.82747 81850 4223132332413252419 099 0→→선13.936.838.713.1909636.838.1 80.9 82.0 50 50 2550   13.60   13.60 3  2  0BU동55.04731312 1.0 5.0 6.0303013 0작전마주전개최상 1기 2 9 3     2 2 1①1:20.93    -.613.738.413.4  0 -1  .00 1 1  0  .0101313 291 3 1 4 21 5 1.06 9.06     5.5  2.1   12.9   19.2   18.1  .04186 3 8 8 3▲ 1.440.00  .13 6.4982.3322.5242.2253.8018375426.1946.7844.07 1
20241027일 5130011국513 3 6312혼전 4451흐림다습1210 1태평레전드      AFLEET A서치포새        한수 2 0 0 9 7 122314:00 24750국5박병일에스지이 312 4 1 115 4 1 0 3  0이동하47654.586강입상87 35 3584  .067.052.8253817 725 0223132332413252419 099 0→→선13.937.238.812.9639836.838.9 81.4 82.4 67 33  067   14.00   12.80 4  5 -1BUUP55.04731312         1.0    12 1거리늘어작전마주 1   0 7 3     4 2 1③1:21.4½    .113.638.813.6  2  3  .00 3 1 -2  .52212361173 6 311 12 4 2.08 2.01     4.6  7.4   38.0   66.3   20.012.73275 2 8 8 2▲ 1.339.70 -.14 6.4482.6521.5739.7352.8038587016.0028.2181.10 3
20240928토 2120012국641 3 9313혼전 4455맑음건조 510 1태평레전드      AFLEET A서치포새        한수 2 0 0 9 7 132411:00 24750국6박병일에스지이 313 3 3 215 3 0 0 2  0이동하47355.087우입보62 35 3586  .067.041.3253817 725 0223132332413252419      →→선13.936.938.512.9748737.237.3 74.1 74.7 50  0  050   13.80   13.80 6 -5  0HH동       1210         3.0    10 0일반주행보통주행 1기 0 2 5     4 3 3①1:14.11    -.214.037.212.8 -2 10  .00 1 3  1  .0 849 6 689 9 9 9 22 3 3.02 2.12     4.7  3.9    4.8   10.7    5.012.73070 2 7 7 2△ 1.338.30 -.01 -.7075.7215.5929.7941.33194056 8.3316.6725.00 2
20240817토 1120010국641 5 9314혼전 4455맑음건조 410 1태평레전드      AFLEET A서치포새        한수 2 0 0 2 8 143010:35 24750국6박병일에스지이 314 2 2 115 2 0 0 1  0이동하46355.088하입보72 35 3573  .061.041.62342122071 8223132332413252419      ↗→선13.837.038.312.9719836.938.8 75.8 76.0  0  0  0**   13.70   13.00 6  6  0BHUP       1210         6.0    10 2마방기습보통주행 1기 1 7 2     2 2 3③1:15.8½    .013.839.113.8  1 12  .00 3 2 -3  .14528513585 8 7 7 21 2 8.03 6.09     6.0 22.6   34.3  102.5   39.7  .03154 1 6 6 1― 1.138.50  .02  .6975.6715.1628.1341.5719395510.3420.4732.50 6
20240706토 1100012국210 1 6315혼전 4455흐림포화1710 1태평레전드      AFLEET A서치포새        한수 2     1 8 153310:35 247502등박병일에스지이 315 1 1 115 1 0 0 0  0이동하45155.088평무보   35 3540  .053.021.72342122071 8223132332413252419      ↗→선13.837.137.812.6    36.936.9 61.7 62.6              13.80   12.90        NN동       10 0                 0 0일반주행마방기습 1기 1 1 5     5 6 6⑥1:01.71¾  1.713.737.313.0  1 -1  .00 6 5  0 2.2383011 828 9 9 9 62 1 1.09 3.04     5.5  1.6   41.3   58.1  101.712.73067 2 7 8 2▲  .437.80  .42-12.362.71 5.6613.1621.69 51222 8.3316.6725.00 1
20260912토10120011외2 4 1  1 0혼전 4451          10 2마이티조이      런해피  LADY CIT 7920.00미수 4 0 0   1    017:55 495002등서홍수조제형   2 014 6 913 3 2 413  0김태희   51.562우선보50 62 629747.049.024.31248 61850 724291913261615241699 0 0↘→입13.636.438.713.69653                   55 55 64 9   13.20   14.40 3 -4 -1HU동53.54701412  .0 4.4 4.4676714 0전개최상전개최상52기 0 2                            13.2    14.4        .0                       110 6 8  7                                              .04168 0 6 6 0―  .038.70  .65     75.56 6.6414.9424.27 2 511 9.4017.0725.41 6
20260823일10120011외214 1 61 1혼전 4451맑음다습1310 2마이티조이      런해피  LADY CIT 7920.00미수 4     2 1   41      495002등서홍수조제형   2 113 5 813 2 2 4 0  0김태희48852.062우도보71 77 779776.060.039.41248 61850 724291913261615241699 0 0↘→입13.636.438.713.6965735.939.8 73.6 75.8 60 60 6010   14.00   13.7029  3 -1NUDN53.54701412 -.8 3.6 2.8808012-2일반주행전개최상34관 0 6 3     4 4 5⑨1:13.6코   1.613.238.714.4  1 26  .00 9 8  1 2.343 2783934 110 2 20 6 1.03 2.08 2.2 4.9  2.2    4.9    7.7   10.112.74183 2 8 8 2▲  .839.10  .22  .7075.5613.7126.2039.4212264014.6829.1139.40 2
20260131토11140011외214 1 61 2혼전 4451맑음건조 210 2마이티조이      런해피  LADY CIT 79     미수 4 0 1 9 3  563      495002등서홍수조제형   2 212 4 513 1 2 411  1김태희46252.564강도하92 87 879565.057.029.9 733 323471324291913261615241699 0 0→↗입13.636.339.613.7943736.639.9 87.3 89.0 67 78 5611   13.00   14.50 6  0 -2HHUP53.54701412 -.6 2.4 1.8888814 2전개최상전개최상 5기 1 3 2     3 3 2⑦1:27.31    1.113.638.814.1  0 -2  .00 7 7  3 2.14921634449 111 6 40 5 1.02 5.04 2.1 6.1  2.1    6.1   10.4   15.312.74183 2 7 8 2▲  .739.60  .1813.1088.52 8.5219.1329.94 82134 8.5317.4927.82 5
20251221일11120011외254 1101 3혼전 4451맑음다습1310 2마이티조이      런해피  LADY CIT 7920.00미수 3 0 1 2 1  10718:00 495002등서홍수조제형   2 311 3 713 2 2 410  1해리카46454.069강도보53 53 539857.058.030.61444111850 724291813261617261299 0 0↗→입13.636.538.713.7955335.639.6 73.1 75.3 67 78 5611   13.30   15.50 8  1  2HNDN53.54701412 -.6 2.8 2.2868614-2전개최상전개최상86기 2 3 2     2 2 2⑨1:13.1½   1.013.038.514.5  5 -4  .09 9 4 -1 1.724 1732150 210 7 41 2 1.07 9.11     6.2  2.8   20.7   32.5   94.1  .04490 4 8 8 4▲  .938.80  .39  .1075.61 9.4520.0630.57 81728 6.2516.7326.84 8
20251025토11140011외224 1 71 4혼전 4451맑음건조 510 2마이티조이      런해피  LADY CIT 79     미수 3 0 1 9 1  188      495002등서홍수조제형   2 410 2 413 1 2 4 9  1해리카46852.567강도보80 94 949669.055.025.41444111850 724291813261617261299 0 0↗→입13.736.339.613.7903735.842.0 88.6 90.5 67 56 5611   13.10   14.4017 -9  1HN동53.54701412  .2 2.4 2.6828212 0유망전력전개최상47기 0 2 1     1 1 8⑩1:28.64    2.513.341.415.5  5 -4  .0310 5  2 2.786 2958416 210 4 61 1 1.0711.01 2.4 3.6  2.4   25.4   37.1   66.910.54186 2 7 7 2△  .540.00  .3214.6188.52 6.8115.4525.43 51222 9.0918.1330.07 6
20250628토 9140011외234 2 81 5혼전 4451맑음다습1110 2마이티조이      런해피  LADY CIT 79     미수 3 0 1 9 3  506      495002등서홍수조제형   2 5 9 1 313 1 2 3 8  1김태희47252.064강도보80 93 937873.055.029.6 733 323471324291913261615241699 0 0→↗입13.736.439.513.7864136.239.7 86.4 88.6 63 63 5013   13.20   14.30 4  6  0VU동53.94701412 -.8 3.2 2.4828212 0승부최상작전마주53기 111 1     1 1 1②1:26.42½   .013.138.914.4 -1 -2  .00 2 3  0  .434 8622877 3 8 2 41 4 2.03 7.11 2.8 4.4  2.9    8.3   11.6   18.710.53477 1 8 8 1△  .539.40  .1812.7088.52 8.9118.8529.64 8213414.1726.7236.29 4
20250531토10140011외344 2 91 6혼전 4451맑음건조 410 2마이티조이      런해피  LADY CIT 79     미수 3 0 1 9 3  58418:00 49500혼3서홍수조제형   2 6 8 3 213 1 2 2 7  1문세영47452.073우도보77 90 908978.065.045.43745 0234713242946 0261629361599 0 0↘↗입13.836.639.513.7774136.139.9 86.2 88.4 57 57 4314   13.50   14.00 5  1 -4NUUP54.54691412-1.2 4.2 3.0767612 2승부조율승부최상67기 1 5 1     1 1 1②1:26.2¾    .013.238.814.3 -1  7  .00 2 3  2  .127 5672978 610 4 21 1 4.03 2.05     6.3  5.6   15.0   31.3   12.710.54496 2 9 9 2▲ 1.239.20 -.3312.3088.6619.2934.1645.3833536616.3829.4442.98 3
20250427일 9120011외314 3 61 7혼전 4451맑음양호 610 2마이티조이      런해피  LADY CIT 7920.00미수 3 0 1 9 4  68017:00 41250혼3서홍수조제형   2 7 7 2 613 3 2 1 6  1김태희46756.072우선상83 92 928876.062.029.21743 530461624291913261615241699 0 0↘→입13.836.738.513.7816536.238.8 74.0 75.3 50 50 3317   13.40   14.00 5  0  4HN동54.54691412-1.8 5.0 3.3747412 0부중유리작전마주 1관 0 4 2     2 2 1②1:14.0¾    .013.538.314.0  1 -4  .00 2 1 -3  .220 4501487 5 8 2 51 3 7.01 5.04     4.9 28.2   15.5   53.8   25.010.53780 2 8 9 2▲  .938.60  .45  .0775.61 8.8318.9529.17 5122211.9423.4028.14 4
20250323일11120011외344 1 91 8혼전 4451맑음건조 410 2마이티조이      런해피  LADY CIT 7920.00미수 3 0 0 2 4  78318:00 41250혼3서홍수조병태   1 8 6 1 513 2 1 1 5  0김태희47152.072우입보77 88 888158.052.028.91743 530461624281920261615241699 0 0↘→입13.836.938.413.7726936.138.7 73.7 75.2 40 40 2020   14.10   13.30 6  0 -5HU동55.84681412-2.0 5.0 3.0737312 0작전마주우수능력 1기 0 4 2     2 2 1①1:13.75    -.913.438.414.0 -3  2  .00 1 4  3  .019 4471194 7 4 4 51 2 4.02 4.07     6.2  7.4    9.7   22.7   27.610.53269 2 6 7 2―  .438.40  .39 -.0975.67 8.9818.8828.90102135 8.7418.8729.82 4
20250209일 8120011외452 4101 9혼전 4451맑음건조 410 2마이티조이      런해피  LADY CIT 7920.00미수 3 0 0 1 5  91416:05 33000혼4서홍수조병태   1 9 5 5 413 1 1 0 4  0김태희46957.066평입보73 80 807864.066.043.619441230581124281920261615241699 0 0→↘입13.837.038.414.0676937.338.1 75.6 75.5 25 25 2525   13.90   14.30 4 -7  1HNDN55.84681412-4.5 7.0 2.5787812-2편성만만작전마주 1기 1 4 5     5 5 3②1:15.62½   .014.138.413.3  1  5  .00 2 1 -4  .52954242580 4 2 2 33 1 5.01 3.04     7.7  7.6    8.2   19.4   17.212.73472 2 8 8 2▲ 1.238.40 -.10  .1475.7216.1230.5043.5912264011.8325.8130.73 4
20250111토 7140011외432 2 8110 1강 1154맑음건조 510 2마이티조이      런해피  LADY CIT 79     미수 3 0 0 2 5  99215:15 33000혼4서홍수조병태   110 4 4 113 4 1 0 3  0코지  46456.578평입하55 64 645967.069.047.2164011305811242833 0261623301999 0 0↗↗입13.837.039.514.0503736.239.9 88.3 88.8 33 33  033   13.80   14.30 4  2  0VNUP55.04711412-5.0 9.0 4.0717112 2승부호기작전마주 1기 011 3     2 2 1④1:28.3½    .213.939.914.3 -1-12  .00 4 5  4  .643 8683471 4 6 2 21 4 3.01 6.05     7.2  4.9    7.2   16.4   20.412.03965 2 8 9 2▲ 1.338.90 -.6412.3288.9316.6833.5347.1518375412.6127.1030.46 4
20241214토 9120011외420 3 7111 3강 3359맑음양호 810 2마이티조이      런해피  LADY CIT 7920.00미수 2 1 1 2 6 107917:00 33000혼4서홍수조병태   111 3 3 313 3 1 0 2  1코지  47656.587우입적99 35 3590  .074.055.61941 62845 9242833 0261623301999 0 0↗↗입13.837.238.013.6549336.938.9 75.6 76.0 50 50  050   13.60   12.90 7  1  2BL동55.04711212         1.0    12 0승부호기승부호기 1기 1 9 3     3 3 2④1:15.61¾   .613.838.814.3  3  5  .00 4 1 -4 1.74728533862 4 310 22 3 2.05 4.11     3.2  2.6   15.8   23.8   20.712.23982 3 9 9 3★ 1.738.40 -.33  .8375.6126.1443.8155.5933536612.3723.9165.07 4
20241026토 2120012외420 3 7112혼전 4455맑음다습1410 2마이티조이      런해피  LADY CIT 7920.00미수 2 0 0 9 7 123711:00 41250혼4서홍수조병태   112 2 2 213 2 0 0 1  0코지  47155.093평입상52 35 3573  .072.055.5275612226313242833 02616233019      ↘↗입13.837.338.913.6435737.136.9 72.9 74.2  0  0  0 0   13.60   13.50 4  7  0BH동       1212         4.0    12 0마방승부승부호기 1   0 8 1     1 1 1①1:12.9코    .013.636.412.9 -4  4  .00 1 5 -4  .0 239 2 277111111 11 2 5.03 8.11     2.9 11.8   32.7  106.4   98.112.73477 2 7 9 2▲ 1.637.70 -.89-2.0376.1726.5843.5855.54335366 8.4516.7326.57 8
20240928토 3120012외251 310113혼전 4455맑음건조 510 2마이티조이      런해피  LADY CIT 7920.00미수 2     9 7 132312:05 412502등서홍수조병태   113 1 1 113 1 0 0 0  0코지  46755.093평무보   35 3540  .063.045.0275612226313242833 02616233019      ↘↗입13.836.738.513.3    37.238.8 75.3 76.2              13.80   13.60        NN동       12 0                 0 0일반주행마방승부 1기 0 1 3     5 5 4④1:15.31¾   .413.638.613.5 -5 11  .00 4 9  0 2.65247494668 1 1 1 12 1 2.03 4.07     8.0  4.6   12.2   24.0   30.7  .04179 3 8 9 3▲ 1.138.90 -.01  .9975.6119.0232.6345.02102335 8.3316.6725.00 1
20260912토10120011외2 4 1  2 0혼전 4451          10 3선더드림        CLOUD COTHE MAGI 15     미거 5 0 0   1    017:55 495002등백종수변갑한   2 01616 722 2 2 422  0이동하   54.591평입보50 48 485331.055.027.733541538712245 0 0356050252419175017↗↘선14.037.338.013.64883                   53 58 1647   14.10   13.90 5 -7 -1HHDN54.84702012 -.6 6.8 6.2494912-2마방선전마방선전37관 0 3                            14.1    13.9        .0                      11 211 5  8                                              .02559 0 5 6 0―  .438.00  .42     75.67 8.0917.7827.70 51326 5.1313.0120.49 9
20260808토10140011외254 5102 1혼전 4451맑음건조 210 3선더드림        CLOUD COTHE MAGI 15     미거 5 0 0 1 1  102      495002등백종수변갑한   2 11515 522 1 2 421  0이동하46255.091평입상78 68 686061.066.041.133541538712245 0 0356050252419175017↗↘선14.036.938.913.6615737.039.4 87.7 88.7 56 61 1750   13.60   12.50 7  9 -2BNUP54.84702012-1.2 6.8 5.6464612 2착차만회마방선전67기 010 7     6 4 2⑧1:27.7½    .614.138.813.9  2  1  .00 8 6 -2  .93843494264 8 4 5 20 7 7.04 3.02 4.1 8.1 14.6   29.3   85.5   37.3  .03589 3 7 9 3▲ 1.339.00 -.0512.8988.4515.5629.4941.07335366 7.5018.6825.78 5
20260620토10120010외253 2 52 2 1강 1151비  불량2010 3선더드림        CLOUD COTHE MAGI 15     미거 5 0 0 2 1  111      495002등우창구변갑한   2 21414 622 1 2 420  0정도윤46156.580평입하28 14 146615.048.019.712 0 92052 92018 0 022111025232060 0↗↗입14.037.438.013.7408336.737.0 71.6 73.8 53 53 2447   14.40   14.70 3  0  3UBDN54.44722018 -.2 6.6 6.4323212-7일반주행최적거리 5기 0 1 8     8 8 5③1:11.6코    .013.635.912.5 -5 -2  .00 3 8  2  .1 121 3 179 8 310 83 1 4.0310.05 3.5 5.0  6.2   17.5   39.0  176.2  .01571 0 4 4 0― -.237.50  .59-1.6075.72 4.3910.6119.70 2 714 2.39 4.9010.81 8
20260530토 9190010외211 9 62 3혼전 4431맑음양호 710 3선더드림        CLOUD COTHE MAGI 1541.00미거 5 0 0 9 1   52      495002등우창구변갑한   2 31313 122 1 2 419  0우인철46354.068평자하12  4  42714.038.011.72049102052 9201817 022111128222060 0→↘입14.039.241.613.7552540.341.1128.8127.4 56 63 2550   14.50   13.90 4  0 -4UHUP54.44722018 -.6 6.0 5.4454513 7작전마주거리부담76기 1 1 6 5 5 7 6 6⑦2:08.85    2.314.441.714.7  1  5  .00 7 6  2 3.67482747824 3 7 8 90 1 1.02 8.09 1.3 3.7  1.3    3.7    4.2   14.1  .02018-3 3 3-3▽-1.141.70  .2546.64124.9 1.87 4.9511.67 2 510 3.03 6.5412.88 8
20260503일101200 9외212 3 62 4 1강 1151흐림다습1110 3선더드림        CLOUD COTHE MAGI 15     미거 5 0 0 1 1   61      495002등우창구변갑한   2 41212 522 2 2 418  0최범현45857.593평자보43 52 527879.060.042.63159142052 9201833 022111932172060 0→→입14.037.137.913.7608337.938.6 74.8 77.0 56 69 3150   14.30   13.90 3  0  2UBDN54.44722018  .4 5.0 5.4484813-6교체실패작전마주42기 0 1 9     8 7 7⑥1:14.83    1.814.537.513.9  2 -6  .04 6 4 -4 2.17780436331 5 2 4 40 2 5.01 4.08 1.5 4.2 14.1    5.8   20.6   52.8  .02161 0 7 8 0▲  .738.80  .16 2.0075.5013.7128.8442.6412264015.6029.9242.49 2
20260412일 9180011외252 1102 5혼전 4451맑음다습1110 3선더드림        CLOUD COTHE MAGI 1541.00미거 5 0 0 2 1   44      495002등우창구변갑한   2 51111 522 1 2 417  0최범현46455.593평자보23  3  32728.044.022.73159142052 9201833 022111932172060 0→→입13.939.840.613.7642740.439.2117.6119.3 60 67 2747   14.80   15.90 8 -2  1UN동54.44722014  .4 5.0 5.4474713 0교체실패거리속성48기 0 1 6 5 5 5 5 3④1:57.6¾    .614.339.613.9 -4  4  .00 4 8  2 1.15858151862 6 7 9 62 1 4.01 4.09 3.4 6.1  6.1   11.3   29.3   13.0  .02050-1 5 5-1▽ -.541.20  .0738.94118.7 6.0312.7622.65 51222 9.2015.3026.09 6
20260214토10180011외220 6 72 6혼전 4451맑음건조 310 3선더드림        CLOUD COTHE MAGI 1541.00미거 5 0 0 2 1  148      495002등우창구변갑한   2 61010 422 1 2 416  0장추열46055.093평자상17 24 243635.047.017.72950132052 9201826 022112027222060 0↘↗입13.939.940.213.7534839.742.5118.7119.0 71 64 2150   14.90   15.1015 -3  0UNUP54.44722014  .0 4.2 4.2585813 2숨은복병휴양불리64기 0 3 7 7 6 6 4 4⑨1:58.76    2.314.842.015.9  3 -6  .00 9 6  0 3.24828898223 2 6 8 80 4 1.04 9.01 2.3 3.7  2.3   11.6   17.5   54.2  .01958 0 5 5 0― -.341.10  .2838.90118.6 4.0410.3717.74 41118 4.24 9.2416.71 8
20251026일10160010외223 5 72 7혼전 4456흐림양호 710 3선더드림        CLOUD COTHE MAGI 15     미수 4 0 0 9 2  326      495002등우창구변갑한   2 7 9 9 322 1 2 415  0송재철46655.075평입보33 24 241415.039.014.52032142136 4201813 022111926202060 0↗↘입14.036.939.113.6315735.440.6102.5103.5 77 77 1546   15.40   13.60 4  1 -2NN동54.44722014  .6 3.2 3.8606012 0일반주행보통주행 5기 0 6 9   9 7 6 3⑤1:42.51¾  1.214.940.415.1 -1 -2  .00 5 6 -1 1.767 6755247 9 4 5 90 2 1.0810.01 1.5 2.5  1.5   17.3   21.9   57.1  .01523-1 3 3-1▽ -.739.10  .5127.45103.0 3.67 7.8314.49 1 4 7 6.17 9.9418.35 9
20250927토10160010외232 1 82 8혼전 4451맑음다습1110 3선더드림        CLOUD COTHE MAGI 15     미수 4 0 0 9 2  254      495002등우창구변갑한   2 8 8 8 222 2 2 414  0장추열46856.593우자하34 33 331423.050.024.93350172136 4201826 022112027222060 0↗↘입13.936.638.913.6526537.738.1101.4103.9 75 75 2558   14.10   18.3014  4  0NLDN54.44722014  .4 2.6 3.0747413-4마방선전보통주행50기 1 510  101010 9⑦1:41.41    2.515.437.413.6  0 -6  .00 7 7  2 3.57898144616 7 2 8 53 3 1.04 1.10 2.0 3.8  2.0   16.9   24.5   22.1  .02443 1 5 6 1―  .138.90  .4728.40102.8 6.6315.1624.86 81728 6.1213.3323.96 7
20250622일 8200011외252 6102 9혼전 4451맑음다습1210 3선더드림        CLOUD COTHE MAGI 1541.00미수 4 0 0 2 3  518      495002등우창구변갑한   2 9 7 7 122 1 2 413  0장추열47456.593우자보69 77 773674.061.039.03048 4235019201826 022112027222060 0↘↗입13.939.540.613.6366539.145.8137.6135.5 75 75 2558   14.00   14.20 7 -4  2UBUP54.44722014  .8 2.8 3.6696913 2최근최상마방선전58기 1 1 6 7 5 7 510⑩2:17.64    7.314.147.018.3  5  0  .0110 5  2 7.994389898 8 4 4 4 20 2 1.04 4.09 3.3 7.8  3.3   11.1   18.0   20.412.73086 2 8 9 2▲  .940.50 -.4555.35131.613.6527.4739.0018375415.6026.2335.77 2
20250504일11180011외252 510210 1강 1151맑음다습1310 3선더드림        CLOUD COTHE MAGI 1541.00미수 4 0 0 1 4  65718:00 495002등우창구변갑한   210 6 6 322 1 2 312  0임다빈47454.583강자하71 73 738086.060.047.91946 42442 5201821 022111424242550 0↘↗추13.940.139.913.5466939.240.6116.6118.5 73 82 1864   15.60   13.7011 -4  0NNUP54.44721814  .8 2.4 3.2717118 2편성만만최적거리 1기 1 5 4 4 3 3 4 2②1:56.64     .014.041.114.2 -1 -6  .00 2 3  0  .73013552383 6 1 3 22 1 1.03 6.05     6.6  3.4    6.6   13.7   64.2  .03788 3 8 7 3▲  .940.80 -.3738.50118.517.9434.8647.8519415520.0039.6355.90 3
20250215토11160010외223 1 7211 1강 1151흐림건조 410 3선더드림        CLOUD COTHE MAGI 15     미수 4 0 0 2 5  90018:00 495002등우창구변갑한   211 5 5 122 1 2 311  0장추열48054.593강자보97 90 901491.062.040.82638 3184210201826 022112027222550 0↘↗입13.936.538.713.5547336.637.5101.4103.0 80 90 2060   16.10   13.30 5  4  1NNDN54.44721814  .6 2.2 2.8767618-2승부최상작전마주 1기 0 9 9   9 9 9 8④1:41.4½    .215.638.113.7  1  0  .00 4 3  1 1.65460 5 374 6 1 3 23 1 2.08 2.07     3.3  2.6   35.8   45.9  119.712.03469 2 8 8 2▲  .938.70  .2227.76102.612.5727.3540.7613294621.8838.9143.66 2
20250111토11180011외250 7 5212혼전 4451맑음건조 510 3선더드림        CLOUD COTHE MAGI 1541.00미수 4 0 1 2 5  98818:00 495002등우창구변갑한   212 4 4 222 2 2 310  1문세영48053.593강입하88 69 698983.068.046.24053 0184210201848 022112936152550 0→→입13.939.740.013.6716541.339.2117.0117.4 78 89 2256   14.00   13.50 5  0  1NNUP54.44721814  .4 2.2 2.6838318 4전개최상승부최상 1기 3 511111110 9 6③1:57.01¾   .316.139.213.3  1 -1  .00 3 2  1  .4 787164676 1 5 3 13 4 1.07 4.08     3.5  2.3   31.8   53.4   24.7  .06195 3 9 9 3★ 1.541.10 -.2437.72118.419.4035.5246.2433536617.6534.1546.59 1
20241207토11140010외223 1 7213 3강 3351맑음다습1410 3선더드림        CLOUD COTHE MAGI 15     미수 3 0 1 2 6 109818:00 495002등우창구변갑한   213 3 3 422 1 2 3 9  1문세영48153.093강입상98 97 979491.066.060.84150301942 4201848 022112936152550 0→→입13.836.838.513.5678337.238.7 86.2 88.4 88 88 2563   14.00   14.00 5 -1 -1NHDN54.44721812 1.0 1.6 2.6838318-4전개최상전개최상 1기 1 5 5     3 3 4③1:26.25     .914.037.613.5  2  8  .00 3 1 -3 1.02752262552 4 1 2 12 3 6.03 4.03     3.8 17.6   37.8   98.3   21.011.24998 4 9 8 4▲ 1.539.00 -.2613.1088.1126.5046.7060.7819415528.2346.5359.32 1
20241102토111800 8외231 2 8214 3강 3351맑음양호 710 3선더드림        CLOUD COTHE MAGI 1541.00미수 3 0 1 1 7 120618:00 495002등우창구변갑한   214 2 2 122 1 2 3 8  1송재철47353.581강입하90 84 849286.064.061.1234215308811201813 02211192620 067 0→→입13.739.939.613.5568539.240.2115.8117.3 86 86 1471   13.90   13.70 3 -5  2NNUP54.74711812  .2 1.6 1.8909013 4전개최상전개최상 1기 0 6 2 2 2 1 1 1③1:55.8½    .014.039.814.0 -1 -1  .00 3 4  0  .6 513421478 1 1 2 31 1 3.02 2.05     4.0  3.5    4.5    9.0    7.5  .05496 4 9 9 4☆ 1.440.80 -.5237.77118.324.5445.3661.0513294623.4047.7867.67 2
20241012토11140011외244 2 4215혼전 4451맑음건조 310 3선더드림        CLOUD COTHE MAGI        미수 3 0 1 2 7 127218:00 495002등우창구변갑한   215 1 1 322 1 2 3 7  1이동하47452.086강자보99 99 999281.062.039.0253817308811201829352211252419 067 0→→선13.736.838.513.5638737.238.8 86.4 88.6100100 1783   13.40   13.70 5  1 -6VU동54.74711412 -.2 2.0 1.8909014 0전개최상전개최상 1기 011 7     7 7 5⑤1:26.4½    .713.938.113.7  1  3  .00 5 4  3 2.23454313159 7 1 2 30 6 1.06 4.06     2.5  2.2   21.7   28.9   11.510.54193 3 9 9 3★ 1.139.00  .3213.3088.1114.8127.2238.9512264015.4927.8737.68 2
20260912토10120011국2 4 1  1 0혼전 4451          10 4장비대운        티즈원더신천여걸 7035.00한암 5       1    017:55 495002등이강서장수영   0 014 1 1 0 1 5 0 0  0조상범   54.058우선상62 62 627237.034.014.2 926 656834022 0 0 042251322167129 0↗→입13.736.838.313.87461                   75 75 5825   13.80   13.4037  0 -1HN동53.64991814 -.6 5.6 5.0636313 0전개최상보통주행34관 0 4                            13.8    13.4        .0                       5 8 511  1                                              .03461 1 5 5 1― -.838.30  .93     75.56 3.93 7.9514.24 0 1 4 6.8413.8221.31 7
20251221일11120011국254 1101 1혼전 4451맑음다습1310 4장비대운        티즈원더신천여걸 7035.00한암 4 0 0 2 4  740      495002등우창구장수영   0 113 5 413 2 5 012  0장추열49854.593우도보57 57 579150.050.017.44369 52442 52018263122112027228317 0↗↘입13.736.838.413.9745336.138.1 72.1 74.3 73 73 5527   13.60   13.80 8 -4  1HNDN53.54991814  .4 4.2 4.6666613-2일반주행전개최상 5기 0 4 5     4 4 4③1:12.1코    .013.437.013.0 -5 12  .00 3 8  0  .7 4 524 380 4 8 5 92 4 1.07 9.11 2.8 6.2  2.8   20.7   32.5   94.1  .04167 0 6 4 0― -.138.20  .79 -.9075.61 3.5810.0217.40 2 714 9.8219.1226.84 4
20251025토11140011국224 1 71 2혼전 4451맑음건조 510 4장비대운        티즈원더신천여걸 4640.00한암 4 0 0 9 1  188      495002등우창구장수영   0 212 4 513 1 5 011  0장추열48653.593우도하60 43 436246.047.017.62950132052 92018263122112027228317 0↘↗입13.736.938.913.8495336.739.8 87.3 89.2 80 80 7030   13.80   13.50 5  6 -2LH동53.54991814  .6 2.8 3.4747413 0전개최상보통주행57기 0 8 7     91010⑦1:27.33    1.213.639.213.8 -1 -5  .00 7 8  2 1.4562765514310 6 9 83 3 1.0711.01 2.4 3.6  2.4   25.4   37.1   66.9  .03469 0 6 7 0― -.239.10  .5613.4188.45 3.99 9.5317.59 41118 4.85 8.7516.7011
20250921일 8140014국244 2 91 3혼전 4451맑음다습1310 4장비대운        티즈원더신천여걸 4640.00한암 4 1 1 2 2  267     275000국O우창구장수영   0 311 3 413 4 5 010  1씨씨웡49155.090강도보97 99 999182.063.031.12652112136 4201819 022112125228317 0↘→선13.736.738.913.7626137.539.6 87.1 89.3 89 89 7833   13.40   13.70 4 -2  0HL동53.54991812  .6 1.8 2.4888813 0인기탐색전개최상 5   0 212    141411⑧1:27.1¾   2.513.838.513.5  2-15  .00 8 6  4 2.95970586814 8 6 1 43 6 5.01 7.04 2.5 7.0 14.1   12.9   35.6   27.910.54186 3 9 9 3★ 1.239.30  .3413.7088.3211.1321.3731.08 8213410.8622.2222.19 1
20250823토10140011국254 1 51 4혼전 4451맑음건조 410 4장비대운        티즈원더신천여걸 4640.00한암 4 1 1 2 2  35918:00 495002등우창구장수영   0 410 2 313 3 5 0 9  1씨씨웡50655.090강도보87 96 968882.064.040.02652112136 4201819 022112125228317 0↘→선13.736.738.813.7626536.439.0 85.3 87.5 88 88 7538   13.30   13.90 8 -1  2HL동53.54991812  .2 1.6 1.8919113 0전개최상선행강점54기 1 4 1     1 1 1④1:25.3코    .013.437.913.7  2  3  .00 4 2 -2  .1 611361079 7 3 1 31 5 5.03 2.05     3.9 11.4   22.6   61.7  380.410.53481 2 9 9 2▲ 1.138.90  .1712.0088.2515.3427.9540.0012264017.1234.0844.96 1
20250628토 9140011국234 2 81 5혼전 4451맑음다습1110 4장비대운        티즈원더신천여걸 4640.00한암 4 1 1 9 3  50618:00 495002등우창구장수영   0 5 9 1 213 2 5 0 8  1씨씨웡50353.092강도보97 99 999386.063.057.22745 6235019201819 022112125228020 0→↘선13.736.738.713.7626936.439.6 86.4 88.6 86100 7143   13.60   13.9013  3 -2NH동53.64981812  .4 1.0 1.4939313 0전개최상전개최상58기 1 5 2     2 2 2③1:26.4코    .013.338.813.9 -1  3  .00 3 4  3  .43414593277 8 1 1 11 4 2.03 7.11     4.4  2.9    8.3   11.6   18.710.56397 4 9 9 4☆ 1.639.10 -.2213.2088.1827.0745.2257.2419405618.3334.8248.39 1
20250330일 9140011국314 1 61 6 1강 1151맑음건조 310 4장비대운        티즈원더신천여걸 4640.00한암 4 1 1 9 4  76417:00 41250국3우창구장수영   0 6 8 4 113 1 4 0 7  1씨씨웡50055.092강도보94 91 919493.069.067.32437 52442 5201819 022112125227525 0↘→선13.736.738.613.7627336.138.9 87.3 88.0 83100 6750   14.30   13.70 7 -8 -1HNDN53.34971812  .2 1.2 1.4939313-4승부최상전개최상 1기 0 2 1     1 1 1①1:27.37   -1.313.639.213.9  0  2  .00 1 1  0  .014 634 595 5 1 1 11 3 1.03 2.03     3.5  1.5    3.5    4.8   40.2  .06096 4 9 9 4☆ 1.939.00 -.4212.6888.1133.3754.9267.2938607138.4662.0758.59 1
20250208토10180011국352 6101 7혼전 4451맑음건조 510 4장비대운        티즈원더신천여걸 4741.00한암 4 1 1 1 5  92317:30 41250국3우창구장수영   0 7 7 3 113 1 4 0 6  1장추열49856.093강선보94 92 928684.067.048.12638 31842102018263122112027227525 0↘↗입13.739.639.813.7786939.939.7119.2118.5 83100 6750   13.40   13.30 6  6  4LBUP53.34971812  .6 1.6 2.2919113 2승부최상승부최상 1기 010 2 2 2 2 2 3④1:59.21     .614.339.713.7  3  2  .01 4 1  0  .72937291964 1 4 1 11 2 7.02 9.03    10.7 15.5   27.5   75.0   38.810.54992 4 9 9 4☆ 1.541.30 -.1939.08118.321.2937.7848.1033536622.1235.7148.25 1
20241228토10160010국313 5 61 8혼전 4451맑음건조 410 4장비대운        티즈원더신천여걸 4640.00한암 3 1 1 9 6 103417:00 41250국3우창구장수영   0 8 6 2 113 1 3 0 5  1문세영49652.093강도하95 97 971479.068.056.44150301942 4201848 022112936156733 0→→입13.735.939.213.7905337.137.7102.0101.0 80100 8040   13.50   13.30 6 -7  0HUUP53.74981612  .3 1.8 2.0929213 4전개최상승부최상 1관 2 4 2   2 2 2 1①1:42.0¾    .013.438.913.3  0  0  .00 1 1  0  .0 387 81382 2 4 1 11 2 1.04 4.02     5.9  1.6    7.1   10.1   55.010.57298 4 9 9 4☆ 2.039.20 -.0825.86102.528.2647.7356.3933536621.1534.8644.41 1
20241116토10120011국353 1101 9 3강 3351비  양호 610 4장비대운        티즈원더신천여걸 7035.00한암 3 1 1 2 6 116517:30 41250국3우창구장수영   0 9 5 1 313 1 3 0 4  1김용근49652.089강입보97 97 979887.064.040.92846221942 4201816 022113127146733 0→→선13.736.637.913.7888936.239.0 73.2 75.4 75100 7550   13.50   13.3010 10  0VUDN53.74981312  .3 2.0 2.3898913-1전개최상전개최상 1기 011 5     2 2 1③1:13.2목    .013.538.013.3  2 -2  .00 3 1  0  .024 4561779 3 1 1 21 1 2.03 7.05     7.3  4.6   11.4   20.8   10.2  .04996 4 9 9 4☆ 1.438.80  .49  .9075.2216.3230.3840.9212264019.0133.5745.19 1
20240907토10130010국422 3 2110 1강 1151맑음다습1110 4장비대운        티즈원더신천여걸 4640.00한암 3 1 1 2 7 135720:30 33000국4우창구장수영   010 4 1 213 1 2 0 3  1문세영49852.093강입보86 96 969994.068.082.24353 0308811201848 022112936155050 0→→입13.736.738.613.7938336.738.0 79.7 81.4 67100 6733   13.30   13.70 6 -7 -2UU동54.54981312  .5 2.5 3.0868612 0승부최상전개최상 1기 0 1 2     1 1 1①1:19.78   -1.313.537.913.3  0 -3  .00 1 1  0  .0 2 911 195 2 1 1 11 1 1.02 1.09     2.3  1.4    2.3    3.1    5.513.46399 4 9 9 4☆ 1.840.00 -.51 6.0682.2041.4068.4982.1833536639.0568.6982.98 1
20240727토 4130011국524 1 2111 1강 1151맑음포화1510 4장비대운        티즈원더신천여걸 4640.00한암 3 1 1 9 8 147313:25 24750국5우창구장수영   011 3 1 113 2 1 0 2  1씨씨웡50154.089우입보92 99 997594.067.068.91632 92171 6201819 0221121252299 0 0→↗선13.737.039.013.5785736.838.7 80.6 82.3 50100 5050   13.60   12.5010 -1 -1NHUP55.04941312 2.0 3.0 5.0737312 1거리늘어승부최상 1기 0 8 5     3 3 1①1:20.61¼  -.313.338.113.7  0  7  .00 1 1 -1  .0181331 989 6 4 1 12 2 1.04 8.01     1.9  1.5    8.2   11.3   71.013.46493 4 9 9 4☆ 1.839.90 -.59 6.2982.6535.8558.0068.8938587046.5977.2786.99 1
20240519일 1120011국652 7 5112 3강 3359맑음양호 810 4장비대운        티즈원더신천여걸 7035.00한암 3     2 9 166710:35 16500국6우창구장수영   012 2 2 213 1 0 0 0  0씨씨웡49455.093우입보86 35 3575  .070.056.23150 61956 0201819 02211212522      ↘→선13.937.438.913.5486136.236.6 73.3 72.6  0100  0 0   14.10   13.6022  0  2NB동       1212         5.0    12 0승군불리우수혈통 1기 0 9 2     2 2 1①1:13.313  -2.213.636.912.5 -1  4  .00 1 2 -1  .0 1 4 1 098 8 2 9 21 1 2.01 9.06     3.2  3.6    3.2    6.5   14.6  .02982 0 7 7 0― 1.237.10 -.94-3.6876.2324.3042.8356.2319415514.1226.3567.32 4
20231217일 1120011국241 9 9113 3강 3359맑음포화1910 4장비대운        티즈원더신천여걸 7035.00한암 2     211 212910:35 137502등우창구장수영   013 1 1 113 1 0 0 0  0장추열49053.092평무보   35 3540  .053.033.92246 62664 4201826312211202722      ↘↗입13.936.738.513.2    37.238.7 76.6 75.5              13.90   13.50        LN동       12 0                 0 0일반주행우수혈통 1기 0 9 5     5 6 5⑤1:16.6목    .314.139.013.6  2-16  .00 5 3  0 1.12644484274 1 1 8 42 1 2.05 2.08     4.6  4.1   20.5   32.1   62.010.93074 2 6 7 2△  .438.70  .30  .2675.61 9.6121.6933.8710213515.3827.5059.18 5
20260912토10120011국2 4 1  4 0혼전 4451          10 5콩코드블루      콩코드포블루밴드 7622.00한수 3 1 1   1    017:55 495002등이신우정영식   1 0 9 3 2 8 3 4 2 8  1마이아   52.593우입보50 69 699369.063.037.13452152162 8201838 022133533 86020 0↘↗선13.836.737.913.78676                   75 75 6350   13.50   12.70 5 -4 -4NUDN55.55111814 -.6 3.4 2.8797913-2전개최상전개최상42기 0 5                            13.5    12.7        .0                       4 1 3 3  3                                            12.74179 2 8 8 2▲ 1.037.90  .55     75.2815.5027.5137.0719415512.8223.5836.89 3
20260808토 9140011국412 5 64 1 1강 1151맑음건조 210 5콩코드블루      콩코드포블루밴드 7326.00한수 3 0 1 1 1  103      41250혼3이신우정영식   1 1 8 2 4 8 2 3 2 7  1마이아51056.093우입보96 98 989695.070.060.43452152162 8201838 022133533 85025 0↘↗선13.836.439.213.7952736.838.0 86.4 87.3 71 71 7143   13.70   12.50 5  4 -2NN동55.45111814 -.6 3.4 2.8808013 0전개최상전개최상80기 2 9 2     2 2 1①1:26.42    -.413.537.412.7  0  2  .00 1 1  0  .0 431 7 394 1 7 1 11 2 1.02 9.02 1.4 3.8  1.4    3.8    4.8   37.5  .06398 4 9 9 4☆ 2.039.20 -.4211.7488.3231.5753.1460.4438607132.1250.9762.30 1
20260705일 71400 9국451 4104 2 3강 3351흐림건조 410 5콩코드블루      콩코드포블루밴드 7326.00한수 3 0 1 1 1   64      33000국4이신우정영식   1 2 7 1 3 8 1 2 2 6  1마이아50857.593우입보81 88 889690.070.051.73452152162 8201838 022133533 83333 0↘↗선13.836.439.713.8962236.937.2 85.2 86.3 67 67 83 0   13.50   13.90 4  0  2NB동54.75121814 -.2 3.4 3.2727213 0작전마주전개최상42기 0 5 2     2 2 1①1:25.210  -1.813.736.912.5  0 -2  .00 1 1  0  .0 137 1 097 1 8 3 21 1 1.03 5.02 3.1 6.2  3.1    7.6   13.3   11.212.24198 3 9 9 3★ 1.538.90 -.5210.2188.6620.8638.4351.6937577022.5443.4557.57 1
20260606토 71400 8국523 6 24 3 3강 3352맑음양호 610 5콩코드블루      콩코드포블루밴드 7326.00한수 3 0 1 1 1   74      33000국5이신우정영식   1 3 6 5 2 8 2 2 1 5  1김용근51055.586우입적53 54 547466.060.058.52751142162 8201822 022133127143333 0↘↘선13.936.439.413.7953735.740.4 88.3 88.5 60 60 8020   13.60   14.50 5 -6 -2NNDN54.75121812 -.4 3.4 3.0747417-4숨은복병작전마주68기 1 5 4     4 2 2②1:28.32½   .013.540.513.9  1  1  .00 2 1-11  .526 1762884 2 5 3 32 2 5.01 3.05 1.7 1.8 15.1   11.4   51.6    6.611.83068 2 7 8 2▲  .839.40 -.5212.7388.4521.0740.4758.5012264024.1440.6561.22 3
20260503일 8180014국514 4 64 4혼전 4451흐림다습1110 5콩코드블루      콩코드포블루밴드 9040.00한수 3 1 1 1 1   83     550000국5이신우정영식   1 4 5 4 1 8 1 2 1 4  1김용근50957.086강입보90 91 914857.049.016.02751142162 8201822 022133127143333 0↘↘선13.939.440.313.7914838.442.4117.6119.7 75 75 75 0   14.00   13.60 3  4  4BBUP54.75121812  .5 1.3 1.8858513 1부중유리거리속성 5   011 2 2 3 5 4 7⑧1:57.61½  1.713.642.814.5 -4  4  .00 812 10 2.064 3855131 810 5 90 1 2.07 2.09 3.0 6.4  7.0   63.7  133.3   65.010.53165 0 6 4 0― -.141.60  .4439.95118.4 3.63 9.7616.03 1 4 8 3.4810.6111.3015
20260411토10170011국531 3 34 5혼전 4451맑음다습1310 5콩코드블루      콩코드포블루밴드 7326.00한수 3 1 1 2 1   54      33000국5이신우정영식   1 5 4 3 1 8 1 2 0 3  1장추열50553.593강입보94 96 968083.069.048.62950132162 8201829 0221320272250 0 0↘↗입13.839.140.913.4916938.940.4110.0112.1 67 67 67 0   13.60   13.10 4 -3 -1NUUP55.35151712  .7 1.0 1.7858513 4전개최상거리속성86기 2 7 2 2 2 4 3 3②1:50.0머리  .014.039.713.6  0-10  .00 2 2  1  .010 930 686 2 6 3 22 1 3.02 2.07 2.2 2.9  5.3    6.9   15.6   48.410.53790 3 8 9 3▲ 1.541.80 -.0432.13113.118.8936.4948.6218375420.0038.1852.13 1
20260315일 4130011국522 3 74 6혼전 4451흐림양호 610 5콩코드블루      콩코드포블루밴드 7326.00한수 3 1 1 2 1   70      24750국5이신우정영식   1 6 3 2 1 8 2 1 0 2  1씨씨웡51554.093우입적89 94 949182.066.044.13456112162 8201819 02213212522 0 0 0→↘선13.936.839.113.4877336.538.4 80.4 81.4 50 50 50 0   14.00   13.20 5  5  1BNDN56.55151412 1.0 1.0 2.0787814-1전개최상전개최상 5   010 4     1 1 1①1:20.45   -1.013.638.113.1  0 -3  .00 1 1  0  .0 3 623 394 2 7 1 11 2 1.0410.07 1.9 4.0  1.9   15.6   23.9   39.410.54180 2 8 8 2▲ 1.239.90  .16 5.5282.5819.2533.1444.1233536622.3540.2151.83 1
20260208일 4140011국511 7 64 7혼전 4451맑음건조 210 5콩코드블루      콩코드포블루밴드 7326.00한수 3 1 1 2 1   80      24750국5이신우정영식   1 7 2 1 1 8 1 1 0 1  1씨씨웡51853.593강무보30 61 619360.060.051.53456112162 8201819 02213212522 0 0 0→↘선13.436.341.214.998 137.038.6 87.1 87.4100  0100 0   13.40   15.20 4 -2 -3NUUP56.55151412  .0 1.0 1.0959512 2작전마주전개최상45기 1 5 2     3 2 3③1:27.14     .714.038.013.2  2  3  .00 3 1  0  .8 542221662 111 5 22 1 2.06 3.01 1.9 5.0  5.7   19.6   38.2   16.912.74193 2 7 7 2△  .839.30-1.36 9.8789.6220.1936.7451.4918375416.6737.5052.28 2
20260110토 11200 9국610 9 14 8 1강 1155강풍양호 810 5콩코드블루      콩코드포블루밴드 7622.00한수 3     2 1   84      24750국6이신우정영식   1 8 1 1 1 8 1 0 0 0  0정우주51556.562평무보98 25 2578  .051.047.21250 72162 8201817202213163013      ↗→입13.836.938.112.3899936.141.1 77.3 76.6              13.80   12.50 4  0  0LL동       12 0         1.0     0 0일반주행작전마주53기 2 7 2     3 5 3①1:17.31¾  -.313.441.315.2  0 -8  .00 1 1  0  .067 4937994 2 2 4 20 1 1.02 7.01 1.3 2.1  1.3    2.1    2.8   10.1  .02057 0 5 5 0―  .138.80  .04 1.5775.5017.8734.7747.2318375413.4825.8841.03 6
20260912토10120011외3 4 1  1 0혼전 4451          10 6크레이지스타    OMAHA BETOOK            호거 4 0 0   1    017:55 495002등신삼영서창식   2 013 81012 6 3 111  0이혁     52.580강선보50 70 709574.064.037.32258 71558 3 812255712 32821186040 0↗↘선13.636.438.313.99561                   63 50 6338   13.40   13.30 4  0 -2NH동54.64941412  .0 2.2 2.2828212 0전개최상전개최상 1   0 6                            13.4    13.3        .0                       3 7 1 2  6                                              .04179 1 8 8 1▲ 1.038.30  .50     75.3315.5827.6937.3237577014.5326.0236.07 1
20260815토101200 8외342 2 41 1 1강 1151흐림건조 310 6크레이지스타    OMAHA BETOOK            호거 4 0 0 2 1   82      41250혼3신삼영서창식   2 112 7 912 5 2 110  0이혁  49154.580우입적61 65 659678.064.052.32258 71558 3 812255712 32821185050 0↗↘선13.636.538.213.9936536.038.5 73.4 74.8 57 43 5743   13.80   14.0010 -2  1NN동54.64951412  .0 2.2 2.2838312 0전개최상전개최상 5   0 6 3     2 2 2①1:13.4½    .013.437.913.3 -1 12  .00 1 2 -1  .012 338 679 1 4 5 21 5 2.03 6.02 1.8 3.6  4.2   10.5   17.4   30.212.04180 2 8 8 2▲ 1.138.70  .07  .1275.3318.9035.2552.3218375414.6228.8147.92 4
20260607일 9120011외333 2 81 2혼전 4451맑음양호 610 6크레이지스타    OMAHA BETOOK            호거 4 0 0 1 1  162      41250혼3신삼영서창식   2 211 6 812 4 2 1 9  0이혁  47954.080우입보51 65 659365.063.035.52258 71558 3 812255712 32821185050 0↗↘선13.636.538.113.8936936.739.7 75.6 76.7 57 43 5743   13.60   13.50 4  1  0LH동54.64951412  .6 2.2 2.8787812 0전개최상전개최상 5   0 8 5     3 3 4⑧1:15.62½  1.713.839.214.0  5 -7  .09 8 3  2 1.76720755931 1 4 7 20 4 1.0611.10 2.6 5.8  2.6   10.6   16.0   46.9  .04182 3 7 8 3▲ 1.139.30  .61 2.1175.2813.4924.2835.49122640 9.0217.4228.03 6
20260509토10120011외353 4 51 3혼전 4451맑음건조 510 6크레이지스타    OMAHA BETOOK            호거 4 0 0 2 1   71      41250혼3신삼영서창식   2 310 5 712 3 2 1 8  0이혁  48654.080우입보78 91 919484.068.038.02258 71558 3 812255712 32821185050 0↗↘선13.636.538.313.9925737.339.5 76.1 76.9 57 43 5743   13.30   13.50 4  0  0NH동54.64951412  .6 2.2 2.8787812 0전개최상전개최상 5   0 7 2     6 810⑪1:16.11    1.313.639.113.5 10  3  .0911 1 -1 2.97552717142 1 6 2 20 3 6.11 9.10 3.1 4.0 16.4  553.4  795.3 2151.710.54390 3 9 9 3★ 1.539.30  .41 2.1375.3914.1527.5138.0212264017.0429.0940.84 3
20260412일10120011외354 3101 4혼전 4451맑음다습1110 6크레이지스타    OMAHA BETOOK            호거 4 0 0 2 1   63      41250혼3신삼영서창식   2 4 9 4 612 2 2 1 7  0이혁  48354.080우입보91 95 959483.068.036.02258 71558 3 812255712 32821185050 0↗↘선13.636.538.313.9935736.339.0 73.5 75.6 50 50 5050   13.70   13.10 3  4  1LN동54.64951412  .6 2.2 2.8787812 0유망전력전개최상 5   0 7 1     1 1 1③1:13.5목    .013.338.013.5  1 -1  .00 3 2  0  .234 9582687 2 6 3 31 2 3.01 8.02 2.4 7.0  7.5    9.9   22.3   13.110.54189 3 9 9 3★ 1.438.90  .47  .7975.3913.7926.2036.0218375416.5430.7742.12 2
20260322일10120011외324 4 71 5혼전 4451맑음건조 510 6크레이지스타    OMAHA BETOOK            호거 4 0 0 2 1   43      41250혼3신삼영서창식   2 5 8 3 512 1 2 0 6  0이혁  48453.580우입보52 53 5384  .054.031.52258 71558 3 812255712 32821183367 0↗↘선13.636.538.313.9865736.837.7 73.9 74.7 40 40 6040   13.10   12.30 3  0  1UN동55.04981412 1.4 2.6 4.0666612 0작전마주작전마주 5   0 3 1     1 1 1②1:13.91     .013.737.413.1  0-13  .00 2 2     .2 92713 684 2 5 6 31 1 1.02 5.03 2.7 3.6  2.7    3.6    5.9   16.8  .03476 1 6 7 1△  .338.70  .61 -.0675.3910.8122.3431.47 8172816.0024.3175.22 4
20260301일10120010외314 3 11 6 1강 1151맑음건조 310 6크레이지스타    OMAHA BETOOK            호거 4 0 0 1 1   53      41250혼3신삼영서창식   2 6 7 2 412 1 2 0 6  0빅투아48952.591기입보42 44 446848.054.023.13153131558 3 812 0 012 32228183367 0→→선13.636.638.414.08053                   40 40 6040   13.50   14.30 4 -7  0UHDN55.04981412 1.8 3.0 4.8585812-2숨은복병작전마주60관 0 3                    경제    13.5    14.3    -8  .07                      3 6 8 60 1 3.02 2.05 1.3 3.2  9.3   23.1   49.2  392.8  .02077 0 6 6 0―  .338.40  .73     75.50 6.2314.9623.10 51222 6.0814.5321.74 7
20260201일10140010외350 5 51 7혼전 4451맑음건조 210 6크레이지스타    OMAHA BETOOK            호거 4 0 0 1 1   43      41250혼3신삼영서창식   2 7 6 1 112 1 2 0 5  0임다빈49752.576기입보72 84 847368.057.026.21327 71558 3 81217 812 31424243367 0→↗추13.636.439.313.9813036.740.8 88.1 89.4 40 40 6040   13.10   12.90 6  6 -4VHUP55.04981412 1.8 3.0 4.8585812 2전개최상탐색우려 5   010 1     1 2 6⑧1:28.13    1.813.539.914.3  7 -7  .01 8 1  0 2.46329857830 1 9 3 81 5 6.05 1.07 2.3 5.0 11.2   70.7  140.2  260.9  .03457 0 7 5 0―  .739.60  .4113.6588.38 6.9616.5126.22 3 81710.0019.8328.53 5
20251220토 9120011외412 3 61 8 1강 1156흐림포화1610 6크레이지스타    OMAHA BETOOK            호거 3 0 0 2 1  12017:00 33000혼4신삼영서창식   2 8 5 5 412 1 1 0 4  0마이아50456.093기입보51 56 569185.074.072.83452151558 3 812 0 012 33533 8 099 0↘↗선13.736.738.313.9796136.138.4 72.4 74.6 25 25 5050   13.50   14.40 5  1 -1VN동54.54951212 1.8 3.0 4.8585812 0일반주행전개최상 5   0 4 3     1 1 1①1:12.42    -.313.137.312.9  0  5  .00 1 1 -3  .0 8 435 791 1 3 3 11 1 1.05 4.09     4.0  1.3    5.8    7.3    9.4  .04596 3 9 9 3★ 2.138.40 -.71 -.4075.5040.0661.2072.8338607120.5437.0035.60 2
20251116일 8120011외454 2101 9혼전 4451맑음건조 310 6크레이지스타    OMAHA BETOOK            호거 3 0 0 2 1  114     110000혼O신삼영서창식   2 9 4 4 312 4 1 0 3  0임다빈49957.075기입상85 87 877466.061.023.61327 71558 3 81217 812 3142424 099 0→↗추13.636.838.013.6728336.239.5 74.6 76.4 33 33 3367   13.40   12.30 7  0  5UB동52.04911212 2.3 2.7 5.0595912 0부중유리기복전력 5   0 3 4     3 2 2④1:14.62½   .813.539.414.4  0  8  .00 4 4  2  .958 5713557 6 3 6 72 4 1.02 4.06 2.9 7.8  2.9    7.8   12.1   22.8  .03148 0 6 6 0―  .738.90  .81 1.5575.39 5.4813.7523.57 41118 9.4617.0124.54 6
20250928일 9120010외441 2 4110혼전 4441흐림포화1810 6크레이지스타    OMAHA BETOOK            호거 3 0 0 9 2  245      33000혼4신삼영서창식   210 3 3 212 3 0 0 2  0임다빈49152.077하입하35 37 375651.053.024.92050 81167 0 81217 812 3142424      →→추13.636.839.114.4692736.836.9 71.9 74.1  0  0 5050   13.30   14.30 4 -8 -4HH동       1210 4.0 3.0 7.0414112 0일반주행보통주행 5   0 3 2     4 3 1①1:11.91    -.213.435.812.3 -1  1  .00 1 2  0  .0 224 2 189 4 7 7 52 3 2.04 3.09 1.8 2.9  4.4   21.1   33.5    7.7  .02144 0 5 5 0―  .438.20  .17-1.8076.00 6.0014.7324.91 61325 9.1717.1918.14 7
20250830토 3120012외431 3 8111혼전 4459맑음불량2010 6크레이지스타    OMAHA BETOOK            호거 3     9 2  34514:55 41250혼4신삼영서창식   211 2 2 112 2 0 0 0  0임다빈49056.077하무하31 17 172428.038.011.12050 81167 0 81217 812 3142424      →→추16.138.638.212.8 19736.039.7 74.3 76.4  0  0  0**   14.30   12.60 7  6  0BHUP       1210 4.0 4.0 8.0232310 2일반주행탐색우려 5   011 4     3 3 4⑥1:14.31     .713.339.314.3  4 14  .00 6 2 -2 1.558 277375812 6 4102 2 7.05 2.12     5.4 29.1  174.2  500.4  474.6  .01516 0 3 2 0― -.937.10  .07 -.4476.51 2.06 5.6811.12 1 4 8 5.8010.81 8.9310
20250713일 11000 8외441 3 9112혼전 4455흐림건조 410 6크레이지스타    OMAHA BETOOK            호거 3     2 3  46510:35 41250혼4신삼영서창식   212 1 1 112 1 0 0 0  0임다빈47656.077평무보   35 3540  .041.017.81846 5 820 8 81217 812 3142424      ↗→추16.237.137.812.9    39.437.1 63.6 64.0              16.20   13.20        LN동       10 0                 0 0일반주행작전마주49기 1 5 8     8 8 8⑧1:03.62    2.016.136.913.1  4-12  .00 8 4  0 2.57995177423 2 2 4 60 1 1.02 8.01     4.2  2.5    4.2    8.7   31.7  .02051-1 4 4-1▽ -.838.20  .53-10.962.71 4.26 9.2317.82 5122213.7926.8345.96 3
20260912토10120011국2 4 1  4 0혼전 4451          10 7제너럴윈드      연승대로제너럴로 9329.00한수 3 1 1   1    017:55 495002등김동철하늬바람 1 0 9 3 2 8 2 5 1 9  1푸르칸   55.080강선보50 70 709174.056.033.02460162557121725 033161414242199 0 0↗→추13.637.038.112.66593                   86 86 4357   13.90   12.90 3  5 -2NHDN55.05292018  .6 2.4 3.0828214-6전개최상전개최상39기 0 7                            13.9    12.9        .0                       9 4 2 4  5                                            12.74177 2 8 8 2▲  .638.10  .39     75.5612.0122.2432.9710213514.5326.0236.07 2
20260823일 91800 9국421 3 74 1 2강 2258맑음다습1310 7제너럴윈드      연승대로제너럴로 55     한수 3 1 1 2 1   42      41250혼3김동철하늬바람 1 1 8 2 3 8 1 4 1 8  1푸르칸52356.580우선적37 28 289283.059.062.42460162557121725 033161414242199 0 0↗→추13.539.639.912.6782739.438.8114.9116.7 83 83 5050   13.60   15.50 4 -6  4UL동54.65302010  .8 2.4 3.2797914 0승부최상전개최상45기 0 2 1 1 1 1 1 1①1:54.94    -.613.937.812.9  0  0  .00 1 1 -1  .0 320 8 294 1 2 6 21 4 1.04 2.07 1.6 3.1  1.6    5.7    7.8    7.9  .04395 3 8 8 3▲  .941.10 -.5537.18118.326.4147.4962.4318375433.3363.6481.43 1
20260725토 9180011국234 5 84 2혼전 4451맑음다습1010 7제너럴윈드      연승대로제너럴로 55     한수 3 1 1 9 1   63      495002등김동철하늬바람 1 2 7 1 2 8 1 4 1 7  1장추열52352.593우선적87 91 917076.057.028.8295013255712172526 0161420272299 0 0↘↗입13.539.540.912.6843038.343.3119.0121.0 83 83 5050   13.30   13.50 4  2  0NUUP54.65302010  .6 2.6 3.2797914 2작전마주승부최상78기 0 8 2 2 2 2 410⑩1:59.04    3.513.643.415.5  8 -5  .0210 2  1 3.586 2937111 311 4 50 1 9.07 9.07 2.0 3.8 32.2  270.4  636.5  229.210.54495 1 7 8 1▲  .641.70 -.0640.64118.7 9.8618.9728.84 8172813.0124.1234.11 4
20260627토 7160010국324 5 24 3혼전 4451맑음건조 410 7제너럴윈드      연승대로제너럴로 5543.00한수 3 1 1 9 1   74      41250국3이신우하늬바람 1 3 6 1 1 8 3 3 1 6  1푸르칸52852.579우도적45 46 461466.057.051.22460162162 820232733221314242199 0 0↗→추13.536.038.612.6854836.338.4 99.2100.4 80 80 6060   13.40   14.60 3 -4 -5NUDN55.35312010  .6 2.6 3.2797914-4인기탐색작전마주64기 0 6 1   1 1 1 1①1:39.28   -1.313.338.013.5  0 -6  .00 1 1 -7  .0 14115 998 2 1 9 21 3 1.05 6.09 1.9 2.2  1.9   14.4   17.3    9.0  .03773 3 8 8 3▲  .738.60  .2625.82102.218.1336.6951.1812264017.9530.4943.96 2
20260607일 8200014국423 3 74 4혼전 4451맑음양호 610 7제너럴윈드      연승대로제너럴로 55     한수 3 1 1 1 1   23     385000국4이신우하늬바람 1 4 5 2 1 8 2 3 1 5  1푸르칸53457.080강선보96 98 987474.056.024.32460162162 820232733221314242199 0 0↗→추13.538.939.112.6766938.241.7132.8132.9100100 5075   13.60   13.60 6  6  3NLUP55.35312010  .0 1.3 1.3949414 2작전마주작전마주 5   010 3 3 2 3 4 8⑪2:12.8목   2.213.441.514.6  3  6  .0011 8  7 2.380 8785720 4 3 2 60 2 1.03 6.03 2.5 6.9  2.5   10.9   15.5   57.210.52046 0 7 7 0―  .340.90 1.1154.92129.9 8.0616.6924.30 5122211.3322.2225.78 4
20260425토10180010국422 7 24 5 1강 1151맑음건조 310 7제너럴윈드      연승대로제너럴로 55     한수 3 1 1 9 1  112      33000국4이신우하늬바람 1 5 4 1 1 8 1 2 1 4  1푸르칸52854.580강선보99 99 998991.058.039.52460162162 820232733221314242199 0 0↗→추13.539.840.012.6629138.540.8117.5117.6100100 33**   13.60   12.9010 -6 -1UUUP55.85321810  .0 1.3 1.3939314 4전개최상작전마주53기 1 4 1 1 1 1 1 1①1:57.53    -.513.640.013.6  0  1  .00 1 1  0  .010 4561296 4 2 1 21 1 1.07 4.09 1.7 2.1  1.7   12.1   17.1  227.5  .03478 0 8 8 0―  .541.00 -.1337.76118.514.3827.4539.5318375429.9150.2265.42 2
20260215일 4140011국541 7 94 6 3강 3351맑음건조 310 7제너럴윈드      연승대로제너럴로 5543.00한수 3 1 1 2 1  185      24750국5김동철하늬바람 1 6 3 2 1 8 3 1 1 2  1김용근54055.586강도보99 99 999589.070.047.327511425571217252445161431271499 0 0↘↘선13.536.538.912.7819437.337.2 87.5 86.7100100 50**   13.40   13.20 8  4  1NNUP56.05241410  .0 1.5 1.5929210 2전개최상전개최상80기 110 1     1 1 1①1:27.54    -.613.637.412.9  0  2  .00 1 1  0  .0 161 1 296 2 3 1 21 3 1.0210.11 2.9 5.4  2.9    5.4   10.5   41.812.24191 3 9 9 3★ 1.538.90  .0511.3188.1818.2834.8447.3219415523.6640.8253.39 2
20251221일 5120010국524 5 74 7 3강 3351맑음다습1410 7제너럴윈드      연승대로제너럴로 9329.00한수 2 1 1 2 1  155      24750국5김동철하늬바람 1 7 2 1 1 8 2 1 0 1  1김용근53854.587강도보99 99 999988.068.049.727511425571217252445161431271499 0 0↘↘선13.336.438.312.7989837.137.8 73.5 74.8100100100**   13.30   13.00 8 -6 -2NUUP56.05241210-1.0 2.0 1.0989810 2교체성공전개최상 5기 0 6 2     2 2 2②1:13.5½    .013.437.313.2  1 14  .00 2 1 -1  .01243151282 1 1 1 21 2 6.01 8.06 1.6 2.6 25.0    8.0   48.7   15.4  .04998 4 9 9 4☆ 1.638.80  .12  .1375.3320.4936.6049.7113294625.0042.1956.69 1
20251025토 1100012국620 4 24 8 1강 1155흐림건조 510 7제너럴윈드      연승대로제너럴로 9329.00한수 2     9 1  198      24750국6김동철하늬바람 1 8 1 1 1 8 1 0 0 0  0김용근52456.087평무보86 25 2572  .056.038.9275114255712172524451614312714      ↘↘선14.036.838.213.4991736.137.0 60.8 61.1              14.00   13.70 4  0  0NL동       10 0         1.0     0 0일반주행우수혈통46기 012 1     1 1 1①1:00.84    -.713.336.913.0 -1-10  .00 1 2  0  .0 4 315 293 7 8 7 21 1 2.0512.02 1.5 2.3  4.0   35.3   63.4   12.7  .01541 0 5 6 0―  .637.80 -.12-13.962.7614.3926.9838.94193955 8.3316.6725.0012
20260912토10120011국2 4 1  2 0혼전 4451          10 8강남불청객      페더럴리새즈미즈 5831.00한수 5 0 0   1    017:55 495002등송문길(주)나스-1 01612 818 2 5 319  0임기원   55.588기자적50 52 526667.061.037.61939 9194110272931432627233316671717↘↗입14.037.038.213.67176                   53 73 2733   13.40   13.70 3  1  0LH동55.64852012 1.0 4.8 5.8484817 0착차만회기복전력59기 1 8                            13.4    13.7        .0                       7 610 1  5                                            12.73065 2 7 9 2▲  .938.20  .19     75.6112.9926.4537.5613294611.9723.5832.79 4
20260823일10120011국214 1 62 1혼전 4451맑음다습1310 8강남불청객      페더럴리새즈미즈 5831.00한수 5     2 1   41      495002등송문길(주)나스-1 11511 718 1 5 3 0  0임기원48855.588기자적46 48 485751.054.028.31939 9194110272931432627233316671717↘↗입14.037.238.013.5558336.438.3 72.6 74.8 57 71 2136   15.10   12.0018 -3 -2LHDN55.64852012 1.8 3.8 5.6505017-2일반주행기복전력42기 0 7 5     5 5 4④1:12.63     .613.437.213.7 -3 -5  .00 4 7  1 1.31212321063 8 3 9 62 4 1.03 2.08 2.2 4.9  2.2    4.9    7.7   10.1  .02160 0 5 7 0―  .338.00  .48 -.4075.61 9.1819.6228.33 81728 9.1717.8425.07 6
20260419일10140011국251 2102 2혼전 4459맑음건조 310 8강남불청객      페더럴리새즈미즈 5636.00한수 5 0 0 2 2  333      495002등송문길(주)나스-1 21410 418 1 5 317  0이동하49357.590평자하24 25 255947.056.034.9254716365227272930402627252419671717→↗선14.036.938.713.5607336.148.2 96.6 96.5 62 77 1546   13.80   15.6010  3  5BBDN55.64852012 1.0 3.2 4.2626218-2일반주행연대우수43기 110 3     3 3 9⑪1:36.6대차 8.013.648.421.0  5  7  .0011 6  2 8.699 79999 7 6 2 5 30 2 2.07 9.06 2.9 6.6  4.8   19.4   41.4   18.1  .03772 1 7 8 1△  .540.70  .2320.9288.3211.4223.1534.9212264011.5821.5430.39 5
20260207토10160010국251 3102 3 2강 2257맑음건조 210 8강남불청객      페더럴리새즈미즈 5636.00한수 5 0 1 2 1  190      495002등송문길(주)나스-1 313 9 318 1 5 316  1우인철48653.069우자하49 49 491448.045.027.9204910194110272931 02627112822671717→↘입14.036.438.713.5637636.442.7103.4105.9 62 69 1546   13.90   14.20 5  3 -5LUUP55.64852012 1.0 2.4 3.4727217 2인기탐색보통주행47기 0 7 4   4 5 4 6⑨1:43.43    3.313.841.915.6  5 -4  .09 9 4 -3 5.29544959610 2 1 5 50 1 3.06 2.01 3.5 6.6  5.2   22.3   45.9  178.5  .03151 0 6 6 0― -.238.70  .5930.77102.5 7.6716.6627.90 61325 8.6521.0038.04 3
20260103토11140011국254 1102 4혼전 4451흐림다습1310 8강남불청객      페더럴리새즈미즈 5636.00한수 5 0 1 1 1   95      495002등송문길(주)나스-1 412 8 318 1 5 315  1장추열49058.093우자하69 70 708261.057.022.8295013194110272929382627202722671717↘↗입14.036.938.713.5617637.139.9 87.8 89.7 67 83 1733   13.40   14.10 5  3  1HBUP55.64852012 1.0 2.4 3.4727218 2전개최상보통주행78기 1 4 6     6 7 7⑨1:27.81½  2.213.939.214.2  2  2  .00 9 7  4 2.67455666824 6 1 8 80 1 1.03 6.09 3.2 5.6  3.2    7.9   15.2  169.0  .03480 0 7 7 0―  .439.20  .5514.1488.32 6.1714.1122.81 51222 6.2516.6123.68 7
20251130일 7120013국254 1 52 5혼전 4451흐림다습1010 8강남불청객      페더럴리새즈미즈 5831.00한수 4 0 1 9 1   9315:151100002등송문길(주)나스-1 511 7 618 1 5 314  1임기원48857.088우자보79 87 879376.064.030.31939 9194110272931432627233316671717↘↗입14.037.237.913.5509436.438.9 73.8 76.0 67 75 2542   13.50   13.90 8 -3  2ULDN55.64852012  .6 2.4 3.0777718-2마방승부전개최상 5   0 1 3     5 5 7⑨1:13.8목   1.113.438.414.1  6  5  .09 9 3  1 2.147 954244710 2 7 40 3 6.02 8.05     5.0 16.9   27.9   69.6  102.2  .04193 3 8 9 3▲ 1.238.30  .47  .9075.5611.0621.0930.34 8172810.5319.8128.51 4
20251003금11140011국244 1 92 6혼전 4451흐림다습1110 8강남불청객      페더럴리새즈미즈 5636.00한수 4 0 1 1 2  232      495002등송문길(주)나스-1 610 6 218 1 5 313  1이용호48355.561우자보85 95 956477.055.028.41267 0365227272917382627191820671717↗→자14.136.838.713.5667636.939.2 86.3 88.5 73 73 1836   14.20   13.90 4  2  1HNDN55.64852012  .2 2.6 2.8797914-3전개최상마방승부71기 1 4 7     7 5 3③1:26.31½   .313.538.313.9  1 -6  .00 3 2  0  .43039433372 6 3 3 50 3 1.04 7.06 1.9 4.6  1.9    8.8   11.1    9.610.53468 0 7 5 0―  .339.00  .4913.0088.25 8.6418.9928.41 5132616.9829.6042.48 3
20250906토 51700 8국231 2 82 7혼전 4451흐림다습1310 8강남불청객      페더럴리새즈미즈 5636.00한수 4 0 1 1 2  322      82500국O송문길(주)나스-1 7 9 5 218 1 5 212  1마이아48955.093강자보74 87 879783.070.067.43963 53652272729203326273533 8602020→↘선14.039.240.413.5858039.740.0109.4111.9 70 70 2040   14.10   12.80 5  1 -2HHUP55.74842012  .0 2.4 2.4848414 5전개최상전개최상 5   0 2 1 1 1 1 1 2②1:49.42½   .014.238.813.9  0  8  .00 2 2  0  .5 738221488 2 1 3 11 1 1.02 3.02 1.6 3.2  1.6    3.2    4.8    7.010.64999 4 9 9 4☆ 1.741.60 -.2432.30112.830.8053.1667.3837577023.0846.1562.41 1
20250803일12120011국253 1102 8 3강 3351흐림건조 310 8강남불청객      페더럴리새즈미즈 5831.00한수 4     1 2  39116:50 495002등송문길(주)나스-1 8 8 4 518 4 5 2 0  0김용근48156.582강자보69 85 859786.067.057.02045 8365227272929442627312714602020↗↘선14.037.037.913.7679138.136.8 74.1 75.7 78 78 2233   14.00   14.2019 -8  2UN동55.74842012  .0 2.0 2.0898914 0연대우수전개최상52기 1 1 7    10 8 5③1:14.12½   .414.136.812.8  1 -4  .00 3 2 -1  .73387 11270 8 1 3 13 4 3.01 9.10     7.7  6.1    7.7   19.4   13.3  .04993 4 9 9 4☆ 1.538.50 -.19  .7875.4526.3846.2857.0137577020.9539.6353.89 1
20250322토10120011국254 1102 9혼전 4451맑음건조 410 8강남불청객      페더럴리새즈미즈 5831.00한수 4 1 1 2 4  79418:00 495002등송문길(주)나스-1 9 7 3 418 3 5 210  1김용근48555.087강입보78 91 918373.061.031.82756 7183113272929442627312714602020↗↘선14.037.037.913.5639336.938.9 74.6 76.2 88 88 2538   13.90   13.2013  8  0BH동55.74842012 -.2 1.6 1.4919114 0전개최상연대우수 1기 1 910    10 7 3④1:14.62     .714.038.614.2  1 -6  .00 4 3  0 1.45428533761 8 3 4 53 3 1.04 6.03     6.2  3.5   15.1   24.1   43.210.53781 3 8 9 3▲  .938.60  .53 1.3475.45 9.7521.3131.81 8172811.7223.0832.53 4
20241221토11120011국254 110210혼전 4451흐림양호 810 8강남불청객      페더럴리새즈미즈 5831.00한수 3     2 6 105518:00 495002등송문길(주)나스-110 6 2 318 2 5 2 0  0김용근49155.089강입하47 50 509151.058.035.3284622254713272929442627312714602020→→선14.037.137.813.6609437.338.2 74.4 76.2100100 2943   13.50   17.00 9 -5  2UNDN55.74842012  .0 1.4 1.4919114-8승부최상전개최상 1기 0 1 6     6 5 5⑤1:14.4코    .313.937.713.2  2  2  .00 5 3  2  .85253303070 9 110 42 2 5.04 3.02     8.1  5.8   12.0   22.9  243.8  .04177 3 8 9 3▲  .838.50  .44 1.2975.4510.5521.9035.29102335 6.8513.7717.43 7
20241019토112000 9국243 1 9211 1강 1151흐림포화1610 8강남불청객      페더럴리새즈미즈 4642.00한수 3 1 1 2 7 125018:00 495002등송문길(주)나스-111 5 1 118 1 5 2 8  1김용근48953.592강입보91 97 977593.061.052.7284214284817272929442627312714602020↘→선14.039.240.613.6596538.746.1135.4136.4100100 2943   13.40   13.70 6 -1 -4NHUP55.74842012  .4 1.0 1.4929214 8전개최상승부최상 1기 1 6 2 1 2 2 4 8⑨2:15.43    8.013.545.917.0  8  5  .01 9 1 -1 8.197229898 5 4 4 1 20 1 4.02 9.01     5.4  5.2    7.5   16.6  125.1  .04493 3 9 9 3▲ 1.040.90 -.6156.55131.422.0138.7752.7218375432.7955.7570.09 1
20240907토 6120014국354 110212혼전 4451맑음다습1110 8강남불청객      페더럴리새즈미즈 5831.00한수 3 1 1 2 7 136118:10 82500국3송문길(주)나스-112 4 2 218 2 4 2 7  1임기원48457.085강선상97 97 979485.068.029.816331128481727293143262723331675 025→↗입14.137.237.813.4559536.738.0 73.2 75.2100100 3350   14.10   13.30 7  5  4NBDN55.44841812  .5 1.0 1.5919112-6전개최상전개최상 1   0 7 7     6 3 1①1:13.22½  -.413.437.413.7 -1 -1  .00 1 2 -1  .0172122 99412 1 2 42 2 2.01 7.06     6.3  4.7    6.3   13.1   19.510.54193 3 9 9 3★ 1.438.10  .53  .1575.5011.4121.8829.7810233512.4322.6430.74 1
20240721일 9180011국340 3 9213혼전 4451맑음포화1610 8강남불청객      페더럴리새즈미즈 4642.00한수 3 1 1 2 8 147817:30 41250국3송문길(주)나스-113 3 1 118 1 3 2 6  1임기원48553.593강입보96 98 989285.067.056.52647 032501527293143262723331667 033↘→입14.040.039.813.4556939.339.3115.9117.4100100 2040   14.20   13.90 5 -1 -4UHUP56.04831812  .3 1.0 1.3939312 2마방선전전개최상 1   0 2 1 1 1 1 1 1①1:55.91¾  -.414.139.013.3 -2  0  .00 1 3  2  .0 71619 492 1 3 1 11 1 3.04 2.08     6.0  4.6   14.6   24.7   57.110.55998 4 9 9 4☆ 1.740.80 -.5237.63118.528.3146.6456.5233536623.0040.9850.78 1
20240616일 61600 9국412 3 6214 3강 3351맑음건조 510 8강남불청객      페더럴리새즈미즈 5636.00한수 3 0 1 2 8 157914:50 33000국4송문길(주)나스-114 2 3 218 2 2 2 5  1서승운48557.093강자하98 99 991488.068.049.52550 032501527292850262727281750 050↘↗선14.036.239.413.4714536.338.7102.5101.5100100 2550   14.70   14.10 5 -8  3UBDN55.54821712  .0 1.0 1.0979712-1전개최상마방선전 1기 1 3 1   1 1 1 1①1:42.51¾  -.314.239.113.9  0 -5  .00 1 1  0  .01042282194 1 7 1 11 2 1.03 3.06     5.2  1.8    7.1   10.8   38.211.24990 3 9 9 3★ 1.539.40 -.1725.88102.819.9936.8149.5319415522.0638.0252.00 1
20240511토10170011국411 5 6215혼전 4451비  다습1410 8강남불청객      페더럴리새즈미즈 5636.00한수 3 1 1 2 9 169017:30 33000국4송문길(주)나스-115 1 2 118 1 2 1 4  1서승운49054.093강자하99 99 999283.069.051.73550 02852 727292850262727281750 050↗↘선13.639.740.313.1539538.841.3110.9112.8100100  067   13.80   14.1012  7  1VNUP55.54821712  .0 1.0 1.0999912 1마방선전전개최상 1기 011 7 7 4 3 3 1②1:50.9머리  .014.741.114.1  1  1  .00 2 1  0  .125 6602484 3 4 1 22 1 3.01 4.11     4.6  9.3    7.9   24.1   18.310.55299 4 9 9 4☆ 1.641.30 -.1032.76113.122.3039.2951.7019415522.1141.5843.29 1
20260912토10120011국2 4 1  3 0혼전 4451          10 9드론킬러        카우보이마중물   6327.00한거 5 0 0   1    017:55 495002등박재우이관형   1 01615 529 2 5 729  0코지     58.588우입보50 57 577545.053.025.03358202045 9234324202215233019235415↗↘입14.037.138.113.85576                   54 71 3325   13.70   12.70 3  1  2BB동54.35002014  .8 5.2 6.0616112 0마방연대보통주행34기 0 9                            13.7    12.7        .0                      10 5 8 6  2                                              .03053 0 6 7 0―  .238.10  .56     75.61 7.6316.2224.97 51222 6.8413.8222.13 8
20260823일10120011국214 1 63 1혼전 4451맑음다습1310 9드론킬러        카우보이마중물   6327.00한거 5 0 0 2 1   41      495002등박재우이관형   1 11514 429 1 5 628  0코지  50757.088평입상72 73 738165.064.044.23358202045 92343242022152330192558 8↗↘입14.037.038.413.9576536.937.2 72.0 74.2 52 70 3522   13.60   14.00 7  2  0LLDN54.04992014 1.4 5.0 6.4585812-2편성불리마방연대50기 0 8 8     8 7 6②1:12.04     .013.736.112.7 -1 -1  .00 2 3 -4  .7 334 5 380 7 6 5 13 1 1.03 2.08 2.2 4.9  2.2    4.9    7.7   10.112.73281 2 7 8 2▲ 1.138.00 -.10-1.2075.7217.9131.6844.2233536610.0921.6033.13 5
20260704토10140010국250 3103 2 1강 1151흐림건조 410 9드론킬러        카우보이마중물   5732.00한거 5 0 0 1 1  122      495002등박재우이관형   1 214131029 1 5 627  0안드레50857.093평입하58 65 655371.058.027.02754 52045 92343 0 022154024 42764 9↗→선14.036.839.413.8563737.039.1 86.8 88.5 55 73 4123   14.60   13.90 8  4 -1NNDN53.84982014 1.6 4.6 6.2555513-4연대우수급신장세60관 0 6 5     6 7 4⑤1:26.8목    .513.638.714.0 -2  6  .00 5 7  1  .62944383167 4 7 7 80 1 4.02 9.08 2.8 5.2  7.5   14.1   35.3   34.712.03269 2 6 7 2―  .939.00  .0712.2688.73 6.8716.5626.97 31120 7.7716.6728.09 8
20260509토 91800 9국212 7 13 3 2강 2252맑음건조 510 9드론킬러        카우보이마중물   5437.00한거 5 0 0 2 1  152      495002등박재우이관형   1 31312 429 1 5 626  0루이스50258.063우입하42 35 353745.041.019.92144102045 9234321 022152027152764 9↗↘입14.040.140.513.9433740.140.5118.6119.2 57 71 3329   14.20   14.20 6 -9  3HUDN53.84982014 1.0 4.0 5.0595912-2일반주행연대우수32관 0 2 5 5 4 6 7 6⑦1:58.61     .614.640.913.9  1 -2  .00 7 6  1 2.64646494368 7 5 5 70 1 3.05 1.05 1.6 3.0  6.2   45.3   89.6   60.5  .03756-2 5 4-2▽ -.840.90  .0838.61118.8 5.2811.0819.87 51222 6.3514.2324.55 6
20260328토10200011국243 4 93 4혼전 4451맑음건조 310 9드론킬러        카우보이마중물   5437.00한거 5 0 0 9 1  116      495002등박재우이관형   1 41211 329 1 5 625  0우인철50455.068우입하76 49 495454.053.028.52049102045 92343 0 022151128222764 9→↘입14.039.441.213.9333340.039.6132.2131.6 55 80 5035   14.50   14.60 6  9 -3VNUP53.84982014  .4 3.4 3.8676717 2승부최상부중잇점92기 211 7 8 8 8 8 7⑧2:12.21½  1.214.240.614.2  3  4  .00 8 5  0 1.45582415748 4 7 6 50 1 4.03 4.03 2.3 4.6  8.6   21.7   38.3   10.112.73466 2 6 7 2―  .440.40 -.5050.97132.0 8.6418.5428.50 81728 7.8317.4728.15 5
20260214토10180011국220 6 73 5혼전 4451맑음건조 310 9드론킬러        카우보이마중물   5437.00한거 5 0 0 2 1  106      495002등박재우이관형   1 51110 329 1 5 624  0빅투아50058.091우입하70 73 737374.061.030.63153132045 9234328 022152228182764 9→→선14.040.140.213.8435339.242.1117.7118.6 63 74 5332   14.80   13.50 3  1  5HB동53.84982014 -.4 3.2 2.8717120 0연대우수승부최상55관 1 2 4 4 5 5 6 5⑧1:57.71½  1.314.541.214.6  3  3  .00 8 5  3 2.23514846545 5 8 5 52 1 1.04 9.01 2.3 3.7  2.3   11.6   17.5   54.2  .04492 3 8 9 3▲ 1.040.80 -.0738.29118.711.1321.0030.61 8172814.4126.8936.77 3
20260125일 9180010국223 3 73 6혼전 4451맑음건조 310 9드론킬러        카우보이마중물   5437.00한거 5 0 0 2 1   44      495002등박재우이관형   1 610 9 229 3 5 623  0권중석49753.565우입상84 70 707771.059.036.81341 62045 9234313 022151918182764 9↘→선13.940.040.113.8435740.239.9117.6118.6 67 78 4428   14.00   13.70 5-10 -1UHDN53.84982014 -.8 3.2 2.4737312-2연대우수연대우수 5기 0 1 7 7 6 8 9 5④1:57.6¾    .314.839.713.5  2 -3  .00 4 2 -3 1.33848363372 7 6 3 43 3 4.06 6.10 2.8 3.4  9.3   66.7  157.8  237.312.73772 2 8 9 2▲  .740.90 -.1538.50118.610.4523.6836.7610233514.2925.0037.82 3
20251220토11200011국241 2 93 7혼전 4451흐림포화1610 9드론킬러        카우보이마중물   5437.00한거 4 0 1 2 1   9718:00 495002등박재우이관형   1 7 9 8 229 2 5 622  1권중석50054.065우입상84 91 918776.065.041.91341 62045 9234313 022151918182764 9↘→선13.939.541.213.8303739.339.1128.0129.1 71 88 4729   15.10   14.00 5  6  2VN동53.84982014-1.6 4.0 2.4737320 0연대우수연대우수49기 011 6 3 3 3 4 3④2:08.01    1.014.039.613.7 -1 -4  .00 4 5  2 1.1 846252153 410 2 12 2 3.1010.07     5.4  4.5   96.4  165.9  175.110.53781 3 9 7 3▲ 1.240.10 -.8648.38132.117.0030.6141.9233536614.4126.7237.39 3
20251116일112000 7국242 4 43 8 3강 3351맑음건조 310 9드론킬러        카우보이마중물   5437.00한거 4 0 0 2 1  111      495002등박재우이관형   1 8 8 7 129 1 4 621  0권중석50452.565우입보60 76 768479.063.051.81341 62045 9234313 02215191818306010↘→선13.938.941.513.8752739.838.4131.1129.5 69 75 5625   14.10   14.30 6  2 -1NHUP53.94972014-1.6 4.4 2.8646412 2연대우수연대우수52기 0 5 6 6 6 6 4 3①2:11.1¾    .015.139.214.0 -2 -2  .00 1 3  1  .01670111795 1 4 3 32 1 3.02 5.03 2.3 3.4  4.4    6.3   12.1    3.412.14981 2 9 8 2▲ 1.040.70 -.9349.08131.819.0436.3251.8313294624.1844.7161.25 3
20251004토10180011국234 2 83 9 1강 1151맑음다습1010 9드론킬러        카우보이마중물   5437.00한거 4 0 0 1 2  222      495002등박재우이관형   1 9 7 6 129 4 4 520  0문세영50653.573우입상73 57 576973.058.039.92735 01660 5234343332215293615335611↗↗입13.839.640.713.8743039.142.0116.9118.9 67 80 5327   14.50   13.50 4 -1 -2HHUP53.94961814-2.4 5.2 2.8646412 1전개최상연대우수68기 1 3 4 4 5 3 2 2②1:56.91¼   .014.141.814.3  0 13  .00 2 2 -2  .24112836089 5 6 4 32 4 6.02 1.03 2.2 4.7 18.7   28.1   84.9   75.7  .03776 1 8 7 1▲  .641.30 -.2838.60118.714.7427.0939.8712264016.0430.4141.80 3
20250906토 51700 8국231 3 8310혼전 4441흐림다습1310 9드론킬러        카우보이마중물   5732.00한거 4 0 0 1 2  32216:10 825002등박재우이관형   110 6 5 129 3 4 519  0문세영49355.073우입보66 70 709474.064.049.62735 01660 5234343332215293615335611↗↗입13.739.041.213.8934540.140.4110.1112.6 71 79 5729   13.70   13.9010  3  2HNUP53.94961714-2.0 5.0 3.0626212 3전개최상전개최상 5   0 4 4 4 4 5 5 3③1:50.14     .714.539.213.5 -1 -7  .00 3 4  3 1.22159333661 1 7 5 32 3 1.02 3.02     3.2  1.6    3.2    4.8    7.0  .05491 3 8 8 3▲ 1.142.00 -.1632.40113.216.4332.6649.6213294618.6835.1648.18 3
20250628토 9140011국234 2 8311혼전 4451맑음다습1110 9드론킬러        카우보이마중물   5732.00한거 4 0 1 9 3  50618:00 495002등박재우이관형   111 5 4 929 2 4 518  1문세영50053.073우입상86 87 879782.067.052.63745 01428 3234343332215293615335611↘↗입13.736.439.413.8834536.639.6 86.8 89.0 71 79 5729   13.20   13.30 7 -2  1UNDN53.94961614-2.6 5.4 2.8646412-2승부최상전개최상53기 1 1 5     3 4 4④1:26.82½   .413.738.813.9  3 -1  .09 4 1 -1  .84922593970 2 7 6 22 2 2.03 7.11     4.4  2.9    8.3   11.6   18.7  .06396 3 9 9 3★ 1.539.50 -.3613.2088.4523.3041.3852.5938587015.8330.7741.94 2
20250511일11160010국244 2 9312 1강 1141맑음포화1610 9드론킬러        카우보이마중물   5732.00한거 4 0 0 2 4  63618:00 495002등박재우이관형   112 4 3 429 1 4 417  0문세영50152.073우입상69 66 661490.062.045.4455525215010234343332215293615385013→↘입13.836.139.913.8773735.839.5100.0101.8 69 77 5431   13.90   14.50 4 -6 -5HU동54.24961614-1.8 4.2 2.4717112 0연대우수승부최상 1   0 3 3   3 3 3 1②1:40.0½    .013.239.313.3  0  1  .00 2 2 -7  .11515502889 2 9 6 22 1 4.02 2.03     4.2  5.9    9.3   20.7    7.1  .04997 4 9 9 4▲ 1.239.90 -.2325.75103.017.6232.1245.3618375417.3935.2648.63 2
20250413일 7160010국243 6 4313 3강 3351맑음포화1710 9드론킬러        카우보이마중물   5732.00한거 4 0 1 2 4  72415:15 825002등박재우이관형   113 3 2 329 3 4 416  1조한별50057.068강입보88 78 781464.049.018.5195711215010234322 02215122118385013↘→입13.736.139.613.7785335.640.4100.6103.0 75 83 5033   14.10   13.70 4  0  5LB동54.24961614-1.4 3.4 2.0828212 0승부최상연대우수 1   0 9 6   6 6 6 4④1:40.62½  1.013.940.014.5 -5 -3  .00 4 9  4 1.156 8725352 5 8 5 92 3 2.01 6.07     3.6  4.2    3.6    9.3   34.811.23741 0 7 7 0― -.139.60  .5227.30102.9 3.7310.6418.53 31017 7.4816.3327.80 6
20250315토10160010국210 3 6314 1강 1151맑음양호 610 9드론킬러        카우보이마중물   5732.00한거 4 0 1 2 5  81518:00 495002등박재우이관형   114 2 1 229 2 4 415  1조한별50352.062강입상89 94 941493.059.043.11767 9254019234322 02215122118385013↗↘입13.736.439.413.7606136.239.2100.9102.2 82 82 5536   13.50   14.40 4  6 -6BUUP54.24961614 -.6 2.6 2.0828212 2마방선전승부최상 1기 0 9 6   6 4 3 5③1:40.97    1.314.138.913.7 -2  3  .00 3 5 -1 1.72733423241 3 5 1 32 2 1.02 3.06     4.1  1.5    5.7    7.7   17.2  .04992 4 9 9 4▲ 1.139.40 -.1026.37102.915.2228.4743.0612264024.8442.0054.74 1
20250216일10140011국312 2 6315혼전 4451흐림건조 410 9드론킬러        카우보이마중물   5732.00한거 4 0 1 2 5  89017:30 41250국3박재우이관형   115 1 5 829 1 4 314  1조한별50058.062강입보96 85 857074.063.036.71767 9254019234322 02215122118434314↗↘입13.736.738.813.6688535.640.5 87.6 88.6 80 90 5040   13.90   13.70 6 -3  1HB동53.64951614 -.6 2.2 1.6898912 0연대우수마방선전 1기 2 3 2     3 2 1②1:27.64     .013.540.514.4 -4 -4  .00 2 6  3  .733 1813376 4 4 3 32 1 5.06 7.03     7.4 10.2   25.4   63.6   59.0  .04185 3 8 9 3▲ 1.139.10  .2413.0788.2513.6125.1036.7313294612.6923.9733.33 3
20260912토10120011국2 4 1  1 0혼전 4451          1010스타트렉        페더럴리초원의별 5831.00한거 5 0 0   1    017:55 495002등조현수(주)나스-1 016 41921 1 5 321  0정도윤   52.580우선하50 55 558731.045.021.412 0 91253 7 923 9 0 9 31025238813 0↗↗입13.636.439.014.19437                   50 69 8819   13.10   14.80 3  1  0BH동55.05171412  .2 5.2 5.4555513 0전개최상마번불리44트 010                            13.1    14.8        .0                       211 9 9  2                                              .03468 0 5 5 0― -.339.00  .57     75.72 5.5613.5321.38 2 3 7 5.1313.0120.4910
20260823일10120011국214 1 61 1혼전 4461맑음다습131010스타트렉        페더럴리초원의별 5831.00한거 5 0 0 2 1   41      495002등조현수(주)나스-1 115 31821 1 5 320  0빅투아51752.591우도보91 73 739768.056.030.73153131253 7 9231227 9 32228188813 0→→선13.636.438.914.1934535.740.0 73.6 75.8 50 69 8819   13.20   13.80 5  8  0LH동55.05171412  .0 4.8 4.8626213 0전개최상전개최상61관 0 9 1     2 2 3⑧1:13.6¾   1.613.138.914.8  4  9  .05 8 4  0 2.343 1823934 211 4 41 3 1.03 2.08 2.2 4.9  2.2    4.9    7.7   10.112.74192 2 7 9 2▲  .539.10  .33  .5075.67 9.5619.9930.7210233511.0122.5431.34 4
20260718토101200 9국254 2 51 2 1강 1151흐림포화181010스타트렉        페더럴리초원의별 5831.00한거 5 0 0 2 1   82      495002등조현수(주)나스-1 214 21721 1 5 319  0정도윤50852.580우도보85 64 649981.057.036.912 0 91253 7 923 9 0 9 31025238813 0↗↗입13.636.438.914.2934135.838.9 72.6 74.8 53 60 9327   12.80   14.10 4 -6 -2UH동55.05171412  .0 4.8 4.8626213 0전개최상전개최상 5   0 1 1     1 1 4④1:12.62½  1.113.237.813.8  0-11  .00 4 4 -3 1.211 253 948 1 9 5 41 1 1.03 9.02 2.2 3.3  2.2    4.8    7.4   18.812.04189 2 7 7 2△  .638.80  .16 -.5075.6711.0023.1236.8710213515.6030.5344.83 4
20260620토10120010국253 1 51 3 1강 1151비  불량201010스타트렉        페더럴리초원의별 5831.00한거 5 0 0 2 1   71      495002등조현수(주)나스-1 313 11621 2 5 318  0빅투아51954.091우도상68 84 849683.053.023.63153131253 7 9231227 9 32228188813 0→→선13.636.438.814.0925335.839.3 73.0 75.2 57 57 8621   13.20   14.20 9 -3 -4NH동55.05171412-1.4 4.6 3.2727213 0전개최상전개최상 5관 0 7 2     3 3 3⑩1:13.0½   1.412.838.214.1  3  6  .0010 7  1 1.518 1651638 110 4 70 2 4.0310.05 3.5 5.0  6.2   17.5   39.0  176.2  .04170 0 7 7 0―  .238.90  .59  .0075.61 5.9814.2823.62 4111810.0522.8936.23 5
20260419일 8120011국354 4101 4혼전 4451맑음건조 41010스타트렉        페더럴리초원의별 5831.00한거 5 0 0 2 1  164      41250국3조현수(주)나스-1 412 21521 1 5 217  0빅투아51357.591우도하74 69 699664.057.029.43153131253 7 9231227 9 32228188614 0→→선13.636.438.914.0924835.939.6 74.6 75.7 54 62 9223   13.50   13.60 6  8  0BL동54.65181412-1.2 4.8 3.6707013 0전개최상전개최상32관 110 1     1 1 1②1:14.6½    .013.238.914.2 -4-11  .00 2 6  4  .137 2743084 1 9 6 51 1 1.06 9.10 2.5 6.5  2.5   15.5   19.7   20.2  .04192 1 7 7 1△  .539.10  .39  .4175.67 8.5518.3029.38102135 9.1720.6931.67 4
20260307토10120011국354 3101 5혼전 4451맑음포화151010스타트렉        페더럴리초원의별 5831.00한거 5 0 0 2 1  117      41250국3조현수(주)나스-1 511 1142110 5 216  0푸르칸52457.580우도하75 67 679762.056.031.92460161253 7 9232535 9 31424218614 0↗→추13.636.438.814.1944836.838.8 73.5 75.7 54 62 8523   13.30   14.20 5 -8  0HL동54.65181412-1.4 4.0 2.6808013 0전개최상전개최상70기 0 2 3     4 4 1⑤1:13.51     .913.537.713.6  3  3  .09 5 2 -4 1.13625493153 2 8 4 3211 1.0310.01 2.8 5.9  2.8   13.2   23.2   34.512.74175 2 8 7 2▲  .539.10  .36  .5075.6110.7821.2831.8812264015.3827.0036.54 1
20260131토10120011국454 3101 6 3강 3351맑음건조 21010스타트렉        페더럴리초원의별 5831.00한거 5 0 0 9 1   85      41250국4조현수(주)나스-1 610 31321 9 5 215  0푸르칸52157.580강도하82 85 859475.060.026.92460161253 7 9232535 9 31424218614 0↗→추13.636.438.814.1934836.439.3 74.4 76.0 67 67 8317   13.30   14.10 5  1  0BL동54.65181412-1.4 4.0 2.6808013 0전개최상전개최상 5관 010 2     1 1 2⑥1:14.41    1.413.338.914.2  0 -5  .00 6 6  3 1.446 9683738 2 9 7 6110 5.07 4.11 3.0 7.7  9.8   77.0  203.7  406.310.94176 1 8 8 1▲  .739.10  .50  .7875.61 7.2916.7326.88 51222 9.4419.3530.50 6
20251228일 9120011국344 2 91 7혼전 4451맑음다습121010스타트렉        페더럴리초원의별 5831.00한거 4 0 1 9 1   8717:00 41250국3조현수(주)나스-1 7 9 21221 8 5 214  1푸르칸52657.580강도상98 95 959779.063.034.12460161253 7 9232535 9 31424218614 0↗→추13.636.438.714.2925336.339.0 74.0 75.7 64 73 9136   13.40   13.20 4  2  3BB동54.65181412-2.2 4.0 1.8858513 0선행반복전개최상40관 0 9 2     2 2 2⑤1:14.0½    .513.338.714.1  2  0  .00 5 3  1  .939 9572566 1 9 2 31 9 1.02 6.08     6.2  3.1    6.2   10.9   61.010.54178 2 9 9 2▲ 1.039.10  .36  .6275.5612.0823.7434.1113294619.4732.7642.86 3
20251129토 9120011국354 1101 8혼전 4451흐림다습101010스타트렉        페더럴리초원의별 5831.00한거 4 0 0 9 1   8017:00 41250국3조현수(주)나스-1 8 8 11121 7 4 213  0푸르칸52654.580강도상92 94 947474.060.032.32460161253 7 9232535 9 31424218317 0↗→추13.636.538.714.0915736.537.2 72.3 74.5 60 70 8020   13.20   13.80 6  3  1NN동54.75171412-2.6 4.6 2.0858513 0전개최상탐색우려58관 1 7 2     1 1 1①1:12.3코    .013.436.813.2 -1  4  .00 1 2 -4  .0 512 4 180 5 8 3 41 8 2.07 7.11     6.5  3.7   29.7   46.4  182.210.53455 1 8 8 1▲  .738.60  .36 -.7075.6110.0021.4432.3010233513.1825.3035.68 4
20251018토10120011국454 1101 9혼전 4451흐림포화191010스타트렉        페더럴리초원의별 5831.00한거 4 0 0 2 2  211      41250혼3조현수(주)나스-1 9 7 91021 6 4 112  0푸르칸52253.582강도보95 94 949662.060.026.625751611 0 9 9232535 9 314242199 0 0↘↗추13.636.538.814.1885335.938.7 73.1 75.3 56 67 7822   13.00   14.20 6  0 -2HH동54.95151412-2.4 4.8 2.4848413 0전개최상전개최상55관 0 4 3     3 2 1②1:13.14     .013.238.213.8 -4  1  .00 2 6 -1  .721 147 785 410 7 52 7 2.06 7.04 2.7 6.4  4.4   24.8   41.7  142.910.54178 2 7 6 2△  .838.80  .45  .0075.67 7.7716.0326.59 51222 8.8117.3125.68 6
20250906토 4120012국424 1 7110혼전 4451흐림다습131010스타트렉        페더럴리초원의별 5831.00한거 4 0 0 1 2  323      82500국O조현수(주)나스-110 6 8 921 5 4 111  0푸르칸52155.082강도상95 96 969171.060.022.625751611 0 9 9232535 9 314242199 0 0↘↗추13.636.638.714.1875734.939.8 72.6 74.8 63 63 7525   13.50   13.80 8 -2 -3HN동54.95141412-2.4 4.2 1.8888813 0승부최상전개최상 5   0 4 2     1 1 1④1:12.6¾    .213.038.714.2 -3  7  .00 4 7  5  .8 9 079 975 612 3 61 6 2.0110.03 2.1 4.6  4.0    4.6    9.8   18.210.54163 0 8 8 0▲  .638.60  .56 -.5075.67 7.4714.5122.61 51222 9.6817.6322.96 4
20250712토 6120010국434 2 8111 1강 1151맑음건조 51010스타트렉        페더럴리초원의별 5831.00한거 4 0 0 2 3  46915:35 33000국4조현수(주)나스-111 5 7 821 4 3 110  0푸르칸51457.578우도상92 99 998492.069.070.4307119176711 9232535 9 314242199 0 0→↘추13.636.738.714.1785736.737.4 73.9 74.5 57 57 7114   13.30   13.60 7  1  5NB동54.05141412-2.0 4.2 2.2838313 0도주강력승부최상35관 0 6 1     1 1 1①1:13.9¾    .013.537.913.8 -1  1  .00 1 2 -1  .0 518 7 278 4 5 1 11 5 2.03 6.09     5.3  3.4    7.4   14.3   46.7  .06092 4 9 9 4☆ 1.738.40 -.84 -.9375.7235.4258.1170.4237577026.9849.1266.02 1
20250525일 6120011국424 2 7112혼전 4451맑음양호 81010스타트렉        페더럴리초원의별 5831.00한거 4 0 0 2 3  59914:25 33000국4조현수(주)나스-112 4 6 721 3 2 1 9  0푸르칸51352.578우도상61 86 868876.067.040.9307119176711 9232535 9 314242199 0 0→↘추13.636.838.914.1774835.938.4 73.2 74.6 50 50 6717   13.40   14.00 4  0 -1NH동54.85151412 -.8 3.8 3.0777713 0도주강력도주강력45관 1 5 1     1 1 1①1:13.21¼  -.313.337.913.6 -2 -4  .00 1 3 -2  .0 6 137 391 7 6 3 21 4 3.04 5.02     3.9  7.9   23.7   52.4  307.1  .03579 3 9 9 3★ 1.338.30 -.18-1.1475.8914.5729.0040.9218375415.8429.5240.24 3
20250426토 6120011국414 3 6113혼전 4451맑음양호 81010스타트렉        페더럴리초원의별 5831.00한거 4 0 0 9 4  69315:15 33000국4조현수(주)나스-113 3 5 621 2 2 0 8  0푸르칸51753.571우도상67 83 838669.057.025.6152910 6   7 9232535 9 314242199 0 0↗→추13.736.738.714.1796136.639.3 75.3 76.1 40 60 6020   13.70   14.10 8 -6  2NN동54.85151412 -.6 3.4 2.8777713 0전개최상도주강력 1관 0 5 4     4 4 3②1:15.38     .013.439.214.0 -3  8  .00 2 5 -2 1.45014674284 4 8 2 62 3 1.05 7.05     5.3  1.8   12.4   16.8   22.6  .03463 0 7 7 0―  .438.90  .42  .7275.72 6.8415.9225.63 5122213.5126.2438.68 4
20250301토 6120011국442 1 9114혼전 4451흐림건조 31010스타트렉        페더럴리초원의별 5831.00한거 4 0 0 1 5  86115:15 33000국4조현수(주)나스-114 2 4 521 1 2 0 7  0푸르칸50952.073강도하55 55 559359.055.029.6154311 925 4 9232535 9 314242199 0 0↘↗추13.636.738.212.9808036.839.0 75.1 76.2 50 75 7525   13.40   15.1015  6 -1VU동54.85151412  .0 2.5 2.5777713 0전개최상전개최상 1관 011 4     4 3 3④1:15.11     .213.739.014.1 -3 -4  .00 4 7  4 1.25325563873 2 4 5 62 2 1.09 8.07     6.0  2.9   32.1   53.1   34.412.74175 2 7 8 2▲  .538.90  .59 1.3175.45 8.9719.2829.56 5122212.0525.6728.07 3
20241117일 5120011국444 4 4115 3강 3351맑음양호 61010스타트렉        페더럴리초원의별 5831.00한거 3 0 0 2 6 115914:00 33000국4조현수(주)나스-115 1 3 421 5 2 0 6  0이동하51353.090우도하74 68 689275.062.036.52747 8155014 9232640 9 325241999 0 0→→선13.636.838.312.9768036.540.4 76.4 77.0 50 75 7525   13.20   14.10 5  1  1NN동54.85151412 1.0 2.0 3.0707013 0전개최상전개최상 1관 2 5 2     2 1 2⑦1:16.42    1.713.440.115.1  4 -4  .09 7 3  2 2.67611877230 6 2 4 41 5 2.04 4.08     3.4  3.8   13.6   23.0    6.010.94173 1 7 9 1▲  .939.10  .27 1.9275.5611.1223.8836.5410233514.6628.8235.34 3
20260912토10120011국2 4 1  2 0혼전 4451          1011쏘아라스타      투아너앤블루엠파 6627.00한수 4 0 1   1    017:55 495002등이관호현태봉   1 016 8 918 3 6 318  1임다빈   55.575우자보50 64 646932.044.018.11327 7213910202614392321142424294329→↗추13.937.038.113.46091                   79 57 3636   14.50   13.80 4  3 -2VNDN54.95161612-1.4 5.2 3.8707012-4작전마주연대우수 1   011                            14.5    13.8        .0                       8 3 410 15                                              .03755 0 5 5 0― -.438.10  .82     75.56 5.3510.5918.08 1 2 6 3.42 9.7617.2111
20260815토 8160010국212 5 62 1혼전 4451흐림건조 31011쏘아라스타      투아너앤블루엠파 5932.00한수 4 0 1 2 1   84      495002등이관호현태봉   1 115 7 118 2 6 317  1임다빈51257.076강자하58 62 621446.047.019.11327 7213910202614392321142424294329→↗추13.936.339.313.4676937.039.2103.1103.8 85 62 3838   14.30   14.60 6  4  1NHUP54.95161612-1.6 3.6 2.0808012 2편성탐색작전마주 5   0 8 9   910 910⑩1:43.11¾  1.614.539.113.8  0  2  .001010  5 2.97382355337 4 3 9 9014 1.02 4.10 2.4 5.8  2.4    8.3   12.6   12.9  .02944 0 6 6 0― -.239.30  .5728.21102.8 4.5310.4819.13 2 714 6.6711.6721.13 9
20260704토10140010국250 3102 2 1강 1151흐림건조 41011쏘아라스타      투아너앤블루엠파 5932.00한수 4 0 1 1 1   91      495002등이관호현태봉   1 214 6 718 1 6 316  1임다빈51056.076강자하51 48 488371.057.027.01327 7213910202614392321142424294329→↗추13.936.638.813.4778337.839.6 88.0 89.7 85 69 4638   14.40   14.70 6  3  0HN동54.95161412 -.4 2.4 2.0818112 0전개최상작전마주79기 1 410    10 8 8⑨1:28.01    1.714.339.214.6  4 -2  .09 9 5  0 1.86983557432 3 2 8 6013 4.02 9.08 2.8 5.2  7.5   14.1   35.3   34.7  .03786 3 7 8 3▲  .939.50  .5714.2988.18 6.8916.6027.03 3 817 7.7716.6728.09 7
20260524일10140011국252 3102 3혼전 4451맑음다습101011쏘아라스타      투아너앤블루엠파 5932.00한수 4 0 1 2 1  101      495002등이관호현태봉   1 313 5 618 1 6 315  1유승완51256.069강자하94 99 999285.065.043.01860 8213910202622 02321152722294329→↘입13.936.638.813.4778537.740.7 88.5 90.7 85 85 3854   13.80   13.3012 -4  4UN동54.95161412 -.4 2.4 2.0818112 0뒷심문제전개최상40기 0 1 9     6 6 7⑩1:28.52½  3.114.439.614.7  5  0  .0310 5 -2 3.28577818912 2 2 1 10 1 3.02 9.04 3.9 7.1  5.3    7.1   17.4    7.810.55495 4 9 9 4☆ 1.439.70  .1515.2788.1817.2331.7542.9912264017.5632.1842.30 1
20260302월10140011국243 6 92 4혼전 4451비  다습111011쏘아라스타      투아너앤블루엠파 5932.00한수 4 0 1 1 2  229      495002등이관호현태봉   1 412 4 51812 5 314  1임다빈51252.576강자하67 64 648266.058.030.22050 8215016202614392321142424333333→→추13.836.538.913.4807637.038.6 86.8 88.1 83 75 5033   14.00   14.20 4 -4  0NU동55.35171412 -.4 2.4 2.0818112 0연대우수작전마주62기 0 5 4     5 4 1①1:26.81¾  -.313.838.113.3 -6 -9  .00 1 7  4  .02046211795 4 2 6 6212 7.04 5.10 3.2 7.0 12.8   26.3   49.1  177.812.73281 2 7 9 2▲  .739.20  .5012.7088.18 9.5720.0830.21 5122211.2019.8431.25 5
20260131토11140011국214 4 62 5혼전 4451맑음건조 21011쏘아라스타      투아너앤블루엠파 5932.00한수 4 0 1 9 1   53      495002등이관호현태봉   1 511 3 41811 5 313  1임다빈52152.576강자보88 87 878265.056.026.91327 7213910202614392321142424333333→↗추13.836.538.813.4798037.140.0 87.9 89.3 83 75 4233   14.10   13.80 4 -1 -2NU동55.35171412 -.8 2.4 1.6909012 0연대우수연대우수 5기 0 9 8     8 7 9⑧1:27.93    1.714.038.914.2  5  6  .05 8 3  1 2.76254676932 3 3 5 5011 1.02 5.04 2.1 6.1  2.1    6.1   10.4   15.3  .03772 0 7 7 0―  .639.50  .6314.0288.11 8.6216.8726.88 61325 8.5317.4927.82 6
20260103토11140011국254 6102 6혼전 4451흐림다습131011쏘아라스타      투아너앤블루엠파 5932.00한수 4 0 1 1 1   7417:55 495002등이관호현태봉   1 610 2 31810 5 312  1임다빈51554.076강자보97 99 998078.061.031.51327 7213910202614392321142424333333→↗추13.936.538.913.4828037.139.3 86.8 88.7 91 73 5536   13.60   13.10 5  4 -3BHUP55.35171412 -.8 2.4 1.6909014 2연대우수연대우수 5   010 8     7 4 3④1:26.81½  1.214.138.613.8  2 -3  .00 4 2 -3 1.64455474948 4 4 2 5010 1.03 6.09     5.6  3.2    7.9   15.2  169.010.53779 2 8 9 2▲  .839.40  .4413.3488.1810.2920.1631.51 8172813.1923.5335.89 4
20251130일 7120013국254 1 52 7혼전 4451흐림다습101011쏘아라스타      투아너앤블루엠파 6627.00한수 3 0 1 9 1   9315:151100002등이관호현태봉   1 7 9 1 818 9 5 311  1임다빈51857.075강자보97 99 998672.054.017.71327 7213910202614392321142424333333→↗추13.936.838.013.3759636.637.6 72.7 74.9 90 70 5050   13.40   13.60 6  0  0NLDN55.35171412 -.4 1.6 1.2919114-2유망전력연대우수 5   0 6 7     9 6 5③1:12.7머리  .013.637.113.1 -2 -2  .00 3 5  3 1.0121712 385 8 3 2 83 9 6.02 8.05     5.0 16.9   27.9   69.6  102.210.53771 0 7 7 0―  .238.40  .99  .1075.39 4.5910.7317.73 2 714 9.8719.8127.86 6
20251018토 9140011국353 4102 8혼전 4451흐림포화191011쏘아라스타      투아너앤블루엠파 5932.00한수 3 0 1 2 2  212      41250국3이관호현태봉   1 8 8 1 218 8 4 310  1임다빈52057.076강자상98 98 988482.065.032.82050 8215016202614392321142424204040→→추13.936.738.813.3708736.239.3 85.6 87.8 89 78 4467   13.70   13.50 5  0  5NB동54.95161412  .2 1.4 1.6909014 0전개최상마방선전50기 1 6 2     2 2 1①1:25.6¾   -.113.438.213.6 -1 -4  .00 1 2  0  .010 8481491 5 2 1 31 8 2.08 6.07 3.1 7.0  3.8   52.4   74.1  164.810.53588 3 9 9 3★ 1.239.00  .3512.3088.2511.5122.3632.8312264014.1827.2438.33 2
20250913토101400 8국441 3 42 9 2강 2251맑음포화171011쏘아라스타      투아너앤블루엠파 5932.00한수 3 0 1 2 2  296      41250혼3이관호현태봉   1 9 7 4 118 7 3 3 9  1임다빈52452.576강자보97 99 999394.070.063.42050 8215016202614392321142424252550→→추13.936.738.913.2718036.838.4 85.0 87.2 88 75 5063   13.80   13.40 4 -4 -4NUUP55.55141412  .0 1.6 1.6909012 2여유우승전개최상70기 1 6 3     3 3 2①1:25.0½    .013.737.413.5 -1  9  .00 1 2  1  .0 33218 886 2 4 1 12 7 2.04 6.07 1.8 3.4  4.1   15.9   25.9    5.9  .06496 4 9 9 4☆ 2.038.80 -.5011.6088.3227.9550.3963.3838587030.8355.5171.56 1
20250817일 7120011국452 410210 1강 1151맑음양호 71011쏘아라스타      투아너앤블루엠파 6627.00한수 3 0 1 2 2  37315:15 33000국4이관호현태봉   110 6 3 718 6 2 3 8  1임다빈51556.077우자하84 82 828590.065.044.62050 821501620261439232114242433 067→→추13.936.938.213.2708936.737.2 73.7 74.0 86 71 4357   14.10   12.50 3  4  2BN동55.35141312 1.4 1.6 3.0727212 0연대우수마방선전42기 010 5     5 3 1①1:13.77   -1.213.837.613.4  0  4  .00 1 1  0  .0 119 4 196 5 2 2 32 6 1.0210.07     5.1  2.1    5.1    7.9   23.412.03285 2 9 9 2▲ 1.438.00  .04-1.1475.5615.4831.7144.5813294328.3251.1054.34 1
20250726토 5120011국413 2 6211혼전 4451맑음건조 41011쏘아라스타      투아너앤블루엠파 6627.00한수 3 0 1 9 3  43014:30 33000국4이관호현태봉   111 5 2 618 5 2 3 7  1임다빈51154.077우자보78 89 898078.062.034.51846 515261220261439232114242433 067↗→추13.936.838.213.2768738.036.6 74.0 75.3 86 71 4357   13.90   13.20 6  1  1NN동55.35141312 1.6 1.4 3.0727212 0전개최상연대우수49기 1 6 7     7 5 6④1:14.0½    .614.136.712.5  3  3  .09 4 1 -1  .72082 1 763 4 3 2 40 5 4.0311.08     7.0  7.5   19.7   41.3   33.310.53776 0 8 8 0▲  .838.50  .39  .2875.5010.8921.7934.53 8172817.1229.6942.13 2
20250614토 6120011국414 1 6212혼전 4451맑음건조 31011쏘아라스타      투아너앤블루엠파 6627.00한수 3 0 1 2 3  54915:35 33000국4이관호현태봉   112 4 1 518 4 2 2 6  1임다빈50853.577우자보84 90 909284.060.030.01846 515261220261439232114242433 067↗→추13.936.738.213.2858537.237.8 73.8 75.7 83 83 5050   14.10   12.80 6  3 -4NU동55.35141312 1.2 2.0 3.2707012 0전개최상전개최상69기 3 5 8     5 5 3②1:13.87     .013.937.613.2  0 -9  .00 2 2  1 1.23447151486 2 2 2 53 4 7.02 9.05     5.4 23.2   59.7  175.0  139.110.54191 2 8 7 2▲  .838.80  .59  .8075.45 8.4718.0129.96 4111817.2930.1942.20 2
20250504일 3120011국513 4 1213 1강 1151맑음포화151011쏘아라스타      투아너앤블루엠파 6627.00한수 3 0 1 1 4  66511:25 24750국5이관호현태봉   113 3 4 418 3 1 2 5  1임다빈51757.082우선적76 81 819995.069.077.31946 42152 620261439232114242450 050↘↗추13.936.838.513.4828337.537.5 74.4 75.1 80 80 6040   13.80   13.40 4 -8  0UL동54.55121312 1.0 2.3 3.3666612 0전개최상전개최상 1기 1 2 7     5 5 5①1:14.41¼  -.214.137.412.8  0  3  .00 1 1  0  .01564 81490 1 4 3 13 3 1.10 2.04     2.7  1.5  146.3  177.5  294.2  .04595 3 9 9 3★ 1.638.50 -.99 -.2075.6739.7864.2477.3033536643.5668.7579.72 1
20250406일 5120010국523 2 7214 1강 1151맑음포화181011쏘아라스타      투아너앤블루엠파 6627.00한수 3 0 1 1 4  74713:35 24750국5이관호현태봉   114 2 3 318 2 1 2 4  1임다빈51457.082기도적81 82 829895.072.083.11946 42152 620261439232114242450 050↘↗추13.836.738.513.2898936.438.7 73.9 75.5 75 75 5050   14.00   13.30 5  4  3VB동54.55121312 2.0 2.0 4.0606012 0전개최상전개최상 1기 110 6     5 1 1③1:13.9코    .013.838.513.4  2  4  .00 3 1 -2  .428 9481879 1 4 1 12 2 4.03 5.03     3.2 10.3   29.5   66.3   14.1  .04996 4 9 9 4☆ 2.138.70-1.10  .3275.6147.7070.8183.1338607143.5669.8482.31 1
20250301토 5120011국553 210215혼전 4453흐림건조 31011쏘아라스타      투아너앤블루엠파 6627.00한수 3 0 1 1 5  86214:25 24750국5이관호현태봉   115 1 2 218 1 0 2 3  1임다빈51054.075강도적54 51 519663.063.043.425421927631420261439232114242499 0 0↗↘추13.836.738.113.3919137.337.6 75.0 75.3 67 67 6733   14.10   15.20 5 -2  1NNDN55.05141313 -.5 2.5 2.0858512-1전개최상전개최상 1기 2 6 5     5 5 3①1:15.0코    .014.038.013.3 -2 -1  .00 1 3  2  .02054121378 4 2 6 33 1 3.01 6.05     5.1  6.2    5.1   12.7   10.0  .04192 3 8 9 3▲ 1.138.60  .27  .4775.3917.3730.9143.4012264013.4129.2432.77 3
